date,target_date,actual_var,pred_var,model,split
2023-01-03,2023-01-04,0.0549535930877402,4.362114533431006,Calibrated-Hybrid-LogTarget-Small-scale_mean,test
2023-01-04,2023-01-05,0.8117646910153878,2.7427518989227377,Calibrated-Hybrid-LogTarget-Small-scale_mean,test
2023-01-05,2023-01-06,0.172811729353928,2.4639408223946053,Calibrated-Hybrid-LogTarget-Small-scale_mean,test
2023-01-06,2023-01-09,0.0692225607636781,2.364154293118376,Calibrated-Hybrid-LogTarget-Small-scale_mean,test
2023-01-09,2023-01-10,0.0066603499297191,2.3125802774535305,Calibrated-Hybrid-LogTarget-Small-scale_mean,test
2023-01-10,2023-01-11,0.0522271097766636,2.153561024369459,Calibrated-Hybrid-LogTarget-Small-scale_mean,test
2023-01-11,2023-01-12,0.0035587018238326,2.168754179815678,Calibrated-Hybrid-LogTarget-Small-scale_mean,test
2023-01-12,2023-01-13,0.1275802197397324,1.8125450079767749,Calibrated-Hybrid-LogTarget-Small-scale_mean,test
2023-01-13,2023-01-16,0.374758039143315,1.8687880313003966,Calibrated-Hybrid-LogTarget-Small-scale_mean,test
2023-01-16,2023-01-17,4.022686466488597,1.6534850835762478,Calibrated-Hybrid-LogTarget-Small-scale_mean,test
2023-01-17,2023-01-18,0.8349687871773404,1.945363866850048,Calibrated-Hybrid-LogTarget-Small-scale_mean,test
2023-01-18,2023-01-19,0.7891600724610666,1.4933089457247308,Calibrated-Hybrid-LogTarget-Small-scale_mean,test
2023-01-19,2023-01-27,0.6572756271765033,1.3902472455325068,Calibrated-Hybrid-LogTarget-Small-scale_mean,test
2023-01-27,2023-01-30,1.7140630852404162,1.305803921352802,Calibrated-Hybrid-LogTarget-Small-scale_mean,test
2023-01-30,2023-01-31,0.6050810133388357,1.7989448459052437,Calibrated-Hybrid-LogTarget-Small-scale_mean,test
2023-01-31,2023-02-01,10.368357126316685,1.7548948414139836,Calibrated-Hybrid-LogTarget-Small-scale_mean,test
2023-02-01,2023-02-02,0.0226347776228954,3.275020551860776,Calibrated-Hybrid-LogTarget-Small-scale_mean,test
2023-02-02,2023-02-03,0.0016679215067438,2.4966406777267522,Calibrated-Hybrid-LogTarget-Small-scale_mean,test
2023-02-03,2023-02-06,1.256067923688864,2.3189221783819054,Calibrated-Hybrid-LogTarget-Small-scale_mean,test
2023-02-06,2023-02-07,4.736232587067869,2.447338416684691,Calibrated-Hybrid-LogTarget-Small-scale_mean,test
2023-02-07,2023-02-08,0.3561755878073738,2.962433901849409,Calibrated-Hybrid-LogTarget-Small-scale_mean,test
2023-02-08,2023-02-09,0.5879330834697908,2.501461308505818,Calibrated-Hybrid-LogTarget-Small-scale_mean,test
2023-02-09,2023-02-10,0.6787287097613596,2.474892084809657,Calibrated-Hybrid-LogTarget-Small-scale_mean,test
2023-02-10,2023-02-13,1.2216869517708149,2.7166276580696747,Calibrated-Hybrid-LogTarget-Small-scale_mean,test
2023-02-13,2023-02-14,0.2361888824871934,3.1350795932130104,Calibrated-Hybrid-LogTarget-Small-scale_mean,test
2023-02-14,2023-02-15,0.8394668425834446,2.680494931536623,Calibrated-Hybrid-LogTarget-Small-scale_mean,test
2023-02-15,2023-02-16,0.9177621933014196,2.8588725684174743,Calibrated-Hybrid-LogTarget-Small-scale_mean,test
2023-02-16,2023-02-17,0.0092805250097098,2.3531470899761993,Calibrated-Hybrid-LogTarget-Small-scale_mean,test
2023-02-17,2023-02-20,6.512002780573765,1.8761084114009712,Calibrated-Hybrid-LogTarget-Small-scale_mean,test
2023-02-20,2023-02-21,0.1691390418565458,2.7198781129662635,Calibrated-Hybrid-LogTarget-Small-scale_mean,test
2023-02-21,2023-02-22,6.846416409130559,2.0775551015039753,Calibrated-Hybrid-LogTarget-Small-scale_mean,test
2023-02-22,2023-02-23,0.0034604047962046,3.3309727578025194,Calibrated-Hybrid-LogTarget-Small-scale_mean,test
2023-02-23,2023-02-24,1.8150207850841689,2.6452818687939192,Calibrated-Hybrid-LogTarget-Small-scale_mean,test
2023-02-24,2023-02-27,3.1577928002505518,3.0707762648952523,Calibrated-Hybrid-LogTarget-Small-scale_mean,test
2023-02-27,2023-02-28,0.1124261928232939,3.852118678075471,Calibrated-Hybrid-LogTarget-Small-scale_mean,test
2023-02-28,2023-03-01,2.362077222441523,3.1014975507946403,Calibrated-Hybrid-LogTarget-Small-scale_mean,test
2023-03-01,2023-03-02,0.0800566234507277,3.4641653405277095,Calibrated-Hybrid-LogTarget-Small-scale_mean,test
2023-03-02,2023-03-03,1.5504718457013609,2.6096234696687013,Calibrated-Hybrid-LogTarget-Small-scale_mean,test
2023-03-03,2023-03-06,0.0551773612932756,3.0213857882639488,Calibrated-Hybrid-LogTarget-Small-scale_mean,test
2023-03-06,2023-03-07,1.0659420423683896,2.626492714252943,Calibrated-Hybrid-LogTarget-Small-scale_mean,test
2023-03-07,2023-03-08,1.180976964777076,2.6794590236238434,Calibrated-Hybrid-LogTarget-Small-scale_mean,test
2023-03-08,2023-03-09,0.4136971055728827,2.3510210308547714,Calibrated-Hybrid-LogTarget-Small-scale_mean,test
2023-03-09,2023-03-10,0.078265798957639,1.9635438723689782,Calibrated-Hybrid-LogTarget-Small-scale_mean,test
2023-03-10,2023-03-13,0.0003608159625681,1.6233581899325686,Calibrated-Hybrid-LogTarget-Small-scale_mean,test
2023-03-13,2023-03-14,1.4659340258862177,1.6429191569788988,Calibrated-Hybrid-LogTarget-Small-scale_mean,test
2023-03-14,2023-03-15,4.404587524685249,2.11937880159465,Calibrated-Hybrid-LogTarget-Small-scale_mean,test
2023-03-15,2023-03-16,1.966140070411206,2.515410820626378,Calibrated-Hybrid-LogTarget-Small-scale_mean,test
2023-03-16,2023-03-17,0.0466583815583474,2.248082220451201,Calibrated-Hybrid-LogTarget-Small-scale_mean,test
2023-03-17,2023-03-20,4.542701346022625,2.0040183190570495,Calibrated-Hybrid-LogTarget-Small-scale_mean,test
2023-03-20,2023-03-21,0.8241032078763476,3.0422853501799807,Calibrated-Hybrid-LogTarget-Small-scale_mean,test
2023-03-21,2023-03-22,0.6122377400151076,2.753956643909578,Calibrated-Hybrid-LogTarget-Small-scale_mean,test
2023-03-22,2023-03-23,0.1912107767600162,2.5640882720802076,Calibrated-Hybrid-LogTarget-Small-scale_mean,test
2023-03-23,2023-03-24,0.0261069358389794,2.138585199896231,Calibrated-Hybrid-LogTarget-Small-scale_mean,test
2023-03-24,2023-03-27,0.2706486133246383,1.944947641100176,Calibrated-Hybrid-LogTarget-Small-scale_mean,test
2023-03-27,2023-03-28,0.0375129464792075,1.9223934990042855,Calibrated-Hybrid-LogTarget-Small-scale_mean,test
2023-03-28,2023-03-29,0.0373680554186715,1.8855423299357523,Calibrated-Hybrid-LogTarget-Small-scale_mean,test
2023-03-29,2023-03-30,0.0864260143113033,1.5274954150462763,Calibrated-Hybrid-LogTarget-Small-scale_mean,test
2023-03-30,2023-03-31,0.2397323675517269,1.6276468158448487,Calibrated-Hybrid-LogTarget-Small-scale_mean,test
2023-03-31,2023-04-03,1.8652562093058924,1.6026115478907363,Calibrated-Hybrid-LogTarget-Small-scale_mean,test
2023-04-03,2023-04-04,0.0059186412860023,1.8638649201693307,Calibrated-Hybrid-LogTarget-Small-scale_mean,test
2023-04-04,2023-04-05,0.0498269661847383,1.5895821498569127,Calibrated-Hybrid-LogTarget-Small-scale_mean,test
2023-04-05,2023-04-06,0.8553042836437406,1.53589976557959,Calibrated-Hybrid-LogTarget-Small-scale_mean,test
2023-04-06,2023-04-07,0.0125702355791553,1.9334430322597074,Calibrated-Hybrid-LogTarget-Small-scale_mean,test
2023-04-07,2023-04-10,0.1668068990512428,1.5754985033744713,Calibrated-Hybrid-LogTarget-Small-scale_mean,test
2023-04-10,2023-04-11,0.1482607699784405,1.8300875584718392,Calibrated-Hybrid-LogTarget-Small-scale_mean,test
2023-04-11,2023-04-12,8.743291732272662e-07,1.6684353134380894,Calibrated-Hybrid-LogTarget-Small-scale_mean,test
2023-04-12,2023-04-13,0.2330177840007939,1.5594896109762955,Calibrated-Hybrid-LogTarget-Small-scale_mean,test
2023-04-13,2023-04-14,1.1617696349612645,1.5378249178697803,Calibrated-Hybrid-LogTarget-Small-scale_mean,test
2023-04-14,2023-04-17,0.0076283447272982,1.8673900724506018,Calibrated-Hybrid-LogTarget-Small-scale_mean,test
2023-04-17,2023-04-18,0.0131688449679895,1.3956597363233596,Calibrated-Hybrid-LogTarget-Small-scale_mean,test
2023-04-18,2023-04-19,0.3296437026732272,1.431788204347977,Calibrated-Hybrid-LogTarget-Small-scale_mean,test
2023-04-19,2023-04-20,0.0006623405434785,1.4602350042103733,Calibrated-Hybrid-LogTarget-Small-scale_mean,test
2023-04-20,2023-04-21,0.3673257523211698,1.266596637036816,Calibrated-Hybrid-LogTarget-Small-scale_mean,test
2023-04-21,2023-04-24,0.0221215519921837,1.4310012331951656,Calibrated-Hybrid-LogTarget-Small-scale_mean,test
2023-04-24,2023-04-25,0.3932622485353985,1.3629939090274956,Calibrated-Hybrid-LogTarget-Small-scale_mean,test
2023-04-25,2023-04-26,0.328691182889417,1.4473760456323566,Calibrated-Hybrid-LogTarget-Small-scale_mean,test
2023-04-26,2023-04-27,0.0126510214171176,1.371506630838435,Calibrated-Hybrid-LogTarget-Small-scale_mean,test
2023-04-27,2023-04-28,0.8257060505705139,1.3208736495622808,Calibrated-Hybrid-LogTarget-Small-scale_mean,test
2023-04-28,2023-05-04,0.663351259487948,1.4795162485016966,Calibrated-Hybrid-LogTarget-Small-scale_mean,test
2023-05-04,2023-05-05,0.0008313650023289,1.5108874644474632,Calibrated-Hybrid-LogTarget-Small-scale_mean,test
2023-05-05,2023-05-08,1.5730813455266768,1.3476670864007534,Calibrated-Hybrid-LogTarget-Small-scale_mean,test
2023-05-08,2023-05-09,0.0009810073041391,1.6689553007385656,Calibrated-Hybrid-LogTarget-Small-scale_mean,test
2023-05-09,2023-05-10,0.1807814295588449,1.3851547509096143,Calibrated-Hybrid-LogTarget-Small-scale_mean,test
2023-05-10,2023-05-11,0.0116169732719969,1.5112843029090075,Calibrated-Hybrid-LogTarget-Small-scale_mean,test
2023-05-11,2023-05-12,0.8480601097426534,1.5339431937983399,Calibrated-Hybrid-LogTarget-Small-scale_mean,test
2023-05-12,2023-05-15,0.0124546383596074,1.6674105337920913,Calibrated-Hybrid-LogTarget-Small-scale_mean,test
2023-05-15,2023-05-16,0.0003521278803455,1.6381067119847694,Calibrated-Hybrid-LogTarget-Small-scale_mean,test
2023-05-16,2023-05-17,0.2647079940558091,1.4743317247460916,Calibrated-Hybrid-LogTarget-Small-scale_mean,test
2023-05-17,2023-05-18,0.5467189046851431,1.6617854865476447,Calibrated-Hybrid-LogTarget-Small-scale_mean,test
2023-05-18,2023-05-19,0.0134881726921275,1.5374795760781848,Calibrated-Hybrid-LogTarget-Small-scale_mean,test
2023-05-19,2023-05-22,0.1115577260954784,1.5193781095163075,Calibrated-Hybrid-LogTarget-Small-scale_mean,test
2023-05-22,2023-05-23,0.2010623455676166,1.4557272039776212,Calibrated-Hybrid-LogTarget-Small-scale_mean,test
2023-05-23,2023-05-24,0.1456521231551851,1.4917558496017662,Calibrated-Hybrid-LogTarget-Small-scale_mean,test
2023-05-24,2023-05-25,0.0713508401309495,1.5242736102680858,Calibrated-Hybrid-LogTarget-Small-scale_mean,test
2023-05-25,2023-05-26,0.006683379548905,1.4393605154176374,Calibrated-Hybrid-LogTarget-Small-scale_mean,test
2023-05-26,2023-05-29,1.1008741895280585,1.4235847302445432,Calibrated-Hybrid-LogTarget-Small-scale_mean,test
2023-05-29,2023-05-30,0.0813274524532,1.6555588056975474,Calibrated-Hybrid-LogTarget-Small-scale_mean,test
2023-05-30,2023-05-31,0.0715597269351419,1.6089992646154554,Calibrated-Hybrid-LogTarget-Small-scale_mean,test
2023-05-31,2023-06-01,0.0894248931377806,1.6398616342421197,Calibrated-Hybrid-LogTarget-Small-scale_mean,test
2023-06-01,2023-06-02,1.3176407801372392,1.5939926422703814,Calibrated-Hybrid-LogTarget-Small-scale_mean,test
2023-06-02,2023-06-05,0.4068339428608296,1.8869943679360934,Calibrated-Hybrid-LogTarget-Small-scale_mean,test
2023-06-05,2023-06-06,0.9043890866960916,1.7523991907477368,Calibrated-Hybrid-LogTarget-Small-scale_mean,test
2023-06-06,2023-06-07,0.0123028566285396,1.6217794529018958,Calibrated-Hybrid-LogTarget-Small-scale_mean,test
2023-06-07,2023-06-08,0.5529490855904797,1.6396356671334846,Calibrated-Hybrid-LogTarget-Small-scale_mean,test
2023-06-08,2023-06-09,0.3161644467066298,2.0086462036655472,Calibrated-Hybrid-LogTarget-Small-scale_mean,test
2023-06-09,2023-06-12,0.5831574033164091,1.7185604445158813,Calibrated-Hybrid-LogTarget-Small-scale_mean,test
2023-06-12,2023-06-13,0.3310759893352936,1.6153772012870522,Calibrated-Hybrid-LogTarget-Small-scale_mean,test
2023-06-13,2023-06-14,0.2025223817587841,1.7085489155490048,Calibrated-Hybrid-LogTarget-Small-scale_mean,test
2023-06-14,2023-06-15,0.0016224341258812,1.6709265161598346,Calibrated-Hybrid-LogTarget-Small-scale_mean,test
2023-06-15,2023-06-16,0.024585211583996,1.4676958191635272,Calibrated-Hybrid-LogTarget-Small-scale_mean,test
2023-06-16,2023-06-19,0.7822402072538185,1.875917871654927,Calibrated-Hybrid-LogTarget-Small-scale_mean,test
2023-06-19,2023-06-20,0.3250259985876756,1.6783842492685221,Calibrated-Hybrid-LogTarget-Small-scale_mean,test
2023-06-20,2023-06-21,0.3653445181035127,1.488804818944759,Calibrated-Hybrid-LogTarget-Small-scale_mean,test
2023-06-21,2023-06-22,0.3717252672960691,1.6866721092320471,Calibrated-Hybrid-LogTarget-Small-scale_mean,test
2023-06-22,2023-06-23,0.1309819466607628,1.6530349438197316,Calibrated-Hybrid-LogTarget-Small-scale_mean,test
2023-06-23,2023-06-26,0.0549279663710728,1.5872415522322967,Calibrated-Hybrid-LogTarget-Small-scale_mean,test
2023-06-26,2023-06-27,0.0411962958640958,1.651220846775614,Calibrated-Hybrid-LogTarget-Small-scale_mean,test
2023-06-27,2023-06-28,0.1251516048900254,1.3342030320051275,Calibrated-Hybrid-LogTarget-Small-scale_mean,test
2023-06-28,2023-06-29,1.3110715533307906,1.4133380299621205,Calibrated-Hybrid-LogTarget-Small-scale_mean,test
2023-06-29,2023-06-30,0.2153197174085333,1.6922407840162483,Calibrated-Hybrid-LogTarget-Small-scale_mean,test
2023-06-30,2023-07-03,0.2244859363593752,1.378946528219955,Calibrated-Hybrid-LogTarget-Small-scale_mean,test
2023-07-03,2023-07-04,0.331614557206894,1.3180736686017847,Calibrated-Hybrid-LogTarget-Small-scale_mean,test
2023-07-04,2023-07-05,0.0534448088033697,1.4327522018962022,Calibrated-Hybrid-LogTarget-Small-scale_mean,test
2023-07-05,2023-07-06,0.5521828368120864,1.4246315130471587,Calibrated-Hybrid-LogTarget-Small-scale_mean,test
2023-07-06,2023-07-07,1.0955709924740076,1.6320537738291854,Calibrated-Hybrid-LogTarget-Small-scale_mean,test
2023-07-07,2023-07-10,0.9169134777331625,1.5865624195057986,Calibrated-Hybrid-LogTarget-Small-scale_mean,test
2023-07-10,2023-07-11,0.057144157007868,1.6758243918768756,Calibrated-Hybrid-LogTarget-Small-scale_mean,test
2023-07-11,2023-07-12,0.0444186703613796,1.5887461373235476,Calibrated-Hybrid-LogTarget-Small-scale_mean,test
2023-07-12,2023-07-13,0.9358770339385756,1.3663742979466564,Calibrated-Hybrid-LogTarget-Small-scale_mean,test
2023-07-13,2023-07-14,0.0652166185346891,1.499911884313697,Calibrated-Hybrid-LogTarget-Small-scale_mean,test
2023-07-14,2023-07-17,0.1632239943294482,1.6321506655816882,Calibrated-Hybrid-LogTarget-Small-scale_mean,test
2023-07-17,2023-07-18,0.0066910598075562,1.518350940478639,Calibrated-Hybrid-LogTarget-Small-scale_mean,test
2023-07-18,2023-07-19,0.0089465157105592,1.382727750475241,Calibrated-Hybrid-LogTarget-Small-scale_mean,test
2023-07-19,2023-07-20,0.0002100775164203,1.4337982050845364,Calibrated-Hybrid-LogTarget-Small-scale_mean,test
2023-07-20,2023-07-21,1.2319670859049314,1.327672434771776,Calibrated-Hybrid-LogTarget-Small-scale_mean,test
2023-07-21,2023-07-24,0.164526463877313,1.6373384750514324,Calibrated-Hybrid-LogTarget-Small-scale_mean,test
2023-07-24,2023-07-25,0.1884318549081098,1.6634551214485482,Calibrated-Hybrid-LogTarget-Small-scale_mean,test
2023-07-25,2023-07-26,0.1699312574616927,1.5567972353131707,Calibrated-Hybrid-LogTarget-Small-scale_mean,test
2023-07-26,2023-07-27,0.0856869950327944,1.4580443663385119,Calibrated-Hybrid-LogTarget-Small-scale_mean,test
2023-07-27,2023-07-28,0.7393945741890614,1.7095146074220646,Calibrated-Hybrid-LogTarget-Small-scale_mean,test
2023-07-28,2023-07-31,1.5705613280253743,1.805478994935849,Calibrated-Hybrid-LogTarget-Small-scale_mean,test
2023-07-31,2023-08-01,0.191513989792846,1.9626632544197182,Calibrated-Hybrid-LogTarget-Small-scale_mean,test
2023-08-01,2023-08-02,0.0554319741987418,1.9462418270361437,Calibrated-Hybrid-LogTarget-Small-scale_mean,test
2023-08-02,2023-08-03,0.6081005379926719,1.5419941919121636,Calibrated-Hybrid-LogTarget-Small-scale_mean,test
2023-08-03,2023-08-04,1.5216082607669985,1.796097049338234,Calibrated-Hybrid-LogTarget-Small-scale_mean,test
2023-08-04,2023-08-07,1.5663427455149326,2.040221110035851,Calibrated-Hybrid-LogTarget-Small-scale_mean,test
2023-08-07,2023-08-08,0.0042545072808971,2.069001113137479,Calibrated-Hybrid-LogTarget-Small-scale_mean,test
2023-08-08,2023-08-09,0.4429341513499315,1.9159397796115558,Calibrated-Hybrid-LogTarget-Small-scale_mean,test
2023-08-09,2023-08-10,1.18855521360565,1.9019807279751813,Calibrated-Hybrid-LogTarget-Small-scale_mean,test
2023-08-10,2023-08-11,0.8946457187409982,2.042727015223031,Calibrated-Hybrid-LogTarget-Small-scale_mean,test
2023-08-11,2023-08-14,0.1406576061529025,2.0446276580930345,Calibrated-Hybrid-LogTarget-Small-scale_mean,test
2023-08-14,2023-08-15,0.0509990332423939,1.957175624179271,Calibrated-Hybrid-LogTarget-Small-scale_mean,test
2023-08-15,2023-08-16,0.5528693854620391,1.6770022726492027,Calibrated-Hybrid-LogTarget-Small-scale_mean,test
2023-08-16,2023-08-17,0.6237080926504832,1.6957565648477722,Calibrated-Hybrid-LogTarget-Small-scale_mean,test
2023-08-17,2023-08-18,21.187467781738864,1.8679958931896696,Calibrated-Hybrid-LogTarget-Small-scale_mean,test
2023-08-18,2023-08-21,0.0225429724444894,3.116997781699239,Calibrated-Hybrid-LogTarget-Small-scale_mean,test
2023-08-21,2023-08-22,0.0038263943505654,2.4272888067709193,Calibrated-Hybrid-LogTarget-Small-scale_mean,test
2023-08-22,2023-08-23,0.4543048185096983,2.313114471191646,Calibrated-Hybrid-LogTarget-Small-scale_mean,test
2023-08-23,2023-08-24,2.030960720400387,2.092261925674072,Calibrated-Hybrid-LogTarget-Small-scale_mean,test
2023-08-24,2023-08-25,0.2574822009117362,2.2102947669276953,Calibrated-Hybrid-LogTarget-Small-scale_mean,test
2023-08-25,2023-08-28,2.3677711449578327,1.9738988353776068,Calibrated-Hybrid-LogTarget-Small-scale_mean,test
2023-08-28,2023-08-29,0.0507403600472885,2.0515758728170015,Calibrated-Hybrid-LogTarget-Small-scale_mean,test
2023-08-29,2023-08-30,0.521587233427783,1.9220249189509648,Calibrated-Hybrid-LogTarget-Small-scale_mean,test
2023-08-30,2023-08-31,0.798611626583033,1.881833611956863,Calibrated-Hybrid-LogTarget-Small-scale_mean,test
2023-08-31,2023-09-05,0.790275250555677,1.8757852656242826,Calibrated-Hybrid-LogTarget-Small-scale_mean,test
2023-09-05,2023-09-06,0.7194907575034776,1.7461493522850917,Calibrated-Hybrid-LogTarget-Small-scale_mean,test
2023-09-06,2023-09-07,0.0359716287929884,1.7262410680714548,Calibrated-Hybrid-LogTarget-Small-scale_mean,test
2023-09-07,2023-09-08,0.0178548556372743,1.7058389319398566,Calibrated-Hybrid-LogTarget-Small-scale_mean,test
2023-09-08,2023-09-11,2.097389099277001,1.5766372557523116,Calibrated-Hybrid-LogTarget-Small-scale_mean,test
2023-09-11,2023-09-12,3.1212396050656377,2.1252885425456616,Calibrated-Hybrid-LogTarget-Small-scale_mean,test
2023-09-12,2023-09-13,0.3222528903899724,1.9653330022230728,Calibrated-Hybrid-LogTarget-Small-scale_mean,test
2023-09-13,2023-09-14,1.4026151894519558,2.0423429110934674,Calibrated-Hybrid-LogTarget-Small-scale_mean,test
2023-09-14,2023-09-15,0.0839016379792105,2.1654347980673077,Calibrated-Hybrid-LogTarget-Small-scale_mean,test
2023-09-15,2023-09-18,1.6257299462595711,1.7720923571615381,Calibrated-Hybrid-LogTarget-Small-scale_mean,test
2023-09-18,2023-09-19,0.000654584074098,1.8335286090116236,Calibrated-Hybrid-LogTarget-Small-scale_mean,test
2023-09-19,2023-09-20,1.4369523878233037,1.821188996023268,Calibrated-Hybrid-LogTarget-Small-scale_mean,test
2023-09-20,2023-09-21,1.2021573804780938,1.783128048593479,Calibrated-Hybrid-LogTarget-Small-scale_mean,test
2023-09-21,2023-09-22,2.67951003310709,1.9270750024131855,Calibrated-Hybrid-LogTarget-Small-scale_mean,test
2023-09-22,2023-09-25,11.541216926620844,2.4136977821364427,Calibrated-Hybrid-LogTarget-Small-scale_mean,test
2023-09-25,2023-09-26,1.7698314100181254,2.9036339907541553,Calibrated-Hybrid-LogTarget-Small-scale_mean,test
2023-09-26,2023-09-27,1.922934467977144,2.6410146352216963,Calibrated-Hybrid-LogTarget-Small-scale_mean,test
2023-09-27,2023-09-28,0.0151639632836694,2.4034569172987994,Calibrated-Hybrid-LogTarget-Small-scale_mean,test
2023-09-28,2023-09-29,0.02224231577349,1.9851554289865367,Calibrated-Hybrid-LogTarget-Small-scale_mean,test
2023-09-29,2023-10-02,0.0090750098350391,1.6868390030900204,Calibrated-Hybrid-LogTarget-Small-scale_mean,test
2023-10-02,2023-10-03,10.683716279206385,1.5367462570368946,Calibrated-Hybrid-LogTarget-Small-scale_mean,test
2023-10-03,2023-10-04,0.8853176884286172,3.059278690966122,Calibrated-Hybrid-LogTarget-Small-scale_mean,test
2023-10-04,2023-10-05,1.7375339257639013,2.383425400410624,Calibrated-Hybrid-LogTarget-Small-scale_mean,test
2023-10-05,2023-10-06,1.7072998751511268,2.432713472983496,Calibrated-Hybrid-LogTarget-Small-scale_mean,test
2023-10-06,2023-10-09,0.6060662073826656,2.43643283462582,Calibrated-Hybrid-LogTarget-Small-scale_mean,test
2023-10-09,2023-10-10,0.3080349756366544,1.976862397511752,Calibrated-Hybrid-LogTarget-Small-scale_mean,test
2023-10-10,2023-10-11,0.3851648462229108,1.7904410127206525,Calibrated-Hybrid-LogTarget-Small-scale_mean,test
2023-10-11,2023-10-12,0.0048291522978458,1.4963939462298153,Calibrated-Hybrid-LogTarget-Small-scale_mean,test
2023-10-12,2023-10-13,0.0732020168306359,1.491064424503065,Calibrated-Hybrid-LogTarget-Small-scale_mean,test
2023-10-13,2023-10-16,1.3440806213781142,1.4635402188039335,Calibrated-Hybrid-LogTarget-Small-scale_mean,test
2023-10-16,2023-10-17,3.052807721519015,1.647408902823583,Calibrated-Hybrid-LogTarget-Small-scale_mean,test
2023-10-17,2023-10-18,2.691074109609036,1.903582596087055,Calibrated-Hybrid-LogTarget-Small-scale_mean,test
2023-10-18,2023-10-19,2.014426845995019,2.4420965583042,Calibrated-Hybrid-LogTarget-Small-scale_mean,test
2023-10-19,2023-10-20,3.37838828040453,2.347268217386134,Calibrated-Hybrid-LogTarget-Small-scale_mean,test
2023-10-20,2023-10-23,1.7351918672263549,2.491924691530864,Calibrated-Hybrid-LogTarget-Small-scale_mean,test
2023-10-23,2023-10-24,1.2652847100550173,2.1646166490226606,Calibrated-Hybrid-LogTarget-Small-scale_mean,test
2023-10-24,2023-10-25,0.1475596920145903,2.077864704412664,Calibrated-Hybrid-LogTarget-Small-scale_mean,test
2023-10-25,2023-10-26,18.362010800338208,1.7783173917027677,Calibrated-Hybrid-LogTarget-Small-scale_mean,test
2023-10-26,2023-10-27,0.2387716417217482,4.155453042069095,Calibrated-Hybrid-LogTarget-Small-scale_mean,test
2023-10-27,2023-10-30,3.0025597858118136,2.933124350141524,Calibrated-Hybrid-LogTarget-Small-scale_mean,test
2023-10-30,2023-10-31,1.8839681619493045,3.811353405247921,Calibrated-Hybrid-LogTarget-Small-scale_mean,test
2023-10-31,2023-11-01,1.230715501580414,3.6595285947905616,Calibrated-Hybrid-LogTarget-Small-scale_mean,test
2023-11-01,2023-11-02,11.467731176476716,3.0731368271297566,Calibrated-Hybrid-LogTarget-Small-scale_mean,test
2023-11-02,2023-11-03,0.0148189440021049,3.685617713447314,Calibrated-Hybrid-LogTarget-Small-scale_mean,test
2023-11-03,2023-11-06,1.4138672012584073,2.3789940269460668,Calibrated-Hybrid-LogTarget-Small-scale_mean,test
2023-11-06,2023-11-07,0.7458390495009208,2.208727966081649,Calibrated-Hybrid-LogTarget-Small-scale_mean,test
2023-11-07,2023-11-08,9.129956144189087,2.1170628916105536,Calibrated-Hybrid-LogTarget-Small-scale_mean,test
2023-11-08,2023-11-09,0.0017061233763225,2.890222361119705,Calibrated-Hybrid-LogTarget-Small-scale_mean,test
2023-11-09,2023-11-10,1.2148681903111338,2.3487392520903616,Calibrated-Hybrid-LogTarget-Small-scale_mean,test
2023-11-10,2023-11-13,0.0213882813414155,2.408505725699993,Calibrated-Hybrid-LogTarget-Small-scale_mean,test
2023-11-13,2023-11-14,0.7643879612116624,2.0518938344346673,Calibrated-Hybrid-LogTarget-Small-scale_mean,test
2023-11-14,2023-11-15,1.309101680363533,2.169803571289098,Calibrated-Hybrid-LogTarget-Small-scale_mean,test
2023-11-15,2023-11-16,0.0726677258555493,2.1856260963813297,Calibrated-Hybrid-LogTarget-Small-scale_mean,test
2023-11-16,2023-11-17,4.779742663796966,1.5718647419137854,Calibrated-Hybrid-LogTarget-Small-scale_mean,test
2023-11-17,2023-11-20,0.0501991268589152,2.570983812539389,Calibrated-Hybrid-LogTarget-Small-scale_mean,test
2023-11-20,2023-11-21,0.3772925570702379,2.0127663173580457,Calibrated-Hybrid-LogTarget-Small-scale_mean,test
2023-11-21,2023-11-22,0.0912767762573235,1.9098747027112093,Calibrated-Hybrid-LogTarget-Small-scale_mean,test
2023-11-22,2023-11-23,5.291901747240125,1.8603109395143198,Calibrated-Hybrid-LogTarget-Small-scale_mean,test
2023-11-23,2023-11-24,0.4250871900618609,2.433839666543666,Calibrated-Hybrid-LogTarget-Small-scale_mean,test
2023-11-24,2023-11-27,0.4781711175817431,2.164540011780942,Calibrated-Hybrid-LogTarget-Small-scale_mean,test
2023-11-27,2023-11-28,0.4557176520002135,1.7953433210848602,Calibrated-Hybrid-LogTarget-Small-scale_mean,test
2023-11-28,2023-11-29,0.4496265629344425,1.8893538515424386,Calibrated-Hybrid-LogTarget-Small-scale_mean,test
2023-11-29,2023-11-30,0.6229744807299576,1.6737194992859563,Calibrated-Hybrid-LogTarget-Small-scale_mean,test
2023-11-30,2023-12-01,0.5347066481770756,1.760336178002154,Calibrated-Hybrid-LogTarget-Small-scale_mean,test
2023-12-01,2023-12-04,2.720585966130201,1.6089139124683438,Calibrated-Hybrid-LogTarget-Small-scale_mean,test
2023-12-04,2023-12-05,0.163386350982878,2.1929456248968067,Calibrated-Hybrid-LogTarget-Small-scale_mean,test
2023-12-05,2023-12-06,0.8703691532467039,1.685775588806561,Calibrated-Hybrid-LogTarget-Small-scale_mean,test
2023-12-06,2023-12-07,0.193176184914791,1.7567084939929256,Calibrated-Hybrid-LogTarget-Small-scale_mean,test
2023-12-07,2023-12-08,0.0690100099875838,2.126811746529428,Calibrated-Hybrid-LogTarget-Small-scale_mean,test
2023-12-08,2023-12-11,0.0088783019772855,1.5642597945474723,Calibrated-Hybrid-LogTarget-Small-scale_mean,test
2023-12-11,2023-12-12,0.0357476055077411,1.356568334563108,Calibrated-Hybrid-LogTarget-Small-scale_mean,test
2023-12-12,2023-12-13,1.4355458045904153,1.2536980000881246,Calibrated-Hybrid-LogTarget-Small-scale_mean,test
2023-12-13,2023-12-14,0.1339218193100039,1.671659297498229,Calibrated-Hybrid-LogTarget-Small-scale_mean,test
2023-12-14,2023-12-15,0.501011926570286,1.4791293387425495,Calibrated-Hybrid-LogTarget-Small-scale_mean,test
2023-12-15,2023-12-18,0.9021057574713134,1.6592032767819098,Calibrated-Hybrid-LogTarget-Small-scale_mean,test
2023-12-18,2023-12-19,0.163207316046184,1.590142579324099,Calibrated-Hybrid-LogTarget-Small-scale_mean,test
2023-12-19,2023-12-20,0.1648341022859622,1.5419710307613084,Calibrated-Hybrid-LogTarget-Small-scale_mean,test
2023-12-20,2023-12-21,0.0229820728280408,1.3429943780953861,Calibrated-Hybrid-LogTarget-Small-scale_mean,test
2023-12-21,2023-12-22,0.003263855536434,1.1958786253880744,Calibrated-Hybrid-LogTarget-Small-scale_mean,test
2023-12-22,2023-12-25,1.728982548756669,1.1700002892732269,Calibrated-Hybrid-LogTarget-Small-scale_mean,test
2023-12-25,2023-12-26,0.1679675706187517,1.3697738477194659,Calibrated-Hybrid-LogTarget-Small-scale_mean,test
2023-12-26,2023-12-27,0.0005368687109465,1.2035213419132034,Calibrated-Hybrid-LogTarget-Small-scale_mean,test
2023-12-27,2023-12-28,0.3802432948523992,1.1622636453330917,Calibrated-Hybrid-LogTarget-Small-scale_mean,test
2023-12-28,2023-12-29,0.0078393746118935,1.2133307552675683,Calibrated-Hybrid-LogTarget-Small-scale_mean,test
2023-12-29,2024-01-02,0.0250562134986935,1.1906646362961992,Calibrated-Hybrid-LogTarget-Small-scale_mean,test
2024-01-02,2024-01-03,1.197029417048885,1.3293232760539293,Calibrated-Hybrid-LogTarget-Small-scale_mean,test
2024-01-03,2024-01-04,0.3258526092006003,1.3313922539533711,Calibrated-Hybrid-LogTarget-Small-scale_mean,test
2024-01-04,2024-01-05,0.1180208232703248,1.6998777416774424,Calibrated-Hybrid-LogTarget-Small-scale_mean,test
2024-01-05,2024-01-08,0.2266269824272246,1.3197229579749619,Calibrated-Hybrid-LogTarget-Small-scale_mean,test
2024-01-08,2024-01-09,0.0190450011331964,1.3540572783315457,Calibrated-Hybrid-LogTarget-Small-scale_mean,test
2024-01-09,2024-01-10,0.0646665738710911,1.3011747609908781,Calibrated-Hybrid-LogTarget-Small-scale_mean,test
2024-01-10,2024-01-11,0.0034252738431133,1.4652799961203544,Calibrated-Hybrid-LogTarget-Small-scale_mean,test
2024-01-11,2024-01-12,0.4213826457560849,1.3105906230098587,Calibrated-Hybrid-LogTarget-Small-scale_mean,test
2024-01-12,2024-01-15,0.0025242702278622,1.6576989563913374,Calibrated-Hybrid-LogTarget-Small-scale_mean,test
2024-01-15,2024-01-16,0.6034028324453893,1.2037222179773015,Calibrated-Hybrid-LogTarget-Small-scale_mean,test
2024-01-16,2024-01-17,0.0025743958188708,1.2407140197269697,Calibrated-Hybrid-LogTarget-Small-scale_mean,test
2024-01-17,2024-01-18,0.3137503773939618,1.2372518265979031,Calibrated-Hybrid-LogTarget-Small-scale_mean,test
2024-01-18,2024-01-19,1.120382144309341,1.157013448988312,Calibrated-Hybrid-LogTarget-Small-scale_mean,test
2024-01-19,2024-01-22,0.0132345962603059,1.2060019246804656,Calibrated-Hybrid-LogTarget-Small-scale_mean,test
2024-01-22,2024-01-23,0.2062692888507807,1.2538356533546131,Calibrated-Hybrid-LogTarget-Small-scale_mean,test
2024-01-23,2024-01-24,0.1485757892019817,1.18476021405549,Calibrated-Hybrid-LogTarget-Small-scale_mean,test
2024-01-24,2024-01-25,0.0492420848338565,1.2360563925281876,Calibrated-Hybrid-LogTarget-Small-scale_mean,test
2024-01-25,2024-01-26,0.2041467089523473,1.1567952694321482,Calibrated-Hybrid-LogTarget-Small-scale_mean,test
2024-01-26,2024-01-29,2.893888078905973e-06,1.1433776215375626,Calibrated-Hybrid-LogTarget-Small-scale_mean,test
2024-01-29,2024-01-30,0.1130691080782245,1.1352460469571333,Calibrated-Hybrid-LogTarget-Small-scale_mean,test
2024-01-30,2024-01-31,1.7132578057426455,1.127489728475207,Calibrated-Hybrid-LogTarget-Small-scale_mean,test
2024-01-31,2024-02-01,0.5554695483427156,1.7233057943909798,Calibrated-Hybrid-LogTarget-Small-scale_mean,test
2024-02-01,2024-02-02,0.0016060494837953,1.3228529913907165,Calibrated-Hybrid-LogTarget-Small-scale_mean,test
2024-02-02,2024-02-05,1.312405125307974,1.4277380163710633,Calibrated-Hybrid-LogTarget-Small-scale_mean,test
2024-02-05,2024-02-06,0.041546270496195,1.5578190286699851,Calibrated-Hybrid-LogTarget-Small-scale_mean,test
2024-02-06,2024-02-07,0.7090694435364681,1.1840584868381658,Calibrated-Hybrid-LogTarget-Small-scale_mean,test
2024-02-07,2024-02-15,0.10935700902328,1.2770326475563063,Calibrated-Hybrid-LogTarget-Small-scale_mean,test
2024-02-15,2024-02-16,0.3563698361907522,1.380409328101664,Calibrated-Hybrid-LogTarget-Small-scale_mean,test
2024-02-16,2024-02-19,1.5735090531706803,1.3500880716385706,Calibrated-Hybrid-LogTarget-Small-scale_mean,test
2024-02-19,2024-02-20,0.1719424828204338,1.5799160617610053,Calibrated-Hybrid-LogTarget-Small-scale_mean,test
2024-02-20,2024-02-21,2.643713937948573e-06,1.3732689446524766,Calibrated-Hybrid-LogTarget-Small-scale_mean,test
2024-02-21,2024-02-22,0.0493686905262693,1.293411538890754,Calibrated-Hybrid-LogTarget-Small-scale_mean,test
2024-02-22,2024-02-23,1.5757517057356472,1.2782128550931295,Calibrated-Hybrid-LogTarget-Small-scale_mean,test
2024-02-23,2024-02-26,0.9982359162312492,2.039712979101315,Calibrated-Hybrid-LogTarget-Small-scale_mean,test
2024-02-26,2024-02-27,1.16593097532243,1.6852885318589106,Calibrated-Hybrid-LogTarget-Small-scale_mean,test
2024-02-27,2024-02-28,1.8813005066335944,1.7561963371844431,Calibrated-Hybrid-LogTarget-Small-scale_mean,test
2024-02-28,2024-02-29,0.0210764395400896,1.7229066822255743,Calibrated-Hybrid-LogTarget-Small-scale_mean,test
2024-02-29,2024-03-01,0.1954116660389362,1.5766575544627974,Calibrated-Hybrid-LogTarget-Small-scale_mean,test
2024-03-01,2024-03-04,0.0617241173730905,1.4143162438286632,Calibrated-Hybrid-LogTarget-Small-scale_mean,test
2024-03-04,2024-03-05,0.458465682898879,1.5360956881473433,Calibrated-Hybrid-LogTarget-Small-scale_mean,test
2024-03-05,2024-03-06,0.3277686759141466,1.5004931080655757,Calibrated-Hybrid-LogTarget-Small-scale_mean,test
2024-03-06,2024-03-07,0.2049845962757557,1.5757304708177058,Calibrated-Hybrid-LogTarget-Small-scale_mean,test
2024-03-07,2024-03-08,2.816444292658484,1.500663762347376,Calibrated-Hybrid-LogTarget-Small-scale_mean,test
2024-03-08,2024-03-11,0.912721979122844,2.079707424031305,Calibrated-Hybrid-LogTarget-Small-scale_mean,test
2024-03-11,2024-03-12,0.5879634369893775,1.8665486840099041,Calibrated-Hybrid-LogTarget-Small-scale_mean,test
2024-03-12,2024-03-13,4.113946023612082,1.6972772116590487,Calibrated-Hybrid-LogTarget-Small-scale_mean,test
2024-03-13,2024-03-14,0.2431894157728003,1.9367417697082678,Calibrated-Hybrid-LogTarget-Small-scale_mean,test
2024-03-14,2024-03-15,0.0014420309906953,1.7272002878116361,Calibrated-Hybrid-LogTarget-Small-scale_mean,test
2024-03-15,2024-03-18,2.60144510071112,1.5860204569583003,Calibrated-Hybrid-LogTarget-Small-scale_mean,test
2024-03-18,2024-03-19,0.0078313418483015,2.312798075744716,Calibrated-Hybrid-LogTarget-Small-scale_mean,test
2024-03-19,2024-03-20,1.98300631416396,1.6762855333374342,Calibrated-Hybrid-LogTarget-Small-scale_mean,test
2024-03-20,2024-03-21,1.659993462713211,1.9031737216326103,Calibrated-Hybrid-LogTarget-Small-scale_mean,test
2024-03-21,2024-03-22,0.1769090471586793,2.086315932395997,Calibrated-Hybrid-LogTarget-Small-scale_mean,test
2024-03-22,2024-03-25,1.1957204376691162,1.8333887272125036,Calibrated-Hybrid-LogTarget-Small-scale_mean,test
2024-03-25,2024-03-26,1.266685379522265,1.9394255018005038,Calibrated-Hybrid-LogTarget-Small-scale_mean,test
2024-03-26,2024-03-27,0.0047070525559726,1.7877816411474268,Calibrated-Hybrid-LogTarget-Small-scale_mean,test
2024-03-27,2024-03-28,0.3036574536281876,1.5590743530408453,Calibrated-Hybrid-LogTarget-Small-scale_mean,test
2024-03-28,2024-03-29,0.22386593116756,1.5747376645612168,Calibrated-Hybrid-LogTarget-Small-scale_mean,test
2024-03-29,2024-04-01,0.0401370314872093,1.4260895640307651,Calibrated-Hybrid-LogTarget-Small-scale_mean,test
2024-04-01,2024-04-02,0.1847396233779287,1.5087375597184283,Calibrated-Hybrid-LogTarget-Small-scale_mean,test
2024-04-02,2024-04-03,1.4814046434548742,1.6063663674434852,Calibrated-Hybrid-LogTarget-Small-scale_mean,test
2024-04-03,2024-04-04,0.0642984527134782,1.6640033110469745,Calibrated-Hybrid-LogTarget-Small-scale_mean,test
2024-04-04,2024-04-05,1.084676282740752,1.5573388656613778,Calibrated-Hybrid-LogTarget-Small-scale_mean,test
2024-04-05,2024-04-08,0.1443776586599194,1.8181965261552484,Calibrated-Hybrid-LogTarget-Small-scale_mean,test
2024-04-08,2024-04-09,0.9848187145028622,1.5770222239608642,Calibrated-Hybrid-LogTarget-Small-scale_mean,test
2024-04-09,2024-04-10,0.1141835151805207,1.4640392811976037,Calibrated-Hybrid-LogTarget-Small-scale_mean,test
2024-04-10,2024-04-11,0.0008184297224042,1.2875927103601956,Calibrated-Hybrid-LogTarget-Small-scale_mean,test
2024-04-11,2024-04-12,2.1077713488695093,1.214448471472573,Calibrated-Hybrid-LogTarget-Small-scale_mean,test
2024-04-12,2024-04-15,23.166885904173803,1.450268470589954,Calibrated-Hybrid-LogTarget-Small-scale_mean,test
2024-04-15,2024-04-16,0.0058478365075764,3.0636351474458126,Calibrated-Hybrid-LogTarget-Small-scale_mean,test
2024-04-16,2024-04-17,3.543454497340081,2.474672592124343,Calibrated-Hybrid-LogTarget-Small-scale_mean,test
2024-04-17,2024-04-19,2.3528631494425456,2.723405640740778,Calibrated-Hybrid-LogTarget-Small-scale_mean,test
2024-04-19,2024-04-22,1.6893979231324006,2.7648910575999484,Calibrated-Hybrid-LogTarget-Small-scale_mean,test
2024-04-22,2024-04-23,1.1727907466469314,2.470027694235812,Calibrated-Hybrid-LogTarget-Small-scale_mean,test
2024-04-23,2024-04-24,5.606024745553127,2.2941542237160704,Calibrated-Hybrid-LogTarget-Small-scale_mean,test
2024-04-24,2024-04-25,0.0028195309207452,2.4482610897773935,Calibrated-Hybrid-LogTarget-Small-scale_mean,test
2024-04-25,2024-04-26,0.1420473024727117,1.7440785840598139,Calibrated-Hybrid-LogTarget-Small-scale_mean,test
2024-04-26,2024-05-02,0.318006405977251,1.7757143415088357,Calibrated-Hybrid-LogTarget-Small-scale_mean,test
2024-05-02,2024-05-03,0.1468401316931458,1.6583879788870879,Calibrated-Hybrid-LogTarget-Small-scale_mean,test
2024-05-03,2024-05-06,2.785560071487252,1.4613609979070414,Calibrated-Hybrid-LogTarget-Small-scale_mean,test
2024-05-06,2024-05-07,0.3206037518220124,1.6548496529883372,Calibrated-Hybrid-LogTarget-Small-scale_mean,test
2024-05-07,2024-05-08,0.0214485793857184,1.2829998147006751,Calibrated-Hybrid-LogTarget-Small-scale_mean,test
2024-05-08,2024-05-09,0.0212146392864794,1.408438631011856,Calibrated-Hybrid-LogTarget-Small-scale_mean,test
2024-05-09,2024-05-10,0.0998826714071555,1.1954203832970358,Calibrated-Hybrid-LogTarget-Small-scale_mean,test
2024-05-10,2024-05-13,0.1323509240296012,1.2072376565380547,Calibrated-Hybrid-LogTarget-Small-scale_mean,test
2024-05-13,2024-05-14,0.0623260338672244,1.2548186467895917,Calibrated-Hybrid-LogTarget-Small-scale_mean,test
2024-05-14,2024-05-15,0.7914504364695899,1.126154511588016,Calibrated-Hybrid-LogTarget-Small-scale_mean,test
2024-05-15,2024-05-16,1.3010619376829529,1.3572360606466178,Calibrated-Hybrid-LogTarget-Small-scale_mean,test
2024-05-16,2024-05-20,0.4777373395090949,1.3782883304712066,Calibrated-Hybrid-LogTarget-Small-scale_mean,test
2024-05-20,2024-05-21,0.0011865300373836,1.4505572180824928,Calibrated-Hybrid-LogTarget-Small-scale_mean,test
2024-05-21,2024-05-22,0.6467920233357178,1.2297055014335956,Calibrated-Hybrid-LogTarget-Small-scale_mean,test
2024-05-22,2024-05-23,1.2284567837418712,1.4655602015980622,Calibrated-Hybrid-LogTarget-Small-scale_mean,test
2024-05-23,2024-05-24,2.256648937405396,1.5159451659040495,Calibrated-Hybrid-LogTarget-Small-scale_mean,test
2024-05-24,2024-05-27,0.2066759953224523,1.9477016018092632,Calibrated-Hybrid-LogTarget-Small-scale_mean,test
2024-05-27,2024-05-28,1.2149042841979667,1.3463912911193936,Calibrated-Hybrid-LogTarget-Small-scale_mean,test
2024-05-28,2024-05-29,0.5065517433860525,1.5447182346741033,Calibrated-Hybrid-LogTarget-Small-scale_mean,test
2024-05-29,2024-05-30,0.2478473182821189,1.7623676328372906,Calibrated-Hybrid-LogTarget-Small-scale_mean,test
2024-05-30,2024-05-31,0.1324368158912983,1.692246029025894,Calibrated-Hybrid-LogTarget-Small-scale_mean,test
2024-05-31,2024-06-03,2.069054535054291,1.3055872550924976,Calibrated-Hybrid-LogTarget-Small-scale_mean,test
2024-06-03,2024-06-04,0.0754175541972061,1.822366072621035,Calibrated-Hybrid-LogTarget-Small-scale_mean,test
2024-06-04,2024-06-05,0.0041789785238715,1.4538880152614921,Calibrated-Hybrid-LogTarget-Small-scale_mean,test
2024-06-05,2024-06-06,0.003785773302666,1.3116917579654772,Calibrated-Hybrid-LogTarget-Small-scale_mean,test
2024-06-06,2024-06-07,0.0977825492840672,1.2724986570057402,Calibrated-Hybrid-LogTarget-Small-scale_mean,test
2024-06-07,2024-06-10,0.0574549317651925,1.102939430144936,Calibrated-Hybrid-LogTarget-Small-scale_mean,test
2024-06-10,2024-06-11,0.236389900130653,1.202333988698489,Calibrated-Hybrid-LogTarget-Small-scale_mean,test
2024-06-11,2024-06-12,1.4910702380739045,1.2128308367559357,Calibrated-Hybrid-LogTarget-Small-scale_mean,test
2024-06-12,2024-06-13,0.0102965917651104,1.2723727574908472,Calibrated-Hybrid-LogTarget-Small-scale_mean,test
2024-06-13,2024-06-14,2.8007247199637466,1.2118879589101303,Calibrated-Hybrid-LogTarget-Small-scale_mean,test
2024-06-14,2024-06-17,0.1619251788207639,1.5790966157157846,Calibrated-Hybrid-LogTarget-Small-scale_mean,test
2024-06-17,2024-06-18,0.1371670063872054,1.4277160607862454,Calibrated-Hybrid-LogTarget-Small-scale_mean,test
2024-06-18,2024-06-19,0.0005135905111872,1.284328221843312,Calibrated-Hybrid-LogTarget-Small-scale_mean,test
2024-06-19,2024-06-20,0.0383900740120223,1.327009287126428,Calibrated-Hybrid-LogTarget-Small-scale_mean,test
2024-06-20,2024-06-21,0.0004769047173217,1.2950253374654943,Calibrated-Hybrid-LogTarget-Small-scale_mean,test
2024-06-21,2024-06-24,4.841244218909869,1.1032986937304723,Calibrated-Hybrid-LogTarget-Small-scale_mean,test
2024-06-24,2024-06-25,0.0377795857346046,1.8567746920541057,Calibrated-Hybrid-LogTarget-Small-scale_mean,test
2024-06-25,2024-06-26,0.1382006989182143,1.3087252609563045,Calibrated-Hybrid-LogTarget-Small-scale_mean,test
2024-06-26,2024-06-27,0.0291086660682599,1.3426887869096047,Calibrated-Hybrid-LogTarget-Small-scale_mean,test
2024-06-27,2024-06-28,1.2092769262564496,1.1473857533512841,Calibrated-Hybrid-LogTarget-Small-scale_mean,test
2024-06-28,2024-07-01,0.5464740769679215,1.38495513120137,Calibrated-Hybrid-LogTarget-Small-scale_mean,test
2024-07-01,2024-07-02,1.4560329328950323,1.1604043722473836,Calibrated-Hybrid-LogTarget-Small-scale_mean,test
2024-07-02,2024-07-03,0.3074231060441431,1.2533374231797192,Calibrated-Hybrid-LogTarget-Small-scale_mean,test
2024-07-03,2024-07-04,0.0565502378458402,1.1189047890835737,Calibrated-Hybrid-LogTarget-Small-scale_mean,test
2024-07-04,2024-07-05,0.0604238017679763,1.0310286857844653,Calibrated-Hybrid-LogTarget-Small-scale_mean,test
2024-07-05,2024-07-08,0.001641913639604,1.072311610612827,Calibrated-Hybrid-LogTarget-Small-scale_mean,test
2024-07-08,2024-07-09,0.6204070574126203,1.0659002626761742,Calibrated-Hybrid-LogTarget-Small-scale_mean,test
2024-07-09,2024-07-10,0.3628967539784848,1.1598892037115272,Calibrated-Hybrid-LogTarget-Small-scale_mean,test
2024-07-10,2024-07-11,0.0277401860440043,1.0739097744597006,Calibrated-Hybrid-LogTarget-Small-scale_mean,test
2024-07-11,2024-07-12,0.0565767163705356,1.0508127130061673,Calibrated-Hybrid-LogTarget-Small-scale_mean,test
2024-07-12,2024-07-15,0.0052765811391784,1.018511135470253,Calibrated-Hybrid-LogTarget-Small-scale_mean,test
2024-07-15,2024-07-16,0.011280250205691,0.9968957206331163,Calibrated-Hybrid-LogTarget-Small-scale_mean,test
2024-07-16,2024-07-17,0.9643834972427656,1.053839874305467,Calibrated-Hybrid-LogTarget-Small-scale_mean,test
2024-07-17,2024-07-18,0.2066285309508605,1.5624332271477483,Calibrated-Hybrid-LogTarget-Small-scale_mean,test
2024-07-18,2024-07-19,0.5789189613600527,1.1521258843306148,Calibrated-Hybrid-LogTarget-Small-scale_mean,test
2024-07-19,2024-07-22,0.6479469442933512,1.2595640898728635,Calibrated-Hybrid-LogTarget-Small-scale_mean,test
2024-07-22,2024-07-23,3.3723820037131813,1.4858229609931877,Calibrated-Hybrid-LogTarget-Small-scale_mean,test
2024-07-23,2024-07-24,0.2907489732326712,1.5741642740998283,Calibrated-Hybrid-LogTarget-Small-scale_mean,test
2024-07-24,2024-07-25,0.1825373322670373,1.5384241342179055,Calibrated-Hybrid-LogTarget-Small-scale_mean,test
2024-07-25,2024-07-26,0.5194428542577421,1.2175366468440134,Calibrated-Hybrid-LogTarget-Small-scale_mean,test
2024-07-26,2024-07-29,0.1301982149615345,1.2383887738875714,Calibrated-Hybrid-LogTarget-Small-scale_mean,test
2024-07-29,2024-07-30,0.0152800221232259,1.1653813741537382,Calibrated-Hybrid-LogTarget-Small-scale_mean,test
2024-07-30,2024-07-31,0.2669893008576879,1.2670274850295373,Calibrated-Hybrid-LogTarget-Small-scale_mean,test
2024-07-31,2024-08-01,3.924859003099425,1.3683751689462773,Calibrated-Hybrid-LogTarget-Small-scale_mean,test
2024-08-01,2024-08-02,0.6124804127570632,1.8716705346027076,Calibrated-Hybrid-LogTarget-Small-scale_mean,test
2024-08-02,2024-08-05,16.028441731399298,1.6467566361953665,Calibrated-Hybrid-LogTarget-Small-scale_mean,test
2024-08-05,2024-08-06,3.4304951964000674,3.387046191198089,Calibrated-Hybrid-LogTarget-Small-scale_mean,test
2024-08-06,2024-08-07,0.2131074887245232,2.7137029497310023,Calibrated-Hybrid-LogTarget-Small-scale_mean,test
2024-08-07,2024-08-08,0.389017827650505,2.242759638615789,Calibrated-Hybrid-LogTarget-Small-scale_mean,test
2024-08-08,2024-08-09,1.5873626468232618,2.1567053685952544,Calibrated-Hybrid-LogTarget-Small-scale_mean,test
2024-08-09,2024-08-12,0.2928717413764615,2.0820886986410936,Calibrated-Hybrid-LogTarget-Small-scale_mean,test
2024-08-12,2024-08-13,0.0001294788177011,1.7673158974724192,Calibrated-Hybrid-LogTarget-Small-scale_mean,test
2024-08-13,2024-08-14,2.3780277347729983e-05,1.5495747531032842,Calibrated-Hybrid-LogTarget-Small-scale_mean,test
2024-08-14,2024-08-15,0.3071561671079922,1.4353681285590902,Calibrated-Hybrid-LogTarget-Small-scale_mean,test
2024-08-15,2024-08-16,5.364467227292595,1.5094485162650042,Calibrated-Hybrid-LogTarget-Small-scale_mean,test
2024-08-16,2024-08-19,0.5581057481573143,2.3470979554144225,Calibrated-Hybrid-LogTarget-Small-scale_mean,test
2024-08-19,2024-08-20,0.7441049789899746,1.5414185750167064,Calibrated-Hybrid-LogTarget-Small-scale_mean,test
2024-08-20,2024-08-21,0.8093492360217696,1.558487529778465,Calibrated-Hybrid-LogTarget-Small-scale_mean,test
2024-08-21,2024-08-22,0.0097920425309074,1.3681120767815387,Calibrated-Hybrid-LogTarget-Small-scale_mean,test
2024-08-22,2024-08-23,0.039129459240867,1.1934631106160543,Calibrated-Hybrid-LogTarget-Small-scale_mean,test
2024-08-23,2024-08-26,0.1707352129175375,1.2394672188482683,Calibrated-Hybrid-LogTarget-Small-scale_mean,test
2024-08-26,2024-08-27,0.0017789790178368,1.3254535920262298,Calibrated-Hybrid-LogTarget-Small-scale_mean,test
2024-08-27,2024-08-28,0.0047191862628622,1.220472623678247,Calibrated-Hybrid-LogTarget-Small-scale_mean,test
2024-08-28,2024-08-29,5.480696959213411e-06,1.2871039278938947,Calibrated-Hybrid-LogTarget-Small-scale_mean,test
2024-08-29,2024-08-30,0.0350100605836961,1.1978218676352106,Calibrated-Hybrid-LogTarget-Small-scale_mean,test
2024-08-30,2024-09-04,0.3975959773479832,1.0362095804943043,Calibrated-Hybrid-LogTarget-Small-scale_mean,test
2024-09-04,2024-09-05,0.3560479520225069,1.1113843848261253,Calibrated-Hybrid-LogTarget-Small-scale_mean,test
2024-09-05,2024-09-06,0.2046388013312271,1.123728312503977,Calibrated-Hybrid-LogTarget-Small-scale_mean,test
2024-09-06,2024-09-09,0.2403215208141221,1.0738455103289266,Calibrated-Hybrid-LogTarget-Small-scale_mean,test
2024-09-09,2024-09-10,0.9818980427278184,1.0281474490776854,Calibrated-Hybrid-LogTarget-Small-scale_mean,test
2024-09-10,2024-09-11,0.0244199123086784,1.1911706118439036,Calibrated-Hybrid-LogTarget-Small-scale_mean,test
2024-09-11,2024-09-12,0.0602484567361687,1.119464874623014,Calibrated-Hybrid-LogTarget-Small-scale_mean,test
2024-09-12,2024-09-13,0.1369055643032899,1.0396727187517047,Calibrated-Hybrid-LogTarget-Small-scale_mean,test
2024-09-13,2024-09-16,0.9992379796047328,1.0146716888747458,Calibrated-Hybrid-LogTarget-Small-scale_mean,test
2024-09-16,2024-09-17,2.484914926701652,1.0995059097191577,Calibrated-Hybrid-LogTarget-Small-scale_mean,test
2024-09-17,2024-09-18,0.2223148391601984,1.3545587299154906,Calibrated-Hybrid-LogTarget-Small-scale_mean,test
2024-09-18,2024-09-19,0.2523387575730195,1.249913162122132,Calibrated-Hybrid-LogTarget-Small-scale_mean,test
2024-09-19,2024-09-20,0.003666425548263,1.0990445044271169,Calibrated-Hybrid-LogTarget-Small-scale_mean,test
2024-09-20,2024-09-23,0.0785444168047104,1.3189337460193138,Calibrated-Hybrid-LogTarget-Small-scale_mean,test
2024-09-23,2024-09-24,0.447081172927798,1.0868583492859965,Calibrated-Hybrid-LogTarget-Small-scale_mean,test
2024-09-24,2024-09-25,0.6692996014919499,1.0990822377751654,Calibrated-Hybrid-LogTarget-Small-scale_mean,test
2024-09-25,2024-09-26,0.0967067651015831,1.4971224656503435,Calibrated-Hybrid-LogTarget-Small-scale_mean,test
2024-09-26,2024-09-27,0.0019487643545271,1.427490907879794,Calibrated-Hybrid-LogTarget-Small-scale_mean,test
2024-09-27,2024-09-30,0.0534118196752501,1.374213036543352,Calibrated-Hybrid-LogTarget-Small-scale_mean,test
2024-09-30,2024-10-01,0.1090419063191174,1.2107272788188652,Calibrated-Hybrid-LogTarget-Small-scale_mean,test
2024-10-01,2024-10-02,0.1142301950532245,1.4362424206195186,Calibrated-Hybrid-LogTarget-Small-scale_mean,test
2024-10-02,2024-10-03,0.5763536966008403,1.191568274310695,Calibrated-Hybrid-LogTarget-Small-scale_mean,test
2024-10-03,2024-10-04,0.3463758362975216,1.5933201178563858,Calibrated-Hybrid-LogTarget-Small-scale_mean,test
2024-10-04,2024-10-07,0.0027820245719093,1.2043850597498222,Calibrated-Hybrid-LogTarget-Small-scale_mean,test
2024-10-07,2024-10-08,0.0260164216385025,1.1378893090831013,Calibrated-Hybrid-LogTarget-Small-scale_mean,test
2024-10-08,2024-10-09,0.5974680039460253,1.2144153187831799,Calibrated-Hybrid-LogTarget-Small-scale_mean,test
2024-10-09,2024-10-10,0.1233539050383977,1.1731527563393032,Calibrated-Hybrid-LogTarget-Small-scale_mean,test
2024-10-10,2024-10-11,0.0248646364370185,1.0747189096594245,Calibrated-Hybrid-LogTarget-Small-scale_mean,test
2024-10-11,2024-10-14,0.0253573876734088,0.9558090335641458,Calibrated-Hybrid-LogTarget-Small-scale_mean,test
2024-10-14,2024-10-15,0.1678954221921946,1.0627125252804506,Calibrated-Hybrid-LogTarget-Small-scale_mean,test
2024-10-15,2024-10-16,0.0156181703703392,1.125074869350693,Calibrated-Hybrid-LogTarget-Small-scale_mean,test
2024-10-16,2024-10-17,0.301088511662053,1.0106709181055158,Calibrated-Hybrid-LogTarget-Small-scale_mean,test
2024-10-17,2024-10-18,0.0067941729317095,1.0960949684838055,Calibrated-Hybrid-LogTarget-Small-scale_mean,test
2024-10-18,2024-10-21,0.1968037312439634,1.0669862065839033,Calibrated-Hybrid-LogTarget-Small-scale_mean,test
2024-10-21,2024-10-22,0.6006392197446851,1.0678295860219953,Calibrated-Hybrid-LogTarget-Small-scale_mean,test
2024-10-22,2024-10-23,0.0063207009295036,1.2018580860153905,Calibrated-Hybrid-LogTarget-Small-scale_mean,test
2024-10-23,2024-10-24,1.1387581243922995,1.079472134064853,Calibrated-Hybrid-LogTarget-Small-scale_mean,test
2024-10-24,2024-10-25,0.1396414208283497,1.2177157648570693,Calibrated-Hybrid-LogTarget-Small-scale_mean,test
2024-10-25,2024-10-28,0.0267355724555891,1.1348920739535757,Calibrated-Hybrid-LogTarget-Small-scale_mean,test
2024-10-28,2024-10-29,0.310375295938392,1.0386610043530855,Calibrated-Hybrid-LogTarget-Small-scale_mean,test
2024-10-29,2024-10-30,0.0624797327224918,1.0760358565225505,Calibrated-Hybrid-LogTarget-Small-scale_mean,test
2024-10-30,2024-10-31,0.2150309186038439,1.0346797319953367,Calibrated-Hybrid-LogTarget-Small-scale_mean,test
2024-10-31,2024-11-01,0.5795854757810541,1.0048319735885054,Calibrated-Hybrid-LogTarget-Small-scale_mean,test
2024-11-01,2024-11-04,0.6634669865085588,1.068593375734243,Calibrated-Hybrid-LogTarget-Small-scale_mean,test
2024-11-04,2024-11-05,0.0071101049569573,1.1889739333706062,Calibrated-Hybrid-LogTarget-Small-scale_mean,test
2024-11-05,2024-11-06,1.532964136157592,1.0146014145377549,Calibrated-Hybrid-LogTarget-Small-scale_mean,test
2024-11-06,2024-11-07,0.0147328555936719,1.1791926000515045,Calibrated-Hybrid-LogTarget-Small-scale_mean,test
2024-11-07,2024-11-08,0.3276224769794669,1.0366310127217104,Calibrated-Hybrid-LogTarget-Small-scale_mean,test
2024-11-08,2024-11-11,0.0320387972398517,1.0685750322697964,Calibrated-Hybrid-LogTarget-Small-scale_mean,test
2024-11-11,2024-11-12,0.1943555469915317,1.2028452099434959,Calibrated-Hybrid-LogTarget-Small-scale_mean,test
2024-11-12,2024-11-13,0.0095957977358447,1.122895263370578,Calibrated-Hybrid-LogTarget-Small-scale_mean,test
2024-11-13,2024-11-14,1.304380342114139,1.1388176485716708,Calibrated-Hybrid-LogTarget-Small-scale_mean,test
2024-11-14,2024-11-15,1.1819027969632745,1.2054915173851508,Calibrated-Hybrid-LogTarget-Small-scale_mean,test
2024-11-15,2024-11-18,0.0141759467193479,1.3885775209422226,Calibrated-Hybrid-LogTarget-Small-scale_mean,test
2024-11-18,2024-11-19,0.9768103702203697,1.2405820957997502,Calibrated-Hybrid-LogTarget-Small-scale_mean,test
2024-11-19,2024-11-20,0.8848644501514296,1.217107683608208,Calibrated-Hybrid-LogTarget-Small-scale_mean,test
2024-11-20,2024-11-21,0.9302138287758972,1.4311518708979436,Calibrated-Hybrid-LogTarget-Small-scale_mean,test
2024-11-21,2024-11-22,0.0003506766753295,1.1517781815112276,Calibrated-Hybrid-LogTarget-Small-scale_mean,test
2024-11-22,2024-11-25,0.2872709111767263,1.0610041562931647,Calibrated-Hybrid-LogTarget-Small-scale_mean,test
2024-11-25,2024-11-26,0.3599546809656788,1.0529651163348401,Calibrated-Hybrid-LogTarget-Small-scale_mean,test
2024-11-26,2024-11-27,0.0001659440969947,1.098711249443069,Calibrated-Hybrid-LogTarget-Small-scale_mean,test
2024-11-27,2024-11-28,0.0001270529950301,0.9877502301395646,Calibrated-Hybrid-LogTarget-Small-scale_mean,test
2024-11-28,2024-11-29,0.4488915850595839,0.9944134124993663,Calibrated-Hybrid-LogTarget-Small-scale_mean,test
2024-11-29,2024-12-02,0.0035951954303536,0.9666374812804279,Calibrated-Hybrid-LogTarget-Small-scale_mean,test
2024-12-02,2024-12-03,0.0121780282468158,0.9263362831056203,Calibrated-Hybrid-LogTarget-Small-scale_mean,test
2024-12-03,2024-12-04,0.5723787875208138,0.9432620602353785,Calibrated-Hybrid-LogTarget-Small-scale_mean,test
2024-12-04,2024-12-05,4.677770763753511,1.021406765745256,Calibrated-Hybrid-LogTarget-Small-scale_mean,test
2024-12-05,2024-12-06,0.0423127275118428,1.741410641703646,Calibrated-Hybrid-LogTarget-Small-scale_mean,test
2024-12-06,2024-12-09,0.0846129168166276,1.1797285774005764,Calibrated-Hybrid-LogTarget-Small-scale_mean,test
2024-12-09,2024-12-10,0.019333949066393,1.1533578324949791,Calibrated-Hybrid-LogTarget-Small-scale_mean,test
2024-12-10,2024-12-11,0.0638388590450149,1.0828809158762216,Calibrated-Hybrid-LogTarget-Small-scale_mean,test
2024-12-11,2024-12-12,0.0141789335558376,1.1169894376087628,Calibrated-Hybrid-LogTarget-Small-scale_mean,test
2024-12-12,2024-12-13,0.1427917911928931,1.0973539921584246,Calibrated-Hybrid-LogTarget-Small-scale_mean,test
2024-12-13,2024-12-16,0.0093280152446342,1.0724420046416867,Calibrated-Hybrid-LogTarget-Small-scale_mean,test
2024-12-16,2024-12-17,0.0268721671219935,1.0377220215262979,Calibrated-Hybrid-LogTarget-Small-scale_mean,test
2024-12-17,2024-12-18,0.1146807250456102,1.0163398639932297,Calibrated-Hybrid-LogTarget-Small-scale_mean,test
2024-12-18,2024-12-19,0.8081531599464532,1.0263101314424528,Calibrated-Hybrid-LogTarget-Small-scale_mean,test
2024-12-19,2024-12-20,0.0507615856480591,1.1627116723140607,Calibrated-Hybrid-LogTarget-Small-scale_mean,test
2024-12-20,2024-12-23,0.1742376670775678,1.009706443316451,Calibrated-Hybrid-LogTarget-Small-scale_mean,test
2024-12-23,2024-12-24,0.0361915284275727,0.9674663557765942,Calibrated-Hybrid-LogTarget-Small-scale_mean,test
2024-12-24,2024-12-25,1.1654410256024177,1.006699842889716,Calibrated-Hybrid-LogTarget-Small-scale_mean,test
2024-12-25,2024-12-26,0.0084412075502873,1.256514451951122,Calibrated-Hybrid-LogTarget-Small-scale_mean,test
2024-12-26,2024-12-27,0.0317475107765902,1.0477164331898345,Calibrated-Hybrid-LogTarget-Small-scale_mean,test
2024-12-27,2024-12-30,0.0600146339677672,1.0672725602126143,Calibrated-Hybrid-LogTarget-Small-scale_mean,test
2024-12-30,2024-12-31,0.1703989127600233,1.0157785767641498,Calibrated-Hybrid-LogTarget-Small-scale_mean,test
2024-12-31,2025-01-02,0.0533739456959429,1.0088902077970412,Calibrated-Hybrid-LogTarget-Small-scale_mean,test
2025-01-02,2025-01-03,1.435132590022104,0.9722277097695419,Calibrated-Hybrid-LogTarget-Small-scale_mean,test
2025-01-03,2025-01-06,0.4342211890889308,1.1563158878870816,Calibrated-Hybrid-LogTarget-Small-scale_mean,test
2025-01-06,2025-01-07,0.037939050469307,1.1725040284651487,Calibrated-Hybrid-LogTarget-Small-scale_mean,test
2025-01-07,2025-01-08,0.032117795831564,1.1434022923281495,Calibrated-Hybrid-LogTarget-Small-scale_mean,test
2025-01-08,2025-01-09,0.1768543904547769,1.0519556406315969,Calibrated-Hybrid-LogTarget-Small-scale_mean,test
2025-01-09,2025-01-10,1.525095444996381,1.0188534646765308,Calibrated-Hybrid-LogTarget-Small-scale_mean,test
2025-01-10,2025-01-13,0.175796578127988,1.2193771268036948,Calibrated-Hybrid-LogTarget-Small-scale_mean,test
2025-01-13,2025-01-14,0.2850878204367433,1.1379300039054092,Calibrated-Hybrid-LogTarget-Small-scale_mean,test
2025-01-14,2025-01-15,0.3327205813226502,1.1211959986523077,Calibrated-Hybrid-LogTarget-Small-scale_mean,test
2025-01-15,2025-01-16,0.2486834462527659,1.1144684569619827,Calibrated-Hybrid-LogTarget-Small-scale_mean,test
2025-01-16,2025-01-17,0.293601545819197,1.0627402697038437,Calibrated-Hybrid-LogTarget-Small-scale_mean,test
2025-01-17,2025-01-20,0.0012403693451998,1.0168509121758358,Calibrated-Hybrid-LogTarget-Small-scale_mean,test
2025-01-20,2025-01-21,0.0768862836866478,0.9609985134061076,Calibrated-Hybrid-LogTarget-Small-scale_mean,test
2025-01-21,2025-01-22,0.0818546593881995,0.9823966137759071,Calibrated-Hybrid-LogTarget-Small-scale_mean,test
2025-01-22,2025-01-23,1.8682525367895249,0.9980441309491124,Calibrated-Hybrid-LogTarget-Small-scale_mean,test
2025-01-23,2025-01-24,0.1843517308365074,1.165742077424929,Calibrated-Hybrid-LogTarget-Small-scale_mean,test
2025-01-24,2025-02-04,0.0008556873339296,1.0462244713210116,Calibrated-Hybrid-LogTarget-Small-scale_mean,test
2025-02-04,2025-02-05,0.1513708695410532,1.0652672847091074,Calibrated-Hybrid-LogTarget-Small-scale_mean,test
2025-02-05,2025-02-06,0.0216622352028634,1.0500979342201737,Calibrated-Hybrid-LogTarget-Small-scale_mean,test
2025-02-06,2025-02-07,0.0853488617566438,1.05167201753459,Calibrated-Hybrid-LogTarget-Small-scale_mean,test
2025-02-07,2025-02-10,0.8849819273953393,1.0482235149661647,Calibrated-Hybrid-LogTarget-Small-scale_mean,test
2025-02-10,2025-02-11,0.168100114678953,1.1959258136285105,Calibrated-Hybrid-LogTarget-Small-scale_mean,test
2025-02-11,2025-02-12,0.0147578221185138,1.1312714217840896,Calibrated-Hybrid-LogTarget-Small-scale_mean,test
2025-02-12,2025-02-13,0.0735271043646943,1.0718025865240448,Calibrated-Hybrid-LogTarget-Small-scale_mean,test
2025-02-13,2025-02-14,0.2025383263760581,1.0586966100746733,Calibrated-Hybrid-LogTarget-Small-scale_mean,test
2025-02-14,2025-02-17,0.0695132401561259,1.0999454797138022,Calibrated-Hybrid-LogTarget-Small-scale_mean,test
2025-02-17,2025-02-18,0.1805870585568251,1.203247056754669,Calibrated-Hybrid-LogTarget-Small-scale_mean,test
2025-02-18,2025-02-19,0.6592497592052439,1.1718886280635308,Calibrated-Hybrid-LogTarget-Small-scale_mean,test
2025-02-19,2025-02-20,0.1172593983298531,1.3086471011708347,Calibrated-Hybrid-LogTarget-Small-scale_mean,test
2025-02-20,2025-02-21,0.0847684671072922,1.2385734696014778,Calibrated-Hybrid-LogTarget-Small-scale_mean,test
2025-02-21,2025-02-24,0.3605624100663593,1.1849682706363247,Calibrated-Hybrid-LogTarget-Small-scale_mean,test
2025-02-24,2025-02-25,0.0115290687889239,1.2192874423113198,Calibrated-Hybrid-LogTarget-Small-scale_mean,test
2025-02-25,2025-02-26,0.0002355760665946,1.2125648374264069,Calibrated-Hybrid-LogTarget-Small-scale_mean,test
2025-02-26,2025-02-27,0.1374731263687118,1.1506853591623225,Calibrated-Hybrid-LogTarget-Small-scale_mean,test
2025-02-27,2025-02-28,0.0348744922200793,1.2966362033036607,Calibrated-Hybrid-LogTarget-Small-scale_mean,test
2025-02-28,2025-03-03,0.0940796554023008,1.2041023959290686,Calibrated-Hybrid-LogTarget-Small-scale_mean,test
2025-03-03,2025-03-04,0.0375578625820462,1.248698051813803,Calibrated-Hybrid-LogTarget-Small-scale_mean,test
2025-03-04,2025-03-05,0.3028627512498273,1.359876696088631,Calibrated-Hybrid-LogTarget-Small-scale_mean,test
2025-03-05,2025-03-06,1.0612188848677555,1.2401673367375141,Calibrated-Hybrid-LogTarget-Small-scale_mean,test
2025-03-06,2025-03-07,0.350731246280503,1.5892700855799595,Calibrated-Hybrid-LogTarget-Small-scale_mean,test
2025-03-07,2025-03-10,0.1014325645495789,1.4722212004699773,Calibrated-Hybrid-LogTarget-Small-scale_mean,test
2025-03-10,2025-03-11,0.0288133302998629,1.3299078333811976,Calibrated-Hybrid-LogTarget-Small-scale_mean,test
2025-03-11,2025-03-12,0.0196658897235791,1.2693101136002483,Calibrated-Hybrid-LogTarget-Small-scale_mean,test
2025-03-12,2025-03-13,0.3743917074856848,1.2569117530591527,Calibrated-Hybrid-LogTarget-Small-scale_mean,test
2025-03-13,2025-03-14,8.187247062994656e-05,1.45131843823442,Calibrated-Hybrid-LogTarget-Small-scale_mean,test
2025-03-14,2025-03-17,0.5767885171931181,1.4304034448849532,Calibrated-Hybrid-LogTarget-Small-scale_mean,test
2025-03-17,2025-03-18,0.157344490226044,1.4317668691993592,Calibrated-Hybrid-LogTarget-Small-scale_mean,test
2025-03-18,2025-03-19,0.2279894954046255,1.376918873713841,Calibrated-Hybrid-LogTarget-Small-scale_mean,test
2025-03-19,2025-03-20,0.0027940647092661,1.346644427126793,Calibrated-Hybrid-LogTarget-Small-scale_mean,test
2025-03-20,2025-03-21,0.0240132299745747,1.3468362771665245,Calibrated-Hybrid-LogTarget-Small-scale_mean,test
2025-03-21,2025-03-24,0.4050748456224285,1.2716024631681122,Calibrated-Hybrid-LogTarget-Small-scale_mean,test
2025-03-24,2025-03-25,0.0144479307849922,1.3809681142930004,Calibrated-Hybrid-LogTarget-Small-scale_mean,test
2025-03-25,2025-03-26,0.1924355354900559,1.3394144169196271,Calibrated-Hybrid-LogTarget-Small-scale_mean,test
2025-03-26,2025-03-27,0.0296122174159068,1.2465290159109361,Calibrated-Hybrid-LogTarget-Small-scale_mean,test
2025-03-27,2025-03-28,0.2311977047112736,1.115816554200643,Calibrated-Hybrid-LogTarget-Small-scale_mean,test
2025-03-28,2025-03-31,0.652593682196234,1.1982996004450173,Calibrated-Hybrid-LogTarget-Small-scale_mean,test
2025-03-31,2025-04-01,0.6367477385533009,1.3198374942651971,Calibrated-Hybrid-LogTarget-Small-scale_mean,test
2025-04-01,2025-04-02,0.0014400780515298,1.1295627132208386,Calibrated-Hybrid-LogTarget-Small-scale_mean,test
2025-04-02,2025-04-03,47.7513682523715,1.222479000913326,Calibrated-Hybrid-LogTarget-Small-scale_mean,test
2025-04-03,2025-04-04,2.4680894659320427,4.210753662610422,Calibrated-Hybrid-LogTarget-Small-scale_mean,test
2025-04-04,2025-04-08,44.20961209050503,2.786100883929483,Calibrated-Hybrid-LogTarget-Small-scale_mean,test
2025-04-08,2025-04-09,11.94996872052983,8.346025491395466,Calibrated-Hybrid-LogTarget-Small-scale_mean,test
2025-04-09,2025-04-10,42.861963107094255,4.952027851697852,Calibrated-Hybrid-LogTarget-Small-scale_mean,test
2025-04-10,2025-04-11,20.5039468602513,7.615898321424155,Calibrated-Hybrid-LogTarget-Small-scale_mean,test
2025-04-11,2025-04-14,2.373686902735611,3.999509967273521,Calibrated-Hybrid-LogTarget-Small-scale_mean,test
2025-04-14,2025-04-15,1.222393557661562,2.9214488698665066,Calibrated-Hybrid-LogTarget-Small-scale_mean,test
2025-04-15,2025-04-16,2.0585197770339483,2.8270791556507993,Calibrated-Hybrid-LogTarget-Small-scale_mean,test
2025-04-16,2025-04-17,0.3278654140280428,2.8938857773818767,Calibrated-Hybrid-LogTarget-Small-scale_mean,test
2025-04-17,2025-04-18,0.0235644272572965,2.72515771920573,Calibrated-Hybrid-LogTarget-Small-scale_mean,test
2025-04-18,2025-04-21,0.9867147275211472,2.8315724244889973,Calibrated-Hybrid-LogTarget-Small-scale_mean,test
2025-04-21,2025-04-22,0.6837487157170882,2.6816982692918416,Calibrated-Hybrid-LogTarget-Small-scale_mean,test
2025-04-22,2025-04-23,1.3269747595182129,2.632895621370234,Calibrated-Hybrid-LogTarget-Small-scale_mean,test
2025-04-23,2025-04-24,1.029521260921247,2.3481349680920465,Calibrated-Hybrid-LogTarget-Small-scale_mean,test
2025-04-24,2025-04-25,0.2299163958338018,2.1147917390939077,Calibrated-Hybrid-LogTarget-Small-scale_mean,test
2025-04-25,2025-04-28,0.0391566462219492,1.91881106244758,Calibrated-Hybrid-LogTarget-Small-scale_mean,test
2025-04-28,2025-04-29,0.0016617646152264,1.5700468876428724,Calibrated-Hybrid-LogTarget-Small-scale_mean,test
2025-04-29,2025-05-05,1.2432686189181044,1.5630692364597987,Calibrated-Hybrid-LogTarget-Small-scale_mean,test
2025-05-05,2025-05-06,0.0234403346988041,1.7221079140074262,Calibrated-Hybrid-LogTarget-Small-scale_mean,test
2025-05-06,2025-05-07,0.4565410925067849,1.9360144109558861,Calibrated-Hybrid-LogTarget-Small-scale_mean,test
2025-05-07,2025-05-08,2.377733233918144,1.8689895438698412,Calibrated-Hybrid-LogTarget-Small-scale_mean,test
2025-05-08,2025-05-09,0.0388387388391833,1.9723063315133238,Calibrated-Hybrid-LogTarget-Small-scale_mean,test
2025-05-09,2025-05-12,1.5662677776101377,1.5660242764659185,Calibrated-Hybrid-LogTarget-Small-scale_mean,test
2025-05-12,2025-05-13,0.6231348828577624,1.836752340985419,Calibrated-Hybrid-LogTarget-Small-scale_mean,test
2025-05-13,2025-05-14,1.5683566422405055,1.7575656332140142,Calibrated-Hybrid-LogTarget-Small-scale_mean,test
2025-05-14,2025-05-15,0.0700077382080358,1.80013458408043,Calibrated-Hybrid-LogTarget-Small-scale_mean,test
2025-05-15,2025-05-16,0.816128421348678,1.7850538678131307,Calibrated-Hybrid-LogTarget-Small-scale_mean,test
2025-05-16,2025-05-19,0.1541807515116988,1.7032774036323841,Calibrated-Hybrid-LogTarget-Small-scale_mean,test
2025-05-19,2025-05-20,2.0864038037366446,1.72568348356365,Calibrated-Hybrid-LogTarget-Small-scale_mean,test
2025-05-20,2025-05-21,0.3586751908572574,1.9532442787180075,Calibrated-Hybrid-LogTarget-Small-scale_mean,test
2025-05-21,2025-05-22,0.4879763310352334,1.933281238997504,Calibrated-Hybrid-LogTarget-Small-scale_mean,test
2025-05-22,2025-05-23,0.0022258378145528,2.0427401649156347,Calibrated-Hybrid-LogTarget-Small-scale_mean,test
2025-05-23,2025-05-26,1.8600723156803831,1.4003457349452861,Calibrated-Hybrid-LogTarget-Small-scale_mean,test
2025-05-26,2025-05-27,0.2984907987188625,1.9588899457018765,Calibrated-Hybrid-LogTarget-Small-scale_mean,test
2025-05-27,2025-05-28,0.0236037331895616,1.9218485021599137,Calibrated-Hybrid-LogTarget-Small-scale_mean,test
2025-05-28,2025-05-29,5.553699144539498e-07,1.6262755972345242,Calibrated-Hybrid-LogTarget-Small-scale_mean,test
2025-05-29,2025-05-30,0.4795271728756022,1.5544693328052748,Calibrated-Hybrid-LogTarget-Small-scale_mean,test
2025-05-30,2025-06-02,0.0768775248909457,1.7115631084149903,Calibrated-Hybrid-LogTarget-Small-scale_mean,test
2025-06-02,2025-06-03,0.6659991384313828,1.6688613966290795,Calibrated-Hybrid-LogTarget-Small-scale_mean,test
2025-06-03,2025-06-04,0.0125760569530384,1.8661118368538312,Calibrated-Hybrid-LogTarget-Small-scale_mean,test
2025-06-04,2025-06-05,0.0737636944522696,1.6847491961614924,Calibrated-Hybrid-LogTarget-Small-scale_mean,test
2025-06-05,2025-06-06,0.8339101934074882,1.427924737585524,Calibrated-Hybrid-LogTarget-Small-scale_mean,test
2025-06-06,2025-06-09,2.1415615006193414,1.7314548489247836,Calibrated-Hybrid-LogTarget-Small-scale_mean,test
2025-06-09,2025-06-10,0.1857120921961249,1.769594399596246,Calibrated-Hybrid-LogTarget-Small-scale_mean,test
2025-06-10,2025-06-11,0.0061284527471124,1.6574902900699597,Calibrated-Hybrid-LogTarget-Small-scale_mean,test
2025-06-11,2025-06-12,0.348758893746006,1.3496706499204265,Calibrated-Hybrid-LogTarget-Small-scale_mean,test
2025-06-12,2025-06-13,0.3232043851233978,1.6852907417829597,Calibrated-Hybrid-LogTarget-Small-scale_mean,test
2025-06-13,2025-06-16,2.90666722935662,1.9736555428476819,Calibrated-Hybrid-LogTarget-Small-scale_mean,test
2025-06-16,2025-06-17,0.5089174637565245,1.817751601224056,Calibrated-Hybrid-LogTarget-Small-scale_mean,test
2025-06-17,2025-06-18,0.0040746855610125,1.601428453655702,Calibrated-Hybrid-LogTarget-Small-scale_mean,test
2025-06-18,2025-06-19,0.1490639362511987,1.4711950444315582,Calibrated-Hybrid-LogTarget-Small-scale_mean,test
2025-06-19,2025-06-20,0.0396634294929435,1.311376405962875,Calibrated-Hybrid-LogTarget-Small-scale_mean,test
2025-06-20,2025-06-23,0.4254396112184308,1.423414866144736,Calibrated-Hybrid-LogTarget-Small-scale_mean,test
2025-06-23,2025-06-24,0.3974954121903902,1.3859814397193206,Calibrated-Hybrid-LogTarget-Small-scale_mean,test
2025-06-24,2025-06-25,2.141289912653593e-06,1.4692827158655453,Calibrated-Hybrid-LogTarget-Small-scale_mean,test
2025-06-25,2025-06-26,0.0062490303873797,1.2532571928624678,Calibrated-Hybrid-LogTarget-Small-scale_mean,test
2025-06-26,2025-06-27,0.1777576915183636,1.139691855925688,Calibrated-Hybrid-LogTarget-Small-scale_mean,test
2025-06-27,2025-06-30,0.1135910808511721,1.1965505560874146,Calibrated-Hybrid-LogTarget-Small-scale_mean,test
2025-06-30,2025-07-01,0.0165236945249244,1.0882284404390723,Calibrated-Hybrid-LogTarget-Small-scale_mean,test
2025-07-01,2025-07-02,0.2388288030529801,1.1307159429627445,Calibrated-Hybrid-LogTarget-Small-scale_mean,test
2025-07-02,2025-07-03,0.0361488680610222,1.262542562455078,Calibrated-Hybrid-LogTarget-Small-scale_mean,test
2025-07-03,2025-07-04,0.1309520910154639,1.7051318207923754,Calibrated-Hybrid-LogTarget-Small-scale_mean,test
2025-07-04,2025-07-07,1.1709559965363006,1.3455064115393003,Calibrated-Hybrid-LogTarget-Small-scale_mean,test
2025-07-07,2025-07-08,0.904778187332118,1.8941923146640505,Calibrated-Hybrid-LogTarget-Small-scale_mean,test
2025-07-08,2025-07-09,1.241559484315582,1.8762777217547801,Calibrated-Hybrid-LogTarget-Small-scale_mean,test
2025-07-09,2025-07-10,0.9910271514632224,2.075683111181099,Calibrated-Hybrid-LogTarget-Small-scale_mean,test
2025-07-10,2025-07-11,0.6970381226212395,1.661810843576076,Calibrated-Hybrid-LogTarget-Small-scale_mean,test
2025-07-11,2025-07-14,0.7477170344432008,1.6603932270765827,Calibrated-Hybrid-LogTarget-Small-scale_mean,test
2025-07-14,2025-07-15,0.4444265080916222,1.7816617377573347,Calibrated-Hybrid-LogTarget-Small-scale_mean,test
2025-07-15,2025-07-16,0.1995824056263008,1.8875479318592812,Calibrated-Hybrid-LogTarget-Small-scale_mean,test
2025-07-16,2025-07-17,2.3820294026445814,1.9195241778488084,Calibrated-Hybrid-LogTarget-Small-scale_mean,test
2025-07-17,2025-07-18,0.2369058350764768,2.2242409808626586,Calibrated-Hybrid-LogTarget-Small-scale_mean,test
2025-07-18,2025-07-21,0.6726766922283197,2.105598429618713,Calibrated-Hybrid-LogTarget-Small-scale_mean,test
2025-07-21,2025-07-22,2.6753597330452594,2.1107798034738385,Calibrated-Hybrid-LogTarget-Small-scale_mean,test
2025-07-22,2025-07-23,0.033610422134737,2.1348373120347115,Calibrated-Hybrid-LogTarget-Small-scale_mean,test
2025-07-23,2025-07-24,0.3298066193429415,2.061500849577553,Calibrated-Hybrid-LogTarget-Small-scale_mean,test
2025-07-24,2025-07-25,0.4388880259346913,2.0666303722219794,Calibrated-Hybrid-LogTarget-Small-scale_mean,test
2025-07-25,2025-07-28,2.898363616722053,1.9326658799318486,Calibrated-Hybrid-LogTarget-Small-scale_mean,test
2025-07-28,2025-07-29,17.613558540836202,2.2657322446103882,Calibrated-Hybrid-LogTarget-Small-scale_mean,test
2025-07-29,2025-07-30,0.8980946651524866,3.044315521203294,Calibrated-Hybrid-LogTarget-Small-scale_mean,test
2025-07-30,2025-07-31,0.1152726694915896,2.5776602041592707,Calibrated-Hybrid-LogTarget-Small-scale_mean,test
2025-07-31,2025-08-01,0.1152726694915833,2.5327373800671515,Calibrated-Hybrid-LogTarget-Small-scale_mean,test
2025-08-01,2025-08-04,1.834710119502004,2.3725352118717935,Calibrated-Hybrid-LogTarget-Small-scale_mean,test
2025-08-04,2025-08-05,1.520412348936557,2.282400671765351,Calibrated-Hybrid-LogTarget-Small-scale_mean,test
2025-08-05,2025-08-06,2.8972670658789563,2.2473524619189527,Calibrated-Hybrid-LogTarget-Small-scale_mean,test
2025-08-06,2025-08-07,0.2635664108766646,1.948264729716281,Calibrated-Hybrid-LogTarget-Small-scale_mean,test
2025-08-07,2025-08-08,0.039326859883716,1.9584201640584207,Calibrated-Hybrid-LogTarget-Small-scale_mean,test
2025-08-08,2025-08-11,0.9422556417684452,2.000556699667985,Calibrated-Hybrid-LogTarget-Small-scale_mean,test
2025-08-11,2025-08-12,0.2369869845385009,1.9134195839833081,Calibrated-Hybrid-LogTarget-Small-scale_mean,test
2025-08-12,2025-08-13,0.0440788772156527,1.6836252814316643,Calibrated-Hybrid-LogTarget-Small-scale_mean,test
2025-08-13,2025-08-14,3.200310161092739,1.5733057989418182,Calibrated-Hybrid-LogTarget-Small-scale_mean,test
2025-08-14,2025-08-15,0.4273067256056122,1.70884854760972,Calibrated-Hybrid-LogTarget-Small-scale_mean,test
2025-08-15,2025-08-18,0.1521280158050796,1.6500144563138166,Calibrated-Hybrid-LogTarget-Small-scale_mean,test
2025-08-18,2025-08-19,1.174434797614126,1.6581025315023623,Calibrated-Hybrid-LogTarget-Small-scale_mean,test
2025-08-19,2025-08-20,0.3749305014941085,1.7987424156053617,Calibrated-Hybrid-LogTarget-Small-scale_mean,test
2025-08-20,2025-08-21,1.989152286945736,1.6840379789754758,Calibrated-Hybrid-LogTarget-Small-scale_mean,test
2025-08-21,2025-08-22,6.511855987425645,1.537254522434628,Calibrated-Hybrid-LogTarget-Small-scale_mean,test
2025-08-22,2025-08-25,3.721774310323592,2.364072282255399,Calibrated-Hybrid-LogTarget-Small-scale_mean,test
2025-08-25,2025-08-26,10.672831463331164,2.5240744280441687,Calibrated-Hybrid-LogTarget-Small-scale_mean,test
2025-08-26,2025-08-27,0.1033600134238672,2.4751374145240046,Calibrated-Hybrid-LogTarget-Small-scale_mean,test
2025-08-27,2025-08-28,0.2196933006813634,2.257219579409849,Calibrated-Hybrid-LogTarget-Small-scale_mean,test
2025-08-28,2025-08-29,0.0064454873601164,1.954710936803086,Calibrated-Hybrid-LogTarget-Small-scale_mean,test
2025-08-29,2025-09-03,0.0029279074904991,1.8435027079536086,Calibrated-Hybrid-LogTarget-Small-scale_mean,test
2025-09-03,2025-09-04,0.7878709714332047,1.9130077984526448,Calibrated-Hybrid-LogTarget-Small-scale_mean,test
2025-09-04,2025-09-05,3.0401082196490887,1.8267814452609643,Calibrated-Hybrid-LogTarget-Small-scale_mean,test
2025-09-05,2025-09-08,6.650758234823594,2.148360427892249,Calibrated-Hybrid-LogTarget-Small-scale_mean,test
2025-09-08,2025-09-09,0.6150034620566089,2.718157133293042,Calibrated-Hybrid-LogTarget-Small-scale_mean,test
2025-09-09,2025-09-10,0.1311392104891743,2.2425388119541947,Calibrated-Hybrid-LogTarget-Small-scale_mean,test
2025-09-10,2025-09-11,0.7707413531131861,1.9649830101709342,Calibrated-Hybrid-LogTarget-Small-scale_mean,test
2025-09-11,2025-09-12,0.3272182232185671,1.9915878895576684,Calibrated-Hybrid-LogTarget-Small-scale_mean,test
2025-09-12,2025-09-15,1.1076835127457196,1.6553502114389642,Calibrated-Hybrid-LogTarget-Small-scale_mean,test
2025-09-15,2025-09-16,0.0564941879844652,1.4875431205800185,Calibrated-Hybrid-LogTarget-Small-scale_mean,test
2025-09-16,2025-09-17,0.3510643230345384,1.4373483714206796,Calibrated-Hybrid-LogTarget-Small-scale_mean,test
2025-09-17,2025-09-18,0.1204832995414096,1.4543926284917994,Calibrated-Hybrid-LogTarget-Small-scale_mean,test
2025-09-18,2025-09-19,0.1558113286329437,1.4762798382260736,Calibrated-Hybrid-LogTarget-Small-scale_mean,test
2025-09-19,2025-09-22,2.1548992233102013,1.400010237346685,Calibrated-Hybrid-LogTarget-Small-scale_mean,test
2025-09-22,2025-09-23,0.0024547743448737,1.6110273733341423,Calibrated-Hybrid-LogTarget-Small-scale_mean,test
2025-09-23,2025-09-24,1.8183165781347828,1.335551656825497,Calibrated-Hybrid-LogTarget-Small-scale_mean,test
2025-09-24,2025-09-25,0.2696988542084727,1.783597667467258,Calibrated-Hybrid-LogTarget-Small-scale_mean,test
2025-09-25,2025-09-26,0.1049995667244043,1.5865584477180883,Calibrated-Hybrid-LogTarget-Small-scale_mean,test
2025-09-26,2025-09-29,0.1207157531709924,1.415434838765284,Calibrated-Hybrid-LogTarget-Small-scale_mean,test
2025-09-29,2025-09-30,0.0825092745825899,1.2600762114102795,Calibrated-Hybrid-LogTarget-Small-scale_mean,test
2025-09-30,2025-10-01,0.0405610853854958,1.471712331331713,Calibrated-Hybrid-LogTarget-Small-scale_mean,test
2025-10-01,2025-10-02,0.5533556929381476,1.1418901803572654,Calibrated-Hybrid-LogTarget-Small-scale_mean,test
2025-10-02,2025-10-03,0.1745254722126338,1.203921261825706,Calibrated-Hybrid-LogTarget-Small-scale_mean,test
2025-10-03,2025-10-06,8.84404690494525,1.297563652212511,Calibrated-Hybrid-LogTarget-Small-scale_mean,test
2025-10-06,2025-10-07,0.3641027934298682,2.043078067993509,Calibrated-Hybrid-LogTarget-Small-scale_mean,test
2025-10-07,2025-10-08,0.5486921315455813,1.595448470168868,Calibrated-Hybrid-LogTarget-Small-scale_mean,test
2025-10-08,2025-10-09,1.1922218605244943,1.5880016173544695,Calibrated-Hybrid-LogTarget-Small-scale_mean,test
2025-10-09,2025-10-10,3.220212549761636,1.5915662414667007,Calibrated-Hybrid-LogTarget-Small-scale_mean,test
2025-10-10,2025-10-13,1.0007740943267542,1.5998702807013605,Calibrated-Hybrid-LogTarget-Small-scale_mean,test
2025-10-13,2025-10-14,0.0530277849803774,1.4599462446901574,Calibrated-Hybrid-LogTarget-Small-scale_mean,test
2025-10-14,2025-10-15,0.0312420838438003,1.2618568891898687,Calibrated-Hybrid-LogTarget-Small-scale_mean,test
2025-10-15,2025-10-16,0.2550192069697773,1.2514271862102138,Calibrated-Hybrid-LogTarget-Small-scale_mean,test
2025-10-16,2025-10-17,4.157221997254808,1.3742140194574983,Calibrated-Hybrid-LogTarget-Small-scale_mean,test
2025-10-17,2025-10-20,31.687885302040943,1.5765338867438305,Calibrated-Hybrid-LogTarget-Small-scale_mean,test
2025-10-20,2025-10-21,2.6780326889178614,2.454063328510737,Calibrated-Hybrid-LogTarget-Small-scale_mean,test
2025-10-21,2025-10-22,0.8133878588699036,2.7186986406644706,Calibrated-Hybrid-LogTarget-Small-scale_mean,test
2025-10-22,2025-10-23,0.2587585559528909,2.3556715532800174,Calibrated-Hybrid-LogTarget-Small-scale_mean,test
2025-10-23,2025-10-24,0.053015415411533,2.055957681795568,Calibrated-Hybrid-LogTarget-Small-scale_mean,test
2025-10-24,2025-10-27,3.375069844215606,1.8654465839645102,Calibrated-Hybrid-LogTarget-Small-scale_mean,test
2025-10-27,2025-10-28,2.814969211801454,2.004180537096683,Calibrated-Hybrid-LogTarget-Small-scale_mean,test
2025-10-28,2025-10-29,0.1002770987516237,2.1052957370577206,Calibrated-Hybrid-LogTarget-Small-scale_mean,test
2025-10-29,2025-10-30,0.939332335111435,1.9648699905781255,Calibrated-Hybrid-LogTarget-Small-scale_mean,test
2025-10-30,2025-10-31,3.2700587697209347,1.9167514489664912,Calibrated-Hybrid-LogTarget-Small-scale_mean,test
2025-10-31,2025-11-03,1.9349432702427485,2.035657823621211,Calibrated-Hybrid-LogTarget-Small-scale_mean,test
2025-11-03,2025-11-04,4.580450857721864,2.1787030181936258,Calibrated-Hybrid-LogTarget-Small-scale_mean,test
2025-11-04,2025-11-05,0.0309750452194787,2.361098564157268,Calibrated-Hybrid-LogTarget-Small-scale_mean,test
2025-11-05,2025-11-06,0.5520248822173379,1.653668801036336,Calibrated-Hybrid-LogTarget-Small-scale_mean,test
2025-11-06,2025-11-07,7.216601336017348,1.46666459986526,Calibrated-Hybrid-LogTarget-Small-scale_mean,test
2025-11-07,2025-11-10,1.3629185312754708,2.167043478125235,Calibrated-Hybrid-LogTarget-Small-scale_mean,test
2025-11-10,2025-11-11,0.6782053056730832,2.113293392783276,Calibrated-Hybrid-LogTarget-Small-scale_mean,test
2025-11-11,2025-11-12,5.625713037940661,2.028546714994418,Calibrated-Hybrid-LogTarget-Small-scale_mean,test
2025-11-12,2025-11-13,0.000662589539105,2.2016431307970503,Calibrated-Hybrid-LogTarget-Small-scale_mean,test
2025-11-13,2025-11-14,0.0605676682080504,1.5576790122574298,Calibrated-Hybrid-LogTarget-Small-scale_mean,test
2025-11-14,2025-11-17,1.328575255573558,1.489779499599548,Calibrated-Hybrid-LogTarget-Small-scale_mean,test
2025-11-17,2025-11-18,0.1101519148224003,1.570612786919428,Calibrated-Hybrid-LogTarget-Small-scale_mean,test
2025-11-18,2025-11-19,0.4356481626659925,1.4871009278793552,Calibrated-Hybrid-LogTarget-Small-scale_mean,test
2025-11-19,2025-11-20,0.1789267767214806,1.4960960744919898,Calibrated-Hybrid-LogTarget-Small-scale_mean,test
2025-11-20,2025-11-21,0.0040999105070223,1.3579473366532855,Calibrated-Hybrid-LogTarget-Small-scale_mean,test
2025-11-21,2025-11-24,0.6169476621587812,1.346498189931468,Calibrated-Hybrid-LogTarget-Small-scale_mean,test
2025-11-24,2025-11-25,0.2096602420348715,1.195636868326961,Calibrated-Hybrid-LogTarget-Small-scale_mean,test
2025-11-25,2025-11-26,1.433673327817772,1.3088360343164274,Calibrated-Hybrid-LogTarget-Small-scale_mean,test
2025-11-26,2025-11-27,0.0554068207335508,1.2738559768514048,Calibrated-Hybrid-LogTarget-Small-scale_mean,test
2025-11-27,2025-11-28,0.1562015926240177,1.0539310838236342,Calibrated-Hybrid-LogTarget-Small-scale_mean,test
2025-11-28,2025-12-01,0.39639182484541,1.0831056839683542,Calibrated-Hybrid-LogTarget-Small-scale_mean,test
2025-12-01,2025-12-02,0.8106128656312585,0.9462559429937017,Calibrated-Hybrid-LogTarget-Small-scale_mean,test
2025-12-02,2025-12-03,0.7276910420234725,1.0629764433409947,Calibrated-Hybrid-LogTarget-Small-scale_mean,test
2025-12-03,2025-12-04,0.0994544592328996,1.0606261702626383,Calibrated-Hybrid-LogTarget-Small-scale_mean,test
2025-12-04,2025-12-05,0.0550277452970135,1.0516693847872047,Calibrated-Hybrid-LogTarget-Small-scale_mean,test
2025-12-05,2025-12-08,0.5051234930048776,0.9466242020089691,Calibrated-Hybrid-LogTarget-Small-scale_mean,test
2025-12-08,2025-12-09,0.1408736793364905,0.9652295638162769,Calibrated-Hybrid-LogTarget-Small-scale_mean,test
2025-12-09,2025-12-10,2.645907078453935,1.1243688183229743,Calibrated-Hybrid-LogTarget-Small-scale_mean,test
2025-12-10,2025-12-11,1.3806505812729413,1.1196646680253743,Calibrated-Hybrid-LogTarget-Small-scale_mean,test
2025-12-11,2025-12-12,9.667324836347865,1.266011383708078,Calibrated-Hybrid-LogTarget-Small-scale_mean,test
2025-12-12,2025-12-15,0.0028567239256699,2.4854146611415504,Calibrated-Hybrid-LogTarget-Small-scale_mean,test
2025-12-15,2025-12-16,3.980584197891362,1.9536796307100288,Calibrated-Hybrid-LogTarget-Small-scale_mean,test
2025-12-16,2025-12-17,0.1084209662548159,2.1897453121419,Calibrated-Hybrid-LogTarget-Small-scale_mean,test
2025-12-17,2025-12-18,0.0392718088641224,1.5091996793552356,Calibrated-Hybrid-LogTarget-Small-scale_mean,test
2025-12-18,2025-12-19,2.613324440401082,1.3781417784005672,Calibrated-Hybrid-LogTarget-Small-scale_mean,test
2025-12-19,2025-12-22,7.313697947150696,1.5704090921044576,Calibrated-Hybrid-LogTarget-Small-scale_mean,test
2025-12-22,2025-12-23,1.4374361396783522,1.9946042835976436,Calibrated-Hybrid-LogTarget-Small-scale_mean,test
2025-12-23,2025-12-24,0.36034587773515,1.551708671589153,Calibrated-Hybrid-LogTarget-Small-scale_mean,test
2025-12-24,2025-12-25,5.141409326470893,1.2872472439295102,Calibrated-Hybrid-LogTarget-Small-scale_mean,test
2025-12-25,2025-12-26,0.5648889447832609,1.5656686825907096,Calibrated-Hybrid-LogTarget-Small-scale_mean,test
2025-12-26,2025-12-29,2.0655121585777008,1.988951827580656,Calibrated-Hybrid-LogTarget-Small-scale_mean,test
2025-12-29,2025-12-30,0.4690762256667201,1.7577594481943957,Calibrated-Hybrid-LogTarget-Small-scale_mean,test
2025-12-30,2025-12-31,0.9813005407165244,1.5280304940083673,Calibrated-Hybrid-LogTarget-Small-scale_mean,test
2020-01-02,2020-01-03,0.0250907830256049,0.4129732595700474,Calibrated-Hybrid-LogTarget-Small-scale_mean,validation
2020-01-03,2020-01-06,0.9476915195201792,0.40217397213059514,Calibrated-Hybrid-LogTarget-Small-scale_mean,validation
2020-01-06,2020-01-07,0.104181316002117,0.4399961399112044,Calibrated-Hybrid-LogTarget-Small-scale_mean,validation
2020-01-07,2020-01-08,1.0770730792986123,0.4329021692658946,Calibrated-Hybrid-LogTarget-Small-scale_mean,validation
2020-01-08,2020-01-09,1.3693209243773992,0.4874943991841935,Calibrated-Hybrid-LogTarget-Small-scale_mean,validation
2020-01-09,2020-01-10,0.7569453657796249,0.5044574657026503,Calibrated-Hybrid-LogTarget-Small-scale_mean,validation
2020-01-10,2020-01-13,0.0779299678700735,0.5169102281657235,Calibrated-Hybrid-LogTarget-Small-scale_mean,validation
2020-01-13,2020-01-14,0.0144073552388825,0.5182973149087627,Calibrated-Hybrid-LogTarget-Small-scale_mean,validation
2020-01-14,2020-01-15,0.0033517503388054,0.5365904477902773,Calibrated-Hybrid-LogTarget-Small-scale_mean,validation
2020-01-15,2020-01-16,0.483315508188739,0.5388780212165373,Calibrated-Hybrid-LogTarget-Small-scale_mean,validation
2020-01-16,2020-01-17,0.2266955412354889,0.5463595227910374,Calibrated-Hybrid-LogTarget-Small-scale_mean,validation
2020-01-17,2020-01-20,0.0011366961882311,0.5355310571149524,Calibrated-Hybrid-LogTarget-Small-scale_mean,validation
2020-01-20,2020-01-21,0.620613610020936,0.5084691310120916,Calibrated-Hybrid-LogTarget-Small-scale_mean,validation
2020-01-21,2020-01-22,0.2649229323580117,0.513962605531481,Calibrated-Hybrid-LogTarget-Small-scale_mean,validation
2020-01-22,2020-01-30,10.681729656091257,0.4960076400780787,Calibrated-Hybrid-LogTarget-Small-scale_mean,validation
2020-01-30,2020-01-31,5.865133827993191,0.9655100163400123,Calibrated-Hybrid-LogTarget-Small-scale_mean,validation
2020-01-31,2020-02-03,0.8272024151231092,2.605982199242744,Calibrated-Hybrid-LogTarget-Small-scale_mean,validation
2020-02-03,2020-02-04,0.0104658835251161,3.540179625844026,Calibrated-Hybrid-LogTarget-Small-scale_mean,validation
2020-02-04,2020-02-05,0.1175512507127237,3.6017394858355467,Calibrated-Hybrid-LogTarget-Small-scale_mean,validation
2020-02-05,2020-02-06,1.8356018915555292,3.6538329916296313,Calibrated-Hybrid-LogTarget-Small-scale_mean,validation
2020-02-06,2020-02-07,0.0553168362540114,3.109503589367204,Calibrated-Hybrid-LogTarget-Small-scale_mean,validation
2020-02-07,2020-02-10,1.14665654297727,2.467022450731549,Calibrated-Hybrid-LogTarget-Small-scale_mean,validation
2020-02-10,2020-02-11,0.1784472180385378,2.522639124740748,Calibrated-Hybrid-LogTarget-Small-scale_mean,validation
2020-02-11,2020-02-12,0.1033759850072604,2.200452294960033,Calibrated-Hybrid-LogTarget-Small-scale_mean,validation
2020-02-12,2020-02-13,0.0035645724311596,2.0263804253429525,Calibrated-Hybrid-LogTarget-Small-scale_mean,validation
2020-02-13,2020-02-14,0.007095648592579,1.675369568571881,Calibrated-Hybrid-LogTarget-Small-scale_mean,validation
2020-02-14,2020-02-17,0.0819627293788475,1.3283028190776152,Calibrated-Hybrid-LogTarget-Small-scale_mean,validation
2020-02-17,2020-02-18,0.5393743252289994,1.076630568368124,Calibrated-Hybrid-LogTarget-Small-scale_mean,validation
2020-02-18,2020-02-19,0.0079935084291448,1.142715389364464,Calibrated-Hybrid-LogTarget-Small-scale_mean,validation
2020-02-19,2020-02-20,1.007648372641439,1.0236307161301268,Calibrated-Hybrid-LogTarget-Small-scale_mean,validation
2020-02-20,2020-02-21,0.2901840002942764,0.8804425867717659,Calibrated-Hybrid-LogTarget-Small-scale_mean,validation
2020-02-21,2020-02-24,10.499319840007198,0.8414731920128168,Calibrated-Hybrid-LogTarget-Small-scale_mean,validation
2020-02-24,2020-02-25,0.487607684946675,2.1821215564289065,Calibrated-Hybrid-LogTarget-Small-scale_mean,validation
2020-02-25,2020-02-26,2.3027959637577347,2.280326978686301,Calibrated-Hybrid-LogTarget-Small-scale_mean,validation
2020-02-26,2020-02-27,0.0757898564940438,3.1213560575079455,Calibrated-Hybrid-LogTarget-Small-scale_mean,validation
2020-02-27,2020-02-28,3.3315279697661397,2.783238074282679,Calibrated-Hybrid-LogTarget-Small-scale_mean,validation
2020-02-28,2020-03-02,0.0643087707016609,3.772720079050597,Calibrated-Hybrid-LogTarget-Small-scale_mean,validation
2020-03-02,2020-03-03,0.4848687144344406,3.185835054226632,Calibrated-Hybrid-LogTarget-Small-scale_mean,validation
2020-03-03,2020-03-04,0.0194121329487549,2.854562262571285,Calibrated-Hybrid-LogTarget-Small-scale_mean,validation
2020-03-04,2020-03-05,0.1953921289983395,2.520752649402247,Calibrated-Hybrid-LogTarget-Small-scale_mean,validation
2020-03-05,2020-03-06,0.0439125584620563,2.162360599453437,Calibrated-Hybrid-LogTarget-Small-scale_mean,validation
2020-03-06,2020-03-09,42.01600464009923,1.8392791004349123,Calibrated-Hybrid-LogTarget-Small-scale_mean,validation
2020-03-09,2020-03-10,0.0577385447930077,7.9311133589877905,Calibrated-Hybrid-LogTarget-Small-scale_mean,validation
2020-03-10,2020-03-11,10.062685801317658,5.33292018954446,Calibrated-Hybrid-LogTarget-Small-scale_mean,validation
2020-03-11,2020-03-12,28.39132734538161,8.932176613602547,Calibrated-Hybrid-LogTarget-Small-scale_mean,validation
2020-03-12,2020-03-13,0.9522274265858316,11.388307629814753,Calibrated-Hybrid-LogTarget-Small-scale_mean,validation
2020-03-13,2020-03-16,3.4010756349170417,7.6505564992823,Calibrated-Hybrid-LogTarget-Small-scale_mean,validation
2020-03-16,2020-03-17,0.0775702786503674,8.222966279671372,Calibrated-Hybrid-LogTarget-Small-scale_mean,validation
2020-03-17,2020-03-18,0.0633870572758951,6.120248036067204,Calibrated-Hybrid-LogTarget-Small-scale_mean,validation
2020-03-18,2020-03-19,8.691271441121467,5.2474940412765925,Calibrated-Hybrid-LogTarget-Small-scale_mean,validation
2020-03-19,2020-03-20,5.099806319623413,8.30399368061898,Calibrated-Hybrid-LogTarget-Small-scale_mean,validation
2020-03-20,2020-03-23,39.324753398937766,7.786381950548289,Calibrated-Hybrid-LogTarget-Small-scale_mean,validation
2020-03-23,2020-03-24,1.2394404253652411,12.082857446207859,Calibrated-Hybrid-LogTarget-Small-scale_mean,validation
2020-03-24,2020-03-25,21.170767602446844,7.591202191918654,Calibrated-Hybrid-LogTarget-Small-scale_mean,validation
2020-03-25,2020-03-26,0.3272592319629427,8.562496805052762,Calibrated-Hybrid-LogTarget-Small-scale_mean,validation
2020-03-26,2020-03-27,0.0708281107928228,5.493214774955792,Calibrated-Hybrid-LogTarget-Small-scale_mean,validation
2020-03-27,2020-03-30,24.77812989942355,4.437603503882032,Calibrated-Hybrid-LogTarget-Small-scale_mean,validation
2020-03-30,2020-03-31,0.0016614736162584,8.920010001972352,Calibrated-Hybrid-LogTarget-Small-scale_mean,validation
2020-03-31,2020-04-01,6.951204185299923,5.2812404169187985,Calibrated-Hybrid-LogTarget-Small-scale_mean,validation
2020-04-01,2020-04-03,9.745314866975544,5.905801688229654,Calibrated-Hybrid-LogTarget-Small-scale_mean,validation
2020-04-03,2020-04-06,23.61975403181723,5.032359020001292,Calibrated-Hybrid-LogTarget-Small-scale_mean,validation
2020-04-06,2020-04-07,1.7959977540981795,5.218430448529869,Calibrated-Hybrid-LogTarget-Small-scale_mean,validation
2020-04-07,2020-04-08,0.031670113685362,2.724720649583177,Calibrated-Hybrid-LogTarget-Small-scale_mean,validation
2020-04-08,2020-04-09,2.664349091269905,1.9440461627486552,Calibrated-Hybrid-LogTarget-Small-scale_mean,validation
2020-04-09,2020-04-10,0.0991193599969613,2.068287941171585,Calibrated-Hybrid-LogTarget-Small-scale_mean,validation
2020-04-10,2020-04-13,1.0616734405284087,2.2243031594520257,Calibrated-Hybrid-LogTarget-Small-scale_mean,validation
2020-04-13,2020-04-14,0.044657326796299,1.8632141281514383,Calibrated-Hybrid-LogTarget-Small-scale_mean,validation
2020-04-14,2020-04-15,1.6134694756828007,1.496498304546758,Calibrated-Hybrid-LogTarget-Small-scale_mean,validation
2020-04-15,2020-04-16,0.1995857905304535,1.4222660583488147,Calibrated-Hybrid-LogTarget-Small-scale_mean,validation
2020-04-16,2020-04-17,1.2849435357813008,1.147084878904478,Calibrated-Hybrid-LogTarget-Small-scale_mean,validation
2020-04-17,2020-04-20,0.4593979249949131,1.0940438860396255,Calibrated-Hybrid-LogTarget-Small-scale_mean,validation
2020-04-20,2020-04-21,12.978873344019766,0.9818891866256119,Calibrated-Hybrid-LogTarget-Small-scale_mean,validation
2020-04-21,2020-04-22,0.0733737116381983,3.085920258024501,Calibrated-Hybrid-LogTarget-Small-scale_mean,validation
2020-04-22,2020-04-23,0.4184349588364568,2.221573314895026,Calibrated-Hybrid-LogTarget-Small-scale_mean,validation
2020-04-23,2020-04-24,0.1258182196300893,2.2336217019744424,Calibrated-Hybrid-LogTarget-Small-scale_mean,validation
2020-04-24,2020-04-27,0.5795257679139346,1.9813215178653225,Calibrated-Hybrid-LogTarget-Small-scale_mean,validation
2020-04-27,2020-04-28,0.2143187476000118,1.8847748823779964,Calibrated-Hybrid-LogTarget-Small-scale_mean,validation
2020-04-28,2020-04-29,0.0611792667418572,1.6181963501745906,Calibrated-Hybrid-LogTarget-Small-scale_mean,validation
2020-04-29,2020-05-04,0.7518344451734201,1.4953202811357835,Calibrated-Hybrid-LogTarget-Small-scale_mean,validation
2020-05-04,2020-05-05,0.0490191944837796,1.7679292947693035,Calibrated-Hybrid-LogTarget-Small-scale_mean,validation
2020-05-05,2020-05-06,5.6795185291388,1.477163201546634,Calibrated-Hybrid-LogTarget-Small-scale_mean,validation
2020-05-06,2020-05-07,3.121729248484887,2.1166028645818615,Calibrated-Hybrid-LogTarget-Small-scale_mean,validation
2020-05-07,2020-05-08,4.558766386917776,1.6110008707301633,Calibrated-Hybrid-LogTarget-Small-scale_mean,validation
2020-05-08,2020-05-11,3.1623544686065705,1.5544092944349255,Calibrated-Hybrid-LogTarget-Small-scale_mean,validation
2020-05-11,2020-05-12,0.7061476617266061,1.3906874951469983,Calibrated-Hybrid-LogTarget-Small-scale_mean,validation
2020-05-12,2020-05-13,0.0176814396147646,1.2360083575537817,Calibrated-Hybrid-LogTarget-Small-scale_mean,validation
2020-05-13,2020-05-14,0.0471790852184788,1.2817027282190254,Calibrated-Hybrid-LogTarget-Small-scale_mean,validation
2020-05-14,2020-05-15,0.4188839500568042,1.3649829957025412,Calibrated-Hybrid-LogTarget-Small-scale_mean,validation
2020-05-15,2020-05-18,1.4388117144550177,1.5765145293011429,Calibrated-Hybrid-LogTarget-Small-scale_mean,validation
2020-05-18,2020-05-19,1.1212214832868546,1.543591127649864,Calibrated-Hybrid-LogTarget-Small-scale_mean,validation
2020-05-19,2020-05-20,0.6772038230630518,1.4029483179475417,Calibrated-Hybrid-LogTarget-Small-scale_mean,validation
2020-05-20,2020-05-21,1.3105093570623978,1.1924669119892668,Calibrated-Hybrid-LogTarget-Small-scale_mean,validation
2020-05-21,2020-05-22,1.3565460202551032,1.191560887940891,Calibrated-Hybrid-LogTarget-Small-scale_mean,validation
2020-05-22,2020-05-25,0.541812619677385,1.3125323372573594,Calibrated-Hybrid-LogTarget-Small-scale_mean,validation
2020-05-25,2020-05-26,1.3635757531139376,1.234082898156203,Calibrated-Hybrid-LogTarget-Small-scale_mean,validation
2020-05-26,2020-05-27,1.8211114283606344,1.2678253860698798,Calibrated-Hybrid-LogTarget-Small-scale_mean,validation
2020-05-27,2020-05-28,0.2069802660068541,1.6374797957866076,Calibrated-Hybrid-LogTarget-Small-scale_mean,validation
2020-05-28,2020-05-29,0.1273946587706487,1.4767816603721164,Calibrated-Hybrid-LogTarget-Small-scale_mean,validation
2020-05-29,2020-06-01,2.6545527294324818,1.4683715067229428,Calibrated-Hybrid-LogTarget-Small-scale_mean,validation
2020-06-01,2020-06-02,0.1948438272852952,1.654822429475138,Calibrated-Hybrid-LogTarget-Small-scale_mean,validation
2020-06-02,2020-06-03,0.526391032778092,1.5301289069187214,Calibrated-Hybrid-LogTarget-Small-scale_mean,validation
2020-06-03,2020-06-04,0.0956890209261397,1.3803440002718843,Calibrated-Hybrid-LogTarget-Small-scale_mean,validation
2020-06-04,2020-06-05,0.068711754863941,1.3649131911827093,Calibrated-Hybrid-LogTarget-Small-scale_mean,validation
2020-06-05,2020-06-08,2.3533534927844846,1.418190058106401,Calibrated-Hybrid-LogTarget-Small-scale_mean,validation
2020-06-08,2020-06-09,0.0029663396470081,1.5501846460662216,Calibrated-Hybrid-LogTarget-Small-scale_mean,validation
2020-06-09,2020-06-10,0.0192877721914381,1.3795603074204104,Calibrated-Hybrid-LogTarget-Small-scale_mean,validation
2020-06-10,2020-06-11,14.20113167350128,1.4298582342218658,Calibrated-Hybrid-LogTarget-Small-scale_mean,validation
2020-06-11,2020-06-12,0.1978991573902568,4.0431937477498385,Calibrated-Hybrid-LogTarget-Small-scale_mean,validation
2020-06-12,2020-06-15,13.410151498832947,3.438810295700179,Calibrated-Hybrid-LogTarget-Small-scale_mean,validation
2020-06-15,2020-06-16,7.854033490557961,7.039537067476153,Calibrated-Hybrid-LogTarget-Small-scale_mean,validation
2020-06-16,2020-06-17,0.0390437911460607,6.140537943163299,Calibrated-Hybrid-LogTarget-Small-scale_mean,validation
2020-06-17,2020-06-18,0.0094269529730988,4.486098470337734,Calibrated-Hybrid-LogTarget-Small-scale_mean,validation
2020-06-18,2020-06-19,2.3775972708277777,3.8920777151720345,Calibrated-Hybrid-LogTarget-Small-scale_mean,validation
2020-06-19,2020-06-22,0.0977642075595444,3.923722811690222,Calibrated-Hybrid-LogTarget-Small-scale_mean,validation
2020-06-22,2020-06-23,0.1254074833473004,3.142261566247652,Calibrated-Hybrid-LogTarget-Small-scale_mean,validation
2020-06-23,2020-06-24,0.9656953175585764,2.982090155920167,Calibrated-Hybrid-LogTarget-Small-scale_mean,validation
2020-06-24,2020-06-25,0.3568032861992914,3.1605072648403136,Calibrated-Hybrid-LogTarget-Small-scale_mean,validation
2020-06-25,2020-06-26,0.0935607015251472,3.057274440070955,Calibrated-Hybrid-LogTarget-Small-scale_mean,validation
2020-06-26,2020-06-29,7.240799310682349,2.826623717778829,Calibrated-Hybrid-LogTarget-Small-scale_mean,validation
2020-06-29,2020-06-30,0.263950183757359,4.867069564257644,Calibrated-Hybrid-LogTarget-Small-scale_mean,validation
2020-06-30,2020-07-01,4.853797558668691,3.6462345298322623,Calibrated-Hybrid-LogTarget-Small-scale_mean,validation
2020-07-01,2020-07-02,0.0173403520116891,3.8116328399646497,Calibrated-Hybrid-LogTarget-Small-scale_mean,validation
2020-07-02,2020-07-03,0.3830874038106421,2.6409091681103756,Calibrated-Hybrid-LogTarget-Small-scale_mean,validation
2020-07-03,2020-07-06,2.515298700046254,2.2270586591311634,Calibrated-Hybrid-LogTarget-Small-scale_mean,validation
2020-07-06,2020-07-07,0.0686927141453309,1.9422224637844558,Calibrated-Hybrid-LogTarget-Small-scale_mean,validation
2020-07-07,2020-07-08,0.0156264509294999,1.6639356700732484,Calibrated-Hybrid-LogTarget-Small-scale_mean,validation
2020-07-08,2020-07-09,1.8878106377661732,1.3602189532365034,Calibrated-Hybrid-LogTarget-Small-scale_mean,validation
2020-07-09,2020-07-10,0.3609627180509834,1.4115333819948583,Calibrated-Hybrid-LogTarget-Small-scale_mean,validation
2020-07-10,2020-07-13,0.0819210906952639,1.3972217120909978,Calibrated-Hybrid-LogTarget-Small-scale_mean,validation
2020-07-13,2020-07-14,0.0049340673468667,1.2956530404054913,Calibrated-Hybrid-LogTarget-Small-scale_mean,validation
2020-07-14,2020-07-15,0.0429038013029008,1.2675027505529466,Calibrated-Hybrid-LogTarget-Small-scale_mean,validation
2020-07-15,2020-07-16,0.6277983835430785,1.2254007473277062,Calibrated-Hybrid-LogTarget-Small-scale_mean,validation
2020-07-16,2020-07-17,0.3025848721746239,1.0602254422842847,Calibrated-Hybrid-LogTarget-Small-scale_mean,validation
2020-07-17,2020-07-20,1.5014548821169582,1.0042029383197897,Calibrated-Hybrid-LogTarget-Small-scale_mean,validation
2020-07-20,2020-07-21,0.0011330265098316,1.3224263338294326,Calibrated-Hybrid-LogTarget-Small-scale_mean,validation
2020-07-21,2020-07-22,0.5929839946327068,1.2728163431935442,Calibrated-Hybrid-LogTarget-Small-scale_mean,validation
2020-07-22,2020-07-23,0.0380690415470228,1.4888834443820682,Calibrated-Hybrid-LogTarget-Small-scale_mean,validation
2020-07-23,2020-07-24,10.714506391324338,1.3121592187638957,Calibrated-Hybrid-LogTarget-Small-scale_mean,validation
2020-07-24,2020-07-27,29.71654662116303,3.468607513714443,Calibrated-Hybrid-LogTarget-Small-scale_mean,validation
2020-07-27,2020-07-28,12.442241141417854,9.968835573290153,Calibrated-Hybrid-LogTarget-Small-scale_mean,validation
2020-07-28,2020-07-29,7.88382185098053,7.682996226590775,Calibrated-Hybrid-LogTarget-Small-scale_mean,validation
2020-07-29,2020-07-30,1.6712179001127756,9.081247759358314,Calibrated-Hybrid-LogTarget-Small-scale_mean,validation
2020-07-30,2020-07-31,0.1173768950572407,5.838897619355405,Calibrated-Hybrid-LogTarget-Small-scale_mean,validation
2020-07-31,2020-08-03,4.064809725455425,5.021207780740846,Calibrated-Hybrid-LogTarget-Small-scale_mean,validation
2020-08-03,2020-08-04,2.475940854259596,5.2247608935787815,Calibrated-Hybrid-LogTarget-Small-scale_mean,validation
2020-08-04,2020-08-05,1.5093873640970836,4.126814365071363,Calibrated-Hybrid-LogTarget-Small-scale_mean,validation
2020-08-05,2020-08-06,0.0712944062273411,2.917825865691965,Calibrated-Hybrid-LogTarget-Small-scale_mean,validation
2020-08-06,2020-08-07,0.0285261487999524,2.1144453781765717,Calibrated-Hybrid-LogTarget-Small-scale_mean,validation
2020-08-07,2020-08-10,0.0426711422269859,1.906328321369599,Calibrated-Hybrid-LogTarget-Small-scale_mean,validation
2020-08-10,2020-08-11,0.0002025643928529,1.7052110969831844,Calibrated-Hybrid-LogTarget-Small-scale_mean,validation
2020-08-11,2020-08-12,0.2065144883305979,1.4323583972726204,Calibrated-Hybrid-LogTarget-Small-scale_mean,validation
2020-08-12,2020-08-13,0.9127332835843408,1.1537441093108725,Calibrated-Hybrid-LogTarget-Small-scale_mean,validation
2020-08-13,2020-08-14,0.255367280706292,1.018120008254156,Calibrated-Hybrid-LogTarget-Small-scale_mean,validation
2020-08-14,2020-08-17,0.0048129527023226,1.0153547282573883,Calibrated-Hybrid-LogTarget-Small-scale_mean,validation
2020-08-17,2020-08-18,0.1923085427612989,0.9451250973300347,Calibrated-Hybrid-LogTarget-Small-scale_mean,validation
2020-08-18,2020-08-19,0.3171223716823505,0.9434423277652072,Calibrated-Hybrid-LogTarget-Small-scale_mean,validation
2020-08-19,2020-08-20,0.1246527755214606,0.9791462053176867,Calibrated-Hybrid-LogTarget-Small-scale_mean,validation
2020-08-20,2020-08-21,0.5953479247893214,0.9398567347099501,Calibrated-Hybrid-LogTarget-Small-scale_mean,validation
2020-08-21,2020-08-24,2.601992310993434,0.9399751680915537,Calibrated-Hybrid-LogTarget-Small-scale_mean,validation
2020-08-24,2020-08-25,0.3897315001367304,0.9739448711105646,Calibrated-Hybrid-LogTarget-Small-scale_mean,validation
2020-08-25,2020-08-26,0.0055335984725061,0.9157734726725395,Calibrated-Hybrid-LogTarget-Small-scale_mean,validation
2020-08-26,2020-08-27,0.0201247832938772,0.93579368514114,Calibrated-Hybrid-LogTarget-Small-scale_mean,validation
2020-08-27,2020-08-28,0.2371438175251532,0.9363381217937088,Calibrated-Hybrid-LogTarget-Small-scale_mean,validation
2020-08-28,2020-08-31,0.0919913483576587,0.9586932433746578,Calibrated-Hybrid-LogTarget-Small-scale_mean,validation
2020-08-31,2020-09-01,1.2923697898915891,0.9463388564669808,Calibrated-Hybrid-LogTarget-Small-scale_mean,validation
2020-09-01,2020-09-03,1.8585263119302429,0.9524990855073007,Calibrated-Hybrid-LogTarget-Small-scale_mean,validation
2020-09-03,2020-09-04,0.0724558184717704,0.9367404874523366,Calibrated-Hybrid-LogTarget-Small-scale_mean,validation
2020-09-04,2020-09-07,2.20557465755946,0.910875988269557,Calibrated-Hybrid-LogTarget-Small-scale_mean,validation
2020-09-07,2020-09-08,0.045178302752493,1.2264177339678974,Calibrated-Hybrid-LogTarget-Small-scale_mean,validation
2020-09-08,2020-09-09,0.0084939812398233,1.1653231663292496,Calibrated-Hybrid-LogTarget-Small-scale_mean,validation
2020-09-09,2020-09-10,0.003162773705203,1.2503009235516827,Calibrated-Hybrid-LogTarget-Small-scale_mean,validation
2020-09-10,2020-09-11,0.0002847617108647,1.2463854786580273,Calibrated-Hybrid-LogTarget-Small-scale_mean,validation
2020-09-11,2020-09-14,0.3943421427943259,1.150820481899596,Calibrated-Hybrid-LogTarget-Small-scale_mean,validation
2020-09-14,2020-09-15,0.0356225443834294,1.1349678387054185,Calibrated-Hybrid-LogTarget-Small-scale_mean,validation
2020-09-15,2020-09-16,0.0182018998394976,1.0805172892076855,Calibrated-Hybrid-LogTarget-Small-scale_mean,validation
2020-09-16,2020-09-17,0.1466259433788813,0.9831853201706477,Calibrated-Hybrid-LogTarget-Small-scale_mean,validation
2020-09-17,2020-09-18,0.5927837774192054,1.0268436973767494,Calibrated-Hybrid-LogTarget-Small-scale_mean,validation
2020-09-18,2020-09-21,0.5973025247310948,0.965487457440817,Calibrated-Hybrid-LogTarget-Small-scale_mean,validation
2020-09-21,2020-09-22,0.0372219865301334,0.9120242364704708,Calibrated-Hybrid-LogTarget-Small-scale_mean,validation
2020-09-22,2020-09-23,0.4815094749114654,0.9005481887622198,Calibrated-Hybrid-LogTarget-Small-scale_mean,validation
2020-09-23,2020-09-24,0.1853426709964717,0.8743406419204166,Calibrated-Hybrid-LogTarget-Small-scale_mean,validation
2020-09-24,2020-09-25,0.0011645154128207,0.9155527601402664,Calibrated-Hybrid-LogTarget-Small-scale_mean,validation
2020-09-25,2020-09-28,0.2158897933071618,0.892937908867942,Calibrated-Hybrid-LogTarget-Small-scale_mean,validation
2020-09-28,2020-09-29,0.8800033176965605,0.9205665795267571,Calibrated-Hybrid-LogTarget-Small-scale_mean,validation
2020-09-29,2020-09-30,0.0184885133347586,1.0908868035207895,Calibrated-Hybrid-LogTarget-Small-scale_mean,validation
2020-09-30,2020-10-01,0.9529808677190772,0.9863915176855877,Calibrated-Hybrid-LogTarget-Small-scale_mean,validation
2020-10-01,2020-10-02,0.2100701799336074,1.0177864185219168,Calibrated-Hybrid-LogTarget-Small-scale_mean,validation
2020-10-02,2020-10-05,0.2733808865752189,1.1364760676342518,Calibrated-Hybrid-LogTarget-Small-scale_mean,validation
2020-10-05,2020-10-06,0.0117020561613317,1.1177741322947454,Calibrated-Hybrid-LogTarget-Small-scale_mean,validation
2020-10-06,2020-10-07,0.194766708657986,1.1548034929127164,Calibrated-Hybrid-LogTarget-Small-scale_mean,validation
2020-10-07,2020-10-08,0.0091636773062023,1.2100756602033533,Calibrated-Hybrid-LogTarget-Small-scale_mean,validation
2020-10-08,2020-10-09,0.3136074736535195,1.1796966537756883,Calibrated-Hybrid-LogTarget-Small-scale_mean,validation
2020-10-09,2020-10-12,0.039147029875858,1.1086566435370455,Calibrated-Hybrid-LogTarget-Small-scale_mean,validation
2020-10-12,2020-10-13,0.1886516440368795,1.0632671711382387,Calibrated-Hybrid-LogTarget-Small-scale_mean,validation
2020-10-13,2020-10-14,1.2182219245675234,0.9796134435274024,Calibrated-Hybrid-LogTarget-Small-scale_mean,validation
2020-10-14,2020-10-15,0.0750977601457549,0.9636393053644315,Calibrated-Hybrid-LogTarget-Small-scale_mean,validation
2020-10-15,2020-10-16,0.0032789630718449,0.9274868827756232,Calibrated-Hybrid-LogTarget-Small-scale_mean,validation
2020-10-16,2020-10-19,0.0017086378411738,0.8949324923731236,Calibrated-Hybrid-LogTarget-Small-scale_mean,validation
2020-10-19,2020-10-20,0.0059793113747856,0.8774389213823425,Calibrated-Hybrid-LogTarget-Small-scale_mean,validation
2020-10-20,2020-10-21,0.3275908040251104,0.893063737495361,Calibrated-Hybrid-LogTarget-Small-scale_mean,validation
2020-10-21,2020-10-22,1.3246371755092925,0.9566163067235671,Calibrated-Hybrid-LogTarget-Small-scale_mean,validation
2020-10-22,2020-10-23,1.4132948922636843,0.9517819672585363,Calibrated-Hybrid-LogTarget-Small-scale_mean,validation
2020-10-23,2020-10-26,1.1970960361828058,0.9512417046795605,Calibrated-Hybrid-LogTarget-Small-scale_mean,validation
2020-10-26,2020-10-27,0.2083430476879338,1.0699548549951021,Calibrated-Hybrid-LogTarget-Small-scale_mean,validation
2020-10-27,2020-10-28,7.411979475736142,1.1153090817056248,Calibrated-Hybrid-LogTarget-Small-scale_mean,validation
2020-10-28,2020-10-29,0.0458453997519621,2.4017375866316084,Calibrated-Hybrid-LogTarget-Small-scale_mean,validation
2020-10-29,2020-10-30,0.4800476169952387,2.1848337865074154,Calibrated-Hybrid-LogTarget-Small-scale_mean,validation
2020-10-30,2020-11-02,0.7800511650758589,2.245110543818009,Calibrated-Hybrid-LogTarget-Small-scale_mean,validation
2020-11-02,2020-11-03,0.0342682571944602,2.1237279475665236,Calibrated-Hybrid-LogTarget-Small-scale_mean,validation
2020-11-03,2020-11-04,0.2152577372300542,1.7135785199853275,Calibrated-Hybrid-LogTarget-Small-scale_mean,validation
2020-11-04,2020-11-05,0.045844571767648,1.6131159192224238,Calibrated-Hybrid-LogTarget-Small-scale_mean,validation
2020-11-05,2020-11-06,0.003314082741207,1.429224462280944,Calibrated-Hybrid-LogTarget-Small-scale_mean,validation
2020-11-06,2020-11-09,2.10118385761475,1.3606154695811823,Calibrated-Hybrid-LogTarget-Small-scale_mean,validation
2020-11-09,2020-11-10,8.938431274224163e-05,1.5626051514117727,Calibrated-Hybrid-LogTarget-Small-scale_mean,validation
2020-11-10,2020-11-11,0.0011297213251294,1.351912143697203,Calibrated-Hybrid-LogTarget-Small-scale_mean,validation
2020-11-11,2020-11-12,0.5456632914405392,1.1479123366998027,Calibrated-Hybrid-LogTarget-Small-scale_mean,validation
2020-11-12,2020-11-13,0.5301286092359084,1.112293354572718,Calibrated-Hybrid-LogTarget-Small-scale_mean,validation
2020-11-13,2020-11-16,2.614940684665197,1.117836627853802,Calibrated-Hybrid-LogTarget-Small-scale_mean,validation
2020-11-16,2020-11-17,3.5600857195920512,1.45089047300808,Calibrated-Hybrid-LogTarget-Small-scale_mean,validation
2020-11-17,2020-11-18,0.2272651607739751,1.6226728889704591,Calibrated-Hybrid-LogTarget-Small-scale_mean,validation
2020-11-18,2020-11-19,0.9890184423772188,1.390554709404442,Calibrated-Hybrid-LogTarget-Small-scale_mean,validation
2020-11-19,2020-11-20,0.4666750014882298,1.4350430578547697,Calibrated-Hybrid-LogTarget-Small-scale_mean,validation
2020-11-20,2020-11-23,0.1783704119345972,1.3007313709882453,Calibrated-Hybrid-LogTarget-Small-scale_mean,validation
2020-11-23,2020-11-24,0.0248986125796567,1.2205088516443359,Calibrated-Hybrid-LogTarget-Small-scale_mean,validation
2020-11-24,2020-11-25,0.1754782563587062,1.2168318977260206,Calibrated-Hybrid-LogTarget-Small-scale_mean,validation
2020-11-25,2020-11-26,0.3614717362335366,1.176438666825133,Calibrated-Hybrid-LogTarget-Small-scale_mean,validation
2020-11-26,2020-11-27,0.1777363368777613,1.157918464355861,Calibrated-Hybrid-LogTarget-Small-scale_mean,validation
2020-11-27,2020-11-30,0.50308697006867,1.0989556789514476,Calibrated-Hybrid-LogTarget-Small-scale_mean,validation
2020-11-30,2020-12-01,0.331272320082079,1.1589374701062172,Calibrated-Hybrid-LogTarget-Small-scale_mean,validation
2020-12-01,2020-12-02,0.2902563684716866,1.1919684851246404,Calibrated-Hybrid-LogTarget-Small-scale_mean,validation
2020-12-02,2020-12-03,0.290315397256232,1.1452983544881836,Calibrated-Hybrid-LogTarget-Small-scale_mean,validation
2020-12-03,2020-12-04,0.0274172683613022,1.1436678437045267,Calibrated-Hybrid-LogTarget-Small-scale_mean,validation
2020-12-04,2020-12-07,0.6850937253628709,1.1237469329397551,Calibrated-Hybrid-LogTarget-Small-scale_mean,validation
2020-12-07,2020-12-08,0.0048900250994697,1.1192592461078255,Calibrated-Hybrid-LogTarget-Small-scale_mean,validation
2020-12-08,2020-12-09,0.9108272820038537,1.0926901800283377,Calibrated-Hybrid-LogTarget-Small-scale_mean,validation
2020-12-09,2020-12-10,0.6307404981430905,1.1748795039739628,Calibrated-Hybrid-LogTarget-Small-scale_mean,validation
2020-12-10,2020-12-11,2.1005332911557746,1.229352411224065,Calibrated-Hybrid-LogTarget-Small-scale_mean,validation
2020-12-11,2020-12-14,2.953190631516623,1.2073808594103583,Calibrated-Hybrid-LogTarget-Small-scale_mean,validation
2020-12-14,2020-12-15,0.6927758012586854,1.2640149253753594,Calibrated-Hybrid-LogTarget-Small-scale_mean,validation
2020-12-15,2020-12-16,1.2199074044400842,1.3533809519489126,Calibrated-Hybrid-LogTarget-Small-scale_mean,validation
2020-12-16,2020-12-17,2.0641473967885817,1.3649512659328003,Calibrated-Hybrid-LogTarget-Small-scale_mean,validation
2020-12-17,2020-12-18,2.192631063716555,1.667175404478788,Calibrated-Hybrid-LogTarget-Small-scale_mean,validation
2020-12-18,2020-12-21,1.6074554836667916,1.7972467674732,Calibrated-Hybrid-LogTarget-Small-scale_mean,validation
2020-12-21,2020-12-22,0.0479545490733483,1.791609322128287,Calibrated-Hybrid-LogTarget-Small-scale_mean,validation
2020-12-22,2020-12-23,0.1771055150673424,1.6142122002035737,Calibrated-Hybrid-LogTarget-Small-scale_mean,validation
2020-12-23,2020-12-24,1.124406225180995,1.6751399067492,Calibrated-Hybrid-LogTarget-Small-scale_mean,validation
2020-12-24,2020-12-25,2.4671237918391133,1.8413224144104081,Calibrated-Hybrid-LogTarget-Small-scale_mean,validation
2020-12-25,2020-12-28,0.4034604996523059,1.961318167317662,Calibrated-Hybrid-LogTarget-Small-scale_mean,validation
2020-12-28,2020-12-29,0.5549207078341868,1.7427667473803885,Calibrated-Hybrid-LogTarget-Small-scale_mean,validation
2020-12-29,2020-12-30,0.0315106576863239,1.5718934114506624,Calibrated-Hybrid-LogTarget-Small-scale_mean,validation
2020-12-30,2020-12-31,0.3307256931476,1.4221328003887181,Calibrated-Hybrid-LogTarget-Small-scale_mean,validation
2020-12-31,2021-01-04,2.2278705339723945,1.3171519719378473,Calibrated-Hybrid-LogTarget-Small-scale_mean,validation
2021-01-04,2021-01-05,1.1499318142027897,1.6721964361626727,Calibrated-Hybrid-LogTarget-Small-scale_mean,validation
2021-01-05,2021-01-06,0.8776630886951989,1.5452552941607405,Calibrated-Hybrid-LogTarget-Small-scale_mean,validation
2021-01-06,2021-01-07,1.3339004712332734,1.4383521197171931,Calibrated-Hybrid-LogTarget-Small-scale_mean,validation
2021-01-07,2021-01-08,0.9288877612518626,1.3859305523179557,Calibrated-Hybrid-LogTarget-Small-scale_mean,validation
2021-01-08,2021-01-11,2.138176540768584,1.332622858389193,Calibrated-Hybrid-LogTarget-Small-scale_mean,validation
2021-01-11,2021-01-12,0.3865727035398198,1.3729743047068126,Calibrated-Hybrid-LogTarget-Small-scale_mean,validation
2021-01-12,2021-01-13,0.2744693433035448,1.195270192230227,Calibrated-Hybrid-LogTarget-Small-scale_mean,validation
2021-01-13,2021-01-14,0.0129409883939506,1.3132840588951131,Calibrated-Hybrid-LogTarget-Small-scale_mean,validation
2021-01-14,2021-01-15,0.3260937940923989,1.3613077445410262,Calibrated-Hybrid-LogTarget-Small-scale_mean,validation
2021-01-15,2021-01-18,0.0358827142959493,1.4672527048345976,Calibrated-Hybrid-LogTarget-Small-scale_mean,validation
2021-01-18,2021-01-19,27.541540391562137,1.3581336732512685,Calibrated-Hybrid-LogTarget-Small-scale_mean,validation
2021-01-19,2021-01-20,0.1055259451193829,4.296921704815741,Calibrated-Hybrid-LogTarget-Small-scale_mean,validation
2021-01-20,2021-01-21,6.600825920548621,2.8699286198050005,Calibrated-Hybrid-LogTarget-Small-scale_mean,validation
2021-01-21,2021-01-22,0.0486234498742934,3.2554229150593916,Calibrated-Hybrid-LogTarget-Small-scale_mean,validation
2021-01-22,2021-01-25,0.003916873597976,2.4359699085891418,Calibrated-Hybrid-LogTarget-Small-scale_mean,validation
2021-01-25,2021-01-26,6.76157056018748,2.0343715973603067,Calibrated-Hybrid-LogTarget-Small-scale_mean,validation
2021-01-26,2021-01-27,12.16950048366727,3.011165973410932,Calibrated-Hybrid-LogTarget-Small-scale_mean,validation
2021-01-27,2021-01-28,47.71522267260341,4.914148687873125,Calibrated-Hybrid-LogTarget-Small-scale_mean,validation
2021-01-28,2021-01-29,9.864460610625494,10.127282578350282,Calibrated-Hybrid-LogTarget-Small-scale_mean,validation
2021-01-29,2021-02-01,4.068938921704016,6.028221813714792,Calibrated-Hybrid-LogTarget-Small-scale_mean,validation
2021-02-01,2021-02-02,14.37888811066259,6.470245142573091,Calibrated-Hybrid-LogTarget-Small-scale_mean,validation
2021-02-02,2021-02-03,10.698092971323405,6.515768564781855,Calibrated-Hybrid-LogTarget-Small-scale_mean,validation
2021-02-03,2021-02-04,0.006553579964635,5.910124583806504,Calibrated-Hybrid-LogTarget-Small-scale_mean,validation
2021-02-04,2021-02-05,1.728785632859906,3.332787921057739,Calibrated-Hybrid-LogTarget-Small-scale_mean,validation
2021-02-05,2021-02-08,15.664350744194984,2.81219515283093,Calibrated-Hybrid-LogTarget-Small-scale_mean,validation
2021-02-08,2021-02-09,8.346588799606792,5.345499004939865,Calibrated-Hybrid-LogTarget-Small-scale_mean,validation
2021-02-09,2021-02-17,12.948351612917367,4.5996321344772575,Calibrated-Hybrid-LogTarget-Small-scale_mean,validation
2021-02-17,2021-02-18,2.5487828873734144,4.772512598114657,Calibrated-Hybrid-LogTarget-Small-scale_mean,validation
2021-02-18,2021-02-19,0.0056191882730801,3.1384648028219284,Calibrated-Hybrid-LogTarget-Small-scale_mean,validation
2021-02-19,2021-02-22,0.0171990965562516,2.3858973029436013,Calibrated-Hybrid-LogTarget-Small-scale_mean,validation
2021-02-22,2021-02-23,0.04885188428266,2.1711556241008827,Calibrated-Hybrid-LogTarget-Small-scale_mean,validation
2021-02-23,2021-02-24,1.7852090551538884,2.195787395283044,Calibrated-Hybrid-LogTarget-Small-scale_mean,validation
2021-02-24,2021-02-25,0.0863685922010339,2.35753102071987,Calibrated-Hybrid-LogTarget-Small-scale_mean,validation
2021-02-25,2021-02-26,0.0678645793866586,2.0773230534143994,Calibrated-Hybrid-LogTarget-Small-scale_mean,validation
2021-02-26,2021-03-01,2.260340412751501,2.0446800625671426,Calibrated-Hybrid-LogTarget-Small-scale_mean,validation
2021-03-01,2021-03-02,0.0013754677373442,2.031965564959201,Calibrated-Hybrid-LogTarget-Small-scale_mean,validation
2021-03-02,2021-03-03,0.0008207623047958,1.6295696300308944,Calibrated-Hybrid-LogTarget-Small-scale_mean,validation
2021-03-03,2021-03-04,2.448912301147324,1.5136848461298118,Calibrated-Hybrid-LogTarget-Small-scale_mean,validation
2021-03-04,2021-03-05,0.0002116227550263,1.8914228067228775,Calibrated-Hybrid-LogTarget-Small-scale_mean,validation
2021-03-05,2021-03-08,0.001291980692468,1.8328196931778036,Calibrated-Hybrid-LogTarget-Small-scale_mean,validation
2021-03-08,2021-03-09,0.2923761214947155,1.83827713982254,Calibrated-Hybrid-LogTarget-Small-scale_mean,validation
2021-03-09,2021-03-10,0.4837594769954144,1.7155341333165592,Calibrated-Hybrid-LogTarget-Small-scale_mean,validation
2021-03-10,2021-03-11,0.9815546422643948,1.566849266466427,Calibrated-Hybrid-LogTarget-Small-scale_mean,validation
2021-03-11,2021-03-12,0.0002069778164541,1.5066313042380006,Calibrated-Hybrid-LogTarget-Small-scale_mean,validation
2021-03-12,2021-03-15,0.0643027332166397,1.3221645105600082,Calibrated-Hybrid-LogTarget-Small-scale_mean,validation
2021-03-15,2021-03-16,0.1553706585632092,1.3206777833290864,Calibrated-Hybrid-LogTarget-Small-scale_mean,validation
2021-03-16,2021-03-17,0.2737899242910557,1.3351743820197164,Calibrated-Hybrid-LogTarget-Small-scale_mean,validation
2021-03-17,2021-03-18,1.5481332912326575,1.4287452725827667,Calibrated-Hybrid-LogTarget-Small-scale_mean,validation
2021-03-18,2021-03-19,0.3310498706600423,1.3380566277280568,Calibrated-Hybrid-LogTarget-Small-scale_mean,validation
2021-03-19,2021-03-22,0.0010124742198036,1.200984440508387,Calibrated-Hybrid-LogTarget-Small-scale_mean,validation
2021-03-22,2021-03-23,0.8528859825364001,1.2126158642965994,Calibrated-Hybrid-LogTarget-Small-scale_mean,validation
2021-03-23,2021-03-24,3.405784484981233,1.3930319811641632,Calibrated-Hybrid-LogTarget-Small-scale_mean,validation
2021-03-24,2021-03-25,0.012314795662716,1.8374629969696314,Calibrated-Hybrid-LogTarget-Small-scale_mean,validation
2021-03-25,2021-03-26,0.0058597397555957,1.629223107318148,Calibrated-Hybrid-LogTarget-Small-scale_mean,validation
2021-03-26,2021-03-29,1.3278733275984689,1.5765013738932223,Calibrated-Hybrid-LogTarget-Small-scale_mean,validation
2021-03-29,2021-03-30,0.8177751702540456,1.673268239288713,Calibrated-Hybrid-LogTarget-Small-scale_mean,validation
2021-03-30,2021-03-31,0.1825736474519551,1.6554684182033323,Calibrated-Hybrid-LogTarget-Small-scale_mean,validation
2021-03-31,2021-04-01,4.196908399032827,1.4968985014102292,Calibrated-Hybrid-LogTarget-Small-scale_mean,validation
2021-04-01,2021-04-02,0.4682318073785952,1.6501543138483192,Calibrated-Hybrid-LogTarget-Small-scale_mean,validation
2021-04-02,2021-04-05,0.8890694068712227,1.3118967696124806,Calibrated-Hybrid-LogTarget-Small-scale_mean,validation
2021-04-05,2021-04-06,0.0997492041629095,1.3097411385365159,Calibrated-Hybrid-LogTarget-Small-scale_mean,validation
2021-04-06,2021-04-07,0.0380161793184628,1.2345316778989384,Calibrated-Hybrid-LogTarget-Small-scale_mean,validation
2021-04-07,2021-04-08,0.3656617949695199,1.2366969389796822,Calibrated-Hybrid-LogTarget-Small-scale_mean,validation
2021-04-08,2021-04-09,0.0685939299115526,1.2853187262654853,Calibrated-Hybrid-LogTarget-Small-scale_mean,validation
2021-04-09,2021-04-12,2.801867566535839,1.3561820511137284,Calibrated-Hybrid-LogTarget-Small-scale_mean,validation
2021-04-12,2021-04-13,0.1085685992002533,1.8057898136254147,Calibrated-Hybrid-LogTarget-Small-scale_mean,validation
2021-04-13,2021-04-14,0.3626329687997453,1.7779710305766012,Calibrated-Hybrid-LogTarget-Small-scale_mean,validation
2021-04-14,2021-04-15,0.4743671604836424,1.5976493704101289,Calibrated-Hybrid-LogTarget-Small-scale_mean,validation
2021-04-15,2021-04-16,0.4720531246781877,1.457941820605725,Calibrated-Hybrid-LogTarget-Small-scale_mean,validation
2021-04-16,2021-04-19,3.0629959648129166,1.7712695187352123,Calibrated-Hybrid-LogTarget-Small-scale_mean,validation
2021-04-19,2021-04-20,0.3708468135979464,1.8048009329596877,Calibrated-Hybrid-LogTarget-Small-scale_mean,validation
2021-04-20,2021-04-22,10.511479982603742,1.5377671722020907,Calibrated-Hybrid-LogTarget-Small-scale_mean,validation
2021-04-22,2021-04-23,2.7977982020669034,2.1673221067955226,Calibrated-Hybrid-LogTarget-Small-scale_mean,validation
2021-04-23,2021-04-26,7.069875969155051,2.0986303615179898,Calibrated-Hybrid-LogTarget-Small-scale_mean,validation
2021-04-26,2021-04-27,0.1068177702515163,2.638581778795214,Calibrated-Hybrid-LogTarget-Small-scale_mean,validation
2021-04-27,2021-04-28,0.6403727056381737,2.2529289863775226,Calibrated-Hybrid-LogTarget-Small-scale_mean,validation
2021-04-28,2021-04-29,0.6353802562532533,2.1271693887341176,Calibrated-Hybrid-LogTarget-Small-scale_mean,validation
2021-04-29,2021-05-04,0.0512876666991909,1.8297332953324077,Calibrated-Hybrid-LogTarget-Small-scale_mean,validation
2021-05-04,2021-05-05,1.2974041483688885,1.6437317487757621,Calibrated-Hybrid-LogTarget-Small-scale_mean,validation
2021-05-05,2021-05-06,0.2185486546328746,1.5361484267145715,Calibrated-Hybrid-LogTarget-Small-scale_mean,validation
2021-05-06,2021-05-07,0.494132324659674,1.3955394519397961,Calibrated-Hybrid-LogTarget-Small-scale_mean,validation
2021-05-07,2021-05-10,2.018769062145057,1.4889933139679838,Calibrated-Hybrid-LogTarget-Small-scale_mean,validation
2021-05-10,2021-05-11,0.0792094524228185,1.5369424708026702,Calibrated-Hybrid-LogTarget-Small-scale_mean,validation
2021-05-11,2021-05-12,1.0683689670129952,1.3277601197422917,Calibrated-Hybrid-LogTarget-Small-scale_mean,validation
2021-05-12,2021-05-13,0.3147510754643727,1.2214144635644208,Calibrated-Hybrid-LogTarget-Small-scale_mean,validation
2021-05-13,2021-05-14,0.1194948927270032,1.1058122038171783,Calibrated-Hybrid-LogTarget-Small-scale_mean,validation
2021-05-14,2021-05-17,0.3681093008020274,1.1226689296804482,Calibrated-Hybrid-LogTarget-Small-scale_mean,validation
2021-05-17,2021-05-18,0.2298422025837693,1.12454415005191,Calibrated-Hybrid-LogTarget-Small-scale_mean,validation
2021-05-18,2021-05-19,0.6085100033578476,1.1180419950078568,Calibrated-Hybrid-LogTarget-Small-scale_mean,validation
2021-05-19,2021-05-20,1.5332689494683411,1.1203991516955536,Calibrated-Hybrid-LogTarget-Small-scale_mean,validation
2021-05-20,2021-05-21,0.1986664550105345,1.200103847673875,Calibrated-Hybrid-LogTarget-Small-scale_mean,validation
2021-05-21,2021-05-24,1.1845107713600658,0.9799738899061495,Calibrated-Hybrid-LogTarget-Small-scale_mean,validation
2021-05-24,2021-05-25,0.6615170731155926,0.9770666561819216,Calibrated-Hybrid-LogTarget-Small-scale_mean,validation
2021-05-25,2021-05-26,0.3826692450882292,0.946726897807278,Calibrated-Hybrid-LogTarget-Small-scale_mean,validation
2021-05-26,2021-05-27,1.0043951904267852,0.9533749333491089,Calibrated-Hybrid-LogTarget-Small-scale_mean,validation
2021-05-27,2021-05-28,1.65727162339538,0.9855319783944525,Calibrated-Hybrid-LogTarget-Small-scale_mean,validation
2021-05-28,2021-05-31,0.3285055315434949,1.0933347604857901,Calibrated-Hybrid-LogTarget-Small-scale_mean,validation
2021-05-31,2021-06-01,0.5328741181290064,0.983936069179746,Calibrated-Hybrid-LogTarget-Small-scale_mean,validation
2021-06-01,2021-06-02,0.0501764701325494,0.9114664470010485,Calibrated-Hybrid-LogTarget-Small-scale_mean,validation
2021-06-02,2021-06-03,3.01900451692919,0.9483171688370567,Calibrated-Hybrid-LogTarget-Small-scale_mean,validation
2021-06-03,2021-06-04,0.5091916058927975,1.1108403924622898,Calibrated-Hybrid-LogTarget-Small-scale_mean,validation
2021-06-04,2021-06-07,1.2488833393722787,1.0223970421218775,Calibrated-Hybrid-LogTarget-Small-scale_mean,validation
2021-06-07,2021-06-08,8.436942215340656,1.050267819167557,Calibrated-Hybrid-LogTarget-Small-scale_mean,validation
2021-06-08,2021-06-09,0.9635770887636846,1.6058298914205853,Calibrated-Hybrid-LogTarget-Small-scale_mean,validation
2021-06-09,2021-06-10,0.4923594509595709,1.7839697937610504,Calibrated-Hybrid-LogTarget-Small-scale_mean,validation
2021-06-10,2021-06-11,4.4320627369374535,1.5160123932824885,Calibrated-Hybrid-LogTarget-Small-scale_mean,validation
2021-06-11,2021-06-14,0.5411007585268014,1.7589143998120613,Calibrated-Hybrid-LogTarget-Small-scale_mean,validation
2021-06-14,2021-06-15,0.1708389534964715,1.4063295537078275,Calibrated-Hybrid-LogTarget-Small-scale_mean,validation
2021-06-15,2021-06-16,0.6335008462154236,1.1814043027222854,Calibrated-Hybrid-LogTarget-Small-scale_mean,validation
2021-06-16,2021-06-17,0.0626639901398827,1.2635335870102649,Calibrated-Hybrid-LogTarget-Small-scale_mean,validation
2021-06-17,2021-06-18,1.7005139602823875,1.3748032391630625,Calibrated-Hybrid-LogTarget-Small-scale_mean,validation
2021-06-18,2021-06-21,0.1396997155457911,1.5541578626265022,Calibrated-Hybrid-LogTarget-Small-scale_mean,validation
2021-06-21,2021-06-22,0.284425125779956,1.3763444982028283,Calibrated-Hybrid-LogTarget-Small-scale_mean,validation
2021-06-22,2021-06-23,0.0505778800491605,1.2115677149900197,Calibrated-Hybrid-LogTarget-Small-scale_mean,validation
2021-06-23,2021-06-24,0.042756846647676,1.0734996766151401,Calibrated-Hybrid-LogTarget-Small-scale_mean,validation
2021-06-24,2021-06-25,0.5639250493998573,0.9835649026632143,Calibrated-Hybrid-LogTarget-Small-scale_mean,validation
2021-06-25,2021-06-28,1.2596863062253096,0.9110667918945131,Calibrated-Hybrid-LogTarget-Small-scale_mean,validation
2021-06-28,2021-06-29,0.0902656153029111,0.9735464861467246,Calibrated-Hybrid-LogTarget-Small-scale_mean,validation
2021-06-29,2021-06-30,0.0111781207193246,0.8896272947322601,Calibrated-Hybrid-LogTarget-Small-scale_mean,validation
2021-06-30,2021-07-01,0.3645273399631648,0.8296799412149484,Calibrated-Hybrid-LogTarget-Small-scale_mean,validation
2021-07-01,2021-07-02,0.0505610286336511,0.889105460664848,Calibrated-Hybrid-LogTarget-Small-scale_mean,validation
2021-07-02,2021-07-05,0.4168242183273023,0.8524966738744567,Calibrated-Hybrid-LogTarget-Small-scale_mean,validation
2021-07-05,2021-07-06,16.601013312283214,0.904220712778207,Calibrated-Hybrid-LogTarget-Small-scale_mean,validation
2021-07-06,2021-07-07,6.058281445881023,1.6764168260092895,Calibrated-Hybrid-LogTarget-Small-scale_mean,validation
2021-07-07,2021-07-08,1.0078273448945338,2.161935057321055,Calibrated-Hybrid-LogTarget-Small-scale_mean,validation
2021-07-08,2021-07-09,4.095422426959989,1.6534527577229936,Calibrated-Hybrid-LogTarget-Small-scale_mean,validation
2021-07-09,2021-07-12,14.799235172407151,1.9617666610880646,Calibrated-Hybrid-LogTarget-Small-scale_mean,validation
2021-07-12,2021-07-13,0.009141491530764,2.6096559789189175,Calibrated-Hybrid-LogTarget-Small-scale_mean,validation
2021-07-13,2021-07-14,1.871533753406208,2.4967308590539705,Calibrated-Hybrid-LogTarget-Small-scale_mean,validation
2021-07-14,2021-07-15,1.185182208099543,2.550640400967663,Calibrated-Hybrid-LogTarget-Small-scale_mean,validation
2021-07-15,2021-07-16,0.1728051567276786,2.328754406725188,Calibrated-Hybrid-LogTarget-Small-scale_mean,validation
2021-07-16,2021-07-19,19.26799845022637,1.928833662003821,Calibrated-Hybrid-LogTarget-Small-scale_mean,validation
2021-07-19,2021-07-20,5.600831490366748,4.173820668956128,Calibrated-Hybrid-LogTarget-Small-scale_mean,validation
2021-07-20,2021-07-21,0.0386259132356042,3.435642933458591,Calibrated-Hybrid-LogTarget-Small-scale_mean,validation
2021-07-21,2021-07-22,3.1842211341003503,2.8794535051057286,Calibrated-Hybrid-LogTarget-Small-scale_mean,validation
2021-07-22,2021-07-23,3.75891611125588,2.8958951094692114,Calibrated-Hybrid-LogTarget-Small-scale_mean,validation
2021-07-23,2021-07-26,0.0932245335056029,2.5341985185351645,Calibrated-Hybrid-LogTarget-Small-scale_mean,validation
2021-07-26,2021-07-27,0.1095791578755464,2.2893639545654425,Calibrated-Hybrid-LogTarget-Small-scale_mean,validation
2021-07-27,2021-07-28,0.0001201916445908,2.006258159849408,Calibrated-Hybrid-LogTarget-Small-scale_mean,validation
2021-07-28,2021-07-29,1.6539600353625152,1.9007358003103678,Calibrated-Hybrid-LogTarget-Small-scale_mean,validation
2021-07-29,2021-07-30,1.5967544948591652,1.8277381385577842,Calibrated-Hybrid-LogTarget-Small-scale_mean,validation
2021-07-30,2021-08-02,0.1009987039707803,1.5295735827049564,Calibrated-Hybrid-LogTarget-Small-scale_mean,validation
2021-08-02,2021-08-03,1.8957198194932552,1.2220746646611877,Calibrated-Hybrid-LogTarget-Small-scale_mean,validation
2021-08-03,2021-08-04,0.0297448118967559,1.2071000826418756,Calibrated-Hybrid-LogTarget-Small-scale_mean,validation
2021-08-04,2021-08-05,0.6506576147304501,1.1042248758933322,Calibrated-Hybrid-LogTarget-Small-scale_mean,validation
2021-08-05,2021-08-06,0.0931307383293993,1.1213453034441698,Calibrated-Hybrid-LogTarget-Small-scale_mean,validation
2021-08-06,2021-08-09,1.8579420490159877,1.0797194913426562,Calibrated-Hybrid-LogTarget-Small-scale_mean,validation
2021-08-09,2021-08-10,0.0356498511082493,1.1201054873656733,Calibrated-Hybrid-LogTarget-Small-scale_mean,validation
2021-08-10,2021-08-11,0.1163827824804467,1.0309399498805745,Calibrated-Hybrid-LogTarget-Small-scale_mean,validation
2021-08-11,2021-08-12,0.1222953063583315,1.0546343907680134,Calibrated-Hybrid-LogTarget-Small-scale_mean,validation
2021-08-12,2021-08-13,0.0871384784453648,1.0460286797430034,Calibrated-Hybrid-LogTarget-Small-scale_mean,validation
2021-08-13,2021-08-16,1.0399916754691487,1.0663317364009544,Calibrated-Hybrid-LogTarget-Small-scale_mean,validation
2021-08-16,2021-08-17,0.3314354435277737,1.1142802173275737,Calibrated-Hybrid-LogTarget-Small-scale_mean,validation
2021-08-17,2021-08-18,0.0249180078972991,0.9790356745637543,Calibrated-Hybrid-LogTarget-Small-scale_mean,validation
2021-08-18,2021-08-19,1.034084957658442,0.9119194347087316,Calibrated-Hybrid-LogTarget-Small-scale_mean,validation
2021-08-19,2021-08-20,11.285807091304966,0.9508232489595385,Calibrated-Hybrid-LogTarget-Small-scale_mean,validation
2021-08-20,2021-08-23,5.411821632013326,1.8409194514740586,Calibrated-Hybrid-LogTarget-Small-scale_mean,validation
2021-08-23,2021-08-24,8.536462420535458e-05,1.992288983031184,Calibrated-Hybrid-LogTarget-Small-scale_mean,validation
2021-08-24,2021-08-25,0.6870757170728501,1.7806162331444408,Calibrated-Hybrid-LogTarget-Small-scale_mean,validation
2021-08-25,2021-08-26,0.4170750420782061,1.7342264074987415,Calibrated-Hybrid-LogTarget-Small-scale_mean,validation
2021-08-26,2021-08-27,0.8540485329092148,1.4003837964661023,Calibrated-Hybrid-LogTarget-Small-scale_mean,validation
2021-08-27,2021-08-30,1.2797402595336076,1.5041042360202759,Calibrated-Hybrid-LogTarget-Small-scale_mean,validation
2021-08-30,2021-08-31,0.0627065630623478,1.3670545100543785,Calibrated-Hybrid-LogTarget-Small-scale_mean,validation
2021-08-31,2021-09-01,0.0569056328666982,1.2587994490656733,Calibrated-Hybrid-LogTarget-Small-scale_mean,validation
2021-09-01,2021-09-06,0.7669996218071843,1.165246486473467,Calibrated-Hybrid-LogTarget-Small-scale_mean,validation
2021-09-06,2021-09-07,0.1115838258583112,1.3342146426619603,Calibrated-Hybrid-LogTarget-Small-scale_mean,validation
2021-09-07,2021-09-08,0.3840242724271654,1.1751445208650924,Calibrated-Hybrid-LogTarget-Small-scale_mean,validation
2021-09-08,2021-09-09,0.5999757427909345,0.9812853927048523,Calibrated-Hybrid-LogTarget-Small-scale_mean,validation
2021-09-09,2021-09-10,0.009783360800291,1.0225719537786184,Calibrated-Hybrid-LogTarget-Small-scale_mean,validation
2021-09-10,2021-09-13,0.0834204953018611,0.942786085669313,Calibrated-Hybrid-LogTarget-Small-scale_mean,validation
2021-09-13,2021-09-14,0.0166539238245993,1.037900297343861,Calibrated-Hybrid-LogTarget-Small-scale_mean,validation
2021-09-14,2021-09-15,0.208411861391793,1.0372782589107967,Calibrated-Hybrid-LogTarget-Small-scale_mean,validation
2021-09-15,2021-09-16,8.833374944135227e-06,1.0379389009990287,Calibrated-Hybrid-LogTarget-Small-scale_mean,validation
2021-09-16,2021-09-17,0.2517625260662404,0.9064123947132566,Calibrated-Hybrid-LogTarget-Small-scale_mean,validation
2021-09-17,2021-09-20,0.0255409488218125,1.05058738247827,Calibrated-Hybrid-LogTarget-Small-scale_mean,validation
2021-09-20,2021-09-21,0.6256621683862371,1.0617631905318163,Calibrated-Hybrid-LogTarget-Small-scale_mean,validation
2021-09-21,2021-09-22,0.6493080782631847,1.0994724870394512,Calibrated-Hybrid-LogTarget-Small-scale_mean,validation
2021-09-22,2021-09-23,0.023678455022373,1.2080593969044109,Calibrated-Hybrid-LogTarget-Small-scale_mean,validation
2021-09-23,2021-09-24,0.0138313143395197,1.4419955554273274,Calibrated-Hybrid-LogTarget-Small-scale_mean,validation
2021-09-24,2021-09-27,3.828272422415496,1.0652796027872575,Calibrated-Hybrid-LogTarget-Small-scale_mean,validation
2021-09-27,2021-09-28,1.1555484032608674,1.341324320559646,Calibrated-Hybrid-LogTarget-Small-scale_mean,validation
2021-09-28,2021-09-29,5.575325206713305e-05,1.3464813359515966,Calibrated-Hybrid-LogTarget-Small-scale_mean,validation
2021-09-29,2021-09-30,0.0451927678238876,1.179514832156708,Calibrated-Hybrid-LogTarget-Small-scale_mean,validation
2021-09-30,2021-10-01,0.2869590069123234,1.0444762411695911,Calibrated-Hybrid-LogTarget-Small-scale_mean,validation
2021-10-01,2021-10-04,0.1209217160727008,1.0921445318306215,Calibrated-Hybrid-LogTarget-Small-scale_mean,validation
2021-10-04,2021-10-05,1.2548666056334208,1.1022860335409734,Calibrated-Hybrid-LogTarget-Small-scale_mean,validation
2021-10-05,2021-10-06,0.363335054701863,1.0766861429151322,Calibrated-Hybrid-LogTarget-Small-scale_mean,validation
2021-10-06,2021-10-07,0.0539799292056889,1.0209627992342227,Calibrated-Hybrid-LogTarget-Small-scale_mean,validation
2021-10-07,2021-10-08,0.2422625428098201,1.0194248361764313,Calibrated-Hybrid-LogTarget-Small-scale_mean,validation
2021-10-08,2021-10-11,2.384064119474745,0.9936793077191652,Calibrated-Hybrid-LogTarget-Small-scale_mean,validation
2021-10-11,2021-10-12,0.0025924711816483,1.0834702405229448,Calibrated-Hybrid-LogTarget-Small-scale_mean,validation
2021-10-12,2021-10-13,0.043020201094552,0.9772536171288547,Calibrated-Hybrid-LogTarget-Small-scale_mean,validation
2021-10-13,2021-10-14,1.8582276241239155e-05,0.9381711548211842,Calibrated-Hybrid-LogTarget-Small-scale_mean,validation
2021-10-14,2021-10-15,0.0037272440365911,0.962751502915474,Calibrated-Hybrid-LogTarget-Small-scale_mean,validation
2021-10-15,2021-10-18,0.0412074717223573,1.0571900205060116,Calibrated-Hybrid-LogTarget-Small-scale_mean,validation
2021-10-18,2021-10-19,0.0002054205471957,0.9980338990537121,Calibrated-Hybrid-LogTarget-Small-scale_mean,validation
2021-10-19,2021-10-20,0.012036644283499,0.9010087465781303,Calibrated-Hybrid-LogTarget-Small-scale_mean,validation
2021-10-20,2021-10-21,0.4224699907147212,0.9780282843195468,Calibrated-Hybrid-LogTarget-Small-scale_mean,validation
2021-10-21,2021-10-22,0.1038627326357175,0.9649944009638859,Calibrated-Hybrid-LogTarget-Small-scale_mean,validation
2021-10-22,2021-10-25,0.0766142772237032,1.0554740463970136,Calibrated-Hybrid-LogTarget-Small-scale_mean,validation
2021-10-25,2021-10-26,0.2013151221701667,1.0280525883507592,Calibrated-Hybrid-LogTarget-Small-scale_mean,validation
2021-10-26,2021-10-27,4.975421040294883,0.9774769687689217,Calibrated-Hybrid-LogTarget-Small-scale_mean,validation
2021-10-27,2021-10-28,1.0980607841681207,1.3456336122689634,Calibrated-Hybrid-LogTarget-Small-scale_mean,validation
2021-10-28,2021-10-29,0.1886851350804401,1.1658600666255126,Calibrated-Hybrid-LogTarget-Small-scale_mean,validation
2021-10-29,2021-11-01,0.1351609140151505,1.126929792525806,Calibrated-Hybrid-LogTarget-Small-scale_mean,validation
2021-11-01,2021-11-02,0.8706925479870633,1.1905623031859436,Calibrated-Hybrid-LogTarget-Small-scale_mean,validation
2021-11-02,2021-11-03,0.3174077865606339,1.369474570264002,Calibrated-Hybrid-LogTarget-Small-scale_mean,validation
2021-11-03,2021-11-04,0.0780251318950003,1.5139589673602143,Calibrated-Hybrid-LogTarget-Small-scale_mean,validation
2021-11-04,2021-11-05,0.3164163905277483,1.1904907745842115,Calibrated-Hybrid-LogTarget-Small-scale_mean,validation
2021-11-05,2021-11-08,0.5722632892702788,1.1529135472612608,Calibrated-Hybrid-LogTarget-Small-scale_mean,validation
2021-11-08,2021-11-09,0.1717825777423685,1.2716024631681122,Calibrated-Hybrid-LogTarget-Small-scale_mean,validation
2021-11-09,2021-11-10,0.0578685691569425,1.19463999453441,Calibrated-Hybrid-LogTarget-Small-scale_mean,validation
2021-11-10,2021-11-11,0.0332757244454099,1.1119111468331309,Calibrated-Hybrid-LogTarget-Small-scale_mean,validation
2021-11-11,2021-11-12,0.5636350562840569,1.1830011752627214,Calibrated-Hybrid-LogTarget-Small-scale_mean,validation
2021-11-12,2021-11-15,0.0470688863590858,1.1908271667318338,Calibrated-Hybrid-LogTarget-Small-scale_mean,validation
2021-11-15,2021-11-16,0.4729748116245648,1.2210353697042573,Calibrated-Hybrid-LogTarget-Small-scale_mean,validation
2021-11-16,2021-11-17,0.40826744424175,1.2554984002434497,Calibrated-Hybrid-LogTarget-Small-scale_mean,validation
2021-11-17,2021-11-18,0.1670640675036151,1.0860364494920944,Calibrated-Hybrid-LogTarget-Small-scale_mean,validation
2021-11-18,2021-11-19,1.4313283722317711,1.103657416508641,Calibrated-Hybrid-LogTarget-Small-scale_mean,validation
2021-11-19,2021-11-22,0.1237442583360642,1.3996104158697433,Calibrated-Hybrid-LogTarget-Small-scale_mean,validation
2021-11-22,2021-11-23,1.2666258581863683,1.4223981418535263,Calibrated-Hybrid-LogTarget-Small-scale_mean,validation
2021-11-23,2021-11-24,2.923344781612152,1.35835517346152,Calibrated-Hybrid-LogTarget-Small-scale_mean,validation
2021-11-24,2021-11-25,0.6380046596767257,1.4812241625854154,Calibrated-Hybrid-LogTarget-Small-scale_mean,validation
2021-11-25,2021-11-26,0.2701244946030526,1.2238448242913107,Calibrated-Hybrid-LogTarget-Small-scale_mean,validation
2021-11-26,2021-11-29,0.3025648797186475,1.087973038059488,Calibrated-Hybrid-LogTarget-Small-scale_mean,validation
2021-11-29,2021-11-30,0.1865846491020368,1.1688414086652317,Calibrated-Hybrid-LogTarget-Small-scale_mean,validation
2021-11-30,2021-12-01,0.2075014205290045,1.2979230274361213,Calibrated-Hybrid-LogTarget-Small-scale_mean,validation
2021-12-01,2021-12-02,0.0447934240863952,1.243230503530016,Calibrated-Hybrid-LogTarget-Small-scale_mean,validation
2021-12-02,2021-12-03,7.012035907074128,1.1037683324072871,Calibrated-Hybrid-LogTarget-Small-scale_mean,validation
2021-12-03,2021-12-06,4.334941271489592,1.6636341953628881,Calibrated-Hybrid-LogTarget-Small-scale_mean,validation
2021-12-06,2021-12-07,5.38610884102854,2.080815303627962,Calibrated-Hybrid-LogTarget-Small-scale_mean,validation
2021-12-07,2021-12-08,0.1770242562530693,2.1116030279226954,Calibrated-Hybrid-LogTarget-Small-scale_mean,validation
2021-12-08,2021-12-09,1.070479018660655,1.7673112625079694,Calibrated-Hybrid-LogTarget-Small-scale_mean,validation
2021-12-09,2021-12-10,0.0917573521914629,1.5531377300811011,Calibrated-Hybrid-LogTarget-Small-scale_mean,validation
2021-12-10,2021-12-13,0.7430153759165636,1.477275552248209,Calibrated-Hybrid-LogTarget-Small-scale_mean,validation
2021-12-13,2021-12-14,0.0001656787526269,1.5226981117941851,Calibrated-Hybrid-LogTarget-Small-scale_mean,validation
2021-12-14,2021-12-15,0.001241581482623,1.468452028954537,Calibrated-Hybrid-LogTarget-Small-scale_mean,validation
2021-12-15,2021-12-16,0.0056551081903051,1.4370973724974232,Calibrated-Hybrid-LogTarget-Small-scale_mean,validation
2021-12-16,2021-12-17,0.0462794489398934,1.3853976686110006,Calibrated-Hybrid-LogTarget-Small-scale_mean,validation
2021-12-17,2021-12-20,0.0276816841350729,1.3351697662370259,Calibrated-Hybrid-LogTarget-Small-scale_mean,validation
2021-12-20,2021-12-21,0.009100575448846,1.1695525210437048,Calibrated-Hybrid-LogTarget-Small-scale_mean,validation
2021-12-21,2021-12-22,0.0052396015195704,1.0615467743994162,Calibrated-Hybrid-LogTarget-Small-scale_mean,validation
2021-12-22,2021-12-23,1.992176913695392,1.1010493082296906,Calibrated-Hybrid-LogTarget-Small-scale_mean,validation
2021-12-23,2021-12-24,1.8717637228671864,1.2788406412260216,Calibrated-Hybrid-LogTarget-Small-scale_mean,validation
2021-12-24,2021-12-27,0.6385359851594573,1.4176292231868395,Calibrated-Hybrid-LogTarget-Small-scale_mean,validation
2021-12-27,2021-12-28,0.1364517327618313,1.2479870183847361,Calibrated-Hybrid-LogTarget-Small-scale_mean,validation
2021-12-28,2021-12-29,0.3307731842534792,1.3015680296463332,Calibrated-Hybrid-LogTarget-Small-scale_mean,validation
2021-12-29,2021-12-30,0.0001019075301841,1.126147530709221,Calibrated-Hybrid-LogTarget-Small-scale_mean,validation
2021-12-30,2021-12-31,0.6806292652244172,1.0855647791554506,Calibrated-Hybrid-LogTarget-Small-scale_mean,validation
2021-12-31,2022-01-04,3.2605099137684044,1.243634426752382,Calibrated-Hybrid-LogTarget-Small-scale_mean,validation
2022-01-04,2022-01-05,0.0408421877386783,1.302197817211086,Calibrated-Hybrid-LogTarget-Small-scale_mean,validation
2022-01-05,2022-01-06,0.1583194148629771,1.1523808232083232,Calibrated-Hybrid-LogTarget-Small-scale_mean,validation
2022-01-06,2022-01-07,3.466888916717849e-05,1.2002296071081633,Calibrated-Hybrid-LogTarget-Small-scale_mean,validation
2022-01-07,2022-01-10,2.6694297971607823,1.090292275075868,Calibrated-Hybrid-LogTarget-Small-scale_mean,validation
2022-01-10,2022-01-11,0.5791412105719106,1.5519907888258404,Calibrated-Hybrid-LogTarget-Small-scale_mean,validation
2022-01-11,2022-01-12,1.469449968423449,1.6745149866188944,Calibrated-Hybrid-LogTarget-Small-scale_mean,validation
2022-01-12,2022-01-13,0.9252594386149106,1.5991327480925803,Calibrated-Hybrid-LogTarget-Small-scale_mean,validation
2022-01-13,2022-01-14,4.021230809949571e-06,1.4530805825035698,Calibrated-Hybrid-LogTarget-Small-scale_mean,validation
2022-01-14,2022-01-17,8.577861779061374,1.2582810964671964,Calibrated-Hybrid-LogTarget-Small-scale_mean,validation
2022-01-17,2022-01-18,0.9241996120524796,1.8026294501550932,Calibrated-Hybrid-LogTarget-Small-scale_mean,validation
2022-01-18,2022-01-19,0.0713962483719635,1.7400840095097292,Calibrated-Hybrid-LogTarget-Small-scale_mean,validation
2022-01-19,2022-01-20,2.396694299563955,1.539393495782409,Calibrated-Hybrid-LogTarget-Small-scale_mean,validation
2022-01-20,2022-01-21,0.2669228311266386,1.8551350301515468,Calibrated-Hybrid-LogTarget-Small-scale_mean,validation
2022-01-21,2022-01-24,5.19144957677216,1.6063431968608675,Calibrated-Hybrid-LogTarget-Small-scale_mean,validation
2022-01-24,2022-01-25,7.461944120148481,1.7362749220836289,Calibrated-Hybrid-LogTarget-Small-scale_mean,validation
2022-01-25,2022-01-26,0.0182472056354126,2.061447645376638,Calibrated-Hybrid-LogTarget-Small-scale_mean,validation
2022-01-26,2022-01-27,0.5372614259470304,1.7064763557115843,Calibrated-Hybrid-LogTarget-Small-scale_mean,validation
2022-01-27,2022-01-28,0.3091208848418566,1.44523743262932,Calibrated-Hybrid-LogTarget-Small-scale_mean,validation
2022-01-28,2022-02-07,1.5787299229773026,1.5582248502351554,Calibrated-Hybrid-LogTarget-Small-scale_mean,validation
2022-02-07,2022-02-08,0.0493284261128678,1.4613400931190856,Calibrated-Hybrid-LogTarget-Small-scale_mean,validation
2022-02-08,2022-02-09,0.0852913112285084,1.292623268529982,Calibrated-Hybrid-LogTarget-Small-scale_mean,validation
2022-02-09,2022-02-10,0.0087647457494785,1.1889624527497806,Calibrated-Hybrid-LogTarget-Small-scale_mean,validation
2022-02-10,2022-02-11,0.1140481407730615,1.0404162445896068,Calibrated-Hybrid-LogTarget-Small-scale_mean,validation
2022-02-11,2022-02-14,4.003846034921644,1.0419809079300801,Calibrated-Hybrid-LogTarget-Small-scale_mean,validation
2022-02-14,2022-02-15,1.9670652734045644,1.3493209132392172,Calibrated-Hybrid-LogTarget-Small-scale_mean,validation
2022-02-15,2022-02-16,0.0018968880308684,1.4430157945553015,Calibrated-Hybrid-LogTarget-Small-scale_mean,validation
2022-02-16,2022-02-17,1.122140769245723,1.3010092668790338,Calibrated-Hybrid-LogTarget-Small-scale_mean,validation
2022-02-17,2022-02-18,0.0437252358911797,1.258224998165977,Calibrated-Hybrid-LogTarget-Small-scale_mean,validation
2022-02-18,2022-02-21,0.1583409064037323,1.120241693171437,Calibrated-Hybrid-LogTarget-Small-scale_mean,validation
2022-02-21,2022-02-22,0.2391227349223014,1.1609049617017564,Calibrated-Hybrid-LogTarget-Small-scale_mean,validation
2022-02-22,2022-02-23,0.3429157616051995,1.1672203752296546,Calibrated-Hybrid-LogTarget-Small-scale_mean,validation
2022-02-23,2022-02-24,1.3469467288223498,1.0531735055138043,Calibrated-Hybrid-LogTarget-Small-scale_mean,validation
2022-02-24,2022-02-25,0.0728442185423715,1.3379882002086159,Calibrated-Hybrid-LogTarget-Small-scale_mean,validation
2022-02-25,2022-02-28,0.3435682703713377,1.112686172403034,Calibrated-Hybrid-LogTarget-Small-scale_mean,validation
2022-02-28,2022-03-01,0.3350186274967215,1.0338871840463115,Calibrated-Hybrid-LogTarget-Small-scale_mean,validation
2022-03-01,2022-03-02,0.7897102913909818,1.129095962964598,Calibrated-Hybrid-LogTarget-Small-scale_mean,validation
2022-03-02,2022-03-03,1.6972927621476632,1.108434104769189,Calibrated-Hybrid-LogTarget-Small-scale_mean,validation
2022-03-03,2022-03-04,0.0004806839941866,1.2193263968396368,Calibrated-Hybrid-LogTarget-Small-scale_mean,validation
2022-03-04,2022-03-07,0.1747715827843937,1.0837487446754133,Calibrated-Hybrid-LogTarget-Small-scale_mean,validation
2022-03-07,2022-03-08,2.9065282793306784,1.092012523316632,Calibrated-Hybrid-LogTarget-Small-scale_mean,validation
2022-03-08,2022-03-09,4.143903255486161e-06,1.1989004287549079,Calibrated-Hybrid-LogTarget-Small-scale_mean,validation
2022-03-09,2022-03-10,0.1308186023197331,1.298185930964087,Calibrated-Hybrid-LogTarget-Small-scale_mean,validation
2022-03-10,2022-03-11,0.7249480262949388,1.081446263062048,Calibrated-Hybrid-LogTarget-Small-scale_mean,validation
2022-03-11,2022-03-14,1.940974298078772,1.1812019410605945,Calibrated-Hybrid-LogTarget-Small-scale_mean,validation
2022-03-14,2022-03-15,0.2004736979473137,1.2052560065981515,Calibrated-Hybrid-LogTarget-Small-scale_mean,validation
2022-03-15,2022-03-16,0.2048465635146144,1.1454758575137263,Calibrated-Hybrid-LogTarget-Small-scale_mean,validation
2022-03-16,2022-03-17,0.0189446795575115,1.080231502712231,Calibrated-Hybrid-LogTarget-Small-scale_mean,validation
2022-03-17,2022-03-18,0.2804915592052127,1.1044072038530233,Calibrated-Hybrid-LogTarget-Small-scale_mean,validation
2022-03-18,2022-03-21,3.042510301896478,1.0808668010252669,Calibrated-Hybrid-LogTarget-Small-scale_mean,validation
2022-03-21,2022-03-22,0.3468240297098041,1.1854483667359914,Calibrated-Hybrid-LogTarget-Small-scale_mean,validation
2022-03-22,2022-03-23,0.0091785148718354,1.1604213870835007,Calibrated-Hybrid-LogTarget-Small-scale_mean,validation
2022-03-23,2022-03-24,0.0739545064300968,1.015122963645465,Calibrated-Hybrid-LogTarget-Small-scale_mean,validation
2022-03-24,2022-03-25,0.0002565538581837,1.012893589232545,Calibrated-Hybrid-LogTarget-Small-scale_mean,validation
2022-03-25,2022-03-28,1.0559980128443454,1.0217874621251741,Calibrated-Hybrid-LogTarget-Small-scale_mean,validation
2022-03-28,2022-03-29,0.9569197018395468,1.1524382471821935,Calibrated-Hybrid-LogTarget-Small-scale_mean,validation
2022-03-29,2022-03-30,0.2354496444813368,1.0776246691559108,Calibrated-Hybrid-LogTarget-Small-scale_mean,validation
2022-03-30,2022-03-31,0.0120931732563713,1.1027290811950206,Calibrated-Hybrid-LogTarget-Small-scale_mean,validation
2022-03-31,2022-04-01,2.607401303697469,0.9950701221686538,Calibrated-Hybrid-LogTarget-Small-scale_mean,validation
2022-04-01,2022-04-04,0.2950865363946971,1.3932840866345708,Calibrated-Hybrid-LogTarget-Small-scale_mean,validation
2022-04-04,2022-04-05,0.09410156815978,1.003511849105742,Calibrated-Hybrid-LogTarget-Small-scale_mean,validation
2022-04-05,2022-04-06,0.0355827999144168,0.9759347053213541,Calibrated-Hybrid-LogTarget-Small-scale_mean,validation
2022-04-06,2022-04-07,1.845756746133211,1.0381913449018558,Calibrated-Hybrid-LogTarget-Small-scale_mean,validation
2022-04-07,2022-04-08,1.8599564295348143,1.0906959158567529,Calibrated-Hybrid-LogTarget-Small-scale_mean,validation
2022-04-08,2022-04-12,3.317796568560508,1.2809281598194355,Calibrated-Hybrid-LogTarget-Small-scale_mean,validation
2022-04-12,2022-04-13,2.2412176347286983,1.458243916672664,Calibrated-Hybrid-LogTarget-Small-scale_mean,validation
2022-04-13,2022-04-14,0.1186709675031117,1.594900430152594,Calibrated-Hybrid-LogTarget-Small-scale_mean,validation
2022-04-14,2022-04-15,0.8563450026802516,1.163476335948198,Calibrated-Hybrid-LogTarget-Small-scale_mean,validation
2022-04-15,2022-04-18,3.225139156963737,1.2333099083648946,Calibrated-Hybrid-LogTarget-Small-scale_mean,validation
2022-04-18,2022-04-19,3.3937657292333743,1.4716389984916525,Calibrated-Hybrid-LogTarget-Small-scale_mean,validation
2022-04-19,2022-04-20,2.4245124341762705,1.6641903794343342,Calibrated-Hybrid-LogTarget-Small-scale_mean,validation
2022-04-20,2022-04-21,1.109638997468357,1.7387936252675968,Calibrated-Hybrid-LogTarget-Small-scale_mean,validation
2022-04-21,2022-04-22,0.4305144066915168,1.6794069644248686,Calibrated-Hybrid-LogTarget-Small-scale_mean,validation
2022-04-22,2022-04-25,25.802530842890924,1.7017625386391806,Calibrated-Hybrid-LogTarget-Small-scale_mean,validation
2022-04-25,2022-04-26,5.262405488369011,3.6478957632425986,Calibrated-Hybrid-LogTarget-Small-scale_mean,validation
2022-04-26,2022-04-27,0.8508547277394044,2.8635474484857615,Calibrated-Hybrid-LogTarget-Small-scale_mean,validation
2022-04-27,2022-04-28,0.0422563925888465,2.5377511346415442,Calibrated-Hybrid-LogTarget-Small-scale_mean,validation
2022-04-28,2022-04-29,1.3536355027087716,2.379984416134877,Calibrated-Hybrid-LogTarget-Small-scale_mean,validation
2022-04-29,2022-05-04,1.7811317821270536,2.130784935208019,Calibrated-Hybrid-LogTarget-Small-scale_mean,validation
2022-05-04,2022-05-05,0.7846838850035229,2.0678090554866677,Calibrated-Hybrid-LogTarget-Small-scale_mean,validation
2022-05-05,2022-05-06,5.457913784856381,2.0180022580365873,Calibrated-Hybrid-LogTarget-Small-scale_mean,validation
2022-05-06,2022-05-09,21.07246376843707,2.3817565999202253,Calibrated-Hybrid-LogTarget-Small-scale_mean,validation
2022-05-09,2022-05-10,3.4895974437640893,6.162035800153959,Calibrated-Hybrid-LogTarget-Small-scale_mean,validation
2022-05-10,2022-05-11,0.3772893243323654,4.106446708441833,Calibrated-Hybrid-LogTarget-Small-scale_mean,validation
2022-05-11,2022-05-12,24.369069377939013,3.79385854578036,Calibrated-Hybrid-LogTarget-Small-scale_mean,validation
2022-05-12,2022-05-13,21.45200829300172,8.694226656485062,Calibrated-Hybrid-LogTarget-Small-scale_mean,validation
2022-05-13,2022-05-16,0.8445825050431754,9.765491364621708,Calibrated-Hybrid-LogTarget-Small-scale_mean,validation
2022-05-16,2022-05-17,22.10791922900586,6.461023727307532,Calibrated-Hybrid-LogTarget-Small-scale_mean,validation
2022-05-17,2022-05-18,1.0072145297005026,7.458144842881777,Calibrated-Hybrid-LogTarget-Small-scale_mean,validation
2022-05-18,2022-05-19,0.0050266870380628,5.706978438207569,Calibrated-Hybrid-LogTarget-Small-scale_mean,validation
2022-05-19,2022-05-20,0.0056143553761866,4.197739896081908,Calibrated-Hybrid-LogTarget-Small-scale_mean,validation
2022-05-20,2022-05-23,3.1715419491716648,3.611698513635305,Calibrated-Hybrid-LogTarget-Small-scale_mean,validation
2022-05-23,2022-05-24,1.4121508187671683,4.793476847519255,Calibrated-Hybrid-LogTarget-Small-scale_mean,validation
2022-05-24,2022-05-25,7.852071042943518,4.07779430139699,Calibrated-Hybrid-LogTarget-Small-scale_mean,validation
2022-05-25,2022-05-26,0.0001218078083452,3.9592530643698023,Calibrated-Hybrid-LogTarget-Small-scale_mean,validation
2022-05-26,2022-05-27,1.747305868676365,2.8132342528723897,Calibrated-Hybrid-LogTarget-Small-scale_mean,validation
2022-05-27,2022-05-30,0.4313230278725308,2.5163381597022716,Calibrated-Hybrid-LogTarget-Small-scale_mean,validation
2022-05-30,2022-05-31,0.0091927379819102,2.075521662393713,Calibrated-Hybrid-LogTarget-Small-scale_mean,validation
2022-05-31,2022-06-01,0.2785076944454149,1.8503351225128946,Calibrated-Hybrid-LogTarget-Small-scale_mean,validation
2022-06-01,2022-06-02,0.7094839787224755,1.6250895628822302,Calibrated-Hybrid-LogTarget-Small-scale_mean,validation
2022-06-02,2022-06-03,0.0024678908753368,1.608963780588671,Calibrated-Hybrid-LogTarget-Small-scale_mean,validation
2022-06-03,2022-06-06,0.0248021762794326,1.6017440509692844,Calibrated-Hybrid-LogTarget-Small-scale_mean,validation
2022-06-06,2022-06-07,0.0107788521263349,1.5009117286226024,Calibrated-Hybrid-LogTarget-Small-scale_mean,validation
2022-06-07,2022-06-08,1.62365203625605,1.5001554343648986,Calibrated-Hybrid-LogTarget-Small-scale_mean,validation
2022-06-08,2022-06-09,7.074018263381634e-05,1.2933848648707496,Calibrated-Hybrid-LogTarget-Small-scale_mean,validation
2022-06-09,2022-06-10,3.350301019629325,0.9879389998369317,Calibrated-Hybrid-LogTarget-Small-scale_mean,validation
2022-06-10,2022-06-13,20.64588542406384,1.3179687121908694,Calibrated-Hybrid-LogTarget-Small-scale_mean,validation
2022-06-13,2022-06-14,0.0708307718816595,4.259812800293752,Calibrated-Hybrid-LogTarget-Small-scale_mean,validation
2022-06-14,2022-06-15,1.796441565238617,3.228375195290499,Calibrated-Hybrid-LogTarget-Small-scale_mean,validation
2022-06-15,2022-06-16,3.432463040017097,3.5449064743317216,Calibrated-Hybrid-LogTarget-Small-scale_mean,validation
2022-06-16,2022-06-17,2.4820888579092317,3.2358816013750062,Calibrated-Hybrid-LogTarget-Small-scale_mean,validation
2022-06-17,2022-06-20,9.47527051181594,2.8853553379139423,Calibrated-Hybrid-LogTarget-Small-scale_mean,validation
2022-06-20,2022-06-21,0.4543743324349223,4.48919433665997,Calibrated-Hybrid-LogTarget-Small-scale_mean,validation
2022-06-21,2022-06-22,0.0746935567234301,3.4654796307146882,Calibrated-Hybrid-LogTarget-Small-scale_mean,validation
2022-06-22,2022-06-23,2.766255864563167,3.2360459338347054,Calibrated-Hybrid-LogTarget-Small-scale_mean,validation
2022-06-23,2022-06-24,0.0820210424345146,3.31868590478377,Calibrated-Hybrid-LogTarget-Small-scale_mean,validation
2022-06-24,2022-06-27,2.1086071885158946,2.536122417122782,Calibrated-Hybrid-LogTarget-Small-scale_mean,validation
2022-06-27,2022-06-28,1.593519408496492,2.422635952469611,Calibrated-Hybrid-LogTarget-Small-scale_mean,validation
2022-06-28,2022-06-29,6.739655204912147e-07,2.1137278807420463,Calibrated-Hybrid-LogTarget-Small-scale_mean,validation
2022-06-29,2022-06-30,2.8779439800812714,1.771163945988099,Calibrated-Hybrid-LogTarget-Small-scale_mean,validation
2022-06-30,2022-07-01,0.0117704187689308,2.125023043988444,Calibrated-Hybrid-LogTarget-Small-scale_mean,validation
2022-07-01,2022-07-04,0.0792348201052211,2.1342365399200176,Calibrated-Hybrid-LogTarget-Small-scale_mean,validation
2022-07-04,2022-07-05,1.4358126528100246,1.9850107234130663,Calibrated-Hybrid-LogTarget-Small-scale_mean,validation
2022-07-05,2022-07-06,7.389865614079536,2.266664268618225,Calibrated-Hybrid-LogTarget-Small-scale_mean,validation
2022-07-06,2022-07-07,2.1222407761584665,3.5728151455948773,Calibrated-Hybrid-LogTarget-Small-scale_mean,validation
2022-07-07,2022-07-08,0.1707436242121409,3.2413974667671996,Calibrated-Hybrid-LogTarget-Small-scale_mean,validation
2022-07-08,2022-07-11,1.896510687995091,2.93968614950632,Calibrated-Hybrid-LogTarget-Small-scale_mean,validation
2022-07-11,2022-07-12,2.8101659729648394,2.8944821334204467,Calibrated-Hybrid-LogTarget-Small-scale_mean,validation
2022-07-12,2022-07-13,0.0058732050643028,2.7772284287354565,Calibrated-Hybrid-LogTarget-Small-scale_mean,validation
2022-07-13,2022-07-14,0.4904420356514064,2.1949174831856593,Calibrated-Hybrid-LogTarget-Small-scale_mean,validation
2022-07-14,2022-07-15,0.0611617161101388,2.0562405342574857,Calibrated-Hybrid-LogTarget-Small-scale_mean,validation
2022-07-15,2022-07-18,0.0549065100896944,1.797181208622954,Calibrated-Hybrid-LogTarget-Small-scale_mean,validation
2022-07-18,2022-07-19,0.0244219525267298,1.7087110484683912,Calibrated-Hybrid-LogTarget-Small-scale_mean,validation
2022-07-19,2022-07-20,1.7763769532234184,1.6933583381929311,Calibrated-Hybrid-LogTarget-Small-scale_mean,validation
2022-07-20,2022-07-21,0.1310065184317032,1.868712734225333,Calibrated-Hybrid-LogTarget-Small-scale_mean,validation
2022-07-21,2022-07-22,0.0961257253308801,1.3775168069440669,Calibrated-Hybrid-LogTarget-Small-scale_mean,validation
2022-07-22,2022-07-25,0.2759737706228845,1.214928490616237,Calibrated-Hybrid-LogTarget-Small-scale_mean,validation
2022-07-25,2022-07-26,0.0835304358694094,1.2036889276263256,Calibrated-Hybrid-LogTarget-Small-scale_mean,validation
2022-07-26,2022-07-27,0.2525093111697122,1.2373772010794073,Calibrated-Hybrid-LogTarget-Small-scale_mean,validation
2022-07-27,2022-07-28,2.02736513860254,1.2921040804008463,Calibrated-Hybrid-LogTarget-Small-scale_mean,validation
2022-07-28,2022-07-29,0.0219851675662213,1.5972157640182776,Calibrated-Hybrid-LogTarget-Small-scale_mean,validation
2022-07-29,2022-08-01,4.214166749504341,1.1708379963796967,Calibrated-Hybrid-LogTarget-Small-scale_mean,validation
2022-08-01,2022-08-02,0.6898714562213188,1.6470403266923295,Calibrated-Hybrid-LogTarget-Small-scale_mean,validation
2022-08-02,2022-08-03,0.4270040010021521,1.498640415882971,Calibrated-Hybrid-LogTarget-Small-scale_mean,validation
2022-08-03,2022-08-04,0.1229567831793093,1.406542985236815,Calibrated-Hybrid-LogTarget-Small-scale_mean,validation
2022-08-04,2022-08-05,0.0126539977340546,1.2642263503604383,Calibrated-Hybrid-LogTarget-Small-scale_mean,validation
2022-08-05,2022-08-08,0.1021359274837244,1.2072042689635025,Calibrated-Hybrid-LogTarget-Small-scale_mean,validation
2022-08-08,2022-08-09,0.0278750471367201,1.2683794226182556,Calibrated-Hybrid-LogTarget-Small-scale_mean,validation
2022-08-09,2022-08-10,0.0349139608846283,1.2679398016154495,Calibrated-Hybrid-LogTarget-Small-scale_mean,validation
2022-08-10,2022-08-11,0.1247429178058028,1.203921261825706,Calibrated-Hybrid-LogTarget-Small-scale_mean,validation
2022-08-11,2022-08-12,0.6660254086755314,1.3631164256158645,Calibrated-Hybrid-LogTarget-Small-scale_mean,validation
2022-08-12,2022-08-15,0.8759670360790162,1.1590131821320981,Calibrated-Hybrid-LogTarget-Small-scale_mean,validation
2022-08-15,2022-08-16,0.0014782571055336,1.154374200862289,Calibrated-Hybrid-LogTarget-Small-scale_mean,validation
2022-08-16,2022-08-17,0.0021413807191485,1.0486755854581895,Calibrated-Hybrid-LogTarget-Small-scale_mean,validation
2022-08-17,2022-08-18,0.0161573789935176,1.0608602300432897,Calibrated-Hybrid-LogTarget-Small-scale_mean,validation
2022-08-18,2022-08-19,0.124159183844011,1.0083620039994023,Calibrated-Hybrid-LogTarget-Small-scale_mean,validation
2022-08-19,2022-08-22,0.4785997007311449,1.0435606132792254,Calibrated-Hybrid-LogTarget-Small-scale_mean,validation
2022-08-22,2022-08-23,0.6726558406784502,1.0932486120047284,Calibrated-Hybrid-LogTarget-Small-scale_mean,validation
2022-08-23,2022-08-24,0.2484394846076955,1.1005203451700951,Calibrated-Hybrid-LogTarget-Small-scale_mean,validation
2022-08-24,2022-08-25,0.8344386477124279,1.0472319427986079,Calibrated-Hybrid-LogTarget-Small-scale_mean,validation
2022-08-25,2022-08-26,0.2408597797174897,1.0742367873880097,Calibrated-Hybrid-LogTarget-Small-scale_mean,validation
2022-08-26,2022-08-29,0.8499464536320859,1.0803484355021022,Calibrated-Hybrid-LogTarget-Small-scale_mean,validation
2022-08-29,2022-08-30,0.4538418356510164,1.3341359148458976,Calibrated-Hybrid-LogTarget-Small-scale_mean,validation
2022-08-30,2022-08-31,0.0076568491567018,1.0918560605188725,Calibrated-Hybrid-LogTarget-Small-scale_mean,validation
2022-08-31,2022-09-05,0.061049351862573,1.0466904030525752,Calibrated-Hybrid-LogTarget-Small-scale_mean,validation
2022-09-05,2022-09-06,1.532156699315195e-05,1.0364144065349177,Calibrated-Hybrid-LogTarget-Small-scale_mean,validation
2022-09-06,2022-09-07,7.377847328826583,1.0479863715367546,Calibrated-Hybrid-LogTarget-Small-scale_mean,validation
2022-09-07,2022-09-08,0.478523332029774,2.030163331787354,Calibrated-Hybrid-LogTarget-Small-scale_mean,validation
2022-09-08,2022-09-09,1.3041739898741895,1.7127473244924547,Calibrated-Hybrid-LogTarget-Small-scale_mean,validation
2022-09-09,2022-09-12,0.004521626169754,1.8439407469566942,Calibrated-Hybrid-LogTarget-Small-scale_mean,validation
2022-09-12,2022-09-13,0.0095408682654198,1.3701671059342306,Calibrated-Hybrid-LogTarget-Small-scale_mean,validation
2022-09-13,2022-09-14,0.3758397161006742,1.2534160150248075,Calibrated-Hybrid-LogTarget-Small-scale_mean,validation
2022-09-14,2022-09-15,0.1547128388602677,1.431648251570691,Calibrated-Hybrid-LogTarget-Small-scale_mean,validation
2022-09-15,2022-09-16,0.6392848421140832,1.2512563847614342,Calibrated-Hybrid-LogTarget-Small-scale_mean,validation
2022-09-16,2022-09-19,6.167092365627429,1.430328078186611,Calibrated-Hybrid-LogTarget-Small-scale_mean,validation
2022-09-19,2022-09-20,1.2403443891166936,2.165924803124081,Calibrated-Hybrid-LogTarget-Small-scale_mean,validation
2022-09-20,2022-09-21,0.4759099851621189,2.0087193567565755,Calibrated-Hybrid-LogTarget-Small-scale_mean,validation
2022-09-21,2022-09-22,0.1171234903128616,1.7375199396248506,Calibrated-Hybrid-LogTarget-Small-scale_mean,validation
2022-09-22,2022-09-23,0.8922637492009945,1.6877548001845026,Calibrated-Hybrid-LogTarget-Small-scale_mean,validation
2022-09-23,2022-09-26,5.922583365191483,1.6362576968642992,Calibrated-Hybrid-LogTarget-Small-scale_mean,validation
2022-09-26,2022-09-27,0.4452493243663706,2.7362191531444235,Calibrated-Hybrid-LogTarget-Small-scale_mean,validation
2022-09-27,2022-09-28,3.9376181571955216,2.1830458609962053,Calibrated-Hybrid-LogTarget-Small-scale_mean,validation
2022-09-28,2022-09-29,2.391654578614972,3.0630428279687294,Calibrated-Hybrid-LogTarget-Small-scale_mean,validation
2022-09-29,2022-09-30,0.2861665228807753,3.10119180136797,Calibrated-Hybrid-LogTarget-Small-scale_mean,validation
2022-09-30,2022-10-03,16.955331578512116,2.9197613225701176,Calibrated-Hybrid-LogTarget-Small-scale_mean,validation
2022-10-03,2022-10-04,0.5881297526576773,6.932547529951585,Calibrated-Hybrid-LogTarget-Small-scale_mean,validation
2022-10-04,2022-10-05,5.7303230555022,4.848944879300439,Calibrated-Hybrid-LogTarget-Small-scale_mean,validation
2022-10-05,2022-10-06,7.453651936358921,4.861853463138748,Calibrated-Hybrid-LogTarget-Small-scale_mean,validation
2022-10-06,2022-10-07,13.391049366085785,6.60481899939356,Calibrated-Hybrid-LogTarget-Small-scale_mean,validation
2022-10-07,2022-10-10,0.3997049579355222,8.151593815092903,Calibrated-Hybrid-LogTarget-Small-scale_mean,validation
2022-10-10,2022-10-11,12.54691927074426,4.958938913853319,Calibrated-Hybrid-LogTarget-Small-scale_mean,validation
2022-10-11,2022-10-12,7.860720182392412,9.474758607335954,Calibrated-Hybrid-LogTarget-Small-scale_mean,validation
2022-10-12,2022-10-13,2.4070722291092697,6.787405608001864,Calibrated-Hybrid-LogTarget-Small-scale_mean,validation
2022-10-13,2022-10-14,1.0568030806874944,5.450632575605495,Calibrated-Hybrid-LogTarget-Small-scale_mean,validation
2022-10-14,2022-10-17,0.9445652838308308,4.724000314295147,Calibrated-Hybrid-LogTarget-Small-scale_mean,validation
2022-10-17,2022-10-18,1.304619909377935,3.993018653553183,Calibrated-Hybrid-LogTarget-Small-scale_mean,validation
2022-10-18,2022-10-19,0.1143012847418557,3.9367462633605785,Calibrated-Hybrid-LogTarget-Small-scale_mean,validation
2022-10-19,2022-10-20,0.0233897216248987,3.3759925620813447,Calibrated-Hybrid-LogTarget-Small-scale_mean,validation
2022-10-20,2022-10-21,13.823102148731785,3.2034343128366456,Calibrated-Hybrid-LogTarget-Small-scale_mean,validation
2022-10-21,2022-10-24,11.27142788246664,6.6485059843184136,Calibrated-Hybrid-LogTarget-Small-scale_mean,validation
2022-10-24,2022-10-25,0.2552819963060921,9.093348110631934,Calibrated-Hybrid-LogTarget-Small-scale_mean,validation
2022-10-25,2022-10-26,0.2322552175172126,5.7911879067826515,Calibrated-Hybrid-LogTarget-Small-scale_mean,validation
2022-10-26,2022-10-27,17.476545289293156,4.92653545455037,Calibrated-Hybrid-LogTarget-Small-scale_mean,validation
2022-10-27,2022-10-28,0.0040004302898497,5.943781607874943,Calibrated-Hybrid-LogTarget-Small-scale_mean,validation
2022-10-28,2022-10-31,0.003185411598369,3.8303377848812636,Calibrated-Hybrid-LogTarget-Small-scale_mean,validation
2022-10-31,2022-11-01,0.3176638729946111,3.2973270648550983,Calibrated-Hybrid-LogTarget-Small-scale_mean,validation
2022-11-01,2022-11-02,1.0542708806933592,3.115829397054053,Calibrated-Hybrid-LogTarget-Small-scale_mean,validation
2022-11-02,2022-11-03,0.1094857130367321,3.393894944302995,Calibrated-Hybrid-LogTarget-Small-scale_mean,validation
2022-11-03,2022-11-04,5.049190747098641,3.165300669309284,Calibrated-Hybrid-LogTarget-Small-scale_mean,validation
2022-11-04,2022-11-07,4.95903292212355,4.5280250967719,Calibrated-Hybrid-LogTarget-Small-scale_mean,validation
2022-11-07,2022-11-08,0.4359307936718208,5.315988295359389,Calibrated-Hybrid-LogTarget-Small-scale_mean,validation
2022-11-08,2022-11-09,0.1604496978685764,4.0774180688654535,Calibrated-Hybrid-LogTarget-Small-scale_mean,validation
2022-11-09,2022-11-10,15.751336654060546,3.6694628111571514,Calibrated-Hybrid-LogTarget-Small-scale_mean,validation
2022-11-10,2022-11-11,0.5877644540297541,7.030105992422781,Calibrated-Hybrid-LogTarget-Small-scale_mean,validation
2022-11-11,2022-11-14,2.025904181968848,4.448786953578581,Calibrated-Hybrid-LogTarget-Small-scale_mean,validation
2022-11-14,2022-11-15,9.894366349346946,4.9141451730013035,Calibrated-Hybrid-LogTarget-Small-scale_mean,validation
2022-11-15,2022-11-16,11.17558049000805,7.1698896936094325,Calibrated-Hybrid-LogTarget-Small-scale_mean,validation
2022-11-16,2022-11-17,7.602516501605635,5.668839534971103,Calibrated-Hybrid-LogTarget-Small-scale_mean,validation
2022-11-17,2022-11-18,5.215358122437767e-05,4.867807054213429,Calibrated-Hybrid-LogTarget-Small-scale_mean,validation
2022-11-18,2022-11-21,0.8090953049399706,4.101895655765275,Calibrated-Hybrid-LogTarget-Small-scale_mean,validation
2022-11-21,2022-11-22,0.7954965643291928,3.6373954807158224,Calibrated-Hybrid-LogTarget-Small-scale_mean,validation
2022-11-22,2022-11-23,0.4158325821141256,4.028042051779572,Calibrated-Hybrid-LogTarget-Small-scale_mean,validation
2022-11-23,2022-11-24,0.0326156098281846,3.6158026747414875,Calibrated-Hybrid-LogTarget-Small-scale_mean,validation
2022-11-24,2022-11-25,6.126390414606435,3.417618113126421,Calibrated-Hybrid-LogTarget-Small-scale_mean,validation
2022-11-25,2022-11-28,11.99171626886051,3.9499523172715154,Calibrated-Hybrid-LogTarget-Small-scale_mean,validation
2022-11-28,2022-11-29,6.749510839154126,4.276720768987596,Calibrated-Hybrid-LogTarget-Small-scale_mean,validation
2022-11-29,2022-11-30,2.4431488019656613,3.6321794109735617,Calibrated-Hybrid-LogTarget-Small-scale_mean,validation
2022-11-30,2022-12-01,1.3565007887137526,2.916154490280428,Calibrated-Hybrid-LogTarget-Small-scale_mean,validation
2022-12-01,2022-12-02,17.084105039989844,3.249305983670514,Calibrated-Hybrid-LogTarget-Small-scale_mean,validation
2022-12-02,2022-12-05,1.5797254157342264,3.610053764270425,Calibrated-Hybrid-LogTarget-Small-scale_mean,validation
2022-12-05,2022-12-06,17.637687522394646,2.941324552670477,Calibrated-Hybrid-LogTarget-Small-scale_mean,validation
2022-12-06,2022-12-07,0.5388682275570345,4.329030023846747,Calibrated-Hybrid-LogTarget-Small-scale_mean,validation
2022-12-07,2022-12-08,0.8269714352452323,3.3681306198255085,Calibrated-Hybrid-LogTarget-Small-scale_mean,validation
2022-12-08,2022-12-09,0.0148277116225318,3.317859561270239,Calibrated-Hybrid-LogTarget-Small-scale_mean,validation
2022-12-09,2022-12-12,3.589507425464579,2.9241718200372744,Calibrated-Hybrid-LogTarget-Small-scale_mean,validation
2022-12-12,2022-12-13,2.1880754664799307,3.245333841214684,Calibrated-Hybrid-LogTarget-Small-scale_mean,validation
2022-12-13,2022-12-14,0.0807108309118899,2.941724301699049,Calibrated-Hybrid-LogTarget-Small-scale_mean,validation
2022-12-14,2022-12-15,0.2157077020057238,2.6562152407795128,Calibrated-Hybrid-LogTarget-Small-scale_mean,validation
2022-12-15,2022-12-16,0.072617015649584,2.587131678855681,Calibrated-Hybrid-LogTarget-Small-scale_mean,validation
2022-12-16,2022-12-19,1.813928705292506,2.4298377736516934,Calibrated-Hybrid-LogTarget-Small-scale_mean,validation
2022-12-19,2022-12-20,2.1946973166474533,2.7568185836447445,Calibrated-Hybrid-LogTarget-Small-scale_mean,validation
2022-12-20,2022-12-21,0.1732700004356016,2.8759552623280094,Calibrated-Hybrid-LogTarget-Small-scale_mean,validation
2022-12-21,2022-12-22,0.1335316168500294,2.5309937550109276,Calibrated-Hybrid-LogTarget-Small-scale_mean,validation
2022-12-22,2022-12-23,0.0493851739530653,2.354541251518844,Calibrated-Hybrid-LogTarget-Small-scale_mean,validation
2022-12-23,2022-12-26,12.275470581243656,2.1003524052705447,Calibrated-Hybrid-LogTarget-Small-scale_mean,validation
2022-12-26,2022-12-27,3.78693616836278,4.589191946357132,Calibrated-Hybrid-LogTarget-Small-scale_mean,validation
2022-12-27,2022-12-28,1.2053971949970186,4.021209609090521,Calibrated-Hybrid-LogTarget-Small-scale_mean,validation
2022-12-28,2022-12-29,0.3958340163318585,3.4375766032540644,Calibrated-Hybrid-LogTarget-Small-scale_mean,validation
2022-12-29,2022-12-30,0.047616879962563,3.0792897225883653,Calibrated-Hybrid-LogTarget-Small-scale_mean,validation
