date,target_date,actual_var,pred_var,model,split
2023-01-03,2023-01-04,0.0549535930877402,2.6966663334998473,Calibrated-Hybrid-LogTarget-scale_mean,test
2023-01-04,2023-01-05,0.8117646910153878,2.0557640314107775,Calibrated-Hybrid-LogTarget-scale_mean,test
2023-01-05,2023-01-06,0.172811729353928,1.7866317666814084,Calibrated-Hybrid-LogTarget-scale_mean,test
2023-01-06,2023-01-09,0.0692225607636781,1.771329452345195,Calibrated-Hybrid-LogTarget-scale_mean,test
2023-01-09,2023-01-10,0.0066603499297191,1.7760710263292159,Calibrated-Hybrid-LogTarget-scale_mean,test
2023-01-10,2023-01-11,0.0522271097766636,1.7236517463212033,Calibrated-Hybrid-LogTarget-scale_mean,test
2023-01-11,2023-01-12,0.0035587018238326,1.6884951296059123,Calibrated-Hybrid-LogTarget-scale_mean,test
2023-01-12,2023-01-13,0.1275802197397324,1.5773354244467968,Calibrated-Hybrid-LogTarget-scale_mean,test
2023-01-13,2023-01-16,0.374758039143315,1.5397992590207596,Calibrated-Hybrid-LogTarget-scale_mean,test
2023-01-16,2023-01-17,4.022686466488597,1.444881504753332,Calibrated-Hybrid-LogTarget-scale_mean,test
2023-01-17,2023-01-18,0.8349687871773404,1.4806046581362564,Calibrated-Hybrid-LogTarget-scale_mean,test
2023-01-18,2023-01-19,0.7891600724610666,1.4298249672501477,Calibrated-Hybrid-LogTarget-scale_mean,test
2023-01-19,2023-01-27,0.6572756271765033,1.408122483923151,Calibrated-Hybrid-LogTarget-scale_mean,test
2023-01-27,2023-01-30,1.7140630852404162,1.400597966597276,Calibrated-Hybrid-LogTarget-scale_mean,test
2023-01-30,2023-01-31,0.6050810133388357,1.7311324396550514,Calibrated-Hybrid-LogTarget-scale_mean,test
2023-01-31,2023-02-01,10.368357126316685,1.6902760252897666,Calibrated-Hybrid-LogTarget-scale_mean,test
2023-02-01,2023-02-02,0.0226347776228954,2.7318077798297153,Calibrated-Hybrid-LogTarget-scale_mean,test
2023-02-02,2023-02-03,0.0016679215067438,2.4563866216110837,Calibrated-Hybrid-LogTarget-scale_mean,test
2023-02-03,2023-02-06,1.256067923688864,2.315218351621322,Calibrated-Hybrid-LogTarget-scale_mean,test
2023-02-06,2023-02-07,4.736232587067869,2.1972674412523054,Calibrated-Hybrid-LogTarget-scale_mean,test
2023-02-07,2023-02-08,0.3561755878073738,2.719649001339696,Calibrated-Hybrid-LogTarget-scale_mean,test
2023-02-08,2023-02-09,0.5879330834697908,2.4333866159449995,Calibrated-Hybrid-LogTarget-scale_mean,test
2023-02-09,2023-02-10,0.6787287097613596,2.3613186361685026,Calibrated-Hybrid-LogTarget-scale_mean,test
2023-02-10,2023-02-13,1.2216869517708149,2.425603707365568,Calibrated-Hybrid-LogTarget-scale_mean,test
2023-02-13,2023-02-14,0.2361888824871934,2.404387651777005,Calibrated-Hybrid-LogTarget-scale_mean,test
2023-02-14,2023-02-15,0.8394668425834446,2.2703454110655743,Calibrated-Hybrid-LogTarget-scale_mean,test
2023-02-15,2023-02-16,0.9177621933014196,2.061863200804366,Calibrated-Hybrid-LogTarget-scale_mean,test
2023-02-16,2023-02-17,0.0092805250097098,1.8106941795848492,Calibrated-Hybrid-LogTarget-scale_mean,test
2023-02-17,2023-02-20,6.512002780573765,1.6897491937717328,Calibrated-Hybrid-LogTarget-scale_mean,test
2023-02-20,2023-02-21,0.1691390418565458,1.7858187821913514,Calibrated-Hybrid-LogTarget-scale_mean,test
2023-02-21,2023-02-22,6.846416409130559,1.793716817121161,Calibrated-Hybrid-LogTarget-scale_mean,test
2023-02-22,2023-02-23,0.0034604047962046,2.45081698877153,Calibrated-Hybrid-LogTarget-scale_mean,test
2023-02-23,2023-02-24,1.8150207850841689,2.3832287488777895,Calibrated-Hybrid-LogTarget-scale_mean,test
2023-02-24,2023-02-27,3.1577928002505518,2.6947462479807767,Calibrated-Hybrid-LogTarget-scale_mean,test
2023-02-27,2023-02-28,0.1124261928232939,2.9912844947322723,Calibrated-Hybrid-LogTarget-scale_mean,test
2023-02-28,2023-03-01,2.362077222441523,2.733753783940344,Calibrated-Hybrid-LogTarget-scale_mean,test
2023-03-01,2023-03-02,0.0800566234507277,2.3689095375417026,Calibrated-Hybrid-LogTarget-scale_mean,test
2023-03-02,2023-03-03,1.5504718457013609,2.105697163379012,Calibrated-Hybrid-LogTarget-scale_mean,test
2023-03-03,2023-03-06,0.0551773612932756,2.190155661212961,Calibrated-Hybrid-LogTarget-scale_mean,test
2023-03-06,2023-03-07,1.0659420423683896,2.053946444357845,Calibrated-Hybrid-LogTarget-scale_mean,test
2023-03-07,2023-03-08,1.180976964777076,1.8814787158650785,Calibrated-Hybrid-LogTarget-scale_mean,test
2023-03-08,2023-03-09,0.4136971055728827,1.7275270455410578,Calibrated-Hybrid-LogTarget-scale_mean,test
2023-03-09,2023-03-10,0.078265798957639,1.6360236126723982,Calibrated-Hybrid-LogTarget-scale_mean,test
2023-03-10,2023-03-13,0.0003608159625681,1.5543434832146903,Calibrated-Hybrid-LogTarget-scale_mean,test
2023-03-13,2023-03-14,1.4659340258862177,1.594498330603299,Calibrated-Hybrid-LogTarget-scale_mean,test
2023-03-14,2023-03-15,4.404587524685249,1.8038723384678692,Calibrated-Hybrid-LogTarget-scale_mean,test
2023-03-15,2023-03-16,1.966140070411206,1.8117119898562002,Calibrated-Hybrid-LogTarget-scale_mean,test
2023-03-16,2023-03-17,0.0466583815583474,2.0057476897206414,Calibrated-Hybrid-LogTarget-scale_mean,test
2023-03-17,2023-03-20,4.542701346022625,2.0177823555622045,Calibrated-Hybrid-LogTarget-scale_mean,test
2023-03-20,2023-03-21,0.8241032078763476,2.5944764933661353,Calibrated-Hybrid-LogTarget-scale_mean,test
2023-03-21,2023-03-22,0.6122377400151076,2.546535202142807,Calibrated-Hybrid-LogTarget-scale_mean,test
2023-03-22,2023-03-23,0.1912107767600162,2.202563847526379,Calibrated-Hybrid-LogTarget-scale_mean,test
2023-03-23,2023-03-24,0.0261069358389794,1.9209752116098457,Calibrated-Hybrid-LogTarget-scale_mean,test
2023-03-24,2023-03-27,0.2706486133246383,1.817539219363379,Calibrated-Hybrid-LogTarget-scale_mean,test
2023-03-27,2023-03-28,0.0375129464792075,1.6730005401690664,Calibrated-Hybrid-LogTarget-scale_mean,test
2023-03-28,2023-03-29,0.0373680554186715,1.6381281602375468,Calibrated-Hybrid-LogTarget-scale_mean,test
2023-03-29,2023-03-30,0.0864260143113033,1.490551144409516,Calibrated-Hybrid-LogTarget-scale_mean,test
2023-03-30,2023-03-31,0.2397323675517269,1.4952437810645172,Calibrated-Hybrid-LogTarget-scale_mean,test
2023-03-31,2023-04-03,1.8652562093058924,1.4621038048961905,Calibrated-Hybrid-LogTarget-scale_mean,test
2023-04-03,2023-04-04,0.0059186412860023,1.570277459495342,Calibrated-Hybrid-LogTarget-scale_mean,test
2023-04-04,2023-04-05,0.0498269661847383,1.615351557889845,Calibrated-Hybrid-LogTarget-scale_mean,test
2023-04-05,2023-04-06,0.8553042836437406,1.627968518159815,Calibrated-Hybrid-LogTarget-scale_mean,test
2023-04-06,2023-04-07,0.0125702355791553,1.9094471405866664,Calibrated-Hybrid-LogTarget-scale_mean,test
2023-04-07,2023-04-10,0.1668068990512428,1.8021803506207452,Calibrated-Hybrid-LogTarget-scale_mean,test
2023-04-10,2023-04-11,0.1482607699784405,1.8943738343989673,Calibrated-Hybrid-LogTarget-scale_mean,test
2023-04-11,2023-04-12,8.743291732272662e-07,1.7800181333614242,Calibrated-Hybrid-LogTarget-scale_mean,test
2023-04-12,2023-04-13,0.2330177840007939,1.744327852327565,Calibrated-Hybrid-LogTarget-scale_mean,test
2023-04-13,2023-04-14,1.1617696349612645,1.7208531867769916,Calibrated-Hybrid-LogTarget-scale_mean,test
2023-04-14,2023-04-17,0.0076283447272982,1.8815329947669792,Calibrated-Hybrid-LogTarget-scale_mean,test
2023-04-17,2023-04-18,0.0131688449679895,1.752721731315861,Calibrated-Hybrid-LogTarget-scale_mean,test
2023-04-18,2023-04-19,0.3296437026732272,1.6691442857683847,Calibrated-Hybrid-LogTarget-scale_mean,test
2023-04-19,2023-04-20,0.0006623405434785,1.624475148676591,Calibrated-Hybrid-LogTarget-scale_mean,test
2023-04-20,2023-04-21,0.3673257523211698,1.4799314567232575,Calibrated-Hybrid-LogTarget-scale_mean,test
2023-04-21,2023-04-24,0.0221215519921837,1.506684796965109,Calibrated-Hybrid-LogTarget-scale_mean,test
2023-04-24,2023-04-25,0.3932622485353985,1.4332986577066424,Calibrated-Hybrid-LogTarget-scale_mean,test
2023-04-25,2023-04-26,0.328691182889417,1.4274236631358765,Calibrated-Hybrid-LogTarget-scale_mean,test
2023-04-26,2023-04-27,0.0126510214171176,1.3027191704661207,Calibrated-Hybrid-LogTarget-scale_mean,test
2023-04-27,2023-04-28,0.8257060505705139,1.2976135882837114,Calibrated-Hybrid-LogTarget-scale_mean,test
2023-04-28,2023-05-04,0.663351259487948,1.2634812947086578,Calibrated-Hybrid-LogTarget-scale_mean,test
2023-05-04,2023-05-05,0.0008313650023289,1.3814065498395305,Calibrated-Hybrid-LogTarget-scale_mean,test
2023-05-05,2023-05-08,1.5730813455266768,1.3153244394059047,Calibrated-Hybrid-LogTarget-scale_mean,test
2023-05-08,2023-05-09,0.0009810073041391,1.2928376022706543,Calibrated-Hybrid-LogTarget-scale_mean,test
2023-05-09,2023-05-10,0.1807814295588449,1.2983624922992463,Calibrated-Hybrid-LogTarget-scale_mean,test
2023-05-10,2023-05-11,0.0116169732719969,1.3349606126223932,Calibrated-Hybrid-LogTarget-scale_mean,test
2023-05-11,2023-05-12,0.8480601097426534,1.3926555401039629,Calibrated-Hybrid-LogTarget-scale_mean,test
2023-05-12,2023-05-15,0.0124546383596074,1.3659711900993816,Calibrated-Hybrid-LogTarget-scale_mean,test
2023-05-15,2023-05-16,0.0003521278803455,1.4765284979029798,Calibrated-Hybrid-LogTarget-scale_mean,test
2023-05-16,2023-05-17,0.2647079940558091,1.4232088552950237,Calibrated-Hybrid-LogTarget-scale_mean,test
2023-05-17,2023-05-18,0.5467189046851431,1.5528379725863422,Calibrated-Hybrid-LogTarget-scale_mean,test
2023-05-18,2023-05-19,0.0134881726921275,1.429060540029911,Calibrated-Hybrid-LogTarget-scale_mean,test
2023-05-19,2023-05-22,0.1115577260954784,1.5102694166816075,Calibrated-Hybrid-LogTarget-scale_mean,test
2023-05-22,2023-05-23,0.2010623455676166,1.4503590359461183,Calibrated-Hybrid-LogTarget-scale_mean,test
2023-05-23,2023-05-24,0.1456521231551851,1.5126995442502933,Calibrated-Hybrid-LogTarget-scale_mean,test
2023-05-24,2023-05-25,0.0713508401309495,1.5830729446538807,Calibrated-Hybrid-LogTarget-scale_mean,test
2023-05-25,2023-05-26,0.006683379548905,1.5229004891792535,Calibrated-Hybrid-LogTarget-scale_mean,test
2023-05-26,2023-05-29,1.1008741895280585,1.529107016676088,Calibrated-Hybrid-LogTarget-scale_mean,test
2023-05-29,2023-05-30,0.0813274524532,1.489929367707165,Calibrated-Hybrid-LogTarget-scale_mean,test
2023-05-30,2023-05-31,0.0715597269351419,1.5461028560052412,Calibrated-Hybrid-LogTarget-scale_mean,test
2023-05-31,2023-06-01,0.0894248931377806,1.633528363351562,Calibrated-Hybrid-LogTarget-scale_mean,test
2023-06-01,2023-06-02,1.3176407801372392,1.621555945296344,Calibrated-Hybrid-LogTarget-scale_mean,test
2023-06-02,2023-06-05,0.4068339428608296,1.6618159614794008,Calibrated-Hybrid-LogTarget-scale_mean,test
2023-06-05,2023-06-06,0.9043890866960916,1.6134437893018183,Calibrated-Hybrid-LogTarget-scale_mean,test
2023-06-06,2023-06-07,0.0123028566285396,1.533558290417651,Calibrated-Hybrid-LogTarget-scale_mean,test
2023-06-07,2023-06-08,0.5529490855904797,1.6585842691591164,Calibrated-Hybrid-LogTarget-scale_mean,test
2023-06-08,2023-06-09,0.3161644467066298,1.9326157333305671,Calibrated-Hybrid-LogTarget-scale_mean,test
2023-06-09,2023-06-12,0.5831574033164091,1.746691443725359,Calibrated-Hybrid-LogTarget-scale_mean,test
2023-06-12,2023-06-13,0.3310759893352936,1.6753523597691993,Calibrated-Hybrid-LogTarget-scale_mean,test
2023-06-13,2023-06-14,0.2025223817587841,1.7166218113120175,Calibrated-Hybrid-LogTarget-scale_mean,test
2023-06-14,2023-06-15,0.0016224341258812,1.757534590504725,Calibrated-Hybrid-LogTarget-scale_mean,test
2023-06-15,2023-06-16,0.024585211583996,1.7253989659112898,Calibrated-Hybrid-LogTarget-scale_mean,test
2023-06-16,2023-06-19,0.7822402072538185,1.9510877756942584,Calibrated-Hybrid-LogTarget-scale_mean,test
2023-06-19,2023-06-20,0.3250259985876756,1.8988360024399724,Calibrated-Hybrid-LogTarget-scale_mean,test
2023-06-20,2023-06-21,0.3653445181035127,1.7717908947062537,Calibrated-Hybrid-LogTarget-scale_mean,test
2023-06-21,2023-06-22,0.3717252672960691,1.7834509300199959,Calibrated-Hybrid-LogTarget-scale_mean,test
2023-06-22,2023-06-23,0.1309819466607628,1.7530169894183603,Calibrated-Hybrid-LogTarget-scale_mean,test
2023-06-23,2023-06-26,0.0549279663710728,1.7563889199987568,Calibrated-Hybrid-LogTarget-scale_mean,test
2023-06-26,2023-06-27,0.0411962958640958,1.7972139528294517,Calibrated-Hybrid-LogTarget-scale_mean,test
2023-06-27,2023-06-28,0.1251516048900254,1.6891329187295805,Calibrated-Hybrid-LogTarget-scale_mean,test
2023-06-28,2023-06-29,1.3110715533307906,1.7149828357598504,Calibrated-Hybrid-LogTarget-scale_mean,test
2023-06-29,2023-06-30,0.2153197174085333,1.9233131006836475,Calibrated-Hybrid-LogTarget-scale_mean,test
2023-06-30,2023-07-03,0.2244859363593752,1.8546794826306747,Calibrated-Hybrid-LogTarget-scale_mean,test
2023-07-03,2023-07-04,0.331614557206894,1.7834517804358991,Calibrated-Hybrid-LogTarget-scale_mean,test
2023-07-04,2023-07-05,0.0534448088033697,1.72211137022391,Calibrated-Hybrid-LogTarget-scale_mean,test
2023-07-05,2023-07-06,0.5521828368120864,1.7202327450317734,Calibrated-Hybrid-LogTarget-scale_mean,test
2023-07-06,2023-07-07,1.0955709924740076,1.855867585518533,Calibrated-Hybrid-LogTarget-scale_mean,test
2023-07-07,2023-07-10,0.9169134777331625,1.7339160907434543,Calibrated-Hybrid-LogTarget-scale_mean,test
2023-07-10,2023-07-11,0.057144157007868,1.7529208631323256,Calibrated-Hybrid-LogTarget-scale_mean,test
2023-07-11,2023-07-12,0.0444186703613796,1.7868792701975083,Calibrated-Hybrid-LogTarget-scale_mean,test
2023-07-12,2023-07-13,0.9358770339385756,1.6891071448024477,Calibrated-Hybrid-LogTarget-scale_mean,test
2023-07-13,2023-07-14,0.0652166185346891,1.6673411313378277,Calibrated-Hybrid-LogTarget-scale_mean,test
2023-07-14,2023-07-17,0.1632239943294482,1.8498665299642019,Calibrated-Hybrid-LogTarget-scale_mean,test
2023-07-17,2023-07-18,0.0066910598075562,1.7465894179972834,Calibrated-Hybrid-LogTarget-scale_mean,test
2023-07-18,2023-07-19,0.0089465157105592,1.7345435354396301,Calibrated-Hybrid-LogTarget-scale_mean,test
2023-07-19,2023-07-20,0.0002100775164203,1.7984617178684557,Calibrated-Hybrid-LogTarget-scale_mean,test
2023-07-20,2023-07-21,1.2319670859049314,1.7450366561284358,Calibrated-Hybrid-LogTarget-scale_mean,test
2023-07-21,2023-07-24,0.164526463877313,1.8044190487757819,Calibrated-Hybrid-LogTarget-scale_mean,test
2023-07-24,2023-07-25,0.1884318549081098,1.878624552970583,Calibrated-Hybrid-LogTarget-scale_mean,test
2023-07-25,2023-07-26,0.1699312574616927,1.8205894219165106,Calibrated-Hybrid-LogTarget-scale_mean,test
2023-07-26,2023-07-27,0.0856869950327944,1.7691421416148965,Calibrated-Hybrid-LogTarget-scale_mean,test
2023-07-27,2023-07-28,0.7393945741890614,2.029479354929924,Calibrated-Hybrid-LogTarget-scale_mean,test
2023-07-28,2023-07-31,1.5705613280253743,1.9540203510078535,Calibrated-Hybrid-LogTarget-scale_mean,test
2023-07-31,2023-08-01,0.191513989792846,1.9935364445712507,Calibrated-Hybrid-LogTarget-scale_mean,test
2023-08-01,2023-08-02,0.0554319741987418,2.153976018958007,Calibrated-Hybrid-LogTarget-scale_mean,test
2023-08-02,2023-08-03,0.6081005379926719,1.8578152682231448,Calibrated-Hybrid-LogTarget-scale_mean,test
2023-08-03,2023-08-04,1.5216082607669985,2.0981954355365913,Calibrated-Hybrid-LogTarget-scale_mean,test
2023-08-04,2023-08-07,1.5663427455149326,2.1161068241494005,Calibrated-Hybrid-LogTarget-scale_mean,test
2023-08-07,2023-08-08,0.0042545072808971,2.065854809302835,Calibrated-Hybrid-LogTarget-scale_mean,test
2023-08-08,2023-08-09,0.4429341513499315,2.0894705281425554,Calibrated-Hybrid-LogTarget-scale_mean,test
2023-08-09,2023-08-10,1.18855521360565,2.0834796883868667,Calibrated-Hybrid-LogTarget-scale_mean,test
2023-08-10,2023-08-11,0.8946457187409982,2.242208639979609,Calibrated-Hybrid-LogTarget-scale_mean,test
2023-08-11,2023-08-14,0.1406576061529025,2.1690139829431216,Calibrated-Hybrid-LogTarget-scale_mean,test
2023-08-14,2023-08-15,0.0509990332423939,2.1629825267265965,Calibrated-Hybrid-LogTarget-scale_mean,test
2023-08-15,2023-08-16,0.5528693854620391,1.9871314462659293,Calibrated-Hybrid-LogTarget-scale_mean,test
2023-08-16,2023-08-17,0.6237080926504832,1.9341989011828213,Calibrated-Hybrid-LogTarget-scale_mean,test
2023-08-17,2023-08-18,21.187467781738864,2.1968056989037494,Calibrated-Hybrid-LogTarget-scale_mean,test
2023-08-18,2023-08-21,0.0225429724444894,3.979237326298476,Calibrated-Hybrid-LogTarget-scale_mean,test
2023-08-21,2023-08-22,0.0038263943505654,3.0090642305845154,Calibrated-Hybrid-LogTarget-scale_mean,test
2023-08-22,2023-08-23,0.4543048185096983,2.9084156438050464,Calibrated-Hybrid-LogTarget-scale_mean,test
2023-08-23,2023-08-24,2.030960720400387,2.6444195002751534,Calibrated-Hybrid-LogTarget-scale_mean,test
2023-08-24,2023-08-25,0.2574822009117362,2.533339445234287,Calibrated-Hybrid-LogTarget-scale_mean,test
2023-08-25,2023-08-28,2.3677711449578327,2.3400259743253633,Calibrated-Hybrid-LogTarget-scale_mean,test
2023-08-28,2023-08-29,0.0507403600472885,2.1515595918150745,Calibrated-Hybrid-LogTarget-scale_mean,test
2023-08-29,2023-08-30,0.521587233427783,2.173604383325936,Calibrated-Hybrid-LogTarget-scale_mean,test
2023-08-30,2023-08-31,0.798611626583033,2.0542532636994526,Calibrated-Hybrid-LogTarget-scale_mean,test
2023-08-31,2023-09-05,0.790275250555677,1.9891016434616502,Calibrated-Hybrid-LogTarget-scale_mean,test
2023-09-05,2023-09-06,0.7194907575034776,1.9806972050449172,Calibrated-Hybrid-LogTarget-scale_mean,test
2023-09-06,2023-09-07,0.0359716287929884,1.9995589701581347,Calibrated-Hybrid-LogTarget-scale_mean,test
2023-09-07,2023-09-08,0.0178548556372743,2.0867142372030196,Calibrated-Hybrid-LogTarget-scale_mean,test
2023-09-08,2023-09-11,2.097389099277001,2.0257280291787505,Calibrated-Hybrid-LogTarget-scale_mean,test
2023-09-11,2023-09-12,3.1212396050656377,2.535175500687564,Calibrated-Hybrid-LogTarget-scale_mean,test
2023-09-12,2023-09-13,0.3222528903899724,2.0543448531346704,Calibrated-Hybrid-LogTarget-scale_mean,test
2023-09-13,2023-09-14,1.4026151894519558,2.3545586102565075,Calibrated-Hybrid-LogTarget-scale_mean,test
2023-09-14,2023-09-15,0.0839016379792105,2.395792110669714,Calibrated-Hybrid-LogTarget-scale_mean,test
2023-09-15,2023-09-18,1.6257299462595711,2.094849565783027,Calibrated-Hybrid-LogTarget-scale_mean,test
2023-09-18,2023-09-19,0.000654584074098,2.189882059225347,Calibrated-Hybrid-LogTarget-scale_mean,test
2023-09-19,2023-09-20,1.4369523878233037,2.2166058165862634,Calibrated-Hybrid-LogTarget-scale_mean,test
2023-09-20,2023-09-21,1.2021573804780938,1.9690970885368402,Calibrated-Hybrid-LogTarget-scale_mean,test
2023-09-21,2023-09-22,2.67951003310709,2.194386478322761,Calibrated-Hybrid-LogTarget-scale_mean,test
2023-09-22,2023-09-25,11.541216926620844,2.7146384578357106,Calibrated-Hybrid-LogTarget-scale_mean,test
2023-09-25,2023-09-26,1.7698314100181254,3.5587506626667773,Calibrated-Hybrid-LogTarget-scale_mean,test
2023-09-26,2023-09-27,1.922934467977144,3.1696856183886624,Calibrated-Hybrid-LogTarget-scale_mean,test
2023-09-27,2023-09-28,0.0151639632836694,2.7198503416074167,Calibrated-Hybrid-LogTarget-scale_mean,test
2023-09-28,2023-09-29,0.02224231577349,2.469848776686469,Calibrated-Hybrid-LogTarget-scale_mean,test
2023-09-29,2023-10-02,0.0090750098350391,2.1994825600898587,Calibrated-Hybrid-LogTarget-scale_mean,test
2023-10-02,2023-10-03,10.683716279206385,1.9937220563542661,Calibrated-Hybrid-LogTarget-scale_mean,test
2023-10-03,2023-10-04,0.8853176884286172,3.5972403867811744,Calibrated-Hybrid-LogTarget-scale_mean,test
2023-10-04,2023-10-05,1.7375339257639013,2.780578357026677,Calibrated-Hybrid-LogTarget-scale_mean,test
2023-10-05,2023-10-06,1.7072998751511268,2.8284591769933307,Calibrated-Hybrid-LogTarget-scale_mean,test
2023-10-06,2023-10-09,0.6060662073826656,2.653185199196961,Calibrated-Hybrid-LogTarget-scale_mean,test
2023-10-09,2023-10-10,0.3080349756366544,2.2837236097299582,Calibrated-Hybrid-LogTarget-scale_mean,test
2023-10-10,2023-10-11,0.3851648462229108,2.0166793074933844,Calibrated-Hybrid-LogTarget-scale_mean,test
2023-10-11,2023-10-12,0.0048291522978458,1.7916413240547264,Calibrated-Hybrid-LogTarget-scale_mean,test
2023-10-12,2023-10-13,0.0732020168306359,1.7601542144772457,Calibrated-Hybrid-LogTarget-scale_mean,test
2023-10-13,2023-10-16,1.3440806213781142,1.6849550342893922,Calibrated-Hybrid-LogTarget-scale_mean,test
2023-10-16,2023-10-17,3.052807721519015,1.8208598628491526,Calibrated-Hybrid-LogTarget-scale_mean,test
2023-10-17,2023-10-18,2.691074109609036,2.1690706097726657,Calibrated-Hybrid-LogTarget-scale_mean,test
2023-10-18,2023-10-19,2.014426845995019,2.655509324941301,Calibrated-Hybrid-LogTarget-scale_mean,test
2023-10-19,2023-10-20,3.37838828040453,2.680944193474771,Calibrated-Hybrid-LogTarget-scale_mean,test
2023-10-20,2023-10-23,1.7351918672263549,2.558179544757691,Calibrated-Hybrid-LogTarget-scale_mean,test
2023-10-23,2023-10-24,1.2652847100550173,2.589585734708544,Calibrated-Hybrid-LogTarget-scale_mean,test
2023-10-24,2023-10-25,0.1475596920145903,2.405475641066563,Calibrated-Hybrid-LogTarget-scale_mean,test
2023-10-25,2023-10-26,18.362010800338208,2.1924211082712994,Calibrated-Hybrid-LogTarget-scale_mean,test
2023-10-26,2023-10-27,0.2387716417217482,4.698852042083926,Calibrated-Hybrid-LogTarget-scale_mean,test
2023-10-27,2023-10-30,3.0025597858118136,3.2770504886928116,Calibrated-Hybrid-LogTarget-scale_mean,test
2023-10-30,2023-10-31,1.8839681619493045,3.6463553047137074,Calibrated-Hybrid-LogTarget-scale_mean,test
2023-10-31,2023-11-01,1.230715501580414,3.481634053097298,Calibrated-Hybrid-LogTarget-scale_mean,test
2023-11-01,2023-11-02,11.467731176476716,3.0246011253516163,Calibrated-Hybrid-LogTarget-scale_mean,test
2023-11-02,2023-11-03,0.0148189440021049,3.0635123832406657,Calibrated-Hybrid-LogTarget-scale_mean,test
2023-11-03,2023-11-06,1.4138672012584073,2.3906908663095248,Calibrated-Hybrid-LogTarget-scale_mean,test
2023-11-06,2023-11-07,0.7458390495009208,2.032803812157755,Calibrated-Hybrid-LogTarget-scale_mean,test
2023-11-07,2023-11-08,9.129956144189087,1.9701367680412043,Calibrated-Hybrid-LogTarget-scale_mean,test
2023-11-08,2023-11-09,0.0017061233763225,2.301276083065077,Calibrated-Hybrid-LogTarget-scale_mean,test
2023-11-09,2023-11-10,1.2148681903111338,2.0744022192337987,Calibrated-Hybrid-LogTarget-scale_mean,test
2023-11-10,2023-11-13,0.0213882813414155,2.0813060940315387,Calibrated-Hybrid-LogTarget-scale_mean,test
2023-11-13,2023-11-14,0.7643879612116624,1.992634299037279,Calibrated-Hybrid-LogTarget-scale_mean,test
2023-11-14,2023-11-15,1.309101680363533,2.0848362307796036,Calibrated-Hybrid-LogTarget-scale_mean,test
2023-11-15,2023-11-16,0.0726677258555493,2.013885312330966,Calibrated-Hybrid-LogTarget-scale_mean,test
2023-11-16,2023-11-17,4.779742663796966,1.7996783826987661,Calibrated-Hybrid-LogTarget-scale_mean,test
2023-11-17,2023-11-20,0.0501991268589152,2.302007160760152,Calibrated-Hybrid-LogTarget-scale_mean,test
2023-11-20,2023-11-21,0.3772925570702379,2.188275207238815,Calibrated-Hybrid-LogTarget-scale_mean,test
2023-11-21,2023-11-22,0.0912767762573235,2.0630057184846664,Calibrated-Hybrid-LogTarget-scale_mean,test
2023-11-22,2023-11-23,5.291901747240125,2.0788579348233354,Calibrated-Hybrid-LogTarget-scale_mean,test
2023-11-23,2023-11-24,0.4250871900618609,2.4792477095184116,Calibrated-Hybrid-LogTarget-scale_mean,test
2023-11-24,2023-11-27,0.4781711175817431,2.4012246736228104,Calibrated-Hybrid-LogTarget-scale_mean,test
2023-11-27,2023-11-28,0.4557176520002135,2.2382255202777612,Calibrated-Hybrid-LogTarget-scale_mean,test
2023-11-28,2023-11-29,0.4496265629344425,2.1854332591244527,Calibrated-Hybrid-LogTarget-scale_mean,test
2023-11-29,2023-11-30,0.6229744807299576,1.9929925423496448,Calibrated-Hybrid-LogTarget-scale_mean,test
2023-11-30,2023-12-01,0.5347066481770756,2.0504810777769253,Calibrated-Hybrid-LogTarget-scale_mean,test
2023-12-01,2023-12-04,2.720585966130201,1.909026993201518,Calibrated-Hybrid-LogTarget-scale_mean,test
2023-12-04,2023-12-05,0.163386350982878,2.1370163294584508,Calibrated-Hybrid-LogTarget-scale_mean,test
2023-12-05,2023-12-06,0.8703691532467039,1.9538081565728225,Calibrated-Hybrid-LogTarget-scale_mean,test
2023-12-06,2023-12-07,0.193176184914791,1.9058672460893002,Calibrated-Hybrid-LogTarget-scale_mean,test
2023-12-07,2023-12-08,0.0690100099875838,2.369007672194655,Calibrated-Hybrid-LogTarget-scale_mean,test
2023-12-08,2023-12-11,0.0088783019772855,1.9719636402328946,Calibrated-Hybrid-LogTarget-scale_mean,test
2023-12-11,2023-12-12,0.0357476055077411,1.8698120469563364,Calibrated-Hybrid-LogTarget-scale_mean,test
2023-12-12,2023-12-13,1.4355458045904153,1.762165502900457,Calibrated-Hybrid-LogTarget-scale_mean,test
2023-12-13,2023-12-14,0.1339218193100039,1.970801295099608,Calibrated-Hybrid-LogTarget-scale_mean,test
2023-12-14,2023-12-15,0.501011926570286,1.9499795771084292,Calibrated-Hybrid-LogTarget-scale_mean,test
2023-12-15,2023-12-18,0.9021057574713134,2.0309179130928086,Calibrated-Hybrid-LogTarget-scale_mean,test
2023-12-18,2023-12-19,0.163207316046184,2.051534135663645,Calibrated-Hybrid-LogTarget-scale_mean,test
2023-12-19,2023-12-20,0.1648341022859622,1.9771852408310258,Calibrated-Hybrid-LogTarget-scale_mean,test
2023-12-20,2023-12-21,0.0229820728280408,1.7979341732207395,Calibrated-Hybrid-LogTarget-scale_mean,test
2023-12-21,2023-12-22,0.003263855536434,1.6855060896666716,Calibrated-Hybrid-LogTarget-scale_mean,test
2023-12-22,2023-12-25,1.728982548756669,1.619928558330711,Calibrated-Hybrid-LogTarget-scale_mean,test
2023-12-25,2023-12-26,0.1679675706187517,1.533234011960135,Calibrated-Hybrid-LogTarget-scale_mean,test
2023-12-26,2023-12-27,0.0005368687109465,1.4918333558858137,Calibrated-Hybrid-LogTarget-scale_mean,test
2023-12-27,2023-12-28,0.3802432948523992,1.5139259097857694,Calibrated-Hybrid-LogTarget-scale_mean,test
2023-12-28,2023-12-29,0.0078393746118935,1.4916658396336324,Calibrated-Hybrid-LogTarget-scale_mean,test
2023-12-29,2024-01-02,0.0250562134986935,1.5356996265857485,Calibrated-Hybrid-LogTarget-scale_mean,test
2024-01-02,2024-01-03,1.197029417048885,1.6051969257857273,Calibrated-Hybrid-LogTarget-scale_mean,test
2024-01-03,2024-01-04,0.3258526092006003,1.542043425562575,Calibrated-Hybrid-LogTarget-scale_mean,test
2024-01-04,2024-01-05,0.1180208232703248,1.8728599971280133,Calibrated-Hybrid-LogTarget-scale_mean,test
2024-01-05,2024-01-08,0.2266269824272246,1.6259772308090494,Calibrated-Hybrid-LogTarget-scale_mean,test
2024-01-08,2024-01-09,0.0190450011331964,1.6380703583474678,Calibrated-Hybrid-LogTarget-scale_mean,test
2024-01-09,2024-01-10,0.0646665738710911,1.6958371912672303,Calibrated-Hybrid-LogTarget-scale_mean,test
2024-01-10,2024-01-11,0.0034252738431133,1.8131889823710636,Calibrated-Hybrid-LogTarget-scale_mean,test
2024-01-11,2024-01-12,0.4213826457560849,1.7345387796508351,Calibrated-Hybrid-LogTarget-scale_mean,test
2024-01-12,2024-01-15,0.0025242702278622,2.0271064147878133,Calibrated-Hybrid-LogTarget-scale_mean,test
2024-01-15,2024-01-16,0.6034028324453893,1.742254674970394,Calibrated-Hybrid-LogTarget-scale_mean,test
2024-01-16,2024-01-17,0.0025743958188708,1.6426706080747213,Calibrated-Hybrid-LogTarget-scale_mean,test
2024-01-17,2024-01-18,0.3137503773939618,1.6730872976059725,Calibrated-Hybrid-LogTarget-scale_mean,test
2024-01-18,2024-01-19,1.120382144309341,1.5687772737763857,Calibrated-Hybrid-LogTarget-scale_mean,test
2024-01-19,2024-01-22,0.0132345962603059,1.5047082201364805,Calibrated-Hybrid-LogTarget-scale_mean,test
2024-01-22,2024-01-23,0.2062692888507807,1.606701293092675,Calibrated-Hybrid-LogTarget-scale_mean,test
2024-01-23,2024-01-24,0.1485757892019817,1.589265885909229,Calibrated-Hybrid-LogTarget-scale_mean,test
2024-01-24,2024-01-25,0.0492420848338565,1.6736484376577538,Calibrated-Hybrid-LogTarget-scale_mean,test
2024-01-25,2024-01-26,0.2041467089523473,1.6767845471298322,Calibrated-Hybrid-LogTarget-scale_mean,test
2024-01-26,2024-01-29,2.893888078905973e-06,1.5710041184373185,Calibrated-Hybrid-LogTarget-scale_mean,test
2024-01-29,2024-01-30,0.1130691080782245,1.5413301622224531,Calibrated-Hybrid-LogTarget-scale_mean,test
2024-01-30,2024-01-31,1.7132578057426455,1.4674678303690905,Calibrated-Hybrid-LogTarget-scale_mean,test
2024-01-31,2024-02-01,0.5554695483427156,1.9413298483551538,Calibrated-Hybrid-LogTarget-scale_mean,test
2024-02-01,2024-02-02,0.0016060494837953,1.598956010668187,Calibrated-Hybrid-LogTarget-scale_mean,test
2024-02-02,2024-02-05,1.312405125307974,1.7350036679631275,Calibrated-Hybrid-LogTarget-scale_mean,test
2024-02-05,2024-02-06,0.041546270496195,1.677977104841901,Calibrated-Hybrid-LogTarget-scale_mean,test
2024-02-06,2024-02-07,0.7090694435364681,1.5490852815628908,Calibrated-Hybrid-LogTarget-scale_mean,test
2024-02-07,2024-02-15,0.10935700902328,1.5039354908615115,Calibrated-Hybrid-LogTarget-scale_mean,test
2024-02-15,2024-02-16,0.3563698361907522,1.6433147916040474,Calibrated-Hybrid-LogTarget-scale_mean,test
2024-02-16,2024-02-19,1.5735090531706803,1.5983170216538025,Calibrated-Hybrid-LogTarget-scale_mean,test
2024-02-19,2024-02-20,0.1719424828204338,1.7471483422177054,Calibrated-Hybrid-LogTarget-scale_mean,test
2024-02-20,2024-02-21,2.643713937948573e-06,1.6733388198769865,Calibrated-Hybrid-LogTarget-scale_mean,test
2024-02-21,2024-02-22,0.0493686905262693,1.7465710956406293,Calibrated-Hybrid-LogTarget-scale_mean,test
2024-02-22,2024-02-23,1.5757517057356472,1.7285292209805727,Calibrated-Hybrid-LogTarget-scale_mean,test
2024-02-23,2024-02-26,0.9982359162312492,2.4191567713088085,Calibrated-Hybrid-LogTarget-scale_mean,test
2024-02-26,2024-02-27,1.16593097532243,1.9195378705616568,Calibrated-Hybrid-LogTarget-scale_mean,test
2024-02-27,2024-02-28,1.8813005066335944,1.9471215388657452,Calibrated-Hybrid-LogTarget-scale_mean,test
2024-02-28,2024-02-29,0.0210764395400896,1.871302274324618,Calibrated-Hybrid-LogTarget-scale_mean,test
2024-02-29,2024-03-01,0.1954116660389362,2.0063699342139887,Calibrated-Hybrid-LogTarget-scale_mean,test
2024-03-01,2024-03-04,0.0617241173730905,1.8549231453584778,Calibrated-Hybrid-LogTarget-scale_mean,test
2024-03-04,2024-03-05,0.458465682898879,2.0461420403819166,Calibrated-Hybrid-LogTarget-scale_mean,test
2024-03-05,2024-03-06,0.3277686759141466,1.912181493154836,Calibrated-Hybrid-LogTarget-scale_mean,test
2024-03-06,2024-03-07,0.2049845962757557,2.0375121373415417,Calibrated-Hybrid-LogTarget-scale_mean,test
2024-03-07,2024-03-08,2.816444292658484,1.9710092260464724,Calibrated-Hybrid-LogTarget-scale_mean,test
2024-03-08,2024-03-11,0.912721979122844,2.5800065468120077,Calibrated-Hybrid-LogTarget-scale_mean,test
2024-03-11,2024-03-12,0.5879634369893775,2.2772621420151964,Calibrated-Hybrid-LogTarget-scale_mean,test
2024-03-12,2024-03-13,4.113946023612082,2.021808891547348,Calibrated-Hybrid-LogTarget-scale_mean,test
2024-03-13,2024-03-14,0.2431894157728003,2.044242061154314,Calibrated-Hybrid-LogTarget-scale_mean,test
2024-03-14,2024-03-15,0.0014420309906953,2.163245934104999,Calibrated-Hybrid-LogTarget-scale_mean,test
2024-03-15,2024-03-18,2.60144510071112,2.0945785062526907,Calibrated-Hybrid-LogTarget-scale_mean,test
2024-03-18,2024-03-19,0.0078313418483015,2.898260590842669,Calibrated-Hybrid-LogTarget-scale_mean,test
2024-03-19,2024-03-20,1.98300631416396,2.156138112981767,Calibrated-Hybrid-LogTarget-scale_mean,test
2024-03-20,2024-03-21,1.659993462713211,2.032870211416936,Calibrated-Hybrid-LogTarget-scale_mean,test
2024-03-21,2024-03-22,0.1769090471586793,2.2063398926095568,Calibrated-Hybrid-LogTarget-scale_mean,test
2024-03-22,2024-03-25,1.1957204376691162,2.2093874602284784,Calibrated-Hybrid-LogTarget-scale_mean,test
2024-03-25,2024-03-26,1.266685379522265,2.306365651203119,Calibrated-Hybrid-LogTarget-scale_mean,test
2024-03-26,2024-03-27,0.0047070525559726,1.9569487024993988,Calibrated-Hybrid-LogTarget-scale_mean,test
2024-03-27,2024-03-28,0.3036574536281876,1.9333816873265186,Calibrated-Hybrid-LogTarget-scale_mean,test
2024-03-28,2024-03-29,0.22386593116756,1.9378532653873963,Calibrated-Hybrid-LogTarget-scale_mean,test
2024-03-29,2024-04-01,0.0401370314872093,1.8626584497489809,Calibrated-Hybrid-LogTarget-scale_mean,test
2024-04-01,2024-04-02,0.1847396233779287,1.9730076556791927,Calibrated-Hybrid-LogTarget-scale_mean,test
2024-04-02,2024-04-03,1.4814046434548742,2.049944854443238,Calibrated-Hybrid-LogTarget-scale_mean,test
2024-04-03,2024-04-04,0.0642984527134782,2.1773101459362,Calibrated-Hybrid-LogTarget-scale_mean,test
2024-04-04,2024-04-05,1.084676282740752,2.068000680537834,Calibrated-Hybrid-LogTarget-scale_mean,test
2024-04-05,2024-04-08,0.1443776586599194,2.2530528927857953,Calibrated-Hybrid-LogTarget-scale_mean,test
2024-04-08,2024-04-09,0.9848187145028622,2.043212962516283,Calibrated-Hybrid-LogTarget-scale_mean,test
2024-04-09,2024-04-10,0.1141835151805207,1.8297572533915762,Calibrated-Hybrid-LogTarget-scale_mean,test
2024-04-10,2024-04-11,0.0008184297224042,1.8028524849566656,Calibrated-Hybrid-LogTarget-scale_mean,test
2024-04-11,2024-04-12,2.1077713488695093,1.764882494848116,Calibrated-Hybrid-LogTarget-scale_mean,test
2024-04-12,2024-04-15,23.166885904173803,1.6978168814467671,Calibrated-Hybrid-LogTarget-scale_mean,test
2024-04-15,2024-04-16,0.0058478365075764,4.390019419584774,Calibrated-Hybrid-LogTarget-scale_mean,test
2024-04-16,2024-04-17,3.543454497340081,3.258839335172024,Calibrated-Hybrid-LogTarget-scale_mean,test
2024-04-17,2024-04-19,2.3528631494425456,3.2807731985375983,Calibrated-Hybrid-LogTarget-scale_mean,test
2024-04-19,2024-04-22,1.6893979231324006,3.453030384008819,Calibrated-Hybrid-LogTarget-scale_mean,test
2024-04-22,2024-04-23,1.1727907466469314,2.8209408314727344,Calibrated-Hybrid-LogTarget-scale_mean,test
2024-04-23,2024-04-24,5.606024745553127,2.6965417676491787,Calibrated-Hybrid-LogTarget-scale_mean,test
2024-04-24,2024-04-25,0.0028195309207452,2.511620399790715,Calibrated-Hybrid-LogTarget-scale_mean,test
2024-04-25,2024-04-26,0.1420473024727117,2.122024010578374,Calibrated-Hybrid-LogTarget-scale_mean,test
2024-04-26,2024-05-02,0.318006405977251,1.9745723614382011,Calibrated-Hybrid-LogTarget-scale_mean,test
2024-05-02,2024-05-03,0.1468401316931458,1.826665342515699,Calibrated-Hybrid-LogTarget-scale_mean,test
2024-05-03,2024-05-06,2.785560071487252,1.7614377727710564,Calibrated-Hybrid-LogTarget-scale_mean,test
2024-05-06,2024-05-07,0.3206037518220124,1.7018629268069212,Calibrated-Hybrid-LogTarget-scale_mean,test
2024-05-07,2024-05-08,0.0214485793857184,1.587580628215957,Calibrated-Hybrid-LogTarget-scale_mean,test
2024-05-08,2024-05-09,0.0212146392864794,1.6849120503056128,Calibrated-Hybrid-LogTarget-scale_mean,test
2024-05-09,2024-05-10,0.0998826714071555,1.6027395220886418,Calibrated-Hybrid-LogTarget-scale_mean,test
2024-05-10,2024-05-13,0.1323509240296012,1.6373142397659581,Calibrated-Hybrid-LogTarget-scale_mean,test
2024-05-13,2024-05-14,0.0623260338672244,1.6676876104720468,Calibrated-Hybrid-LogTarget-scale_mean,test
2024-05-14,2024-05-15,0.7914504364695899,1.5883654707506059,Calibrated-Hybrid-LogTarget-scale_mean,test
2024-05-15,2024-05-16,1.3010619376829529,1.6162636101607906,Calibrated-Hybrid-LogTarget-scale_mean,test
2024-05-16,2024-05-20,0.4777373395090949,1.6276621120832915,Calibrated-Hybrid-LogTarget-scale_mean,test
2024-05-20,2024-05-21,0.0011865300373836,1.76426342451673,Calibrated-Hybrid-LogTarget-scale_mean,test
2024-05-21,2024-05-22,0.6467920233357178,1.677543894785409,Calibrated-Hybrid-LogTarget-scale_mean,test
2024-05-22,2024-05-23,1.2284567837418712,1.94134975096923,Calibrated-Hybrid-LogTarget-scale_mean,test
2024-05-23,2024-05-24,2.256648937405396,1.8157103824898075,Calibrated-Hybrid-LogTarget-scale_mean,test
2024-05-24,2024-05-27,0.2066759953224523,2.3852006709307547,Calibrated-Hybrid-LogTarget-scale_mean,test
2024-05-27,2024-05-28,1.2149042841979667,1.8001542917576747,Calibrated-Hybrid-LogTarget-scale_mean,test
2024-05-28,2024-05-29,0.5065517433860525,1.7903568856240604,Calibrated-Hybrid-LogTarget-scale_mean,test
2024-05-29,2024-05-30,0.2478473182821189,2.074234070194495,Calibrated-Hybrid-LogTarget-scale_mean,test
2024-05-30,2024-05-31,0.1324368158912983,2.057817976151451,Calibrated-Hybrid-LogTarget-scale_mean,test
2024-05-31,2024-06-03,2.069054535054291,1.778026527901243,Calibrated-Hybrid-LogTarget-scale_mean,test
2024-06-03,2024-06-04,0.0754175541972061,1.9856472085853234,Calibrated-Hybrid-LogTarget-scale_mean,test
2024-06-04,2024-06-05,0.0041789785238715,1.8063314713810845,Calibrated-Hybrid-LogTarget-scale_mean,test
2024-06-05,2024-06-06,0.003785773302666,1.775391521755555,Calibrated-Hybrid-LogTarget-scale_mean,test
2024-06-06,2024-06-07,0.0977825492840672,1.7461418245243958,Calibrated-Hybrid-LogTarget-scale_mean,test
2024-06-07,2024-06-10,0.0574549317651925,1.5768765025650548,Calibrated-Hybrid-LogTarget-scale_mean,test
2024-06-10,2024-06-11,0.236389900130653,1.636394990451055,Calibrated-Hybrid-LogTarget-scale_mean,test
2024-06-11,2024-06-12,1.4910702380739045,1.7423583168344041,Calibrated-Hybrid-LogTarget-scale_mean,test
2024-06-12,2024-06-13,0.0102965917651104,1.6576730365494372,Calibrated-Hybrid-LogTarget-scale_mean,test
2024-06-13,2024-06-14,2.8007247199637466,1.7104859091976161,Calibrated-Hybrid-LogTarget-scale_mean,test
2024-06-14,2024-06-17,0.1619251788207639,2.119128021670978,Calibrated-Hybrid-LogTarget-scale_mean,test
2024-06-17,2024-06-18,0.1371670063872054,1.8940960875942772,Calibrated-Hybrid-LogTarget-scale_mean,test
2024-06-18,2024-06-19,0.0005135905111872,1.7200641876161777,Calibrated-Hybrid-LogTarget-scale_mean,test
2024-06-19,2024-06-20,0.0383900740120223,1.757868588280721,Calibrated-Hybrid-LogTarget-scale_mean,test
2024-06-20,2024-06-21,0.0004769047173217,1.7265427399362983,Calibrated-Hybrid-LogTarget-scale_mean,test
2024-06-21,2024-06-24,4.841244218909869,1.5854873421510967,Calibrated-Hybrid-LogTarget-scale_mean,test
2024-06-24,2024-06-25,0.0377795857346046,2.3337882698603427,Calibrated-Hybrid-LogTarget-scale_mean,test
2024-06-25,2024-06-26,0.1382006989182143,1.7172737047757223,Calibrated-Hybrid-LogTarget-scale_mean,test
2024-06-26,2024-06-27,0.0291086660682599,1.6662175078454802,Calibrated-Hybrid-LogTarget-scale_mean,test
2024-06-27,2024-06-28,1.2092769262564496,1.6051414339712795,Calibrated-Hybrid-LogTarget-scale_mean,test
2024-06-28,2024-07-01,0.5464740769679215,1.7268967865290294,Calibrated-Hybrid-LogTarget-scale_mean,test
2024-07-01,2024-07-02,1.4560329328950323,1.5434692866372945,Calibrated-Hybrid-LogTarget-scale_mean,test
2024-07-02,2024-07-03,0.3074231060441431,1.478190494819918,Calibrated-Hybrid-LogTarget-scale_mean,test
2024-07-03,2024-07-04,0.0565502378458402,1.4410555435954298,Calibrated-Hybrid-LogTarget-scale_mean,test
2024-07-04,2024-07-05,0.0604238017679763,1.4051171178219402,Calibrated-Hybrid-LogTarget-scale_mean,test
2024-07-05,2024-07-08,0.001641913639604,1.3867750337982832,Calibrated-Hybrid-LogTarget-scale_mean,test
2024-07-08,2024-07-09,0.6204070574126203,1.4556737262571693,Calibrated-Hybrid-LogTarget-scale_mean,test
2024-07-09,2024-07-10,0.3628967539784848,1.4544935079450396,Calibrated-Hybrid-LogTarget-scale_mean,test
2024-07-10,2024-07-11,0.0277401860440043,1.4818315009000644,Calibrated-Hybrid-LogTarget-scale_mean,test
2024-07-11,2024-07-12,0.0565767163705356,1.4837048004240339,Calibrated-Hybrid-LogTarget-scale_mean,test
2024-07-12,2024-07-15,0.0052765811391784,1.4652153380996242,Calibrated-Hybrid-LogTarget-scale_mean,test
2024-07-15,2024-07-16,0.011280250205691,1.4734544160883793,Calibrated-Hybrid-LogTarget-scale_mean,test
2024-07-16,2024-07-17,0.9643834972427656,1.4713960139850204,Calibrated-Hybrid-LogTarget-scale_mean,test
2024-07-17,2024-07-18,0.2066285309508605,1.9551895804808441,Calibrated-Hybrid-LogTarget-scale_mean,test
2024-07-18,2024-07-19,0.5789189613600527,1.571828546443812,Calibrated-Hybrid-LogTarget-scale_mean,test
2024-07-19,2024-07-22,0.6479469442933512,1.6996493469731593,Calibrated-Hybrid-LogTarget-scale_mean,test
2024-07-22,2024-07-23,3.3723820037131813,1.8760070647283935,Calibrated-Hybrid-LogTarget-scale_mean,test
2024-07-23,2024-07-24,0.2907489732326712,2.0470354672896653,Calibrated-Hybrid-LogTarget-scale_mean,test
2024-07-24,2024-07-25,0.1825373322670373,1.9358699041375063,Calibrated-Hybrid-LogTarget-scale_mean,test
2024-07-25,2024-07-26,0.5194428542577421,1.7971259004537685,Calibrated-Hybrid-LogTarget-scale_mean,test
2024-07-26,2024-07-29,0.1301982149615345,1.6735101798562553,Calibrated-Hybrid-LogTarget-scale_mean,test
2024-07-29,2024-07-30,0.0152800221232259,1.5993113479627623,Calibrated-Hybrid-LogTarget-scale_mean,test
2024-07-30,2024-07-31,0.2669893008576879,1.5813491990604325,Calibrated-Hybrid-LogTarget-scale_mean,test
2024-07-31,2024-08-01,3.924859003099425,1.523823738070809,Calibrated-Hybrid-LogTarget-scale_mean,test
2024-08-01,2024-08-02,0.6124804127570632,2.056164508545891,Calibrated-Hybrid-LogTarget-scale_mean,test
2024-08-02,2024-08-05,16.028441731399298,1.8442999237820115,Calibrated-Hybrid-LogTarget-scale_mean,test
2024-08-05,2024-08-06,3.4304951964000674,4.147968753907324,Calibrated-Hybrid-LogTarget-scale_mean,test
2024-08-06,2024-08-07,0.2131074887245232,2.9590861172547367,Calibrated-Hybrid-LogTarget-scale_mean,test
2024-08-07,2024-08-08,0.389017827650505,2.6629140286949986,Calibrated-Hybrid-LogTarget-scale_mean,test
2024-08-08,2024-08-09,1.5873626468232618,2.6093432992377084,Calibrated-Hybrid-LogTarget-scale_mean,test
2024-08-09,2024-08-12,0.2928717413764615,2.34714505792648,Calibrated-Hybrid-LogTarget-scale_mean,test
2024-08-12,2024-08-13,0.0001294788177011,2.0315964026184523,Calibrated-Hybrid-LogTarget-scale_mean,test
2024-08-13,2024-08-14,2.3780277347729983e-05,1.8359922407658968,Calibrated-Hybrid-LogTarget-scale_mean,test
2024-08-14,2024-08-15,0.3071561671079922,1.7207442599857996,Calibrated-Hybrid-LogTarget-scale_mean,test
2024-08-15,2024-08-16,5.364467227292595,1.729488681325576,Calibrated-Hybrid-LogTarget-scale_mean,test
2024-08-16,2024-08-19,0.5581057481573143,2.044641999911104,Calibrated-Hybrid-LogTarget-scale_mean,test
2024-08-19,2024-08-20,0.7441049789899746,1.737146078884888,Calibrated-Hybrid-LogTarget-scale_mean,test
2024-08-20,2024-08-21,0.8093492360217696,1.7374643960872114,Calibrated-Hybrid-LogTarget-scale_mean,test
2024-08-21,2024-08-22,0.0097920425309074,1.6431406471581846,Calibrated-Hybrid-LogTarget-scale_mean,test
2024-08-22,2024-08-23,0.039129459240867,1.659533590300164,Calibrated-Hybrid-LogTarget-scale_mean,test
2024-08-23,2024-08-26,0.1707352129175375,1.6356796172993273,Calibrated-Hybrid-LogTarget-scale_mean,test
2024-08-26,2024-08-27,0.0017789790178368,1.6949028651305371,Calibrated-Hybrid-LogTarget-scale_mean,test
2024-08-27,2024-08-28,0.0047191862628622,1.6512076258664694,Calibrated-Hybrid-LogTarget-scale_mean,test
2024-08-28,2024-08-29,5.480696959213411e-06,1.6577532681638856,Calibrated-Hybrid-LogTarget-scale_mean,test
2024-08-29,2024-08-30,0.0350100605836961,1.6097021694341789,Calibrated-Hybrid-LogTarget-scale_mean,test
2024-08-30,2024-09-04,0.3975959773479832,1.539808436967237,Calibrated-Hybrid-LogTarget-scale_mean,test
2024-09-04,2024-09-05,0.3560479520225069,1.602786523893663,Calibrated-Hybrid-LogTarget-scale_mean,test
2024-09-05,2024-09-06,0.2046388013312271,1.6428621327667878,Calibrated-Hybrid-LogTarget-scale_mean,test
2024-09-06,2024-09-09,0.2403215208141221,1.6026944322215264,Calibrated-Hybrid-LogTarget-scale_mean,test
2024-09-09,2024-09-10,0.9818980427278184,1.5924851451267261,Calibrated-Hybrid-LogTarget-scale_mean,test
2024-09-10,2024-09-11,0.0244199123086784,1.6999474182977572,Calibrated-Hybrid-LogTarget-scale_mean,test
2024-09-11,2024-09-12,0.0602484567361687,1.6801015719482044,Calibrated-Hybrid-LogTarget-scale_mean,test
2024-09-12,2024-09-13,0.1369055643032899,1.55205532819696,Calibrated-Hybrid-LogTarget-scale_mean,test
2024-09-13,2024-09-16,0.9992379796047328,1.4930878357044337,Calibrated-Hybrid-LogTarget-scale_mean,test
2024-09-16,2024-09-17,2.484914926701652,1.565291865945679,Calibrated-Hybrid-LogTarget-scale_mean,test
2024-09-17,2024-09-18,0.2223148391601984,1.4881848050896234,Calibrated-Hybrid-LogTarget-scale_mean,test
2024-09-18,2024-09-19,0.2523387575730195,1.4500884785112655,Calibrated-Hybrid-LogTarget-scale_mean,test
2024-09-19,2024-09-20,0.003666425548263,1.3726059018012933,Calibrated-Hybrid-LogTarget-scale_mean,test
2024-09-20,2024-09-23,0.0785444168047104,1.5549402385898061,Calibrated-Hybrid-LogTarget-scale_mean,test
2024-09-23,2024-09-24,0.447081172927798,1.4275405693320373,Calibrated-Hybrid-LogTarget-scale_mean,test
2024-09-24,2024-09-25,0.6692996014919499,1.364056111496308,Calibrated-Hybrid-LogTarget-scale_mean,test
2024-09-25,2024-09-26,0.0967067651015831,1.5829225443435146,Calibrated-Hybrid-LogTarget-scale_mean,test
2024-09-26,2024-09-27,0.0019487643545271,1.6130747358640471,Calibrated-Hybrid-LogTarget-scale_mean,test
2024-09-27,2024-09-30,0.0534118196752501,1.6475363299949408,Calibrated-Hybrid-LogTarget-scale_mean,test
2024-09-30,2024-10-01,0.1090419063191174,1.5525954938591355,Calibrated-Hybrid-LogTarget-scale_mean,test
2024-10-01,2024-10-02,0.1142301950532245,1.7543821334242695,Calibrated-Hybrid-LogTarget-scale_mean,test
2024-10-02,2024-10-03,0.5763536966008403,1.6275501592095003,Calibrated-Hybrid-LogTarget-scale_mean,test
2024-10-03,2024-10-04,0.3463758362975216,1.9882133554715966,Calibrated-Hybrid-LogTarget-scale_mean,test
2024-10-04,2024-10-07,0.0027820245719093,1.7528949517311054,Calibrated-Hybrid-LogTarget-scale_mean,test
2024-10-07,2024-10-08,0.0260164216385025,1.736566754595556,Calibrated-Hybrid-LogTarget-scale_mean,test
2024-10-08,2024-10-09,0.5974680039460253,1.672724741239674,Calibrated-Hybrid-LogTarget-scale_mean,test
2024-10-09,2024-10-10,0.1233539050383977,1.575703578245173,Calibrated-Hybrid-LogTarget-scale_mean,test
2024-10-10,2024-10-11,0.0248646364370185,1.5519674464607058,Calibrated-Hybrid-LogTarget-scale_mean,test
2024-10-11,2024-10-14,0.0253573876734088,1.457220003669036,Calibrated-Hybrid-LogTarget-scale_mean,test
2024-10-14,2024-10-15,0.1678954221921946,1.5507243144854412,Calibrated-Hybrid-LogTarget-scale_mean,test
2024-10-15,2024-10-16,0.0156181703703392,1.615105478669665,Calibrated-Hybrid-LogTarget-scale_mean,test
2024-10-16,2024-10-17,0.301088511662053,1.4953354028066757,Calibrated-Hybrid-LogTarget-scale_mean,test
2024-10-17,2024-10-18,0.0067941729317095,1.5010523381339573,Calibrated-Hybrid-LogTarget-scale_mean,test
2024-10-18,2024-10-21,0.1968037312439634,1.4858372780759856,Calibrated-Hybrid-LogTarget-scale_mean,test
2024-10-21,2024-10-22,0.6006392197446851,1.4979925554156654,Calibrated-Hybrid-LogTarget-scale_mean,test
2024-10-22,2024-10-23,0.0063207009295036,1.6625540623990704,Calibrated-Hybrid-LogTarget-scale_mean,test
2024-10-23,2024-10-24,1.1387581243922995,1.5319149388266893,Calibrated-Hybrid-LogTarget-scale_mean,test
2024-10-24,2024-10-25,0.1396414208283497,1.6367194298247998,Calibrated-Hybrid-LogTarget-scale_mean,test
2024-10-25,2024-10-28,0.0267355724555891,1.5736698493950216,Calibrated-Hybrid-LogTarget-scale_mean,test
2024-10-28,2024-10-29,0.310375295938392,1.497297525649163,Calibrated-Hybrid-LogTarget-scale_mean,test
2024-10-29,2024-10-30,0.0624797327224918,1.399455895809361,Calibrated-Hybrid-LogTarget-scale_mean,test
2024-10-30,2024-10-31,0.2150309186038439,1.3743383354973586,Calibrated-Hybrid-LogTarget-scale_mean,test
2024-10-31,2024-11-01,0.5795854757810541,1.2992812632131618,Calibrated-Hybrid-LogTarget-scale_mean,test
2024-11-01,2024-11-04,0.6634669865085588,1.3876098024991856,Calibrated-Hybrid-LogTarget-scale_mean,test
2024-11-04,2024-11-05,0.0071101049569573,1.5257974137437056,Calibrated-Hybrid-LogTarget-scale_mean,test
2024-11-05,2024-11-06,1.532964136157592,1.399096093750812,Calibrated-Hybrid-LogTarget-scale_mean,test
2024-11-06,2024-11-07,0.0147328555936719,1.3425723998478871,Calibrated-Hybrid-LogTarget-scale_mean,test
2024-11-07,2024-11-08,0.3276224769794669,1.3250819856033835,Calibrated-Hybrid-LogTarget-scale_mean,test
2024-11-08,2024-11-11,0.0320387972398517,1.3737586496014098,Calibrated-Hybrid-LogTarget-scale_mean,test
2024-11-11,2024-11-12,0.1943555469915317,1.5220237031310855,Calibrated-Hybrid-LogTarget-scale_mean,test
2024-11-12,2024-11-13,0.0095957977358447,1.4704593036760296,Calibrated-Hybrid-LogTarget-scale_mean,test
2024-11-13,2024-11-14,1.304380342114139,1.4508119219896052,Calibrated-Hybrid-LogTarget-scale_mean,test
2024-11-14,2024-11-15,1.1819027969632745,1.5275369018278986,Calibrated-Hybrid-LogTarget-scale_mean,test
2024-11-15,2024-11-18,0.0141759467193479,1.6939145316901745,Calibrated-Hybrid-LogTarget-scale_mean,test
2024-11-18,2024-11-19,0.9768103702203697,1.6125350583080702,Calibrated-Hybrid-LogTarget-scale_mean,test
2024-11-19,2024-11-20,0.8848644501514296,1.6231333038019804,Calibrated-Hybrid-LogTarget-scale_mean,test
2024-11-20,2024-11-21,0.9302138287758972,1.6165270164930643,Calibrated-Hybrid-LogTarget-scale_mean,test
2024-11-21,2024-11-22,0.0003506766753295,1.4758733360292393,Calibrated-Hybrid-LogTarget-scale_mean,test
2024-11-22,2024-11-25,0.2872709111767263,1.4547116478451396,Calibrated-Hybrid-LogTarget-scale_mean,test
2024-11-25,2024-11-26,0.3599546809656788,1.3863513923987487,Calibrated-Hybrid-LogTarget-scale_mean,test
2024-11-26,2024-11-27,0.0001659440969947,1.3437881877004199,Calibrated-Hybrid-LogTarget-scale_mean,test
2024-11-27,2024-11-28,0.0001270529950301,1.2829609402989266,Calibrated-Hybrid-LogTarget-scale_mean,test
2024-11-28,2024-11-29,0.4488915850595839,1.2955078348587878,Calibrated-Hybrid-LogTarget-scale_mean,test
2024-11-29,2024-12-02,0.0035951954303536,1.2526697144022136,Calibrated-Hybrid-LogTarget-scale_mean,test
2024-12-02,2024-12-03,0.0121780282468158,1.2566453472406434,Calibrated-Hybrid-LogTarget-scale_mean,test
2024-12-03,2024-12-04,0.5723787875208138,1.2955476801079726,Calibrated-Hybrid-LogTarget-scale_mean,test
2024-12-04,2024-12-05,4.677770763753511,1.364504658552605,Calibrated-Hybrid-LogTarget-scale_mean,test
2024-12-05,2024-12-06,0.0423127275118428,1.546033004157717,Calibrated-Hybrid-LogTarget-scale_mean,test
2024-12-06,2024-12-09,0.0846129168166276,1.3791150029929435,Calibrated-Hybrid-LogTarget-scale_mean,test
2024-12-09,2024-12-10,0.019333949066393,1.4109537892569963,Calibrated-Hybrid-LogTarget-scale_mean,test
2024-12-10,2024-12-11,0.0638388590450149,1.4212231871125909,Calibrated-Hybrid-LogTarget-scale_mean,test
2024-12-11,2024-12-12,0.0141789335558376,1.483008444306842,Calibrated-Hybrid-LogTarget-scale_mean,test
2024-12-12,2024-12-13,0.1427917911928931,1.4196452107107587,Calibrated-Hybrid-LogTarget-scale_mean,test
2024-12-13,2024-12-16,0.0093280152446342,1.3825487239410503,Calibrated-Hybrid-LogTarget-scale_mean,test
2024-12-16,2024-12-17,0.0268721671219935,1.3165857068814284,Calibrated-Hybrid-LogTarget-scale_mean,test
2024-12-17,2024-12-18,0.1146807250456102,1.2603674812094234,Calibrated-Hybrid-LogTarget-scale_mean,test
2024-12-18,2024-12-19,0.8081531599464532,1.241799348545177,Calibrated-Hybrid-LogTarget-scale_mean,test
2024-12-19,2024-12-20,0.0507615856480591,1.434592670774377,Calibrated-Hybrid-LogTarget-scale_mean,test
2024-12-20,2024-12-23,0.1742376670775678,1.3293371937221155,Calibrated-Hybrid-LogTarget-scale_mean,test
2024-12-23,2024-12-24,0.0361915284275727,1.268279757406825,Calibrated-Hybrid-LogTarget-scale_mean,test
2024-12-24,2024-12-25,1.1654410256024177,1.3276600621642198,Calibrated-Hybrid-LogTarget-scale_mean,test
2024-12-25,2024-12-26,0.0084412075502873,1.3942852905040337,Calibrated-Hybrid-LogTarget-scale_mean,test
2024-12-26,2024-12-27,0.0317475107765902,1.3352803625929506,Calibrated-Hybrid-LogTarget-scale_mean,test
2024-12-27,2024-12-30,0.0600146339677672,1.3500696963683463,Calibrated-Hybrid-LogTarget-scale_mean,test
2024-12-30,2024-12-31,0.1703989127600233,1.3382765807224608,Calibrated-Hybrid-LogTarget-scale_mean,test
2024-12-31,2025-01-02,0.0533739456959429,1.346635570032848,Calibrated-Hybrid-LogTarget-scale_mean,test
2025-01-02,2025-01-03,1.435132590022104,1.2582078727381536,Calibrated-Hybrid-LogTarget-scale_mean,test
2025-01-03,2025-01-06,0.4342211890889308,1.4113157995193948,Calibrated-Hybrid-LogTarget-scale_mean,test
2025-01-06,2025-01-07,0.037939050469307,1.4589087883446772,Calibrated-Hybrid-LogTarget-scale_mean,test
2025-01-07,2025-01-08,0.032117795831564,1.4225446228703194,Calibrated-Hybrid-LogTarget-scale_mean,test
2025-01-08,2025-01-09,0.1768543904547769,1.3222994078320767,Calibrated-Hybrid-LogTarget-scale_mean,test
2025-01-09,2025-01-10,1.525095444996381,1.240600703777042,Calibrated-Hybrid-LogTarget-scale_mean,test
2025-01-10,2025-01-13,0.175796578127988,1.4043620496524698,Calibrated-Hybrid-LogTarget-scale_mean,test
2025-01-13,2025-01-14,0.2850878204367433,1.356786963618074,Calibrated-Hybrid-LogTarget-scale_mean,test
2025-01-14,2025-01-15,0.3327205813226502,1.2965316904135038,Calibrated-Hybrid-LogTarget-scale_mean,test
2025-01-15,2025-01-16,0.2486834462527659,1.2535010108585183,Calibrated-Hybrid-LogTarget-scale_mean,test
2025-01-16,2025-01-17,0.293601545819197,1.2022203083045673,Calibrated-Hybrid-LogTarget-scale_mean,test
2025-01-17,2025-01-20,0.0012403693451998,1.1249804289199845,Calibrated-Hybrid-LogTarget-scale_mean,test
2025-01-20,2025-01-21,0.0768862836866478,1.1097964429241411,Calibrated-Hybrid-LogTarget-scale_mean,test
2025-01-21,2025-01-22,0.0818546593881995,1.1133567255910244,Calibrated-Hybrid-LogTarget-scale_mean,test
2025-01-22,2025-01-23,1.8682525367895249,1.1392665272380333,Calibrated-Hybrid-LogTarget-scale_mean,test
2025-01-23,2025-01-24,0.1843517308365074,1.1523011239722776,Calibrated-Hybrid-LogTarget-scale_mean,test
2025-01-24,2025-02-04,0.0008556873339296,1.176638363827566,Calibrated-Hybrid-LogTarget-scale_mean,test
2025-02-04,2025-02-05,0.1513708695410532,1.2629477652822372,Calibrated-Hybrid-LogTarget-scale_mean,test
2025-02-05,2025-02-06,0.0216622352028634,1.2449535116021302,Calibrated-Hybrid-LogTarget-scale_mean,test
2025-02-06,2025-02-07,0.0853488617566438,1.2710456284445668,Calibrated-Hybrid-LogTarget-scale_mean,test
2025-02-07,2025-02-10,0.8849819273953393,1.2476420383301403,Calibrated-Hybrid-LogTarget-scale_mean,test
2025-02-10,2025-02-11,0.168100114678953,1.4734992073816982,Calibrated-Hybrid-LogTarget-scale_mean,test
2025-02-11,2025-02-12,0.0147578221185138,1.4070428784757731,Calibrated-Hybrid-LogTarget-scale_mean,test
2025-02-12,2025-02-13,0.0735271043646943,1.3813339294118492,Calibrated-Hybrid-LogTarget-scale_mean,test
2025-02-13,2025-02-14,0.2025383263760581,1.3394570219400914,Calibrated-Hybrid-LogTarget-scale_mean,test
2025-02-14,2025-02-17,0.0695132401561259,1.3694283419418751,Calibrated-Hybrid-LogTarget-scale_mean,test
2025-02-17,2025-02-18,0.1805870585568251,1.4841560679827916,Calibrated-Hybrid-LogTarget-scale_mean,test
2025-02-18,2025-02-19,0.6592497592052439,1.4236911099162284,Calibrated-Hybrid-LogTarget-scale_mean,test
2025-02-19,2025-02-20,0.1172593983298531,1.4481343585278919,Calibrated-Hybrid-LogTarget-scale_mean,test
2025-02-20,2025-02-21,0.0847684671072922,1.449752124135858,Calibrated-Hybrid-LogTarget-scale_mean,test
2025-02-21,2025-02-24,0.3605624100663593,1.4303983002216096,Calibrated-Hybrid-LogTarget-scale_mean,test
2025-02-24,2025-02-25,0.0115290687889239,1.493693480305105,Calibrated-Hybrid-LogTarget-scale_mean,test
2025-02-25,2025-02-26,0.0002355760665946,1.5960995994474911,Calibrated-Hybrid-LogTarget-scale_mean,test
2025-02-26,2025-02-27,0.1374731263687118,1.5544070397349283,Calibrated-Hybrid-LogTarget-scale_mean,test
2025-02-27,2025-02-28,0.0348744922200793,1.6610845247668078,Calibrated-Hybrid-LogTarget-scale_mean,test
2025-02-28,2025-03-03,0.0940796554023008,1.6347642089061325,Calibrated-Hybrid-LogTarget-scale_mean,test
2025-03-03,2025-03-04,0.0375578625820462,1.6571134993948398,Calibrated-Hybrid-LogTarget-scale_mean,test
2025-03-04,2025-03-05,0.3028627512498273,1.7753263368562628,Calibrated-Hybrid-LogTarget-scale_mean,test
2025-03-05,2025-03-06,1.0612188848677555,1.7379188809740915,Calibrated-Hybrid-LogTarget-scale_mean,test
2025-03-06,2025-03-07,0.350731246280503,1.88521887134601,Calibrated-Hybrid-LogTarget-scale_mean,test
2025-03-07,2025-03-10,0.1014325645495789,1.8067163097573504,Calibrated-Hybrid-LogTarget-scale_mean,test
2025-03-10,2025-03-11,0.0288133302998629,1.7732812130585491,Calibrated-Hybrid-LogTarget-scale_mean,test
2025-03-11,2025-03-12,0.0196658897235791,1.7658286635986216,Calibrated-Hybrid-LogTarget-scale_mean,test
2025-03-12,2025-03-13,0.3743917074856848,1.7788450833449874,Calibrated-Hybrid-LogTarget-scale_mean,test
2025-03-13,2025-03-14,8.187247062994656e-05,1.9950082668265947,Calibrated-Hybrid-LogTarget-scale_mean,test
2025-03-14,2025-03-17,0.5767885171931181,1.9631606952541076,Calibrated-Hybrid-LogTarget-scale_mean,test
2025-03-17,2025-03-18,0.157344490226044,1.833919862092091,Calibrated-Hybrid-LogTarget-scale_mean,test
2025-03-18,2025-03-19,0.2279894954046255,1.856996014185832,Calibrated-Hybrid-LogTarget-scale_mean,test
2025-03-19,2025-03-20,0.0027940647092661,1.9020566487387476,Calibrated-Hybrid-LogTarget-scale_mean,test
2025-03-20,2025-03-21,0.0240132299745747,1.8921787141199289,Calibrated-Hybrid-LogTarget-scale_mean,test
2025-03-21,2025-03-24,0.4050748456224285,1.8223868927499922,Calibrated-Hybrid-LogTarget-scale_mean,test
2025-03-24,2025-03-25,0.0144479307849922,1.8091510670416835,Calibrated-Hybrid-LogTarget-scale_mean,test
2025-03-25,2025-03-26,0.1924355354900559,1.8177819032376668,Calibrated-Hybrid-LogTarget-scale_mean,test
2025-03-26,2025-03-27,0.0296122174159068,1.7723823924511912,Calibrated-Hybrid-LogTarget-scale_mean,test
2025-03-27,2025-03-28,0.2311977047112736,1.7032497560909237,Calibrated-Hybrid-LogTarget-scale_mean,test
2025-03-28,2025-03-31,0.652593682196234,1.7480408258429827,Calibrated-Hybrid-LogTarget-scale_mean,test
2025-03-31,2025-04-01,0.6367477385533009,1.8728856724703988,Calibrated-Hybrid-LogTarget-scale_mean,test
2025-04-01,2025-04-02,0.0014400780515298,1.6631975177771081,Calibrated-Hybrid-LogTarget-scale_mean,test
2025-04-02,2025-04-03,47.7513682523715,1.7245934913525172,Calibrated-Hybrid-LogTarget-scale_mean,test
2025-04-03,2025-04-04,2.4680894659320427,6.428534766571388,Calibrated-Hybrid-LogTarget-scale_mean,test
2025-04-04,2025-04-08,44.20961209050503,3.9473026046857065,Calibrated-Hybrid-LogTarget-scale_mean,test
2025-04-08,2025-04-09,11.94996872052983,9.26302221086314,Calibrated-Hybrid-LogTarget-scale_mean,test
2025-04-09,2025-04-10,42.861963107094255,4.347412240918924,Calibrated-Hybrid-LogTarget-scale_mean,test
2025-04-10,2025-04-11,20.5039468602513,7.356043920412768,Calibrated-Hybrid-LogTarget-scale_mean,test
2025-04-11,2025-04-14,2.373686902735611,3.40871387186274,Calibrated-Hybrid-LogTarget-scale_mean,test
2025-04-14,2025-04-15,1.222393557661562,3.065536802873812,Calibrated-Hybrid-LogTarget-scale_mean,test
2025-04-15,2025-04-16,2.0585197770339483,2.2689960992362286,Calibrated-Hybrid-LogTarget-scale_mean,test
2025-04-16,2025-04-17,0.3278654140280428,2.375579502777075,Calibrated-Hybrid-LogTarget-scale_mean,test
2025-04-17,2025-04-18,0.0235644272572965,2.1610720754636366,Calibrated-Hybrid-LogTarget-scale_mean,test
2025-04-18,2025-04-21,0.9867147275211472,1.9005396642441914,Calibrated-Hybrid-LogTarget-scale_mean,test
2025-04-21,2025-04-22,0.6837487157170882,1.8940416720567161,Calibrated-Hybrid-LogTarget-scale_mean,test
2025-04-22,2025-04-23,1.3269747595182129,1.9893900015521802,Calibrated-Hybrid-LogTarget-scale_mean,test
2025-04-23,2025-04-24,1.029521260921247,1.8029575823207344,Calibrated-Hybrid-LogTarget-scale_mean,test
2025-04-24,2025-04-25,0.2299163958338018,1.722931911197256,Calibrated-Hybrid-LogTarget-scale_mean,test
2025-04-25,2025-04-28,0.0391566462219492,1.6572573171793723,Calibrated-Hybrid-LogTarget-scale_mean,test
2025-04-28,2025-04-29,0.0016617646152264,1.6660049887846153,Calibrated-Hybrid-LogTarget-scale_mean,test
2025-04-29,2025-05-05,1.2432686189181044,1.6710663204332024,Calibrated-Hybrid-LogTarget-scale_mean,test
2025-05-05,2025-05-06,0.0234403346988041,1.6801450340779251,Calibrated-Hybrid-LogTarget-scale_mean,test
2025-05-06,2025-05-07,0.4565410925067849,1.7152400429458574,Calibrated-Hybrid-LogTarget-scale_mean,test
2025-05-07,2025-05-08,2.377733233918144,1.733180398735784,Calibrated-Hybrid-LogTarget-scale_mean,test
2025-05-08,2025-05-09,0.0388387388391833,1.8090466869247748,Calibrated-Hybrid-LogTarget-scale_mean,test
2025-05-09,2025-05-12,1.5662677776101377,1.7893809358055843,Calibrated-Hybrid-LogTarget-scale_mean,test
2025-05-12,2025-05-13,0.6231348828577624,1.8589759058953355,Calibrated-Hybrid-LogTarget-scale_mean,test
2025-05-13,2025-05-14,1.5683566422405055,1.8879264057523961,Calibrated-Hybrid-LogTarget-scale_mean,test
2025-05-14,2025-05-15,0.0700077382080358,1.8796355090054724,Calibrated-Hybrid-LogTarget-scale_mean,test
2025-05-15,2025-05-16,0.816128421348678,1.9662065768006625,Calibrated-Hybrid-LogTarget-scale_mean,test
2025-05-16,2025-05-19,0.1541807515116988,1.9652179336229358,Calibrated-Hybrid-LogTarget-scale_mean,test
2025-05-19,2025-05-20,2.0864038037366446,2.018340481844118,Calibrated-Hybrid-LogTarget-scale_mean,test
2025-05-20,2025-05-21,0.3586751908572574,1.9780695449301544,Calibrated-Hybrid-LogTarget-scale_mean,test
2025-05-21,2025-05-22,0.4879763310352334,2.009626111149478,Calibrated-Hybrid-LogTarget-scale_mean,test
2025-05-22,2025-05-23,0.0022258378145528,2.132463414649349,Calibrated-Hybrid-LogTarget-scale_mean,test
2025-05-23,2025-05-26,1.8600723156803831,1.81979092234003,Calibrated-Hybrid-LogTarget-scale_mean,test
2025-05-26,2025-05-27,0.2984907987188625,1.9401501730979542,Calibrated-Hybrid-LogTarget-scale_mean,test
2025-05-27,2025-05-28,0.0236037331895616,2.0152950389724205,Calibrated-Hybrid-LogTarget-scale_mean,test
2025-05-28,2025-05-29,5.553699144539498e-07,1.8978853067843604,Calibrated-Hybrid-LogTarget-scale_mean,test
2025-05-29,2025-05-30,0.4795271728756022,1.9036104714411357,Calibrated-Hybrid-LogTarget-scale_mean,test
2025-05-30,2025-06-02,0.0768775248909457,2.0399120921814724,Calibrated-Hybrid-LogTarget-scale_mean,test
2025-06-02,2025-06-03,0.6659991384313828,1.96692675503582,Calibrated-Hybrid-LogTarget-scale_mean,test
2025-06-03,2025-06-04,0.0125760569530384,2.0516192449818913,Calibrated-Hybrid-LogTarget-scale_mean,test
2025-06-04,2025-06-05,0.0737636944522696,2.0106227136246875,Calibrated-Hybrid-LogTarget-scale_mean,test
2025-06-05,2025-06-06,0.8339101934074882,1.8782118593693509,Calibrated-Hybrid-LogTarget-scale_mean,test
2025-06-06,2025-06-09,2.1415615006193414,2.101574081819868,Calibrated-Hybrid-LogTarget-scale_mean,test
2025-06-09,2025-06-10,0.1857120921961249,2.1954842589540333,Calibrated-Hybrid-LogTarget-scale_mean,test
2025-06-10,2025-06-11,0.0061284527471124,2.093386934716872,Calibrated-Hybrid-LogTarget-scale_mean,test
2025-06-11,2025-06-12,0.348758893746006,1.9425753118252187,Calibrated-Hybrid-LogTarget-scale_mean,test
2025-06-12,2025-06-13,0.3232043851233978,1.9977844080155334,Calibrated-Hybrid-LogTarget-scale_mean,test
2025-06-13,2025-06-16,2.90666722935662,2.3378198006163395,Calibrated-Hybrid-LogTarget-scale_mean,test
2025-06-16,2025-06-17,0.5089174637565245,1.924633959096738,Calibrated-Hybrid-LogTarget-scale_mean,test
2025-06-17,2025-06-18,0.0040746855610125,1.8417530935394002,Calibrated-Hybrid-LogTarget-scale_mean,test
2025-06-18,2025-06-19,0.1490639362511987,1.8735814966118418,Calibrated-Hybrid-LogTarget-scale_mean,test
2025-06-19,2025-06-20,0.0396634294929435,1.7370058887032893,Calibrated-Hybrid-LogTarget-scale_mean,test
2025-06-20,2025-06-23,0.4254396112184308,1.8994887072962636,Calibrated-Hybrid-LogTarget-scale_mean,test
2025-06-23,2025-06-24,0.3974954121903902,1.7657831954955654,Calibrated-Hybrid-LogTarget-scale_mean,test
2025-06-24,2025-06-25,2.141289912653593e-06,1.8809938639135793,Calibrated-Hybrid-LogTarget-scale_mean,test
2025-06-25,2025-06-26,0.0062490303873797,1.7732412604961594,Calibrated-Hybrid-LogTarget-scale_mean,test
2025-06-26,2025-06-27,0.1777576915183636,1.6824782157150255,Calibrated-Hybrid-LogTarget-scale_mean,test
2025-06-27,2025-06-30,0.1135910808511721,1.689936940509923,Calibrated-Hybrid-LogTarget-scale_mean,test
2025-06-30,2025-07-01,0.0165236945249244,1.6283799963845214,Calibrated-Hybrid-LogTarget-scale_mean,test
2025-07-01,2025-07-02,0.2388288030529801,1.6933078396467056,Calibrated-Hybrid-LogTarget-scale_mean,test
2025-07-02,2025-07-03,0.0361488680610222,1.782592216959689,Calibrated-Hybrid-LogTarget-scale_mean,test
2025-07-03,2025-07-04,0.1309520910154639,2.280796309600864,Calibrated-Hybrid-LogTarget-scale_mean,test
2025-07-04,2025-07-07,1.1709559965363006,1.8706235752733853,Calibrated-Hybrid-LogTarget-scale_mean,test
2025-07-07,2025-07-08,0.904778187332118,2.177678226889513,Calibrated-Hybrid-LogTarget-scale_mean,test
2025-07-08,2025-07-09,1.241559484315582,2.118576877054074,Calibrated-Hybrid-LogTarget-scale_mean,test
2025-07-09,2025-07-10,0.9910271514632224,2.3366734124189557,Calibrated-Hybrid-LogTarget-scale_mean,test
2025-07-10,2025-07-11,0.6970381226212395,1.999192873483373,Calibrated-Hybrid-LogTarget-scale_mean,test
2025-07-11,2025-07-14,0.7477170344432008,2.1429131749473784,Calibrated-Hybrid-LogTarget-scale_mean,test
2025-07-14,2025-07-15,0.4444265080916222,2.164735569146972,Calibrated-Hybrid-LogTarget-scale_mean,test
2025-07-15,2025-07-16,0.1995824056263008,2.4297179576408463,Calibrated-Hybrid-LogTarget-scale_mean,test
2025-07-16,2025-07-17,2.3820294026445814,2.30205559651354,Calibrated-Hybrid-LogTarget-scale_mean,test
2025-07-17,2025-07-18,0.2369058350764768,2.4297350467534833,Calibrated-Hybrid-LogTarget-scale_mean,test
2025-07-18,2025-07-21,0.6726766922283197,2.4907920626473583,Calibrated-Hybrid-LogTarget-scale_mean,test
2025-07-21,2025-07-22,2.6753597330452594,2.546004160652855,Calibrated-Hybrid-LogTarget-scale_mean,test
2025-07-22,2025-07-23,0.033610422134737,2.306227910267401,Calibrated-Hybrid-LogTarget-scale_mean,test
2025-07-23,2025-07-24,0.3298066193429415,2.5656090444088075,Calibrated-Hybrid-LogTarget-scale_mean,test
2025-07-24,2025-07-25,0.4388880259346913,2.488726911204776,Calibrated-Hybrid-LogTarget-scale_mean,test
2025-07-25,2025-07-28,2.898363616722053,2.463920950656435,Calibrated-Hybrid-LogTarget-scale_mean,test
2025-07-28,2025-07-29,17.613558540836202,2.7172872036851476,Calibrated-Hybrid-LogTarget-scale_mean,test
2025-07-29,2025-07-30,0.8980946651524866,3.8806015538124763,Calibrated-Hybrid-LogTarget-scale_mean,test
2025-07-30,2025-07-31,0.1152726694915896,3.0115460809309855,Calibrated-Hybrid-LogTarget-scale_mean,test
2025-07-31,2025-08-01,0.1152726694915833,3.0279435644013217,Calibrated-Hybrid-LogTarget-scale_mean,test
2025-08-01,2025-08-04,1.834710119502004,2.758185350759765,Calibrated-Hybrid-LogTarget-scale_mean,test
2025-08-04,2025-08-05,1.520412348936557,2.3882527165579863,Calibrated-Hybrid-LogTarget-scale_mean,test
2025-08-05,2025-08-06,2.8972670658789563,3.4394182269543974,Calibrated-Hybrid-LogTarget-scale_mean,test
2025-08-06,2025-08-07,0.2635664108766646,2.42448782774441,Calibrated-Hybrid-LogTarget-scale_mean,test
2025-08-07,2025-08-08,0.039326859883716,2.5688487573790884,Calibrated-Hybrid-LogTarget-scale_mean,test
2025-08-08,2025-08-11,0.9422556417684452,2.8209019911276414,Calibrated-Hybrid-LogTarget-scale_mean,test
2025-08-11,2025-08-12,0.2369869845385009,2.6544990532191277,Calibrated-Hybrid-LogTarget-scale_mean,test
2025-08-12,2025-08-13,0.0440788772156527,2.617072383001214,Calibrated-Hybrid-LogTarget-scale_mean,test
2025-08-13,2025-08-14,3.200310161092739,2.836338531752406,Calibrated-Hybrid-LogTarget-scale_mean,test
2025-08-14,2025-08-15,0.4273067256056122,2.727887895009667,Calibrated-Hybrid-LogTarget-scale_mean,test
2025-08-15,2025-08-18,0.1521280158050796,2.9026818630161197,Calibrated-Hybrid-LogTarget-scale_mean,test
2025-08-18,2025-08-19,1.174434797614126,2.553642888507293,Calibrated-Hybrid-LogTarget-scale_mean,test
2025-08-19,2025-08-20,0.3749305014941085,2.7301960911001153,Calibrated-Hybrid-LogTarget-scale_mean,test
2025-08-20,2025-08-21,1.989152286945736,3.0304702481958645,Calibrated-Hybrid-LogTarget-scale_mean,test
2025-08-21,2025-08-22,6.511855987425645,2.546566925474271,Calibrated-Hybrid-LogTarget-scale_mean,test
2025-08-22,2025-08-25,3.721774310323592,2.9924240132802447,Calibrated-Hybrid-LogTarget-scale_mean,test
2025-08-25,2025-08-26,10.672831463331164,2.696932843378976,Calibrated-Hybrid-LogTarget-scale_mean,test
2025-08-26,2025-08-27,0.1033600134238672,2.30494478559964,Calibrated-Hybrid-LogTarget-scale_mean,test
2025-08-27,2025-08-28,0.2196933006813634,2.3282319616102334,Calibrated-Hybrid-LogTarget-scale_mean,test
2025-08-28,2025-08-29,0.0064454873601164,1.97843460362527,Calibrated-Hybrid-LogTarget-scale_mean,test
2025-08-29,2025-09-03,0.0029279074904991,2.150806937383721,Calibrated-Hybrid-LogTarget-scale_mean,test
2025-09-03,2025-09-04,0.7878709714332047,2.098525625714719,Calibrated-Hybrid-LogTarget-scale_mean,test
2025-09-04,2025-09-05,3.0401082196490887,2.151095274206563,Calibrated-Hybrid-LogTarget-scale_mean,test
2025-09-05,2025-09-08,6.650758234823594,2.47692961803376,Calibrated-Hybrid-LogTarget-scale_mean,test
2025-09-08,2025-09-09,0.6150034620566089,2.7659121341429547,Calibrated-Hybrid-LogTarget-scale_mean,test
2025-09-09,2025-09-10,0.1311392104891743,2.182712088556929,Calibrated-Hybrid-LogTarget-scale_mean,test
2025-09-10,2025-09-11,0.7707413531131861,1.9616674691020306,Calibrated-Hybrid-LogTarget-scale_mean,test
2025-09-11,2025-09-12,0.3272182232185671,2.139536549412888,Calibrated-Hybrid-LogTarget-scale_mean,test
2025-09-12,2025-09-15,1.1076835127457196,1.904048719961375,Calibrated-Hybrid-LogTarget-scale_mean,test
2025-09-15,2025-09-16,0.0564941879844652,1.8840409506945806,Calibrated-Hybrid-LogTarget-scale_mean,test
2025-09-16,2025-09-17,0.3510643230345384,1.9933731870323654,Calibrated-Hybrid-LogTarget-scale_mean,test
2025-09-17,2025-09-18,0.1204832995414096,1.845959496282324,Calibrated-Hybrid-LogTarget-scale_mean,test
2025-09-18,2025-09-19,0.1558113286329437,1.7861070533636854,Calibrated-Hybrid-LogTarget-scale_mean,test
2025-09-19,2025-09-22,2.1548992233102013,1.7818018864143643,Calibrated-Hybrid-LogTarget-scale_mean,test
2025-09-22,2025-09-23,0.0024547743448737,2.0254720706084717,Calibrated-Hybrid-LogTarget-scale_mean,test
2025-09-23,2025-09-24,1.8183165781347828,1.6819704566051956,Calibrated-Hybrid-LogTarget-scale_mean,test
2025-09-24,2025-09-25,0.2696988542084727,1.834402857905751,Calibrated-Hybrid-LogTarget-scale_mean,test
2025-09-25,2025-09-26,0.1049995667244043,1.797158678571305,Calibrated-Hybrid-LogTarget-scale_mean,test
2025-09-26,2025-09-29,0.1207157531709924,1.772592844259459,Calibrated-Hybrid-LogTarget-scale_mean,test
2025-09-29,2025-09-30,0.0825092745825899,1.6409300893093706,Calibrated-Hybrid-LogTarget-scale_mean,test
2025-09-30,2025-10-01,0.0405610853854958,1.8676743313504498,Calibrated-Hybrid-LogTarget-scale_mean,test
2025-10-01,2025-10-02,0.5533556929381476,1.5749293103566808,Calibrated-Hybrid-LogTarget-scale_mean,test
2025-10-02,2025-10-03,0.1745254722126338,1.6477983506190053,Calibrated-Hybrid-LogTarget-scale_mean,test
2025-10-03,2025-10-06,8.84404690494525,1.7212883473182956,Calibrated-Hybrid-LogTarget-scale_mean,test
2025-10-06,2025-10-07,0.3641027934298682,1.9854019946542905,Calibrated-Hybrid-LogTarget-scale_mean,test
2025-10-07,2025-10-08,0.5486921315455813,1.8157900376719462,Calibrated-Hybrid-LogTarget-scale_mean,test
2025-10-08,2025-10-09,1.1922218605244943,1.8632178681090137,Calibrated-Hybrid-LogTarget-scale_mean,test
2025-10-09,2025-10-10,3.220212549761636,1.8569590455663691,Calibrated-Hybrid-LogTarget-scale_mean,test
2025-10-10,2025-10-13,1.0007740943267542,1.8676001923243986,Calibrated-Hybrid-LogTarget-scale_mean,test
2025-10-13,2025-10-14,0.0530277849803774,1.8818569063842623,Calibrated-Hybrid-LogTarget-scale_mean,test
2025-10-14,2025-10-15,0.0312420838438003,2.0041735703428367,Calibrated-Hybrid-LogTarget-scale_mean,test
2025-10-15,2025-10-16,0.2550192069697773,1.866330934716587,Calibrated-Hybrid-LogTarget-scale_mean,test
2025-10-16,2025-10-17,4.157221997254808,1.8460583038582017,Calibrated-Hybrid-LogTarget-scale_mean,test
2025-10-17,2025-10-20,31.687885302040943,2.1760379166521027,Calibrated-Hybrid-LogTarget-scale_mean,test
2025-10-20,2025-10-21,2.6780326889178614,4.646240132801945,Calibrated-Hybrid-LogTarget-scale_mean,test
2025-10-21,2025-10-22,0.8133878588699036,3.3620521341215492,Calibrated-Hybrid-LogTarget-scale_mean,test
2025-10-22,2025-10-23,0.2587585559528909,2.5033995508565767,Calibrated-Hybrid-LogTarget-scale_mean,test
2025-10-23,2025-10-24,0.053015415411533,2.108120259094036,Calibrated-Hybrid-LogTarget-scale_mean,test
2025-10-24,2025-10-27,3.375069844215606,1.9972326803154004,Calibrated-Hybrid-LogTarget-scale_mean,test
2025-10-27,2025-10-28,2.814969211801454,2.128704051024141,Calibrated-Hybrid-LogTarget-scale_mean,test
2025-10-28,2025-10-29,0.1002770987516237,1.9861943152069605,Calibrated-Hybrid-LogTarget-scale_mean,test
2025-10-29,2025-10-30,0.939332335111435,1.8165930617921717,Calibrated-Hybrid-LogTarget-scale_mean,test
2025-10-30,2025-10-31,3.2700587697209347,1.7948115212751898,Calibrated-Hybrid-LogTarget-scale_mean,test
2025-10-31,2025-11-03,1.9349432702427485,2.0168038421199723,Calibrated-Hybrid-LogTarget-scale_mean,test
2025-11-03,2025-11-04,4.580450857721864,2.2386447294791254,Calibrated-Hybrid-LogTarget-scale_mean,test
2025-11-04,2025-11-05,0.0309750452194787,2.283987971114498,Calibrated-Hybrid-LogTarget-scale_mean,test
2025-11-05,2025-11-06,0.5520248822173379,1.8019053806929157,Calibrated-Hybrid-LogTarget-scale_mean,test
2025-11-06,2025-11-07,7.216601336017348,1.7656013347905632,Calibrated-Hybrid-LogTarget-scale_mean,test
2025-11-07,2025-11-10,1.3629185312754708,2.5210157020736683,Calibrated-Hybrid-LogTarget-scale_mean,test
2025-11-10,2025-11-11,0.6782053056730832,2.5161113457023383,Calibrated-Hybrid-LogTarget-scale_mean,test
2025-11-11,2025-11-12,5.625713037940661,2.2908367535473655,Calibrated-Hybrid-LogTarget-scale_mean,test
2025-11-12,2025-11-13,0.000662589539105,2.185961926158271,Calibrated-Hybrid-LogTarget-scale_mean,test
2025-11-13,2025-11-14,0.0605676682080504,1.707727454980228,Calibrated-Hybrid-LogTarget-scale_mean,test
2025-11-14,2025-11-17,1.328575255573558,1.5866626315460222,Calibrated-Hybrid-LogTarget-scale_mean,test
2025-11-17,2025-11-18,0.1101519148224003,1.6491141902650523,Calibrated-Hybrid-LogTarget-scale_mean,test
2025-11-18,2025-11-19,0.4356481626659925,1.6647207194353757,Calibrated-Hybrid-LogTarget-scale_mean,test
2025-11-19,2025-11-20,0.1789267767214806,1.6973344390102734,Calibrated-Hybrid-LogTarget-scale_mean,test
2025-11-20,2025-11-21,0.0040999105070223,1.6247222681057585,Calibrated-Hybrid-LogTarget-scale_mean,test
2025-11-21,2025-11-24,0.6169476621587812,1.6668750982800054,Calibrated-Hybrid-LogTarget-scale_mean,test
2025-11-24,2025-11-25,0.2096602420348715,1.549929986488303,Calibrated-Hybrid-LogTarget-scale_mean,test
2025-11-25,2025-11-26,1.433673327817772,1.604402236421307,Calibrated-Hybrid-LogTarget-scale_mean,test
2025-11-26,2025-11-27,0.0554068207335508,1.5131415923738827,Calibrated-Hybrid-LogTarget-scale_mean,test
2025-11-27,2025-11-28,0.1562015926240177,1.4786430817602898,Calibrated-Hybrid-LogTarget-scale_mean,test
2025-11-28,2025-12-01,0.39639182484541,1.4588152248130561,Calibrated-Hybrid-LogTarget-scale_mean,test
2025-12-01,2025-12-02,0.8106128656312585,1.4007383906086306,Calibrated-Hybrid-LogTarget-scale_mean,test
2025-12-02,2025-12-03,0.7276910420234725,1.4283675242739935,Calibrated-Hybrid-LogTarget-scale_mean,test
2025-12-03,2025-12-04,0.0994544592328996,1.4506327565785506,Calibrated-Hybrid-LogTarget-scale_mean,test
2025-12-04,2025-12-05,0.0550277452970135,1.4978884500210772,Calibrated-Hybrid-LogTarget-scale_mean,test
2025-12-05,2025-12-08,0.5051234930048776,1.4284439796534807,Calibrated-Hybrid-LogTarget-scale_mean,test
2025-12-08,2025-12-09,0.1408736793364905,1.3896522065484391,Calibrated-Hybrid-LogTarget-scale_mean,test
2025-12-09,2025-12-10,2.645907078453935,1.6307610401746178,Calibrated-Hybrid-LogTarget-scale_mean,test
2025-12-10,2025-12-11,1.3806505812729413,1.6090517888134914,Calibrated-Hybrid-LogTarget-scale_mean,test
2025-12-11,2025-12-12,9.667324836347865,1.7438070401662595,Calibrated-Hybrid-LogTarget-scale_mean,test
2025-12-12,2025-12-15,0.0028567239256699,2.938803476081705,Calibrated-Hybrid-LogTarget-scale_mean,test
2025-12-15,2025-12-16,3.980584197891362,2.3055868770781016,Calibrated-Hybrid-LogTarget-scale_mean,test
2025-12-16,2025-12-17,0.1084209662548159,2.2379918005432655,Calibrated-Hybrid-LogTarget-scale_mean,test
2025-12-17,2025-12-18,0.0392718088641224,1.9741119974068058,Calibrated-Hybrid-LogTarget-scale_mean,test
2025-12-18,2025-12-19,2.613324440401082,1.8292146411792807,Calibrated-Hybrid-LogTarget-scale_mean,test
2025-12-19,2025-12-22,7.313697947150696,1.692210894848778,Calibrated-Hybrid-LogTarget-scale_mean,test
2025-12-22,2025-12-23,1.4374361396783522,1.8209840273571045,Calibrated-Hybrid-LogTarget-scale_mean,test
2025-12-23,2025-12-24,0.36034587773515,1.627888951823597,Calibrated-Hybrid-LogTarget-scale_mean,test
2025-12-24,2025-12-25,5.141409326470893,1.5037424153701398,Calibrated-Hybrid-LogTarget-scale_mean,test
2025-12-25,2025-12-26,0.5648889447832609,2.026834818471286,Calibrated-Hybrid-LogTarget-scale_mean,test
2025-12-26,2025-12-29,2.0655121585777008,2.1466126731546926,Calibrated-Hybrid-LogTarget-scale_mean,test
2025-12-29,2025-12-30,0.4690762256667201,1.8353718567021962,Calibrated-Hybrid-LogTarget-scale_mean,test
2025-12-30,2025-12-31,0.9813005407165244,1.7084490842349236,Calibrated-Hybrid-LogTarget-scale_mean,test
2020-01-02,2020-01-03,0.0250907830256049,0.43007229187872126,Calibrated-Hybrid-LogTarget-scale_mean,validation
2020-01-03,2020-01-06,0.9476915195201792,0.43404518612410736,Calibrated-Hybrid-LogTarget-scale_mean,validation
2020-01-06,2020-01-07,0.104181316002117,0.4619847246436527,Calibrated-Hybrid-LogTarget-scale_mean,validation
2020-01-07,2020-01-08,1.0770730792986123,0.4520793276607236,Calibrated-Hybrid-LogTarget-scale_mean,validation
2020-01-08,2020-01-09,1.3693209243773992,0.5086232211285795,Calibrated-Hybrid-LogTarget-scale_mean,validation
2020-01-09,2020-01-10,0.7569453657796249,0.4949407915624574,Calibrated-Hybrid-LogTarget-scale_mean,validation
2020-01-10,2020-01-13,0.0779299678700735,0.5119711685837289,Calibrated-Hybrid-LogTarget-scale_mean,validation
2020-01-13,2020-01-14,0.0144073552388825,0.5285020325245724,Calibrated-Hybrid-LogTarget-scale_mean,validation
2020-01-14,2020-01-15,0.0033517503388054,0.5283810818382921,Calibrated-Hybrid-LogTarget-scale_mean,validation
2020-01-15,2020-01-16,0.483315508188739,0.5190796046004835,Calibrated-Hybrid-LogTarget-scale_mean,validation
2020-01-16,2020-01-17,0.2266955412354889,0.5085183375121941,Calibrated-Hybrid-LogTarget-scale_mean,validation
2020-01-17,2020-01-20,0.0011366961882311,0.4947947252899886,Calibrated-Hybrid-LogTarget-scale_mean,validation
2020-01-20,2020-01-21,0.620613610020936,0.49055177219199303,Calibrated-Hybrid-LogTarget-scale_mean,validation
2020-01-21,2020-01-22,0.2649229323580117,0.48075062676051084,Calibrated-Hybrid-LogTarget-scale_mean,validation
2020-01-22,2020-01-30,10.681729656091257,0.4737598213934704,Calibrated-Hybrid-LogTarget-scale_mean,validation
2020-01-30,2020-01-31,5.865133827993191,1.1459329614585956,Calibrated-Hybrid-LogTarget-scale_mean,validation
2020-01-31,2020-02-03,0.8272024151231092,3.0317903998433726,Calibrated-Hybrid-LogTarget-scale_mean,validation
2020-02-03,2020-02-04,0.0104658835251161,3.838895951683384,Calibrated-Hybrid-LogTarget-scale_mean,validation
2020-02-04,2020-02-05,0.1175512507127237,3.5962349339227333,Calibrated-Hybrid-LogTarget-scale_mean,validation
2020-02-05,2020-02-06,1.8356018915555292,3.1424662285127005,Calibrated-Hybrid-LogTarget-scale_mean,validation
2020-02-06,2020-02-07,0.0553168362540114,2.6016779807356007,Calibrated-Hybrid-LogTarget-scale_mean,validation
2020-02-07,2020-02-10,1.14665654297727,1.9090558952876133,Calibrated-Hybrid-LogTarget-scale_mean,validation
2020-02-10,2020-02-11,0.1784472180385378,1.8494140756357718,Calibrated-Hybrid-LogTarget-scale_mean,validation
2020-02-11,2020-02-12,0.1033759850072604,1.6333451310404317,Calibrated-Hybrid-LogTarget-scale_mean,validation
2020-02-12,2020-02-13,0.0035645724311596,1.4727409251313917,Calibrated-Hybrid-LogTarget-scale_mean,validation
2020-02-13,2020-02-14,0.007095648592579,1.2968757835727245,Calibrated-Hybrid-LogTarget-scale_mean,validation
2020-02-14,2020-02-17,0.0819627293788475,1.1701207767432136,Calibrated-Hybrid-LogTarget-scale_mean,validation
2020-02-17,2020-02-18,0.5393743252289994,1.1342752961483,Calibrated-Hybrid-LogTarget-scale_mean,validation
2020-02-18,2020-02-19,0.0079935084291448,1.1593656701232804,Calibrated-Hybrid-LogTarget-scale_mean,validation
2020-02-19,2020-02-20,1.007648372641439,1.0752113505366878,Calibrated-Hybrid-LogTarget-scale_mean,validation
2020-02-20,2020-02-21,0.2901840002942764,0.9869427799521999,Calibrated-Hybrid-LogTarget-scale_mean,validation
2020-02-21,2020-02-24,10.499319840007198,1.002255085370044,Calibrated-Hybrid-LogTarget-scale_mean,validation
2020-02-24,2020-02-25,0.487607684946675,1.9976658106114749,Calibrated-Hybrid-LogTarget-scale_mean,validation
2020-02-25,2020-02-26,2.3027959637577347,2.1724656172883883,Calibrated-Hybrid-LogTarget-scale_mean,validation
2020-02-26,2020-02-27,0.0757898564940438,3.0677029853636797,Calibrated-Hybrid-LogTarget-scale_mean,validation
2020-02-27,2020-02-28,3.3315279697661397,2.9094334161905646,Calibrated-Hybrid-LogTarget-scale_mean,validation
2020-02-28,2020-03-02,0.0643087707016609,3.4005414134000915,Calibrated-Hybrid-LogTarget-scale_mean,validation
2020-03-02,2020-03-03,0.4848687144344406,3.017394187375148,Calibrated-Hybrid-LogTarget-scale_mean,validation
2020-03-03,2020-03-04,0.0194121329487549,2.4809456306689284,Calibrated-Hybrid-LogTarget-scale_mean,validation
2020-03-04,2020-03-05,0.1953921289983395,2.017556743149673,Calibrated-Hybrid-LogTarget-scale_mean,validation
2020-03-05,2020-03-06,0.0439125584620563,1.6317903339771411,Calibrated-Hybrid-LogTarget-scale_mean,validation
2020-03-06,2020-03-09,42.01600464009923,1.3588207698359958,Calibrated-Hybrid-LogTarget-scale_mean,validation
2020-03-09,2020-03-10,0.0577385447930077,5.54984989046206,Calibrated-Hybrid-LogTarget-scale_mean,validation
2020-03-10,2020-03-11,10.062685801317658,6.1359396168810925,Calibrated-Hybrid-LogTarget-scale_mean,validation
2020-03-11,2020-03-12,28.39132734538161,8.12473040281857,Calibrated-Hybrid-LogTarget-scale_mean,validation
2020-03-12,2020-03-13,0.9522274265858316,11.103614537241732,Calibrated-Hybrid-LogTarget-scale_mean,validation
2020-03-13,2020-03-16,3.4010756349170417,10.78108373962582,Calibrated-Hybrid-LogTarget-scale_mean,validation
2020-03-16,2020-03-17,0.0775702786503674,10.010000011272378,Calibrated-Hybrid-LogTarget-scale_mean,validation
2020-03-17,2020-03-18,0.0633870572758951,8.310122376632506,Calibrated-Hybrid-LogTarget-scale_mean,validation
2020-03-18,2020-03-19,8.691271441121467,6.380927491374019,Calibrated-Hybrid-LogTarget-scale_mean,validation
2020-03-19,2020-03-20,5.099806319623413,6.607426338383971,Calibrated-Hybrid-LogTarget-scale_mean,validation
2020-03-20,2020-03-23,39.324753398937766,6.805339055724014,Calibrated-Hybrid-LogTarget-scale_mean,validation
2020-03-23,2020-03-24,1.2394404253652411,10.846694388295223,Calibrated-Hybrid-LogTarget-scale_mean,validation
2020-03-24,2020-03-25,21.170767602446844,10.665146076693032,Calibrated-Hybrid-LogTarget-scale_mean,validation
2020-03-25,2020-03-26,0.3272592319629427,12.898715518871201,Calibrated-Hybrid-LogTarget-scale_mean,validation
2020-03-26,2020-03-27,0.0708281107928228,8.495292606355948,Calibrated-Hybrid-LogTarget-scale_mean,validation
2020-03-27,2020-03-30,24.77812989942355,5.626143848871839,Calibrated-Hybrid-LogTarget-scale_mean,validation
2020-03-30,2020-03-31,0.0016614736162584,10.713164705826223,Calibrated-Hybrid-LogTarget-scale_mean,validation
2020-03-31,2020-04-01,6.951204185299923,8.21014854054771,Calibrated-Hybrid-LogTarget-scale_mean,validation
2020-04-01,2020-04-03,9.745314866975544,7.407212431487271,Calibrated-Hybrid-LogTarget-scale_mean,validation
2020-04-03,2020-04-06,23.61975403181723,6.584874633346565,Calibrated-Hybrid-LogTarget-scale_mean,validation
2020-04-06,2020-04-07,1.7959977540981795,7.283428362440892,Calibrated-Hybrid-LogTarget-scale_mean,validation
2020-04-07,2020-04-08,0.031670113685362,3.7248813342890483,Calibrated-Hybrid-LogTarget-scale_mean,validation
2020-04-08,2020-04-09,2.664349091269905,2.5713737973925745,Calibrated-Hybrid-LogTarget-scale_mean,validation
2020-04-09,2020-04-10,0.0991193599969613,2.3792815688220585,Calibrated-Hybrid-LogTarget-scale_mean,validation
2020-04-10,2020-04-13,1.0616734405284087,2.211782350318818,Calibrated-Hybrid-LogTarget-scale_mean,validation
2020-04-13,2020-04-14,0.044657326796299,1.9601097182475427,Calibrated-Hybrid-LogTarget-scale_mean,validation
2020-04-14,2020-04-15,1.6134694756828007,1.6424287861964644,Calibrated-Hybrid-LogTarget-scale_mean,validation
2020-04-15,2020-04-16,0.1995857905304535,1.510874826255588,Calibrated-Hybrid-LogTarget-scale_mean,validation
2020-04-16,2020-04-17,1.2849435357813008,1.255518130052523,Calibrated-Hybrid-LogTarget-scale_mean,validation
2020-04-17,2020-04-20,0.4593979249949131,1.0887666570932761,Calibrated-Hybrid-LogTarget-scale_mean,validation
2020-04-20,2020-04-21,12.978873344019766,1.0478811628589666,Calibrated-Hybrid-LogTarget-scale_mean,validation
2020-04-21,2020-04-22,0.0733737116381983,2.2055036595486306,Calibrated-Hybrid-LogTarget-scale_mean,validation
2020-04-22,2020-04-23,0.4184349588364568,1.9470458708519054,Calibrated-Hybrid-LogTarget-scale_mean,validation
2020-04-23,2020-04-24,0.1258182196300893,2.1135451661380764,Calibrated-Hybrid-LogTarget-scale_mean,validation
2020-04-24,2020-04-27,0.5795257679139346,2.015000764136276,Calibrated-Hybrid-LogTarget-scale_mean,validation
2020-04-27,2020-04-28,0.2143187476000118,1.840949920323403,Calibrated-Hybrid-LogTarget-scale_mean,validation
2020-04-28,2020-04-29,0.0611792667418572,1.705615226087653,Calibrated-Hybrid-LogTarget-scale_mean,validation
2020-04-29,2020-05-04,0.7518344451734201,1.5250671214117777,Calibrated-Hybrid-LogTarget-scale_mean,validation
2020-05-04,2020-05-05,0.0490191944837796,1.5104419030792395,Calibrated-Hybrid-LogTarget-scale_mean,validation
2020-05-05,2020-05-06,5.6795185291388,1.4307734863159236,Calibrated-Hybrid-LogTarget-scale_mean,validation
2020-05-06,2020-05-07,3.121729248484887,1.4760529794742854,Calibrated-Hybrid-LogTarget-scale_mean,validation
2020-05-07,2020-05-08,4.558766386917776,1.3890379114293037,Calibrated-Hybrid-LogTarget-scale_mean,validation
2020-05-08,2020-05-11,3.1623544686065705,1.2872733041057642,Calibrated-Hybrid-LogTarget-scale_mean,validation
2020-05-11,2020-05-12,0.7061476617266061,1.2071720079204011,Calibrated-Hybrid-LogTarget-scale_mean,validation
2020-05-12,2020-05-13,0.0176814396147646,1.169702104863622,Calibrated-Hybrid-LogTarget-scale_mean,validation
2020-05-13,2020-05-14,0.0471790852184788,1.230620698539816,Calibrated-Hybrid-LogTarget-scale_mean,validation
2020-05-14,2020-05-15,0.4188839500568042,1.294992736872758,Calibrated-Hybrid-LogTarget-scale_mean,validation
2020-05-15,2020-05-18,1.4388117144550177,1.4116301104962912,Calibrated-Hybrid-LogTarget-scale_mean,validation
2020-05-18,2020-05-19,1.1212214832868546,1.3484070753449864,Calibrated-Hybrid-LogTarget-scale_mean,validation
2020-05-19,2020-05-20,0.6772038230630518,1.2706253801966338,Calibrated-Hybrid-LogTarget-scale_mean,validation
2020-05-20,2020-05-21,1.3105093570623978,1.1946540679809938,Calibrated-Hybrid-LogTarget-scale_mean,validation
2020-05-21,2020-05-22,1.3565460202551032,1.1660336422696265,Calibrated-Hybrid-LogTarget-scale_mean,validation
2020-05-22,2020-05-25,0.541812619677385,1.345906472981281,Calibrated-Hybrid-LogTarget-scale_mean,validation
2020-05-25,2020-05-26,1.3635757531139376,1.2955967933803199,Calibrated-Hybrid-LogTarget-scale_mean,validation
2020-05-26,2020-05-27,1.8211114283606344,1.2425678828544395,Calibrated-Hybrid-LogTarget-scale_mean,validation
2020-05-27,2020-05-28,0.2069802660068541,1.535323098444985,Calibrated-Hybrid-LogTarget-scale_mean,validation
2020-05-28,2020-05-29,0.1273946587706487,1.4427759880072863,Calibrated-Hybrid-LogTarget-scale_mean,validation
2020-05-29,2020-06-01,2.6545527294324818,1.376692676960606,Calibrated-Hybrid-LogTarget-scale_mean,validation
2020-06-01,2020-06-02,0.1948438272852952,1.3344452585923918,Calibrated-Hybrid-LogTarget-scale_mean,validation
2020-06-02,2020-06-03,0.526391032778092,1.3730279616932017,Calibrated-Hybrid-LogTarget-scale_mean,validation
2020-06-03,2020-06-04,0.0956890209261397,1.2700865629481213,Calibrated-Hybrid-LogTarget-scale_mean,validation
2020-06-04,2020-06-05,0.068711754863941,1.2568320166458262,Calibrated-Hybrid-LogTarget-scale_mean,validation
2020-06-05,2020-06-08,2.3533534927844846,1.2727231567673771,Calibrated-Hybrid-LogTarget-scale_mean,validation
2020-06-08,2020-06-09,0.0029663396470081,1.2115042861123715,Calibrated-Hybrid-LogTarget-scale_mean,validation
2020-06-09,2020-06-10,0.0192877721914381,1.2407523014523516,Calibrated-Hybrid-LogTarget-scale_mean,validation
2020-06-10,2020-06-11,14.20113167350128,1.2686473553470559,Calibrated-Hybrid-LogTarget-scale_mean,validation
2020-06-11,2020-06-12,0.1978991573902568,2.9480299270362473,Calibrated-Hybrid-LogTarget-scale_mean,validation
2020-06-12,2020-06-15,13.410151498832947,2.596082028109105,Calibrated-Hybrid-LogTarget-scale_mean,validation
2020-06-15,2020-06-16,7.854033490557961,5.0774590393434496,Calibrated-Hybrid-LogTarget-scale_mean,validation
2020-06-16,2020-06-17,0.0390437911460607,4.718445826076468,Calibrated-Hybrid-LogTarget-scale_mean,validation
2020-06-17,2020-06-18,0.0094269529730988,4.080507632128978,Calibrated-Hybrid-LogTarget-scale_mean,validation
2020-06-18,2020-06-19,2.3775972708277777,3.922886505808694,Calibrated-Hybrid-LogTarget-scale_mean,validation
2020-06-19,2020-06-22,0.0977642075595444,3.378689992254396,Calibrated-Hybrid-LogTarget-scale_mean,validation
2020-06-22,2020-06-23,0.1254074833473004,2.508758189690216,Calibrated-Hybrid-LogTarget-scale_mean,validation
2020-06-23,2020-06-24,0.9656953175585764,1.992840970011766,Calibrated-Hybrid-LogTarget-scale_mean,validation
2020-06-24,2020-06-25,0.3568032861992914,2.0128347832112308,Calibrated-Hybrid-LogTarget-scale_mean,validation
2020-06-25,2020-06-26,0.0935607015251472,2.09412448834098,Calibrated-Hybrid-LogTarget-scale_mean,validation
2020-06-26,2020-06-29,7.240799310682349,2.001076984111498,Calibrated-Hybrid-LogTarget-scale_mean,validation
2020-06-29,2020-06-30,0.263950183757359,3.1003715103885767,Calibrated-Hybrid-LogTarget-scale_mean,validation
2020-06-30,2020-07-01,4.853797558668691,2.8317884133757483,Calibrated-Hybrid-LogTarget-scale_mean,validation
2020-07-01,2020-07-02,0.0173403520116891,2.7970296644529102,Calibrated-Hybrid-LogTarget-scale_mean,validation
2020-07-02,2020-07-03,0.3830874038106421,2.4246671722045785,Calibrated-Hybrid-LogTarget-scale_mean,validation
2020-07-03,2020-07-06,2.515298700046254,2.1203438502625493,Calibrated-Hybrid-LogTarget-scale_mean,validation
2020-07-06,2020-07-07,0.0686927141453309,1.7999558022145503,Calibrated-Hybrid-LogTarget-scale_mean,validation
2020-07-07,2020-07-08,0.0156264509294999,1.5407553442196518,Calibrated-Hybrid-LogTarget-scale_mean,validation
2020-07-08,2020-07-09,1.8878106377661732,1.363182047546092,Calibrated-Hybrid-LogTarget-scale_mean,validation
2020-07-09,2020-07-10,0.3609627180509834,1.3100566947249401,Calibrated-Hybrid-LogTarget-scale_mean,validation
2020-07-10,2020-07-13,0.0819210906952639,1.3180448873578114,Calibrated-Hybrid-LogTarget-scale_mean,validation
2020-07-13,2020-07-14,0.0049340673468667,1.3083430596113064,Calibrated-Hybrid-LogTarget-scale_mean,validation
2020-07-14,2020-07-15,0.0429038013029008,1.284232967920071,Calibrated-Hybrid-LogTarget-scale_mean,validation
2020-07-15,2020-07-16,0.6277983835430785,1.23606402862652,Calibrated-Hybrid-LogTarget-scale_mean,validation
2020-07-16,2020-07-17,0.3025848721746239,1.128735675235253,Calibrated-Hybrid-LogTarget-scale_mean,validation
2020-07-17,2020-07-20,1.5014548821169582,1.114652585017947,Calibrated-Hybrid-LogTarget-scale_mean,validation
2020-07-20,2020-07-21,0.0011330265098316,1.2103356050178817,Calibrated-Hybrid-LogTarget-scale_mean,validation
2020-07-21,2020-07-22,0.5929839946327068,1.167683233308264,Calibrated-Hybrid-LogTarget-scale_mean,validation
2020-07-22,2020-07-23,0.0380690415470228,1.2186439747762834,Calibrated-Hybrid-LogTarget-scale_mean,validation
2020-07-23,2020-07-24,10.714506391324338,1.157061699508118,Calibrated-Hybrid-LogTarget-scale_mean,validation
2020-07-24,2020-07-27,29.71654662116303,2.404622409398896,Calibrated-Hybrid-LogTarget-scale_mean,validation
2020-07-27,2020-07-28,12.442241141417854,7.0142945198115925,Calibrated-Hybrid-LogTarget-scale_mean,validation
2020-07-28,2020-07-29,7.88382185098053,7.572376414694881,Calibrated-Hybrid-LogTarget-scale_mean,validation
2020-07-29,2020-07-30,1.6712179001127756,9.3443932897321,Calibrated-Hybrid-LogTarget-scale_mean,validation
2020-07-30,2020-07-31,0.1173768950572407,9.639361327484094,Calibrated-Hybrid-LogTarget-scale_mean,validation
2020-07-31,2020-08-03,4.064809725455425,7.191363108253174,Calibrated-Hybrid-LogTarget-scale_mean,validation
2020-08-03,2020-08-04,2.475940854259596,6.8006248370118865,Calibrated-Hybrid-LogTarget-scale_mean,validation
2020-08-04,2020-08-05,1.5093873640970836,5.138112846939473,Calibrated-Hybrid-LogTarget-scale_mean,validation
2020-08-05,2020-08-06,0.0712944062273411,3.455323530987016,Calibrated-Hybrid-LogTarget-scale_mean,validation
2020-08-06,2020-08-07,0.0285261487999524,2.525109214763789,Calibrated-Hybrid-LogTarget-scale_mean,validation
2020-08-07,2020-08-10,0.0426711422269859,2.101052423763504,Calibrated-Hybrid-LogTarget-scale_mean,validation
2020-08-10,2020-08-11,0.0002025643928529,1.8006131545989106,Calibrated-Hybrid-LogTarget-scale_mean,validation
2020-08-11,2020-08-12,0.2065144883305979,1.5846181582853271,Calibrated-Hybrid-LogTarget-scale_mean,validation
2020-08-12,2020-08-13,0.9127332835843408,1.3443835931954113,Calibrated-Hybrid-LogTarget-scale_mean,validation
2020-08-13,2020-08-14,0.255367280706292,1.1910365473130782,Calibrated-Hybrid-LogTarget-scale_mean,validation
2020-08-14,2020-08-17,0.0048129527023226,1.1526739929108014,Calibrated-Hybrid-LogTarget-scale_mean,validation
2020-08-17,2020-08-18,0.1923085427612989,1.1300249171555388,Calibrated-Hybrid-LogTarget-scale_mean,validation
2020-08-18,2020-08-19,0.3171223716823505,1.1395059874756048,Calibrated-Hybrid-LogTarget-scale_mean,validation
2020-08-19,2020-08-20,0.1246527755214606,1.165608234618317,Calibrated-Hybrid-LogTarget-scale_mean,validation
2020-08-20,2020-08-21,0.5953479247893214,1.1679146044596334,Calibrated-Hybrid-LogTarget-scale_mean,validation
2020-08-21,2020-08-24,2.601992310993434,1.1711442384046367,Calibrated-Hybrid-LogTarget-scale_mean,validation
2020-08-24,2020-08-25,0.3897315001367304,1.1545135855594382,Calibrated-Hybrid-LogTarget-scale_mean,validation
2020-08-25,2020-08-26,0.0055335984725061,1.1147444067718684,Calibrated-Hybrid-LogTarget-scale_mean,validation
2020-08-26,2020-08-27,0.0201247832938772,1.1276515420348752,Calibrated-Hybrid-LogTarget-scale_mean,validation
2020-08-27,2020-08-28,0.2371438175251532,1.0772695042359246,Calibrated-Hybrid-LogTarget-scale_mean,validation
2020-08-28,2020-08-31,0.0919913483576587,1.054454097271055,Calibrated-Hybrid-LogTarget-scale_mean,validation
2020-08-31,2020-09-01,1.2923697898915891,1.0247527295244485,Calibrated-Hybrid-LogTarget-scale_mean,validation
2020-09-01,2020-09-03,1.8585263119302429,0.9441625954265581,Calibrated-Hybrid-LogTarget-scale_mean,validation
2020-09-03,2020-09-04,0.0724558184717704,0.9224613027488415,Calibrated-Hybrid-LogTarget-scale_mean,validation
2020-09-04,2020-09-07,2.20557465755946,0.964637372508264,Calibrated-Hybrid-LogTarget-scale_mean,validation
2020-09-07,2020-09-08,0.045178302752493,1.234232496252071,Calibrated-Hybrid-LogTarget-scale_mean,validation
2020-09-08,2020-09-09,0.0084939812398233,1.1844315818354327,Calibrated-Hybrid-LogTarget-scale_mean,validation
2020-09-09,2020-09-10,0.003162773705203,1.1807494383779558,Calibrated-Hybrid-LogTarget-scale_mean,validation
2020-09-10,2020-09-11,0.0002847617108647,1.113356194701267,Calibrated-Hybrid-LogTarget-scale_mean,validation
2020-09-11,2020-09-14,0.3943421427943259,1.022079573287998,Calibrated-Hybrid-LogTarget-scale_mean,validation
2020-09-14,2020-09-15,0.0356225443834294,0.9568905846608454,Calibrated-Hybrid-LogTarget-scale_mean,validation
2020-09-15,2020-09-16,0.0182018998394976,0.9332545462422851,Calibrated-Hybrid-LogTarget-scale_mean,validation
2020-09-16,2020-09-17,0.1466259433788813,0.8640156997043827,Calibrated-Hybrid-LogTarget-scale_mean,validation
2020-09-17,2020-09-18,0.5927837774192054,0.910888346049734,Calibrated-Hybrid-LogTarget-scale_mean,validation
2020-09-18,2020-09-21,0.5973025247310948,0.8310479229239901,Calibrated-Hybrid-LogTarget-scale_mean,validation
2020-09-21,2020-09-22,0.0372219865301334,0.8257636319089356,Calibrated-Hybrid-LogTarget-scale_mean,validation
2020-09-22,2020-09-23,0.4815094749114654,0.8635216532225926,Calibrated-Hybrid-LogTarget-scale_mean,validation
2020-09-23,2020-09-24,0.1853426709964717,0.810042848994071,Calibrated-Hybrid-LogTarget-scale_mean,validation
2020-09-24,2020-09-25,0.0011645154128207,0.8614479541330349,Calibrated-Hybrid-LogTarget-scale_mean,validation
2020-09-25,2020-09-28,0.2158897933071618,0.8352011187151522,Calibrated-Hybrid-LogTarget-scale_mean,validation
2020-09-28,2020-09-29,0.8800033176965605,0.8267737381020706,Calibrated-Hybrid-LogTarget-scale_mean,validation
2020-09-29,2020-09-30,0.0184885133347586,0.957630387950316,Calibrated-Hybrid-LogTarget-scale_mean,validation
2020-09-30,2020-10-01,0.9529808677190772,0.8770963019156133,Calibrated-Hybrid-LogTarget-scale_mean,validation
2020-10-01,2020-10-02,0.2100701799336074,0.8319340686715578,Calibrated-Hybrid-LogTarget-scale_mean,validation
2020-10-02,2020-10-05,0.2733808865752189,0.9842608886436122,Calibrated-Hybrid-LogTarget-scale_mean,validation
2020-10-05,2020-10-06,0.0117020561613317,0.9353345032632236,Calibrated-Hybrid-LogTarget-scale_mean,validation
2020-10-06,2020-10-07,0.194766708657986,0.9852227853536172,Calibrated-Hybrid-LogTarget-scale_mean,validation
2020-10-07,2020-10-08,0.0091636773062023,0.99578980004876,Calibrated-Hybrid-LogTarget-scale_mean,validation
2020-10-08,2020-10-09,0.3136074736535195,1.003042038123831,Calibrated-Hybrid-LogTarget-scale_mean,validation
2020-10-09,2020-10-12,0.039147029875858,0.9035899005096141,Calibrated-Hybrid-LogTarget-scale_mean,validation
2020-10-12,2020-10-13,0.1886516440368795,0.9112702157120919,Calibrated-Hybrid-LogTarget-scale_mean,validation
2020-10-13,2020-10-14,1.2182219245675234,0.8453174343846346,Calibrated-Hybrid-LogTarget-scale_mean,validation
2020-10-14,2020-10-15,0.0750977601457549,0.8307838478970658,Calibrated-Hybrid-LogTarget-scale_mean,validation
2020-10-15,2020-10-16,0.0032789630718449,0.8934119137548878,Calibrated-Hybrid-LogTarget-scale_mean,validation
2020-10-16,2020-10-19,0.0017086378411738,0.9028451338444355,Calibrated-Hybrid-LogTarget-scale_mean,validation
2020-10-19,2020-10-20,0.0059793113747856,0.8844893214198345,Calibrated-Hybrid-LogTarget-scale_mean,validation
2020-10-20,2020-10-21,0.3275908040251104,0.8957339224863748,Calibrated-Hybrid-LogTarget-scale_mean,validation
2020-10-21,2020-10-22,1.3246371755092925,0.9141077438100088,Calibrated-Hybrid-LogTarget-scale_mean,validation
2020-10-22,2020-10-23,1.4132948922636843,0.8220642495342347,Calibrated-Hybrid-LogTarget-scale_mean,validation
2020-10-23,2020-10-26,1.1970960361828058,0.8415754959987546,Calibrated-Hybrid-LogTarget-scale_mean,validation
2020-10-26,2020-10-27,0.2083430476879338,1.0065051862806957,Calibrated-Hybrid-LogTarget-scale_mean,validation
2020-10-27,2020-10-28,7.411979475736142,1.0845457466614186,Calibrated-Hybrid-LogTarget-scale_mean,validation
2020-10-28,2020-10-29,0.0458453997519621,2.025390943321876,Calibrated-Hybrid-LogTarget-scale_mean,validation
2020-10-29,2020-10-30,0.4800476169952387,2.005297029761398,Calibrated-Hybrid-LogTarget-scale_mean,validation
2020-10-30,2020-11-02,0.7800511650758589,1.8272834371304718,Calibrated-Hybrid-LogTarget-scale_mean,validation
2020-11-02,2020-11-03,0.0342682571944602,1.6667916434279617,Calibrated-Hybrid-LogTarget-scale_mean,validation
2020-11-03,2020-11-04,0.2152577372300542,1.4610357584799525,Calibrated-Hybrid-LogTarget-scale_mean,validation
2020-11-04,2020-11-05,0.045844571767648,1.2958786901471215,Calibrated-Hybrid-LogTarget-scale_mean,validation
2020-11-05,2020-11-06,0.003314082741207,1.2136006583530439,Calibrated-Hybrid-LogTarget-scale_mean,validation
2020-11-06,2020-11-09,2.10118385761475,1.1476490585245036,Calibrated-Hybrid-LogTarget-scale_mean,validation
2020-11-09,2020-11-10,8.938431274224163e-05,1.1194185439558666,Calibrated-Hybrid-LogTarget-scale_mean,validation
2020-11-10,2020-11-11,0.0011297213251294,1.1584117423134166,Calibrated-Hybrid-LogTarget-scale_mean,validation
2020-11-11,2020-11-12,0.5456632914405392,1.1603255013600546,Calibrated-Hybrid-LogTarget-scale_mean,validation
2020-11-12,2020-11-13,0.5301286092359084,1.0996956934280036,Calibrated-Hybrid-LogTarget-scale_mean,validation
2020-11-13,2020-11-16,2.614940684665197,1.11081216270291,Calibrated-Hybrid-LogTarget-scale_mean,validation
2020-11-16,2020-11-17,3.5600857195920512,1.4180972174580442,Calibrated-Hybrid-LogTarget-scale_mean,validation
2020-11-17,2020-11-18,0.2272651607739751,1.367291128431503,Calibrated-Hybrid-LogTarget-scale_mean,validation
2020-11-18,2020-11-19,0.9890184423772188,1.4007617681486308,Calibrated-Hybrid-LogTarget-scale_mean,validation
2020-11-19,2020-11-20,0.4666750014882298,1.3869261412868836,Calibrated-Hybrid-LogTarget-scale_mean,validation
2020-11-20,2020-11-23,0.1783704119345972,1.3731192968845214,Calibrated-Hybrid-LogTarget-scale_mean,validation
2020-11-23,2020-11-24,0.0248986125796567,1.3525910942094106,Calibrated-Hybrid-LogTarget-scale_mean,validation
2020-11-24,2020-11-25,0.1754782563587062,1.3474273834422865,Calibrated-Hybrid-LogTarget-scale_mean,validation
2020-11-25,2020-11-26,0.3614717362335366,1.3060490879177304,Calibrated-Hybrid-LogTarget-scale_mean,validation
2020-11-26,2020-11-27,0.1777363368777613,1.276247029827204,Calibrated-Hybrid-LogTarget-scale_mean,validation
2020-11-27,2020-11-30,0.50308697006867,1.220551747867973,Calibrated-Hybrid-LogTarget-scale_mean,validation
2020-11-30,2020-12-01,0.331272320082079,1.3144308325716803,Calibrated-Hybrid-LogTarget-scale_mean,validation
2020-12-01,2020-12-02,0.2902563684716866,1.3506314968139719,Calibrated-Hybrid-LogTarget-scale_mean,validation
2020-12-02,2020-12-03,0.290315397256232,1.330199229424644,Calibrated-Hybrid-LogTarget-scale_mean,validation
2020-12-03,2020-12-04,0.0274172683613022,1.327388341380018,Calibrated-Hybrid-LogTarget-scale_mean,validation
2020-12-04,2020-12-07,0.6850937253628709,1.3279502017083948,Calibrated-Hybrid-LogTarget-scale_mean,validation
2020-12-07,2020-12-08,0.0048900250994697,1.2663022140073614,Calibrated-Hybrid-LogTarget-scale_mean,validation
2020-12-08,2020-12-09,0.9108272820038537,1.288229376356691,Calibrated-Hybrid-LogTarget-scale_mean,validation
2020-12-09,2020-12-10,0.6307404981430905,1.2727315014183882,Calibrated-Hybrid-LogTarget-scale_mean,validation
2020-12-10,2020-12-11,2.1005332911557746,1.4021559414910378,Calibrated-Hybrid-LogTarget-scale_mean,validation
2020-12-11,2020-12-14,2.953190631516623,1.3282217208344724,Calibrated-Hybrid-LogTarget-scale_mean,validation
2020-12-14,2020-12-15,0.6927758012586854,1.3165394076657384,Calibrated-Hybrid-LogTarget-scale_mean,validation
2020-12-15,2020-12-16,1.2199074044400842,1.4964757965657267,Calibrated-Hybrid-LogTarget-scale_mean,validation
2020-12-16,2020-12-17,2.0641473967885817,1.4427336785200697,Calibrated-Hybrid-LogTarget-scale_mean,validation
2020-12-17,2020-12-18,2.192631063716555,1.764086346829899,Calibrated-Hybrid-LogTarget-scale_mean,validation
2020-12-18,2020-12-21,1.6074554836667916,1.7070301426397032,Calibrated-Hybrid-LogTarget-scale_mean,validation
2020-12-21,2020-12-22,0.0479545490733483,1.6760806883021067,Calibrated-Hybrid-LogTarget-scale_mean,validation
2020-12-22,2020-12-23,0.1771055150673424,1.700416819406254,Calibrated-Hybrid-LogTarget-scale_mean,validation
2020-12-23,2020-12-24,1.124406225180995,1.7592471574490114,Calibrated-Hybrid-LogTarget-scale_mean,validation
2020-12-24,2020-12-25,2.4671237918391133,1.9322835456237082,Calibrated-Hybrid-LogTarget-scale_mean,validation
2020-12-25,2020-12-28,0.4034604996523059,1.8570836792432146,Calibrated-Hybrid-LogTarget-scale_mean,validation
2020-12-28,2020-12-29,0.5549207078341868,1.8204579057729187,Calibrated-Hybrid-LogTarget-scale_mean,validation
2020-12-29,2020-12-30,0.0315106576863239,1.7097927698986768,Calibrated-Hybrid-LogTarget-scale_mean,validation
2020-12-30,2020-12-31,0.3307256931476,1.728720452219355,Calibrated-Hybrid-LogTarget-scale_mean,validation
2020-12-31,2021-01-04,2.2278705339723945,1.6385248221393593,Calibrated-Hybrid-LogTarget-scale_mean,validation
2021-01-04,2021-01-05,1.1499318142027897,1.6519744929417082,Calibrated-Hybrid-LogTarget-scale_mean,validation
2021-01-05,2021-01-06,0.8776630886951989,1.6110380961465844,Calibrated-Hybrid-LogTarget-scale_mean,validation
2021-01-06,2021-01-07,1.3339004712332734,1.5696033398514684,Calibrated-Hybrid-LogTarget-scale_mean,validation
2021-01-07,2021-01-08,0.9288877612518626,1.5327241524269994,Calibrated-Hybrid-LogTarget-scale_mean,validation
2021-01-08,2021-01-11,2.138176540768584,1.5334491541037656,Calibrated-Hybrid-LogTarget-scale_mean,validation
2021-01-11,2021-01-12,0.3865727035398198,1.5130732296931806,Calibrated-Hybrid-LogTarget-scale_mean,validation
2021-01-12,2021-01-13,0.2744693433035448,1.4872819079015638,Calibrated-Hybrid-LogTarget-scale_mean,validation
2021-01-13,2021-01-14,0.0129409883939506,1.6419706949969306,Calibrated-Hybrid-LogTarget-scale_mean,validation
2021-01-14,2021-01-15,0.3260937940923989,1.7095488109485468,Calibrated-Hybrid-LogTarget-scale_mean,validation
2021-01-15,2021-01-18,0.0358827142959493,1.7024852670177728,Calibrated-Hybrid-LogTarget-scale_mean,validation
2021-01-18,2021-01-19,27.541540391562137,1.7015196920554572,Calibrated-Hybrid-LogTarget-scale_mean,validation
2021-01-19,2021-01-20,0.1055259451193829,5.861701405798522,Calibrated-Hybrid-LogTarget-scale_mean,validation
2021-01-20,2021-01-21,6.600825920548621,3.3311229980289405,Calibrated-Hybrid-LogTarget-scale_mean,validation
2021-01-21,2021-01-22,0.0486234498742934,3.1610567633768505,Calibrated-Hybrid-LogTarget-scale_mean,validation
2021-01-22,2021-01-25,0.003916873597976,2.8643420258224257,Calibrated-Hybrid-LogTarget-scale_mean,validation
2021-01-25,2021-01-26,6.76157056018748,2.6120372066555495,Calibrated-Hybrid-LogTarget-scale_mean,validation
2021-01-26,2021-01-27,12.16950048366727,3.3758289105040125,Calibrated-Hybrid-LogTarget-scale_mean,validation
2021-01-27,2021-01-28,47.71522267260341,5.354940204170291,Calibrated-Hybrid-LogTarget-scale_mean,validation
2021-01-28,2021-01-29,9.864460610625494,10.023796725352703,Calibrated-Hybrid-LogTarget-scale_mean,validation
2021-01-29,2021-02-01,4.068938921704016,5.2615613769994125,Calibrated-Hybrid-LogTarget-scale_mean,validation
2021-02-01,2021-02-02,14.37888811066259,5.385657052390623,Calibrated-Hybrid-LogTarget-scale_mean,validation
2021-02-02,2021-02-03,10.698092971323405,5.7201100896527315,Calibrated-Hybrid-LogTarget-scale_mean,validation
2021-02-03,2021-02-04,0.006553579964635,4.877324860102722,Calibrated-Hybrid-LogTarget-scale_mean,validation
2021-02-04,2021-02-05,1.728785632859906,3.040148658486403,Calibrated-Hybrid-LogTarget-scale_mean,validation
2021-02-05,2021-02-08,15.664350744194984,2.4477477246740356,Calibrated-Hybrid-LogTarget-scale_mean,validation
2021-02-08,2021-02-09,8.346588799606792,4.149018660186622,Calibrated-Hybrid-LogTarget-scale_mean,validation
2021-02-09,2021-02-17,12.948351612917367,3.629641183860506,Calibrated-Hybrid-LogTarget-scale_mean,validation
2021-02-17,2021-02-18,2.5487828873734144,3.2146790918404453,Calibrated-Hybrid-LogTarget-scale_mean,validation
2021-02-18,2021-02-19,0.0056191882730801,1.971621163673581,Calibrated-Hybrid-LogTarget-scale_mean,validation
2021-02-19,2021-02-22,0.0171990965562516,1.568716495783664,Calibrated-Hybrid-LogTarget-scale_mean,validation
2021-02-22,2021-02-23,0.04885188428266,1.3884775151170523,Calibrated-Hybrid-LogTarget-scale_mean,validation
2021-02-23,2021-02-24,1.7852090551538884,1.4168312575052933,Calibrated-Hybrid-LogTarget-scale_mean,validation
2021-02-24,2021-02-25,0.0863685922010339,1.619488712246826,Calibrated-Hybrid-LogTarget-scale_mean,validation
2021-02-25,2021-02-26,0.0678645793866586,1.5795290375766953,Calibrated-Hybrid-LogTarget-scale_mean,validation
2021-02-26,2021-03-01,2.260340412751501,1.5542245301812054,Calibrated-Hybrid-LogTarget-scale_mean,validation
2021-03-01,2021-03-02,0.0013754677373442,1.585883545763475,Calibrated-Hybrid-LogTarget-scale_mean,validation
2021-03-02,2021-03-03,0.0008207623047958,1.4332183545711954,Calibrated-Hybrid-LogTarget-scale_mean,validation
2021-03-03,2021-03-04,2.448912301147324,1.4152105814753868,Calibrated-Hybrid-LogTarget-scale_mean,validation
2021-03-04,2021-03-05,0.0002116227550263,1.718936590330243,Calibrated-Hybrid-LogTarget-scale_mean,validation
2021-03-05,2021-03-08,0.001291980692468,1.8024583706833868,Calibrated-Hybrid-LogTarget-scale_mean,validation
2021-03-08,2021-03-09,0.2923761214947155,1.823325634807212,Calibrated-Hybrid-LogTarget-scale_mean,validation
2021-03-09,2021-03-10,0.4837594769954144,1.8412677234261101,Calibrated-Hybrid-LogTarget-scale_mean,validation
2021-03-10,2021-03-11,0.9815546422643948,1.7998927193110066,Calibrated-Hybrid-LogTarget-scale_mean,validation
2021-03-11,2021-03-12,0.0002069778164541,1.6971284713840407,Calibrated-Hybrid-LogTarget-scale_mean,validation
2021-03-12,2021-03-15,0.0643027332166397,1.624551449567292,Calibrated-Hybrid-LogTarget-scale_mean,validation
2021-03-15,2021-03-16,0.1553706585632092,1.612838616729051,Calibrated-Hybrid-LogTarget-scale_mean,validation
2021-03-16,2021-03-17,0.2737899242910557,1.6590554996533131,Calibrated-Hybrid-LogTarget-scale_mean,validation
2021-03-17,2021-03-18,1.5481332912326575,1.6636369390354053,Calibrated-Hybrid-LogTarget-scale_mean,validation
2021-03-18,2021-03-19,0.3310498706600423,1.5464082875581673,Calibrated-Hybrid-LogTarget-scale_mean,validation
2021-03-19,2021-03-22,0.0010124742198036,1.6176647618591384,Calibrated-Hybrid-LogTarget-scale_mean,validation
2021-03-22,2021-03-23,0.8528859825364001,1.6394618801316558,Calibrated-Hybrid-LogTarget-scale_mean,validation
2021-03-23,2021-03-24,3.405784484981233,1.7399900103415507,Calibrated-Hybrid-LogTarget-scale_mean,validation
2021-03-24,2021-03-25,0.012314795662716,2.1021427301286595,Calibrated-Hybrid-LogTarget-scale_mean,validation
2021-03-25,2021-03-26,0.0058597397555957,2.017838401789594,Calibrated-Hybrid-LogTarget-scale_mean,validation
2021-03-26,2021-03-29,1.3278733275984689,1.9432180332844842,Calibrated-Hybrid-LogTarget-scale_mean,validation
2021-03-29,2021-03-30,0.8177751702540456,1.8205811747504137,Calibrated-Hybrid-LogTarget-scale_mean,validation
2021-03-30,2021-03-31,0.1825736474519551,1.8010884520238566,Calibrated-Hybrid-LogTarget-scale_mean,validation
2021-03-31,2021-04-01,4.196908399032827,1.7161956047901552,Calibrated-Hybrid-LogTarget-scale_mean,validation
2021-04-01,2021-04-02,0.4682318073785952,1.6256285651538471,Calibrated-Hybrid-LogTarget-scale_mean,validation
2021-04-02,2021-04-05,0.8890694068712227,1.5635198218497308,Calibrated-Hybrid-LogTarget-scale_mean,validation
2021-04-05,2021-04-06,0.0997492041629095,1.523828279426376,Calibrated-Hybrid-LogTarget-scale_mean,validation
2021-04-06,2021-04-07,0.0380161793184628,1.5476012833244388,Calibrated-Hybrid-LogTarget-scale_mean,validation
2021-04-07,2021-04-08,0.3656617949695199,1.6053259038272953,Calibrated-Hybrid-LogTarget-scale_mean,validation
2021-04-08,2021-04-09,0.0685939299115526,1.655963208922753,Calibrated-Hybrid-LogTarget-scale_mean,validation
2021-04-09,2021-04-12,2.801867566535839,1.7240728166482127,Calibrated-Hybrid-LogTarget-scale_mean,validation
2021-04-12,2021-04-13,0.1085685992002533,1.8082148805440221,Calibrated-Hybrid-LogTarget-scale_mean,validation
2021-04-13,2021-04-14,0.3626329687997453,1.9703065781348301,Calibrated-Hybrid-LogTarget-scale_mean,validation
2021-04-14,2021-04-15,0.4743671604836424,1.8076508584285675,Calibrated-Hybrid-LogTarget-scale_mean,validation
2021-04-15,2021-04-16,0.4720531246781877,1.846953314413488,Calibrated-Hybrid-LogTarget-scale_mean,validation
2021-04-16,2021-04-19,3.0629959648129166,2.1150082665927408,Calibrated-Hybrid-LogTarget-scale_mean,validation
2021-04-19,2021-04-20,0.3708468135979464,1.893403252996711,Calibrated-Hybrid-LogTarget-scale_mean,validation
2021-04-20,2021-04-22,10.511479982603742,1.8709670201975004,Calibrated-Hybrid-LogTarget-scale_mean,validation
2021-04-22,2021-04-23,2.7977982020669034,3.0564969183672632,Calibrated-Hybrid-LogTarget-scale_mean,validation
2021-04-23,2021-04-26,7.069875969155051,2.466040627513018,Calibrated-Hybrid-LogTarget-scale_mean,validation
2021-04-26,2021-04-27,0.1068177702515163,3.6637866227707647,Calibrated-Hybrid-LogTarget-scale_mean,validation
2021-04-27,2021-04-28,0.6403727056381737,2.9000162603221273,Calibrated-Hybrid-LogTarget-scale_mean,validation
2021-04-28,2021-04-29,0.6353802562532533,2.509794522298532,Calibrated-Hybrid-LogTarget-scale_mean,validation
2021-04-29,2021-05-04,0.0512876666991909,2.170356100207011,Calibrated-Hybrid-LogTarget-scale_mean,validation
2021-05-04,2021-05-05,1.2974041483688885,1.9965187799374835,Calibrated-Hybrid-LogTarget-scale_mean,validation
2021-05-05,2021-05-06,0.2185486546328746,1.7772202133106043,Calibrated-Hybrid-LogTarget-scale_mean,validation
2021-05-06,2021-05-07,0.494132324659674,1.760116655891475,Calibrated-Hybrid-LogTarget-scale_mean,validation
2021-05-07,2021-05-10,2.018769062145057,1.8756105973829293,Calibrated-Hybrid-LogTarget-scale_mean,validation
2021-05-10,2021-05-11,0.0792094524228185,1.8101438417234756,Calibrated-Hybrid-LogTarget-scale_mean,validation
2021-05-11,2021-05-12,1.0683689670129952,1.7574964592872613,Calibrated-Hybrid-LogTarget-scale_mean,validation
2021-05-12,2021-05-13,0.3147510754643727,1.6007697436347228,Calibrated-Hybrid-LogTarget-scale_mean,validation
2021-05-13,2021-05-14,0.1194948927270032,1.601030243179319,Calibrated-Hybrid-LogTarget-scale_mean,validation
2021-05-14,2021-05-17,0.3681093008020274,1.561816063597059,Calibrated-Hybrid-LogTarget-scale_mean,validation
2021-05-17,2021-05-18,0.2298422025837693,1.579583267335463,Calibrated-Hybrid-LogTarget-scale_mean,validation
2021-05-18,2021-05-19,0.6085100033578476,1.5774555821371368,Calibrated-Hybrid-LogTarget-scale_mean,validation
2021-05-19,2021-05-20,1.5332689494683411,1.4929917242266286,Calibrated-Hybrid-LogTarget-scale_mean,validation
2021-05-20,2021-05-21,0.1986664550105345,1.4887515460169503,Calibrated-Hybrid-LogTarget-scale_mean,validation
2021-05-21,2021-05-24,1.1845107713600658,1.4905747770409774,Calibrated-Hybrid-LogTarget-scale_mean,validation
2021-05-24,2021-05-25,0.6615170731155926,1.4528025603560453,Calibrated-Hybrid-LogTarget-scale_mean,validation
2021-05-25,2021-05-26,0.3826692450882292,1.386554519157025,Calibrated-Hybrid-LogTarget-scale_mean,validation
2021-05-26,2021-05-27,1.0043951904267852,1.4107570103776352,Calibrated-Hybrid-LogTarget-scale_mean,validation
2021-05-27,2021-05-28,1.65727162339538,1.5454081640624155,Calibrated-Hybrid-LogTarget-scale_mean,validation
2021-05-28,2021-05-31,0.3285055315434949,1.4889416317564947,Calibrated-Hybrid-LogTarget-scale_mean,validation
2021-05-31,2021-06-01,0.5328741181290064,1.4997786514267424,Calibrated-Hybrid-LogTarget-scale_mean,validation
2021-06-01,2021-06-02,0.0501764701325494,1.427002233670063,Calibrated-Hybrid-LogTarget-scale_mean,validation
2021-06-02,2021-06-03,3.01900451692919,1.5334650579072535,Calibrated-Hybrid-LogTarget-scale_mean,validation
2021-06-03,2021-06-04,0.5091916058927975,1.4883647050989561,Calibrated-Hybrid-LogTarget-scale_mean,validation
2021-06-04,2021-06-07,1.2488833393722787,1.5319678991066241,Calibrated-Hybrid-LogTarget-scale_mean,validation
2021-06-07,2021-06-08,8.436942215340656,1.6444380649345145,Calibrated-Hybrid-LogTarget-scale_mean,validation
2021-06-08,2021-06-09,0.9635770887636846,2.05709296450763,Calibrated-Hybrid-LogTarget-scale_mean,validation
2021-06-09,2021-06-10,0.4923594509595709,1.7727416124183772,Calibrated-Hybrid-LogTarget-scale_mean,validation
2021-06-10,2021-06-11,4.4320627369374535,1.705709774919708,Calibrated-Hybrid-LogTarget-scale_mean,validation
2021-06-11,2021-06-14,0.5411007585268014,1.6787149793871567,Calibrated-Hybrid-LogTarget-scale_mean,validation
2021-06-14,2021-06-15,0.1708389534964715,1.6554752926798046,Calibrated-Hybrid-LogTarget-scale_mean,validation
2021-06-15,2021-06-16,0.6335008462154236,1.5291250628755957,Calibrated-Hybrid-LogTarget-scale_mean,validation
2021-06-16,2021-06-17,0.0626639901398827,1.5600178271981853,Calibrated-Hybrid-LogTarget-scale_mean,validation
2021-06-17,2021-06-18,1.7005139602823875,1.5345644651859724,Calibrated-Hybrid-LogTarget-scale_mean,validation
2021-06-18,2021-06-21,0.1396997155457911,1.519115834065553,Calibrated-Hybrid-LogTarget-scale_mean,validation
2021-06-21,2021-06-22,0.284425125779956,1.536720579206902,Calibrated-Hybrid-LogTarget-scale_mean,validation
2021-06-22,2021-06-23,0.0505778800491605,1.4878924696079587,Calibrated-Hybrid-LogTarget-scale_mean,validation
2021-06-23,2021-06-24,0.042756846647676,1.4875195059654198,Calibrated-Hybrid-LogTarget-scale_mean,validation
2021-06-24,2021-06-25,0.5639250493998573,1.43839821524891,Calibrated-Hybrid-LogTarget-scale_mean,validation
2021-06-25,2021-06-28,1.2596863062253096,1.3714707973837674,Calibrated-Hybrid-LogTarget-scale_mean,validation
2021-06-28,2021-06-29,0.0902656153029111,1.4104018687521458,Calibrated-Hybrid-LogTarget-scale_mean,validation
2021-06-29,2021-06-30,0.0111781207193246,1.406623274117926,Calibrated-Hybrid-LogTarget-scale_mean,validation
2021-06-30,2021-07-01,0.3645273399631648,1.3818260445669952,Calibrated-Hybrid-LogTarget-scale_mean,validation
2021-07-01,2021-07-02,0.0505610286336511,1.4694934092512655,Calibrated-Hybrid-LogTarget-scale_mean,validation
2021-07-02,2021-07-05,0.4168242183273023,1.4597165014600497,Calibrated-Hybrid-LogTarget-scale_mean,validation
2021-07-05,2021-07-06,16.601013312283214,1.5534717427182423,Calibrated-Hybrid-LogTarget-scale_mean,validation
2021-07-06,2021-07-07,6.058281445881023,2.8895064407453477,Calibrated-Hybrid-LogTarget-scale_mean,validation
2021-07-07,2021-07-08,1.0078273448945338,2.3160348903893944,Calibrated-Hybrid-LogTarget-scale_mean,validation
2021-07-08,2021-07-09,4.095422426959989,2.0947772714880615,Calibrated-Hybrid-LogTarget-scale_mean,validation
2021-07-09,2021-07-12,14.799235172407151,2.363526276426936,Calibrated-Hybrid-LogTarget-scale_mean,validation
2021-07-12,2021-07-13,0.009141491530764,4.406252737010303,Calibrated-Hybrid-LogTarget-scale_mean,validation
2021-07-13,2021-07-14,1.871533753406208,3.0511896678589188,Calibrated-Hybrid-LogTarget-scale_mean,validation
2021-07-14,2021-07-15,1.185182208099543,2.9460917110335125,Calibrated-Hybrid-LogTarget-scale_mean,validation
2021-07-15,2021-07-16,0.1728051567276786,2.5165163024880126,Calibrated-Hybrid-LogTarget-scale_mean,validation
2021-07-16,2021-07-19,19.26799845022637,2.0306608146133094,Calibrated-Hybrid-LogTarget-scale_mean,validation
2021-07-19,2021-07-20,5.600831490366748,5.214507098638322,Calibrated-Hybrid-LogTarget-scale_mean,validation
2021-07-20,2021-07-21,0.0386259132356042,3.4448547496297435,Calibrated-Hybrid-LogTarget-scale_mean,validation
2021-07-21,2021-07-22,3.1842211341003503,2.637841399218429,Calibrated-Hybrid-LogTarget-scale_mean,validation
2021-07-22,2021-07-23,3.75891611125588,2.389498185030954,Calibrated-Hybrid-LogTarget-scale_mean,validation
2021-07-23,2021-07-26,0.0932245335056029,2.4598885099686356,Calibrated-Hybrid-LogTarget-scale_mean,validation
2021-07-26,2021-07-27,0.1095791578755464,1.9590505751302807,Calibrated-Hybrid-LogTarget-scale_mean,validation
2021-07-27,2021-07-28,0.0001201916445908,1.7051271121734424,Calibrated-Hybrid-LogTarget-scale_mean,validation
2021-07-28,2021-07-29,1.6539600353625152,1.633752904504697,Calibrated-Hybrid-LogTarget-scale_mean,validation
2021-07-29,2021-07-30,1.5967544948591652,1.4885318506289225,Calibrated-Hybrid-LogTarget-scale_mean,validation
2021-07-30,2021-08-02,0.1009987039707803,1.4024596859729481,Calibrated-Hybrid-LogTarget-scale_mean,validation
2021-08-02,2021-08-03,1.8957198194932552,1.3348905929850328,Calibrated-Hybrid-LogTarget-scale_mean,validation
2021-08-03,2021-08-04,0.0297448118967559,1.3707393655003839,Calibrated-Hybrid-LogTarget-scale_mean,validation
2021-08-04,2021-08-05,0.6506576147304501,1.3826843714125527,Calibrated-Hybrid-LogTarget-scale_mean,validation
2021-08-05,2021-08-06,0.0931307383293993,1.3981837424201105,Calibrated-Hybrid-LogTarget-scale_mean,validation
2021-08-06,2021-08-09,1.8579420490159877,1.4317624023559772,Calibrated-Hybrid-LogTarget-scale_mean,validation
2021-08-09,2021-08-10,0.0356498511082493,1.4135199744612306,Calibrated-Hybrid-LogTarget-scale_mean,validation
2021-08-10,2021-08-11,0.1163827824804467,1.4637329885200754,Calibrated-Hybrid-LogTarget-scale_mean,validation
2021-08-11,2021-08-12,0.1222953063583315,1.5300325690824448,Calibrated-Hybrid-LogTarget-scale_mean,validation
2021-08-12,2021-08-13,0.0871384784453648,1.5077249229213006,Calibrated-Hybrid-LogTarget-scale_mean,validation
2021-08-13,2021-08-16,1.0399916754691487,1.5234986121864058,Calibrated-Hybrid-LogTarget-scale_mean,validation
2021-08-16,2021-08-17,0.3314354435277737,1.5312089158383695,Calibrated-Hybrid-LogTarget-scale_mean,validation
2021-08-17,2021-08-18,0.0249180078972991,1.560977162241623,Calibrated-Hybrid-LogTarget-scale_mean,validation
2021-08-18,2021-08-19,1.034084957658442,1.5025137313006418,Calibrated-Hybrid-LogTarget-scale_mean,validation
2021-08-19,2021-08-20,11.285807091304966,1.445832773043583,Calibrated-Hybrid-LogTarget-scale_mean,validation
2021-08-20,2021-08-23,5.411821632013326,2.3181983977605305,Calibrated-Hybrid-LogTarget-scale_mean,validation
2021-08-23,2021-08-24,8.536462420535458e-05,2.329685928453932,Calibrated-Hybrid-LogTarget-scale_mean,validation
2021-08-24,2021-08-25,0.6870757170728501,1.9817382845504523,Calibrated-Hybrid-LogTarget-scale_mean,validation
2021-08-25,2021-08-26,0.4170750420782061,1.8878084788485239,Calibrated-Hybrid-LogTarget-scale_mean,validation
2021-08-26,2021-08-27,0.8540485329092148,1.7867932151732564,Calibrated-Hybrid-LogTarget-scale_mean,validation
2021-08-27,2021-08-30,1.2797402595336076,1.6369036260745748,Calibrated-Hybrid-LogTarget-scale_mean,validation
2021-08-30,2021-08-31,0.0627065630623478,1.4967325272969232,Calibrated-Hybrid-LogTarget-scale_mean,validation
2021-08-31,2021-09-01,0.0569056328666982,1.5155734507411989,Calibrated-Hybrid-LogTarget-scale_mean,validation
2021-09-01,2021-09-06,0.7669996218071843,1.4821366035520604,Calibrated-Hybrid-LogTarget-scale_mean,validation
2021-09-06,2021-09-07,0.1115838258583112,1.5274351132224855,Calibrated-Hybrid-LogTarget-scale_mean,validation
2021-09-07,2021-09-08,0.3840242724271654,1.578705275544992,Calibrated-Hybrid-LogTarget-scale_mean,validation
2021-09-08,2021-09-09,0.5999757427909345,1.4575966646566703,Calibrated-Hybrid-LogTarget-scale_mean,validation
2021-09-09,2021-09-10,0.009783360800291,1.4185598147019698,Calibrated-Hybrid-LogTarget-scale_mean,validation
2021-09-10,2021-09-13,0.0834204953018611,1.4240363565810978,Calibrated-Hybrid-LogTarget-scale_mean,validation
2021-09-13,2021-09-14,0.0166539238245993,1.528691101692183,Calibrated-Hybrid-LogTarget-scale_mean,validation
2021-09-14,2021-09-15,0.208411861391793,1.488005991129452,Calibrated-Hybrid-LogTarget-scale_mean,validation
2021-09-15,2021-09-16,8.833374944135227e-06,1.4373168149743965,Calibrated-Hybrid-LogTarget-scale_mean,validation
2021-09-16,2021-09-17,0.2517625260662404,1.4029902682196909,Calibrated-Hybrid-LogTarget-scale_mean,validation
2021-09-17,2021-09-20,0.0255409488218125,1.5215172087004893,Calibrated-Hybrid-LogTarget-scale_mean,validation
2021-09-20,2021-09-21,0.6256621683862371,1.555987337703397,Calibrated-Hybrid-LogTarget-scale_mean,validation
2021-09-21,2021-09-22,0.6493080782631847,1.5988540373469906,Calibrated-Hybrid-LogTarget-scale_mean,validation
2021-09-22,2021-09-23,0.023678455022373,1.526935737194902,Calibrated-Hybrid-LogTarget-scale_mean,validation
2021-09-23,2021-09-24,0.0138313143395197,1.700759831683533,Calibrated-Hybrid-LogTarget-scale_mean,validation
2021-09-24,2021-09-27,3.828272422415496,1.4993347876237626,Calibrated-Hybrid-LogTarget-scale_mean,validation
2021-09-27,2021-09-28,1.1555484032608674,1.8265048637733308,Calibrated-Hybrid-LogTarget-scale_mean,validation
2021-09-28,2021-09-29,5.575325206713305e-05,1.607055286409866,Calibrated-Hybrid-LogTarget-scale_mean,validation
2021-09-29,2021-09-30,0.0451927678238876,1.5664913998261822,Calibrated-Hybrid-LogTarget-scale_mean,validation
2021-09-30,2021-10-01,0.2869590069123234,1.455727695037048,Calibrated-Hybrid-LogTarget-scale_mean,validation
2021-10-01,2021-10-04,0.1209217160727008,1.5477924251679809,Calibrated-Hybrid-LogTarget-scale_mean,validation
2021-10-04,2021-10-05,1.2548666056334208,1.5378991346443909,Calibrated-Hybrid-LogTarget-scale_mean,validation
2021-10-05,2021-10-06,0.363335054701863,1.3871477071951637,Calibrated-Hybrid-LogTarget-scale_mean,validation
2021-10-06,2021-10-07,0.0539799292056889,1.3854313316415536,Calibrated-Hybrid-LogTarget-scale_mean,validation
2021-10-07,2021-10-08,0.2422625428098201,1.4378710402866612,Calibrated-Hybrid-LogTarget-scale_mean,validation
2021-10-08,2021-10-11,2.384064119474745,1.3762571858054191,Calibrated-Hybrid-LogTarget-scale_mean,validation
2021-10-11,2021-10-12,0.0025924711816483,1.3888880639749808,Calibrated-Hybrid-LogTarget-scale_mean,validation
2021-10-12,2021-10-13,0.043020201094552,1.4526105080385283,Calibrated-Hybrid-LogTarget-scale_mean,validation
2021-10-13,2021-10-14,1.8582276241239155e-05,1.4247765256037623,Calibrated-Hybrid-LogTarget-scale_mean,validation
2021-10-14,2021-10-15,0.0037272440365911,1.5127274953244612,Calibrated-Hybrid-LogTarget-scale_mean,validation
2021-10-15,2021-10-18,0.0412074717223573,1.5582404225620092,Calibrated-Hybrid-LogTarget-scale_mean,validation
2021-10-18,2021-10-19,0.0002054205471957,1.5126732166140702,Calibrated-Hybrid-LogTarget-scale_mean,validation
2021-10-19,2021-10-20,0.012036644283499,1.4307767269880478,Calibrated-Hybrid-LogTarget-scale_mean,validation
2021-10-20,2021-10-21,0.4224699907147212,1.5319226088228186,Calibrated-Hybrid-LogTarget-scale_mean,validation
2021-10-21,2021-10-22,0.1038627326357175,1.5125796309866089,Calibrated-Hybrid-LogTarget-scale_mean,validation
2021-10-22,2021-10-25,0.0766142772237032,1.5273970580441094,Calibrated-Hybrid-LogTarget-scale_mean,validation
2021-10-25,2021-10-26,0.2013151221701667,1.6045039897856483,Calibrated-Hybrid-LogTarget-scale_mean,validation
2021-10-26,2021-10-27,4.975421040294883,1.4993304979985005,Calibrated-Hybrid-LogTarget-scale_mean,validation
2021-10-27,2021-10-28,1.0980607841681207,1.542718949869111,Calibrated-Hybrid-LogTarget-scale_mean,validation
2021-10-28,2021-10-29,0.1886851350804401,1.5006093495852961,Calibrated-Hybrid-LogTarget-scale_mean,validation
2021-10-29,2021-11-01,0.1351609140151505,1.5884396968719157,Calibrated-Hybrid-LogTarget-scale_mean,validation
2021-11-01,2021-11-02,0.8706925479870633,1.715638401732067,Calibrated-Hybrid-LogTarget-scale_mean,validation
2021-11-02,2021-11-03,0.3174077865606339,1.6063927618864322,Calibrated-Hybrid-LogTarget-scale_mean,validation
2021-11-03,2021-11-04,0.0780251318950003,1.9349915480545592,Calibrated-Hybrid-LogTarget-scale_mean,validation
2021-11-04,2021-11-05,0.3164163905277483,1.6135276506288159,Calibrated-Hybrid-LogTarget-scale_mean,validation
2021-11-05,2021-11-08,0.5722632892702788,1.5700966427561833,Calibrated-Hybrid-LogTarget-scale_mean,validation
2021-11-08,2021-11-09,0.1717825777423685,1.6294915071628122,Calibrated-Hybrid-LogTarget-scale_mean,validation
2021-11-09,2021-11-10,0.0578685691569425,1.683700313184081,Calibrated-Hybrid-LogTarget-scale_mean,validation
2021-11-10,2021-11-11,0.0332757244454099,1.6311804189281498,Calibrated-Hybrid-LogTarget-scale_mean,validation
2021-11-11,2021-11-12,0.5636350562840569,1.7895230064626018,Calibrated-Hybrid-LogTarget-scale_mean,validation
2021-11-12,2021-11-15,0.0470688863590858,1.5781567785162542,Calibrated-Hybrid-LogTarget-scale_mean,validation
2021-11-15,2021-11-16,0.4729748116245648,1.7270067204139372,Calibrated-Hybrid-LogTarget-scale_mean,validation
2021-11-16,2021-11-17,0.40826744424175,1.7785336020215956,Calibrated-Hybrid-LogTarget-scale_mean,validation
2021-11-17,2021-11-18,0.1670640675036151,1.5741897639758715,Calibrated-Hybrid-LogTarget-scale_mean,validation
2021-11-18,2021-11-19,1.4313283722317711,1.765259975579831,Calibrated-Hybrid-LogTarget-scale_mean,validation
2021-11-19,2021-11-22,0.1237442583360642,2.0305552732491465,Calibrated-Hybrid-LogTarget-scale_mean,validation
2021-11-22,2021-11-23,1.2666258581863683,1.8940807336743197,Calibrated-Hybrid-LogTarget-scale_mean,validation
2021-11-23,2021-11-24,2.923344781612152,1.6505526746210197,Calibrated-Hybrid-LogTarget-scale_mean,validation
2021-11-24,2021-11-25,0.6380046596767257,1.757065759693248,Calibrated-Hybrid-LogTarget-scale_mean,validation
2021-11-25,2021-11-26,0.2701244946030526,1.6992652342434802,Calibrated-Hybrid-LogTarget-scale_mean,validation
2021-11-26,2021-11-29,0.3025648797186475,1.7763753000252755,Calibrated-Hybrid-LogTarget-scale_mean,validation
2021-11-29,2021-11-30,0.1865846491020368,1.7797153572726394,Calibrated-Hybrid-LogTarget-scale_mean,validation
2021-11-30,2021-12-01,0.2075014205290045,1.8351795473952632,Calibrated-Hybrid-LogTarget-scale_mean,validation
2021-12-01,2021-12-02,0.0447934240863952,1.6197180815176078,Calibrated-Hybrid-LogTarget-scale_mean,validation
2021-12-02,2021-12-03,7.012035907074128,1.5568636449131064,Calibrated-Hybrid-LogTarget-scale_mean,validation
2021-12-03,2021-12-06,4.334941271489592,2.142104173462862,Calibrated-Hybrid-LogTarget-scale_mean,validation
2021-12-06,2021-12-07,5.38610884102854,2.258924678018952,Calibrated-Hybrid-LogTarget-scale_mean,validation
2021-12-07,2021-12-08,0.1770242562530693,1.8333532858366157,Calibrated-Hybrid-LogTarget-scale_mean,validation
2021-12-08,2021-12-09,1.070479018660655,1.8174384717376222,Calibrated-Hybrid-LogTarget-scale_mean,validation
2021-12-09,2021-12-10,0.0917573521914629,1.6749154347071635,Calibrated-Hybrid-LogTarget-scale_mean,validation
2021-12-10,2021-12-13,0.7430153759165636,1.7027799789228883,Calibrated-Hybrid-LogTarget-scale_mean,validation
2021-12-13,2021-12-14,0.0001656787526269,1.636717088480468,Calibrated-Hybrid-LogTarget-scale_mean,validation
2021-12-14,2021-12-15,0.001241581482623,1.6613114674211467,Calibrated-Hybrid-LogTarget-scale_mean,validation
2021-12-15,2021-12-16,0.0056551081903051,1.6357445496626777,Calibrated-Hybrid-LogTarget-scale_mean,validation
2021-12-16,2021-12-17,0.0462794489398934,1.6214894498983645,Calibrated-Hybrid-LogTarget-scale_mean,validation
2021-12-17,2021-12-20,0.0276816841350729,1.7051297546464692,Calibrated-Hybrid-LogTarget-scale_mean,validation
2021-12-20,2021-12-21,0.009100575448846,1.6151590044487836,Calibrated-Hybrid-LogTarget-scale_mean,validation
2021-12-21,2021-12-22,0.0052396015195704,1.5913831313597444,Calibrated-Hybrid-LogTarget-scale_mean,validation
2021-12-22,2021-12-23,1.992176913695392,1.6899526541657077,Calibrated-Hybrid-LogTarget-scale_mean,validation
2021-12-23,2021-12-24,1.8717637228671864,1.9063526008580534,Calibrated-Hybrid-LogTarget-scale_mean,validation
2021-12-24,2021-12-27,0.6385359851594573,1.614175029774235,Calibrated-Hybrid-LogTarget-scale_mean,validation
2021-12-27,2021-12-28,0.1364517327618313,1.5177195268831922,Calibrated-Hybrid-LogTarget-scale_mean,validation
2021-12-28,2021-12-29,0.3307731842534792,1.6614354474449442,Calibrated-Hybrid-LogTarget-scale_mean,validation
2021-12-29,2021-12-30,0.0001019075301841,1.638735007887379,Calibrated-Hybrid-LogTarget-scale_mean,validation
2021-12-30,2021-12-31,0.6806292652244172,1.5653943112365485,Calibrated-Hybrid-LogTarget-scale_mean,validation
2021-12-31,2022-01-04,3.2605099137684044,1.561720926986801,Calibrated-Hybrid-LogTarget-scale_mean,validation
2022-01-04,2022-01-05,0.0408421877386783,1.5378050882707728,Calibrated-Hybrid-LogTarget-scale_mean,validation
2022-01-05,2022-01-06,0.1583194148629771,1.7101986300289702,Calibrated-Hybrid-LogTarget-scale_mean,validation
2022-01-06,2022-01-07,3.466888916717849e-05,1.715792412235766,Calibrated-Hybrid-LogTarget-scale_mean,validation
2022-01-07,2022-01-10,2.6694297971607823,1.6825859236627152,Calibrated-Hybrid-LogTarget-scale_mean,validation
2022-01-10,2022-01-11,0.5791412105719106,1.9887780018122219,Calibrated-Hybrid-LogTarget-scale_mean,validation
2022-01-11,2022-01-12,1.469449968423449,1.8825318265575164,Calibrated-Hybrid-LogTarget-scale_mean,validation
2022-01-12,2022-01-13,0.9252594386149106,1.8203016613180234,Calibrated-Hybrid-LogTarget-scale_mean,validation
2022-01-13,2022-01-14,4.021230809949571e-06,1.8210804126370865,Calibrated-Hybrid-LogTarget-scale_mean,validation
2022-01-14,2022-01-17,8.577861779061374,1.6282264562624833,Calibrated-Hybrid-LogTarget-scale_mean,validation
2022-01-17,2022-01-18,0.9241996120524796,2.318211248107919,Calibrated-Hybrid-LogTarget-scale_mean,validation
2022-01-18,2022-01-19,0.0713962483719635,1.9607269201585664,Calibrated-Hybrid-LogTarget-scale_mean,validation
2022-01-19,2022-01-20,2.396694299563955,1.7647743574980332,Calibrated-Hybrid-LogTarget-scale_mean,validation
2022-01-20,2022-01-21,0.2669228311266386,1.7806384865551321,Calibrated-Hybrid-LogTarget-scale_mean,validation
2022-01-21,2022-01-24,5.19144957677216,1.7283940530396458,Calibrated-Hybrid-LogTarget-scale_mean,validation
2022-01-24,2022-01-25,7.461944120148481,2.0503241556134655,Calibrated-Hybrid-LogTarget-scale_mean,validation
2022-01-25,2022-01-26,0.0182472056354126,1.9684364212934613,Calibrated-Hybrid-LogTarget-scale_mean,validation
2022-01-26,2022-01-27,0.5372614259470304,1.7901347217157668,Calibrated-Hybrid-LogTarget-scale_mean,validation
2022-01-27,2022-01-28,0.3091208848418566,1.7537236793975124,Calibrated-Hybrid-LogTarget-scale_mean,validation
2022-01-28,2022-02-07,1.5787299229773026,1.7095740816044631,Calibrated-Hybrid-LogTarget-scale_mean,validation
2022-02-07,2022-02-08,0.0493284261128678,1.6054679064748187,Calibrated-Hybrid-LogTarget-scale_mean,validation
2022-02-08,2022-02-09,0.0852913112285084,1.5325730545999094,Calibrated-Hybrid-LogTarget-scale_mean,validation
2022-02-09,2022-02-10,0.0087647457494785,1.5478442736954277,Calibrated-Hybrid-LogTarget-scale_mean,validation
2022-02-10,2022-02-11,0.1140481407730615,1.4562930124112428,Calibrated-Hybrid-LogTarget-scale_mean,validation
2022-02-11,2022-02-14,4.003846034921644,1.458799051799709,Calibrated-Hybrid-LogTarget-scale_mean,validation
2022-02-14,2022-02-15,1.9670652734045644,1.7182463763136793,Calibrated-Hybrid-LogTarget-scale_mean,validation
2022-02-15,2022-02-16,0.0018968880308684,1.6290290622795525,Calibrated-Hybrid-LogTarget-scale_mean,validation
2022-02-16,2022-02-17,1.122140769245723,1.6252193321223973,Calibrated-Hybrid-LogTarget-scale_mean,validation
2022-02-17,2022-02-18,0.0437252358911797,1.5221084376759884,Calibrated-Hybrid-LogTarget-scale_mean,validation
2022-02-18,2022-02-21,0.1583409064037323,1.5824293617968417,Calibrated-Hybrid-LogTarget-scale_mean,validation
2022-02-21,2022-02-22,0.2391227349223014,1.5500040794490066,Calibrated-Hybrid-LogTarget-scale_mean,validation
2022-02-22,2022-02-23,0.3429157616051995,1.656576268640976,Calibrated-Hybrid-LogTarget-scale_mean,validation
2022-02-23,2022-02-24,1.3469467288223498,1.5021816913780577,Calibrated-Hybrid-LogTarget-scale_mean,validation
2022-02-24,2022-02-25,0.0728442185423715,1.8211006020919367,Calibrated-Hybrid-LogTarget-scale_mean,validation
2022-02-25,2022-02-28,0.3435682703713377,1.5909597601910193,Calibrated-Hybrid-LogTarget-scale_mean,validation
2022-02-28,2022-03-01,0.3350186274967215,1.5881484928487322,Calibrated-Hybrid-LogTarget-scale_mean,validation
2022-03-01,2022-03-02,0.7897102913909818,1.6076853115179999,Calibrated-Hybrid-LogTarget-scale_mean,validation
2022-03-02,2022-03-03,1.6972927621476632,1.7277523556153833,Calibrated-Hybrid-LogTarget-scale_mean,validation
2022-03-03,2022-03-04,0.0004806839941866,1.6319070528951982,Calibrated-Hybrid-LogTarget-scale_mean,validation
2022-03-04,2022-03-07,0.1747715827843937,1.6635050608081492,Calibrated-Hybrid-LogTarget-scale_mean,validation
2022-03-07,2022-03-08,2.9065282793306784,1.7080878242586064,Calibrated-Hybrid-LogTarget-scale_mean,validation
2022-03-08,2022-03-09,4.143903255486161e-06,1.8232860761967682,Calibrated-Hybrid-LogTarget-scale_mean,validation
2022-03-09,2022-03-10,0.1308186023197331,1.7232036629292231,Calibrated-Hybrid-LogTarget-scale_mean,validation
2022-03-10,2022-03-11,0.7249480262949388,1.5255549746598447,Calibrated-Hybrid-LogTarget-scale_mean,validation
2022-03-11,2022-03-14,1.940974298078772,1.6956720349547314,Calibrated-Hybrid-LogTarget-scale_mean,validation
2022-03-14,2022-03-15,0.2004736979473137,1.7234906612082321,Calibrated-Hybrid-LogTarget-scale_mean,validation
2022-03-15,2022-03-16,0.2048465635146144,1.5344360506480248,Calibrated-Hybrid-LogTarget-scale_mean,validation
2022-03-16,2022-03-17,0.0189446795575115,1.4453142447236647,Calibrated-Hybrid-LogTarget-scale_mean,validation
2022-03-17,2022-03-18,0.2804915592052127,1.5255320604301683,Calibrated-Hybrid-LogTarget-scale_mean,validation
2022-03-18,2022-03-21,3.042510301896478,1.5331956295343163,Calibrated-Hybrid-LogTarget-scale_mean,validation
2022-03-21,2022-03-22,0.3468240297098041,1.419485800382086,Calibrated-Hybrid-LogTarget-scale_mean,validation
2022-03-22,2022-03-23,0.0091785148718354,1.5502389461290633,Calibrated-Hybrid-LogTarget-scale_mean,validation
2022-03-23,2022-03-24,0.0739545064300968,1.539189965770291,Calibrated-Hybrid-LogTarget-scale_mean,validation
2022-03-24,2022-03-25,0.0002565538581837,1.5535358191809652,Calibrated-Hybrid-LogTarget-scale_mean,validation
2022-03-25,2022-03-28,1.0559980128443454,1.552520536724519,Calibrated-Hybrid-LogTarget-scale_mean,validation
2022-03-28,2022-03-29,0.9569197018395468,1.7152882991473346,Calibrated-Hybrid-LogTarget-scale_mean,validation
2022-03-29,2022-03-30,0.2354496444813368,1.4815577216593263,Calibrated-Hybrid-LogTarget-scale_mean,validation
2022-03-30,2022-03-31,0.0120931732563713,1.6568810072065216,Calibrated-Hybrid-LogTarget-scale_mean,validation
2022-03-31,2022-04-01,2.607401303697469,1.4984724623167498,Calibrated-Hybrid-LogTarget-scale_mean,validation
2022-04-01,2022-04-04,0.2950865363946971,1.5551359945851986,Calibrated-Hybrid-LogTarget-scale_mean,validation
2022-04-04,2022-04-05,0.09410156815978,1.5147806955818235,Calibrated-Hybrid-LogTarget-scale_mean,validation
2022-04-05,2022-04-06,0.0355827999144168,1.5022649631048366,Calibrated-Hybrid-LogTarget-scale_mean,validation
2022-04-06,2022-04-07,1.845756746133211,1.6310878624661205,Calibrated-Hybrid-LogTarget-scale_mean,validation
2022-04-07,2022-04-08,1.8599564295348143,1.6782535697177725,Calibrated-Hybrid-LogTarget-scale_mean,validation
2022-04-08,2022-04-12,3.317796568560508,1.6660085636474524,Calibrated-Hybrid-LogTarget-scale_mean,validation
2022-04-12,2022-04-13,2.2412176347286983,1.7529856433111186,Calibrated-Hybrid-LogTarget-scale_mean,validation
2022-04-13,2022-04-14,0.1186709675031117,1.6551090552339889,Calibrated-Hybrid-LogTarget-scale_mean,validation
2022-04-14,2022-04-15,0.8563450026802516,1.5799314742694293,Calibrated-Hybrid-LogTarget-scale_mean,validation
2022-04-15,2022-04-18,3.225139156963737,1.6609926475530716,Calibrated-Hybrid-LogTarget-scale_mean,validation
2022-04-18,2022-04-19,3.3937657292333743,1.845881378223248,Calibrated-Hybrid-LogTarget-scale_mean,validation
2022-04-19,2022-04-20,2.4245124341762705,2.110756991722749,Calibrated-Hybrid-LogTarget-scale_mean,validation
2022-04-20,2022-04-21,1.109638997468357,2.1480799713007057,Calibrated-Hybrid-LogTarget-scale_mean,validation
2022-04-21,2022-04-22,0.4305144066915168,2.0209529753845747,Calibrated-Hybrid-LogTarget-scale_mean,validation
2022-04-22,2022-04-25,25.802530842890924,1.875348344398588,Calibrated-Hybrid-LogTarget-scale_mean,validation
2022-04-25,2022-04-26,5.262405488369011,5.857186999311134,Calibrated-Hybrid-LogTarget-scale_mean,validation
2022-04-26,2022-04-27,0.8508547277394044,3.544429767212649,Calibrated-Hybrid-LogTarget-scale_mean,validation
2022-04-27,2022-04-28,0.0422563925888465,2.959425482752706,Calibrated-Hybrid-LogTarget-scale_mean,validation
2022-04-28,2022-04-29,1.3536355027087716,2.524890987244597,Calibrated-Hybrid-LogTarget-scale_mean,validation
2022-04-29,2022-05-04,1.7811317821270536,2.120163510325274,Calibrated-Hybrid-LogTarget-scale_mean,validation
2022-05-04,2022-05-05,0.7846838850035229,2.1119156507961927,Calibrated-Hybrid-LogTarget-scale_mean,validation
2022-05-05,2022-05-06,5.457913784856381,1.863090601772479,Calibrated-Hybrid-LogTarget-scale_mean,validation
2022-05-06,2022-05-09,21.07246376843707,2.564926643313571,Calibrated-Hybrid-LogTarget-scale_mean,validation
2022-05-09,2022-05-10,3.4895974437640893,6.351000274418854,Calibrated-Hybrid-LogTarget-scale_mean,validation
2022-05-10,2022-05-11,0.3772893243323654,3.8823015322773307,Calibrated-Hybrid-LogTarget-scale_mean,validation
2022-05-11,2022-05-12,24.369069377939013,3.272536458284449,Calibrated-Hybrid-LogTarget-scale_mean,validation
2022-05-12,2022-05-13,21.45200829300172,7.701680845469637,Calibrated-Hybrid-LogTarget-scale_mean,validation
2022-05-13,2022-05-16,0.8445825050431754,7.79179701881226,Calibrated-Hybrid-LogTarget-scale_mean,validation
2022-05-16,2022-05-17,22.10791922900586,5.320922064847428,Calibrated-Hybrid-LogTarget-scale_mean,validation
2022-05-17,2022-05-18,1.0072145297005026,6.479246345552904,Calibrated-Hybrid-LogTarget-scale_mean,validation
2022-05-18,2022-05-19,0.0050266870380628,4.295811765073202,Calibrated-Hybrid-LogTarget-scale_mean,validation
2022-05-19,2022-05-20,0.0056143553761866,3.103931255519468,Calibrated-Hybrid-LogTarget-scale_mean,validation
2022-05-20,2022-05-23,3.1715419491716648,2.3632546808924038,Calibrated-Hybrid-LogTarget-scale_mean,validation
2022-05-23,2022-05-24,1.4121508187671683,2.6353491047942623,Calibrated-Hybrid-LogTarget-scale_mean,validation
2022-05-24,2022-05-25,7.852071042943518,2.210204351088289,Calibrated-Hybrid-LogTarget-scale_mean,validation
2022-05-25,2022-05-26,0.0001218078083452,2.1276433393693397,Calibrated-Hybrid-LogTarget-scale_mean,validation
2022-05-26,2022-05-27,1.747305868676365,1.6037952931001878,Calibrated-Hybrid-LogTarget-scale_mean,validation
2022-05-27,2022-05-30,0.4313230278725308,1.4617000159914382,Calibrated-Hybrid-LogTarget-scale_mean,validation
2022-05-30,2022-05-31,0.0091927379819102,1.3516942443563171,Calibrated-Hybrid-LogTarget-scale_mean,validation
2022-05-31,2022-06-01,0.2785076944454149,1.3555641014384234,Calibrated-Hybrid-LogTarget-scale_mean,validation
2022-06-01,2022-06-02,0.7094839787224755,1.3452423963809774,Calibrated-Hybrid-LogTarget-scale_mean,validation
2022-06-02,2022-06-03,0.0024678908753368,1.4109046760605644,Calibrated-Hybrid-LogTarget-scale_mean,validation
2022-06-03,2022-06-06,0.0248021762794326,1.437514213963069,Calibrated-Hybrid-LogTarget-scale_mean,validation
2022-06-06,2022-06-07,0.0107788521263349,1.4362454732219136,Calibrated-Hybrid-LogTarget-scale_mean,validation
2022-06-07,2022-06-08,1.62365203625605,1.4778477982321512,Calibrated-Hybrid-LogTarget-scale_mean,validation
2022-06-08,2022-06-09,7.074018263381634e-05,1.4654127254274916,Calibrated-Hybrid-LogTarget-scale_mean,validation
2022-06-09,2022-06-10,3.350301019629325,1.3749633400776038,Calibrated-Hybrid-LogTarget-scale_mean,validation
2022-06-10,2022-06-13,20.64588542406384,1.7461006100568386,Calibrated-Hybrid-LogTarget-scale_mean,validation
2022-06-13,2022-06-14,0.0708307718816595,5.427732287901537,Calibrated-Hybrid-LogTarget-scale_mean,validation
2022-06-14,2022-06-15,1.796441565238617,3.593215549423618,Calibrated-Hybrid-LogTarget-scale_mean,validation
2022-06-15,2022-06-16,3.432463040017097,3.4351731389328592,Calibrated-Hybrid-LogTarget-scale_mean,validation
2022-06-16,2022-06-17,2.4820888579092317,3.145021553177681,Calibrated-Hybrid-LogTarget-scale_mean,validation
2022-06-17,2022-06-20,9.47527051181594,3.0519679677826956,Calibrated-Hybrid-LogTarget-scale_mean,validation
2022-06-20,2022-06-21,0.4543743324349223,4.779138293625819,Calibrated-Hybrid-LogTarget-scale_mean,validation
2022-06-21,2022-06-22,0.0746935567234301,3.489406512658817,Calibrated-Hybrid-LogTarget-scale_mean,validation
2022-06-22,2022-06-23,2.766255864563167,3.0708809063379356,Calibrated-Hybrid-LogTarget-scale_mean,validation
2022-06-23,2022-06-24,0.0820210424345146,2.954013683717625,Calibrated-Hybrid-LogTarget-scale_mean,validation
2022-06-24,2022-06-27,2.1086071885158946,2.407454921379117,Calibrated-Hybrid-LogTarget-scale_mean,validation
2022-06-27,2022-06-28,1.593519408496492,2.180813847938905,Calibrated-Hybrid-LogTarget-scale_mean,validation
2022-06-28,2022-06-29,6.739655204912147e-07,1.8957914287501918,Calibrated-Hybrid-LogTarget-scale_mean,validation
2022-06-29,2022-06-30,2.8779439800812714,1.6799337425725485,Calibrated-Hybrid-LogTarget-scale_mean,validation
2022-06-30,2022-07-01,0.0117704187689308,1.9243912329633843,Calibrated-Hybrid-LogTarget-scale_mean,validation
2022-07-01,2022-07-04,0.0792348201052211,1.9358664425353607,Calibrated-Hybrid-LogTarget-scale_mean,validation
2022-07-04,2022-07-05,1.4358126528100246,1.8511473197098722,Calibrated-Hybrid-LogTarget-scale_mean,validation
2022-07-05,2022-07-06,7.389865614079536,1.996550434666174,Calibrated-Hybrid-LogTarget-scale_mean,validation
2022-07-06,2022-07-07,2.1222407761584665,3.068789851540531,Calibrated-Hybrid-LogTarget-scale_mean,validation
2022-07-07,2022-07-08,0.1707436242121409,2.887063558534822,Calibrated-Hybrid-LogTarget-scale_mean,validation
2022-07-08,2022-07-11,1.896510687995091,2.4298553980606763,Calibrated-Hybrid-LogTarget-scale_mean,validation
2022-07-11,2022-07-12,2.8101659729648394,2.4708865621855,Calibrated-Hybrid-LogTarget-scale_mean,validation
2022-07-12,2022-07-13,0.0058732050643028,2.3956551690564845,Calibrated-Hybrid-LogTarget-scale_mean,validation
2022-07-13,2022-07-14,0.4904420356514064,2.0813467846378186,Calibrated-Hybrid-LogTarget-scale_mean,validation
2022-07-14,2022-07-15,0.0611617161101388,1.9251525503645488,Calibrated-Hybrid-LogTarget-scale_mean,validation
2022-07-15,2022-07-18,0.0549065100896944,1.8394667602687562,Calibrated-Hybrid-LogTarget-scale_mean,validation
2022-07-18,2022-07-19,0.0244219525267298,1.8178473467574805,Calibrated-Hybrid-LogTarget-scale_mean,validation
2022-07-19,2022-07-20,1.7763769532234184,1.7292052192625598,Calibrated-Hybrid-LogTarget-scale_mean,validation
2022-07-20,2022-07-21,0.1310065184317032,1.731390004923615,Calibrated-Hybrid-LogTarget-scale_mean,validation
2022-07-21,2022-07-22,0.0961257253308801,1.588701220103988,Calibrated-Hybrid-LogTarget-scale_mean,validation
2022-07-22,2022-07-25,0.2759737706228845,1.5417351803271575,Calibrated-Hybrid-LogTarget-scale_mean,validation
2022-07-25,2022-07-26,0.0835304358694094,1.581172385139126,Calibrated-Hybrid-LogTarget-scale_mean,validation
2022-07-26,2022-07-27,0.2525093111697122,1.6128966819106894,Calibrated-Hybrid-LogTarget-scale_mean,validation
2022-07-27,2022-07-28,2.02736513860254,1.5317673901862103,Calibrated-Hybrid-LogTarget-scale_mean,validation
2022-07-28,2022-07-29,0.0219851675662213,1.5543416302939037,Calibrated-Hybrid-LogTarget-scale_mean,validation
2022-07-29,2022-08-01,4.214166749504341,1.4822443849903866,Calibrated-Hybrid-LogTarget-scale_mean,validation
2022-08-01,2022-08-02,0.6898714562213188,1.5855330819788551,Calibrated-Hybrid-LogTarget-scale_mean,validation
2022-08-02,2022-08-03,0.4270040010021521,1.5907215685932994,Calibrated-Hybrid-LogTarget-scale_mean,validation
2022-08-03,2022-08-04,0.1229567831793093,1.5652657425363423,Calibrated-Hybrid-LogTarget-scale_mean,validation
2022-08-04,2022-08-05,0.0126539977340546,1.538283813009927,Calibrated-Hybrid-LogTarget-scale_mean,validation
2022-08-05,2022-08-08,0.1021359274837244,1.576505664923568,Calibrated-Hybrid-LogTarget-scale_mean,validation
2022-08-08,2022-08-09,0.0278750471367201,1.5507936388164234,Calibrated-Hybrid-LogTarget-scale_mean,validation
2022-08-09,2022-08-10,0.0349139608846283,1.5582733018519537,Calibrated-Hybrid-LogTarget-scale_mean,validation
2022-08-10,2022-08-11,0.1247429178058028,1.5270760848664604,Calibrated-Hybrid-LogTarget-scale_mean,validation
2022-08-11,2022-08-12,0.6660254086755314,1.6429246083292746,Calibrated-Hybrid-LogTarget-scale_mean,validation
2022-08-12,2022-08-15,0.8759670360790162,1.4790459089970591,Calibrated-Hybrid-LogTarget-scale_mean,validation
2022-08-15,2022-08-16,0.0014782571055336,1.4574380312589374,Calibrated-Hybrid-LogTarget-scale_mean,validation
2022-08-16,2022-08-17,0.0021413807191485,1.4609798512872978,Calibrated-Hybrid-LogTarget-scale_mean,validation
2022-08-17,2022-08-18,0.0161573789935176,1.456591467685304,Calibrated-Hybrid-LogTarget-scale_mean,validation
2022-08-18,2022-08-19,0.124159183844011,1.450675643581459,Calibrated-Hybrid-LogTarget-scale_mean,validation
2022-08-19,2022-08-22,0.4785997007311449,1.5134349195610572,Calibrated-Hybrid-LogTarget-scale_mean,validation
2022-08-22,2022-08-23,0.6726558406784502,1.5704764568456473,Calibrated-Hybrid-LogTarget-scale_mean,validation
2022-08-23,2022-08-24,0.2484394846076955,1.5028743302443393,Calibrated-Hybrid-LogTarget-scale_mean,validation
2022-08-24,2022-08-25,0.8344386477124279,1.4469021245809994,Calibrated-Hybrid-LogTarget-scale_mean,validation
2022-08-25,2022-08-26,0.2408597797174897,1.3930170070689671,Calibrated-Hybrid-LogTarget-scale_mean,validation
2022-08-26,2022-08-29,0.8499464536320859,1.4660387763157041,Calibrated-Hybrid-LogTarget-scale_mean,validation
2022-08-29,2022-08-30,0.4538418356510164,1.7168016968997648,Calibrated-Hybrid-LogTarget-scale_mean,validation
2022-08-30,2022-08-31,0.0076568491567018,1.5006878828493766,Calibrated-Hybrid-LogTarget-scale_mean,validation
2022-08-31,2022-09-05,0.061049351862573,1.4721876500756073,Calibrated-Hybrid-LogTarget-scale_mean,validation
2022-09-05,2022-09-06,1.532156699315195e-05,1.4297174183388013,Calibrated-Hybrid-LogTarget-scale_mean,validation
2022-09-06,2022-09-07,7.377847328826583,1.410745238152413,Calibrated-Hybrid-LogTarget-scale_mean,validation
2022-09-07,2022-09-08,0.478523332029774,2.223429992668734,Calibrated-Hybrid-LogTarget-scale_mean,validation
2022-09-08,2022-09-09,1.3041739898741895,2.0517853161448723,Calibrated-Hybrid-LogTarget-scale_mean,validation
2022-09-09,2022-09-12,0.004521626169754,1.9421592196600614,Calibrated-Hybrid-LogTarget-scale_mean,validation
2022-09-12,2022-09-13,0.0095408682654198,1.7667502764673861,Calibrated-Hybrid-LogTarget-scale_mean,validation
2022-09-13,2022-09-14,0.3758397161006742,1.6770612153614486,Calibrated-Hybrid-LogTarget-scale_mean,validation
2022-09-14,2022-09-15,0.1547128388602677,1.667682640382902,Calibrated-Hybrid-LogTarget-scale_mean,validation
2022-09-15,2022-09-16,0.6392848421140832,1.5524901847413917,Calibrated-Hybrid-LogTarget-scale_mean,validation
2022-09-16,2022-09-19,6.167092365627429,1.6153209403579927,Calibrated-Hybrid-LogTarget-scale_mean,validation
2022-09-19,2022-09-20,1.2403443891166936,2.344141633241063,Calibrated-Hybrid-LogTarget-scale_mean,validation
2022-09-20,2022-09-21,0.4759099851621189,2.1079996349330807,Calibrated-Hybrid-LogTarget-scale_mean,validation
2022-09-21,2022-09-22,0.1171234903128616,2.1031234115436197,Calibrated-Hybrid-LogTarget-scale_mean,validation
2022-09-22,2022-09-23,0.8922637492009945,1.9509305526802947,Calibrated-Hybrid-LogTarget-scale_mean,validation
2022-09-23,2022-09-26,5.922583365191483,1.938832764740215,Calibrated-Hybrid-LogTarget-scale_mean,validation
2022-09-26,2022-09-27,0.4452493243663706,2.8013147095223365,Calibrated-Hybrid-LogTarget-scale_mean,validation
2022-09-27,2022-09-28,3.9376181571955216,2.5247925652800314,Calibrated-Hybrid-LogTarget-scale_mean,validation
2022-09-28,2022-09-29,2.391654578614972,3.101205979072458,Calibrated-Hybrid-LogTarget-scale_mean,validation
2022-09-29,2022-09-30,0.2861665228807753,3.181673797080568,Calibrated-Hybrid-LogTarget-scale_mean,validation
2022-09-30,2022-10-03,16.955331578512116,2.807149079490803,Calibrated-Hybrid-LogTarget-scale_mean,validation
2022-10-03,2022-10-04,0.5881297526576773,5.723610621173566,Calibrated-Hybrid-LogTarget-scale_mean,validation
2022-10-04,2022-10-05,5.7303230555022,4.076276874570531,Calibrated-Hybrid-LogTarget-scale_mean,validation
2022-10-05,2022-10-06,7.453651936358921,3.9331375500528543,Calibrated-Hybrid-LogTarget-scale_mean,validation
2022-10-06,2022-10-07,13.391049366085785,5.060605803908483,Calibrated-Hybrid-LogTarget-scale_mean,validation
2022-10-07,2022-10-10,0.3997049579355222,6.131089753689851,Calibrated-Hybrid-LogTarget-scale_mean,validation
2022-10-10,2022-10-11,12.54691927074426,4.00738878833037,Calibrated-Hybrid-LogTarget-scale_mean,validation
2022-10-11,2022-10-12,7.860720182392412,6.106156091455582,Calibrated-Hybrid-LogTarget-scale_mean,validation
2022-10-12,2022-10-13,2.4070722291092697,4.667099779178225,Calibrated-Hybrid-LogTarget-scale_mean,validation
2022-10-13,2022-10-14,1.0568030806874944,4.043144997190242,Calibrated-Hybrid-LogTarget-scale_mean,validation
2022-10-14,2022-10-17,0.9445652838308308,2.947872665160364,Calibrated-Hybrid-LogTarget-scale_mean,validation
2022-10-17,2022-10-18,1.304619909377935,2.6507422374298253,Calibrated-Hybrid-LogTarget-scale_mean,validation
2022-10-18,2022-10-19,0.1143012847418557,2.2534950268108354,Calibrated-Hybrid-LogTarget-scale_mean,validation
2022-10-19,2022-10-20,0.0233897216248987,2.050134496256404,Calibrated-Hybrid-LogTarget-scale_mean,validation
2022-10-20,2022-10-21,13.823102148731785,1.8820588185639444,Calibrated-Hybrid-LogTarget-scale_mean,validation
2022-10-21,2022-10-24,11.27142788246664,4.260789355781043,Calibrated-Hybrid-LogTarget-scale_mean,validation
2022-10-24,2022-10-25,0.2552819963060921,5.521942817957912,Calibrated-Hybrid-LogTarget-scale_mean,validation
2022-10-25,2022-10-26,0.2322552175172126,3.5078722583124238,Calibrated-Hybrid-LogTarget-scale_mean,validation
2022-10-26,2022-10-27,17.476545289293156,3.1384445436294364,Calibrated-Hybrid-LogTarget-scale_mean,validation
2022-10-27,2022-10-28,0.0040004302898497,3.6013392804960755,Calibrated-Hybrid-LogTarget-scale_mean,validation
2022-10-28,2022-10-31,0.003185411598369,2.422787532832769,Calibrated-Hybrid-LogTarget-scale_mean,validation
2022-10-31,2022-11-01,0.3176638729946111,1.972981313360106,Calibrated-Hybrid-LogTarget-scale_mean,validation
2022-11-01,2022-11-02,1.0542708806933592,1.7893314483757592,Calibrated-Hybrid-LogTarget-scale_mean,validation
2022-11-02,2022-11-03,0.1094857130367321,2.029149143526351,Calibrated-Hybrid-LogTarget-scale_mean,validation
2022-11-03,2022-11-04,5.049190747098641,1.9361200789733752,Calibrated-Hybrid-LogTarget-scale_mean,validation
2022-11-04,2022-11-07,4.95903292212355,2.5900054500149943,Calibrated-Hybrid-LogTarget-scale_mean,validation
2022-11-07,2022-11-08,0.4359307936718208,3.188516240580636,Calibrated-Hybrid-LogTarget-scale_mean,validation
2022-11-08,2022-11-09,0.1604496978685764,2.6678977972125333,Calibrated-Hybrid-LogTarget-scale_mean,validation
2022-11-09,2022-11-10,15.751336654060546,2.392988011845215,Calibrated-Hybrid-LogTarget-scale_mean,validation
2022-11-10,2022-11-11,0.5877644540297541,4.980308169043966,Calibrated-Hybrid-LogTarget-scale_mean,validation
2022-11-11,2022-11-14,2.025904181968848,3.069145091345116,Calibrated-Hybrid-LogTarget-scale_mean,validation
2022-11-14,2022-11-15,9.894366349346946,3.0118975666265633,Calibrated-Hybrid-LogTarget-scale_mean,validation
2022-11-15,2022-11-16,11.17558049000805,4.580526196274692,Calibrated-Hybrid-LogTarget-scale_mean,validation
2022-11-16,2022-11-17,7.602516501605635,2.6838926250830775,Calibrated-Hybrid-LogTarget-scale_mean,validation
2022-11-17,2022-11-18,5.215358122437767e-05,2.704682609387974,Calibrated-Hybrid-LogTarget-scale_mean,validation
2022-11-18,2022-11-21,0.8090953049399706,2.081525683874137,Calibrated-Hybrid-LogTarget-scale_mean,validation
2022-11-21,2022-11-22,0.7954965643291928,2.1125757426967824,Calibrated-Hybrid-LogTarget-scale_mean,validation
2022-11-22,2022-11-23,0.4158325821141256,2.1723354846960534,Calibrated-Hybrid-LogTarget-scale_mean,validation
2022-11-23,2022-11-24,0.0326156098281846,2.1920301531068804,Calibrated-Hybrid-LogTarget-scale_mean,validation
2022-11-24,2022-11-25,6.126390414606435,2.0892618059213994,Calibrated-Hybrid-LogTarget-scale_mean,validation
2022-11-25,2022-11-28,11.99171626886051,1.9170292817165155,Calibrated-Hybrid-LogTarget-scale_mean,validation
2022-11-28,2022-11-29,6.749510839154126,1.868053755495188,Calibrated-Hybrid-LogTarget-scale_mean,validation
2022-11-29,2022-11-30,2.4431488019656613,1.547810691888743,Calibrated-Hybrid-LogTarget-scale_mean,validation
2022-11-30,2022-12-01,1.3565007887137526,1.3430241287672267,Calibrated-Hybrid-LogTarget-scale_mean,validation
2022-12-01,2022-12-02,17.084105039989844,1.5589832550129783,Calibrated-Hybrid-LogTarget-scale_mean,validation
2022-12-02,2022-12-05,1.5797254157342264,1.8278572892459672,Calibrated-Hybrid-LogTarget-scale_mean,validation
2022-12-05,2022-12-06,17.637687522394646,1.5099030834807285,Calibrated-Hybrid-LogTarget-scale_mean,validation
2022-12-06,2022-12-07,0.5388682275570345,3.086957403654186,Calibrated-Hybrid-LogTarget-scale_mean,validation
2022-12-07,2022-12-08,0.8269714352452323,2.478662886312422,Calibrated-Hybrid-LogTarget-scale_mean,validation
2022-12-08,2022-12-09,0.0148277116225318,2.1144657553507056,Calibrated-Hybrid-LogTarget-scale_mean,validation
2022-12-09,2022-12-12,3.589507425464579,2.0263588877931156,Calibrated-Hybrid-LogTarget-scale_mean,validation
2022-12-12,2022-12-13,2.1880754664799307,2.2557355024384127,Calibrated-Hybrid-LogTarget-scale_mean,validation
2022-12-13,2022-12-14,0.0807108309118899,1.8645970329681407,Calibrated-Hybrid-LogTarget-scale_mean,validation
2022-12-14,2022-12-15,0.2157077020057238,1.781750059776229,Calibrated-Hybrid-LogTarget-scale_mean,validation
2022-12-15,2022-12-16,0.072617015649584,1.7013316725820695,Calibrated-Hybrid-LogTarget-scale_mean,validation
2022-12-16,2022-12-19,1.813928705292506,1.70401580725921,Calibrated-Hybrid-LogTarget-scale_mean,validation
2022-12-19,2022-12-20,2.1946973166474533,1.932347813269828,Calibrated-Hybrid-LogTarget-scale_mean,validation
2022-12-20,2022-12-21,0.1732700004356016,2.157663235642633,Calibrated-Hybrid-LogTarget-scale_mean,validation
2022-12-21,2022-12-22,0.1335316168500294,2.1182315375382905,Calibrated-Hybrid-LogTarget-scale_mean,validation
2022-12-22,2022-12-23,0.0493851739530653,2.004597452348618,Calibrated-Hybrid-LogTarget-scale_mean,validation
2022-12-23,2022-12-26,12.275470581243656,1.9383030942874853,Calibrated-Hybrid-LogTarget-scale_mean,validation
2022-12-26,2022-12-27,3.78693616836278,3.7064452573160436,Calibrated-Hybrid-LogTarget-scale_mean,validation
2022-12-27,2022-12-28,1.2053971949970186,3.0303365848651937,Calibrated-Hybrid-LogTarget-scale_mean,validation
2022-12-28,2022-12-29,0.3958340163318585,2.6333978061913665,Calibrated-Hybrid-LogTarget-scale_mean,validation
2022-12-29,2022-12-30,0.047616879962563,2.429653946948251,Calibrated-Hybrid-LogTarget-scale_mean,validation
