date,target_date,actual_var,pred_var,model,split
2023-01-03,2023-01-04,0.0549535930877402,3.5358153204014027,Calibrated-Hybrid-LogTarget-isotonic,test
2023-01-04,2023-01-05,0.8117646910153878,2.350296279778882,Calibrated-Hybrid-LogTarget-isotonic,test
2023-01-05,2023-01-06,0.172811729353928,1.442059225800752,Calibrated-Hybrid-LogTarget-isotonic,test
2023-01-06,2023-01-09,0.0692225607636781,1.442059225800752,Calibrated-Hybrid-LogTarget-isotonic,test
2023-01-09,2023-01-10,0.0066603499297191,1.442059225800752,Calibrated-Hybrid-LogTarget-isotonic,test
2023-01-10,2023-01-11,0.0522271097766636,1.442059225800752,Calibrated-Hybrid-LogTarget-isotonic,test
2023-01-11,2023-01-12,0.0035587018238326,1.1825548146876868,Calibrated-Hybrid-LogTarget-isotonic,test
2023-01-12,2023-01-13,0.1275802197397324,1.1825548146876868,Calibrated-Hybrid-LogTarget-isotonic,test
2023-01-13,2023-01-16,0.374758039143315,1.1825548146876868,Calibrated-Hybrid-LogTarget-isotonic,test
2023-01-16,2023-01-17,4.022686466488597,1.1825548146876868,Calibrated-Hybrid-LogTarget-isotonic,test
2023-01-17,2023-01-18,0.8349687871773404,1.1825548146876868,Calibrated-Hybrid-LogTarget-isotonic,test
2023-01-18,2023-01-19,0.7891600724610666,1.1825548146876868,Calibrated-Hybrid-LogTarget-isotonic,test
2023-01-19,2023-01-27,0.6572756271765033,1.1825548146876868,Calibrated-Hybrid-LogTarget-isotonic,test
2023-01-27,2023-01-30,1.7140630852404162,1.1825548146876868,Calibrated-Hybrid-LogTarget-isotonic,test
2023-01-30,2023-01-31,0.6050810133388357,1.442059225800752,Calibrated-Hybrid-LogTarget-isotonic,test
2023-01-31,2023-02-01,10.368357126316685,1.1825548146876868,Calibrated-Hybrid-LogTarget-isotonic,test
2023-02-01,2023-02-02,0.0226347776228954,3.5358153204014027,Calibrated-Hybrid-LogTarget-isotonic,test
2023-02-02,2023-02-03,0.0016679215067438,3.5358153204014027,Calibrated-Hybrid-LogTarget-isotonic,test
2023-02-03,2023-02-06,1.256067923688864,2.350296279778882,Calibrated-Hybrid-LogTarget-isotonic,test
2023-02-06,2023-02-07,4.736232587067869,2.350296279778882,Calibrated-Hybrid-LogTarget-isotonic,test
2023-02-07,2023-02-08,0.3561755878073738,3.5358153204014027,Calibrated-Hybrid-LogTarget-isotonic,test
2023-02-08,2023-02-09,0.5879330834697908,3.5358153204014027,Calibrated-Hybrid-LogTarget-isotonic,test
2023-02-09,2023-02-10,0.6787287097613596,3.088354360553744,Calibrated-Hybrid-LogTarget-isotonic,test
2023-02-10,2023-02-13,1.2216869517708149,3.5358153204014027,Calibrated-Hybrid-LogTarget-isotonic,test
2023-02-13,2023-02-14,0.2361888824871934,3.5358153204014027,Calibrated-Hybrid-LogTarget-isotonic,test
2023-02-14,2023-02-15,0.8394668425834446,2.350296279778882,Calibrated-Hybrid-LogTarget-isotonic,test
2023-02-15,2023-02-16,0.9177621933014196,2.350296279778882,Calibrated-Hybrid-LogTarget-isotonic,test
2023-02-16,2023-02-17,0.0092805250097098,1.442059225800752,Calibrated-Hybrid-LogTarget-isotonic,test
2023-02-17,2023-02-20,6.512002780573765,1.1825548146876868,Calibrated-Hybrid-LogTarget-isotonic,test
2023-02-20,2023-02-21,0.1691390418565458,1.442059225800752,Calibrated-Hybrid-LogTarget-isotonic,test
2023-02-21,2023-02-22,6.846416409130559,1.442059225800752,Calibrated-Hybrid-LogTarget-isotonic,test
2023-02-22,2023-02-23,0.0034604047962046,3.5358153204014027,Calibrated-Hybrid-LogTarget-isotonic,test
2023-02-23,2023-02-24,1.8150207850841689,3.5358153204014027,Calibrated-Hybrid-LogTarget-isotonic,test
2023-02-24,2023-02-27,3.1577928002505518,3.5358153204014027,Calibrated-Hybrid-LogTarget-isotonic,test
2023-02-27,2023-02-28,0.1124261928232939,3.5358153204014027,Calibrated-Hybrid-LogTarget-isotonic,test
2023-02-28,2023-03-01,2.362077222441523,3.5358153204014027,Calibrated-Hybrid-LogTarget-isotonic,test
2023-03-01,2023-03-02,0.0800566234507277,3.5358153204014027,Calibrated-Hybrid-LogTarget-isotonic,test
2023-03-02,2023-03-03,1.5504718457013609,2.350296279778882,Calibrated-Hybrid-LogTarget-isotonic,test
2023-03-03,2023-03-06,0.0551773612932756,2.350296279778882,Calibrated-Hybrid-LogTarget-isotonic,test
2023-03-06,2023-03-07,1.0659420423683896,2.350296279778882,Calibrated-Hybrid-LogTarget-isotonic,test
2023-03-07,2023-03-08,1.180976964777076,2.350296279778882,Calibrated-Hybrid-LogTarget-isotonic,test
2023-03-08,2023-03-09,0.4136971055728827,1.442059225800752,Calibrated-Hybrid-LogTarget-isotonic,test
2023-03-09,2023-03-10,0.078265798957639,1.1825548146876868,Calibrated-Hybrid-LogTarget-isotonic,test
2023-03-10,2023-03-13,0.0003608159625681,1.1825548146876868,Calibrated-Hybrid-LogTarget-isotonic,test
2023-03-13,2023-03-14,1.4659340258862177,1.1825548146876868,Calibrated-Hybrid-LogTarget-isotonic,test
2023-03-14,2023-03-15,4.404587524685249,1.442059225800752,Calibrated-Hybrid-LogTarget-isotonic,test
2023-03-15,2023-03-16,1.966140070411206,1.442059225800752,Calibrated-Hybrid-LogTarget-isotonic,test
2023-03-16,2023-03-17,0.0466583815583474,2.350296279778882,Calibrated-Hybrid-LogTarget-isotonic,test
2023-03-17,2023-03-20,4.542701346022625,2.350296279778882,Calibrated-Hybrid-LogTarget-isotonic,test
2023-03-20,2023-03-21,0.8241032078763476,3.5358153204014027,Calibrated-Hybrid-LogTarget-isotonic,test
2023-03-21,2023-03-22,0.6122377400151076,3.5358153204014027,Calibrated-Hybrid-LogTarget-isotonic,test
2023-03-22,2023-03-23,0.1912107767600162,2.350296279778882,Calibrated-Hybrid-LogTarget-isotonic,test
2023-03-23,2023-03-24,0.0261069358389794,2.350296279778882,Calibrated-Hybrid-LogTarget-isotonic,test
2023-03-24,2023-03-27,0.2706486133246383,1.442059225800752,Calibrated-Hybrid-LogTarget-isotonic,test
2023-03-27,2023-03-28,0.0375129464792075,1.1825548146876868,Calibrated-Hybrid-LogTarget-isotonic,test
2023-03-28,2023-03-29,0.0373680554186715,1.1825548146876868,Calibrated-Hybrid-LogTarget-isotonic,test
2023-03-29,2023-03-30,0.0864260143113033,1.1825548146876868,Calibrated-Hybrid-LogTarget-isotonic,test
2023-03-30,2023-03-31,0.2397323675517269,1.1825548146876868,Calibrated-Hybrid-LogTarget-isotonic,test
2023-03-31,2023-04-03,1.8652562093058924,1.1825548146876868,Calibrated-Hybrid-LogTarget-isotonic,test
2023-04-03,2023-04-04,0.0059186412860023,1.1825548146876868,Calibrated-Hybrid-LogTarget-isotonic,test
2023-04-04,2023-04-05,0.0498269661847383,1.1825548146876868,Calibrated-Hybrid-LogTarget-isotonic,test
2023-04-05,2023-04-06,0.8553042836437406,1.1825548146876868,Calibrated-Hybrid-LogTarget-isotonic,test
2023-04-06,2023-04-07,0.0125702355791553,2.350296279778882,Calibrated-Hybrid-LogTarget-isotonic,test
2023-04-07,2023-04-10,0.1668068990512428,1.442059225800752,Calibrated-Hybrid-LogTarget-isotonic,test
2023-04-10,2023-04-11,0.1482607699784405,2.350296279778882,Calibrated-Hybrid-LogTarget-isotonic,test
2023-04-11,2023-04-12,8.743291732272662e-07,1.442059225800752,Calibrated-Hybrid-LogTarget-isotonic,test
2023-04-12,2023-04-13,0.2330177840007939,1.442059225800752,Calibrated-Hybrid-LogTarget-isotonic,test
2023-04-13,2023-04-14,1.1617696349612645,1.442059225800752,Calibrated-Hybrid-LogTarget-isotonic,test
2023-04-14,2023-04-17,0.0076283447272982,2.350296279778882,Calibrated-Hybrid-LogTarget-isotonic,test
2023-04-17,2023-04-18,0.0131688449679895,1.442059225800752,Calibrated-Hybrid-LogTarget-isotonic,test
2023-04-18,2023-04-19,0.3296437026732272,1.1825548146876868,Calibrated-Hybrid-LogTarget-isotonic,test
2023-04-19,2023-04-20,0.0006623405434785,1.1825548146876868,Calibrated-Hybrid-LogTarget-isotonic,test
2023-04-20,2023-04-21,0.3673257523211698,1.1825548146876868,Calibrated-Hybrid-LogTarget-isotonic,test
2023-04-21,2023-04-24,0.0221215519921837,1.1825548146876868,Calibrated-Hybrid-LogTarget-isotonic,test
2023-04-24,2023-04-25,0.3932622485353985,1.1825548146876868,Calibrated-Hybrid-LogTarget-isotonic,test
2023-04-25,2023-04-26,0.328691182889417,1.1825548146876868,Calibrated-Hybrid-LogTarget-isotonic,test
2023-04-26,2023-04-27,0.0126510214171176,1.1825548146876868,Calibrated-Hybrid-LogTarget-isotonic,test
2023-04-27,2023-04-28,0.8257060505705139,1.1825548146876868,Calibrated-Hybrid-LogTarget-isotonic,test
2023-04-28,2023-05-04,0.663351259487948,1.1825548146876868,Calibrated-Hybrid-LogTarget-isotonic,test
2023-05-04,2023-05-05,0.0008313650023289,1.1825548146876868,Calibrated-Hybrid-LogTarget-isotonic,test
2023-05-05,2023-05-08,1.5730813455266768,1.1825548146876868,Calibrated-Hybrid-LogTarget-isotonic,test
2023-05-08,2023-05-09,0.0009810073041391,1.1825548146876868,Calibrated-Hybrid-LogTarget-isotonic,test
2023-05-09,2023-05-10,0.1807814295588449,1.1825548146876868,Calibrated-Hybrid-LogTarget-isotonic,test
2023-05-10,2023-05-11,0.0116169732719969,1.1825548146876868,Calibrated-Hybrid-LogTarget-isotonic,test
2023-05-11,2023-05-12,0.8480601097426534,1.1825548146876868,Calibrated-Hybrid-LogTarget-isotonic,test
2023-05-12,2023-05-15,0.0124546383596074,1.1825548146876868,Calibrated-Hybrid-LogTarget-isotonic,test
2023-05-15,2023-05-16,0.0003521278803455,1.1825548146876868,Calibrated-Hybrid-LogTarget-isotonic,test
2023-05-16,2023-05-17,0.2647079940558091,1.1825548146876868,Calibrated-Hybrid-LogTarget-isotonic,test
2023-05-17,2023-05-18,0.5467189046851431,1.1825548146876868,Calibrated-Hybrid-LogTarget-isotonic,test
2023-05-18,2023-05-19,0.0134881726921275,1.1825548146876868,Calibrated-Hybrid-LogTarget-isotonic,test
2023-05-19,2023-05-22,0.1115577260954784,1.1825548146876868,Calibrated-Hybrid-LogTarget-isotonic,test
2023-05-22,2023-05-23,0.2010623455676166,1.1825548146876868,Calibrated-Hybrid-LogTarget-isotonic,test
2023-05-23,2023-05-24,0.1456521231551851,1.1825548146876868,Calibrated-Hybrid-LogTarget-isotonic,test
2023-05-24,2023-05-25,0.0713508401309495,1.1825548146876868,Calibrated-Hybrid-LogTarget-isotonic,test
2023-05-25,2023-05-26,0.006683379548905,1.1825548146876868,Calibrated-Hybrid-LogTarget-isotonic,test
2023-05-26,2023-05-29,1.1008741895280585,1.1825548146876868,Calibrated-Hybrid-LogTarget-isotonic,test
2023-05-29,2023-05-30,0.0813274524532,1.1825548146876868,Calibrated-Hybrid-LogTarget-isotonic,test
2023-05-30,2023-05-31,0.0715597269351419,1.1825548146876868,Calibrated-Hybrid-LogTarget-isotonic,test
2023-05-31,2023-06-01,0.0894248931377806,1.1825548146876868,Calibrated-Hybrid-LogTarget-isotonic,test
2023-06-01,2023-06-02,1.3176407801372392,1.1825548146876868,Calibrated-Hybrid-LogTarget-isotonic,test
2023-06-02,2023-06-05,0.4068339428608296,1.1825548146876868,Calibrated-Hybrid-LogTarget-isotonic,test
2023-06-05,2023-06-06,0.9043890866960916,1.1825548146876868,Calibrated-Hybrid-LogTarget-isotonic,test
2023-06-06,2023-06-07,0.0123028566285396,1.1825548146876868,Calibrated-Hybrid-LogTarget-isotonic,test
2023-06-07,2023-06-08,0.5529490855904797,1.1825548146876868,Calibrated-Hybrid-LogTarget-isotonic,test
2023-06-08,2023-06-09,0.3161644467066298,2.350296279778882,Calibrated-Hybrid-LogTarget-isotonic,test
2023-06-09,2023-06-12,0.5831574033164091,1.442059225800752,Calibrated-Hybrid-LogTarget-isotonic,test
2023-06-12,2023-06-13,0.3310759893352936,1.1825548146876868,Calibrated-Hybrid-LogTarget-isotonic,test
2023-06-13,2023-06-14,0.2025223817587841,1.442059225800752,Calibrated-Hybrid-LogTarget-isotonic,test
2023-06-14,2023-06-15,0.0016224341258812,1.442059225800752,Calibrated-Hybrid-LogTarget-isotonic,test
2023-06-15,2023-06-16,0.024585211583996,1.442059225800752,Calibrated-Hybrid-LogTarget-isotonic,test
2023-06-16,2023-06-19,0.7822402072538185,2.350296279778882,Calibrated-Hybrid-LogTarget-isotonic,test
2023-06-19,2023-06-20,0.3250259985876756,2.350296279778882,Calibrated-Hybrid-LogTarget-isotonic,test
2023-06-20,2023-06-21,0.3653445181035127,1.442059225800752,Calibrated-Hybrid-LogTarget-isotonic,test
2023-06-21,2023-06-22,0.3717252672960691,1.442059225800752,Calibrated-Hybrid-LogTarget-isotonic,test
2023-06-22,2023-06-23,0.1309819466607628,1.442059225800752,Calibrated-Hybrid-LogTarget-isotonic,test
2023-06-23,2023-06-26,0.0549279663710728,1.442059225800752,Calibrated-Hybrid-LogTarget-isotonic,test
2023-06-26,2023-06-27,0.0411962958640958,1.442059225800752,Calibrated-Hybrid-LogTarget-isotonic,test
2023-06-27,2023-06-28,0.1251516048900254,1.1825548146876868,Calibrated-Hybrid-LogTarget-isotonic,test
2023-06-28,2023-06-29,1.3110715533307906,1.442059225800752,Calibrated-Hybrid-LogTarget-isotonic,test
2023-06-29,2023-06-30,0.2153197174085333,2.350296279778882,Calibrated-Hybrid-LogTarget-isotonic,test
2023-06-30,2023-07-03,0.2244859363593752,1.442059225800752,Calibrated-Hybrid-LogTarget-isotonic,test
2023-07-03,2023-07-04,0.331614557206894,1.442059225800752,Calibrated-Hybrid-LogTarget-isotonic,test
2023-07-04,2023-07-05,0.0534448088033697,1.442059225800752,Calibrated-Hybrid-LogTarget-isotonic,test
2023-07-05,2023-07-06,0.5521828368120864,1.442059225800752,Calibrated-Hybrid-LogTarget-isotonic,test
2023-07-06,2023-07-07,1.0955709924740076,1.442059225800752,Calibrated-Hybrid-LogTarget-isotonic,test
2023-07-07,2023-07-10,0.9169134777331625,1.442059225800752,Calibrated-Hybrid-LogTarget-isotonic,test
2023-07-10,2023-07-11,0.057144157007868,1.442059225800752,Calibrated-Hybrid-LogTarget-isotonic,test
2023-07-11,2023-07-12,0.0444186703613796,1.442059225800752,Calibrated-Hybrid-LogTarget-isotonic,test
2023-07-12,2023-07-13,0.9358770339385756,1.1825548146876868,Calibrated-Hybrid-LogTarget-isotonic,test
2023-07-13,2023-07-14,0.0652166185346891,1.1825548146876868,Calibrated-Hybrid-LogTarget-isotonic,test
2023-07-14,2023-07-17,0.1632239943294482,1.442059225800752,Calibrated-Hybrid-LogTarget-isotonic,test
2023-07-17,2023-07-18,0.0066910598075562,1.442059225800752,Calibrated-Hybrid-LogTarget-isotonic,test
2023-07-18,2023-07-19,0.0089465157105592,1.442059225800752,Calibrated-Hybrid-LogTarget-isotonic,test
2023-07-19,2023-07-20,0.0002100775164203,1.442059225800752,Calibrated-Hybrid-LogTarget-isotonic,test
2023-07-20,2023-07-21,1.2319670859049314,1.442059225800752,Calibrated-Hybrid-LogTarget-isotonic,test
2023-07-21,2023-07-24,0.164526463877313,1.442059225800752,Calibrated-Hybrid-LogTarget-isotonic,test
2023-07-24,2023-07-25,0.1884318549081098,2.350296279778882,Calibrated-Hybrid-LogTarget-isotonic,test
2023-07-25,2023-07-26,0.1699312574616927,1.442059225800752,Calibrated-Hybrid-LogTarget-isotonic,test
2023-07-26,2023-07-27,0.0856869950327944,1.442059225800752,Calibrated-Hybrid-LogTarget-isotonic,test
2023-07-27,2023-07-28,0.7393945741890614,2.350296279778882,Calibrated-Hybrid-LogTarget-isotonic,test
2023-07-28,2023-07-31,1.5705613280253743,2.350296279778882,Calibrated-Hybrid-LogTarget-isotonic,test
2023-07-31,2023-08-01,0.191513989792846,2.350296279778882,Calibrated-Hybrid-LogTarget-isotonic,test
2023-08-01,2023-08-02,0.0554319741987418,2.350296279778882,Calibrated-Hybrid-LogTarget-isotonic,test
2023-08-02,2023-08-03,0.6081005379926719,1.5526743064210766,Calibrated-Hybrid-LogTarget-isotonic,test
2023-08-03,2023-08-04,1.5216082607669985,2.350296279778882,Calibrated-Hybrid-LogTarget-isotonic,test
2023-08-04,2023-08-07,1.5663427455149326,2.350296279778882,Calibrated-Hybrid-LogTarget-isotonic,test
2023-08-07,2023-08-08,0.0042545072808971,2.350296279778882,Calibrated-Hybrid-LogTarget-isotonic,test
2023-08-08,2023-08-09,0.4429341513499315,2.350296279778882,Calibrated-Hybrid-LogTarget-isotonic,test
2023-08-09,2023-08-10,1.18855521360565,2.350296279778882,Calibrated-Hybrid-LogTarget-isotonic,test
2023-08-10,2023-08-11,0.8946457187409982,2.350296279778882,Calibrated-Hybrid-LogTarget-isotonic,test
2023-08-11,2023-08-14,0.1406576061529025,2.350296279778882,Calibrated-Hybrid-LogTarget-isotonic,test
2023-08-14,2023-08-15,0.0509990332423939,2.350296279778882,Calibrated-Hybrid-LogTarget-isotonic,test
2023-08-15,2023-08-16,0.5528693854620391,2.350296279778882,Calibrated-Hybrid-LogTarget-isotonic,test
2023-08-16,2023-08-17,0.6237080926504832,2.350296279778882,Calibrated-Hybrid-LogTarget-isotonic,test
2023-08-17,2023-08-18,21.187467781738864,2.350296279778882,Calibrated-Hybrid-LogTarget-isotonic,test
2023-08-18,2023-08-21,0.0225429724444894,4.073313202240062,Calibrated-Hybrid-LogTarget-isotonic,test
2023-08-21,2023-08-22,0.0038263943505654,3.5358153204014027,Calibrated-Hybrid-LogTarget-isotonic,test
2023-08-22,2023-08-23,0.4543048185096983,3.5358153204014027,Calibrated-Hybrid-LogTarget-isotonic,test
2023-08-23,2023-08-24,2.030960720400387,3.5358153204014027,Calibrated-Hybrid-LogTarget-isotonic,test
2023-08-24,2023-08-25,0.2574822009117362,3.5358153204014027,Calibrated-Hybrid-LogTarget-isotonic,test
2023-08-25,2023-08-28,2.3677711449578327,2.350296279778882,Calibrated-Hybrid-LogTarget-isotonic,test
2023-08-28,2023-08-29,0.0507403600472885,2.350296279778882,Calibrated-Hybrid-LogTarget-isotonic,test
2023-08-29,2023-08-30,0.521587233427783,2.350296279778882,Calibrated-Hybrid-LogTarget-isotonic,test
2023-08-30,2023-08-31,0.798611626583033,2.350296279778882,Calibrated-Hybrid-LogTarget-isotonic,test
2023-08-31,2023-09-05,0.790275250555677,2.350296279778882,Calibrated-Hybrid-LogTarget-isotonic,test
2023-09-05,2023-09-06,0.7194907575034776,2.350296279778882,Calibrated-Hybrid-LogTarget-isotonic,test
2023-09-06,2023-09-07,0.0359716287929884,2.350296279778882,Calibrated-Hybrid-LogTarget-isotonic,test
2023-09-07,2023-09-08,0.0178548556372743,2.350296279778882,Calibrated-Hybrid-LogTarget-isotonic,test
2023-09-08,2023-09-11,2.097389099277001,2.350296279778882,Calibrated-Hybrid-LogTarget-isotonic,test
2023-09-11,2023-09-12,3.1212396050656377,3.5358153204014027,Calibrated-Hybrid-LogTarget-isotonic,test
2023-09-12,2023-09-13,0.3222528903899724,2.350296279778882,Calibrated-Hybrid-LogTarget-isotonic,test
2023-09-13,2023-09-14,1.4026151894519558,2.7978908977673775,Calibrated-Hybrid-LogTarget-isotonic,test
2023-09-14,2023-09-15,0.0839016379792105,3.5358153204014027,Calibrated-Hybrid-LogTarget-isotonic,test
2023-09-15,2023-09-18,1.6257299462595711,2.350296279778882,Calibrated-Hybrid-LogTarget-isotonic,test
2023-09-18,2023-09-19,0.000654584074098,2.350296279778882,Calibrated-Hybrid-LogTarget-isotonic,test
2023-09-19,2023-09-20,1.4369523878233037,2.350296279778882,Calibrated-Hybrid-LogTarget-isotonic,test
2023-09-20,2023-09-21,1.2021573804780938,2.350296279778882,Calibrated-Hybrid-LogTarget-isotonic,test
2023-09-21,2023-09-22,2.67951003310709,2.350296279778882,Calibrated-Hybrid-LogTarget-isotonic,test
2023-09-22,2023-09-25,11.541216926620844,3.5358153204014027,Calibrated-Hybrid-LogTarget-isotonic,test
2023-09-25,2023-09-26,1.7698314100181254,3.5358153204014027,Calibrated-Hybrid-LogTarget-isotonic,test
2023-09-26,2023-09-27,1.922934467977144,3.5358153204014027,Calibrated-Hybrid-LogTarget-isotonic,test
2023-09-27,2023-09-28,0.0151639632836694,3.5358153204014027,Calibrated-Hybrid-LogTarget-isotonic,test
2023-09-28,2023-09-29,0.02224231577349,3.5358153204014027,Calibrated-Hybrid-LogTarget-isotonic,test
2023-09-29,2023-10-02,0.0090750098350391,2.350296279778882,Calibrated-Hybrid-LogTarget-isotonic,test
2023-10-02,2023-10-03,10.683716279206385,2.350296279778882,Calibrated-Hybrid-LogTarget-isotonic,test
2023-10-03,2023-10-04,0.8853176884286172,3.5358153204014027,Calibrated-Hybrid-LogTarget-isotonic,test
2023-10-04,2023-10-05,1.7375339257639013,3.5358153204014027,Calibrated-Hybrid-LogTarget-isotonic,test
2023-10-05,2023-10-06,1.7072998751511268,3.5358153204014027,Calibrated-Hybrid-LogTarget-isotonic,test
2023-10-06,2023-10-09,0.6060662073826656,3.5358153204014027,Calibrated-Hybrid-LogTarget-isotonic,test
2023-10-09,2023-10-10,0.3080349756366544,2.350296279778882,Calibrated-Hybrid-LogTarget-isotonic,test
2023-10-10,2023-10-11,0.3851648462229108,2.350296279778882,Calibrated-Hybrid-LogTarget-isotonic,test
2023-10-11,2023-10-12,0.0048291522978458,1.442059225800752,Calibrated-Hybrid-LogTarget-isotonic,test
2023-10-12,2023-10-13,0.0732020168306359,1.442059225800752,Calibrated-Hybrid-LogTarget-isotonic,test
2023-10-13,2023-10-16,1.3440806213781142,1.1825548146876868,Calibrated-Hybrid-LogTarget-isotonic,test
2023-10-16,2023-10-17,3.052807721519015,1.442059225800752,Calibrated-Hybrid-LogTarget-isotonic,test
2023-10-17,2023-10-18,2.691074109609036,2.350296279778882,Calibrated-Hybrid-LogTarget-isotonic,test
2023-10-18,2023-10-19,2.014426845995019,3.5358153204014027,Calibrated-Hybrid-LogTarget-isotonic,test
2023-10-19,2023-10-20,3.37838828040453,3.5358153204014027,Calibrated-Hybrid-LogTarget-isotonic,test
2023-10-20,2023-10-23,1.7351918672263549,3.5358153204014027,Calibrated-Hybrid-LogTarget-isotonic,test
2023-10-23,2023-10-24,1.2652847100550173,3.5358153204014027,Calibrated-Hybrid-LogTarget-isotonic,test
2023-10-24,2023-10-25,0.1475596920145903,3.5358153204014027,Calibrated-Hybrid-LogTarget-isotonic,test
2023-10-25,2023-10-26,18.362010800338208,2.350296279778882,Calibrated-Hybrid-LogTarget-isotonic,test
2023-10-26,2023-10-27,0.2387716417217482,4.073313202240062,Calibrated-Hybrid-LogTarget-isotonic,test
2023-10-27,2023-10-30,3.0025597858118136,3.5358153204014027,Calibrated-Hybrid-LogTarget-isotonic,test
2023-10-30,2023-10-31,1.8839681619493045,3.5358153204014027,Calibrated-Hybrid-LogTarget-isotonic,test
2023-10-31,2023-11-01,1.230715501580414,3.5358153204014027,Calibrated-Hybrid-LogTarget-isotonic,test
2023-11-01,2023-11-02,11.467731176476716,3.5358153204014027,Calibrated-Hybrid-LogTarget-isotonic,test
2023-11-02,2023-11-03,0.0148189440021049,3.5358153204014027,Calibrated-Hybrid-LogTarget-isotonic,test
2023-11-03,2023-11-06,1.4138672012584073,3.5358153204014027,Calibrated-Hybrid-LogTarget-isotonic,test
2023-11-06,2023-11-07,0.7458390495009208,2.350296279778882,Calibrated-Hybrid-LogTarget-isotonic,test
2023-11-07,2023-11-08,9.129956144189087,2.350296279778882,Calibrated-Hybrid-LogTarget-isotonic,test
2023-11-08,2023-11-09,0.0017061233763225,2.350296279778882,Calibrated-Hybrid-LogTarget-isotonic,test
2023-11-09,2023-11-10,1.2148681903111338,2.350296279778882,Calibrated-Hybrid-LogTarget-isotonic,test
2023-11-10,2023-11-13,0.0213882813414155,2.350296279778882,Calibrated-Hybrid-LogTarget-isotonic,test
2023-11-13,2023-11-14,0.7643879612116624,2.350296279778882,Calibrated-Hybrid-LogTarget-isotonic,test
2023-11-14,2023-11-15,1.309101680363533,2.350296279778882,Calibrated-Hybrid-LogTarget-isotonic,test
2023-11-15,2023-11-16,0.0726677258555493,2.350296279778882,Calibrated-Hybrid-LogTarget-isotonic,test
2023-11-16,2023-11-17,4.779742663796966,1.442059225800752,Calibrated-Hybrid-LogTarget-isotonic,test
2023-11-17,2023-11-20,0.0501991268589152,2.350296279778882,Calibrated-Hybrid-LogTarget-isotonic,test
2023-11-20,2023-11-21,0.3772925570702379,2.350296279778882,Calibrated-Hybrid-LogTarget-isotonic,test
2023-11-21,2023-11-22,0.0912767762573235,2.350296279778882,Calibrated-Hybrid-LogTarget-isotonic,test
2023-11-22,2023-11-23,5.291901747240125,2.350296279778882,Calibrated-Hybrid-LogTarget-isotonic,test
2023-11-23,2023-11-24,0.4250871900618609,3.5358153204014027,Calibrated-Hybrid-LogTarget-isotonic,test
2023-11-24,2023-11-27,0.4781711175817431,3.5358153204014027,Calibrated-Hybrid-LogTarget-isotonic,test
2023-11-27,2023-11-28,0.4557176520002135,2.350296279778882,Calibrated-Hybrid-LogTarget-isotonic,test
2023-11-28,2023-11-29,0.4496265629344425,2.350296279778882,Calibrated-Hybrid-LogTarget-isotonic,test
2023-11-29,2023-11-30,0.6229744807299576,2.350296279778882,Calibrated-Hybrid-LogTarget-isotonic,test
2023-11-30,2023-12-01,0.5347066481770756,2.350296279778882,Calibrated-Hybrid-LogTarget-isotonic,test
2023-12-01,2023-12-04,2.720585966130201,2.350296279778882,Calibrated-Hybrid-LogTarget-isotonic,test
2023-12-04,2023-12-05,0.163386350982878,2.350296279778882,Calibrated-Hybrid-LogTarget-isotonic,test
2023-12-05,2023-12-06,0.8703691532467039,2.350296279778882,Calibrated-Hybrid-LogTarget-isotonic,test
2023-12-06,2023-12-07,0.193176184914791,2.350296279778882,Calibrated-Hybrid-LogTarget-isotonic,test
2023-12-07,2023-12-08,0.0690100099875838,3.5358153204014027,Calibrated-Hybrid-LogTarget-isotonic,test
2023-12-08,2023-12-11,0.0088783019772855,2.350296279778882,Calibrated-Hybrid-LogTarget-isotonic,test
2023-12-11,2023-12-12,0.0357476055077411,2.350296279778882,Calibrated-Hybrid-LogTarget-isotonic,test
2023-12-12,2023-12-13,1.4355458045904153,1.442059225800752,Calibrated-Hybrid-LogTarget-isotonic,test
2023-12-13,2023-12-14,0.1339218193100039,2.350296279778882,Calibrated-Hybrid-LogTarget-isotonic,test
2023-12-14,2023-12-15,0.501011926570286,2.350296279778882,Calibrated-Hybrid-LogTarget-isotonic,test
2023-12-15,2023-12-18,0.9021057574713134,2.350296279778882,Calibrated-Hybrid-LogTarget-isotonic,test
2023-12-18,2023-12-19,0.163207316046184,2.350296279778882,Calibrated-Hybrid-LogTarget-isotonic,test
2023-12-19,2023-12-20,0.1648341022859622,2.350296279778882,Calibrated-Hybrid-LogTarget-isotonic,test
2023-12-20,2023-12-21,0.0229820728280408,1.442059225800752,Calibrated-Hybrid-LogTarget-isotonic,test
2023-12-21,2023-12-22,0.003263855536434,1.1825548146876868,Calibrated-Hybrid-LogTarget-isotonic,test
2023-12-22,2023-12-25,1.728982548756669,1.1825548146876868,Calibrated-Hybrid-LogTarget-isotonic,test
2023-12-25,2023-12-26,0.1679675706187517,1.1825548146876868,Calibrated-Hybrid-LogTarget-isotonic,test
2023-12-26,2023-12-27,0.0005368687109465,1.1825548146876868,Calibrated-Hybrid-LogTarget-isotonic,test
2023-12-27,2023-12-28,0.3802432948523992,1.1825548146876868,Calibrated-Hybrid-LogTarget-isotonic,test
2023-12-28,2023-12-29,0.0078393746118935,1.1825548146876868,Calibrated-Hybrid-LogTarget-isotonic,test
2023-12-29,2024-01-02,0.0250562134986935,1.1825548146876868,Calibrated-Hybrid-LogTarget-isotonic,test
2024-01-02,2024-01-03,1.197029417048885,1.1825548146876868,Calibrated-Hybrid-LogTarget-isotonic,test
2024-01-03,2024-01-04,0.3258526092006003,1.1825548146876868,Calibrated-Hybrid-LogTarget-isotonic,test
2024-01-04,2024-01-05,0.1180208232703248,2.350296279778882,Calibrated-Hybrid-LogTarget-isotonic,test
2024-01-05,2024-01-08,0.2266269824272246,1.1825548146876868,Calibrated-Hybrid-LogTarget-isotonic,test
2024-01-08,2024-01-09,0.0190450011331964,1.1825548146876868,Calibrated-Hybrid-LogTarget-isotonic,test
2024-01-09,2024-01-10,0.0646665738710911,1.1825548146876868,Calibrated-Hybrid-LogTarget-isotonic,test
2024-01-10,2024-01-11,0.0034252738431133,1.442059225800752,Calibrated-Hybrid-LogTarget-isotonic,test
2024-01-11,2024-01-12,0.4213826457560849,1.442059225800752,Calibrated-Hybrid-LogTarget-isotonic,test
2024-01-12,2024-01-15,0.0025242702278622,2.350296279778882,Calibrated-Hybrid-LogTarget-isotonic,test
2024-01-15,2024-01-16,0.6034028324453893,1.442059225800752,Calibrated-Hybrid-LogTarget-isotonic,test
2024-01-16,2024-01-17,0.0025743958188708,1.1825548146876868,Calibrated-Hybrid-LogTarget-isotonic,test
2024-01-17,2024-01-18,0.3137503773939618,1.1825548146876868,Calibrated-Hybrid-LogTarget-isotonic,test
2024-01-18,2024-01-19,1.120382144309341,1.1825548146876868,Calibrated-Hybrid-LogTarget-isotonic,test
2024-01-19,2024-01-22,0.0132345962603059,1.1825548146876868,Calibrated-Hybrid-LogTarget-isotonic,test
2024-01-22,2024-01-23,0.2062692888507807,1.1825548146876868,Calibrated-Hybrid-LogTarget-isotonic,test
2024-01-23,2024-01-24,0.1485757892019817,1.1825548146876868,Calibrated-Hybrid-LogTarget-isotonic,test
2024-01-24,2024-01-25,0.0492420848338565,1.1825548146876868,Calibrated-Hybrid-LogTarget-isotonic,test
2024-01-25,2024-01-26,0.2041467089523473,1.1825548146876868,Calibrated-Hybrid-LogTarget-isotonic,test
2024-01-26,2024-01-29,2.893888078905973e-06,1.1825548146876868,Calibrated-Hybrid-LogTarget-isotonic,test
2024-01-29,2024-01-30,0.1130691080782245,1.1825548146876868,Calibrated-Hybrid-LogTarget-isotonic,test
2024-01-30,2024-01-31,1.7132578057426455,1.1825548146876868,Calibrated-Hybrid-LogTarget-isotonic,test
2024-01-31,2024-02-01,0.5554695483427156,2.350296279778882,Calibrated-Hybrid-LogTarget-isotonic,test
2024-02-01,2024-02-02,0.0016060494837953,1.1825548146876868,Calibrated-Hybrid-LogTarget-isotonic,test
2024-02-02,2024-02-05,1.312405125307974,1.442059225800752,Calibrated-Hybrid-LogTarget-isotonic,test
2024-02-05,2024-02-06,0.041546270496195,1.1825548146876868,Calibrated-Hybrid-LogTarget-isotonic,test
2024-02-06,2024-02-07,0.7090694435364681,1.1825548146876868,Calibrated-Hybrid-LogTarget-isotonic,test
2024-02-07,2024-02-15,0.10935700902328,1.1825548146876868,Calibrated-Hybrid-LogTarget-isotonic,test
2024-02-15,2024-02-16,0.3563698361907522,1.1825548146876868,Calibrated-Hybrid-LogTarget-isotonic,test
2024-02-16,2024-02-19,1.5735090531706803,1.1825548146876868,Calibrated-Hybrid-LogTarget-isotonic,test
2024-02-19,2024-02-20,0.1719424828204338,1.442059225800752,Calibrated-Hybrid-LogTarget-isotonic,test
2024-02-20,2024-02-21,2.643713937948573e-06,1.1825548146876868,Calibrated-Hybrid-LogTarget-isotonic,test
2024-02-21,2024-02-22,0.0493686905262693,1.442059225800752,Calibrated-Hybrid-LogTarget-isotonic,test
2024-02-22,2024-02-23,1.5757517057356472,1.442059225800752,Calibrated-Hybrid-LogTarget-isotonic,test
2024-02-23,2024-02-26,0.9982359162312492,3.5358153204014027,Calibrated-Hybrid-LogTarget-isotonic,test
2024-02-26,2024-02-27,1.16593097532243,2.350296279778882,Calibrated-Hybrid-LogTarget-isotonic,test
2024-02-27,2024-02-28,1.8813005066335944,2.350296279778882,Calibrated-Hybrid-LogTarget-isotonic,test
2024-02-28,2024-02-29,0.0210764395400896,2.350296279778882,Calibrated-Hybrid-LogTarget-isotonic,test
2024-02-29,2024-03-01,0.1954116660389362,2.350296279778882,Calibrated-Hybrid-LogTarget-isotonic,test
2024-03-01,2024-03-04,0.0617241173730905,1.442059225800752,Calibrated-Hybrid-LogTarget-isotonic,test
2024-03-04,2024-03-05,0.458465682898879,2.350296279778882,Calibrated-Hybrid-LogTarget-isotonic,test
2024-03-05,2024-03-06,0.3277686759141466,2.350296279778882,Calibrated-Hybrid-LogTarget-isotonic,test
2024-03-06,2024-03-07,0.2049845962757557,2.350296279778882,Calibrated-Hybrid-LogTarget-isotonic,test
2024-03-07,2024-03-08,2.816444292658484,2.350296279778882,Calibrated-Hybrid-LogTarget-isotonic,test
2024-03-08,2024-03-11,0.912721979122844,3.5358153204014027,Calibrated-Hybrid-LogTarget-isotonic,test
2024-03-11,2024-03-12,0.5879634369893775,2.350296279778882,Calibrated-Hybrid-LogTarget-isotonic,test
2024-03-12,2024-03-13,4.113946023612082,2.350296279778882,Calibrated-Hybrid-LogTarget-isotonic,test
2024-03-13,2024-03-14,0.2431894157728003,2.350296279778882,Calibrated-Hybrid-LogTarget-isotonic,test
2024-03-14,2024-03-15,0.0014420309906953,2.350296279778882,Calibrated-Hybrid-LogTarget-isotonic,test
2024-03-15,2024-03-18,2.60144510071112,2.350296279778882,Calibrated-Hybrid-LogTarget-isotonic,test
2024-03-18,2024-03-19,0.0078313418483015,3.5358153204014027,Calibrated-Hybrid-LogTarget-isotonic,test
2024-03-19,2024-03-20,1.98300631416396,2.350296279778882,Calibrated-Hybrid-LogTarget-isotonic,test
2024-03-20,2024-03-21,1.659993462713211,2.350296279778882,Calibrated-Hybrid-LogTarget-isotonic,test
2024-03-21,2024-03-22,0.1769090471586793,2.350296279778882,Calibrated-Hybrid-LogTarget-isotonic,test
2024-03-22,2024-03-25,1.1957204376691162,2.350296279778882,Calibrated-Hybrid-LogTarget-isotonic,test
2024-03-25,2024-03-26,1.266685379522265,2.350296279778882,Calibrated-Hybrid-LogTarget-isotonic,test
2024-03-26,2024-03-27,0.0047070525559726,2.350296279778882,Calibrated-Hybrid-LogTarget-isotonic,test
2024-03-27,2024-03-28,0.3036574536281876,2.350296279778882,Calibrated-Hybrid-LogTarget-isotonic,test
2024-03-28,2024-03-29,0.22386593116756,2.350296279778882,Calibrated-Hybrid-LogTarget-isotonic,test
2024-03-29,2024-04-01,0.0401370314872093,2.284955586806655,Calibrated-Hybrid-LogTarget-isotonic,test
2024-04-01,2024-04-02,0.1847396233779287,2.350296279778882,Calibrated-Hybrid-LogTarget-isotonic,test
2024-04-02,2024-04-03,1.4814046434548742,2.350296279778882,Calibrated-Hybrid-LogTarget-isotonic,test
2024-04-03,2024-04-04,0.0642984527134782,2.350296279778882,Calibrated-Hybrid-LogTarget-isotonic,test
2024-04-04,2024-04-05,1.084676282740752,2.350296279778882,Calibrated-Hybrid-LogTarget-isotonic,test
2024-04-05,2024-04-08,0.1443776586599194,2.350296279778882,Calibrated-Hybrid-LogTarget-isotonic,test
2024-04-08,2024-04-09,0.9848187145028622,2.350296279778882,Calibrated-Hybrid-LogTarget-isotonic,test
2024-04-09,2024-04-10,0.1141835151805207,1.442059225800752,Calibrated-Hybrid-LogTarget-isotonic,test
2024-04-10,2024-04-11,0.0008184297224042,1.442059225800752,Calibrated-Hybrid-LogTarget-isotonic,test
2024-04-11,2024-04-12,2.1077713488695093,1.442059225800752,Calibrated-Hybrid-LogTarget-isotonic,test
2024-04-12,2024-04-15,23.166885904173803,1.1825548146876868,Calibrated-Hybrid-LogTarget-isotonic,test
2024-04-15,2024-04-16,0.0058478365075764,4.073313202240062,Calibrated-Hybrid-LogTarget-isotonic,test
2024-04-16,2024-04-17,3.543454497340081,3.5358153204014027,Calibrated-Hybrid-LogTarget-isotonic,test
2024-04-17,2024-04-19,2.3528631494425456,3.5358153204014027,Calibrated-Hybrid-LogTarget-isotonic,test
2024-04-19,2024-04-22,1.6893979231324006,3.5358153204014027,Calibrated-Hybrid-LogTarget-isotonic,test
2024-04-22,2024-04-23,1.1727907466469314,3.5358153204014027,Calibrated-Hybrid-LogTarget-isotonic,test
2024-04-23,2024-04-24,5.606024745553127,3.5358153204014027,Calibrated-Hybrid-LogTarget-isotonic,test
2024-04-24,2024-04-25,0.0028195309207452,3.5358153204014027,Calibrated-Hybrid-LogTarget-isotonic,test
2024-04-25,2024-04-26,0.1420473024727117,2.350296279778882,Calibrated-Hybrid-LogTarget-isotonic,test
2024-04-26,2024-05-02,0.318006405977251,2.350296279778882,Calibrated-Hybrid-LogTarget-isotonic,test
2024-05-02,2024-05-03,0.1468401316931458,1.442059225800752,Calibrated-Hybrid-LogTarget-isotonic,test
2024-05-03,2024-05-06,2.785560071487252,1.442059225800752,Calibrated-Hybrid-LogTarget-isotonic,test
2024-05-06,2024-05-07,0.3206037518220124,1.442059225800752,Calibrated-Hybrid-LogTarget-isotonic,test
2024-05-07,2024-05-08,0.0214485793857184,1.1825548146876868,Calibrated-Hybrid-LogTarget-isotonic,test
2024-05-08,2024-05-09,0.0212146392864794,1.1825548146876868,Calibrated-Hybrid-LogTarget-isotonic,test
2024-05-09,2024-05-10,0.0998826714071555,1.1825548146876868,Calibrated-Hybrid-LogTarget-isotonic,test
2024-05-10,2024-05-13,0.1323509240296012,1.1825548146876868,Calibrated-Hybrid-LogTarget-isotonic,test
2024-05-13,2024-05-14,0.0623260338672244,1.1825548146876868,Calibrated-Hybrid-LogTarget-isotonic,test
2024-05-14,2024-05-15,0.7914504364695899,1.1825548146876868,Calibrated-Hybrid-LogTarget-isotonic,test
2024-05-15,2024-05-16,1.3010619376829529,1.1825548146876868,Calibrated-Hybrid-LogTarget-isotonic,test
2024-05-16,2024-05-20,0.4777373395090949,1.1825548146876868,Calibrated-Hybrid-LogTarget-isotonic,test
2024-05-20,2024-05-21,0.0011865300373836,1.442059225800752,Calibrated-Hybrid-LogTarget-isotonic,test
2024-05-21,2024-05-22,0.6467920233357178,1.1825548146876868,Calibrated-Hybrid-LogTarget-isotonic,test
2024-05-22,2024-05-23,1.2284567837418712,2.350296279778882,Calibrated-Hybrid-LogTarget-isotonic,test
2024-05-23,2024-05-24,2.256648937405396,1.442059225800752,Calibrated-Hybrid-LogTarget-isotonic,test
2024-05-24,2024-05-27,0.2066759953224523,3.5358153204014027,Calibrated-Hybrid-LogTarget-isotonic,test
2024-05-27,2024-05-28,1.2149042841979667,1.442059225800752,Calibrated-Hybrid-LogTarget-isotonic,test
2024-05-28,2024-05-29,0.5065517433860525,1.442059225800752,Calibrated-Hybrid-LogTarget-isotonic,test
2024-05-29,2024-05-30,0.2478473182821189,2.350296279778882,Calibrated-Hybrid-LogTarget-isotonic,test
2024-05-30,2024-05-31,0.1324368158912983,2.350296279778882,Calibrated-Hybrid-LogTarget-isotonic,test
2024-05-31,2024-06-03,2.069054535054291,1.442059225800752,Calibrated-Hybrid-LogTarget-isotonic,test
2024-06-03,2024-06-04,0.0754175541972061,2.350296279778882,Calibrated-Hybrid-LogTarget-isotonic,test
2024-06-04,2024-06-05,0.0041789785238715,1.442059225800752,Calibrated-Hybrid-LogTarget-isotonic,test
2024-06-05,2024-06-06,0.003785773302666,1.442059225800752,Calibrated-Hybrid-LogTarget-isotonic,test
2024-06-06,2024-06-07,0.0977825492840672,1.442059225800752,Calibrated-Hybrid-LogTarget-isotonic,test
2024-06-07,2024-06-10,0.0574549317651925,1.1825548146876868,Calibrated-Hybrid-LogTarget-isotonic,test
2024-06-10,2024-06-11,0.236389900130653,1.1825548146876868,Calibrated-Hybrid-LogTarget-isotonic,test
2024-06-11,2024-06-12,1.4910702380739045,1.442059225800752,Calibrated-Hybrid-LogTarget-isotonic,test
2024-06-12,2024-06-13,0.0102965917651104,1.1825548146876868,Calibrated-Hybrid-LogTarget-isotonic,test
2024-06-13,2024-06-14,2.8007247199637466,1.442059225800752,Calibrated-Hybrid-LogTarget-isotonic,test
2024-06-14,2024-06-17,0.1619251788207639,2.350296279778882,Calibrated-Hybrid-LogTarget-isotonic,test
2024-06-17,2024-06-18,0.1371670063872054,2.350296279778882,Calibrated-Hybrid-LogTarget-isotonic,test
2024-06-18,2024-06-19,0.0005135905111872,1.442059225800752,Calibrated-Hybrid-LogTarget-isotonic,test
2024-06-19,2024-06-20,0.0383900740120223,1.442059225800752,Calibrated-Hybrid-LogTarget-isotonic,test
2024-06-20,2024-06-21,0.0004769047173217,1.442059225800752,Calibrated-Hybrid-LogTarget-isotonic,test
2024-06-21,2024-06-24,4.841244218909869,1.1825548146876868,Calibrated-Hybrid-LogTarget-isotonic,test
2024-06-24,2024-06-25,0.0377795857346046,2.350296279778882,Calibrated-Hybrid-LogTarget-isotonic,test
2024-06-25,2024-06-26,0.1382006989182143,1.442059225800752,Calibrated-Hybrid-LogTarget-isotonic,test
2024-06-26,2024-06-27,0.0291086660682599,1.1825548146876868,Calibrated-Hybrid-LogTarget-isotonic,test
2024-06-27,2024-06-28,1.2092769262564496,1.1825548146876868,Calibrated-Hybrid-LogTarget-isotonic,test
2024-06-28,2024-07-01,0.5464740769679215,1.442059225800752,Calibrated-Hybrid-LogTarget-isotonic,test
2024-07-01,2024-07-02,1.4560329328950323,1.1825548146876868,Calibrated-Hybrid-LogTarget-isotonic,test
2024-07-02,2024-07-03,0.3074231060441431,1.1825548146876868,Calibrated-Hybrid-LogTarget-isotonic,test
2024-07-03,2024-07-04,0.0565502378458402,1.1825548146876868,Calibrated-Hybrid-LogTarget-isotonic,test
2024-07-04,2024-07-05,0.0604238017679763,1.1825548146876868,Calibrated-Hybrid-LogTarget-isotonic,test
2024-07-05,2024-07-08,0.001641913639604,1.1825548146876868,Calibrated-Hybrid-LogTarget-isotonic,test
2024-07-08,2024-07-09,0.6204070574126203,1.1825548146876868,Calibrated-Hybrid-LogTarget-isotonic,test
2024-07-09,2024-07-10,0.3628967539784848,1.1825548146876868,Calibrated-Hybrid-LogTarget-isotonic,test
2024-07-10,2024-07-11,0.0277401860440043,1.1825548146876868,Calibrated-Hybrid-LogTarget-isotonic,test
2024-07-11,2024-07-12,0.0565767163705356,1.1825548146876868,Calibrated-Hybrid-LogTarget-isotonic,test
2024-07-12,2024-07-15,0.0052765811391784,1.1825548146876868,Calibrated-Hybrid-LogTarget-isotonic,test
2024-07-15,2024-07-16,0.011280250205691,1.1825548146876868,Calibrated-Hybrid-LogTarget-isotonic,test
2024-07-16,2024-07-17,0.9643834972427656,1.1825548146876868,Calibrated-Hybrid-LogTarget-isotonic,test
2024-07-17,2024-07-18,0.2066285309508605,2.350296279778882,Calibrated-Hybrid-LogTarget-isotonic,test
2024-07-18,2024-07-19,0.5789189613600527,1.1825548146876868,Calibrated-Hybrid-LogTarget-isotonic,test
2024-07-19,2024-07-22,0.6479469442933512,1.1825548146876868,Calibrated-Hybrid-LogTarget-isotonic,test
2024-07-22,2024-07-23,3.3723820037131813,2.350296279778882,Calibrated-Hybrid-LogTarget-isotonic,test
2024-07-23,2024-07-24,0.2907489732326712,2.350296279778882,Calibrated-Hybrid-LogTarget-isotonic,test
2024-07-24,2024-07-25,0.1825373322670373,2.350296279778882,Calibrated-Hybrid-LogTarget-isotonic,test
2024-07-25,2024-07-26,0.5194428542577421,1.442059225800752,Calibrated-Hybrid-LogTarget-isotonic,test
2024-07-26,2024-07-29,0.1301982149615345,1.1825548146876868,Calibrated-Hybrid-LogTarget-isotonic,test
2024-07-29,2024-07-30,0.0152800221232259,1.1825548146876868,Calibrated-Hybrid-LogTarget-isotonic,test
2024-07-30,2024-07-31,0.2669893008576879,1.1825548146876868,Calibrated-Hybrid-LogTarget-isotonic,test
2024-07-31,2024-08-01,3.924859003099425,1.1825548146876868,Calibrated-Hybrid-LogTarget-isotonic,test
2024-08-01,2024-08-02,0.6124804127570632,2.350296279778882,Calibrated-Hybrid-LogTarget-isotonic,test
2024-08-02,2024-08-05,16.028441731399298,1.442059225800752,Calibrated-Hybrid-LogTarget-isotonic,test
2024-08-05,2024-08-06,3.4304951964000674,4.073313202240062,Calibrated-Hybrid-LogTarget-isotonic,test
2024-08-06,2024-08-07,0.2131074887245232,3.5358153204014027,Calibrated-Hybrid-LogTarget-isotonic,test
2024-08-07,2024-08-08,0.389017827650505,3.5358153204014027,Calibrated-Hybrid-LogTarget-isotonic,test
2024-08-08,2024-08-09,1.5873626468232618,3.5358153204014027,Calibrated-Hybrid-LogTarget-isotonic,test
2024-08-09,2024-08-12,0.2928717413764615,2.479346840486968,Calibrated-Hybrid-LogTarget-isotonic,test
2024-08-12,2024-08-13,0.0001294788177011,2.350296279778882,Calibrated-Hybrid-LogTarget-isotonic,test
2024-08-13,2024-08-14,2.3780277347729983e-05,1.442059225800752,Calibrated-Hybrid-LogTarget-isotonic,test
2024-08-14,2024-08-15,0.3071561671079922,1.442059225800752,Calibrated-Hybrid-LogTarget-isotonic,test
2024-08-15,2024-08-16,5.364467227292595,1.442059225800752,Calibrated-Hybrid-LogTarget-isotonic,test
2024-08-16,2024-08-19,0.5581057481573143,2.350296279778882,Calibrated-Hybrid-LogTarget-isotonic,test
2024-08-19,2024-08-20,0.7441049789899746,1.442059225800752,Calibrated-Hybrid-LogTarget-isotonic,test
2024-08-20,2024-08-21,0.8093492360217696,1.442059225800752,Calibrated-Hybrid-LogTarget-isotonic,test
2024-08-21,2024-08-22,0.0097920425309074,1.1825548146876868,Calibrated-Hybrid-LogTarget-isotonic,test
2024-08-22,2024-08-23,0.039129459240867,1.1825548146876868,Calibrated-Hybrid-LogTarget-isotonic,test
2024-08-23,2024-08-26,0.1707352129175375,1.1825548146876868,Calibrated-Hybrid-LogTarget-isotonic,test
2024-08-26,2024-08-27,0.0017789790178368,1.1825548146876868,Calibrated-Hybrid-LogTarget-isotonic,test
2024-08-27,2024-08-28,0.0047191862628622,1.1825548146876868,Calibrated-Hybrid-LogTarget-isotonic,test
2024-08-28,2024-08-29,5.480696959213411e-06,1.1825548146876868,Calibrated-Hybrid-LogTarget-isotonic,test
2024-08-29,2024-08-30,0.0350100605836961,1.1825548146876868,Calibrated-Hybrid-LogTarget-isotonic,test
2024-08-30,2024-09-04,0.3975959773479832,1.1825548146876868,Calibrated-Hybrid-LogTarget-isotonic,test
2024-09-04,2024-09-05,0.3560479520225069,1.1825548146876868,Calibrated-Hybrid-LogTarget-isotonic,test
2024-09-05,2024-09-06,0.2046388013312271,1.1825548146876868,Calibrated-Hybrid-LogTarget-isotonic,test
2024-09-06,2024-09-09,0.2403215208141221,1.1825548146876868,Calibrated-Hybrid-LogTarget-isotonic,test
2024-09-09,2024-09-10,0.9818980427278184,1.1825548146876868,Calibrated-Hybrid-LogTarget-isotonic,test
2024-09-10,2024-09-11,0.0244199123086784,1.1825548146876868,Calibrated-Hybrid-LogTarget-isotonic,test
2024-09-11,2024-09-12,0.0602484567361687,1.1825548146876868,Calibrated-Hybrid-LogTarget-isotonic,test
2024-09-12,2024-09-13,0.1369055643032899,1.1825548146876868,Calibrated-Hybrid-LogTarget-isotonic,test
2024-09-13,2024-09-16,0.9992379796047328,1.1825548146876868,Calibrated-Hybrid-LogTarget-isotonic,test
2024-09-16,2024-09-17,2.484914926701652,1.1825548146876868,Calibrated-Hybrid-LogTarget-isotonic,test
2024-09-17,2024-09-18,0.2223148391601984,1.1825548146876868,Calibrated-Hybrid-LogTarget-isotonic,test
2024-09-18,2024-09-19,0.2523387575730195,1.1825548146876868,Calibrated-Hybrid-LogTarget-isotonic,test
2024-09-19,2024-09-20,0.003666425548263,1.1825548146876868,Calibrated-Hybrid-LogTarget-isotonic,test
2024-09-20,2024-09-23,0.0785444168047104,1.1825548146876868,Calibrated-Hybrid-LogTarget-isotonic,test
2024-09-23,2024-09-24,0.447081172927798,1.1825548146876868,Calibrated-Hybrid-LogTarget-isotonic,test
2024-09-24,2024-09-25,0.6692996014919499,1.1825548146876868,Calibrated-Hybrid-LogTarget-isotonic,test
2024-09-25,2024-09-26,0.0967067651015831,1.1825548146876868,Calibrated-Hybrid-LogTarget-isotonic,test
2024-09-26,2024-09-27,0.0019487643545271,1.1825548146876868,Calibrated-Hybrid-LogTarget-isotonic,test
2024-09-27,2024-09-30,0.0534118196752501,1.1825548146876868,Calibrated-Hybrid-LogTarget-isotonic,test
2024-09-30,2024-10-01,0.1090419063191174,1.1825548146876868,Calibrated-Hybrid-LogTarget-isotonic,test
2024-10-01,2024-10-02,0.1142301950532245,1.442059225800752,Calibrated-Hybrid-LogTarget-isotonic,test
2024-10-02,2024-10-03,0.5763536966008403,1.1825548146876868,Calibrated-Hybrid-LogTarget-isotonic,test
2024-10-03,2024-10-04,0.3463758362975216,2.350296279778882,Calibrated-Hybrid-LogTarget-isotonic,test
2024-10-04,2024-10-07,0.0027820245719093,1.442059225800752,Calibrated-Hybrid-LogTarget-isotonic,test
2024-10-07,2024-10-08,0.0260164216385025,1.442059225800752,Calibrated-Hybrid-LogTarget-isotonic,test
2024-10-08,2024-10-09,0.5974680039460253,1.1825548146876868,Calibrated-Hybrid-LogTarget-isotonic,test
2024-10-09,2024-10-10,0.1233539050383977,1.1825548146876868,Calibrated-Hybrid-LogTarget-isotonic,test
2024-10-10,2024-10-11,0.0248646364370185,1.1825548146876868,Calibrated-Hybrid-LogTarget-isotonic,test
2024-10-11,2024-10-14,0.0253573876734088,1.1825548146876868,Calibrated-Hybrid-LogTarget-isotonic,test
2024-10-14,2024-10-15,0.1678954221921946,1.1825548146876868,Calibrated-Hybrid-LogTarget-isotonic,test
2024-10-15,2024-10-16,0.0156181703703392,1.1825548146876868,Calibrated-Hybrid-LogTarget-isotonic,test
2024-10-16,2024-10-17,0.301088511662053,1.1825548146876868,Calibrated-Hybrid-LogTarget-isotonic,test
2024-10-17,2024-10-18,0.0067941729317095,1.1825548146876868,Calibrated-Hybrid-LogTarget-isotonic,test
2024-10-18,2024-10-21,0.1968037312439634,1.1825548146876868,Calibrated-Hybrid-LogTarget-isotonic,test
2024-10-21,2024-10-22,0.6006392197446851,1.1825548146876868,Calibrated-Hybrid-LogTarget-isotonic,test
2024-10-22,2024-10-23,0.0063207009295036,1.1825548146876868,Calibrated-Hybrid-LogTarget-isotonic,test
2024-10-23,2024-10-24,1.1387581243922995,1.1825548146876868,Calibrated-Hybrid-LogTarget-isotonic,test
2024-10-24,2024-10-25,0.1396414208283497,1.1825548146876868,Calibrated-Hybrid-LogTarget-isotonic,test
2024-10-25,2024-10-28,0.0267355724555891,1.1825548146876868,Calibrated-Hybrid-LogTarget-isotonic,test
2024-10-28,2024-10-29,0.310375295938392,1.1825548146876868,Calibrated-Hybrid-LogTarget-isotonic,test
2024-10-29,2024-10-30,0.0624797327224918,1.1825548146876868,Calibrated-Hybrid-LogTarget-isotonic,test
2024-10-30,2024-10-31,0.2150309186038439,1.1825548146876868,Calibrated-Hybrid-LogTarget-isotonic,test
2024-10-31,2024-11-01,0.5795854757810541,1.1825548146876868,Calibrated-Hybrid-LogTarget-isotonic,test
2024-11-01,2024-11-04,0.6634669865085588,1.1825548146876868,Calibrated-Hybrid-LogTarget-isotonic,test
2024-11-04,2024-11-05,0.0071101049569573,1.1825548146876868,Calibrated-Hybrid-LogTarget-isotonic,test
2024-11-05,2024-11-06,1.532964136157592,1.1825548146876868,Calibrated-Hybrid-LogTarget-isotonic,test
2024-11-06,2024-11-07,0.0147328555936719,1.1825548146876868,Calibrated-Hybrid-LogTarget-isotonic,test
2024-11-07,2024-11-08,0.3276224769794669,1.1825548146876868,Calibrated-Hybrid-LogTarget-isotonic,test
2024-11-08,2024-11-11,0.0320387972398517,1.1825548146876868,Calibrated-Hybrid-LogTarget-isotonic,test
2024-11-11,2024-11-12,0.1943555469915317,1.1825548146876868,Calibrated-Hybrid-LogTarget-isotonic,test
2024-11-12,2024-11-13,0.0095957977358447,1.1825548146876868,Calibrated-Hybrid-LogTarget-isotonic,test
2024-11-13,2024-11-14,1.304380342114139,1.1825548146876868,Calibrated-Hybrid-LogTarget-isotonic,test
2024-11-14,2024-11-15,1.1819027969632745,1.1825548146876868,Calibrated-Hybrid-LogTarget-isotonic,test
2024-11-15,2024-11-18,0.0141759467193479,1.1825548146876868,Calibrated-Hybrid-LogTarget-isotonic,test
2024-11-18,2024-11-19,0.9768103702203697,1.1825548146876868,Calibrated-Hybrid-LogTarget-isotonic,test
2024-11-19,2024-11-20,0.8848644501514296,1.1825548146876868,Calibrated-Hybrid-LogTarget-isotonic,test
2024-11-20,2024-11-21,0.9302138287758972,1.1825548146876868,Calibrated-Hybrid-LogTarget-isotonic,test
2024-11-21,2024-11-22,0.0003506766753295,1.1825548146876868,Calibrated-Hybrid-LogTarget-isotonic,test
2024-11-22,2024-11-25,0.2872709111767263,1.1825548146876868,Calibrated-Hybrid-LogTarget-isotonic,test
2024-11-25,2024-11-26,0.3599546809656788,1.1825548146876868,Calibrated-Hybrid-LogTarget-isotonic,test
2024-11-26,2024-11-27,0.0001659440969947,1.1825548146876868,Calibrated-Hybrid-LogTarget-isotonic,test
2024-11-27,2024-11-28,0.0001270529950301,1.1825548146876868,Calibrated-Hybrid-LogTarget-isotonic,test
2024-11-28,2024-11-29,0.4488915850595839,1.1825548146876868,Calibrated-Hybrid-LogTarget-isotonic,test
2024-11-29,2024-12-02,0.0035951954303536,1.1825548146876868,Calibrated-Hybrid-LogTarget-isotonic,test
2024-12-02,2024-12-03,0.0121780282468158,1.1825548146876868,Calibrated-Hybrid-LogTarget-isotonic,test
2024-12-03,2024-12-04,0.5723787875208138,1.1825548146876868,Calibrated-Hybrid-LogTarget-isotonic,test
2024-12-04,2024-12-05,4.677770763753511,1.1825548146876868,Calibrated-Hybrid-LogTarget-isotonic,test
2024-12-05,2024-12-06,0.0423127275118428,1.1825548146876868,Calibrated-Hybrid-LogTarget-isotonic,test
2024-12-06,2024-12-09,0.0846129168166276,1.1825548146876868,Calibrated-Hybrid-LogTarget-isotonic,test
2024-12-09,2024-12-10,0.019333949066393,1.1825548146876868,Calibrated-Hybrid-LogTarget-isotonic,test
2024-12-10,2024-12-11,0.0638388590450149,1.1825548146876868,Calibrated-Hybrid-LogTarget-isotonic,test
2024-12-11,2024-12-12,0.0141789335558376,1.1825548146876868,Calibrated-Hybrid-LogTarget-isotonic,test
2024-12-12,2024-12-13,0.1427917911928931,1.1825548146876868,Calibrated-Hybrid-LogTarget-isotonic,test
2024-12-13,2024-12-16,0.0093280152446342,1.1825548146876868,Calibrated-Hybrid-LogTarget-isotonic,test
2024-12-16,2024-12-17,0.0268721671219935,1.1825548146876868,Calibrated-Hybrid-LogTarget-isotonic,test
2024-12-17,2024-12-18,0.1146807250456102,1.1825548146876868,Calibrated-Hybrid-LogTarget-isotonic,test
2024-12-18,2024-12-19,0.8081531599464532,1.1825548146876868,Calibrated-Hybrid-LogTarget-isotonic,test
2024-12-19,2024-12-20,0.0507615856480591,1.1825548146876868,Calibrated-Hybrid-LogTarget-isotonic,test
2024-12-20,2024-12-23,0.1742376670775678,1.1825548146876868,Calibrated-Hybrid-LogTarget-isotonic,test
2024-12-23,2024-12-24,0.0361915284275727,1.1825548146876868,Calibrated-Hybrid-LogTarget-isotonic,test
2024-12-24,2024-12-25,1.1654410256024177,1.1825548146876868,Calibrated-Hybrid-LogTarget-isotonic,test
2024-12-25,2024-12-26,0.0084412075502873,1.1825548146876868,Calibrated-Hybrid-LogTarget-isotonic,test
2024-12-26,2024-12-27,0.0317475107765902,1.1825548146876868,Calibrated-Hybrid-LogTarget-isotonic,test
2024-12-27,2024-12-30,0.0600146339677672,1.1825548146876868,Calibrated-Hybrid-LogTarget-isotonic,test
2024-12-30,2024-12-31,0.1703989127600233,1.1825548146876868,Calibrated-Hybrid-LogTarget-isotonic,test
2024-12-31,2025-01-02,0.0533739456959429,1.1825548146876868,Calibrated-Hybrid-LogTarget-isotonic,test
2025-01-02,2025-01-03,1.435132590022104,1.1825548146876868,Calibrated-Hybrid-LogTarget-isotonic,test
2025-01-03,2025-01-06,0.4342211890889308,1.1825548146876868,Calibrated-Hybrid-LogTarget-isotonic,test
2025-01-06,2025-01-07,0.037939050469307,1.1825548146876868,Calibrated-Hybrid-LogTarget-isotonic,test
2025-01-07,2025-01-08,0.032117795831564,1.1825548146876868,Calibrated-Hybrid-LogTarget-isotonic,test
2025-01-08,2025-01-09,0.1768543904547769,1.1825548146876868,Calibrated-Hybrid-LogTarget-isotonic,test
2025-01-09,2025-01-10,1.525095444996381,1.1825548146876868,Calibrated-Hybrid-LogTarget-isotonic,test
2025-01-10,2025-01-13,0.175796578127988,1.1825548146876868,Calibrated-Hybrid-LogTarget-isotonic,test
2025-01-13,2025-01-14,0.2850878204367433,1.1825548146876868,Calibrated-Hybrid-LogTarget-isotonic,test
2025-01-14,2025-01-15,0.3327205813226502,1.1825548146876868,Calibrated-Hybrid-LogTarget-isotonic,test
2025-01-15,2025-01-16,0.2486834462527659,1.1825548146876868,Calibrated-Hybrid-LogTarget-isotonic,test
2025-01-16,2025-01-17,0.293601545819197,1.1825548146876868,Calibrated-Hybrid-LogTarget-isotonic,test
2025-01-17,2025-01-20,0.0012403693451998,1.1825548146876868,Calibrated-Hybrid-LogTarget-isotonic,test
2025-01-20,2025-01-21,0.0768862836866478,1.1825548146876868,Calibrated-Hybrid-LogTarget-isotonic,test
2025-01-21,2025-01-22,0.0818546593881995,1.1825548146876868,Calibrated-Hybrid-LogTarget-isotonic,test
2025-01-22,2025-01-23,1.8682525367895249,1.1825548146876868,Calibrated-Hybrid-LogTarget-isotonic,test
2025-01-23,2025-01-24,0.1843517308365074,1.1825548146876868,Calibrated-Hybrid-LogTarget-isotonic,test
2025-01-24,2025-02-04,0.0008556873339296,1.1825548146876868,Calibrated-Hybrid-LogTarget-isotonic,test
2025-02-04,2025-02-05,0.1513708695410532,1.1825548146876868,Calibrated-Hybrid-LogTarget-isotonic,test
2025-02-05,2025-02-06,0.0216622352028634,1.1825548146876868,Calibrated-Hybrid-LogTarget-isotonic,test
2025-02-06,2025-02-07,0.0853488617566438,1.1825548146876868,Calibrated-Hybrid-LogTarget-isotonic,test
2025-02-07,2025-02-10,0.8849819273953393,1.1825548146876868,Calibrated-Hybrid-LogTarget-isotonic,test
2025-02-10,2025-02-11,0.168100114678953,1.1825548146876868,Calibrated-Hybrid-LogTarget-isotonic,test
2025-02-11,2025-02-12,0.0147578221185138,1.1825548146876868,Calibrated-Hybrid-LogTarget-isotonic,test
2025-02-12,2025-02-13,0.0735271043646943,1.1825548146876868,Calibrated-Hybrid-LogTarget-isotonic,test
2025-02-13,2025-02-14,0.2025383263760581,1.1825548146876868,Calibrated-Hybrid-LogTarget-isotonic,test
2025-02-14,2025-02-17,0.0695132401561259,1.1825548146876868,Calibrated-Hybrid-LogTarget-isotonic,test
2025-02-17,2025-02-18,0.1805870585568251,1.1825548146876868,Calibrated-Hybrid-LogTarget-isotonic,test
2025-02-18,2025-02-19,0.6592497592052439,1.1825548146876868,Calibrated-Hybrid-LogTarget-isotonic,test
2025-02-19,2025-02-20,0.1172593983298531,1.1825548146876868,Calibrated-Hybrid-LogTarget-isotonic,test
2025-02-20,2025-02-21,0.0847684671072922,1.1825548146876868,Calibrated-Hybrid-LogTarget-isotonic,test
2025-02-21,2025-02-24,0.3605624100663593,1.1825548146876868,Calibrated-Hybrid-LogTarget-isotonic,test
2025-02-24,2025-02-25,0.0115290687889239,1.1825548146876868,Calibrated-Hybrid-LogTarget-isotonic,test
2025-02-25,2025-02-26,0.0002355760665946,1.1825548146876868,Calibrated-Hybrid-LogTarget-isotonic,test
2025-02-26,2025-02-27,0.1374731263687118,1.1825548146876868,Calibrated-Hybrid-LogTarget-isotonic,test
2025-02-27,2025-02-28,0.0348744922200793,1.1825548146876868,Calibrated-Hybrid-LogTarget-isotonic,test
2025-02-28,2025-03-03,0.0940796554023008,1.1825548146876868,Calibrated-Hybrid-LogTarget-isotonic,test
2025-03-03,2025-03-04,0.0375578625820462,1.1825548146876868,Calibrated-Hybrid-LogTarget-isotonic,test
2025-03-04,2025-03-05,0.3028627512498273,1.442059225800752,Calibrated-Hybrid-LogTarget-isotonic,test
2025-03-05,2025-03-06,1.0612188848677555,1.442059225800752,Calibrated-Hybrid-LogTarget-isotonic,test
2025-03-06,2025-03-07,0.350731246280503,2.350296279778882,Calibrated-Hybrid-LogTarget-isotonic,test
2025-03-07,2025-03-10,0.1014325645495789,1.442059225800752,Calibrated-Hybrid-LogTarget-isotonic,test
2025-03-10,2025-03-11,0.0288133302998629,1.442059225800752,Calibrated-Hybrid-LogTarget-isotonic,test
2025-03-11,2025-03-12,0.0196658897235791,1.442059225800752,Calibrated-Hybrid-LogTarget-isotonic,test
2025-03-12,2025-03-13,0.3743917074856848,1.442059225800752,Calibrated-Hybrid-LogTarget-isotonic,test
2025-03-13,2025-03-14,8.187247062994656e-05,2.350296279778882,Calibrated-Hybrid-LogTarget-isotonic,test
2025-03-14,2025-03-17,0.5767885171931181,2.350296279778882,Calibrated-Hybrid-LogTarget-isotonic,test
2025-03-17,2025-03-18,0.157344490226044,1.442059225800752,Calibrated-Hybrid-LogTarget-isotonic,test
2025-03-18,2025-03-19,0.2279894954046255,1.442059225800752,Calibrated-Hybrid-LogTarget-isotonic,test
2025-03-19,2025-03-20,0.0027940647092661,2.350296279778882,Calibrated-Hybrid-LogTarget-isotonic,test
2025-03-20,2025-03-21,0.0240132299745747,2.350296279778882,Calibrated-Hybrid-LogTarget-isotonic,test
2025-03-21,2025-03-24,0.4050748456224285,1.442059225800752,Calibrated-Hybrid-LogTarget-isotonic,test
2025-03-24,2025-03-25,0.0144479307849922,1.442059225800752,Calibrated-Hybrid-LogTarget-isotonic,test
2025-03-25,2025-03-26,0.1924355354900559,1.442059225800752,Calibrated-Hybrid-LogTarget-isotonic,test
2025-03-26,2025-03-27,0.0296122174159068,1.442059225800752,Calibrated-Hybrid-LogTarget-isotonic,test
2025-03-27,2025-03-28,0.2311977047112736,1.442059225800752,Calibrated-Hybrid-LogTarget-isotonic,test
2025-03-28,2025-03-31,0.652593682196234,1.442059225800752,Calibrated-Hybrid-LogTarget-isotonic,test
2025-03-31,2025-04-01,0.6367477385533009,2.350296279778882,Calibrated-Hybrid-LogTarget-isotonic,test
2025-04-01,2025-04-02,0.0014400780515298,1.1825548146876868,Calibrated-Hybrid-LogTarget-isotonic,test
2025-04-02,2025-04-03,47.7513682523715,1.442059225800752,Calibrated-Hybrid-LogTarget-isotonic,test
2025-04-03,2025-04-04,2.4680894659320427,8.58519511090662,Calibrated-Hybrid-LogTarget-isotonic,test
2025-04-04,2025-04-08,44.20961209050503,4.073313202240062,Calibrated-Hybrid-LogTarget-isotonic,test
2025-04-08,2025-04-09,11.94996872052983,8.58519511090662,Calibrated-Hybrid-LogTarget-isotonic,test
2025-04-09,2025-04-10,42.861963107094255,4.073313202240062,Calibrated-Hybrid-LogTarget-isotonic,test
2025-04-10,2025-04-11,20.5039468602513,8.58519511090662,Calibrated-Hybrid-LogTarget-isotonic,test
2025-04-11,2025-04-14,2.373686902735611,3.5358153204014027,Calibrated-Hybrid-LogTarget-isotonic,test
2025-04-14,2025-04-15,1.222393557661562,3.5358153204014027,Calibrated-Hybrid-LogTarget-isotonic,test
2025-04-15,2025-04-16,2.0585197770339483,2.350296279778882,Calibrated-Hybrid-LogTarget-isotonic,test
2025-04-16,2025-04-17,0.3278654140280428,3.5358153204014027,Calibrated-Hybrid-LogTarget-isotonic,test
2025-04-17,2025-04-18,0.0235644272572965,2.350296279778882,Calibrated-Hybrid-LogTarget-isotonic,test
2025-04-18,2025-04-21,0.9867147275211472,2.350296279778882,Calibrated-Hybrid-LogTarget-isotonic,test
2025-04-21,2025-04-22,0.6837487157170882,2.350296279778882,Calibrated-Hybrid-LogTarget-isotonic,test
2025-04-22,2025-04-23,1.3269747595182129,2.350296279778882,Calibrated-Hybrid-LogTarget-isotonic,test
2025-04-23,2025-04-24,1.029521260921247,1.442059225800752,Calibrated-Hybrid-LogTarget-isotonic,test
2025-04-24,2025-04-25,0.2299163958338018,1.442059225800752,Calibrated-Hybrid-LogTarget-isotonic,test
2025-04-25,2025-04-28,0.0391566462219492,1.1825548146876868,Calibrated-Hybrid-LogTarget-isotonic,test
2025-04-28,2025-04-29,0.0016617646152264,1.1825548146876868,Calibrated-Hybrid-LogTarget-isotonic,test
2025-04-29,2025-05-05,1.2432686189181044,1.1825548146876868,Calibrated-Hybrid-LogTarget-isotonic,test
2025-05-05,2025-05-06,0.0234403346988041,1.1825548146876868,Calibrated-Hybrid-LogTarget-isotonic,test
2025-05-06,2025-05-07,0.4565410925067849,1.442059225800752,Calibrated-Hybrid-LogTarget-isotonic,test
2025-05-07,2025-05-08,2.377733233918144,1.442059225800752,Calibrated-Hybrid-LogTarget-isotonic,test
2025-05-08,2025-05-09,0.0388387388391833,1.442059225800752,Calibrated-Hybrid-LogTarget-isotonic,test
2025-05-09,2025-05-12,1.5662677776101377,1.442059225800752,Calibrated-Hybrid-LogTarget-isotonic,test
2025-05-12,2025-05-13,0.6231348828577624,1.728160861306891,Calibrated-Hybrid-LogTarget-isotonic,test
2025-05-13,2025-05-14,1.5683566422405055,2.350296279778882,Calibrated-Hybrid-LogTarget-isotonic,test
2025-05-14,2025-05-15,0.0700077382080358,2.350296279778882,Calibrated-Hybrid-LogTarget-isotonic,test
2025-05-15,2025-05-16,0.816128421348678,2.350296279778882,Calibrated-Hybrid-LogTarget-isotonic,test
2025-05-16,2025-05-19,0.1541807515116988,2.350296279778882,Calibrated-Hybrid-LogTarget-isotonic,test
2025-05-19,2025-05-20,2.0864038037366446,2.350296279778882,Calibrated-Hybrid-LogTarget-isotonic,test
2025-05-20,2025-05-21,0.3586751908572574,2.350296279778882,Calibrated-Hybrid-LogTarget-isotonic,test
2025-05-21,2025-05-22,0.4879763310352334,2.350296279778882,Calibrated-Hybrid-LogTarget-isotonic,test
2025-05-22,2025-05-23,0.0022258378145528,2.350296279778882,Calibrated-Hybrid-LogTarget-isotonic,test
2025-05-23,2025-05-26,1.8600723156803831,1.442059225800752,Calibrated-Hybrid-LogTarget-isotonic,test
2025-05-26,2025-05-27,0.2984907987188625,2.350296279778882,Calibrated-Hybrid-LogTarget-isotonic,test
2025-05-27,2025-05-28,0.0236037331895616,2.350296279778882,Calibrated-Hybrid-LogTarget-isotonic,test
2025-05-28,2025-05-29,5.553699144539498e-07,2.350296279778882,Calibrated-Hybrid-LogTarget-isotonic,test
2025-05-29,2025-05-30,0.4795271728756022,2.350296279778882,Calibrated-Hybrid-LogTarget-isotonic,test
2025-05-30,2025-06-02,0.0768775248909457,2.350296279778882,Calibrated-Hybrid-LogTarget-isotonic,test
2025-06-02,2025-06-03,0.6659991384313828,2.350296279778882,Calibrated-Hybrid-LogTarget-isotonic,test
2025-06-03,2025-06-04,0.0125760569530384,2.350296279778882,Calibrated-Hybrid-LogTarget-isotonic,test
2025-06-04,2025-06-05,0.0737636944522696,2.350296279778882,Calibrated-Hybrid-LogTarget-isotonic,test
2025-06-05,2025-06-06,0.8339101934074882,2.350296279778882,Calibrated-Hybrid-LogTarget-isotonic,test
2025-06-06,2025-06-09,2.1415615006193414,2.350296279778882,Calibrated-Hybrid-LogTarget-isotonic,test
2025-06-09,2025-06-10,0.1857120921961249,2.350296279778882,Calibrated-Hybrid-LogTarget-isotonic,test
2025-06-10,2025-06-11,0.0061284527471124,2.350296279778882,Calibrated-Hybrid-LogTarget-isotonic,test
2025-06-11,2025-06-12,0.348758893746006,2.350296279778882,Calibrated-Hybrid-LogTarget-isotonic,test
2025-06-12,2025-06-13,0.3232043851233978,2.350296279778882,Calibrated-Hybrid-LogTarget-isotonic,test
2025-06-13,2025-06-16,2.90666722935662,2.350296279778882,Calibrated-Hybrid-LogTarget-isotonic,test
2025-06-16,2025-06-17,0.5089174637565245,2.350296279778882,Calibrated-Hybrid-LogTarget-isotonic,test
2025-06-17,2025-06-18,0.0040746855610125,1.442059225800752,Calibrated-Hybrid-LogTarget-isotonic,test
2025-06-18,2025-06-19,0.1490639362511987,2.350296279778882,Calibrated-Hybrid-LogTarget-isotonic,test
2025-06-19,2025-06-20,0.0396634294929435,1.442059225800752,Calibrated-Hybrid-LogTarget-isotonic,test
2025-06-20,2025-06-23,0.4254396112184308,2.350296279778882,Calibrated-Hybrid-LogTarget-isotonic,test
2025-06-23,2025-06-24,0.3974954121903902,1.442059225800752,Calibrated-Hybrid-LogTarget-isotonic,test
2025-06-24,2025-06-25,2.141289912653593e-06,2.350296279778882,Calibrated-Hybrid-LogTarget-isotonic,test
2025-06-25,2025-06-26,0.0062490303873797,1.442059225800752,Calibrated-Hybrid-LogTarget-isotonic,test
2025-06-26,2025-06-27,0.1777576915183636,1.1825548146876868,Calibrated-Hybrid-LogTarget-isotonic,test
2025-06-27,2025-06-30,0.1135910808511721,1.1825548146876868,Calibrated-Hybrid-LogTarget-isotonic,test
2025-06-30,2025-07-01,0.0165236945249244,1.1825548146876868,Calibrated-Hybrid-LogTarget-isotonic,test
2025-07-01,2025-07-02,0.2388288030529801,1.1825548146876868,Calibrated-Hybrid-LogTarget-isotonic,test
2025-07-02,2025-07-03,0.0361488680610222,1.442059225800752,Calibrated-Hybrid-LogTarget-isotonic,test
2025-07-03,2025-07-04,0.1309520910154639,2.350296279778882,Calibrated-Hybrid-LogTarget-isotonic,test
2025-07-04,2025-07-07,1.1709559965363006,2.350296279778882,Calibrated-Hybrid-LogTarget-isotonic,test
2025-07-07,2025-07-08,0.904778187332118,2.350296279778882,Calibrated-Hybrid-LogTarget-isotonic,test
2025-07-08,2025-07-09,1.241559484315582,2.350296279778882,Calibrated-Hybrid-LogTarget-isotonic,test
2025-07-09,2025-07-10,0.9910271514632224,2.350296279778882,Calibrated-Hybrid-LogTarget-isotonic,test
2025-07-10,2025-07-11,0.6970381226212395,2.350296279778882,Calibrated-Hybrid-LogTarget-isotonic,test
2025-07-11,2025-07-14,0.7477170344432008,2.350296279778882,Calibrated-Hybrid-LogTarget-isotonic,test
2025-07-14,2025-07-15,0.4444265080916222,2.350296279778882,Calibrated-Hybrid-LogTarget-isotonic,test
2025-07-15,2025-07-16,0.1995824056263008,3.5358153204014027,Calibrated-Hybrid-LogTarget-isotonic,test
2025-07-16,2025-07-17,2.3820294026445814,2.350296279778882,Calibrated-Hybrid-LogTarget-isotonic,test
2025-07-17,2025-07-18,0.2369058350764768,3.5358153204014027,Calibrated-Hybrid-LogTarget-isotonic,test
2025-07-18,2025-07-21,0.6726766922283197,3.5358153204014027,Calibrated-Hybrid-LogTarget-isotonic,test
2025-07-21,2025-07-22,2.6753597330452594,3.5358153204014027,Calibrated-Hybrid-LogTarget-isotonic,test
2025-07-22,2025-07-23,0.033610422134737,2.350296279778882,Calibrated-Hybrid-LogTarget-isotonic,test
2025-07-23,2025-07-24,0.3298066193429415,3.5358153204014027,Calibrated-Hybrid-LogTarget-isotonic,test
2025-07-24,2025-07-25,0.4388880259346913,3.5358153204014027,Calibrated-Hybrid-LogTarget-isotonic,test
2025-07-25,2025-07-28,2.898363616722053,3.5358153204014027,Calibrated-Hybrid-LogTarget-isotonic,test
2025-07-28,2025-07-29,17.613558540836202,3.5358153204014027,Calibrated-Hybrid-LogTarget-isotonic,test
2025-07-29,2025-07-30,0.8980946651524866,3.5358153204014027,Calibrated-Hybrid-LogTarget-isotonic,test
2025-07-30,2025-07-31,0.1152726694915896,3.5358153204014027,Calibrated-Hybrid-LogTarget-isotonic,test
2025-07-31,2025-08-01,0.1152726694915833,3.5358153204014027,Calibrated-Hybrid-LogTarget-isotonic,test
2025-08-01,2025-08-04,1.834710119502004,3.5358153204014027,Calibrated-Hybrid-LogTarget-isotonic,test
2025-08-04,2025-08-05,1.520412348936557,3.5358153204014027,Calibrated-Hybrid-LogTarget-isotonic,test
2025-08-05,2025-08-06,2.8972670658789563,3.5358153204014027,Calibrated-Hybrid-LogTarget-isotonic,test
2025-08-06,2025-08-07,0.2635664108766646,3.5358153204014027,Calibrated-Hybrid-LogTarget-isotonic,test
2025-08-07,2025-08-08,0.039326859883716,3.5358153204014027,Calibrated-Hybrid-LogTarget-isotonic,test
2025-08-08,2025-08-11,0.9422556417684452,3.5358153204014027,Calibrated-Hybrid-LogTarget-isotonic,test
2025-08-11,2025-08-12,0.2369869845385009,3.5358153204014027,Calibrated-Hybrid-LogTarget-isotonic,test
2025-08-12,2025-08-13,0.0440788772156527,3.5358153204014027,Calibrated-Hybrid-LogTarget-isotonic,test
2025-08-13,2025-08-14,3.200310161092739,3.5358153204014027,Calibrated-Hybrid-LogTarget-isotonic,test
2025-08-14,2025-08-15,0.4273067256056122,3.5358153204014027,Calibrated-Hybrid-LogTarget-isotonic,test
2025-08-15,2025-08-18,0.1521280158050796,3.5358153204014027,Calibrated-Hybrid-LogTarget-isotonic,test
2025-08-18,2025-08-19,1.174434797614126,3.5358153204014027,Calibrated-Hybrid-LogTarget-isotonic,test
2025-08-19,2025-08-20,0.3749305014941085,3.5358153204014027,Calibrated-Hybrid-LogTarget-isotonic,test
2025-08-20,2025-08-21,1.989152286945736,3.5358153204014027,Calibrated-Hybrid-LogTarget-isotonic,test
2025-08-21,2025-08-22,6.511855987425645,3.5358153204014027,Calibrated-Hybrid-LogTarget-isotonic,test
2025-08-22,2025-08-25,3.721774310323592,3.5358153204014027,Calibrated-Hybrid-LogTarget-isotonic,test
2025-08-25,2025-08-26,10.672831463331164,3.5358153204014027,Calibrated-Hybrid-LogTarget-isotonic,test
2025-08-26,2025-08-27,0.1033600134238672,2.350296279778882,Calibrated-Hybrid-LogTarget-isotonic,test
2025-08-27,2025-08-28,0.2196933006813634,2.350296279778882,Calibrated-Hybrid-LogTarget-isotonic,test
2025-08-28,2025-08-29,0.0064454873601164,2.350296279778882,Calibrated-Hybrid-LogTarget-isotonic,test
2025-08-29,2025-09-03,0.0029279074904991,2.350296279778882,Calibrated-Hybrid-LogTarget-isotonic,test
2025-09-03,2025-09-04,0.7878709714332047,2.350296279778882,Calibrated-Hybrid-LogTarget-isotonic,test
2025-09-04,2025-09-05,3.0401082196490887,2.350296279778882,Calibrated-Hybrid-LogTarget-isotonic,test
2025-09-05,2025-09-08,6.650758234823594,3.5358153204014027,Calibrated-Hybrid-LogTarget-isotonic,test
2025-09-08,2025-09-09,0.6150034620566089,3.5358153204014027,Calibrated-Hybrid-LogTarget-isotonic,test
2025-09-09,2025-09-10,0.1311392104891743,2.350296279778882,Calibrated-Hybrid-LogTarget-isotonic,test
2025-09-10,2025-09-11,0.7707413531131861,2.350296279778882,Calibrated-Hybrid-LogTarget-isotonic,test
2025-09-11,2025-09-12,0.3272182232185671,2.350296279778882,Calibrated-Hybrid-LogTarget-isotonic,test
2025-09-12,2025-09-15,1.1076835127457196,2.350296279778882,Calibrated-Hybrid-LogTarget-isotonic,test
2025-09-15,2025-09-16,0.0564941879844652,2.350296279778882,Calibrated-Hybrid-LogTarget-isotonic,test
2025-09-16,2025-09-17,0.3510643230345384,2.350296279778882,Calibrated-Hybrid-LogTarget-isotonic,test
2025-09-17,2025-09-18,0.1204832995414096,1.442059225800752,Calibrated-Hybrid-LogTarget-isotonic,test
2025-09-18,2025-09-19,0.1558113286329437,1.442059225800752,Calibrated-Hybrid-LogTarget-isotonic,test
2025-09-19,2025-09-22,2.1548992233102013,1.442059225800752,Calibrated-Hybrid-LogTarget-isotonic,test
2025-09-22,2025-09-23,0.0024547743448737,2.350296279778882,Calibrated-Hybrid-LogTarget-isotonic,test
2025-09-23,2025-09-24,1.8183165781347828,1.1825548146876868,Calibrated-Hybrid-LogTarget-isotonic,test
2025-09-24,2025-09-25,0.2696988542084727,1.442059225800752,Calibrated-Hybrid-LogTarget-isotonic,test
2025-09-25,2025-09-26,0.1049995667244043,1.442059225800752,Calibrated-Hybrid-LogTarget-isotonic,test
2025-09-26,2025-09-29,0.1207157531709924,1.442059225800752,Calibrated-Hybrid-LogTarget-isotonic,test
2025-09-29,2025-09-30,0.0825092745825899,1.1825548146876868,Calibrated-Hybrid-LogTarget-isotonic,test
2025-09-30,2025-10-01,0.0405610853854958,2.350296279778882,Calibrated-Hybrid-LogTarget-isotonic,test
2025-10-01,2025-10-02,0.5533556929381476,1.1825548146876868,Calibrated-Hybrid-LogTarget-isotonic,test
2025-10-02,2025-10-03,0.1745254722126338,1.1825548146876868,Calibrated-Hybrid-LogTarget-isotonic,test
2025-10-03,2025-10-06,8.84404690494525,1.442059225800752,Calibrated-Hybrid-LogTarget-isotonic,test
2025-10-06,2025-10-07,0.3641027934298682,2.350296279778882,Calibrated-Hybrid-LogTarget-isotonic,test
2025-10-07,2025-10-08,0.5486921315455813,1.442059225800752,Calibrated-Hybrid-LogTarget-isotonic,test
2025-10-08,2025-10-09,1.1922218605244943,2.350296279778882,Calibrated-Hybrid-LogTarget-isotonic,test
2025-10-09,2025-10-10,3.220212549761636,1.442059225800752,Calibrated-Hybrid-LogTarget-isotonic,test
2025-10-10,2025-10-13,1.0007740943267542,2.350296279778882,Calibrated-Hybrid-LogTarget-isotonic,test
2025-10-13,2025-10-14,0.0530277849803774,2.350296279778882,Calibrated-Hybrid-LogTarget-isotonic,test
2025-10-14,2025-10-15,0.0312420838438003,2.350296279778882,Calibrated-Hybrid-LogTarget-isotonic,test
2025-10-15,2025-10-16,0.2550192069697773,2.350296279778882,Calibrated-Hybrid-LogTarget-isotonic,test
2025-10-16,2025-10-17,4.157221997254808,1.442059225800752,Calibrated-Hybrid-LogTarget-isotonic,test
2025-10-17,2025-10-20,31.687885302040943,2.350296279778882,Calibrated-Hybrid-LogTarget-isotonic,test
2025-10-20,2025-10-21,2.6780326889178614,4.073313202240062,Calibrated-Hybrid-LogTarget-isotonic,test
2025-10-21,2025-10-22,0.8133878588699036,3.5358153204014027,Calibrated-Hybrid-LogTarget-isotonic,test
2025-10-22,2025-10-23,0.2587585559528909,3.5358153204014027,Calibrated-Hybrid-LogTarget-isotonic,test
2025-10-23,2025-10-24,0.053015415411533,2.350296279778882,Calibrated-Hybrid-LogTarget-isotonic,test
2025-10-24,2025-10-27,3.375069844215606,2.350296279778882,Calibrated-Hybrid-LogTarget-isotonic,test
2025-10-27,2025-10-28,2.814969211801454,2.350296279778882,Calibrated-Hybrid-LogTarget-isotonic,test
2025-10-28,2025-10-29,0.1002770987516237,2.350296279778882,Calibrated-Hybrid-LogTarget-isotonic,test
2025-10-29,2025-10-30,0.939332335111435,1.442059225800752,Calibrated-Hybrid-LogTarget-isotonic,test
2025-10-30,2025-10-31,3.2700587697209347,1.442059225800752,Calibrated-Hybrid-LogTarget-isotonic,test
2025-10-31,2025-11-03,1.9349432702427485,2.350296279778882,Calibrated-Hybrid-LogTarget-isotonic,test
2025-11-03,2025-11-04,4.580450857721864,2.350296279778882,Calibrated-Hybrid-LogTarget-isotonic,test
2025-11-04,2025-11-05,0.0309750452194787,2.350296279778882,Calibrated-Hybrid-LogTarget-isotonic,test
2025-11-05,2025-11-06,0.5520248822173379,1.442059225800752,Calibrated-Hybrid-LogTarget-isotonic,test
2025-11-06,2025-11-07,7.216601336017348,1.442059225800752,Calibrated-Hybrid-LogTarget-isotonic,test
2025-11-07,2025-11-10,1.3629185312754708,3.5358153204014027,Calibrated-Hybrid-LogTarget-isotonic,test
2025-11-10,2025-11-11,0.6782053056730832,3.5358153204014027,Calibrated-Hybrid-LogTarget-isotonic,test
2025-11-11,2025-11-12,5.625713037940661,2.350296279778882,Calibrated-Hybrid-LogTarget-isotonic,test
2025-11-12,2025-11-13,0.000662589539105,2.350296279778882,Calibrated-Hybrid-LogTarget-isotonic,test
2025-11-13,2025-11-14,0.0605676682080504,1.442059225800752,Calibrated-Hybrid-LogTarget-isotonic,test
2025-11-14,2025-11-17,1.328575255573558,1.1825548146876868,Calibrated-Hybrid-LogTarget-isotonic,test
2025-11-17,2025-11-18,0.1101519148224003,1.1825548146876868,Calibrated-Hybrid-LogTarget-isotonic,test
2025-11-18,2025-11-19,0.4356481626659925,1.1825548146876868,Calibrated-Hybrid-LogTarget-isotonic,test
2025-11-19,2025-11-20,0.1789267767214806,1.1825548146876868,Calibrated-Hybrid-LogTarget-isotonic,test
2025-11-20,2025-11-21,0.0040999105070223,1.1825548146876868,Calibrated-Hybrid-LogTarget-isotonic,test
2025-11-21,2025-11-24,0.6169476621587812,1.1825548146876868,Calibrated-Hybrid-LogTarget-isotonic,test
2025-11-24,2025-11-25,0.2096602420348715,1.1825548146876868,Calibrated-Hybrid-LogTarget-isotonic,test
2025-11-25,2025-11-26,1.433673327817772,1.1825548146876868,Calibrated-Hybrid-LogTarget-isotonic,test
2025-11-26,2025-11-27,0.0554068207335508,1.1825548146876868,Calibrated-Hybrid-LogTarget-isotonic,test
2025-11-27,2025-11-28,0.1562015926240177,1.1825548146876868,Calibrated-Hybrid-LogTarget-isotonic,test
2025-11-28,2025-12-01,0.39639182484541,1.1825548146876868,Calibrated-Hybrid-LogTarget-isotonic,test
2025-12-01,2025-12-02,0.8106128656312585,1.1825548146876868,Calibrated-Hybrid-LogTarget-isotonic,test
2025-12-02,2025-12-03,0.7276910420234725,1.1825548146876868,Calibrated-Hybrid-LogTarget-isotonic,test
2025-12-03,2025-12-04,0.0994544592328996,1.1825548146876868,Calibrated-Hybrid-LogTarget-isotonic,test
2025-12-04,2025-12-05,0.0550277452970135,1.1825548146876868,Calibrated-Hybrid-LogTarget-isotonic,test
2025-12-05,2025-12-08,0.5051234930048776,1.1825548146876868,Calibrated-Hybrid-LogTarget-isotonic,test
2025-12-08,2025-12-09,0.1408736793364905,1.1825548146876868,Calibrated-Hybrid-LogTarget-isotonic,test
2025-12-09,2025-12-10,2.645907078453935,1.1825548146876868,Calibrated-Hybrid-LogTarget-isotonic,test
2025-12-10,2025-12-11,1.3806505812729413,1.1825548146876868,Calibrated-Hybrid-LogTarget-isotonic,test
2025-12-11,2025-12-12,9.667324836347865,1.442059225800752,Calibrated-Hybrid-LogTarget-isotonic,test
2025-12-12,2025-12-15,0.0028567239256699,3.5358153204014027,Calibrated-Hybrid-LogTarget-isotonic,test
2025-12-15,2025-12-16,3.980584197891362,2.350296279778882,Calibrated-Hybrid-LogTarget-isotonic,test
2025-12-16,2025-12-17,0.1084209662548159,2.350296279778882,Calibrated-Hybrid-LogTarget-isotonic,test
2025-12-17,2025-12-18,0.0392718088641224,2.350296279778882,Calibrated-Hybrid-LogTarget-isotonic,test
2025-12-18,2025-12-19,2.613324440401082,1.442059225800752,Calibrated-Hybrid-LogTarget-isotonic,test
2025-12-19,2025-12-22,7.313697947150696,1.1825548146876868,Calibrated-Hybrid-LogTarget-isotonic,test
2025-12-22,2025-12-23,1.4374361396783522,1.442059225800752,Calibrated-Hybrid-LogTarget-isotonic,test
2025-12-23,2025-12-24,0.36034587773515,1.1825548146876868,Calibrated-Hybrid-LogTarget-isotonic,test
2025-12-24,2025-12-25,5.141409326470893,1.1825548146876868,Calibrated-Hybrid-LogTarget-isotonic,test
2025-12-25,2025-12-26,0.5648889447832609,2.350296279778882,Calibrated-Hybrid-LogTarget-isotonic,test
2025-12-26,2025-12-29,2.0655121585777008,2.350296279778882,Calibrated-Hybrid-LogTarget-isotonic,test
2025-12-29,2025-12-30,0.4690762256667201,1.442059225800752,Calibrated-Hybrid-LogTarget-isotonic,test
2025-12-30,2025-12-31,0.9813005407165244,1.442059225800752,Calibrated-Hybrid-LogTarget-isotonic,test
2020-01-02,2020-01-03,0.0250907830256049,0.0250907830256049,Calibrated-Hybrid-LogTarget-isotonic,validation
2020-01-03,2020-01-06,0.9476915195201792,0.6747442878288026,Calibrated-Hybrid-LogTarget-isotonic,validation
2020-01-06,2020-01-07,0.104181316002117,0.6747442878288026,Calibrated-Hybrid-LogTarget-isotonic,validation
2020-01-07,2020-01-08,1.0770730792986123,0.6747442878288026,Calibrated-Hybrid-LogTarget-isotonic,validation
2020-01-08,2020-01-09,1.3693209243773992,0.6747442878288026,Calibrated-Hybrid-LogTarget-isotonic,validation
2020-01-09,2020-01-10,0.7569453657796249,0.6747442878288026,Calibrated-Hybrid-LogTarget-isotonic,validation
2020-01-10,2020-01-13,0.0779299678700735,0.6747442878288026,Calibrated-Hybrid-LogTarget-isotonic,validation
2020-01-13,2020-01-14,0.0144073552388825,0.6747442878288026,Calibrated-Hybrid-LogTarget-isotonic,validation
2020-01-14,2020-01-15,0.0033517503388054,0.6747442878288026,Calibrated-Hybrid-LogTarget-isotonic,validation
2020-01-15,2020-01-16,0.483315508188739,0.6747442878288026,Calibrated-Hybrid-LogTarget-isotonic,validation
2020-01-16,2020-01-17,0.2266955412354889,0.6747442878288026,Calibrated-Hybrid-LogTarget-isotonic,validation
2020-01-17,2020-01-20,0.0011366961882311,0.6747442878288026,Calibrated-Hybrid-LogTarget-isotonic,validation
2020-01-20,2020-01-21,0.620613610020936,0.6747442878288026,Calibrated-Hybrid-LogTarget-isotonic,validation
2020-01-21,2020-01-22,0.2649229323580117,0.6747442878288026,Calibrated-Hybrid-LogTarget-isotonic,validation
2020-01-22,2020-01-30,10.681729656091257,0.6747442878288026,Calibrated-Hybrid-LogTarget-isotonic,validation
2020-01-30,2020-01-31,5.865133827993191,1.1825548146876868,Calibrated-Hybrid-LogTarget-isotonic,validation
2020-01-31,2020-02-03,0.8272024151231092,3.5358153204014027,Calibrated-Hybrid-LogTarget-isotonic,validation
2020-02-03,2020-02-04,0.0104658835251161,3.5358153204014027,Calibrated-Hybrid-LogTarget-isotonic,validation
2020-02-04,2020-02-05,0.1175512507127237,3.5358153204014027,Calibrated-Hybrid-LogTarget-isotonic,validation
2020-02-05,2020-02-06,1.8356018915555292,3.5358153204014027,Calibrated-Hybrid-LogTarget-isotonic,validation
2020-02-06,2020-02-07,0.0553168362540114,3.5358153204014027,Calibrated-Hybrid-LogTarget-isotonic,validation
2020-02-07,2020-02-10,1.14665654297727,2.350296279778882,Calibrated-Hybrid-LogTarget-isotonic,validation
2020-02-10,2020-02-11,0.1784472180385378,1.442059225800752,Calibrated-Hybrid-LogTarget-isotonic,validation
2020-02-11,2020-02-12,0.1033759850072604,1.1825548146876868,Calibrated-Hybrid-LogTarget-isotonic,validation
2020-02-12,2020-02-13,0.0035645724311596,1.1825548146876868,Calibrated-Hybrid-LogTarget-isotonic,validation
2020-02-13,2020-02-14,0.007095648592579,1.1825548146876868,Calibrated-Hybrid-LogTarget-isotonic,validation
2020-02-14,2020-02-17,0.0819627293788475,1.1825548146876868,Calibrated-Hybrid-LogTarget-isotonic,validation
2020-02-17,2020-02-18,0.5393743252289994,1.1825548146876868,Calibrated-Hybrid-LogTarget-isotonic,validation
2020-02-18,2020-02-19,0.0079935084291448,1.1825548146876868,Calibrated-Hybrid-LogTarget-isotonic,validation
2020-02-19,2020-02-20,1.007648372641439,1.1825548146876868,Calibrated-Hybrid-LogTarget-isotonic,validation
2020-02-20,2020-02-21,0.2901840002942764,0.6747442878288026,Calibrated-Hybrid-LogTarget-isotonic,validation
2020-02-21,2020-02-24,10.499319840007198,1.1825548146876868,Calibrated-Hybrid-LogTarget-isotonic,validation
2020-02-24,2020-02-25,0.487607684946675,2.350296279778882,Calibrated-Hybrid-LogTarget-isotonic,validation
2020-02-25,2020-02-26,2.3027959637577347,2.350296279778882,Calibrated-Hybrid-LogTarget-isotonic,validation
2020-02-26,2020-02-27,0.0757898564940438,3.5358153204014027,Calibrated-Hybrid-LogTarget-isotonic,validation
2020-02-27,2020-02-28,3.3315279697661397,3.5358153204014027,Calibrated-Hybrid-LogTarget-isotonic,validation
2020-02-28,2020-03-02,0.0643087707016609,3.5358153204014027,Calibrated-Hybrid-LogTarget-isotonic,validation
2020-03-02,2020-03-03,0.4848687144344406,3.5358153204014027,Calibrated-Hybrid-LogTarget-isotonic,validation
2020-03-03,2020-03-04,0.0194121329487549,3.5358153204014027,Calibrated-Hybrid-LogTarget-isotonic,validation
2020-03-04,2020-03-05,0.1953921289983395,2.350296279778882,Calibrated-Hybrid-LogTarget-isotonic,validation
2020-03-05,2020-03-06,0.0439125584620563,1.1825548146876868,Calibrated-Hybrid-LogTarget-isotonic,validation
2020-03-06,2020-03-09,42.01600464009923,1.1825548146876868,Calibrated-Hybrid-LogTarget-isotonic,validation
2020-03-09,2020-03-10,0.0577385447930077,8.58519511090662,Calibrated-Hybrid-LogTarget-isotonic,validation
2020-03-10,2020-03-11,10.062685801317658,8.58519511090662,Calibrated-Hybrid-LogTarget-isotonic,validation
2020-03-11,2020-03-12,28.39132734538161,8.58519511090662,Calibrated-Hybrid-LogTarget-isotonic,validation
2020-03-12,2020-03-13,0.9522274265858316,8.58519511090662,Calibrated-Hybrid-LogTarget-isotonic,validation
2020-03-13,2020-03-16,3.4010756349170417,8.58519511090662,Calibrated-Hybrid-LogTarget-isotonic,validation
2020-03-16,2020-03-17,0.0775702786503674,8.58519511090662,Calibrated-Hybrid-LogTarget-isotonic,validation
2020-03-17,2020-03-18,0.0633870572758951,8.58519511090662,Calibrated-Hybrid-LogTarget-isotonic,validation
2020-03-18,2020-03-19,8.691271441121467,8.58519511090662,Calibrated-Hybrid-LogTarget-isotonic,validation
2020-03-19,2020-03-20,5.099806319623413,8.58519511090662,Calibrated-Hybrid-LogTarget-isotonic,validation
2020-03-20,2020-03-23,39.324753398937766,8.58519511090662,Calibrated-Hybrid-LogTarget-isotonic,validation
2020-03-23,2020-03-24,1.2394404253652411,8.58519511090662,Calibrated-Hybrid-LogTarget-isotonic,validation
2020-03-24,2020-03-25,21.170767602446844,8.58519511090662,Calibrated-Hybrid-LogTarget-isotonic,validation
2020-03-25,2020-03-26,0.3272592319629427,8.58519511090662,Calibrated-Hybrid-LogTarget-isotonic,validation
2020-03-26,2020-03-27,0.0708281107928228,8.58519511090662,Calibrated-Hybrid-LogTarget-isotonic,validation
2020-03-27,2020-03-30,24.77812989942355,8.58519511090662,Calibrated-Hybrid-LogTarget-isotonic,validation
2020-03-30,2020-03-31,0.0016614736162584,8.58519511090662,Calibrated-Hybrid-LogTarget-isotonic,validation
2020-03-31,2020-04-01,6.951204185299923,8.58519511090662,Calibrated-Hybrid-LogTarget-isotonic,validation
2020-04-01,2020-04-03,9.745314866975544,8.58519511090662,Calibrated-Hybrid-LogTarget-isotonic,validation
2020-04-03,2020-04-06,23.61975403181723,8.58519511090662,Calibrated-Hybrid-LogTarget-isotonic,validation
2020-04-06,2020-04-07,1.7959977540981795,8.58519511090662,Calibrated-Hybrid-LogTarget-isotonic,validation
2020-04-07,2020-04-08,0.031670113685362,3.5358153204014027,Calibrated-Hybrid-LogTarget-isotonic,validation
2020-04-08,2020-04-09,2.664349091269905,3.5358153204014027,Calibrated-Hybrid-LogTarget-isotonic,validation
2020-04-09,2020-04-10,0.0991193599969613,3.5358153204014027,Calibrated-Hybrid-LogTarget-isotonic,validation
2020-04-10,2020-04-13,1.0616734405284087,2.350296279778882,Calibrated-Hybrid-LogTarget-isotonic,validation
2020-04-13,2020-04-14,0.044657326796299,2.350296279778882,Calibrated-Hybrid-LogTarget-isotonic,validation
2020-04-14,2020-04-15,1.6134694756828007,1.1825548146876868,Calibrated-Hybrid-LogTarget-isotonic,validation
2020-04-15,2020-04-16,0.1995857905304535,1.1825548146876868,Calibrated-Hybrid-LogTarget-isotonic,validation
2020-04-16,2020-04-17,1.2849435357813008,1.1825548146876868,Calibrated-Hybrid-LogTarget-isotonic,validation
2020-04-17,2020-04-20,0.4593979249949131,1.1825548146876868,Calibrated-Hybrid-LogTarget-isotonic,validation
2020-04-20,2020-04-21,12.978873344019766,1.1825548146876868,Calibrated-Hybrid-LogTarget-isotonic,validation
2020-04-21,2020-04-22,0.0733737116381983,2.350296279778882,Calibrated-Hybrid-LogTarget-isotonic,validation
2020-04-22,2020-04-23,0.4184349588364568,2.350296279778882,Calibrated-Hybrid-LogTarget-isotonic,validation
2020-04-23,2020-04-24,0.1258182196300893,2.350296279778882,Calibrated-Hybrid-LogTarget-isotonic,validation
2020-04-24,2020-04-27,0.5795257679139346,2.350296279778882,Calibrated-Hybrid-LogTarget-isotonic,validation
2020-04-27,2020-04-28,0.2143187476000118,1.442059225800752,Calibrated-Hybrid-LogTarget-isotonic,validation
2020-04-28,2020-04-29,0.0611792667418572,1.442059225800752,Calibrated-Hybrid-LogTarget-isotonic,validation
2020-04-29,2020-05-04,0.7518344451734201,1.1825548146876868,Calibrated-Hybrid-LogTarget-isotonic,validation
2020-05-04,2020-05-05,0.0490191944837796,1.1825548146876868,Calibrated-Hybrid-LogTarget-isotonic,validation
2020-05-05,2020-05-06,5.6795185291388,1.1825548146876868,Calibrated-Hybrid-LogTarget-isotonic,validation
2020-05-06,2020-05-07,3.121729248484887,1.1825548146876868,Calibrated-Hybrid-LogTarget-isotonic,validation
2020-05-07,2020-05-08,4.558766386917776,1.1825548146876868,Calibrated-Hybrid-LogTarget-isotonic,validation
2020-05-08,2020-05-11,3.1623544686065705,1.1825548146876868,Calibrated-Hybrid-LogTarget-isotonic,validation
2020-05-11,2020-05-12,0.7061476617266061,1.1825548146876868,Calibrated-Hybrid-LogTarget-isotonic,validation
2020-05-12,2020-05-13,0.0176814396147646,1.1825548146876868,Calibrated-Hybrid-LogTarget-isotonic,validation
2020-05-13,2020-05-14,0.0471790852184788,1.1825548146876868,Calibrated-Hybrid-LogTarget-isotonic,validation
2020-05-14,2020-05-15,0.4188839500568042,1.1825548146876868,Calibrated-Hybrid-LogTarget-isotonic,validation
2020-05-15,2020-05-18,1.4388117144550177,1.1825548146876868,Calibrated-Hybrid-LogTarget-isotonic,validation
2020-05-18,2020-05-19,1.1212214832868546,1.1825548146876868,Calibrated-Hybrid-LogTarget-isotonic,validation
2020-05-19,2020-05-20,0.6772038230630518,1.1825548146876868,Calibrated-Hybrid-LogTarget-isotonic,validation
2020-05-20,2020-05-21,1.3105093570623978,1.1825548146876868,Calibrated-Hybrid-LogTarget-isotonic,validation
2020-05-21,2020-05-22,1.3565460202551032,1.1825548146876868,Calibrated-Hybrid-LogTarget-isotonic,validation
2020-05-22,2020-05-25,0.541812619677385,1.1825548146876868,Calibrated-Hybrid-LogTarget-isotonic,validation
2020-05-25,2020-05-26,1.3635757531139376,1.1825548146876868,Calibrated-Hybrid-LogTarget-isotonic,validation
2020-05-26,2020-05-27,1.8211114283606344,1.1825548146876868,Calibrated-Hybrid-LogTarget-isotonic,validation
2020-05-27,2020-05-28,0.2069802660068541,1.1825548146876868,Calibrated-Hybrid-LogTarget-isotonic,validation
2020-05-28,2020-05-29,0.1273946587706487,1.1825548146876868,Calibrated-Hybrid-LogTarget-isotonic,validation
2020-05-29,2020-06-01,2.6545527294324818,1.1825548146876868,Calibrated-Hybrid-LogTarget-isotonic,validation
2020-06-01,2020-06-02,0.1948438272852952,1.1825548146876868,Calibrated-Hybrid-LogTarget-isotonic,validation
2020-06-02,2020-06-03,0.526391032778092,1.1825548146876868,Calibrated-Hybrid-LogTarget-isotonic,validation
2020-06-03,2020-06-04,0.0956890209261397,1.1825548146876868,Calibrated-Hybrid-LogTarget-isotonic,validation
2020-06-04,2020-06-05,0.068711754863941,1.1825548146876868,Calibrated-Hybrid-LogTarget-isotonic,validation
2020-06-05,2020-06-08,2.3533534927844846,1.1825548146876868,Calibrated-Hybrid-LogTarget-isotonic,validation
2020-06-08,2020-06-09,0.0029663396470081,1.1825548146876868,Calibrated-Hybrid-LogTarget-isotonic,validation
2020-06-09,2020-06-10,0.0192877721914381,1.1825548146876868,Calibrated-Hybrid-LogTarget-isotonic,validation
2020-06-10,2020-06-11,14.20113167350128,1.1825548146876868,Calibrated-Hybrid-LogTarget-isotonic,validation
2020-06-11,2020-06-12,0.1978991573902568,3.5358153204014027,Calibrated-Hybrid-LogTarget-isotonic,validation
2020-06-12,2020-06-15,13.410151498832947,3.5358153204014027,Calibrated-Hybrid-LogTarget-isotonic,validation
2020-06-15,2020-06-16,7.854033490557961,6.4848481265623175,Calibrated-Hybrid-LogTarget-isotonic,validation
2020-06-16,2020-06-17,0.0390437911460607,4.073313202240062,Calibrated-Hybrid-LogTarget-isotonic,validation
2020-06-17,2020-06-18,0.0094269529730988,4.073313202240062,Calibrated-Hybrid-LogTarget-isotonic,validation
2020-06-18,2020-06-19,2.3775972708277777,3.5358153204014027,Calibrated-Hybrid-LogTarget-isotonic,validation
2020-06-19,2020-06-22,0.0977642075595444,3.5358153204014027,Calibrated-Hybrid-LogTarget-isotonic,validation
2020-06-22,2020-06-23,0.1254074833473004,3.5358153204014027,Calibrated-Hybrid-LogTarget-isotonic,validation
2020-06-23,2020-06-24,0.9656953175585764,2.350296279778882,Calibrated-Hybrid-LogTarget-isotonic,validation
2020-06-24,2020-06-25,0.3568032861992914,2.350296279778882,Calibrated-Hybrid-LogTarget-isotonic,validation
2020-06-25,2020-06-26,0.0935607015251472,2.350296279778882,Calibrated-Hybrid-LogTarget-isotonic,validation
2020-06-26,2020-06-29,7.240799310682349,2.350296279778882,Calibrated-Hybrid-LogTarget-isotonic,validation
2020-06-29,2020-06-30,0.263950183757359,3.5358153204014027,Calibrated-Hybrid-LogTarget-isotonic,validation
2020-06-30,2020-07-01,4.853797558668691,3.5358153204014027,Calibrated-Hybrid-LogTarget-isotonic,validation
2020-07-01,2020-07-02,0.0173403520116891,3.5358153204014027,Calibrated-Hybrid-LogTarget-isotonic,validation
2020-07-02,2020-07-03,0.3830874038106421,3.5358153204014027,Calibrated-Hybrid-LogTarget-isotonic,validation
2020-07-03,2020-07-06,2.515298700046254,2.350296279778882,Calibrated-Hybrid-LogTarget-isotonic,validation
2020-07-06,2020-07-07,0.0686927141453309,1.442059225800752,Calibrated-Hybrid-LogTarget-isotonic,validation
2020-07-07,2020-07-08,0.0156264509294999,1.1825548146876868,Calibrated-Hybrid-LogTarget-isotonic,validation
2020-07-08,2020-07-09,1.8878106377661732,1.1825548146876868,Calibrated-Hybrid-LogTarget-isotonic,validation
2020-07-09,2020-07-10,0.3609627180509834,1.1825548146876868,Calibrated-Hybrid-LogTarget-isotonic,validation
2020-07-10,2020-07-13,0.0819210906952639,1.1825548146876868,Calibrated-Hybrid-LogTarget-isotonic,validation
2020-07-13,2020-07-14,0.0049340673468667,1.1825548146876868,Calibrated-Hybrid-LogTarget-isotonic,validation
2020-07-14,2020-07-15,0.0429038013029008,1.1825548146876868,Calibrated-Hybrid-LogTarget-isotonic,validation
2020-07-15,2020-07-16,0.6277983835430785,1.1825548146876868,Calibrated-Hybrid-LogTarget-isotonic,validation
2020-07-16,2020-07-17,0.3025848721746239,1.1825548146876868,Calibrated-Hybrid-LogTarget-isotonic,validation
2020-07-17,2020-07-20,1.5014548821169582,1.1825548146876868,Calibrated-Hybrid-LogTarget-isotonic,validation
2020-07-20,2020-07-21,0.0011330265098316,1.1825548146876868,Calibrated-Hybrid-LogTarget-isotonic,validation
2020-07-21,2020-07-22,0.5929839946327068,1.1825548146876868,Calibrated-Hybrid-LogTarget-isotonic,validation
2020-07-22,2020-07-23,0.0380690415470228,1.1825548146876868,Calibrated-Hybrid-LogTarget-isotonic,validation
2020-07-23,2020-07-24,10.714506391324338,1.1825548146876868,Calibrated-Hybrid-LogTarget-isotonic,validation
2020-07-24,2020-07-27,29.71654662116303,3.5358153204014027,Calibrated-Hybrid-LogTarget-isotonic,validation
2020-07-27,2020-07-28,12.442241141417854,8.58519511090662,Calibrated-Hybrid-LogTarget-isotonic,validation
2020-07-28,2020-07-29,7.88382185098053,8.58519511090662,Calibrated-Hybrid-LogTarget-isotonic,validation
2020-07-29,2020-07-30,1.6712179001127756,8.58519511090662,Calibrated-Hybrid-LogTarget-isotonic,validation
2020-07-30,2020-07-31,0.1173768950572407,8.58519511090662,Calibrated-Hybrid-LogTarget-isotonic,validation
2020-07-31,2020-08-03,4.064809725455425,8.58519511090662,Calibrated-Hybrid-LogTarget-isotonic,validation
2020-08-03,2020-08-04,2.475940854259596,8.58519511090662,Calibrated-Hybrid-LogTarget-isotonic,validation
2020-08-04,2020-08-05,1.5093873640970836,6.4848481265623175,Calibrated-Hybrid-LogTarget-isotonic,validation
2020-08-05,2020-08-06,0.0712944062273411,3.5358153204014027,Calibrated-Hybrid-LogTarget-isotonic,validation
2020-08-06,2020-08-07,0.0285261487999524,3.5358153204014027,Calibrated-Hybrid-LogTarget-isotonic,validation
2020-08-07,2020-08-10,0.0426711422269859,2.350296279778882,Calibrated-Hybrid-LogTarget-isotonic,validation
2020-08-10,2020-08-11,0.0002025643928529,1.442059225800752,Calibrated-Hybrid-LogTarget-isotonic,validation
2020-08-11,2020-08-12,0.2065144883305979,1.1825548146876868,Calibrated-Hybrid-LogTarget-isotonic,validation
2020-08-12,2020-08-13,0.9127332835843408,1.1825548146876868,Calibrated-Hybrid-LogTarget-isotonic,validation
2020-08-13,2020-08-14,0.255367280706292,1.1825548146876868,Calibrated-Hybrid-LogTarget-isotonic,validation
2020-08-14,2020-08-17,0.0048129527023226,1.1825548146876868,Calibrated-Hybrid-LogTarget-isotonic,validation
2020-08-17,2020-08-18,0.1923085427612989,1.1825548146876868,Calibrated-Hybrid-LogTarget-isotonic,validation
2020-08-18,2020-08-19,0.3171223716823505,1.1825548146876868,Calibrated-Hybrid-LogTarget-isotonic,validation
2020-08-19,2020-08-20,0.1246527755214606,1.1825548146876868,Calibrated-Hybrid-LogTarget-isotonic,validation
2020-08-20,2020-08-21,0.5953479247893214,1.1825548146876868,Calibrated-Hybrid-LogTarget-isotonic,validation
2020-08-21,2020-08-24,2.601992310993434,1.1825548146876868,Calibrated-Hybrid-LogTarget-isotonic,validation
2020-08-24,2020-08-25,0.3897315001367304,1.1825548146876868,Calibrated-Hybrid-LogTarget-isotonic,validation
2020-08-25,2020-08-26,0.0055335984725061,1.1825548146876868,Calibrated-Hybrid-LogTarget-isotonic,validation
2020-08-26,2020-08-27,0.0201247832938772,1.1825548146876868,Calibrated-Hybrid-LogTarget-isotonic,validation
2020-08-27,2020-08-28,0.2371438175251532,1.1825548146876868,Calibrated-Hybrid-LogTarget-isotonic,validation
2020-08-28,2020-08-31,0.0919913483576587,1.1825548146876868,Calibrated-Hybrid-LogTarget-isotonic,validation
2020-08-31,2020-09-01,1.2923697898915891,1.1825548146876868,Calibrated-Hybrid-LogTarget-isotonic,validation
2020-09-01,2020-09-03,1.8585263119302429,0.6747442878288026,Calibrated-Hybrid-LogTarget-isotonic,validation
2020-09-03,2020-09-04,0.0724558184717704,0.6747442878288026,Calibrated-Hybrid-LogTarget-isotonic,validation
2020-09-04,2020-09-07,2.20557465755946,0.6747442878288026,Calibrated-Hybrid-LogTarget-isotonic,validation
2020-09-07,2020-09-08,0.045178302752493,1.1825548146876868,Calibrated-Hybrid-LogTarget-isotonic,validation
2020-09-08,2020-09-09,0.0084939812398233,1.1825548146876868,Calibrated-Hybrid-LogTarget-isotonic,validation
2020-09-09,2020-09-10,0.003162773705203,1.1825548146876868,Calibrated-Hybrid-LogTarget-isotonic,validation
2020-09-10,2020-09-11,0.0002847617108647,1.1825548146876868,Calibrated-Hybrid-LogTarget-isotonic,validation
2020-09-11,2020-09-14,0.3943421427943259,1.1825548146876868,Calibrated-Hybrid-LogTarget-isotonic,validation
2020-09-14,2020-09-15,0.0356225443834294,0.6747442878288026,Calibrated-Hybrid-LogTarget-isotonic,validation
2020-09-15,2020-09-16,0.0182018998394976,0.6747442878288026,Calibrated-Hybrid-LogTarget-isotonic,validation
2020-09-16,2020-09-17,0.1466259433788813,0.6747442878288026,Calibrated-Hybrid-LogTarget-isotonic,validation
2020-09-17,2020-09-18,0.5927837774192054,0.6747442878288026,Calibrated-Hybrid-LogTarget-isotonic,validation
2020-09-18,2020-09-21,0.5973025247310948,0.6747442878288026,Calibrated-Hybrid-LogTarget-isotonic,validation
2020-09-21,2020-09-22,0.0372219865301334,0.6747442878288026,Calibrated-Hybrid-LogTarget-isotonic,validation
2020-09-22,2020-09-23,0.4815094749114654,0.6747442878288026,Calibrated-Hybrid-LogTarget-isotonic,validation
2020-09-23,2020-09-24,0.1853426709964717,0.6747442878288026,Calibrated-Hybrid-LogTarget-isotonic,validation
2020-09-24,2020-09-25,0.0011645154128207,0.6747442878288026,Calibrated-Hybrid-LogTarget-isotonic,validation
2020-09-25,2020-09-28,0.2158897933071618,0.6747442878288026,Calibrated-Hybrid-LogTarget-isotonic,validation
2020-09-28,2020-09-29,0.8800033176965605,0.6747442878288026,Calibrated-Hybrid-LogTarget-isotonic,validation
2020-09-29,2020-09-30,0.0184885133347586,0.6747442878288026,Calibrated-Hybrid-LogTarget-isotonic,validation
2020-09-30,2020-10-01,0.9529808677190772,0.6747442878288026,Calibrated-Hybrid-LogTarget-isotonic,validation
2020-10-01,2020-10-02,0.2100701799336074,0.6747442878288026,Calibrated-Hybrid-LogTarget-isotonic,validation
2020-10-02,2020-10-05,0.2733808865752189,0.6747442878288026,Calibrated-Hybrid-LogTarget-isotonic,validation
2020-10-05,2020-10-06,0.0117020561613317,0.6747442878288026,Calibrated-Hybrid-LogTarget-isotonic,validation
2020-10-06,2020-10-07,0.194766708657986,0.6747442878288026,Calibrated-Hybrid-LogTarget-isotonic,validation
2020-10-07,2020-10-08,0.0091636773062023,0.6747442878288026,Calibrated-Hybrid-LogTarget-isotonic,validation
2020-10-08,2020-10-09,0.3136074736535195,1.1825548146876868,Calibrated-Hybrid-LogTarget-isotonic,validation
2020-10-09,2020-10-12,0.039147029875858,0.6747442878288026,Calibrated-Hybrid-LogTarget-isotonic,validation
2020-10-12,2020-10-13,0.1886516440368795,0.6747442878288026,Calibrated-Hybrid-LogTarget-isotonic,validation
2020-10-13,2020-10-14,1.2182219245675234,0.6747442878288026,Calibrated-Hybrid-LogTarget-isotonic,validation
2020-10-14,2020-10-15,0.0750977601457549,0.6747442878288026,Calibrated-Hybrid-LogTarget-isotonic,validation
2020-10-15,2020-10-16,0.0032789630718449,0.6747442878288026,Calibrated-Hybrid-LogTarget-isotonic,validation
2020-10-16,2020-10-19,0.0017086378411738,0.6747442878288026,Calibrated-Hybrid-LogTarget-isotonic,validation
2020-10-19,2020-10-20,0.0059793113747856,0.6747442878288026,Calibrated-Hybrid-LogTarget-isotonic,validation
2020-10-20,2020-10-21,0.3275908040251104,0.6747442878288026,Calibrated-Hybrid-LogTarget-isotonic,validation
2020-10-21,2020-10-22,1.3246371755092925,0.6747442878288026,Calibrated-Hybrid-LogTarget-isotonic,validation
2020-10-22,2020-10-23,1.4132948922636843,0.6747442878288026,Calibrated-Hybrid-LogTarget-isotonic,validation
2020-10-23,2020-10-26,1.1970960361828058,0.6747442878288026,Calibrated-Hybrid-LogTarget-isotonic,validation
2020-10-26,2020-10-27,0.2083430476879338,1.1825548146876868,Calibrated-Hybrid-LogTarget-isotonic,validation
2020-10-27,2020-10-28,7.411979475736142,1.1825548146876868,Calibrated-Hybrid-LogTarget-isotonic,validation
2020-10-28,2020-10-29,0.0458453997519621,2.350296279778882,Calibrated-Hybrid-LogTarget-isotonic,validation
2020-10-29,2020-10-30,0.4800476169952387,2.350296279778882,Calibrated-Hybrid-LogTarget-isotonic,validation
2020-10-30,2020-11-02,0.7800511650758589,1.442059225800752,Calibrated-Hybrid-LogTarget-isotonic,validation
2020-11-02,2020-11-03,0.0342682571944602,1.1825548146876868,Calibrated-Hybrid-LogTarget-isotonic,validation
2020-11-03,2020-11-04,0.2152577372300542,1.1825548146876868,Calibrated-Hybrid-LogTarget-isotonic,validation
2020-11-04,2020-11-05,0.045844571767648,1.1825548146876868,Calibrated-Hybrid-LogTarget-isotonic,validation
2020-11-05,2020-11-06,0.003314082741207,1.1825548146876868,Calibrated-Hybrid-LogTarget-isotonic,validation
2020-11-06,2020-11-09,2.10118385761475,1.1825548146876868,Calibrated-Hybrid-LogTarget-isotonic,validation
2020-11-09,2020-11-10,8.938431274224163e-05,1.1825548146876868,Calibrated-Hybrid-LogTarget-isotonic,validation
2020-11-10,2020-11-11,0.0011297213251294,1.1825548146876868,Calibrated-Hybrid-LogTarget-isotonic,validation
2020-11-11,2020-11-12,0.5456632914405392,1.1825548146876868,Calibrated-Hybrid-LogTarget-isotonic,validation
2020-11-12,2020-11-13,0.5301286092359084,1.1825548146876868,Calibrated-Hybrid-LogTarget-isotonic,validation
2020-11-13,2020-11-16,2.614940684665197,1.1825548146876868,Calibrated-Hybrid-LogTarget-isotonic,validation
2020-11-16,2020-11-17,3.5600857195920512,1.1825548146876868,Calibrated-Hybrid-LogTarget-isotonic,validation
2020-11-17,2020-11-18,0.2272651607739751,1.1825548146876868,Calibrated-Hybrid-LogTarget-isotonic,validation
2020-11-18,2020-11-19,0.9890184423772188,1.1825548146876868,Calibrated-Hybrid-LogTarget-isotonic,validation
2020-11-19,2020-11-20,0.4666750014882298,1.1825548146876868,Calibrated-Hybrid-LogTarget-isotonic,validation
2020-11-20,2020-11-23,0.1783704119345972,1.1825548146876868,Calibrated-Hybrid-LogTarget-isotonic,validation
2020-11-23,2020-11-24,0.0248986125796567,1.1825548146876868,Calibrated-Hybrid-LogTarget-isotonic,validation
2020-11-24,2020-11-25,0.1754782563587062,1.1825548146876868,Calibrated-Hybrid-LogTarget-isotonic,validation
2020-11-25,2020-11-26,0.3614717362335366,1.1825548146876868,Calibrated-Hybrid-LogTarget-isotonic,validation
2020-11-26,2020-11-27,0.1777363368777613,1.1825548146876868,Calibrated-Hybrid-LogTarget-isotonic,validation
2020-11-27,2020-11-30,0.50308697006867,1.1825548146876868,Calibrated-Hybrid-LogTarget-isotonic,validation
2020-11-30,2020-12-01,0.331272320082079,1.1825548146876868,Calibrated-Hybrid-LogTarget-isotonic,validation
2020-12-01,2020-12-02,0.2902563684716866,1.1825548146876868,Calibrated-Hybrid-LogTarget-isotonic,validation
2020-12-02,2020-12-03,0.290315397256232,1.1825548146876868,Calibrated-Hybrid-LogTarget-isotonic,validation
2020-12-03,2020-12-04,0.0274172683613022,1.1825548146876868,Calibrated-Hybrid-LogTarget-isotonic,validation
2020-12-04,2020-12-07,0.6850937253628709,1.1825548146876868,Calibrated-Hybrid-LogTarget-isotonic,validation
2020-12-07,2020-12-08,0.0048900250994697,1.1825548146876868,Calibrated-Hybrid-LogTarget-isotonic,validation
2020-12-08,2020-12-09,0.9108272820038537,1.1825548146876868,Calibrated-Hybrid-LogTarget-isotonic,validation
2020-12-09,2020-12-10,0.6307404981430905,1.1825548146876868,Calibrated-Hybrid-LogTarget-isotonic,validation
2020-12-10,2020-12-11,2.1005332911557746,1.1825548146876868,Calibrated-Hybrid-LogTarget-isotonic,validation
2020-12-11,2020-12-14,2.953190631516623,1.1825548146876868,Calibrated-Hybrid-LogTarget-isotonic,validation
2020-12-14,2020-12-15,0.6927758012586854,1.1825548146876868,Calibrated-Hybrid-LogTarget-isotonic,validation
2020-12-15,2020-12-16,1.2199074044400842,1.1825548146876868,Calibrated-Hybrid-LogTarget-isotonic,validation
2020-12-16,2020-12-17,2.0641473967885817,1.1825548146876868,Calibrated-Hybrid-LogTarget-isotonic,validation
2020-12-17,2020-12-18,2.192631063716555,1.442059225800752,Calibrated-Hybrid-LogTarget-isotonic,validation
2020-12-18,2020-12-21,1.6074554836667916,1.442059225800752,Calibrated-Hybrid-LogTarget-isotonic,validation
2020-12-21,2020-12-22,0.0479545490733483,1.1825548146876868,Calibrated-Hybrid-LogTarget-isotonic,validation
2020-12-22,2020-12-23,0.1771055150673424,1.1825548146876868,Calibrated-Hybrid-LogTarget-isotonic,validation
2020-12-23,2020-12-24,1.124406225180995,1.442059225800752,Calibrated-Hybrid-LogTarget-isotonic,validation
2020-12-24,2020-12-25,2.4671237918391133,2.350296279778882,Calibrated-Hybrid-LogTarget-isotonic,validation
2020-12-25,2020-12-28,0.4034604996523059,1.442059225800752,Calibrated-Hybrid-LogTarget-isotonic,validation
2020-12-28,2020-12-29,0.5549207078341868,1.442059225800752,Calibrated-Hybrid-LogTarget-isotonic,validation
2020-12-29,2020-12-30,0.0315106576863239,1.442059225800752,Calibrated-Hybrid-LogTarget-isotonic,validation
2020-12-30,2020-12-31,0.3307256931476,1.442059225800752,Calibrated-Hybrid-LogTarget-isotonic,validation
2020-12-31,2021-01-04,2.2278705339723945,1.1825548146876868,Calibrated-Hybrid-LogTarget-isotonic,validation
2021-01-04,2021-01-05,1.1499318142027897,1.1825548146876868,Calibrated-Hybrid-LogTarget-isotonic,validation
2021-01-05,2021-01-06,0.8776630886951989,1.1825548146876868,Calibrated-Hybrid-LogTarget-isotonic,validation
2021-01-06,2021-01-07,1.3339004712332734,1.1825548146876868,Calibrated-Hybrid-LogTarget-isotonic,validation
2021-01-07,2021-01-08,0.9288877612518626,1.1825548146876868,Calibrated-Hybrid-LogTarget-isotonic,validation
2021-01-08,2021-01-11,2.138176540768584,1.1825548146876868,Calibrated-Hybrid-LogTarget-isotonic,validation
2021-01-11,2021-01-12,0.3865727035398198,1.1825548146876868,Calibrated-Hybrid-LogTarget-isotonic,validation
2021-01-12,2021-01-13,0.2744693433035448,1.1825548146876868,Calibrated-Hybrid-LogTarget-isotonic,validation
2021-01-13,2021-01-14,0.0129409883939506,1.1825548146876868,Calibrated-Hybrid-LogTarget-isotonic,validation
2021-01-14,2021-01-15,0.3260937940923989,1.442059225800752,Calibrated-Hybrid-LogTarget-isotonic,validation
2021-01-15,2021-01-18,0.0358827142959493,1.442059225800752,Calibrated-Hybrid-LogTarget-isotonic,validation
2021-01-18,2021-01-19,27.541540391562137,1.442059225800752,Calibrated-Hybrid-LogTarget-isotonic,validation
2021-01-19,2021-01-20,0.1055259451193829,8.58519511090662,Calibrated-Hybrid-LogTarget-isotonic,validation
2021-01-20,2021-01-21,6.600825920548621,3.5358153204014027,Calibrated-Hybrid-LogTarget-isotonic,validation
2021-01-21,2021-01-22,0.0486234498742934,3.5358153204014027,Calibrated-Hybrid-LogTarget-isotonic,validation
2021-01-22,2021-01-25,0.003916873597976,3.5358153204014027,Calibrated-Hybrid-LogTarget-isotonic,validation
2021-01-25,2021-01-26,6.76157056018748,3.5358153204014027,Calibrated-Hybrid-LogTarget-isotonic,validation
2021-01-26,2021-01-27,12.16950048366727,3.5358153204014027,Calibrated-Hybrid-LogTarget-isotonic,validation
2021-01-27,2021-01-28,47.71522267260341,8.58519511090662,Calibrated-Hybrid-LogTarget-isotonic,validation
2021-01-28,2021-01-29,9.864460610625494,8.58519511090662,Calibrated-Hybrid-LogTarget-isotonic,validation
2021-01-29,2021-02-01,4.068938921704016,6.4848481265623175,Calibrated-Hybrid-LogTarget-isotonic,validation
2021-02-01,2021-02-02,14.37888811066259,8.58519511090662,Calibrated-Hybrid-LogTarget-isotonic,validation
2021-02-02,2021-02-03,10.698092971323405,8.58519511090662,Calibrated-Hybrid-LogTarget-isotonic,validation
2021-02-03,2021-02-04,0.006553579964635,4.073313202240062,Calibrated-Hybrid-LogTarget-isotonic,validation
2021-02-04,2021-02-05,1.728785632859906,3.5358153204014027,Calibrated-Hybrid-LogTarget-isotonic,validation
2021-02-05,2021-02-08,15.664350744194984,3.5358153204014027,Calibrated-Hybrid-LogTarget-isotonic,validation
2021-02-08,2021-02-09,8.346588799606792,4.073313202240062,Calibrated-Hybrid-LogTarget-isotonic,validation
2021-02-09,2021-02-17,12.948351612917367,3.5358153204014027,Calibrated-Hybrid-LogTarget-isotonic,validation
2021-02-17,2021-02-18,2.5487828873734144,3.5358153204014027,Calibrated-Hybrid-LogTarget-isotonic,validation
2021-02-18,2021-02-19,0.0056191882730801,2.350296279778882,Calibrated-Hybrid-LogTarget-isotonic,validation
2021-02-19,2021-02-22,0.0171990965562516,1.1825548146876868,Calibrated-Hybrid-LogTarget-isotonic,validation
2021-02-22,2021-02-23,0.04885188428266,1.1825548146876868,Calibrated-Hybrid-LogTarget-isotonic,validation
2021-02-23,2021-02-24,1.7852090551538884,1.1825548146876868,Calibrated-Hybrid-LogTarget-isotonic,validation
2021-02-24,2021-02-25,0.0863685922010339,1.1825548146876868,Calibrated-Hybrid-LogTarget-isotonic,validation
2021-02-25,2021-02-26,0.0678645793866586,1.1825548146876868,Calibrated-Hybrid-LogTarget-isotonic,validation
2021-02-26,2021-03-01,2.260340412751501,1.1825548146876868,Calibrated-Hybrid-LogTarget-isotonic,validation
2021-03-01,2021-03-02,0.0013754677373442,1.1825548146876868,Calibrated-Hybrid-LogTarget-isotonic,validation
2021-03-02,2021-03-03,0.0008207623047958,1.1825548146876868,Calibrated-Hybrid-LogTarget-isotonic,validation
2021-03-03,2021-03-04,2.448912301147324,1.1825548146876868,Calibrated-Hybrid-LogTarget-isotonic,validation
2021-03-04,2021-03-05,0.0002116227550263,1.442059225800752,Calibrated-Hybrid-LogTarget-isotonic,validation
2021-03-05,2021-03-08,0.001291980692468,1.442059225800752,Calibrated-Hybrid-LogTarget-isotonic,validation
2021-03-08,2021-03-09,0.2923761214947155,1.442059225800752,Calibrated-Hybrid-LogTarget-isotonic,validation
2021-03-09,2021-03-10,0.4837594769954144,1.442059225800752,Calibrated-Hybrid-LogTarget-isotonic,validation
2021-03-10,2021-03-11,0.9815546422643948,1.442059225800752,Calibrated-Hybrid-LogTarget-isotonic,validation
2021-03-11,2021-03-12,0.0002069778164541,1.1825548146876868,Calibrated-Hybrid-LogTarget-isotonic,validation
2021-03-12,2021-03-15,0.0643027332166397,1.1825548146876868,Calibrated-Hybrid-LogTarget-isotonic,validation
2021-03-15,2021-03-16,0.1553706585632092,1.1825548146876868,Calibrated-Hybrid-LogTarget-isotonic,validation
2021-03-16,2021-03-17,0.2737899242910557,1.1825548146876868,Calibrated-Hybrid-LogTarget-isotonic,validation
2021-03-17,2021-03-18,1.5481332912326575,1.1825548146876868,Calibrated-Hybrid-LogTarget-isotonic,validation
2021-03-18,2021-03-19,0.3310498706600423,1.1825548146876868,Calibrated-Hybrid-LogTarget-isotonic,validation
2021-03-19,2021-03-22,0.0010124742198036,1.1825548146876868,Calibrated-Hybrid-LogTarget-isotonic,validation
2021-03-22,2021-03-23,0.8528859825364001,1.1825548146876868,Calibrated-Hybrid-LogTarget-isotonic,validation
2021-03-23,2021-03-24,3.405784484981233,1.442059225800752,Calibrated-Hybrid-LogTarget-isotonic,validation
2021-03-24,2021-03-25,0.012314795662716,2.350296279778882,Calibrated-Hybrid-LogTarget-isotonic,validation
2021-03-25,2021-03-26,0.0058597397555957,2.350296279778882,Calibrated-Hybrid-LogTarget-isotonic,validation
2021-03-26,2021-03-29,1.3278733275984689,2.350296279778882,Calibrated-Hybrid-LogTarget-isotonic,validation
2021-03-29,2021-03-30,0.8177751702540456,1.442059225800752,Calibrated-Hybrid-LogTarget-isotonic,validation
2021-03-30,2021-03-31,0.1825736474519551,1.442059225800752,Calibrated-Hybrid-LogTarget-isotonic,validation
2021-03-31,2021-04-01,4.196908399032827,1.442059225800752,Calibrated-Hybrid-LogTarget-isotonic,validation
2021-04-01,2021-04-02,0.4682318073785952,1.1825548146876868,Calibrated-Hybrid-LogTarget-isotonic,validation
2021-04-02,2021-04-05,0.8890694068712227,1.1825548146876868,Calibrated-Hybrid-LogTarget-isotonic,validation
2021-04-05,2021-04-06,0.0997492041629095,1.1825548146876868,Calibrated-Hybrid-LogTarget-isotonic,validation
2021-04-06,2021-04-07,0.0380161793184628,1.1825548146876868,Calibrated-Hybrid-LogTarget-isotonic,validation
2021-04-07,2021-04-08,0.3656617949695199,1.1825548146876868,Calibrated-Hybrid-LogTarget-isotonic,validation
2021-04-08,2021-04-09,0.0685939299115526,1.1825548146876868,Calibrated-Hybrid-LogTarget-isotonic,validation
2021-04-09,2021-04-12,2.801867566535839,1.442059225800752,Calibrated-Hybrid-LogTarget-isotonic,validation
2021-04-12,2021-04-13,0.1085685992002533,1.442059225800752,Calibrated-Hybrid-LogTarget-isotonic,validation
2021-04-13,2021-04-14,0.3626329687997453,2.350296279778882,Calibrated-Hybrid-LogTarget-isotonic,validation
2021-04-14,2021-04-15,0.4743671604836424,1.442059225800752,Calibrated-Hybrid-LogTarget-isotonic,validation
2021-04-15,2021-04-16,0.4720531246781877,1.442059225800752,Calibrated-Hybrid-LogTarget-isotonic,validation
2021-04-16,2021-04-19,3.0629959648129166,2.350296279778882,Calibrated-Hybrid-LogTarget-isotonic,validation
2021-04-19,2021-04-20,0.3708468135979464,2.350296279778882,Calibrated-Hybrid-LogTarget-isotonic,validation
2021-04-20,2021-04-22,10.511479982603742,2.350296279778882,Calibrated-Hybrid-LogTarget-isotonic,validation
2021-04-22,2021-04-23,2.7977982020669034,3.5358153204014027,Calibrated-Hybrid-LogTarget-isotonic,validation
2021-04-23,2021-04-26,7.069875969155051,3.5358153204014027,Calibrated-Hybrid-LogTarget-isotonic,validation
2021-04-26,2021-04-27,0.1068177702515163,3.5358153204014027,Calibrated-Hybrid-LogTarget-isotonic,validation
2021-04-27,2021-04-28,0.6403727056381737,3.5358153204014027,Calibrated-Hybrid-LogTarget-isotonic,validation
2021-04-28,2021-04-29,0.6353802562532533,3.5358153204014027,Calibrated-Hybrid-LogTarget-isotonic,validation
2021-04-29,2021-05-04,0.0512876666991909,2.350296279778882,Calibrated-Hybrid-LogTarget-isotonic,validation
2021-05-04,2021-05-05,1.2974041483688885,2.350296279778882,Calibrated-Hybrid-LogTarget-isotonic,validation
2021-05-05,2021-05-06,0.2185486546328746,1.442059225800752,Calibrated-Hybrid-LogTarget-isotonic,validation
2021-05-06,2021-05-07,0.494132324659674,1.442059225800752,Calibrated-Hybrid-LogTarget-isotonic,validation
2021-05-07,2021-05-10,2.018769062145057,2.350296279778882,Calibrated-Hybrid-LogTarget-isotonic,validation
2021-05-10,2021-05-11,0.0792094524228185,1.442059225800752,Calibrated-Hybrid-LogTarget-isotonic,validation
2021-05-11,2021-05-12,1.0683689670129952,1.442059225800752,Calibrated-Hybrid-LogTarget-isotonic,validation
2021-05-12,2021-05-13,0.3147510754643727,1.1825548146876868,Calibrated-Hybrid-LogTarget-isotonic,validation
2021-05-13,2021-05-14,0.1194948927270032,1.1825548146876868,Calibrated-Hybrid-LogTarget-isotonic,validation
2021-05-14,2021-05-17,0.3681093008020274,1.1825548146876868,Calibrated-Hybrid-LogTarget-isotonic,validation
2021-05-17,2021-05-18,0.2298422025837693,1.1825548146876868,Calibrated-Hybrid-LogTarget-isotonic,validation
2021-05-18,2021-05-19,0.6085100033578476,1.1825548146876868,Calibrated-Hybrid-LogTarget-isotonic,validation
2021-05-19,2021-05-20,1.5332689494683411,1.1825548146876868,Calibrated-Hybrid-LogTarget-isotonic,validation
2021-05-20,2021-05-21,0.1986664550105345,1.1825548146876868,Calibrated-Hybrid-LogTarget-isotonic,validation
2021-05-21,2021-05-24,1.1845107713600658,1.1825548146876868,Calibrated-Hybrid-LogTarget-isotonic,validation
2021-05-24,2021-05-25,0.6615170731155926,1.1825548146876868,Calibrated-Hybrid-LogTarget-isotonic,validation
2021-05-25,2021-05-26,0.3826692450882292,1.1825548146876868,Calibrated-Hybrid-LogTarget-isotonic,validation
2021-05-26,2021-05-27,1.0043951904267852,1.1825548146876868,Calibrated-Hybrid-LogTarget-isotonic,validation
2021-05-27,2021-05-28,1.65727162339538,1.1825548146876868,Calibrated-Hybrid-LogTarget-isotonic,validation
2021-05-28,2021-05-31,0.3285055315434949,1.1825548146876868,Calibrated-Hybrid-LogTarget-isotonic,validation
2021-05-31,2021-06-01,0.5328741181290064,1.1825548146876868,Calibrated-Hybrid-LogTarget-isotonic,validation
2021-06-01,2021-06-02,0.0501764701325494,1.1825548146876868,Calibrated-Hybrid-LogTarget-isotonic,validation
2021-06-02,2021-06-03,3.01900451692919,1.1825548146876868,Calibrated-Hybrid-LogTarget-isotonic,validation
2021-06-03,2021-06-04,0.5091916058927975,1.1825548146876868,Calibrated-Hybrid-LogTarget-isotonic,validation
2021-06-04,2021-06-07,1.2488833393722787,1.1825548146876868,Calibrated-Hybrid-LogTarget-isotonic,validation
2021-06-07,2021-06-08,8.436942215340656,1.1825548146876868,Calibrated-Hybrid-LogTarget-isotonic,validation
2021-06-08,2021-06-09,0.9635770887636846,2.350296279778882,Calibrated-Hybrid-LogTarget-isotonic,validation
2021-06-09,2021-06-10,0.4923594509595709,1.442059225800752,Calibrated-Hybrid-LogTarget-isotonic,validation
2021-06-10,2021-06-11,4.4320627369374535,1.442059225800752,Calibrated-Hybrid-LogTarget-isotonic,validation
2021-06-11,2021-06-14,0.5411007585268014,1.1825548146876868,Calibrated-Hybrid-LogTarget-isotonic,validation
2021-06-14,2021-06-15,0.1708389534964715,1.1825548146876868,Calibrated-Hybrid-LogTarget-isotonic,validation
2021-06-15,2021-06-16,0.6335008462154236,1.1825548146876868,Calibrated-Hybrid-LogTarget-isotonic,validation
2021-06-16,2021-06-17,0.0626639901398827,1.1825548146876868,Calibrated-Hybrid-LogTarget-isotonic,validation
2021-06-17,2021-06-18,1.7005139602823875,1.1825548146876868,Calibrated-Hybrid-LogTarget-isotonic,validation
2021-06-18,2021-06-21,0.1396997155457911,1.1825548146876868,Calibrated-Hybrid-LogTarget-isotonic,validation
2021-06-21,2021-06-22,0.284425125779956,1.1825548146876868,Calibrated-Hybrid-LogTarget-isotonic,validation
2021-06-22,2021-06-23,0.0505778800491605,1.1825548146876868,Calibrated-Hybrid-LogTarget-isotonic,validation
2021-06-23,2021-06-24,0.042756846647676,1.1825548146876868,Calibrated-Hybrid-LogTarget-isotonic,validation
2021-06-24,2021-06-25,0.5639250493998573,1.1825548146876868,Calibrated-Hybrid-LogTarget-isotonic,validation
2021-06-25,2021-06-28,1.2596863062253096,1.1825548146876868,Calibrated-Hybrid-LogTarget-isotonic,validation
2021-06-28,2021-06-29,0.0902656153029111,1.1825548146876868,Calibrated-Hybrid-LogTarget-isotonic,validation
2021-06-29,2021-06-30,0.0111781207193246,1.1825548146876868,Calibrated-Hybrid-LogTarget-isotonic,validation
2021-06-30,2021-07-01,0.3645273399631648,1.1825548146876868,Calibrated-Hybrid-LogTarget-isotonic,validation
2021-07-01,2021-07-02,0.0505610286336511,1.1825548146876868,Calibrated-Hybrid-LogTarget-isotonic,validation
2021-07-02,2021-07-05,0.4168242183273023,1.1825548146876868,Calibrated-Hybrid-LogTarget-isotonic,validation
2021-07-05,2021-07-06,16.601013312283214,1.1825548146876868,Calibrated-Hybrid-LogTarget-isotonic,validation
2021-07-06,2021-07-07,6.058281445881023,3.5358153204014027,Calibrated-Hybrid-LogTarget-isotonic,validation
2021-07-07,2021-07-08,1.0078273448945338,2.350296279778882,Calibrated-Hybrid-LogTarget-isotonic,validation
2021-07-08,2021-07-09,4.095422426959989,2.350296279778882,Calibrated-Hybrid-LogTarget-isotonic,validation
2021-07-09,2021-07-12,14.799235172407151,3.5358153204014027,Calibrated-Hybrid-LogTarget-isotonic,validation
2021-07-12,2021-07-13,0.009141491530764,4.073313202240062,Calibrated-Hybrid-LogTarget-isotonic,validation
2021-07-13,2021-07-14,1.871533753406208,3.5358153204014027,Calibrated-Hybrid-LogTarget-isotonic,validation
2021-07-14,2021-07-15,1.185182208099543,3.5358153204014027,Calibrated-Hybrid-LogTarget-isotonic,validation
2021-07-15,2021-07-16,0.1728051567276786,3.5358153204014027,Calibrated-Hybrid-LogTarget-isotonic,validation
2021-07-16,2021-07-19,19.26799845022637,2.350296279778882,Calibrated-Hybrid-LogTarget-isotonic,validation
2021-07-19,2021-07-20,5.600831490366748,6.4848481265623175,Calibrated-Hybrid-LogTarget-isotonic,validation
2021-07-20,2021-07-21,0.0386259132356042,3.5358153204014027,Calibrated-Hybrid-LogTarget-isotonic,validation
2021-07-21,2021-07-22,3.1842211341003503,3.5358153204014027,Calibrated-Hybrid-LogTarget-isotonic,validation
2021-07-22,2021-07-23,3.75891611125588,3.5358153204014027,Calibrated-Hybrid-LogTarget-isotonic,validation
2021-07-23,2021-07-26,0.0932245335056029,3.5358153204014027,Calibrated-Hybrid-LogTarget-isotonic,validation
2021-07-26,2021-07-27,0.1095791578755464,2.350296279778882,Calibrated-Hybrid-LogTarget-isotonic,validation
2021-07-27,2021-07-28,0.0001201916445908,1.442059225800752,Calibrated-Hybrid-LogTarget-isotonic,validation
2021-07-28,2021-07-29,1.6539600353625152,1.1825548146876868,Calibrated-Hybrid-LogTarget-isotonic,validation
2021-07-29,2021-07-30,1.5967544948591652,1.1825548146876868,Calibrated-Hybrid-LogTarget-isotonic,validation
2021-07-30,2021-08-02,0.1009987039707803,1.1825548146876868,Calibrated-Hybrid-LogTarget-isotonic,validation
2021-08-02,2021-08-03,1.8957198194932552,1.1825548146876868,Calibrated-Hybrid-LogTarget-isotonic,validation
2021-08-03,2021-08-04,0.0297448118967559,1.1825548146876868,Calibrated-Hybrid-LogTarget-isotonic,validation
2021-08-04,2021-08-05,0.6506576147304501,1.1825548146876868,Calibrated-Hybrid-LogTarget-isotonic,validation
2021-08-05,2021-08-06,0.0931307383293993,1.1825548146876868,Calibrated-Hybrid-LogTarget-isotonic,validation
2021-08-06,2021-08-09,1.8579420490159877,1.1825548146876868,Calibrated-Hybrid-LogTarget-isotonic,validation
2021-08-09,2021-08-10,0.0356498511082493,1.1825548146876868,Calibrated-Hybrid-LogTarget-isotonic,validation
2021-08-10,2021-08-11,0.1163827824804467,1.1825548146876868,Calibrated-Hybrid-LogTarget-isotonic,validation
2021-08-11,2021-08-12,0.1222953063583315,1.1825548146876868,Calibrated-Hybrid-LogTarget-isotonic,validation
2021-08-12,2021-08-13,0.0871384784453648,1.1825548146876868,Calibrated-Hybrid-LogTarget-isotonic,validation
2021-08-13,2021-08-16,1.0399916754691487,1.1825548146876868,Calibrated-Hybrid-LogTarget-isotonic,validation
2021-08-16,2021-08-17,0.3314354435277737,1.1825548146876868,Calibrated-Hybrid-LogTarget-isotonic,validation
2021-08-17,2021-08-18,0.0249180078972991,1.1825548146876868,Calibrated-Hybrid-LogTarget-isotonic,validation
2021-08-18,2021-08-19,1.034084957658442,1.1825548146876868,Calibrated-Hybrid-LogTarget-isotonic,validation
2021-08-19,2021-08-20,11.285807091304966,1.1825548146876868,Calibrated-Hybrid-LogTarget-isotonic,validation
2021-08-20,2021-08-23,5.411821632013326,2.350296279778882,Calibrated-Hybrid-LogTarget-isotonic,validation
2021-08-23,2021-08-24,8.536462420535458e-05,2.350296279778882,Calibrated-Hybrid-LogTarget-isotonic,validation
2021-08-24,2021-08-25,0.6870757170728501,2.350296279778882,Calibrated-Hybrid-LogTarget-isotonic,validation
2021-08-25,2021-08-26,0.4170750420782061,2.350296279778882,Calibrated-Hybrid-LogTarget-isotonic,validation
2021-08-26,2021-08-27,0.8540485329092148,1.442059225800752,Calibrated-Hybrid-LogTarget-isotonic,validation
2021-08-27,2021-08-30,1.2797402595336076,1.1825548146876868,Calibrated-Hybrid-LogTarget-isotonic,validation
2021-08-30,2021-08-31,0.0627065630623478,1.1825548146876868,Calibrated-Hybrid-LogTarget-isotonic,validation
2021-08-31,2021-09-01,0.0569056328666982,1.1825548146876868,Calibrated-Hybrid-LogTarget-isotonic,validation
2021-09-01,2021-09-06,0.7669996218071843,1.1825548146876868,Calibrated-Hybrid-LogTarget-isotonic,validation
2021-09-06,2021-09-07,0.1115838258583112,1.1825548146876868,Calibrated-Hybrid-LogTarget-isotonic,validation
2021-09-07,2021-09-08,0.3840242724271654,1.1825548146876868,Calibrated-Hybrid-LogTarget-isotonic,validation
2021-09-08,2021-09-09,0.5999757427909345,1.1825548146876868,Calibrated-Hybrid-LogTarget-isotonic,validation
2021-09-09,2021-09-10,0.009783360800291,1.1825548146876868,Calibrated-Hybrid-LogTarget-isotonic,validation
2021-09-10,2021-09-13,0.0834204953018611,1.1825548146876868,Calibrated-Hybrid-LogTarget-isotonic,validation
2021-09-13,2021-09-14,0.0166539238245993,1.1825548146876868,Calibrated-Hybrid-LogTarget-isotonic,validation
2021-09-14,2021-09-15,0.208411861391793,1.1825548146876868,Calibrated-Hybrid-LogTarget-isotonic,validation
2021-09-15,2021-09-16,8.833374944135227e-06,1.1825548146876868,Calibrated-Hybrid-LogTarget-isotonic,validation
2021-09-16,2021-09-17,0.2517625260662404,1.1825548146876868,Calibrated-Hybrid-LogTarget-isotonic,validation
2021-09-17,2021-09-20,0.0255409488218125,1.1825548146876868,Calibrated-Hybrid-LogTarget-isotonic,validation
2021-09-20,2021-09-21,0.6256621683862371,1.1825548146876868,Calibrated-Hybrid-LogTarget-isotonic,validation
2021-09-21,2021-09-22,0.6493080782631847,1.1825548146876868,Calibrated-Hybrid-LogTarget-isotonic,validation
2021-09-22,2021-09-23,0.023678455022373,1.1825548146876868,Calibrated-Hybrid-LogTarget-isotonic,validation
2021-09-23,2021-09-24,0.0138313143395197,1.1825548146876868,Calibrated-Hybrid-LogTarget-isotonic,validation
2021-09-24,2021-09-27,3.828272422415496,1.1825548146876868,Calibrated-Hybrid-LogTarget-isotonic,validation
2021-09-27,2021-09-28,1.1555484032608674,1.442059225800752,Calibrated-Hybrid-LogTarget-isotonic,validation
2021-09-28,2021-09-29,5.575325206713305e-05,1.1825548146876868,Calibrated-Hybrid-LogTarget-isotonic,validation
2021-09-29,2021-09-30,0.0451927678238876,1.1825548146876868,Calibrated-Hybrid-LogTarget-isotonic,validation
2021-09-30,2021-10-01,0.2869590069123234,1.1825548146876868,Calibrated-Hybrid-LogTarget-isotonic,validation
2021-10-01,2021-10-04,0.1209217160727008,1.1825548146876868,Calibrated-Hybrid-LogTarget-isotonic,validation
2021-10-04,2021-10-05,1.2548666056334208,1.1825548146876868,Calibrated-Hybrid-LogTarget-isotonic,validation
2021-10-05,2021-10-06,0.363335054701863,1.1825548146876868,Calibrated-Hybrid-LogTarget-isotonic,validation
2021-10-06,2021-10-07,0.0539799292056889,1.1825548146876868,Calibrated-Hybrid-LogTarget-isotonic,validation
2021-10-07,2021-10-08,0.2422625428098201,1.1825548146876868,Calibrated-Hybrid-LogTarget-isotonic,validation
2021-10-08,2021-10-11,2.384064119474745,1.1825548146876868,Calibrated-Hybrid-LogTarget-isotonic,validation
2021-10-11,2021-10-12,0.0025924711816483,1.1825548146876868,Calibrated-Hybrid-LogTarget-isotonic,validation
2021-10-12,2021-10-13,0.043020201094552,1.1825548146876868,Calibrated-Hybrid-LogTarget-isotonic,validation
2021-10-13,2021-10-14,1.8582276241239155e-05,1.1825548146876868,Calibrated-Hybrid-LogTarget-isotonic,validation
2021-10-14,2021-10-15,0.0037272440365911,1.1825548146876868,Calibrated-Hybrid-LogTarget-isotonic,validation
2021-10-15,2021-10-18,0.0412074717223573,1.1825548146876868,Calibrated-Hybrid-LogTarget-isotonic,validation
2021-10-18,2021-10-19,0.0002054205471957,1.1825548146876868,Calibrated-Hybrid-LogTarget-isotonic,validation
2021-10-19,2021-10-20,0.012036644283499,1.1825548146876868,Calibrated-Hybrid-LogTarget-isotonic,validation
2021-10-20,2021-10-21,0.4224699907147212,1.1825548146876868,Calibrated-Hybrid-LogTarget-isotonic,validation
2021-10-21,2021-10-22,0.1038627326357175,1.1825548146876868,Calibrated-Hybrid-LogTarget-isotonic,validation
2021-10-22,2021-10-25,0.0766142772237032,1.1825548146876868,Calibrated-Hybrid-LogTarget-isotonic,validation
2021-10-25,2021-10-26,0.2013151221701667,1.1825548146876868,Calibrated-Hybrid-LogTarget-isotonic,validation
2021-10-26,2021-10-27,4.975421040294883,1.1825548146876868,Calibrated-Hybrid-LogTarget-isotonic,validation
2021-10-27,2021-10-28,1.0980607841681207,1.1825548146876868,Calibrated-Hybrid-LogTarget-isotonic,validation
2021-10-28,2021-10-29,0.1886851350804401,1.1825548146876868,Calibrated-Hybrid-LogTarget-isotonic,validation
2021-10-29,2021-11-01,0.1351609140151505,1.1825548146876868,Calibrated-Hybrid-LogTarget-isotonic,validation
2021-11-01,2021-11-02,0.8706925479870633,1.442059225800752,Calibrated-Hybrid-LogTarget-isotonic,validation
2021-11-02,2021-11-03,0.3174077865606339,1.1825548146876868,Calibrated-Hybrid-LogTarget-isotonic,validation
2021-11-03,2021-11-04,0.0780251318950003,2.350296279778882,Calibrated-Hybrid-LogTarget-isotonic,validation
2021-11-04,2021-11-05,0.3164163905277483,1.1825548146876868,Calibrated-Hybrid-LogTarget-isotonic,validation
2021-11-05,2021-11-08,0.5722632892702788,1.1825548146876868,Calibrated-Hybrid-LogTarget-isotonic,validation
2021-11-08,2021-11-09,0.1717825777423685,1.1825548146876868,Calibrated-Hybrid-LogTarget-isotonic,validation
2021-11-09,2021-11-10,0.0578685691569425,1.1825548146876868,Calibrated-Hybrid-LogTarget-isotonic,validation
2021-11-10,2021-11-11,0.0332757244454099,1.1825548146876868,Calibrated-Hybrid-LogTarget-isotonic,validation
2021-11-11,2021-11-12,0.5636350562840569,1.442059225800752,Calibrated-Hybrid-LogTarget-isotonic,validation
2021-11-12,2021-11-15,0.0470688863590858,1.1825548146876868,Calibrated-Hybrid-LogTarget-isotonic,validation
2021-11-15,2021-11-16,0.4729748116245648,1.442059225800752,Calibrated-Hybrid-LogTarget-isotonic,validation
2021-11-16,2021-11-17,0.40826744424175,1.442059225800752,Calibrated-Hybrid-LogTarget-isotonic,validation
2021-11-17,2021-11-18,0.1670640675036151,1.1825548146876868,Calibrated-Hybrid-LogTarget-isotonic,validation
2021-11-18,2021-11-19,1.4313283722317711,1.442059225800752,Calibrated-Hybrid-LogTarget-isotonic,validation
2021-11-19,2021-11-22,0.1237442583360642,2.350296279778882,Calibrated-Hybrid-LogTarget-isotonic,validation
2021-11-22,2021-11-23,1.2666258581863683,2.350296279778882,Calibrated-Hybrid-LogTarget-isotonic,validation
2021-11-23,2021-11-24,2.923344781612152,1.1825548146876868,Calibrated-Hybrid-LogTarget-isotonic,validation
2021-11-24,2021-11-25,0.6380046596767257,1.442059225800752,Calibrated-Hybrid-LogTarget-isotonic,validation
2021-11-25,2021-11-26,0.2701244946030526,1.1825548146876868,Calibrated-Hybrid-LogTarget-isotonic,validation
2021-11-26,2021-11-29,0.3025648797186475,1.442059225800752,Calibrated-Hybrid-LogTarget-isotonic,validation
2021-11-29,2021-11-30,0.1865846491020368,1.442059225800752,Calibrated-Hybrid-LogTarget-isotonic,validation
2021-11-30,2021-12-01,0.2075014205290045,1.442059225800752,Calibrated-Hybrid-LogTarget-isotonic,validation
2021-12-01,2021-12-02,0.0447934240863952,1.1825548146876868,Calibrated-Hybrid-LogTarget-isotonic,validation
2021-12-02,2021-12-03,7.012035907074128,1.1825548146876868,Calibrated-Hybrid-LogTarget-isotonic,validation
2021-12-03,2021-12-06,4.334941271489592,2.350296279778882,Calibrated-Hybrid-LogTarget-isotonic,validation
2021-12-06,2021-12-07,5.38610884102854,2.350296279778882,Calibrated-Hybrid-LogTarget-isotonic,validation
2021-12-07,2021-12-08,0.1770242562530693,1.442059225800752,Calibrated-Hybrid-LogTarget-isotonic,validation
2021-12-08,2021-12-09,1.070479018660655,1.442059225800752,Calibrated-Hybrid-LogTarget-isotonic,validation
2021-12-09,2021-12-10,0.0917573521914629,1.1825548146876868,Calibrated-Hybrid-LogTarget-isotonic,validation
2021-12-10,2021-12-13,0.7430153759165636,1.442059225800752,Calibrated-Hybrid-LogTarget-isotonic,validation
2021-12-13,2021-12-14,0.0001656787526269,1.1825548146876868,Calibrated-Hybrid-LogTarget-isotonic,validation
2021-12-14,2021-12-15,0.001241581482623,1.1825548146876868,Calibrated-Hybrid-LogTarget-isotonic,validation
2021-12-15,2021-12-16,0.0056551081903051,1.1825548146876868,Calibrated-Hybrid-LogTarget-isotonic,validation
2021-12-16,2021-12-17,0.0462794489398934,1.1825548146876868,Calibrated-Hybrid-LogTarget-isotonic,validation
2021-12-17,2021-12-20,0.0276816841350729,1.442059225800752,Calibrated-Hybrid-LogTarget-isotonic,validation
2021-12-20,2021-12-21,0.009100575448846,1.1825548146876868,Calibrated-Hybrid-LogTarget-isotonic,validation
2021-12-21,2021-12-22,0.0052396015195704,1.1825548146876868,Calibrated-Hybrid-LogTarget-isotonic,validation
2021-12-22,2021-12-23,1.992176913695392,1.1825548146876868,Calibrated-Hybrid-LogTarget-isotonic,validation
2021-12-23,2021-12-24,1.8717637228671864,2.350296279778882,Calibrated-Hybrid-LogTarget-isotonic,validation
2021-12-24,2021-12-27,0.6385359851594573,1.1825548146876868,Calibrated-Hybrid-LogTarget-isotonic,validation
2021-12-27,2021-12-28,0.1364517327618313,1.1825548146876868,Calibrated-Hybrid-LogTarget-isotonic,validation
2021-12-28,2021-12-29,0.3307731842534792,1.1825548146876868,Calibrated-Hybrid-LogTarget-isotonic,validation
2021-12-29,2021-12-30,0.0001019075301841,1.1825548146876868,Calibrated-Hybrid-LogTarget-isotonic,validation
2021-12-30,2021-12-31,0.6806292652244172,1.1825548146876868,Calibrated-Hybrid-LogTarget-isotonic,validation
2021-12-31,2022-01-04,3.2605099137684044,1.1825548146876868,Calibrated-Hybrid-LogTarget-isotonic,validation
2022-01-04,2022-01-05,0.0408421877386783,1.1825548146876868,Calibrated-Hybrid-LogTarget-isotonic,validation
2022-01-05,2022-01-06,0.1583194148629771,1.442059225800752,Calibrated-Hybrid-LogTarget-isotonic,validation
2022-01-06,2022-01-07,3.466888916717849e-05,1.442059225800752,Calibrated-Hybrid-LogTarget-isotonic,validation
2022-01-07,2022-01-10,2.6694297971607823,1.1825548146876868,Calibrated-Hybrid-LogTarget-isotonic,validation
2022-01-10,2022-01-11,0.5791412105719106,2.350296279778882,Calibrated-Hybrid-LogTarget-isotonic,validation
2022-01-11,2022-01-12,1.469449968423449,2.350296279778882,Calibrated-Hybrid-LogTarget-isotonic,validation
2022-01-12,2022-01-13,0.9252594386149106,1.442059225800752,Calibrated-Hybrid-LogTarget-isotonic,validation
2022-01-13,2022-01-14,4.021230809949571e-06,1.442059225800752,Calibrated-Hybrid-LogTarget-isotonic,validation
2022-01-14,2022-01-17,8.577861779061374,1.1825548146876868,Calibrated-Hybrid-LogTarget-isotonic,validation
2022-01-17,2022-01-18,0.9241996120524796,2.350296279778882,Calibrated-Hybrid-LogTarget-isotonic,validation
2022-01-18,2022-01-19,0.0713962483719635,2.350296279778882,Calibrated-Hybrid-LogTarget-isotonic,validation
2022-01-19,2022-01-20,2.396694299563955,1.442059225800752,Calibrated-Hybrid-LogTarget-isotonic,validation
2022-01-20,2022-01-21,0.2669228311266386,1.442059225800752,Calibrated-Hybrid-LogTarget-isotonic,validation
2022-01-21,2022-01-24,5.19144957677216,1.442059225800752,Calibrated-Hybrid-LogTarget-isotonic,validation
2022-01-24,2022-01-25,7.461944120148481,2.350296279778882,Calibrated-Hybrid-LogTarget-isotonic,validation
2022-01-25,2022-01-26,0.0182472056354126,2.350296279778882,Calibrated-Hybrid-LogTarget-isotonic,validation
2022-01-26,2022-01-27,0.5372614259470304,1.442059225800752,Calibrated-Hybrid-LogTarget-isotonic,validation
2022-01-27,2022-01-28,0.3091208848418566,1.442059225800752,Calibrated-Hybrid-LogTarget-isotonic,validation
2022-01-28,2022-02-07,1.5787299229773026,1.442059225800752,Calibrated-Hybrid-LogTarget-isotonic,validation
2022-02-07,2022-02-08,0.0493284261128678,1.1825548146876868,Calibrated-Hybrid-LogTarget-isotonic,validation
2022-02-08,2022-02-09,0.0852913112285084,1.1825548146876868,Calibrated-Hybrid-LogTarget-isotonic,validation
2022-02-09,2022-02-10,0.0087647457494785,1.1825548146876868,Calibrated-Hybrid-LogTarget-isotonic,validation
2022-02-10,2022-02-11,0.1140481407730615,1.1825548146876868,Calibrated-Hybrid-LogTarget-isotonic,validation
2022-02-11,2022-02-14,4.003846034921644,1.1825548146876868,Calibrated-Hybrid-LogTarget-isotonic,validation
2022-02-14,2022-02-15,1.9670652734045644,1.442059225800752,Calibrated-Hybrid-LogTarget-isotonic,validation
2022-02-15,2022-02-16,0.0018968880308684,1.1825548146876868,Calibrated-Hybrid-LogTarget-isotonic,validation
2022-02-16,2022-02-17,1.122140769245723,1.1825548146876868,Calibrated-Hybrid-LogTarget-isotonic,validation
2022-02-17,2022-02-18,0.0437252358911797,1.1825548146876868,Calibrated-Hybrid-LogTarget-isotonic,validation
2022-02-18,2022-02-21,0.1583409064037323,1.1825548146876868,Calibrated-Hybrid-LogTarget-isotonic,validation
2022-02-21,2022-02-22,0.2391227349223014,1.1825548146876868,Calibrated-Hybrid-LogTarget-isotonic,validation
2022-02-22,2022-02-23,0.3429157616051995,1.1825548146876868,Calibrated-Hybrid-LogTarget-isotonic,validation
2022-02-23,2022-02-24,1.3469467288223498,1.1825548146876868,Calibrated-Hybrid-LogTarget-isotonic,validation
2022-02-24,2022-02-25,0.0728442185423715,1.442059225800752,Calibrated-Hybrid-LogTarget-isotonic,validation
2022-02-25,2022-02-28,0.3435682703713377,1.1825548146876868,Calibrated-Hybrid-LogTarget-isotonic,validation
2022-02-28,2022-03-01,0.3350186274967215,1.1825548146876868,Calibrated-Hybrid-LogTarget-isotonic,validation
2022-03-01,2022-03-02,0.7897102913909818,1.1825548146876868,Calibrated-Hybrid-LogTarget-isotonic,validation
2022-03-02,2022-03-03,1.6972927621476632,1.442059225800752,Calibrated-Hybrid-LogTarget-isotonic,validation
2022-03-03,2022-03-04,0.0004806839941866,1.1825548146876868,Calibrated-Hybrid-LogTarget-isotonic,validation
2022-03-04,2022-03-07,0.1747715827843937,1.1825548146876868,Calibrated-Hybrid-LogTarget-isotonic,validation
2022-03-07,2022-03-08,2.9065282793306784,1.442059225800752,Calibrated-Hybrid-LogTarget-isotonic,validation
2022-03-08,2022-03-09,4.143903255486161e-06,1.442059225800752,Calibrated-Hybrid-LogTarget-isotonic,validation
2022-03-09,2022-03-10,0.1308186023197331,1.442059225800752,Calibrated-Hybrid-LogTarget-isotonic,validation
2022-03-10,2022-03-11,0.7249480262949388,1.1825548146876868,Calibrated-Hybrid-LogTarget-isotonic,validation
2022-03-11,2022-03-14,1.940974298078772,1.1825548146876868,Calibrated-Hybrid-LogTarget-isotonic,validation
2022-03-14,2022-03-15,0.2004736979473137,1.442059225800752,Calibrated-Hybrid-LogTarget-isotonic,validation
2022-03-15,2022-03-16,0.2048465635146144,1.1825548146876868,Calibrated-Hybrid-LogTarget-isotonic,validation
2022-03-16,2022-03-17,0.0189446795575115,1.1825548146876868,Calibrated-Hybrid-LogTarget-isotonic,validation
2022-03-17,2022-03-18,0.2804915592052127,1.1825548146876868,Calibrated-Hybrid-LogTarget-isotonic,validation
2022-03-18,2022-03-21,3.042510301896478,1.1825548146876868,Calibrated-Hybrid-LogTarget-isotonic,validation
2022-03-21,2022-03-22,0.3468240297098041,1.1825548146876868,Calibrated-Hybrid-LogTarget-isotonic,validation
2022-03-22,2022-03-23,0.0091785148718354,1.1825548146876868,Calibrated-Hybrid-LogTarget-isotonic,validation
2022-03-23,2022-03-24,0.0739545064300968,1.1825548146876868,Calibrated-Hybrid-LogTarget-isotonic,validation
2022-03-24,2022-03-25,0.0002565538581837,1.1825548146876868,Calibrated-Hybrid-LogTarget-isotonic,validation
2022-03-25,2022-03-28,1.0559980128443454,1.1825548146876868,Calibrated-Hybrid-LogTarget-isotonic,validation
2022-03-28,2022-03-29,0.9569197018395468,1.442059225800752,Calibrated-Hybrid-LogTarget-isotonic,validation
2022-03-29,2022-03-30,0.2354496444813368,1.1825548146876868,Calibrated-Hybrid-LogTarget-isotonic,validation
2022-03-30,2022-03-31,0.0120931732563713,1.1825548146876868,Calibrated-Hybrid-LogTarget-isotonic,validation
2022-03-31,2022-04-01,2.607401303697469,1.1825548146876868,Calibrated-Hybrid-LogTarget-isotonic,validation
2022-04-01,2022-04-04,0.2950865363946971,1.1825548146876868,Calibrated-Hybrid-LogTarget-isotonic,validation
2022-04-04,2022-04-05,0.09410156815978,1.1825548146876868,Calibrated-Hybrid-LogTarget-isotonic,validation
2022-04-05,2022-04-06,0.0355827999144168,1.1825548146876868,Calibrated-Hybrid-LogTarget-isotonic,validation
2022-04-06,2022-04-07,1.845756746133211,1.1825548146876868,Calibrated-Hybrid-LogTarget-isotonic,validation
2022-04-07,2022-04-08,1.8599564295348143,1.1825548146876868,Calibrated-Hybrid-LogTarget-isotonic,validation
2022-04-08,2022-04-12,3.317796568560508,1.1825548146876868,Calibrated-Hybrid-LogTarget-isotonic,validation
2022-04-12,2022-04-13,2.2412176347286983,1.442059225800752,Calibrated-Hybrid-LogTarget-isotonic,validation
2022-04-13,2022-04-14,0.1186709675031117,1.1825548146876868,Calibrated-Hybrid-LogTarget-isotonic,validation
2022-04-14,2022-04-15,0.8563450026802516,1.1825548146876868,Calibrated-Hybrid-LogTarget-isotonic,validation
2022-04-15,2022-04-18,3.225139156963737,1.1825548146876868,Calibrated-Hybrid-LogTarget-isotonic,validation
2022-04-18,2022-04-19,3.3937657292333743,1.442059225800752,Calibrated-Hybrid-LogTarget-isotonic,validation
2022-04-19,2022-04-20,2.4245124341762705,2.350296279778882,Calibrated-Hybrid-LogTarget-isotonic,validation
2022-04-20,2022-04-21,1.109638997468357,2.350296279778882,Calibrated-Hybrid-LogTarget-isotonic,validation
2022-04-21,2022-04-22,0.4305144066915168,2.350296279778882,Calibrated-Hybrid-LogTarget-isotonic,validation
2022-04-22,2022-04-25,25.802530842890924,2.350296279778882,Calibrated-Hybrid-LogTarget-isotonic,validation
2022-04-25,2022-04-26,5.262405488369011,8.58519511090662,Calibrated-Hybrid-LogTarget-isotonic,validation
2022-04-26,2022-04-27,0.8508547277394044,3.5358153204014027,Calibrated-Hybrid-LogTarget-isotonic,validation
2022-04-27,2022-04-28,0.0422563925888465,3.5358153204014027,Calibrated-Hybrid-LogTarget-isotonic,validation
2022-04-28,2022-04-29,1.3536355027087716,3.5358153204014027,Calibrated-Hybrid-LogTarget-isotonic,validation
2022-04-29,2022-05-04,1.7811317821270536,2.350296279778882,Calibrated-Hybrid-LogTarget-isotonic,validation
2022-05-04,2022-05-05,0.7846838850035229,2.350296279778882,Calibrated-Hybrid-LogTarget-isotonic,validation
2022-05-05,2022-05-06,5.457913784856381,2.350296279778882,Calibrated-Hybrid-LogTarget-isotonic,validation
2022-05-06,2022-05-09,21.07246376843707,3.5358153204014027,Calibrated-Hybrid-LogTarget-isotonic,validation
2022-05-09,2022-05-10,3.4895974437640893,8.58519511090662,Calibrated-Hybrid-LogTarget-isotonic,validation
2022-05-10,2022-05-11,0.3772893243323654,3.5358153204014027,Calibrated-Hybrid-LogTarget-isotonic,validation
2022-05-11,2022-05-12,24.369069377939013,3.5358153204014027,Calibrated-Hybrid-LogTarget-isotonic,validation
2022-05-12,2022-05-13,21.45200829300172,8.58519511090662,Calibrated-Hybrid-LogTarget-isotonic,validation
2022-05-13,2022-05-16,0.8445825050431754,8.58519511090662,Calibrated-Hybrid-LogTarget-isotonic,validation
2022-05-16,2022-05-17,22.10791922900586,8.58519511090662,Calibrated-Hybrid-LogTarget-isotonic,validation
2022-05-17,2022-05-18,1.0072145297005026,8.58519511090662,Calibrated-Hybrid-LogTarget-isotonic,validation
2022-05-18,2022-05-19,0.0050266870380628,4.073313202240062,Calibrated-Hybrid-LogTarget-isotonic,validation
2022-05-19,2022-05-20,0.0056143553761866,3.5358153204014027,Calibrated-Hybrid-LogTarget-isotonic,validation
2022-05-20,2022-05-23,3.1715419491716648,3.1715419491716648,Calibrated-Hybrid-LogTarget-isotonic,validation
2022-05-23,2022-05-24,1.4121508187671683,3.5358153204014027,Calibrated-Hybrid-LogTarget-isotonic,validation
2022-05-24,2022-05-25,7.852071042943518,2.350296279778882,Calibrated-Hybrid-LogTarget-isotonic,validation
2022-05-25,2022-05-26,0.0001218078083452,2.350296279778882,Calibrated-Hybrid-LogTarget-isotonic,validation
2022-05-26,2022-05-27,1.747305868676365,1.1825548146876868,Calibrated-Hybrid-LogTarget-isotonic,validation
2022-05-27,2022-05-30,0.4313230278725308,1.1825548146876868,Calibrated-Hybrid-LogTarget-isotonic,validation
2022-05-30,2022-05-31,0.0091927379819102,1.1825548146876868,Calibrated-Hybrid-LogTarget-isotonic,validation
2022-05-31,2022-06-01,0.2785076944454149,1.1825548146876868,Calibrated-Hybrid-LogTarget-isotonic,validation
2022-06-01,2022-06-02,0.7094839787224755,1.1825548146876868,Calibrated-Hybrid-LogTarget-isotonic,validation
2022-06-02,2022-06-03,0.0024678908753368,1.1825548146876868,Calibrated-Hybrid-LogTarget-isotonic,validation
2022-06-03,2022-06-06,0.0248021762794326,1.1825548146876868,Calibrated-Hybrid-LogTarget-isotonic,validation
2022-06-06,2022-06-07,0.0107788521263349,1.1825548146876868,Calibrated-Hybrid-LogTarget-isotonic,validation
2022-06-07,2022-06-08,1.62365203625605,1.1825548146876868,Calibrated-Hybrid-LogTarget-isotonic,validation
2022-06-08,2022-06-09,7.074018263381634e-05,1.1825548146876868,Calibrated-Hybrid-LogTarget-isotonic,validation
2022-06-09,2022-06-10,3.350301019629325,1.1825548146876868,Calibrated-Hybrid-LogTarget-isotonic,validation
2022-06-10,2022-06-13,20.64588542406384,1.442059225800752,Calibrated-Hybrid-LogTarget-isotonic,validation
2022-06-13,2022-06-14,0.0708307718816595,8.58519511090662,Calibrated-Hybrid-LogTarget-isotonic,validation
2022-06-14,2022-06-15,1.796441565238617,3.5358153204014027,Calibrated-Hybrid-LogTarget-isotonic,validation
2022-06-15,2022-06-16,3.432463040017097,3.5358153204014027,Calibrated-Hybrid-LogTarget-isotonic,validation
2022-06-16,2022-06-17,2.4820888579092317,3.5358153204014027,Calibrated-Hybrid-LogTarget-isotonic,validation
2022-06-17,2022-06-20,9.47527051181594,3.5358153204014027,Calibrated-Hybrid-LogTarget-isotonic,validation
2022-06-20,2022-06-21,0.4543743324349223,4.073313202240062,Calibrated-Hybrid-LogTarget-isotonic,validation
2022-06-21,2022-06-22,0.0746935567234301,3.5358153204014027,Calibrated-Hybrid-LogTarget-isotonic,validation
2022-06-22,2022-06-23,2.766255864563167,3.5358153204014027,Calibrated-Hybrid-LogTarget-isotonic,validation
2022-06-23,2022-06-24,0.0820210424345146,3.5358153204014027,Calibrated-Hybrid-LogTarget-isotonic,validation
2022-06-24,2022-06-27,2.1086071885158946,3.5358153204014027,Calibrated-Hybrid-LogTarget-isotonic,validation
2022-06-27,2022-06-28,1.593519408496492,2.350296279778882,Calibrated-Hybrid-LogTarget-isotonic,validation
2022-06-28,2022-06-29,6.739655204912147e-07,2.350296279778882,Calibrated-Hybrid-LogTarget-isotonic,validation
2022-06-29,2022-06-30,2.8779439800812714,1.1825548146876868,Calibrated-Hybrid-LogTarget-isotonic,validation
2022-06-30,2022-07-01,0.0117704187689308,2.350296279778882,Calibrated-Hybrid-LogTarget-isotonic,validation
2022-07-01,2022-07-04,0.0792348201052211,2.350296279778882,Calibrated-Hybrid-LogTarget-isotonic,validation
2022-07-04,2022-07-05,1.4358126528100246,1.442059225800752,Calibrated-Hybrid-LogTarget-isotonic,validation
2022-07-05,2022-07-06,7.389865614079536,2.350296279778882,Calibrated-Hybrid-LogTarget-isotonic,validation
2022-07-06,2022-07-07,2.1222407761584665,3.5358153204014027,Calibrated-Hybrid-LogTarget-isotonic,validation
2022-07-07,2022-07-08,0.1707436242121409,3.5358153204014027,Calibrated-Hybrid-LogTarget-isotonic,validation
2022-07-08,2022-07-11,1.896510687995091,3.5358153204014027,Calibrated-Hybrid-LogTarget-isotonic,validation
2022-07-11,2022-07-12,2.8101659729648394,3.5358153204014027,Calibrated-Hybrid-LogTarget-isotonic,validation
2022-07-12,2022-07-13,0.0058732050643028,3.5358153204014027,Calibrated-Hybrid-LogTarget-isotonic,validation
2022-07-13,2022-07-14,0.4904420356514064,2.350296279778882,Calibrated-Hybrid-LogTarget-isotonic,validation
2022-07-14,2022-07-15,0.0611617161101388,2.350296279778882,Calibrated-Hybrid-LogTarget-isotonic,validation
2022-07-15,2022-07-18,0.0549065100896944,1.442059225800752,Calibrated-Hybrid-LogTarget-isotonic,validation
2022-07-18,2022-07-19,0.0244219525267298,1.442059225800752,Calibrated-Hybrid-LogTarget-isotonic,validation
2022-07-19,2022-07-20,1.7763769532234184,1.442059225800752,Calibrated-Hybrid-LogTarget-isotonic,validation
2022-07-20,2022-07-21,0.1310065184317032,1.442059225800752,Calibrated-Hybrid-LogTarget-isotonic,validation
2022-07-21,2022-07-22,0.0961257253308801,1.1825548146876868,Calibrated-Hybrid-LogTarget-isotonic,validation
2022-07-22,2022-07-25,0.2759737706228845,1.1825548146876868,Calibrated-Hybrid-LogTarget-isotonic,validation
2022-07-25,2022-07-26,0.0835304358694094,1.1825548146876868,Calibrated-Hybrid-LogTarget-isotonic,validation
2022-07-26,2022-07-27,0.2525093111697122,1.1825548146876868,Calibrated-Hybrid-LogTarget-isotonic,validation
2022-07-27,2022-07-28,2.02736513860254,1.1825548146876868,Calibrated-Hybrid-LogTarget-isotonic,validation
2022-07-28,2022-07-29,0.0219851675662213,1.1825548146876868,Calibrated-Hybrid-LogTarget-isotonic,validation
2022-07-29,2022-08-01,4.214166749504341,1.1825548146876868,Calibrated-Hybrid-LogTarget-isotonic,validation
2022-08-01,2022-08-02,0.6898714562213188,1.1825548146876868,Calibrated-Hybrid-LogTarget-isotonic,validation
2022-08-02,2022-08-03,0.4270040010021521,1.1825548146876868,Calibrated-Hybrid-LogTarget-isotonic,validation
2022-08-03,2022-08-04,0.1229567831793093,1.1825548146876868,Calibrated-Hybrid-LogTarget-isotonic,validation
2022-08-04,2022-08-05,0.0126539977340546,1.1825548146876868,Calibrated-Hybrid-LogTarget-isotonic,validation
2022-08-05,2022-08-08,0.1021359274837244,1.1825548146876868,Calibrated-Hybrid-LogTarget-isotonic,validation
2022-08-08,2022-08-09,0.0278750471367201,1.1825548146876868,Calibrated-Hybrid-LogTarget-isotonic,validation
2022-08-09,2022-08-10,0.0349139608846283,1.1825548146876868,Calibrated-Hybrid-LogTarget-isotonic,validation
2022-08-10,2022-08-11,0.1247429178058028,1.1825548146876868,Calibrated-Hybrid-LogTarget-isotonic,validation
2022-08-11,2022-08-12,0.6660254086755314,1.1825548146876868,Calibrated-Hybrid-LogTarget-isotonic,validation
2022-08-12,2022-08-15,0.8759670360790162,1.1825548146876868,Calibrated-Hybrid-LogTarget-isotonic,validation
2022-08-15,2022-08-16,0.0014782571055336,1.1825548146876868,Calibrated-Hybrid-LogTarget-isotonic,validation
2022-08-16,2022-08-17,0.0021413807191485,1.1825548146876868,Calibrated-Hybrid-LogTarget-isotonic,validation
2022-08-17,2022-08-18,0.0161573789935176,1.1825548146876868,Calibrated-Hybrid-LogTarget-isotonic,validation
2022-08-18,2022-08-19,0.124159183844011,1.1825548146876868,Calibrated-Hybrid-LogTarget-isotonic,validation
2022-08-19,2022-08-22,0.4785997007311449,1.1825548146876868,Calibrated-Hybrid-LogTarget-isotonic,validation
2022-08-22,2022-08-23,0.6726558406784502,1.1825548146876868,Calibrated-Hybrid-LogTarget-isotonic,validation
2022-08-23,2022-08-24,0.2484394846076955,1.1825548146876868,Calibrated-Hybrid-LogTarget-isotonic,validation
2022-08-24,2022-08-25,0.8344386477124279,1.1825548146876868,Calibrated-Hybrid-LogTarget-isotonic,validation
2022-08-25,2022-08-26,0.2408597797174897,1.1825548146876868,Calibrated-Hybrid-LogTarget-isotonic,validation
2022-08-26,2022-08-29,0.8499464536320859,1.1825548146876868,Calibrated-Hybrid-LogTarget-isotonic,validation
2022-08-29,2022-08-30,0.4538418356510164,1.442059225800752,Calibrated-Hybrid-LogTarget-isotonic,validation
2022-08-30,2022-08-31,0.0076568491567018,1.1825548146876868,Calibrated-Hybrid-LogTarget-isotonic,validation
2022-08-31,2022-09-05,0.061049351862573,1.1825548146876868,Calibrated-Hybrid-LogTarget-isotonic,validation
2022-09-05,2022-09-06,1.532156699315195e-05,1.1825548146876868,Calibrated-Hybrid-LogTarget-isotonic,validation
2022-09-06,2022-09-07,7.377847328826583,1.1825548146876868,Calibrated-Hybrid-LogTarget-isotonic,validation
2022-09-07,2022-09-08,0.478523332029774,2.350296279778882,Calibrated-Hybrid-LogTarget-isotonic,validation
2022-09-08,2022-09-09,1.3041739898741895,2.350296279778882,Calibrated-Hybrid-LogTarget-isotonic,validation
2022-09-09,2022-09-12,0.004521626169754,2.350296279778882,Calibrated-Hybrid-LogTarget-isotonic,validation
2022-09-12,2022-09-13,0.0095408682654198,1.442059225800752,Calibrated-Hybrid-LogTarget-isotonic,validation
2022-09-13,2022-09-14,0.3758397161006742,1.1825548146876868,Calibrated-Hybrid-LogTarget-isotonic,validation
2022-09-14,2022-09-15,0.1547128388602677,1.1825548146876868,Calibrated-Hybrid-LogTarget-isotonic,validation
2022-09-15,2022-09-16,0.6392848421140832,1.1825548146876868,Calibrated-Hybrid-LogTarget-isotonic,validation
2022-09-16,2022-09-19,6.167092365627429,1.1825548146876868,Calibrated-Hybrid-LogTarget-isotonic,validation
2022-09-19,2022-09-20,1.2403443891166936,2.350296279778882,Calibrated-Hybrid-LogTarget-isotonic,validation
2022-09-20,2022-09-21,0.4759099851621189,2.350296279778882,Calibrated-Hybrid-LogTarget-isotonic,validation
2022-09-21,2022-09-22,0.1171234903128616,2.350296279778882,Calibrated-Hybrid-LogTarget-isotonic,validation
2022-09-22,2022-09-23,0.8922637492009945,2.350296279778882,Calibrated-Hybrid-LogTarget-isotonic,validation
2022-09-23,2022-09-26,5.922583365191483,2.350296279778882,Calibrated-Hybrid-LogTarget-isotonic,validation
2022-09-26,2022-09-27,0.4452493243663706,3.5358153204014027,Calibrated-Hybrid-LogTarget-isotonic,validation
2022-09-27,2022-09-28,3.9376181571955216,3.5358153204014027,Calibrated-Hybrid-LogTarget-isotonic,validation
2022-09-28,2022-09-29,2.391654578614972,3.5358153204014027,Calibrated-Hybrid-LogTarget-isotonic,validation
2022-09-29,2022-09-30,0.2861665228807753,3.5358153204014027,Calibrated-Hybrid-LogTarget-isotonic,validation
2022-09-30,2022-10-03,16.955331578512116,3.5358153204014027,Calibrated-Hybrid-LogTarget-isotonic,validation
2022-10-03,2022-10-04,0.5881297526576773,8.58519511090662,Calibrated-Hybrid-LogTarget-isotonic,validation
2022-10-04,2022-10-05,5.7303230555022,4.073313202240062,Calibrated-Hybrid-LogTarget-isotonic,validation
2022-10-05,2022-10-06,7.453651936358921,4.073313202240062,Calibrated-Hybrid-LogTarget-isotonic,validation
2022-10-06,2022-10-07,13.391049366085785,6.4848481265623175,Calibrated-Hybrid-LogTarget-isotonic,validation
2022-10-07,2022-10-10,0.3997049579355222,8.58519511090662,Calibrated-Hybrid-LogTarget-isotonic,validation
2022-10-10,2022-10-11,12.54691927074426,4.073313202240062,Calibrated-Hybrid-LogTarget-isotonic,validation
2022-10-11,2022-10-12,7.860720182392412,8.58519511090662,Calibrated-Hybrid-LogTarget-isotonic,validation
2022-10-12,2022-10-13,2.4070722291092697,4.073313202240062,Calibrated-Hybrid-LogTarget-isotonic,validation
2022-10-13,2022-10-14,1.0568030806874944,4.073313202240062,Calibrated-Hybrid-LogTarget-isotonic,validation
2022-10-14,2022-10-17,0.9445652838308308,3.5358153204014027,Calibrated-Hybrid-LogTarget-isotonic,validation
2022-10-17,2022-10-18,1.304619909377935,3.5358153204014027,Calibrated-Hybrid-LogTarget-isotonic,validation
2022-10-18,2022-10-19,0.1143012847418557,2.350296279778882,Calibrated-Hybrid-LogTarget-isotonic,validation
2022-10-19,2022-10-20,0.0233897216248987,2.350296279778882,Calibrated-Hybrid-LogTarget-isotonic,validation
2022-10-20,2022-10-21,13.823102148731785,2.350296279778882,Calibrated-Hybrid-LogTarget-isotonic,validation
2022-10-21,2022-10-24,11.27142788246664,4.073313202240062,Calibrated-Hybrid-LogTarget-isotonic,validation
2022-10-24,2022-10-25,0.2552819963060921,8.58519511090662,Calibrated-Hybrid-LogTarget-isotonic,validation
2022-10-25,2022-10-26,0.2322552175172126,3.5358153204014027,Calibrated-Hybrid-LogTarget-isotonic,validation
2022-10-26,2022-10-27,17.476545289293156,3.5358153204014027,Calibrated-Hybrid-LogTarget-isotonic,validation
2022-10-27,2022-10-28,0.0040004302898497,3.5358153204014027,Calibrated-Hybrid-LogTarget-isotonic,validation
2022-10-28,2022-10-31,0.003185411598369,3.5358153204014027,Calibrated-Hybrid-LogTarget-isotonic,validation
2022-10-31,2022-11-01,0.3176638729946111,2.350296279778882,Calibrated-Hybrid-LogTarget-isotonic,validation
2022-11-01,2022-11-02,1.0542708806933592,1.442059225800752,Calibrated-Hybrid-LogTarget-isotonic,validation
2022-11-02,2022-11-03,0.1094857130367321,2.350296279778882,Calibrated-Hybrid-LogTarget-isotonic,validation
2022-11-03,2022-11-04,5.049190747098641,2.350296279778882,Calibrated-Hybrid-LogTarget-isotonic,validation
2022-11-04,2022-11-07,4.95903292212355,3.5358153204014027,Calibrated-Hybrid-LogTarget-isotonic,validation
2022-11-07,2022-11-08,0.4359307936718208,3.5358153204014027,Calibrated-Hybrid-LogTarget-isotonic,validation
2022-11-08,2022-11-09,0.1604496978685764,3.5358153204014027,Calibrated-Hybrid-LogTarget-isotonic,validation
2022-11-09,2022-11-10,15.751336654060546,3.5358153204014027,Calibrated-Hybrid-LogTarget-isotonic,validation
2022-11-10,2022-11-11,0.5877644540297541,4.073313202240062,Calibrated-Hybrid-LogTarget-isotonic,validation
2022-11-11,2022-11-14,2.025904181968848,3.5358153204014027,Calibrated-Hybrid-LogTarget-isotonic,validation
2022-11-14,2022-11-15,9.894366349346946,3.5358153204014027,Calibrated-Hybrid-LogTarget-isotonic,validation
2022-11-15,2022-11-16,11.17558049000805,4.073313202240062,Calibrated-Hybrid-LogTarget-isotonic,validation
2022-11-16,2022-11-17,7.602516501605635,3.5358153204014027,Calibrated-Hybrid-LogTarget-isotonic,validation
2022-11-17,2022-11-18,5.215358122437767e-05,3.5358153204014027,Calibrated-Hybrid-LogTarget-isotonic,validation
2022-11-18,2022-11-21,0.8090953049399706,2.350296279778882,Calibrated-Hybrid-LogTarget-isotonic,validation
2022-11-21,2022-11-22,0.7954965643291928,2.350296279778882,Calibrated-Hybrid-LogTarget-isotonic,validation
2022-11-22,2022-11-23,0.4158325821141256,2.350296279778882,Calibrated-Hybrid-LogTarget-isotonic,validation
2022-11-23,2022-11-24,0.0326156098281846,2.350296279778882,Calibrated-Hybrid-LogTarget-isotonic,validation
2022-11-24,2022-11-25,6.126390414606435,2.350296279778882,Calibrated-Hybrid-LogTarget-isotonic,validation
2022-11-25,2022-11-28,11.99171626886051,2.350296279778882,Calibrated-Hybrid-LogTarget-isotonic,validation
2022-11-28,2022-11-29,6.749510839154126,2.350296279778882,Calibrated-Hybrid-LogTarget-isotonic,validation
2022-11-29,2022-11-30,2.4431488019656613,1.1825548146876868,Calibrated-Hybrid-LogTarget-isotonic,validation
2022-11-30,2022-12-01,1.3565007887137526,1.1825548146876868,Calibrated-Hybrid-LogTarget-isotonic,validation
2022-12-01,2022-12-02,17.084105039989844,1.1825548146876868,Calibrated-Hybrid-LogTarget-isotonic,validation
2022-12-02,2022-12-05,1.5797254157342264,1.442059225800752,Calibrated-Hybrid-LogTarget-isotonic,validation
2022-12-05,2022-12-06,17.637687522394646,1.1825548146876868,Calibrated-Hybrid-LogTarget-isotonic,validation
2022-12-06,2022-12-07,0.5388682275570345,3.5358153204014027,Calibrated-Hybrid-LogTarget-isotonic,validation
2022-12-07,2022-12-08,0.8269714352452323,3.5358153204014027,Calibrated-Hybrid-LogTarget-isotonic,validation
2022-12-08,2022-12-09,0.0148277116225318,2.350296279778882,Calibrated-Hybrid-LogTarget-isotonic,validation
2022-12-09,2022-12-12,3.589507425464579,2.350296279778882,Calibrated-Hybrid-LogTarget-isotonic,validation
2022-12-12,2022-12-13,2.1880754664799307,2.350296279778882,Calibrated-Hybrid-LogTarget-isotonic,validation
2022-12-13,2022-12-14,0.0807108309118899,2.350296279778882,Calibrated-Hybrid-LogTarget-isotonic,validation
2022-12-14,2022-12-15,0.2157077020057238,1.442059225800752,Calibrated-Hybrid-LogTarget-isotonic,validation
2022-12-15,2022-12-16,0.072617015649584,1.1825548146876868,Calibrated-Hybrid-LogTarget-isotonic,validation
2022-12-16,2022-12-19,1.813928705292506,1.442059225800752,Calibrated-Hybrid-LogTarget-isotonic,validation
2022-12-19,2022-12-20,2.1946973166474533,2.350296279778882,Calibrated-Hybrid-LogTarget-isotonic,validation
2022-12-20,2022-12-21,0.1732700004356016,2.350296279778882,Calibrated-Hybrid-LogTarget-isotonic,validation
2022-12-21,2022-12-22,0.1335316168500294,2.350296279778882,Calibrated-Hybrid-LogTarget-isotonic,validation
2022-12-22,2022-12-23,0.0493851739530653,2.350296279778882,Calibrated-Hybrid-LogTarget-isotonic,validation
2022-12-23,2022-12-26,12.275470581243656,2.350296279778882,Calibrated-Hybrid-LogTarget-isotonic,validation
2022-12-26,2022-12-27,3.78693616836278,3.5358153204014027,Calibrated-Hybrid-LogTarget-isotonic,validation
2022-12-27,2022-12-28,1.2053971949970186,3.5358153204014027,Calibrated-Hybrid-LogTarget-isotonic,validation
2022-12-28,2022-12-29,0.3958340163318585,3.5358153204014027,Calibrated-Hybrid-LogTarget-isotonic,validation
2022-12-29,2022-12-30,0.047616879962563,3.5358153204014027,Calibrated-Hybrid-LogTarget-isotonic,validation
