date,target_date,actual_var,pred_var,model,split
2023-01-03,2023-01-04,0.0549535930877402,2.4202206144384797,Calibrated-Hybrid-QLIKE-scale_qlike,test
2023-01-04,2023-01-05,0.8117646910153878,2.237871414625306,Calibrated-Hybrid-QLIKE-scale_qlike,test
2023-01-05,2023-01-06,0.172811729353928,2.152083529728072,Calibrated-Hybrid-QLIKE-scale_qlike,test
2023-01-06,2023-01-09,0.0692225607636781,2.1061321210001664,Calibrated-Hybrid-QLIKE-scale_qlike,test
2023-01-09,2023-01-10,0.0066603499297191,2.160809877753467,Calibrated-Hybrid-QLIKE-scale_qlike,test
2023-01-10,2023-01-11,0.0522271097766636,2.1238475680593325,Calibrated-Hybrid-QLIKE-scale_qlike,test
2023-01-11,2023-01-12,0.0035587018238326,2.0617126387882827,Calibrated-Hybrid-QLIKE-scale_qlike,test
2023-01-12,2023-01-13,0.1275802197397324,2.0113810672853494,Calibrated-Hybrid-QLIKE-scale_qlike,test
2023-01-13,2023-01-16,0.374758039143315,1.9523232754920765,Calibrated-Hybrid-QLIKE-scale_qlike,test
2023-01-16,2023-01-17,4.022686466488597,1.8960283929409905,Calibrated-Hybrid-QLIKE-scale_qlike,test
2023-01-17,2023-01-18,0.8349687871773404,1.8463417557313446,Calibrated-Hybrid-QLIKE-scale_qlike,test
2023-01-18,2023-01-19,0.7891600724610666,1.8084405933820982,Calibrated-Hybrid-QLIKE-scale_qlike,test
2023-01-19,2023-01-27,0.6572756271765033,1.781537163808343,Calibrated-Hybrid-QLIKE-scale_qlike,test
2023-01-27,2023-01-30,1.7140630852404162,1.7658735249395263,Calibrated-Hybrid-QLIKE-scale_qlike,test
2023-01-30,2023-01-31,0.6050810133388357,1.860921945862656,Calibrated-Hybrid-QLIKE-scale_qlike,test
2023-01-31,2023-02-01,10.368357126316685,1.8497883029885198,Calibrated-Hybrid-QLIKE-scale_qlike,test
2023-02-01,2023-02-02,0.0226347776228954,2.0892432474826648,Calibrated-Hybrid-QLIKE-scale_qlike,test
2023-02-02,2023-02-03,0.0016679215067438,2.0873067840470854,Calibrated-Hybrid-QLIKE-scale_qlike,test
2023-02-03,2023-02-06,1.256067923688864,2.1132953751560906,Calibrated-Hybrid-QLIKE-scale_qlike,test
2023-02-06,2023-02-07,4.736232587067869,2.1038298243667315,Calibrated-Hybrid-QLIKE-scale_qlike,test
2023-02-07,2023-02-08,0.3561755878073738,2.2440420396679137,Calibrated-Hybrid-QLIKE-scale_qlike,test
2023-02-08,2023-02-09,0.5879330834697908,2.205107372987713,Calibrated-Hybrid-QLIKE-scale_qlike,test
2023-02-09,2023-02-10,0.6787287097613596,2.262424646919958,Calibrated-Hybrid-QLIKE-scale_qlike,test
2023-02-10,2023-02-13,1.2216869517708149,2.2863742033441246,Calibrated-Hybrid-QLIKE-scale_qlike,test
2023-02-13,2023-02-14,0.2361888824871934,2.2198541296308973,Calibrated-Hybrid-QLIKE-scale_qlike,test
2023-02-14,2023-02-15,0.8394668425834446,2.2533779393763282,Calibrated-Hybrid-QLIKE-scale_qlike,test
2023-02-15,2023-02-16,0.9177621933014196,2.129818926415957,Calibrated-Hybrid-QLIKE-scale_qlike,test
2023-02-16,2023-02-17,0.0092805250097098,2.0353872103389334,Calibrated-Hybrid-QLIKE-scale_qlike,test
2023-02-17,2023-02-20,6.512002780573765,1.989703406551499,Calibrated-Hybrid-QLIKE-scale_qlike,test
2023-02-20,2023-02-21,0.1691390418565458,1.926045619953341,Calibrated-Hybrid-QLIKE-scale_qlike,test
2023-02-21,2023-02-22,6.846416409130559,1.9282487941840043,Calibrated-Hybrid-QLIKE-scale_qlike,test
2023-02-22,2023-02-23,0.0034604047962046,2.106882819919091,Calibrated-Hybrid-QLIKE-scale_qlike,test
2023-02-23,2023-02-24,1.8150207850841689,2.1089933862347947,Calibrated-Hybrid-QLIKE-scale_qlike,test
2023-02-24,2023-02-27,3.1577928002505518,2.2995217170972406,Calibrated-Hybrid-QLIKE-scale_qlike,test
2023-02-27,2023-02-28,0.1124261928232939,2.4025477031526674,Calibrated-Hybrid-QLIKE-scale_qlike,test
2023-02-28,2023-03-01,2.362077222441523,2.402101652340198,Calibrated-Hybrid-QLIKE-scale_qlike,test
2023-03-01,2023-03-02,0.0800566234507277,2.2790751668246108,Calibrated-Hybrid-QLIKE-scale_qlike,test
2023-03-02,2023-03-03,1.5504718457013609,2.2608414986468337,Calibrated-Hybrid-QLIKE-scale_qlike,test
2023-03-03,2023-03-06,0.0551773612932756,2.289668745885711,Calibrated-Hybrid-QLIKE-scale_qlike,test
2023-03-06,2023-03-07,1.0659420423683896,2.208808368474682,Calibrated-Hybrid-QLIKE-scale_qlike,test
2023-03-07,2023-03-08,1.180976964777076,2.1152988994956057,Calibrated-Hybrid-QLIKE-scale_qlike,test
2023-03-08,2023-03-09,0.4136971055728827,2.0075050747728698,Calibrated-Hybrid-QLIKE-scale_qlike,test
2023-03-09,2023-03-10,0.078265798957639,1.9247701854279944,Calibrated-Hybrid-QLIKE-scale_qlike,test
2023-03-10,2023-03-13,0.0003608159625681,1.9225700768386536,Calibrated-Hybrid-QLIKE-scale_qlike,test
2023-03-13,2023-03-14,1.4659340258862177,1.9077299458701782,Calibrated-Hybrid-QLIKE-scale_qlike,test
2023-03-14,2023-03-15,4.404587524685249,1.9443568233095745,Calibrated-Hybrid-QLIKE-scale_qlike,test
2023-03-15,2023-03-16,1.966140070411206,1.9124611245766687,Calibrated-Hybrid-QLIKE-scale_qlike,test
2023-03-16,2023-03-17,0.0466583815583474,2.020040737611973,Calibrated-Hybrid-QLIKE-scale_qlike,test
2023-03-17,2023-03-20,4.542701346022625,2.042115654367238,Calibrated-Hybrid-QLIKE-scale_qlike,test
2023-03-20,2023-03-21,0.8241032078763476,2.2145781609143316,Calibrated-Hybrid-QLIKE-scale_qlike,test
2023-03-21,2023-03-22,0.6122377400151076,2.223785048217078,Calibrated-Hybrid-QLIKE-scale_qlike,test
2023-03-22,2023-03-23,0.1912107767600162,2.149516310590324,Calibrated-Hybrid-QLIKE-scale_qlike,test
2023-03-23,2023-03-24,0.0261069358389794,2.0860609840545266,Calibrated-Hybrid-QLIKE-scale_qlike,test
2023-03-24,2023-03-27,0.2706486133246383,2.005625197966708,Calibrated-Hybrid-QLIKE-scale_qlike,test
2023-03-27,2023-03-28,0.0375129464792075,1.9404196457056928,Calibrated-Hybrid-QLIKE-scale_qlike,test
2023-03-28,2023-03-29,0.0373680554186715,1.919579415993192,Calibrated-Hybrid-QLIKE-scale_qlike,test
2023-03-29,2023-03-30,0.0864260143113033,1.8846802829093128,Calibrated-Hybrid-QLIKE-scale_qlike,test
2023-03-30,2023-03-31,0.2397323675517269,1.85901524469492,Calibrated-Hybrid-QLIKE-scale_qlike,test
2023-03-31,2023-04-03,1.8652562093058924,1.8309361416738648,Calibrated-Hybrid-QLIKE-scale_qlike,test
2023-04-03,2023-04-04,0.0059186412860023,1.8171721785447528,Calibrated-Hybrid-QLIKE-scale_qlike,test
2023-04-04,2023-04-05,0.0498269661847383,1.8352492435449563,Calibrated-Hybrid-QLIKE-scale_qlike,test
2023-04-05,2023-04-06,0.8553042836437406,1.824222898117119,Calibrated-Hybrid-QLIKE-scale_qlike,test
2023-04-06,2023-04-07,0.0125702355791553,1.8830607301454803,Calibrated-Hybrid-QLIKE-scale_qlike,test
2023-04-07,2023-04-10,0.1668068990512428,1.8783439855002182,Calibrated-Hybrid-QLIKE-scale_qlike,test
2023-04-10,2023-04-11,0.1482607699784405,1.8818527397292357,Calibrated-Hybrid-QLIKE-scale_qlike,test
2023-04-11,2023-04-12,8.743291732272662e-07,1.8528622470899185,Calibrated-Hybrid-QLIKE-scale_qlike,test
2023-04-12,2023-04-13,0.2330177840007939,1.8543701594155788,Calibrated-Hybrid-QLIKE-scale_qlike,test
2023-04-13,2023-04-14,1.1617696349612645,1.8450010485928332,Calibrated-Hybrid-QLIKE-scale_qlike,test
2023-04-14,2023-04-17,0.0076283447272982,1.881033191615603,Calibrated-Hybrid-QLIKE-scale_qlike,test
2023-04-17,2023-04-18,0.0131688449679895,1.876923316217203,Calibrated-Hybrid-QLIKE-scale_qlike,test
2023-04-18,2023-04-19,0.3296437026732272,1.8517540177517207,Calibrated-Hybrid-QLIKE-scale_qlike,test
2023-04-19,2023-04-20,0.0006623405434785,1.8282218994876769,Calibrated-Hybrid-QLIKE-scale_qlike,test
2023-04-20,2023-04-21,0.3673257523211698,1.8094431858297142,Calibrated-Hybrid-QLIKE-scale_qlike,test
2023-04-21,2023-04-24,0.0221215519921837,1.7794766696342452,Calibrated-Hybrid-QLIKE-scale_qlike,test
2023-04-24,2023-04-25,0.3932622485353985,1.7682302367064409,Calibrated-Hybrid-QLIKE-scale_qlike,test
2023-04-25,2023-04-26,0.328691182889417,1.75451098084662,Calibrated-Hybrid-QLIKE-scale_qlike,test
2023-04-26,2023-04-27,0.0126510214171176,1.7214205761432024,Calibrated-Hybrid-QLIKE-scale_qlike,test
2023-04-27,2023-04-28,0.8257060505705139,1.7182082949771118,Calibrated-Hybrid-QLIKE-scale_qlike,test
2023-04-28,2023-05-04,0.663351259487948,1.6791423166602506,Calibrated-Hybrid-QLIKE-scale_qlike,test
2023-05-04,2023-05-05,0.0008313650023289,1.7254193220436502,Calibrated-Hybrid-QLIKE-scale_qlike,test
2023-05-05,2023-05-08,1.5730813455266768,1.7324999316189134,Calibrated-Hybrid-QLIKE-scale_qlike,test
2023-05-08,2023-05-09,0.0009810073041391,1.6935256670716263,Calibrated-Hybrid-QLIKE-scale_qlike,test
2023-05-09,2023-05-10,0.1807814295588449,1.720108226186927,Calibrated-Hybrid-QLIKE-scale_qlike,test
2023-05-10,2023-05-11,0.0116169732719969,1.714255278226396,Calibrated-Hybrid-QLIKE-scale_qlike,test
2023-05-11,2023-05-12,0.8480601097426534,1.7382689576482324,Calibrated-Hybrid-QLIKE-scale_qlike,test
2023-05-12,2023-05-15,0.0124546383596074,1.718927187867312,Calibrated-Hybrid-QLIKE-scale_qlike,test
2023-05-15,2023-05-16,0.0003521278803455,1.7723530133454075,Calibrated-Hybrid-QLIKE-scale_qlike,test
2023-05-16,2023-05-17,0.2647079940558091,1.7654005220304267,Calibrated-Hybrid-QLIKE-scale_qlike,test
2023-05-17,2023-05-18,0.5467189046851431,1.7969257891034924,Calibrated-Hybrid-QLIKE-scale_qlike,test
2023-05-18,2023-05-19,0.0134881726921275,1.7602791127305526,Calibrated-Hybrid-QLIKE-scale_qlike,test
2023-05-19,2023-05-22,0.1115577260954784,1.7941665841779029,Calibrated-Hybrid-QLIKE-scale_qlike,test
2023-05-22,2023-05-23,0.2010623455676166,1.7693477907036623,Calibrated-Hybrid-QLIKE-scale_qlike,test
2023-05-23,2023-05-24,0.1456521231551851,1.7954022931011078,Calibrated-Hybrid-QLIKE-scale_qlike,test
2023-05-24,2023-05-25,0.0713508401309495,1.8184975574766502,Calibrated-Hybrid-QLIKE-scale_qlike,test
2023-05-25,2023-05-26,0.006683379548905,1.7987461413739692,Calibrated-Hybrid-QLIKE-scale_qlike,test
2023-05-26,2023-05-29,1.1008741895280585,1.800307319217613,Calibrated-Hybrid-QLIKE-scale_qlike,test
2023-05-29,2023-05-30,0.0813274524532,1.7641926593492374,Calibrated-Hybrid-QLIKE-scale_qlike,test
2023-05-30,2023-05-31,0.0715597269351419,1.7842663509959797,Calibrated-Hybrid-QLIKE-scale_qlike,test
2023-05-31,2023-06-01,0.0894248931377806,1.8085753538652471,Calibrated-Hybrid-QLIKE-scale_qlike,test
2023-06-01,2023-06-02,1.3176407801372392,1.7983647244993888,Calibrated-Hybrid-QLIKE-scale_qlike,test
2023-06-02,2023-06-05,0.4068339428608296,1.8214170698964118,Calibrated-Hybrid-QLIKE-scale_qlike,test
2023-06-05,2023-06-06,0.9043890866960916,1.7991865718440136,Calibrated-Hybrid-QLIKE-scale_qlike,test
2023-06-06,2023-06-07,0.0123028566285396,1.7592693671198505,Calibrated-Hybrid-QLIKE-scale_qlike,test
2023-06-07,2023-06-08,0.5529490855904797,1.8272437044355885,Calibrated-Hybrid-QLIKE-scale_qlike,test
2023-06-08,2023-06-09,0.3161644467066298,1.9437931285113417,Calibrated-Hybrid-QLIKE-scale_qlike,test
2023-06-09,2023-06-12,0.5831574033164091,1.8375411936389265,Calibrated-Hybrid-QLIKE-scale_qlike,test
2023-06-12,2023-06-13,0.3310759893352936,1.8101283566653636,Calibrated-Hybrid-QLIKE-scale_qlike,test
2023-06-13,2023-06-14,0.2025223817587841,1.8299676544859653,Calibrated-Hybrid-QLIKE-scale_qlike,test
2023-06-14,2023-06-15,0.0016224341258812,1.8490483338142254,Calibrated-Hybrid-QLIKE-scale_qlike,test
2023-06-15,2023-06-16,0.024585211583996,1.8461341862667786,Calibrated-Hybrid-QLIKE-scale_qlike,test
2023-06-16,2023-06-19,0.7822402072538185,1.9565034051707901,Calibrated-Hybrid-QLIKE-scale_qlike,test
2023-06-19,2023-06-20,0.3250259985876756,1.8802282052982537,Calibrated-Hybrid-QLIKE-scale_qlike,test
2023-06-20,2023-06-21,0.3653445181035127,1.841909860258994,Calibrated-Hybrid-QLIKE-scale_qlike,test
2023-06-21,2023-06-22,0.3717252672960691,1.8511407617521023,Calibrated-Hybrid-QLIKE-scale_qlike,test
2023-06-22,2023-06-23,0.1309819466607628,1.8442765353602077,Calibrated-Hybrid-QLIKE-scale_qlike,test
2023-06-23,2023-06-26,0.0549279663710728,1.8522239550194972,Calibrated-Hybrid-QLIKE-scale_qlike,test
2023-06-26,2023-06-27,0.0411962958640958,1.882598967921231,Calibrated-Hybrid-QLIKE-scale_qlike,test
2023-06-27,2023-06-28,0.1251516048900254,1.8164599278774187,Calibrated-Hybrid-QLIKE-scale_qlike,test
2023-06-28,2023-06-29,1.3110715533307906,1.8224986026080903,Calibrated-Hybrid-QLIKE-scale_qlike,test
2023-06-29,2023-06-30,0.2153197174085333,1.8989609343363743,Calibrated-Hybrid-QLIKE-scale_qlike,test
2023-06-30,2023-07-03,0.2244859363593752,1.8817565552327322,Calibrated-Hybrid-QLIKE-scale_qlike,test
2023-07-03,2023-07-04,0.331614557206894,1.858997872727424,Calibrated-Hybrid-QLIKE-scale_qlike,test
2023-07-04,2023-07-05,0.0534448088033697,1.8316486478113092,Calibrated-Hybrid-QLIKE-scale_qlike,test
2023-07-05,2023-07-06,0.5521828368120864,1.8382392657151425,Calibrated-Hybrid-QLIKE-scale_qlike,test
2023-07-06,2023-07-07,1.0955709924740076,1.8928935192183014,Calibrated-Hybrid-QLIKE-scale_qlike,test
2023-07-07,2023-07-10,0.9169134777331625,1.8239718987338134,Calibrated-Hybrid-QLIKE-scale_qlike,test
2023-07-10,2023-07-11,0.057144157007868,1.8571486523344904,Calibrated-Hybrid-QLIKE-scale_qlike,test
2023-07-11,2023-07-12,0.0444186703613796,1.8824990791081293,Calibrated-Hybrid-QLIKE-scale_qlike,test
2023-07-12,2023-07-13,0.9358770339385756,1.8485040547443705,Calibrated-Hybrid-QLIKE-scale_qlike,test
2023-07-13,2023-07-14,0.0652166185346891,1.8223292259250046,Calibrated-Hybrid-QLIKE-scale_qlike,test
2023-07-14,2023-07-17,0.1632239943294482,1.9177349217972977,Calibrated-Hybrid-QLIKE-scale_qlike,test
2023-07-17,2023-07-18,0.0066910598075562,1.8644438568023511,Calibrated-Hybrid-QLIKE-scale_qlike,test
2023-07-18,2023-07-19,0.0089465157105592,1.857056555359751,Calibrated-Hybrid-QLIKE-scale_qlike,test
2023-07-19,2023-07-20,0.0002100775164203,1.8754656037682043,Calibrated-Hybrid-QLIKE-scale_qlike,test
2023-07-20,2023-07-21,1.2319670859049314,1.854675701667419,Calibrated-Hybrid-QLIKE-scale_qlike,test
2023-07-21,2023-07-24,0.164526463877313,1.8800772224631048,Calibrated-Hybrid-QLIKE-scale_qlike,test
2023-07-24,2023-07-25,0.1884318549081098,1.907941730591563,Calibrated-Hybrid-QLIKE-scale_qlike,test
2023-07-25,2023-07-26,0.1699312574616927,1.8845889523449038,Calibrated-Hybrid-QLIKE-scale_qlike,test
2023-07-26,2023-07-27,0.0856869950327944,1.853560830106355,Calibrated-Hybrid-QLIKE-scale_qlike,test
2023-07-27,2023-07-28,0.7393945741890614,1.9626919131211145,Calibrated-Hybrid-QLIKE-scale_qlike,test
2023-07-28,2023-07-31,1.5705613280253743,1.9344378130745492,Calibrated-Hybrid-QLIKE-scale_qlike,test
2023-07-31,2023-08-01,0.191513989792846,1.9597416165530699,Calibrated-Hybrid-QLIKE-scale_qlike,test
2023-08-01,2023-08-02,0.0554319741987418,2.0323633383791413,Calibrated-Hybrid-QLIKE-scale_qlike,test
2023-08-02,2023-08-03,0.6081005379926719,1.9134471114671194,Calibrated-Hybrid-QLIKE-scale_qlike,test
2023-08-03,2023-08-04,1.5216082607669985,2.0000632304617345,Calibrated-Hybrid-QLIKE-scale_qlike,test
2023-08-04,2023-08-07,1.5663427455149326,1.998755862172609,Calibrated-Hybrid-QLIKE-scale_qlike,test
2023-08-07,2023-08-08,0.0042545072808971,1.979944576075591,Calibrated-Hybrid-QLIKE-scale_qlike,test
2023-08-08,2023-08-09,0.4429341513499315,1.9954915928390853,Calibrated-Hybrid-QLIKE-scale_qlike,test
2023-08-09,2023-08-10,1.18855521360565,1.9919205039031707,Calibrated-Hybrid-QLIKE-scale_qlike,test
2023-08-10,2023-08-11,0.8946457187409982,2.032542806131581,Calibrated-Hybrid-QLIKE-scale_qlike,test
2023-08-11,2023-08-14,0.1406576061529025,2.0030901680628497,Calibrated-Hybrid-QLIKE-scale_qlike,test
2023-08-14,2023-08-15,0.0509990332423939,2.0184027910002036,Calibrated-Hybrid-QLIKE-scale_qlike,test
2023-08-15,2023-08-16,0.5528693854620391,1.9626143779426584,Calibrated-Hybrid-QLIKE-scale_qlike,test
2023-08-16,2023-08-17,0.6237080926504832,1.9380532260745895,Calibrated-Hybrid-QLIKE-scale_qlike,test
2023-08-17,2023-08-18,21.187467781738864,2.0473978821015053,Calibrated-Hybrid-QLIKE-scale_qlike,test
2023-08-18,2023-08-21,0.0225429724444894,2.3359887979826848,Calibrated-Hybrid-QLIKE-scale_qlike,test
2023-08-21,2023-08-22,0.0038263943505654,2.1435194052226754,Calibrated-Hybrid-QLIKE-scale_qlike,test
2023-08-22,2023-08-23,0.4543048185096983,2.1319862070961326,Calibrated-Hybrid-QLIKE-scale_qlike,test
2023-08-23,2023-08-24,2.030960720400387,2.0877795314860745,Calibrated-Hybrid-QLIKE-scale_qlike,test
2023-08-24,2023-08-25,0.2574822009117362,2.0433970924401756,Calibrated-Hybrid-QLIKE-scale_qlike,test
2023-08-25,2023-08-28,2.3677711449578327,2.0458041318188065,Calibrated-Hybrid-QLIKE-scale_qlike,test
2023-08-28,2023-08-29,0.0507403600472885,1.9997984356924756,Calibrated-Hybrid-QLIKE-scale_qlike,test
2023-08-29,2023-08-30,0.521587233427783,2.0364176490285653,Calibrated-Hybrid-QLIKE-scale_qlike,test
2023-08-30,2023-08-31,0.798611626583033,2.003273723337053,Calibrated-Hybrid-QLIKE-scale_qlike,test
2023-08-31,2023-09-05,0.790275250555677,1.9854433147282813,Calibrated-Hybrid-QLIKE-scale_qlike,test
2023-09-05,2023-09-06,0.7194907575034776,1.9651900275940442,Calibrated-Hybrid-QLIKE-scale_qlike,test
2023-09-06,2023-09-07,0.0359716287929884,1.9772188377344424,Calibrated-Hybrid-QLIKE-scale_qlike,test
2023-09-07,2023-09-08,0.0178548556372743,2.020056959963973,Calibrated-Hybrid-QLIKE-scale_qlike,test
2023-09-08,2023-09-11,2.097389099277001,2.006073037069949,Calibrated-Hybrid-QLIKE-scale_qlike,test
2023-09-11,2023-09-12,3.1212396050656377,2.110277889949054,Calibrated-Hybrid-QLIKE-scale_qlike,test
2023-09-12,2023-09-13,0.3222528903899724,1.980868994669475,Calibrated-Hybrid-QLIKE-scale_qlike,test
2023-09-13,2023-09-14,1.4026151894519558,2.0547680670467194,Calibrated-Hybrid-QLIKE-scale_qlike,test
2023-09-14,2023-09-15,0.0839016379792105,2.0598588199333654,Calibrated-Hybrid-QLIKE-scale_qlike,test
2023-09-15,2023-09-18,1.6257299462595711,2.021269676577257,Calibrated-Hybrid-QLIKE-scale_qlike,test
2023-09-18,2023-09-19,0.000654584074098,2.0520584233225154,Calibrated-Hybrid-QLIKE-scale_qlike,test
2023-09-19,2023-09-20,1.4369523878233037,2.049944535895379,Calibrated-Hybrid-QLIKE-scale_qlike,test
2023-09-20,2023-09-21,1.2021573804780938,1.9611187281822897,Calibrated-Hybrid-QLIKE-scale_qlike,test
2023-09-21,2023-09-22,2.67951003310709,2.0198413431909352,Calibrated-Hybrid-QLIKE-scale_qlike,test
2023-09-22,2023-09-25,11.541216926620844,2.135555507741276,Calibrated-Hybrid-QLIKE-scale_qlike,test
2023-09-25,2023-09-26,1.7698314100181254,2.405930893822505,Calibrated-Hybrid-QLIKE-scale_qlike,test
2023-09-26,2023-09-27,1.922934467977144,2.2783085010237967,Calibrated-Hybrid-QLIKE-scale_qlike,test
2023-09-27,2023-09-28,0.0151639632836694,2.1588184882441874,Calibrated-Hybrid-QLIKE-scale_qlike,test
2023-09-28,2023-09-29,0.02224231577349,2.1383577593804404,Calibrated-Hybrid-QLIKE-scale_qlike,test
2023-09-29,2023-10-02,0.0090750098350391,2.1019610605103654,Calibrated-Hybrid-QLIKE-scale_qlike,test
2023-10-02,2023-10-03,10.683716279206385,2.081090429854746,Calibrated-Hybrid-QLIKE-scale_qlike,test
2023-10-03,2023-10-04,0.8853176884286172,2.4234293190230267,Calibrated-Hybrid-QLIKE-scale_qlike,test
2023-10-04,2023-10-05,1.7375339257639013,2.2287429566464017,Calibrated-Hybrid-QLIKE-scale_qlike,test
2023-10-05,2023-10-06,1.7072998751511268,2.347111966582301,Calibrated-Hybrid-QLIKE-scale_qlike,test
2023-10-06,2023-10-09,0.6060662073826656,2.22932849413906,Calibrated-Hybrid-QLIKE-scale_qlike,test
2023-10-09,2023-10-10,0.3080349756366544,2.1524654575428728,Calibrated-Hybrid-QLIKE-scale_qlike,test
2023-10-10,2023-10-11,0.3851648462229108,2.0774619878790834,Calibrated-Hybrid-QLIKE-scale_qlike,test
2023-10-11,2023-10-12,0.0048291522978458,2.017337225170415,Calibrated-Hybrid-QLIKE-scale_qlike,test
2023-10-12,2023-10-13,0.0732020168306359,2.002118615233627,Calibrated-Hybrid-QLIKE-scale_qlike,test
2023-10-13,2023-10-16,1.3440806213781142,1.9665555153332483,Calibrated-Hybrid-QLIKE-scale_qlike,test
2023-10-16,2023-10-17,3.052807721519015,2.0206812011783315,Calibrated-Hybrid-QLIKE-scale_qlike,test
2023-10-17,2023-10-18,2.691074109609036,2.1607559735602075,Calibrated-Hybrid-QLIKE-scale_qlike,test
2023-10-18,2023-10-19,2.014426845995019,2.208587386829329,Calibrated-Hybrid-QLIKE-scale_qlike,test
2023-10-19,2023-10-20,3.37838828040453,2.2693747112688905,Calibrated-Hybrid-QLIKE-scale_qlike,test
2023-10-20,2023-10-23,1.7351918672263549,2.179454341868501,Calibrated-Hybrid-QLIKE-scale_qlike,test
2023-10-23,2023-10-24,1.2652847100550173,2.2462255427000892,Calibrated-Hybrid-QLIKE-scale_qlike,test
2023-10-24,2023-10-25,0.1475596920145903,2.1746180372116486,Calibrated-Hybrid-QLIKE-scale_qlike,test
2023-10-25,2023-10-26,18.362010800338208,2.1326633306233096,Calibrated-Hybrid-QLIKE-scale_qlike,test
2023-10-26,2023-10-27,0.2387716417217482,2.544681053682814,Calibrated-Hybrid-QLIKE-scale_qlike,test
2023-10-27,2023-10-30,3.0025597858118136,2.3406830612582463,Calibrated-Hybrid-QLIKE-scale_qlike,test
2023-10-30,2023-10-31,1.8839681619493045,2.6484535234003466,Calibrated-Hybrid-QLIKE-scale_qlike,test
2023-10-31,2023-11-01,1.230715501580414,2.548515660037436,Calibrated-Hybrid-QLIKE-scale_qlike,test
2023-11-01,2023-11-02,11.467731176476716,2.3868173865850797,Calibrated-Hybrid-QLIKE-scale_qlike,test
2023-11-02,2023-11-03,0.0148189440021049,2.322072830137983,Calibrated-Hybrid-QLIKE-scale_qlike,test
2023-11-03,2023-11-06,1.4138672012584073,2.2094639047775444,Calibrated-Hybrid-QLIKE-scale_qlike,test
2023-11-06,2023-11-07,0.7458390495009208,2.1379136245937973,Calibrated-Hybrid-QLIKE-scale_qlike,test
2023-11-07,2023-11-08,9.129956144189087,2.2076007612636035,Calibrated-Hybrid-QLIKE-scale_qlike,test
2023-11-08,2023-11-09,0.0017061233763225,2.1402755734979717,Calibrated-Hybrid-QLIKE-scale_qlike,test
2023-11-09,2023-11-10,1.2148681903111338,2.0952881812310364,Calibrated-Hybrid-QLIKE-scale_qlike,test
2023-11-10,2023-11-13,0.0213882813414155,2.1321715506611083,Calibrated-Hybrid-QLIKE-scale_qlike,test
2023-11-13,2023-11-14,0.7643879612116624,2.116875661015974,Calibrated-Hybrid-QLIKE-scale_qlike,test
2023-11-14,2023-11-15,1.309101680363533,2.0958645217997254,Calibrated-Hybrid-QLIKE-scale_qlike,test
2023-11-15,2023-11-16,0.0726677258555493,2.0680168746985435,Calibrated-Hybrid-QLIKE-scale_qlike,test
2023-11-16,2023-11-17,4.779742663796966,2.021734248972719,Calibrated-Hybrid-QLIKE-scale_qlike,test
2023-11-17,2023-11-20,0.0501991268589152,2.1324713448354684,Calibrated-Hybrid-QLIKE-scale_qlike,test
2023-11-20,2023-11-21,0.3772925570702379,2.1147657333755463,Calibrated-Hybrid-QLIKE-scale_qlike,test
2023-11-21,2023-11-22,0.0912767762573235,2.0776961262351135,Calibrated-Hybrid-QLIKE-scale_qlike,test
2023-11-22,2023-11-23,5.291901747240125,2.041209757356347,Calibrated-Hybrid-QLIKE-scale_qlike,test
2023-11-23,2023-11-24,0.4250871900618609,2.153489381744693,Calibrated-Hybrid-QLIKE-scale_qlike,test
2023-11-24,2023-11-27,0.4781711175817431,2.0917201579364444,Calibrated-Hybrid-QLIKE-scale_qlike,test
2023-11-27,2023-11-28,0.4557176520002135,2.1242791848105735,Calibrated-Hybrid-QLIKE-scale_qlike,test
2023-11-28,2023-11-29,0.4496265629344425,2.0514668822822677,Calibrated-Hybrid-QLIKE-scale_qlike,test
2023-11-29,2023-11-30,0.6229744807299576,1.9925602010591983,Calibrated-Hybrid-QLIKE-scale_qlike,test
2023-11-30,2023-12-01,0.5347066481770756,2.0254983455769158,Calibrated-Hybrid-QLIKE-scale_qlike,test
2023-12-01,2023-12-04,2.720585966130201,1.9676477777895567,Calibrated-Hybrid-QLIKE-scale_qlike,test
2023-12-04,2023-12-05,0.163386350982878,1.9939908336765118,Calibrated-Hybrid-QLIKE-scale_qlike,test
2023-12-05,2023-12-06,0.8703691532467039,1.988220530296642,Calibrated-Hybrid-QLIKE-scale_qlike,test
2023-12-06,2023-12-07,0.193176184914791,1.9443082839886296,Calibrated-Hybrid-QLIKE-scale_qlike,test
2023-12-07,2023-12-08,0.0690100099875838,2.0572332258754287,Calibrated-Hybrid-QLIKE-scale_qlike,test
2023-12-08,2023-12-11,0.0088783019772855,1.9707882718546708,Calibrated-Hybrid-QLIKE-scale_qlike,test
2023-12-11,2023-12-12,0.0357476055077411,1.94011154875275,Calibrated-Hybrid-QLIKE-scale_qlike,test
2023-12-12,2023-12-13,1.4355458045904153,1.9049465990191718,Calibrated-Hybrid-QLIKE-scale_qlike,test
2023-12-13,2023-12-14,0.1339218193100039,1.9490355029084114,Calibrated-Hybrid-QLIKE-scale_qlike,test
2023-12-14,2023-12-15,0.501011926570286,1.9546687465741408,Calibrated-Hybrid-QLIKE-scale_qlike,test
2023-12-15,2023-12-18,0.9021057574713134,1.962737642270847,Calibrated-Hybrid-QLIKE-scale_qlike,test
2023-12-18,2023-12-19,0.163207316046184,1.973083543060074,Calibrated-Hybrid-QLIKE-scale_qlike,test
2023-12-19,2023-12-20,0.1648341022859622,1.9474697266027834,Calibrated-Hybrid-QLIKE-scale_qlike,test
2023-12-20,2023-12-21,0.0229820728280408,1.8989224860847838,Calibrated-Hybrid-QLIKE-scale_qlike,test
2023-12-21,2023-12-22,0.003263855536434,1.8726143018678754,Calibrated-Hybrid-QLIKE-scale_qlike,test
2023-12-22,2023-12-25,1.728982548756669,1.8428137135090041,Calibrated-Hybrid-QLIKE-scale_qlike,test
2023-12-25,2023-12-26,0.1679675706187517,1.7829391837733106,Calibrated-Hybrid-QLIKE-scale_qlike,test
2023-12-26,2023-12-27,0.0005368687109465,1.8023648754854427,Calibrated-Hybrid-QLIKE-scale_qlike,test
2023-12-27,2023-12-28,0.3802432948523992,1.8218981201139837,Calibrated-Hybrid-QLIKE-scale_qlike,test
2023-12-28,2023-12-29,0.0078393746118935,1.7954892806736427,Calibrated-Hybrid-QLIKE-scale_qlike,test
2023-12-29,2024-01-02,0.0250562134986935,1.8205990546034405,Calibrated-Hybrid-QLIKE-scale_qlike,test
2024-01-02,2024-01-03,1.197029417048885,1.8289180555380662,Calibrated-Hybrid-QLIKE-scale_qlike,test
2024-01-03,2024-01-04,0.3258526092006003,1.7859493880822055,Calibrated-Hybrid-QLIKE-scale_qlike,test
2024-01-04,2024-01-05,0.1180208232703248,1.9577180378099013,Calibrated-Hybrid-QLIKE-scale_qlike,test
2024-01-05,2024-01-08,0.2266269824272246,1.8396677268365196,Calibrated-Hybrid-QLIKE-scale_qlike,test
2024-01-08,2024-01-09,0.0190450011331964,1.8456708912218684,Calibrated-Hybrid-QLIKE-scale_qlike,test
2024-01-09,2024-01-10,0.0646665738710911,1.8702366415519216,Calibrated-Hybrid-QLIKE-scale_qlike,test
2024-01-10,2024-01-11,0.0034252738431133,1.9064352233515092,Calibrated-Hybrid-QLIKE-scale_qlike,test
2024-01-11,2024-01-12,0.4213826457560849,1.85875389877215,Calibrated-Hybrid-QLIKE-scale_qlike,test
2024-01-12,2024-01-15,0.0025242702278622,1.96464677040463,Calibrated-Hybrid-QLIKE-scale_qlike,test
2024-01-15,2024-01-16,0.6034028324453893,1.8558512473796638,Calibrated-Hybrid-QLIKE-scale_qlike,test
2024-01-16,2024-01-17,0.0025743958188708,1.8103863814767003,Calibrated-Hybrid-QLIKE-scale_qlike,test
2024-01-17,2024-01-18,0.3137503773939618,1.8396175269598585,Calibrated-Hybrid-QLIKE-scale_qlike,test
2024-01-18,2024-01-19,1.120382144309341,1.7865613667312727,Calibrated-Hybrid-QLIKE-scale_qlike,test
2024-01-19,2024-01-22,0.0132345962603059,1.7615591457178836,Calibrated-Hybrid-QLIKE-scale_qlike,test
2024-01-22,2024-01-23,0.2062692888507807,1.8284741762215335,Calibrated-Hybrid-QLIKE-scale_qlike,test
2024-01-23,2024-01-24,0.1485757892019817,1.8203255738504345,Calibrated-Hybrid-QLIKE-scale_qlike,test
2024-01-24,2024-01-25,0.0492420848338565,1.8489424414535331,Calibrated-Hybrid-QLIKE-scale_qlike,test
2024-01-25,2024-01-26,0.2041467089523473,1.8451126890310054,Calibrated-Hybrid-QLIKE-scale_qlike,test
2024-01-26,2024-01-29,2.893888078905973e-06,1.799400528061335,Calibrated-Hybrid-QLIKE-scale_qlike,test
2024-01-29,2024-01-30,0.1130691080782245,1.8056862423886033,Calibrated-Hybrid-QLIKE-scale_qlike,test
2024-01-30,2024-01-31,1.7132578057426455,1.770345784689294,Calibrated-Hybrid-QLIKE-scale_qlike,test
2024-01-31,2024-02-01,0.5554695483427156,1.9405148083217552,Calibrated-Hybrid-QLIKE-scale_qlike,test
2024-02-01,2024-02-02,0.0016060494837953,1.837173827620409,Calibrated-Hybrid-QLIKE-scale_qlike,test
2024-02-02,2024-02-05,1.312405125307974,1.9080168388039718,Calibrated-Hybrid-QLIKE-scale_qlike,test
2024-02-05,2024-02-06,0.041546270496195,1.8661933161172377,Calibrated-Hybrid-QLIKE-scale_qlike,test
2024-02-06,2024-02-07,0.7090694435364681,1.8476556385082816,Calibrated-Hybrid-QLIKE-scale_qlike,test
2024-02-07,2024-02-15,0.10935700902328,1.8142943077529596,Calibrated-Hybrid-QLIKE-scale_qlike,test
2024-02-15,2024-02-16,0.3563698361907522,1.881558182692135,Calibrated-Hybrid-QLIKE-scale_qlike,test
2024-02-16,2024-02-19,1.5735090531706803,1.8627834288208809,Calibrated-Hybrid-QLIKE-scale_qlike,test
2024-02-19,2024-02-20,0.1719424828204338,1.9260554555525846,Calibrated-Hybrid-QLIKE-scale_qlike,test
2024-02-20,2024-02-21,2.643713937948573e-06,1.904906490211865,Calibrated-Hybrid-QLIKE-scale_qlike,test
2024-02-21,2024-02-22,0.0493686905262693,1.9355584327130932,Calibrated-Hybrid-QLIKE-scale_qlike,test
2024-02-22,2024-02-23,1.5757517057356472,1.9154372236258472,Calibrated-Hybrid-QLIKE-scale_qlike,test
2024-02-23,2024-02-26,0.9982359162312492,2.1315226565811116,Calibrated-Hybrid-QLIKE-scale_qlike,test
2024-02-26,2024-02-27,1.16593097532243,1.968494277999819,Calibrated-Hybrid-QLIKE-scale_qlike,test
2024-02-27,2024-02-28,1.8813005066335944,1.973153925075444,Calibrated-Hybrid-QLIKE-scale_qlike,test
2024-02-28,2024-02-29,0.0210764395400896,1.9420791795417773,Calibrated-Hybrid-QLIKE-scale_qlike,test
2024-02-29,2024-03-01,0.1954116660389362,2.014319356758213,Calibrated-Hybrid-QLIKE-scale_qlike,test
2024-03-01,2024-03-04,0.0617241173730905,1.9694197184741438,Calibrated-Hybrid-QLIKE-scale_qlike,test
2024-03-04,2024-03-05,0.458465682898879,2.04266632018985,Calibrated-Hybrid-QLIKE-scale_qlike,test
2024-03-05,2024-03-06,0.3277686759141466,1.986003560680026,Calibrated-Hybrid-QLIKE-scale_qlike,test
2024-03-06,2024-03-07,0.2049845962757557,2.03137658507836,Calibrated-Hybrid-QLIKE-scale_qlike,test
2024-03-07,2024-03-08,2.816444292658484,2.0070026928010924,Calibrated-Hybrid-QLIKE-scale_qlike,test
2024-03-08,2024-03-11,0.912721979122844,2.1863029845836714,Calibrated-Hybrid-QLIKE-scale_qlike,test
2024-03-11,2024-03-12,0.5879634369893775,2.0951660665183445,Calibrated-Hybrid-QLIKE-scale_qlike,test
2024-03-12,2024-03-13,4.113946023612082,2.000443114515653,Calibrated-Hybrid-QLIKE-scale_qlike,test
2024-03-13,2024-03-14,0.2431894157728003,1.9907578594314927,Calibrated-Hybrid-QLIKE-scale_qlike,test
2024-03-14,2024-03-15,0.0014420309906953,2.039142493224328,Calibrated-Hybrid-QLIKE-scale_qlike,test
2024-03-15,2024-03-18,2.60144510071112,2.034676364757206,Calibrated-Hybrid-QLIKE-scale_qlike,test
2024-03-18,2024-03-19,0.0078313418483015,2.2451137367803478,Calibrated-Hybrid-QLIKE-scale_qlike,test
2024-03-19,2024-03-20,1.98300631416396,2.056780532840093,Calibrated-Hybrid-QLIKE-scale_qlike,test
2024-03-20,2024-03-21,1.659993462713211,2.000474409604157,Calibrated-Hybrid-QLIKE-scale_qlike,test
2024-03-21,2024-03-22,0.1769090471586793,2.054217528959164,Calibrated-Hybrid-QLIKE-scale_qlike,test
2024-03-22,2024-03-25,1.1957204376691162,2.06750708409357,Calibrated-Hybrid-QLIKE-scale_qlike,test
2024-03-25,2024-03-26,1.266685379522265,2.088456016337976,Calibrated-Hybrid-QLIKE-scale_qlike,test
2024-03-26,2024-03-27,0.0047070525559726,1.9868637285411859,Calibrated-Hybrid-QLIKE-scale_qlike,test
2024-03-27,2024-03-28,0.3036574536281876,1.981466794727424,Calibrated-Hybrid-QLIKE-scale_qlike,test
2024-03-28,2024-03-29,0.22386593116756,1.9666829949182558,Calibrated-Hybrid-QLIKE-scale_qlike,test
2024-03-29,2024-04-01,0.0401370314872093,1.9531687538218978,Calibrated-Hybrid-QLIKE-scale_qlike,test
2024-04-01,2024-04-02,0.1847396233779287,1.9798777706417643,Calibrated-Hybrid-QLIKE-scale_qlike,test
2024-04-02,2024-04-03,1.4814046434548742,2.0048384777622403,Calibrated-Hybrid-QLIKE-scale_qlike,test
2024-04-03,2024-04-04,0.0642984527134782,2.036762916882547,Calibrated-Hybrid-QLIKE-scale_qlike,test
2024-04-04,2024-04-05,1.084676282740752,2.00871919647176,Calibrated-Hybrid-QLIKE-scale_qlike,test
2024-04-05,2024-04-08,0.1443776586599194,2.0526098555554575,Calibrated-Hybrid-QLIKE-scale_qlike,test
2024-04-08,2024-04-09,0.9848187145028622,1.9935914061591602,Calibrated-Hybrid-QLIKE-scale_qlike,test
2024-04-09,2024-04-10,0.1141835151805207,1.90167287729157,Calibrated-Hybrid-QLIKE-scale_qlike,test
2024-04-10,2024-04-11,0.0008184297224042,1.8971705998038497,Calibrated-Hybrid-QLIKE-scale_qlike,test
2024-04-11,2024-04-12,2.1077713488695093,1.8832515663178255,Calibrated-Hybrid-QLIKE-scale_qlike,test
2024-04-12,2024-04-15,23.166885904173803,1.8439043154095955,Calibrated-Hybrid-QLIKE-scale_qlike,test
2024-04-15,2024-04-16,0.0058478365075764,2.3231621546880237,Calibrated-Hybrid-QLIKE-scale_qlike,test
2024-04-16,2024-04-17,3.543454497340081,2.1596344597762775,Calibrated-Hybrid-QLIKE-scale_qlike,test
2024-04-17,2024-04-19,2.3528631494425456,2.328103202090072,Calibrated-Hybrid-QLIKE-scale_qlike,test
2024-04-19,2024-04-22,1.6893979231324006,2.3191793756694654,Calibrated-Hybrid-QLIKE-scale_qlike,test
2024-04-22,2024-04-23,1.1727907466469314,2.233384848549365,Calibrated-Hybrid-QLIKE-scale_qlike,test
2024-04-23,2024-04-24,5.606024745553127,2.2792174636760114,Calibrated-Hybrid-QLIKE-scale_qlike,test
2024-04-24,2024-04-25,0.0028195309207452,2.2058415940845273,Calibrated-Hybrid-QLIKE-scale_qlike,test
2024-04-25,2024-04-26,0.1420473024727117,2.1796857977883737,Calibrated-Hybrid-QLIKE-scale_qlike,test
2024-04-26,2024-05-02,0.318006405977251,2.112516957730206,Calibrated-Hybrid-QLIKE-scale_qlike,test
2024-05-02,2024-05-03,0.1468401316931458,2.0573380963556804,Calibrated-Hybrid-QLIKE-scale_qlike,test
2024-05-03,2024-05-06,2.785560071487252,2.003126572553558,Calibrated-Hybrid-QLIKE-scale_qlike,test
2024-05-06,2024-05-07,0.3206037518220124,1.975606821338862,Calibrated-Hybrid-QLIKE-scale_qlike,test
2024-05-07,2024-05-08,0.0214485793857184,1.9239512759896369,Calibrated-Hybrid-QLIKE-scale_qlike,test
2024-05-08,2024-05-09,0.0212146392864794,1.9368173894163294,Calibrated-Hybrid-QLIKE-scale_qlike,test
2024-05-09,2024-05-10,0.0998826714071555,1.8966792030468134,Calibrated-Hybrid-QLIKE-scale_qlike,test
2024-05-10,2024-05-13,0.1323509240296012,1.9093401739749873,Calibrated-Hybrid-QLIKE-scale_qlike,test
2024-05-13,2024-05-14,0.0623260338672244,1.9186343043203786,Calibrated-Hybrid-QLIKE-scale_qlike,test
2024-05-14,2024-05-15,0.7914504364695899,1.8710597662470976,Calibrated-Hybrid-QLIKE-scale_qlike,test
2024-05-15,2024-05-16,1.3010619376829529,1.848711241003771,Calibrated-Hybrid-QLIKE-scale_qlike,test
2024-05-16,2024-05-20,0.4777373395090949,1.8472379448780476,Calibrated-Hybrid-QLIKE-scale_qlike,test
2024-05-20,2024-05-21,0.0011865300373836,1.8866647747256151,Calibrated-Hybrid-QLIKE-scale_qlike,test
2024-05-21,2024-05-22,0.6467920233357178,1.8759673470647051,Calibrated-Hybrid-QLIKE-scale_qlike,test
2024-05-22,2024-05-23,1.2284567837418712,1.9382919628926039,Calibrated-Hybrid-QLIKE-scale_qlike,test
2024-05-23,2024-05-24,2.256648937405396,1.9053971205585707,Calibrated-Hybrid-QLIKE-scale_qlike,test
2024-05-24,2024-05-27,0.2066759953224523,2.0778236058201207,Calibrated-Hybrid-QLIKE-scale_qlike,test
2024-05-27,2024-05-28,1.2149042841979667,1.937530023288829,Calibrated-Hybrid-QLIKE-scale_qlike,test
2024-05-28,2024-05-29,0.5065517433860525,1.9080382982932316,Calibrated-Hybrid-QLIKE-scale_qlike,test
2024-05-29,2024-05-30,0.2478473182821189,1.9936272997096485,Calibrated-Hybrid-QLIKE-scale_qlike,test
2024-05-30,2024-05-31,0.1324368158912983,1.9948789755147427,Calibrated-Hybrid-QLIKE-scale_qlike,test
2024-05-31,2024-06-03,2.069054535054291,1.9350241169775368,Calibrated-Hybrid-QLIKE-scale_qlike,test
2024-06-03,2024-06-04,0.0754175541972061,1.966885199510506,Calibrated-Hybrid-QLIKE-scale_qlike,test
2024-06-04,2024-06-05,0.0041789785238715,1.9289938727605038,Calibrated-Hybrid-QLIKE-scale_qlike,test
2024-06-05,2024-06-06,0.003785773302666,1.906361137019541,Calibrated-Hybrid-QLIKE-scale_qlike,test
2024-06-06,2024-06-07,0.0977825492840672,1.901627275876893,Calibrated-Hybrid-QLIKE-scale_qlike,test
2024-06-07,2024-06-10,0.0574549317651925,1.8613543290242283,Calibrated-Hybrid-QLIKE-scale_qlike,test
2024-06-10,2024-06-11,0.236389900130653,1.86590706185872,Calibrated-Hybrid-QLIKE-scale_qlike,test
2024-06-11,2024-06-12,1.4910702380739045,1.8995915623034885,Calibrated-Hybrid-QLIKE-scale_qlike,test
2024-06-12,2024-06-13,0.0102965917651104,1.859049860894857,Calibrated-Hybrid-QLIKE-scale_qlike,test
2024-06-13,2024-06-14,2.8007247199637466,1.8926802016762556,Calibrated-Hybrid-QLIKE-scale_qlike,test
2024-06-14,2024-06-17,0.1619251788207639,2.035125864416164,Calibrated-Hybrid-QLIKE-scale_qlike,test
2024-06-17,2024-06-18,0.1371670063872054,1.9637862193383047,Calibrated-Hybrid-QLIKE-scale_qlike,test
2024-06-18,2024-06-19,0.0005135905111872,1.9209574217677972,Calibrated-Hybrid-QLIKE-scale_qlike,test
2024-06-19,2024-06-20,0.0383900740120223,1.9204749664646192,Calibrated-Hybrid-QLIKE-scale_qlike,test
2024-06-20,2024-06-21,0.0004769047173217,1.89984920390966,Calibrated-Hybrid-QLIKE-scale_qlike,test
2024-06-21,2024-06-24,4.841244218909869,1.8696816327374368,Calibrated-Hybrid-QLIKE-scale_qlike,test
2024-06-24,2024-06-25,0.0377795857346046,2.0874789709013837,Calibrated-Hybrid-QLIKE-scale_qlike,test
2024-06-25,2024-06-26,0.1382006989182143,1.9796825914775449,Calibrated-Hybrid-QLIKE-scale_qlike,test
2024-06-26,2024-06-27,0.0291086660682599,1.9593202186062377,Calibrated-Hybrid-QLIKE-scale_qlike,test
2024-06-27,2024-06-28,1.2092769262564496,1.9456248492017238,Calibrated-Hybrid-QLIKE-scale_qlike,test
2024-06-28,2024-07-01,0.5464740769679215,1.944048726356631,Calibrated-Hybrid-QLIKE-scale_qlike,test
2024-07-01,2024-07-02,1.4560329328950323,1.9079744307656727,Calibrated-Hybrid-QLIKE-scale_qlike,test
2024-07-02,2024-07-03,0.3074231060441431,1.8875725877623342,Calibrated-Hybrid-QLIKE-scale_qlike,test
2024-07-03,2024-07-04,0.0565502378458402,1.869583915420272,Calibrated-Hybrid-QLIKE-scale_qlike,test
2024-07-04,2024-07-05,0.0604238017679763,1.8441666832128067,Calibrated-Hybrid-QLIKE-scale_qlike,test
2024-07-05,2024-07-08,0.001641913639604,1.8247652611611471,Calibrated-Hybrid-QLIKE-scale_qlike,test
2024-07-08,2024-07-09,0.6204070574126203,1.82584641066766,Calibrated-Hybrid-QLIKE-scale_qlike,test
2024-07-09,2024-07-10,0.3628967539784848,1.826125256292981,Calibrated-Hybrid-QLIKE-scale_qlike,test
2024-07-10,2024-07-11,0.0277401860440043,1.8586630791479615,Calibrated-Hybrid-QLIKE-scale_qlike,test
2024-07-11,2024-07-12,0.0565767163705356,1.8630655955576347,Calibrated-Hybrid-QLIKE-scale_qlike,test
2024-07-12,2024-07-15,0.0052765811391784,1.8602575958409908,Calibrated-Hybrid-QLIKE-scale_qlike,test
2024-07-15,2024-07-16,0.011280250205691,1.8619945371204762,Calibrated-Hybrid-QLIKE-scale_qlike,test
2024-07-16,2024-07-17,0.9643834972427656,1.8305089956495526,Calibrated-Hybrid-QLIKE-scale_qlike,test
2024-07-17,2024-07-18,0.2066285309508605,1.9672171829187557,Calibrated-Hybrid-QLIKE-scale_qlike,test
2024-07-18,2024-07-19,0.5789189613600527,1.8788608015332227,Calibrated-Hybrid-QLIKE-scale_qlike,test
2024-07-19,2024-07-22,0.6479469442933512,1.9093543525661052,Calibrated-Hybrid-QLIKE-scale_qlike,test
2024-07-22,2024-07-23,3.3723820037131813,1.94442286233307,Calibrated-Hybrid-QLIKE-scale_qlike,test
2024-07-23,2024-07-24,0.2907489732326712,2.001175547321696,Calibrated-Hybrid-QLIKE-scale_qlike,test
2024-07-24,2024-07-25,0.1825373322670373,1.9770253191259395,Calibrated-Hybrid-QLIKE-scale_qlike,test
2024-07-25,2024-07-26,0.5194428542577421,1.9842095218309033,Calibrated-Hybrid-QLIKE-scale_qlike,test
2024-07-26,2024-07-29,0.1301982149615345,1.9298069063863255,Calibrated-Hybrid-QLIKE-scale_qlike,test
2024-07-29,2024-07-30,0.0152800221232259,1.9041432732575387,Calibrated-Hybrid-QLIKE-scale_qlike,test
2024-07-30,2024-07-31,0.2669893008576879,1.894872390692179,Calibrated-Hybrid-QLIKE-scale_qlike,test
2024-07-31,2024-08-01,3.924859003099425,1.8656473764916661,Calibrated-Hybrid-QLIKE-scale_qlike,test
2024-08-01,2024-08-02,0.6124804127570632,2.0280346528313253,Calibrated-Hybrid-QLIKE-scale_qlike,test
2024-08-02,2024-08-05,16.028441731399298,1.9605961640718046,Calibrated-Hybrid-QLIKE-scale_qlike,test
2024-08-05,2024-08-06,3.4304951964000674,2.371909428302337,Calibrated-Hybrid-QLIKE-scale_qlike,test
2024-08-06,2024-08-07,0.2131074887245232,2.204357312744064,Calibrated-Hybrid-QLIKE-scale_qlike,test
2024-08-07,2024-08-08,0.389017827650505,2.2106206734366873,Calibrated-Hybrid-QLIKE-scale_qlike,test
2024-08-08,2024-08-09,1.5873626468232618,2.1938383309551526,Calibrated-Hybrid-QLIKE-scale_qlike,test
2024-08-09,2024-08-12,0.2928717413764615,2.1152723306041414,Calibrated-Hybrid-QLIKE-scale_qlike,test
2024-08-12,2024-08-13,0.0001294788177011,2.085386542963507,Calibrated-Hybrid-QLIKE-scale_qlike,test
2024-08-13,2024-08-14,2.3780277347729983e-05,2.0586164687872945,Calibrated-Hybrid-QLIKE-scale_qlike,test
2024-08-14,2024-08-15,0.3071561671079922,2.0263739693797453,Calibrated-Hybrid-QLIKE-scale_qlike,test
2024-08-15,2024-08-16,5.364467227292595,2.026178917950581,Calibrated-Hybrid-QLIKE-scale_qlike,test
2024-08-16,2024-08-19,0.5581057481573143,2.044021844594754,Calibrated-Hybrid-QLIKE-scale_qlike,test
2024-08-19,2024-08-20,0.7441049789899746,1.9610732545026677,Calibrated-Hybrid-QLIKE-scale_qlike,test
2024-08-20,2024-08-21,0.8093492360217696,1.926779585580045,Calibrated-Hybrid-QLIKE-scale_qlike,test
2024-08-21,2024-08-22,0.0097920425309074,1.88406191750749,Calibrated-Hybrid-QLIKE-scale_qlike,test
2024-08-22,2024-08-23,0.039129459240867,1.9063644581309744,Calibrated-Hybrid-QLIKE-scale_qlike,test
2024-08-23,2024-08-26,0.1707352129175375,1.896589533038121,Calibrated-Hybrid-QLIKE-scale_qlike,test
2024-08-26,2024-08-27,0.0017789790178368,1.901640049382405,Calibrated-Hybrid-QLIKE-scale_qlike,test
2024-08-27,2024-08-28,0.0047191862628622,1.8924290745578947,Calibrated-Hybrid-QLIKE-scale_qlike,test
2024-08-28,2024-08-29,5.480696959213411e-06,1.8894979382481176,Calibrated-Hybrid-QLIKE-scale_qlike,test
2024-08-29,2024-08-30,0.0350100605836961,1.8690788510123382,Calibrated-Hybrid-QLIKE-scale_qlike,test
2024-08-30,2024-09-04,0.3975959773479832,1.8092730427362977,Calibrated-Hybrid-QLIKE-scale_qlike,test
2024-09-04,2024-09-05,0.3560479520225069,1.8158786056415799,Calibrated-Hybrid-QLIKE-scale_qlike,test
2024-09-05,2024-09-06,0.2046388013312271,1.8322316306028648,Calibrated-Hybrid-QLIKE-scale_qlike,test
2024-09-06,2024-09-09,0.2403215208141221,1.823554588308745,Calibrated-Hybrid-QLIKE-scale_qlike,test
2024-09-09,2024-09-10,0.9818980427278184,1.8327909824092234,Calibrated-Hybrid-QLIKE-scale_qlike,test
2024-09-10,2024-09-11,0.0244199123086784,1.854137937085375,Calibrated-Hybrid-QLIKE-scale_qlike,test
2024-09-11,2024-09-12,0.0602484567361687,1.8676350616843471,Calibrated-Hybrid-QLIKE-scale_qlike,test
2024-09-12,2024-09-13,0.1369055643032899,1.8295995220571173,Calibrated-Hybrid-QLIKE-scale_qlike,test
2024-09-13,2024-09-16,0.9992379796047328,1.8082629139204303,Calibrated-Hybrid-QLIKE-scale_qlike,test
2024-09-16,2024-09-17,2.484914926701652,1.8235407929227925,Calibrated-Hybrid-QLIKE-scale_qlike,test
2024-09-17,2024-09-18,0.2223148391601984,1.8032990019435156,Calibrated-Hybrid-QLIKE-scale_qlike,test
2024-09-18,2024-09-19,0.2523387575730195,1.8241103635335605,Calibrated-Hybrid-QLIKE-scale_qlike,test
2024-09-19,2024-09-20,0.003666425548263,1.8093762526608326,Calibrated-Hybrid-QLIKE-scale_qlike,test
2024-09-20,2024-09-23,0.0785444168047104,1.874308068698731,Calibrated-Hybrid-QLIKE-scale_qlike,test
2024-09-23,2024-09-24,0.447081172927798,1.8570812082253885,Calibrated-Hybrid-QLIKE-scale_qlike,test
2024-09-24,2024-09-25,0.6692996014919499,1.8204796223269055,Calibrated-Hybrid-QLIKE-scale_qlike,test
2024-09-25,2024-09-26,0.0967067651015831,1.896213736505966,Calibrated-Hybrid-QLIKE-scale_qlike,test
2024-09-26,2024-09-27,0.0019487643545271,1.9121504729226235,Calibrated-Hybrid-QLIKE-scale_qlike,test
2024-09-27,2024-09-30,0.0534118196752501,1.9247563900420417,Calibrated-Hybrid-QLIKE-scale_qlike,test
2024-09-30,2024-10-01,0.1090419063191174,1.8974161065797852,Calibrated-Hybrid-QLIKE-scale_qlike,test
2024-10-01,2024-10-02,0.1142301950532245,1.9320047157446738,Calibrated-Hybrid-QLIKE-scale_qlike,test
2024-10-02,2024-10-03,0.5763536966008403,1.8794914295003367,Calibrated-Hybrid-QLIKE-scale_qlike,test
2024-10-03,2024-10-04,0.3463758362975216,1.972314705763323,Calibrated-Hybrid-QLIKE-scale_qlike,test
2024-10-04,2024-10-07,0.0027820245719093,1.895244738377846,Calibrated-Hybrid-QLIKE-scale_qlike,test
2024-10-07,2024-10-08,0.0260164216385025,1.8939552529964365,Calibrated-Hybrid-QLIKE-scale_qlike,test
2024-10-08,2024-10-09,0.5974680039460253,1.858223670558358,Calibrated-Hybrid-QLIKE-scale_qlike,test
2024-10-09,2024-10-10,0.1233539050383977,1.8182921595080217,Calibrated-Hybrid-QLIKE-scale_qlike,test
2024-10-10,2024-10-11,0.0248646364370185,1.8189737537621276,Calibrated-Hybrid-QLIKE-scale_qlike,test
2024-10-11,2024-10-14,0.0253573876734088,1.7856475501469633,Calibrated-Hybrid-QLIKE-scale_qlike,test
2024-10-14,2024-10-15,0.1678954221921946,1.8082942090089338,Calibrated-Hybrid-QLIKE-scale_qlike,test
2024-10-15,2024-10-16,0.0156181703703392,1.8281156239218193,Calibrated-Hybrid-QLIKE-scale_qlike,test
2024-10-16,2024-10-17,0.301088511662053,1.8079219890583218,Calibrated-Hybrid-QLIKE-scale_qlike,test
2024-10-17,2024-10-18,0.0067941729317095,1.7971027021548296,Calibrated-Hybrid-QLIKE-scale_qlike,test
2024-10-18,2024-10-21,0.1968037312439634,1.8074689128178207,Calibrated-Hybrid-QLIKE-scale_qlike,test
2024-10-21,2024-10-22,0.6006392197446851,1.8051834772116615,Calibrated-Hybrid-QLIKE-scale_qlike,test
2024-10-22,2024-10-23,0.0063207009295036,1.8530473351847836,Calibrated-Hybrid-QLIKE-scale_qlike,test
2024-10-23,2024-10-24,1.1387581243922995,1.8385874714753925,Calibrated-Hybrid-QLIKE-scale_qlike,test
2024-10-24,2024-10-25,0.1396414208283497,1.8698831986544118,Calibrated-Hybrid-QLIKE-scale_qlike,test
2024-10-25,2024-10-28,0.0267355724555891,1.8703871134468497,Calibrated-Hybrid-QLIKE-scale_qlike,test
2024-10-28,2024-10-29,0.310375295938392,1.8482975071602459,Calibrated-Hybrid-QLIKE-scale_qlike,test
2024-10-29,2024-10-30,0.0624797327224918,1.7994788296501218,Calibrated-Hybrid-QLIKE-scale_qlike,test
2024-10-30,2024-10-31,0.2150309186038439,1.8002194374996923,Calibrated-Hybrid-QLIKE-scale_qlike,test
2024-10-31,2024-11-01,0.5795854757810541,1.7615669375562457,Calibrated-Hybrid-QLIKE-scale_qlike,test
2024-11-01,2024-11-04,0.6634669865085588,1.7916054963228008,Calibrated-Hybrid-QLIKE-scale_qlike,test
2024-11-04,2024-11-05,0.0071101049569573,1.8565452319341162,Calibrated-Hybrid-QLIKE-scale_qlike,test
2024-11-05,2024-11-06,1.532964136157592,1.842870300138421,Calibrated-Hybrid-QLIKE-scale_qlike,test
2024-11-06,2024-11-07,0.0147328555936719,1.794208098070816,Calibrated-Hybrid-QLIKE-scale_qlike,test
2024-11-07,2024-11-08,0.3276224769794669,1.8151323774495842,Calibrated-Hybrid-QLIKE-scale_qlike,test
2024-11-08,2024-11-11,0.0320387972398517,1.813032796348621,Calibrated-Hybrid-QLIKE-scale_qlike,test
2024-11-11,2024-11-12,0.1943555469915317,1.8533881323118364,Calibrated-Hybrid-QLIKE-scale_qlike,test
2024-11-12,2024-11-13,0.0095957977358447,1.8651189365686458,Calibrated-Hybrid-QLIKE-scale_qlike,test
2024-11-13,2024-11-14,1.304380342114139,1.858110497299524,Calibrated-Hybrid-QLIKE-scale_qlike,test
2024-11-14,2024-11-15,1.1819027969632745,1.885710466128834,Calibrated-Hybrid-QLIKE-scale_qlike,test
2024-11-15,2024-11-18,0.0141759467193479,1.9422787016978709,Calibrated-Hybrid-QLIKE-scale_qlike,test
2024-11-18,2024-11-19,0.9768103702203697,1.9416029832563,Calibrated-Hybrid-QLIKE-scale_qlike,test
2024-11-19,2024-11-20,0.8848644501514296,1.944594027306927,Calibrated-Hybrid-QLIKE-scale_qlike,test
2024-11-20,2024-11-21,0.9302138287758972,1.920867496288995,Calibrated-Hybrid-QLIKE-scale_qlike,test
2024-11-21,2024-11-22,0.0003506766753295,1.8810402170436344,Calibrated-Hybrid-QLIKE-scale_qlike,test
2024-11-22,2024-11-25,0.2872709111767263,1.8919595204952835,Calibrated-Hybrid-QLIKE-scale_qlike,test
2024-11-25,2024-11-26,0.3599546809656788,1.8400262791362338,Calibrated-Hybrid-QLIKE-scale_qlike,test
2024-11-26,2024-11-27,0.0001659440969947,1.8120839803592095,Calibrated-Hybrid-QLIKE-scale_qlike,test
2024-11-27,2024-11-28,0.0001270529950301,1.8078659133691253,Calibrated-Hybrid-QLIKE-scale_qlike,test
2024-11-28,2024-11-29,0.4488915850595839,1.7918826813924054,Calibrated-Hybrid-QLIKE-scale_qlike,test
2024-11-29,2024-12-02,0.0035951954303536,1.7324931616609922,Calibrated-Hybrid-QLIKE-scale_qlike,test
2024-12-02,2024-12-03,0.0121780282468158,1.7551538713790256,Calibrated-Hybrid-QLIKE-scale_qlike,test
2024-12-03,2024-12-04,0.5723787875208138,1.7439653024311887,Calibrated-Hybrid-QLIKE-scale_qlike,test
2024-12-04,2024-12-05,4.677770763753511,1.777455262387014,Calibrated-Hybrid-QLIKE-scale_qlike,test
2024-12-05,2024-12-06,0.0423127275118428,1.8620294087905234,Calibrated-Hybrid-QLIKE-scale_qlike,test
2024-12-06,2024-12-09,0.0846129168166276,1.8546133669605216,Calibrated-Hybrid-QLIKE-scale_qlike,test
2024-12-09,2024-12-10,0.019333949066393,1.8678345838404402,Calibrated-Hybrid-QLIKE-scale_qlike,test
2024-12-10,2024-12-11,0.0638388590450149,1.865408256468487,Calibrated-Hybrid-QLIKE-scale_qlike,test
2024-12-11,2024-12-12,0.0141789335558376,1.875772423370596,Calibrated-Hybrid-QLIKE-scale_qlike,test
2024-12-12,2024-12-13,0.1427917911928931,1.8566013076233125,Calibrated-Hybrid-QLIKE-scale_qlike,test
2024-12-13,2024-12-16,0.0093280152446342,1.8573489409009145,Calibrated-Hybrid-QLIKE-scale_qlike,test
2024-12-16,2024-12-17,0.0268721671219935,1.836952718240001,Calibrated-Hybrid-QLIKE-scale_qlike,test
2024-12-17,2024-12-18,0.1146807250456102,1.8066411896606605,Calibrated-Hybrid-QLIKE-scale_qlike,test
2024-12-18,2024-12-19,0.8081531599464532,1.7747776801616446,Calibrated-Hybrid-QLIKE-scale_qlike,test
2024-12-19,2024-12-20,0.0507615856480591,1.8139052267750724,Calibrated-Hybrid-QLIKE-scale_qlike,test
2024-12-20,2024-12-23,0.1742376670775678,1.8101613123095837,Calibrated-Hybrid-QLIKE-scale_qlike,test
2024-12-23,2024-12-24,0.0361915284275727,1.773079570338915,Calibrated-Hybrid-QLIKE-scale_qlike,test
2024-12-24,2024-12-25,1.1654410256024177,1.775742590768001,Calibrated-Hybrid-QLIKE-scale_qlike,test
2024-12-25,2024-12-26,0.0084412075502873,1.7789234491105324,Calibrated-Hybrid-QLIKE-scale_qlike,test
2024-12-26,2024-12-27,0.0317475107765902,1.804969393259285,Calibrated-Hybrid-QLIKE-scale_qlike,test
2024-12-27,2024-12-30,0.0600146339677672,1.7860181095418586,Calibrated-Hybrid-QLIKE-scale_qlike,test
2024-12-30,2024-12-31,0.1703989127600233,1.7919110385746408,Calibrated-Hybrid-QLIKE-scale_qlike,test
2024-12-31,2025-01-02,0.0533739456959429,1.789966144625425,Calibrated-Hybrid-QLIKE-scale_qlike,test
2025-01-02,2025-01-03,1.435132590022104,1.753505961432957,Calibrated-Hybrid-QLIKE-scale_qlike,test
2025-01-03,2025-01-06,0.4342211890889308,1.8034570102066958,Calibrated-Hybrid-QLIKE-scale_qlike,test
2025-01-06,2025-01-07,0.037939050469307,1.8459373465468432,Calibrated-Hybrid-QLIKE-scale_qlike,test
2025-01-07,2025-01-08,0.032117795831564,1.850760366757963,Calibrated-Hybrid-QLIKE-scale_qlike,test
2025-01-08,2025-01-09,0.1768543904547769,1.8293289792103786,Calibrated-Hybrid-QLIKE-scale_qlike,test
2025-01-09,2025-01-10,1.525095444996381,1.7835878223831965,Calibrated-Hybrid-QLIKE-scale_qlike,test
2025-01-10,2025-01-13,0.175796578127988,1.8201077855814591,Calibrated-Hybrid-QLIKE-scale_qlike,test
2025-01-13,2025-01-14,0.2850878204367433,1.8235650625832647,Calibrated-Hybrid-QLIKE-scale_qlike,test
2025-01-14,2025-01-15,0.3327205813226502,1.8159203750046031,Calibrated-Hybrid-QLIKE-scale_qlike,test
2025-01-15,2025-01-16,0.2486834462527659,1.7763018148393046,Calibrated-Hybrid-QLIKE-scale_qlike,test
2025-01-16,2025-01-17,0.293601545819197,1.733417324784766,Calibrated-Hybrid-QLIKE-scale_qlike,test
2025-01-17,2025-01-20,0.0012403693451998,1.6915272521343159,Calibrated-Hybrid-QLIKE-scale_qlike,test
2025-01-20,2025-01-21,0.0768862836866478,1.6757498013313896,Calibrated-Hybrid-QLIKE-scale_qlike,test
2025-01-21,2025-01-22,0.0818546593881995,1.6617049488160747,Calibrated-Hybrid-QLIKE-scale_qlike,test
2025-01-22,2025-01-23,1.8682525367895249,1.6753835849283683,Calibrated-Hybrid-QLIKE-scale_qlike,test
2025-01-23,2025-01-24,0.1843517308365074,1.688203458265108,Calibrated-Hybrid-QLIKE-scale_qlike,test
2025-01-24,2025-02-04,0.0008556873339296,1.7255625130404364,Calibrated-Hybrid-QLIKE-scale_qlike,test
2025-02-04,2025-02-05,0.1513708695410532,1.7597935917860519,Calibrated-Hybrid-QLIKE-scale_qlike,test
2025-02-05,2025-02-06,0.0216622352028634,1.7483526183693037,Calibrated-Hybrid-QLIKE-scale_qlike,test
2025-02-06,2025-02-07,0.0853488617566438,1.7693875163058037,Calibrated-Hybrid-QLIKE-scale_qlike,test
2025-02-07,2025-02-10,0.8849819273953393,1.7537683292361679,Calibrated-Hybrid-QLIKE-scale_qlike,test
2025-02-10,2025-02-11,0.168100114678953,1.8297446290797303,Calibrated-Hybrid-QLIKE-scale_qlike,test
2025-02-11,2025-02-12,0.0147578221185138,1.8338515665718627,Calibrated-Hybrid-QLIKE-scale_qlike,test
2025-02-12,2025-02-13,0.0735271043646943,1.8408851696468431,Calibrated-Hybrid-QLIKE-scale_qlike,test
2025-02-13,2025-02-14,0.2025383263760581,1.8041410314268491,Calibrated-Hybrid-QLIKE-scale_qlike,test
2025-02-14,2025-02-17,0.0695132401561259,1.784693624755347,Calibrated-Hybrid-QLIKE-scale_qlike,test
2025-02-17,2025-02-18,0.1805870585568251,1.8242126793127096,Calibrated-Hybrid-QLIKE-scale_qlike,test
2025-02-18,2025-02-19,0.6592497592052439,1.806039302080948,Calibrated-Hybrid-QLIKE-scale_qlike,test
2025-02-19,2025-02-20,0.1172593983298531,1.8018508696236504,Calibrated-Hybrid-QLIKE-scale_qlike,test
2025-02-20,2025-02-21,0.0847684671072922,1.8142091084711967,Calibrated-Hybrid-QLIKE-scale_qlike,test
2025-02-21,2025-02-24,0.3605624100663593,1.8037660013050247,Calibrated-Hybrid-QLIKE-scale_qlike,test
2025-02-24,2025-02-25,0.0115290687889239,1.8203931456945914,Calibrated-Hybrid-QLIKE-scale_qlike,test
2025-02-25,2025-02-26,0.0002355760665946,1.85897730738355,Calibrated-Hybrid-QLIKE-scale_qlike,test
2025-02-26,2025-02-27,0.1374731263687118,1.8321612485874952,Calibrated-Hybrid-QLIKE-scale_qlike,test
2025-02-27,2025-02-28,0.0348744922200793,1.854452165320964,Calibrated-Hybrid-QLIKE-scale_qlike,test
2025-02-28,2025-03-03,0.0940796554023008,1.8502994986790997,Calibrated-Hybrid-QLIKE-scale_qlike,test
2025-03-03,2025-03-04,0.0375578625820462,1.8469306143354354,Calibrated-Hybrid-QLIKE-scale_qlike,test
2025-03-04,2025-03-05,0.3028627512498273,1.8846046637566831,Calibrated-Hybrid-QLIKE-scale_qlike,test
2025-03-05,2025-03-06,1.0612188848677555,1.8709104439676654,Calibrated-Hybrid-QLIKE-scale_qlike,test
2025-03-06,2025-03-07,0.350731246280503,1.9228314227614236,Calibrated-Hybrid-QLIKE-scale_qlike,test
2025-03-07,2025-03-10,0.1014325645495789,1.901437844790154,Calibrated-Hybrid-QLIKE-scale_qlike,test
2025-03-10,2025-03-11,0.0288133302998629,1.9033587245490085,Calibrated-Hybrid-QLIKE-scale_qlike,test
2025-03-11,2025-03-12,0.0196658897235791,1.9019402267619305,Calibrated-Hybrid-QLIKE-scale_qlike,test
2025-03-12,2025-03-13,0.3743917074856848,1.9060124203190707,Calibrated-Hybrid-QLIKE-scale_qlike,test
2025-03-13,2025-03-14,8.187247062994656e-05,1.9765732647658791,Calibrated-Hybrid-QLIKE-scale_qlike,test
2025-03-14,2025-03-17,0.5767885171931181,1.9618457961160176,Calibrated-Hybrid-QLIKE-scale_qlike,test
2025-03-17,2025-03-18,0.157344490226044,1.9048289550334088,Calibrated-Hybrid-QLIKE-scale_qlike,test
2025-03-18,2025-03-19,0.2279894954046255,1.9166058716451155,Calibrated-Hybrid-QLIKE-scale_qlike,test
2025-03-19,2025-03-20,0.0027940647092661,1.937658524754277,Calibrated-Hybrid-QLIKE-scale_qlike,test
2025-03-20,2025-03-21,0.0240132299745747,1.923323713663846,Calibrated-Hybrid-QLIKE-scale_qlike,test
2025-03-21,2025-03-24,0.4050748456224285,1.88267407613364,Calibrated-Hybrid-QLIKE-scale_qlike,test
2025-03-24,2025-03-25,0.0144479307849922,1.8703406178867867,Calibrated-Hybrid-QLIKE-scale_qlike,test
2025-03-25,2025-03-26,0.1924355354900559,1.8825354835988377,Calibrated-Hybrid-QLIKE-scale_qlike,test
2025-03-26,2025-03-27,0.0296122174159068,1.866540755467157,Calibrated-Hybrid-QLIKE-scale_qlike,test
2025-03-27,2025-03-28,0.2311977047112736,1.830115316209681,Calibrated-Hybrid-QLIKE-scale_qlike,test
2025-03-28,2025-03-31,0.652593682196234,1.8473697674549288,Calibrated-Hybrid-QLIKE-scale_qlike,test
2025-03-31,2025-04-01,0.6367477385533009,1.8919518563919764,Calibrated-Hybrid-QLIKE-scale_qlike,test
2025-04-01,2025-04-02,0.0014400780515298,1.8188267307136876,Calibrated-Hybrid-QLIKE-scale_qlike,test
2025-04-02,2025-04-03,47.7513682523715,1.8710814812064678,Calibrated-Hybrid-QLIKE-scale_qlike,test
2025-04-03,2025-04-04,2.4680894659320427,2.5824124561438095,Calibrated-Hybrid-QLIKE-scale_qlike,test
2025-04-04,2025-04-08,44.20961209050503,2.2404192180346763,Calibrated-Hybrid-QLIKE-scale_qlike,test
2025-04-08,2025-04-09,11.94996872052983,3.1878462164567978,Calibrated-Hybrid-QLIKE-scale_qlike,test
2025-04-09,2025-04-10,42.861963107094255,2.5533361255474536,Calibrated-Hybrid-QLIKE-scale_qlike,test
2025-04-10,2025-04-11,20.5039468602513,3.0453465217885745,Calibrated-Hybrid-QLIKE-scale_qlike,test
2025-04-11,2025-04-14,2.373686902735611,2.452065985559669,Calibrated-Hybrid-QLIKE-scale_qlike,test
2025-04-14,2025-04-15,1.222393557661562,2.41123854083274,Calibrated-Hybrid-QLIKE-scale_qlike,test
2025-04-15,2025-04-16,2.0585197770339483,2.334269995081026,Calibrated-Hybrid-QLIKE-scale_qlike,test
2025-04-16,2025-04-17,0.3278654140280428,2.389249462034513,Calibrated-Hybrid-QLIKE-scale_qlike,test
2025-04-17,2025-04-18,0.0235644272572965,2.340607697575727,Calibrated-Hybrid-QLIKE-scale_qlike,test
2025-04-18,2025-04-21,0.9867147275211472,2.2163919986969978,Calibrated-Hybrid-QLIKE-scale_qlike,test
2025-04-21,2025-04-22,0.6837487157170882,2.2313030226210637,Calibrated-Hybrid-QLIKE-scale_qlike,test
2025-04-22,2025-04-23,1.3269747595182129,2.0295103759230964,Calibrated-Hybrid-QLIKE-scale_qlike,test
2025-04-23,2025-04-24,1.029521260921247,2.1019185247370107,Calibrated-Hybrid-QLIKE-scale_qlike,test
2025-04-24,2025-04-25,0.2299163958338018,2.0510950455368206,Calibrated-Hybrid-QLIKE-scale_qlike,test
2025-04-25,2025-04-28,0.0391566462219492,1.9881986876022166,Calibrated-Hybrid-QLIKE-scale_qlike,test
2025-04-28,2025-04-29,0.0016617646152264,2.0118504936129056,Calibrated-Hybrid-QLIKE-scale_qlike,test
2025-04-29,2025-05-05,1.2432686189181044,1.9887098832927967,Calibrated-Hybrid-QLIKE-scale_qlike,test
2025-05-05,2025-05-06,0.0234403346988041,1.9355262434792035,Calibrated-Hybrid-QLIKE-scale_qlike,test
2025-05-06,2025-05-07,0.4565410925067849,1.895043555666036,Calibrated-Hybrid-QLIKE-scale_qlike,test
2025-05-07,2025-05-08,2.377733233918144,1.899787252407928,Calibrated-Hybrid-QLIKE-scale_qlike,test
2025-05-08,2025-05-09,0.0388387388391833,1.881204228854405,Calibrated-Hybrid-QLIKE-scale_qlike,test
2025-05-09,2025-05-12,1.5662677776101377,1.9266904265115734,Calibrated-Hybrid-QLIKE-scale_qlike,test
2025-05-12,2025-05-13,0.6231348828577624,1.921416501555889,Calibrated-Hybrid-QLIKE-scale_qlike,test
2025-05-13,2025-05-14,1.5683566422405055,1.9405928544404318,Calibrated-Hybrid-QLIKE-scale_qlike,test
2025-05-14,2025-05-15,0.0700077382080358,1.9465538662575925,Calibrated-Hybrid-QLIKE-scale_qlike,test
2025-05-15,2025-05-16,0.816128421348678,2.000336072539465,Calibrated-Hybrid-QLIKE-scale_qlike,test
2025-05-16,2025-05-19,0.1541807515116988,2.008732991857712,Calibrated-Hybrid-QLIKE-scale_qlike,test
2025-05-19,2025-05-20,2.0864038037366446,2.026789491514042,Calibrated-Hybrid-QLIKE-scale_qlike,test
2025-05-20,2025-05-21,0.3586751908572574,1.9794464093606332,Calibrated-Hybrid-QLIKE-scale_qlike,test
2025-05-21,2025-05-22,0.4879763310352334,1.9999409880139873,Calibrated-Hybrid-QLIKE-scale_qlike,test
2025-05-22,2025-05-23,0.0022258378145528,2.0363668104766286,Calibrated-Hybrid-QLIKE-scale_qlike,test
2025-05-23,2025-05-26,1.8600723156803831,1.9744840302043805,Calibrated-Hybrid-QLIKE-scale_qlike,test
2025-05-26,2025-05-27,0.2984907987188625,1.9652261766146422,Calibrated-Hybrid-QLIKE-scale_qlike,test
2025-05-27,2025-05-28,0.0236037331895616,1.990290221394708,Calibrated-Hybrid-QLIKE-scale_qlike,test
2025-05-28,2025-05-29,5.553699144539498e-07,1.9717903533620664,Calibrated-Hybrid-QLIKE-scale_qlike,test
2025-05-29,2025-05-30,0.4795271728756022,1.9783131439516326,Calibrated-Hybrid-QLIKE-scale_qlike,test
2025-05-30,2025-06-02,0.0768775248909457,1.9858889823355856,Calibrated-Hybrid-QLIKE-scale_qlike,test
2025-06-02,2025-06-03,0.6659991384313828,1.9681727688660886,Calibrated-Hybrid-QLIKE-scale_qlike,test
2025-06-03,2025-06-04,0.0125760569530384,1.99133190076919,Calibrated-Hybrid-QLIKE-scale_qlike,test
2025-06-04,2025-06-05,0.0737636944522696,1.9789975483769509,Calibrated-Hybrid-QLIKE-scale_qlike,test
2025-06-05,2025-06-06,0.8339101934074882,1.907593397096258,Calibrated-Hybrid-QLIKE-scale_qlike,test
2025-06-06,2025-06-09,2.1415615006193414,1.9932327261243905,Calibrated-Hybrid-QLIKE-scale_qlike,test
2025-06-09,2025-06-10,0.1857120921961249,1.9803238214542342,Calibrated-Hybrid-QLIKE-scale_qlike,test
2025-06-10,2025-06-11,0.0061284527471124,1.9533056858009836,Calibrated-Hybrid-QLIKE-scale_qlike,test
2025-06-11,2025-06-12,0.348758893746006,1.9270645624880114,Calibrated-Hybrid-QLIKE-scale_qlike,test
2025-06-12,2025-06-13,0.3232043851233978,1.951496446480302,Calibrated-Hybrid-QLIKE-scale_qlike,test
2025-06-13,2025-06-16,2.90666722935662,2.075135804790342,Calibrated-Hybrid-QLIKE-scale_qlike,test
2025-06-16,2025-06-17,0.5089174637565245,1.9237827934519374,Calibrated-Hybrid-QLIKE-scale_qlike,test
2025-06-17,2025-06-18,0.0040746855610125,1.9127883817878792,Calibrated-Hybrid-QLIKE-scale_qlike,test
2025-06-18,2025-06-19,0.1490639362511987,1.9452227392482146,Calibrated-Hybrid-QLIKE-scale_qlike,test
2025-06-19,2025-06-20,0.0396634294929435,1.8926030497029647,Calibrated-Hybrid-QLIKE-scale_qlike,test
2025-06-20,2025-06-23,0.4254396112184308,1.9648101435401253,Calibrated-Hybrid-QLIKE-scale_qlike,test
2025-06-23,2025-06-24,0.3974954121903902,1.900420946016365,Calibrated-Hybrid-QLIKE-scale_qlike,test
2025-06-24,2025-06-25,2.141289912653593e-06,1.949912148591682,Calibrated-Hybrid-QLIKE-scale_qlike,test
2025-06-25,2025-06-26,0.0062490303873797,1.9131683935768533,Calibrated-Hybrid-QLIKE-scale_qlike,test
2025-06-26,2025-06-27,0.1777576915183636,1.873797128478262,Calibrated-Hybrid-QLIKE-scale_qlike,test
2025-06-27,2025-06-30,0.1135910808511721,1.8654832369458405,Calibrated-Hybrid-QLIKE-scale_qlike,test
2025-06-30,2025-07-01,0.0165236945249244,1.8311004089547456,Calibrated-Hybrid-QLIKE-scale_qlike,test
2025-07-01,2025-07-02,0.2388288030529801,1.854451398910633,Calibrated-Hybrid-QLIKE-scale_qlike,test
2025-07-02,2025-07-03,0.0361488680610222,1.876752406713456,Calibrated-Hybrid-QLIKE-scale_qlike,test
2025-07-03,2025-07-04,0.1309520910154639,2.0477126212773142,Calibrated-Hybrid-QLIKE-scale_qlike,test
2025-07-04,2025-07-07,1.1709559965363006,1.914044400584848,Calibrated-Hybrid-QLIKE-scale_qlike,test
2025-07-07,2025-07-08,0.904778187332118,2.043405522953813,Calibrated-Hybrid-QLIKE-scale_qlike,test
2025-07-08,2025-07-09,1.241559484315582,2.041157769188914,Calibrated-Hybrid-QLIKE-scale_qlike,test
2025-07-09,2025-07-10,0.9910271514632224,2.146745992714939,Calibrated-Hybrid-QLIKE-scale_qlike,test
2025-07-10,2025-07-11,0.6970381226212395,2.03206252232434,Calibrated-Hybrid-QLIKE-scale_qlike,test
2025-07-11,2025-07-14,0.7477170344432008,2.105138470006408,Calibrated-Hybrid-QLIKE-scale_qlike,test
2025-07-14,2025-07-15,0.4444265080916222,2.1156244961510997,Calibrated-Hybrid-QLIKE-scale_qlike,test
2025-07-15,2025-07-16,0.1995824056263008,2.1904967819132835,Calibrated-Hybrid-QLIKE-scale_qlike,test
2025-07-16,2025-07-17,2.3820294026445814,2.144768398591613,Calibrated-Hybrid-QLIKE-scale_qlike,test
2025-07-17,2025-07-18,0.2369058350764768,2.197088932637778,Calibrated-Hybrid-QLIKE-scale_qlike,test
2025-07-18,2025-07-21,0.6726766922283197,2.2167815906151054,Calibrated-Hybrid-QLIKE-scale_qlike,test
2025-07-21,2025-07-22,2.6753597330452594,2.2207035677474276,Calibrated-Hybrid-QLIKE-scale_qlike,test
2025-07-22,2025-07-23,0.033610422134737,2.155688723923703,Calibrated-Hybrid-QLIKE-scale_qlike,test
2025-07-23,2025-07-24,0.3298066193429415,2.2391084008990623,Calibrated-Hybrid-QLIKE-scale_qlike,test
2025-07-24,2025-07-25,0.4388880259346913,2.227045868704113,Calibrated-Hybrid-QLIKE-scale_qlike,test
2025-07-25,2025-07-28,2.898363616722053,2.226791165004209,Calibrated-Hybrid-QLIKE-scale_qlike,test
2025-07-28,2025-07-29,17.613558540836202,2.3085410893390748,Calibrated-Hybrid-QLIKE-scale_qlike,test
2025-07-29,2025-07-30,0.8980946651524866,2.4643211422177353,Calibrated-Hybrid-QLIKE-scale_qlike,test
2025-07-30,2025-07-31,0.1152726694915896,2.3042642642236357,Calibrated-Hybrid-QLIKE-scale_qlike,test
2025-07-31,2025-08-01,0.1152726694915833,2.3064043373370726,Calibrated-Hybrid-QLIKE-scale_qlike,test
2025-08-01,2025-08-04,1.834710119502004,2.2460658738811925,Calibrated-Hybrid-QLIKE-scale_qlike,test
2025-08-04,2025-08-05,1.520412348936557,2.146628731934342,Calibrated-Hybrid-QLIKE-scale_qlike,test
2025-08-05,2025-08-06,2.8972670658789563,2.4255052691387937,Calibrated-Hybrid-QLIKE-scale_qlike,test
2025-08-06,2025-08-07,0.2635664108766646,2.1994428342334804,Calibrated-Hybrid-QLIKE-scale_qlike,test
2025-08-07,2025-08-08,0.039326859883716,2.243010706832896,Calibrated-Hybrid-QLIKE-scale_qlike,test
2025-08-08,2025-08-11,0.9422556417684452,2.3073408907611923,Calibrated-Hybrid-QLIKE-scale_qlike,test
2025-08-11,2025-08-12,0.2369869845385009,2.27076702336967,Calibrated-Hybrid-QLIKE-scale_qlike,test
2025-08-12,2025-08-13,0.0440788772156527,2.258742300751035,Calibrated-Hybrid-QLIKE-scale_qlike,test
2025-08-13,2025-08-14,3.200310161092739,2.3159658171528235,Calibrated-Hybrid-QLIKE-scale_qlike,test
2025-08-14,2025-08-15,0.4273067256056122,2.2822281789251266,Calibrated-Hybrid-QLIKE-scale_qlike,test
2025-08-15,2025-08-18,0.1521280158050796,2.3125136495532232,Calibrated-Hybrid-QLIKE-scale_qlike,test
2025-08-18,2025-08-19,1.174434797614126,2.236400162260465,Calibrated-Hybrid-QLIKE-scale_qlike,test
2025-08-19,2025-08-20,0.3749305014941085,2.265859698022173,Calibrated-Hybrid-QLIKE-scale_qlike,test
2025-08-20,2025-08-21,1.989152286945736,2.321887103367842,Calibrated-Hybrid-QLIKE-scale_qlike,test
2025-08-21,2025-08-22,6.511855987425645,2.2225166391197635,Calibrated-Hybrid-QLIKE-scale_qlike,test
2025-08-22,2025-08-25,3.721774310323592,2.2898600929982766,Calibrated-Hybrid-QLIKE-scale_qlike,test
2025-08-25,2025-08-26,10.672831463331164,2.22075977117168,Calibrated-Hybrid-QLIKE-scale_qlike,test
2025-08-26,2025-08-27,0.1033600134238672,2.075844734346243,Calibrated-Hybrid-QLIKE-scale_qlike,test
2025-08-27,2025-08-28,0.2196933006813634,2.125312433671418,Calibrated-Hybrid-QLIKE-scale_qlike,test
2025-08-28,2025-08-29,0.0064454873601164,2.027989179151703,Calibrated-Hybrid-QLIKE-scale_qlike,test
2025-08-29,2025-09-03,0.0029279074904991,2.0654119737195353,Calibrated-Hybrid-QLIKE-scale_qlike,test
2025-09-03,2025-09-04,0.7878709714332047,2.0278832867910115,Calibrated-Hybrid-QLIKE-scale_qlike,test
2025-09-04,2025-09-05,3.0401082196490887,2.0753841217374895,Calibrated-Hybrid-QLIKE-scale_qlike,test
2025-09-05,2025-09-08,6.650758234823594,2.1874526000797276,Calibrated-Hybrid-QLIKE-scale_qlike,test
2025-09-08,2025-09-09,0.6150034620566089,2.267057852839173,Calibrated-Hybrid-QLIKE-scale_qlike,test
2025-09-09,2025-09-10,0.1311392104891743,2.10672928238284,Calibrated-Hybrid-QLIKE-scale_qlike,test
2025-09-10,2025-09-11,0.7707413531131861,2.038326521692239,Calibrated-Hybrid-QLIKE-scale_qlike,test
2025-09-11,2025-09-12,0.3272182232185671,2.0543319795685497,Calibrated-Hybrid-QLIKE-scale_qlike,test
2025-09-12,2025-09-15,1.1076835127457196,1.9777953060381865,Calibrated-Hybrid-QLIKE-scale_qlike,test
2025-09-15,2025-09-16,0.0564941879844652,1.9962977287719308,Calibrated-Hybrid-QLIKE-scale_qlike,test
2025-09-16,2025-09-17,0.3510643230345384,2.0122365089494703,Calibrated-Hybrid-QLIKE-scale_qlike,test
2025-09-17,2025-09-18,0.1204832995414096,1.9676392195408636,Calibrated-Hybrid-QLIKE-scale_qlike,test
2025-09-18,2025-09-19,0.1558113286329437,1.9413684616951044,Calibrated-Hybrid-QLIKE-scale_qlike,test
2025-09-19,2025-09-22,2.1548992233102013,1.90454193436456,Calibrated-Hybrid-QLIKE-scale_qlike,test
2025-09-22,2025-09-23,0.0024547743448737,2.009307416400575,Calibrated-Hybrid-QLIKE-scale_qlike,test
2025-09-23,2025-09-24,1.8183165781347828,1.924196910500628,Calibrated-Hybrid-QLIKE-scale_qlike,test
2025-09-24,2025-09-25,0.2696988542084727,1.9569073034150717,Calibrated-Hybrid-QLIKE-scale_qlike,test
2025-09-25,2025-09-26,0.1049995667244043,1.9317851391849274,Calibrated-Hybrid-QLIKE-scale_qlike,test
2025-09-26,2025-09-29,0.1207157531709924,1.9060272375854643,Calibrated-Hybrid-QLIKE-scale_qlike,test
2025-09-29,2025-09-30,0.0825092745825899,1.8606431002373351,Calibrated-Hybrid-QLIKE-scale_qlike,test
2025-09-30,2025-10-01,0.0405610853854958,1.9184240524196559,Calibrated-Hybrid-QLIKE-scale_qlike,test
2025-10-01,2025-10-02,0.5533556929381476,1.8307679146062754,Calibrated-Hybrid-QLIKE-scale_qlike,test
2025-10-02,2025-10-03,0.1745254722126338,1.850037641816109,Calibrated-Hybrid-QLIKE-scale_qlike,test
2025-10-03,2025-10-06,8.84404690494525,1.8649042139409937,Calibrated-Hybrid-QLIKE-scale_qlike,test
2025-10-06,2025-10-07,0.3641027934298682,1.989400674470871,Calibrated-Hybrid-QLIKE-scale_qlike,test
2025-10-07,2025-10-08,0.5486921315455813,1.931294125633056,Calibrated-Hybrid-QLIKE-scale_qlike,test
2025-10-08,2025-10-09,1.1922218605244943,1.9142648712899806,Calibrated-Hybrid-QLIKE-scale_qlike,test
2025-10-09,2025-10-10,3.220212549761636,1.9359356343308547,Calibrated-Hybrid-QLIKE-scale_qlike,test
2025-10-10,2025-10-13,1.0007740943267542,1.9605141581664192,Calibrated-Hybrid-QLIKE-scale_qlike,test
2025-10-13,2025-10-14,0.0530277849803774,1.9624143448463451,Calibrated-Hybrid-QLIKE-scale_qlike,test
2025-10-14,2025-10-15,0.0312420838438003,1.9435919457995314,Calibrated-Hybrid-QLIKE-scale_qlike,test
2025-10-15,2025-10-16,0.2550192069697773,1.8840635780632062,Calibrated-Hybrid-QLIKE-scale_qlike,test
2025-10-16,2025-10-17,4.157221997254808,1.889015099739774,Calibrated-Hybrid-QLIKE-scale_qlike,test
2025-10-17,2025-10-20,31.687885302040943,1.9973479663951055,Calibrated-Hybrid-QLIKE-scale_qlike,test
2025-10-20,2025-10-21,2.6780326889178614,2.428006576988101,Calibrated-Hybrid-QLIKE-scale_qlike,test
2025-10-21,2025-10-22,0.8133878588699036,2.2324322005083004,Calibrated-Hybrid-QLIKE-scale_qlike,test
2025-10-22,2025-10-23,0.2587585559528909,2.101369774940227,Calibrated-Hybrid-QLIKE-scale_qlike,test
2025-10-23,2025-10-24,0.053015415411533,1.982620753215354,Calibrated-Hybrid-QLIKE-scale_qlike,test
2025-10-24,2025-10-27,3.375069844215606,1.8510556902053943,Calibrated-Hybrid-QLIKE-scale_qlike,test
2025-10-27,2025-10-28,2.814969211801454,1.9654802416392705,Calibrated-Hybrid-QLIKE-scale_qlike,test
2025-10-28,2025-10-29,0.1002770987516237,2.004125971624796,Calibrated-Hybrid-QLIKE-scale_qlike,test
2025-10-29,2025-10-30,0.939332335111435,1.9636344700928257,Calibrated-Hybrid-QLIKE-scale_qlike,test
2025-10-30,2025-10-31,3.2700587697209347,1.946460364197246,Calibrated-Hybrid-QLIKE-scale_qlike,test
2025-10-31,2025-11-03,1.9349432702427485,2.016426091022263,Calibrated-Hybrid-QLIKE-scale_qlike,test
2025-11-03,2025-11-04,4.580450857721864,2.092324089277039,Calibrated-Hybrid-QLIKE-scale_qlike,test
2025-11-04,2025-11-05,0.0309750452194787,2.1218647367987464,Calibrated-Hybrid-QLIKE-scale_qlike,test
2025-11-05,2025-11-06,0.5520248822173379,1.9949713279595922,Calibrated-Hybrid-QLIKE-scale_qlike,test
2025-11-06,2025-11-07,7.216601336017348,1.9328375483040392,Calibrated-Hybrid-QLIKE-scale_qlike,test
2025-11-07,2025-11-10,1.3629185312754708,2.2241909902222408,Calibrated-Hybrid-QLIKE-scale_qlike,test
2025-11-10,2025-11-11,0.6782053056730832,2.219272935130114,Calibrated-Hybrid-QLIKE-scale_qlike,test
2025-11-11,2025-11-12,5.625713037940661,2.1501327599663203,Calibrated-Hybrid-QLIKE-scale_qlike,test
2025-11-12,2025-11-13,0.000662589539105,2.1292803954235824,Calibrated-Hybrid-QLIKE-scale_qlike,test
2025-11-13,2025-11-14,0.0605676682080504,1.9474056036051146,Calibrated-Hybrid-QLIKE-scale_qlike,test
2025-11-14,2025-11-17,1.328575255573558,1.8787589966942941,Calibrated-Hybrid-QLIKE-scale_qlike,test
2025-11-17,2025-11-18,0.1101519148224003,1.9110803086308505,Calibrated-Hybrid-QLIKE-scale_qlike,test
2025-11-18,2025-11-19,0.4356481626659925,1.908148789115908,Calibrated-Hybrid-QLIKE-scale_qlike,test
2025-11-19,2025-11-20,0.1789267767214806,1.9377126844176469,Calibrated-Hybrid-QLIKE-scale_qlike,test
2025-11-20,2025-11-21,0.0040999105070223,1.9342099337362195,Calibrated-Hybrid-QLIKE-scale_qlike,test
2025-11-21,2025-11-24,0.6169476621587812,1.9383974720481305,Calibrated-Hybrid-QLIKE-scale_qlike,test
2025-11-24,2025-11-25,0.2096602420348715,1.8908509079519202,Calibrated-Hybrid-QLIKE-scale_qlike,test
2025-11-25,2025-11-26,1.433673327817772,1.8857886399825654,Calibrated-Hybrid-QLIKE-scale_qlike,test
2025-11-26,2025-11-27,0.0554068207335508,1.8727314349134179,Calibrated-Hybrid-QLIKE-scale_qlike,test
2025-11-27,2025-11-28,0.1562015926240177,1.8242801234218111,Calibrated-Hybrid-QLIKE-scale_qlike,test
2025-11-28,2025-12-01,0.39639182484541,1.7905949843017674,Calibrated-Hybrid-QLIKE-scale_qlike,test
2025-12-01,2025-12-02,0.8106128656312585,1.7416697757556758,Calibrated-Hybrid-QLIKE-scale_qlike,test
2025-12-02,2025-12-03,0.7276910420234725,1.7509727198198701,Calibrated-Hybrid-QLIKE-scale_qlike,test
2025-12-03,2025-12-04,0.0994544592328996,1.7528750779957325,Calibrated-Hybrid-QLIKE-scale_qlike,test
2025-12-04,2025-12-05,0.0550277452970135,1.767716486314759,Calibrated-Hybrid-QLIKE-scale_qlike,test
2025-12-05,2025-12-08,0.5051234930048776,1.7401324843673387,Calibrated-Hybrid-QLIKE-scale_qlike,test
2025-12-08,2025-12-09,0.1408736793364905,1.7426829702128666,Calibrated-Hybrid-QLIKE-scale_qlike,test
2025-12-09,2025-12-10,2.645907078453935,1.8200353598052077,Calibrated-Hybrid-QLIKE-scale_qlike,test
2025-12-10,2025-12-11,1.3806505812729413,1.909814581969693,Calibrated-Hybrid-QLIKE-scale_qlike,test
2025-12-11,2025-12-12,9.667324836347865,1.9768454681683347,Calibrated-Hybrid-QLIKE-scale_qlike,test
2025-12-12,2025-12-15,0.0028567239256699,2.3150747374083256,Calibrated-Hybrid-QLIKE-scale_qlike,test
2025-12-15,2025-12-16,3.980584197891362,2.174894455870923,Calibrated-Hybrid-QLIKE-scale_qlike,test
2025-12-16,2025-12-17,0.1084209662548159,2.1048174718128987,Calibrated-Hybrid-QLIKE-scale_qlike,test
2025-12-17,2025-12-18,0.0392718088641224,2.059085511909685,Calibrated-Hybrid-QLIKE-scale_qlike,test
2025-12-18,2025-12-19,2.613324440401082,1.996485371567898,Calibrated-Hybrid-QLIKE-scale_qlike,test
2025-12-19,2025-12-22,7.313697947150696,1.923683287844001,Calibrated-Hybrid-QLIKE-scale_qlike,test
2025-12-22,2025-12-23,1.4374361396783522,1.9991103269505592,Calibrated-Hybrid-QLIKE-scale_qlike,test
2025-12-23,2025-12-24,0.36034587773515,1.8858296429352583,Calibrated-Hybrid-QLIKE-scale_qlike,test
2025-12-24,2025-12-25,5.141409326470893,1.8555282054252722,Calibrated-Hybrid-QLIKE-scale_qlike,test
2025-12-25,2025-12-26,0.5648889447832609,1.9795535790718768,Calibrated-Hybrid-QLIKE-scale_qlike,test
2025-12-26,2025-12-29,2.0655121585777008,1.9726243355369275,Calibrated-Hybrid-QLIKE-scale_qlike,test
2025-12-29,2025-12-30,0.4690762256667201,1.9995221447682574,Calibrated-Hybrid-QLIKE-scale_qlike,test
2025-12-30,2025-12-31,0.9813005407165244,1.9132199985391207,Calibrated-Hybrid-QLIKE-scale_qlike,test
2020-01-02,2020-01-03,0.0250907830256049,0.4941679690571074,Calibrated-Hybrid-QLIKE-scale_qlike,validation
2020-01-03,2020-01-06,0.9476915195201792,0.497154765917152,Calibrated-Hybrid-QLIKE-scale_qlike,validation
2020-01-06,2020-01-07,0.104181316002117,0.5073646927402071,Calibrated-Hybrid-QLIKE-scale_qlike,validation
2020-01-07,2020-01-08,1.0770730792986123,0.496570282238699,Calibrated-Hybrid-QLIKE-scale_qlike,validation
2020-01-08,2020-01-09,1.3693209243773992,0.5338810212294293,Calibrated-Hybrid-QLIKE-scale_qlike,validation
2020-01-09,2020-01-10,0.7569453657796249,0.5228282665789463,Calibrated-Hybrid-QLIKE-scale_qlike,validation
2020-01-10,2020-01-13,0.0779299678700735,0.5447790887281652,Calibrated-Hybrid-QLIKE-scale_qlike,validation
2020-01-13,2020-01-14,0.0144073552388825,0.5572650626308282,Calibrated-Hybrid-QLIKE-scale_qlike,validation
2020-01-14,2020-01-15,0.0033517503388054,0.5591180512078876,Calibrated-Hybrid-QLIKE-scale_qlike,validation
2020-01-15,2020-01-16,0.483315508188739,0.5549559960394723,Calibrated-Hybrid-QLIKE-scale_qlike,validation
2020-01-16,2020-01-17,0.2266955412354889,0.5518218887271139,Calibrated-Hybrid-QLIKE-scale_qlike,validation
2020-01-17,2020-01-20,0.0011366961882311,0.5452900289486343,Calibrated-Hybrid-QLIKE-scale_qlike,validation
2020-01-20,2020-01-21,0.620613610020936,0.541432174813981,Calibrated-Hybrid-QLIKE-scale_qlike,validation
2020-01-21,2020-01-22,0.2649229323580117,0.534066268993113,Calibrated-Hybrid-QLIKE-scale_qlike,validation
2020-01-22,2020-01-30,10.681729656091257,0.529179477055726,Calibrated-Hybrid-QLIKE-scale_qlike,validation
2020-01-30,2020-01-31,5.865133827993191,0.8646670091389153,Calibrated-Hybrid-QLIKE-scale_qlike,validation
2020-01-31,2020-02-03,0.8272024151231092,1.79174626035354,Calibrated-Hybrid-QLIKE-scale_qlike,validation
2020-02-03,2020-02-04,0.0104658835251161,2.294694864834467,Calibrated-Hybrid-QLIKE-scale_qlike,validation
2020-02-04,2020-02-05,0.1175512507127237,2.4146873873209076,Calibrated-Hybrid-QLIKE-scale_qlike,validation
2020-02-05,2020-02-06,1.8356018915555292,2.3631603434371318,Calibrated-Hybrid-QLIKE-scale_qlike,validation
2020-02-06,2020-02-07,0.0553168362540114,2.2240497152512813,Calibrated-Hybrid-QLIKE-scale_qlike,validation
2020-02-07,2020-02-10,1.14665654297727,1.9976934897191976,Calibrated-Hybrid-QLIKE-scale_qlike,validation
2020-02-10,2020-02-11,0.1784472180385378,2.0230855581208047,Calibrated-Hybrid-QLIKE-scale_qlike,validation
2020-02-11,2020-02-12,0.1033759850072604,1.8726579872567255,Calibrated-Hybrid-QLIKE-scale_qlike,validation
2020-02-12,2020-02-13,0.0035645724311596,1.7672577897318327,Calibrated-Hybrid-QLIKE-scale_qlike,validation
2020-02-13,2020-02-14,0.007095648592579,1.59964078476556,Calibrated-Hybrid-QLIKE-scale_qlike,validation
2020-02-14,2020-02-17,0.0819627293788475,1.4214254745411483,Calibrated-Hybrid-QLIKE-scale_qlike,validation
2020-02-17,2020-02-18,0.5393743252289994,1.267920255259072,Calibrated-Hybrid-QLIKE-scale_qlike,validation
2020-02-18,2020-02-19,0.0079935084291448,1.2335508394487644,Calibrated-Hybrid-QLIKE-scale_qlike,validation
2020-02-19,2020-02-20,1.007648372641439,1.1013445464621159,Calibrated-Hybrid-QLIKE-scale_qlike,validation
2020-02-20,2020-02-21,0.2901840002942764,1.0120596589609345,Calibrated-Hybrid-QLIKE-scale_qlike,validation
2020-02-21,2020-02-24,10.499319840007198,0.9863213646924321,Calibrated-Hybrid-QLIKE-scale_qlike,validation
2020-02-24,2020-02-25,0.487607684946675,1.6469151454593156,Calibrated-Hybrid-QLIKE-scale_qlike,validation
2020-02-25,2020-02-26,2.3027959637577347,1.8825801908681288,Calibrated-Hybrid-QLIKE-scale_qlike,validation
2020-02-26,2020-02-27,0.0757898564940438,2.2990961038935898,Calibrated-Hybrid-QLIKE-scale_qlike,validation
2020-02-27,2020-02-28,3.3315279697661397,2.267221609179833,Calibrated-Hybrid-QLIKE-scale_qlike,validation
2020-02-28,2020-03-02,0.0643087707016609,2.5315023725762495,Calibrated-Hybrid-QLIKE-scale_qlike,validation
2020-03-02,2020-03-03,0.4848687144344406,2.3640787584834246,Calibrated-Hybrid-QLIKE-scale_qlike,validation
2020-03-03,2020-03-04,0.0194121329487549,2.184847571365665,Calibrated-Hybrid-QLIKE-scale_qlike,validation
2020-03-04,2020-03-05,0.1953921289983395,2.0239145586285163,Calibrated-Hybrid-QLIKE-scale_qlike,validation
2020-03-05,2020-03-06,0.0439125584620563,1.8421617537876853,Calibrated-Hybrid-QLIKE-scale_qlike,validation
2020-03-06,2020-03-09,42.01600464009923,1.6594531075294114,Calibrated-Hybrid-QLIKE-scale_qlike,validation
2020-03-09,2020-03-10,0.0577385447930077,3.0736380482062895,Calibrated-Hybrid-QLIKE-scale_qlike,validation
2020-03-10,2020-03-11,10.062685801317658,3.0884313004095367,Calibrated-Hybrid-QLIKE-scale_qlike,validation
2020-03-11,2020-03-12,28.39132734538161,3.631161710456203,Calibrated-Hybrid-QLIKE-scale_qlike,validation
2020-03-12,2020-03-13,0.9522274265858316,4.02356890917882,Calibrated-Hybrid-QLIKE-scale_qlike,validation
2020-03-13,2020-03-16,3.4010756349170417,3.9127899162179918,Calibrated-Hybrid-QLIKE-scale_qlike,validation
2020-03-16,2020-03-17,0.0775702786503674,3.963998899814526,Calibrated-Hybrid-QLIKE-scale_qlike,validation
2020-03-17,2020-03-18,0.0633870572758951,3.781072337552222,Calibrated-Hybrid-QLIKE-scale_qlike,validation
2020-03-18,2020-03-19,8.691271441121467,3.542017459250706,Calibrated-Hybrid-QLIKE-scale_qlike,validation
2020-03-19,2020-03-20,5.099806319623413,3.828992654419706,Calibrated-Hybrid-QLIKE-scale_qlike,validation
2020-03-20,2020-03-23,39.324753398937766,3.9142509497784235,Calibrated-Hybrid-QLIKE-scale_qlike,validation
2020-03-23,2020-03-24,1.2394404253652411,4.4061645228477655,Calibrated-Hybrid-QLIKE-scale_qlike,validation
2020-03-24,2020-03-25,21.170767602446844,4.065299440745429,Calibrated-Hybrid-QLIKE-scale_qlike,validation
2020-03-25,2020-03-26,0.3272592319629427,4.17763833419935,Calibrated-Hybrid-QLIKE-scale_qlike,validation
2020-03-26,2020-03-27,0.0708281107928228,3.8826582385962567,Calibrated-Hybrid-QLIKE-scale_qlike,validation
2020-03-27,2020-03-30,24.77812989942355,3.465599196116437,Calibrated-Hybrid-QLIKE-scale_qlike,validation
2020-03-30,2020-03-31,0.0016614736162584,4.317793324195839,Calibrated-Hybrid-QLIKE-scale_qlike,validation
2020-03-31,2020-04-01,6.951204185299923,3.8455672997016195,Calibrated-Hybrid-QLIKE-scale_qlike,validation
2020-04-01,2020-04-03,9.745314866975544,3.588420028193285,Calibrated-Hybrid-QLIKE-scale_qlike,validation
2020-04-03,2020-04-06,23.61975403181723,3.365005796450664,Calibrated-Hybrid-QLIKE-scale_qlike,validation
2020-04-06,2020-04-07,1.7959977540981795,3.3161900568468083,Calibrated-Hybrid-QLIKE-scale_qlike,validation
2020-04-07,2020-04-08,0.031670113685362,2.8743979311147316,Calibrated-Hybrid-QLIKE-scale_qlike,validation
2020-04-08,2020-04-09,2.664349091269905,2.6409051480532435,Calibrated-Hybrid-QLIKE-scale_qlike,validation
2020-04-09,2020-04-10,0.0991193599969613,2.533611789276457,Calibrated-Hybrid-QLIKE-scale_qlike,validation
2020-04-10,2020-04-13,1.0616734405284087,2.4700840369644084,Calibrated-Hybrid-QLIKE-scale_qlike,validation
2020-04-13,2020-04-14,0.044657326796299,2.3497555712830094,Calibrated-Hybrid-QLIKE-scale_qlike,validation
2020-04-14,2020-04-15,1.6134694756828007,2.20548572422097,Calibrated-Hybrid-QLIKE-scale_qlike,validation
2020-04-15,2020-04-16,0.1995857905304535,2.081577228149798,Calibrated-Hybrid-QLIKE-scale_qlike,validation
2020-04-16,2020-04-17,1.2849435357813008,1.9413660347290576,Calibrated-Hybrid-QLIKE-scale_qlike,validation
2020-04-17,2020-04-20,0.4593979249949131,1.8065414285826138,Calibrated-Hybrid-QLIKE-scale_qlike,validation
2020-04-20,2020-04-21,12.978873344019766,1.6809475961942237,Calibrated-Hybrid-QLIKE-scale_qlike,validation
2020-04-21,2020-04-22,0.0733737116381983,2.4698408294194647,Calibrated-Hybrid-QLIKE-scale_qlike,validation
2020-04-22,2020-04-23,0.4184349588364568,2.1552809936277684,Calibrated-Hybrid-QLIKE-scale_qlike,validation
2020-04-23,2020-04-24,0.1258182196300893,2.104763950824805,Calibrated-Hybrid-QLIKE-scale_qlike,validation
2020-04-24,2020-04-27,0.5795257679139346,2.0508527321372636,Calibrated-Hybrid-QLIKE-scale_qlike,validation
2020-04-27,2020-04-28,0.2143187476000118,2.1035790804535366,Calibrated-Hybrid-QLIKE-scale_qlike,validation
2020-04-28,2020-04-29,0.0611792667418572,2.0326004146414385,Calibrated-Hybrid-QLIKE-scale_qlike,validation
2020-04-29,2020-05-04,0.7518344451734201,1.910165086960935,Calibrated-Hybrid-QLIKE-scale_qlike,validation
2020-05-04,2020-05-05,0.0490191944837796,1.9554451202391434,Calibrated-Hybrid-QLIKE-scale_qlike,validation
2020-05-05,2020-05-06,5.6795185291388,1.8499431178753223,Calibrated-Hybrid-QLIKE-scale_qlike,validation
2020-05-06,2020-05-07,3.121729248484887,1.8627352727051016,Calibrated-Hybrid-QLIKE-scale_qlike,validation
2020-05-07,2020-05-08,4.558766386917776,1.7859022538468672,Calibrated-Hybrid-QLIKE-scale_qlike,validation
2020-05-08,2020-05-11,3.1623544686065705,1.7381430108838865,Calibrated-Hybrid-QLIKE-scale_qlike,validation
2020-05-11,2020-05-12,0.7061476617266061,1.7293752767006334,Calibrated-Hybrid-QLIKE-scale_qlike,validation
2020-05-12,2020-05-13,0.0176814396147646,1.7110681608661638,Calibrated-Hybrid-QLIKE-scale_qlike,validation
2020-05-13,2020-05-14,0.0471790852184788,1.7479820589744084,Calibrated-Hybrid-QLIKE-scale_qlike,validation
2020-05-14,2020-05-15,0.4188839500568042,1.7961468607373867,Calibrated-Hybrid-QLIKE-scale_qlike,validation
2020-05-15,2020-05-18,1.4388117144550177,1.855320125020486,Calibrated-Hybrid-QLIKE-scale_qlike,validation
2020-05-18,2020-05-19,1.1212214832868546,1.8204554804014885,Calibrated-Hybrid-QLIKE-scale_qlike,validation
2020-05-19,2020-05-20,0.6772038230630518,1.7626290545395462,Calibrated-Hybrid-QLIKE-scale_qlike,validation
2020-05-20,2020-05-21,1.3105093570623978,1.7045540562603456,Calibrated-Hybrid-QLIKE-scale_qlike,validation
2020-05-21,2020-05-22,1.3565460202551032,1.6199487425033876,Calibrated-Hybrid-QLIKE-scale_qlike,validation
2020-05-22,2020-05-25,0.541812619677385,1.736469042986574,Calibrated-Hybrid-QLIKE-scale_qlike,validation
2020-05-25,2020-05-26,1.3635757531139376,1.7041772378477495,Calibrated-Hybrid-QLIKE-scale_qlike,validation
2020-05-26,2020-05-27,1.8211114283606344,1.6663092866128337,Calibrated-Hybrid-QLIKE-scale_qlike,validation
2020-05-27,2020-05-28,0.2069802660068541,1.8094258138622181,Calibrated-Hybrid-QLIKE-scale_qlike,validation
2020-05-28,2020-05-29,0.1273946587706487,1.8010637662140176,Calibrated-Hybrid-QLIKE-scale_qlike,validation
2020-05-29,2020-06-01,2.6545527294324818,1.7642424760207331,Calibrated-Hybrid-QLIKE-scale_qlike,validation
2020-06-01,2020-06-02,0.1948438272852952,1.6986607440223978,Calibrated-Hybrid-QLIKE-scale_qlike,validation
2020-06-02,2020-06-03,0.526391032778092,1.7102139965525942,Calibrated-Hybrid-QLIKE-scale_qlike,validation
2020-06-03,2020-06-04,0.0956890209261397,1.6681264455069327,Calibrated-Hybrid-QLIKE-scale_qlike,validation
2020-06-04,2020-06-05,0.068711754863941,1.6569044099746555,Calibrated-Hybrid-QLIKE-scale_qlike,validation
2020-06-05,2020-06-08,2.3533534927844846,1.6485501541648173,Calibrated-Hybrid-QLIKE-scale_qlike,validation
2020-06-08,2020-06-09,0.0029663396470081,1.5947874913463775,Calibrated-Hybrid-QLIKE-scale_qlike,validation
2020-06-09,2020-06-10,0.0192877721914381,1.636077975648107,Calibrated-Hybrid-QLIKE-scale_qlike,validation
2020-06-10,2020-06-11,14.20113167350128,1.641662169052671,Calibrated-Hybrid-QLIKE-scale_qlike,validation
2020-06-11,2020-06-12,0.1978991573902568,2.1357006147638895,Calibrated-Hybrid-QLIKE-scale_qlike,validation
2020-06-12,2020-06-15,13.410151498832947,2.0690029893240487,Calibrated-Hybrid-QLIKE-scale_qlike,validation
2020-06-15,2020-06-16,7.854033490557961,2.7171476477516707,Calibrated-Hybrid-QLIKE-scale_qlike,validation
2020-06-16,2020-06-17,0.0390437911460607,2.8103089109704973,Calibrated-Hybrid-QLIKE-scale_qlike,validation
2020-06-17,2020-06-18,0.0094269529730988,2.868900214342482,Calibrated-Hybrid-QLIKE-scale_qlike,validation
2020-06-18,2020-06-19,2.3775972708277777,2.8118667677027087,Calibrated-Hybrid-QLIKE-scale_qlike,validation
2020-06-19,2020-06-22,0.0977642075595444,2.6150055882776555,Calibrated-Hybrid-QLIKE-scale_qlike,validation
2020-06-22,2020-06-23,0.1254074833473004,2.4499366421908633,Calibrated-Hybrid-QLIKE-scale_qlike,validation
2020-06-23,2020-06-24,0.9656953175585764,2.3774738227733576,Calibrated-Hybrid-QLIKE-scale_qlike,validation
2020-06-24,2020-06-25,0.3568032861992914,2.45831657274678,Calibrated-Hybrid-QLIKE-scale_qlike,validation
2020-06-25,2020-06-26,0.0935607015251472,2.447578397603287,Calibrated-Hybrid-QLIKE-scale_qlike,validation
2020-06-26,2020-06-29,7.240799310682349,2.3941409482351763,Calibrated-Hybrid-QLIKE-scale_qlike,validation
2020-06-29,2020-06-30,0.263950183757359,2.7798131884416772,Calibrated-Hybrid-QLIKE-scale_qlike,validation
2020-06-30,2020-07-01,4.853797558668691,2.6066670438795967,Calibrated-Hybrid-QLIKE-scale_qlike,validation
2020-07-01,2020-07-02,0.0173403520116891,2.5585860363127755,Calibrated-Hybrid-QLIKE-scale_qlike,validation
2020-07-02,2020-07-03,0.3830874038106421,2.463920820554997,Calibrated-Hybrid-QLIKE-scale_qlike,validation
2020-07-03,2020-07-06,2.515298700046254,2.320128191658877,Calibrated-Hybrid-QLIKE-scale_qlike,validation
2020-07-06,2020-07-07,0.0686927141453309,2.156400463650817,Calibrated-Hybrid-QLIKE-scale_qlike,validation
2020-07-07,2020-07-08,0.0156264509294999,1.9901108813773234,Calibrated-Hybrid-QLIKE-scale_qlike,validation
2020-07-08,2020-07-09,1.8878106377661732,1.8664226005411735,Calibrated-Hybrid-QLIKE-scale_qlike,validation
2020-07-09,2020-07-10,0.3609627180509834,1.8006507987808231,Calibrated-Hybrid-QLIKE-scale_qlike,validation
2020-07-10,2020-07-13,0.0819210906952639,1.831889939330426,Calibrated-Hybrid-QLIKE-scale_qlike,validation
2020-07-13,2020-07-14,0.0049340673468667,1.7718688974865129,Calibrated-Hybrid-QLIKE-scale_qlike,validation
2020-07-14,2020-07-15,0.0429038013029008,1.702093623628676,Calibrated-Hybrid-QLIKE-scale_qlike,validation
2020-07-15,2020-07-16,0.6277983835430785,1.5916250268517829,Calibrated-Hybrid-QLIKE-scale_qlike,validation
2020-07-16,2020-07-17,0.3025848721746239,1.461827944739702,Calibrated-Hybrid-QLIKE-scale_qlike,validation
2020-07-17,2020-07-20,1.5014548821169582,1.412955746241484,Calibrated-Hybrid-QLIKE-scale_qlike,validation
2020-07-20,2020-07-21,0.0011330265098316,1.4951753523740159,Calibrated-Hybrid-QLIKE-scale_qlike,validation
2020-07-21,2020-07-22,0.5929839946327068,1.4605313061952063,Calibrated-Hybrid-QLIKE-scale_qlike,validation
2020-07-22,2020-07-23,0.0380690415470228,1.463781141467501,Calibrated-Hybrid-QLIKE-scale_qlike,validation
2020-07-23,2020-07-24,10.714506391324338,1.3891169361101037,Calibrated-Hybrid-QLIKE-scale_qlike,validation
2020-07-24,2020-07-27,29.71654662116303,1.94514201069338,Calibrated-Hybrid-QLIKE-scale_qlike,validation
2020-07-27,2020-07-28,12.442241141417854,3.050836829927627,Calibrated-Hybrid-QLIKE-scale_qlike,validation
2020-07-28,2020-07-29,7.88382185098053,3.2243163629835636,Calibrated-Hybrid-QLIKE-scale_qlike,validation
2020-07-29,2020-07-30,1.6712179001127756,3.6691897137151805,Calibrated-Hybrid-QLIKE-scale_qlike,validation
2020-07-30,2020-07-31,0.1173768950572407,3.708934476114935,Calibrated-Hybrid-QLIKE-scale_qlike,validation
2020-07-31,2020-08-03,4.064809725455425,3.4736480374094905,Calibrated-Hybrid-QLIKE-scale_qlike,validation
2020-08-03,2020-08-04,2.475940854259596,3.280021109580008,Calibrated-Hybrid-QLIKE-scale_qlike,validation
2020-08-04,2020-08-05,1.5093873640970836,2.9425813707156974,Calibrated-Hybrid-QLIKE-scale_qlike,validation
2020-08-05,2020-08-06,0.0712944062273411,2.634326026304371,Calibrated-Hybrid-QLIKE-scale_qlike,validation
2020-08-06,2020-08-07,0.0285261487999524,2.4505735291756783,Calibrated-Hybrid-QLIKE-scale_qlike,validation
2020-08-07,2020-08-10,0.0426711422269859,2.3441078935560524,Calibrated-Hybrid-QLIKE-scale_qlike,validation
2020-08-10,2020-08-11,0.0002025643928529,2.239839556354554,Calibrated-Hybrid-QLIKE-scale_qlike,validation
2020-08-11,2020-08-12,0.2065144883305979,2.139899649230761,Calibrated-Hybrid-QLIKE-scale_qlike,validation
2020-08-12,2020-08-13,0.9127332835843408,1.941836227466944,Calibrated-Hybrid-QLIKE-scale_qlike,validation
2020-08-13,2020-08-14,0.255367280706292,1.7845273137135844,Calibrated-Hybrid-QLIKE-scale_qlike,validation
2020-08-14,2020-08-17,0.0048129527023226,1.7232469319612693,Calibrated-Hybrid-QLIKE-scale_qlike,validation
2020-08-17,2020-08-18,0.1923085427612989,1.6260844958759484,Calibrated-Hybrid-QLIKE-scale_qlike,validation
2020-08-18,2020-08-19,0.3171223716823505,1.5389676554652731,Calibrated-Hybrid-QLIKE-scale_qlike,validation
2020-08-19,2020-08-20,0.1246527755214606,1.456692229113655,Calibrated-Hybrid-QLIKE-scale_qlike,validation
2020-08-20,2020-08-21,0.5953479247893214,1.4019184155989062,Calibrated-Hybrid-QLIKE-scale_qlike,validation
2020-08-21,2020-08-24,2.601992310993434,1.375052795601466,Calibrated-Hybrid-QLIKE-scale_qlike,validation
2020-08-24,2020-08-25,0.3897315001367304,1.4152166567170605,Calibrated-Hybrid-QLIKE-scale_qlike,validation
2020-08-25,2020-08-26,0.0055335984725061,1.4083360802381109,Calibrated-Hybrid-QLIKE-scale_qlike,validation
2020-08-26,2020-08-27,0.0201247832938772,1.4216026430625959,Calibrated-Hybrid-QLIKE-scale_qlike,validation
2020-08-27,2020-08-28,0.2371438175251532,1.4040033071685314,Calibrated-Hybrid-QLIKE-scale_qlike,validation
2020-08-28,2020-08-31,0.0919913483576587,1.4122741519873783,Calibrated-Hybrid-QLIKE-scale_qlike,validation
2020-08-31,2020-09-01,1.2923697898915891,1.4154223101557994,Calibrated-Hybrid-QLIKE-scale_qlike,validation
2020-09-01,2020-09-03,1.8585263119302429,1.3570111132115301,Calibrated-Hybrid-QLIKE-scale_qlike,validation
2020-09-03,2020-09-04,0.0724558184717704,1.3515858222155321,Calibrated-Hybrid-QLIKE-scale_qlike,validation
2020-09-04,2020-09-07,2.20557465755946,1.4029225408671837,Calibrated-Hybrid-QLIKE-scale_qlike,validation
2020-09-07,2020-09-08,0.045178302752493,1.5756578894920072,Calibrated-Hybrid-QLIKE-scale_qlike,validation
2020-09-08,2020-09-09,0.0084939812398233,1.6019512564425222,Calibrated-Hybrid-QLIKE-scale_qlike,validation
2020-09-09,2020-09-10,0.003162773705203,1.6268721102258015,Calibrated-Hybrid-QLIKE-scale_qlike,validation
2020-09-10,2020-09-11,0.0002847617108647,1.5888393807697843,Calibrated-Hybrid-QLIKE-scale_qlike,validation
2020-09-11,2020-09-14,0.3943421427943259,1.5194630234890787,Calibrated-Hybrid-QLIKE-scale_qlike,validation
2020-09-14,2020-09-15,0.0356225443834294,1.455317161245317,Calibrated-Hybrid-QLIKE-scale_qlike,validation
2020-09-15,2020-09-16,0.0182018998394976,1.4376093782894577,Calibrated-Hybrid-QLIKE-scale_qlike,validation
2020-09-16,2020-09-17,0.1466259433788813,1.3673414303240332,Calibrated-Hybrid-QLIKE-scale_qlike,validation
2020-09-17,2020-09-18,0.5927837774192054,1.3764062762454892,Calibrated-Hybrid-QLIKE-scale_qlike,validation
2020-09-18,2020-09-21,0.5973025247310948,1.3244602613809278,Calibrated-Hybrid-QLIKE-scale_qlike,validation
2020-09-21,2020-09-22,0.0372219865301334,1.3168517228228644,Calibrated-Hybrid-QLIKE-scale_qlike,validation
2020-09-22,2020-09-23,0.4815094749114654,1.3398255111609905,Calibrated-Hybrid-QLIKE-scale_qlike,validation
2020-09-23,2020-09-24,0.1853426709964717,1.2905297432200034,Calibrated-Hybrid-QLIKE-scale_qlike,validation
2020-09-24,2020-09-25,0.0011645154128207,1.3293382076657483,Calibrated-Hybrid-QLIKE-scale_qlike,validation
2020-09-25,2020-09-28,0.2158897933071618,1.3138195480844896,Calibrated-Hybrid-QLIKE-scale_qlike,validation
2020-09-28,2020-09-29,0.8800033176965605,1.3106575945301155,Calibrated-Hybrid-QLIKE-scale_qlike,validation
2020-09-29,2020-09-30,0.0184885133347586,1.4369551193371468,Calibrated-Hybrid-QLIKE-scale_qlike,validation
2020-09-30,2020-10-01,0.9529808677190772,1.4028584178695147,Calibrated-Hybrid-QLIKE-scale_qlike,validation
2020-10-01,2020-10-02,0.2100701799336074,1.3745937158133743,Calibrated-Hybrid-QLIKE-scale_qlike,validation
2020-10-02,2020-10-05,0.2733808865752189,1.4922592888007427,Calibrated-Hybrid-QLIKE-scale_qlike,validation
2020-10-05,2020-10-06,0.0117020561613317,1.4636176405969508,Calibrated-Hybrid-QLIKE-scale_qlike,validation
2020-10-06,2020-10-07,0.194766708657986,1.5048999498551527,Calibrated-Hybrid-QLIKE-scale_qlike,validation
2020-10-07,2020-10-08,0.0091636773062023,1.5163902290031763,Calibrated-Hybrid-QLIKE-scale_qlike,validation
2020-10-08,2020-10-09,0.3136074736535195,1.5292554482844827,Calibrated-Hybrid-QLIKE-scale_qlike,validation
2020-10-09,2020-10-12,0.039147029875858,1.4727432884046425,Calibrated-Hybrid-QLIKE-scale_qlike,validation
2020-10-12,2020-10-13,0.1886516440368795,1.4826442879968962,Calibrated-Hybrid-QLIKE-scale_qlike,validation
2020-10-13,2020-10-14,1.2182219245675234,1.4249399768476465,Calibrated-Hybrid-QLIKE-scale_qlike,validation
2020-10-14,2020-10-15,0.0750977601457549,1.4050448588079583,Calibrated-Hybrid-QLIKE-scale_qlike,validation
2020-10-15,2020-10-16,0.0032789630718449,1.4479478704454884,Calibrated-Hybrid-QLIKE-scale_qlike,validation
2020-10-16,2020-10-19,0.0017086378411738,1.4585231833937067,Calibrated-Hybrid-QLIKE-scale_qlike,validation
2020-10-19,2020-10-20,0.0059793113747856,1.4476734955470965,Calibrated-Hybrid-QLIKE-scale_qlike,validation
2020-10-20,2020-10-21,0.3275908040251104,1.4574246619196976,Calibrated-Hybrid-QLIKE-scale_qlike,validation
2020-10-21,2020-10-22,1.3246371755092925,1.479339526650901,Calibrated-Hybrid-QLIKE-scale_qlike,validation
2020-10-22,2020-10-23,1.4132948922636843,1.4310587414578761,Calibrated-Hybrid-QLIKE-scale_qlike,validation
2020-10-23,2020-10-26,1.1970960361828058,1.4455686773088732,Calibrated-Hybrid-QLIKE-scale_qlike,validation
2020-10-26,2020-10-27,0.2083430476879338,1.5640651668297796,Calibrated-Hybrid-QLIKE-scale_qlike,validation
2020-10-27,2020-10-28,7.411979475736142,1.6418719100131738,Calibrated-Hybrid-QLIKE-scale_qlike,validation
2020-10-28,2020-10-29,0.0458453997519621,1.983261216781712,Calibrated-Hybrid-QLIKE-scale_qlike,validation
2020-10-29,2020-10-30,0.4800476169952387,2.0975526682881562,Calibrated-Hybrid-QLIKE-scale_qlike,validation
2020-10-30,2020-11-02,0.7800511650758589,2.1002095574345963,Calibrated-Hybrid-QLIKE-scale_qlike,validation
2020-11-02,2020-11-03,0.0342682571944602,2.0592720050901563,Calibrated-Hybrid-QLIKE-scale_qlike,validation
2020-11-03,2020-11-04,0.2152577372300542,1.9623978670242346,Calibrated-Hybrid-QLIKE-scale_qlike,validation
2020-11-04,2020-11-05,0.045844571767648,1.8641431684826046,Calibrated-Hybrid-QLIKE-scale_qlike,validation
2020-11-05,2020-11-06,0.003314082741207,1.8220644311557466,Calibrated-Hybrid-QLIKE-scale_qlike,validation
2020-11-06,2020-11-09,2.10118385761475,1.771477772747744,Calibrated-Hybrid-QLIKE-scale_qlike,validation
2020-11-09,2020-11-10,8.938431274224163e-05,1.7247715775791503,Calibrated-Hybrid-QLIKE-scale_qlike,validation
2020-11-10,2020-11-11,0.0011297213251294,1.7493756484257383,Calibrated-Hybrid-QLIKE-scale_qlike,validation
2020-11-11,2020-11-12,0.5456632914405392,1.716797461293341,Calibrated-Hybrid-QLIKE-scale_qlike,validation
2020-11-12,2020-11-13,0.5301286092359084,1.6477206427168853,Calibrated-Hybrid-QLIKE-scale_qlike,validation
2020-11-13,2020-11-16,2.614940684665197,1.6271440581581462,Calibrated-Hybrid-QLIKE-scale_qlike,validation
2020-11-16,2020-11-17,3.5600857195920512,1.7647149679896121,Calibrated-Hybrid-QLIKE-scale_qlike,validation
2020-11-17,2020-11-18,0.2272651607739751,1.780316910826807,Calibrated-Hybrid-QLIKE-scale_qlike,validation
2020-11-18,2020-11-19,0.9890184423772188,1.8209630995105248,Calibrated-Hybrid-QLIKE-scale_qlike,validation
2020-11-19,2020-11-20,0.4666750014882298,1.8008906852143336,Calibrated-Hybrid-QLIKE-scale_qlike,validation
2020-11-20,2020-11-23,0.1783704119345972,1.802877987201849,Calibrated-Hybrid-QLIKE-scale_qlike,validation
2020-11-23,2020-11-24,0.0248986125796567,1.7919645595627354,Calibrated-Hybrid-QLIKE-scale_qlike,validation
2020-11-24,2020-11-25,0.1754782563587062,1.7952971671507463,Calibrated-Hybrid-QLIKE-scale_qlike,validation
2020-11-25,2020-11-26,0.3614717362335366,1.7857952118706792,Calibrated-Hybrid-QLIKE-scale_qlike,validation
2020-11-26,2020-11-27,0.1777363368777613,1.7813820934514306,Calibrated-Hybrid-QLIKE-scale_qlike,validation
2020-11-27,2020-11-30,0.50308697006867,1.7617803828333467,Calibrated-Hybrid-QLIKE-scale_qlike,validation
2020-11-30,2020-12-01,0.331272320082079,1.7933978746162067,Calibrated-Hybrid-QLIKE-scale_qlike,validation
2020-12-01,2020-12-02,0.2902563684716866,1.7957517762119088,Calibrated-Hybrid-QLIKE-scale_qlike,validation
2020-12-02,2020-12-03,0.290315397256232,1.781378133664722,Calibrated-Hybrid-QLIKE-scale_qlike,validation
2020-12-03,2020-12-04,0.0274172683613022,1.7652162003458924,Calibrated-Hybrid-QLIKE-scale_qlike,validation
2020-12-04,2020-12-07,0.6850937253628709,1.7557894810132892,Calibrated-Hybrid-QLIKE-scale_qlike,validation
2020-12-07,2020-12-08,0.0048900250994697,1.7067083079648993,Calibrated-Hybrid-QLIKE-scale_qlike,validation
2020-12-08,2020-12-09,0.9108272820038537,1.7339787203520065,Calibrated-Hybrid-QLIKE-scale_qlike,validation
2020-12-09,2020-12-10,0.6307404981430905,1.7088266661189648,Calibrated-Hybrid-QLIKE-scale_qlike,validation
2020-12-10,2020-12-11,2.1005332911557746,1.782485596592589,Calibrated-Hybrid-QLIKE-scale_qlike,validation
2020-12-11,2020-12-14,2.953190631516623,1.754150640256134,Calibrated-Hybrid-QLIKE-scale_qlike,validation
2020-12-14,2020-12-15,0.6927758012586854,1.7366683096725568,Calibrated-Hybrid-QLIKE-scale_qlike,validation
2020-12-15,2020-12-16,1.2199074044400842,1.8444121899887422,Calibrated-Hybrid-QLIKE-scale_qlike,validation
2020-12-16,2020-12-17,2.0641473967885817,1.8101282289303082,Calibrated-Hybrid-QLIKE-scale_qlike,validation
2020-12-17,2020-12-18,2.192631063716555,1.9396151703285645,Calibrated-Hybrid-QLIKE-scale_qlike,validation
2020-12-18,2020-12-21,1.6074554836667916,1.9047560183169367,Calibrated-Hybrid-QLIKE-scale_qlike,validation
2020-12-21,2020-12-22,0.0479545490733483,1.8923528167299897,Calibrated-Hybrid-QLIKE-scale_qlike,validation
2020-12-22,2020-12-23,0.1771055150673424,1.92382903354189,Calibrated-Hybrid-QLIKE-scale_qlike,validation
2020-12-23,2020-12-24,1.124406225180995,1.9356971529829508,Calibrated-Hybrid-QLIKE-scale_qlike,validation
2020-12-24,2020-12-25,2.4671237918391133,1.9801848457142668,Calibrated-Hybrid-QLIKE-scale_qlike,validation
2020-12-25,2020-12-28,0.4034604996523059,1.9290753677256685,Calibrated-Hybrid-QLIKE-scale_qlike,validation
2020-12-28,2020-12-29,0.5549207078341868,1.929699736675082,Calibrated-Hybrid-QLIKE-scale_qlike,validation
2020-12-29,2020-12-30,0.0315106576863239,1.89815633122419,Calibrated-Hybrid-QLIKE-scale_qlike,validation
2020-12-30,2020-12-31,0.3307256931476,1.9273222040941833,Calibrated-Hybrid-QLIKE-scale_qlike,validation
2020-12-31,2021-01-04,2.2278705339723945,1.8914881781419006,Calibrated-Hybrid-QLIKE-scale_qlike,validation
2021-01-04,2021-01-05,1.1499318142027897,1.8452190923319185,Calibrated-Hybrid-QLIKE-scale_qlike,validation
2021-01-05,2021-01-06,0.8776630886951989,1.837537489322328,Calibrated-Hybrid-QLIKE-scale_qlike,validation
2021-01-06,2021-01-07,1.3339004712332734,1.8300975610370194,Calibrated-Hybrid-QLIKE-scale_qlike,validation
2021-01-07,2021-01-08,0.9288877612518626,1.8147812337830669,Calibrated-Hybrid-QLIKE-scale_qlike,validation
2021-01-08,2021-01-11,2.138176540768584,1.8192846608862832,Calibrated-Hybrid-QLIKE-scale_qlike,validation
2021-01-11,2021-01-12,0.3865727035398198,1.8040067818839207,Calibrated-Hybrid-QLIKE-scale_qlike,validation
2021-01-12,2021-01-13,0.2744693433035448,1.8113079898993716,Calibrated-Hybrid-QLIKE-scale_qlike,validation
2021-01-13,2021-01-14,0.0129409883939506,1.8820864948801004,Calibrated-Hybrid-QLIKE-scale_qlike,validation
2021-01-14,2021-01-15,0.3260937940923989,1.8942791890962138,Calibrated-Hybrid-QLIKE-scale_qlike,validation
2021-01-15,2021-01-18,0.0358827142959493,1.8765535232326385,Calibrated-Hybrid-QLIKE-scale_qlike,validation
2021-01-18,2021-01-19,27.541540391562137,1.8904242728678284,Calibrated-Hybrid-QLIKE-scale_qlike,validation
2021-01-19,2021-01-20,0.1055259451193829,2.587229600542394,Calibrated-Hybrid-QLIKE-scale_qlike,validation
2021-01-20,2021-01-21,6.600825920548621,2.1975523554177436,Calibrated-Hybrid-QLIKE-scale_qlike,validation
2021-01-21,2021-01-22,0.0486234498742934,2.2113020122206826,Calibrated-Hybrid-QLIKE-scale_qlike,validation
2021-01-22,2021-01-25,0.003916873597976,2.185686535207676,Calibrated-Hybrid-QLIKE-scale_qlike,validation
2021-01-25,2021-01-26,6.76157056018748,2.1501902407411224,Calibrated-Hybrid-QLIKE-scale_qlike,validation
2021-01-26,2021-01-27,12.16950048366727,2.4402683758690333,Calibrated-Hybrid-QLIKE-scale_qlike,validation
2021-01-27,2021-01-28,47.71522267260341,2.7628698997906955,Calibrated-Hybrid-QLIKE-scale_qlike,validation
2021-01-28,2021-01-29,9.864460610625494,3.4950405935003186,Calibrated-Hybrid-QLIKE-scale_qlike,validation
2021-01-29,2021-02-01,4.068938921704016,2.9561263959603377,Calibrated-Hybrid-QLIKE-scale_qlike,validation
2021-02-01,2021-02-02,14.37888811066259,3.1410236546529915,Calibrated-Hybrid-QLIKE-scale_qlike,validation
2021-02-02,2021-02-03,10.698092971323405,3.000696988742425,Calibrated-Hybrid-QLIKE-scale_qlike,validation
2021-02-03,2021-02-04,0.006553579964635,2.8712773637182156,Calibrated-Hybrid-QLIKE-scale_qlike,validation
2021-02-04,2021-02-05,1.728785632859906,2.7162591227082746,Calibrated-Hybrid-QLIKE-scale_qlike,validation
2021-02-05,2021-02-08,15.664350744194984,2.5426630952820704,Calibrated-Hybrid-QLIKE-scale_qlike,validation
2021-02-08,2021-02-09,8.346588799606792,3.170009293360214,Calibrated-Hybrid-QLIKE-scale_qlike,validation
2021-02-09,2021-02-17,12.948351612917367,2.796932495998611,Calibrated-Hybrid-QLIKE-scale_qlike,validation
2021-02-17,2021-02-18,2.5487828873734144,2.700994017211424,Calibrated-Hybrid-QLIKE-scale_qlike,validation
2021-02-18,2021-02-19,0.0056191882730801,2.49707624240147,Calibrated-Hybrid-QLIKE-scale_qlike,validation
2021-02-19,2021-02-22,0.0171990965562516,2.402087601484135,Calibrated-Hybrid-QLIKE-scale_qlike,validation
2021-02-22,2021-02-23,0.04885188428266,2.3023668877149235,Calibrated-Hybrid-QLIKE-scale_qlike,validation
2021-02-23,2021-02-24,1.7852090551538884,2.204112572378459,Calibrated-Hybrid-QLIKE-scale_qlike,validation
2021-02-24,2021-02-25,0.0863685922010339,2.211029170142952,Calibrated-Hybrid-QLIKE-scale_qlike,validation
2021-02-25,2021-02-26,0.0678645793866586,2.1015719795324777,Calibrated-Hybrid-QLIKE-scale_qlike,validation
2021-02-26,2021-03-01,2.260340412751501,2.0072871587688392,Calibrated-Hybrid-QLIKE-scale_qlike,validation
2021-03-01,2021-03-02,0.0013754677373442,1.8777090145412294,Calibrated-Hybrid-QLIKE-scale_qlike,validation
2021-03-02,2021-03-03,0.0008207623047958,1.8160851532257045,Calibrated-Hybrid-QLIKE-scale_qlike,validation
2021-03-03,2021-03-04,2.448912301147324,1.769797162627565,Calibrated-Hybrid-QLIKE-scale_qlike,validation
2021-03-04,2021-03-05,0.0002116227550263,1.9516981401323321,Calibrated-Hybrid-QLIKE-scale_qlike,validation
2021-03-05,2021-03-08,0.001291980692468,1.9744602714841286,Calibrated-Hybrid-QLIKE-scale_qlike,validation
2021-03-08,2021-03-09,0.2923761214947155,1.9872865315736243,Calibrated-Hybrid-QLIKE-scale_qlike,validation
2021-03-09,2021-03-10,0.4837594769954144,2.0139739611691763,Calibrated-Hybrid-QLIKE-scale_qlike,validation
2021-03-10,2021-03-11,0.9815546422643948,1.9582827544885755,Calibrated-Hybrid-QLIKE-scale_qlike,validation
2021-03-11,2021-03-12,0.0002069778164541,1.9184011878447897,Calibrated-Hybrid-QLIKE-scale_qlike,validation
2021-03-12,2021-03-15,0.0643027332166397,1.9149338197736299,Calibrated-Hybrid-QLIKE-scale_qlike,validation
2021-03-15,2021-03-16,0.1553706585632092,1.8832955071767858,Calibrated-Hybrid-QLIKE-scale_qlike,validation
2021-03-16,2021-03-17,0.2737899242910557,1.898793218209005,Calibrated-Hybrid-QLIKE-scale_qlike,validation
2021-03-17,2021-03-18,1.5481332912326575,1.8837612291877432,Calibrated-Hybrid-QLIKE-scale_qlike,validation
2021-03-18,2021-03-19,0.3310498706600423,1.8325724277299176,Calibrated-Hybrid-QLIKE-scale_qlike,validation
2021-03-19,2021-03-22,0.0010124742198036,1.8602583622513216,Calibrated-Hybrid-QLIKE-scale_qlike,validation
2021-03-22,2021-03-23,0.8528859825364001,1.8756872240888327,Calibrated-Hybrid-QLIKE-scale_qlike,validation
2021-03-23,2021-03-24,3.405784484981233,1.9029209765151214,Calibrated-Hybrid-QLIKE-scale_qlike,validation
2021-03-24,2021-03-25,0.012314795662716,2.0266487274833027,Calibrated-Hybrid-QLIKE-scale_qlike,validation
2021-03-25,2021-03-26,0.0058597397555957,2.012099321500274,Calibrated-Hybrid-QLIKE-scale_qlike,validation
2021-03-26,2021-03-29,1.3278733275984689,1.986907286194981,Calibrated-Hybrid-QLIKE-scale_qlike,validation
2021-03-29,2021-03-30,0.8177751702540456,1.9249643427117726,Calibrated-Hybrid-QLIKE-scale_qlike,validation
2021-03-30,2021-03-31,0.1825736474519551,1.902514140364573,Calibrated-Hybrid-QLIKE-scale_qlike,validation
2021-03-31,2021-04-01,4.196908399032827,1.8879216876679699,Calibrated-Hybrid-QLIKE-scale_qlike,validation
2021-04-01,2021-04-02,0.4682318073785952,1.8348033204675416,Calibrated-Hybrid-QLIKE-scale_qlike,validation
2021-04-02,2021-04-05,0.8890694068712227,1.8594435403347283,Calibrated-Hybrid-QLIKE-scale_qlike,validation
2021-04-05,2021-04-06,0.0997492041629095,1.85217260552734,Calibrated-Hybrid-QLIKE-scale_qlike,validation
2021-04-06,2021-04-07,0.0380161793184628,1.8753491093979375,Calibrated-Hybrid-QLIKE-scale_qlike,validation
2021-04-07,2021-04-08,0.3656617949695199,1.8869491129583065,Calibrated-Hybrid-QLIKE-scale_qlike,validation
2021-04-08,2021-04-09,0.0685939299115526,1.9107971200136558,Calibrated-Hybrid-QLIKE-scale_qlike,validation
2021-04-09,2021-04-12,2.801867566535839,1.92583766728361,Calibrated-Hybrid-QLIKE-scale_qlike,validation
2021-04-12,2021-04-13,0.1085685992002533,1.9240059465932278,Calibrated-Hybrid-QLIKE-scale_qlike,validation
2021-04-13,2021-04-14,0.3626329687997453,1.9801509959246604,Calibrated-Hybrid-QLIKE-scale_qlike,validation
2021-04-14,2021-04-15,0.4743671604836424,1.9096918285817253,Calibrated-Hybrid-QLIKE-scale_qlike,validation
2021-04-15,2021-04-16,0.4720531246781877,1.939122879426142,Calibrated-Hybrid-QLIKE-scale_qlike,validation
2021-04-16,2021-04-19,3.0629959648129166,2.010979723742171,Calibrated-Hybrid-QLIKE-scale_qlike,validation
2021-04-19,2021-04-20,0.3708468135979464,1.912531762062149,Calibrated-Hybrid-QLIKE-scale_qlike,validation
2021-04-20,2021-04-22,10.511479982603742,1.9302796538253146,Calibrated-Hybrid-QLIKE-scale_qlike,validation
2021-04-22,2021-04-23,2.7977982020669034,2.175645282524903,Calibrated-Hybrid-QLIKE-scale_qlike,validation
2021-04-23,2021-04-26,7.069875969155051,2.052355790530829,Calibrated-Hybrid-QLIKE-scale_qlike,validation
2021-04-26,2021-04-27,0.1068177702515163,2.3731078385894477,Calibrated-Hybrid-QLIKE-scale_qlike,validation
2021-04-27,2021-04-28,0.6403727056381737,2.2550244442367906,Calibrated-Hybrid-QLIKE-scale_qlike,validation
2021-04-28,2021-04-29,0.6353802562532533,2.1732778410133577,Calibrated-Hybrid-QLIKE-scale_qlike,validation
2021-04-29,2021-05-04,0.0512876666991909,2.0847915530767707,Calibrated-Hybrid-QLIKE-scale_qlike,validation
2021-05-04,2021-05-05,1.2974041483688885,2.0067676602996776,Calibrated-Hybrid-QLIKE-scale_qlike,validation
2021-05-05,2021-05-06,0.2185486546328746,1.9576397362211142,Calibrated-Hybrid-QLIKE-scale_qlike,validation
2021-05-06,2021-05-07,0.494132324659674,1.9547869015001238,Calibrated-Hybrid-QLIKE-scale_qlike,validation
2021-05-07,2021-05-10,2.018769062145057,1.961383522951548,Calibrated-Hybrid-QLIKE-scale_qlike,validation
2021-05-10,2021-05-11,0.0792094524228185,1.9554151025011908,Calibrated-Hybrid-QLIKE-scale_qlike,validation
2021-05-11,2021-05-12,1.0683689670129952,1.9139890913059823,Calibrated-Hybrid-QLIKE-scale_qlike,validation
2021-05-12,2021-05-13,0.3147510754643727,1.8691455287111094,Calibrated-Hybrid-QLIKE-scale_qlike,validation
2021-05-13,2021-05-14,0.1194948927270032,1.8209906902824302,Calibrated-Hybrid-QLIKE-scale_qlike,validation
2021-05-14,2021-05-17,0.3681093008020274,1.7978703898360846,Calibrated-Hybrid-QLIKE-scale_qlike,validation
2021-05-17,2021-05-18,0.2298422025837693,1.7855592852238773,Calibrated-Hybrid-QLIKE-scale_qlike,validation
2021-05-18,2021-05-19,0.6085100033578476,1.7829734167680822,Calibrated-Hybrid-QLIKE-scale_qlike,validation
2021-05-19,2021-05-20,1.5332689494683411,1.781471763460123,Calibrated-Hybrid-QLIKE-scale_qlike,validation
2021-05-20,2021-05-21,0.1986664550105345,1.8139752255852766,Calibrated-Hybrid-QLIKE-scale_qlike,validation
2021-05-21,2021-05-24,1.1845107713600658,1.7459985890385468,Calibrated-Hybrid-QLIKE-scale_qlike,validation
2021-05-24,2021-05-25,0.6615170731155926,1.7339994134309356,Calibrated-Hybrid-QLIKE-scale_qlike,validation
2021-05-25,2021-05-26,0.3826692450882292,1.7397173454382073,Calibrated-Hybrid-QLIKE-scale_qlike,validation
2021-05-26,2021-05-27,1.0043951904267852,1.7485650417659637,Calibrated-Hybrid-QLIKE-scale_qlike,validation
2021-05-27,2021-05-28,1.65727162339538,1.7805640781584593,Calibrated-Hybrid-QLIKE-scale_qlike,validation
2021-05-28,2021-05-31,0.3285055315434949,1.8013293273936066,Calibrated-Hybrid-QLIKE-scale_qlike,validation
2021-05-31,2021-06-01,0.5328741181290064,1.7672086117356125,Calibrated-Hybrid-QLIKE-scale_qlike,validation
2021-06-01,2021-06-02,0.0501764701325494,1.731222708802795,Calibrated-Hybrid-QLIKE-scale_qlike,validation
2021-06-02,2021-06-03,3.01900451692919,1.74040085571814,Calibrated-Hybrid-QLIKE-scale_qlike,validation
2021-06-03,2021-06-04,0.5091916058927975,1.786268597984944,Calibrated-Hybrid-QLIKE-scale_qlike,validation
2021-06-04,2021-06-07,1.2488833393722787,1.7854114957651062,Calibrated-Hybrid-QLIKE-scale_qlike,validation
2021-06-07,2021-06-08,8.436942215340656,1.831815980733513,Calibrated-Hybrid-QLIKE-scale_qlike,validation
2021-06-08,2021-06-09,0.9635770887636846,2.005133162534396,Calibrated-Hybrid-QLIKE-scale_qlike,validation
2021-06-09,2021-06-10,0.4923594509595709,1.9573318947382816,Calibrated-Hybrid-QLIKE-scale_qlike,validation
2021-06-10,2021-06-11,4.4320627369374535,1.9148137488218195,Calibrated-Hybrid-QLIKE-scale_qlike,validation
2021-06-11,2021-06-14,0.5411007585268014,1.9615716766877356,Calibrated-Hybrid-QLIKE-scale_qlike,validation
2021-06-14,2021-06-15,0.1708389534964715,1.8484516833717726,Calibrated-Hybrid-QLIKE-scale_qlike,validation
2021-06-15,2021-06-16,0.6335008462154236,1.8012933061080636,Calibrated-Hybrid-QLIKE-scale_qlike,validation
2021-06-16,2021-06-17,0.0626639901398827,1.8202831658121352,Calibrated-Hybrid-QLIKE-scale_qlike,validation
2021-06-17,2021-06-18,1.7005139602823875,1.8325616979852881,Calibrated-Hybrid-QLIKE-scale_qlike,validation
2021-06-18,2021-06-21,0.1396997155457911,1.9014134473946267,Calibrated-Hybrid-QLIKE-scale_qlike,validation
2021-06-21,2021-06-22,0.284425125779956,1.8879009945890408,Calibrated-Hybrid-QLIKE-scale_qlike,validation
2021-06-22,2021-06-23,0.0505778800491605,1.8623367393331356,Calibrated-Hybrid-QLIKE-scale_qlike,validation
2021-06-23,2021-06-24,0.042756846647676,1.8247164663700923,Calibrated-Hybrid-QLIKE-scale_qlike,validation
2021-06-24,2021-06-25,0.5639250493998573,1.7828063393159888,Calibrated-Hybrid-QLIKE-scale_qlike,validation
2021-06-25,2021-06-28,1.2596863062253096,1.7542283031696453,Calibrated-Hybrid-QLIKE-scale_qlike,validation
2021-06-28,2021-06-29,0.0902656153029111,1.749384973084762,Calibrated-Hybrid-QLIKE-scale_qlike,validation
2021-06-29,2021-06-30,0.0111781207193246,1.7225629107411164,Calibrated-Hybrid-QLIKE-scale_qlike,validation
2021-06-30,2021-07-01,0.3645273399631648,1.6966684603677327,Calibrated-Hybrid-QLIKE-scale_qlike,validation
2021-07-01,2021-07-02,0.0505610286336511,1.6988474926729793,Calibrated-Hybrid-QLIKE-scale_qlike,validation
2021-07-02,2021-07-05,0.4168242183273023,1.7137657974951865,Calibrated-Hybrid-QLIKE-scale_qlike,validation
2021-07-05,2021-07-06,16.601013312283214,1.7604392924896701,Calibrated-Hybrid-QLIKE-scale_qlike,validation
2021-07-06,2021-07-07,6.058281445881023,2.208656874699313,Calibrated-Hybrid-QLIKE-scale_qlike,validation
2021-07-07,2021-07-08,1.0078273448945338,2.1135813739444984,Calibrated-Hybrid-QLIKE-scale_qlike,validation
2021-07-08,2021-07-09,4.095422426959989,2.0847035436237946,Calibrated-Hybrid-QLIKE-scale_qlike,validation
2021-07-09,2021-07-12,14.799235172407151,2.1632572814095146,Calibrated-Hybrid-QLIKE-scale_qlike,validation
2021-07-12,2021-07-13,0.009141491530764,2.5324304954867323,Calibrated-Hybrid-QLIKE-scale_qlike,validation
2021-07-13,2021-07-14,1.871533753406208,2.3850482560717046,Calibrated-Hybrid-QLIKE-scale_qlike,validation
2021-07-14,2021-07-15,1.185182208099543,2.4245934963153664,Calibrated-Hybrid-QLIKE-scale_qlike,validation
2021-07-15,2021-07-16,0.1728051567276786,2.3081887960570615,Calibrated-Hybrid-QLIKE-scale_qlike,validation
2021-07-16,2021-07-19,19.26799845022637,2.1958057062740695,Calibrated-Hybrid-QLIKE-scale_qlike,validation
2021-07-19,2021-07-20,5.600831490366748,2.923655889479404,Calibrated-Hybrid-QLIKE-scale_qlike,validation
2021-07-20,2021-07-21,0.0386259132356042,2.5904104588849255,Calibrated-Hybrid-QLIKE-scale_qlike,validation
2021-07-21,2021-07-22,3.1842211341003503,2.598594188396182,Calibrated-Hybrid-QLIKE-scale_qlike,validation
2021-07-22,2021-07-23,3.75891611125588,2.428233178975879,Calibrated-Hybrid-QLIKE-scale_qlike,validation
2021-07-23,2021-07-26,0.0932245335056029,2.5317044494334455,Calibrated-Hybrid-QLIKE-scale_qlike,validation
2021-07-26,2021-07-27,0.1095791578755464,2.3223139939220445,Calibrated-Hybrid-QLIKE-scale_qlike,validation
2021-07-27,2021-07-28,0.0001201916445908,2.11949499605621,Calibrated-Hybrid-QLIKE-scale_qlike,validation
2021-07-28,2021-07-29,1.6539600353625152,2.135003181362949,Calibrated-Hybrid-QLIKE-scale_qlike,validation
2021-07-29,2021-07-30,1.5967544948591652,1.9842917832063987,Calibrated-Hybrid-QLIKE-scale_qlike,validation
2021-07-30,2021-08-02,0.1009987039707803,1.8318067838095444,Calibrated-Hybrid-QLIKE-scale_qlike,validation
2021-08-02,2021-08-03,1.8957198194932552,1.754428208530904,Calibrated-Hybrid-QLIKE-scale_qlike,validation
2021-08-03,2021-08-04,0.0297448118967559,1.7571097505429818,Calibrated-Hybrid-QLIKE-scale_qlike,validation
2021-08-04,2021-08-05,0.6506576147304501,1.73601839371212,Calibrated-Hybrid-QLIKE-scale_qlike,validation
2021-08-05,2021-08-06,0.0931307383293993,1.7502986619340162,Calibrated-Hybrid-QLIKE-scale_qlike,validation
2021-08-06,2021-08-09,1.8579420490159877,1.7274418789063775,Calibrated-Hybrid-QLIKE-scale_qlike,validation
2021-08-09,2021-08-10,0.0356498511082493,1.7585247994835715,Calibrated-Hybrid-QLIKE-scale_qlike,validation
2021-08-10,2021-08-11,0.1163827824804467,1.7263323722176285,Calibrated-Hybrid-QLIKE-scale_qlike,validation
2021-08-11,2021-08-12,0.1222953063583315,1.6989836582417344,Calibrated-Hybrid-QLIKE-scale_qlike,validation
2021-08-12,2021-08-13,0.0871384784453648,1.7095883502526295,Calibrated-Hybrid-QLIKE-scale_qlike,validation
2021-08-13,2021-08-16,1.0399916754691487,1.7161283850746365,Calibrated-Hybrid-QLIKE-scale_qlike,validation
2021-08-16,2021-08-17,0.3314354435277737,1.7657280347117477,Calibrated-Hybrid-QLIKE-scale_qlike,validation
2021-08-17,2021-08-18,0.0249180078972991,1.7599597750927596,Calibrated-Hybrid-QLIKE-scale_qlike,validation
2021-08-18,2021-08-19,1.034084957658442,1.7304386710344852,Calibrated-Hybrid-QLIKE-scale_qlike,validation
2021-08-19,2021-08-20,11.285807091304966,1.7420712470339095,Calibrated-Hybrid-QLIKE-scale_qlike,validation
2021-08-20,2021-08-23,5.411821632013326,2.041332383009259,Calibrated-Hybrid-QLIKE-scale_qlike,validation
2021-08-23,2021-08-24,8.536462420535458e-05,2.1850092839454427,Calibrated-Hybrid-QLIKE-scale_qlike,validation
2021-08-24,2021-08-25,0.6870757170728501,2.055952043272602,Calibrated-Hybrid-QLIKE-scale_qlike,validation
2021-08-25,2021-08-26,0.4170750420782061,2.048699757783261,Calibrated-Hybrid-QLIKE-scale_qlike,validation
2021-08-26,2021-08-27,0.8540485329092148,1.946898878641464,Calibrated-Hybrid-QLIKE-scale_qlike,validation
2021-08-27,2021-08-30,1.2797402595336076,1.8660548513174906,Calibrated-Hybrid-QLIKE-scale_qlike,validation
2021-08-30,2021-08-31,0.0627065630623478,1.8797541805087132,Calibrated-Hybrid-QLIKE-scale_qlike,validation
2021-08-31,2021-09-01,0.0569056328666982,1.8452213915629105,Calibrated-Hybrid-QLIKE-scale_qlike,validation
2021-09-01,2021-09-06,0.7669996218071843,1.8119757887675252,Calibrated-Hybrid-QLIKE-scale_qlike,validation
2021-09-06,2021-09-07,0.1115838258583112,1.8578939863811001,Calibrated-Hybrid-QLIKE-scale_qlike,validation
2021-09-07,2021-09-08,0.3840242724271654,1.830722824131819,Calibrated-Hybrid-QLIKE-scale_qlike,validation
2021-09-08,2021-09-09,0.5999757427909345,1.8125477863443407,Calibrated-Hybrid-QLIKE-scale_qlike,validation
2021-09-09,2021-09-10,0.009783360800291,1.8010879081394346,Calibrated-Hybrid-QLIKE-scale_qlike,validation
2021-09-10,2021-09-13,0.0834204953018611,1.7725566230232646,Calibrated-Hybrid-QLIKE-scale_qlike,validation
2021-09-13,2021-09-14,0.0166539238245993,1.770584010567088,Calibrated-Hybrid-QLIKE-scale_qlike,validation
2021-09-14,2021-09-15,0.208411861391793,1.7761070188802504,Calibrated-Hybrid-QLIKE-scale_qlike,validation
2021-09-15,2021-09-16,8.833374944135227e-06,1.7746143070261495,Calibrated-Hybrid-QLIKE-scale_qlike,validation
2021-09-16,2021-09-17,0.2517625260662404,1.7497856779526648,Calibrated-Hybrid-QLIKE-scale_qlike,validation
2021-09-17,2021-09-20,0.0255409488218125,1.7672843586232971,Calibrated-Hybrid-QLIKE-scale_qlike,validation
2021-09-20,2021-09-21,0.6256621683862371,1.796239724122457,Calibrated-Hybrid-QLIKE-scale_qlike,validation
2021-09-21,2021-09-22,0.6493080782631847,1.846738500812539,Calibrated-Hybrid-QLIKE-scale_qlike,validation
2021-09-22,2021-09-23,0.023678455022373,1.8053508101338653,Calibrated-Hybrid-QLIKE-scale_qlike,validation
2021-09-23,2021-09-24,0.0138313143395197,1.8738738972463873,Calibrated-Hybrid-QLIKE-scale_qlike,validation
2021-09-24,2021-09-27,3.828272422415496,1.8215948770931352,Calibrated-Hybrid-QLIKE-scale_qlike,validation
2021-09-27,2021-09-28,1.1555484032608674,1.9334690704165391,Calibrated-Hybrid-QLIKE-scale_qlike,validation
2021-09-28,2021-09-29,5.575325206713305e-05,1.8934438018357467,Calibrated-Hybrid-QLIKE-scale_qlike,validation
2021-09-29,2021-09-30,0.0451927678238876,1.9164588485966756,Calibrated-Hybrid-QLIKE-scale_qlike,validation
2021-09-30,2021-10-01,0.2869590069123234,1.8656172310186585,Calibrated-Hybrid-QLIKE-scale_qlike,validation
2021-10-01,2021-10-04,0.1209217160727008,1.8250557306764839,Calibrated-Hybrid-QLIKE-scale_qlike,validation
2021-10-04,2021-10-05,1.2548666056334208,1.8136454136729638,Calibrated-Hybrid-QLIKE-scale_qlike,validation
2021-10-05,2021-10-06,0.363335054701863,1.817422539252783,Calibrated-Hybrid-QLIKE-scale_qlike,validation
2021-10-06,2021-10-07,0.0539799292056889,1.8094697547211784,Calibrated-Hybrid-QLIKE-scale_qlike,validation
2021-10-07,2021-10-08,0.2422625428098201,1.8172776877002799,Calibrated-Hybrid-QLIKE-scale_qlike,validation
2021-10-08,2021-10-11,2.384064119474745,1.798559903663608,Calibrated-Hybrid-QLIKE-scale_qlike,validation
2021-10-11,2021-10-12,0.0025924711816483,1.8146946294156974,Calibrated-Hybrid-QLIKE-scale_qlike,validation
2021-10-12,2021-10-13,0.043020201094552,1.842224599434803,Calibrated-Hybrid-QLIKE-scale_qlike,validation
2021-10-13,2021-10-14,1.8582276241239155e-05,1.830134604203004,Calibrated-Hybrid-QLIKE-scale_qlike,validation
2021-10-14,2021-10-15,0.0037272440365911,1.8469221838217977,Calibrated-Hybrid-QLIKE-scale_qlike,validation
2021-10-15,2021-10-18,0.0412074717223573,1.865800403087697,Calibrated-Hybrid-QLIKE-scale_qlike,validation
2021-10-18,2021-10-19,0.0002054205471957,1.8430125969898217,Calibrated-Hybrid-QLIKE-scale_qlike,validation
2021-10-19,2021-10-20,0.012036644283499,1.820854269243565,Calibrated-Hybrid-QLIKE-scale_qlike,validation
2021-10-20,2021-10-21,0.4224699907147212,1.8443483224611839,Calibrated-Hybrid-QLIKE-scale_qlike,validation
2021-10-21,2021-10-22,0.1038627326357175,1.8359395237828104,Calibrated-Hybrid-QLIKE-scale_qlike,validation
2021-10-22,2021-10-25,0.0766142772237032,1.8392376429059396,Calibrated-Hybrid-QLIKE-scale_qlike,validation
2021-10-25,2021-10-26,0.2013151221701667,1.8600986934324248,Calibrated-Hybrid-QLIKE-scale_qlike,validation
2021-10-26,2021-10-27,4.975421040294883,1.8312565011920992,Calibrated-Hybrid-QLIKE-scale_qlike,validation
2021-10-27,2021-10-28,1.0980607841681207,1.8759481868064374,Calibrated-Hybrid-QLIKE-scale_qlike,validation
2021-10-28,2021-10-29,0.1886851350804401,1.8762640755977427,Calibrated-Hybrid-QLIKE-scale_qlike,validation
2021-10-29,2021-11-01,0.1351609140151505,1.9149101887884332,Calibrated-Hybrid-QLIKE-scale_qlike,validation
2021-11-01,2021-11-02,0.8706925479870633,2.0008838004558083,Calibrated-Hybrid-QLIKE-scale_qlike,validation
2021-11-02,2021-11-03,0.3174077865606339,1.9381398304419588,Calibrated-Hybrid-QLIKE-scale_qlike,validation
2021-11-03,2021-11-04,0.0780251318950003,2.0918309042292313,Calibrated-Hybrid-QLIKE-scale_qlike,validation
2021-11-04,2021-11-05,0.3164163905277483,1.9536809713929184,Calibrated-Hybrid-QLIKE-scale_qlike,validation
2021-11-05,2021-11-08,0.5722632892702788,1.9144180256210663,Calibrated-Hybrid-QLIKE-scale_qlike,validation
2021-11-08,2021-11-09,0.1717825777423685,1.9331142224334235,Calibrated-Hybrid-QLIKE-scale_qlike,validation
2021-11-09,2021-11-10,0.0578685691569425,1.9548723562519976,Calibrated-Hybrid-QLIKE-scale_qlike,validation
2021-11-10,2021-11-11,0.0332757244454099,1.933362667115626,Calibrated-Hybrid-QLIKE-scale_qlike,validation
2021-11-11,2021-11-12,0.5636350562840569,2.0177592617925226,Calibrated-Hybrid-QLIKE-scale_qlike,validation
2021-11-12,2021-11-15,0.0470688863590858,1.910063026651896,Calibrated-Hybrid-QLIKE-scale_qlike,validation
2021-11-15,2021-11-16,0.4729748116245648,1.9647909832818573,Calibrated-Hybrid-QLIKE-scale_qlike,validation
2021-11-16,2021-11-17,0.40826744424175,1.9875901577996378,Calibrated-Hybrid-QLIKE-scale_qlike,validation
2021-11-17,2021-11-18,0.1670640675036151,1.889521058293094,Calibrated-Hybrid-QLIKE-scale_qlike,validation
2021-11-18,2021-11-19,1.4313283722317711,1.9764245811617227,Calibrated-Hybrid-QLIKE-scale_qlike,validation
2021-11-19,2021-11-22,0.1237442583360642,2.103264979953003,Calibrated-Hybrid-QLIKE-scale_qlike,validation
2021-11-22,2021-11-23,1.2666258581863683,2.03129496237814,Calibrated-Hybrid-QLIKE-scale_qlike,validation
2021-11-23,2021-11-24,2.923344781612152,1.9019913207839771,Calibrated-Hybrid-QLIKE-scale_qlike,validation
2021-11-24,2021-11-25,0.6380046596767257,1.9658591038127486,Calibrated-Hybrid-QLIKE-scale_qlike,validation
2021-11-25,2021-11-26,0.2701244946030526,1.9260959475650568,Calibrated-Hybrid-QLIKE-scale_qlike,validation
2021-11-26,2021-11-29,0.3025648797186475,1.9380790285557232,Calibrated-Hybrid-QLIKE-scale_qlike,validation
2021-11-29,2021-11-30,0.1865846491020368,1.923662339294962,Calibrated-Hybrid-QLIKE-scale_qlike,validation
2021-11-30,2021-12-01,0.2075014205290045,1.9462240543452798,Calibrated-Hybrid-QLIKE-scale_qlike,validation
2021-12-01,2021-12-02,0.0447934240863952,1.869579572428398,Calibrated-Hybrid-QLIKE-scale_qlike,validation
2021-12-02,2021-12-03,7.012035907074128,1.8514165417361006,Calibrated-Hybrid-QLIKE-scale_qlike,validation
2021-12-03,2021-12-06,4.334941271489592,2.0334092330104423,Calibrated-Hybrid-QLIKE-scale_qlike,validation
2021-12-06,2021-12-07,5.38610884102854,2.1093164281891856,Calibrated-Hybrid-QLIKE-scale_qlike,validation
2021-12-07,2021-12-08,0.1770242562530693,2.0589138359956074,Calibrated-Hybrid-QLIKE-scale_qlike,validation
2021-12-08,2021-12-09,1.070479018660655,1.9940066728233465,Calibrated-Hybrid-QLIKE-scale_qlike,validation
2021-12-09,2021-12-10,0.0917573521914629,1.9235780341585844,Calibrated-Hybrid-QLIKE-scale_qlike,validation
2021-12-10,2021-12-13,0.7430153759165636,1.8644415575713589,Calibrated-Hybrid-QLIKE-scale_qlike,validation
2021-12-13,2021-12-14,0.0001656787526269,1.8873490514158788,Calibrated-Hybrid-QLIKE-scale_qlike,validation
2021-12-14,2021-12-15,0.001241581482623,1.906726970217397,Calibrated-Hybrid-QLIKE-scale_qlike,validation
2021-12-15,2021-12-16,0.0056551081903051,1.9114217444331791,Calibrated-Hybrid-QLIKE-scale_qlike,validation
2021-12-16,2021-12-17,0.0462794489398934,1.901939588086655,Calibrated-Hybrid-QLIKE-scale_qlike,validation
2021-12-17,2021-12-20,0.0276816841350729,1.8988209367159654,Calibrated-Hybrid-QLIKE-scale_qlike,validation
2021-12-20,2021-12-21,0.009100575448846,1.8763068668412068,Calibrated-Hybrid-QLIKE-scale_qlike,validation
2021-12-21,2021-12-22,0.0052396015195704,1.841082775777109,Calibrated-Hybrid-QLIKE-scale_qlike,validation
2021-12-22,2021-12-23,1.992176913695392,1.8448232413961099,Calibrated-Hybrid-QLIKE-scale_qlike,validation
2021-12-23,2021-12-24,1.8717637228671864,1.9655430872863884,Calibrated-Hybrid-QLIKE-scale_qlike,validation
2021-12-24,2021-12-27,0.6385359851594573,1.9276596801098034,Calibrated-Hybrid-QLIKE-scale_qlike,validation
2021-12-27,2021-12-28,0.1364517327618313,1.8893201310513943,Calibrated-Hybrid-QLIKE-scale_qlike,validation
2021-12-28,2021-12-29,0.3307731842534792,1.8636720815993322,Calibrated-Hybrid-QLIKE-scale_qlike,validation
2021-12-29,2021-12-30,0.0001019075301841,1.8272499634532893,Calibrated-Hybrid-QLIKE-scale_qlike,validation
2021-12-30,2021-12-31,0.6806292652244172,1.793583218181182,Calibrated-Hybrid-QLIKE-scale_qlike,validation
2021-12-31,2022-01-04,3.2605099137684044,1.8289840945615619,Calibrated-Hybrid-QLIKE-scale_qlike,validation
2022-01-04,2022-01-05,0.0408421877386783,1.8617080273918483,Calibrated-Hybrid-QLIKE-scale_qlike,validation
2022-01-05,2022-01-06,0.1583194148629771,1.8435485732810941,Calibrated-Hybrid-QLIKE-scale_qlike,validation
2022-01-06,2022-01-07,3.466888916717849e-05,1.8549912072535588,Calibrated-Hybrid-QLIKE-scale_qlike,validation
2022-01-07,2022-01-10,2.6694297971607823,1.8463582335534547,Calibrated-Hybrid-QLIKE-scale_qlike,validation
2022-01-10,2022-01-11,0.5791412105719106,1.9784084343027495,Calibrated-Hybrid-QLIKE-scale_qlike,validation
2022-01-11,2022-01-12,1.469449968423449,1.9765989395119574,Calibrated-Hybrid-QLIKE-scale_qlike,validation
2022-01-12,2022-01-13,0.9252594386149106,1.975858459397443,Calibrated-Hybrid-QLIKE-scale_qlike,validation
2022-01-13,2022-01-14,4.021230809949571e-06,1.9626759462392254,Calibrated-Hybrid-QLIKE-scale_qlike,validation
2022-01-14,2022-01-17,8.577861779061374,1.8793528369655346,Calibrated-Hybrid-QLIKE-scale_qlike,validation
2022-01-17,2022-01-18,0.9241996120524796,2.118001262321668,Calibrated-Hybrid-QLIKE-scale_qlike,validation
2022-01-18,2022-01-19,0.0713962483719635,2.069743086233399,Calibrated-Hybrid-QLIKE-scale_qlike,validation
2022-01-19,2022-01-20,2.396694299563955,2.0334121709167094,Calibrated-Hybrid-QLIKE-scale_qlike,validation
2022-01-20,2022-01-21,0.2669228311266386,2.005747951354676,Calibrated-Hybrid-QLIKE-scale_qlike,validation
2022-01-21,2022-01-24,5.19144957677216,1.9270760586429723,Calibrated-Hybrid-QLIKE-scale_qlike,validation
2022-01-24,2022-01-25,7.461944120148481,2.047879060054132,Calibrated-Hybrid-QLIKE-scale_qlike,validation
2022-01-25,2022-01-26,0.0182472056354126,2.0472850920478365,Calibrated-Hybrid-QLIKE-scale_qlike,validation
2022-01-26,2022-01-27,0.5372614259470304,1.9366531221354488,Calibrated-Hybrid-QLIKE-scale_qlike,validation
2022-01-27,2022-01-28,0.3091208848418566,1.9138154993660776,Calibrated-Hybrid-QLIKE-scale_qlike,validation
2022-01-28,2022-02-07,1.5787299229773026,1.843917599855328,Calibrated-Hybrid-QLIKE-scale_qlike,validation
2022-02-07,2022-02-08,0.0493284261128678,1.8641987332315808,Calibrated-Hybrid-QLIKE-scale_qlike,validation
2022-02-08,2022-02-09,0.0852913112285084,1.8396696428623465,Calibrated-Hybrid-QLIKE-scale_qlike,validation
2022-02-09,2022-02-10,0.0087647457494785,1.8070703794458547,Calibrated-Hybrid-QLIKE-scale_qlike,validation
2022-02-10,2022-02-11,0.1140481407730615,1.7885418987608668,Calibrated-Hybrid-QLIKE-scale_qlike,validation
2022-02-11,2022-02-14,4.003846034921644,1.7776633427918,Calibrated-Hybrid-QLIKE-scale_qlike,validation
2022-02-14,2022-02-15,1.9670652734045644,1.8948108223956124,Calibrated-Hybrid-QLIKE-scale_qlike,validation
2022-02-15,2022-02-16,0.0018968880308684,1.9084485832902682,Calibrated-Hybrid-QLIKE-scale_qlike,validation
2022-02-16,2022-02-17,1.122140769245723,1.8533120022189866,Calibrated-Hybrid-QLIKE-scale_qlike,validation
2022-02-17,2022-02-18,0.0437252358911797,1.8207624277389356,Calibrated-Hybrid-QLIKE-scale_qlike,validation
2022-02-18,2022-02-21,0.1583409064037323,1.7507434353959346,Calibrated-Hybrid-QLIKE-scale_qlike,validation
2022-02-21,2022-02-22,0.2391227349223014,1.760546589935969,Calibrated-Hybrid-QLIKE-scale_qlike,validation
2022-02-22,2022-02-23,0.3429157616051995,1.7803793732687596,Calibrated-Hybrid-QLIKE-scale_qlike,validation
2022-02-23,2022-02-24,1.3469467288223498,1.775038770614304,Calibrated-Hybrid-QLIKE-scale_qlike,validation
2022-02-24,2022-02-25,0.0728442185423715,1.8717653746915657,Calibrated-Hybrid-QLIKE-scale_qlike,validation
2022-02-25,2022-02-28,0.3435682703713377,1.80894885116641,Calibrated-Hybrid-QLIKE-scale_qlike,validation
2022-02-28,2022-03-01,0.3350186274967215,1.8091681722560464,Calibrated-Hybrid-QLIKE-scale_qlike,validation
2022-03-01,2022-03-02,0.7897102913909818,1.817212415087115,Calibrated-Hybrid-QLIKE-scale_qlike,validation
2022-03-02,2022-03-03,1.6972927621476632,1.8440748417081774,Calibrated-Hybrid-QLIKE-scale_qlike,validation
2022-03-03,2022-03-04,0.0004806839941866,1.8626270811134173,Calibrated-Hybrid-QLIKE-scale_qlike,validation
2022-03-04,2022-03-07,0.1747715827843937,1.8137744260786322,Calibrated-Hybrid-QLIKE-scale_qlike,validation
2022-03-07,2022-03-08,2.9065282793306784,1.826435269271751,Calibrated-Hybrid-QLIKE-scale_qlike,validation
2022-03-08,2022-03-09,4.143903255486161e-06,1.904060500941823,Calibrated-Hybrid-QLIKE-scale_qlike,validation
2022-03-09,2022-03-10,0.1308186023197331,1.8521156356927577,Calibrated-Hybrid-QLIKE-scale_qlike,validation
2022-03-10,2022-03-11,0.7249480262949388,1.8099796730612068,Calibrated-Hybrid-QLIKE-scale_qlike,validation
2022-03-11,2022-03-14,1.940974298078772,1.8474890719964083,Calibrated-Hybrid-QLIKE-scale_qlike,validation
2022-03-14,2022-03-15,0.2004736979473137,1.8934499331183925,Calibrated-Hybrid-QLIKE-scale_qlike,validation
2022-03-15,2022-03-16,0.2048465635146144,1.843984277554099,Calibrated-Hybrid-QLIKE-scale_qlike,validation
2022-03-16,2022-03-17,0.0189446795575115,1.8194448406454002,Calibrated-Hybrid-QLIKE-scale_qlike,validation
2022-03-17,2022-03-18,0.2804915592052127,1.7993722986141543,Calibrated-Hybrid-QLIKE-scale_qlike,validation
2022-03-18,2022-03-21,3.042510301896478,1.7838803356594148,Calibrated-Hybrid-QLIKE-scale_qlike,validation
2022-03-21,2022-03-22,0.3468240297098041,1.828552861015486,Calibrated-Hybrid-QLIKE-scale_qlike,validation
2022-03-22,2022-03-23,0.0091785148718354,1.839735554150787,Calibrated-Hybrid-QLIKE-scale_qlike,validation
2022-03-23,2022-03-24,0.0739545064300968,1.7953542647203837,Calibrated-Hybrid-QLIKE-scale_qlike,validation
2022-03-24,2022-03-25,0.0002565538581837,1.7863218635029277,Calibrated-Hybrid-QLIKE-scale_qlike,validation
2022-03-25,2022-03-28,1.0559980128443454,1.7852787790428395,Calibrated-Hybrid-QLIKE-scale_qlike,validation
2022-03-28,2022-03-29,0.9569197018395468,1.8803436777880795,Calibrated-Hybrid-QLIKE-scale_qlike,validation
2022-03-29,2022-03-30,0.2354496444813368,1.811996354111399,Calibrated-Hybrid-QLIKE-scale_qlike,validation
2022-03-30,2022-03-31,0.0120931732563713,1.847135756833954,Calibrated-Hybrid-QLIKE-scale_qlike,validation
2022-03-31,2022-04-01,2.607401303697469,1.789783355761552,Calibrated-Hybrid-QLIKE-scale_qlike,validation
2022-04-01,2022-04-04,0.2950865363946971,1.8495795839084586,Calibrated-Hybrid-QLIKE-scale_qlike,validation
2022-04-04,2022-04-05,0.09410156815978,1.7904129618482252,Calibrated-Hybrid-QLIKE-scale_qlike,validation
2022-04-05,2022-04-06,0.0355827999144168,1.7896570257920412,Calibrated-Hybrid-QLIKE-scale_qlike,validation
2022-04-06,2022-04-07,1.845756746133211,1.8350254517283906,Calibrated-Hybrid-QLIKE-scale_qlike,validation
2022-04-07,2022-04-08,1.8599564295348143,1.8569343129120035,Calibrated-Hybrid-QLIKE-scale_qlike,validation
2022-04-08,2022-04-12,3.317796568560508,1.8890881641913013,Calibrated-Hybrid-QLIKE-scale_qlike,validation
2022-04-12,2022-04-13,2.2412176347286983,2.018830320229682,Calibrated-Hybrid-QLIKE-scale_qlike,validation
2022-04-13,2022-04-14,0.1186709675031117,1.9923900579657818,Calibrated-Hybrid-QLIKE-scale_qlike,validation
2022-04-14,2022-04-15,0.8563450026802516,1.906641643200579,Calibrated-Hybrid-QLIKE-scale_qlike,validation
2022-04-15,2022-04-18,3.225139156963737,1.8520814026979864,Calibrated-Hybrid-QLIKE-scale_qlike,validation
2022-04-18,2022-04-19,3.3937657292333743,1.9306150860800524,Calibrated-Hybrid-QLIKE-scale_qlike,validation
2022-04-19,2022-04-20,2.4245124341762705,2.086083465424227,Calibrated-Hybrid-QLIKE-scale_qlike,validation
2022-04-20,2022-04-21,1.109638997468357,2.17301828338136,Calibrated-Hybrid-QLIKE-scale_qlike,validation
2022-04-21,2022-04-22,0.4305144066915168,2.167913224168541,Calibrated-Hybrid-QLIKE-scale_qlike,validation
2022-04-22,2022-04-25,25.802530842890924,2.1045119295610584,Calibrated-Hybrid-QLIKE-scale_qlike,validation
2022-04-25,2022-04-26,5.262405488369011,2.8849294309390445,Calibrated-Hybrid-QLIKE-scale_qlike,validation
2022-04-26,2022-04-27,0.8508547277394044,2.463220066042624,Calibrated-Hybrid-QLIKE-scale_qlike,validation
2022-04-27,2022-04-28,0.0422563925888465,2.4459837531752027,Calibrated-Hybrid-QLIKE-scale_qlike,validation
2022-04-28,2022-04-29,1.3536355027087716,2.426373612043481,Calibrated-Hybrid-QLIKE-scale_qlike,validation
2022-04-29,2022-05-04,1.7811317821270536,2.2425710427731826,Calibrated-Hybrid-QLIKE-scale_qlike,validation
2022-05-04,2022-05-05,0.7846838850035229,2.327476789379777,Calibrated-Hybrid-QLIKE-scale_qlike,validation
2022-05-05,2022-05-06,5.457913784856381,2.1247339216067913,Calibrated-Hybrid-QLIKE-scale_qlike,validation
2022-05-06,2022-05-09,21.07246376843707,2.457883039969712,Calibrated-Hybrid-QLIKE-scale_qlike,validation
2022-05-09,2022-05-10,3.4895974437640893,3.0241974287127995,Calibrated-Hybrid-QLIKE-scale_qlike,validation
2022-05-10,2022-05-11,0.3772893243323654,2.662722039997172,Calibrated-Hybrid-QLIKE-scale_qlike,validation
2022-05-11,2022-05-12,24.369069377939013,2.6824065229309717,Calibrated-Hybrid-QLIKE-scale_qlike,validation
2022-05-12,2022-05-13,21.45200829300172,3.4832450275705646,Calibrated-Hybrid-QLIKE-scale_qlike,validation
2022-05-13,2022-05-16,0.8445825050431754,3.3959008187617803,Calibrated-Hybrid-QLIKE-scale_qlike,validation
2022-05-16,2022-05-17,22.10791922900586,3.132514200751186,Calibrated-Hybrid-QLIKE-scale_qlike,validation
2022-05-17,2022-05-18,1.0072145297005026,3.1235382584280917,Calibrated-Hybrid-QLIKE-scale_qlike,validation
2022-05-18,2022-05-19,0.0050266870380628,2.985246667415654,Calibrated-Hybrid-QLIKE-scale_qlike,validation
2022-05-19,2022-05-20,0.0056143553761866,2.763638609352392,Calibrated-Hybrid-QLIKE-scale_qlike,validation
2022-05-20,2022-05-23,3.1715419491716648,2.5071655234649675,Calibrated-Hybrid-QLIKE-scale_qlike,validation
2022-05-23,2022-05-24,1.4121508187671683,2.6850598354958692,Calibrated-Hybrid-QLIKE-scale_qlike,validation
2022-05-24,2022-05-25,7.852071042943518,2.463079812952105,Calibrated-Hybrid-QLIKE-scale_qlike,validation
2022-05-25,2022-05-26,0.0001218078083452,2.438475486635407,Calibrated-Hybrid-QLIKE-scale_qlike,validation
2022-05-26,2022-05-27,1.747305868676365,2.331772774753482,Calibrated-Hybrid-QLIKE-scale_qlike,validation
2022-05-27,2022-05-30,0.4313230278725308,2.1558024081227574,Calibrated-Hybrid-QLIKE-scale_qlike,validation
2022-05-30,2022-05-31,0.0091927379819102,2.0750245475573346,Calibrated-Hybrid-QLIKE-scale_qlike,validation
2022-05-31,2022-06-01,0.2785076944454149,1.9345430667599655,Calibrated-Hybrid-QLIKE-scale_qlike,validation
2022-06-01,2022-06-02,0.7094839787224755,1.8563503082400072,Calibrated-Hybrid-QLIKE-scale_qlike,validation
2022-06-02,2022-06-03,0.0024678908753368,1.878009830596031,Calibrated-Hybrid-QLIKE-scale_qlike,validation
2022-06-03,2022-06-06,0.0248021762794326,1.868917521637725,Calibrated-Hybrid-QLIKE-scale_qlike,validation
2022-06-06,2022-06-07,0.0107788521263349,1.8093269469295574,Calibrated-Hybrid-QLIKE-scale_qlike,validation
2022-06-07,2022-06-08,1.62365203625605,1.8082842456746346,Calibrated-Hybrid-QLIKE-scale_qlike,validation
2022-06-08,2022-06-09,7.074018263381634e-05,1.8038560545188824,Calibrated-Hybrid-QLIKE-scale_qlike,validation
2022-06-09,2022-06-10,3.350301019629325,1.7770258171317095,Calibrated-Hybrid-QLIKE-scale_qlike,validation
2022-06-10,2022-06-13,20.64588542406384,1.9254064337375338,Calibrated-Hybrid-QLIKE-scale_qlike,validation
2022-06-13,2022-06-14,0.0708307718816595,2.6883395607710607,Calibrated-Hybrid-QLIKE-scale_qlike,validation
2022-06-14,2022-06-15,1.796441565238617,2.453879056932004,Calibrated-Hybrid-QLIKE-scale_qlike,validation
2022-06-15,2022-06-16,3.432463040017097,2.521873704121506,Calibrated-Hybrid-QLIKE-scale_qlike,validation
2022-06-16,2022-06-17,2.4820888579092317,2.4286572593588684,Calibrated-Hybrid-QLIKE-scale_qlike,validation
2022-06-17,2022-06-20,9.47527051181594,2.4404926786258194,Calibrated-Hybrid-QLIKE-scale_qlike,validation
2022-06-20,2022-06-21,0.4543743324349223,2.776794298149035,Calibrated-Hybrid-QLIKE-scale_qlike,validation
2022-06-21,2022-06-22,0.0746935567234301,2.576906308857922,Calibrated-Hybrid-QLIKE-scale_qlike,validation
2022-06-22,2022-06-23,2.766255864563167,2.516500656763051,Calibrated-Hybrid-QLIKE-scale_qlike,validation
2022-06-23,2022-06-24,0.0820210424345146,2.5096305545586204,Calibrated-Hybrid-QLIKE-scale_qlike,validation
2022-06-24,2022-06-27,2.1086071885158946,2.4495460283923145,Calibrated-Hybrid-QLIKE-scale_qlike,validation
2022-06-27,2022-06-28,1.593519408496492,2.3050408933587496,Calibrated-Hybrid-QLIKE-scale_qlike,validation
2022-06-28,2022-06-29,6.739655204912147e-07,2.1622394884903398,Calibrated-Hybrid-QLIKE-scale_qlike,validation
2022-06-29,2022-06-30,2.8779439800812714,2.084371177010379,Calibrated-Hybrid-QLIKE-scale_qlike,validation
2022-06-30,2022-07-01,0.0117704187689308,2.2311040114051903,Calibrated-Hybrid-QLIKE-scale_qlike,validation
2022-07-01,2022-07-04,0.0792348201052211,2.138241903685448,Calibrated-Hybrid-QLIKE-scale_qlike,validation
2022-07-04,2022-07-05,1.4358126528100246,2.116193044881427,Calibrated-Hybrid-QLIKE-scale_qlike,validation
2022-07-05,2022-07-06,7.389865614079536,2.135556657356772,Calibrated-Hybrid-QLIKE-scale_qlike,validation
2022-07-06,2022-07-07,2.1222407761584665,2.5092992098256466,Calibrated-Hybrid-QLIKE-scale_qlike,validation
2022-07-07,2022-07-08,0.1707436242121409,2.4044509554739157,Calibrated-Hybrid-QLIKE-scale_qlike,validation
2022-07-08,2022-07-11,1.896510687995091,2.2958999173444434,Calibrated-Hybrid-QLIKE-scale_qlike,validation
2022-07-11,2022-07-12,2.8101659729648394,2.343773994121975,Calibrated-Hybrid-QLIKE-scale_qlike,validation
2022-07-12,2022-07-13,0.0058732050643028,2.2324447185437015,Calibrated-Hybrid-QLIKE-scale_qlike,validation
2022-07-13,2022-07-14,0.4904420356514064,2.13591380457088,Calibrated-Hybrid-QLIKE-scale_qlike,validation
2022-07-14,2022-07-15,0.0611617161101388,2.0528465486125893,Calibrated-Hybrid-QLIKE-scale_qlike,validation
2022-07-15,2022-07-18,0.0549065100896944,2.0068425130419763,Calibrated-Hybrid-QLIKE-scale_qlike,validation
2022-07-18,2022-07-19,0.0244219525267298,2.00385823894927,Calibrated-Hybrid-QLIKE-scale_qlike,validation
2022-07-19,2022-07-20,1.7763769532234184,1.9935354582050189,Calibrated-Hybrid-QLIKE-scale_qlike,validation
2022-07-20,2022-07-21,0.1310065184317032,1.9353279986736616,Calibrated-Hybrid-QLIKE-scale_qlike,validation
2022-07-21,2022-07-22,0.0961257253308801,1.901151079591416,Calibrated-Hybrid-QLIKE-scale_qlike,validation
2022-07-22,2022-07-25,0.2759737706228845,1.891844558945678,Calibrated-Hybrid-QLIKE-scale_qlike,validation
2022-07-25,2022-07-26,0.0835304358694094,1.8957036904308824,Calibrated-Hybrid-QLIKE-scale_qlike,validation
2022-07-26,2022-07-27,0.2525093111697122,1.8994426232292216,Calibrated-Hybrid-QLIKE-scale_qlike,validation
2022-07-27,2022-07-28,2.02736513860254,1.8540738140877062,Calibrated-Hybrid-QLIKE-scale_qlike,validation
2022-07-28,2022-07-29,0.0219851675662213,1.8214295879318132,Calibrated-Hybrid-QLIKE-scale_qlike,validation
2022-07-29,2022-08-01,4.214166749504341,1.8163084341020497,Calibrated-Hybrid-QLIKE-scale_qlike,validation
2022-08-01,2022-08-02,0.6898714562213188,1.8235754091227292,Calibrated-Hybrid-QLIKE-scale_qlike,validation
2022-08-02,2022-08-03,0.4270040010021521,1.839830205826629,Calibrated-Hybrid-QLIKE-scale_qlike,validation
2022-08-03,2022-08-04,0.1229567831793093,1.8354681814294274,Calibrated-Hybrid-QLIKE-scale_qlike,validation
2022-08-04,2022-08-05,0.0126539977340546,1.8396711756830078,Calibrated-Hybrid-QLIKE-scale_qlike,validation
2022-08-05,2022-08-08,0.1021359274837244,1.8769091376260851,Calibrated-Hybrid-QLIKE-scale_qlike,validation
2022-08-08,2022-08-09,0.0278750471367201,1.8642898083258794,Calibrated-Hybrid-QLIKE-scale_qlike,validation
2022-08-09,2022-08-10,0.0349139608846283,1.8724401989877504,Calibrated-Hybrid-QLIKE-scale_qlike,validation
2022-08-10,2022-08-11,0.1247429178058028,1.8766364232834096,Calibrated-Hybrid-QLIKE-scale_qlike,validation
2022-08-11,2022-08-12,0.6660254086755314,1.8935876315078088,Calibrated-Hybrid-QLIKE-scale_qlike,validation
2022-08-12,2022-08-15,0.8759670360790162,1.8436784798321484,Calibrated-Hybrid-QLIKE-scale_qlike,validation
2022-08-15,2022-08-16,0.0014782571055336,1.8169041903991168,Calibrated-Hybrid-QLIKE-scale_qlike,validation
2022-08-16,2022-08-17,0.0021413807191485,1.8301438011269722,Calibrated-Hybrid-QLIKE-scale_qlike,validation
2022-08-17,2022-08-18,0.0161573789935176,1.8158121834129188,Calibrated-Hybrid-QLIKE-scale_qlike,validation
2022-08-18,2022-08-19,0.124159183844011,1.805874268389736,Calibrated-Hybrid-QLIKE-scale_qlike,validation
2022-08-19,2022-08-22,0.4785997007311449,1.8231527338253457,Calibrated-Hybrid-QLIKE-scale_qlike,validation
2022-08-22,2022-08-23,0.6726558406784502,1.8413613659323202,Calibrated-Hybrid-QLIKE-scale_qlike,validation
2022-08-23,2022-08-24,0.2484394846076955,1.8134068045900045,Calibrated-Hybrid-QLIKE-scale_qlike,validation
2022-08-24,2022-08-25,0.8344386477124279,1.804948700180356,Calibrated-Hybrid-QLIKE-scale_qlike,validation
2022-08-25,2022-08-26,0.2408597797174897,1.7792593923054911,Calibrated-Hybrid-QLIKE-scale_qlike,validation
2022-08-26,2022-08-29,0.8499464536320859,1.8220367126487858,Calibrated-Hybrid-QLIKE-scale_qlike,validation
2022-08-29,2022-08-30,0.4538418356510164,1.9112586267677942,Calibrated-Hybrid-QLIKE-scale_qlike,validation
2022-08-30,2022-08-31,0.0076568491567018,1.849256669689122,Calibrated-Hybrid-QLIKE-scale_qlike,validation
2022-08-31,2022-09-05,0.061049351862573,1.864813138846695,Calibrated-Hybrid-QLIKE-scale_qlike,validation
2022-09-05,2022-09-06,1.532156699315195e-05,1.8413153813124779,Calibrated-Hybrid-QLIKE-scale_qlike,validation
2022-09-06,2022-09-07,7.377847328826583,1.8286959242772172,Calibrated-Hybrid-QLIKE-scale_qlike,validation
2022-09-07,2022-09-08,0.478523332029774,2.081827716592883,Calibrated-Hybrid-QLIKE-scale_qlike,validation
2022-09-08,2022-09-09,1.3041739898741895,2.0674142207085,Calibrated-Hybrid-QLIKE-scale_qlike,validation
2022-09-09,2022-09-12,0.004521626169754,2.0250088648457063,Calibrated-Hybrid-QLIKE-scale_qlike,validation
2022-09-12,2022-09-13,0.0095408682654198,2.043938050398597,Calibrated-Hybrid-QLIKE-scale_qlike,validation
2022-09-13,2022-09-14,0.3758397161006742,2.0037964151825935,Calibrated-Hybrid-QLIKE-scale_qlike,validation
2022-09-14,2022-09-15,0.1547128388602677,1.9623434518907545,Calibrated-Hybrid-QLIKE-scale_qlike,validation
2022-09-15,2022-09-16,0.6392848421140832,1.9532782227641332,Calibrated-Hybrid-QLIKE-scale_qlike,validation
2022-09-16,2022-09-19,6.167092365627429,1.9487414568115315,Calibrated-Hybrid-QLIKE-scale_qlike,validation
2022-09-19,2022-09-20,1.2403443891166936,2.1321066612531085,Calibrated-Hybrid-QLIKE-scale_qlike,validation
2022-09-20,2022-09-21,0.4759099851621189,2.116878726657297,Calibrated-Hybrid-QLIKE-scale_qlike,validation
2022-09-21,2022-09-22,0.1171234903128616,2.1746512483259797,Calibrated-Hybrid-QLIKE-scale_qlike,validation
2022-09-22,2022-09-23,0.8922637492009945,2.0803411360214277,Calibrated-Hybrid-QLIKE-scale_qlike,validation
2022-09-23,2022-09-26,5.922583365191483,2.0492838901903125,Calibrated-Hybrid-QLIKE-scale_qlike,validation
2022-09-26,2022-09-27,0.4452493243663706,2.223019915236925,Calibrated-Hybrid-QLIKE-scale_qlike,validation
2022-09-27,2022-09-28,3.9376181571955216,2.2459902547285635,Calibrated-Hybrid-QLIKE-scale_qlike,validation
2022-09-28,2022-09-29,2.391654578614972,2.3824511469310594,Calibrated-Hybrid-QLIKE-scale_qlike,validation
2022-09-29,2022-09-30,0.2861665228807753,2.4589917802481307,Calibrated-Hybrid-QLIKE-scale_qlike,validation
2022-09-30,2022-10-03,16.955331578512116,2.313194477396999,Calibrated-Hybrid-QLIKE-scale_qlike,validation
2022-10-03,2022-10-04,0.5881297526576773,2.9208012664676426,Calibrated-Hybrid-QLIKE-scale_qlike,validation
2022-10-04,2022-10-05,5.7303230555022,2.707053257285969,Calibrated-Hybrid-QLIKE-scale_qlike,validation
2022-10-05,2022-10-06,7.453651936358921,2.7467768156665744,Calibrated-Hybrid-QLIKE-scale_qlike,validation
2022-10-06,2022-10-07,13.391049366085785,3.1207457146531166,Calibrated-Hybrid-QLIKE-scale_qlike,validation
2022-10-07,2022-10-10,0.3997049579355222,3.16191548932776,Calibrated-Hybrid-QLIKE-scale_qlike,validation
2022-10-10,2022-10-11,12.54691927074426,2.9016647669202955,Calibrated-Hybrid-QLIKE-scale_qlike,validation
2022-10-11,2022-10-12,7.860720182392412,3.400652307342035,Calibrated-Hybrid-QLIKE-scale_qlike,validation
2022-10-12,2022-10-13,2.4070722291092697,3.138883326069446,Calibrated-Hybrid-QLIKE-scale_qlike,validation
2022-10-13,2022-10-14,1.0568030806874944,3.0928445465638403,Calibrated-Hybrid-QLIKE-scale_qlike,validation
2022-10-14,2022-10-17,0.9445652838308308,2.8540740064950145,Calibrated-Hybrid-QLIKE-scale_qlike,validation
2022-10-17,2022-10-18,1.304619909377935,2.9014499165575884,Calibrated-Hybrid-QLIKE-scale_qlike,validation
2022-10-18,2022-10-19,0.1143012847418557,2.6464692870541544,Calibrated-Hybrid-QLIKE-scale_qlike,validation
2022-10-19,2022-10-20,0.0233897216248987,2.670879200616964,Calibrated-Hybrid-QLIKE-scale_qlike,validation
2022-10-20,2022-10-21,13.823102148731785,2.569725810469557,Calibrated-Hybrid-QLIKE-scale_qlike,validation
2022-10-21,2022-10-24,11.27142788246664,2.985916510044689,Calibrated-Hybrid-QLIKE-scale_qlike,validation
2022-10-24,2022-10-25,0.2552819963060921,3.307822644326293,Calibrated-Hybrid-QLIKE-scale_qlike,validation
2022-10-25,2022-10-26,0.2322552175172126,2.8113706447486324,Calibrated-Hybrid-QLIKE-scale_qlike,validation
2022-10-26,2022-10-27,17.476545289293156,2.7920701333905154,Calibrated-Hybrid-QLIKE-scale_qlike,validation
2022-10-27,2022-10-28,0.0040004302898497,2.8295667588202047,Calibrated-Hybrid-QLIKE-scale_qlike,validation
2022-10-28,2022-10-31,0.003185411598369,2.6887919983362867,Calibrated-Hybrid-QLIKE-scale_qlike,validation
2022-10-31,2022-11-01,0.3176638729946111,2.4250398025979463,Calibrated-Hybrid-QLIKE-scale_qlike,validation
2022-11-01,2022-11-02,1.0542708806933592,2.2521394202819107,Calibrated-Hybrid-QLIKE-scale_qlike,validation
2022-11-02,2022-11-03,0.1094857130367321,2.388458271103117,Calibrated-Hybrid-QLIKE-scale_qlike,validation
2022-11-03,2022-11-04,5.049190747098641,2.35800955507458,Calibrated-Hybrid-QLIKE-scale_qlike,validation
2022-11-04,2022-11-07,4.95903292212355,2.4824720380797958,Calibrated-Hybrid-QLIKE-scale_qlike,validation
2022-11-07,2022-11-08,0.4359307936718208,2.6608775458012786,Calibrated-Hybrid-QLIKE-scale_qlike,validation
2022-11-08,2022-11-09,0.1604496978685764,2.4755477762119966,Calibrated-Hybrid-QLIKE-scale_qlike,validation
2022-11-09,2022-11-10,15.751336654060546,2.430497155092778,Calibrated-Hybrid-QLIKE-scale_qlike,validation
2022-11-10,2022-11-11,0.5877644540297541,2.8765936967121983,Calibrated-Hybrid-QLIKE-scale_qlike,validation
2022-11-11,2022-11-14,2.025904181968848,2.5086505712157607,Calibrated-Hybrid-QLIKE-scale_qlike,validation
2022-11-14,2022-11-15,9.894366349346946,2.5495416280001377,Calibrated-Hybrid-QLIKE-scale_qlike,validation
2022-11-15,2022-11-16,11.17558049000805,2.891623514237523,Calibrated-Hybrid-QLIKE-scale_qlike,validation
2022-11-16,2022-11-17,7.602516501605635,2.378195781304881,Calibrated-Hybrid-QLIKE-scale_qlike,validation
2022-11-17,2022-11-18,5.215358122437767e-05,2.422022700596075,Calibrated-Hybrid-QLIKE-scale_qlike,validation
2022-11-18,2022-11-21,0.8090953049399706,2.21138631735706,Calibrated-Hybrid-QLIKE-scale_qlike,validation
2022-11-21,2022-11-22,0.7954965643291928,2.365800627026406,Calibrated-Hybrid-QLIKE-scale_qlike,validation
2022-11-22,2022-11-23,0.4158325821141256,2.162199635153143,Calibrated-Hybrid-QLIKE-scale_qlike,validation
2022-11-23,2022-11-24,0.0326156098281846,2.3391686344447753,Calibrated-Hybrid-QLIKE-scale_qlike,validation
2022-11-24,2022-11-25,6.126390414606435,2.309077832040677,Calibrated-Hybrid-QLIKE-scale_qlike,validation
2022-11-25,2022-11-28,11.99171626886051,2.1904753224240237,Calibrated-Hybrid-QLIKE-scale_qlike,validation
2022-11-28,2022-11-29,6.749510839154126,2.0542995348645494,Calibrated-Hybrid-QLIKE-scale_qlike,validation
2022-11-29,2022-11-30,2.4431488019656613,1.8267673804150557,Calibrated-Hybrid-QLIKE-scale_qlike,validation
2022-11-30,2022-12-01,1.3565007887137526,1.7460288622466094,Calibrated-Hybrid-QLIKE-scale_qlike,validation
2022-12-01,2022-12-02,17.084105039989844,1.7654143174163794,Calibrated-Hybrid-QLIKE-scale_qlike,validation
2022-12-02,2022-12-05,1.5797254157342264,1.8175202565699478,Calibrated-Hybrid-QLIKE-scale_qlike,validation
2022-12-05,2022-12-06,17.637687522394646,1.7327589783106914,Calibrated-Hybrid-QLIKE-scale_qlike,validation
2022-12-06,2022-12-07,0.5388682275570345,2.324827053396423,Calibrated-Hybrid-QLIKE-scale_qlike,validation
2022-12-07,2022-12-08,0.8269714352452323,2.2597332693086356,Calibrated-Hybrid-QLIKE-scale_qlike,validation
2022-12-08,2022-12-09,0.0148277116225318,2.1378497570662383,Calibrated-Hybrid-QLIKE-scale_qlike,validation
2022-12-09,2022-12-12,3.589507425464579,2.1401581849823184,Calibrated-Hybrid-QLIKE-scale_qlike,validation
2022-12-12,2022-12-13,2.1880754664799307,2.1843545140529117,Calibrated-Hybrid-QLIKE-scale_qlike,validation
2022-12-13,2022-12-14,0.0807108309118899,2.0409518602800647,Calibrated-Hybrid-QLIKE-scale_qlike,validation
2022-12-14,2022-12-15,0.2157077020057238,2.06775169672412,Calibrated-Hybrid-QLIKE-scale_qlike,validation
2022-12-15,2022-12-16,0.072617015649584,2.0688891773899396,Calibrated-Hybrid-QLIKE-scale_qlike,validation
2022-12-16,2022-12-19,1.813928705292506,2.0204253478629317,Calibrated-Hybrid-QLIKE-scale_qlike,validation
2022-12-19,2022-12-20,2.1946973166474533,2.085022625791478,Calibrated-Hybrid-QLIKE-scale_qlike,validation
2022-12-20,2022-12-21,0.1732700004356016,2.067301686124942,Calibrated-Hybrid-QLIKE-scale_qlike,validation
2022-12-21,2022-12-22,0.1335316168500294,2.0564098457101423,Calibrated-Hybrid-QLIKE-scale_qlike,validation
2022-12-22,2022-12-23,0.0493851739530653,2.043694076443323,Calibrated-Hybrid-QLIKE-scale_qlike,validation
2022-12-23,2022-12-26,12.275470581243656,2.0694646238132433,Calibrated-Hybrid-QLIKE-scale_qlike,validation
2022-12-26,2022-12-27,3.78693616836278,2.50888918029872,Calibrated-Hybrid-QLIKE-scale_qlike,validation
2022-12-27,2022-12-28,1.2053971949970186,2.31515572143327,Calibrated-Hybrid-QLIKE-scale_qlike,validation
2022-12-28,2022-12-29,0.3958340163318585,2.318091839410197,Calibrated-Hybrid-QLIKE-scale_qlike,validation
2022-12-29,2022-12-30,0.047616879962563,2.4110563906441427,Calibrated-Hybrid-QLIKE-scale_qlike,validation
