date,target_date,actual_var,pred_var,model,split
2023-01-03,2023-01-04,0.0549535930877402,2.348989161345557,Calibrated-LSTM-QLIKE-affine_nonnegative,test
2023-01-04,2023-01-05,0.8117646910153878,2.069439862156644,Calibrated-LSTM-QLIKE-affine_nonnegative,test
2023-01-05,2023-01-06,0.172811729353928,2.023061457613579,Calibrated-LSTM-QLIKE-affine_nonnegative,test
2023-01-06,2023-01-09,0.0692225607636781,1.9531175747618812,Calibrated-LSTM-QLIKE-affine_nonnegative,test
2023-01-09,2023-01-10,0.0066603499297191,2.0135043795538192,Calibrated-LSTM-QLIKE-affine_nonnegative,test
2023-01-10,2023-01-11,0.0522271097766636,1.9816384318393532,Calibrated-LSTM-QLIKE-affine_nonnegative,test
2023-01-11,2023-01-12,0.0035587018238326,1.9188855873285653,Calibrated-LSTM-QLIKE-affine_nonnegative,test
2023-01-12,2023-01-13,0.1275802197397324,1.9039667923738086,Calibrated-LSTM-QLIKE-affine_nonnegative,test
2023-01-13,2023-01-16,0.374758039143315,1.842700388186729,Calibrated-LSTM-QLIKE-affine_nonnegative,test
2023-01-16,2023-01-17,4.022686466488597,1.8090915058720687,Calibrated-LSTM-QLIKE-affine_nonnegative,test
2023-01-17,2023-01-18,0.8349687871773404,1.7732095030229202,Calibrated-LSTM-QLIKE-affine_nonnegative,test
2023-01-18,2023-01-19,0.7891600724610666,1.7719211658670173,Calibrated-LSTM-QLIKE-affine_nonnegative,test
2023-01-19,2023-01-27,0.6572756271765033,1.7569021195110561,Calibrated-LSTM-QLIKE-affine_nonnegative,test
2023-01-27,2023-01-30,1.7140630852404162,1.7546848571376108,Calibrated-LSTM-QLIKE-affine_nonnegative,test
2023-01-30,2023-01-31,0.6050810133388357,1.793105273457946,Calibrated-LSTM-QLIKE-affine_nonnegative,test
2023-01-31,2023-02-01,10.368357126316685,1.7852116754304046,Calibrated-LSTM-QLIKE-affine_nonnegative,test
2023-02-01,2023-02-02,0.0226347776228954,1.9748685293713217,Calibrated-LSTM-QLIKE-affine_nonnegative,test
2023-02-02,2023-02-03,0.0016679215067438,1.938218510136085,Calibrated-LSTM-QLIKE-affine_nonnegative,test
2023-02-03,2023-02-06,1.256067923688864,1.9412836434026945,Calibrated-LSTM-QLIKE-affine_nonnegative,test
2023-02-06,2023-02-07,4.736232587067869,1.9630973884509213,Calibrated-LSTM-QLIKE-affine_nonnegative,test
2023-02-07,2023-02-08,0.3561755878073738,2.0212072066303985,Calibrated-LSTM-QLIKE-affine_nonnegative,test
2023-02-08,2023-02-09,0.5879330834697908,2.039762647826451,Calibrated-LSTM-QLIKE-affine_nonnegative,test
2023-02-09,2023-02-10,0.6787287097613596,2.049371717969281,Calibrated-LSTM-QLIKE-affine_nonnegative,test
2023-02-10,2023-02-13,1.2216869517708149,2.062771544220152,Calibrated-LSTM-QLIKE-affine_nonnegative,test
2023-02-13,2023-02-14,0.2361888824871934,1.9995446385621798,Calibrated-LSTM-QLIKE-affine_nonnegative,test
2023-02-14,2023-02-15,0.8394668425834446,2.0222587798387766,Calibrated-LSTM-QLIKE-affine_nonnegative,test
2023-02-15,2023-02-16,0.9177621933014196,1.9234142310771185,Calibrated-LSTM-QLIKE-affine_nonnegative,test
2023-02-16,2023-02-17,0.0092805250097098,1.8815600709525007,Calibrated-LSTM-QLIKE-affine_nonnegative,test
2023-02-17,2023-02-20,6.512002780573765,1.8779920809234671,Calibrated-LSTM-QLIKE-affine_nonnegative,test
2023-02-20,2023-02-21,0.1691390418565458,1.8645637256834238,Calibrated-LSTM-QLIKE-affine_nonnegative,test
2023-02-21,2023-02-22,6.846416409130559,1.847472461534483,Calibrated-LSTM-QLIKE-affine_nonnegative,test
2023-02-22,2023-02-23,0.0034604047962046,1.9652426617862677,Calibrated-LSTM-QLIKE-affine_nonnegative,test
2023-02-23,2023-02-24,1.8150207850841689,1.9543611187385228,Calibrated-LSTM-QLIKE-affine_nonnegative,test
2023-02-24,2023-02-27,3.1577928002505518,2.038439782594867,Calibrated-LSTM-QLIKE-affine_nonnegative,test
2023-02-27,2023-02-28,0.1124261928232939,2.107644044736616,Calibrated-LSTM-QLIKE-affine_nonnegative,test
2023-02-28,2023-03-01,2.362077222441523,2.11471016876512,Calibrated-LSTM-QLIKE-affine_nonnegative,test
2023-03-01,2023-03-02,0.0800566234507277,2.020829530806447,Calibrated-LSTM-QLIKE-affine_nonnegative,test
2023-03-02,2023-03-03,1.5504718457013609,2.0365183418427946,Calibrated-LSTM-QLIKE-affine_nonnegative,test
2023-03-03,2023-03-06,0.0551773612932756,2.0483938668684383,Calibrated-LSTM-QLIKE-affine_nonnegative,test
2023-03-06,2023-03-07,1.0659420423683896,2.00738171186351,Calibrated-LSTM-QLIKE-affine_nonnegative,test
2023-03-07,2023-03-08,1.180976964777076,1.9134384167790839,Calibrated-LSTM-QLIKE-affine_nonnegative,test
2023-03-08,2023-03-09,0.4136971055728827,1.8599226990476163,Calibrated-LSTM-QLIKE-affine_nonnegative,test
2023-03-09,2023-03-10,0.078265798957639,1.8293068276484337,Calibrated-LSTM-QLIKE-affine_nonnegative,test
2023-03-10,2023-03-13,0.0003608159625681,1.8349655659821056,Calibrated-LSTM-QLIKE-affine_nonnegative,test
2023-03-13,2023-03-14,1.4659340258862177,1.8158704736263795,Calibrated-LSTM-QLIKE-affine_nonnegative,test
2023-03-14,2023-03-15,4.404587524685249,1.8228992700054998,Calibrated-LSTM-QLIKE-affine_nonnegative,test
2023-03-15,2023-03-16,1.966140070411206,1.842859697261781,Calibrated-LSTM-QLIKE-affine_nonnegative,test
2023-03-16,2023-03-17,0.0466583815583474,1.907326680757523,Calibrated-LSTM-QLIKE-affine_nonnegative,test
2023-03-17,2023-03-20,4.542701346022625,1.9212158991544326,Calibrated-LSTM-QLIKE-affine_nonnegative,test
2023-03-20,2023-03-21,0.8241032078763476,2.04707500102786,Calibrated-LSTM-QLIKE-affine_nonnegative,test
2023-03-21,2023-03-22,0.6122377400151076,2.0722387692953212,Calibrated-LSTM-QLIKE-affine_nonnegative,test
2023-03-22,2023-03-23,0.1912107767600162,2.0008387081785237,Calibrated-LSTM-QLIKE-affine_nonnegative,test
2023-03-23,2023-03-24,0.0261069358389794,1.9659736171490383,Calibrated-LSTM-QLIKE-affine_nonnegative,test
2023-03-24,2023-03-27,0.2706486133246383,1.9150265749473652,Calibrated-LSTM-QLIKE-affine_nonnegative,test
2023-03-27,2023-03-28,0.0375129464792075,1.8559582360569047,Calibrated-LSTM-QLIKE-affine_nonnegative,test
2023-03-28,2023-03-29,0.0373680554186715,1.8339462545278389,Calibrated-LSTM-QLIKE-affine_nonnegative,test
2023-03-29,2023-03-30,0.0864260143113033,1.808120720362002,Calibrated-LSTM-QLIKE-affine_nonnegative,test
2023-03-30,2023-03-31,0.2397323675517269,1.7782263391002107,Calibrated-LSTM-QLIKE-affine_nonnegative,test
2023-03-31,2023-04-03,1.8652562093058924,1.7500856907943274,Calibrated-LSTM-QLIKE-affine_nonnegative,test
2023-04-03,2023-04-04,0.0059186412860023,1.7350855748891256,Calibrated-LSTM-QLIKE-affine_nonnegative,test
2023-04-04,2023-04-05,0.0498269661847383,1.7620036093646294,Calibrated-LSTM-QLIKE-affine_nonnegative,test
2023-04-05,2023-04-06,0.8553042836437406,1.7614828886557143,Calibrated-LSTM-QLIKE-affine_nonnegative,test
2023-04-06,2023-04-07,0.0125702355791553,1.8186199216296226,Calibrated-LSTM-QLIKE-affine_nonnegative,test
2023-04-07,2023-04-10,0.1668068990512428,1.7766963054145424,Calibrated-LSTM-QLIKE-affine_nonnegative,test
2023-04-10,2023-04-11,0.1482607699784405,1.783853482244939,Calibrated-LSTM-QLIKE-affine_nonnegative,test
2023-04-11,2023-04-12,8.743291732272662e-07,1.761554344441679,Calibrated-LSTM-QLIKE-affine_nonnegative,test
2023-04-12,2023-04-13,0.2330177840007939,1.762973594996495,Calibrated-LSTM-QLIKE-affine_nonnegative,test
2023-04-13,2023-04-14,1.1617696349612645,1.755112125410031,Calibrated-LSTM-QLIKE-affine_nonnegative,test
2023-04-14,2023-04-17,0.0076283447272982,1.7686004715151566,Calibrated-LSTM-QLIKE-affine_nonnegative,test
2023-04-17,2023-04-18,0.0131688449679895,1.766198837216358,Calibrated-LSTM-QLIKE-affine_nonnegative,test
2023-04-18,2023-04-19,0.3296437026732272,1.7342579675770555,Calibrated-LSTM-QLIKE-affine_nonnegative,test
2023-04-19,2023-04-20,0.0006623405434785,1.7045284945377237,Calibrated-LSTM-QLIKE-affine_nonnegative,test
2023-04-20,2023-04-21,0.3673257523211698,1.6840946726994255,Calibrated-LSTM-QLIKE-affine_nonnegative,test
2023-04-21,2023-04-24,0.0221215519921837,1.6497207068854145,Calibrated-LSTM-QLIKE-affine_nonnegative,test
2023-04-24,2023-04-25,0.3932622485353985,1.6285042042273417,Calibrated-LSTM-QLIKE-affine_nonnegative,test
2023-04-25,2023-04-26,0.328691182889417,1.591922974517399,Calibrated-LSTM-QLIKE-affine_nonnegative,test
2023-04-26,2023-04-27,0.0126510214171176,1.5573350412845943,Calibrated-LSTM-QLIKE-affine_nonnegative,test
2023-04-27,2023-04-28,0.8257060505705139,1.5571722660706708,Calibrated-LSTM-QLIKE-affine_nonnegative,test
2023-04-28,2023-05-04,0.663351259487948,1.5324752267335506,Calibrated-LSTM-QLIKE-affine_nonnegative,test
2023-05-04,2023-05-05,0.0008313650023289,1.5518461437556224,Calibrated-LSTM-QLIKE-affine_nonnegative,test
2023-05-05,2023-05-08,1.5730813455266768,1.5509248173809902,Calibrated-LSTM-QLIKE-affine_nonnegative,test
2023-05-08,2023-05-09,0.0009810073041391,1.5308686713666442,Calibrated-LSTM-QLIKE-affine_nonnegative,test
2023-05-09,2023-05-10,0.1807814295588449,1.5492848004426711,Calibrated-LSTM-QLIKE-affine_nonnegative,test
2023-05-10,2023-05-11,0.0116169732719969,1.5603953752819977,Calibrated-LSTM-QLIKE-affine_nonnegative,test
2023-05-11,2023-05-12,0.8480601097426534,1.5802847466914147,Calibrated-LSTM-QLIKE-affine_nonnegative,test
2023-05-12,2023-05-15,0.0124546383596074,1.564407031086574,Calibrated-LSTM-QLIKE-affine_nonnegative,test
2023-05-15,2023-05-16,0.0003521278803455,1.6097962529209469,Calibrated-LSTM-QLIKE-affine_nonnegative,test
2023-05-16,2023-05-17,0.2647079940558091,1.604744355515842,Calibrated-LSTM-QLIKE-affine_nonnegative,test
2023-05-17,2023-05-18,0.5467189046851431,1.6138167073857357,Calibrated-LSTM-QLIKE-affine_nonnegative,test
2023-05-18,2023-05-19,0.0134881726921275,1.5861015942828371,Calibrated-LSTM-QLIKE-affine_nonnegative,test
2023-05-19,2023-05-22,0.1115577260954784,1.6220393219799958,Calibrated-LSTM-QLIKE-affine_nonnegative,test
2023-05-22,2023-05-23,0.2010623455676166,1.6072957003512793,Calibrated-LSTM-QLIKE-affine_nonnegative,test
2023-05-23,2023-05-24,0.1456521231551851,1.6260368466030193,Calibrated-LSTM-QLIKE-affine_nonnegative,test
2023-05-24,2023-05-25,0.0713508401309495,1.6430539887053253,Calibrated-LSTM-QLIKE-affine_nonnegative,test
2023-05-25,2023-05-26,0.006683379548905,1.6429561369387238,Calibrated-LSTM-QLIKE-affine_nonnegative,test
2023-05-26,2023-05-29,1.1008741895280585,1.6463965463946824,Calibrated-LSTM-QLIKE-affine_nonnegative,test
2023-05-29,2023-05-30,0.0813274524532,1.6252602981827862,Calibrated-LSTM-QLIKE-affine_nonnegative,test
2023-05-30,2023-05-31,0.0715597269351419,1.658282869776041,Calibrated-LSTM-QLIKE-affine_nonnegative,test
2023-05-31,2023-06-01,0.0894248931377806,1.6870336918363287,Calibrated-LSTM-QLIKE-affine_nonnegative,test
2023-06-01,2023-06-02,1.3176407801372392,1.6706431209915504,Calibrated-LSTM-QLIKE-affine_nonnegative,test
2023-06-02,2023-06-05,0.4068339428608296,1.7148373247934823,Calibrated-LSTM-QLIKE-affine_nonnegative,test
2023-06-05,2023-06-06,0.9043890866960916,1.719629395096264,Calibrated-LSTM-QLIKE-affine_nonnegative,test
2023-06-06,2023-06-07,0.0123028566285396,1.6959260711109754,Calibrated-LSTM-QLIKE-affine_nonnegative,test
2023-06-07,2023-06-08,0.5529490855904797,1.7658911507350021,Calibrated-LSTM-QLIKE-affine_nonnegative,test
2023-06-08,2023-06-09,0.3161644467066298,1.8611190502103925,Calibrated-LSTM-QLIKE-affine_nonnegative,test
2023-06-09,2023-06-12,0.5831574033164091,1.7532713390432362,Calibrated-LSTM-QLIKE-affine_nonnegative,test
2023-06-12,2023-06-13,0.3310759893352936,1.7251402892757666,Calibrated-LSTM-QLIKE-affine_nonnegative,test
2023-06-13,2023-06-14,0.2025223817587841,1.770081312691457,Calibrated-LSTM-QLIKE-affine_nonnegative,test
2023-06-14,2023-06-15,0.0016224341258812,1.7844635226863104,Calibrated-LSTM-QLIKE-affine_nonnegative,test
2023-06-15,2023-06-16,0.024585211583996,1.7478728277509885,Calibrated-LSTM-QLIKE-affine_nonnegative,test
2023-06-16,2023-06-19,0.7822402072538185,1.8858456850409535,Calibrated-LSTM-QLIKE-affine_nonnegative,test
2023-06-19,2023-06-20,0.3250259985876756,1.7806302397205789,Calibrated-LSTM-QLIKE-affine_nonnegative,test
2023-06-20,2023-06-21,0.3653445181035127,1.7441241985615399,Calibrated-LSTM-QLIKE-affine_nonnegative,test
2023-06-21,2023-06-22,0.3717252672960691,1.7805683824730272,Calibrated-LSTM-QLIKE-affine_nonnegative,test
2023-06-22,2023-06-23,0.1309819466607628,1.7979290722627046,Calibrated-LSTM-QLIKE-affine_nonnegative,test
2023-06-23,2023-06-26,0.0549279663710728,1.8253536962655708,Calibrated-LSTM-QLIKE-affine_nonnegative,test
2023-06-26,2023-06-27,0.0411962958640958,1.8677744367826334,Calibrated-LSTM-QLIKE-affine_nonnegative,test
2023-06-27,2023-06-28,0.1251516048900254,1.7536140868524068,Calibrated-LSTM-QLIKE-affine_nonnegative,test
2023-06-28,2023-06-29,1.3110715533307906,1.7854592377336445,Calibrated-LSTM-QLIKE-affine_nonnegative,test
2023-06-29,2023-06-30,0.2153197174085333,1.84132499761994,Calibrated-LSTM-QLIKE-affine_nonnegative,test
2023-06-30,2023-07-03,0.2244859363593752,1.7727455736662827,Calibrated-LSTM-QLIKE-affine_nonnegative,test
2023-07-03,2023-07-04,0.331614557206894,1.7681376086627876,Calibrated-LSTM-QLIKE-affine_nonnegative,test
2023-07-04,2023-07-05,0.0534448088033697,1.7431999393001703,Calibrated-LSTM-QLIKE-affine_nonnegative,test
2023-07-05,2023-07-06,0.5521828368120864,1.8009938055902137,Calibrated-LSTM-QLIKE-affine_nonnegative,test
2023-07-06,2023-07-07,1.0955709924740076,1.856809706401974,Calibrated-LSTM-QLIKE-affine_nonnegative,test
2023-07-07,2023-07-10,0.9169134777331625,1.7782807308178852,Calibrated-LSTM-QLIKE-affine_nonnegative,test
2023-07-10,2023-07-11,0.057144157007868,1.8244379690383468,Calibrated-LSTM-QLIKE-affine_nonnegative,test
2023-07-11,2023-07-12,0.0444186703613796,1.8628835815220164,Calibrated-LSTM-QLIKE-affine_nonnegative,test
2023-07-12,2023-07-13,0.9358770339385756,1.8123599415147913,Calibrated-LSTM-QLIKE-affine_nonnegative,test
2023-07-13,2023-07-14,0.0652166185346891,1.7976897753675425,Calibrated-LSTM-QLIKE-affine_nonnegative,test
2023-07-14,2023-07-17,0.1632239943294482,1.9024546226346317,Calibrated-LSTM-QLIKE-affine_nonnegative,test
2023-07-17,2023-07-18,0.0066910598075562,1.8462750438674385,Calibrated-LSTM-QLIKE-affine_nonnegative,test
2023-07-18,2023-07-19,0.0089465157105592,1.8194543279064017,Calibrated-LSTM-QLIKE-affine_nonnegative,test
2023-07-19,2023-07-20,0.0002100775164203,1.837694750404254,Calibrated-LSTM-QLIKE-affine_nonnegative,test
2023-07-20,2023-07-21,1.2319670859049314,1.8184196854532806,Calibrated-LSTM-QLIKE-affine_nonnegative,test
2023-07-21,2023-07-24,0.164526463877313,1.8474671290131426,Calibrated-LSTM-QLIKE-affine_nonnegative,test
2023-07-24,2023-07-25,0.1884318549081098,1.8913464474299087,Calibrated-LSTM-QLIKE-affine_nonnegative,test
2023-07-25,2023-07-26,0.1699312574616927,1.870238994833252,Calibrated-LSTM-QLIKE-affine_nonnegative,test
2023-07-26,2023-07-27,0.0856869950327944,1.83886417233426,Calibrated-LSTM-QLIKE-affine_nonnegative,test
2023-07-27,2023-07-28,0.7393945741890614,1.9419538080221816,Calibrated-LSTM-QLIKE-affine_nonnegative,test
2023-07-28,2023-07-31,1.5705613280253743,1.9155704921241123,Calibrated-LSTM-QLIKE-affine_nonnegative,test
2023-07-31,2023-08-01,0.191513989792846,1.9471778125535566,Calibrated-LSTM-QLIKE-affine_nonnegative,test
2023-08-01,2023-08-02,0.0554319741987418,2.02198215529423,Calibrated-LSTM-QLIKE-affine_nonnegative,test
2023-08-02,2023-08-03,0.6081005379926719,1.8834700467836907,Calibrated-LSTM-QLIKE-affine_nonnegative,test
2023-08-03,2023-08-04,1.5216082607669985,1.9522634381561415,Calibrated-LSTM-QLIKE-affine_nonnegative,test
2023-08-04,2023-08-07,1.5663427455149326,1.9588440361165795,Calibrated-LSTM-QLIKE-affine_nonnegative,test
2023-08-07,2023-08-08,0.0042545072808971,1.9657272546631,Calibrated-LSTM-QLIKE-affine_nonnegative,test
2023-08-08,2023-08-09,0.4429341513499315,1.9907205155606935,Calibrated-LSTM-QLIKE-affine_nonnegative,test
2023-08-09,2023-08-10,1.18855521360565,1.9602080950755196,Calibrated-LSTM-QLIKE-affine_nonnegative,test
2023-08-10,2023-08-11,0.8946457187409982,1.9651992017373414,Calibrated-LSTM-QLIKE-affine_nonnegative,test
2023-08-11,2023-08-14,0.1406576061529025,1.955349901508114,Calibrated-LSTM-QLIKE-affine_nonnegative,test
2023-08-14,2023-08-15,0.0509990332423939,1.9957946762423961,Calibrated-LSTM-QLIKE-affine_nonnegative,test
2023-08-15,2023-08-16,0.5528693854620391,1.9353729434356766,Calibrated-LSTM-QLIKE-affine_nonnegative,test
2023-08-16,2023-08-17,0.6237080926504832,1.9273309680018313,Calibrated-LSTM-QLIKE-affine_nonnegative,test
2023-08-17,2023-08-18,21.187467781738864,2.0333261612552436,Calibrated-LSTM-QLIKE-affine_nonnegative,test
2023-08-18,2023-08-21,0.0225429724444894,2.2715561522100067,Calibrated-LSTM-QLIKE-affine_nonnegative,test
2023-08-21,2023-08-22,0.0038263943505654,2.0776496786996863,Calibrated-LSTM-QLIKE-affine_nonnegative,test
2023-08-22,2023-08-23,0.4543048185096983,2.06131643245932,Calibrated-LSTM-QLIKE-affine_nonnegative,test
2023-08-23,2023-08-24,2.030960720400387,1.9798275075920657,Calibrated-LSTM-QLIKE-affine_nonnegative,test
2023-08-24,2023-08-25,0.2574822009117362,2.0053401560682396,Calibrated-LSTM-QLIKE-affine_nonnegative,test
2023-08-25,2023-08-28,2.3677711449578327,2.0235781789314884,Calibrated-LSTM-QLIKE-affine_nonnegative,test
2023-08-28,2023-08-29,0.0507403600472885,1.9748217364965577,Calibrated-LSTM-QLIKE-affine_nonnegative,test
2023-08-29,2023-08-30,0.521587233427783,2.052511373221627,Calibrated-LSTM-QLIKE-affine_nonnegative,test
2023-08-30,2023-08-31,0.798611626583033,2.019697969777959,Calibrated-LSTM-QLIKE-affine_nonnegative,test
2023-08-31,2023-09-05,0.790275250555677,2.0175802922405506,Calibrated-LSTM-QLIKE-affine_nonnegative,test
2023-09-05,2023-09-06,0.7194907575034776,2.0014552809585373,Calibrated-LSTM-QLIKE-affine_nonnegative,test
2023-09-06,2023-09-07,0.0359716287929884,2.0196133160016765,Calibrated-LSTM-QLIKE-affine_nonnegative,test
2023-09-07,2023-09-08,0.0178548556372743,2.050408360117905,Calibrated-LSTM-QLIKE-affine_nonnegative,test
2023-09-08,2023-09-11,2.097389099277001,2.0166653648915274,Calibrated-LSTM-QLIKE-affine_nonnegative,test
2023-09-11,2023-09-12,3.1212396050656377,2.1036273230367653,Calibrated-LSTM-QLIKE-affine_nonnegative,test
2023-09-12,2023-09-13,0.3222528903899724,1.949412672247426,Calibrated-LSTM-QLIKE-affine_nonnegative,test
2023-09-13,2023-09-14,1.4026151894519558,2.0735375048678386,Calibrated-LSTM-QLIKE-affine_nonnegative,test
2023-09-14,2023-09-15,0.0839016379792105,2.0564441077103615,Calibrated-LSTM-QLIKE-affine_nonnegative,test
2023-09-15,2023-09-18,1.6257299462595711,1.9861981375247155,Calibrated-LSTM-QLIKE-affine_nonnegative,test
2023-09-18,2023-09-19,0.000654584074098,1.9570552418328562,Calibrated-LSTM-QLIKE-affine_nonnegative,test
2023-09-19,2023-09-20,1.4369523878233037,2.0022723565409595,Calibrated-LSTM-QLIKE-affine_nonnegative,test
2023-09-20,2023-09-21,1.2021573804780938,1.923515815608658,Calibrated-LSTM-QLIKE-affine_nonnegative,test
2023-09-21,2023-09-22,2.67951003310709,2.0117346490338885,Calibrated-LSTM-QLIKE-affine_nonnegative,test
2023-09-22,2023-09-25,11.541216926620844,2.1368687946310545,Calibrated-LSTM-QLIKE-affine_nonnegative,test
2023-09-25,2023-09-26,1.7698314100181254,2.2120777424284497,Calibrated-LSTM-QLIKE-affine_nonnegative,test
2023-09-26,2023-09-27,1.922934467977144,2.1274730253418492,Calibrated-LSTM-QLIKE-affine_nonnegative,test
2023-09-27,2023-09-28,0.0151639632836694,2.012770757930378,Calibrated-LSTM-QLIKE-affine_nonnegative,test
2023-09-28,2023-09-29,0.02224231577349,1.9890283732262695,Calibrated-LSTM-QLIKE-affine_nonnegative,test
2023-09-29,2023-10-02,0.0090750098350391,1.9804431471808448,Calibrated-LSTM-QLIKE-affine_nonnegative,test
2023-10-02,2023-10-03,10.683716279206385,1.9946463177716856,Calibrated-LSTM-QLIKE-affine_nonnegative,test
2023-10-03,2023-10-04,0.8853176884286172,2.2123768968756607,Calibrated-LSTM-QLIKE-affine_nonnegative,test
2023-10-04,2023-10-05,1.7375339257639013,2.089528803177235,Calibrated-LSTM-QLIKE-affine_nonnegative,test
2023-10-05,2023-10-06,1.7072998751511268,2.1198668502145694,Calibrated-LSTM-QLIKE-affine_nonnegative,test
2023-10-06,2023-10-09,0.6060662073826656,2.0855672730732606,Calibrated-LSTM-QLIKE-affine_nonnegative,test
2023-10-09,2023-10-10,0.3080349756366544,2.0497579258273784,Calibrated-LSTM-QLIKE-affine_nonnegative,test
2023-10-10,2023-10-11,0.3851648462229108,2.0006979296151304,Calibrated-LSTM-QLIKE-affine_nonnegative,test
2023-10-11,2023-10-12,0.0048291522978458,1.979767116787883,Calibrated-LSTM-QLIKE-affine_nonnegative,test
2023-10-12,2023-10-13,0.0732020168306359,1.9644963754246427,Calibrated-LSTM-QLIKE-affine_nonnegative,test
2023-10-13,2023-10-16,1.3440806213781142,1.9347747678542886,Calibrated-LSTM-QLIKE-affine_nonnegative,test
2023-10-16,2023-10-17,3.052807721519015,1.9381750500871584,Calibrated-LSTM-QLIKE-affine_nonnegative,test
2023-10-17,2023-10-18,2.691074109609036,2.012210443250509,Calibrated-LSTM-QLIKE-affine_nonnegative,test
2023-10-18,2023-10-19,2.014426845995019,2.0792370369897664,Calibrated-LSTM-QLIKE-affine_nonnegative,test
2023-10-19,2023-10-20,3.37838828040453,2.0205861012072455,Calibrated-LSTM-QLIKE-affine_nonnegative,test
2023-10-20,2023-10-23,1.7351918672263549,2.007822578065349,Calibrated-LSTM-QLIKE-affine_nonnegative,test
2023-10-23,2023-10-24,1.2652847100550173,2.0682479103239735,Calibrated-LSTM-QLIKE-affine_nonnegative,test
2023-10-24,2023-10-25,0.1475596920145903,2.069020859292302,Calibrated-LSTM-QLIKE-affine_nonnegative,test
2023-10-25,2023-10-26,18.362010800338208,2.0371081187030713,Calibrated-LSTM-QLIKE-affine_nonnegative,test
2023-10-26,2023-10-27,0.2387716417217482,2.314846093705597,Calibrated-LSTM-QLIKE-affine_nonnegative,test
2023-10-27,2023-10-30,3.0025597858118136,2.184249046620995,Calibrated-LSTM-QLIKE-affine_nonnegative,test
2023-10-30,2023-10-31,1.8839681619493045,2.2977125693250313,Calibrated-LSTM-QLIKE-affine_nonnegative,test
2023-10-31,2023-11-01,1.230715501580414,2.237967000224307,Calibrated-LSTM-QLIKE-affine_nonnegative,test
2023-11-01,2023-11-02,11.467731176476716,2.1706563164106263,Calibrated-LSTM-QLIKE-affine_nonnegative,test
2023-11-02,2023-11-03,0.0148189440021049,2.2204448683510414,Calibrated-LSTM-QLIKE-affine_nonnegative,test
2023-11-03,2023-11-06,1.4138672012584073,2.091606086865488,Calibrated-LSTM-QLIKE-affine_nonnegative,test
2023-11-06,2023-11-07,0.7458390495009208,2.0531502092782374,Calibrated-LSTM-QLIKE-affine_nonnegative,test
2023-11-07,2023-11-08,9.129956144189087,2.063329992517552,Calibrated-LSTM-QLIKE-affine_nonnegative,test
2023-11-08,2023-11-09,0.0017061233763225,2.130719864273143,Calibrated-LSTM-QLIKE-affine_nonnegative,test
2023-11-09,2023-11-10,1.2148681903111338,2.104880198925753,Calibrated-LSTM-QLIKE-affine_nonnegative,test
2023-11-10,2023-11-13,0.0213882813414155,2.0759471379486483,Calibrated-LSTM-QLIKE-affine_nonnegative,test
2023-11-13,2023-11-14,0.7643879612116624,1.9952116983468287,Calibrated-LSTM-QLIKE-affine_nonnegative,test
2023-11-14,2023-11-15,1.309101680363533,1.9780868393134419,Calibrated-LSTM-QLIKE-affine_nonnegative,test
2023-11-15,2023-11-16,0.0726677258555493,2.0087754996289244,Calibrated-LSTM-QLIKE-affine_nonnegative,test
2023-11-16,2023-11-17,4.779742663796966,1.9708164797175898,Calibrated-LSTM-QLIKE-affine_nonnegative,test
2023-11-17,2023-11-20,0.0501991268589152,2.0607671827612326,Calibrated-LSTM-QLIKE-affine_nonnegative,test
2023-11-20,2023-11-21,0.3772925570702379,1.9702412339779665,Calibrated-LSTM-QLIKE-affine_nonnegative,test
2023-11-21,2023-11-22,0.0912767762573235,1.9484405536070242,Calibrated-LSTM-QLIKE-affine_nonnegative,test
2023-11-22,2023-11-23,5.291901747240125,1.949750354161323,Calibrated-LSTM-QLIKE-affine_nonnegative,test
2023-11-23,2023-11-24,0.4250871900618609,2.029227185413714,Calibrated-LSTM-QLIKE-affine_nonnegative,test
2023-11-24,2023-11-27,0.4781711175817431,1.9927614047907967,Calibrated-LSTM-QLIKE-affine_nonnegative,test
2023-11-27,2023-11-28,0.4557176520002135,1.9560985875043422,Calibrated-LSTM-QLIKE-affine_nonnegative,test
2023-11-28,2023-11-29,0.4496265629344425,1.9360960333294697,Calibrated-LSTM-QLIKE-affine_nonnegative,test
2023-11-29,2023-11-30,0.6229744807299576,1.9212861551230958,Calibrated-LSTM-QLIKE-affine_nonnegative,test
2023-11-30,2023-12-01,0.5347066481770756,1.9181798281291296,Calibrated-LSTM-QLIKE-affine_nonnegative,test
2023-12-01,2023-12-04,2.720585966130201,1.9023327745219976,Calibrated-LSTM-QLIKE-affine_nonnegative,test
2023-12-04,2023-12-05,0.163386350982878,1.981213296575469,Calibrated-LSTM-QLIKE-affine_nonnegative,test
2023-12-05,2023-12-06,0.8703691532467039,1.9346433212032412,Calibrated-LSTM-QLIKE-affine_nonnegative,test
2023-12-06,2023-12-07,0.193176184914791,1.9038913371968382,Calibrated-LSTM-QLIKE-affine_nonnegative,test
2023-12-07,2023-12-08,0.0690100099875838,2.063265602322364,Calibrated-LSTM-QLIKE-affine_nonnegative,test
2023-12-08,2023-12-11,0.0088783019772855,1.9021582677611246,Calibrated-LSTM-QLIKE-affine_nonnegative,test
2023-12-11,2023-12-12,0.0357476055077411,1.874228120735164,Calibrated-LSTM-QLIKE-affine_nonnegative,test
2023-12-12,2023-12-13,1.4355458045904153,1.8454499695030053,Calibrated-LSTM-QLIKE-affine_nonnegative,test
2023-12-13,2023-12-14,0.1339218193100039,1.8854448127491696,Calibrated-LSTM-QLIKE-affine_nonnegative,test
2023-12-14,2023-12-15,0.501011926570286,1.8586599579941485,Calibrated-LSTM-QLIKE-affine_nonnegative,test
2023-12-15,2023-12-18,0.9021057574713134,1.8479374573953884,Calibrated-LSTM-QLIKE-affine_nonnegative,test
2023-12-18,2023-12-19,0.163207316046184,1.8501525867602973,Calibrated-LSTM-QLIKE-affine_nonnegative,test
2023-12-19,2023-12-20,0.1648341022859622,1.841600422347185,Calibrated-LSTM-QLIKE-affine_nonnegative,test
2023-12-20,2023-12-21,0.0229820728280408,1.8189806666983177,Calibrated-LSTM-QLIKE-affine_nonnegative,test
2023-12-21,2023-12-22,0.003263855536434,1.806299531011134,Calibrated-LSTM-QLIKE-affine_nonnegative,test
2023-12-22,2023-12-25,1.728982548756669,1.7987641451046514,Calibrated-LSTM-QLIKE-affine_nonnegative,test
2023-12-25,2023-12-26,0.1679675706187517,1.7527464856302817,Calibrated-LSTM-QLIKE-affine_nonnegative,test
2023-12-26,2023-12-27,0.0005368687109465,1.7778805250912688,Calibrated-LSTM-QLIKE-affine_nonnegative,test
2023-12-27,2023-12-28,0.3802432948523992,1.7971810528316439,Calibrated-LSTM-QLIKE-affine_nonnegative,test
2023-12-28,2023-12-29,0.0078393746118935,1.7677872620107062,Calibrated-LSTM-QLIKE-affine_nonnegative,test
2023-12-29,2024-01-02,0.0250562134986935,1.7858841063714614,Calibrated-LSTM-QLIKE-affine_nonnegative,test
2024-01-02,2024-01-03,1.197029417048885,1.8229959219547995,Calibrated-LSTM-QLIKE-affine_nonnegative,test
2024-01-03,2024-01-04,0.3258526092006003,1.7366954630818698,Calibrated-LSTM-QLIKE-affine_nonnegative,test
2024-01-04,2024-01-05,0.1180208232703248,1.958146142386121,Calibrated-LSTM-QLIKE-affine_nonnegative,test
2024-01-05,2024-01-08,0.2266269824272246,1.8179770861820062,Calibrated-LSTM-QLIKE-affine_nonnegative,test
2024-01-08,2024-01-09,0.0190450011331964,1.8310216331985554,Calibrated-LSTM-QLIKE-affine_nonnegative,test
2024-01-09,2024-01-10,0.0646665738710911,1.8436535763763715,Calibrated-LSTM-QLIKE-affine_nonnegative,test
2024-01-10,2024-01-11,0.0034252738431133,1.8907732013857879,Calibrated-LSTM-QLIKE-affine_nonnegative,test
2024-01-11,2024-01-12,0.4213826457560849,1.8300837760077675,Calibrated-LSTM-QLIKE-affine_nonnegative,test
2024-01-12,2024-01-15,0.0025242702278622,1.9439800328185977,Calibrated-LSTM-QLIKE-affine_nonnegative,test
2024-01-15,2024-01-16,0.6034028324453893,1.7832917011217007,Calibrated-LSTM-QLIKE-affine_nonnegative,test
2024-01-16,2024-01-17,0.0025743958188708,1.7403761026242253,Calibrated-LSTM-QLIKE-affine_nonnegative,test
2024-01-17,2024-01-18,0.3137503773939618,1.8065386945932627,Calibrated-LSTM-QLIKE-affine_nonnegative,test
2024-01-18,2024-01-19,1.120382144309341,1.7365444194148958,Calibrated-LSTM-QLIKE-affine_nonnegative,test
2024-01-19,2024-01-22,0.0132345962603059,1.7388126073671444,Calibrated-LSTM-QLIKE-affine_nonnegative,test
2024-01-22,2024-01-23,0.2062692888507807,1.8300020551182217,Calibrated-LSTM-QLIKE-affine_nonnegative,test
2024-01-23,2024-01-24,0.1485757892019817,1.7677191390505798,Calibrated-LSTM-QLIKE-affine_nonnegative,test
2024-01-24,2024-01-25,0.0492420848338565,1.7933088424601256,Calibrated-LSTM-QLIKE-affine_nonnegative,test
2024-01-25,2024-01-26,0.2041467089523473,1.773617840844581,Calibrated-LSTM-QLIKE-affine_nonnegative,test
2024-01-26,2024-01-29,2.893888078905973e-06,1.743950091739767,Calibrated-LSTM-QLIKE-affine_nonnegative,test
2024-01-29,2024-01-30,0.1130691080782245,1.7533517268024468,Calibrated-LSTM-QLIKE-affine_nonnegative,test
2024-01-30,2024-01-31,1.7132578057426455,1.7246979566305587,Calibrated-LSTM-QLIKE-affine_nonnegative,test
2024-01-31,2024-02-01,0.5554695483427156,1.9452113119961558,Calibrated-LSTM-QLIKE-affine_nonnegative,test
2024-02-01,2024-02-02,0.0016060494837953,1.7684495611612159,Calibrated-LSTM-QLIKE-affine_nonnegative,test
2024-02-02,2024-02-05,1.312405125307974,1.8779790162461825,Calibrated-LSTM-QLIKE-affine_nonnegative,test
2024-02-05,2024-02-06,0.041546270496195,1.8365187961356055,Calibrated-LSTM-QLIKE-affine_nonnegative,test
2024-02-06,2024-02-07,0.7090694435364681,1.788059375139349,Calibrated-LSTM-QLIKE-affine_nonnegative,test
2024-02-07,2024-02-15,0.10935700902328,1.790090399204972,Calibrated-LSTM-QLIKE-affine_nonnegative,test
2024-02-15,2024-02-16,0.3563698361907522,1.8827928165734271,Calibrated-LSTM-QLIKE-affine_nonnegative,test
2024-02-16,2024-02-19,1.5735090531706803,1.850188847905414,Calibrated-LSTM-QLIKE-affine_nonnegative,test
2024-02-19,2024-02-20,0.1719424828204338,1.9251414347393574,Calibrated-LSTM-QLIKE-affine_nonnegative,test
2024-02-20,2024-02-21,2.643713937948573e-06,1.903597781897035,Calibrated-LSTM-QLIKE-affine_nonnegative,test
2024-02-21,2024-02-22,0.0493686905262693,1.9388777430868238,Calibrated-LSTM-QLIKE-affine_nonnegative,test
2024-02-22,2024-02-23,1.5757517057356472,1.8843704430120607,Calibrated-LSTM-QLIKE-affine_nonnegative,test
2024-02-23,2024-02-26,0.9982359162312492,2.093031603132879,Calibrated-LSTM-QLIKE-affine_nonnegative,test
2024-02-26,2024-02-27,1.16593097532243,1.917191711924706,Calibrated-LSTM-QLIKE-affine_nonnegative,test
2024-02-27,2024-02-28,1.8813005066335944,1.9418195617974308,Calibrated-LSTM-QLIKE-affine_nonnegative,test
2024-02-28,2024-02-29,0.0210764395400896,1.9279584724505932,Calibrated-LSTM-QLIKE-affine_nonnegative,test
2024-02-29,2024-03-01,0.1954116660389362,2.026340691612016,Calibrated-LSTM-QLIKE-affine_nonnegative,test
2024-03-01,2024-03-04,0.0617241173730905,1.975466171700576,Calibrated-LSTM-QLIKE-affine_nonnegative,test
2024-03-04,2024-03-05,0.458465682898879,2.0550367220155286,Calibrated-LSTM-QLIKE-affine_nonnegative,test
2024-03-05,2024-03-06,0.3277686759141466,1.989299798562509,Calibrated-LSTM-QLIKE-affine_nonnegative,test
2024-03-06,2024-03-07,0.2049845962757557,2.025853965726647,Calibrated-LSTM-QLIKE-affine_nonnegative,test
2024-03-07,2024-03-08,2.816444292658484,2.0135777017222534,Calibrated-LSTM-QLIKE-affine_nonnegative,test
2024-03-08,2024-03-11,0.912721979122844,2.14221451396203,Calibrated-LSTM-QLIKE-affine_nonnegative,test
2024-03-11,2024-03-12,0.5879634369893775,2.0263868179216127,Calibrated-LSTM-QLIKE-affine_nonnegative,test
2024-03-12,2024-03-13,4.113946023612082,1.9571165658282736,Calibrated-LSTM-QLIKE-affine_nonnegative,test
2024-03-13,2024-03-14,0.2431894157728003,1.9770415318176395,Calibrated-LSTM-QLIKE-affine_nonnegative,test
2024-03-14,2024-03-15,0.0014420309906953,2.07227929645751,Calibrated-LSTM-QLIKE-affine_nonnegative,test
2024-03-15,2024-03-18,2.60144510071112,2.082700642913557,Calibrated-LSTM-QLIKE-affine_nonnegative,test
2024-03-18,2024-03-19,0.0078313418483015,2.233606997463153,Calibrated-LSTM-QLIKE-affine_nonnegative,test
2024-03-19,2024-03-20,1.98300631416396,2.014931095638512,Calibrated-LSTM-QLIKE-affine_nonnegative,test
2024-03-20,2024-03-21,1.659993462713211,1.9849956539623974,Calibrated-LSTM-QLIKE-affine_nonnegative,test
2024-03-21,2024-03-22,0.1769090471586793,2.0810835558170027,Calibrated-LSTM-QLIKE-affine_nonnegative,test
2024-03-22,2024-03-25,1.1957204376691162,2.1241567303200943,Calibrated-LSTM-QLIKE-affine_nonnegative,test
2024-03-25,2024-03-26,1.266685379522265,2.112274539642775,Calibrated-LSTM-QLIKE-affine_nonnegative,test
2024-03-26,2024-03-27,0.0047070525559726,1.9775006619050701,Calibrated-LSTM-QLIKE-affine_nonnegative,test
2024-03-27,2024-03-28,0.3036574536281876,1.9819186558358046,Calibrated-LSTM-QLIKE-affine_nonnegative,test
2024-03-28,2024-03-29,0.22386593116756,2.002881730417163,Calibrated-LSTM-QLIKE-affine_nonnegative,test
2024-03-29,2024-04-01,0.0401370314872093,1.9679182543689426,Calibrated-LSTM-QLIKE-affine_nonnegative,test
2024-04-01,2024-04-02,0.1847396233779287,2.005799819407804,Calibrated-LSTM-QLIKE-affine_nonnegative,test
2024-04-02,2024-04-03,1.4814046434548742,2.048270952251536,Calibrated-LSTM-QLIKE-affine_nonnegative,test
2024-04-03,2024-04-04,0.0642984527134782,2.0505310081087402,Calibrated-LSTM-QLIKE-affine_nonnegative,test
2024-04-04,2024-04-05,1.084676282740752,2.024934772360552,Calibrated-LSTM-QLIKE-affine_nonnegative,test
2024-04-05,2024-04-08,0.1443776586599194,2.043557803264596,Calibrated-LSTM-QLIKE-affine_nonnegative,test
2024-04-08,2024-04-09,0.9848187145028622,1.9527864251866265,Calibrated-LSTM-QLIKE-affine_nonnegative,test
2024-04-09,2024-04-10,0.1141835151805207,1.8608110971029697,Calibrated-LSTM-QLIKE-affine_nonnegative,test
2024-04-10,2024-04-11,0.0008184297224042,1.8676944489625233,Calibrated-LSTM-QLIKE-affine_nonnegative,test
2024-04-11,2024-04-12,2.1077713488695093,1.8654150627154598,Calibrated-LSTM-QLIKE-affine_nonnegative,test
2024-04-12,2024-04-15,23.166885904173803,1.8528028498666043,Calibrated-LSTM-QLIKE-affine_nonnegative,test
2024-04-15,2024-04-16,0.0058478365075764,2.2608177873602586,Calibrated-LSTM-QLIKE-affine_nonnegative,test
2024-04-16,2024-04-17,3.543454497340081,2.169330918231406,Calibrated-LSTM-QLIKE-affine_nonnegative,test
2024-04-17,2024-04-19,2.3528631494425456,2.137881440433645,Calibrated-LSTM-QLIKE-affine_nonnegative,test
2024-04-19,2024-04-22,1.6893979231324006,2.196613430540544,Calibrated-LSTM-QLIKE-affine_nonnegative,test
2024-04-22,2024-04-23,1.1727907466469314,2.0866076479868227,Calibrated-LSTM-QLIKE-affine_nonnegative,test
2024-04-23,2024-04-24,5.606024745553127,2.1046986265741032,Calibrated-LSTM-QLIKE-affine_nonnegative,test
2024-04-24,2024-04-25,0.0028195309207452,2.1257951475020116,Calibrated-LSTM-QLIKE-affine_nonnegative,test
2024-04-25,2024-04-26,0.1420473024727117,2.120620468793038,Calibrated-LSTM-QLIKE-affine_nonnegative,test
2024-04-26,2024-05-02,0.318006405977251,2.060794511933103,Calibrated-LSTM-QLIKE-affine_nonnegative,test
2024-05-02,2024-05-03,0.1468401316931458,2.051627107870312,Calibrated-LSTM-QLIKE-affine_nonnegative,test
2024-05-03,2024-05-06,2.785560071487252,2.0032747372399693,Calibrated-LSTM-QLIKE-affine_nonnegative,test
2024-05-06,2024-05-07,0.3206037518220124,1.9719716371530096,Calibrated-LSTM-QLIKE-affine_nonnegative,test
2024-05-07,2024-05-08,0.0214485793857184,1.9569675218568023,Calibrated-LSTM-QLIKE-affine_nonnegative,test
2024-05-08,2024-05-09,0.0212146392864794,1.9928617895050345,Calibrated-LSTM-QLIKE-affine_nonnegative,test
2024-05-09,2024-05-10,0.0998826714071555,1.9341272664504987,Calibrated-LSTM-QLIKE-affine_nonnegative,test
2024-05-10,2024-05-13,0.1323509240296012,1.9230046934381562,Calibrated-LSTM-QLIKE-affine_nonnegative,test
2024-05-13,2024-05-14,0.0623260338672244,1.905020631903756,Calibrated-LSTM-QLIKE-affine_nonnegative,test
2024-05-14,2024-05-15,0.7914504364695899,1.8709936799159883,Calibrated-LSTM-QLIKE-affine_nonnegative,test
2024-05-15,2024-05-16,1.3010619376829529,1.8858802131166341,Calibrated-LSTM-QLIKE-affine_nonnegative,test
2024-05-16,2024-05-20,0.4777373395090949,1.9125837469212101,Calibrated-LSTM-QLIKE-affine_nonnegative,test
2024-05-20,2024-05-21,0.0011865300373836,1.9641393631208857,Calibrated-LSTM-QLIKE-affine_nonnegative,test
2024-05-21,2024-05-22,0.6467920233357178,1.9587988429982177,Calibrated-LSTM-QLIKE-affine_nonnegative,test
2024-05-22,2024-05-23,1.2284567837418712,1.999047514260197,Calibrated-LSTM-QLIKE-affine_nonnegative,test
2024-05-23,2024-05-24,2.256648937405396,1.9294334478534192,Calibrated-LSTM-QLIKE-affine_nonnegative,test
2024-05-24,2024-05-27,0.2066759953224523,2.103802496362806,Calibrated-LSTM-QLIKE-affine_nonnegative,test
2024-05-27,2024-05-28,1.2149042841979667,1.9105089961805939,Calibrated-LSTM-QLIKE-affine_nonnegative,test
2024-05-28,2024-05-29,0.5065517433860525,1.9076314343521417,Calibrated-LSTM-QLIKE-affine_nonnegative,test
2024-05-29,2024-05-30,0.2478473182821189,2.0045877373070726,Calibrated-LSTM-QLIKE-affine_nonnegative,test
2024-05-30,2024-05-31,0.1324368158912983,2.0178910449216776,Calibrated-LSTM-QLIKE-affine_nonnegative,test
2024-05-31,2024-06-03,2.069054535054291,1.9034402058914186,Calibrated-LSTM-QLIKE-affine_nonnegative,test
2024-06-03,2024-06-04,0.0754175541972061,1.9745887053139708,Calibrated-LSTM-QLIKE-affine_nonnegative,test
2024-06-04,2024-06-05,0.0041789785238715,1.9596216510410809,Calibrated-LSTM-QLIKE-affine_nonnegative,test
2024-06-05,2024-06-06,0.003785773302666,1.9823479238037276,Calibrated-LSTM-QLIKE-affine_nonnegative,test
2024-06-06,2024-06-07,0.0977825492840672,1.9681658166721825,Calibrated-LSTM-QLIKE-affine_nonnegative,test
2024-06-07,2024-06-10,0.0574549317651925,1.8660957590645946,Calibrated-LSTM-QLIKE-affine_nonnegative,test
2024-06-10,2024-06-11,0.236389900130653,1.92490080471386,Calibrated-LSTM-QLIKE-affine_nonnegative,test
2024-06-11,2024-06-12,1.4910702380739045,1.971014049633261,Calibrated-LSTM-QLIKE-affine_nonnegative,test
2024-06-12,2024-06-13,0.0102965917651104,1.9052062036464108,Calibrated-LSTM-QLIKE-affine_nonnegative,test
2024-06-13,2024-06-14,2.8007247199637466,1.96619545003681,Calibrated-LSTM-QLIKE-affine_nonnegative,test
2024-06-14,2024-06-17,0.1619251788207639,2.057602064719485,Calibrated-LSTM-QLIKE-affine_nonnegative,test
2024-06-17,2024-06-18,0.1371670063872054,1.9707732862947303,Calibrated-LSTM-QLIKE-affine_nonnegative,test
2024-06-18,2024-06-19,0.0005135905111872,1.8994949399775336,Calibrated-LSTM-QLIKE-affine_nonnegative,test
2024-06-19,2024-06-20,0.0383900740120223,1.9644158543523988,Calibrated-LSTM-QLIKE-affine_nonnegative,test
2024-06-20,2024-06-21,0.0004769047173217,1.9751819483131188,Calibrated-LSTM-QLIKE-affine_nonnegative,test
2024-06-21,2024-06-24,4.841244218909869,1.9151509560076359,Calibrated-LSTM-QLIKE-affine_nonnegative,test
2024-06-24,2024-06-25,0.0377795857346046,2.1033616301609674,Calibrated-LSTM-QLIKE-affine_nonnegative,test
2024-06-25,2024-06-26,0.1382006989182143,1.9086079523226496,Calibrated-LSTM-QLIKE-affine_nonnegative,test
2024-06-26,2024-06-27,0.0291086660682599,1.8859082088536727,Calibrated-LSTM-QLIKE-affine_nonnegative,test
2024-06-27,2024-06-28,1.2092769262564496,1.8849059614676962,Calibrated-LSTM-QLIKE-affine_nonnegative,test
2024-06-28,2024-07-01,0.5464740769679215,1.920582795558263,Calibrated-LSTM-QLIKE-affine_nonnegative,test
2024-07-01,2024-07-02,1.4560329328950323,1.8566329333195313,Calibrated-LSTM-QLIKE-affine_nonnegative,test
2024-07-02,2024-07-03,0.3074231060441431,1.8366626408987698,Calibrated-LSTM-QLIKE-affine_nonnegative,test
2024-07-03,2024-07-04,0.0565502378458402,1.8430728648023738,Calibrated-LSTM-QLIKE-affine_nonnegative,test
2024-07-04,2024-07-05,0.0604238017679763,1.849045955269078,Calibrated-LSTM-QLIKE-affine_nonnegative,test
2024-07-05,2024-07-08,0.001641913639604,1.8395178061375912,Calibrated-LSTM-QLIKE-affine_nonnegative,test
2024-07-08,2024-07-09,0.6204070574126203,1.8663890477383307,Calibrated-LSTM-QLIKE-affine_nonnegative,test
2024-07-09,2024-07-10,0.3628967539784848,1.8701632730302145,Calibrated-LSTM-QLIKE-affine_nonnegative,test
2024-07-10,2024-07-11,0.0277401860440043,1.8723277434423873,Calibrated-LSTM-QLIKE-affine_nonnegative,test
2024-07-11,2024-07-12,0.0565767163705356,1.8571228587177042,Calibrated-LSTM-QLIKE-affine_nonnegative,test
2024-07-12,2024-07-15,0.0052765811391784,1.8111870534459136,Calibrated-LSTM-QLIKE-affine_nonnegative,test
2024-07-15,2024-07-16,0.011280250205691,1.8046993746698365,Calibrated-LSTM-QLIKE-affine_nonnegative,test
2024-07-16,2024-07-17,0.9643834972427656,1.7931908604254636,Calibrated-LSTM-QLIKE-affine_nonnegative,test
2024-07-17,2024-07-18,0.2066285309508605,2.0413512059338323,Calibrated-LSTM-QLIKE-affine_nonnegative,test
2024-07-18,2024-07-19,0.5789189613600527,1.8385151588125141,Calibrated-LSTM-QLIKE-affine_nonnegative,test
2024-07-19,2024-07-22,0.6479469442933512,1.8727652768183882,Calibrated-LSTM-QLIKE-affine_nonnegative,test
2024-07-22,2024-07-23,3.3723820037131813,1.9240048078155965,Calibrated-LSTM-QLIKE-affine_nonnegative,test
2024-07-23,2024-07-24,0.2907489732326712,1.9035185939551262,Calibrated-LSTM-QLIKE-affine_nonnegative,test
2024-07-24,2024-07-25,0.1825373322670373,1.8957552427613305,Calibrated-LSTM-QLIKE-affine_nonnegative,test
2024-07-25,2024-07-26,0.5194428542577421,1.872366404222107,Calibrated-LSTM-QLIKE-affine_nonnegative,test
2024-07-26,2024-07-29,0.1301982149615345,1.8418146563920457,Calibrated-LSTM-QLIKE-affine_nonnegative,test
2024-07-29,2024-07-30,0.0152800221232259,1.8410755689342304,Calibrated-LSTM-QLIKE-affine_nonnegative,test
2024-07-30,2024-07-31,0.2669893008576879,1.8358157031968398,Calibrated-LSTM-QLIKE-affine_nonnegative,test
2024-07-31,2024-08-01,3.924859003099425,1.837155765809747,Calibrated-LSTM-QLIKE-affine_nonnegative,test
2024-08-01,2024-08-02,0.6124804127570632,1.986675798123805,Calibrated-LSTM-QLIKE-affine_nonnegative,test
2024-08-02,2024-08-05,16.028441731399298,1.9060932685714291,Calibrated-LSTM-QLIKE-affine_nonnegative,test
2024-08-05,2024-08-06,3.4304951964000674,2.21379668068261,Calibrated-LSTM-QLIKE-affine_nonnegative,test
2024-08-06,2024-08-07,0.2131074887245232,2.093621379993156,Calibrated-LSTM-QLIKE-affine_nonnegative,test
2024-08-07,2024-08-08,0.389017827650505,2.0941154380953675,Calibrated-LSTM-QLIKE-affine_nonnegative,test
2024-08-08,2024-08-09,1.5873626468232618,2.0713618361608503,Calibrated-LSTM-QLIKE-affine_nonnegative,test
2024-08-09,2024-08-12,0.2928717413764615,2.068166189434428,Calibrated-LSTM-QLIKE-affine_nonnegative,test
2024-08-12,2024-08-13,0.0001294788177011,2.039472425352485,Calibrated-LSTM-QLIKE-affine_nonnegative,test
2024-08-13,2024-08-14,2.3780277347729983e-05,2.0299882695220592,Calibrated-LSTM-QLIKE-affine_nonnegative,test
2024-08-14,2024-08-15,0.3071561671079922,2.0116421297886284,Calibrated-LSTM-QLIKE-affine_nonnegative,test
2024-08-15,2024-08-16,5.364467227292595,2.0014063550752366,Calibrated-LSTM-QLIKE-affine_nonnegative,test
2024-08-16,2024-08-19,0.5581057481573143,2.0495328934268024,Calibrated-LSTM-QLIKE-affine_nonnegative,test
2024-08-19,2024-08-20,0.7441049789899746,1.9447525818478257,Calibrated-LSTM-QLIKE-affine_nonnegative,test
2024-08-20,2024-08-21,0.8093492360217696,1.9447277856235916,Calibrated-LSTM-QLIKE-affine_nonnegative,test
2024-08-21,2024-08-22,0.0097920425309074,1.9203944242419047,Calibrated-LSTM-QLIKE-affine_nonnegative,test
2024-08-22,2024-08-23,0.039129459240867,1.9072030995754534,Calibrated-LSTM-QLIKE-affine_nonnegative,test
2024-08-23,2024-08-26,0.1707352129175375,1.8846150724285635,Calibrated-LSTM-QLIKE-affine_nonnegative,test
2024-08-26,2024-08-27,0.0017789790178368,1.8873373245729688,Calibrated-LSTM-QLIKE-affine_nonnegative,test
2024-08-27,2024-08-28,0.0047191862628622,1.8773711088133473,Calibrated-LSTM-QLIKE-affine_nonnegative,test
2024-08-28,2024-08-29,5.480696959213411e-06,1.8778649002894923,Calibrated-LSTM-QLIKE-affine_nonnegative,test
2024-08-29,2024-08-30,0.0350100605836961,1.8613419496024322,Calibrated-LSTM-QLIKE-affine_nonnegative,test
2024-08-30,2024-09-04,0.3975959773479832,1.8270649023637877,Calibrated-LSTM-QLIKE-affine_nonnegative,test
2024-09-04,2024-09-05,0.3560479520225069,1.8015574530959213,Calibrated-LSTM-QLIKE-affine_nonnegative,test
2024-09-05,2024-09-06,0.2046388013312271,1.8064993672483753,Calibrated-LSTM-QLIKE-affine_nonnegative,test
2024-09-06,2024-09-09,0.2403215208141221,1.798801472754036,Calibrated-LSTM-QLIKE-affine_nonnegative,test
2024-09-09,2024-09-10,0.9818980427278184,1.79890399047681,Calibrated-LSTM-QLIKE-affine_nonnegative,test
2024-09-10,2024-09-11,0.0244199123086784,1.8079180845510572,Calibrated-LSTM-QLIKE-affine_nonnegative,test
2024-09-11,2024-09-12,0.0602484567361687,1.8192654233379089,Calibrated-LSTM-QLIKE-affine_nonnegative,test
2024-09-12,2024-09-13,0.1369055643032899,1.7881656256270615,Calibrated-LSTM-QLIKE-affine_nonnegative,test
2024-09-13,2024-09-16,0.9992379796047328,1.774522636403057,Calibrated-LSTM-QLIKE-affine_nonnegative,test
2024-09-16,2024-09-17,2.484914926701652,1.7782355376995231,Calibrated-LSTM-QLIKE-affine_nonnegative,test
2024-09-17,2024-09-18,0.2223148391601984,1.760317866055814,Calibrated-LSTM-QLIKE-affine_nonnegative,test
2024-09-18,2024-09-19,0.2523387575730195,1.8046368508571173,Calibrated-LSTM-QLIKE-affine_nonnegative,test
2024-09-19,2024-09-20,0.003666425548263,1.7749913650289009,Calibrated-LSTM-QLIKE-affine_nonnegative,test
2024-09-20,2024-09-23,0.0785444168047104,1.9300902811695544,Calibrated-LSTM-QLIKE-affine_nonnegative,test
2024-09-23,2024-09-24,0.447081172927798,1.8067857236443687,Calibrated-LSTM-QLIKE-affine_nonnegative,test
2024-09-24,2024-09-25,0.6692996014919499,1.7626368462738327,Calibrated-LSTM-QLIKE-affine_nonnegative,test
2024-09-25,2024-09-26,0.0967067651015831,1.8896557715388531,Calibrated-LSTM-QLIKE-affine_nonnegative,test
2024-09-26,2024-09-27,0.0019487643545271,1.912721859223933,Calibrated-LSTM-QLIKE-affine_nonnegative,test
2024-09-27,2024-09-30,0.0534118196752501,1.922494371145855,Calibrated-LSTM-QLIKE-affine_nonnegative,test
2024-09-30,2024-10-01,0.1090419063191174,1.8351078109888677,Calibrated-LSTM-QLIKE-affine_nonnegative,test
2024-10-01,2024-10-02,0.1142301950532245,1.9135464003362321,Calibrated-LSTM-QLIKE-affine_nonnegative,test
2024-10-02,2024-10-03,0.5763536966008403,1.8165754329476143,Calibrated-LSTM-QLIKE-affine_nonnegative,test
2024-10-03,2024-10-04,0.3463758362975216,1.9633798787689427,Calibrated-LSTM-QLIKE-affine_nonnegative,test
2024-10-04,2024-10-07,0.0027820245719093,1.7989493169082058,Calibrated-LSTM-QLIKE-affine_nonnegative,test
2024-10-07,2024-10-08,0.0260164216385025,1.8067110683455996,Calibrated-LSTM-QLIKE-affine_nonnegative,test
2024-10-08,2024-10-09,0.5974680039460253,1.8095690331581247,Calibrated-LSTM-QLIKE-affine_nonnegative,test
2024-10-09,2024-10-10,0.1233539050383977,1.7955658321175587,Calibrated-LSTM-QLIKE-affine_nonnegative,test
2024-10-10,2024-10-11,0.0248646364370185,1.8338218734675682,Calibrated-LSTM-QLIKE-affine_nonnegative,test
2024-10-11,2024-10-14,0.0253573876734088,1.7694704723718848,Calibrated-LSTM-QLIKE-affine_nonnegative,test
2024-10-14,2024-10-15,0.1678954221921946,1.8186703139562916,Calibrated-LSTM-QLIKE-affine_nonnegative,test
2024-10-15,2024-10-16,0.0156181703703392,1.8246428711708613,Calibrated-LSTM-QLIKE-affine_nonnegative,test
2024-10-16,2024-10-17,0.301088511662053,1.7599703189774367,Calibrated-LSTM-QLIKE-affine_nonnegative,test
2024-10-17,2024-10-18,0.0067941729317095,1.7585754647077543,Calibrated-LSTM-QLIKE-affine_nonnegative,test
2024-10-18,2024-10-21,0.1968037312439634,1.7661411126728455,Calibrated-LSTM-QLIKE-affine_nonnegative,test
2024-10-21,2024-10-22,0.6006392197446851,1.751395491348626,Calibrated-LSTM-QLIKE-affine_nonnegative,test
2024-10-22,2024-10-23,0.0063207009295036,1.854054259312223,Calibrated-LSTM-QLIKE-affine_nonnegative,test
2024-10-23,2024-10-24,1.1387581243922995,1.760167089014907,Calibrated-LSTM-QLIKE-affine_nonnegative,test
2024-10-24,2024-10-25,0.1396414208283497,1.7920786297868359,Calibrated-LSTM-QLIKE-affine_nonnegative,test
2024-10-25,2024-10-28,0.0267355724555891,1.7640620959151567,Calibrated-LSTM-QLIKE-affine_nonnegative,test
2024-10-28,2024-10-29,0.310375295938392,1.7488812075365066,Calibrated-LSTM-QLIKE-affine_nonnegative,test
2024-10-29,2024-10-30,0.0624797327224918,1.7033882681620576,Calibrated-LSTM-QLIKE-affine_nonnegative,test
2024-10-30,2024-10-31,0.2150309186038439,1.711050301450381,Calibrated-LSTM-QLIKE-affine_nonnegative,test
2024-10-31,2024-11-01,0.5795854757810541,1.6772175865524468,Calibrated-LSTM-QLIKE-affine_nonnegative,test
2024-11-01,2024-11-04,0.6634669865085588,1.7134255397685434,Calibrated-LSTM-QLIKE-affine_nonnegative,test
2024-11-04,2024-11-05,0.0071101049569573,1.7607079399918832,Calibrated-LSTM-QLIKE-affine_nonnegative,test
2024-11-05,2024-11-06,1.532964136157592,1.731879529746089,Calibrated-LSTM-QLIKE-affine_nonnegative,test
2024-11-06,2024-11-07,0.0147328555936719,1.6803803049595907,Calibrated-LSTM-QLIKE-affine_nonnegative,test
2024-11-07,2024-11-08,0.3276224769794669,1.7116764727688079,Calibrated-LSTM-QLIKE-affine_nonnegative,test
2024-11-08,2024-11-11,0.0320387972398517,1.7252634705187355,Calibrated-LSTM-QLIKE-affine_nonnegative,test
2024-11-11,2024-11-12,0.1943555469915317,1.841297401822002,Calibrated-LSTM-QLIKE-affine_nonnegative,test
2024-11-12,2024-11-13,0.0095957977358447,1.7527507516473544,Calibrated-LSTM-QLIKE-affine_nonnegative,test
2024-11-13,2024-11-14,1.304380342114139,1.762949598650462,Calibrated-LSTM-QLIKE-affine_nonnegative,test
2024-11-14,2024-11-15,1.1819027969632745,1.7776285634579228,Calibrated-LSTM-QLIKE-affine_nonnegative,test
2024-11-15,2024-11-18,0.0141759467193479,1.8644288128935051,Calibrated-LSTM-QLIKE-affine_nonnegative,test
2024-11-18,2024-11-19,0.9768103702203697,1.8149575459728589,Calibrated-LSTM-QLIKE-affine_nonnegative,test
2024-11-19,2024-11-20,0.8848644501514296,1.7994557731225347,Calibrated-LSTM-QLIKE-affine_nonnegative,test
2024-11-20,2024-11-21,0.9302138287758972,1.827944501758929,Calibrated-LSTM-QLIKE-affine_nonnegative,test
2024-11-21,2024-11-22,0.0003506766753295,1.7761118610756061,Calibrated-LSTM-QLIKE-affine_nonnegative,test
2024-11-22,2024-11-25,0.2872709111767263,1.805303282711666,Calibrated-LSTM-QLIKE-affine_nonnegative,test
2024-11-25,2024-11-26,0.3599546809656788,1.7785122955571036,Calibrated-LSTM-QLIKE-affine_nonnegative,test
2024-11-26,2024-11-27,0.0001659440969947,1.7477301828051253,Calibrated-LSTM-QLIKE-affine_nonnegative,test
2024-11-27,2024-11-28,0.0001270529950301,1.751802762666019,Calibrated-LSTM-QLIKE-affine_nonnegative,test
2024-11-28,2024-11-29,0.4488915850595839,1.7381697719195282,Calibrated-LSTM-QLIKE-affine_nonnegative,test
2024-11-29,2024-12-02,0.0035951954303536,1.6678612779211632,Calibrated-LSTM-QLIKE-affine_nonnegative,test
2024-12-02,2024-12-03,0.0121780282468158,1.6825278446165068,Calibrated-LSTM-QLIKE-affine_nonnegative,test
2024-12-03,2024-12-04,0.5723787875208138,1.6701607944362877,Calibrated-LSTM-QLIKE-affine_nonnegative,test
2024-12-04,2024-12-05,4.677770763753511,1.6846040618004918,Calibrated-LSTM-QLIKE-affine_nonnegative,test
2024-12-05,2024-12-06,0.0423127275118428,1.8015706510862395,Calibrated-LSTM-QLIKE-affine_nonnegative,test
2024-12-06,2024-12-09,0.0846129168166276,1.792239005366156,Calibrated-LSTM-QLIKE-affine_nonnegative,test
2024-12-09,2024-12-10,0.019333949066393,1.7719063681202971,Calibrated-LSTM-QLIKE-affine_nonnegative,test
2024-12-10,2024-12-11,0.0638388590450149,1.7838998751806028,Calibrated-LSTM-QLIKE-affine_nonnegative,test
2024-12-11,2024-12-12,0.0141789335558376,1.7920610324664115,Calibrated-LSTM-QLIKE-affine_nonnegative,test
2024-12-12,2024-12-13,0.1427917911928931,1.775179603032226,Calibrated-LSTM-QLIKE-affine_nonnegative,test
2024-12-13,2024-12-16,0.0093280152446342,1.7561615656098724,Calibrated-LSTM-QLIKE-affine_nonnegative,test
2024-12-16,2024-12-17,0.0268721671219935,1.7378084935986986,Calibrated-LSTM-QLIKE-affine_nonnegative,test
2024-12-17,2024-12-18,0.1146807250456102,1.7040115065937467,Calibrated-LSTM-QLIKE-affine_nonnegative,test
2024-12-18,2024-12-19,0.8081531599464532,1.6680128548402713,Calibrated-LSTM-QLIKE-affine_nonnegative,test
2024-12-19,2024-12-20,0.0507615856480591,1.7426176279697705,Calibrated-LSTM-QLIKE-affine_nonnegative,test
2024-12-20,2024-12-23,0.1742376670775678,1.685102385919776,Calibrated-LSTM-QLIKE-affine_nonnegative,test
2024-12-23,2024-12-24,0.0361915284275727,1.6563057041759588,Calibrated-LSTM-QLIKE-affine_nonnegative,test
2024-12-24,2024-12-25,1.1654410256024177,1.666190332359068,Calibrated-LSTM-QLIKE-affine_nonnegative,test
2024-12-25,2024-12-26,0.0084412075502873,1.7345717864579533,Calibrated-LSTM-QLIKE-affine_nonnegative,test
2024-12-26,2024-12-27,0.0317475107765902,1.7080358271365075,Calibrated-LSTM-QLIKE-affine_nonnegative,test
2024-12-27,2024-12-30,0.0600146339677672,1.7132063731414422,Calibrated-LSTM-QLIKE-affine_nonnegative,test
2024-12-30,2024-12-31,0.1703989127600233,1.7093513601512478,Calibrated-LSTM-QLIKE-affine_nonnegative,test
2024-12-31,2025-01-02,0.0533739456959429,1.7079237108753202,Calibrated-LSTM-QLIKE-affine_nonnegative,test
2025-01-02,2025-01-03,1.435132590022104,1.6825853025339526,Calibrated-LSTM-QLIKE-affine_nonnegative,test
2025-01-03,2025-01-06,0.4342211890889308,1.7070146492997715,Calibrated-LSTM-QLIKE-affine_nonnegative,test
2025-01-06,2025-01-07,0.037939050469307,1.7292223343620394,Calibrated-LSTM-QLIKE-affine_nonnegative,test
2025-01-07,2025-01-08,0.032117795831564,1.7224734953533036,Calibrated-LSTM-QLIKE-affine_nonnegative,test
2025-01-08,2025-01-09,0.1768543904547769,1.7051102726159895,Calibrated-LSTM-QLIKE-affine_nonnegative,test
2025-01-09,2025-01-10,1.525095444996381,1.675198960598941,Calibrated-LSTM-QLIKE-affine_nonnegative,test
2025-01-10,2025-01-13,0.175796578127988,1.698086142193042,Calibrated-LSTM-QLIKE-affine_nonnegative,test
2025-01-13,2025-01-14,0.2850878204367433,1.6919726731020455,Calibrated-LSTM-QLIKE-affine_nonnegative,test
2025-01-14,2025-01-15,0.3327205813226502,1.6853328841547262,Calibrated-LSTM-QLIKE-affine_nonnegative,test
2025-01-15,2025-01-16,0.2486834462527659,1.658878912348893,Calibrated-LSTM-QLIKE-affine_nonnegative,test
2025-01-16,2025-01-17,0.293601545819197,1.6410060338844454,Calibrated-LSTM-QLIKE-affine_nonnegative,test
2025-01-17,2025-01-20,0.0012403693451998,1.6117759514686663,Calibrated-LSTM-QLIKE-affine_nonnegative,test
2025-01-20,2025-01-21,0.0768862836866478,1.6074900707541464,Calibrated-LSTM-QLIKE-affine_nonnegative,test
2025-01-21,2025-01-22,0.0818546593881995,1.5861951800323657,Calibrated-LSTM-QLIKE-affine_nonnegative,test
2025-01-22,2025-01-23,1.8682525367895249,1.5816712022399855,Calibrated-LSTM-QLIKE-affine_nonnegative,test
2025-01-23,2025-01-24,0.1843517308365074,1.5771536234732142,Calibrated-LSTM-QLIKE-affine_nonnegative,test
2025-01-24,2025-02-04,0.0008556873339296,1.6076813749572423,Calibrated-LSTM-QLIKE-affine_nonnegative,test
2025-02-04,2025-02-05,0.1513708695410532,1.6644453980633716,Calibrated-LSTM-QLIKE-affine_nonnegative,test
2025-02-05,2025-02-06,0.0216622352028634,1.642353162088129,Calibrated-LSTM-QLIKE-affine_nonnegative,test
2025-02-06,2025-02-07,0.0853488617566438,1.6561426623359683,Calibrated-LSTM-QLIKE-affine_nonnegative,test
2025-02-07,2025-02-10,0.8849819273953393,1.6527698425880024,Calibrated-LSTM-QLIKE-affine_nonnegative,test
2025-02-10,2025-02-11,0.168100114678953,1.7792157884349695,Calibrated-LSTM-QLIKE-affine_nonnegative,test
2025-02-11,2025-02-12,0.0147578221185138,1.712786570398899,Calibrated-LSTM-QLIKE-affine_nonnegative,test
2025-02-12,2025-02-13,0.0735271043646943,1.7178342017869317,Calibrated-LSTM-QLIKE-affine_nonnegative,test
2025-02-13,2025-02-14,0.2025383263760581,1.6958142214758551,Calibrated-LSTM-QLIKE-affine_nonnegative,test
2025-02-14,2025-02-17,0.0695132401561259,1.7055175439333818,Calibrated-LSTM-QLIKE-affine_nonnegative,test
2025-02-17,2025-02-18,0.1805870585568251,1.7692767685341855,Calibrated-LSTM-QLIKE-affine_nonnegative,test
2025-02-18,2025-02-19,0.6592497592052439,1.7117653925621632,Calibrated-LSTM-QLIKE-affine_nonnegative,test
2025-02-19,2025-02-20,0.1172593983298531,1.741640710060162,Calibrated-LSTM-QLIKE-affine_nonnegative,test
2025-02-20,2025-02-21,0.0847684671072922,1.7569450463078484,Calibrated-LSTM-QLIKE-affine_nonnegative,test
2025-02-21,2025-02-24,0.3605624100663593,1.7473589060067825,Calibrated-LSTM-QLIKE-affine_nonnegative,test
2025-02-24,2025-02-25,0.0115290687889239,1.8039265590145417,Calibrated-LSTM-QLIKE-affine_nonnegative,test
2025-02-25,2025-02-26,0.0002355760665946,1.8508472809779517,Calibrated-LSTM-QLIKE-affine_nonnegative,test
2025-02-26,2025-02-27,0.1374731263687118,1.8039272255797094,Calibrated-LSTM-QLIKE-affine_nonnegative,test
2025-02-27,2025-02-28,0.0348744922200793,1.8417224037728521,Calibrated-LSTM-QLIKE-affine_nonnegative,test
2025-02-28,2025-03-03,0.0940796554023008,1.8302022912945635,Calibrated-LSTM-QLIKE-affine_nonnegative,test
2025-03-03,2025-03-04,0.0375578625820462,1.8339842487423912,Calibrated-LSTM-QLIKE-affine_nonnegative,test
2025-03-04,2025-03-05,0.3028627512498273,1.9020786798801153,Calibrated-LSTM-QLIKE-affine_nonnegative,test
2025-03-05,2025-03-06,1.0612188848677555,1.85282884590814,Calibrated-LSTM-QLIKE-affine_nonnegative,test
2025-03-06,2025-03-07,0.350731246280503,1.907866998482365,Calibrated-LSTM-QLIKE-affine_nonnegative,test
2025-03-07,2025-03-10,0.1014325645495789,1.8929178081559663,Calibrated-LSTM-QLIKE-affine_nonnegative,test
2025-03-10,2025-03-11,0.0288133302998629,1.9021089419387236,Calibrated-LSTM-QLIKE-affine_nonnegative,test
2025-03-11,2025-03-12,0.0196658897235791,1.9049497093699252,Calibrated-LSTM-QLIKE-affine_nonnegative,test
2025-03-12,2025-03-13,0.3743917074856848,1.9129979505163457,Calibrated-LSTM-QLIKE-affine_nonnegative,test
2025-03-13,2025-03-14,8.187247062994656e-05,1.9935940779981403,Calibrated-LSTM-QLIKE-affine_nonnegative,test
2025-03-14,2025-03-17,0.5767885171931181,1.9788696534462504,Calibrated-LSTM-QLIKE-affine_nonnegative,test
2025-03-17,2025-03-18,0.157344490226044,1.8902810096660452,Calibrated-LSTM-QLIKE-affine_nonnegative,test
2025-03-18,2025-03-19,0.2279894954046255,1.8983452483764875,Calibrated-LSTM-QLIKE-affine_nonnegative,test
2025-03-19,2025-03-20,0.0027940647092661,1.9390094563639377,Calibrated-LSTM-QLIKE-affine_nonnegative,test
2025-03-20,2025-03-21,0.0240132299745747,1.917199044141549,Calibrated-LSTM-QLIKE-affine_nonnegative,test
2025-03-21,2025-03-24,0.4050748456224285,1.8489169082526338,Calibrated-LSTM-QLIKE-affine_nonnegative,test
2025-03-24,2025-03-25,0.0144479307849922,1.8582684176147108,Calibrated-LSTM-QLIKE-affine_nonnegative,test
2025-03-25,2025-03-26,0.1924355354900559,1.885647048621014,Calibrated-LSTM-QLIKE-affine_nonnegative,test
2025-03-26,2025-03-27,0.0296122174159068,1.857462540327104,Calibrated-LSTM-QLIKE-affine_nonnegative,test
2025-03-27,2025-03-28,0.2311977047112736,1.7802032380742256,Calibrated-LSTM-QLIKE-affine_nonnegative,test
2025-03-28,2025-03-31,0.652593682196234,1.8112094500355445,Calibrated-LSTM-QLIKE-affine_nonnegative,test
2025-03-31,2025-04-01,0.6367477385533009,1.8752147704962192,Calibrated-LSTM-QLIKE-affine_nonnegative,test
2025-04-01,2025-04-02,0.0014400780515298,1.7775380439081652,Calibrated-LSTM-QLIKE-affine_nonnegative,test
2025-04-02,2025-04-03,47.7513682523715,1.8568896942220838,Calibrated-LSTM-QLIKE-affine_nonnegative,test
2025-04-03,2025-04-04,2.4680894659320427,2.4217444827610826,Calibrated-LSTM-QLIKE-affine_nonnegative,test
2025-04-04,2025-04-08,44.20961209050503,2.354254226291255,Calibrated-LSTM-QLIKE-affine_nonnegative,test
2025-04-08,2025-04-09,11.94996872052983,2.6258763325681813,Calibrated-LSTM-QLIKE-affine_nonnegative,test
2025-04-09,2025-04-10,42.861963107094255,2.709023138320245,Calibrated-LSTM-QLIKE-affine_nonnegative,test
2025-04-10,2025-04-11,20.5039468602513,3.427392417596555,Calibrated-LSTM-QLIKE-affine_nonnegative,test
2025-04-11,2025-04-14,2.373686902735611,2.56853599721816,Calibrated-LSTM-QLIKE-affine_nonnegative,test
2025-04-14,2025-04-15,1.222393557661562,2.505530124569758,Calibrated-LSTM-QLIKE-affine_nonnegative,test
2025-04-15,2025-04-16,2.0585197770339483,2.4915050601916953,Calibrated-LSTM-QLIKE-affine_nonnegative,test
2025-04-16,2025-04-17,0.3278654140280428,2.48907929623383,Calibrated-LSTM-QLIKE-affine_nonnegative,test
2025-04-17,2025-04-18,0.0235644272572965,2.3496098668296095,Calibrated-LSTM-QLIKE-affine_nonnegative,test
2025-04-18,2025-04-21,0.9867147275211472,2.243249529177396,Calibrated-LSTM-QLIKE-affine_nonnegative,test
2025-04-21,2025-04-22,0.6837487157170882,2.1680455139622405,Calibrated-LSTM-QLIKE-affine_nonnegative,test
2025-04-22,2025-04-23,1.3269747595182129,2.2692850313710204,Calibrated-LSTM-QLIKE-affine_nonnegative,test
2025-04-23,2025-04-24,1.029521260921247,2.0982388102220315,Calibrated-LSTM-QLIKE-affine_nonnegative,test
2025-04-24,2025-04-25,0.2299163958338018,2.0018253579395786,Calibrated-LSTM-QLIKE-affine_nonnegative,test
2025-04-25,2025-04-28,0.0391566462219492,1.9754921677421116,Calibrated-LSTM-QLIKE-affine_nonnegative,test
2025-04-28,2025-04-29,0.0016617646152264,1.9146035726920176,Calibrated-LSTM-QLIKE-affine_nonnegative,test
2025-04-29,2025-05-05,1.2432686189181044,1.8824075419065647,Calibrated-LSTM-QLIKE-affine_nonnegative,test
2025-05-05,2025-05-06,0.0234403346988041,1.8787718288565045,Calibrated-LSTM-QLIKE-affine_nonnegative,test
2025-05-06,2025-05-07,0.4565410925067849,1.8481210294425405,Calibrated-LSTM-QLIKE-affine_nonnegative,test
2025-05-07,2025-05-08,2.377733233918144,1.8513576032702526,Calibrated-LSTM-QLIKE-affine_nonnegative,test
2025-05-08,2025-05-09,0.0388387388391833,1.9004998536241802,Calibrated-LSTM-QLIKE-affine_nonnegative,test
2025-05-09,2025-05-12,1.5662677776101377,1.887283599420462,Calibrated-LSTM-QLIKE-affine_nonnegative,test
2025-05-12,2025-05-13,0.6231348828577624,1.9150432390765548,Calibrated-LSTM-QLIKE-affine_nonnegative,test
2025-05-13,2025-05-14,1.5683566422405055,1.9580174953087777,Calibrated-LSTM-QLIKE-affine_nonnegative,test
2025-05-14,2025-05-15,0.0700077382080358,1.9742270270540407,Calibrated-LSTM-QLIKE-affine_nonnegative,test
2025-05-15,2025-05-16,0.816128421348678,2.0450938360367723,Calibrated-LSTM-QLIKE-affine_nonnegative,test
2025-05-16,2025-05-19,0.1541807515116988,1.984452669976885,Calibrated-LSTM-QLIKE-affine_nonnegative,test
2025-05-19,2025-05-20,2.0864038037366446,1.982918770213245,Calibrated-LSTM-QLIKE-affine_nonnegative,test
2025-05-20,2025-05-21,0.3586751908572574,1.949650636012253,Calibrated-LSTM-QLIKE-affine_nonnegative,test
2025-05-21,2025-05-22,0.4879763310352334,2.012914736006576,Calibrated-LSTM-QLIKE-affine_nonnegative,test
2025-05-22,2025-05-23,0.0022258378145528,2.0563811839585417,Calibrated-LSTM-QLIKE-affine_nonnegative,test
2025-05-23,2025-05-26,1.8600723156803831,1.9190330315436346,Calibrated-LSTM-QLIKE-affine_nonnegative,test
2025-05-26,2025-05-27,0.2984907987188625,1.9613359233390688,Calibrated-LSTM-QLIKE-affine_nonnegative,test
2025-05-27,2025-05-28,0.0236037331895616,2.014068826937728,Calibrated-LSTM-QLIKE-affine_nonnegative,test
2025-05-28,2025-05-29,5.553699144539498e-07,1.9863165194984782,Calibrated-LSTM-QLIKE-affine_nonnegative,test
2025-05-29,2025-05-30,0.4795271728756022,1.9855623676678757,Calibrated-LSTM-QLIKE-affine_nonnegative,test
2025-05-30,2025-06-02,0.0768775248909457,1.9812219619226477,Calibrated-LSTM-QLIKE-affine_nonnegative,test
2025-06-02,2025-06-03,0.6659991384313828,1.9507143407066805,Calibrated-LSTM-QLIKE-affine_nonnegative,test
2025-06-03,2025-06-04,0.0125760569530384,1.983607998596525,Calibrated-LSTM-QLIKE-affine_nonnegative,test
2025-06-04,2025-06-05,0.0737636944522696,1.9850629770443233,Calibrated-LSTM-QLIKE-affine_nonnegative,test
2025-06-05,2025-06-06,0.8339101934074882,1.8968441436190924,Calibrated-LSTM-QLIKE-affine_nonnegative,test
2025-06-06,2025-06-09,2.1415615006193414,1.9582997190007316,Calibrated-LSTM-QLIKE-affine_nonnegative,test
2025-06-09,2025-06-10,0.1857120921961249,1.8991141979538104,Calibrated-LSTM-QLIKE-affine_nonnegative,test
2025-06-10,2025-06-11,0.0061284527471124,1.8951093411139432,Calibrated-LSTM-QLIKE-affine_nonnegative,test
2025-06-11,2025-06-12,0.348758893746006,1.8310880230892466,Calibrated-LSTM-QLIKE-affine_nonnegative,test
2025-06-12,2025-06-13,0.3232043851233978,1.921555180824732,Calibrated-LSTM-QLIKE-affine_nonnegative,test
2025-06-13,2025-06-16,2.90666722935662,2.064292779245608,Calibrated-LSTM-QLIKE-affine_nonnegative,test
2025-06-16,2025-06-17,0.5089174637565245,1.9041826261750716,Calibrated-LSTM-QLIKE-affine_nonnegative,test
2025-06-17,2025-06-18,0.0040746855610125,1.9114035266354892,Calibrated-LSTM-QLIKE-affine_nonnegative,test
2025-06-18,2025-06-19,0.1490639362511987,1.9457486968342605,Calibrated-LSTM-QLIKE-affine_nonnegative,test
2025-06-19,2025-06-20,0.0396634294929435,1.8855725266352783,Calibrated-LSTM-QLIKE-affine_nonnegative,test
2025-06-20,2025-06-23,0.4254396112184308,1.967574040116403,Calibrated-LSTM-QLIKE-affine_nonnegative,test
2025-06-23,2025-06-24,0.3974954121903902,1.8998239565442518,Calibrated-LSTM-QLIKE-affine_nonnegative,test
2025-06-24,2025-06-25,2.141289912653593e-06,1.9695140113801344,Calibrated-LSTM-QLIKE-affine_nonnegative,test
2025-06-25,2025-06-26,0.0062490303873797,1.9303229124130408,Calibrated-LSTM-QLIKE-affine_nonnegative,test
2025-06-26,2025-06-27,0.1777576915183636,1.8579784617668127,Calibrated-LSTM-QLIKE-affine_nonnegative,test
2025-06-27,2025-06-30,0.1135910808511721,1.872228825171518,Calibrated-LSTM-QLIKE-affine_nonnegative,test
2025-06-30,2025-07-01,0.0165236945249244,1.8384477024175547,Calibrated-LSTM-QLIKE-affine_nonnegative,test
2025-07-01,2025-07-02,0.2388288030529801,1.8763641954711978,Calibrated-LSTM-QLIKE-affine_nonnegative,test
2025-07-02,2025-07-03,0.0361488680610222,1.909598334848643,Calibrated-LSTM-QLIKE-affine_nonnegative,test
2025-07-03,2025-07-04,0.1309520910154639,2.113690324058719,Calibrated-LSTM-QLIKE-affine_nonnegative,test
2025-07-04,2025-07-07,1.1709559965363006,1.931829349691776,Calibrated-LSTM-QLIKE-affine_nonnegative,test
2025-07-07,2025-07-08,0.904778187332118,2.0358288468334473,Calibrated-LSTM-QLIKE-affine_nonnegative,test
2025-07-08,2025-07-09,1.241559484315582,2.0342488207602107,Calibrated-LSTM-QLIKE-affine_nonnegative,test
2025-07-09,2025-07-10,0.9910271514632224,2.129196096300049,Calibrated-LSTM-QLIKE-affine_nonnegative,test
2025-07-10,2025-07-11,0.6970381226212395,2.0354389062104117,Calibrated-LSTM-QLIKE-affine_nonnegative,test
2025-07-11,2025-07-14,0.7477170344432008,2.1078004209249306,Calibrated-LSTM-QLIKE-affine_nonnegative,test
2025-07-14,2025-07-15,0.4444265080916222,2.1150942436146813,Calibrated-LSTM-QLIKE-affine_nonnegative,test
2025-07-15,2025-07-16,0.1995824056263008,2.1634894077287834,Calibrated-LSTM-QLIKE-affine_nonnegative,test
2025-07-16,2025-07-17,2.3820294026445814,2.112980698781312,Calibrated-LSTM-QLIKE-affine_nonnegative,test
2025-07-17,2025-07-18,0.2369058350764768,2.1530067372773183,Calibrated-LSTM-QLIKE-affine_nonnegative,test
2025-07-18,2025-07-21,0.6726766922283197,2.1965694372394835,Calibrated-LSTM-QLIKE-affine_nonnegative,test
2025-07-21,2025-07-22,2.6753597330452594,2.191161327408822,Calibrated-LSTM-QLIKE-affine_nonnegative,test
2025-07-22,2025-07-23,0.033610422134737,2.119201218238222,Calibrated-LSTM-QLIKE-affine_nonnegative,test
2025-07-23,2025-07-24,0.3298066193429415,2.223003545403322,Calibrated-LSTM-QLIKE-affine_nonnegative,test
2025-07-24,2025-07-25,0.4388880259346913,2.2115466233029206,Calibrated-LSTM-QLIKE-affine_nonnegative,test
2025-07-25,2025-07-28,2.898363616722053,2.2217572018529776,Calibrated-LSTM-QLIKE-affine_nonnegative,test
2025-07-28,2025-07-29,17.613558540836202,2.29701267589907,Calibrated-LSTM-QLIKE-affine_nonnegative,test
2025-07-29,2025-07-30,0.8980946651524866,2.4867844456748784,Calibrated-LSTM-QLIKE-affine_nonnegative,test
2025-07-30,2025-07-31,0.1152726694915896,2.2980723812024917,Calibrated-LSTM-QLIKE-affine_nonnegative,test
2025-07-31,2025-08-01,0.1152726694915833,2.303643799499211,Calibrated-LSTM-QLIKE-affine_nonnegative,test
2025-08-01,2025-08-04,1.834710119502004,2.2507139925500477,Calibrated-LSTM-QLIKE-affine_nonnegative,test
2025-08-04,2025-08-05,1.520412348936557,2.172326328781486,Calibrated-LSTM-QLIKE-affine_nonnegative,test
2025-08-05,2025-08-06,2.8972670658789563,2.465531148619555,Calibrated-LSTM-QLIKE-affine_nonnegative,test
2025-08-06,2025-08-07,0.2635664108766646,2.285573351119092,Calibrated-LSTM-QLIKE-affine_nonnegative,test
2025-08-07,2025-08-08,0.039326859883716,2.330636489273484,Calibrated-LSTM-QLIKE-affine_nonnegative,test
2025-08-08,2025-08-11,0.9422556417684452,2.375665099352195,Calibrated-LSTM-QLIKE-affine_nonnegative,test
2025-08-11,2025-08-12,0.2369869845385009,2.3326359181501632,Calibrated-LSTM-QLIKE-affine_nonnegative,test
2025-08-12,2025-08-13,0.0440788772156527,2.315084457409524,Calibrated-LSTM-QLIKE-affine_nonnegative,test
2025-08-13,2025-08-14,3.200310161092739,2.3653490701926265,Calibrated-LSTM-QLIKE-affine_nonnegative,test
2025-08-14,2025-08-15,0.4273067256056122,2.3319197605341135,Calibrated-LSTM-QLIKE-affine_nonnegative,test
2025-08-15,2025-08-18,0.1521280158050796,2.3646670407131567,Calibrated-LSTM-QLIKE-affine_nonnegative,test
2025-08-18,2025-08-19,1.174434797614126,2.287548650336705,Calibrated-LSTM-QLIKE-affine_nonnegative,test
2025-08-19,2025-08-20,0.3749305014941085,2.307384696532716,Calibrated-LSTM-QLIKE-affine_nonnegative,test
2025-08-20,2025-08-21,1.989152286945736,2.3607732336302085,Calibrated-LSTM-QLIKE-affine_nonnegative,test
2025-08-21,2025-08-22,6.511855987425645,2.281466909747685,Calibrated-LSTM-QLIKE-affine_nonnegative,test
2025-08-22,2025-08-25,3.721774310323592,2.357569188182674,Calibrated-LSTM-QLIKE-affine_nonnegative,test
2025-08-25,2025-08-26,10.672831463331164,2.2519587363439904,Calibrated-LSTM-QLIKE-affine_nonnegative,test
2025-08-26,2025-08-27,0.1033600134238672,2.176028698348305,Calibrated-LSTM-QLIKE-affine_nonnegative,test
2025-08-27,2025-08-28,0.2196933006813634,2.2229136924187323,Calibrated-LSTM-QLIKE-affine_nonnegative,test
2025-08-28,2025-08-29,0.0064454873601164,2.1501587709423067,Calibrated-LSTM-QLIKE-affine_nonnegative,test
2025-08-29,2025-09-03,0.0029279074904991,2.2346391069686367,Calibrated-LSTM-QLIKE-affine_nonnegative,test
2025-09-03,2025-09-04,0.7878709714332047,2.2018253035858684,Calibrated-LSTM-QLIKE-affine_nonnegative,test
2025-09-04,2025-09-05,3.0401082196490887,2.2144091207585848,Calibrated-LSTM-QLIKE-affine_nonnegative,test
2025-09-05,2025-09-08,6.650758234823594,2.287805277926224,Calibrated-LSTM-QLIKE-affine_nonnegative,test
2025-09-08,2025-09-09,0.6150034620566089,2.3214125604844815,Calibrated-LSTM-QLIKE-affine_nonnegative,test
2025-09-09,2025-09-10,0.1311392104891743,2.14699591922213,Calibrated-LSTM-QLIKE-affine_nonnegative,test
2025-09-10,2025-09-11,0.7707413531131861,2.0776662095158422,Calibrated-LSTM-QLIKE-affine_nonnegative,test
2025-09-11,2025-09-12,0.3272182232185671,2.1649615835579046,Calibrated-LSTM-QLIKE-affine_nonnegative,test
2025-09-12,2025-09-15,1.1076835127457196,2.131054346674235,Calibrated-LSTM-QLIKE-affine_nonnegative,test
2025-09-15,2025-09-16,0.0564941879844652,2.1523375058490664,Calibrated-LSTM-QLIKE-affine_nonnegative,test
2025-09-16,2025-09-17,0.3510643230345384,2.2141564925600714,Calibrated-LSTM-QLIKE-affine_nonnegative,test
2025-09-17,2025-09-18,0.1204832995414096,2.1356183183766695,Calibrated-LSTM-QLIKE-affine_nonnegative,test
2025-09-18,2025-09-19,0.1558113286329437,2.079087326453127,Calibrated-LSTM-QLIKE-affine_nonnegative,test
2025-09-19,2025-09-22,2.1548992233102013,2.0705310293359758,Calibrated-LSTM-QLIKE-affine_nonnegative,test
2025-09-22,2025-09-23,0.0024547743448737,2.147819527143194,Calibrated-LSTM-QLIKE-affine_nonnegative,test
2025-09-23,2025-09-24,1.8183165781347828,1.9695573381160274,Calibrated-LSTM-QLIKE-affine_nonnegative,test
2025-09-24,2025-09-25,0.2696988542084727,2.012679571815453,Calibrated-LSTM-QLIKE-affine_nonnegative,test
2025-09-25,2025-09-26,0.1049995667244043,2.0242202145009034,Calibrated-LSTM-QLIKE-affine_nonnegative,test
2025-09-26,2025-09-29,0.1207157531709924,2.033659710465102,Calibrated-LSTM-QLIKE-affine_nonnegative,test
2025-09-29,2025-09-30,0.0825092745825899,1.9926542211118494,Calibrated-LSTM-QLIKE-affine_nonnegative,test
2025-09-30,2025-10-01,0.0405610853854958,2.091965098864748,Calibrated-LSTM-QLIKE-affine_nonnegative,test
2025-10-01,2025-10-02,0.5533556929381476,1.9473604514094742,Calibrated-LSTM-QLIKE-affine_nonnegative,test
2025-10-02,2025-10-03,0.1745254722126338,1.9579121780122997,Calibrated-LSTM-QLIKE-affine_nonnegative,test
2025-10-03,2025-10-06,8.84404690494525,1.9919975211087475,Calibrated-LSTM-QLIKE-affine_nonnegative,test
2025-10-06,2025-10-07,0.3641027934298682,2.0529023803489306,Calibrated-LSTM-QLIKE-affine_nonnegative,test
2025-10-07,2025-10-08,0.5486921315455813,2.0151831905848914,Calibrated-LSTM-QLIKE-affine_nonnegative,test
2025-10-08,2025-10-09,1.1922218605244943,2.0882168696143992,Calibrated-LSTM-QLIKE-affine_nonnegative,test
2025-10-09,2025-10-10,3.220212549761636,2.103614791611615,Calibrated-LSTM-QLIKE-affine_nonnegative,test
2025-10-10,2025-10-13,1.0007740943267542,2.1021184861234263,Calibrated-LSTM-QLIKE-affine_nonnegative,test
2025-10-13,2025-10-14,0.0530277849803774,2.1762397328803615,Calibrated-LSTM-QLIKE-affine_nonnegative,test
2025-10-14,2025-10-15,0.0312420838438003,2.2615312787156383,Calibrated-LSTM-QLIKE-affine_nonnegative,test
2025-10-15,2025-10-16,0.2550192069697773,2.1878962245919378,Calibrated-LSTM-QLIKE-affine_nonnegative,test
2025-10-16,2025-10-17,4.157221997254808,2.169341849900154,Calibrated-LSTM-QLIKE-affine_nonnegative,test
2025-10-17,2025-10-20,31.687885302040943,2.235144363365664,Calibrated-LSTM-QLIKE-affine_nonnegative,test
2025-10-20,2025-10-21,2.6780326889178614,2.5212402656914685,Calibrated-LSTM-QLIKE-affine_nonnegative,test
2025-10-21,2025-10-22,0.8133878588699036,2.3446524883652677,Calibrated-LSTM-QLIKE-affine_nonnegative,test
2025-10-22,2025-10-23,0.2587585559528909,2.202880076307051,Calibrated-LSTM-QLIKE-affine_nonnegative,test
2025-10-23,2025-10-24,0.053015415411533,2.1278007087782327,Calibrated-LSTM-QLIKE-affine_nonnegative,test
2025-10-24,2025-10-27,3.375069844215606,2.1639304072436545,Calibrated-LSTM-QLIKE-affine_nonnegative,test
2025-10-27,2025-10-28,2.814969211801454,2.2225608128190144,Calibrated-LSTM-QLIKE-affine_nonnegative,test
2025-10-28,2025-10-29,0.1002770987516237,2.21149769741962,Calibrated-LSTM-QLIKE-affine_nonnegative,test
2025-10-29,2025-10-30,0.939332335111435,2.148249195050218,Calibrated-LSTM-QLIKE-affine_nonnegative,test
2025-10-30,2025-10-31,3.2700587697209347,2.1369990414647995,Calibrated-LSTM-QLIKE-affine_nonnegative,test
2025-10-31,2025-11-03,1.9349432702427485,2.2215573656157357,Calibrated-LSTM-QLIKE-affine_nonnegative,test
2025-11-03,2025-11-04,4.580450857721864,2.224659693218697,Calibrated-LSTM-QLIKE-affine_nonnegative,test
2025-11-04,2025-11-05,0.0309750452194787,2.25072999011407,Calibrated-LSTM-QLIKE-affine_nonnegative,test
2025-11-05,2025-11-06,0.5520248822173379,2.1316357248133997,Calibrated-LSTM-QLIKE-affine_nonnegative,test
2025-11-06,2025-11-07,7.216601336017348,2.0919031083041624,Calibrated-LSTM-QLIKE-affine_nonnegative,test
2025-11-07,2025-11-10,1.3629185312754708,2.2949320593849794,Calibrated-LSTM-QLIKE-affine_nonnegative,test
2025-11-10,2025-11-11,0.6782053056730832,2.189759407548363,Calibrated-LSTM-QLIKE-affine_nonnegative,test
2025-11-11,2025-11-12,5.625713037940661,2.127957618218682,Calibrated-LSTM-QLIKE-affine_nonnegative,test
2025-11-12,2025-11-13,0.000662589539105,2.1679341975792537,Calibrated-LSTM-QLIKE-affine_nonnegative,test
2025-11-13,2025-11-14,0.0605676682080504,2.107758560632406,Calibrated-LSTM-QLIKE-affine_nonnegative,test
2025-11-14,2025-11-17,1.328575255573558,2.0660381134804053,Calibrated-LSTM-QLIKE-affine_nonnegative,test
2025-11-17,2025-11-18,0.1101519148224003,2.0889924848433985,Calibrated-LSTM-QLIKE-affine_nonnegative,test
2025-11-18,2025-11-19,0.4356481626659925,2.099736848779655,Calibrated-LSTM-QLIKE-affine_nonnegative,test
2025-11-19,2025-11-20,0.1789267767214806,2.120193867085785,Calibrated-LSTM-QLIKE-affine_nonnegative,test
2025-11-20,2025-11-21,0.0040999105070223,2.0515523192585094,Calibrated-LSTM-QLIKE-affine_nonnegative,test
2025-11-21,2025-11-24,0.6169476621587812,2.0247022744300986,Calibrated-LSTM-QLIKE-affine_nonnegative,test
2025-11-24,2025-11-25,0.2096602420348715,1.944753914978161,Calibrated-LSTM-QLIKE-affine_nonnegative,test
2025-11-25,2025-11-26,1.433673327817772,2.018078349733768,Calibrated-LSTM-QLIKE-affine_nonnegative,test
2025-11-26,2025-11-27,0.0554068207335508,1.9510812181749178,Calibrated-LSTM-QLIKE-affine_nonnegative,test
2025-11-27,2025-11-28,0.1562015926240177,1.9245291279764163,Calibrated-LSTM-QLIKE-affine_nonnegative,test
2025-11-28,2025-12-01,0.39639182484541,1.9133261672048631,Calibrated-LSTM-QLIKE-affine_nonnegative,test
2025-12-01,2025-12-02,0.8106128656312585,1.8588038027573126,Calibrated-LSTM-QLIKE-affine_nonnegative,test
2025-12-02,2025-12-03,0.7276910420234725,1.8947636604180351,Calibrated-LSTM-QLIKE-affine_nonnegative,test
2025-12-03,2025-12-04,0.0994544592328996,1.9227724621337705,Calibrated-LSTM-QLIKE-affine_nonnegative,test
2025-12-04,2025-12-05,0.0550277452970135,1.95334727311863,Calibrated-LSTM-QLIKE-affine_nonnegative,test
2025-12-05,2025-12-08,0.5051234930048776,1.8884795506441376,Calibrated-LSTM-QLIKE-affine_nonnegative,test
2025-12-08,2025-12-09,0.1408736793364905,1.8423179130935705,Calibrated-LSTM-QLIKE-affine_nonnegative,test
2025-12-09,2025-12-10,2.645907078453935,1.9831765976200657,Calibrated-LSTM-QLIKE-affine_nonnegative,test
2025-12-10,2025-12-11,1.3806505812729413,1.8922585752052279,Calibrated-LSTM-QLIKE-affine_nonnegative,test
2025-12-11,2025-12-12,9.667324836347865,1.9189770400695576,Calibrated-LSTM-QLIKE-affine_nonnegative,test
2025-12-12,2025-12-15,0.0028567239256699,2.173987942431235,Calibrated-LSTM-QLIKE-affine_nonnegative,test
2025-12-15,2025-12-16,3.980584197891362,2.0203277405482907,Calibrated-LSTM-QLIKE-affine_nonnegative,test
2025-12-16,2025-12-17,0.1084209662548159,2.0259104904528584,Calibrated-LSTM-QLIKE-affine_nonnegative,test
2025-12-17,2025-12-18,0.0392718088641224,1.9984156104813293,Calibrated-LSTM-QLIKE-affine_nonnegative,test
2025-12-18,2025-12-19,2.613324440401082,2.001166391614907,Calibrated-LSTM-QLIKE-affine_nonnegative,test
2025-12-19,2025-12-22,7.313697947150696,1.9895572260302292,Calibrated-LSTM-QLIKE-affine_nonnegative,test
2025-12-22,2025-12-23,1.4374361396783522,2.015910679808791,Calibrated-LSTM-QLIKE-affine_nonnegative,test
2025-12-23,2025-12-24,0.36034587773515,2.0257031886857404,Calibrated-LSTM-QLIKE-affine_nonnegative,test
2025-12-24,2025-12-25,5.141409326470893,2.0084455498709715,Calibrated-LSTM-QLIKE-affine_nonnegative,test
2025-12-25,2025-12-26,0.5648889447832609,2.1411953358207962,Calibrated-LSTM-QLIKE-affine_nonnegative,test
2025-12-26,2025-12-29,2.0655121585777008,2.166566805794476,Calibrated-LSTM-QLIKE-affine_nonnegative,test
2025-12-29,2025-12-30,0.4690762256667201,2.029951608437842,Calibrated-LSTM-QLIKE-affine_nonnegative,test
2025-12-30,2025-12-31,0.9813005407165244,2.0230162644952165,Calibrated-LSTM-QLIKE-affine_nonnegative,test
2020-01-02,2020-01-03,0.0250907830256049,0.5648885962343788,Calibrated-LSTM-QLIKE-affine_nonnegative,validation
2020-01-03,2020-01-06,0.9476915195201792,0.5578141734695373,Calibrated-LSTM-QLIKE-affine_nonnegative,validation
2020-01-06,2020-01-07,0.104181316002117,0.5682119235186515,Calibrated-LSTM-QLIKE-affine_nonnegative,validation
2020-01-07,2020-01-08,1.0770730792986123,0.5552162024006275,Calibrated-LSTM-QLIKE-affine_nonnegative,validation
2020-01-08,2020-01-09,1.3693209243773992,0.5935787275361583,Calibrated-LSTM-QLIKE-affine_nonnegative,validation
2020-01-09,2020-01-10,0.7569453657796249,0.587307482469995,Calibrated-LSTM-QLIKE-affine_nonnegative,validation
2020-01-10,2020-01-13,0.0779299678700735,0.6183506887981145,Calibrated-LSTM-QLIKE-affine_nonnegative,validation
2020-01-13,2020-01-14,0.0144073552388825,0.6315235496094235,Calibrated-LSTM-QLIKE-affine_nonnegative,validation
2020-01-14,2020-01-15,0.0033517503388054,0.6399793953558205,Calibrated-LSTM-QLIKE-affine_nonnegative,validation
2020-01-15,2020-01-16,0.483315508188739,0.632237974156038,Calibrated-LSTM-QLIKE-affine_nonnegative,validation
2020-01-16,2020-01-17,0.2266955412354889,0.6291822061300327,Calibrated-LSTM-QLIKE-affine_nonnegative,validation
2020-01-17,2020-01-20,0.0011366961882311,0.6206189434068798,Calibrated-LSTM-QLIKE-affine_nonnegative,validation
2020-01-20,2020-01-21,0.620613610020936,0.610038887784432,Calibrated-LSTM-QLIKE-affine_nonnegative,validation
2020-01-21,2020-01-22,0.2649229323580117,0.6042159077934678,Calibrated-LSTM-QLIKE-affine_nonnegative,validation
2020-01-22,2020-01-30,10.681729656091257,0.5928715685498702,Calibrated-LSTM-QLIKE-affine_nonnegative,validation
2020-01-30,2020-01-31,5.865133827993191,0.9357663553400686,Calibrated-LSTM-QLIKE-affine_nonnegative,validation
2020-01-31,2020-02-03,0.8272024151231092,1.7335944686092444,Calibrated-LSTM-QLIKE-affine_nonnegative,validation
2020-02-03,2020-02-04,0.0104658835251161,2.0957659867633347,Calibrated-LSTM-QLIKE-affine_nonnegative,validation
2020-02-04,2020-02-05,0.1175512507127237,2.230588923697374,Calibrated-LSTM-QLIKE-affine_nonnegative,validation
2020-02-05,2020-02-06,1.8356018915555292,2.2235683927263312,Calibrated-LSTM-QLIKE-affine_nonnegative,validation
2020-02-06,2020-02-07,0.0553168362540114,2.0690305911437488,Calibrated-LSTM-QLIKE-affine_nonnegative,validation
2020-02-07,2020-02-10,1.14665654297727,1.9236804572050512,Calibrated-LSTM-QLIKE-affine_nonnegative,validation
2020-02-10,2020-02-11,0.1784472180385378,2.0173951204369964,Calibrated-LSTM-QLIKE-affine_nonnegative,validation
2020-02-11,2020-02-12,0.1033759850072604,1.908464774124653,Calibrated-LSTM-QLIKE-affine_nonnegative,validation
2020-02-12,2020-02-13,0.0035645724311596,1.7761093281279698,Calibrated-LSTM-QLIKE-affine_nonnegative,validation
2020-02-13,2020-02-14,0.007095648592579,1.623862910965467,Calibrated-LSTM-QLIKE-affine_nonnegative,validation
2020-02-14,2020-02-17,0.0819627293788475,1.4598504187778376,Calibrated-LSTM-QLIKE-affine_nonnegative,validation
2020-02-17,2020-02-18,0.5393743252289994,1.3203340631858191,Calibrated-LSTM-QLIKE-affine_nonnegative,validation
2020-02-18,2020-02-19,0.0079935084291448,1.2863956310523064,Calibrated-LSTM-QLIKE-affine_nonnegative,validation
2020-02-19,2020-02-20,1.007648372641439,1.2356030986564788,Calibrated-LSTM-QLIKE-affine_nonnegative,validation
2020-02-20,2020-02-21,0.2901840002942764,1.1815119352158374,Calibrated-LSTM-QLIKE-affine_nonnegative,validation
2020-02-21,2020-02-24,10.499319840007198,1.1707042475886602,Calibrated-LSTM-QLIKE-affine_nonnegative,validation
2020-02-24,2020-02-25,0.487607684946675,1.7377826308701965,Calibrated-LSTM-QLIKE-affine_nonnegative,validation
2020-02-25,2020-02-26,2.3027959637577347,1.8951150735743845,Calibrated-LSTM-QLIKE-affine_nonnegative,validation
2020-02-26,2020-02-27,0.0757898564940438,2.2314815877698,Calibrated-LSTM-QLIKE-affine_nonnegative,validation
2020-02-27,2020-02-28,3.3315279697661397,2.188095260950978,Calibrated-LSTM-QLIKE-affine_nonnegative,validation
2020-02-28,2020-03-02,0.0643087707016609,2.4051134152038407,Calibrated-LSTM-QLIKE-affine_nonnegative,validation
2020-03-02,2020-03-03,0.4848687144344406,2.247364369269914,Calibrated-LSTM-QLIKE-affine_nonnegative,validation
2020-03-03,2020-03-04,0.0194121329487549,2.079925865433946,Calibrated-LSTM-QLIKE-affine_nonnegative,validation
2020-03-04,2020-03-05,0.1953921289983395,1.9676322979120497,Calibrated-LSTM-QLIKE-affine_nonnegative,validation
2020-03-05,2020-03-06,0.0439125584620563,1.778168614556698,Calibrated-LSTM-QLIKE-affine_nonnegative,validation
2020-03-06,2020-03-09,42.01600464009923,1.632052997179549,Calibrated-LSTM-QLIKE-affine_nonnegative,validation
2020-03-09,2020-03-10,0.0577385447930077,2.9745531055915366,Calibrated-LSTM-QLIKE-affine_nonnegative,validation
2020-03-10,2020-03-11,10.062685801317658,3.295871377876651,Calibrated-LSTM-QLIKE-affine_nonnegative,validation
2020-03-11,2020-03-12,28.39132734538161,3.6385391992272873,Calibrated-LSTM-QLIKE-affine_nonnegative,validation
2020-03-12,2020-03-13,0.9522274265858316,4.008731895981994,Calibrated-LSTM-QLIKE-affine_nonnegative,validation
2020-03-13,2020-03-16,3.4010756349170417,4.306712921871856,Calibrated-LSTM-QLIKE-affine_nonnegative,validation
2020-03-16,2020-03-17,0.0775702786503674,4.364932589990952,Calibrated-LSTM-QLIKE-affine_nonnegative,validation
2020-03-17,2020-03-18,0.0633870572758951,4.098044696160261,Calibrated-LSTM-QLIKE-affine_nonnegative,validation
2020-03-18,2020-03-19,8.691271441121467,3.777049041416257,Calibrated-LSTM-QLIKE-affine_nonnegative,validation
2020-03-19,2020-03-20,5.099806319623413,3.8926778344106667,Calibrated-LSTM-QLIKE-affine_nonnegative,validation
2020-03-20,2020-03-23,39.324753398937766,4.0261601754796645,Calibrated-LSTM-QLIKE-affine_nonnegative,validation
2020-03-23,2020-03-24,1.2394404253652411,4.364098850279339,Calibrated-LSTM-QLIKE-affine_nonnegative,validation
2020-03-24,2020-03-25,21.170767602446844,4.5050237913834925,Calibrated-LSTM-QLIKE-affine_nonnegative,validation
2020-03-25,2020-03-26,0.3272592319629427,4.4356444892287366,Calibrated-LSTM-QLIKE-affine_nonnegative,validation
2020-03-26,2020-03-27,0.0708281107928228,4.304144779594195,Calibrated-LSTM-QLIKE-affine_nonnegative,validation
2020-03-27,2020-03-30,24.77812989942355,3.956613165528745,Calibrated-LSTM-QLIKE-affine_nonnegative,validation
2020-03-30,2020-03-31,0.0016614736162584,4.584390372757165,Calibrated-LSTM-QLIKE-affine_nonnegative,validation
2020-03-31,2020-04-01,6.951204185299923,4.259872054415522,Calibrated-LSTM-QLIKE-affine_nonnegative,validation
2020-04-01,2020-04-03,9.745314866975544,4.081799969774149,Calibrated-LSTM-QLIKE-affine_nonnegative,validation
2020-04-03,2020-04-06,23.61975403181723,3.9854871688320026,Calibrated-LSTM-QLIKE-affine_nonnegative,validation
2020-04-06,2020-04-07,1.7959977540981795,4.030268883172641,Calibrated-LSTM-QLIKE-affine_nonnegative,validation
2020-04-07,2020-04-08,0.031670113685362,3.5086136498925082,Calibrated-LSTM-QLIKE-affine_nonnegative,validation
2020-04-08,2020-04-09,2.664349091269905,3.299474029294399,Calibrated-LSTM-QLIKE-affine_nonnegative,validation
2020-04-09,2020-04-10,0.0991193599969613,3.1289687924354186,Calibrated-LSTM-QLIKE-affine_nonnegative,validation
2020-04-10,2020-04-13,1.0616734405284087,2.838707924316494,Calibrated-LSTM-QLIKE-affine_nonnegative,validation
2020-04-13,2020-04-14,0.044657326796299,2.7672654696550385,Calibrated-LSTM-QLIKE-affine_nonnegative,validation
2020-04-14,2020-04-15,1.6134694756828007,2.4409762209761627,Calibrated-LSTM-QLIKE-affine_nonnegative,validation
2020-04-15,2020-04-16,0.1995857905304535,2.2935436041409054,Calibrated-LSTM-QLIKE-affine_nonnegative,validation
2020-04-16,2020-04-17,1.2849435357813008,2.111487592805928,Calibrated-LSTM-QLIKE-affine_nonnegative,validation
2020-04-17,2020-04-20,0.4593979249949131,1.9350977853344986,Calibrated-LSTM-QLIKE-affine_nonnegative,validation
2020-04-20,2020-04-21,12.978873344019766,1.7484011473028138,Calibrated-LSTM-QLIKE-affine_nonnegative,validation
2020-04-21,2020-04-22,0.0733737116381983,2.29071710120429,Calibrated-LSTM-QLIKE-affine_nonnegative,validation
2020-04-22,2020-04-23,0.4184349588364568,2.2327884554373614,Calibrated-LSTM-QLIKE-affine_nonnegative,validation
2020-04-23,2020-04-24,0.1258182196300893,2.2064319354590287,Calibrated-LSTM-QLIKE-affine_nonnegative,validation
2020-04-24,2020-04-27,0.5795257679139346,2.1360189240423866,Calibrated-LSTM-QLIKE-affine_nonnegative,validation
2020-04-27,2020-04-28,0.2143187476000118,2.142833219750579,Calibrated-LSTM-QLIKE-affine_nonnegative,validation
2020-04-28,2020-04-29,0.0611792667418572,2.0493531874576227,Calibrated-LSTM-QLIKE-affine_nonnegative,validation
2020-04-29,2020-05-04,0.7518344451734201,1.9237565789471889,Calibrated-LSTM-QLIKE-affine_nonnegative,validation
2020-05-04,2020-05-05,0.0490191944837796,1.8667481930506242,Calibrated-LSTM-QLIKE-affine_nonnegative,validation
2020-05-05,2020-05-06,5.6795185291388,1.776955066012598,Calibrated-LSTM-QLIKE-affine_nonnegative,validation
2020-05-06,2020-05-07,3.121729248484887,1.8475087226795996,Calibrated-LSTM-QLIKE-affine_nonnegative,validation
2020-05-07,2020-05-08,4.558766386917776,1.8218867575159425,Calibrated-LSTM-QLIKE-affine_nonnegative,validation
2020-05-08,2020-05-11,3.1623544686065705,1.8153222904325599,Calibrated-LSTM-QLIKE-affine_nonnegative,validation
2020-05-11,2020-05-12,0.7061476617266061,1.8220499326689665,Calibrated-LSTM-QLIKE-affine_nonnegative,validation
2020-05-12,2020-05-13,0.0176814396147646,1.7680214930105949,Calibrated-LSTM-QLIKE-affine_nonnegative,validation
2020-05-13,2020-05-14,0.0471790852184788,1.752715557006506,Calibrated-LSTM-QLIKE-affine_nonnegative,validation
2020-05-14,2020-05-15,0.4188839500568042,1.7509434268519721,Calibrated-LSTM-QLIKE-affine_nonnegative,validation
2020-05-15,2020-05-18,1.4388117144550177,1.7597963454686978,Calibrated-LSTM-QLIKE-affine_nonnegative,validation
2020-05-18,2020-05-19,1.1212214832868546,1.7167875611607941,Calibrated-LSTM-QLIKE-affine_nonnegative,validation
2020-05-19,2020-05-20,0.6772038230630518,1.6668482321794718,Calibrated-LSTM-QLIKE-affine_nonnegative,validation
2020-05-20,2020-05-21,1.3105093570623978,1.6390167367983133,Calibrated-LSTM-QLIKE-affine_nonnegative,validation
2020-05-21,2020-05-22,1.3565460202551032,1.5579210853799328,Calibrated-LSTM-QLIKE-affine_nonnegative,validation
2020-05-22,2020-05-25,0.541812619677385,1.6245685368518694,Calibrated-LSTM-QLIKE-affine_nonnegative,validation
2020-05-25,2020-05-26,1.3635757531139376,1.5916488829204893,Calibrated-LSTM-QLIKE-affine_nonnegative,validation
2020-05-26,2020-05-27,1.8211114283606344,1.5515841836447626,Calibrated-LSTM-QLIKE-affine_nonnegative,validation
2020-05-27,2020-05-28,0.2069802660068541,1.6515297647502327,Calibrated-LSTM-QLIKE-affine_nonnegative,validation
2020-05-28,2020-05-29,0.1273946587706487,1.6571066488813255,Calibrated-LSTM-QLIKE-affine_nonnegative,validation
2020-05-29,2020-06-01,2.6545527294324818,1.620776580926528,Calibrated-LSTM-QLIKE-affine_nonnegative,validation
2020-06-01,2020-06-02,0.1948438272852952,1.5901528440583679,Calibrated-LSTM-QLIKE-affine_nonnegative,validation
2020-06-02,2020-06-03,0.526391032778092,1.6110083350216786,Calibrated-LSTM-QLIKE-affine_nonnegative,validation
2020-06-03,2020-06-04,0.0956890209261397,1.5682223167927811,Calibrated-LSTM-QLIKE-affine_nonnegative,validation
2020-06-04,2020-06-05,0.068711754863941,1.555166971420517,Calibrated-LSTM-QLIKE-affine_nonnegative,validation
2020-06-05,2020-06-08,2.3533534927844846,1.5351850807658391,Calibrated-LSTM-QLIKE-affine_nonnegative,validation
2020-06-08,2020-06-09,0.0029663396470081,1.5067746068801189,Calibrated-LSTM-QLIKE-affine_nonnegative,validation
2020-06-09,2020-06-10,0.0192877721914381,1.5334897389186108,Calibrated-LSTM-QLIKE-affine_nonnegative,validation
2020-06-10,2020-06-11,14.20113167350128,1.5310389121104448,Calibrated-LSTM-QLIKE-affine_nonnegative,validation
2020-06-11,2020-06-12,0.1978991573902568,1.862462179023071,Calibrated-LSTM-QLIKE-affine_nonnegative,validation
2020-06-12,2020-06-15,13.410151498832947,1.8245434196478576,Calibrated-LSTM-QLIKE-affine_nonnegative,validation
2020-06-15,2020-06-16,7.854033490557961,2.344681283980507,Calibrated-LSTM-QLIKE-affine_nonnegative,validation
2020-06-16,2020-06-17,0.0390437911460607,2.608841859771518,Calibrated-LSTM-QLIKE-affine_nonnegative,validation
2020-06-17,2020-06-18,0.0094269529730988,2.5503337022478934,Calibrated-LSTM-QLIKE-affine_nonnegative,validation
2020-06-18,2020-06-19,2.3775972708277777,2.475681602991496,Calibrated-LSTM-QLIKE-affine_nonnegative,validation
2020-06-19,2020-06-22,0.0977642075595444,2.3031618728830487,Calibrated-LSTM-QLIKE-affine_nonnegative,validation
2020-06-22,2020-06-23,0.1254074833473004,2.1192452115392824,Calibrated-LSTM-QLIKE-affine_nonnegative,validation
2020-06-23,2020-06-24,0.9656953175585764,1.9876220540357048,Calibrated-LSTM-QLIKE-affine_nonnegative,validation
2020-06-24,2020-06-25,0.3568032861992914,1.9975870699780245,Calibrated-LSTM-QLIKE-affine_nonnegative,validation
2020-06-25,2020-06-26,0.0935607015251472,2.002082785407299,Calibrated-LSTM-QLIKE-affine_nonnegative,validation
2020-06-26,2020-06-29,7.240799310682349,1.9619391648157305,Calibrated-LSTM-QLIKE-affine_nonnegative,validation
2020-06-29,2020-06-30,0.263950183757359,2.133005116293681,Calibrated-LSTM-QLIKE-affine_nonnegative,validation
2020-06-30,2020-07-01,4.853797558668691,2.07189788786862,Calibrated-LSTM-QLIKE-affine_nonnegative,validation
2020-07-01,2020-07-02,0.0173403520116891,2.0877965336197226,Calibrated-LSTM-QLIKE-affine_nonnegative,validation
2020-07-02,2020-07-03,0.3830874038106421,2.077008842947573,Calibrated-LSTM-QLIKE-affine_nonnegative,validation
2020-07-03,2020-07-06,2.515298700046254,2.0475661262433347,Calibrated-LSTM-QLIKE-affine_nonnegative,validation
2020-07-06,2020-07-07,0.0686927141453309,1.9651316120293485,Calibrated-LSTM-QLIKE-affine_nonnegative,validation
2020-07-07,2020-07-08,0.0156264509294999,1.8344679084279887,Calibrated-LSTM-QLIKE-affine_nonnegative,validation
2020-07-08,2020-07-09,1.8878106377661732,1.8022396158884249,Calibrated-LSTM-QLIKE-affine_nonnegative,validation
2020-07-09,2020-07-10,0.3609627180509834,1.742050381012158,Calibrated-LSTM-QLIKE-affine_nonnegative,validation
2020-07-10,2020-07-13,0.0819210906952639,1.7664066722356102,Calibrated-LSTM-QLIKE-affine_nonnegative,validation
2020-07-13,2020-07-14,0.0049340673468667,1.6902774645678507,Calibrated-LSTM-QLIKE-affine_nonnegative,validation
2020-07-14,2020-07-15,0.0429038013029008,1.6027623906465531,Calibrated-LSTM-QLIKE-affine_nonnegative,validation
2020-07-15,2020-07-16,0.6277983835430785,1.4926830192983316,Calibrated-LSTM-QLIKE-affine_nonnegative,validation
2020-07-16,2020-07-17,0.3025848721746239,1.3915458862992918,Calibrated-LSTM-QLIKE-affine_nonnegative,validation
2020-07-17,2020-07-20,1.5014548821169582,1.3638780993232913,Calibrated-LSTM-QLIKE-affine_nonnegative,validation
2020-07-20,2020-07-21,0.0011330265098316,1.420094472487735,Calibrated-LSTM-QLIKE-affine_nonnegative,validation
2020-07-21,2020-07-22,0.5929839946327068,1.3781397943358453,Calibrated-LSTM-QLIKE-affine_nonnegative,validation
2020-07-22,2020-07-23,0.0380690415470228,1.3718803474731487,Calibrated-LSTM-QLIKE-affine_nonnegative,validation
2020-07-23,2020-07-24,10.714506391324338,1.3064719073347135,Calibrated-LSTM-QLIKE-affine_nonnegative,validation
2020-07-24,2020-07-27,29.71654662116303,1.817526888067821,Calibrated-LSTM-QLIKE-affine_nonnegative,validation
2020-07-27,2020-07-28,12.442241141417854,2.7254174419299617,Calibrated-LSTM-QLIKE-affine_nonnegative,validation
2020-07-28,2020-07-29,7.88382185098053,3.2321010882940655,Calibrated-LSTM-QLIKE-affine_nonnegative,validation
2020-07-29,2020-07-30,1.6712179001127756,3.507839901045979,Calibrated-LSTM-QLIKE-affine_nonnegative,validation
2020-07-30,2020-07-31,0.1173768950572407,3.908715658968761,Calibrated-LSTM-QLIKE-affine_nonnegative,validation
2020-07-31,2020-08-03,4.064809725455425,3.7287721259628843,Calibrated-LSTM-QLIKE-affine_nonnegative,validation
2020-08-03,2020-08-04,2.475940854259596,3.50435323196739,Calibrated-LSTM-QLIKE-affine_nonnegative,validation
2020-08-04,2020-08-05,1.5093873640970836,3.244650377391101,Calibrated-LSTM-QLIKE-affine_nonnegative,validation
2020-08-05,2020-08-06,0.0712944062273411,2.939329669127959,Calibrated-LSTM-QLIKE-affine_nonnegative,validation
2020-08-06,2020-08-07,0.0285261487999524,2.739833380122295,Calibrated-LSTM-QLIKE-affine_nonnegative,validation
2020-08-07,2020-08-10,0.0426711422269859,2.573413121236325,Calibrated-LSTM-QLIKE-affine_nonnegative,validation
2020-08-10,2020-08-11,0.0002025643928529,2.321970342216715,Calibrated-LSTM-QLIKE-affine_nonnegative,validation
2020-08-11,2020-08-12,0.2065144883305979,2.1556014088486486,Calibrated-LSTM-QLIKE-affine_nonnegative,validation
2020-08-12,2020-08-13,0.9127332835843408,1.877311117948265,Calibrated-LSTM-QLIKE-affine_nonnegative,validation
2020-08-13,2020-08-14,0.255367280706292,1.73374177951128,Calibrated-LSTM-QLIKE-affine_nonnegative,validation
2020-08-14,2020-08-17,0.0048129527023226,1.6724719091853288,Calibrated-LSTM-QLIKE-affine_nonnegative,validation
2020-08-17,2020-08-18,0.1923085427612989,1.5989988303973508,Calibrated-LSTM-QLIKE-affine_nonnegative,validation
2020-08-18,2020-08-19,0.3171223716823505,1.5378902688419547,Calibrated-LSTM-QLIKE-affine_nonnegative,validation
2020-08-19,2020-08-20,0.1246527755214606,1.4771709813444263,Calibrated-LSTM-QLIKE-affine_nonnegative,validation
2020-08-20,2020-08-21,0.5953479247893214,1.4572810766828754,Calibrated-LSTM-QLIKE-affine_nonnegative,validation
2020-08-21,2020-08-24,2.601992310993434,1.4509607057638614,Calibrated-LSTM-QLIKE-affine_nonnegative,validation
2020-08-24,2020-08-25,0.3897315001367304,1.4416231942703037,Calibrated-LSTM-QLIKE-affine_nonnegative,validation
2020-08-25,2020-08-26,0.0055335984725061,1.4295687631536806,Calibrated-LSTM-QLIKE-affine_nonnegative,validation
2020-08-26,2020-08-27,0.0201247832938772,1.4376223368214418,Calibrated-LSTM-QLIKE-affine_nonnegative,validation
2020-08-27,2020-08-28,0.2371438175251532,1.4060484779634101,Calibrated-LSTM-QLIKE-affine_nonnegative,validation
2020-08-28,2020-08-31,0.0919913483576587,1.3875388964508881,Calibrated-LSTM-QLIKE-affine_nonnegative,validation
2020-08-31,2020-09-01,1.2923697898915891,1.3579111412561293,Calibrated-LSTM-QLIKE-affine_nonnegative,validation
2020-09-01,2020-09-03,1.8585263119302429,1.2769770652343706,Calibrated-LSTM-QLIKE-affine_nonnegative,validation
2020-09-03,2020-09-04,0.0724558184717704,1.2535642303491141,Calibrated-LSTM-QLIKE-affine_nonnegative,validation
2020-09-04,2020-09-07,2.20557465755946,1.2750158971983103,Calibrated-LSTM-QLIKE-affine_nonnegative,validation
2020-09-07,2020-09-08,0.045178302752493,1.4160497550508464,Calibrated-LSTM-QLIKE-affine_nonnegative,validation
2020-09-08,2020-09-09,0.0084939812398233,1.4203125726105679,Calibrated-LSTM-QLIKE-affine_nonnegative,validation
2020-09-09,2020-09-10,0.003162773705203,1.4208328933803824,Calibrated-LSTM-QLIKE-affine_nonnegative,validation
2020-09-10,2020-09-11,0.0002847617108647,1.3947080714543014,Calibrated-LSTM-QLIKE-affine_nonnegative,validation
2020-09-11,2020-09-14,0.3943421427943259,1.350974464183169,Calibrated-LSTM-QLIKE-affine_nonnegative,validation
2020-09-14,2020-09-15,0.0356225443834294,1.287142850605166,Calibrated-LSTM-QLIKE-affine_nonnegative,validation
2020-09-15,2020-09-16,0.0182018998394976,1.2712811325643474,Calibrated-LSTM-QLIKE-affine_nonnegative,validation
2020-09-16,2020-09-17,0.1466259433788813,1.2106202361754994,Calibrated-LSTM-QLIKE-affine_nonnegative,validation
2020-09-17,2020-09-18,0.5927837774192054,1.2207741566863122,Calibrated-LSTM-QLIKE-affine_nonnegative,validation
2020-09-18,2020-09-21,0.5973025247310948,1.1691052910646642,Calibrated-LSTM-QLIKE-affine_nonnegative,validation
2020-09-21,2020-09-22,0.0372219865301334,1.154877990814757,Calibrated-LSTM-QLIKE-affine_nonnegative,validation
2020-09-22,2020-09-23,0.4815094749114654,1.1782877595002423,Calibrated-LSTM-QLIKE-affine_nonnegative,validation
2020-09-23,2020-09-24,0.1853426709964717,1.1425136735517252,Calibrated-LSTM-QLIKE-affine_nonnegative,validation
2020-09-24,2020-09-25,0.0011645154128207,1.172784130881067,Calibrated-LSTM-QLIKE-affine_nonnegative,validation
2020-09-25,2020-09-28,0.2158897933071618,1.174088665570542,Calibrated-LSTM-QLIKE-affine_nonnegative,validation
2020-09-28,2020-09-29,0.8800033176965605,1.1638943512105737,Calibrated-LSTM-QLIKE-affine_nonnegative,validation
2020-09-29,2020-09-30,0.0184885133347586,1.2541680050779098,Calibrated-LSTM-QLIKE-affine_nonnegative,validation
2020-09-30,2020-10-01,0.9529808677190772,1.2473577087607233,Calibrated-LSTM-QLIKE-affine_nonnegative,validation
2020-10-01,2020-10-02,0.2100701799336074,1.2148093316276865,Calibrated-LSTM-QLIKE-affine_nonnegative,validation
2020-10-02,2020-10-05,0.2733808865752189,1.315032737095005,Calibrated-LSTM-QLIKE-affine_nonnegative,validation
2020-10-05,2020-10-06,0.0117020561613317,1.2942624331601111,Calibrated-LSTM-QLIKE-affine_nonnegative,validation
2020-10-06,2020-10-07,0.194766708657986,1.325796298108088,Calibrated-LSTM-QLIKE-affine_nonnegative,validation
2020-10-07,2020-10-08,0.0091636773062023,1.3277054740610768,Calibrated-LSTM-QLIKE-affine_nonnegative,validation
2020-10-08,2020-10-09,0.3136074736535195,1.3381258873258886,Calibrated-LSTM-QLIKE-affine_nonnegative,validation
2020-10-09,2020-10-12,0.039147029875858,1.275309852437214,Calibrated-LSTM-QLIKE-affine_nonnegative,validation
2020-10-12,2020-10-13,0.1886516440368795,1.2852239428007306,Calibrated-LSTM-QLIKE-affine_nonnegative,validation
2020-10-13,2020-10-14,1.2182219245675234,1.2266132675543318,Calibrated-LSTM-QLIKE-affine_nonnegative,validation
2020-10-14,2020-10-15,0.0750977601457549,1.212591002749973,Calibrated-LSTM-QLIKE-affine_nonnegative,validation
2020-10-15,2020-10-16,0.0032789630718449,1.254559545457348,Calibrated-LSTM-QLIKE-affine_nonnegative,validation
2020-10-16,2020-10-19,0.0017086378411738,1.2677390052638158,Calibrated-LSTM-QLIKE-affine_nonnegative,validation
2020-10-19,2020-10-20,0.0059793113747856,1.2578386461427513,Calibrated-LSTM-QLIKE-affine_nonnegative,validation
2020-10-20,2020-10-21,0.3275908040251104,1.2617380523731072,Calibrated-LSTM-QLIKE-affine_nonnegative,validation
2020-10-21,2020-10-22,1.3246371755092925,1.2672065530079513,Calibrated-LSTM-QLIKE-affine_nonnegative,validation
2020-10-22,2020-10-23,1.4132948922636843,1.2309704707417828,Calibrated-LSTM-QLIKE-affine_nonnegative,validation
2020-10-23,2020-10-26,1.1970960361828058,1.254552346553538,Calibrated-LSTM-QLIKE-affine_nonnegative,validation
2020-10-26,2020-10-27,0.2083430476879338,1.3719821986307552,Calibrated-LSTM-QLIKE-affine_nonnegative,validation
2020-10-27,2020-10-28,7.411979475736142,1.4454339473333706,Calibrated-LSTM-QLIKE-affine_nonnegative,validation
2020-10-28,2020-10-29,0.0458453997519621,1.7554303436210348,Calibrated-LSTM-QLIKE-affine_nonnegative,validation
2020-10-29,2020-10-30,0.4800476169952387,1.8049308060960212,Calibrated-LSTM-QLIKE-affine_nonnegative,validation
2020-10-30,2020-11-02,0.7800511650758589,1.7576313418043912,Calibrated-LSTM-QLIKE-affine_nonnegative,validation
2020-11-02,2020-11-03,0.0342682571944602,1.7515426689376286,Calibrated-LSTM-QLIKE-affine_nonnegative,validation
2020-11-03,2020-11-04,0.2152577372300542,1.757870638699553,Calibrated-LSTM-QLIKE-affine_nonnegative,validation
2020-11-04,2020-11-05,0.045844571767648,1.6991963731361672,Calibrated-LSTM-QLIKE-affine_nonnegative,validation
2020-11-05,2020-11-06,0.003314082741207,1.6658138563524179,Calibrated-LSTM-QLIKE-affine_nonnegative,validation
2020-11-06,2020-11-09,2.10118385761475,1.6186922316474983,Calibrated-LSTM-QLIKE-affine_nonnegative,validation
2020-11-09,2020-11-10,8.938431274224163e-05,1.5767352871740394,Calibrated-LSTM-QLIKE-affine_nonnegative,validation
2020-11-10,2020-11-11,0.0011297213251294,1.6353740914705104,Calibrated-LSTM-QLIKE-affine_nonnegative,validation
2020-11-11,2020-11-12,0.5456632914405392,1.619450249556073,Calibrated-LSTM-QLIKE-affine_nonnegative,validation
2020-11-12,2020-11-13,0.5301286092359084,1.5569311027930397,Calibrated-LSTM-QLIKE-affine_nonnegative,validation
2020-11-13,2020-11-16,2.614940684665197,1.5363275734630748,Calibrated-LSTM-QLIKE-affine_nonnegative,validation
2020-11-16,2020-11-17,3.5600857195920512,1.659044887075621,Calibrated-LSTM-QLIKE-affine_nonnegative,validation
2020-11-17,2020-11-18,0.2272651607739751,1.7071378305427407,Calibrated-LSTM-QLIKE-affine_nonnegative,validation
2020-11-18,2020-11-19,0.9890184423772188,1.7295857456914052,Calibrated-LSTM-QLIKE-affine_nonnegative,validation
2020-11-19,2020-11-20,0.4666750014882298,1.7326092852915578,Calibrated-LSTM-QLIKE-affine_nonnegative,validation
2020-11-20,2020-11-23,0.1783704119345972,1.760179220500957,Calibrated-LSTM-QLIKE-affine_nonnegative,validation
2020-11-23,2020-11-24,0.0248986125796567,1.7539249728465671,Calibrated-LSTM-QLIKE-affine_nonnegative,validation
2020-11-24,2020-11-25,0.1754782563587062,1.7552321071401957,Calibrated-LSTM-QLIKE-affine_nonnegative,validation
2020-11-25,2020-11-26,0.3614717362335366,1.7226596003480923,Calibrated-LSTM-QLIKE-affine_nonnegative,validation
2020-11-26,2020-11-27,0.1777363368777613,1.7079103795719686,Calibrated-LSTM-QLIKE-affine_nonnegative,validation
2020-11-27,2020-11-30,0.50308697006867,1.6880378056047745,Calibrated-LSTM-QLIKE-affine_nonnegative,validation
2020-11-30,2020-12-01,0.331272320082079,1.6979745591839888,Calibrated-LSTM-QLIKE-affine_nonnegative,validation
2020-12-01,2020-12-02,0.2902563684716866,1.6912773123192237,Calibrated-LSTM-QLIKE-affine_nonnegative,validation
2020-12-02,2020-12-03,0.290315397256232,1.6786989609808818,Calibrated-LSTM-QLIKE-affine_nonnegative,validation
2020-12-03,2020-12-04,0.0274172683613022,1.6748910074915178,Calibrated-LSTM-QLIKE-affine_nonnegative,validation
2020-12-04,2020-12-07,0.6850937253628709,1.683340254242756,Calibrated-LSTM-QLIKE-affine_nonnegative,validation
2020-12-07,2020-12-08,0.0048900250994697,1.6461387189878616,Calibrated-LSTM-QLIKE-affine_nonnegative,validation
2020-12-08,2020-12-09,0.9108272820038537,1.6642295642621086,Calibrated-LSTM-QLIKE-affine_nonnegative,validation
2020-12-09,2020-12-10,0.6307404981430905,1.63854840811157,Calibrated-LSTM-QLIKE-affine_nonnegative,validation
2020-12-10,2020-12-11,2.1005332911557746,1.6898094025071744,Calibrated-LSTM-QLIKE-affine_nonnegative,validation
2020-12-11,2020-12-14,2.953190631516623,1.6909001697474058,Calibrated-LSTM-QLIKE-affine_nonnegative,validation
2020-12-14,2020-12-15,0.6927758012586854,1.6813312268276634,Calibrated-LSTM-QLIKE-affine_nonnegative,validation
2020-12-15,2020-12-16,1.2199074044400842,1.748324492308542,Calibrated-LSTM-QLIKE-affine_nonnegative,validation
2020-12-16,2020-12-17,2.0641473967885817,1.7456179711020912,Calibrated-LSTM-QLIKE-affine_nonnegative,validation
2020-12-17,2020-12-18,2.192631063716555,1.8278282527937029,Calibrated-LSTM-QLIKE-affine_nonnegative,validation
2020-12-18,2020-12-21,1.6074554836667916,1.8186945769283915,Calibrated-LSTM-QLIKE-affine_nonnegative,validation
2020-12-21,2020-12-22,0.0479545490733483,1.811250110510767,Calibrated-LSTM-QLIKE-affine_nonnegative,validation
2020-12-22,2020-12-23,0.1771055150673424,1.8418430520681848,Calibrated-LSTM-QLIKE-affine_nonnegative,validation
2020-12-23,2020-12-24,1.124406225180995,1.8578703448966307,Calibrated-LSTM-QLIKE-affine_nonnegative,validation
2020-12-24,2020-12-25,2.4671237918391133,1.8647826256844577,Calibrated-LSTM-QLIKE-affine_nonnegative,validation
2020-12-25,2020-12-28,0.4034604996523059,1.84613786475595,Calibrated-LSTM-QLIKE-affine_nonnegative,validation
2020-12-28,2020-12-29,0.5549207078341868,1.8482124821835328,Calibrated-LSTM-QLIKE-affine_nonnegative,validation
2020-12-29,2020-12-30,0.0315106576863239,1.8333546112850934,Calibrated-LSTM-QLIKE-affine_nonnegative,validation
2020-12-30,2020-12-31,0.3307256931476,1.863036624884493,Calibrated-LSTM-QLIKE-affine_nonnegative,validation
2020-12-31,2021-01-04,2.2278705339723945,1.842328444823218,Calibrated-LSTM-QLIKE-affine_nonnegative,validation
2021-01-04,2021-01-05,1.1499318142027897,1.8006599897542885,Calibrated-LSTM-QLIKE-affine_nonnegative,validation
2021-01-05,2021-01-06,0.8776630886951989,1.8052279608477289,Calibrated-LSTM-QLIKE-affine_nonnegative,validation
2021-01-06,2021-01-07,1.3339004712332734,1.8203512579959005,Calibrated-LSTM-QLIKE-affine_nonnegative,validation
2021-01-07,2021-01-08,0.9288877612518626,1.796792578651977,Calibrated-LSTM-QLIKE-affine_nonnegative,validation
2021-01-08,2021-01-11,2.138176540768584,1.7990715649599407,Calibrated-LSTM-QLIKE-affine_nonnegative,validation
2021-01-11,2021-01-12,0.3865727035398198,1.7869407454751123,Calibrated-LSTM-QLIKE-affine_nonnegative,validation
2021-01-12,2021-01-13,0.2744693433035448,1.7760390721593065,Calibrated-LSTM-QLIKE-affine_nonnegative,validation
2021-01-13,2021-01-14,0.0129409883939506,1.8241584116070628,Calibrated-LSTM-QLIKE-affine_nonnegative,validation
2021-01-14,2021-01-15,0.3260937940923989,1.8299098024990283,Calibrated-LSTM-QLIKE-affine_nonnegative,validation
2021-01-15,2021-01-18,0.0358827142959493,1.8204664404568582,Calibrated-LSTM-QLIKE-affine_nonnegative,validation
2021-01-18,2021-01-19,27.541540391562137,1.8380005705031406,Calibrated-LSTM-QLIKE-affine_nonnegative,validation
2021-01-19,2021-01-20,0.1055259451193829,2.369352193963058,Calibrated-LSTM-QLIKE-affine_nonnegative,validation
2021-01-20,2021-01-21,6.600825920548621,2.18634726045551,Calibrated-LSTM-QLIKE-affine_nonnegative,validation
2021-01-21,2021-01-22,0.0486234498742934,2.1628604368366524,Calibrated-LSTM-QLIKE-affine_nonnegative,validation
2021-01-22,2021-01-25,0.003916873597976,2.091307732296478,Calibrated-LSTM-QLIKE-affine_nonnegative,validation
2021-01-25,2021-01-26,6.76157056018748,2.0698725962634383,Calibrated-LSTM-QLIKE-affine_nonnegative,validation
2021-01-26,2021-01-27,12.16950048366727,2.229909693791608,Calibrated-LSTM-QLIKE-affine_nonnegative,validation
2021-01-27,2021-01-28,47.71522267260341,2.486852968574106,Calibrated-LSTM-QLIKE-affine_nonnegative,validation
2021-01-28,2021-01-29,9.864460610625494,3.024693737253469,Calibrated-LSTM-QLIKE-affine_nonnegative,validation
2021-01-29,2021-02-01,4.068938921704016,2.8370015174874834,Calibrated-LSTM-QLIKE-affine_nonnegative,validation
2021-02-01,2021-02-02,14.37888811066259,2.899360555297264,Calibrated-LSTM-QLIKE-affine_nonnegative,validation
2021-02-02,2021-02-03,10.698092971323405,3.0212681255442306,Calibrated-LSTM-QLIKE-affine_nonnegative,validation
2021-02-03,2021-02-04,0.006553579964635,2.94537354881546,Calibrated-LSTM-QLIKE-affine_nonnegative,validation
2021-02-04,2021-02-05,1.728785632859906,2.8388364380808038,Calibrated-LSTM-QLIKE-affine_nonnegative,validation
2021-02-05,2021-02-08,15.664350744194984,2.689802065147846,Calibrated-LSTM-QLIKE-affine_nonnegative,validation
2021-02-08,2021-02-09,8.346588799606792,2.97105097220106,Calibrated-LSTM-QLIKE-affine_nonnegative,validation
2021-02-09,2021-02-17,12.948351612917367,3.0384175141757845,Calibrated-LSTM-QLIKE-affine_nonnegative,validation
2021-02-17,2021-02-18,2.5487828873734144,3.132817006460904,Calibrated-LSTM-QLIKE-affine_nonnegative,validation
2021-02-18,2021-02-19,0.0056191882730801,2.776603781026797,Calibrated-LSTM-QLIKE-affine_nonnegative,validation
2021-02-19,2021-02-22,0.0171990965562516,2.5475522591166064,Calibrated-LSTM-QLIKE-affine_nonnegative,validation
2021-02-22,2021-02-23,0.04885188428266,2.2961356094515657,Calibrated-LSTM-QLIKE-affine_nonnegative,validation
2021-02-23,2021-02-24,1.7852090551538884,2.1971284187890174,Calibrated-LSTM-QLIKE-affine_nonnegative,validation
2021-02-24,2021-02-25,0.0863685922010339,2.1735362778736818,Calibrated-LSTM-QLIKE-affine_nonnegative,validation
2021-02-25,2021-02-26,0.0678645793866586,2.1440537005724223,Calibrated-LSTM-QLIKE-affine_nonnegative,validation
2021-02-26,2021-03-01,2.260340412751501,2.0868218820316837,Calibrated-LSTM-QLIKE-affine_nonnegative,validation
2021-03-01,2021-03-02,0.0013754677373442,2.0781618673744564,Calibrated-LSTM-QLIKE-affine_nonnegative,validation
2021-03-02,2021-03-03,0.0008207623047958,2.030967987005371,Calibrated-LSTM-QLIKE-affine_nonnegative,validation
2021-03-03,2021-03-04,2.448912301147324,1.960035188071049,Calibrated-LSTM-QLIKE-affine_nonnegative,validation
2021-03-04,2021-03-05,0.0002116227550263,2.0333493577230755,Calibrated-LSTM-QLIKE-affine_nonnegative,validation
2021-03-05,2021-03-08,0.001291980692468,2.032566143651166,Calibrated-LSTM-QLIKE-affine_nonnegative,validation
2021-03-08,2021-03-09,0.2923761214947155,1.9856227584720587,Calibrated-LSTM-QLIKE-affine_nonnegative,validation
2021-03-09,2021-03-10,0.4837594769954144,1.9669913288469028,Calibrated-LSTM-QLIKE-affine_nonnegative,validation
2021-03-10,2021-03-11,0.9815546422643948,1.9524804717747062,Calibrated-LSTM-QLIKE-affine_nonnegative,validation
2021-03-11,2021-03-12,0.0002069778164541,1.9156320827455968,Calibrated-LSTM-QLIKE-affine_nonnegative,validation
2021-03-12,2021-03-15,0.0643027332166397,1.9260740927218383,Calibrated-LSTM-QLIKE-affine_nonnegative,validation
2021-03-15,2021-03-16,0.1553706585632092,1.896668170414851,Calibrated-LSTM-QLIKE-affine_nonnegative,validation
2021-03-16,2021-03-17,0.2737899242910557,1.8886612563088205,Calibrated-LSTM-QLIKE-affine_nonnegative,validation
2021-03-17,2021-03-18,1.5481332912326575,1.8630083625213876,Calibrated-LSTM-QLIKE-affine_nonnegative,validation
2021-03-18,2021-03-19,0.3310498706600423,1.8192056990988936,Calibrated-LSTM-QLIKE-affine_nonnegative,validation
2021-03-19,2021-03-22,0.0010124742198036,1.8551112983549747,Calibrated-LSTM-QLIKE-affine_nonnegative,validation
2021-03-22,2021-03-23,0.8528859825364001,1.8742825124528386,Calibrated-LSTM-QLIKE-affine_nonnegative,validation
2021-03-23,2021-03-24,3.405784484981233,1.8643792204450371,Calibrated-LSTM-QLIKE-affine_nonnegative,validation
2021-03-24,2021-03-25,0.012314795662716,1.929903776235665,Calibrated-LSTM-QLIKE-affine_nonnegative,validation
2021-03-25,2021-03-26,0.0058597397555957,1.9202427140097629,Calibrated-LSTM-QLIKE-affine_nonnegative,validation
2021-03-26,2021-03-29,1.3278733275984689,1.8899310629530646,Calibrated-LSTM-QLIKE-affine_nonnegative,validation
2021-03-29,2021-03-30,0.8177751702540456,1.847668831632853,Calibrated-LSTM-QLIKE-affine_nonnegative,validation
2021-03-30,2021-03-31,0.1825736474519551,1.8543727441492937,Calibrated-LSTM-QLIKE-affine_nonnegative,validation
2021-03-31,2021-04-01,4.196908399032827,1.843844747266434,Calibrated-LSTM-QLIKE-affine_nonnegative,validation
2021-04-01,2021-04-02,0.4682318073785952,1.8091998893683174,Calibrated-LSTM-QLIKE-affine_nonnegative,validation
2021-04-02,2021-04-05,0.8890694068712227,1.8311714770482281,Calibrated-LSTM-QLIKE-affine_nonnegative,validation
2021-04-05,2021-04-06,0.0997492041629095,1.8273175305623013,Calibrated-LSTM-QLIKE-affine_nonnegative,validation
2021-04-06,2021-04-07,0.0380161793184628,1.86019732389666,Calibrated-LSTM-QLIKE-affine_nonnegative,validation
2021-04-07,2021-04-08,0.3656617949695199,1.8482359452774315,Calibrated-LSTM-QLIKE-affine_nonnegative,validation
2021-04-08,2021-04-09,0.0685939299115526,1.8311161521393187,Calibrated-LSTM-QLIKE-affine_nonnegative,validation
2021-04-09,2021-04-12,2.801867566535839,1.8424548255789917,Calibrated-LSTM-QLIKE-affine_nonnegative,validation
2021-04-12,2021-04-13,0.1085685992002533,1.8860676512417582,Calibrated-LSTM-QLIKE-affine_nonnegative,validation
2021-04-13,2021-04-14,0.3626329687997453,1.9667514986996066,Calibrated-LSTM-QLIKE-affine_nonnegative,validation
2021-04-14,2021-04-15,0.4743671604836424,1.8897264274466168,Calibrated-LSTM-QLIKE-affine_nonnegative,validation
2021-04-15,2021-04-16,0.4720531246781877,1.9160500191056709,Calibrated-LSTM-QLIKE-affine_nonnegative,validation
2021-04-16,2021-04-19,3.0629959648129166,1.965945621412,Calibrated-LSTM-QLIKE-affine_nonnegative,validation
2021-04-19,2021-04-20,0.3708468135979464,1.8763543303067174,Calibrated-LSTM-QLIKE-affine_nonnegative,validation
2021-04-20,2021-04-22,10.511479982603742,1.9434705104044983,Calibrated-LSTM-QLIKE-affine_nonnegative,validation
2021-04-22,2021-04-23,2.7977982020669034,2.1207496491225153,Calibrated-LSTM-QLIKE-affine_nonnegative,validation
2021-04-23,2021-04-26,7.069875969155051,2.056982425739701,Calibrated-LSTM-QLIKE-affine_nonnegative,validation
2021-04-26,2021-04-27,0.1068177702515163,2.277658822945289,Calibrated-LSTM-QLIKE-affine_nonnegative,validation
2021-04-27,2021-04-28,0.6403727056381737,2.2077205392409986,Calibrated-LSTM-QLIKE-affine_nonnegative,validation
2021-04-28,2021-04-29,0.6353802562532533,2.1238119828154214,Calibrated-LSTM-QLIKE-affine_nonnegative,validation
2021-04-29,2021-05-04,0.0512876666991909,2.130775322495085,Calibrated-LSTM-QLIKE-affine_nonnegative,validation
2021-05-04,2021-05-05,1.2974041483688885,2.1269910987256875,Calibrated-LSTM-QLIKE-affine_nonnegative,validation
2021-05-05,2021-05-06,0.2185486546328746,2.0520297132315317,Calibrated-LSTM-QLIKE-affine_nonnegative,validation
2021-05-06,2021-05-07,0.494132324659674,2.0543023005138865,Calibrated-LSTM-QLIKE-affine_nonnegative,validation
2021-05-07,2021-05-10,2.018769062145057,2.0791397184752993,Calibrated-LSTM-QLIKE-affine_nonnegative,validation
2021-05-10,2021-05-11,0.0792094524228185,2.042291596072257,Calibrated-LSTM-QLIKE-affine_nonnegative,validation
2021-05-11,2021-05-12,1.0683689670129952,2.050052147692349,Calibrated-LSTM-QLIKE-affine_nonnegative,validation
2021-05-12,2021-05-13,0.3147510754643727,1.9720641563982702,Calibrated-LSTM-QLIKE-affine_nonnegative,validation
2021-05-13,2021-05-14,0.1194948927270032,1.9951909015136,Calibrated-LSTM-QLIKE-affine_nonnegative,validation
2021-05-14,2021-05-17,0.3681093008020274,1.9758627779752873,Calibrated-LSTM-QLIKE-affine_nonnegative,validation
2021-05-17,2021-05-18,0.2298422025837693,1.9813982017529568,Calibrated-LSTM-QLIKE-affine_nonnegative,validation
2021-05-18,2021-05-19,0.6085100033578476,1.9620922081782075,Calibrated-LSTM-QLIKE-affine_nonnegative,validation
2021-05-19,2021-05-20,1.5332689494683411,1.933561352623222,Calibrated-LSTM-QLIKE-affine_nonnegative,validation
2021-05-20,2021-05-21,0.1986664550105345,1.948708646117426,Calibrated-LSTM-QLIKE-affine_nonnegative,validation
2021-05-21,2021-05-24,1.1845107713600658,1.9464921836221816,Calibrated-LSTM-QLIKE-affine_nonnegative,validation
2021-05-24,2021-05-25,0.6615170731155926,1.9244387417396924,Calibrated-LSTM-QLIKE-affine_nonnegative,validation
2021-05-25,2021-05-26,0.3826692450882292,1.9004044014921824,Calibrated-LSTM-QLIKE-affine_nonnegative,validation
2021-05-26,2021-05-27,1.0043951904267852,1.8974269882016264,Calibrated-LSTM-QLIKE-affine_nonnegative,validation
2021-05-27,2021-05-28,1.65727162339538,1.9373518421051945,Calibrated-LSTM-QLIKE-affine_nonnegative,validation
2021-05-28,2021-05-31,0.3285055315434949,1.9252392865059584,Calibrated-LSTM-QLIKE-affine_nonnegative,validation
2021-05-31,2021-06-01,0.5328741181290064,1.9269296957709472,Calibrated-LSTM-QLIKE-affine_nonnegative,validation
2021-06-01,2021-06-02,0.0501764701325494,1.8699458394725492,Calibrated-LSTM-QLIKE-affine_nonnegative,validation
2021-06-02,2021-06-03,3.01900451692919,1.9343702961105995,Calibrated-LSTM-QLIKE-affine_nonnegative,validation
2021-06-03,2021-06-04,0.5091916058927975,1.942772483361006,Calibrated-LSTM-QLIKE-affine_nonnegative,validation
2021-06-04,2021-06-07,1.2488833393722787,1.9677748095448788,Calibrated-LSTM-QLIKE-affine_nonnegative,validation
2021-06-07,2021-06-08,8.436942215340656,1.989676941134327,Calibrated-LSTM-QLIKE-affine_nonnegative,validation
2021-06-08,2021-06-09,0.9635770887636846,2.14923571149824,Calibrated-LSTM-QLIKE-affine_nonnegative,validation
2021-06-09,2021-06-10,0.4923594509595709,2.0296383228090784,Calibrated-LSTM-QLIKE-affine_nonnegative,validation
2021-06-10,2021-06-11,4.4320627369374535,2.0395965397866886,Calibrated-LSTM-QLIKE-affine_nonnegative,validation
2021-06-11,2021-06-14,0.5411007585268014,2.0434164914490687,Calibrated-LSTM-QLIKE-affine_nonnegative,validation
2021-06-14,2021-06-15,0.1708389534964715,2.0538215737150263,Calibrated-LSTM-QLIKE-affine_nonnegative,validation
2021-06-15,2021-06-16,0.6335008462154236,2.0490507001845737,Calibrated-LSTM-QLIKE-affine_nonnegative,validation
2021-06-16,2021-06-17,0.0626639901398827,2.074095286600071,Calibrated-LSTM-QLIKE-affine_nonnegative,validation
2021-06-17,2021-06-18,1.7005139602823875,2.0792744979521847,Calibrated-LSTM-QLIKE-affine_nonnegative,validation
2021-06-18,2021-06-21,0.1396997155457911,2.0671326134855748,Calibrated-LSTM-QLIKE-affine_nonnegative,validation
2021-06-21,2021-06-22,0.284425125779956,2.087596297443381,Calibrated-LSTM-QLIKE-affine_nonnegative,validation
2021-06-22,2021-06-23,0.0505778800491605,2.0507169797904954,Calibrated-LSTM-QLIKE-affine_nonnegative,validation
2021-06-23,2021-06-24,0.042756846647676,2.0406109186587154,Calibrated-LSTM-QLIKE-affine_nonnegative,validation
2021-06-24,2021-06-25,0.5639250493998573,1.9979774105401606,Calibrated-LSTM-QLIKE-affine_nonnegative,validation
2021-06-25,2021-06-28,1.2596863062253096,1.9407705215366902,Calibrated-LSTM-QLIKE-affine_nonnegative,validation
2021-06-28,2021-06-29,0.0902656153029111,1.9319216023109698,Calibrated-LSTM-QLIKE-affine_nonnegative,validation
2021-06-29,2021-06-30,0.0111781207193246,1.9243123609839188,Calibrated-LSTM-QLIKE-affine_nonnegative,validation
2021-06-30,2021-07-01,0.3645273399631648,1.9051951386646289,Calibrated-LSTM-QLIKE-affine_nonnegative,validation
2021-07-01,2021-07-02,0.0505610286336511,1.9286586325026216,Calibrated-LSTM-QLIKE-affine_nonnegative,validation
2021-07-02,2021-07-05,0.4168242183273023,1.9240766635406616,Calibrated-LSTM-QLIKE-affine_nonnegative,validation
2021-07-05,2021-07-06,16.601013312283214,1.9687637256275037,Calibrated-LSTM-QLIKE-affine_nonnegative,validation
2021-07-06,2021-07-07,6.058281445881023,2.3831543589490813,Calibrated-LSTM-QLIKE-affine_nonnegative,validation
2021-07-07,2021-07-08,1.0078273448945338,2.2394898350061654,Calibrated-LSTM-QLIKE-affine_nonnegative,validation
2021-07-08,2021-07-09,4.095422426959989,2.181066997823991,Calibrated-LSTM-QLIKE-affine_nonnegative,validation
2021-07-09,2021-07-12,14.799235172407151,2.2480514646446577,Calibrated-LSTM-QLIKE-affine_nonnegative,validation
2021-07-12,2021-07-13,0.009141491530764,2.5083331644124747,Calibrated-LSTM-QLIKE-affine_nonnegative,validation
2021-07-13,2021-07-14,1.871533753406208,2.3008495583167066,Calibrated-LSTM-QLIKE-affine_nonnegative,validation
2021-07-14,2021-07-15,1.185182208099543,2.259044590701456,Calibrated-LSTM-QLIKE-affine_nonnegative,validation
2021-07-15,2021-07-16,0.1728051567276786,2.2041725461669923,Calibrated-LSTM-QLIKE-affine_nonnegative,validation
2021-07-16,2021-07-19,19.26799845022637,2.165592954084638,Calibrated-LSTM-QLIKE-affine_nonnegative,validation
2021-07-19,2021-07-20,5.600831490366748,2.7127679014317216,Calibrated-LSTM-QLIKE-affine_nonnegative,validation
2021-07-20,2021-07-21,0.0386259132356042,2.5529855651106024,Calibrated-LSTM-QLIKE-affine_nonnegative,validation
2021-07-21,2021-07-22,3.1842211341003503,2.4760327495217784,Calibrated-LSTM-QLIKE-affine_nonnegative,validation
2021-07-22,2021-07-23,3.75891611125588,2.353826558079734,Calibrated-LSTM-QLIKE-affine_nonnegative,validation
2021-07-23,2021-07-26,0.0932245335056029,2.465836702092374,Calibrated-LSTM-QLIKE-affine_nonnegative,validation
2021-07-26,2021-07-27,0.1095791578755464,2.340273955092454,Calibrated-LSTM-QLIKE-affine_nonnegative,validation
2021-07-27,2021-07-28,0.0001201916445908,2.2427202764343357,Calibrated-LSTM-QLIKE-affine_nonnegative,validation
2021-07-28,2021-07-29,1.6539600353625152,2.2008151907309146,Calibrated-LSTM-QLIKE-affine_nonnegative,validation
2021-07-29,2021-07-30,1.5967544948591652,2.1471900229989296,Calibrated-LSTM-QLIKE-affine_nonnegative,validation
2021-07-30,2021-08-02,0.1009987039707803,2.178852801650317,Calibrated-LSTM-QLIKE-affine_nonnegative,validation
2021-08-02,2021-08-03,1.8957198194932552,2.1473753281155177,Calibrated-LSTM-QLIKE-affine_nonnegative,validation
2021-08-03,2021-08-04,0.0297448118967559,2.142030408662743,Calibrated-LSTM-QLIKE-affine_nonnegative,validation
2021-08-04,2021-08-05,0.6506576147304501,2.1150177219334427,Calibrated-LSTM-QLIKE-affine_nonnegative,validation
2021-08-05,2021-08-06,0.0931307383293993,2.084810721608055,Calibrated-LSTM-QLIKE-affine_nonnegative,validation
2021-08-06,2021-08-09,1.8579420490159877,2.062370138676234,Calibrated-LSTM-QLIKE-affine_nonnegative,validation
2021-08-09,2021-08-10,0.0356498511082493,2.050992271204707,Calibrated-LSTM-QLIKE-affine_nonnegative,validation
2021-08-10,2021-08-11,0.1163827824804467,2.04405839370545,Calibrated-LSTM-QLIKE-affine_nonnegative,validation
2021-08-11,2021-08-12,0.1222953063583315,2.064095875895104,Calibrated-LSTM-QLIKE-affine_nonnegative,validation
2021-08-12,2021-08-13,0.0871384784453648,2.0216931326375662,Calibrated-LSTM-QLIKE-affine_nonnegative,validation
2021-08-13,2021-08-16,1.0399916754691487,1.9980435338047848,Calibrated-LSTM-QLIKE-affine_nonnegative,validation
2021-08-16,2021-08-17,0.3314354435277737,1.9963793872073992,Calibrated-LSTM-QLIKE-affine_nonnegative,validation
2021-08-17,2021-08-18,0.0249180078972991,2.0003071891138937,Calibrated-LSTM-QLIKE-affine_nonnegative,validation
2021-08-18,2021-08-19,1.034084957658442,1.9565955784932914,Calibrated-LSTM-QLIKE-affine_nonnegative,validation
2021-08-19,2021-08-20,11.285807091304966,1.92106605530476,Calibrated-LSTM-QLIKE-affine_nonnegative,validation
2021-08-20,2021-08-23,5.411821632013326,2.230036474486482,Calibrated-LSTM-QLIKE-affine_nonnegative,validation
2021-08-23,2021-08-24,8.536462420535458e-05,2.1974363718964405,Calibrated-LSTM-QLIKE-affine_nonnegative,validation
2021-08-24,2021-08-25,0.6870757170728501,2.1090947571673415,Calibrated-LSTM-QLIKE-affine_nonnegative,validation
2021-08-25,2021-08-26,0.4170750420782061,2.067306320368247,Calibrated-LSTM-QLIKE-affine_nonnegative,validation
2021-08-26,2021-08-27,0.8540485329092148,2.055732749363518,Calibrated-LSTM-QLIKE-affine_nonnegative,validation
2021-08-27,2021-08-30,1.2797402595336076,2.0488756601715665,Calibrated-LSTM-QLIKE-affine_nonnegative,validation
2021-08-30,2021-08-31,0.0627065630623478,2.07018201581423,Calibrated-LSTM-QLIKE-affine_nonnegative,validation
2021-08-31,2021-09-01,0.0569056328666982,2.0912545403961054,Calibrated-LSTM-QLIKE-affine_nonnegative,validation
2021-09-01,2021-09-06,0.7669996218071843,2.0913525254757395,Calibrated-LSTM-QLIKE-affine_nonnegative,validation
2021-09-06,2021-09-07,0.1115838258583112,2.133590093884751,Calibrated-LSTM-QLIKE-affine_nonnegative,validation
2021-09-07,2021-09-08,0.3840242724271654,2.1357590969400633,Calibrated-LSTM-QLIKE-affine_nonnegative,validation
2021-09-08,2021-09-09,0.5999757427909345,2.0698871273840913,Calibrated-LSTM-QLIKE-affine_nonnegative,validation
2021-09-09,2021-09-10,0.009783360800291,2.0122297736403683,Calibrated-LSTM-QLIKE-affine_nonnegative,validation
2021-09-10,2021-09-13,0.0834204953018611,1.9907431787763912,Calibrated-LSTM-QLIKE-affine_nonnegative,validation
2021-09-13,2021-09-14,0.0166539238245993,1.9942583768441526,Calibrated-LSTM-QLIKE-affine_nonnegative,validation
2021-09-14,2021-09-15,0.208411861391793,1.9527384324945603,Calibrated-LSTM-QLIKE-affine_nonnegative,validation
2021-09-15,2021-09-16,8.833374944135227e-06,1.89813834654847,Calibrated-LSTM-QLIKE-affine_nonnegative,validation
2021-09-16,2021-09-17,0.2517625260662404,1.8719629989826863,Calibrated-LSTM-QLIKE-affine_nonnegative,validation
2021-09-17,2021-09-20,0.0255409488218125,1.9474844325306444,Calibrated-LSTM-QLIKE-affine_nonnegative,validation
2021-09-20,2021-09-21,0.6256621683862371,1.97619232779414,Calibrated-LSTM-QLIKE-affine_nonnegative,validation
2021-09-21,2021-09-22,0.6493080782631847,1.9528076219589556,Calibrated-LSTM-QLIKE-affine_nonnegative,validation
2021-09-22,2021-09-23,0.023678455022373,1.8790555189918274,Calibrated-LSTM-QLIKE-affine_nonnegative,validation
2021-09-23,2021-09-24,0.0138313143395197,1.9670883807353028,Calibrated-LSTM-QLIKE-affine_nonnegative,validation
2021-09-24,2021-09-27,3.828272422415496,1.8568635648675147,Calibrated-LSTM-QLIKE-affine_nonnegative,validation
2021-09-27,2021-09-28,1.1555484032608674,1.946896522052837,Calibrated-LSTM-QLIKE-affine_nonnegative,validation
2021-09-28,2021-09-29,5.575325206713305e-05,1.864829151933155,Calibrated-LSTM-QLIKE-affine_nonnegative,validation
2021-09-29,2021-09-30,0.0451927678238876,1.8757724189154183,Calibrated-LSTM-QLIKE-affine_nonnegative,validation
2021-09-30,2021-10-01,0.2869590069123234,1.855215149208084,Calibrated-LSTM-QLIKE-affine_nonnegative,validation
2021-10-01,2021-10-04,0.1209217160727008,1.9016308814005336,Calibrated-LSTM-QLIKE-affine_nonnegative,validation
2021-10-04,2021-10-05,1.2548666056334208,1.9258077332808725,Calibrated-LSTM-QLIKE-affine_nonnegative,validation
2021-10-05,2021-10-06,0.363335054701863,1.8301970920862562,Calibrated-LSTM-QLIKE-affine_nonnegative,validation
2021-10-06,2021-10-07,0.0539799292056889,1.8354446930245636,Calibrated-LSTM-QLIKE-affine_nonnegative,validation
2021-10-07,2021-10-08,0.2422625428098201,1.867527274418494,Calibrated-LSTM-QLIKE-affine_nonnegative,validation
2021-10-08,2021-10-11,2.384064119474745,1.8191137131057673,Calibrated-LSTM-QLIKE-affine_nonnegative,validation
2021-10-11,2021-10-12,0.0025924711816483,1.827837318079982,Calibrated-LSTM-QLIKE-affine_nonnegative,validation
2021-10-12,2021-10-13,0.043020201094552,1.8675335401310693,Calibrated-LSTM-QLIKE-affine_nonnegative,validation
2021-10-13,2021-10-14,1.8582276241239155e-05,1.824876435605582,Calibrated-LSTM-QLIKE-affine_nonnegative,validation
2021-10-14,2021-10-15,0.0037272440365911,1.8696570834419526,Calibrated-LSTM-QLIKE-affine_nonnegative,validation
2021-10-15,2021-10-18,0.0412074717223573,1.8775268184364946,Calibrated-LSTM-QLIKE-affine_nonnegative,validation
2021-10-18,2021-10-19,0.0002054205471957,1.8695063064010455,Calibrated-LSTM-QLIKE-affine_nonnegative,validation
2021-10-19,2021-10-20,0.012036644283499,1.7963561117802442,Calibrated-LSTM-QLIKE-affine_nonnegative,validation
2021-10-20,2021-10-21,0.4224699907147212,1.8663967798942747,Calibrated-LSTM-QLIKE-affine_nonnegative,validation
2021-10-21,2021-10-22,0.1038627326357175,1.8332359626852635,Calibrated-LSTM-QLIKE-affine_nonnegative,validation
2021-10-22,2021-10-25,0.0766142772237032,1.8456222099423085,Calibrated-LSTM-QLIKE-affine_nonnegative,validation
2021-10-25,2021-10-26,0.2013151221701667,1.9076286347784377,Calibrated-LSTM-QLIKE-affine_nonnegative,validation
2021-10-26,2021-10-27,4.975421040294883,1.8077214478266206,Calibrated-LSTM-QLIKE-affine_nonnegative,validation
2021-10-27,2021-10-28,1.0980607841681207,1.8771552750120843,Calibrated-LSTM-QLIKE-affine_nonnegative,validation
2021-10-28,2021-10-29,0.1886851350804401,1.886959648749017,Calibrated-LSTM-QLIKE-affine_nonnegative,validation
2021-10-29,2021-11-01,0.1351609140151505,1.945322895005209,Calibrated-LSTM-QLIKE-affine_nonnegative,validation
2021-11-01,2021-11-02,0.8706925479870633,2.019719299863322,Calibrated-LSTM-QLIKE-affine_nonnegative,validation
2021-11-02,2021-11-03,0.3174077865606339,1.9660344078923215,Calibrated-LSTM-QLIKE-affine_nonnegative,validation
2021-11-03,2021-11-04,0.0780251318950003,2.131275113057738,Calibrated-LSTM-QLIKE-affine_nonnegative,validation
2021-11-04,2021-11-05,0.3164163905277483,1.99019606208684,Calibrated-LSTM-QLIKE-affine_nonnegative,validation
2021-11-05,2021-11-08,0.5722632892702788,1.9542916626480604,Calibrated-LSTM-QLIKE-affine_nonnegative,validation
2021-11-08,2021-11-09,0.1717825777423685,2.007933361196201,Calibrated-LSTM-QLIKE-affine_nonnegative,validation
2021-11-09,2021-11-10,0.0578685691569425,2.0344154620521064,Calibrated-LSTM-QLIKE-affine_nonnegative,validation
2021-11-10,2021-11-11,0.0332757244454099,2.014331053674655,Calibrated-LSTM-QLIKE-affine_nonnegative,validation
2021-11-11,2021-11-12,0.5636350562840569,2.104327083149693,Calibrated-LSTM-QLIKE-affine_nonnegative,validation
2021-11-12,2021-11-15,0.0470688863590858,1.9741946319868962,Calibrated-LSTM-QLIKE-affine_nonnegative,validation
2021-11-15,2021-11-16,0.4729748116245648,2.081055426766931,Calibrated-LSTM-QLIKE-affine_nonnegative,validation
2021-11-16,2021-11-17,0.40826744424175,2.097855935189772,Calibrated-LSTM-QLIKE-affine_nonnegative,validation
2021-11-17,2021-11-18,0.1670640675036151,1.9702524322727817,Calibrated-LSTM-QLIKE-affine_nonnegative,validation
2021-11-18,2021-11-19,1.4313283722317711,2.073977304565409,Calibrated-LSTM-QLIKE-affine_nonnegative,validation
2021-11-19,2021-11-22,0.1237442583360642,2.1902755956141386,Calibrated-LSTM-QLIKE-affine_nonnegative,validation
2021-11-22,2021-11-23,1.2666258581863683,2.139554785630343,Calibrated-LSTM-QLIKE-affine_nonnegative,validation
2021-11-23,2021-11-24,2.923344781612152,1.9851550963504832,Calibrated-LSTM-QLIKE-affine_nonnegative,validation
2021-11-24,2021-11-25,0.6380046596767257,2.0808781204323537,Calibrated-LSTM-QLIKE-affine_nonnegative,validation
2021-11-25,2021-11-26,0.2701244946030526,2.0504799492169035,Calibrated-LSTM-QLIKE-affine_nonnegative,validation
2021-11-26,2021-11-29,0.3025648797186475,2.086429008521911,Calibrated-LSTM-QLIKE-affine_nonnegative,validation
2021-11-29,2021-11-30,0.1865846491020368,2.0707511291543113,Calibrated-LSTM-QLIKE-affine_nonnegative,validation
2021-11-30,2021-12-01,0.2075014205290045,2.0959500920626213,Calibrated-LSTM-QLIKE-affine_nonnegative,validation
2021-12-01,2021-12-02,0.0447934240863952,1.9935998104585817,Calibrated-LSTM-QLIKE-affine_nonnegative,validation
2021-12-02,2021-12-03,7.012035907074128,1.9493442826612322,Calibrated-LSTM-QLIKE-affine_nonnegative,validation
2021-12-03,2021-12-06,4.334941271489592,2.134958018921663,Calibrated-LSTM-QLIKE-affine_nonnegative,validation
2021-12-06,2021-12-07,5.38610884102854,2.135302099861169,Calibrated-LSTM-QLIKE-affine_nonnegative,validation
2021-12-07,2021-12-08,0.1770242562530693,1.9836346612032283,Calibrated-LSTM-QLIKE-affine_nonnegative,validation
2021-12-08,2021-12-09,1.070479018660655,2.004548809901286,Calibrated-LSTM-QLIKE-affine_nonnegative,validation
2021-12-09,2021-12-10,0.0917573521914629,1.954660673124834,Calibrated-LSTM-QLIKE-affine_nonnegative,validation
2021-12-10,2021-12-13,0.7430153759165636,2.0307881477231575,Calibrated-LSTM-QLIKE-affine_nonnegative,validation
2021-12-13,2021-12-14,0.0001656787526269,2.026597319201535,Calibrated-LSTM-QLIKE-affine_nonnegative,validation
2021-12-14,2021-12-15,0.001241581482623,2.081003434683859,Calibrated-LSTM-QLIKE-affine_nonnegative,validation
2021-12-15,2021-12-16,0.0056551081903051,2.0605912095569905,Calibrated-LSTM-QLIKE-affine_nonnegative,validation
2021-12-16,2021-12-17,0.0462794489398934,2.0684089524684612,Calibrated-LSTM-QLIKE-affine_nonnegative,validation
2021-12-17,2021-12-20,0.0276816841350729,2.1304192433825624,Calibrated-LSTM-QLIKE-affine_nonnegative,validation
2021-12-20,2021-12-21,0.009100575448846,2.0721154547393184,Calibrated-LSTM-QLIKE-affine_nonnegative,validation
2021-12-21,2021-12-22,0.0052396015195704,2.048761944153977,Calibrated-LSTM-QLIKE-affine_nonnegative,validation
2021-12-22,2021-12-23,1.992176913695392,2.105674477979444,Calibrated-LSTM-QLIKE-affine_nonnegative,validation
2021-12-23,2021-12-24,1.8717637228671864,2.1771607926289263,Calibrated-LSTM-QLIKE-affine_nonnegative,validation
2021-12-24,2021-12-27,0.6385359851594573,2.0107519986638387,Calibrated-LSTM-QLIKE-affine_nonnegative,validation
2021-12-27,2021-12-28,0.1364517327618313,1.9422083026031647,Calibrated-LSTM-QLIKE-affine_nonnegative,validation
2021-12-28,2021-12-29,0.3307731842534792,2.030580179390872,Calibrated-LSTM-QLIKE-affine_nonnegative,validation
2021-12-29,2021-12-30,0.0001019075301841,1.989491636017739,Calibrated-LSTM-QLIKE-affine_nonnegative,validation
2021-12-30,2021-12-31,0.6806292652244172,1.9633077564178103,Calibrated-LSTM-QLIKE-affine_nonnegative,validation
2021-12-31,2022-01-04,3.2605099137684044,1.9725699460474313,Calibrated-LSTM-QLIKE-affine_nonnegative,validation
2022-01-04,2022-01-05,0.0408421877386783,1.9753039297387864,Calibrated-LSTM-QLIKE-affine_nonnegative,validation
2022-01-05,2022-01-06,0.1583194148629771,2.0694575927901013,Calibrated-LSTM-QLIKE-affine_nonnegative,validation
2022-01-06,2022-01-07,3.466888916717849e-05,2.094614162153753,Calibrated-LSTM-QLIKE-affine_nonnegative,validation
2022-01-07,2022-01-10,2.6694297971607823,2.0615220011570026,Calibrated-LSTM-QLIKE-affine_nonnegative,validation
2022-01-10,2022-01-11,0.5791412105719106,2.169038696061938,Calibrated-LSTM-QLIKE-affine_nonnegative,validation
2022-01-11,2022-01-12,1.469449968423449,2.1422606402716258,Calibrated-LSTM-QLIKE-affine_nonnegative,validation
2022-01-12,2022-01-13,0.9252594386149106,2.114923469618746,Calibrated-LSTM-QLIKE-affine_nonnegative,validation
2022-01-13,2022-01-14,4.021230809949571e-06,2.0874744493307467,Calibrated-LSTM-QLIKE-affine_nonnegative,validation
2022-01-14,2022-01-17,8.577861779061374,1.98231806168422,Calibrated-LSTM-QLIKE-affine_nonnegative,validation
2022-01-17,2022-01-18,0.9241996120524796,2.1697767170154845,Calibrated-LSTM-QLIKE-affine_nonnegative,validation
2022-01-18,2022-01-19,0.0713962483719635,2.040576390583035,Calibrated-LSTM-QLIKE-affine_nonnegative,validation
2022-01-19,2022-01-20,2.396694299563955,1.9642573451555478,Calibrated-LSTM-QLIKE-affine_nonnegative,validation
2022-01-20,2022-01-21,0.2669228311266386,1.9929116485795697,Calibrated-LSTM-QLIKE-affine_nonnegative,validation
2022-01-21,2022-01-24,5.19144957677216,2.0204129275767078,Calibrated-LSTM-QLIKE-affine_nonnegative,validation
2022-01-24,2022-01-25,7.461944120148481,2.1264357166280585,Calibrated-LSTM-QLIKE-affine_nonnegative,validation
2022-01-25,2022-01-26,0.0182472056354126,2.0845086342741066,Calibrated-LSTM-QLIKE-affine_nonnegative,validation
2022-01-26,2022-01-27,0.5372614259470304,2.095462299672984,Calibrated-LSTM-QLIKE-affine_nonnegative,validation
2022-01-27,2022-01-28,0.3091208848418566,2.087176094761737,Calibrated-LSTM-QLIKE-affine_nonnegative,validation
2022-01-28,2022-02-07,1.5787299229773026,2.052381926266082,Calibrated-LSTM-QLIKE-affine_nonnegative,validation
2022-02-07,2022-02-08,0.0493284261128678,2.06201285974641,Calibrated-LSTM-QLIKE-affine_nonnegative,validation
2022-02-08,2022-02-09,0.0852913112285084,2.065996519813948,Calibrated-LSTM-QLIKE-affine_nonnegative,validation
2022-02-09,2022-02-10,0.0087647457494785,2.0892843070737657,Calibrated-LSTM-QLIKE-affine_nonnegative,validation
2022-02-10,2022-02-11,0.1140481407730615,2.060771982030439,Calibrated-LSTM-QLIKE-affine_nonnegative,validation
2022-02-11,2022-02-14,4.003846034921644,2.046453895604707,Calibrated-LSTM-QLIKE-affine_nonnegative,validation
2022-02-14,2022-02-15,1.9670652734045644,2.180069149768121,Calibrated-LSTM-QLIKE-affine_nonnegative,validation
2022-02-15,2022-02-16,0.0018968880308684,2.108592566970085,Calibrated-LSTM-QLIKE-affine_nonnegative,validation
2022-02-16,2022-02-17,1.122140769245723,2.071557673007086,Calibrated-LSTM-QLIKE-affine_nonnegative,validation
2022-02-17,2022-02-18,0.0437252358911797,2.050947344712412,Calibrated-LSTM-QLIKE-affine_nonnegative,validation
2022-02-18,2022-02-21,0.1583409064037323,2.0422334715896437,Calibrated-LSTM-QLIKE-affine_nonnegative,validation
2022-02-21,2022-02-22,0.2391227349223014,2.0367919001875703,Calibrated-LSTM-QLIKE-affine_nonnegative,validation
2022-02-22,2022-02-23,0.3429157616051995,2.0913681231006613,Calibrated-LSTM-QLIKE-affine_nonnegative,validation
2022-02-23,2022-02-24,1.3469467288223498,2.0113148462913455,Calibrated-LSTM-QLIKE-affine_nonnegative,validation
2022-02-24,2022-02-25,0.0728442185423715,2.174912601631705,Calibrated-LSTM-QLIKE-affine_nonnegative,validation
2022-02-25,2022-02-28,0.3435682703713377,2.0634433085960415,Calibrated-LSTM-QLIKE-affine_nonnegative,validation
2022-02-28,2022-03-01,0.3350186274967215,2.03465822508614,Calibrated-LSTM-QLIKE-affine_nonnegative,validation
2022-03-01,2022-03-02,0.7897102913909818,2.030771216967901,Calibrated-LSTM-QLIKE-affine_nonnegative,validation
2022-03-02,2022-03-03,1.6972927621476632,2.0925098159196955,Calibrated-LSTM-QLIKE-affine_nonnegative,validation
2022-03-03,2022-03-04,0.0004806839941866,2.0593270020601544,Calibrated-LSTM-QLIKE-affine_nonnegative,validation
2022-03-04,2022-03-07,0.1747715827843937,2.066195422859954,Calibrated-LSTM-QLIKE-affine_nonnegative,validation
2022-03-07,2022-03-08,2.9065282793306784,2.0798482772484395,Calibrated-LSTM-QLIKE-affine_nonnegative,validation
2022-03-08,2022-03-09,4.143903255486161e-06,2.1323718793844777,Calibrated-LSTM-QLIKE-affine_nonnegative,validation
2022-03-09,2022-03-10,0.1308186023197331,2.0894956082318896,Calibrated-LSTM-QLIKE-affine_nonnegative,validation
2022-03-10,2022-03-11,0.7249480262949388,1.9689888913411127,Calibrated-LSTM-QLIKE-affine_nonnegative,validation
2022-03-11,2022-03-14,1.940974298078772,2.0525349696285593,Calibrated-LSTM-QLIKE-affine_nonnegative,validation
2022-03-14,2022-03-15,0.2004736979473137,2.0611401926290114,Calibrated-LSTM-QLIKE-affine_nonnegative,validation
2022-03-15,2022-03-16,0.2048465635146144,1.9741118445930825,Calibrated-LSTM-QLIKE-affine_nonnegative,validation
2022-03-16,2022-03-17,0.0189446795575115,1.9387584279218264,Calibrated-LSTM-QLIKE-affine_nonnegative,validation
2022-03-17,2022-03-18,0.2804915592052127,1.949259095632815,Calibrated-LSTM-QLIKE-affine_nonnegative,validation
2022-03-18,2022-03-21,3.042510301896478,1.951330646860627,Calibrated-LSTM-QLIKE-affine_nonnegative,validation
2022-03-21,2022-03-22,0.3468240297098041,1.9333011255817978,Calibrated-LSTM-QLIKE-affine_nonnegative,validation
2022-03-22,2022-03-23,0.0091785148718354,2.0078360426817343,Calibrated-LSTM-QLIKE-affine_nonnegative,validation
2022-03-23,2022-03-24,0.0739545064300968,1.9891162265153568,Calibrated-LSTM-QLIKE-affine_nonnegative,validation
2022-03-24,2022-03-25,0.0002565538581837,1.9707528894006023,Calibrated-LSTM-QLIKE-affine_nonnegative,validation
2022-03-25,2022-03-28,1.0559980128443454,1.9500484421042659,Calibrated-LSTM-QLIKE-affine_nonnegative,validation
2022-03-28,2022-03-29,0.9569197018395468,2.0456206891452293,Calibrated-LSTM-QLIKE-affine_nonnegative,validation
2022-03-29,2022-03-30,0.2354496444813368,1.9181850273374366,Calibrated-LSTM-QLIKE-affine_nonnegative,validation
2022-03-30,2022-03-31,0.0120931732563713,2.0109828968378896,Calibrated-LSTM-QLIKE-affine_nonnegative,validation
2022-03-31,2022-04-01,2.607401303697469,1.9120730246898088,Calibrated-LSTM-QLIKE-affine_nonnegative,validation
2022-04-01,2022-04-04,0.2950865363946971,1.9596308496403936,Calibrated-LSTM-QLIKE-affine_nonnegative,validation
2022-04-04,2022-04-05,0.09410156815978,1.9467348133431819,Calibrated-LSTM-QLIKE-affine_nonnegative,validation
2022-04-05,2022-04-06,0.0355827999144168,1.9059084967069753,Calibrated-LSTM-QLIKE-affine_nonnegative,validation
2022-04-06,2022-04-07,1.845756746133211,2.000442635155946,Calibrated-LSTM-QLIKE-affine_nonnegative,validation
2022-04-07,2022-04-08,1.8599564295348143,1.9830978096172576,Calibrated-LSTM-QLIKE-affine_nonnegative,validation
2022-04-08,2022-04-12,3.317796568560508,1.9782486813361309,Calibrated-LSTM-QLIKE-affine_nonnegative,validation
2022-04-12,2022-04-13,2.2412176347286983,1.9923002750078633,Calibrated-LSTM-QLIKE-affine_nonnegative,validation
2022-04-13,2022-04-14,0.1186709675031117,1.9414477517469533,Calibrated-LSTM-QLIKE-affine_nonnegative,validation
2022-04-14,2022-04-15,0.8563450026802516,1.9524408778037519,Calibrated-LSTM-QLIKE-affine_nonnegative,validation
2022-04-15,2022-04-18,3.225139156963737,2.0044162967459704,Calibrated-LSTM-QLIKE-affine_nonnegative,validation
2022-04-18,2022-04-19,3.3937657292333743,2.1227693415802893,Calibrated-LSTM-QLIKE-affine_nonnegative,validation
2022-04-19,2022-04-20,2.4245124341762705,2.1649395869073746,Calibrated-LSTM-QLIKE-affine_nonnegative,validation
2022-04-20,2022-04-21,1.109638997468357,2.1559590877175734,Calibrated-LSTM-QLIKE-affine_nonnegative,validation
2022-04-21,2022-04-22,0.4305144066915168,2.135278236828169,Calibrated-LSTM-QLIKE-affine_nonnegative,validation
2022-04-22,2022-04-25,25.802530842890924,2.0939064032588144,Calibrated-LSTM-QLIKE-affine_nonnegative,validation
2022-04-25,2022-04-26,5.262405488369011,2.6756927469326013,Calibrated-LSTM-QLIKE-affine_nonnegative,validation
2022-04-26,2022-04-27,0.8508547277394044,2.4833380371324116,Calibrated-LSTM-QLIKE-affine_nonnegative,validation
2022-04-27,2022-04-28,0.0422563925888465,2.3577499606561227,Calibrated-LSTM-QLIKE-affine_nonnegative,validation
2022-04-28,2022-04-29,1.3536355027087716,2.2702795466010532,Calibrated-LSTM-QLIKE-affine_nonnegative,validation
2022-04-29,2022-05-04,1.7811317821270536,2.2002224809839,Calibrated-LSTM-QLIKE-affine_nonnegative,validation
2022-05-04,2022-05-05,0.7846838850035229,2.238578507109047,Calibrated-LSTM-QLIKE-affine_nonnegative,validation
2022-05-05,2022-05-06,5.457913784856381,2.1708589522215713,Calibrated-LSTM-QLIKE-affine_nonnegative,validation
2022-05-06,2022-05-09,21.07246376843707,2.3923238960204083,Calibrated-LSTM-QLIKE-affine_nonnegative,validation
2022-05-09,2022-05-10,3.4895974437640893,2.9579348360855127,Calibrated-LSTM-QLIKE-affine_nonnegative,validation
2022-05-10,2022-05-11,0.3772893243323654,2.6583868487996987,Calibrated-LSTM-QLIKE-affine_nonnegative,validation
2022-05-11,2022-05-12,24.369069377939013,2.556434639913739,Calibrated-LSTM-QLIKE-affine_nonnegative,validation
2022-05-12,2022-05-13,21.45200829300172,3.251544794232437,Calibrated-LSTM-QLIKE-affine_nonnegative,validation
2022-05-13,2022-05-16,0.8445825050431754,3.2843467327552225,Calibrated-LSTM-QLIKE-affine_nonnegative,validation
2022-05-16,2022-05-17,22.10791922900586,3.0822884338714385,Calibrated-LSTM-QLIKE-affine_nonnegative,validation
2022-05-17,2022-05-18,1.0072145297005026,3.392672104521469,Calibrated-LSTM-QLIKE-affine_nonnegative,validation
2022-05-18,2022-05-19,0.0050266870380628,3.1344175627413025,Calibrated-LSTM-QLIKE-affine_nonnegative,validation
2022-05-19,2022-05-20,0.0056143553761866,2.954799313537206,Calibrated-LSTM-QLIKE-affine_nonnegative,validation
2022-05-20,2022-05-23,3.1715419491716648,2.7386602254273495,Calibrated-LSTM-QLIKE-affine_nonnegative,validation
2022-05-23,2022-05-24,1.4121508187671683,2.7629375953349604,Calibrated-LSTM-QLIKE-affine_nonnegative,validation
2022-05-24,2022-05-25,7.852071042943518,2.497504946578136,Calibrated-LSTM-QLIKE-affine_nonnegative,validation
2022-05-25,2022-05-26,0.0001218078083452,2.470137647179681,Calibrated-LSTM-QLIKE-affine_nonnegative,validation
2022-05-26,2022-05-27,1.747305868676365,2.3580405830691884,Calibrated-LSTM-QLIKE-affine_nonnegative,validation
2022-05-27,2022-05-30,0.4313230278725308,2.2268168314140264,Calibrated-LSTM-QLIKE-affine_nonnegative,validation
2022-05-30,2022-05-31,0.0091927379819102,2.154793131926439,Calibrated-LSTM-QLIKE-affine_nonnegative,validation
2022-05-31,2022-06-01,0.2785076944454149,2.0841786845161536,Calibrated-LSTM-QLIKE-affine_nonnegative,validation
2022-06-01,2022-06-02,0.7094839787224755,2.0433195728737026,Calibrated-LSTM-QLIKE-affine_nonnegative,validation
2022-06-02,2022-06-03,0.0024678908753368,2.027641693506103,Calibrated-LSTM-QLIKE-affine_nonnegative,validation
2022-06-03,2022-06-06,0.0248021762794326,2.0182783192840428,Calibrated-LSTM-QLIKE-affine_nonnegative,validation
2022-06-06,2022-06-07,0.0107788521263349,1.9810909152107012,Calibrated-LSTM-QLIKE-affine_nonnegative,validation
2022-06-07,2022-06-08,1.62365203625605,1.96596761806253,Calibrated-LSTM-QLIKE-affine_nonnegative,validation
2022-06-08,2022-06-09,7.074018263381634e-05,1.9747997398460273,Calibrated-LSTM-QLIKE-affine_nonnegative,validation
2022-06-09,2022-06-10,3.350301019629325,1.9411949902354062,Calibrated-LSTM-QLIKE-affine_nonnegative,validation
2022-06-10,2022-06-13,20.64588542406384,2.0797742885148374,Calibrated-LSTM-QLIKE-affine_nonnegative,validation
2022-06-13,2022-06-14,0.0708307718816595,2.620623265795499,Calibrated-LSTM-QLIKE-affine_nonnegative,validation
2022-06-14,2022-06-15,1.796441565238617,2.4397916013603362,Calibrated-LSTM-QLIKE-affine_nonnegative,validation
2022-06-15,2022-06-16,3.432463040017097,2.346651917241947,Calibrated-LSTM-QLIKE-affine_nonnegative,validation
2022-06-16,2022-06-17,2.4820888579092317,2.3204676377029174,Calibrated-LSTM-QLIKE-affine_nonnegative,validation
2022-06-17,2022-06-20,9.47527051181594,2.3040384060784196,Calibrated-LSTM-QLIKE-affine_nonnegative,validation
2022-06-20,2022-06-21,0.4543743324349223,2.5819278246870194,Calibrated-LSTM-QLIKE-affine_nonnegative,validation
2022-06-21,2022-06-22,0.0746935567234301,2.4059951476075185,Calibrated-LSTM-QLIKE-affine_nonnegative,validation
2022-06-22,2022-06-23,2.766255864563167,2.2833826180393166,Calibrated-LSTM-QLIKE-affine_nonnegative,validation
2022-06-23,2022-06-24,0.0820210424345146,2.3110530712759867,Calibrated-LSTM-QLIKE-affine_nonnegative,validation
2022-06-24,2022-06-27,2.1086071885158946,2.2394655720340655,Calibrated-LSTM-QLIKE-affine_nonnegative,validation
2022-06-27,2022-06-28,1.593519408496492,2.172752263923571,Calibrated-LSTM-QLIKE-affine_nonnegative,validation
2022-06-28,2022-06-29,6.739655204912147e-07,2.091196149287425,Calibrated-LSTM-QLIKE-affine_nonnegative,validation
2022-06-29,2022-06-30,2.8779439800812714,2.039986880348825,Calibrated-LSTM-QLIKE-affine_nonnegative,validation
2022-06-30,2022-07-01,0.0117704187689308,2.1354736737353046,Calibrated-LSTM-QLIKE-affine_nonnegative,validation
2022-07-01,2022-07-04,0.0792348201052211,2.0853597046800756,Calibrated-LSTM-QLIKE-affine_nonnegative,validation
2022-07-04,2022-07-05,1.4358126528100246,2.0446149756203815,Calibrated-LSTM-QLIKE-affine_nonnegative,validation
2022-07-05,2022-07-06,7.389865614079536,2.0184564254968205,Calibrated-LSTM-QLIKE-affine_nonnegative,validation
2022-07-06,2022-07-07,2.1222407761584665,2.3367112975847606,Calibrated-LSTM-QLIKE-affine_nonnegative,validation
2022-07-07,2022-07-08,0.1707436242121409,2.320846513344171,Calibrated-LSTM-QLIKE-affine_nonnegative,validation
2022-07-08,2022-07-11,1.896510687995091,2.169664200815197,Calibrated-LSTM-QLIKE-affine_nonnegative,validation
2022-07-11,2022-07-12,2.8101659729648394,2.182609029682676,Calibrated-LSTM-QLIKE-affine_nonnegative,validation
2022-07-12,2022-07-13,0.0058732050643028,2.1714311317614237,Calibrated-LSTM-QLIKE-affine_nonnegative,validation
2022-07-13,2022-07-14,0.4904420356514064,2.058604312105462,Calibrated-LSTM-QLIKE-affine_nonnegative,validation
2022-07-14,2022-07-15,0.0611617161101388,2.0039603661713445,Calibrated-LSTM-QLIKE-affine_nonnegative,validation
2022-07-15,2022-07-18,0.0549065100896944,1.9875563307101811,Calibrated-LSTM-QLIKE-affine_nonnegative,validation
2022-07-18,2022-07-19,0.0244219525267298,1.987603256897979,Calibrated-LSTM-QLIKE-affine_nonnegative,validation
2022-07-19,2022-07-20,1.7763769532234184,1.9593607574344893,Calibrated-LSTM-QLIKE-affine_nonnegative,validation
2022-07-20,2022-07-21,0.1310065184317032,1.8772080669733566,Calibrated-LSTM-QLIKE-affine_nonnegative,validation
2022-07-21,2022-07-22,0.0961257253308801,1.8822988917842487,Calibrated-LSTM-QLIKE-affine_nonnegative,validation
2022-07-22,2022-07-25,0.2759737706228845,1.8883287736032306,Calibrated-LSTM-QLIKE-affine_nonnegative,validation
2022-07-25,2022-07-26,0.0835304358694094,1.884421101964797,Calibrated-LSTM-QLIKE-affine_nonnegative,validation
2022-07-26,2022-07-27,0.2525093111697122,1.8756189756138408,Calibrated-LSTM-QLIKE-affine_nonnegative,validation
2022-07-27,2022-07-28,2.02736513860254,1.8287849071222169,Calibrated-LSTM-QLIKE-affine_nonnegative,validation
2022-07-28,2022-07-29,0.0219851675662213,1.7772908815440258,Calibrated-LSTM-QLIKE-affine_nonnegative,validation
2022-07-29,2022-08-01,4.214166749504341,1.815377615341469,Calibrated-LSTM-QLIKE-affine_nonnegative,validation
2022-08-01,2022-08-02,0.6898714562213188,1.8085663858330476,Calibrated-LSTM-QLIKE-affine_nonnegative,validation
2022-08-02,2022-08-03,0.4270040010021521,1.8309021847205247,Calibrated-LSTM-QLIKE-affine_nonnegative,validation
2022-08-03,2022-08-04,0.1229567831793093,1.8161454984145238,Calibrated-LSTM-QLIKE-affine_nonnegative,validation
2022-08-04,2022-08-05,0.0126539977340546,1.8243287856638966,Calibrated-LSTM-QLIKE-affine_nonnegative,validation
2022-08-05,2022-08-08,0.1021359274837244,1.8325780628648598,Calibrated-LSTM-QLIKE-affine_nonnegative,validation
2022-08-08,2022-08-09,0.0278750471367201,1.8126585627098681,Calibrated-LSTM-QLIKE-affine_nonnegative,validation
2022-08-09,2022-08-10,0.0349139608846283,1.8130494365241383,Calibrated-LSTM-QLIKE-affine_nonnegative,validation
2022-08-10,2022-08-11,0.1247429178058028,1.8072015269959065,Calibrated-LSTM-QLIKE-affine_nonnegative,validation
2022-08-11,2022-08-12,0.6660254086755314,1.8724403929557087,Calibrated-LSTM-QLIKE-affine_nonnegative,validation
2022-08-12,2022-08-15,0.8759670360790162,1.7767952236854117,Calibrated-LSTM-QLIKE-affine_nonnegative,validation
2022-08-15,2022-08-16,0.0014782571055336,1.758174459102937,Calibrated-LSTM-QLIKE-affine_nonnegative,validation
2022-08-16,2022-08-17,0.0021413807191485,1.7860140865791398,Calibrated-LSTM-QLIKE-affine_nonnegative,validation
2022-08-17,2022-08-18,0.0161573789935176,1.8116383180643671,Calibrated-LSTM-QLIKE-affine_nonnegative,validation
2022-08-18,2022-08-19,0.124159183844011,1.776970130385385,Calibrated-LSTM-QLIKE-affine_nonnegative,validation
2022-08-19,2022-08-22,0.4785997007311449,1.776209846155241,Calibrated-LSTM-QLIKE-affine_nonnegative,validation
2022-08-22,2022-08-23,0.6726558406784502,1.7768068219193276,Calibrated-LSTM-QLIKE-affine_nonnegative,validation
2022-08-23,2022-08-24,0.2484394846076955,1.751060609008433,Calibrated-LSTM-QLIKE-affine_nonnegative,validation
2022-08-24,2022-08-25,0.8344386477124279,1.751519739095864,Calibrated-LSTM-QLIKE-affine_nonnegative,validation
2022-08-25,2022-08-26,0.2408597797174897,1.7386700957343153,Calibrated-LSTM-QLIKE-affine_nonnegative,validation
2022-08-26,2022-08-29,0.8499464536320859,1.8009703424963148,Calibrated-LSTM-QLIKE-affine_nonnegative,validation
2022-08-29,2022-08-30,0.4538418356510164,1.9013855854188637,Calibrated-LSTM-QLIKE-affine_nonnegative,validation
2022-08-30,2022-08-31,0.0076568491567018,1.7756672621088294,Calibrated-LSTM-QLIKE-affine_nonnegative,validation
2022-08-31,2022-09-05,0.061049351862573,1.7888892487729888,Calibrated-LSTM-QLIKE-affine_nonnegative,validation
2022-09-05,2022-09-06,1.532156699315195e-05,1.7751758702672875,Calibrated-LSTM-QLIKE-affine_nonnegative,validation
2022-09-06,2022-09-07,7.377847328826583,1.7708449297474393,Calibrated-LSTM-QLIKE-affine_nonnegative,validation
2022-09-07,2022-09-08,0.478523332029774,2.0138185983738177,Calibrated-LSTM-QLIKE-affine_nonnegative,validation
2022-09-08,2022-09-09,1.3041739898741895,1.9436871440839627,Calibrated-LSTM-QLIKE-affine_nonnegative,validation
2022-09-09,2022-09-12,0.004521626169754,1.9023393068606396,Calibrated-LSTM-QLIKE-affine_nonnegative,validation
2022-09-12,2022-09-13,0.0095408682654198,1.928002065812553,Calibrated-LSTM-QLIKE-affine_nonnegative,validation
2022-09-13,2022-09-14,0.3758397161006742,1.9272853749443686,Calibrated-LSTM-QLIKE-affine_nonnegative,validation
2022-09-14,2022-09-15,0.1547128388602677,1.8983820427737381,Calibrated-LSTM-QLIKE-affine_nonnegative,validation
2022-09-15,2022-09-16,0.6392848421140832,1.869122098238451,Calibrated-LSTM-QLIKE-affine_nonnegative,validation
2022-09-16,2022-09-19,6.167092365627429,1.8860943138484614,Calibrated-LSTM-QLIKE-affine_nonnegative,validation
2022-09-19,2022-09-20,1.2403443891166936,2.0361874588936066,Calibrated-LSTM-QLIKE-affine_nonnegative,validation
2022-09-20,2022-09-21,0.4759099851621189,2.02506928521137,Calibrated-LSTM-QLIKE-affine_nonnegative,validation
2022-09-21,2022-09-22,0.1171234903128616,2.051321687710526,Calibrated-LSTM-QLIKE-affine_nonnegative,validation
2022-09-22,2022-09-23,0.8922637492009945,2.01185489739012,Calibrated-LSTM-QLIKE-affine_nonnegative,validation
2022-09-23,2022-09-26,5.922583365191483,2.0010657402746026,Calibrated-LSTM-QLIKE-affine_nonnegative,validation
2022-09-26,2022-09-27,0.4452493243663706,2.1284807385622004,Calibrated-LSTM-QLIKE-affine_nonnegative,validation
2022-09-27,2022-09-28,3.9376181571955216,2.099609001580513,Calibrated-LSTM-QLIKE-affine_nonnegative,validation
2022-09-28,2022-09-29,2.391654578614972,2.1998509375594906,Calibrated-LSTM-QLIKE-affine_nonnegative,validation
2022-09-29,2022-09-30,0.2861665228807753,2.249988369708618,Calibrated-LSTM-QLIKE-affine_nonnegative,validation
2022-09-30,2022-10-03,16.955331578512116,2.1112278990166375,Calibrated-LSTM-QLIKE-affine_nonnegative,validation
2022-10-03,2022-10-04,0.5881297526576773,2.6292134244231637,Calibrated-LSTM-QLIKE-affine_nonnegative,validation
2022-10-04,2022-10-05,5.7303230555022,2.499007384465866,Calibrated-LSTM-QLIKE-affine_nonnegative,validation
2022-10-05,2022-10-06,7.453651936358921,2.4805552608707893,Calibrated-LSTM-QLIKE-affine_nonnegative,validation
2022-10-06,2022-10-07,13.391049366085785,2.604251358775413,Calibrated-LSTM-QLIKE-affine_nonnegative,validation
2022-10-07,2022-10-10,0.3997049579355222,2.6342323935089906,Calibrated-LSTM-QLIKE-affine_nonnegative,validation
2022-10-10,2022-10-11,12.54691927074426,2.5550825791278156,Calibrated-LSTM-QLIKE-affine_nonnegative,validation
2022-10-11,2022-10-12,7.860720182392412,2.761019220782659,Calibrated-LSTM-QLIKE-affine_nonnegative,validation
2022-10-12,2022-10-13,2.4070722291092697,2.7527308828628754,Calibrated-LSTM-QLIKE-affine_nonnegative,validation
2022-10-13,2022-10-14,1.0568030806874944,2.7425089727049694,Calibrated-LSTM-QLIKE-affine_nonnegative,validation
2022-10-14,2022-10-17,0.9445652838308308,2.4636860962356875,Calibrated-LSTM-QLIKE-affine_nonnegative,validation
2022-10-17,2022-10-18,1.304619909377935,2.4701544446219046,Calibrated-LSTM-QLIKE-affine_nonnegative,validation
2022-10-18,2022-10-19,0.1143012847418557,2.3053620711882044,Calibrated-LSTM-QLIKE-affine_nonnegative,validation
2022-10-19,2022-10-20,0.0233897216248987,2.311149056660119,Calibrated-LSTM-QLIKE-affine_nonnegative,validation
2022-10-20,2022-10-21,13.823102148731785,2.2408778903111384,Calibrated-LSTM-QLIKE-affine_nonnegative,validation
2022-10-21,2022-10-24,11.27142788246664,2.505957259529144,Calibrated-LSTM-QLIKE-affine_nonnegative,validation
2022-10-24,2022-10-25,0.2552819963060921,2.786767300076023,Calibrated-LSTM-QLIKE-affine_nonnegative,validation
2022-10-25,2022-10-26,0.2322552175172126,2.4393892626251836,Calibrated-LSTM-QLIKE-affine_nonnegative,validation
2022-10-26,2022-10-27,17.476545289293156,2.4351603065759755,Calibrated-LSTM-QLIKE-affine_nonnegative,validation
2022-10-27,2022-10-28,0.0040004302898497,2.7156975886562784,Calibrated-LSTM-QLIKE-affine_nonnegative,validation
2022-10-28,2022-10-31,0.003185411598369,2.3579102029224095,Calibrated-LSTM-QLIKE-affine_nonnegative,validation
2022-10-31,2022-11-01,0.3176638729946111,2.1318775546561985,Calibrated-LSTM-QLIKE-affine_nonnegative,validation
2022-11-01,2022-11-02,1.0542708806933592,2.0643338396599313,Calibrated-LSTM-QLIKE-affine_nonnegative,validation
2022-11-02,2022-11-03,0.1094857130367321,2.1130854828256553,Calibrated-LSTM-QLIKE-affine_nonnegative,validation
2022-11-03,2022-11-04,5.049190747098641,2.1020734263180976,Calibrated-LSTM-QLIKE-affine_nonnegative,validation
2022-11-04,2022-11-07,4.95903292212355,2.1504855211874556,Calibrated-LSTM-QLIKE-affine_nonnegative,validation
2022-11-07,2022-11-08,0.4359307936718208,2.3308521897617136,Calibrated-LSTM-QLIKE-affine_nonnegative,validation
2022-11-08,2022-11-09,0.1604496978685764,2.202045136778137,Calibrated-LSTM-QLIKE-affine_nonnegative,validation
2022-11-09,2022-11-10,15.751336654060546,2.1246985144883057,Calibrated-LSTM-QLIKE-affine_nonnegative,validation
2022-11-10,2022-11-11,0.5877644540297541,2.427179388511481,Calibrated-LSTM-QLIKE-affine_nonnegative,validation
2022-11-11,2022-11-14,2.025904181968848,2.250118083290229,Calibrated-LSTM-QLIKE-affine_nonnegative,validation
2022-11-14,2022-11-15,9.894366349346946,2.187844499134933,Calibrated-LSTM-QLIKE-affine_nonnegative,validation
2022-11-15,2022-11-16,11.17558049000805,2.4333293853736606,Calibrated-LSTM-QLIKE-affine_nonnegative,validation
2022-11-16,2022-11-17,7.602516501605635,2.345420904690456,Calibrated-LSTM-QLIKE-affine_nonnegative,validation
2022-11-17,2022-11-18,5.215358122437767e-05,2.393365604064306,Calibrated-LSTM-QLIKE-affine_nonnegative,validation
2022-11-18,2022-11-21,0.8090953049399706,2.064152400621315,Calibrated-LSTM-QLIKE-affine_nonnegative,validation
2022-11-21,2022-11-22,0.7954965643291928,2.125259895672443,Calibrated-LSTM-QLIKE-affine_nonnegative,validation
2022-11-22,2022-11-23,0.4158325821141256,2.040874878465078,Calibrated-LSTM-QLIKE-affine_nonnegative,validation
2022-11-23,2022-11-24,0.0326156098281846,2.0603820414074034,Calibrated-LSTM-QLIKE-affine_nonnegative,validation
2022-11-24,2022-11-25,6.126390414606435,2.0151634602559314,Calibrated-LSTM-QLIKE-affine_nonnegative,validation
2022-11-25,2022-11-28,11.99171626886051,2.071676188293882,Calibrated-LSTM-QLIKE-affine_nonnegative,validation
2022-11-28,2022-11-29,6.749510839154126,2.138060346524624,Calibrated-LSTM-QLIKE-affine_nonnegative,validation
2022-11-29,2022-11-30,2.4431488019656613,2.019109792674085,Calibrated-LSTM-QLIKE-affine_nonnegative,validation
2022-11-30,2022-12-01,1.3565007887137526,1.9289657857318432,Calibrated-LSTM-QLIKE-affine_nonnegative,validation
2022-12-01,2022-12-02,17.084105039989844,1.9767923697579974,Calibrated-LSTM-QLIKE-affine_nonnegative,validation
2022-12-02,2022-12-05,1.5797254157342264,2.1109766039484588,Calibrated-LSTM-QLIKE-affine_nonnegative,validation
2022-12-05,2022-12-06,17.637687522394646,1.9652237313355085,Calibrated-LSTM-QLIKE-affine_nonnegative,validation
2022-12-06,2022-12-07,0.5388682275570345,2.088384710723597,Calibrated-LSTM-QLIKE-affine_nonnegative,validation
2022-12-07,2022-12-08,0.8269714352452323,2.020668222035892,Calibrated-LSTM-QLIKE-affine_nonnegative,validation
2022-12-08,2022-12-09,0.0148277116225318,2.0029719833408537,Calibrated-LSTM-QLIKE-affine_nonnegative,validation
2022-12-09,2022-12-12,3.589507425464579,1.9468385308832572,Calibrated-LSTM-QLIKE-affine_nonnegative,validation
2022-12-12,2022-12-13,2.1880754664799307,2.0157176425362593,Calibrated-LSTM-QLIKE-affine_nonnegative,validation
2022-12-13,2022-12-14,0.0807108309118899,2.014772586441661,Calibrated-LSTM-QLIKE-affine_nonnegative,validation
2022-12-14,2022-12-15,0.2157077020057238,1.9587120562133984,Calibrated-LSTM-QLIKE-affine_nonnegative,validation
2022-12-15,2022-12-16,0.072617015649584,1.9492721603101,Calibrated-LSTM-QLIKE-affine_nonnegative,validation
2022-12-16,2022-12-19,1.813928705292506,1.9351204485501967,Calibrated-LSTM-QLIKE-affine_nonnegative,validation
2022-12-19,2022-12-20,2.1946973166474533,1.9384615397961853,Calibrated-LSTM-QLIKE-affine_nonnegative,validation
2022-12-20,2022-12-21,0.1732700004356016,1.933941428081777,Calibrated-LSTM-QLIKE-affine_nonnegative,validation
2022-12-21,2022-12-22,0.1335316168500294,1.8986445361367321,Calibrated-LSTM-QLIKE-affine_nonnegative,validation
2022-12-22,2022-12-23,0.0493851739530653,1.8963022261378484,Calibrated-LSTM-QLIKE-affine_nonnegative,validation
2022-12-23,2022-12-26,12.275470581243656,1.8980462272423102,Calibrated-LSTM-QLIKE-affine_nonnegative,validation
2022-12-26,2022-12-27,3.78693616836278,2.2565229746724933,Calibrated-LSTM-QLIKE-affine_nonnegative,validation
2022-12-27,2022-12-28,1.2053971949970186,2.251232180311326,Calibrated-LSTM-QLIKE-affine_nonnegative,validation
2022-12-28,2022-12-29,0.3958340163318585,2.185241828781592,Calibrated-LSTM-QLIKE-affine_nonnegative,validation
2022-12-29,2022-12-30,0.047616879962563,2.1789337226616614,Calibrated-LSTM-QLIKE-affine_nonnegative,validation
