date,target_date,actual_var,pred_var,model,split
2023-01-03,2023-01-04,0.0549535930877402,4.025942208726074,Calibrated-Hybrid-LogTarget-Small-affine_nonnegative,test
2023-01-04,2023-01-05,0.8117646910153878,2.6047859560800144,Calibrated-Hybrid-LogTarget-Small-affine_nonnegative,test
2023-01-05,2023-01-06,0.172811729353928,2.360100734702621,Calibrated-Hybrid-LogTarget-Small-affine_nonnegative,test
2023-01-06,2023-01-09,0.0692225607636781,2.272527854491127,Calibrated-Hybrid-LogTarget-Small-affine_nonnegative,test
2023-01-09,2023-01-10,0.0066603499297191,2.227266383543072,Calibrated-Hybrid-LogTarget-Small-affine_nonnegative,test
2023-01-10,2023-01-11,0.0522271097766636,2.087710733069417,Calibrated-Hybrid-LogTarget-Small-affine_nonnegative,test
2023-01-11,2023-01-12,0.0035587018238326,2.1010442801080482,Calibrated-Hybrid-LogTarget-Small-affine_nonnegative,test
2023-01-12,2023-01-13,0.1275802197397324,1.7884343180025235,Calibrated-Hybrid-LogTarget-Small-affine_nonnegative,test
2023-01-13,2023-01-16,0.374758039143315,1.837793320464844,Calibrated-Hybrid-LogTarget-Small-affine_nonnegative,test
2023-01-16,2023-01-17,4.022686466488597,1.6488429742910142,Calibrated-Hybrid-LogTarget-Small-affine_nonnegative,test
2023-01-17,2023-01-18,0.8349687871773404,1.904996444196317,Calibrated-Hybrid-LogTarget-Small-affine_nonnegative,test
2023-01-18,2023-01-19,0.7891600724610666,1.508272039170294,Calibrated-Hybrid-LogTarget-Small-affine_nonnegative,test
2023-01-19,2023-01-27,0.6572756271765033,1.4178248616725937,Calibrated-Hybrid-LogTarget-Small-affine_nonnegative,test
2023-01-27,2023-01-30,1.7140630852404162,1.3437172124068402,Calibrated-Hybrid-LogTarget-Small-affine_nonnegative,test
2023-01-30,2023-01-31,0.6050810133388357,1.7764987854954237,Calibrated-Hybrid-LogTarget-Small-affine_nonnegative,test
2023-01-31,2023-02-01,10.368357126316685,1.7378404035012938,Calibrated-Hybrid-LogTarget-Small-affine_nonnegative,test
2023-02-01,2023-02-02,0.0226347776228954,3.0719061106957137,Calibrated-Hybrid-LogTarget-Small-affine_nonnegative,test
2023-02-02,2023-02-03,0.0016679215067438,2.3887982005299797,Calibrated-Hybrid-LogTarget-Small-affine_nonnegative,test
2023-02-03,2023-02-06,1.256067923688864,2.2328320499144954,Calibrated-Hybrid-LogTarget-Small-affine_nonnegative,test
2023-02-06,2023-02-07,4.736232587067869,2.345530426495667,Calibrated-Hybrid-LogTarget-Small-affine_nonnegative,test
2023-02-07,2023-02-08,0.3561755878073738,2.7975793708470853,Calibrated-Hybrid-LogTarget-Small-affine_nonnegative,test
2023-02-08,2023-02-09,0.5879330834697908,2.3930287968321156,Calibrated-Hybrid-LogTarget-Small-affine_nonnegative,test
2023-02-09,2023-02-10,0.6787287097613596,2.369711586974907,Calibrated-Hybrid-LogTarget-Small-affine_nonnegative,test
2023-02-10,2023-02-13,1.2216869517708149,2.5818592641564133,Calibrated-Hybrid-LogTarget-Small-affine_nonnegative,test
2023-02-13,2023-02-14,0.2361888824871934,2.94909361388647,Calibrated-Hybrid-LogTarget-Small-affine_nonnegative,test
2023-02-14,2023-02-15,0.8394668425834446,2.5501491029217807,Calibrated-Hybrid-LogTarget-Small-affine_nonnegative,test
2023-02-15,2023-02-16,0.9177621933014196,2.7066937141060623,Calibrated-Hybrid-LogTarget-Small-affine_nonnegative,test
2023-02-16,2023-02-17,0.0092805250097098,2.2628679085121957,Calibrated-Hybrid-LogTarget-Small-affine_nonnegative,test
2023-02-17,2023-02-20,6.512002780573765,1.844217702335824,Calibrated-Hybrid-LogTarget-Small-affine_nonnegative,test
2023-02-20,2023-02-21,0.1691390418565458,2.5847118706089725,Calibrated-Hybrid-LogTarget-Small-affine_nonnegative,test
2023-02-21,2023-02-22,6.846416409130559,2.0210077659781596,Calibrated-Hybrid-LogTarget-Small-affine_nonnegative,test
2023-02-22,2023-02-23,0.0034604047962046,3.1210098911763566,Calibrated-Hybrid-LogTarget-Small-affine_nonnegative,test
2023-02-23,2023-02-24,1.8150207850841689,2.5192460406766726,Calibrated-Hybrid-LogTarget-Small-affine_nonnegative,test
2023-02-24,2023-02-27,3.1577928002505518,2.8926608698195526,Calibrated-Hybrid-LogTarget-Small-affine_nonnegative,test
2023-02-27,2023-02-28,0.1124261928232939,3.578368710846657,Calibrated-Hybrid-LogTarget-Small-affine_nonnegative,test
2023-02-28,2023-03-01,2.362077222441523,2.919621938708548,Calibrated-Hybrid-LogTarget-Small-affine_nonnegative,test
2023-03-01,2023-03-02,0.0800566234507277,3.2378999982544783,Calibrated-Hybrid-LogTarget-Small-affine_nonnegative,test
2023-03-02,2023-03-03,1.5504718457013609,2.4879521502309787,Calibrated-Hybrid-LogTarget-Small-affine_nonnegative,test
2023-03-03,2023-03-06,0.0551773612932756,2.8493156775877577,Calibrated-Hybrid-LogTarget-Small-affine_nonnegative,test
2023-03-06,2023-03-07,1.0659420423683896,2.5027566368280096,Calibrated-Hybrid-LogTarget-Small-affine_nonnegative,test
2023-03-07,2023-03-08,1.180976964777076,2.5492399878316583,Calibrated-Hybrid-LogTarget-Small-affine_nonnegative,test
2023-03-08,2023-03-09,0.4136971055728827,2.2610020742947534,Calibrated-Hybrid-LogTarget-Small-affine_nonnegative,test
2023-03-09,2023-03-10,0.078265798957639,1.920951257507304,Calibrated-Hybrid-LogTarget-Small-affine_nonnegative,test
2023-03-10,2023-03-13,0.0003608159625681,1.6224035453687096,Calibrated-Hybrid-LogTarget-Small-affine_nonnegative,test
2023-03-13,2023-03-14,1.4659340258862177,1.6395702935900782,Calibrated-Hybrid-LogTarget-Small-affine_nonnegative,test
2023-03-14,2023-03-15,4.404587524685249,2.057712338274719,Calibrated-Hybrid-LogTarget-Small-affine_nonnegative,test
2023-03-15,2023-03-16,1.966140070411206,2.4052709197198747,Calibrated-Hybrid-LogTarget-Small-affine_nonnegative,test
2023-03-16,2023-03-17,0.0466583815583474,2.170662745149121,Calibrated-Hybrid-LogTarget-Small-affine_nonnegative,test
2023-03-17,2023-03-20,4.542701346022625,1.9564717220143837,Calibrated-Hybrid-LogTarget-Small-affine_nonnegative,test
2023-03-20,2023-03-21,0.8241032078763476,2.8676571796464065,Calibrated-Hybrid-LogTarget-Small-affine_nonnegative,test
2023-03-21,2023-03-22,0.6122377400151076,2.6146192652215388,Calibrated-Hybrid-LogTarget-Small-affine_nonnegative,test
2023-03-22,2023-03-23,0.1912107767600162,2.447990359468768,Calibrated-Hybrid-LogTarget-Small-affine_nonnegative,test
2023-03-23,2023-03-24,0.0261069358389794,2.074567916176448,Calibrated-Hybrid-LogTarget-Small-affine_nonnegative,test
2023-03-24,2023-03-27,0.2706486133246383,1.9046311635517363,Calibrated-Hybrid-LogTarget-Small-affine_nonnegative,test
2023-03-27,2023-03-28,0.0375129464792075,1.8848375982442502,Calibrated-Hybrid-LogTarget-Small-affine_nonnegative,test
2023-03-28,2023-03-29,0.0373680554186715,1.8524969302412702,Calibrated-Hybrid-LogTarget-Small-affine_nonnegative,test
2023-03-29,2023-03-30,0.0864260143113033,1.53827416074386,Calibrated-Hybrid-LogTarget-Small-affine_nonnegative,test
2023-03-30,2023-03-31,0.2397323675517269,1.626167253015544,Calibrated-Hybrid-LogTarget-Small-affine_nonnegative,test
2023-03-31,2023-04-03,1.8652562093058924,1.604196246132049,Calibrated-Hybrid-LogTarget-Small-affine_nonnegative,test
2023-04-03,2023-04-04,0.0059186412860023,1.833472787177678,Calibrated-Hybrid-LogTarget-Small-affine_nonnegative,test
2023-04-04,2023-04-05,0.0498269661847383,1.5927616174149266,Calibrated-Hybrid-LogTarget-Small-affine_nonnegative,test
2023-04-05,2023-04-06,0.8553042836437406,1.5456498374794634,Calibrated-Hybrid-LogTarget-Small-affine_nonnegative,test
2023-04-06,2023-04-07,0.0125702355791553,1.8945346932247897,Calibrated-Hybrid-LogTarget-Small-affine_nonnegative,test
2023-04-07,2023-04-10,0.1668068990512428,1.5804017779126054,Calibrated-Hybrid-LogTarget-Small-affine_nonnegative,test
2023-04-10,2023-04-11,0.1482607699784405,1.8038296993656302,Calibrated-Hybrid-LogTarget-Small-affine_nonnegative,test
2023-04-11,2023-04-12,8.743291732272662e-07,1.6619633292960585,Calibrated-Hybrid-LogTarget-Small-affine_nonnegative,test
2023-04-12,2023-04-13,0.2330177840007939,1.5663523383091567,Calibrated-Hybrid-LogTarget-Small-affine_nonnegative,test
2023-04-13,2023-04-14,1.1617696349612645,1.5473393554146049,Calibrated-Hybrid-LogTarget-Small-affine_nonnegative,test
2023-04-14,2023-04-17,0.0076283447272982,1.8365664686664938,Calibrated-Hybrid-LogTarget-Small-affine_nonnegative,test
2023-04-17,2023-04-18,0.0131688449679895,1.422574875638518,Calibrated-Hybrid-LogTarget-Small-affine_nonnegative,test
2023-04-18,2023-04-19,0.3296437026732272,1.4542812995966692,Calibrated-Hybrid-LogTarget-Small-affine_nonnegative,test
2023-04-19,2023-04-20,0.0006623405434785,1.479246274476735,Calibrated-Hybrid-LogTarget-Small-affine_nonnegative,test
2023-04-20,2023-04-21,0.3673257523211698,1.309308812418128,Calibrated-Hybrid-LogTarget-Small-affine_nonnegative,test
2023-04-21,2023-04-24,0.0221215519921837,1.4535906519612127,Calibrated-Hybrid-LogTarget-Small-affine_nonnegative,test
2023-04-24,2023-04-25,0.3932622485353985,1.3939072728915456,Calibrated-Hybrid-LogTarget-Small-affine_nonnegative,test
2023-04-25,2023-04-26,0.328691182889417,1.4679612238054165,Calibrated-Hybrid-LogTarget-Small-affine_nonnegative,test
2023-04-26,2023-04-27,0.0126510214171176,1.401378056501621,Calibrated-Hybrid-LogTarget-Small-affine_nonnegative,test
2023-04-27,2023-04-28,0.8257060505705139,1.3569424394277667,Calibrated-Hybrid-LogTarget-Small-affine_nonnegative,test
2023-04-28,2023-05-04,0.663351259487948,1.4961675373856638,Calibrated-Hybrid-LogTarget-Small-affine_nonnegative,test
2023-05-04,2023-05-05,0.0008313650023289,1.5236989863300654,Calibrated-Hybrid-LogTarget-Small-affine_nonnegative,test
2023-05-05,2023-05-08,1.5730813455266768,1.3804564192377524,Calibrated-Hybrid-LogTarget-Small-affine_nonnegative,test
2023-05-08,2023-05-09,0.0009810073041391,1.662419671308416,Calibrated-Hybrid-LogTarget-Small-affine_nonnegative,test
2023-05-09,2023-05-10,0.1807814295588449,1.4133556770559637,Calibrated-Hybrid-LogTarget-Small-affine_nonnegative,test
2023-05-10,2023-05-11,0.0116169732719969,1.5240472526472544,Calibrated-Hybrid-LogTarget-Small-affine_nonnegative,test
2023-05-11,2023-05-12,0.8480601097426534,1.54393274572903,Calibrated-Hybrid-LogTarget-Small-affine_nonnegative,test
2023-05-12,2023-05-15,0.0124546383596074,1.6610639803976341,Calibrated-Hybrid-LogTarget-Small-affine_nonnegative,test
2023-05-15,2023-05-16,0.0003521278803455,1.635346881151024,Calibrated-Hybrid-LogTarget-Small-affine_nonnegative,test
2023-05-16,2023-05-17,0.2647079940558091,1.491617587797314,Calibrated-Hybrid-LogTarget-Small-affine_nonnegative,test
2023-05-17,2023-05-18,0.5467189046851431,1.6561274264148986,Calibrated-Hybrid-LogTarget-Small-affine_nonnegative,test
2023-05-18,2023-05-19,0.0134881726921275,1.5470362826895911,Calibrated-Hybrid-LogTarget-Small-affine_nonnegative,test
2023-05-19,2023-05-22,0.1115577260954784,1.5311503953421366,Calibrated-Hybrid-LogTarget-Small-affine_nonnegative,test
2023-05-22,2023-05-23,0.2010623455676166,1.4752902189583856,Calibrated-Hybrid-LogTarget-Small-affine_nonnegative,test
2023-05-23,2023-05-24,0.1456521231551851,1.5069090385556838,Calibrated-Hybrid-LogTarget-Small-affine_nonnegative,test
2023-05-24,2023-05-25,0.0713508401309495,1.535446697698981,Calibrated-Hybrid-LogTarget-Small-affine_nonnegative,test
2023-05-25,2023-05-26,0.006683379548905,1.4609267766469018,Calibrated-Hybrid-LogTarget-Small-affine_nonnegative,test
2023-05-26,2023-05-29,1.1008741895280585,1.4470819124630672,Calibrated-Hybrid-LogTarget-Small-affine_nonnegative,test
2023-05-29,2023-05-30,0.0813274524532,1.6506628774406449,Calibrated-Hybrid-LogTarget-Small-affine_nonnegative,test
2023-05-30,2023-05-31,0.0715597269351419,1.6098021205483266,Calibrated-Hybrid-LogTarget-Small-affine_nonnegative,test
2023-05-31,2023-06-01,0.0894248931377806,1.6368870048304236,Calibrated-Hybrid-LogTarget-Small-affine_nonnegative,test
2023-06-01,2023-06-02,1.3176407801372392,1.5966322753744715,Calibrated-Hybrid-LogTarget-Small-affine_nonnegative,test
2023-06-02,2023-06-05,0.4068339428608296,1.8537712420225168,Calibrated-Hybrid-LogTarget-Small-affine_nonnegative,test
2023-06-05,2023-06-06,0.9043890866960916,1.7356502149214306,Calibrated-Hybrid-LogTarget-Small-affine_nonnegative,test
2023-06-06,2023-06-07,0.0123028566285396,1.6210180422364198,Calibrated-Hybrid-LogTarget-Small-affine_nonnegative,test
2023-06-07,2023-06-08,0.5529490855904797,1.6366886955928965,Calibrated-Hybrid-LogTarget-Small-affine_nonnegative,test
2023-06-08,2023-06-09,0.3161644467066298,1.9605331638481878,Calibrated-Hybrid-LogTarget-Small-affine_nonnegative,test
2023-06-09,2023-06-12,0.5831574033164091,1.705953255905387,Calibrated-Hybrid-LogTarget-Small-affine_nonnegative,test
2023-06-12,2023-06-13,0.3310759893352936,1.6153994119682147,Calibrated-Hybrid-LogTarget-Small-affine_nonnegative,test
2023-06-13,2023-06-14,0.2025223817587841,1.6971671157990085,Calibrated-Hybrid-LogTarget-Small-affine_nonnegative,test
2023-06-14,2023-06-15,0.0016224341258812,1.6641496143499261,Calibrated-Hybrid-LogTarget-Small-affine_nonnegative,test
2023-06-15,2023-06-16,0.024585211583996,1.4857939022869378,Calibrated-Hybrid-LogTarget-Small-affine_nonnegative,test
2023-06-16,2023-06-19,0.7822402072538185,1.8440504842305656,Calibrated-Hybrid-LogTarget-Small-affine_nonnegative,test
2023-06-19,2023-06-20,0.3250259985876756,1.6706945375265654,Calibrated-Hybrid-LogTarget-Small-affine_nonnegative,test
2023-06-20,2023-06-21,0.3653445181035127,1.5043192074822815,Calibrated-Hybrid-LogTarget-Small-affine_nonnegative,test
2023-06-21,2023-06-22,0.3717252672960691,1.6779679818788213,Calibrated-Hybrid-LogTarget-Small-affine_nonnegative,test
2023-06-22,2023-06-23,0.1309819466607628,1.6484479306387123,Calibrated-Hybrid-LogTarget-Small-affine_nonnegative,test
2023-06-23,2023-06-26,0.0549279663710728,1.5907075037295373,Calibrated-Hybrid-LogTarget-Small-affine_nonnegative,test
2023-06-26,2023-06-27,0.0411962958640958,1.6468558750347262,Calibrated-Hybrid-LogTarget-Small-affine_nonnegative,test
2023-06-27,2023-06-28,0.1251516048900254,1.3686403351299943,Calibrated-Hybrid-LogTarget-Small-affine_nonnegative,test
2023-06-28,2023-06-29,1.3110715533307906,1.4380893854866883,Calibrated-Hybrid-LogTarget-Small-affine_nonnegative,test
2023-06-29,2023-06-30,0.2153197174085333,1.682855063264964,Calibrated-Hybrid-LogTarget-Small-affine_nonnegative,test
2023-06-30,2023-07-03,0.2244859363593752,1.4079073270043967,Calibrated-Hybrid-LogTarget-Small-affine_nonnegative,test
2023-07-03,2023-07-04,0.331614557206894,1.35448516990425,Calibrated-Hybrid-LogTarget-Small-affine_nonnegative,test
2023-07-04,2023-07-05,0.0534448088033697,1.455127305990791,Calibrated-Hybrid-LogTarget-Small-affine_nonnegative,test
2023-07-05,2023-07-06,0.5521828368120864,1.4480005713807167,Calibrated-Hybrid-LogTarget-Small-affine_nonnegative,test
2023-07-06,2023-07-07,1.0955709924740076,1.6300348091522154,Calibrated-Hybrid-LogTarget-Small-affine_nonnegative,test
2023-07-07,2023-07-10,0.9169134777331625,1.5901114953370548,Calibrated-Hybrid-LogTarget-Small-affine_nonnegative,test
2023-07-10,2023-07-11,0.057144157007868,1.6684480009815712,Calibrated-Hybrid-LogTarget-Small-affine_nonnegative,test
2023-07-11,2023-07-12,0.0444186703613796,1.592027930954733,Calibrated-Hybrid-LogTarget-Small-affine_nonnegative,test
2023-07-12,2023-07-13,0.9358770339385756,1.3968739097315388,Calibrated-Hybrid-LogTarget-Small-affine_nonnegative,test
2023-07-13,2023-07-14,0.0652166185346891,1.514066792773706,Calibrated-Hybrid-LogTarget-Small-affine_nonnegative,test
2023-07-14,2023-07-17,0.1632239943294482,1.6301198415698868,Calibrated-Hybrid-LogTarget-Small-affine_nonnegative,test
2023-07-17,2023-07-18,0.0066910598075562,1.5302489495082636,Calibrated-Hybrid-LogTarget-Small-affine_nonnegative,test
2023-07-18,2023-07-19,0.0089465157105592,1.411225736072404,Calibrated-Hybrid-LogTarget-Small-affine_nonnegative,test
2023-07-19,2023-07-20,0.0002100775164203,1.4560452807172117,Calibrated-Hybrid-LogTarget-Small-affine_nonnegative,test
2023-07-20,2023-07-21,1.2319670859049314,1.3629090684612972,Calibrated-Hybrid-LogTarget-Small-affine_nonnegative,test
2023-07-21,2023-07-24,0.164526463877313,1.6346726747082791,Calibrated-Hybrid-LogTarget-Small-affine_nonnegative,test
2023-07-24,2023-07-25,0.1884318549081098,1.6575927017204362,Calibrated-Hybrid-LogTarget-Small-affine_nonnegative,test
2023-07-25,2023-07-26,0.1699312574616927,1.563989503434136,Calibrated-Hybrid-LogTarget-Small-affine_nonnegative,test
2023-07-26,2023-07-27,0.0856869950327944,1.477323765804164,Calibrated-Hybrid-LogTarget-Small-affine_nonnegative,test
2023-07-27,2023-07-28,0.7393945741890614,1.6980146091363766,Calibrated-Hybrid-LogTarget-Small-affine_nonnegative,test
2023-07-28,2023-07-31,1.5705613280253743,1.7822331692292968,Calibrated-Hybrid-LogTarget-Small-affine_nonnegative,test
2023-07-31,2023-08-01,0.191513989792846,1.9201784252348322,Calibrated-Hybrid-LogTarget-Small-affine_nonnegative,test
2023-08-01,2023-08-02,0.0554319741987418,1.90576694400992,Calibrated-Hybrid-LogTarget-Small-affine_nonnegative,test
2023-08-02,2023-08-03,0.6081005379926719,1.550998319594748,Calibrated-Hybrid-LogTarget-Small-affine_nonnegative,test
2023-08-03,2023-08-04,1.5216082607669985,1.773999552889196,Calibrated-Hybrid-LogTarget-Small-affine_nonnegative,test
2023-08-04,2023-08-07,1.5663427455149326,1.9882433719625656,Calibrated-Hybrid-LogTarget-Small-affine_nonnegative,test
2023-08-07,2023-08-08,0.0042545072808971,2.013500766747071,Calibrated-Hybrid-LogTarget-Small-affine_nonnegative,test
2023-08-08,2023-08-09,0.4429341513499315,1.8791737997396083,Calibrated-Hybrid-LogTarget-Small-affine_nonnegative,test
2023-08-09,2023-08-10,1.18855521360565,1.8669233049515357,Calibrated-Hybrid-LogTarget-Small-affine_nonnegative,test
2023-08-10,2023-08-11,0.8946457187409982,1.9904425599328255,Calibrated-Hybrid-LogTarget-Small-affine_nonnegative,test
2023-08-11,2023-08-14,0.1406576061529025,1.9921105683462546,Calibrated-Hybrid-LogTarget-Small-affine_nonnegative,test
2023-08-14,2023-08-15,0.0509990332423939,1.9153624687206883,Calibrated-Hybrid-LogTarget-Small-affine_nonnegative,test
2023-08-15,2023-08-16,0.5528693854620391,1.6694817117692557,Calibrated-Hybrid-LogTarget-Small-affine_nonnegative,test
2023-08-16,2023-08-17,0.6237080926504832,1.685940520348621,Calibrated-Hybrid-LogTarget-Small-affine_nonnegative,test
2023-08-17,2023-08-18,21.187467781738864,1.8370981382956193,Calibrated-Hybrid-LogTarget-Small-affine_nonnegative,test
2023-08-18,2023-08-21,0.0225429724444894,2.933224975852984,Calibrated-Hybrid-LogTarget-Small-affine_nonnegative,test
2023-08-21,2023-08-22,0.0038263943505654,2.3279348442061427,Calibrated-Hybrid-LogTarget-Small-affine_nonnegative,test
2023-08-22,2023-08-23,0.4543048185096983,2.227735193156725,Calibrated-Hybrid-LogTarget-Small-affine_nonnegative,test
2023-08-23,2023-08-24,2.030960720400387,2.0339145076063225,Calibrated-Hybrid-LogTarget-Small-affine_nonnegative,test
2023-08-24,2023-08-25,0.2574822009117362,2.1375003918243456,Calibrated-Hybrid-LogTarget-Small-affine_nonnegative,test
2023-08-25,2023-08-28,2.3677711449578327,1.9300387960931873,Calibrated-Hybrid-LogTarget-Small-affine_nonnegative,test
2023-08-28,2023-08-29,0.0507403600472885,1.998208337054307,Calibrated-Hybrid-LogTarget-Small-affine_nonnegative,test
2023-08-29,2023-08-30,0.521587233427783,1.8845141315690195,Calibrated-Hybrid-LogTarget-Small-affine_nonnegative,test
2023-08-30,2023-08-31,0.798611626583033,1.8492421510876187,Calibrated-Hybrid-LogTarget-Small-affine_nonnegative,test
2023-08-31,2023-09-05,0.790275250555677,1.8439341088828993,Calibrated-Hybrid-LogTarget-Small-affine_nonnegative,test
2023-09-05,2023-09-06,0.7194907575034776,1.7301653427748573,Calibrated-Hybrid-LogTarget-Small-affine_nonnegative,test
2023-09-06,2023-09-07,0.0359716287929884,1.7126937882343538,Calibrated-Hybrid-LogTarget-Small-affine_nonnegative,test
2023-09-07,2023-09-08,0.0178548556372743,1.6947888281513632,Calibrated-Hybrid-LogTarget-Small-affine_nonnegative,test
2023-09-08,2023-09-11,2.097389099277001,1.5814011495341909,Calibrated-Hybrid-LogTarget-Small-affine_nonnegative,test
2023-09-11,2023-09-12,3.1212396050656377,2.062898740088047,Calibrated-Hybrid-LogTarget-Small-affine_nonnegative,test
2023-09-12,2023-09-13,0.3222528903899724,1.9225214018497505,Calibrated-Hybrid-LogTarget-Small-affine_nonnegative,test
2023-09-13,2023-09-14,1.4026151894519558,1.9901054692937283,Calibrated-Hybrid-LogTarget-Small-affine_nonnegative,test
2023-09-14,2023-09-15,0.0839016379792105,2.0981311832969385,Calibrated-Hybrid-LogTarget-Small-affine_nonnegative,test
2023-09-15,2023-09-18,1.6257299462595711,1.7529329816019596,Calibrated-Hybrid-LogTarget-Small-affine_nonnegative,test
2023-09-18,2023-09-19,0.000654584074098,1.8068495729789118,Calibrated-Hybrid-LogTarget-Small-affine_nonnegative,test
2023-09-19,2023-09-20,1.4369523878233037,1.7960203011531113,Calibrated-Hybrid-LogTarget-Small-affine_nonnegative,test
2023-09-20,2023-09-21,1.2021573804780938,1.7626179289674013,Calibrated-Hybrid-LogTarget-Small-affine_nonnegative,test
2023-09-21,2023-09-22,2.67951003310709,1.8889460960566393,Calibrated-Hybrid-LogTarget-Small-affine_nonnegative,test
2023-09-22,2023-09-25,11.541216926620844,2.316007330734141,Calibrated-Hybrid-LogTarget-Small-affine_nonnegative,test
2023-09-25,2023-09-26,1.7698314100181254,2.7459764379849054,Calibrated-Hybrid-LogTarget-Small-affine_nonnegative,test
2023-09-26,2023-09-27,1.922934467977144,2.51550110699509,Calibrated-Hybrid-LogTarget-Small-affine_nonnegative,test
2023-09-27,2023-09-28,0.0151639632836694,2.30701992495709,Calibrated-Hybrid-LogTarget-Small-affine_nonnegative,test
2023-09-28,2023-09-29,0.02224231577349,1.939917607700869,Calibrated-Hybrid-LogTarget-Small-affine_nonnegative,test
2023-09-29,2023-10-02,0.0090750098350391,1.678114448300074,Calibrated-Hybrid-LogTarget-Small-affine_nonnegative,test
2023-10-02,2023-10-03,10.683716279206385,1.5463927202666319,Calibrated-Hybrid-LogTarget-Small-affine_nonnegative,test
2023-10-03,2023-10-04,0.8853176884286172,2.8825705733464555,Calibrated-Hybrid-LogTarget-Small-affine_nonnegative,test
2023-10-04,2023-10-05,1.7375339257639013,2.289440221147103,Calibrated-Hybrid-LogTarget-Small-affine_nonnegative,test
2023-10-05,2023-10-06,1.7072998751511268,2.332695543349273,Calibrated-Hybrid-LogTarget-Small-affine_nonnegative,test
2023-10-06,2023-10-09,0.6060662073826656,2.3359596634056468,Calibrated-Hybrid-LogTarget-Small-affine_nonnegative,test
2023-10-09,2023-10-10,0.3080349756366544,1.93263962481882,Calibrated-Hybrid-LogTarget-Small-affine_nonnegative,test
2023-10-10,2023-10-11,0.3851648462229108,1.7690358025636168,Calibrated-Hybrid-LogTarget-Small-affine_nonnegative,test
2023-10-11,2023-10-12,0.0048291522978458,1.5109794424805776,Calibrated-Hybrid-LogTarget-Small-affine_nonnegative,test
2023-10-12,2023-10-13,0.0732020168306359,1.506302242349994,Calibrated-Hybrid-LogTarget-Small-affine_nonnegative,test
2023-10-13,2023-10-16,1.3440806213781142,1.4821469381612475,Calibrated-Hybrid-LogTarget-Small-affine_nonnegative,test
2023-10-16,2023-10-17,3.052807721519015,1.643510504537271,Calibrated-Hybrid-LogTarget-Small-affine_nonnegative,test
2023-10-17,2023-10-18,2.691074109609036,1.868329107972176,Calibrated-Hybrid-LogTarget-Small-affine_nonnegative,test
2023-10-18,2023-10-19,2.014426845995019,2.3409301599128933,Calibrated-Hybrid-LogTarget-Small-affine_nonnegative,test
2023-10-19,2023-10-20,3.37838828040453,2.257708596841146,Calibrated-Hybrid-LogTarget-Small-affine_nonnegative,test
2023-10-20,2023-10-23,1.7351918672263549,2.384659440546973,Calibrated-Hybrid-LogTarget-Small-affine_nonnegative,test
2023-10-23,2023-10-24,1.2652847100550173,2.0974131738742066,Calibrated-Hybrid-LogTarget-Small-affine_nonnegative,test
2023-10-24,2023-10-25,0.1475596920145903,2.021279474179982,Calibrated-Hybrid-LogTarget-Small-affine_nonnegative,test
2023-10-25,2023-10-26,18.362010800338208,1.7583960857718868,Calibrated-Hybrid-LogTarget-Small-affine_nonnegative,test
2023-10-26,2023-10-27,0.2387716417217482,3.8445756238910955,Calibrated-Hybrid-LogTarget-Small-affine_nonnegative,test
2023-10-27,2023-10-30,3.0025597858118136,2.7718572430269863,Calibrated-Hybrid-LogTarget-Small-affine_nonnegative,test
2023-10-30,2023-10-31,1.8839681619493045,3.54259301667221,Calibrated-Hybrid-LogTarget-Small-affine_nonnegative,test
2023-10-31,2023-11-01,1.230715501580414,3.4093512250621427,Calibrated-Hybrid-LogTarget-Small-affine_nonnegative,test
2023-11-01,2023-11-02,11.467731176476716,2.89473250449102,Calibrated-Hybrid-LogTarget-Small-affine_nonnegative,test
2023-11-02,2023-11-03,0.0148189440021049,3.432247093668082,Calibrated-Hybrid-LogTarget-Small-affine_nonnegative,test
2023-11-03,2023-11-06,1.4138672012584073,2.285551237930643,Calibrated-Hybrid-LogTarget-Small-affine_nonnegative,test
2023-11-06,2023-11-07,0.7458390495009208,2.136125363914253,Calibrated-Hybrid-LogTarget-Small-affine_nonnegative,test
2023-11-07,2023-11-08,9.129956144189087,2.0556798905176032,Calibrated-Hybrid-LogTarget-Small-affine_nonnegative,test
2023-11-08,2023-11-09,0.0017061233763225,2.7342063619642496,Calibrated-Hybrid-LogTarget-Small-affine_nonnegative,test
2023-11-09,2023-11-10,1.2148681903111338,2.2589995801720084,Calibrated-Hybrid-LogTarget-Small-affine_nonnegative,test
2023-11-10,2023-11-13,0.0213882813414155,2.3114507704483143,Calibrated-Hybrid-LogTarget-Small-affine_nonnegative,test
2023-11-13,2023-11-14,0.7643879612116624,1.9984873808777333,Calibrated-Hybrid-LogTarget-Small-affine_nonnegative,test
2023-11-14,2023-11-15,1.309101680363533,2.1019652284010024,Calibrated-Hybrid-LogTarget-Small-affine_nonnegative,test
2023-11-15,2023-11-16,0.0726677258555493,2.115851111641912,Calibrated-Hybrid-LogTarget-Small-affine_nonnegative,test
2023-11-16,2023-11-17,4.779742663796966,1.577212780766178,Calibrated-Hybrid-LogTarget-Small-affine_nonnegative,test
2023-11-17,2023-11-20,0.0501991268589152,2.4540419011247945,Calibrated-Hybrid-LogTarget-Small-affine_nonnegative,test
2023-11-20,2023-11-21,0.3772925570702379,1.9641489847958442,Calibrated-Hybrid-LogTarget-Small-affine_nonnegative,test
2023-11-21,2023-11-22,0.0912767762573235,1.8738510747513761,Calibrated-Hybrid-LogTarget-Small-affine_nonnegative,test
2023-11-22,2023-11-23,5.291901747240125,1.8303538058438982,Calibrated-Hybrid-LogTarget-Small-affine_nonnegative,test
2023-11-23,2023-11-24,0.4250871900618609,2.3336838933245154,Calibrated-Hybrid-LogTarget-Small-affine_nonnegative,test
2023-11-24,2023-11-27,0.4781711175817431,2.097345916860285,Calibrated-Hybrid-LogTarget-Small-affine_nonnegative,test
2023-11-27,2023-11-28,0.4557176520002135,1.7733380792962823,Calibrated-Hybrid-LogTarget-Small-affine_nonnegative,test
2023-11-28,2023-11-29,0.4496265629344425,1.8558419300875106,Calibrated-Hybrid-LogTarget-Small-affine_nonnegative,test
2023-11-29,2023-11-30,0.6229744807299576,1.666600742558419,Calibrated-Hybrid-LogTarget-Small-affine_nonnegative,test
2023-11-30,2023-12-01,0.5347066481770756,1.7426157326031524,Calibrated-Hybrid-LogTarget-Small-affine_nonnegative,test
2023-12-01,2023-12-04,2.720585966130201,1.609727215314033,Calibrated-Hybrid-LogTarget-Small-affine_nonnegative,test
2023-12-04,2023-12-05,0.163386350982878,2.1222747461599147,Calibrated-Hybrid-LogTarget-Small-affine_nonnegative,test
2023-12-05,2023-12-06,0.8703691532467039,1.6771811935578154,Calibrated-Hybrid-LogTarget-Small-affine_nonnegative,test
2023-12-06,2023-12-07,0.193176184914791,1.7394320690416523,Calibrated-Hybrid-LogTarget-Small-affine_nonnegative,test
2023-12-07,2023-12-08,0.0690100099875838,2.0642355072947587,Calibrated-Hybrid-LogTarget-Small-affine_nonnegative,test
2023-12-08,2023-12-11,0.0088783019772855,1.5705386620293567,Calibrated-Hybrid-LogTarget-Small-affine_nonnegative,test
2023-12-11,2023-12-12,0.0357476055077411,1.3882681744386656,Calibrated-Hybrid-LogTarget-Small-affine_nonnegative,test
2023-12-12,2023-12-13,1.4355458045904153,1.297988939920384,Calibrated-Hybrid-LogTarget-Small-affine_nonnegative,test
2023-12-13,2023-12-14,0.1339218193100039,1.6647927048836273,Calibrated-Hybrid-LogTarget-Small-affine_nonnegative,test
2023-12-14,2023-12-15,0.501011926570286,1.4958279845197988,Calibrated-Hybrid-LogTarget-Small-affine_nonnegative,test
2023-12-15,2023-12-18,0.9021057574713134,1.6538612733766498,Calibrated-Hybrid-LogTarget-Small-affine_nonnegative,test
2023-12-18,2023-12-19,0.163207316046184,1.593253451562811,Calibrated-Hybrid-LogTarget-Small-affine_nonnegative,test
2023-12-19,2023-12-20,0.1648341022859622,1.5509779933172023,Calibrated-Hybrid-LogTarget-Small-affine_nonnegative,test
2023-12-20,2023-12-21,0.0229820728280408,1.3763556400278008,Calibrated-Hybrid-LogTarget-Small-affine_nonnegative,test
2023-12-21,2023-12-22,0.003263855536434,1.2472465279812488,Calibrated-Hybrid-LogTarget-Small-affine_nonnegative,test
2023-12-22,2023-12-25,1.728982548756669,1.2245356426032745,Calibrated-Hybrid-LogTarget-Small-affine_nonnegative,test
2023-12-25,2023-12-26,0.1679675706187517,1.399857362179345,Calibrated-Hybrid-LogTarget-Small-affine_nonnegative,test
2023-12-26,2023-12-27,0.0005368687109465,1.2539537930159188,Calibrated-Hybrid-LogTarget-Small-affine_nonnegative,test
2023-12-27,2023-12-28,0.3802432948523992,1.2177459466601184,Calibrated-Hybrid-LogTarget-Small-affine_nonnegative,test
2023-12-28,2023-12-29,0.0078393746118935,1.26256255601086,Calibrated-Hybrid-LogTarget-Small-affine_nonnegative,test
2023-12-29,2024-01-02,0.0250562134986935,1.2426707195482003,Calibrated-Hybrid-LogTarget-Small-affine_nonnegative,test
2024-01-02,2024-01-03,1.197029417048885,1.364357850445186,Calibrated-Hybrid-LogTarget-Small-affine_nonnegative,test
2024-01-03,2024-01-04,0.3258526092006003,1.3661735900551537,Calibrated-Hybrid-LogTarget-Small-affine_nonnegative,test
2024-01-04,2024-01-05,0.1180208232703248,1.6895572743078258,Calibrated-Hybrid-LogTarget-Small-affine_nonnegative,test
2024-01-05,2024-01-08,0.2266269824272246,1.3559325899293668,Calibrated-Hybrid-LogTarget-Small-affine_nonnegative,test
2024-01-08,2024-01-09,0.0190450011331964,1.3860644659003896,Calibrated-Hybrid-LogTarget-Small-affine_nonnegative,test
2024-01-09,2024-01-10,0.0646665738710911,1.3396546509689895,Calibrated-Hybrid-LogTarget-Small-affine_nonnegative,test
2024-01-10,2024-01-11,0.0034252738431133,1.483673770606776,Calibrated-Hybrid-LogTarget-Small-affine_nonnegative,test
2024-01-11,2024-01-12,0.4213826457560849,1.3479180324359765,Calibrated-Hybrid-LogTarget-Small-affine_nonnegative,test
2024-01-12,2024-01-15,0.0025242702278622,1.6525410784533585,Calibrated-Hybrid-LogTarget-Small-affine_nonnegative,test
2024-01-15,2024-01-16,0.6034028324453893,1.254130082296909,Calibrated-Hybrid-LogTarget-Small-affine_nonnegative,test
2024-01-16,2024-01-17,0.0025743958188708,1.286594169853893,Calibrated-Hybrid-LogTarget-Small-affine_nonnegative,test
2024-01-17,2024-01-18,0.3137503773939618,1.2835557414571952,Calibrated-Hybrid-LogTarget-Small-affine_nonnegative,test
2024-01-18,2024-01-19,1.120382144309341,1.2131383626613255,Calibrated-Hybrid-LogTarget-Small-affine_nonnegative,test
2024-01-19,2024-01-22,0.0132345962603059,1.2561307579740928,Calibrated-Hybrid-LogTarget-Small-affine_nonnegative,test
2024-01-22,2024-01-23,0.2062692888507807,1.298109744733462,Calibrated-Hybrid-LogTarget-Small-affine_nonnegative,test
2024-01-23,2024-01-24,0.1485757892019817,1.2374889854468731,Calibrated-Hybrid-LogTarget-Small-affine_nonnegative,test
2024-01-24,2024-01-25,0.0492420848338565,1.28250662585665,Calibrated-Hybrid-LogTarget-Small-affine_nonnegative,test
2024-01-25,2024-01-26,0.2041467089523473,1.212946887797182,Calibrated-Hybrid-LogTarget-Small-affine_nonnegative,test
2024-01-26,2024-01-29,2.893888078905973e-06,1.2011715301380348,Calibrated-Hybrid-LogTarget-Small-affine_nonnegative,test
2024-01-29,2024-01-30,0.1130691080782245,1.1940352421858653,Calibrated-Hybrid-LogTarget-Small-affine_nonnegative,test
2024-01-30,2024-01-31,1.7132578057426455,1.187228279821039,Calibrated-Hybrid-LogTarget-Small-affine_nonnegative,test
2024-01-31,2024-02-01,0.5554695483427156,1.71011778551863,Calibrated-Hybrid-LogTarget-Small-affine_nonnegative,test
2024-02-01,2024-02-02,0.0016060494837953,1.358679514222295,Calibrated-Hybrid-LogTarget-Small-affine_nonnegative,test
2024-02-02,2024-02-05,1.312405125307974,1.4507268456126605,Calibrated-Hybrid-LogTarget-Small-affine_nonnegative,test
2024-02-05,2024-02-06,0.041546270496195,1.5648862315585252,Calibrated-Hybrid-LogTarget-Small-affine_nonnegative,test
2024-02-06,2024-02-07,0.7090694435364681,1.2368731480789479,Calibrated-Hybrid-LogTarget-Small-affine_nonnegative,test
2024-02-07,2024-02-15,0.10935700902328,1.3184674784799502,Calibrated-Hybrid-LogTarget-Small-affine_nonnegative,test
2024-02-15,2024-02-16,0.3563698361907522,1.4091910834366872,Calibrated-Hybrid-LogTarget-Small-affine_nonnegative,test
2024-02-16,2024-02-19,1.5735090531706803,1.3825810812714248,Calibrated-Hybrid-LogTarget-Small-affine_nonnegative,test
2024-02-19,2024-02-20,0.1719424828204338,1.5842786369858408,Calibrated-Hybrid-LogTarget-Small-affine_nonnegative,test
2024-02-20,2024-02-21,2.643713937948573e-06,1.402924667027626,Calibrated-Hybrid-LogTarget-Small-affine_nonnegative,test
2024-02-21,2024-02-22,0.0493686905262693,1.332841629973466,Calibrated-Hybrid-LogTarget-Small-affine_nonnegative,test
2024-02-22,2024-02-23,1.5757517057356472,1.3195032312413355,Calibrated-Hybrid-LogTarget-Small-affine_nonnegative,test
2024-02-23,2024-02-26,0.9982359162312492,1.9877974351233487,Calibrated-Hybrid-LogTarget-Small-affine_nonnegative,test
2024-02-26,2024-02-27,1.16593097532243,1.6767537512963986,Calibrated-Hybrid-LogTarget-Small-affine_nonnegative,test
2024-02-27,2024-02-28,1.8813005066335944,1.7389825990864984,Calibrated-Hybrid-LogTarget-Small-affine_nonnegative,test
2024-02-28,2024-02-29,0.0210764395400896,1.7097675237938712,Calibrated-Hybrid-LogTarget-Small-affine_nonnegative,test
2024-02-29,2024-03-01,0.1954116660389362,1.5814189637276967,Calibrated-Hybrid-LogTarget-Small-affine_nonnegative,test
2024-03-01,2024-03-04,0.0617241173730905,1.4389478681534102,Calibrated-Hybrid-LogTarget-Small-affine_nonnegative,test
2024-03-04,2024-03-05,0.458465682898879,1.5458217795610352,Calibrated-Hybrid-LogTarget-Small-affine_nonnegative,test
2024-03-05,2024-03-06,0.3277686759141466,1.514576876032123,Calibrated-Hybrid-LogTarget-Small-affine_nonnegative,test
2024-03-06,2024-03-07,0.2049845962757557,1.5806053530571333,Calibrated-Hybrid-LogTarget-Small-affine_nonnegative,test
2024-03-07,2024-03-08,2.816444292658484,1.5147266426096968,Calibrated-Hybrid-LogTarget-Small-affine_nonnegative,test
2024-03-08,2024-03-11,0.912721979122844,2.022896649019082,Calibrated-Hybrid-LogTarget-Small-affine_nonnegative,test
2024-03-11,2024-03-12,0.5879634369893775,1.8358280642980582,Calibrated-Hybrid-LogTarget-Small-affine_nonnegative,test
2024-03-12,2024-03-13,4.113946023612082,1.6872750433750634,Calibrated-Hybrid-LogTarget-Small-affine_nonnegative,test
2024-03-13,2024-03-14,0.2431894157728003,1.897429672552433,Calibrated-Hybrid-LogTarget-Small-affine_nonnegative,test
2024-03-14,2024-03-15,0.0014420309906953,1.713535601613501,Calibrated-Hybrid-LogTarget-Small-affine_nonnegative,test
2024-03-15,2024-03-18,2.60144510071112,1.5896358677989952,Calibrated-Hybrid-LogTarget-Small-affine_nonnegative,test
2024-03-18,2024-03-19,0.0078313418483015,2.2274575238082224,Calibrated-Hybrid-LogTarget-Small-affine_nonnegative,test
2024-03-19,2024-03-20,1.98300631416396,1.66885269975383,Calibrated-Hybrid-LogTarget-Small-affine_nonnegative,test
2024-03-20,2024-03-21,1.659993462713211,1.8679702788408261,Calibrated-Hybrid-LogTarget-Small-affine_nonnegative,test
2024-03-21,2024-03-22,0.1769090471586793,2.0286962906700685,Calibrated-Hybrid-LogTarget-Small-affine_nonnegative,test
2024-03-22,2024-03-25,1.1957204376691162,1.8067268124006357,Calibrated-Hybrid-LogTarget-Small-affine_nonnegative,test
2024-03-25,2024-03-26,1.266685379522265,1.8997849218104017,Calibrated-Hybrid-LogTarget-Small-affine_nonnegative,test
2024-03-26,2024-03-27,0.0047070525559726,1.7667019321513566,Calibrated-Hybrid-LogTarget-Small-affine_nonnegative,test
2024-03-27,2024-03-28,0.3036574536281876,1.565987907020667,Calibrated-Hybrid-LogTarget-Small-affine_nonnegative,test
2024-03-28,2024-03-29,0.22386593116756,1.5797340640765127,Calibrated-Hybrid-LogTarget-Small-affine_nonnegative,test
2024-03-29,2024-04-01,0.0401370314872093,1.4492801601694614,Calibrated-Hybrid-LogTarget-Small-affine_nonnegative,test
2024-04-01,2024-04-02,0.1847396233779287,1.5218122251543085,Calibrated-Hybrid-LogTarget-Small-affine_nonnegative,test
2024-04-02,2024-04-03,1.4814046434548742,1.6074914841295385,Calibrated-Hybrid-LogTarget-Small-affine_nonnegative,test
2024-04-03,2024-04-04,0.0642984527134782,1.6580737941322514,Calibrated-Hybrid-LogTarget-Small-affine_nonnegative,test
2024-04-04,2024-04-05,1.084676282740752,1.5644648394333582,Calibrated-Hybrid-LogTarget-Small-affine_nonnegative,test
2024-04-05,2024-04-08,0.1443776586599194,1.7933941029358837,Calibrated-Hybrid-LogTarget-Small-affine_nonnegative,test
2024-04-08,2024-04-09,0.9848187145028622,1.581738998490932,Calibrated-Hybrid-LogTarget-Small-affine_nonnegative,test
2024-04-09,2024-04-10,0.1141835151805207,1.4825849164288147,Calibrated-Hybrid-LogTarget-Small-affine_nonnegative,test
2024-04-10,2024-04-11,0.0008184297224042,1.3277350131026933,Calibrated-Hybrid-LogTarget-Small-affine_nonnegative,test
2024-04-11,2024-04-12,2.1077713488695093,1.2635434662403398,Calibrated-Hybrid-LogTarget-Small-affine_nonnegative,test
2024-04-12,2024-04-15,23.166885904173803,1.470499622386564,Calibrated-Hybrid-LogTarget-Small-affine_nonnegative,test
2024-04-15,2024-04-16,0.0058478365075764,2.8863938092502357,Calibrated-Hybrid-LogTarget-Small-affine_nonnegative,test
2024-04-16,2024-04-17,3.543454497340081,2.3695189597056983,Calibrated-Hybrid-LogTarget-Small-affine_nonnegative,test
2024-04-17,2024-04-19,2.3528631494425456,2.587807636835946,Calibrated-Hybrid-LogTarget-Small-affine_nonnegative,test
2024-04-19,2024-04-22,1.6893979231324006,2.62421533101554,Calibrated-Hybrid-LogTarget-Small-affine_nonnegative,test
2024-04-22,2024-04-23,1.1727907466469314,2.365442586979466,Calibrated-Hybrid-LogTarget-Small-affine_nonnegative,test
2024-04-23,2024-04-24,5.606024745553127,2.2110956377678153,Calibrated-Hybrid-LogTarget-Small-affine_nonnegative,test
2024-04-24,2024-04-25,0.0028195309207452,2.346340166455636,Calibrated-Hybrid-LogTarget-Small-affine_nonnegative,test
2024-04-25,2024-04-26,0.1420473024727117,1.7283480319709508,Calibrated-Hybrid-LogTarget-Small-affine_nonnegative,test
2024-04-26,2024-05-02,0.318006405977251,1.7561116431274624,Calibrated-Hybrid-LogTarget-Small-affine_nonnegative,test
2024-05-02,2024-05-03,0.1468401316931458,1.653145766129351,Calibrated-Hybrid-LogTarget-Small-affine_nonnegative,test
2024-05-03,2024-05-06,2.785560071487252,1.4802344490513233,Calibrated-Hybrid-LogTarget-Small-affine_nonnegative,test
2024-05-06,2024-05-07,0.3206037518220124,1.6500405234445117,Calibrated-Hybrid-LogTarget-Small-affine_nonnegative,test
2024-05-07,2024-05-08,0.0214485793857184,1.3237042776483952,Calibrated-Hybrid-LogTarget-Small-affine_nonnegative,test
2024-05-08,2024-05-09,0.0212146392864794,1.4337896620621757,Calibrated-Hybrid-LogTarget-Small-affine_nonnegative,test
2024-05-09,2024-05-10,0.0998826714071555,1.2468443737021346,Calibrated-Hybrid-LogTarget-Small-affine_nonnegative,test
2024-05-10,2024-05-13,0.1323509240296012,1.257215239002976,Calibrated-Hybrid-LogTarget-Small-affine_nonnegative,test
2024-05-13,2024-05-14,0.0623260338672244,1.298972421960082,Calibrated-Hybrid-LogTarget-Small-affine_nonnegative,test
2024-05-14,2024-05-15,0.7914504364695899,1.1860564905087296,Calibrated-Hybrid-LogTarget-Small-affine_nonnegative,test
2024-05-15,2024-05-16,1.3010619376829529,1.388854172335871,Calibrated-Hybrid-LogTarget-Small-affine_nonnegative,test
2024-05-16,2024-05-20,0.4777373395090949,1.4073296911949875,Calibrated-Hybrid-LogTarget-Small-affine_nonnegative,test
2024-05-20,2024-05-21,0.0011865300373836,1.4707530278287504,Calibrated-Hybrid-LogTarget-Small-affine_nonnegative,test
2024-05-21,2024-05-22,0.6467920233357178,1.2769330696953434,Calibrated-Hybrid-LogTarget-Small-affine_nonnegative,test
2024-05-22,2024-05-23,1.2284567837418712,1.4839196795577323,Calibrated-Hybrid-LogTarget-Small-affine_nonnegative,test
2024-05-23,2024-05-24,2.256648937405396,1.5281376363864976,Calibrated-Hybrid-LogTarget-Small-affine_nonnegative,test
2024-05-24,2024-05-27,0.2066759953224523,1.9070480456001786,Calibrated-Hybrid-LogTarget-Small-affine_nonnegative,test
2024-05-27,2024-05-28,1.2149042841979667,1.3793367784589892,Calibrated-Hybrid-LogTarget-Small-affine_nonnegative,test
2024-05-28,2024-05-29,0.5065517433860525,1.553388945586178,Calibrated-Hybrid-LogTarget-Small-affine_nonnegative,test
2024-05-29,2024-05-30,0.2478473182821189,1.744398541888362,Calibrated-Hybrid-LogTarget-Small-affine_nonnegative,test
2024-05-30,2024-05-31,0.1324368158912983,1.682859666297104,Calibrated-Hybrid-LogTarget-Small-affine_nonnegative,test
2024-05-31,2024-06-03,2.069054535054291,1.343527065614511,Calibrated-Hybrid-LogTarget-Small-affine_nonnegative,test
2024-06-03,2024-06-04,0.0754175541972061,1.797053306195412,Calibrated-Hybrid-LogTarget-Small-affine_nonnegative,test
2024-06-04,2024-06-05,0.0041789785238715,1.4736761428471896,Calibrated-Hybrid-LogTarget-Small-affine_nonnegative,test
2024-06-05,2024-06-06,0.003785773302666,1.348884390924086,Calibrated-Hybrid-LogTarget-Small-affine_nonnegative,test
2024-06-06,2024-06-07,0.0977825492840672,1.3144884382803892,Calibrated-Hybrid-LogTarget-Small-affine_nonnegative,test
2024-06-07,2024-06-10,0.0574549317651925,1.1656828833589394,Calibrated-Hybrid-LogTarget-Small-affine_nonnegative,test
2024-06-10,2024-06-11,0.236389900130653,1.2529117691917102,Calibrated-Hybrid-LogTarget-Small-affine_nonnegative,test
2024-06-11,2024-06-12,1.4910702380739045,1.2621238264122634,Calibrated-Hybrid-LogTarget-Small-affine_nonnegative,test
2024-06-12,2024-06-13,0.0102965917651104,1.3143779485858746,Calibrated-Hybrid-LogTarget-Small-affine_nonnegative,test
2024-06-13,2024-06-14,2.8007247199637466,1.2612963547159965,Calibrated-Hybrid-LogTarget-Small-affine_nonnegative,test
2024-06-14,2024-06-17,0.1619251788207639,1.5835594893125187,Calibrated-Hybrid-LogTarget-Small-affine_nonnegative,test
2024-06-17,2024-06-18,0.1371670063872054,1.4507075773425524,Calibrated-Hybrid-LogTarget-Small-affine_nonnegative,test
2024-06-18,2024-06-19,0.0005135905111872,1.3248700907137259,Calibrated-Hybrid-LogTarget-Small-affine_nonnegative,test
2024-06-19,2024-06-20,0.0383900740120223,1.362327088611614,Calibrated-Hybrid-LogTarget-Small-affine_nonnegative,test
2024-06-20,2024-06-21,0.0004769047173217,1.3342579031948743,Calibrated-Hybrid-LogTarget-Small-affine_nonnegative,test
2024-06-21,2024-06-24,4.841244218909869,1.1659981738813048,Calibrated-Hybrid-LogTarget-Small-affine_nonnegative,test
2024-06-24,2024-06-25,0.0377795857346046,1.827250387201345,Calibrated-Hybrid-LogTarget-Small-affine_nonnegative,test
2024-06-25,2024-06-26,0.1382006989182143,1.346280986545596,Calibrated-Hybrid-LogTarget-Small-affine_nonnegative,test
2024-06-26,2024-06-27,0.0291086660682599,1.3760874525229319,Calibrated-Hybrid-LogTarget-Small-affine_nonnegative,test
2024-06-27,2024-06-28,1.2092769262564496,1.2046890755396116,Calibrated-Hybrid-LogTarget-Small-affine_nonnegative,test
2024-06-28,2024-07-01,0.5464740769679215,1.413180490355667,Calibrated-Hybrid-LogTarget-Small-affine_nonnegative,test
2024-07-01,2024-07-02,1.4560329328950323,1.2161142444614734,Calibrated-Hybrid-LogTarget-Small-affine_nonnegative,test
2024-07-02,2024-07-03,0.3074231060441431,1.2976724968229454,Calibrated-Hybrid-LogTarget-Small-affine_nonnegative,test
2024-07-03,2024-07-04,0.0565502378458402,1.1796941179013947,Calibrated-Hybrid-LogTarget-Small-affine_nonnegative,test
2024-07-04,2024-07-05,0.0604238017679763,1.102573854039297,Calibrated-Hybrid-LogTarget-Small-affine_nonnegative,test
2024-07-05,2024-07-08,0.001641913639604,1.1388038407619183,Calibrated-Hybrid-LogTarget-Small-affine_nonnegative,test
2024-07-08,2024-07-09,0.6204070574126203,1.1331772275414458,Calibrated-Hybrid-LogTarget-Small-affine_nonnegative,test
2024-07-09,2024-07-10,0.3628967539784848,1.2156621314076723,Calibrated-Hybrid-LogTarget-Small-affine_nonnegative,test
2024-07-10,2024-07-11,0.0277401860440043,1.140206392911349,Calibrated-Hybrid-LogTarget-Small-affine_nonnegative,test
2024-07-11,2024-07-12,0.0565767163705356,1.1199363603670904,Calibrated-Hybrid-LogTarget-Small-affine_nonnegative,test
2024-07-12,2024-07-15,0.0052765811391784,1.0915884240202476,Calibrated-Hybrid-LogTarget-Small-affine_nonnegative,test
2024-07-15,2024-07-16,0.011280250205691,1.0726186878445927,Calibrated-Hybrid-LogTarget-Small-affine_nonnegative,test
2024-07-16,2024-07-17,0.9643834972427656,1.1225930038616305,Calibrated-Hybrid-LogTarget-Small-affine_nonnegative,test
2024-07-17,2024-07-18,0.2066285309508605,1.5689356624135322,Calibrated-Hybrid-LogTarget-Small-affine_nonnegative,test
2024-07-18,2024-07-19,0.5789189613600527,1.2088490250383122,Calibrated-Hybrid-LogTarget-Small-affine_nonnegative,test
2024-07-19,2024-07-22,0.6479469442933512,1.3031370333730259,Calibrated-Hybrid-LogTarget-Small-affine_nonnegative,test
2024-07-22,2024-07-23,3.3723820037131813,1.5017023223065502,Calibrated-Hybrid-LogTarget-Small-affine_nonnegative,test
2024-07-23,2024-07-24,0.2907489732326712,1.5792308553312664,Calibrated-Hybrid-LogTarget-Small-affine_nonnegative,test
2024-07-24,2024-07-25,0.1825373322670373,1.5478652290155384,Calibrated-Hybrid-LogTarget-Small-affine_nonnegative,test
2024-07-25,2024-07-26,0.5194428542577421,1.2662536558204043,Calibrated-Hybrid-LogTarget-Small-affine_nonnegative,test
2024-07-26,2024-07-29,0.1301982149615345,1.2845535289293828,Calibrated-Hybrid-LogTarget-Small-affine_nonnegative,test
2024-07-29,2024-07-30,0.0152800221232259,1.2204820724129903,Calibrated-Hybrid-LogTarget-Small-affine_nonnegative,test
2024-07-30,2024-07-31,0.2669893008576879,1.3096869255755812,Calibrated-Hybrid-LogTarget-Small-affine_nonnegative,test
2024-07-31,2024-08-01,3.924859003099425,1.3986298785746218,Calibrated-Hybrid-LogTarget-Small-affine_nonnegative,test
2024-08-01,2024-08-02,0.6124804127570632,1.840323011779227,Calibrated-Hybrid-LogTarget-Small-affine_nonnegative,test
2024-08-02,2024-08-05,16.028441731399298,1.642938073892443,Calibrated-Hybrid-LogTarget-Small-affine_nonnegative,test
2024-08-05,2024-08-06,3.4304951964000674,3.1702200611403217,Calibrated-Hybrid-LogTarget-Small-affine_nonnegative,test
2024-08-06,2024-08-07,0.2131074887245232,2.579292533608174,Calibrated-Hybrid-LogTarget-Small-affine_nonnegative,test
2024-08-07,2024-08-08,0.389017827650505,2.165991635482624,Calibrated-Hybrid-LogTarget-Small-affine_nonnegative,test
2024-08-08,2024-08-09,1.5873626468232618,2.0904702165610916,Calibrated-Hybrid-LogTarget-Small-affine_nonnegative,test
2024-08-09,2024-08-12,0.2928717413764615,2.024986460917203,Calibrated-Hybrid-LogTarget-Small-affine_nonnegative,test
2024-08-12,2024-08-13,0.0001294788177011,1.7487411499466834,Calibrated-Hybrid-LogTarget-Small-affine_nonnegative,test
2024-08-13,2024-08-14,2.3780277347729983e-05,1.5576510369699383,Calibrated-Hybrid-LogTarget-Small-affine_nonnegative,test
2024-08-14,2024-08-15,0.3071561671079922,1.4574230490530333,Calibrated-Hybrid-LogTarget-Small-affine_nonnegative,test
2024-08-15,2024-08-16,5.364467227292595,1.5224361622021292,Calibrated-Hybrid-LogTarget-Small-affine_nonnegative,test
2024-08-16,2024-08-19,0.5581057481573143,2.257559174555779,Calibrated-Hybrid-LogTarget-Small-affine_nonnegative,test
2024-08-19,2024-08-20,0.7441049789899746,1.550493156926007,Calibrated-Hybrid-LogTarget-Small-affine_nonnegative,test
2024-08-20,2024-08-21,0.8093492360217696,1.5654729096193696,Calibrated-Hybrid-LogTarget-Small-affine_nonnegative,test
2024-08-21,2024-08-22,0.0097920425309074,1.3983989883052204,Calibrated-Hybrid-LogTarget-Small-affine_nonnegative,test
2024-08-22,2024-08-23,0.039129459240867,1.2451266668405365,Calibrated-Hybrid-LogTarget-Small-affine_nonnegative,test
2024-08-23,2024-08-26,0.1707352129175375,1.2854999746274425,Calibrated-Hybrid-LogTarget-Small-affine_nonnegative,test
2024-08-26,2024-08-27,0.0017789790178368,1.3609618071287983,Calibrated-Hybrid-LogTarget-Small-affine_nonnegative,test
2024-08-27,2024-08-28,0.0047191862628622,1.2688302756254315,Calibrated-Hybrid-LogTarget-Small-affine_nonnegative,test
2024-08-28,2024-08-29,5.480696959213411e-06,1.3273060565222679,Calibrated-Hybrid-LogTarget-Small-affine_nonnegative,test
2024-08-29,2024-08-30,0.0350100605836961,1.2489519217028733,Calibrated-Hybrid-LogTarget-Small-affine_nonnegative,test
2024-08-30,2024-09-04,0.3975959773479832,1.1071206187690048,Calibrated-Hybrid-LogTarget-Small-affine_nonnegative,test
2024-09-04,2024-09-05,0.3560479520225069,1.1730941943851008,Calibrated-Hybrid-LogTarget-Small-affine_nonnegative,test
2024-09-05,2024-09-06,0.2046388013312271,1.183927252792007,Calibrated-Hybrid-LogTarget-Small-affine_nonnegative,test
2024-09-06,2024-09-09,0.2403215208141221,1.1401499945671338,Calibrated-Hybrid-LogTarget-Small-affine_nonnegative,test
2024-09-09,2024-09-10,0.9818980427278184,1.1000452742919715,Calibrated-Hybrid-LogTarget-Small-affine_nonnegative,test
2024-09-10,2024-09-11,0.0244199123086784,1.243114764815136,Calibrated-Hybrid-LogTarget-Small-affine_nonnegative,test
2024-09-11,2024-09-12,0.0602484567361687,1.1801856502175234,Calibrated-Hybrid-LogTarget-Small-affine_nonnegative,test
2024-09-12,2024-09-13,0.1369055643032899,1.110159876612432,Calibrated-Hybrid-LogTarget-Small-affine_nonnegative,test
2024-09-13,2024-09-16,0.9992379796047328,1.0882189171416585,Calibrated-Hybrid-LogTarget-Small-affine_nonnegative,test
2024-09-16,2024-09-17,2.484914926701652,1.1626696181904712,Calibrated-Hybrid-LogTarget-Small-affine_nonnegative,test
2024-09-17,2024-09-18,0.2223148391601984,1.38650454092666,Calibrated-Hybrid-LogTarget-Small-affine_nonnegative,test
2024-09-18,2024-09-19,0.2523387575730195,1.2946673576966123,Calibrated-Hybrid-LogTarget-Small-affine_nonnegative,test
2024-09-19,2024-09-20,0.003666425548263,1.1622646878791163,Calibrated-Hybrid-LogTarget-Small-affine_nonnegative,test
2024-09-20,2024-09-23,0.0785444168047104,1.3552399757603528,Calibrated-Hybrid-LogTarget-Small-affine_nonnegative,test
2024-09-23,2024-09-24,0.447081172927798,1.1515700910016373,Calibrated-Hybrid-LogTarget-Small-affine_nonnegative,test
2024-09-24,2024-09-25,0.6692996014919499,1.1622978027493558,Calibrated-Hybrid-LogTarget-Small-affine_nonnegative,test
2024-09-25,2024-09-26,0.0967067651015831,1.5116187927456723,Calibrated-Hybrid-LogTarget-Small-affine_nonnegative,test
2024-09-26,2024-09-27,0.0019487643545271,1.4505099826506742,Calibrated-Hybrid-LogTarget-Small-affine_nonnegative,test
2024-09-27,2024-09-30,0.0534118196752501,1.403753204172549,Calibrated-Hybrid-LogTarget-Small-affine_nonnegative,test
2024-09-30,2024-10-01,0.1090419063191174,1.2602777392842999,Calibrated-Hybrid-LogTarget-Small-affine_nonnegative,test
2024-10-01,2024-10-02,0.1142301950532245,1.4581903297113854,Calibrated-Hybrid-LogTarget-Small-affine_nonnegative,test
2024-10-02,2024-10-03,0.5763536966008403,1.2434637542811644,Calibrated-Hybrid-LogTarget-Small-affine_nonnegative,test
2024-10-03,2024-10-04,0.3463758362975216,1.5960420664517512,Calibrated-Hybrid-LogTarget-Small-affine_nonnegative,test
2024-10-04,2024-10-07,0.0027820245719093,1.2547117937119183,Calibrated-Hybrid-LogTarget-Small-affine_nonnegative,test
2024-10-07,2024-10-08,0.0260164216385025,1.1963549749113536,Calibrated-Hybrid-LogTarget-Small-affine_nonnegative,test
2024-10-08,2024-10-09,0.5974680039460253,1.2635143713663326,Calibrated-Hybrid-LogTarget-Small-affine_nonnegative,test
2024-10-09,2024-10-10,0.1233539050383977,1.2273022547176609,Calibrated-Hybrid-LogTarget-Small-affine_nonnegative,test
2024-10-10,2024-10-11,0.0248646364370185,1.140916491763712,Calibrated-Hybrid-LogTarget-Small-affine_nonnegative,test
2024-10-11,2024-10-14,0.0253573876734088,1.0365609198164263,Calibrated-Hybrid-LogTarget-Small-affine_nonnegative,test
2024-10-14,2024-10-15,0.1678954221921946,1.1303796621072515,Calibrated-Hybrid-LogTarget-Small-affine_nonnegative,test
2024-10-15,2024-10-16,0.0156181703703392,1.1851089940780377,Calibrated-Hybrid-LogTarget-Small-affine_nonnegative,test
2024-10-16,2024-10-17,0.301088511662053,1.0847078318091128,Calibrated-Hybrid-LogTarget-Small-affine_nonnegative,test
2024-10-17,2024-10-18,0.0067941729317095,1.1596761685697805,Calibrated-Hybrid-LogTarget-Small-affine_nonnegative,test
2024-10-18,2024-10-21,0.1968037312439634,1.1341302543321132,Calibrated-Hybrid-LogTarget-Small-affine_nonnegative,test
2024-10-21,2024-10-22,0.6006392197446851,1.1348704060042933,Calibrated-Hybrid-LogTarget-Small-affine_nonnegative,test
2024-10-22,2024-10-23,0.0063207009295036,1.252494115937693,Calibrated-Hybrid-LogTarget-Small-affine_nonnegative,test
2024-10-23,2024-10-24,1.1387581243922995,1.145087932082301,Calibrated-Hybrid-LogTarget-Small-affine_nonnegative,test
2024-10-24,2024-10-25,0.1396414208283497,1.2664108501873679,Calibrated-Hybrid-LogTarget-Small-affine_nonnegative,test
2024-10-25,2024-10-28,0.0267355724555891,1.193724594690021,Calibrated-Hybrid-LogTarget-Small-affine_nonnegative,test
2024-10-28,2024-10-29,0.310375295938392,1.10927199380419,Calibrated-Hybrid-LogTarget-Small-affine_nonnegative,test
2024-10-29,2024-10-30,0.0624797327224918,1.142072247262234,Calibrated-Hybrid-LogTarget-Small-affine_nonnegative,test
2024-10-30,2024-10-31,0.2150309186038439,1.1057780203209622,Calibrated-Hybrid-LogTarget-Small-affine_nonnegative,test
2024-10-31,2024-11-01,0.5795854757810541,1.0795835611038531,Calibrated-Hybrid-LogTarget-Small-affine_nonnegative,test
2024-11-01,2024-11-04,0.6634669865085588,1.135540709555911,Calibrated-Hybrid-LogTarget-Small-affine_nonnegative,test
2024-11-04,2024-11-05,0.0071101049569573,1.2411869548972991,Calibrated-Hybrid-LogTarget-Small-affine_nonnegative,test
2024-11-05,2024-11-06,1.532964136157592,1.0881572442270888,Calibrated-Hybrid-LogTarget-Small-affine_nonnegative,test
2024-11-06,2024-11-07,0.0147328555936719,1.2326028350038092,Calibrated-Hybrid-LogTarget-Small-affine_nonnegative,test
2024-11-07,2024-11-08,0.3276224769794669,1.1074904686298586,Calibrated-Hybrid-LogTarget-Small-affine_nonnegative,test
2024-11-08,2024-11-11,0.0320387972398517,1.1355246112906812,Calibrated-Hybrid-LogTarget-Small-affine_nonnegative,test
2024-11-11,2024-11-12,0.1943555469915317,1.2533604180942752,Calibrated-Hybrid-LogTarget-Small-affine_nonnegative,test
2024-11-12,2024-11-13,0.0095957977358447,1.1831961670182198,Calibrated-Hybrid-LogTarget-Small-affine_nonnegative,test
2024-11-13,2024-11-14,1.304380342114139,1.197169687712949,Calibrated-Hybrid-LogTarget-Small-affine_nonnegative,test
2024-11-14,2024-11-15,1.1819027969632745,1.2556828233955892,Calibrated-Hybrid-LogTarget-Small-affine_nonnegative,test
2024-11-15,2024-11-18,0.0141759467193479,1.4163595076554563,Calibrated-Hybrid-LogTarget-Small-affine_nonnegative,test
2024-11-18,2024-11-19,0.9768103702203697,1.2864783931217105,Calibrated-Hybrid-LogTarget-Small-affine_nonnegative,test
2024-11-19,2024-11-20,0.8848644501514296,1.2658771967298157,Calibrated-Hybrid-LogTarget-Small-affine_nonnegative,test
2024-11-20,2024-11-21,0.9302138287758972,1.4537228519444807,Calibrated-Hybrid-LogTarget-Small-affine_nonnegative,test
2024-11-21,2024-11-22,0.0003506766753295,1.208543880270053,Calibrated-Hybrid-LogTarget-Small-affine_nonnegative,test
2024-11-22,2024-11-25,0.2872709111767263,1.128880393681285,Calibrated-Hybrid-LogTarget-Small-affine_nonnegative,test
2024-11-25,2024-11-26,0.3599546809656788,1.121825314319451,Calibrated-Hybrid-LogTarget-Small-affine_nonnegative,test
2024-11-26,2024-11-27,0.0001659440969947,1.1619722225633107,Calibrated-Hybrid-LogTarget-Small-affine_nonnegative,test
2024-11-27,2024-11-28,0.0001270529950301,1.0645925850301525,Calibrated-Hybrid-LogTarget-Small-affine_nonnegative,test
2024-11-28,2024-11-29,0.4488915850595839,1.0704402087009486,Calibrated-Hybrid-LogTarget-Small-affine_nonnegative,test
2024-11-29,2024-12-02,0.0035951954303536,1.046063989635694,Calibrated-Hybrid-LogTarget-Small-affine_nonnegative,test
2024-12-02,2024-12-03,0.0121780282468158,1.010695568409495,Calibrated-Hybrid-LogTarget-Small-affine_nonnegative,test
2024-12-03,2024-12-04,0.5723787875208138,1.0255496680943095,Calibrated-Hybrid-LogTarget-Small-affine_nonnegative,test
2024-12-04,2024-12-05,4.677770763753511,1.094129635595085,Calibrated-Hybrid-LogTarget-Small-affine_nonnegative,test
2024-12-05,2024-12-06,0.0423127275118428,1.7260066398205023,Calibrated-Hybrid-LogTarget-Small-affine_nonnegative,test
2024-12-06,2024-12-09,0.0846129168166276,1.2330732099184072,Calibrated-Hybrid-LogTarget-Small-affine_nonnegative,test
2024-12-09,2024-12-10,0.019333949066393,1.2099301854895992,Calibrated-Hybrid-LogTarget-Small-affine_nonnegative,test
2024-12-10,2024-12-11,0.0638388590450149,1.1480794865876967,Calibrated-Hybrid-LogTarget-Small-affine_nonnegative,test
2024-12-11,2024-12-12,0.0141789335558376,1.178013201183646,Calibrated-Hybrid-LogTarget-Small-affine_nonnegative,test
2024-12-12,2024-12-13,0.1427917911928931,1.1607810905491356,Calibrated-Hybrid-LogTarget-Small-affine_nonnegative,test
2024-12-13,2024-12-16,0.0093280152446342,1.1389182748518947,Calibrated-Hybrid-LogTarget-Small-affine_nonnegative,test
2024-12-16,2024-12-17,0.0268721671219935,1.1084479403852832,Calibrated-Hybrid-LogTarget-Small-affine_nonnegative,test
2024-12-17,2024-12-18,0.1146807250456102,1.089682911338895,Calibrated-Hybrid-LogTarget-Small-affine_nonnegative,test
2024-12-18,2024-12-19,0.8081531599464532,1.0984328402455352,Calibrated-Hybrid-LogTarget-Small-affine_nonnegative,test
2024-12-19,2024-12-20,0.0507615856480591,1.218139136135897,Calibrated-Hybrid-LogTarget-Small-affine_nonnegative,test
2024-12-20,2024-12-23,0.1742376670775678,1.083861406587368,Calibrated-Hybrid-LogTarget-Small-affine_nonnegative,test
2024-12-23,2024-12-24,0.0361915284275727,1.046791411738553,Calibrated-Hybrid-LogTarget-Small-affine_nonnegative,test
2024-12-24,2024-12-25,1.1654410256024177,1.0812228073603576,Calibrated-Hybrid-LogTarget-Small-affine_nonnegative,test
2024-12-25,2024-12-26,0.0084412075502873,1.300460664344599,Calibrated-Hybrid-LogTarget-Small-affine_nonnegative,test
2024-12-26,2024-12-27,0.0317475107765902,1.1172190583081485,Calibrated-Hybrid-LogTarget-Small-affine_nonnegative,test
2024-12-27,2024-12-30,0.0600146339677672,1.1343815589140755,Calibrated-Hybrid-LogTarget-Small-affine_nonnegative,test
2024-12-30,2024-12-31,0.1703989127600233,1.0891903244172638,Calibrated-Hybrid-LogTarget-Small-affine_nonnegative,test
2024-12-31,2025-01-02,0.0533739456959429,1.0831450764786437,Calibrated-Hybrid-LogTarget-Small-affine_nonnegative,test
2025-01-02,2025-01-03,1.435132590022104,1.0509699866012452,Calibrated-Hybrid-LogTarget-Small-affine_nonnegative,test
2025-01-03,2025-01-06,0.4342211890889308,1.2125261814861577,Calibrated-Hybrid-LogTarget-Small-affine_nonnegative,test
2025-01-06,2025-01-07,0.037939050469307,1.2267329296912743,Calibrated-Hybrid-LogTarget-Small-affine_nonnegative,test
2025-01-07,2025-01-08,0.032117795831564,1.2011931812787697,Calibrated-Hybrid-LogTarget-Small-affine_nonnegative,test
2025-01-08,2025-01-09,0.1768543904547769,1.1209393961952538,Calibrated-Hybrid-LogTarget-Small-affine_nonnegative,test
2025-01-09,2025-01-10,1.525095444996381,1.0918888528936808,Calibrated-Hybrid-LogTarget-Small-affine_nonnegative,test
2025-01-10,2025-01-13,0.175796578127988,1.2678688651298158,Calibrated-Hybrid-LogTarget-Small-affine_nonnegative,test
2025-01-13,2025-01-14,0.2850878204367433,1.1963906887779951,Calibrated-Hybrid-LogTarget-Small-affine_nonnegative,test
2025-01-14,2025-01-15,0.3327205813226502,1.1817048885190071,Calibrated-Hybrid-LogTarget-Small-affine_nonnegative,test
2025-01-15,2025-01-16,0.2486834462527659,1.1758007829564838,Calibrated-Hybrid-LogTarget-Small-affine_nonnegative,test
2025-01-16,2025-01-17,0.293601545819197,1.1304040106749786,Calibrated-Hybrid-LogTarget-Small-affine_nonnegative,test
2025-01-17,2025-01-20,0.0012403693451998,1.090131408361512,Calibrated-Hybrid-LogTarget-Small-affine_nonnegative,test
2025-01-20,2025-01-21,0.0768862836866478,1.0411152188771948,Calibrated-Hybrid-LogTarget-Small-affine_nonnegative,test
2025-01-21,2025-01-22,0.0818546593881995,1.059894239392586,Calibrated-Hybrid-LogTarget-Small-affine_nonnegative,test
2025-01-22,2025-01-23,1.8682525367895249,1.0736265352942016,Calibrated-Hybrid-LogTarget-Small-affine_nonnegative,test
2025-01-23,2025-01-24,0.1843517308365074,1.2207986264066906,Calibrated-Hybrid-LogTarget-Small-affine_nonnegative,test
2025-01-24,2025-02-04,0.0008556873339296,1.115909709251054,Calibrated-Hybrid-LogTarget-Small-affine_nonnegative,test
2025-02-04,2025-02-05,0.1513708695410532,1.132621724668578,Calibrated-Hybrid-LogTarget-Small-affine_nonnegative,test
2025-02-05,2025-02-06,0.0216622352028634,1.1193090689134488,Calibrated-Hybrid-LogTarget-Small-affine_nonnegative,test
2025-02-06,2025-02-07,0.0853488617566438,1.1206904879339932,Calibrated-Hybrid-LogTarget-Small-affine_nonnegative,test
2025-02-07,2025-02-10,0.8849819273953393,1.1176640744037885,Calibrated-Hybrid-LogTarget-Small-affine_nonnegative,test
2025-02-10,2025-02-11,0.168100114678953,1.2472879404860935,Calibrated-Hybrid-LogTarget-Small-affine_nonnegative,test
2025-02-11,2025-02-12,0.0147578221185138,1.1905471022867309,Calibrated-Hybrid-LogTarget-Small-affine_nonnegative,test
2025-02-12,2025-02-13,0.0735271043646943,1.1383571200885467,Calibrated-Hybrid-LogTarget-Small-affine_nonnegative,test
2025-02-13,2025-02-14,0.2025383263760581,1.126855285983481,Calibrated-Hybrid-LogTarget-Small-affine_nonnegative,test
2025-02-14,2025-02-17,0.0695132401561259,1.163055385796227,Calibrated-Hybrid-LogTarget-Small-affine_nonnegative,test
2025-02-17,2025-02-18,0.1805870585568251,1.2537130797502472,Calibrated-Hybrid-LogTarget-Small-affine_nonnegative,test
2025-02-18,2025-02-19,0.6592497592052439,1.2261928529289712,Calibrated-Hybrid-LogTarget-Small-affine_nonnegative,test
2025-02-19,2025-02-20,0.1172593983298531,1.346212393343889,Calibrated-Hybrid-LogTarget-Small-affine_nonnegative,test
2025-02-20,2025-02-21,0.0847684671072922,1.2847156182990283,Calibrated-Hybrid-LogTarget-Small-affine_nonnegative,test
2025-02-21,2025-02-24,0.3605624100663593,1.2376715763653348,Calibrated-Hybrid-LogTarget-Small-affine_nonnegative,test
2025-02-24,2025-02-25,0.0115290687889239,1.2677901578196753,Calibrated-Hybrid-LogTarget-Small-affine_nonnegative,test
2025-02-25,2025-02-26,0.0002355760665946,1.2618903848085707,Calibrated-Hybrid-LogTarget-Small-affine_nonnegative,test
2025-02-26,2025-02-27,0.1374731263687118,1.2075848169440986,Calibrated-Hybrid-LogTarget-Small-affine_nonnegative,test
2025-02-27,2025-02-28,0.0348744922200793,1.3356716026401374,Calibrated-Hybrid-LogTarget-Small-affine_nonnegative,test
2025-02-28,2025-03-03,0.0940796554023008,1.2544637273136325,Calibrated-Hybrid-LogTarget-Small-affine_nonnegative,test
2025-03-03,2025-03-04,0.0375578625820462,1.2936009741852619,Calibrated-Hybrid-LogTarget-Small-affine_nonnegative,test
2025-03-04,2025-03-05,0.3028627512498273,1.3911715998776737,Calibrated-Hybrid-LogTarget-Small-affine_nonnegative,test
2025-03-05,2025-03-06,1.0612188848677555,1.286114399645464,Calibrated-Hybrid-LogTarget-Small-affine_nonnegative,test
2025-03-06,2025-03-07,0.350731246280503,1.5924877491108367,Calibrated-Hybrid-LogTarget-Small-affine_nonnegative,test
2025-03-07,2025-03-10,0.1014325645495789,1.4897653869946987,Calibrated-Hybrid-LogTarget-Small-affine_nonnegative,test
2025-03-10,2025-03-11,0.0288133302998629,1.3648708592567853,Calibrated-Hybrid-LogTarget-Small-affine_nonnegative,test
2025-03-11,2025-03-12,0.0196658897235791,1.311690165490228,Calibrated-Hybrid-LogTarget-Small-affine_nonnegative,test
2025-03-12,2025-03-13,0.3743917074856848,1.3008093366813747,Calibrated-Hybrid-LogTarget-Small-affine_nonnegative,test
2025-03-13,2025-03-14,8.187247062994656e-05,1.4714210763285107,Calibrated-Hybrid-LogTarget-Small-affine_nonnegative,test
2025-03-14,2025-03-17,0.5767885171931181,1.45306603160953,Calibrated-Hybrid-LogTarget-Small-affine_nonnegative,test
2025-03-17,2025-03-18,0.157344490226044,1.4542625758227516,Calibrated-Hybrid-LogTarget-Small-affine_nonnegative,test
2025-03-18,2025-03-19,0.2279894954046255,1.406127852896397,Calibrated-Hybrid-LogTarget-Small-affine_nonnegative,test
2025-03-19,2025-03-20,0.0027940647092661,1.379558931182548,Calibrated-Hybrid-LogTarget-Small-affine_nonnegative,test
2025-03-20,2025-03-21,0.0240132299745747,1.379727299204463,Calibrated-Hybrid-LogTarget-Small-affine_nonnegative,test
2025-03-21,2025-03-24,0.4050748456224285,1.3137019365736144,Calibrated-Hybrid-LogTarget-Small-affine_nonnegative,test
2025-03-24,2025-03-25,0.0144479307849922,1.4096814754420277,Calibrated-Hybrid-LogTarget-Small-affine_nonnegative,test
2025-03-25,2025-03-26,0.1924355354900559,1.3732138581311812,Calibrated-Hybrid-LogTarget-Small-affine_nonnegative,test
2025-03-26,2025-03-27,0.0296122174159068,1.2916974234487655,Calibrated-Hybrid-LogTarget-Small-affine_nonnegative,test
2025-03-27,2025-03-28,0.2311977047112736,1.176983876093914,Calibrated-Hybrid-LogTarget-Small-affine_nonnegative,test
2025-03-28,2025-03-31,0.652593682196234,1.2493711810801633,Calibrated-Hybrid-LogTarget-Small-affine_nonnegative,test
2025-03-31,2025-04-01,0.6367477385533009,1.3560331072326282,Calibrated-Hybrid-LogTarget-Small-affine_nonnegative,test
2025-04-01,2025-04-02,0.0014400780515298,1.1890475358481416,Calibrated-Hybrid-LogTarget-Small-affine_nonnegative,test
2025-04-02,2025-04-03,47.7513682523715,1.270591076753009,Calibrated-Hybrid-LogTarget-Small-affine_nonnegative,test
2025-04-03,2025-04-04,2.4680894659320427,3.8931075715739425,Calibrated-Hybrid-LogTarget-Small-affine_nonnegative,test
2025-04-04,2025-04-08,44.20961209050503,2.6428291218141085,Calibrated-Hybrid-LogTarget-Small-affine_nonnegative,test
2025-04-08,2025-04-09,11.94996872052983,7.522231333376393,Calibrated-Hybrid-LogTarget-Small-affine_nonnegative,test
2025-04-09,2025-04-10,42.861963107094255,4.543651449947814,Calibrated-Hybrid-LogTarget-Small-affine_nonnegative,test
2025-04-10,2025-04-11,20.5039468602513,6.881470103791406,Calibrated-Hybrid-LogTarget-Small-affine_nonnegative,test
2025-04-11,2025-04-14,2.373686902735611,3.7077196343308083,Calibrated-Hybrid-LogTarget-Small-affine_nonnegative,test
2025-04-14,2025-04-15,1.222393557661562,2.7616108155487304,Calibrated-Hybrid-LogTarget-Small-affine_nonnegative,test
2025-04-15,2025-04-16,2.0585197770339483,2.6787917442918467,Calibrated-Hybrid-LogTarget-Small-affine_nonnegative,test
2025-04-16,2025-04-17,0.3278654140280428,2.7374213842304704,Calibrated-Hybrid-LogTarget-Small-affine_nonnegative,test
2025-04-17,2025-04-18,0.0235644272572965,2.5893452647968065,Calibrated-Hybrid-LogTarget-Small-affine_nonnegative,test
2025-04-18,2025-04-21,0.9867147275211472,2.6827350470259894,Calibrated-Hybrid-LogTarget-Small-affine_nonnegative,test
2025-04-21,2025-04-22,0.6837487157170882,2.5512051548143164,Calibrated-Hybrid-LogTarget-Small-affine_nonnegative,test
2025-04-22,2025-04-23,1.3269747595182129,2.5083758423666214,Calibrated-Hybrid-LogTarget-Small-affine_nonnegative,test
2025-04-23,2025-04-24,1.029521260921247,2.258469259189988,Calibrated-Hybrid-LogTarget-Small-affine_nonnegative,test
2025-04-24,2025-04-25,0.2299163958338018,2.053686722013549,Calibrated-Hybrid-LogTarget-Small-affine_nonnegative,test
2025-04-25,2025-04-28,0.0391566462219492,1.881693643947802,Calibrated-Hybrid-LogTarget-Small-affine_nonnegative,test
2025-04-28,2025-04-29,0.0016617646152264,1.5756174278115929,Calibrated-Hybrid-LogTarget-Small-affine_nonnegative,test
2025-04-29,2025-05-05,1.2432686189181044,1.5694938256015052,Calibrated-Hybrid-LogTarget-Small-affine_nonnegative,test
2025-05-05,2025-05-06,0.0234403346988041,1.7090665230276156,Calibrated-Hybrid-LogTarget-Small-affine_nonnegative,test
2025-05-06,2025-05-07,0.4565410925067849,1.896791340892287,Calibrated-Hybrid-LogTarget-Small-affine_nonnegative,test
2025-05-07,2025-05-08,2.377733233918144,1.837970168344343,Calibrated-Hybrid-LogTarget-Small-affine_nonnegative,test
2025-05-08,2025-05-09,0.0388387388391833,1.9286412111570768,Calibrated-Hybrid-LogTarget-Small-affine_nonnegative,test
2025-05-09,2025-05-12,1.5662677776101377,1.5720871752886132,Calibrated-Hybrid-LogTarget-Small-affine_nonnegative,test
2025-05-12,2025-05-13,0.6231348828577624,1.8096787273349437,Calibrated-Hybrid-LogTarget-Small-affine_nonnegative,test
2025-05-13,2025-05-14,1.5683566422405055,1.7401842963300187,Calibrated-Hybrid-LogTarget-Small-affine_nonnegative,test
2025-05-14,2025-05-15,0.0700077382080358,1.7775429023662512,Calibrated-Hybrid-LogTarget-Small-affine_nonnegative,test
2025-05-15,2025-05-16,0.816128421348678,1.7643080322013227,Calibrated-Hybrid-LogTarget-Small-affine_nonnegative,test
2025-05-16,2025-05-19,0.1541807515116988,1.692540825206921,Calibrated-Hybrid-LogTarget-Small-affine_nonnegative,test
2025-05-19,2025-05-20,2.0864038037366446,1.7122044508291554,Calibrated-Hybrid-LogTarget-Small-affine_nonnegative,test
2025-05-20,2025-05-21,0.3586751908572574,1.9119123111929504,Calibrated-Hybrid-LogTarget-Small-affine_nonnegative,test
2025-05-21,2025-05-22,0.4879763310352334,1.894392703097738,Calibrated-Hybrid-LogTarget-Small-affine_nonnegative,test
2025-05-22,2025-05-23,0.0022258378145528,1.9904541001323248,Calibrated-Hybrid-LogTarget-Small-affine_nonnegative,test
2025-05-23,2025-05-26,1.8600723156803831,1.4266873184598652,Calibrated-Hybrid-LogTarget-Small-affine_nonnegative,test
2025-05-26,2025-05-27,0.2984907987188625,1.9168669611049012,Calibrated-Hybrid-LogTarget-Small-affine_nonnegative,test
2025-05-27,2025-05-28,0.0236037331895616,1.8843593078005,Calibrated-Hybrid-LogTarget-Small-affine_nonnegative,test
2025-05-28,2025-05-29,5.553699144539498e-07,1.6249638685108752,Calibrated-Hybrid-LogTarget-Small-affine_nonnegative,test
2025-05-29,2025-05-30,0.4795271728756022,1.5619465310114387,Calibrated-Hybrid-LogTarget-Small-affine_nonnegative,test
2025-05-30,2025-06-02,0.0768775248909457,1.6998123781676053,Calibrated-Hybrid-LogTarget-Small-affine_nonnegative,test
2025-06-02,2025-06-03,0.6659991384313828,1.6623372608529063,Calibrated-Hybrid-LogTarget-Small-affine_nonnegative,test
2025-06-03,2025-06-04,0.0125760569530384,1.835444686261494,Calibrated-Hybrid-LogTarget-Small-affine_nonnegative,test
2025-06-04,2025-06-05,0.0737636944522696,1.6762804290878164,Calibrated-Hybrid-LogTarget-Small-affine_nonnegative,test
2025-06-05,2025-06-06,0.8339101934074882,1.450890712566101,Calibrated-Hybrid-LogTarget-Small-affine_nonnegative,test
2025-06-06,2025-06-09,2.1415615006193414,1.7172694139167906,Calibrated-Hybrid-LogTarget-Small-affine_nonnegative,test
2025-06-09,2025-06-10,0.1857120921961249,1.7507407684823595,Calibrated-Hybrid-LogTarget-Small-affine_nonnegative,test
2025-06-10,2025-06-11,0.0061284527471124,1.6523579524252392,Calibrated-Hybrid-LogTarget-Small-affine_nonnegative,test
2025-06-11,2025-06-12,0.348758893746006,1.3822147510424265,Calibrated-Hybrid-LogTarget-Small-affine_nonnegative,test
2025-06-12,2025-06-13,0.3232043851233978,1.676755690730663,Calibrated-Hybrid-LogTarget-Small-affine_nonnegative,test
2025-06-13,2025-06-16,2.90666722935662,1.9298252820273707,Calibrated-Hybrid-LogTarget-Small-affine_nonnegative,test
2025-06-16,2025-06-17,0.5089174637565245,1.7930036358258936,Calibrated-Hybrid-LogTarget-Small-affine_nonnegative,test
2025-06-17,2025-06-18,0.0040746855610125,1.6031579599978876,Calibrated-Hybrid-LogTarget-Small-affine_nonnegative,test
2025-06-18,2025-06-19,0.1490639362511987,1.488864830171222,Calibrated-Hybrid-LogTarget-Small-affine_nonnegative,test
2025-06-19,2025-06-20,0.0396634294929435,1.348607637304648,Calibrated-Hybrid-LogTarget-Small-affine_nonnegative,test
2025-06-20,2025-06-23,0.4254396112184308,1.446932839350969,Calibrated-Hybrid-LogTarget-Small-affine_nonnegative,test
2025-06-23,2025-06-24,0.3974954121903902,1.4140811809955203,Calibrated-Hybrid-LogTarget-Small-affine_nonnegative,test
2025-06-24,2025-06-25,2.141289912653593e-06,1.4871865663649633,Calibrated-Hybrid-LogTarget-Small-affine_nonnegative,test
2025-06-25,2025-06-26,0.0062490303873797,1.2976020865179378,Calibrated-Hybrid-LogTarget-Small-affine_nonnegative,test
2025-06-26,2025-06-27,0.1777576915183636,1.1979368940327662,Calibrated-Hybrid-LogTarget-Small-affine_nonnegative,test
2025-06-27,2025-06-30,0.1135910808511721,1.2478362158586662,Calibrated-Hybrid-LogTarget-Small-affine_nonnegative,test
2025-06-30,2025-07-01,0.0165236945249244,1.1527724860473154,Calibrated-Hybrid-LogTarget-Small-affine_nonnegative,test
2025-07-01,2025-07-02,0.2388288030529801,1.1900596128366567,Calibrated-Hybrid-LogTarget-Small-affine_nonnegative,test
2025-07-02,2025-07-03,0.0361488680610222,1.3057509475410738,Calibrated-Hybrid-LogTarget-Small-affine_nonnegative,test
2025-07-03,2025-07-04,0.1309520910154639,1.6941682658343478,Calibrated-Hybrid-LogTarget-Small-affine_nonnegative,test
2025-07-04,2025-07-07,1.1709559965363006,1.3785602061698117,Calibrated-Hybrid-LogTarget-Small-affine_nonnegative,test
2025-07-07,2025-07-08,0.904778187332118,1.8600881760931585,Calibrated-Hybrid-LogTarget-Small-affine_nonnegative,test
2025-07-08,2025-07-09,1.241559484315582,1.844366289479201,Calibrated-Hybrid-LogTarget-Small-affine_nonnegative,test
2025-07-09,2025-07-10,0.9910271514632224,2.019364903103868,Calibrated-Hybrid-LogTarget-Small-affine_nonnegative,test
2025-07-10,2025-07-11,0.6970381226212395,1.656149679799493,Calibrated-Hybrid-LogTarget-Small-affine_nonnegative,test
2025-07-11,2025-07-14,0.7477170344432008,1.6549055764040108,Calibrated-Hybrid-LogTarget-Small-affine_nonnegative,test
2025-07-14,2025-07-15,0.4444265080916222,1.7613310913136833,Calibrated-Hybrid-LogTarget-Small-affine_nonnegative,test
2025-07-15,2025-07-16,0.1995824056263008,1.8542570509537055,Calibrated-Hybrid-LogTarget-Small-affine_nonnegative,test
2025-07-16,2025-07-17,2.3820294026445814,1.8823194756112709,Calibrated-Hybrid-LogTarget-Small-affine_nonnegative,test
2025-07-17,2025-07-18,0.2369058350764768,2.1497396202170838,Calibrated-Hybrid-LogTarget-Small-affine_nonnegative,test
2025-07-18,2025-07-21,0.6726766922283197,2.045618653154377,Calibrated-Hybrid-LogTarget-Small-affine_nonnegative,test
2025-07-21,2025-07-22,2.6753597330452594,2.0501658383830543,Calibrated-Hybrid-LogTarget-Small-affine_nonnegative,test
2025-07-22,2025-07-23,0.033610422134737,2.0712787614466106,Calibrated-Hybrid-LogTarget-Small-affine_nonnegative,test
2025-07-23,2025-07-24,0.3298066193429415,2.006918518751754,Calibrated-Hybrid-LogTarget-Small-affine_nonnegative,test
2025-07-24,2025-07-25,0.4388880259346913,2.011420199242505,Calibrated-Hybrid-LogTarget-Small-affine_nonnegative,test
2025-07-25,2025-07-28,2.898363616722053,1.8938526626119674,Calibrated-Hybrid-LogTarget-Small-affine_nonnegative,test
2025-07-28,2025-07-29,17.613558540836202,2.1861524456390917,Calibrated-Hybrid-LogTarget-Small-affine_nonnegative,test
2025-07-29,2025-07-30,0.8980946651524866,2.869438862255502,Calibrated-Hybrid-LogTarget-Small-affine_nonnegative,test
2025-07-30,2025-07-31,0.1152726694915896,2.4599011172716394,Calibrated-Hybrid-LogTarget-Small-affine_nonnegative,test
2025-07-31,2025-08-01,0.1152726694915833,2.420476746852953,Calibrated-Hybrid-LogTarget-Small-affine_nonnegative,test
2025-08-01,2025-08-04,1.834710119502004,2.279882967444536,Calibrated-Hybrid-LogTarget-Small-affine_nonnegative,test
2025-08-04,2025-08-05,1.520412348936557,2.2007806944131802,Calibrated-Hybrid-LogTarget-Small-affine_nonnegative,test
2025-08-05,2025-08-06,2.8972670658789563,2.170022307436822,Calibrated-Hybrid-LogTarget-Small-affine_nonnegative,test
2025-08-06,2025-08-07,0.2635664108766646,1.9075422479048654,Calibrated-Hybrid-LogTarget-Small-affine_nonnegative,test
2025-08-07,2025-08-08,0.039326859883716,1.9164546796888993,Calibrated-Hybrid-LogTarget-Small-affine_nonnegative,test
2025-08-08,2025-08-11,0.9422556417684452,1.9534337971331888,Calibrated-Hybrid-LogTarget-Small-affine_nonnegative,test
2025-08-11,2025-08-12,0.2369869845385009,1.8769620704464576,Calibrated-Hybrid-LogTarget-Small-affine_nonnegative,test
2025-08-12,2025-08-13,0.0440788772156527,1.6752940790191542,Calibrated-Hybrid-LogTarget-Small-affine_nonnegative,test
2025-08-13,2025-08-14,3.200310161092739,1.5784774556216838,Calibrated-Hybrid-LogTarget-Small-affine_nonnegative,test
2025-08-14,2025-08-15,0.4273067256056122,1.6974300735624546,Calibrated-Hybrid-LogTarget-Small-affine_nonnegative,test
2025-08-15,2025-08-18,0.1521280158050796,1.645797144080102,Calibrated-Hybrid-LogTarget-Small-affine_nonnegative,test
2025-08-18,2025-08-19,1.174434797614126,1.6528952568691275,Calibrated-Hybrid-LogTarget-Small-affine_nonnegative,test
2025-08-19,2025-08-20,0.3749305014941085,1.7763211322136498,Calibrated-Hybrid-LogTarget-Small-affine_nonnegative,test
2025-08-20,2025-08-21,1.989152286945736,1.6756562633022425,Calibrated-Hybrid-LogTarget-Small-affine_nonnegative,test
2025-08-21,2025-08-22,6.511855987425645,1.5468387751110502,Calibrated-Hybrid-LogTarget-Small-affine_nonnegative,test
2025-08-22,2025-08-25,3.721774310323592,2.272455881575227,Calibrated-Hybrid-LogTarget-Small-affine_nonnegative,test
2025-08-25,2025-08-26,10.672831463331164,2.4128741208743847,Calibrated-Hybrid-LogTarget-Small-affine_nonnegative,test
2025-08-26,2025-08-27,0.1033600134238672,2.369926888878307,Calibrated-Hybrid-LogTarget-Small-affine_nonnegative,test
2025-08-27,2025-08-28,0.2196933006813634,2.17868171171043,Calibrated-Hybrid-LogTarget-Small-affine_nonnegative,test
2025-08-28,2025-08-29,0.0064454873601164,1.9131994535931058,Calibrated-Hybrid-LogTarget-Small-affine_nonnegative,test
2025-08-29,2025-09-03,0.0029279074904991,1.8156028644121285,Calibrated-Hybrid-LogTarget-Small-affine_nonnegative,test
2025-09-03,2025-09-04,0.7878709714332047,1.8766006865481382,Calibrated-Hybrid-LogTarget-Small-affine_nonnegative,test
2025-09-04,2025-09-05,3.0401082196490887,1.8009282470525618,Calibrated-Hybrid-LogTarget-Small-affine_nonnegative,test
2025-09-05,2025-09-08,6.650758234823594,2.0831466780248094,Calibrated-Hybrid-LogTarget-Small-affine_nonnegative,test
2025-09-08,2025-09-09,0.6150034620566089,2.5832015350169586,Calibrated-Hybrid-LogTarget-Small-affine_nonnegative,test
2025-09-09,2025-09-10,0.1311392104891743,2.165797837512862,Calibrated-Hybrid-LogTarget-Small-affine_nonnegative,test
2025-09-10,2025-09-11,0.7707413531131861,1.922214248045733,Calibrated-Hybrid-LogTarget-Small-affine_nonnegative,test
2025-09-11,2025-09-12,0.3272182232185671,1.9455627494163557,Calibrated-Hybrid-LogTarget-Small-affine_nonnegative,test
2025-09-12,2025-09-15,1.1076835127457196,1.6504798146549942,Calibrated-Hybrid-LogTarget-Small-affine_nonnegative,test
2025-09-15,2025-09-16,0.0564941879844652,1.5032119381889224,Calibrated-Hybrid-LogTarget-Small-affine_nonnegative,test
2025-09-16,2025-09-17,0.3510643230345384,1.459160914596263,Calibrated-Hybrid-LogTarget-Small-affine_nonnegative,test
2025-09-17,2025-09-18,0.1204832995414096,1.4741189925413454,Calibrated-Hybrid-LogTarget-Small-affine_nonnegative,test
2025-09-18,2025-09-19,0.1558113286329437,1.4933272565237268,Calibrated-Hybrid-LogTarget-Small-affine_nonnegative,test
2025-09-19,2025-09-22,2.1548992233102013,1.4263928850205359,Calibrated-Hybrid-LogTarget-Small-affine_nonnegative,test
2025-09-22,2025-09-23,0.0024547743448737,1.6115819932742914,Calibrated-Hybrid-LogTarget-Small-affine_nonnegative,test
2025-09-23,2025-09-24,1.8183165781347828,1.3698238912743064,Calibrated-Hybrid-LogTarget-Small-affine_nonnegative,test
2025-09-24,2025-09-25,0.2696988542084727,1.7630300675363724,Calibrated-Hybrid-LogTarget-Small-affine_nonnegative,test
2025-09-25,2025-09-26,0.1049995667244043,1.5901080096873195,Calibrated-Hybrid-LogTarget-Small-affine_nonnegative,test
2025-09-26,2025-09-29,0.1207157531709924,1.4399295495597122,Calibrated-Hybrid-LogTarget-Small-affine_nonnegative,test
2025-09-29,2025-09-30,0.0825092745825899,1.303586472374213,Calibrated-Hybrid-LogTarget-Small-affine_nonnegative,test
2025-09-30,2025-10-01,0.0405610853854958,1.4893188023062467,Calibrated-Hybrid-LogTarget-Small-affine_nonnegative,test
2025-10-01,2025-10-02,0.5533556929381476,1.1998661484472535,Calibrated-Hybrid-LogTarget-Small-affine_nonnegative,test
2025-10-02,2025-10-03,0.1745254722126338,1.2543047636213283,Calibrated-Hybrid-LogTarget-Small-affine_nonnegative,test
2025-10-03,2025-10-06,8.84404690494525,1.3364855338669885,Calibrated-Hybrid-LogTarget-Small-affine_nonnegative,test
2025-10-06,2025-10-07,0.3641027934298682,1.990750644625619,Calibrated-Hybrid-LogTarget-Small-affine_nonnegative,test
2025-10-07,2025-10-08,0.5486921315455813,1.5979099131787668,Calibrated-Hybrid-LogTarget-Small-affine_nonnegative,test
2025-10-08,2025-10-09,1.1922218605244943,1.5913745385726143,Calibrated-Hybrid-LogTarget-Small-affine_nonnegative,test
2025-10-09,2025-10-10,3.220212549761636,1.5945028606281424,Calibrated-Hybrid-LogTarget-Small-affine_nonnegative,test
2025-10-10,2025-10-13,1.0007740943267542,1.6017905039447604,Calibrated-Hybrid-LogTarget-Small-affine_nonnegative,test
2025-10-13,2025-10-14,0.0530277849803774,1.4789928584790324,Calibrated-Hybrid-LogTarget-Small-affine_nonnegative,test
2025-10-14,2025-10-15,0.0312420838438003,1.30514919915726,Calibrated-Hybrid-LogTarget-Small-affine_nonnegative,test
2025-10-15,2025-10-16,0.2550192069697773,1.2959960686064373,Calibrated-Hybrid-LogTarget-Small-affine_nonnegative,test
2025-10-16,2025-10-17,4.157221997254808,1.4037540667801913,Calibrated-Hybrid-LogTarget-Small-affine_nonnegative,test
2025-10-17,2025-10-20,31.687885302040943,1.581310432662255,Calibrated-Hybrid-LogTarget-Small-affine_nonnegative,test
2025-10-20,2025-10-21,2.6780326889178614,2.3514322240834447,Calibrated-Hybrid-LogTarget-Small-affine_nonnegative,test
2025-10-21,2025-10-22,0.8133878588699036,2.583676763091486,Calibrated-Hybrid-LogTarget-Small-affine_nonnegative,test
2025-10-22,2025-10-23,0.2587585559528909,2.2650833831269264,Calibrated-Hybrid-LogTarget-Small-affine_nonnegative,test
2025-10-23,2025-10-24,0.053015415411533,2.0020538223675337,Calibrated-Hybrid-LogTarget-Small-affine_nonnegative,test
2025-10-24,2025-10-27,3.375069844215606,1.8348608588450137,Calibrated-Hybrid-LogTarget-Small-affine_nonnegative,test
2025-10-27,2025-10-28,2.814969211801454,1.9566140849270537,Calibrated-Hybrid-LogTarget-Small-affine_nonnegative,test
2025-10-28,2025-10-29,0.1002770987516237,2.045353009489075,Calibrated-Hybrid-LogTarget-Small-affine_nonnegative,test
2025-10-29,2025-10-30,0.939332335111435,1.9221150617995093,Calibrated-Hybrid-LogTarget-Small-affine_nonnegative,test
2025-10-30,2025-10-31,3.2700587697209347,1.8798861225722254,Calibrated-Hybrid-LogTarget-Small-affine_nonnegative,test
2025-10-31,2025-11-03,1.9349432702427485,1.9842386216474823,Calibrated-Hybrid-LogTarget-Small-affine_nonnegative,test
2025-11-03,2025-11-04,4.580450857721864,2.109775402814037,Calibrated-Hybrid-LogTarget-Small-affine_nonnegative,test
2025-11-04,2025-11-05,0.0309750452194787,2.269846139952994,Calibrated-Hybrid-LogTarget-Small-affine_nonnegative,test
2025-11-05,2025-11-06,0.5520248822173379,1.6490042051429317,Calibrated-Hybrid-LogTarget-Small-affine_nonnegative,test
2025-11-06,2025-11-07,7.216601336017348,1.484888901935348,Calibrated-Hybrid-LogTarget-Small-affine_nonnegative,test
2025-11-07,2025-11-10,1.3629185312754708,2.0995429644965986,Calibrated-Hybrid-LogTarget-Small-affine_nonnegative,test
2025-11-10,2025-11-11,0.6782053056730832,2.052371769956112,Calibrated-Hybrid-LogTarget-Small-affine_nonnegative,test
2025-11-11,2025-11-12,5.625713037940661,1.9779978968877188,Calibrated-Hybrid-LogTarget-Small-affine_nonnegative,test
2025-11-12,2025-11-13,0.000662589539105,2.129907696698082,Calibrated-Hybrid-LogTarget-Small-affine_nonnegative,test
2025-11-13,2025-11-14,0.0605676682080504,1.5647633528431988,Calibrated-Hybrid-LogTarget-Small-affine_nonnegative,test
2025-11-14,2025-11-17,1.328575255573558,1.5051745893945037,Calibrated-Hybrid-LogTarget-Small-affine_nonnegative,test
2025-11-17,2025-11-18,0.1101519148224003,1.576114062276355,Calibrated-Hybrid-LogTarget-Small-affine_nonnegative,test
2025-11-18,2025-11-19,0.4356481626659925,1.5028238688905267,Calibrated-Hybrid-LogTarget-Small-affine_nonnegative,test
2025-11-19,2025-11-20,0.1789267767214806,1.5107180295804177,Calibrated-Hybrid-LogTarget-Small-affine_nonnegative,test
2025-11-20,2025-11-21,0.0040999105070223,1.389478389742579,Calibrated-Hybrid-LogTarget-Small-affine_nonnegative,test
2025-11-21,2025-11-24,0.6169476621587812,1.3794305930944157,Calibrated-Hybrid-LogTarget-Small-affine_nonnegative,test
2025-11-24,2025-11-25,0.2096602420348715,1.2470343614462793,Calibrated-Hybrid-LogTarget-Small-affine_nonnegative,test
2025-11-25,2025-11-26,1.433673327817772,1.3463782014930146,Calibrated-Hybrid-LogTarget-Small-affine_nonnegative,test
2025-11-26,2025-11-27,0.0554068207335508,1.315679625198255,Calibrated-Hybrid-LogTarget-Small-affine_nonnegative,test
2025-11-27,2025-11-28,0.1562015926240177,1.122673049537801,Calibrated-Hybrid-LogTarget-Small-affine_nonnegative,test
2025-11-28,2025-12-01,0.39639182484541,1.1482767435656722,Calibrated-Hybrid-LogTarget-Small-affine_nonnegative,test
2025-12-01,2025-12-02,0.8106128656312585,1.0281771062672127,Calibrated-Hybrid-LogTarget-Small-affine_nonnegative,test
2025-12-02,2025-12-03,0.7276910420234725,1.1306112771846504,Calibrated-Hybrid-LogTarget-Small-affine_nonnegative,test
2025-12-03,2025-12-04,0.0994544592328996,1.1285486722995215,Calibrated-Hybrid-LogTarget-Small-affine_nonnegative,test
2025-12-04,2025-12-05,0.0550277452970135,1.1206881774290274,Calibrated-Hybrid-LogTarget-Small-affine_nonnegative,test
2025-12-05,2025-12-08,0.5051234930048776,1.0285002911987333,Calibrated-Hybrid-LogTarget-Small-affine_nonnegative,test
2025-12-08,2025-12-09,0.1408736793364905,1.0448283981352173,Calibrated-Hybrid-LogTarget-Small-affine_nonnegative,test
2025-12-09,2025-12-10,2.645907078453935,1.1844893621244854,Calibrated-Hybrid-LogTarget-Small-affine_nonnegative,test
2025-12-10,2025-12-11,1.3806505812729413,1.1803609893521627,Calibrated-Hybrid-LogTarget-Small-affine_nonnegative,test
2025-12-11,2025-12-12,9.667324836347865,1.3087951927940895,Calibrated-Hybrid-LogTarget-Small-affine_nonnegative,test
2025-12-12,2025-12-15,0.0028567239256699,2.378946223386384,Calibrated-Hybrid-LogTarget-Small-affine_nonnegative,test
2025-12-15,2025-12-16,3.980584197891362,1.912294377070215,Calibrated-Hybrid-LogTarget-Small-affine_nonnegative,test
2025-12-16,2025-12-17,0.1084209662548159,2.1194661445625096,Calibrated-Hybrid-LogTarget-Small-affine_nonnegative,test
2025-12-17,2025-12-18,0.0392718088641224,1.5222177823762206,Calibrated-Hybrid-LogTarget-Small-affine_nonnegative,test
2025-12-18,2025-12-19,2.613324440401082,1.4072010767715786,Calibrated-Hybrid-LogTarget-Small-affine_nonnegative,test
2025-12-19,2025-12-22,7.313697947150696,1.575935299253325,Calibrated-Hybrid-LogTarget-Small-affine_nonnegative,test
2025-12-22,2025-12-23,1.4374361396783522,1.9482099435401454,Calibrated-Hybrid-LogTarget-Small-affine_nonnegative,test
2025-12-23,2025-12-24,0.36034587773515,1.559523768583108,Calibrated-Hybrid-LogTarget-Small-affine_nonnegative,test
2025-12-24,2025-12-25,5.141409326470893,1.3274318309941369,Calibrated-Hybrid-LogTarget-Small-affine_nonnegative,test
2025-12-25,2025-12-26,0.5648889447832609,1.5717751053121998,Calibrated-Hybrid-LogTarget-Small-affine_nonnegative,test
2025-12-26,2025-12-29,2.0655121585777008,1.9432493355576177,Calibrated-Hybrid-LogTarget-Small-affine_nonnegative,test
2025-12-29,2025-12-30,0.4690762256667201,1.7403543887882218,Calibrated-Hybrid-LogTarget-Small-affine_nonnegative,test
2025-12-30,2025-12-31,0.9813005407165244,1.5387437472320438,Calibrated-Hybrid-LogTarget-Small-affine_nonnegative,test
2020-01-02,2020-01-03,0.0250907830256049,0.5601670362401672,Calibrated-Hybrid-LogTarget-Small-affine_nonnegative,validation
2020-01-03,2020-01-06,0.9476915195201792,0.5506895575447543,Calibrated-Hybrid-LogTarget-Small-affine_nonnegative,validation
2020-01-06,2020-01-07,0.104181316002117,0.5838823761788358,Calibrated-Hybrid-LogTarget-Small-affine_nonnegative,validation
2020-01-07,2020-01-08,1.0770730792986123,0.5776566917497696,Calibrated-Hybrid-LogTarget-Small-affine_nonnegative,validation
2020-01-08,2020-01-09,1.3693209243773992,0.6255669542450142,Calibrated-Hybrid-LogTarget-Small-affine_nonnegative,validation
2020-01-09,2020-01-10,0.7569453657796249,0.6404537791803544,Calibrated-Hybrid-LogTarget-Small-affine_nonnegative,validation
2020-01-10,2020-01-13,0.0779299678700735,0.6513823512370305,Calibrated-Hybrid-LogTarget-Small-affine_nonnegative,validation
2020-01-13,2020-01-14,0.0144073552388825,0.6525996616502916,Calibrated-Hybrid-LogTarget-Small-affine_nonnegative,validation
2020-01-14,2020-01-15,0.0033517503388054,0.6686537557864971,Calibrated-Hybrid-LogTarget-Small-affine_nonnegative,validation
2020-01-15,2020-01-16,0.483315508188739,0.6706613353173807,Calibrated-Hybrid-LogTarget-Small-affine_nonnegative,validation
2020-01-16,2020-01-17,0.2266955412354889,0.6772271177525242,Calibrated-Hybrid-LogTarget-Small-affine_nonnegative,validation
2020-01-17,2020-01-20,0.0011366961882311,0.6677240321716936,Calibrated-Hybrid-LogTarget-Small-affine_nonnegative,validation
2020-01-20,2020-01-21,0.620613610020936,0.6439744255856401,Calibrated-Hybrid-LogTarget-Small-affine_nonnegative,validation
2020-01-21,2020-01-22,0.2649229323580117,0.6487955110519927,Calibrated-Hybrid-LogTarget-Small-affine_nonnegative,validation
2020-01-22,2020-01-30,10.681729656091257,0.6330381934034383,Calibrated-Hybrid-LogTarget-Small-affine_nonnegative,validation
2020-01-30,2020-01-31,5.865133827993191,1.0450745238943178,Calibrated-Hybrid-LogTarget-Small-affine_nonnegative,validation
2020-01-31,2020-02-03,0.8272024151231092,2.4847565631999147,Calibrated-Hybrid-LogTarget-Small-affine_nonnegative,validation
2020-02-03,2020-02-04,0.0104658835251161,3.304610304251201,Calibrated-Hybrid-LogTarget-Small-affine_nonnegative,validation
2020-02-04,2020-02-05,0.1175512507127237,3.3586353744082205,Calibrated-Hybrid-LogTarget-Small-affine_nonnegative,validation
2020-02-05,2020-02-06,1.8356018915555292,3.404352751050048,Calibrated-Hybrid-LogTarget-Small-affine_nonnegative,validation
2020-02-06,2020-02-07,0.0553168362540114,2.9266480559807793,Calibrated-Hybrid-LogTarget-Small-affine_nonnegative,validation
2020-02-07,2020-02-10,1.14665654297727,2.362805178590638,Calibrated-Hybrid-LogTarget-Small-affine_nonnegative,validation
2020-02-10,2020-02-11,0.1784472180385378,2.4116144955004057,Calibrated-Hybrid-LogTarget-Small-affine_nonnegative,validation
2020-02-11,2020-02-12,0.1033759850072604,2.128862616516788,Calibrated-Hybrid-LogTarget-Small-affine_nonnegative,validation
2020-02-12,2020-02-13,0.0035645724311596,1.9760967562675653,Calibrated-Hybrid-LogTarget-Small-affine_nonnegative,validation
2020-02-13,2020-02-14,0.007095648592579,1.6680488470366994,Calibrated-Hybrid-LogTarget-Small-affine_nonnegative,validation
2020-02-14,2020-02-17,0.0819627293788475,1.3634622951312985,Calibrated-Hybrid-LogTarget-Small-affine_nonnegative,validation
2020-02-17,2020-02-18,0.5393743252289994,1.1425941677017015,Calibrated-Hybrid-LogTarget-Small-affine_nonnegative,validation
2020-02-18,2020-02-19,0.0079935084291448,1.2005903537088354,Calibrated-Hybrid-LogTarget-Small-affine_nonnegative,validation
2020-02-19,2020-02-20,1.007648372641439,1.0960813794032245,Calibrated-Hybrid-LogTarget-Small-affine_nonnegative,validation
2020-02-20,2020-02-21,0.2901840002942764,0.9704191583503596,Calibrated-Hybrid-LogTarget-Small-affine_nonnegative,validation
2020-02-21,2020-02-24,10.499319840007198,0.9362195307664305,Calibrated-Hybrid-LogTarget-Small-affine_nonnegative,validation
2020-02-24,2020-02-25,0.487607684946675,2.112775519578775,Calibrated-Hybrid-LogTarget-Small-affine_nonnegative,validation
2020-02-25,2020-02-26,2.3027959637577347,2.198960816751093,Calibrated-Hybrid-LogTarget-Small-affine_nonnegative,validation
2020-02-26,2020-02-27,0.0757898564940438,2.937049808403959,Calibrated-Hybrid-LogTarget-Small-affine_nonnegative,validation
2020-02-27,2020-02-28,3.3315279697661397,2.640316713695635,Calibrated-Hybrid-LogTarget-Small-affine_nonnegative,validation
2020-02-28,2020-03-02,0.0643087707016609,3.5086883236060302,Calibrated-Hybrid-LogTarget-Small-affine_nonnegative,validation
2020-03-02,2020-03-03,0.4848687144344406,2.993636719450558,Calibrated-Hybrid-LogTarget-Small-affine_nonnegative,validation
2020-03-03,2020-03-04,0.0194121329487549,2.7029109801009708,Calibrated-Hybrid-LogTarget-Small-affine_nonnegative,validation
2020-03-04,2020-03-05,0.1953921289983395,2.4099589205441596,Calibrated-Hybrid-LogTarget-Small-affine_nonnegative,validation
2020-03-05,2020-03-06,0.0439125584620563,2.0954332597504286,Calibrated-Hybrid-LogTarget-Small-affine_nonnegative,validation
2020-03-06,2020-03-09,42.01600464009923,1.8118962170522301,Calibrated-Hybrid-LogTarget-Small-affine_nonnegative,validation
2020-03-09,2020-03-10,0.0577385447930077,7.158103522406535,Calibrated-Hybrid-LogTarget-Small-affine_nonnegative,validation
2020-03-10,2020-03-11,10.062685801317658,4.877923413484909,Calibrated-Hybrid-LogTarget-Small-affine_nonnegative,validation
2020-03-11,2020-03-12,28.39132734538161,8.036638862961667,Calibrated-Hybrid-LogTarget-Small-affine_nonnegative,validation
2020-03-12,2020-03-13,0.9522274265858316,10.192144909986043,Calibrated-Hybrid-LogTarget-Small-affine_nonnegative,validation
2020-03-13,2020-03-16,3.4010756349170417,6.911886197826686,Calibrated-Hybrid-LogTarget-Small-affine_nonnegative,validation
2020-03-16,2020-03-17,0.0775702786503674,7.414234295245093,Calibrated-Hybrid-LogTarget-Small-affine_nonnegative,validation
2020-03-17,2020-03-18,0.0633870572758951,5.56888408413662,Calibrated-Hybrid-LogTarget-Small-affine_nonnegative,validation
2020-03-18,2020-03-19,8.691271441121467,4.802953235611678,Calibrated-Hybrid-LogTarget-Small-affine_nonnegative,validation
2020-03-19,2020-03-20,5.099806319623413,7.485344122678723,Calibrated-Hybrid-LogTarget-Small-affine_nonnegative,validation
2020-03-20,2020-03-23,39.324753398937766,7.031086916196816,Calibrated-Hybrid-LogTarget-Small-affine_nonnegative,validation
2020-03-23,2020-03-24,1.2394404253652411,10.801683374877797,Calibrated-Hybrid-LogTarget-Small-affine_nonnegative,validation
2020-03-24,2020-03-25,21.170767602446844,6.859796725565313,Calibrated-Hybrid-LogTarget-Small-affine_nonnegative,validation
2020-03-25,2020-03-26,0.3272592319629427,7.712207040093863,Calibrated-Hybrid-LogTarget-Small-affine_nonnegative,validation
2020-03-26,2020-03-27,0.0708281107928228,5.01859829844778,Calibrated-Hybrid-LogTarget-Small-affine_nonnegative,validation
2020-03-27,2020-03-30,24.77812989942355,4.092191497227699,Calibrated-Hybrid-LogTarget-Small-affine_nonnegative,validation
2020-03-30,2020-03-31,0.0016614736162584,8.025961417512878,Calibrated-Hybrid-LogTarget-Small-affine_nonnegative,validation
2020-03-31,2020-04-01,6.951204185299923,4.832569129992635,Calibrated-Hybrid-LogTarget-Small-affine_nonnegative,validation
2020-04-01,2020-04-03,9.745314866975544,5.380685491930009,Calibrated-Hybrid-LogTarget-Small-affine_nonnegative,validation
2020-04-03,2020-04-06,23.61975403181723,4.614150262063152,Calibrated-Hybrid-LogTarget-Small-affine_nonnegative,validation
2020-04-06,2020-04-07,1.7959977540981795,4.777446961923384,Calibrated-Hybrid-LogTarget-Small-affine_nonnegative,validation
2020-04-07,2020-04-08,0.031670113685362,2.5889616915231644,Calibrated-Hybrid-LogTarget-Small-affine_nonnegative,validation
2020-04-08,2020-04-09,2.664349091269905,1.9038400241438065,Calibrated-Hybrid-LogTarget-Small-affine_nonnegative,validation
2020-04-09,2020-04-10,0.0991193599969613,2.0128748854423253,Calibrated-Hybrid-LogTarget-Small-affine_nonnegative,validation
2020-04-10,2020-04-13,1.0616734405284087,2.149794188285518,Calibrated-Hybrid-LogTarget-Small-affine_nonnegative,validation
2020-04-13,2020-04-14,0.044657326796299,1.8329016506541527,Calibrated-Hybrid-LogTarget-Small-affine_nonnegative,validation
2020-04-14,2020-04-15,1.6134694756828007,1.5110710275718215,Calibrated-Hybrid-LogTarget-Small-affine_nonnegative,validation
2020-04-15,2020-04-16,0.1995857905304535,1.4459246430720931,Calibrated-Hybrid-LogTarget-Small-affine_nonnegative,validation
2020-04-16,2020-04-17,1.2849435357813008,1.2044250274553667,Calibrated-Hybrid-LogTarget-Small-affine_nonnegative,validation
2020-04-17,2020-04-20,0.4593979249949131,1.157876134051185,Calibrated-Hybrid-LogTarget-Small-affine_nonnegative,validation
2020-04-20,2020-04-21,12.978873344019766,1.0594489201959854,Calibrated-Hybrid-LogTarget-Small-affine_nonnegative,validation
2020-04-21,2020-04-22,0.0733737116381983,2.905951271899378,Calibrated-Hybrid-LogTarget-Small-affine_nonnegative,validation
2020-04-22,2020-04-23,0.4184349588364568,2.147398470625829,Calibrated-Hybrid-LogTarget-Small-affine_nonnegative,validation
2020-04-23,2020-04-24,0.1258182196300893,2.1579721619456933,Calibrated-Hybrid-LogTarget-Small-affine_nonnegative,validation
2020-04-24,2020-04-27,0.5795257679139346,1.936552958766841,Calibrated-Hybrid-LogTarget-Small-affine_nonnegative,validation
2020-04-27,2020-04-28,0.2143187476000118,1.8518234165562926,Calibrated-Hybrid-LogTarget-Small-affine_nonnegative,validation
2020-04-28,2020-04-29,0.0611792667418572,1.6178735033071705,Calibrated-Hybrid-LogTarget-Small-affine_nonnegative,validation
2020-04-29,2020-05-04,0.7518344451734201,1.5100371916041428,Calibrated-Hybrid-LogTarget-Small-affine_nonnegative,validation
2020-05-04,2020-05-05,0.0490191944837796,1.7492794687798139,Calibrated-Hybrid-LogTarget-Small-affine_nonnegative,validation
2020-05-05,2020-05-06,5.6795185291388,1.494102498140163,Calibrated-Hybrid-LogTarget-Small-affine_nonnegative,validation
2020-05-06,2020-05-07,3.121729248484887,2.055276169773231,Calibrated-Hybrid-LogTarget-Small-affine_nonnegative,validation
2020-05-07,2020-05-08,4.558766386917776,1.6115587345300464,Calibrated-Hybrid-LogTarget-Small-affine_nonnegative,validation
2020-05-08,2020-05-11,3.1623544686065705,1.5618938412039785,Calibrated-Hybrid-LogTarget-Small-affine_nonnegative,validation
2020-05-11,2020-05-12,0.7061476617266061,1.41821122571424,Calibrated-Hybrid-LogTarget-Small-affine_nonnegative,validation
2020-05-12,2020-05-13,0.0176814396147646,1.2824644702561885,Calibrated-Hybrid-LogTarget-Small-affine_nonnegative,validation
2020-05-13,2020-05-14,0.0471790852184788,1.3225659516648645,Calibrated-Hybrid-LogTarget-Small-affine_nonnegative,validation
2020-05-14,2020-05-15,0.4188839500568042,1.3956528997851503,Calibrated-Hybrid-LogTarget-Small-affine_nonnegative,validation
2020-05-15,2020-05-18,1.4388117144550177,1.5812934445274636,Calibrated-Hybrid-LogTarget-Small-affine_nonnegative,validation
2020-05-18,2020-05-19,1.1212214832868546,1.5523997939528345,Calibrated-Hybrid-LogTarget-Small-affine_nonnegative,validation
2020-05-19,2020-05-20,0.6772038230630518,1.4289713510958342,Calibrated-Hybrid-LogTarget-Small-affine_nonnegative,validation
2020-05-20,2020-05-21,1.3105093570623978,1.244252400708191,Calibrated-Hybrid-LogTarget-Small-affine_nonnegative,validation
2020-05-21,2020-05-22,1.3565460202551032,1.2434572719865826,Calibrated-Hybrid-LogTarget-Small-affine_nonnegative,validation
2020-05-22,2020-05-25,0.541812619677385,1.3496220851817196,Calibrated-Hybrid-LogTarget-Small-affine_nonnegative,validation
2020-05-25,2020-05-26,1.3635757531139376,1.2807746828029194,Calibrated-Hybrid-LogTarget-Small-affine_nonnegative,validation
2020-05-26,2020-05-27,1.8211114283606344,1.3103871653046646,Calibrated-Hybrid-LogTarget-Small-affine_nonnegative,validation
2020-05-27,2020-05-28,0.2069802660068541,1.6347966981000401,Calibrated-Hybrid-LogTarget-Small-affine_nonnegative,validation
2020-05-28,2020-05-29,0.1273946587706487,1.4937676567561193,Calibrated-Hybrid-LogTarget-Small-affine_nonnegative,validation
2020-05-29,2020-06-01,2.6545527294324818,1.4863868871931198,Calibrated-Hybrid-LogTarget-Small-affine_nonnegative,validation
2020-06-01,2020-06-02,0.1948438272852952,1.65001663202873,Calibrated-Hybrid-LogTarget-Small-affine_nonnegative,validation
2020-06-02,2020-06-03,0.526391032778092,1.5405853190731087,Calibrated-Hybrid-LogTarget-Small-affine_nonnegative,validation
2020-06-03,2020-06-04,0.0956890209261397,1.4091337515878568,Calibrated-Hybrid-LogTarget-Small-affine_nonnegative,validation
2020-06-04,2020-06-05,0.068711754863941,1.395591639183165,Calibrated-Hybrid-LogTarget-Small-affine_nonnegative,validation
2020-06-05,2020-06-08,2.3533534927844846,1.4423475361864253,Calibrated-Hybrid-LogTarget-Small-affine_nonnegative,validation
2020-06-08,2020-06-09,0.0029663396470081,1.5581862803917963,Calibrated-Hybrid-LogTarget-Small-affine_nonnegative,validation
2020-06-09,2020-06-10,0.0192877721914381,1.4084459809969512,Calibrated-Hybrid-LogTarget-Small-affine_nonnegative,validation
2020-06-10,2020-06-11,14.20113167350128,1.4525875535179993,Calibrated-Hybrid-LogTarget-Small-affine_nonnegative,validation
2020-06-11,2020-06-12,0.1978991573902568,3.746056617314232,Calibrated-Hybrid-LogTarget-Small-affine_nonnegative,validation
2020-06-12,2020-06-15,13.410151498832947,3.215648354475068,Calibrated-Hybrid-LogTarget-Small-affine_nonnegative,validation
2020-06-15,2020-06-16,7.854033490557961,6.375654184381944,Calibrated-Hybrid-LogTarget-Small-affine_nonnegative,validation
2020-06-16,2020-06-17,0.0390437911460607,5.586690551768238,Calibrated-Hybrid-LogTarget-Small-affine_nonnegative,validation
2020-06-17,2020-06-18,0.0094269529730988,4.134750787736035,Calibrated-Hybrid-LogTarget-Small-affine_nonnegative,validation
2020-06-18,2020-06-19,2.3775972708277777,3.61343685074896,Calibrated-Hybrid-LogTarget-Small-affine_nonnegative,validation
2020-06-19,2020-06-22,0.0977642075595444,3.6412086578933587,Calibrated-Hybrid-LogTarget-Small-affine_nonnegative,validation
2020-06-22,2020-06-23,0.1254074833473004,2.955396529408301,Calibrated-Hybrid-LogTarget-Small-affine_nonnegative,validation
2020-06-23,2020-06-24,0.9656953175585764,2.814829743173195,Calibrated-Hybrid-LogTarget-Small-affine_nonnegative,validation
2020-06-24,2020-06-25,0.3568032861992914,2.971408995107024,Calibrated-Hybrid-LogTarget-Small-affine_nonnegative,validation
2020-06-25,2020-06-26,0.0935607015251472,2.8808116382995173,Calibrated-Hybrid-LogTarget-Small-affine_nonnegative,validation
2020-06-26,2020-06-29,7.240799310682349,2.6783920510016292,Calibrated-Hybrid-LogTarget-Small-affine_nonnegative,validation
2020-06-29,2020-06-30,0.263950183757359,4.469091867778366,Calibrated-Hybrid-LogTarget-Small-affine_nonnegative,validation
2020-06-30,2020-07-01,4.853797558668691,3.3976843240629684,Calibrated-Hybrid-LogTarget-Small-affine_nonnegative,validation
2020-07-01,2020-07-02,0.0173403520116891,3.5428382492016155,Calibrated-Hybrid-LogTarget-Small-affine_nonnegative,validation
2020-07-02,2020-07-03,0.3830874038106421,2.515408548823432,Calibrated-Hybrid-LogTarget-Small-affine_nonnegative,validation
2020-07-03,2020-07-06,2.515298700046254,2.152212420937502,Calibrated-Hybrid-LogTarget-Small-affine_nonnegative,validation
2020-07-06,2020-07-07,0.0686927141453309,1.9022395418733833,Calibrated-Hybrid-LogTarget-Small-affine_nonnegative,validation
2020-07-07,2020-07-08,0.0156264509294999,1.6580144322631447,Calibrated-Hybrid-LogTarget-Small-affine_nonnegative,validation
2020-07-08,2020-07-09,1.8878106377661732,1.3914719655124899,Calibrated-Hybrid-LogTarget-Small-affine_nonnegative,validation
2020-07-09,2020-07-10,0.3609627180509834,1.436505622413584,Calibrated-Hybrid-LogTarget-Small-affine_nonnegative,validation
2020-07-10,2020-07-13,0.0819210906952639,1.423945669049059,Calibrated-Hybrid-LogTarget-Small-affine_nonnegative,validation
2020-07-13,2020-07-14,0.0049340673468667,1.3348087766922436,Calibrated-Hybrid-LogTarget-Small-affine_nonnegative,validation
2020-07-14,2020-07-15,0.0429038013029008,1.310104019656837,Calibrated-Hybrid-LogTarget-Small-affine_nonnegative,validation
2020-07-15,2020-07-16,0.6277983835430785,1.273155207909897,Calibrated-Hybrid-LogTarget-Small-affine_nonnegative,validation
2020-07-16,2020-07-17,0.3025848721746239,1.1281969925337225,Calibrated-Hybrid-LogTarget-Small-affine_nonnegative,validation
2020-07-17,2020-07-20,1.5014548821169582,1.0790315183518342,Calibrated-Hybrid-LogTarget-Small-affine_nonnegative,validation
2020-07-20,2020-07-21,0.0011330265098316,1.3583050785967987,Calibrated-Hybrid-LogTarget-Small-affine_nonnegative,validation
2020-07-21,2020-07-22,0.5929839946327068,1.3147672403859558,Calibrated-Hybrid-LogTarget-Small-affine_nonnegative,validation
2020-07-22,2020-07-23,0.0380690415470228,1.5043882093410796,Calibrated-Hybrid-LogTarget-Small-affine_nonnegative,validation
2020-07-23,2020-07-24,10.714506391324338,1.3492946355613171,Calibrated-Hybrid-LogTarget-Small-affine_nonnegative,validation
2020-07-24,2020-07-27,29.71654662116303,3.24179845933116,Calibrated-Hybrid-LogTarget-Small-affine_nonnegative,validation
2020-07-27,2020-07-28,12.442241141417854,8.94641307352258,Calibrated-Hybrid-LogTarget-Small-affine_nonnegative,validation
2020-07-28,2020-07-29,7.88382185098053,6.94035537472144,Calibrated-Hybrid-LogTarget-Small-affine_nonnegative,validation
2020-07-29,2020-07-30,1.6712179001127756,8.167464032300126,Calibrated-Hybrid-LogTarget-Small-affine_nonnegative,validation
2020-07-30,2020-07-31,0.1173768950572407,5.321970332161627,Calibrated-Hybrid-LogTarget-Small-affine_nonnegative,validation
2020-07-31,2020-08-03,4.064809725455425,4.604363909666212,Calibrated-Hybrid-LogTarget-Small-affine_nonnegative,validation
2020-08-03,2020-08-04,2.475940854259596,4.78300257458949,Calibrated-Hybrid-LogTarget-Small-affine_nonnegative,validation
2020-08-04,2020-08-05,1.5093873640970836,3.8194422572099525,Calibrated-Hybrid-LogTarget-Small-affine_nonnegative,validation
2020-08-05,2020-08-06,0.0712944062273411,2.758431259020568,Calibrated-Hybrid-LogTarget-Small-affine_nonnegative,validation
2020-08-06,2020-08-07,0.0285261487999524,2.053382754901517,Calibrated-Hybrid-LogTarget-Small-affine_nonnegative,validation
2020-08-07,2020-08-10,0.0426711422269859,1.870738762591952,Calibrated-Hybrid-LogTarget-Small-affine_nonnegative,validation
2020-08-10,2020-08-11,0.0002025643928529,1.6942378387958656,Calibrated-Hybrid-LogTarget-Small-affine_nonnegative,validation
2020-08-11,2020-08-12,0.2065144883305979,1.4547817021765508,Calibrated-Hybrid-LogTarget-Small-affine_nonnegative,validation
2020-08-12,2020-08-13,0.9127332835843408,1.2102691828830556,Calibrated-Hybrid-LogTarget-Small-affine_nonnegative,validation
2020-08-13,2020-08-14,0.255367280706292,1.0912451699047756,Calibrated-Hybrid-LogTarget-Small-affine_nonnegative,validation
2020-08-14,2020-08-17,0.0048129527023226,1.088818354024269,Calibrated-Hybrid-LogTarget-Small-affine_nonnegative,validation
2020-08-17,2020-08-18,0.1923085427612989,1.0271846735955856,Calibrated-Hybrid-LogTarget-Small-affine_nonnegative,validation
2020-08-18,2020-08-19,0.3171223716823505,1.0257078712797516,Calibrated-Hybrid-LogTarget-Small-affine_nonnegative,validation
2020-08-19,2020-08-20,0.1246527755214606,1.0570416736944426,Calibrated-Hybrid-LogTarget-Small-affine_nonnegative,validation
2020-08-20,2020-08-21,0.5953479247893214,1.0225611468331484,Calibrated-Hybrid-LogTarget-Small-affine_nonnegative,validation
2020-08-21,2020-08-24,2.601992310993434,1.0226650842324692,Calibrated-Hybrid-LogTarget-Small-affine_nonnegative,validation
2020-08-24,2020-08-25,0.3897315001367304,1.0524769712164221,Calibrated-Hybrid-LogTarget-Small-affine_nonnegative,validation
2020-08-25,2020-08-26,0.0055335984725061,1.001425622461257,Calibrated-Hybrid-LogTarget-Small-affine_nonnegative,validation
2020-08-26,2020-08-27,0.0201247832938772,1.0189954054874621,Calibrated-Hybrid-LogTarget-Small-affine_nonnegative,validation
2020-08-27,2020-08-28,0.2371438175251532,1.019473204305639,Calibrated-Hybrid-LogTarget-Small-affine_nonnegative,validation
2020-08-28,2020-08-31,0.0919913483576587,1.0390921087662053,Calibrated-Hybrid-LogTarget-Small-affine_nonnegative,validation
2020-08-31,2020-09-01,1.2923697898915891,1.0282498713159227,Calibrated-Hybrid-LogTarget-Small-affine_nonnegative,validation
2020-09-01,2020-09-03,1.8585263119302429,1.0336561020339983,Calibrated-Hybrid-LogTarget-Small-affine_nonnegative,validation
2020-09-03,2020-09-04,0.0724558184717704,1.019826321303292,Calibrated-Hybrid-LogTarget-Small-affine_nonnegative,validation
2020-09-04,2020-09-07,2.20557465755946,0.9971275792477006,Calibrated-Hybrid-LogTarget-Small-affine_nonnegative,validation
2020-09-07,2020-09-08,0.045178302752493,1.2740477176490783,Calibrated-Hybrid-LogTarget-Small-affine_nonnegative,validation
2020-09-08,2020-09-09,0.0084939812398233,1.220430989096652,Calibrated-Hybrid-LogTarget-Small-affine_nonnegative,validation
2020-09-09,2020-09-10,0.003162773705203,1.2950076579903191,Calibrated-Hybrid-LogTarget-Small-affine_nonnegative,validation
2020-09-10,2020-09-11,0.0002847617108647,1.2915714548361077,Calibrated-Hybrid-LogTarget-Small-affine_nonnegative,validation
2020-09-11,2020-09-14,0.3943421427943259,1.2077034009591046,Calibrated-Hybrid-LogTarget-Small-affine_nonnegative,validation
2020-09-14,2020-09-15,0.0356225443834294,1.193791086004886,Calibrated-Hybrid-LogTarget-Small-affine_nonnegative,validation
2020-09-15,2020-09-16,0.0182018998394976,1.146005162562102,Calibrated-Hybrid-LogTarget-Small-affine_nonnegative,validation
2020-09-16,2020-09-17,0.1466259433788813,1.0605864098802222,Calibrated-Hybrid-LogTarget-Small-affine_nonnegative,validation
2020-09-17,2020-09-18,0.5927837774192054,1.098901098897159,Calibrated-Hybrid-LogTarget-Small-affine_nonnegative,validation
2020-09-18,2020-09-21,0.5973025247310948,1.0450547261541692,Calibrated-Hybrid-LogTarget-Small-affine_nonnegative,validation
2020-09-21,2020-09-22,0.0372219865301334,0.9981352844247524,Calibrated-Hybrid-LogTarget-Small-affine_nonnegative,validation
2020-09-22,2020-09-23,0.4815094749114654,0.988063879411015,Calibrated-Hybrid-LogTarget-Small-affine_nonnegative,validation
2020-09-23,2020-09-24,0.1853426709964717,0.9650640779662616,Calibrated-Hybrid-LogTarget-Small-affine_nonnegative,validation
2020-09-24,2020-09-25,0.0011645154128207,1.0012319246516417,Calibrated-Hybrid-LogTarget-Small-affine_nonnegative,validation
2020-09-25,2020-09-28,0.2158897933071618,0.981385080835782,Calibrated-Hybrid-LogTarget-Small-affine_nonnegative,validation
2020-09-28,2020-09-29,0.8800033176965605,1.0056320637056795,Calibrated-Hybrid-LogTarget-Small-affine_nonnegative,validation
2020-09-29,2020-09-30,0.0184885133347586,1.155105471405183,Calibrated-Hybrid-LogTarget-Small-affine_nonnegative,validation
2020-09-30,2020-10-01,0.9529808677190772,1.063400175956132,Calibrated-Hybrid-LogTarget-Small-affine_nonnegative,validation
2020-10-01,2020-10-02,0.2100701799336074,1.0909524108132123,Calibrated-Hybrid-LogTarget-Small-affine_nonnegative,validation
2020-10-02,2020-10-05,0.2733808865752189,1.1951147110700548,Calibrated-Hybrid-LogTarget-Small-affine_nonnegative,validation
2020-10-05,2020-10-06,0.0117020561613317,1.1787018509867466,Calibrated-Hybrid-LogTarget-Small-affine_nonnegative,validation
2020-10-06,2020-10-07,0.194766708657986,1.2111989002901566,Calibrated-Hybrid-LogTarget-Small-affine_nonnegative,validation
2020-10-07,2020-10-08,0.0091636773062023,1.2597058773368637,Calibrated-Hybrid-LogTarget-Small-affine_nonnegative,validation
2020-10-08,2020-10-09,0.3136074736535195,1.2330451936741456,Calibrated-Hybrid-LogTarget-Small-affine_nonnegative,validation
2020-10-09,2020-10-12,0.039147029875858,1.17070032255802,Calibrated-Hybrid-LogTarget-Small-affine_nonnegative,validation
2020-10-12,2020-10-13,0.1886516440368795,1.1308664205466537,Calibrated-Hybrid-LogTarget-Small-affine_nonnegative,validation
2020-10-13,2020-10-14,1.2182219245675234,1.0574517229873326,Calibrated-Hybrid-LogTarget-Small-affine_nonnegative,validation
2020-10-14,2020-10-15,0.0750977601457549,1.0434327837780604,Calibrated-Hybrid-LogTarget-Small-affine_nonnegative,validation
2020-10-15,2020-10-16,0.0032789630718449,1.0117053372410536,Calibrated-Hybrid-LogTarget-Small-affine_nonnegative,validation
2020-10-16,2020-10-19,0.0017086378411738,0.9831355317597497,Calibrated-Hybrid-LogTarget-Small-affine_nonnegative,validation
2020-10-19,2020-10-20,0.0059793113747856,0.9677831349186272,Calibrated-Hybrid-LogTarget-Small-affine_nonnegative,validation
2020-10-20,2020-10-21,0.3275908040251104,0.9814955083192918,Calibrated-Hybrid-LogTarget-Small-affine_nonnegative,validation
2020-10-21,2020-10-22,1.3246371755092925,1.037269384538075,Calibrated-Hybrid-LogTarget-Small-affine_nonnegative,validation
2020-10-22,2020-10-23,1.4132948922636843,1.0330267574626215,Calibrated-Hybrid-LogTarget-Small-affine_nonnegative,validation
2020-10-23,2020-10-26,1.1970960361828058,1.0325526218207213,Calibrated-Hybrid-LogTarget-Small-affine_nonnegative,validation
2020-10-26,2020-10-27,0.2083430476879338,1.13673554678581,Calibrated-Hybrid-LogTarget-Small-affine_nonnegative,validation
2020-10-27,2020-10-28,7.411979475736142,1.1765385171026834,Calibrated-Hybrid-LogTarget-Small-affine_nonnegative,validation
2020-10-28,2020-10-29,0.0458453997519621,2.305511036536439,Calibrated-Hybrid-LogTarget-Small-affine_nonnegative,validation
2020-10-29,2020-10-30,0.4800476169952387,2.115155778732932,Calibrated-Hybrid-LogTarget-Small-affine_nonnegative,validation
2020-10-30,2020-11-02,0.7800511650758589,2.168054795121062,Calibrated-Hybrid-LogTarget-Small-affine_nonnegative,validation
2020-11-02,2020-11-03,0.0342682571944602,2.0615291584605666,Calibrated-Hybrid-LogTarget-Small-affine_nonnegative,validation
2020-11-03,2020-11-04,0.2152577372300542,1.7015811078479153,Calibrated-Hybrid-LogTarget-Small-affine_nonnegative,validation
2020-11-04,2020-11-05,0.045844571767648,1.613414905794822,Calibrated-Hybrid-LogTarget-Small-affine_nonnegative,validation
2020-11-05,2020-11-06,0.003314082741207,1.452031353851909,Calibrated-Hybrid-LogTarget-Small-affine_nonnegative,validation
2020-11-06,2020-11-09,2.10118385761475,1.391819949139201,Calibrated-Hybrid-LogTarget-Small-affine_nonnegative,validation
2020-11-09,2020-11-10,8.938431274224163e-05,1.569086543530333,Calibrated-Hybrid-LogTarget-Small-affine_nonnegative,validation
2020-11-10,2020-11-11,0.0011297213251294,1.3841818909703527,Calibrated-Hybrid-LogTarget-Small-affine_nonnegative,validation
2020-11-11,2020-11-12,0.5456632914405392,1.205151206258414,Calibrated-Hybrid-LogTarget-Small-affine_nonnegative,validation
2020-11-12,2020-11-13,0.5301286092359084,1.1738919082580213,Calibrated-Hybrid-LogTarget-Small-affine_nonnegative,validation
2020-11-13,2020-11-16,2.614940684665197,1.1787566972284858,Calibrated-Hybrid-LogTarget-Small-affine_nonnegative,validation
2020-11-16,2020-11-17,3.5600857195920512,1.4710454930932506,Calibrated-Hybrid-LogTarget-Small-affine_nonnegative,validation
2020-11-17,2020-11-18,0.2272651607739751,1.6218021237189246,Calibrated-Hybrid-LogTarget-Small-affine_nonnegative,validation
2020-11-18,2020-11-19,0.9890184423772188,1.4180946926509996,Calibrated-Hybrid-LogTarget-Small-affine_nonnegative,validation
2020-11-19,2020-11-20,0.4666750014882298,1.4571377662793343,Calibrated-Hybrid-LogTarget-Small-affine_nonnegative,validation
2020-11-20,2020-11-23,0.1783704119345972,1.3392655309157202,Calibrated-Hybrid-LogTarget-Small-affine_nonnegative,validation
2020-11-23,2020-11-24,0.0248986125796567,1.2688620693691124,Calibrated-Hybrid-LogTarget-Small-affine_nonnegative,validation
2020-11-24,2020-11-25,0.1754782563587062,1.2656351664257255,Calibrated-Hybrid-LogTarget-Small-affine_nonnegative,validation
2020-11-25,2020-11-26,0.3614717362335366,1.2301859770742596,Calibrated-Hybrid-LogTarget-Small-affine_nonnegative,validation
2020-11-26,2020-11-27,0.1777363368777613,1.2139326061623952,Calibrated-Hybrid-LogTarget-Small-affine_nonnegative,validation
2020-11-27,2020-11-30,0.50308697006867,1.162186734443949,Calibrated-Hybrid-LogTarget-Small-affine_nonnegative,validation
2020-11-30,2020-12-01,0.331272320082079,1.2148268878771518,Calibrated-Hybrid-LogTarget-Small-affine_nonnegative,validation
2020-12-01,2020-12-02,0.2902563684716866,1.2438149801823275,Calibrated-Hybrid-LogTarget-Small-affine_nonnegative,validation
2020-12-02,2020-12-03,0.290315397256232,1.2028571696509334,Calibrated-Hybrid-LogTarget-Small-affine_nonnegative,validation
2020-12-03,2020-12-04,0.0274172683613022,1.2014262297577794,Calibrated-Hybrid-LogTarget-Small-affine_nonnegative,validation
2020-12-04,2020-12-07,0.6850937253628709,1.1839435941278937,Calibrated-Hybrid-LogTarget-Small-affine_nonnegative,validation
2020-12-07,2020-12-08,0.0048900250994697,1.1800051901748776,Calibrated-Hybrid-LogTarget-Small-affine_nonnegative,validation
2020-12-08,2020-12-09,0.9108272820038537,1.1566881186424125,Calibrated-Hybrid-LogTarget-Small-affine_nonnegative,validation
2020-12-09,2020-12-10,0.6307404981430905,1.2288176522854721,Calibrated-Hybrid-LogTarget-Small-affine_nonnegative,validation
2020-12-10,2020-12-11,2.1005332911557746,1.2766231969415023,Calibrated-Hybrid-LogTarget-Small-affine_nonnegative,validation
2020-12-11,2020-12-14,2.953190631516623,1.2573409141624705,Calibrated-Hybrid-LogTarget-Small-affine_nonnegative,validation
2020-12-14,2020-12-15,0.6927758012586854,1.3070430965173023,Calibrated-Hybrid-LogTarget-Small-affine_nonnegative,validation
2020-12-15,2020-12-16,1.2199074044400842,1.38547092036153,Calibrated-Hybrid-LogTarget-Small-affine_nonnegative,validation
2020-12-16,2020-12-17,2.0641473967885817,1.3956250536685968,Calibrated-Hybrid-LogTarget-Small-affine_nonnegative,validation
2020-12-17,2020-12-18,2.192631063716555,1.6608576303888958,Calibrated-Hybrid-LogTarget-Small-affine_nonnegative,validation
2020-12-18,2020-12-21,1.6074554836667916,1.775008548083644,Calibrated-Hybrid-LogTarget-Small-affine_nonnegative,validation
2020-12-21,2020-12-22,0.0479545490733483,1.770061113500342,Calibrated-Hybrid-LogTarget-Small-affine_nonnegative,validation
2020-12-22,2020-12-23,0.1771055150673424,1.6143770044241332,Calibrated-Hybrid-LogTarget-Small-affine_nonnegative,validation
2020-12-23,2020-12-24,1.124406225180995,1.6678472953099015,Calibrated-Hybrid-LogTarget-Small-affine_nonnegative,validation
2020-12-24,2020-12-25,2.4671237918391133,1.8136894339454164,Calibrated-Hybrid-LogTarget-Small-affine_nonnegative,validation
2020-12-25,2020-12-28,0.4034604996523059,1.9189979737999865,Calibrated-Hybrid-LogTarget-Small-affine_nonnegative,validation
2020-12-28,2020-12-29,0.5549207078341868,1.7271967611810195,Calibrated-Hybrid-LogTarget-Small-affine_nonnegative,validation
2020-12-29,2020-12-30,0.0315106576863239,1.577237941215558,Calibrated-Hybrid-LogTarget-Small-affine_nonnegative,validation
2020-12-30,2020-12-31,0.3307256931476,1.4458076955896886,Calibrated-Hybrid-LogTarget-Small-affine_nonnegative,validation
2020-12-31,2021-01-04,2.2278705339723945,1.3536762868603385,Calibrated-Hybrid-LogTarget-Small-affine_nonnegative,validation
2021-01-04,2021-01-05,1.1499318142027897,1.6652640989711807,Calibrated-Hybrid-LogTarget-Small-affine_nonnegative,validation
2021-01-05,2021-01-06,0.8776630886951989,1.553860270187112,Calibrated-Hybrid-LogTarget-Small-affine_nonnegative,validation
2021-01-06,2021-01-07,1.3339004712332734,1.4600418063355651,Calibrated-Hybrid-LogTarget-Small-affine_nonnegative,validation
2021-01-07,2021-01-08,0.9288877612518626,1.4140365220988103,Calibrated-Hybrid-LogTarget-Small-affine_nonnegative,validation
2021-01-08,2021-01-11,2.138176540768584,1.3672535712472809,Calibrated-Hybrid-LogTarget-Small-affine_nonnegative,validation
2021-01-11,2021-01-12,0.3865727035398198,1.4026660903554609,Calibrated-Hybrid-LogTarget-Small-affine_nonnegative,validation
2021-01-12,2021-01-13,0.2744693433035448,1.246712565687587,Calibrated-Hybrid-LogTarget-Small-affine_nonnegative,validation
2021-01-13,2021-01-14,0.0129409883939506,1.3502817977642982,Calibrated-Hybrid-LogTarget-Small-affine_nonnegative,validation
2021-01-14,2021-01-15,0.3260937940923989,1.3924274911849217,Calibrated-Hybrid-LogTarget-Small-affine_nonnegative,validation
2021-01-15,2021-01-18,0.0358827142959493,1.485405024165524,Calibrated-Hybrid-LogTarget-Small-affine_nonnegative,validation
2021-01-18,2021-01-19,27.541540391562137,1.3896419191557428,Calibrated-Hybrid-LogTarget-Small-affine_nonnegative,validation
2021-01-19,2021-01-20,0.1055259451193829,3.968728837218092,Calibrated-Hybrid-LogTarget-Small-affine_nonnegative,validation
2021-01-20,2021-01-21,6.600825920548621,2.7163965294138452,Calibrated-Hybrid-LogTarget-Small-affine_nonnegative,validation
2021-01-21,2021-01-22,0.0486234498742934,3.054707181015685,Calibrated-Hybrid-LogTarget-Small-affine_nonnegative,validation
2021-01-22,2021-01-25,0.003916873597976,2.3355533984854127,Calibrated-Hybrid-LogTarget-Small-affine_nonnegative,validation
2021-01-25,2021-01-26,6.76157056018748,1.9831098266178526,Calibrated-Hybrid-LogTarget-Small-affine_nonnegative,validation
2021-01-26,2021-01-27,12.16950048366727,2.840346745324071,Calibrated-Hybrid-LogTarget-Small-affine_nonnegative,validation
2021-01-27,2021-01-28,47.71522267260341,4.510408611458545,Calibrated-Hybrid-LogTarget-Small-affine_nonnegative,validation
2021-01-28,2021-01-29,9.864460610625494,9.085466517856636,Calibrated-Hybrid-LogTarget-Small-affine_nonnegative,validation
2021-01-29,2021-02-01,4.068938921704016,5.4881216665554335,Calibrated-Hybrid-LogTarget-Small-affine_nonnegative,validation
2021-02-01,2021-02-02,14.37888811066259,5.876042323878215,Calibrated-Hybrid-LogTarget-Small-affine_nonnegative,validation
2021-02-02,2021-02-03,10.698092971323405,5.915993780540963,Calibrated-Hybrid-LogTarget-Small-affine_nonnegative,validation
2021-02-03,2021-02-04,0.006553579964635,5.384479274710753,Calibrated-Hybrid-LogTarget-Small-affine_nonnegative,validation
2021-02-04,2021-02-05,1.728785632859906,3.122602882489579,Calibrated-Hybrid-LogTarget-Small-affine_nonnegative,validation
2021-02-05,2021-02-08,15.664350744194984,2.6657295102862553,Calibrated-Hybrid-LogTarget-Small-affine_nonnegative,validation
2021-02-08,2021-02-09,8.346588799606792,4.888962609875586,Calibrated-Hybrid-LogTarget-Small-affine_nonnegative,validation
2021-02-09,2021-02-17,12.948351612917367,4.234388184103833,Calibrated-Hybrid-LogTarget-Small-affine_nonnegative,validation
2021-02-17,2021-02-18,2.5487828873734144,4.386108463813292,Calibrated-Hybrid-LogTarget-Small-affine_nonnegative,validation
2021-02-18,2021-02-19,0.0056191882730801,2.9520644813745247,Calibrated-Hybrid-LogTarget-Small-affine_nonnegative,validation
2021-02-19,2021-02-22,0.0171990965562516,2.2916095683123467,Calibrated-Hybrid-LogTarget-Small-affine_nonnegative,validation
2021-02-22,2021-02-23,0.04885188428266,2.1031517929582106,Calibrated-Hybrid-LogTarget-Small-affine_nonnegative,validation
2021-02-23,2021-02-24,1.7852090551538884,2.1247686901764826,Calibrated-Hybrid-LogTarget-Small-affine_nonnegative,validation
2021-02-24,2021-02-25,0.0863685922010339,2.266715255891201,Calibrated-Hybrid-LogTarget-Small-affine_nonnegative,validation
2021-02-25,2021-02-26,0.0678645793866586,2.020804120058223,Calibrated-Hybrid-LogTarget-Small-affine_nonnegative,validation
2021-02-26,2021-03-01,2.260340412751501,1.9921565586293812,Calibrated-Hybrid-LogTarget-Small-affine_nonnegative,validation
2021-03-01,2021-03-02,0.0013754677373442,1.9809982872269625,Calibrated-Hybrid-LogTarget-Small-affine_nonnegative,validation
2021-03-02,2021-03-03,0.0008207623047958,1.627854719025284,Calibrated-Hybrid-LogTarget-Small-affine_nonnegative,validation
2021-03-03,2021-03-04,2.448912301147324,1.526153974721294,Calibrated-Hybrid-LogTarget-Small-affine_nonnegative,validation
2021-03-04,2021-03-05,0.0002116227550263,1.8576576497592308,Calibrated-Hybrid-LogTarget-Small-affine_nonnegative,validation
2021-03-05,2021-03-08,0.001291980692468,1.8062274268651484,Calibrated-Hybrid-LogTarget-Small-affine_nonnegative,validation
2021-03-08,2021-03-09,0.2923761214947155,1.8110168941885094,Calibrated-Hybrid-LogTarget-Small-affine_nonnegative,validation
2021-03-09,2021-03-10,0.4837594769954144,1.7032973584604791,Calibrated-Hybrid-LogTarget-Small-affine_nonnegative,validation
2021-03-10,2021-03-11,0.9815546422643948,1.5728111883494367,Calibrated-Hybrid-LogTarget-Small-affine_nonnegative,validation
2021-03-11,2021-03-12,0.0002069778164541,1.51996377065629,Calibrated-Hybrid-LogTarget-Small-affine_nonnegative,validation
2021-03-12,2021-03-15,0.0643027332166397,1.3580753019127492,Calibrated-Hybrid-LogTarget-Small-affine_nonnegative,validation
2021-03-15,2021-03-16,0.1553706585632092,1.356770546785529,Calibrated-Hybrid-LogTarget-Small-affine_nonnegative,validation
2021-03-16,2021-03-17,0.2737899242910557,1.3694927940649628,Calibrated-Hybrid-LogTarget-Small-affine_nonnegative,validation
2021-03-17,2021-03-18,1.5481332912326575,1.4516108159061418,Calibrated-Hybrid-LogTarget-Small-affine_nonnegative,validation
2021-03-18,2021-03-19,0.3310498706600423,1.3720222593143039,Calibrated-Hybrid-LogTarget-Small-affine_nonnegative,validation
2021-03-19,2021-03-22,0.0010124742198036,1.2517274026960654,Calibrated-Hybrid-LogTarget-Small-affine_nonnegative,validation
2021-03-22,2021-03-23,0.8528859825364001,1.2619351661034344,Calibrated-Hybrid-LogTarget-Small-affine_nonnegative,validation
2021-03-23,2021-03-24,3.405784484981233,1.4202687518615857,Calibrated-Hybrid-LogTarget-Small-affine_nonnegative,validation
2021-03-24,2021-03-25,0.012314795662716,1.810302400608565,Calibrated-Hybrid-LogTarget-Small-affine_nonnegative,validation
2021-03-25,2021-03-26,0.0058597397555957,1.6275506099212393,Calibrated-Hybrid-LogTarget-Small-affine_nonnegative,validation
2021-03-26,2021-03-29,1.3278733275984689,1.5812818993121893,Calibrated-Hybrid-LogTarget-Small-affine_nonnegative,validation
2021-03-29,2021-03-30,0.8177751702540456,1.6662047157803614,Calibrated-Hybrid-LogTarget-Small-affine_nonnegative,validation
2021-03-30,2021-03-31,0.1825736474519551,1.6505835531745245,Calibrated-Hybrid-LogTarget-Small-affine_nonnegative,validation
2021-03-31,2021-04-01,4.196908399032827,1.5114222412300176,Calibrated-Hybrid-LogTarget-Small-affine_nonnegative,validation
2021-04-01,2021-04-02,0.4682318073785952,1.6459198833636959,Calibrated-Hybrid-LogTarget-Small-affine_nonnegative,validation
2021-04-02,2021-04-05,0.8890694068712227,1.3490643096018395,Calibrated-Hybrid-LogTarget-Small-affine_nonnegative,validation
2021-04-05,2021-04-06,0.0997492041629095,1.3471725229712705,Calibrated-Hybrid-LogTarget-Small-affine_nonnegative,validation
2021-04-06,2021-04-07,0.0380161793184628,1.2811685329041,Calibrated-Hybrid-LogTarget-Small-affine_nonnegative,validation
2021-04-07,2021-04-08,0.3656617949695199,1.2830687708482988,Calibrated-Hybrid-LogTarget-Small-affine_nonnegative,validation
2021-04-08,2021-04-09,0.0685939299115526,1.325739359599427,Calibrated-Hybrid-LogTarget-Small-affine_nonnegative,validation
2021-04-09,2021-04-12,2.801867566535839,1.3879291712236468,Calibrated-Hybrid-LogTarget-Small-affine_nonnegative,validation
2021-04-12,2021-04-13,0.1085685992002533,1.7825059444031228,Calibrated-Hybrid-LogTarget-Small-affine_nonnegative,validation
2021-04-13,2021-04-14,0.3626329687997453,1.7580921184765845,Calibrated-Hybrid-LogTarget-Small-affine_nonnegative,validation
2021-04-14,2021-04-15,0.4743671604836424,1.5998414281295659,Calibrated-Hybrid-LogTarget-Small-affine_nonnegative,validation
2021-04-15,2021-04-16,0.4720531246781877,1.47723377144081,Calibrated-Hybrid-LogTarget-Small-affine_nonnegative,validation
2021-04-16,2021-04-19,3.0629959648129166,1.7522108567674284,Calibrated-Hybrid-LogTarget-Small-affine_nonnegative,validation
2021-04-19,2021-04-20,0.3708468135979464,1.7816381005296933,Calibrated-Hybrid-LogTarget-Small-affine_nonnegative,validation
2021-04-20,2021-04-22,10.511479982603742,1.5472886776881023,Calibrated-Hybrid-LogTarget-Small-affine_nonnegative,validation
2021-04-22,2021-04-23,2.7977982020669034,2.099787489637853,Calibrated-Hybrid-LogTarget-Small-affine_nonnegative,validation
2021-04-23,2021-04-26,7.069875969155051,2.039503461078691,Calibrated-Hybrid-LogTarget-Small-affine_nonnegative,validation
2021-04-26,2021-04-27,0.1068177702515163,2.513366026779821,Calibrated-Hybrid-LogTarget-Small-affine_nonnegative,validation
2021-04-27,2021-04-28,0.6403727056381737,2.174916277714664,Calibrated-Hybrid-LogTarget-Small-affine_nonnegative,validation
2021-04-28,2021-04-29,0.6353802562532533,2.0645493748896837,Calibrated-Hybrid-LogTarget-Small-affine_nonnegative,validation
2021-04-29,2021-05-04,0.0512876666991909,1.803518797245897,Calibrated-Hybrid-LogTarget-Small-affine_nonnegative,validation
2021-05-04,2021-05-05,1.2974041483688885,1.6402834259597847,Calibrated-Hybrid-LogTarget-Small-affine_nonnegative,validation
2021-05-05,2021-05-06,0.2185486546328746,1.5458680630450274,Calibrated-Hybrid-LogTarget-Small-affine_nonnegative,validation
2021-05-06,2021-05-07,0.494132324659674,1.422469313795757,Calibrated-Hybrid-LogTarget-Small-affine_nonnegative,validation
2021-05-07,2021-05-10,2.018769062145057,1.5044846311342421,Calibrated-Hybrid-LogTarget-Small-affine_nonnegative,validation
2021-05-10,2021-05-11,0.0792094524228185,1.5465649179042362,Calibrated-Hybrid-LogTarget-Small-affine_nonnegative,validation
2021-05-11,2021-05-12,1.0683689670129952,1.3629860209866032,Calibrated-Hybrid-LogTarget-Small-affine_nonnegative,validation
2021-05-12,2021-05-13,0.3147510754643727,1.2696568364060152,Calibrated-Hybrid-LogTarget-Small-affine_nonnegative,validation
2021-05-13,2021-05-14,0.1194948927270032,1.1682040359283166,Calibrated-Hybrid-LogTarget-Small-affine_nonnegative,validation
2021-05-14,2021-05-17,0.3681093008020274,1.182997536067957,Calibrated-Hybrid-LogTarget-Small-affine_nonnegative,validation
2021-05-17,2021-05-18,0.2298422025837693,1.1846432336400772,Calibrated-Hybrid-LogTarget-Small-affine_nonnegative,validation
2021-05-18,2021-05-19,0.6085100033578476,1.1789369279000188,Calibrated-Hybrid-LogTarget-Small-affine_nonnegative,validation
2021-05-19,2021-05-20,1.5332689494683411,1.1810055738560274,Calibrated-Hybrid-LogTarget-Small-affine_nonnegative,validation
2021-05-20,2021-05-21,0.1986664550105345,1.2509545924643524,Calibrated-Hybrid-LogTarget-Small-affine_nonnegative,validation
2021-05-21,2021-05-24,1.1845107713600658,1.0577680515316523,Calibrated-Hybrid-LogTarget-Small-affine_nonnegative,validation
2021-05-24,2021-05-25,0.6615170731155926,1.0552166567439465,Calibrated-Hybrid-LogTarget-Small-affine_nonnegative,validation
2021-05-25,2021-05-26,0.3826692450882292,1.0285904172599236,Calibrated-Hybrid-LogTarget-Small-affine_nonnegative,validation
2021-05-26,2021-05-27,1.0043951904267852,1.0344247480495528,Calibrated-Hybrid-LogTarget-Small-affine_nonnegative,validation
2021-05-27,2021-05-28,1.65727162339538,1.0626458423609502,Calibrated-Hybrid-LogTarget-Small-affine_nonnegative,validation
2021-05-28,2021-05-31,0.3285055315434949,1.157253803886669,Calibrated-Hybrid-LogTarget-Small-affine_nonnegative,validation
2021-05-31,2021-06-01,0.5328741181290064,1.061245268881728,Calibrated-Hybrid-LogTarget-Small-affine_nonnegative,validation
2021-06-01,2021-06-02,0.0501764701325494,0.9976457671447823,Calibrated-Hybrid-LogTarget-Small-affine_nonnegative,validation
2021-06-02,2021-06-03,3.01900451692919,1.029986042655503,Calibrated-Hybrid-LogTarget-Small-affine_nonnegative,validation
2021-06-03,2021-06-04,0.5091916058927975,1.172616785475705,Calibrated-Hybrid-LogTarget-Small-affine_nonnegative,validation
2021-06-04,2021-06-07,1.2488833393722787,1.0949987043475025,Calibrated-Hybrid-LogTarget-Small-affine_nonnegative,validation
2021-06-07,2021-06-08,8.436942215340656,1.1194581603214258,Calibrated-Hybrid-LogTarget-Small-affine_nonnegative,validation
2021-06-08,2021-06-09,0.9635770887636846,1.607020671577679,Calibrated-Hybrid-LogTarget-Small-affine_nonnegative,validation
2021-06-09,2021-06-10,0.4923594509595709,1.7633566464001347,Calibrated-Hybrid-LogTarget-Small-affine_nonnegative,validation
2021-06-10,2021-06-11,4.4320627369374535,1.5281966352834597,Calibrated-Hybrid-LogTarget-Small-affine_nonnegative,validation
2021-06-11,2021-06-14,0.5411007585268014,1.7413679768987362,Calibrated-Hybrid-LogTarget-Small-affine_nonnegative,validation
2021-06-14,2021-06-15,0.1708389534964715,1.4319387311254839,Calibrated-Hybrid-LogTarget-Small-affine_nonnegative,validation
2021-06-15,2021-06-16,0.6335008462154236,1.2345438301908005,Calibrated-Hybrid-LogTarget-Small-affine_nonnegative,validation
2021-06-16,2021-06-17,0.0626639901398827,1.3066206728966658,Calibrated-Hybrid-LogTarget-Small-affine_nonnegative,validation
2021-06-17,2021-06-18,1.7005139602823875,1.4042711673053614,Calibrated-Hybrid-LogTarget-Small-affine_nonnegative,validation
2021-06-18,2021-06-21,0.1396997155457911,1.5616731840892344,Calibrated-Hybrid-LogTarget-Small-affine_nonnegative,validation
2021-06-21,2021-06-22,0.284425125779956,1.4056237796694078,Calibrated-Hybrid-LogTarget-Small-affine_nonnegative,validation
2021-06-22,2021-06-23,0.0505778800491605,1.2610153079388644,Calibrated-Hybrid-LogTarget-Small-affine_nonnegative,validation
2021-06-23,2021-06-24,0.042756846647676,1.1398464901301102,Calibrated-Hybrid-LogTarget-Small-affine_nonnegative,validation
2021-06-24,2021-06-25,0.5639250493998573,1.060919532320626,Calibrated-Hybrid-LogTarget-Small-affine_nonnegative,validation
2021-06-25,2021-06-28,1.2596863062253096,0.9972950289336793,Calibrated-Hybrid-LogTarget-Small-affine_nonnegative,validation
2021-06-28,2021-06-29,0.0902656153029111,1.0521273476853759,Calibrated-Hybrid-LogTarget-Small-affine_nonnegative,validation
2021-06-29,2021-06-30,0.0111781207193246,0.9784796785010843,Calibrated-Hybrid-LogTarget-Small-affine_nonnegative,validation
2021-06-30,2021-07-01,0.3645273399631648,0.9258697476151703,Calibrated-Hybrid-LogTarget-Small-affine_nonnegative,validation
2021-07-01,2021-07-02,0.0505610286336511,0.9780217157619528,Calibrated-Hybrid-LogTarget-Small-affine_nonnegative,validation
2021-07-02,2021-07-05,0.4168242183273023,0.9458937629857982,Calibrated-Hybrid-LogTarget-Small-affine_nonnegative,validation
2021-07-05,2021-07-06,16.601013312283214,0.991286894662258,Calibrated-Hybrid-LogTarget-Small-affine_nonnegative,validation
2021-07-06,2021-07-07,6.058281445881023,1.6689679224949,Calibrated-Hybrid-LogTarget-Small-affine_nonnegative,validation
2021-07-07,2021-07-08,1.0078273448945338,2.09505980302782,Calibrated-Hybrid-LogTarget-Small-affine_nonnegative,validation
2021-07-08,2021-07-09,4.095422426959989,1.6488146050502432,Calibrated-Hybrid-LogTarget-Small-affine_nonnegative,validation
2021-07-09,2021-07-12,14.799235172407151,1.9193915729312112,Calibrated-Hybrid-LogTarget-Small-affine_nonnegative,validation
2021-07-12,2021-07-13,0.009141491530764,2.487980680421332,Calibrated-Hybrid-LogTarget-Small-affine_nonnegative,validation
2021-07-13,2021-07-14,1.871533753406208,2.3888773438634843,Calibrated-Hybrid-LogTarget-Small-affine_nonnegative,validation
2021-07-14,2021-07-15,1.185182208099543,2.4361884778462652,Calibrated-Hybrid-LogTarget-Small-affine_nonnegative,validation
2021-07-15,2021-07-16,0.1728051567276786,2.241460835394496,Calibrated-Hybrid-LogTarget-Small-affine_nonnegative,validation
2021-07-16,2021-07-19,19.26799845022637,1.890489499628049,Calibrated-Hybrid-LogTarget-Small-affine_nonnegative,validation
2021-07-19,2021-07-20,5.600831490366748,3.8606950941323626,Calibrated-Hybrid-LogTarget-Small-affine_nonnegative,validation
2021-07-20,2021-07-21,0.0386259132356042,3.2128686703214964,Calibrated-Hybrid-LogTarget-Small-affine_nonnegative,validation
2021-07-21,2021-07-22,3.1842211341003503,2.7247555899555733,Calibrated-Hybrid-LogTarget-Small-affine_nonnegative,validation
2021-07-22,2021-07-23,3.75891611125588,2.739184778542965,Calibrated-Hybrid-LogTarget-Small-affine_nonnegative,validation
2021-07-23,2021-07-26,0.0932245335056029,2.4217590452248854,Calibrated-Hybrid-LogTarget-Small-affine_nonnegative,validation
2021-07-26,2021-07-27,0.1095791578755464,2.2068916868983797,Calibrated-Hybrid-LogTarget-Small-affine_nonnegative,validation
2021-07-27,2021-07-28,0.0001201916445908,1.9584374112795053,Calibrated-Hybrid-LogTarget-Small-affine_nonnegative,validation
2021-07-28,2021-07-29,1.6539600353625152,1.865830753661763,Calibrated-Hybrid-LogTarget-Small-affine_nonnegative,validation
2021-07-29,2021-07-30,1.5967544948591652,1.8017678432193915,Calibrated-Hybrid-LogTarget-Small-affine_nonnegative,validation
2021-07-30,2021-08-02,0.1009987039707803,1.540097965306991,Calibrated-Hybrid-LogTarget-Small-affine_nonnegative,validation
2021-08-02,2021-08-03,1.8957198194932552,1.270236230358105,Calibrated-Hybrid-LogTarget-Small-affine_nonnegative,validation
2021-08-03,2021-08-04,0.0297448118967559,1.2570945038454584,Calibrated-Hybrid-LogTarget-Small-affine_nonnegative,validation
2021-08-04,2021-08-05,0.6506576147304501,1.166810993409055,Calibrated-Hybrid-LogTarget-Small-affine_nonnegative,validation
2021-08-05,2021-08-06,0.0931307383293993,1.1818359187366885,Calibrated-Hybrid-LogTarget-Small-affine_nonnegative,validation
2021-08-06,2021-08-09,1.8579420490159877,1.1453050133799034,Calibrated-Hybrid-LogTarget-Small-affine_nonnegative,validation
2021-08-09,2021-08-10,0.0356498511082493,1.1807478533864457,Calibrated-Hybrid-LogTarget-Small-affine_nonnegative,validation
2021-08-10,2021-08-11,0.1163827824804467,1.102495979212522,Calibrated-Hybrid-LogTarget-Small-affine_nonnegative,validation
2021-08-11,2021-08-12,0.1222953063583315,1.1232902732777061,Calibrated-Hybrid-LogTarget-Small-affine_nonnegative,validation
2021-08-12,2021-08-13,0.0871384784453648,1.1157378821263741,Calibrated-Hybrid-LogTarget-Small-affine_nonnegative,validation
2021-08-13,2021-08-16,1.0399916754691487,1.133555889842747,Calibrated-Hybrid-LogTarget-Small-affine_nonnegative,validation
2021-08-16,2021-08-17,0.3314354435277737,1.1756355834343166,Calibrated-Hybrid-LogTarget-Small-affine_nonnegative,validation
2021-08-17,2021-08-18,0.0249180078972991,1.0569446716587567,Calibrated-Hybrid-LogTarget-Small-affine_nonnegative,validation
2021-08-18,2021-08-19,1.034084957658442,0.9980433101653678,Calibrated-Hybrid-LogTarget-Small-affine_nonnegative,validation
2021-08-19,2021-08-20,11.285807091304966,1.032185384149373,Calibrated-Hybrid-LogTarget-Small-affine_nonnegative,validation
2021-08-20,2021-08-23,5.411821632013326,1.8133357927755054,Calibrated-Hybrid-LogTarget-Small-affine_nonnegative,validation
2021-08-23,2021-08-24,8.536462420535458e-05,1.946178030609304,Calibrated-Hybrid-LogTarget-Small-affine_nonnegative,validation
2021-08-24,2021-08-25,0.6870757170728501,1.7604135541381787,Calibrated-Hybrid-LogTarget-Small-affine_nonnegative,validation
2021-08-25,2021-08-26,0.4170750420782061,1.7197017398906147,Calibrated-Hybrid-LogTarget-Small-affine_nonnegative,validation
2021-08-26,2021-08-27,0.8540485329092148,1.4267207213352562,Calibrated-Hybrid-LogTarget-Small-affine_nonnegative,validation
2021-08-27,2021-08-30,1.2797402595336076,1.5177460099633164,Calibrated-Hybrid-LogTarget-Small-affine_nonnegative,validation
2021-08-30,2021-08-31,0.0627065630623478,1.397470865391386,Calibrated-Hybrid-LogTarget-Small-affine_nonnegative,validation
2021-08-31,2021-09-01,0.0569056328666982,1.3024659828985923,Calibrated-Hybrid-LogTarget-Small-affine_nonnegative,validation
2021-09-01,2021-09-06,0.7669996218071843,1.2203636946845324,Calibrated-Hybrid-LogTarget-Small-affine_nonnegative,validation
2021-09-06,2021-09-07,0.1115838258583112,1.3686505246682752,Calibrated-Hybrid-LogTarget-Small-affine_nonnegative,validation
2021-09-07,2021-09-08,0.3840242724271654,1.2290502316990386,Calibrated-Hybrid-LogTarget-Small-affine_nonnegative,validation
2021-09-08,2021-09-09,0.5999757427909345,1.0589190293071185,Calibrated-Hybrid-LogTarget-Small-affine_nonnegative,validation
2021-09-09,2021-09-10,0.009783360800291,1.0951522072068007,Calibrated-Hybrid-LogTarget-Small-affine_nonnegative,validation
2021-09-10,2021-09-13,0.0834204953018611,1.02513195175564,Calibrated-Hybrid-LogTarget-Small-affine_nonnegative,validation
2021-09-13,2021-09-14,0.0166539238245993,1.1086043956396072,Calibrated-Hybrid-LogTarget-Small-affine_nonnegative,validation
2021-09-14,2021-09-15,0.208411861391793,1.108058493326131,Calibrated-Hybrid-LogTarget-Small-affine_nonnegative,validation
2021-09-15,2021-09-16,8.833374944135227e-06,1.108638274293312,Calibrated-Hybrid-LogTarget-Small-affine_nonnegative,validation
2021-09-16,2021-09-17,0.2517625260662404,0.9932103196070068,Calibrated-Hybrid-LogTarget-Small-affine_nonnegative,validation
2021-09-17,2021-09-20,0.0255409488218125,1.119738609794236,Calibrated-Hybrid-LogTarget-Small-affine_nonnegative,validation
2021-09-20,2021-09-21,0.6256621683862371,1.1295465238186893,Calibrated-Hybrid-LogTarget-Small-affine_nonnegative,validation
2021-09-21,2021-09-22,0.6493080782631847,1.1626402863723637,Calibrated-Hybrid-LogTarget-Small-affine_nonnegative,validation
2021-09-22,2021-09-23,0.023678455022373,1.2579364001776336,Calibrated-Hybrid-LogTarget-Small-affine_nonnegative,validation
2021-09-23,2021-09-24,0.0138313143395197,1.4632392936248426,Calibrated-Hybrid-LogTarget-Small-affine_nonnegative,validation
2021-09-24,2021-09-27,3.828272422415496,1.1326325350413817,Calibrated-Hybrid-LogTarget-Small-affine_nonnegative,validation
2021-09-27,2021-09-28,1.1555484032608674,1.3748899938169896,Calibrated-Hybrid-LogTarget-Small-affine_nonnegative,validation
2021-09-28,2021-09-29,5.575325206713305e-05,1.3794158020041647,Calibrated-Hybrid-LogTarget-Small-affine_nonnegative,validation
2021-09-29,2021-09-30,0.0451927678238876,1.2328856266166044,Calibrated-Hybrid-LogTarget-Small-affine_nonnegative,validation
2021-09-30,2021-10-01,0.2869590069123234,1.1143754585787147,Calibrated-Hybrid-LogTarget-Small-affine_nonnegative,validation
2021-10-01,2021-10-04,0.1209217160727008,1.1562092565695175,Calibrated-Hybrid-LogTarget-Small-affine_nonnegative,validation
2021-10-04,2021-10-05,1.2548666056334208,1.1651094610448811,Calibrated-Hybrid-LogTarget-Small-affine_nonnegative,validation
2021-10-05,2021-10-06,0.363335054701863,1.1426429400478613,Calibrated-Hybrid-LogTarget-Small-affine_nonnegative,validation
2021-10-06,2021-10-07,0.0539799292056889,1.0937400095967602,Calibrated-Hybrid-LogTarget-Small-affine_nonnegative,validation
2021-10-07,2021-10-08,0.2422625428098201,1.0923902897938311,Calibrated-Hybrid-LogTarget-Small-affine_nonnegative,validation
2021-10-08,2021-10-11,2.384064119474745,1.069795956711772,Calibrated-Hybrid-LogTarget-Small-affine_nonnegative,validation
2021-10-11,2021-10-12,0.0025924711816483,1.1485966792094615,Calibrated-Hybrid-LogTarget-Small-affine_nonnegative,validation
2021-10-12,2021-10-13,0.043020201094552,1.0553807340871386,Calibrated-Hybrid-LogTarget-Small-affine_nonnegative,validation
2021-10-13,2021-10-14,1.8582276241239155e-05,1.0210818781707702,Calibrated-Hybrid-LogTarget-Small-affine_nonnegative,validation
2021-10-14,2021-10-15,0.0037272440365911,1.0426536463726617,Calibrated-Hybrid-LogTarget-Small-affine_nonnegative,validation
2021-10-15,2021-10-18,0.0412074717223573,1.125533099624448,Calibrated-Hybrid-LogTarget-Small-affine_nonnegative,validation
2021-10-18,2021-10-19,0.0002054205471957,1.0736175557600227,Calibrated-Hybrid-LogTarget-Small-affine_nonnegative,validation
2021-10-19,2021-10-20,0.012036644283499,0.9884680659754315,Calibrated-Hybrid-LogTarget-Small-affine_nonnegative,validation
2021-10-20,2021-10-21,0.4224699907147212,1.0560605837380515,Calibrated-Hybrid-LogTarget-Small-affine_nonnegative,validation
2021-10-21,2021-10-22,0.1038627326357175,1.044622018692501,Calibrated-Hybrid-LogTarget-Small-affine_nonnegative,validation
2021-10-22,2021-10-25,0.0766142772237032,1.1240271569267384,Calibrated-Hybrid-LogTarget-Small-affine_nonnegative,validation
2021-10-25,2021-10-26,0.2013151221701667,1.0999620243068668,Calibrated-Hybrid-LogTarget-Small-affine_nonnegative,validation
2021-10-26,2021-10-27,4.975421040294883,1.0555767479836284,Calibrated-Hybrid-LogTarget-Small-affine_nonnegative,validation
2021-10-27,2021-10-28,1.0980607841681207,1.3786718378133052,Calibrated-Hybrid-LogTarget-Small-affine_nonnegative,validation
2021-10-28,2021-10-29,0.1886851350804401,1.2209021739917594,Calibrated-Hybrid-LogTarget-Small-affine_nonnegative,validation
2021-10-29,2021-11-01,0.1351609140151505,1.1867368787854617,Calibrated-Hybrid-LogTarget-Small-affine_nonnegative,validation
2021-11-01,2021-11-02,0.8706925479870633,1.2425809117828528,Calibrated-Hybrid-LogTarget-Small-affine_nonnegative,validation
2021-11-02,2021-11-03,0.3174077865606339,1.3995947156182569,Calibrated-Hybrid-LogTarget-Small-affine_nonnegative,validation
2021-11-03,2021-11-04,0.0780251318950003,1.5263945441232722,Calibrated-Hybrid-LogTarget-Small-affine_nonnegative,validation
2021-11-04,2021-11-05,0.3164163905277483,1.2425181381227541,Calibrated-Hybrid-LogTarget-Small-affine_nonnegative,validation
2021-11-05,2021-11-08,0.5722632892702788,1.2095402797795365,Calibrated-Hybrid-LogTarget-Small-affine_nonnegative,validation
2021-11-08,2021-11-09,0.1717825777423685,1.3137019365736144,Calibrated-Hybrid-LogTarget-Small-affine_nonnegative,validation
2021-11-09,2021-11-10,0.0578685691569425,1.2461595027869568,Calibrated-Hybrid-LogTarget-Small-affine_nonnegative,validation
2021-11-10,2021-11-11,0.0332757244454099,1.1735564818949886,Calibrated-Hybrid-LogTarget-Small-affine_nonnegative,validation
2021-11-11,2021-11-12,0.5636350562840569,1.2359452490868272,Calibrated-Hybrid-LogTarget-Small-affine_nonnegative,validation
2021-11-12,2021-11-15,0.0470688863590858,1.2428133566202957,Calibrated-Hybrid-LogTarget-Small-affine_nonnegative,validation
2021-11-15,2021-11-16,0.4729748116245648,1.2693241427904962,Calibrated-Hybrid-LogTarget-Small-affine_nonnegative,validation
2021-11-16,2021-11-17,0.40826744424175,1.2995689751042772,Calibrated-Hybrid-LogTarget-Small-affine_nonnegative,validation
2021-11-17,2021-11-18,0.1670640675036151,1.1508487899130107,Calibrated-Hybrid-LogTarget-Small-affine_nonnegative,validation
2021-11-18,2021-11-19,1.4313283722317711,1.1663129897899205,Calibrated-Hybrid-LogTarget-Small-affine_nonnegative,validation
2021-11-19,2021-11-22,0.1237442583360642,1.4260420008023937,Calibrated-Hybrid-LogTarget-Small-affine_nonnegative,validation
2021-11-22,2021-11-23,1.2666258581863683,1.4460405598498378,Calibrated-Hybrid-LogTarget-Small-affine_nonnegative,validation
2021-11-23,2021-11-24,2.923344781612152,1.3898363082333054,Calibrated-Hybrid-LogTarget-Small-affine_nonnegative,validation
2021-11-24,2021-11-25,0.6380046596767257,1.4976664065872471,Calibrated-Hybrid-LogTarget-Small-affine_nonnegative,validation
2021-11-25,2021-11-26,0.2701244946030526,1.2717897263897673,Calibrated-Hybrid-LogTarget-Small-affine_nonnegative,validation
2021-11-26,2021-11-29,0.3025648797186475,1.1525483443504823,Calibrated-Hybrid-LogTarget-Small-affine_nonnegative,validation
2021-11-29,2021-11-30,0.1865846491020368,1.2235186064021009,Calibrated-Hybrid-LogTarget-Small-affine_nonnegative,validation
2021-11-30,2021-12-01,0.2075014205290045,1.336800922363176,Calibrated-Hybrid-LogTarget-Small-affine_nonnegative,validation
2021-12-01,2021-12-02,0.0447934240863952,1.2888026416409843,Calibrated-Hybrid-LogTarget-Small-affine_nonnegative,validation
2021-12-02,2021-12-03,7.012035907074128,1.1664103298294641,Calibrated-Hybrid-LogTarget-Small-affine_nonnegative,validation
2021-12-03,2021-12-06,4.334941271489592,1.6577498573862683,Calibrated-Hybrid-LogTarget-Small-affine_nonnegative,validation
2021-12-06,2021-12-07,5.38610884102854,2.02386892661918,Calibrated-Hybrid-LogTarget-Small-affine_nonnegative,validation
2021-12-07,2021-12-08,0.1770242562530693,2.0508883019918183,Calibrated-Hybrid-LogTarget-Small-affine_nonnegative,validation
2021-12-08,2021-12-09,1.070479018660655,1.748737082291565,Calibrated-Hybrid-LogTarget-Small-affine_nonnegative,validation
2021-12-09,2021-12-10,0.0917573521914629,1.560777913496638,Calibrated-Hybrid-LogTarget-Small-affine_nonnegative,validation
2021-12-10,2021-12-13,0.7430153759165636,1.494201097365951,Calibrated-Hybrid-LogTarget-Small-affine_nonnegative,validation
2021-12-13,2021-12-14,0.0001656787526269,1.5340640367313227,Calibrated-Hybrid-LogTarget-Small-affine_nonnegative,validation
2021-12-14,2021-12-15,0.001241581482623,1.4864575536828044,Calibrated-Hybrid-LogTarget-Small-affine_nonnegative,validation
2021-12-15,2021-12-16,0.0056551081903051,1.458940637382505,Calibrated-Hybrid-LogTarget-Small-affine_nonnegative,validation
2021-12-16,2021-12-17,0.0462794489398934,1.41356886217142,Calibrated-Hybrid-LogTarget-Small-affine_nonnegative,validation
2021-12-17,2021-12-20,0.0276816841350729,1.3694887432437992,Calibrated-Hybrid-LogTarget-Small-affine_nonnegative,validation
2021-12-20,2021-12-21,0.009100575448846,1.2241426802083413,Calibrated-Hybrid-LogTarget-Small-affine_nonnegative,validation
2021-12-21,2021-12-22,0.0052396015195704,1.1293565965391659,Calibrated-Hybrid-LogTarget-Small-affine_nonnegative,validation
2021-12-22,2021-12-23,1.992176913695392,1.1640241081588247,Calibrated-Hybrid-LogTarget-Small-affine_nonnegative,validation
2021-12-23,2021-12-24,1.8717637228671864,1.3200541777489747,Calibrated-Hybrid-LogTarget-Small-affine_nonnegative,validation
2021-12-24,2021-12-27,0.6385359851594573,1.441855346212634,Calibrated-Hybrid-LogTarget-Small-affine_nonnegative,validation
2021-12-27,2021-12-28,0.1364517327618313,1.2929769696651963,Calibrated-Hybrid-LogTarget-Small-affine_nonnegative,validation
2021-12-28,2021-12-29,0.3307731842534792,1.3399997844164087,Calibrated-Hybrid-LogTarget-Small-affine_nonnegative,validation
2021-12-29,2021-12-30,0.0001019075301841,1.1860503640739601,Calibrated-Hybrid-LogTarget-Small-affine_nonnegative,validation
2021-12-30,2021-12-31,0.6806292652244172,1.1504348509756628,Calibrated-Hybrid-LogTarget-Small-affine_nonnegative,validation
2021-12-31,2022-01-04,3.2605099137684044,1.2891571255600411,Calibrated-Hybrid-LogTarget-Small-affine_nonnegative,validation
2022-01-04,2022-01-05,0.0408421877386783,1.3405524873851042,Calibrated-Hybrid-LogTarget-Small-affine_nonnegative,validation
2022-01-05,2022-01-06,0.1583194148629771,1.2090727599648674,Calibrated-Hybrid-LogTarget-Small-affine_nonnegative,validation
2022-01-06,2022-01-07,3.466888916717849e-05,1.2510649592238163,Calibrated-Hybrid-LogTarget-Small-affine_nonnegative,validation
2022-01-07,2022-01-10,2.6694297971607823,1.154583711918536,Calibrated-Hybrid-LogTarget-Small-affine_nonnegative,validation
2022-01-10,2022-01-11,0.5791412105719106,1.5597713552980006,Calibrated-Hybrid-LogTarget-Small-affine_nonnegative,validation
2022-01-11,2022-01-12,1.469449968423449,1.6672988640125115,Calibrated-Hybrid-LogTarget-Small-affine_nonnegative,validation
2022-01-12,2022-01-13,0.9252594386149106,1.6011432436855928,Calibrated-Hybrid-LogTarget-Small-affine_nonnegative,validation
2022-01-13,2022-01-14,4.021230809949571e-06,1.4729675380615412,Calibrated-Hybrid-LogTarget-Small-affine_nonnegative,validation
2022-01-14,2022-01-17,8.577861779061374,1.3020110755043481,Calibrated-Hybrid-LogTarget-Small-affine_nonnegative,validation
2022-01-17,2022-01-18,0.9241996120524796,1.779732402386794,Calibrated-Hybrid-LogTarget-Small-affine_nonnegative,validation
2022-01-18,2022-01-19,0.0713962483719635,1.7248423844541194,Calibrated-Hybrid-LogTarget-Small-affine_nonnegative,validation
2022-01-19,2022-01-20,2.396694299563955,1.5487159428822859,Calibrated-Hybrid-LogTarget-Small-affine_nonnegative,validation
2022-01-20,2022-01-21,0.2669228311266386,1.8258114162658727,Calibrated-Hybrid-LogTarget-Small-affine_nonnegative,validation
2022-01-21,2022-01-24,5.19144957677216,1.6074711495746568,Calibrated-Hybrid-LogTarget-Small-affine_nonnegative,validation
2022-01-24,2022-01-25,7.461944120148481,1.7214995208501795,Calibrated-Hybrid-LogTarget-Small-affine_nonnegative,validation
2022-01-25,2022-01-26,0.0182472056354126,2.006871826626602,Calibrated-Hybrid-LogTarget-Small-affine_nonnegative,validation
2022-01-26,2022-01-27,0.5372614259470304,1.6953482326722975,Calibrated-Hybrid-LogTarget-Small-affine_nonnegative,validation
2022-01-27,2022-01-28,0.3091208848418566,1.4660843722735306,Calibrated-Hybrid-LogTarget-Small-affine_nonnegative,validation
2022-01-28,2022-02-07,1.5787299229773026,1.5652423814674525,Calibrated-Hybrid-LogTarget-Small-affine_nonnegative,validation
2022-02-07,2022-02-08,0.0493284261128678,1.4802161029628806,Calibrated-Hybrid-LogTarget-Small-affine_nonnegative,validation
2022-02-08,2022-02-09,0.0852913112285084,1.3321498421502111,Calibrated-Hybrid-LogTarget-Small-affine_nonnegative,validation
2022-02-09,2022-02-10,0.0087647457494785,1.2411768794789073,Calibrated-Hybrid-LogTarget-Small-affine_nonnegative,validation
2022-02-10,2022-02-11,0.1140481407730615,1.1108123965428178,Calibrated-Hybrid-LogTarget-Small-affine_nonnegative,validation
2022-02-11,2022-02-14,4.003846034921644,1.1121855485732615,Calibrated-Hybrid-LogTarget-Small-affine_nonnegative,validation
2022-02-14,2022-02-15,1.9670652734045644,1.381907821352505,Calibrated-Hybrid-LogTarget-Small-affine_nonnegative,validation
2022-02-15,2022-02-16,0.0018968880308684,1.4641346577545422,Calibrated-Hybrid-LogTarget-Small-affine_nonnegative,validation
2022-02-16,2022-02-17,1.122140769245723,1.3395094129680554,Calibrated-Hybrid-LogTarget-Small-affine_nonnegative,validation
2022-02-17,2022-02-18,0.0437252358911797,1.3019618435103264,Calibrated-Hybrid-LogTarget-Small-affine_nonnegative,validation
2022-02-18,2022-02-21,0.1583409064037323,1.1808673879047697,Calibrated-Hybrid-LogTarget-Small-affine_nonnegative,validation
2022-02-21,2022-02-22,0.2391227349223014,1.2165535628809123,Calibrated-Hybrid-LogTarget-Small-affine_nonnegative,validation
2022-02-22,2022-02-23,0.3429157616051995,1.2220959838507177,Calibrated-Hybrid-LogTarget-Small-affine_nonnegative,validation
2022-02-23,2022-02-24,1.3469467288223498,1.1220081971267715,Calibrated-Hybrid-LogTarget-Small-affine_nonnegative,validation
2022-02-24,2022-02-25,0.0728442185423715,1.3719622071709272,Calibrated-Hybrid-LogTarget-Small-affine_nonnegative,validation
2022-02-25,2022-02-28,0.3435682703713377,1.1742366460602947,Calibrated-Hybrid-LogTarget-Small-affine_nonnegative,validation
2022-02-28,2022-03-01,0.3350186274967215,1.1050824784767346,Calibrated-Hybrid-LogTarget-Small-affine_nonnegative,validation
2022-03-01,2022-03-02,0.7897102913909818,1.1886379147843078,Calibrated-Hybrid-LogTarget-Small-affine_nonnegative,validation
2022-03-02,2022-03-03,1.6972927621476632,1.1705050220399915,Calibrated-Hybrid-LogTarget-Small-affine_nonnegative,validation
2022-03-03,2022-03-04,0.0004806839941866,1.2678243444004367,Calibrated-Hybrid-LogTarget-Small-affine_nonnegative,validation
2022-03-04,2022-03-07,0.1747715827843937,1.148841095073601,Calibrated-Hybrid-LogTarget-Small-affine_nonnegative,validation
2022-03-07,2022-03-08,2.9065282793306784,1.1560934056037973,Calibrated-Hybrid-LogTarget-Small-affine_nonnegative,validation
2022-03-08,2022-03-09,4.143903255486161e-06,1.2498984693423303,Calibrated-Hybrid-LogTarget-Small-affine_nonnegative,validation
2022-03-09,2022-03-10,0.1308186023197331,1.337031647084526,Calibrated-Hybrid-LogTarget-Small-affine_nonnegative,validation
2022-03-10,2022-03-11,0.7249480262949388,1.1468204320845292,Calibrated-Hybrid-LogTarget-Small-affine_nonnegative,validation
2022-03-11,2022-03-14,1.940974298078772,1.234366237146056,Calibrated-Hybrid-LogTarget-Small-affine_nonnegative,validation
2022-03-14,2022-03-15,0.2004736979473137,1.255476138604686,Calibrated-Hybrid-LogTarget-Small-affine_nonnegative,validation
2022-03-15,2022-03-16,0.2048465635146144,1.2030129467012602,Calibrated-Hybrid-LogTarget-Small-affine_nonnegative,validation
2022-03-16,2022-03-17,0.0189446795575115,1.1457543556975478,Calibrated-Hybrid-LogTarget-Small-affine_nonnegative,validation
2022-03-17,2022-03-18,0.2804915592052127,1.1669710048323307,Calibrated-Hybrid-LogTarget-Small-affine_nonnegative,validation
2022-03-18,2022-03-21,3.042510301896478,1.1463118949112032,Calibrated-Hybrid-LogTarget-Small-affine_nonnegative,validation
2022-03-21,2022-03-22,0.3468240297098041,1.2380929097710667,Calibrated-Hybrid-LogTarget-Small-affine_nonnegative,validation
2022-03-22,2022-03-23,0.0091785148718354,1.2161291767195237,Calibrated-Hybrid-LogTarget-Small-affine_nonnegative,validation
2022-03-23,2022-03-24,0.0739545064300968,1.0886149568849515,Calibrated-Hybrid-LogTarget-Small-affine_nonnegative,validation
2022-03-24,2022-03-25,0.0002565538581837,1.0866584529377228,Calibrated-Hybrid-LogTarget-Small-affine_nonnegative,validation
2022-03-25,2022-03-28,1.0559980128443454,1.0944637355855078,Calibrated-Hybrid-LogTarget-Small-affine_nonnegative,validation
2022-03-28,2022-03-29,0.9569197018395468,1.2091231553721582,Calibrated-Hybrid-LogTarget-Small-affine_nonnegative,validation
2022-03-29,2022-03-30,0.2354496444813368,1.1434665927658703,Calibrated-Hybrid-LogTarget-Small-affine_nonnegative,validation
2022-03-30,2022-03-31,0.0120931732563713,1.1654982806522698,Calibrated-Hybrid-LogTarget-Small-affine_nonnegative,validation
2022-03-31,2022-04-01,2.607401303697469,1.0710165385685104,Calibrated-Hybrid-LogTarget-Small-affine_nonnegative,validation
2022-04-01,2022-04-04,0.2950865363946971,1.4204900001835867,Calibrated-Hybrid-LogTarget-Small-affine_nonnegative,validation
2022-04-04,2022-04-05,0.09410156815978,1.078425016919264,Calibrated-Hybrid-LogTarget-Small-affine_nonnegative,validation
2022-04-05,2022-04-06,0.0355827999144168,1.0542232541490595,Calibrated-Hybrid-LogTarget-Small-affine_nonnegative,validation
2022-04-06,2022-04-07,1.845756746133211,1.1088598196243575,Calibrated-Hybrid-LogTarget-Small-affine_nonnegative,validation
2022-04-07,2022-04-08,1.8599564295348143,1.1549379479663202,Calibrated-Hybrid-LogTarget-Small-affine_nonnegative,validation
2022-04-08,2022-04-12,3.317796568560508,1.3218861887132427,Calibrated-Hybrid-LogTarget-Small-affine_nonnegative,validation
2022-04-12,2022-04-13,2.2412176347286983,1.4774988916216025,Calibrated-Hybrid-LogTarget-Small-affine_nonnegative,validation
2022-04-13,2022-04-14,0.1186709675031117,1.5974289520405813,Calibrated-Hybrid-LogTarget-Small-affine_nonnegative,validation
2022-04-14,2022-04-15,0.8563450026802516,1.2188102066433104,Calibrated-Hybrid-LogTarget-Small-affine_nonnegative,validation
2022-04-15,2022-04-18,3.225139156963737,1.2800963052414394,Calibrated-Hybrid-LogTarget-Small-affine_nonnegative,validation
2022-04-18,2022-04-19,3.3937657292333743,1.4892544452425749,Calibrated-Hybrid-LogTarget-Small-affine_nonnegative,validation
2022-04-19,2022-04-20,2.4245124341762705,1.658237965765401,Calibrated-Hybrid-LogTarget-Small-affine_nonnegative,validation
2022-04-20,2022-04-21,1.109638997468357,1.723709940370908,Calibrated-Hybrid-LogTarget-Small-affine_nonnegative,validation
2022-04-21,2022-04-22,0.4305144066915168,1.671592074624276,Calibrated-Hybrid-LogTarget-Small-affine_nonnegative,validation
2022-04-22,2022-04-25,25.802530842890924,1.6912113763168892,Calibrated-Hybrid-LogTarget-Small-affine_nonnegative,validation
2022-04-25,2022-04-26,5.262405488369011,3.399142226201683,Calibrated-Hybrid-LogTarget-Small-affine_nonnegative,validation
2022-04-26,2022-04-27,0.8508547277394044,2.710796399259986,Calibrated-Hybrid-LogTarget-Small-affine_nonnegative,validation
2022-04-27,2022-04-28,0.0422563925888465,2.424876829027749,Calibrated-Hybrid-LogTarget-Small-affine_nonnegative,validation
2022-04-28,2022-04-29,1.3536355027087716,2.2864204056872883,Calibrated-Hybrid-LogTarget-Small-affine_nonnegative,validation
2022-04-29,2022-05-04,1.7811317821270536,2.0677223865231635,Calibrated-Hybrid-LogTarget-Small-affine_nonnegative,validation
2022-05-04,2022-05-05,0.7846838850035229,2.012454614299272,Calibrated-Hybrid-LogTarget-Small-affine_nonnegative,validation
2022-05-05,2022-05-06,5.457913784856381,1.968744057990214,Calibrated-Hybrid-LogTarget-Small-affine_nonnegative,validation
2022-05-06,2022-05-09,21.07246376843707,2.287975678122082,Calibrated-Hybrid-LogTarget-Small-affine_nonnegative,validation
2022-05-09,2022-05-10,3.4895974437640893,5.605557118916148,Calibrated-Hybrid-LogTarget-Small-affine_nonnegative,validation
2022-05-10,2022-05-11,0.3772893243323654,3.8015675564147258,Calibrated-Hybrid-LogTarget-Small-affine_nonnegative,validation
2022-05-11,2022-05-12,24.369069377939013,3.5272394890609973,Calibrated-Hybrid-LogTarget-Small-affine_nonnegative,validation
2022-05-12,2022-05-13,21.45200829300172,7.8278134509333945,Calibrated-Hybrid-LogTarget-Small-affine_nonnegative,validation
2022-05-13,2022-05-16,0.8445825050431754,8.767957743363453,Calibrated-Hybrid-LogTarget-Small-affine_nonnegative,validation
2022-05-16,2022-05-17,22.10791922900586,5.867949589314858,Calibrated-Hybrid-LogTarget-Small-affine_nonnegative,validation
2022-05-17,2022-05-18,1.0072145297005026,6.743025299873076,Calibrated-Hybrid-LogTarget-Small-affine_nonnegative,validation
2022-05-18,2022-05-19,0.0050266870380628,5.206197765142304,Calibrated-Hybrid-LogTarget-Small-affine_nonnegative,validation
2022-05-19,2022-05-20,0.0056143553761866,3.881686661100675,Calibrated-Hybrid-LogTarget-Small-affine_nonnegative,validation
2022-05-20,2022-05-23,3.1715419491716648,3.3673754393734714,Calibrated-Hybrid-LogTarget-Small-affine_nonnegative,validation
2022-05-23,2022-05-24,1.4121508187671683,4.404506735755896,Calibrated-Hybrid-LogTarget-Small-affine_nonnegative,validation
2022-05-24,2022-05-25,7.852071042943518,3.7764221402136764,Calibrated-Hybrid-LogTarget-Small-affine_nonnegative,validation
2022-05-25,2022-05-26,0.0001218078083452,3.672390086733115,Calibrated-Hybrid-LogTarget-Small-affine_nonnegative,validation
2022-05-26,2022-05-27,1.747305868676365,2.6666414267956133,Calibrated-Hybrid-LogTarget-Small-affine_nonnegative,validation
2022-05-27,2022-05-30,0.4313230278725308,2.406084754557079,Calibrated-Hybrid-LogTarget-Small-affine_nonnegative,validation
2022-05-30,2022-05-31,0.0091927379819102,2.019223215288683,Calibrated-Hybrid-LogTarget-Small-affine_nonnegative,validation
2022-05-31,2022-06-01,0.2785076944454149,1.8215990066378922,Calibrated-Hybrid-LogTarget-Small-affine_nonnegative,validation
2022-06-01,2022-06-02,0.7094839787224755,1.6239230021232622,Calibrated-Hybrid-LogTarget-Small-affine_nonnegative,validation
2022-06-02,2022-06-03,0.0024678908753368,1.6097709796874355,Calibrated-Hybrid-LogTarget-Small-affine_nonnegative,validation
2022-06-03,2022-06-06,0.0248021762794326,1.6034349289027878,Calibrated-Hybrid-LogTarget-Small-affine_nonnegative,validation
2022-06-06,2022-06-07,0.0107788521263349,1.5149442583647932,Calibrated-Hybrid-LogTarget-Small-affine_nonnegative,validation
2022-06-07,2022-06-08,1.62365203625605,1.5142805328407678,Calibrated-Hybrid-LogTarget-Small-affine_nonnegative,validation
2022-06-08,2022-06-09,7.074018263381634e-05,1.332818220794135,Calibrated-Hybrid-LogTarget-Small-affine_nonnegative,validation
2022-06-09,2022-06-10,3.350301019629325,1.0647582497367516,Calibrated-Hybrid-LogTarget-Small-affine_nonnegative,validation
2022-06-10,2022-06-13,20.64588542406384,1.354393059924404,Calibrated-Hybrid-LogTarget-Small-affine_nonnegative,validation
2022-06-13,2022-06-14,0.0708307718816595,3.9361619800074563,Calibrated-Hybrid-LogTarget-Small-affine_nonnegative,validation
2022-06-14,2022-06-15,1.796441565238617,3.030970041939945,Calibrated-Hybrid-LogTarget-Small-affine_nonnegative,validation
2022-06-15,2022-06-16,3.432463040017097,3.3087585970056765,Calibrated-Hybrid-LogTarget-Small-affine_nonnegative,validation
2022-06-16,2022-06-17,2.4820888579092317,3.0375576806285065,Calibrated-Hybrid-LogTarget-Small-affine_nonnegative,validation
2022-06-17,2022-06-20,9.47527051181594,2.729935051565178,Calibrated-Hybrid-LogTarget-Small-affine_nonnegative,validation
2022-06-20,2022-06-21,0.4543743324349223,4.1374677269116376,Calibrated-Hybrid-LogTarget-Small-affine_nonnegative,validation
2022-06-21,2022-06-22,0.0746935567234301,3.2390534222481002,Calibrated-Hybrid-LogTarget-Small-affine_nonnegative,validation
2022-06-22,2022-06-23,2.766255864563167,3.0377018991609326,Calibrated-Hybrid-LogTarget-Small-affine_nonnegative,validation
2022-06-23,2022-06-24,0.0820210424345146,3.110226921617323,Calibrated-Hybrid-LogTarget-Small-affine_nonnegative,validation
2022-06-24,2022-06-27,2.1086071885158946,2.4234474629078586,Calibrated-Hybrid-LogTarget-Small-affine_nonnegative,validation
2022-06-27,2022-06-28,1.593519408496492,2.3238514889143467,Calibrated-Hybrid-LogTarget-Small-affine_nonnegative,validation
2022-06-28,2022-06-29,6.739655204912147e-07,2.052753077555872,Calibrated-Hybrid-LogTarget-Small-affine_nonnegative,validation
2022-06-29,2022-06-30,2.8779439800812714,1.7521182058895632,Calibrated-Hybrid-LogTarget-Small-affine_nonnegative,validation
2022-06-30,2022-07-01,0.0117704187689308,2.062665737963249,Calibrated-Hybrid-LogTarget-Small-affine_nonnegative,validation
2022-07-01,2022-07-04,0.0792348201052211,2.070751522501473,Calibrated-Hybrid-LogTarget-Small-affine_nonnegative,validation
2022-07-04,2022-07-05,1.4358126528100246,1.9397906137674856,Calibrated-Hybrid-LogTarget-Small-affine_nonnegative,validation
2022-07-05,2022-07-06,7.389865614079536,2.1869703919829973,Calibrated-Hybrid-LogTarget-Small-affine_nonnegative,validation
2022-07-06,2022-07-07,2.1222407761584665,3.3332513090292073,Calibrated-Hybrid-LogTarget-Small-affine_nonnegative,validation
2022-07-07,2022-07-08,0.1707436242121409,3.0423984163746725,Calibrated-Hybrid-LogTarget-Small-affine_nonnegative,validation
2022-07-08,2022-07-11,1.896510687995091,2.777615892755693,Calibrated-Hybrid-LogTarget-Small-affine_nonnegative,validation
2022-07-11,2022-07-12,2.8101659729648394,2.7379447476173717,Calibrated-Hybrid-LogTarget-Small-affine_nonnegative,validation
2022-07-12,2022-07-13,0.0058732050643028,2.635042635386291,Calibrated-Hybrid-LogTarget-Small-affine_nonnegative,validation
2022-07-13,2022-07-14,0.4904420356514064,2.124005253383447,Calibrated-Hybrid-LogTarget-Small-affine_nonnegative,validation
2022-07-14,2022-07-15,0.0611617161101388,2.002302054317725,Calibrated-Hybrid-LogTarget-Small-affine_nonnegative,validation
2022-07-15,2022-07-18,0.0549065100896944,1.774951013490738,Calibrated-Hybrid-LogTarget-Small-affine_nonnegative,validation
2022-07-18,2022-07-19,0.0244219525267298,1.6973094040099599,Calibrated-Hybrid-LogTarget-Small-affine_nonnegative,validation
2022-07-19,2022-07-20,1.7763769532234184,1.6838358312980275,Calibrated-Hybrid-LogTarget-Small-affine_nonnegative,validation
2022-07-20,2022-07-21,0.1310065184317032,1.8377272395841615,Calibrated-Hybrid-LogTarget-Small-affine_nonnegative,validation
2022-07-21,2022-07-22,0.0961257253308801,1.4066526004302058,Calibrated-Hybrid-LogTarget-Small-affine_nonnegative,validation
2022-07-22,2022-07-25,0.2759737706228845,1.2639647321093124,Calibrated-Hybrid-LogTarget-Small-affine_nonnegative,validation
2022-07-25,2022-07-26,0.0835304358694094,1.2541008666107905,Calibrated-Hybrid-LogTarget-Small-affine_nonnegative,validation
2022-07-26,2022-07-27,0.2525093111697122,1.283665770381239,Calibrated-Hybrid-LogTarget-Small-affine_nonnegative,validation
2022-07-27,2022-07-28,2.02736513860254,1.3316942014924007,Calibrated-Hybrid-LogTarget-Small-affine_nonnegative,validation
2022-07-28,2022-07-29,0.0219851675662213,1.599460894194896,Calibrated-Hybrid-LogTarget-Small-affine_nonnegative,validation
2022-07-29,2022-08-01,4.214166749504341,1.2252708162245967,Calibrated-Hybrid-LogTarget-Small-affine_nonnegative,validation
2022-08-01,2022-08-02,0.6898714562213188,1.6431870413040555,Calibrated-Hybrid-LogTarget-Small-affine_nonnegative,validation
2022-08-02,2022-08-03,0.4270040010021521,1.5129509492486901,Calibrated-Hybrid-LogTarget-Small-affine_nonnegative,validation
2022-08-03,2022-08-04,0.1229567831793093,1.4321260391104087,Calibrated-Hybrid-LogTarget-Small-affine_nonnegative,validation
2022-08-04,2022-08-05,0.0126539977340546,1.3072286435548266,Calibrated-Hybrid-LogTarget-Small-affine_nonnegative,validation
2022-08-05,2022-08-08,0.1021359274837244,1.2571859379932302,Calibrated-Hybrid-LogTarget-Small-affine_nonnegative,validation
2022-08-08,2022-08-09,0.0278750471367201,1.3108733890127704,Calibrated-Hybrid-LogTarget-Small-affine_nonnegative,validation
2022-08-09,2022-08-10,0.0349139608846283,1.3104875766421382,Calibrated-Hybrid-LogTarget-Small-affine_nonnegative,validation
2022-08-10,2022-08-11,0.1247429178058028,1.2543047636213283,Calibrated-Hybrid-LogTarget-Small-affine_nonnegative,validation
2022-08-11,2022-08-12,0.6660254086755314,1.3940147937222125,Calibrated-Hybrid-LogTarget-Small-affine_nonnegative,validation
2022-08-12,2022-08-15,0.8759670360790162,1.2148933329195952,Calibrated-Hybrid-LogTarget-Small-affine_nonnegative,validation
2022-08-15,2022-08-16,0.0014782571055336,1.2108221526311238,Calibrated-Hybrid-LogTarget-Small-affine_nonnegative,validation
2022-08-16,2022-08-17,0.0021413807191485,1.1180608124738707,Calibrated-Hybrid-LogTarget-Small-affine_nonnegative,validation
2022-08-17,2022-08-18,0.0161573789935176,1.1287540836840237,Calibrated-Hybrid-LogTarget-Small-affine_nonnegative,validation
2022-08-18,2022-08-19,0.124159183844011,1.0826815236500866,Calibrated-Hybrid-LogTarget-Small-affine_nonnegative,validation
2022-08-19,2022-08-22,0.4785997007311449,1.1135719015039984,Calibrated-Hybrid-LogTarget-Small-affine_nonnegative,validation
2022-08-22,2022-08-23,0.6726558406784502,1.1571781997879282,Calibrated-Hybrid-LogTarget-Small-affine_nonnegative,validation
2022-08-23,2022-08-24,0.2484394846076955,1.1635598890002847,Calibrated-Hybrid-LogTarget-Small-affine_nonnegative,validation
2022-08-24,2022-08-25,0.8344386477124279,1.1167938684623622,Calibrated-Hybrid-LogTarget-Small-affine_nonnegative,validation
2022-08-25,2022-08-26,0.2408597797174897,1.1404933801851438,Calibrated-Hybrid-LogTarget-Small-affine_nonnegative,validation
2022-08-26,2022-08-29,0.8499464536320859,1.145856976174224,Calibrated-Hybrid-LogTarget-Small-affine_nonnegative,validation
2022-08-29,2022-08-30,0.4538418356510164,1.3685814329616555,Calibrated-Hybrid-LogTarget-Small-affine_nonnegative,validation
2022-08-30,2022-08-31,0.0076568491567018,1.155956093504207,Calibrated-Hybrid-LogTarget-Small-affine_nonnegative,validation
2022-08-31,2022-09-05,0.061049351862573,1.1163186119758095,Calibrated-Hybrid-LogTarget-Small-affine_nonnegative,validation
2022-09-05,2022-09-06,1.532156699315195e-05,1.1073003745581773,Calibrated-Hybrid-LogTarget-Small-affine_nonnegative,validation
2022-09-06,2022-09-07,7.377847328826583,1.1174559568022715,Calibrated-Hybrid-LogTarget-Small-affine_nonnegative,validation
2022-09-07,2022-09-08,0.478523332029774,1.9794166433836888,Calibrated-Hybrid-LogTarget-Small-affine_nonnegative,validation
2022-09-08,2022-09-09,1.3041739898741895,1.7008516488331802,Calibrated-Hybrid-LogTarget-Small-affine_nonnegative,validation
2022-09-09,2022-09-12,0.004521626169754,1.8159872884162844,Calibrated-Hybrid-LogTarget-Small-affine_nonnegative,validation
2022-09-12,2022-09-13,0.0095408682654198,1.4002024864639913,Calibrated-Hybrid-LogTarget-Small-affine_nonnegative,validation
2022-09-13,2022-09-14,0.3758397161006742,1.2977414692011355,Calibrated-Hybrid-LogTarget-Small-affine_nonnegative,validation
2022-09-14,2022-09-15,0.1547128388602677,1.4541584767277966,Calibrated-Hybrid-LogTarget-Small-affine_nonnegative,validation
2022-09-15,2022-09-16,0.6392848421140832,1.295846172874795,Calibrated-Hybrid-LogTarget-Small-affine_nonnegative,validation
2022-09-16,2022-09-19,6.167092365627429,1.4529998896273033,Calibrated-Hybrid-LogTarget-Small-affine_nonnegative,validation
2022-09-19,2022-09-20,1.2403443891166936,2.098561212825484,Calibrated-Hybrid-LogTarget-Small-affine_nonnegative,validation
2022-09-20,2022-09-21,0.4759099851621189,1.9605973631637086,Calibrated-Hybrid-LogTarget-Small-affine_nonnegative,validation
2022-09-21,2022-09-22,0.1171234903128616,1.722592151015688,Calibrated-Hybrid-LogTarget-Small-affine_nonnegative,validation
2022-09-22,2022-09-23,0.8922637492009945,1.6789181538686997,Calibrated-Hybrid-LogTarget-Small-affine_nonnegative,validation
2022-09-23,2022-09-26,5.922583365191483,1.6337241813655052,Calibrated-Hybrid-LogTarget-Small-affine_nonnegative,validation
2022-09-26,2022-09-27,0.4452493243663706,2.5990528038434757,Calibrated-Hybrid-LogTarget-Small-affine_nonnegative,validation
2022-09-27,2022-09-28,3.9376181571955216,2.113586691324482,Calibrated-Hybrid-LogTarget-Small-affine_nonnegative,validation
2022-09-28,2022-09-29,2.391654578614972,2.8858739883586813,Calibrated-Hybrid-LogTarget-Small-affine_nonnegative,validation
2022-09-29,2022-09-30,0.2861665228807753,2.9193536123311223,Calibrated-Hybrid-LogTarget-Small-affine_nonnegative,validation
2022-09-30,2022-10-03,16.955331578512116,2.7601298202850426,Calibrated-Hybrid-LogTarget-Small-affine_nonnegative,validation
2022-10-03,2022-10-04,0.5881297526576773,6.281759928098255,Calibrated-Hybrid-LogTarget-Small-affine_nonnegative,validation
2022-10-04,2022-10-05,5.7303230555022,4.45318560391549,Calibrated-Hybrid-LogTarget-Small-affine_nonnegative,validation
2022-10-05,2022-10-06,7.453651936358921,4.464514205825703,Calibrated-Hybrid-LogTarget-Small-affine_nonnegative,validation
2022-10-06,2022-10-07,13.391049366085785,5.994144640176985,Calibrated-Hybrid-LogTarget-Small-affine_nonnegative,validation
2022-10-07,2022-10-10,0.3997049579355222,7.351597661460312,Calibrated-Hybrid-LogTarget-Small-affine_nonnegative,validation
2022-10-10,2022-10-11,12.54691927074426,4.549716613479052,Calibrated-Hybrid-LogTarget-Small-affine_nonnegative,validation
2022-10-11,2022-10-12,7.860720182392412,8.512810028416242,Calibrated-Hybrid-LogTarget-Small-affine_nonnegative,validation
2022-10-12,2022-10-13,2.4070722291092697,6.15438305431819,Calibrated-Hybrid-LogTarget-Small-affine_nonnegative,validation
2022-10-13,2022-10-14,1.0568030806874944,4.981228065512604,Calibrated-Hybrid-LogTarget-Small-affine_nonnegative,validation
2022-10-14,2022-10-17,0.9445652838308308,4.34353397554793,Calibrated-Hybrid-LogTarget-Small-affine_nonnegative,validation
2022-10-17,2022-10-18,1.304619909377935,3.702022842960574,Calibrated-Hybrid-LogTarget-Small-affine_nonnegative,validation
2022-10-18,2022-10-19,0.1143012847418557,3.652638068068666,Calibrated-Hybrid-LogTarget-Small-affine_nonnegative,validation
2022-10-19,2022-10-20,0.0233897216248987,3.160519371622768,Calibrated-Hybrid-LogTarget-Small-affine_nonnegative,validation
2022-10-20,2022-10-21,13.823102148731785,3.009081867981573,Calibrated-Hybrid-LogTarget-Small-affine_nonnegative,validation
2022-10-21,2022-10-24,11.27142788246664,6.032484435391577,Calibrated-Hybrid-LogTarget-Small-affine_nonnegative,validation
2022-10-24,2022-10-25,0.2552819963060921,8.178083327512493,Calibrated-Hybrid-LogTarget-Small-affine_nonnegative,validation
2022-10-25,2022-10-26,0.2322552175172126,5.280100182208892,Calibrated-Hybrid-LogTarget-Small-affine_nonnegative,validation
2022-10-26,2022-10-27,17.476545289293156,4.521279265466676,Calibrated-Hybrid-LogTarget-Small-affine_nonnegative,validation
2022-10-27,2022-10-28,0.0040004302898497,5.414016753951679,Calibrated-Hybrid-LogTarget-Small-affine_nonnegative,validation
2022-10-28,2022-10-31,0.003185411598369,3.5592537504964925,Calibrated-Hybrid-LogTarget-Small-affine_nonnegative,validation
2022-10-31,2022-11-01,0.3176638729946111,3.0914823561524565,Calibrated-Hybrid-LogTarget-Small-affine_nonnegative,validation
2022-11-01,2022-11-02,1.0542708806933592,2.9321995988876166,Calibrated-Hybrid-LogTarget-Small-affine_nonnegative,validation
2022-11-02,2022-11-03,0.1094857130367321,3.17623054211009,Calibrated-Hybrid-LogTarget-Small-affine_nonnegative,validation
2022-11-03,2022-11-04,5.049190747098641,2.975615697538816,Calibrated-Hybrid-LogTarget-Small-affine_nonnegative,validation
2022-11-04,2022-11-07,4.95903292212355,4.171545688420751,Calibrated-Hybrid-LogTarget-Small-affine_nonnegative,validation
2022-11-07,2022-11-08,0.4359307936718208,4.8630639454587365,Calibrated-Hybrid-LogTarget-Small-affine_nonnegative,validation
2022-11-08,2022-11-09,0.1604496978685764,3.7760919577065293,Calibrated-Hybrid-LogTarget-Small-affine_nonnegative,validation
2022-11-09,2022-11-10,15.751336654060546,3.418069515458417,Calibrated-Hybrid-LogTarget-Small-affine_nonnegative,validation
2022-11-10,2022-11-11,0.5877644540297541,6.3673774519221125,Calibrated-Hybrid-LogTarget-Small-affine_nonnegative,validation
2022-11-11,2022-11-14,2.025904181968848,4.102006117575062,Calibrated-Hybrid-LogTarget-Small-affine_nonnegative,validation
2022-11-14,2022-11-15,9.894366349346946,4.510405526799211,Calibrated-Hybrid-LogTarget-Small-affine_nonnegative,validation
2022-11-15,2022-11-16,11.17558049000805,6.490051939233438,Calibrated-Hybrid-LogTarget-Small-affine_nonnegative,validation
2022-11-16,2022-11-17,7.602516501605635,5.1727269787671295,Calibrated-Hybrid-LogTarget-Small-affine_nonnegative,validation
2022-11-17,2022-11-18,5.215358122437767e-05,4.469739090605171,Calibrated-Hybrid-LogTarget-Small-affine_nonnegative,validation
2022-11-18,2022-11-21,0.8090953049399706,3.7975735424554147,Calibrated-Hybrid-LogTarget-Small-affine_nonnegative,validation
2022-11-21,2022-11-22,0.7954965643291928,3.3899271548832015,Calibrated-Hybrid-LogTarget-Small-affine_nonnegative,validation
2022-11-22,2022-11-23,0.4158325821141256,3.7327594552039836,Calibrated-Hybrid-LogTarget-Small-affine_nonnegative,validation
2022-11-23,2022-11-24,0.0326156098281846,3.3709772602958674,Calibrated-Hybrid-LogTarget-Small-affine_nonnegative,validation
2022-11-24,2022-11-25,6.126390414606435,3.1970500478758432,Calibrated-Hybrid-LogTarget-Small-affine_nonnegative,validation
2022-11-25,2022-11-28,11.99171626886051,3.664227730376768,Calibrated-Hybrid-LogTarget-Small-affine_nonnegative,validation
2022-11-28,2022-11-29,6.749510839154126,3.9510004509692713,Calibrated-Hybrid-LogTarget-Small-affine_nonnegative,validation
2022-11-29,2022-11-30,2.4431488019656613,3.385349520466743,Calibrated-Hybrid-LogTarget-Small-affine_nonnegative,validation
2022-11-30,2022-12-01,1.3565007887137526,2.7569644562390248,Calibrated-Hybrid-LogTarget-Small-affine_nonnegative,validation
2022-12-01,2022-12-02,17.084105039989844,3.049338948412893,Calibrated-Hybrid-LogTarget-Small-affine_nonnegative,validation
2022-12-02,2022-12-05,1.5797254157342264,3.3659320036697418,Calibrated-Hybrid-LogTarget-Small-affine_nonnegative,validation
2022-12-05,2022-12-06,17.637687522394646,2.779053759019542,Calibrated-Hybrid-LogTarget-Small-affine_nonnegative,validation
2022-12-06,2022-12-07,0.5388682275570345,3.996907169470846,Calibrated-Hybrid-LogTarget-Small-affine_nonnegative,validation
2022-12-07,2022-12-08,0.8269714352452323,3.1536197135988466,Calibrated-Hybrid-LogTarget-Small-affine_nonnegative,validation
2022-12-08,2022-12-09,0.0148277116225318,3.1095017207104583,Calibrated-Hybrid-LogTarget-Small-affine_nonnegative,validation
2022-12-09,2022-12-12,3.589507425464579,2.7640004826797155,Calibrated-Hybrid-LogTarget-Small-affine_nonnegative,validation
2022-12-12,2022-12-13,2.1880754664799307,3.0458529873519122,Calibrated-Hybrid-LogTarget-Small-affine_nonnegative,validation
2022-12-13,2022-12-14,0.0807108309118899,2.7794045796568336,Calibrated-Hybrid-LogTarget-Small-affine_nonnegative,validation
2022-12-14,2022-12-15,0.2157077020057238,2.528841192268243,Calibrated-Hybrid-LogTarget-Small-affine_nonnegative,validation
2022-12-15,2022-12-16,0.072617015649584,2.4682133045481294,Calibrated-Hybrid-LogTarget-Small-affine_nonnegative,validation
2022-12-16,2022-12-19,1.813928705292506,2.3301718232145534,Calibrated-Hybrid-LogTarget-Small-affine_nonnegative,validation
2022-12-19,2022-12-20,2.1946973166474533,2.6171309099036226,Calibrated-Hybrid-LogTarget-Small-affine_nonnegative,validation
2022-12-20,2022-12-21,0.1732700004356016,2.7216855243069733,Calibrated-Hybrid-LogTarget-Small-affine_nonnegative,validation
2022-12-21,2022-12-22,0.1335316168500294,2.418946537622409,Calibrated-Hybrid-LogTarget-Small-affine_nonnegative,validation
2022-12-22,2022-12-23,0.0493851739530653,2.2640914277853383,Calibrated-Hybrid-LogTarget-Small-affine_nonnegative,validation
2022-12-23,2022-12-26,12.275470581243656,2.041014730509097,Calibrated-Hybrid-LogTarget-Small-affine_nonnegative,validation
2022-12-26,2022-12-27,3.78693616836278,4.225225851770394,Calibrated-Hybrid-LogTarget-Small-affine_nonnegative,validation
2022-12-27,2022-12-28,1.2053971949970186,3.7267632882914747,Calibrated-Hybrid-LogTarget-Small-affine_nonnegative,validation
2022-12-28,2022-12-29,0.3958340163318585,3.214565663238234,Calibrated-Hybrid-LogTarget-Small-affine_nonnegative,validation
2022-12-29,2022-12-30,0.047616879962563,2.9001322992414615,Calibrated-Hybrid-LogTarget-Small-affine_nonnegative,validation
