date,target_date,actual_var,pred_var,model,split
2023-01-03,2023-01-04,0.0549535930877402,2.6668521638835965,Calibrated-Hybrid-LogTarget-scale_qlike,test
2023-01-04,2023-01-05,0.8117646910153878,2.0330356364432314,Calibrated-Hybrid-LogTarget-scale_qlike,test
2023-01-05,2023-01-06,0.172811729353928,1.7668788807303721,Calibrated-Hybrid-LogTarget-scale_qlike,test
2023-01-06,2023-01-09,0.0692225607636781,1.751745747797684,Calibrated-Hybrid-LogTarget-scale_qlike,test
2023-01-09,2023-01-10,0.0066603499297191,1.7564348992445704,Calibrated-Hybrid-LogTarget-scale_qlike,test
2023-01-10,2023-01-11,0.0522271097766636,1.704595163426325,Calibrated-Hybrid-LogTarget-scale_qlike,test
2023-01-11,2023-01-12,0.0035587018238326,1.669827236005242,Calibrated-Hybrid-LogTarget-scale_qlike,test
2023-01-12,2023-01-13,0.1275802197397324,1.5598965053999807,Calibrated-Hybrid-LogTarget-scale_qlike,test
2023-01-13,2023-01-16,0.374758039143315,1.5227753374057182,Calibrated-Hybrid-LogTarget-scale_qlike,test
2023-01-16,2023-01-17,4.022686466488597,1.4289069877272706,Calibrated-Hybrid-LogTarget-scale_qlike,test
2023-01-17,2023-01-18,0.8349687871773404,1.4642351882230118,Calibrated-Hybrid-LogTarget-scale_qlike,test
2023-01-18,2023-01-19,0.7891600724610666,1.4140169143347465,Calibrated-Hybrid-LogTarget-scale_qlike,test
2023-01-19,2023-01-27,0.6572756271765033,1.3925543722681746,Calibrated-Hybrid-LogTarget-scale_qlike,test
2023-01-27,2023-01-30,1.7140630852404162,1.3851130455221081,Calibrated-Hybrid-LogTarget-scale_qlike,test
2023-01-30,2023-01-31,0.6050810133388357,1.7119931506956028,Calibrated-Hybrid-LogTarget-scale_qlike,test
2023-01-31,2023-02-01,10.368357126316685,1.6715884422209084,Calibrated-Hybrid-LogTarget-scale_qlike,test
2023-02-01,2023-02-02,0.0226347776228954,2.7016050886420624,Calibrated-Hybrid-LogTarget-scale_qlike,test
2023-02-02,2023-02-03,0.0016679215067438,2.4292289690420485,Calibrated-Hybrid-LogTarget-scale_qlike,test
2023-02-03,2023-02-06,1.256067923688864,2.2896214463696776,Calibrated-Hybrid-LogTarget-scale_qlike,test
2023-02-06,2023-02-07,4.736232587067869,2.1729745936827136,Calibrated-Hybrid-LogTarget-scale_qlike,test
2023-02-07,2023-02-08,0.3561755878073738,2.689580736825348,Calibrated-Hybrid-LogTarget-scale_qlike,test
2023-02-08,2023-02-09,0.5879330834697908,2.4064832499599533,Calibrated-Hybrid-LogTarget-scale_qlike,test
2023-02-09,2023-02-10,0.6787287097613596,2.335212049134662,Calibrated-Hybrid-LogTarget-scale_qlike,test
2023-02-10,2023-02-13,1.2216869517708149,2.398786388717418,Calibrated-Hybrid-LogTarget-scale_qlike,test
2023-02-13,2023-02-14,0.2361888824871934,2.3778048964754754,Calibrated-Hybrid-LogTarget-scale_qlike,test
2023-02-14,2023-02-15,0.8394668425834446,2.245244618159862,Calibrated-Hybrid-LogTarget-scale_qlike,test
2023-02-15,2023-02-16,0.9177621933014196,2.039067373812116,Calibrated-Hybrid-LogTarget-scale_qlike,test
2023-02-16,2023-02-17,0.0092805250097098,1.7906752611437093,Calibrated-Hybrid-LogTarget-scale_qlike,test
2023-02-17,2023-02-20,6.512002780573765,1.6710674353182682,Calibrated-Hybrid-LogTarget-scale_qlike,test
2023-02-20,2023-02-21,0.1691390418565458,1.7660748845445708,Calibrated-Hybrid-LogTarget-scale_qlike,test
2023-02-21,2023-02-22,6.846416409130559,1.773885599307956,Calibrated-Hybrid-LogTarget-scale_qlike,test
2023-02-22,2023-02-23,0.0034604047962046,2.4237209137051012,Calibrated-Hybrid-LogTarget-scale_qlike,test
2023-02-23,2023-02-24,1.8150207850841689,2.356879925046422,Calibrated-Hybrid-LogTarget-scale_qlike,test
2023-02-24,2023-02-27,3.1577928002505518,2.6649533067065834,Calibrated-Hybrid-LogTarget-scale_qlike,test
2023-02-27,2023-02-28,0.1124261928232939,2.9582130456662457,Calibrated-Hybrid-LogTarget-scale_qlike,test
2023-02-28,2023-03-01,2.362077222441523,2.703529577856351,Calibrated-Hybrid-LogTarget-scale_qlike,test
2023-03-01,2023-03-02,0.0800566234507277,2.3427190259902937,Calibrated-Hybrid-LogTarget-scale_qlike,test
2023-03-02,2023-03-03,1.5504718457013609,2.0824167109145932,Calibrated-Hybrid-LogTarget-scale_qlike,test
2023-03-03,2023-03-06,0.0551773612932756,2.1659414410262725,Calibrated-Hybrid-LogTarget-scale_qlike,test
2023-03-06,2023-03-07,1.0659420423683896,2.0312381445159047,Calibrated-Hybrid-LogTarget-scale_qlike,test
2023-03-07,2023-03-08,1.180976964777076,1.8606772081415162,Calibrated-Hybrid-LogTarget-scale_qlike,test
2023-03-08,2023-03-09,0.4136971055728827,1.7084276175871451,Calibrated-Hybrid-LogTarget-scale_qlike,test
2023-03-09,2023-03-10,0.078265798957639,1.6179358407895852,Calibrated-Hybrid-LogTarget-scale_qlike,test
2023-03-10,2023-03-13,0.0003608159625681,1.5371587615919995,Calibrated-Hybrid-LogTarget-scale_qlike,test
2023-03-13,2023-03-14,1.4659340258862177,1.5768696595694085,Calibrated-Hybrid-LogTarget-scale_qlike,test
2023-03-14,2023-03-15,4.404587524685249,1.783928841863547,Calibrated-Hybrid-LogTarget-scale_qlike,test
2023-03-15,2023-03-16,1.966140070411206,1.7916818185701346,Calibrated-Hybrid-LogTarget-scale_qlike,test
2023-03-16,2023-03-17,0.0466583815583474,1.9835722722113034,Calibrated-Hybrid-LogTarget-scale_qlike,test
2023-03-17,2023-03-20,4.542701346022625,1.995473883561023,Calibrated-Hybrid-LogTarget-scale_qlike,test
2023-03-20,2023-03-21,0.8241032078763476,2.565792128052684,Calibrated-Hybrid-LogTarget-scale_qlike,test
2023-03-21,2023-03-22,0.6122377400151076,2.518380872663007,Calibrated-Hybrid-LogTarget-scale_qlike,test
2023-03-22,2023-03-23,0.1912107767600162,2.1782124432295236,Calibrated-Hybrid-LogTarget-scale_qlike,test
2023-03-23,2023-03-24,0.0261069358389794,1.8997370331685333,Calibrated-Hybrid-LogTarget-scale_qlike,test
2023-03-24,2023-03-27,0.2706486133246383,1.797444622602511,Calibrated-Hybrid-LogTarget-scale_qlike,test
2023-03-27,2023-03-28,0.0375129464792075,1.654503953753073,Calibrated-Hybrid-LogTarget-scale_qlike,test
2023-03-28,2023-03-29,0.0373680554186715,1.6200171206121536,Calibrated-Hybrid-LogTarget-scale_qlike,test
2023-03-29,2023-03-30,0.0864260143113033,1.4740717067834874,Calibrated-Hybrid-LogTarget-scale_qlike,test
2023-03-30,2023-03-31,0.2397323675517269,1.4787124619493173,Calibrated-Hybrid-LogTarget-scale_qlike,test
2023-03-31,2023-04-03,1.8652562093058924,1.4459388792269603,Calibrated-Hybrid-LogTarget-scale_qlike,test
2023-04-03,2023-04-04,0.0059186412860023,1.5529165728552772,Calibrated-Hybrid-LogTarget-scale_qlike,test
2023-04-04,2023-04-05,0.0498269661847383,1.597492334915715,Calibrated-Hybrid-LogTarget-scale_qlike,test
2023-04-05,2023-04-06,0.8553042836437406,1.6099698028840763,Calibrated-Hybrid-LogTarget-scale_qlike,test
2023-04-06,2023-04-07,0.0125702355791553,1.888336415757454,Calibrated-Hybrid-LogTarget-scale_qlike,test
2023-04-07,2023-04-10,0.1668068990512428,1.7822555605252839,Calibrated-Hybrid-LogTarget-scale_qlike,test
2023-04-10,2023-04-11,0.1482607699784405,1.873429759073913,Calibrated-Hybrid-LogTarget-scale_qlike,test
2023-04-11,2023-04-12,8.743291732272662e-07,1.7603383673151876,Calibrated-Hybrid-LogTarget-scale_qlike,test
2023-04-12,2023-04-13,0.2330177840007939,1.7250426757339337,Calibrated-Hybrid-LogTarget-scale_qlike,test
2023-04-13,2023-04-14,1.1617696349612645,1.7018275445765165,Calibrated-Hybrid-LogTarget-scale_qlike,test
2023-04-14,2023-04-17,0.0076283447272982,1.860730886939367,Calibrated-Hybrid-LogTarget-scale_qlike,test
2023-04-17,2023-04-18,0.0131688449679895,1.733343752535772,Calibrated-Hybrid-LogTarget-scale_qlike,test
2023-04-18,2023-04-19,0.3296437026732272,1.6506903338531291,Calibrated-Hybrid-LogTarget-scale_qlike,test
2023-04-19,2023-04-20,0.0006623405434785,1.6065150558692725,Calibrated-Hybrid-LogTarget-scale_qlike,test
2023-04-20,2023-04-21,0.3673257523211698,1.4635694296815553,Calibrated-Hybrid-LogTarget-scale_qlike,test
2023-04-21,2023-04-24,0.0221215519921837,1.4900269867136475,Calibrated-Hybrid-LogTarget-scale_qlike,test
2023-04-24,2023-04-25,0.3932622485353985,1.4174521998928757,Calibrated-Hybrid-LogTarget-scale_qlike,test
2023-04-25,2023-04-26,0.328691182889417,1.4116421588843844,Calibrated-Hybrid-LogTarget-scale_qlike,test
2023-04-26,2023-04-27,0.0126510214171176,1.288316391068415,Calibrated-Hybrid-LogTarget-scale_qlike,test
2023-04-27,2023-04-28,0.8257060505705139,1.2832672558743796,Calibrated-Hybrid-LogTarget-scale_qlike,test
2023-04-28,2023-05-04,0.663351259487948,1.2495123267427488,Calibrated-Hybrid-LogTarget-scale_qlike,test
2023-05-04,2023-05-05,0.0008313650023289,1.3661338078342327,Calibrated-Hybrid-LogTarget-scale_qlike,test
2023-05-05,2023-05-08,1.5730813455266768,1.300782296965185,Calibrated-Hybrid-LogTarget-scale_qlike,test
2023-05-08,2023-05-09,0.0009810073041391,1.2785440728556379,Calibrated-Hybrid-LogTarget-scale_qlike,test
2023-05-09,2023-05-10,0.1807814295588449,1.2840078800552654,Calibrated-Hybrid-LogTarget-scale_qlike,test
2023-05-10,2023-05-11,0.0116169732719969,1.3202013739129888,Calibrated-Hybrid-LogTarget-scale_qlike,test
2023-05-11,2023-05-12,0.8480601097426534,1.3772584299854918,Calibrated-Hybrid-LogTarget-scale_qlike,test
2023-05-12,2023-05-15,0.0124546383596074,1.3508691004390416,Calibrated-Hybrid-LogTarget-scale_qlike,test
2023-05-15,2023-05-16,0.0003521278803455,1.4602040937552203,Calibrated-Hybrid-LogTarget-scale_qlike,test
2023-05-16,2023-05-17,0.2647079940558091,1.4074739496880528,Calibrated-Hybrid-LogTarget-scale_qlike,test
2023-05-17,2023-05-18,0.5467189046851431,1.53566989579237,Calibrated-Hybrid-LogTarget-scale_qlike,test
2023-05-18,2023-05-19,0.0134881726921275,1.4132609385727122,Calibrated-Hybrid-LogTarget-scale_qlike,test
2023-05-19,2023-05-22,0.1115577260954784,1.4935719751050136,Calibrated-Hybrid-LogTarget-scale_qlike,test
2023-05-22,2023-05-23,0.2010623455676166,1.4343239596873365,Calibrated-Hybrid-LogTarget-scale_qlike,test
2023-05-23,2023-05-24,0.1456521231551851,1.4959752353395313,Calibrated-Hybrid-LogTarget-scale_qlike,test
2023-05-24,2023-05-25,0.0713508401309495,1.5655705919525165,Calibrated-Hybrid-LogTarget-scale_qlike,test
2023-05-25,2023-05-26,0.006683379548905,1.5060633992771688,Calibrated-Hybrid-LogTarget-scale_qlike,test
2023-05-26,2023-05-29,1.1008741895280585,1.512201307805012,Calibrated-Hybrid-LogTarget-scale_qlike,test
2023-05-29,2023-05-30,0.0813274524532,1.4734568044043839,Calibrated-Hybrid-LogTarget-scale_qlike,test
2023-05-30,2023-05-31,0.0715597269351419,1.5290092422271935,Calibrated-Hybrid-LogTarget-scale_qlike,test
2023-05-31,2023-06-01,0.0894248931377806,1.6154681787848224,Calibrated-Hybrid-LogTarget-scale_qlike,test
2023-06-01,2023-06-02,1.3176407801372392,1.6036281270139237,Calibrated-Hybrid-LogTarget-scale_qlike,test
2023-06-02,2023-06-05,0.4068339428608296,1.643443031046351,Calibrated-Hybrid-LogTarget-scale_qlike,test
2023-06-05,2023-06-06,0.9043890866960916,1.5956056584945484,Calibrated-Hybrid-LogTarget-scale_qlike,test
2023-06-06,2023-06-07,0.0123028566285396,1.5166033685502578,Calibrated-Hybrid-LogTarget-scale_qlike,test
2023-06-07,2023-06-08,0.5529490855904797,1.6402470681085963,Calibrated-Hybrid-LogTarget-scale_qlike,test
2023-06-08,2023-06-09,0.3161644467066298,1.911248858029472,Calibrated-Hybrid-LogTarget-scale_qlike,test
2023-06-09,2023-06-12,0.5831574033164091,1.7273801354171874,Calibrated-Hybrid-LogTarget-scale_qlike,test
2023-06-12,2023-06-13,0.3310759893352936,1.6568297717869038,Calibrated-Hybrid-LogTarget-scale_qlike,test
2023-06-13,2023-06-14,0.2025223817587841,1.6976429509266506,Calibrated-Hybrid-LogTarget-scale_qlike,test
2023-06-14,2023-06-15,0.0016224341258812,1.7381034010628598,Calibrated-Hybrid-LogTarget-scale_qlike,test
2023-06-15,2023-06-16,0.024585211583996,1.706323065868951,Calibrated-Hybrid-LogTarget-scale_qlike,test
2023-06-16,2023-06-19,0.7822402072538185,1.9295166746803458,Calibrated-Hybrid-LogTarget-scale_qlike,test
2023-06-19,2023-06-20,0.3250259985876756,1.8778425936719267,Calibrated-Hybrid-LogTarget-scale_qlike,test
2023-06-20,2023-06-21,0.3653445181035127,1.752202088481665,Calibrated-Hybrid-LogTarget-scale_qlike,test
2023-06-21,2023-06-22,0.3717252672960691,1.7637332111945943,Calibrated-Hybrid-LogTarget-scale_qlike,test
2023-06-22,2023-06-23,0.1309819466607628,1.733635746283672,Calibrated-Hybrid-LogTarget-scale_qlike,test
2023-06-23,2023-06-26,0.0549279663710728,1.736970397016351,Calibrated-Hybrid-LogTarget-scale_qlike,test
2023-06-26,2023-06-27,0.0411962958640958,1.7773440709086845,Calibrated-Hybrid-LogTarget-scale_qlike,test
2023-06-27,2023-06-28,0.1251516048900254,1.6704579737733622,Calibrated-Hybrid-LogTarget-scale_qlike,test
2023-06-28,2023-06-29,1.3110715533307906,1.6960220957828198,Calibrated-Hybrid-LogTarget-scale_qlike,test
2023-06-29,2023-06-30,0.2153197174085333,1.9020490746910363,Calibrated-Hybrid-LogTarget-scale_qlike,test
2023-06-30,2023-07-03,0.2244859363593752,1.8341742655068467,Calibrated-Hybrid-LogTarget-scale_qlike,test
2023-07-03,2023-07-04,0.331614557206894,1.763734052208354,Calibrated-Hybrid-LogTarget-scale_qlike,test
2023-07-04,2023-07-05,0.0534448088033697,1.7030718176281334,Calibrated-Hybrid-LogTarget-scale_qlike,test
2023-07-05,2023-07-06,0.5521828368120864,1.7012139623953455,Calibrated-Hybrid-LogTarget-scale_qlike,test
2023-07-06,2023-07-07,1.0955709924740076,1.8353492328055592,Calibrated-Hybrid-LogTarget-scale_qlike,test
2023-07-07,2023-07-10,0.9169134777331625,1.7147460259165315,Calibrated-Hybrid-LogTarget-scale_qlike,test
2023-07-10,2023-07-11,0.057144157007868,1.733540682763676,Calibrated-Hybrid-LogTarget-scale_qlike,test
2023-07-11,2023-07-12,0.0444186703613796,1.7671236478635097,Calibrated-Hybrid-LogTarget-scale_qlike,test
2023-07-12,2023-07-13,0.9358770339385756,1.6704324848011107,Calibrated-Hybrid-LogTarget-scale_qlike,test
2023-07-13,2023-07-14,0.0652166185346891,1.6489071149820327,Calibrated-Hybrid-LogTarget-scale_qlike,test
2023-07-14,2023-07-17,0.1632239943294482,1.8294145245356328,Calibrated-Hybrid-LogTarget-scale_qlike,test
2023-07-17,2023-07-18,0.0066910598075562,1.7272792376790023,Calibrated-Hybrid-LogTarget-scale_qlike,test
2023-07-18,2023-07-19,0.0089465157105592,1.7153665336244845,Calibrated-Hybrid-LogTarget-scale_qlike,test
2023-07-19,2023-07-20,0.0002100775164203,1.7785780407376353,Calibrated-Hybrid-LogTarget-scale_qlike,test
2023-07-20,2023-07-21,1.2319670859049314,1.7257436430455506,Calibrated-Hybrid-LogTarget-scale_qlike,test
2023-07-21,2023-07-24,0.164526463877313,1.7844695077774428,Calibrated-Hybrid-LogTarget-scale_qlike,test
2023-07-24,2023-07-25,0.1884318549081098,1.8578546006884897,Calibrated-Hybrid-LogTarget-scale_qlike,test
2023-07-25,2023-07-26,0.1699312574616927,1.8004611023123107,Calibrated-Hybrid-LogTarget-scale_qlike,test
2023-07-26,2023-07-27,0.0856869950327944,1.7495826198341988,Calibrated-Hybrid-LogTarget-scale_qlike,test
2023-07-27,2023-07-28,0.7393945741890614,2.007041561655725,Calibrated-Hybrid-LogTarget-scale_qlike,test
2023-07-28,2023-07-31,1.5705613280253743,1.9324168276298073,Calibrated-Hybrid-LogTarget-scale_qlike,test
2023-07-31,2023-08-01,0.191513989792846,1.9714960338032312,Calibrated-Hybrid-LogTarget-scale_qlike,test
2023-08-01,2023-08-02,0.0554319741987418,2.1301617985701236,Calibrated-Hybrid-LogTarget-scale_qlike,test
2023-08-02,2023-08-03,0.6081005379926719,1.837275382055404,Calibrated-Hybrid-LogTarget-scale_qlike,test
2023-08-03,2023-08-04,1.5216082607669985,2.0749979216929177,Calibrated-Hybrid-LogTarget-scale_qlike,test
2023-08-04,2023-08-07,1.5663427455149326,2.0927112831447348,Calibrated-Hybrid-LogTarget-scale_qlike,test
2023-08-07,2023-08-08,0.0042545072808971,2.043014851343644,Calibrated-Hybrid-LogTarget-scale_qlike,test
2023-08-08,2023-08-09,0.4429341513499315,2.0663694763141116,Calibrated-Hybrid-LogTarget-scale_qlike,test
2023-08-09,2023-08-10,1.18855521360565,2.0604448708976144,Calibrated-Hybrid-LogTarget-scale_qlike,test
2023-08-10,2023-08-11,0.8946457187409982,2.2174189254061285,Calibrated-Hybrid-LogTarget-scale_qlike,test
2023-08-11,2023-08-14,0.1406576061529025,2.1450335037921997,Calibrated-Hybrid-LogTarget-scale_qlike,test
2023-08-14,2023-08-15,0.0509990332423939,2.1390687309678458,Calibrated-Hybrid-LogTarget-scale_qlike,test
2023-08-15,2023-08-16,0.5528693854620391,1.9651618487474003,Calibrated-Hybrid-LogTarget-scale_qlike,test
2023-08-16,2023-08-17,0.6237080926504832,1.9128145224797324,Calibrated-Hybrid-LogTarget-scale_qlike,test
2023-08-17,2023-08-18,21.187467781738864,2.1725179563278783,Calibrated-Hybrid-LogTarget-scale_qlike,test
2023-08-18,2023-08-21,0.0225429724444894,3.9352431342414977,Calibrated-Hybrid-LogTarget-scale_qlike,test
2023-08-21,2023-08-22,0.0038263943505654,2.975796209901954,Calibrated-Hybrid-LogTarget-scale_qlike,test
2023-08-22,2023-08-23,0.4543048185096983,2.8762603874272865,Calibrated-Hybrid-LogTarget-scale_qlike,test
2023-08-23,2023-08-24,2.030960720400387,2.61518296828812,Calibrated-Hybrid-LogTarget-scale_qlike,test
2023-08-24,2023-08-25,0.2574822009117362,2.5053310071945205,Calibrated-Hybrid-LogTarget-scale_qlike,test
2023-08-25,2023-08-28,2.3677711449578327,2.3141547975919687,Calibrated-Hybrid-LogTarget-scale_qlike,test
2023-08-28,2023-08-29,0.0507403600472885,2.127772087290333,Calibrated-Hybrid-LogTarget-scale_qlike,test
2023-08-29,2023-08-30,0.521587233427783,2.149573153003496,Calibrated-Hybrid-LogTarget-scale_qlike,test
2023-08-30,2023-08-31,0.798611626583033,2.0315415716825966,Calibrated-Hybrid-LogTarget-scale_qlike,test
2023-08-31,2023-09-05,0.790275250555677,1.9671102635695883,Calibrated-Hybrid-LogTarget-scale_qlike,test
2023-09-05,2023-09-06,0.7194907575034776,1.9587987440836747,Calibrated-Hybrid-LogTarget-scale_qlike,test
2023-09-06,2023-09-07,0.0359716287929884,1.977451974734411,Calibrated-Hybrid-LogTarget-scale_qlike,test
2023-09-07,2023-09-08,0.0178548556372743,2.063643658750003,Calibrated-Hybrid-LogTarget-scale_qlike,test
2023-09-08,2023-09-11,2.097389099277001,2.0033317103208863,Calibrated-Hybrid-LogTarget-scale_qlike,test
2023-09-11,2023-09-12,3.1212396050656377,2.507146763336745,Calibrated-Hybrid-LogTarget-scale_qlike,test
2023-09-12,2023-09-13,0.3222528903899724,2.0316321485109072,Calibrated-Hybrid-LogTarget-scale_qlike,test
2023-09-13,2023-09-14,1.4026151894519558,2.328526761634552,Calibrated-Hybrid-LogTarget-scale_qlike,test
2023-09-14,2023-09-15,0.0839016379792105,2.369304387118065,Calibrated-Hybrid-LogTarget-scale_qlike,test
2023-09-15,2023-09-18,1.6257299462595711,2.071689043660245,Calibrated-Hybrid-LogTarget-scale_qlike,test
2023-09-18,2023-09-19,0.000654584074098,2.165670863964644,Calibrated-Hybrid-LogTarget-scale_qlike,test
2023-09-19,2023-09-20,1.4369523878233037,2.192099165182231,Calibrated-Hybrid-LogTarget-scale_qlike,test
2023-09-20,2023-09-21,1.2021573804780938,1.9473268777179469,Calibrated-Hybrid-LogTarget-scale_qlike,test
2023-09-21,2023-09-22,2.67951003310709,2.170125482494103,Calibrated-Hybrid-LogTarget-scale_qlike,test
2023-09-22,2023-09-25,11.541216926620844,2.6846255895682183,Calibrated-Hybrid-LogTarget-scale_qlike,test
2023-09-25,2023-09-26,1.7698314100181254,3.519405344130097,Calibrated-Hybrid-LogTarget-scale_qlike,test
2023-09-26,2023-09-27,1.922934467977144,3.1346417779687825,Calibrated-Hybrid-LogTarget-scale_qlike,test
2023-09-27,2023-09-28,0.0151639632836694,2.689779851088013,Calibrated-Hybrid-LogTarget-scale_qlike,test
2023-09-28,2023-09-29,0.02224231577349,2.442542287396394,Calibrated-Hybrid-LogTarget-scale_qlike,test
2023-09-29,2023-10-02,0.0090750098350391,2.175165222308807,Calibrated-Hybrid-LogTarget-scale_qlike,test
2023-10-02,2023-10-03,10.683716279206385,1.9716795934743065,Calibrated-Hybrid-LogTarget-scale_qlike,test
2023-10-03,2023-10-04,0.8853176884286172,3.5574695283291646,Calibrated-Hybrid-LogTarget-scale_qlike,test
2023-10-04,2023-10-05,1.7375339257639013,2.7498364614729627,Calibrated-Hybrid-LogTarget-scale_qlike,test
2023-10-05,2023-10-06,1.7072998751511268,2.7971879141722917,Calibrated-Hybrid-LogTarget-scale_qlike,test
2023-10-06,2023-10-09,0.6060662073826656,2.6238517542061888,Calibrated-Hybrid-LogTarget-scale_qlike,test
2023-10-09,2023-10-10,0.3080349756366544,2.2584749083198883,Calibrated-Hybrid-LogTarget-scale_qlike,test
2023-10-10,2023-10-11,0.3851648462229108,1.9943830307207377,Calibrated-Hybrid-LogTarget-scale_qlike,test
2023-10-11,2023-10-12,0.0048291522978458,1.771833052759432,Calibrated-Hybrid-LogTarget-scale_qlike,test
2023-10-12,2023-10-13,0.0732020168306359,1.740694062641154,Calibrated-Hybrid-LogTarget-scale_qlike,test
2023-10-13,2023-10-16,1.3440806213781142,1.666326279754951,Calibrated-Hybrid-LogTarget-scale_qlike,test
2023-10-16,2023-10-17,3.052807721519015,1.8007285532673878,Calibrated-Hybrid-LogTarget-scale_qlike,test
2023-10-17,2023-10-18,2.691074109609036,2.1450895045591567,Calibrated-Hybrid-LogTarget-scale_qlike,test
2023-10-18,2023-10-19,2.014426845995019,2.626150184565716,Calibrated-Hybrid-LogTarget-scale_qlike,test
2023-10-19,2023-10-20,3.37838828040453,2.6513038468278713,Calibrated-Hybrid-LogTarget-scale_qlike,test
2023-10-20,2023-10-23,1.7351918672263549,2.5298964761745477,Calibrated-Hybrid-LogTarget-scale_qlike,test
2023-10-23,2023-10-24,1.2652847100550173,2.5609554413083875,Calibrated-Hybrid-LogTarget-scale_qlike,test
2023-10-24,2023-10-25,0.1475596920145903,2.3788808570253943,Calibrated-Hybrid-LogTarget-scale_qlike,test
2023-10-25,2023-10-26,18.362010800338208,2.168181841447578,Calibrated-Hybrid-LogTarget-scale_qlike,test
2023-10-26,2023-10-27,0.2387716417217482,4.646901835992786,Calibrated-Hybrid-LogTarget-scale_qlike,test
2023-10-27,2023-10-30,3.0025597858118136,3.2408196291692666,Calibrated-Hybrid-LogTarget-scale_qlike,test
2023-10-30,2023-10-31,1.8839681619493045,3.6060414348866017,Calibrated-Hybrid-LogTarget-scale_qlike,test
2023-10-31,2023-11-01,1.230715501580414,3.443141330838241,Calibrated-Hybrid-LogTarget-scale_qlike,test
2023-11-01,2023-11-02,11.467731176476716,2.9911613297593664,Calibrated-Hybrid-LogTarget-scale_qlike,test
2023-11-02,2023-11-03,0.0148189440021049,3.0296423872827742,Calibrated-Hybrid-LogTarget-scale_qlike,test
2023-11-03,2023-11-06,1.4138672012584073,2.364259541787566,Calibrated-Hybrid-LogTarget-scale_qlike,test
2023-11-06,2023-11-07,0.7458390495009208,2.010329263898173,Calibrated-Hybrid-LogTarget-scale_qlike,test
2023-11-07,2023-11-08,9.129956144189087,1.9483550625925512,Calibrated-Hybrid-LogTarget-scale_qlike,test
2023-11-08,2023-11-09,0.0017061233763225,2.275833322638251,Calibrated-Hybrid-LogTarget-scale_qlike,test
2023-11-09,2023-11-10,1.2148681903111338,2.0514677616599184,Calibrated-Hybrid-LogTarget-scale_qlike,test
2023-11-10,2023-11-13,0.0213882813414155,2.0582953076617403,Calibrated-Hybrid-LogTarget-scale_qlike,test
2023-11-13,2023-11-14,0.7643879612116624,1.9706038623322848,Calibrated-Hybrid-LogTarget-scale_qlike,test
2023-11-14,2023-11-15,1.309101680363533,2.0617864154448684,Calibrated-Hybrid-LogTarget-scale_qlike,test
2023-11-15,2023-11-16,0.0726677258555493,1.9916199257892109,Calibrated-Hybrid-LogTarget-scale_qlike,test
2023-11-16,2023-11-17,4.779742663796966,1.7797812541998004,Calibrated-Hybrid-LogTarget-scale_qlike,test
2023-11-17,2023-11-20,0.0501991268589152,2.27655631758533,Calibrated-Hybrid-LogTarget-scale_qlike,test
2023-11-20,2023-11-21,0.3772925570702379,2.1640817772303715,Calibrated-Hybrid-LogTarget-scale_qlike,test
2023-11-21,2023-11-22,0.0912767762573235,2.0401972598903946,Calibrated-Hybrid-LogTarget-scale_qlike,test
2023-11-22,2023-11-23,5.291901747240125,2.0558742151443523,Calibrated-Hybrid-LogTarget-scale_qlike,test
2023-11-23,2023-11-24,0.4250871900618609,2.4518373062311976,Calibrated-Hybrid-LogTarget-scale_qlike,test
2023-11-24,2023-11-27,0.4781711175817431,2.374676888004408,Calibrated-Hybrid-LogTarget-scale_qlike,test
2023-11-27,2023-11-28,0.4557176520002135,2.2134798428196323,Calibrated-Hybrid-LogTarget-scale_qlike,test
2023-11-28,2023-11-29,0.4496265629344425,2.161271249511654,Calibrated-Hybrid-LogTarget-scale_qlike,test
2023-11-29,2023-11-30,0.6229744807299576,1.9709581449296205,Calibrated-Hybrid-LogTarget-scale_qlike,test
2023-11-30,2023-12-01,0.5347066481770756,2.0278110908051175,Calibrated-Hybrid-LogTarget-scale_qlike,test
2023-12-01,2023-12-04,2.720585966130201,1.8879209134947847,Calibrated-Hybrid-LogTarget-scale_qlike,test
2023-12-04,2023-12-05,0.163386350982878,2.113389614307347,Calibrated-Hybrid-LogTarget-scale_qlike,test
2023-12-05,2023-12-06,0.8703691532467039,1.932206979202808,Calibrated-Hybrid-LogTarget-scale_qlike,test
2023-12-06,2023-12-07,0.193176184914791,1.8847961003435016,Calibrated-Hybrid-LogTarget-scale_qlike,test
2023-12-07,2023-12-08,0.0690100099875838,2.342816075672832,Calibrated-Hybrid-LogTarget-scale_qlike,test
2023-12-08,2023-12-11,0.0088783019772855,1.9501617370027386,Calibrated-Hybrid-LogTarget-scale_qlike,test
2023-12-11,2023-12-12,0.0357476055077411,1.8491395251741867,Calibrated-Hybrid-LogTarget-scale_qlike,test
2023-12-12,2023-12-13,1.4355458045904153,1.7426831143888628,Calibrated-Hybrid-LogTarget-scale_qlike,test
2023-12-13,2023-12-14,0.1339218193100039,1.9490122426825194,Calibrated-Hybrid-LogTarget-scale_qlike,test
2023-12-14,2023-12-15,0.501011926570286,1.9284207282668362,Calibrated-Hybrid-LogTarget-scale_qlike,test
2023-12-15,2023-12-18,0.9021057574713134,2.0084642152120455,Calibrated-Hybrid-LogTarget-scale_qlike,test
2023-12-18,2023-12-19,0.163207316046184,2.028852506151542,Calibrated-Hybrid-LogTarget-scale_qlike,test
2023-12-19,2023-12-20,0.1648341022859622,1.95532560792035,Calibrated-Hybrid-LogTarget-scale_qlike,test
2023-12-20,2023-12-21,0.0229820728280408,1.7780563285896287,Calibrated-Hybrid-LogTarget-scale_qlike,test
2023-12-21,2023-12-22,0.003263855536434,1.6668712426994063,Calibrated-Hybrid-LogTarget-scale_qlike,test
2023-12-22,2023-12-25,1.728982548756669,1.6020187323339592,Calibrated-Hybrid-LogTarget-scale_qlike,test
2023-12-25,2023-12-26,0.1679675706187517,1.5162826752945204,Calibrated-Hybrid-LogTarget-scale_qlike,test
2023-12-26,2023-12-27,0.0005368687109465,1.4753397422121355,Calibrated-Hybrid-LogTarget-scale_qlike,test
2023-12-27,2023-12-28,0.3802432948523992,1.4971880422564892,Calibrated-Hybrid-LogTarget-scale_qlike,test
2023-12-28,2023-12-29,0.0078393746118935,1.475174078008869,Calibrated-Hybrid-LogTarget-scale_qlike,test
2023-12-29,2024-01-02,0.0250562134986935,1.5187210302433458,Calibrated-Hybrid-LogTarget-scale_qlike,test
2024-01-02,2024-01-03,1.197029417048885,1.5874499717713058,Calibrated-Hybrid-LogTarget-scale_qlike,test
2024-01-03,2024-01-04,0.3258526092006003,1.5249946925865232,Calibrated-Hybrid-LogTarget-scale_qlike,test
2024-01-04,2024-01-05,0.1180208232703248,1.852153777404716,Calibrated-Hybrid-LogTarget-scale_qlike,test
2024-01-05,2024-01-08,0.2266269824272246,1.6080005310782424,Calibrated-Hybrid-LogTarget-scale_qlike,test
2024-01-08,2024-01-09,0.0190450011331964,1.6199599577760553,Calibrated-Hybrid-LogTarget-scale_qlike,test
2024-01-09,2024-01-10,0.0646665738710911,1.677088124304849,Calibrated-Hybrid-LogTarget-scale_qlike,test
2024-01-10,2024-01-11,0.0034252738431133,1.7931424815507087,Calibrated-Hybrid-LogTarget-scale_qlike,test
2024-01-11,2024-01-12,0.4213826457560849,1.7153618304153846,Calibrated-Hybrid-LogTarget-scale_qlike,test
2024-01-12,2024-01-15,0.0025242702278622,2.004694856587271,Calibrated-Hybrid-LogTarget-scale_qlike,test
2024-01-15,2024-01-16,0.6034028324453893,1.7229924192923403,Calibrated-Hybrid-LogTarget-scale_qlike,test
2024-01-16,2024-01-17,0.0025743958188708,1.6245093474380714,Calibrated-Hybrid-LogTarget-scale_qlike,test
2024-01-17,2024-01-18,0.3137503773939618,1.6545897520053343,Calibrated-Hybrid-LogTarget-scale_qlike,test
2024-01-18,2024-01-19,1.120382144309341,1.5514329730931837,Calibrated-Hybrid-LogTarget-scale_qlike,test
2024-01-19,2024-01-22,0.0132345962603059,1.4880722627913638,Calibrated-Hybrid-LogTarget-scale_qlike,test
2024-01-22,2024-01-23,0.2062692888507807,1.5889377068900226,Calibrated-Hybrid-LogTarget-scale_qlike,test
2024-01-23,2024-01-24,0.1485757892019817,1.571695064447486,Calibrated-Hybrid-LogTarget-scale_qlike,test
2024-01-24,2024-01-25,0.0492420848338565,1.6551446881287784,Calibrated-Hybrid-LogTarget-scale_qlike,test
2024-01-25,2024-01-26,0.2041467089523473,1.6582461249761518,Calibrated-Hybrid-LogTarget-scale_qlike,test
2024-01-26,2024-01-29,2.893888078905973e-06,1.5536351979027077,Calibrated-Hybrid-LogTarget-scale_qlike,test
2024-01-29,2024-01-30,0.1130691080782245,1.5242893150400345,Calibrated-Hybrid-LogTarget-scale_qlike,test
2024-01-30,2024-01-31,1.7132578057426455,1.4512436003790814,Calibrated-Hybrid-LogTarget-scale_qlike,test
2024-01-31,2024-02-01,0.5554695483427156,1.9198666303585716,Calibrated-Hybrid-LogTarget-scale_qlike,test
2024-02-01,2024-02-02,0.0016060494837953,1.5812780558100807,Calibrated-Hybrid-LogTarget-scale_qlike,test
2024-02-02,2024-02-05,1.312405125307974,1.7158215789523839,Calibrated-Hybrid-LogTarget-scale_qlike,test
2024-02-05,2024-02-06,0.041546270496195,1.6594254978468248,Calibrated-Hybrid-LogTarget-scale_qlike,test
2024-02-06,2024-02-07,0.7090694435364681,1.531958694279616,Calibrated-Hybrid-LogTarget-scale_qlike,test
2024-02-07,2024-02-15,0.10935700902328,1.4873080767615805,Calibrated-Hybrid-LogTarget-scale_qlike,test
2024-02-15,2024-02-16,0.3563698361907522,1.6251464089157115,Calibrated-Hybrid-LogTarget-scale_qlike,test
2024-02-16,2024-02-19,1.5735090531706803,1.580646131417159,Calibrated-Hybrid-LogTarget-scale_qlike,test
2024-02-19,2024-02-20,0.1719424828204338,1.7278319824691761,Calibrated-Hybrid-LogTarget-scale_qlike,test
2024-02-20,2024-02-21,2.643713937948573e-06,1.6548384934622902,Calibrated-Hybrid-LogTarget-scale_qlike,test
2024-02-21,2024-02-22,0.0493686905262693,1.7272611178931454,Calibrated-Hybrid-LogTarget-scale_qlike,test
2024-02-22,2024-02-23,1.5757517057356472,1.70941871303943,Calibrated-Hybrid-LogTarget-scale_qlike,test
2024-02-23,2024-02-26,0.9982359162312492,2.3924107295712327,Calibrated-Hybrid-LogTarget-scale_qlike,test
2024-02-26,2024-02-27,1.16593097532243,1.8983155832705674,Calibrated-Hybrid-LogTarget-scale_qlike,test
2024-02-27,2024-02-28,1.8813005066335944,1.9255942883112218,Calibrated-Hybrid-LogTarget-scale_qlike,test
2024-02-28,2024-02-29,0.0210764395400896,1.8506132766844903,Calibrated-Hybrid-LogTarget-scale_qlike,test
2024-02-29,2024-03-01,0.1954116660389362,1.9841876372095357,Calibrated-Hybrid-LogTarget-scale_qlike,test
2024-03-01,2024-03-04,0.0617241173730905,1.834415234315196,Calibrated-Hybrid-LogTarget-scale_qlike,test
2024-03-04,2024-03-05,0.458465682898879,2.023520025528594,Calibrated-Hybrid-LogTarget-scale_qlike,test
2024-03-05,2024-03-06,0.3277686759141466,1.8910405374994197,Calibrated-Hybrid-LogTarget-scale_qlike,test
2024-03-06,2024-03-07,0.2049845962757557,2.0149855341414225,Calibrated-Hybrid-LogTarget-scale_qlike,test
2024-03-07,2024-03-08,2.816444292658484,1.949217874758203,Calibrated-Hybrid-LogTarget-scale_qlike,test
2024-03-08,2024-03-11,0.912721979122844,2.551482160297396,Calibrated-Hybrid-LogTarget-scale_qlike,test
2024-03-11,2024-03-12,0.5879634369893775,2.252084878176777,Calibrated-Hybrid-LogTarget-scale_qlike,test
2024-03-12,2024-03-13,4.113946023612082,1.9994559024231782,Calibrated-Hybrid-LogTarget-scale_qlike,test
2024-03-13,2024-03-14,0.2431894157728003,2.0216410523491835,Calibrated-Hybrid-LogTarget-scale_qlike,test
2024-03-14,2024-03-15,0.0014420309906953,2.139329226131207,Calibrated-Hybrid-LogTarget-scale_qlike,test
2024-03-15,2024-03-18,2.60144510071112,2.07142098094665,Calibrated-Hybrid-LogTarget-scale_qlike,test
2024-03-18,2024-03-19,0.0078313418483015,2.8662176080775996,Calibrated-Hybrid-LogTarget-scale_qlike,test
2024-03-19,2024-03-20,1.98300631416396,2.132299988621356,Calibrated-Hybrid-LogTarget-scale_qlike,test
2024-03-20,2024-03-21,1.659993462713211,2.0103949290514134,Calibrated-Hybrid-LogTarget-scale_qlike,test
2024-03-21,2024-03-22,0.1769090471586793,2.1819467406010213,Calibrated-Hybrid-LogTarget-scale_qlike,test
2024-03-22,2024-03-25,1.1957204376691162,2.184960614508274,Calibrated-Hybrid-LogTarget-scale_qlike,test
2024-03-25,2024-03-26,1.266685379522265,2.2808666208381636,Calibrated-Hybrid-LogTarget-scale_qlike,test
2024-03-26,2024-03-27,0.0047070525559726,1.9353128034555236,Calibrated-Hybrid-LogTarget-scale_qlike,test
2024-03-27,2024-03-28,0.3036574536281876,1.912006343687287,Calibrated-Hybrid-LogTarget-scale_qlike,test
2024-03-28,2024-03-29,0.22386593116756,1.9164284842685984,Calibrated-Hybrid-LogTarget-scale_qlike,test
2024-03-29,2024-04-01,0.0401370314872093,1.8420650176776554,Calibrated-Hybrid-LogTarget-scale_qlike,test
2024-04-01,2024-04-02,0.1847396233779287,1.9511942098813815,Calibrated-Hybrid-LogTarget-scale_qlike,test
2024-04-02,2024-04-03,1.4814046434548742,2.027280795922134,Calibrated-Hybrid-LogTarget-scale_qlike,test
2024-04-03,2024-04-04,0.0642984527134782,2.153237944940581,Calibrated-Hybrid-LogTarget-scale_qlike,test
2024-04-04,2024-04-05,1.084676282740752,2.0451369979642253,Calibrated-Hybrid-LogTarget-scale_qlike,test
2024-04-05,2024-04-08,0.1443776586599194,2.22814328485046,Calibrated-Hybrid-LogTarget-scale_qlike,test
2024-04-08,2024-04-09,0.9848187145028622,2.0206233313595345,Calibrated-Hybrid-LogTarget-scale_qlike,test
2024-04-09,2024-04-10,0.1141835151805207,1.8095275748319817,Calibrated-Hybrid-LogTarget-scale_qlike,test
2024-04-10,2024-04-11,0.0008184297224042,1.7829202637871975,Calibrated-Hybrid-LogTarget-scale_qlike,test
2024-04-11,2024-04-12,2.1077713488695093,1.745370067448222,Calibrated-Hybrid-LogTarget-scale_qlike,test
2024-04-12,2024-04-15,23.166885904173803,1.679045927157034,Calibrated-Hybrid-LogTarget-scale_qlike,test
2024-04-15,2024-04-16,0.0058478365075764,4.341483647113336,Calibrated-Hybrid-LogTarget-scale_qlike,test
2024-04-16,2024-04-17,3.543454497340081,3.2228098169910218,Calibrated-Hybrid-LogTarget-scale_qlike,test
2024-04-17,2024-04-19,2.3528631494425456,3.24450118097334,Calibrated-Hybrid-LogTarget-scale_qlike,test
2024-04-19,2024-04-22,1.6893979231324006,3.414853902076293,Calibrated-Hybrid-LogTarget-scale_qlike,test
2024-04-22,2024-04-23,1.1727907466469314,2.789752690996422,Calibrated-Hybrid-LogTarget-scale_qlike,test
2024-04-23,2024-04-24,5.606024745553127,2.6667289752249648,Calibrated-Hybrid-LogTarget-scale_qlike,test
2024-04-24,2024-04-25,0.0028195309207452,2.4838520861210696,Calibrated-Hybrid-LogTarget-scale_qlike,test
2024-04-25,2024-04-26,0.1420473024727117,2.0985630495409615,Calibrated-Hybrid-LogTarget-scale_qlike,test
2024-04-26,2024-05-02,0.318006405977251,1.9527416163541123,Calibrated-Hybrid-LogTarget-scale_qlike,test
2024-05-02,2024-05-03,0.1468401316931458,1.8064698479239711,Calibrated-Hybrid-LogTarget-scale_qlike,test
2024-05-03,2024-05-06,2.785560071487252,1.7419634299969875,Calibrated-Hybrid-LogTarget-scale_qlike,test
2024-05-06,2024-05-07,0.3206037518220124,1.6830472396998037,Calibrated-Hybrid-LogTarget-scale_qlike,test
2024-05-07,2024-05-08,0.0214485793857184,1.5700284388549266,Calibrated-Hybrid-LogTarget-scale_qlike,test
2024-05-08,2024-05-09,0.0212146392864794,1.666283770999333,Calibrated-Hybrid-LogTarget-scale_qlike,test
2024-05-09,2024-05-10,0.0998826714071555,1.5850197369715104,Calibrated-Hybrid-LogTarget-scale_qlike,test
2024-05-10,2024-05-13,0.1323509240296012,1.6192121987929726,Calibrated-Hybrid-LogTarget-scale_qlike,test
2024-05-13,2024-05-14,0.0623260338672244,1.6492497634652188,Calibrated-Hybrid-LogTarget-scale_qlike,test
2024-05-14,2024-05-15,0.7914504364695899,1.5708046042209696,Calibrated-Hybrid-LogTarget-scale_qlike,test
2024-05-15,2024-05-16,1.3010619376829529,1.5983943035953883,Calibrated-Hybrid-LogTarget-scale_qlike,test
2024-05-16,2024-05-20,0.4777373395090949,1.6096667844134362,Calibrated-Hybrid-LogTarget-scale_qlike,test
2024-05-20,2024-05-21,0.0011865300373836,1.7447578415186202,Calibrated-Hybrid-LogTarget-scale_qlike,test
2024-05-21,2024-05-22,0.6467920233357178,1.6589970773328666,Calibrated-Hybrid-LogTarget-scale_qlike,test
2024-05-22,2024-05-23,1.2284567837418712,1.919886312930626,Calibrated-Hybrid-LogTarget-scale_qlike,test
2024-05-23,2024-05-24,2.256648937405396,1.7956360052318387,Calibrated-Hybrid-LogTarget-scale_qlike,test
2024-05-24,2024-05-27,0.2066759953224523,2.358830045655943,Calibrated-Hybrid-LogTarget-scale_qlike,test
2024-05-27,2024-05-28,1.2149042841979667,1.7802519016387495,Calibrated-Hybrid-LogTarget-scale_qlike,test
2024-05-28,2024-05-29,0.5065517433860525,1.7705628149974797,Calibrated-Hybrid-LogTarget-scale_qlike,test
2024-05-29,2024-05-30,0.2478473182821189,2.0513014716655826,Calibrated-Hybrid-LogTarget-scale_qlike,test
2024-05-30,2024-05-31,0.1324368158912983,2.035066872902899,Calibrated-Hybrid-LogTarget-scale_qlike,test
2024-05-31,2024-06-03,2.069054535054291,1.758368780916935,Calibrated-Hybrid-LogTarget-scale_qlike,test
2024-06-03,2024-06-04,0.0754175541972061,1.9636940207031706,Calibrated-Hybrid-LogTarget-scale_qlike,test
2024-06-04,2024-06-05,0.0041789785238715,1.7863607867613698,Calibrated-Hybrid-LogTarget-scale_qlike,test
2024-06-05,2024-06-06,0.003785773302666,1.7557629072297907,Calibrated-Hybrid-LogTarget-scale_qlike,test
2024-06-06,2024-06-07,0.0977825492840672,1.7268365927707754,Calibrated-Hybrid-LogTarget-scale_qlike,test
2024-06-07,2024-06-10,0.0574549317651925,1.5594426573290596,Calibrated-Hybrid-LogTarget-scale_qlike,test
2024-06-10,2024-06-11,0.236389900130653,1.618303112639397,Calibrated-Hybrid-LogTarget-scale_qlike,test
2024-06-11,2024-06-12,1.4910702380739045,1.723094915298565,Calibrated-Hybrid-LogTarget-scale_qlike,test
2024-06-12,2024-06-13,0.0102965917651104,1.6393459100280672,Calibrated-Hybrid-LogTarget-scale_qlike,test
2024-06-13,2024-06-14,2.8007247199637466,1.691574886951553,Calibrated-Hybrid-LogTarget-scale_qlike,test
2024-06-14,2024-06-17,0.1619251788207639,2.0956990785007448,Calibrated-Hybrid-LogTarget-scale_qlike,test
2024-06-17,2024-06-18,0.1371670063872054,1.8731550830200396,Calibrated-Hybrid-LogTarget-scale_qlike,test
2024-06-18,2024-06-19,0.0005135905111872,1.7010472685397002,Calibrated-Hybrid-LogTarget-scale_qlike,test
2024-06-19,2024-06-20,0.0383900740120223,1.7384337061809165,Calibrated-Hybrid-LogTarget-scale_qlike,test
2024-06-20,2024-06-21,0.0004769047173217,1.7074541944018713,Calibrated-Hybrid-LogTarget-scale_qlike,test
2024-06-21,2024-06-24,4.841244218909869,1.5679582960262233,Calibrated-Hybrid-LogTarget-scale_qlike,test
2024-06-24,2024-06-25,0.0377795857346046,2.3079860567864956,Calibrated-Hybrid-LogTarget-scale_qlike,test
2024-06-25,2024-06-26,0.1382006989182143,1.6982876370981306,Calibrated-Hybrid-LogTarget-scale_qlike,test
2024-06-26,2024-06-27,0.0291086660682599,1.6477959141987797,Calibrated-Hybrid-LogTarget-scale_qlike,test
2024-06-27,2024-06-28,1.2092769262564496,1.587395093470791,Calibrated-Hybrid-LogTarget-scale_qlike,test
2024-06-28,2024-07-01,0.5464740769679215,1.7078043266782348,Calibrated-Hybrid-LogTarget-scale_qlike,test
2024-07-01,2024-07-02,1.4560329328950323,1.5264047894328685,Calibrated-Hybrid-LogTarget-scale_qlike,test
2024-07-02,2024-07-03,0.3074231060441431,1.4618477157410938,Calibrated-Hybrid-LogTarget-scale_qlike,test
2024-07-03,2024-07-04,0.0565502378458402,1.4251233261499614,Calibrated-Hybrid-LogTarget-scale_qlike,test
2024-07-04,2024-07-05,0.0604238017679763,1.3895822333013657,Calibrated-Hybrid-LogTarget-scale_qlike,test
2024-07-05,2024-07-08,0.001641913639604,1.3714429381794737,Calibrated-Hybrid-LogTarget-scale_qlike,test
2024-07-08,2024-07-09,0.6204070574126203,1.4395798911239863,Calibrated-Hybrid-LogTarget-scale_qlike,test
2024-07-09,2024-07-10,0.3628967539784848,1.43841272122964,Calibrated-Hybrid-LogTarget-scale_qlike,test
2024-07-10,2024-07-11,0.0277401860440043,1.465448467092096,Calibrated-Hybrid-LogTarget-scale_qlike,test
2024-07-11,2024-07-12,0.0565767163705356,1.4673010555369617,Calibrated-Hybrid-LogTarget-scale_qlike,test
2024-07-12,2024-07-15,0.0052765811391784,1.4490160115193351,Calibrated-Hybrid-LogTarget-scale_qlike,test
2024-07-15,2024-07-16,0.011280250205691,1.4571639987915315,Calibrated-Hybrid-LogTarget-scale_qlike,test
2024-07-16,2024-07-17,0.9643834972427656,1.4551283542494942,Calibrated-Hybrid-LogTarget-scale_qlike,test
2024-07-17,2024-07-18,0.2066285309508605,1.9335731301769135,Calibrated-Hybrid-LogTarget-scale_qlike,test
2024-07-18,2024-07-19,0.5789189613600527,1.5544505110861633,Calibrated-Hybrid-LogTarget-scale_qlike,test
2024-07-19,2024-07-22,0.6479469442933512,1.6808581330623742,Calibrated-Hybrid-LogTarget-scale_qlike,test
2024-07-22,2024-07-23,3.3723820037131813,1.8552660512280295,Calibrated-Hybrid-LogTarget-scale_qlike,test
2024-07-23,2024-07-24,0.2907489732326712,2.0244035747658886,Calibrated-Hybrid-LogTarget-scale_qlike,test
2024-07-24,2024-07-25,0.1825373322670373,1.914467050933178,Calibrated-Hybrid-LogTarget-scale_qlike,test
2024-07-25,2024-07-26,0.5194428542577421,1.777256992034406,Calibrated-Hybrid-LogTarget-scale_qlike,test
2024-07-26,2024-07-29,0.1301982149615345,1.6550079588966446,Calibrated-Hybrid-LogTarget-scale_qlike,test
2024-07-29,2024-07-30,0.0152800221232259,1.5816294645183715,Calibrated-Hybrid-LogTarget-scale_qlike,test
2024-07-30,2024-07-31,0.2669893008576879,1.5638659039795308,Calibrated-Hybrid-LogTarget-scale_qlike,test
2024-07-31,2024-08-01,3.924859003099425,1.5069764407883346,Calibrated-Hybrid-LogTarget-scale_qlike,test
2024-08-01,2024-08-02,0.6124804127570632,2.033431685928886,Calibrated-Hybrid-LogTarget-scale_qlike,test
2024-08-02,2024-08-05,16.028441731399298,1.8239094623935193,Calibrated-Hybrid-LogTarget-scale_qlike,test
2024-08-05,2024-08-06,3.4304951964000674,4.102109078034336,Calibrated-Hybrid-LogTarget-scale_qlike,test
2024-08-06,2024-08-07,0.2131074887245232,2.926370651380089,Calibrated-Hybrid-LogTarget-scale_qlike,test
2024-08-07,2024-08-08,0.389017827650505,2.6334730223907563,Calibrated-Hybrid-LogTarget-scale_qlike,test
2024-08-08,2024-08-09,1.5873626468232618,2.5804945674743185,Calibrated-Hybrid-LogTarget-scale_qlike,test
2024-08-09,2024-08-12,0.2928717413764615,2.3211951730624727,Calibrated-Hybrid-LogTarget-scale_qlike,test
2024-08-12,2024-08-13,0.0001294788177011,2.009135203401113,Calibrated-Hybrid-LogTarget-scale_qlike,test
2024-08-13,2024-08-14,2.3780277347729983e-05,1.815693628586735,Calibrated-Hybrid-LogTarget-scale_qlike,test
2024-08-14,2024-08-15,0.3071561671079922,1.701719822072925,Calibrated-Hybrid-LogTarget-scale_qlike,test
2024-08-15,2024-08-16,5.364467227292595,1.710367565652542,Calibrated-Hybrid-LogTarget-scale_qlike,test
2024-08-16,2024-08-19,0.5581057481573143,2.0220365694087903,Calibrated-Hybrid-LogTarget-scale_qlike,test
2024-08-19,2024-08-20,0.7441049789899746,1.7179403035167273,Calibrated-Hybrid-LogTarget-scale_qlike,test
2024-08-20,2024-08-21,0.8093492360217696,1.7182551014245262,Calibrated-Hybrid-LogTarget-scale_qlike,test
2024-08-21,2024-08-22,0.0097920425309074,1.6249741897996466,Calibrated-Hybrid-LogTarget-scale_qlike,test
2024-08-22,2024-08-23,0.039129459240867,1.6411858936161396,Calibrated-Hybrid-LogTarget-scale_qlike,test
2024-08-23,2024-08-26,0.1707352129175375,1.6175956486072438,Calibrated-Hybrid-LogTarget-scale_qlike,test
2024-08-26,2024-08-27,0.0017789790178368,1.676164128017856,Calibrated-Hybrid-LogTarget-scale_qlike,test
2024-08-27,2024-08-28,0.0047191862628622,1.6329519805099533,Calibrated-Hybrid-LogTarget-scale_qlike,test
2024-08-28,2024-08-29,5.480696959213411e-06,1.639425254606944,Calibrated-Hybrid-LogTarget-scale_qlike,test
2024-08-29,2024-08-30,0.0350100605836961,1.5919054057356192,Calibrated-Hybrid-LogTarget-scale_qlike,test
2024-08-30,2024-09-04,0.3975959773479832,1.5227844138814093,Calibrated-Hybrid-LogTarget-scale_qlike,test
2024-09-04,2024-09-05,0.3560479520225069,1.585066219127597,Calibrated-Hybrid-LogTarget-scale_qlike,test
2024-09-05,2024-09-06,0.2046388013312271,1.6246987546454554,Calibrated-Hybrid-LogTarget-scale_qlike,test
2024-09-06,2024-09-09,0.2403215208141221,1.5849751456150671,Calibrated-Hybrid-LogTarget-scale_qlike,test
2024-09-09,2024-09-10,0.9818980427278184,1.5748787317420385,Calibrated-Hybrid-LogTarget-scale_qlike,test
2024-09-10,2024-09-11,0.0244199123086784,1.6811529089295703,Calibrated-Hybrid-LogTarget-scale_qlike,test
2024-09-11,2024-09-12,0.0602484567361687,1.6615264769813816,Calibrated-Hybrid-LogTarget-scale_qlike,test
2024-09-12,2024-09-13,0.1369055643032899,1.534895904269041,Calibrated-Hybrid-LogTarget-scale_qlike,test
2024-09-13,2024-09-16,0.9992379796047328,1.4765803525825305,Calibrated-Hybrid-LogTarget-scale_qlike,test
2024-09-16,2024-09-17,2.484914926701652,1.5479860997073787,Calibrated-Hybrid-LogTarget-scale_qlike,test
2024-09-17,2024-09-18,0.2223148391601984,1.471731529558985,Calibrated-Hybrid-LogTarget-scale_qlike,test
2024-09-18,2024-09-19,0.2523387575730195,1.4340563935180894,Calibrated-Hybrid-LogTarget-scale_qlike,test
2024-09-19,2024-09-20,0.003666425548263,1.3574304591949182,Calibrated-Hybrid-LogTarget-scale_qlike,test
2024-09-20,2024-09-23,0.0785444168047104,1.5377489192780531,Calibrated-Hybrid-LogTarget-scale_qlike,test
2024-09-23,2024-09-24,0.447081172927798,1.4117577725731563,Calibrated-Hybrid-LogTarget-scale_qlike,test
2024-09-24,2024-09-25,0.6692996014919499,1.3489751948218842,Calibrated-Hybrid-LogTarget-scale_qlike,test
2024-09-25,2024-09-26,0.0967067651015831,1.5654218544583127,Calibrated-Hybrid-LogTarget-scale_qlike,test
2024-09-26,2024-09-27,0.0019487643545271,1.5952406852878591,Calibrated-Hybrid-LogTarget-scale_qlike,test
2024-09-27,2024-09-30,0.0534118196752501,1.6293212742495549,Calibrated-Hybrid-LogTarget-scale_qlike,test
2024-09-30,2024-10-01,0.1090419063191174,1.5354300978943827,Calibrated-Hybrid-LogTarget-scale_qlike,test
2024-10-01,2024-10-02,0.1142301950532245,1.7349857973452163,Calibrated-Hybrid-LogTarget-scale_qlike,test
2024-10-02,2024-10-03,0.5763536966008403,1.6095560692834203,Calibrated-Hybrid-LogTarget-scale_qlike,test
2024-10-03,2024-10-04,0.3463758362975216,1.9662317964344451,Calibrated-Hybrid-LogTarget-scale_qlike,test
2024-10-04,2024-10-07,0.0027820245719093,1.7335150578372418,Calibrated-Hybrid-LogTarget-scale_qlike,test
2024-10-07,2024-10-08,0.0260164216385025,1.7173673841994939,Calibrated-Hybrid-LogTarget-scale_qlike,test
2024-10-08,2024-10-09,0.5974680039460253,1.654231204038913,Calibrated-Hybrid-LogTarget-scale_qlike,test
2024-10-09,2024-10-10,0.1233539050383977,1.5582827007850517,Calibrated-Hybrid-LogTarget-scale_qlike,test
2024-10-10,2024-10-11,0.0248646364370185,1.5348089941476133,Calibrated-Hybrid-LogTarget-scale_qlike,test
2024-10-11,2024-10-14,0.0253573876734088,1.4411090729921965,Calibrated-Hybrid-LogTarget-scale_qlike,test
2024-10-14,2024-10-15,0.1678954221921946,1.533579606159547,Calibrated-Hybrid-LogTarget-scale_qlike,test
2024-10-15,2024-10-16,0.0156181703703392,1.5972489763315731,Calibrated-Hybrid-LogTarget-scale_qlike,test
2024-10-16,2024-10-17,0.301088511662053,1.478803070727385,Calibrated-Hybrid-LogTarget-scale_qlike,test
2024-10-17,2024-10-18,0.0067941729317095,1.484456799985226,Calibrated-Hybrid-LogTarget-scale_qlike,test
2024-10-18,2024-10-21,0.1968037312439634,1.4694099566530892,Calibrated-Hybrid-LogTarget-scale_qlike,test
2024-10-21,2024-10-22,0.6006392197446851,1.4814308460279562,Calibrated-Hybrid-LogTarget-scale_qlike,test
2024-10-22,2024-10-23,0.0063207009295036,1.6441729715697047,Calibrated-Hybrid-LogTarget-scale_qlike,test
2024-10-23,2024-10-24,1.1387581243922995,1.5149781857488358,Calibrated-Hybrid-LogTarget-scale_qlike,test
2024-10-24,2024-10-25,0.1396414208283497,1.6186239650322836,Calibrated-Hybrid-LogTarget-scale_qlike,test
2024-10-25,2024-10-28,0.0267355724555891,1.5562714567103206,Calibrated-Hybrid-LogTarget-scale_qlike,test
2024-10-28,2024-10-29,0.310375295938392,1.4807435004658693,Calibrated-Hybrid-LogTarget-scale_qlike,test
2024-10-29,2024-10-30,0.0624797327224918,1.3839836013954014,Calibrated-Hybrid-LogTarget-scale_qlike,test
2024-10-30,2024-10-31,0.2150309186038439,1.3591437392154169,Calibrated-Hybrid-LogTarget-scale_qlike,test
2024-10-31,2024-11-01,0.5795854757810541,1.2849164930970238,Calibrated-Hybrid-LogTarget-scale_qlike,test
2024-11-01,2024-11-04,0.6634669865085588,1.3722684777312857,Calibrated-Hybrid-LogTarget-scale_qlike,test
2024-11-04,2024-11-05,0.0071101049569573,1.5089282956298777,Calibrated-Hybrid-LogTarget-scale_qlike,test
2024-11-05,2024-11-06,1.532964136157592,1.3836277772852803,Calibrated-Hybrid-LogTarget-scale_qlike,test
2024-11-06,2024-11-07,0.0147328555936719,1.3277290057082747,Calibrated-Hybrid-LogTarget-scale_qlike,test
2024-11-07,2024-11-08,0.3276224769794669,1.3104319643592108,Calibrated-Hybrid-LogTarget-scale_qlike,test
2024-11-08,2024-11-11,0.0320387972398517,1.358570462289466,Calibrated-Hybrid-LogTarget-scale_qlike,test
2024-11-11,2024-11-12,0.1943555469915317,1.5051963069191814,Calibrated-Hybrid-LogTarget-scale_qlike,test
2024-11-12,2024-11-13,0.0095957977358447,1.4542020001494589,Calibrated-Hybrid-LogTarget-scale_qlike,test
2024-11-13,2024-11-14,1.304380342114139,1.4347718386518422,Calibrated-Hybrid-LogTarget-scale_qlike,test
2024-11-14,2024-11-15,1.1819027969632745,1.5106485520456425,Calibrated-Hybrid-LogTarget-scale_qlike,test
2024-11-15,2024-11-18,0.0141759467193479,1.6751867215284706,Calibrated-Hybrid-LogTarget-scale_qlike,test
2024-11-18,2024-11-19,0.9768103702203697,1.5947069743722455,Calibrated-Hybrid-LogTarget-scale_qlike,test
2024-11-19,2024-11-20,0.8848644501514296,1.6051880463453294,Calibrated-Hybrid-LogTarget-scale_qlike,test
2024-11-20,2024-11-21,0.9302138287758972,1.5986547977241867,Calibrated-Hybrid-LogTarget-scale_qlike,test
2024-11-21,2024-11-22,0.0003506766753295,1.459556175309036,Calibrated-Hybrid-LogTarget-scale_qlike,test
2024-11-22,2024-11-25,0.2872709111767263,1.4386284493890287,Calibrated-Hybrid-LogTarget-scale_qlike,test
2024-11-25,2024-11-26,0.3599546809656788,1.3710239805320168,Calibrated-Hybrid-LogTarget-scale_qlike,test
2024-11-26,2024-11-27,0.0001659440969947,1.328931351888472,Calibrated-Hybrid-LogTarget-scale_qlike,test
2024-11-27,2024-11-28,0.0001270529950301,1.2687766066237054,Calibrated-Hybrid-LogTarget-scale_qlike,test
2024-11-28,2024-11-29,0.4488915850595839,1.2811847835239445,Calibrated-Hybrid-LogTarget-scale_qlike,test
2024-11-29,2024-12-02,0.0035951954303536,1.2388202785731033,Calibrated-Hybrid-LogTarget-scale_qlike,test
2024-12-02,2024-12-03,0.0121780282468158,1.2427519570704622,Calibrated-Hybrid-LogTarget-scale_qlike,test
2024-12-03,2024-12-04,0.5723787875208138,1.281224188246616,Calibrated-Hybrid-LogTarget-scale_qlike,test
2024-12-04,2024-12-05,4.677770763753511,1.3494187827707638,Calibrated-Hybrid-LogTarget-scale_qlike,test
2024-12-05,2024-12-06,0.0423127275118428,1.528940162657205,Calibrated-Hybrid-LogTarget-scale_qlike,test
2024-12-06,2024-12-09,0.0846129168166276,1.3638675961822595,Calibrated-Hybrid-LogTarget-scale_qlike,test
2024-12-09,2024-12-10,0.019333949066393,1.3953543748722717,Calibrated-Hybrid-LogTarget-scale_qlike,test
2024-12-10,2024-12-11,0.0638388590450149,1.4055102349253876,Calibrated-Hybrid-LogTarget-scale_qlike,test
2024-12-11,2024-12-12,0.0141789335558376,1.4666123982882333,Calibrated-Hybrid-LogTarget-scale_qlike,test
2024-12-12,2024-12-13,0.1427917911928931,1.403949704529207,Calibrated-Hybrid-LogTarget-scale_qlike,test
2024-12-13,2024-12-16,0.0093280152446342,1.3672633541323158,Calibrated-Hybrid-LogTarget-scale_qlike,test
2024-12-16,2024-12-17,0.0268721671219935,1.3020296199485855,Calibrated-Hybrid-LogTarget-scale_qlike,test
2024-12-17,2024-12-18,0.1146807250456102,1.246432939365377,Calibrated-Hybrid-LogTarget-scale_qlike,test
2024-12-18,2024-12-19,0.8081531599464532,1.2280700947821335,Calibrated-Hybrid-LogTarget-scale_qlike,test
2024-12-19,2024-12-20,0.0507615856480591,1.4187319064353245,Calibrated-Hybrid-LogTarget-scale_qlike,test
2024-12-20,2024-12-23,0.1742376670775678,1.3146401271705466,Calibrated-Hybrid-LogTarget-scale_qlike,test
2024-12-23,2024-12-24,0.0361915284275727,1.2542577379458153,Calibrated-Hybrid-LogTarget-scale_qlike,test
2024-12-24,2024-12-25,1.1654410256024177,1.3129815378713334,Calibrated-Hybrid-LogTarget-scale_qlike,test
2024-12-25,2024-12-26,0.0084412075502873,1.3788701619699149,Calibrated-Hybrid-LogTarget-scale_qlike,test
2024-12-26,2024-12-27,0.0317475107765902,1.3205175887484284,Calibrated-Hybrid-LogTarget-scale_qlike,test
2024-12-27,2024-12-30,0.0600146339677672,1.3351434126003998,Calibrated-Hybrid-LogTarget-scale_qlike,test
2024-12-30,2024-12-31,0.1703989127600233,1.3234806808829236,Calibrated-Hybrid-LogTarget-scale_qlike,test
2024-12-31,2025-01-02,0.0533739456959429,1.3317472537448891,Calibrated-Hybrid-LogTarget-scale_qlike,test
2025-01-02,2025-01-03,1.435132590022104,1.2442972073865257,Calibrated-Hybrid-LogTarget-scale_qlike,test
2025-01-03,2025-01-06,0.4342211890889308,1.3957123827724824,Calibrated-Hybrid-LogTarget-scale_qlike,test
2025-01-06,2025-01-07,0.037939050469307,1.4427791865730348,Calibrated-Hybrid-LogTarget-scale_qlike,test
2025-01-07,2025-01-08,0.032117795831564,1.406817060974333,Calibrated-Hybrid-LogTarget-scale_qlike,test
2025-01-08,2025-01-09,0.1768543904547769,1.3076801505888536,Calibrated-Hybrid-LogTarget-scale_qlike,test
2025-01-09,2025-01-10,1.525095444996381,1.2268847021534948,Calibrated-Hybrid-LogTarget-scale_qlike,test
2025-01-10,2025-01-13,0.175796578127988,1.3888355131170342,Calibrated-Hybrid-LogTarget-scale_qlike,test
2025-01-13,2025-01-14,0.2850878204367433,1.3417864141752633,Calibrated-Hybrid-LogTarget-scale_qlike,test
2025-01-14,2025-01-15,0.3327205813226502,1.2821973193974705,Calibrated-Hybrid-LogTarget-scale_qlike,test
2025-01-15,2025-01-16,0.2486834462527659,1.2396423842692306,Calibrated-Hybrid-LogTarget-scale_qlike,test
2025-01-16,2025-01-17,0.293601545819197,1.1889286378659132,Calibrated-Hybrid-LogTarget-scale_qlike,test
2025-01-17,2025-01-20,0.0012403693451998,1.1125427176221045,Calibrated-Hybrid-LogTarget-scale_qlike,test
2025-01-20,2025-01-21,0.0768862836866478,1.097526604799263,Calibrated-Hybrid-LogTarget-scale_qlike,test
2025-01-21,2025-01-22,0.0818546593881995,1.1010475252098693,Calibrated-Hybrid-LogTarget-scale_qlike,test
2025-01-22,2025-01-23,1.8682525367895249,1.1266708697555932,Calibrated-Hybrid-LogTarget-scale_qlike,test
2025-01-23,2025-01-24,0.1843517308365074,1.1395613568263292,Calibrated-Hybrid-LogTarget-scale_qlike,test
2025-01-24,2025-02-04,0.0008556873339296,1.163629525722403,Calibrated-Hybrid-LogTarget-scale_qlike,test
2025-02-04,2025-02-05,0.1513708695410532,1.2489846959833664,Calibrated-Hybrid-LogTarget-scale_qlike,test
2025-02-05,2025-02-06,0.0216622352028634,1.231189385615108,Calibrated-Hybrid-LogTarget-scale_qlike,test
2025-02-06,2025-02-07,0.0853488617566438,1.2569930296911798,Calibrated-Hybrid-LogTarget-scale_qlike,test
2025-02-07,2025-02-10,0.8849819273953393,1.233848188164457,Calibrated-Hybrid-LogTarget-scale_qlike,test
2025-02-10,2025-02-11,0.168100114678953,1.457208294875191,Calibrated-Hybrid-LogTarget-scale_qlike,test
2025-02-11,2025-02-12,0.0147578221185138,1.391486702869216,Calibrated-Hybrid-LogTarget-scale_qlike,test
2025-02-12,2025-02-13,0.0735271043646943,1.3660619902933309,Calibrated-Hybrid-LogTarget-scale_qlike,test
2025-02-13,2025-02-14,0.2025383263760581,1.324648071218342,Calibrated-Hybrid-LogTarget-scale_qlike,test
2025-02-14,2025-02-17,0.0695132401561259,1.3542880302330225,Calibrated-Hybrid-LogTarget-scale_qlike,test
2025-02-17,2025-02-18,0.1805870585568251,1.4677473339106015,Calibrated-Hybrid-LogTarget-scale_qlike,test
2025-02-18,2025-02-19,0.6592497592052439,1.4079508725331693,Calibrated-Hybrid-LogTarget-scale_qlike,test
2025-02-19,2025-02-20,0.1172593983298531,1.4321238781596228,Calibrated-Hybrid-LogTarget-scale_qlike,test
2025-02-20,2025-02-21,0.0847684671072922,1.4337237578550324,Calibrated-Hybrid-LogTarget-scale_qlike,test
2025-02-21,2025-02-24,0.3605624100663593,1.4145839085737353,Calibrated-Hybrid-LogTarget-scale_qlike,test
2025-02-24,2025-02-25,0.0115290687889239,1.4771793012154333,Calibrated-Hybrid-LogTarget-scale_qlike,test
2025-02-25,2025-02-26,0.0002355760665946,1.578453224888204,Calibrated-Hybrid-LogTarget-scale_qlike,test
2025-02-26,2025-02-27,0.1374731263687118,1.5372216154354357,Calibrated-Hybrid-LogTarget-scale_qlike,test
2025-02-27,2025-02-28,0.0348744922200793,1.6427196810510287,Calibrated-Hybrid-LogTarget-scale_qlike,test
2025-02-28,2025-03-03,0.0940796554023008,1.6166903609103933,Calibrated-Hybrid-LogTarget-scale_qlike,test
2025-03-03,2025-03-04,0.0375578625820462,1.6387925590802785,Calibrated-Hybrid-LogTarget-scale_qlike,test
2025-03-04,2025-03-05,0.3028627512498273,1.7556984430105544,Calibrated-Hybrid-LogTarget-scale_qlike,test
2025-03-05,2025-03-06,1.0612188848677555,1.7187045615557155,Calibrated-Hybrid-LogTarget-scale_qlike,test
2025-03-06,2025-03-07,0.350731246280503,1.8643760127039026,Calibrated-Hybrid-LogTarget-scale_qlike,test
2025-03-07,2025-03-10,0.1014325645495789,1.7867413703892887,Calibrated-Hybrid-LogTarget-scale_qlike,test
2025-03-10,2025-03-11,0.0288133302998629,1.7536759299700688,Calibrated-Hybrid-LogTarget-scale_qlike,test
2025-03-11,2025-03-12,0.0196658897235791,1.7463057754178506,Calibrated-Hybrid-LogTarget-scale_qlike,test
2025-03-12,2025-03-13,0.3743917074856848,1.7591782864643177,Calibrated-Hybrid-LogTarget-scale_qlike,test
2025-03-13,2025-03-14,8.187247062994656e-05,1.9729515836863427,Calibrated-Hybrid-LogTarget-scale_qlike,test
2025-03-14,2025-03-17,0.5767885171931181,1.9414561168177016,Calibrated-Hybrid-LogTarget-scale_qlike,test
2025-03-17,2025-03-18,0.157344490226044,1.813644161998315,Calibrated-Hybrid-LogTarget-scale_qlike,test
2025-03-18,2025-03-19,0.2279894954046255,1.8364651856380585,Calibrated-Hybrid-LogTarget-scale_qlike,test
2025-03-19,2025-03-20,0.0027940647092661,1.8810276327122757,Calibrated-Hybrid-LogTarget-scale_qlike,test
2025-03-20,2025-03-21,0.0240132299745747,1.8712589079035569,Calibrated-Hybrid-LogTarget-scale_qlike,test
2025-03-21,2025-03-24,0.4050748456224285,1.8022387004238154,Calibrated-Hybrid-LogTarget-scale_qlike,test
2025-03-24,2025-03-25,0.0144479307849922,1.7891492091536152,Calibrated-Hybrid-LogTarget-scale_qlike,test
2025-03-25,2025-03-26,0.1924355354900559,1.7976846233794863,Calibrated-Hybrid-LogTarget-scale_qlike,test
2025-03-26,2025-03-27,0.0296122174159068,1.752787046665561,Calibrated-Hybrid-LogTarget-scale_qlike,test
2025-03-27,2025-03-28,0.2311977047112736,1.6844187362884007,Calibrated-Hybrid-LogTarget-scale_qlike,test
2025-03-28,2025-03-31,0.652593682196234,1.7287145988528696,Calibrated-Hybrid-LogTarget-scale_qlike,test
2025-03-31,2025-04-01,0.6367477385533009,1.852179168882167,Calibrated-Hybrid-LogTarget-scale_qlike,test
2025-04-01,2025-04-02,0.0014400780515298,1.6448093129464503,Calibrated-Hybrid-LogTarget-scale_qlike,test
2025-04-02,2025-04-03,47.7513682523715,1.7055264965851167,Calibrated-Hybrid-LogTarget-scale_qlike,test
2025-04-03,2025-04-04,2.4680894659320427,6.35746129947849,Calibrated-Hybrid-LogTarget-scale_qlike,test
2025-04-04,2025-04-08,44.20961209050503,3.9036614808578167,Calibrated-Hybrid-LogTarget-scale_qlike,test
2025-04-08,2025-04-09,11.94996872052983,9.160610832813505,Calibrated-Hybrid-LogTarget-scale_qlike,test
2025-04-09,2025-04-10,42.861963107094255,4.299347530675628,Calibrated-Hybrid-LogTarget-scale_qlike,test
2025-04-10,2025-04-11,20.5039468602513,7.2747159717439605,Calibrated-Hybrid-LogTarget-scale_qlike,test
2025-04-11,2025-04-14,2.373686902735611,3.3710273504394217,Calibrated-Hybrid-LogTarget-scale_qlike,test
2025-04-14,2025-04-15,1.222393557661562,3.031644425062605,Calibrated-Hybrid-LogTarget-scale_qlike,test
2025-04-15,2025-04-16,2.0585197770339483,2.2439102242353552,Calibrated-Hybrid-LogTarget-scale_qlike,test
2025-04-16,2025-04-17,0.3278654140280428,2.3493152485188316,Calibrated-Hybrid-LogTarget-scale_qlike,test
2025-04-17,2025-04-18,0.0235644272572965,2.1371794015312275,Calibrated-Hybrid-LogTarget-scale_qlike,test
2025-04-18,2025-04-21,0.9867147275211472,1.8795274199007657,Calibrated-Hybrid-LogTarget-scale_qlike,test
2025-04-21,2025-04-22,0.6837487157170882,1.8731012690971633,Calibrated-Hybrid-LogTarget-scale_qlike,test
2025-04-22,2025-04-23,1.3269747595182129,1.9673954335916075,Calibrated-Hybrid-LogTarget-scale_qlike,test
2025-04-23,2025-04-24,1.029521260921247,1.7830241992015659,Calibrated-Hybrid-LogTarget-scale_qlike,test
2025-04-24,2025-04-25,0.2299163958338018,1.7038832867532303,Calibrated-Hybrid-LogTarget-scale_qlike,test
2025-04-25,2025-04-28,0.0391566462219492,1.6389347868246313,Calibrated-Hybrid-LogTarget-scale_qlike,test
2025-04-28,2025-04-29,0.0016617646152264,1.6475857447349889,Calibrated-Hybrid-LogTarget-scale_qlike,test
2025-04-29,2025-05-05,1.2432686189181044,1.652591118626259,Calibrated-Hybrid-LogTarget-scale_qlike,test
2025-05-05,2025-05-06,0.0234403346988041,1.6615694585965903,Calibrated-Hybrid-LogTarget-scale_qlike,test
2025-05-06,2025-05-07,0.4565410925067849,1.696276459302714,Calibrated-Hybrid-LogTarget-scale_qlike,test
2025-05-07,2025-05-08,2.377733233918144,1.7140184676724006,Calibrated-Hybrid-LogTarget-scale_qlike,test
2025-05-08,2025-05-09,0.0388387388391833,1.7890459830565684,Calibrated-Hybrid-LogTarget-scale_qlike,test
2025-05-09,2025-05-12,1.5662677776101377,1.7695976552174535,Calibrated-Hybrid-LogTarget-scale_qlike,test
2025-05-12,2025-05-13,0.6231348828577624,1.8384231877921076,Calibrated-Hybrid-LogTarget-scale_qlike,test
2025-05-13,2025-05-14,1.5683566422405055,1.8670536127839574,Calibrated-Hybrid-LogTarget-scale_qlike,test
2025-05-14,2025-05-15,0.0700077382080358,1.8588543796584511,Calibrated-Hybrid-LogTarget-scale_qlike,test
2025-05-15,2025-05-16,0.816128421348678,1.9444683232936955,Calibrated-Hybrid-LogTarget-scale_qlike,test
2025-05-16,2025-05-19,0.1541807515116988,1.9434906104913825,Calibrated-Hybrid-LogTarget-scale_qlike,test
2025-05-19,2025-05-20,2.0864038037366446,1.9960258392346455,Calibrated-Hybrid-LogTarget-scale_qlike,test
2025-05-20,2025-05-21,0.3586751908572574,1.95620013521021,Calibrated-Hybrid-LogTarget-scale_qlike,test
2025-05-21,2025-05-22,0.4879763310352334,1.987407814062164,Calibrated-Hybrid-LogTarget-scale_qlike,test
2025-05-22,2025-05-23,0.0022258378145528,2.1088870362316707,Calibrated-Hybrid-LogTarget-scale_qlike,test
2025-05-23,2025-05-26,1.8600723156803831,1.7996714308958124,Calibrated-Hybrid-LogTarget-scale_qlike,test
2025-05-26,2025-05-27,0.2984907987188625,1.918699997515175,Calibrated-Hybrid-LogTarget-scale_qlike,test
2025-05-27,2025-05-28,0.0236037331895616,1.9930140665835474,Calibrated-Hybrid-LogTarget-scale_qlike,test
2025-05-28,2025-05-29,5.553699144539498e-07,1.8769024088463635,Calibrated-Hybrid-LogTarget-scale_qlike,test
2025-05-29,2025-05-30,0.4795271728756022,1.8825642764507606,Calibrated-Hybrid-LogTarget-scale_qlike,test
2025-05-30,2025-06-02,0.0768775248909457,2.0173589552349345,Calibrated-Hybrid-LogTarget-scale_qlike,test
2025-06-02,2025-06-03,0.6659991384313828,1.945180539284585,Calibrated-Hybrid-LogTarget-scale_qlike,test
2025-06-03,2025-06-04,0.0125760569530384,2.0289366745066375,Calibrated-Hybrid-LogTarget-scale_qlike,test
2025-06-04,2025-06-05,0.0737636944522696,1.9883933981644784,Calibrated-Hybrid-LogTarget-scale_qlike,test
2025-06-05,2025-06-06,0.8339101934074882,1.8574464698011812,Calibrated-Hybrid-LogTarget-scale_qlike,test
2025-06-06,2025-06-09,2.1415615006193414,2.0783392138800973,Calibrated-Hybrid-LogTarget-scale_qlike,test
2025-06-09,2025-06-10,0.1857120921961249,2.1712111261332914,Calibrated-Hybrid-LogTarget-scale_qlike,test
2025-06-10,2025-06-11,0.0061284527471124,2.070242583349126,Calibrated-Hybrid-LogTarget-scale_qlike,test
2025-06-11,2025-06-12,0.348758893746006,1.9210983240645816,Calibrated-Hybrid-LogTarget-scale_qlike,test
2025-06-12,2025-06-13,0.3232043851233978,1.9756970320367728,Calibrated-Hybrid-LogTarget-scale_qlike,test
2025-06-13,2025-06-16,2.90666722935662,2.3119730151976388,Calibrated-Hybrid-LogTarget-scale_qlike,test
2025-06-16,2025-06-17,0.5089174637565245,1.903355329778429,Calibrated-Hybrid-LogTarget-scale_qlike,test
2025-06-17,2025-06-18,0.0040746855610125,1.8213907897423363,Calibrated-Hybrid-LogTarget-scale_qlike,test
2025-06-18,2025-06-19,0.1490639362511987,1.8528673000366362,Calibrated-Hybrid-LogTarget-scale_qlike,test
2025-06-19,2025-06-20,0.0396634294929435,1.7178016632687636,Calibrated-Hybrid-LogTarget-scale_qlike,test
2025-06-20,2025-06-23,0.4254396112184308,1.8784880822652887,Calibrated-Hybrid-LogTarget-scale_qlike,test
2025-06-23,2025-06-24,0.3974954121903902,1.7462608100072186,Calibrated-Hybrid-LogTarget-scale_qlike,test
2025-06-24,2025-06-25,2.141289912653593e-06,1.8601977166820218,Calibrated-Hybrid-LogTarget-scale_qlike,test
2025-06-25,2025-06-26,0.0062490303873797,1.7536364191206402,Calibrated-Hybrid-LogTarget-scale_qlike,test
2025-06-26,2025-06-27,0.1777576915183636,1.6638768447275096,Calibrated-Hybrid-LogTarget-scale_qlike,test
2025-06-27,2025-06-30,0.1135910808511721,1.671253106340591,Calibrated-Hybrid-LogTarget-scale_qlike,test
2025-06-30,2025-07-01,0.0165236945249244,1.6103767318319842,Calibrated-Hybrid-LogTarget-scale_qlike,test
2025-07-01,2025-07-02,0.2388288030529801,1.6745867370332306,Calibrated-Hybrid-LogTarget-scale_qlike,test
2025-07-02,2025-07-03,0.0361488680610222,1.762883992010676,Calibrated-Hybrid-LogTarget-scale_qlike,test
2025-07-03,2025-07-04,0.1309520910154639,2.255579972232827,Calibrated-Hybrid-LogTarget-scale_qlike,test
2025-07-04,2025-07-07,1.1709559965363006,1.8499420812863347,Calibrated-Hybrid-LogTarget-scale_qlike,test
2025-07-07,2025-07-08,0.904778187332118,2.1536019564145383,Calibrated-Hybrid-LogTarget-scale_qlike,test
2025-07-08,2025-07-09,1.241559484315582,2.0951540273032925,Calibrated-Hybrid-LogTarget-scale_qlike,test
2025-07-09,2025-07-10,0.9910271514632224,2.310839301394464,Calibrated-Hybrid-LogTarget-scale_qlike,test
2025-07-10,2025-07-11,0.6970381226212395,1.9770899256009493,Calibrated-Hybrid-LogTarget-scale_qlike,test
2025-07-11,2025-07-14,0.7477170344432008,2.1192212646516535,Calibrated-Hybrid-LogTarget-scale_qlike,test
2025-07-14,2025-07-15,0.4444265080916222,2.140802391863924,Calibrated-Hybrid-LogTarget-scale_qlike,test
2025-07-15,2025-07-16,0.1995824056263008,2.402855152106155,Calibrated-Hybrid-LogTarget-scale_qlike,test
2025-07-16,2025-07-17,2.3820294026445814,2.2766042178361423,Calibrated-Hybrid-LogTarget-scale_qlike,test
2025-07-17,2025-07-18,0.2369058350764768,2.4028720522826617,Calibrated-Hybrid-LogTarget-scale_qlike,test
2025-07-18,2025-07-21,0.6726766922283197,2.4632540257341295,Calibrated-Hybrid-LogTarget-scale_qlike,test
2025-07-21,2025-07-22,2.6753597330452594,2.517855702333627,Calibrated-Hybrid-LogTarget-scale_qlike,test
2025-07-22,2025-07-23,0.033610422134737,2.280730402757376,Calibrated-Hybrid-LogTarget-scale_qlike,test
2025-07-23,2025-07-24,0.3298066193429415,2.5372438357551594,Calibrated-Hybrid-LogTarget-scale_qlike,test
2025-07-24,2025-07-25,0.4388880259346913,2.461211706473129,Calibrated-Hybrid-LogTarget-scale_qlike,test
2025-07-25,2025-07-28,2.898363616722053,2.4366799990298516,Calibrated-Hybrid-LogTarget-scale_qlike,test
2025-07-28,2025-07-29,17.613558540836202,2.6872450510538304,Calibrated-Hybrid-LogTarget-scale_qlike,test
2025-07-29,2025-07-30,0.8980946651524866,3.8376978725148736,Calibrated-Hybrid-LogTarget-scale_qlike,test
2025-07-30,2025-07-31,0.1152726694915896,2.9782506210705497,Calibrated-Hybrid-LogTarget-scale_qlike,test
2025-07-31,2025-08-01,0.1152726694915833,2.9944668150178213,Calibrated-Hybrid-LogTarget-scale_qlike,test
2025-08-01,2025-08-04,1.834710119502004,2.727691030843706,Calibrated-Hybrid-LogTarget-scale_qlike,test
2025-08-04,2025-08-05,1.520412348936557,2.3618483480629338,Calibrated-Hybrid-LogTarget-scale_qlike,test
2025-08-05,2025-08-06,2.8972670658789563,3.4013922401551486,Calibrated-Hybrid-LogTarget-scale_qlike,test
2025-08-06,2025-08-07,0.2635664108766646,2.397682846189612,Calibrated-Hybrid-LogTarget-scale_qlike,test
2025-08-07,2025-08-08,0.039326859883716,2.54044773066712,Calibrated-Hybrid-LogTarget-scale_qlike,test
2025-08-08,2025-08-11,0.9422556417684452,2.7897142800676873,Calibrated-Hybrid-LogTarget-scale_qlike,test
2025-08-11,2025-08-12,0.2369869845385009,2.6251510823427533,Calibrated-Hybrid-LogTarget-scale_qlike,test
2025-08-12,2025-08-13,0.0440788772156527,2.588138198984633,Calibrated-Hybrid-LogTarget-scale_qlike,test
2025-08-13,2025-08-14,3.200310161092739,2.8049801552917093,Calibrated-Hybrid-LogTarget-scale_qlike,test
2025-08-14,2025-08-15,0.4273067256056122,2.6977285418165775,Calibrated-Hybrid-LogTarget-scale_qlike,test
2025-08-15,2025-08-18,0.1521280158050796,2.870589998950141,Calibrated-Hybrid-LogTarget-scale_qlike,test
2025-08-18,2025-08-19,1.174434797614126,2.5254099769039953,Calibrated-Hybrid-LogTarget-scale_qlike,test
2025-08-19,2025-08-20,0.3749305014941085,2.700011218639442,Calibrated-Hybrid-LogTarget-scale_qlike,test
2025-08-20,2025-08-21,1.989152286945736,2.9969655639587707,Calibrated-Hybrid-LogTarget-scale_qlike,test
2025-08-21,2025-08-22,6.511855987425645,2.5184122452633577,Calibrated-Hybrid-LogTarget-scale_qlike,test
2025-08-22,2025-08-25,3.721774310323592,2.9593399657704103,Calibrated-Hybrid-LogTarget-scale_qlike,test
2025-08-25,2025-08-26,10.672831463331164,2.667115727246635,Calibrated-Hybrid-LogTarget-scale_qlike,test
2025-08-26,2025-08-27,0.1033600134238672,2.2794614642334503,Calibrated-Hybrid-LogTarget-scale_qlike,test
2025-08-27,2025-08-28,0.2196933006813634,2.3024911787231876,Calibrated-Hybrid-LogTarget-scale_qlike,test
2025-08-28,2025-08-29,0.0064454873601164,1.9565611578398618,Calibrated-Hybrid-LogTarget-scale_qlike,test
2025-08-29,2025-09-03,0.0029279074904991,2.127027754157985,Calibrated-Hybrid-LogTarget-scale_qlike,test
2025-09-03,2025-09-04,0.7878709714332047,2.075324461309664,Calibrated-Hybrid-LogTarget-scale_qlike,test
2025-09-04,2025-09-05,3.0401082196490887,2.1273129031474505,Calibrated-Hybrid-LogTarget-scale_qlike,test
2025-09-05,2025-09-08,6.650758234823594,2.4495448434169713,Calibrated-Hybrid-LogTarget-scale_qlike,test
2025-09-08,2025-09-09,0.6150034620566089,2.7353323874065607,Calibrated-Hybrid-LogTarget-scale_qlike,test
2025-09-09,2025-09-10,0.1311392104891743,2.1585801640309827,Calibrated-Hybrid-LogTarget-scale_qlike,test
2025-09-10,2025-09-11,0.7707413531131861,1.9399793996779633,Calibrated-Hybrid-LogTarget-scale_qlike,test
2025-09-11,2025-09-12,0.3272182232185671,2.1158819708719916,Calibrated-Hybrid-LogTarget-scale_qlike,test
2025-09-12,2025-09-15,1.1076835127457196,1.8829976797235348,Calibrated-Hybrid-LogTarget-scale_qlike,test
2025-09-15,2025-09-16,0.0564941879844652,1.8632111150674677,Calibrated-Hybrid-LogTarget-scale_qlike,test
2025-09-16,2025-09-17,0.3510643230345384,1.9713345812292002,Calibrated-Hybrid-LogTarget-scale_qlike,test
2025-09-17,2025-09-18,0.1204832995414096,1.8255506867669613,Calibrated-Hybrid-LogTarget-scale_qlike,test
2025-09-18,2025-09-19,0.1558113286329437,1.7663599686093563,Calibrated-Hybrid-LogTarget-scale_qlike,test
2025-09-19,2025-09-22,2.1548992233102013,1.7621023993090505,Calibrated-Hybrid-LogTarget-scale_qlike,test
2025-09-22,2025-09-23,0.0024547743448737,2.0030785816121055,Calibrated-Hybrid-LogTarget-scale_qlike,test
2025-09-23,2025-09-24,1.8183165781347828,1.6633746993697545,Calibrated-Hybrid-LogTarget-scale_qlike,test
2025-09-24,2025-09-25,0.2696988542084727,1.8141218178413108,Calibrated-Hybrid-LogTarget-scale_qlike,test
2025-09-25,2025-09-26,0.1049995667244043,1.7772894077591823,Calibrated-Hybrid-LogTarget-scale_qlike,test
2025-09-26,2025-09-29,0.1207157531709924,1.7529951717321666,Calibrated-Hybrid-LogTarget-scale_qlike,test
2025-09-29,2025-09-30,0.0825092745825899,1.6227880717362935,Calibrated-Hybrid-LogTarget-scale_qlike,test
2025-09-30,2025-10-01,0.0405610853854958,1.8470254440146063,Calibrated-Hybrid-LogTarget-scale_qlike,test
2025-10-01,2025-10-02,0.5533556929381476,1.5575169931525576,Calibrated-Hybrid-LogTarget-scale_qlike,test
2025-10-02,2025-10-03,0.1745254722126338,1.6295803979904449,Calibrated-Hybrid-LogTarget-scale_qlike,test
2025-10-03,2025-10-06,8.84404690494525,1.7022578940108521,Calibrated-Hybrid-LogTarget-scale_qlike,test
2025-10-06,2025-10-07,0.3641027934298682,1.9634515178415946,Calibrated-Hybrid-LogTarget-scale_qlike,test
2025-10-07,2025-10-08,0.5486921315455813,1.7957147797514048,Calibrated-Hybrid-LogTarget-scale_qlike,test
2025-10-08,2025-10-09,1.1922218605244943,1.8426182511442644,Calibrated-Hybrid-LogTarget-scale_qlike,test
2025-10-09,2025-10-10,3.220212549761636,1.8364286257412756,Calibrated-Hybrid-LogTarget-scale_qlike,test
2025-10-10,2025-10-13,1.0007740943267542,1.8469521246648606,Calibrated-Hybrid-LogTarget-scale_qlike,test
2025-10-13,2025-10-14,0.0530277849803774,1.8610512174106335,Calibrated-Hybrid-LogTarget-scale_qlike,test
2025-10-14,2025-10-15,0.0312420838438003,1.9820155561961406,Calibrated-Hybrid-LogTarget-scale_qlike,test
2025-10-15,2025-10-16,0.2550192069697773,1.8456968998875614,Calibrated-Hybrid-LogTarget-scale_qlike,test
2025-10-16,2025-10-17,4.157221997254808,1.8256484019326322,Calibrated-Hybrid-LogTarget-scale_qlike,test
2025-10-17,2025-10-20,31.687885302040943,2.1519797813416583,Calibrated-Hybrid-LogTarget-scale_qlike,test
2025-10-20,2025-10-21,2.6780326889178614,4.594871600597441,Calibrated-Hybrid-LogTarget-scale_qlike,test
2025-10-21,2025-10-22,0.8133878588699036,3.3248815018708444,Calibrated-Hybrid-LogTarget-scale_qlike,test
2025-10-22,2025-10-23,0.2587585559528909,2.475722126364234,Calibrated-Hybrid-LogTarget-scale_qlike,test
2025-10-23,2025-10-24,0.053015415411533,2.084813017039172,Calibrated-Hybrid-LogTarget-scale_qlike,test
2025-10-24,2025-10-27,3.375069844215606,1.9751514042026224,Calibrated-Hybrid-LogTarget-scale_qlike,test
2025-10-27,2025-10-28,2.814969211801454,2.105169235889016,Calibrated-Hybrid-LogTarget-scale_qlike,test
2025-10-28,2025-10-29,0.1002770987516237,1.9642350785491722,Calibrated-Hybrid-LogTarget-scale_qlike,test
2025-10-29,2025-10-30,0.939332335111435,1.796508925688583,Calibrated-Hybrid-LogTarget-scale_qlike,test
2025-10-30,2025-10-31,3.2700587697209347,1.7749682004832357,Calibrated-Hybrid-LogTarget-scale_qlike,test
2025-10-31,2025-11-03,1.9349432702427485,1.9945061885005004,Calibrated-Hybrid-LogTarget-scale_qlike,test
2025-11-03,2025-11-04,4.580450857721864,2.2138944172710167,Calibrated-Hybrid-LogTarget-scale_qlike,test
2025-11-04,2025-11-05,0.0309750452194787,2.258736346941956,Calibrated-Hybrid-LogTarget-scale_qlike,test
2025-11-05,2025-11-06,0.5520248822173379,1.781983630647299,Calibrated-Hybrid-LogTarget-scale_qlike,test
2025-11-06,2025-11-07,7.216601336017348,1.7460809599424794,Calibrated-Hybrid-LogTarget-scale_qlike,test
2025-11-07,2025-11-10,1.3629185312754708,2.4931435145460004,Calibrated-Hybrid-LogTarget-scale_qlike,test
2025-11-10,2025-11-11,0.6782053056730832,2.4882933804234137,Calibrated-Hybrid-LogTarget-scale_qlike,test
2025-11-11,2025-11-12,5.625713037940661,2.2655094096765493,Calibrated-Hybrid-LogTarget-scale_qlike,test
2025-11-12,2025-11-13,0.000662589539105,2.1617940716367343,Calibrated-Hybrid-LogTarget-scale_qlike,test
2025-11-13,2025-11-14,0.0605676682080504,1.688846930026653,Calibrated-Hybrid-LogTarget-scale_qlike,test
2025-11-14,2025-11-17,1.328575255573558,1.5691205914971573,Calibrated-Hybrid-LogTarget-scale_qlike,test
2025-11-17,2025-11-18,0.1101519148224003,1.6308816897979597,Calibrated-Hybrid-LogTarget-scale_qlike,test
2025-11-18,2025-11-19,0.4356481626659925,1.6463156741851097,Calibrated-Hybrid-LogTarget-scale_qlike,test
2025-11-19,2025-11-20,0.1789267767214806,1.678568818573102,Calibrated-Hybrid-LogTarget-scale_qlike,test
2025-11-20,2025-11-21,0.0040999105070223,1.6067594431619183,Calibrated-Hybrid-LogTarget-scale_qlike,test
2025-11-21,2025-11-24,0.6169476621587812,1.6484462343557367,Calibrated-Hybrid-LogTarget-scale_qlike,test
2025-11-24,2025-11-25,0.2096602420348715,1.532794060201678,Calibrated-Hybrid-LogTarget-scale_qlike,test
2025-11-25,2025-11-26,1.433673327817772,1.5866640684414086,Calibrated-Hybrid-LogTarget-scale_qlike,test
2025-11-26,2025-11-27,0.0554068207335508,1.496412396207485,Calibrated-Hybrid-LogTarget-scale_qlike,test
2025-11-27,2025-11-28,0.1562015926240177,1.4622952989093492,Calibrated-Hybrid-LogTarget-scale_qlike,test
2025-11-28,2025-12-01,0.39639182484541,1.4426866574738044,Calibrated-Hybrid-LogTarget-scale_qlike,test
2025-12-01,2025-12-02,0.8106128656312585,1.3852519170146211,Calibrated-Hybrid-LogTarget-scale_qlike,test
2025-12-02,2025-12-03,0.7276910420234725,1.4125755847544386,Calibrated-Hybrid-LogTarget-scale_qlike,test
2025-12-03,2025-12-04,0.0994544592328996,1.434594654082054,Calibrated-Hybrid-LogTarget-scale_qlike,test
2025-12-04,2025-12-05,0.0550277452970135,1.4813278916159176,Calibrated-Hybrid-LogTarget-scale_qlike,test
2025-12-05,2025-12-08,0.5051234930048776,1.4126511948481655,Calibrated-Hybrid-LogTarget-scale_qlike,test
2025-12-08,2025-12-09,0.1408736793364905,1.3742883010926754,Calibrated-Hybrid-LogTarget-scale_qlike,test
2025-12-09,2025-12-10,2.645907078453935,1.612731450955013,Calibrated-Hybrid-LogTarget-scale_qlike,test
2025-12-10,2025-12-11,1.3806505812729413,1.5912622156812617,Calibrated-Hybrid-LogTarget-scale_qlike,test
2025-12-11,2025-12-12,9.667324836347865,1.724527621638401,Calibrated-Hybrid-LogTarget-scale_qlike,test
2025-12-12,2025-12-15,0.0028567239256699,2.906312253783908,Calibrated-Hybrid-LogTarget-scale_qlike,test
2025-12-15,2025-12-16,3.980584197891362,2.280096456789806,Calibrated-Hybrid-LogTarget-scale_qlike,test
2025-12-16,2025-12-17,0.1084209662548159,2.213248707075495,Calibrated-Hybrid-LogTarget-scale_qlike,test
2025-12-17,2025-12-18,0.0392718088641224,1.9522863420778513,Calibrated-Hybrid-LogTarget-scale_qlike,test
2025-12-18,2025-12-19,2.613324440401082,1.8089909617054212,Calibrated-Hybrid-LogTarget-scale_qlike,test
2025-12-19,2025-12-22,7.313697947150696,1.673501919986467,Calibrated-Hybrid-LogTarget-scale_qlike,test
2025-12-22,2025-12-23,1.4374361396783522,1.8008513450205224,Calibrated-Hybrid-LogTarget-scale_qlike,test
2025-12-23,2025-12-24,0.36034587773515,1.6098911162281564,Calibrated-Hybrid-LogTarget-scale_qlike,test
2025-12-24,2025-12-25,5.141409326470893,1.4871171359004287,Calibrated-Hybrid-LogTarget-scale_qlike,test
2025-12-25,2025-12-26,0.5648889447832609,2.0044262630221583,Calibrated-Hybrid-LogTarget-scale_qlike,test
2025-12-26,2025-12-29,2.0655121585777008,2.1228798614446256,Calibrated-Hybrid-LogTarget-scale_qlike,test
2025-12-29,2025-12-30,0.4690762256667201,1.8150801034493587,Calibrated-Hybrid-LogTarget-scale_qlike,test
2025-12-30,2025-12-31,0.9813005407165244,1.6895605809947019,Calibrated-Hybrid-LogTarget-scale_qlike,test
2020-01-02,2020-01-03,0.0250907830256049,0.4253174402687778,Calibrated-Hybrid-LogTarget-scale_qlike,validation
2020-01-03,2020-01-06,0.9476915195201792,0.42924641045080175,Calibrated-Hybrid-LogTarget-scale_qlike,validation
2020-01-06,2020-01-07,0.104181316002117,0.4568770512286897,Calibrated-Hybrid-LogTarget-scale_qlike,validation
2020-01-07,2020-01-08,1.0770730792986123,0.4470811676779924,Calibrated-Hybrid-LogTarget-scale_qlike,validation
2020-01-08,2020-01-09,1.3693209243773992,0.5029999154948377,Calibrated-Hybrid-LogTarget-scale_qlike,validation
2020-01-09,2020-01-10,0.7569453657796249,0.48946875799036416,Calibrated-Hybrid-LogTarget-scale_qlike,validation
2020-01-10,2020-01-13,0.0779299678700735,0.5063108482581604,Calibrated-Hybrid-LogTarget-scale_qlike,validation
2020-01-13,2020-01-14,0.0144073552388825,0.5226589480300324,Calibrated-Hybrid-LogTarget-scale_qlike,validation
2020-01-14,2020-01-15,0.0033517503388054,0.5225393345667638,Calibrated-Hybrid-LogTarget-scale_qlike,validation
2020-01-15,2020-01-16,0.483315508188739,0.5133406938633105,Calibrated-Hybrid-LogTarget-scale_qlike,validation
2020-01-16,2020-01-17,0.2266955412354889,0.5028961914649722,Calibrated-Hybrid-LogTarget-scale_qlike,validation
2020-01-17,2020-01-20,0.0011366961882311,0.4893243066172133,Calibrated-Hybrid-LogTarget-scale_qlike,validation
2020-01-20,2020-01-21,0.620613610020936,0.4851282633358925,Calibrated-Hybrid-LogTarget-scale_qlike,validation
2020-01-21,2020-01-22,0.2649229323580117,0.47543547873819153,Calibrated-Hybrid-LogTarget-scale_qlike,validation
2020-01-22,2020-01-30,10.681729656091257,0.46852196326585477,Calibrated-Hybrid-LogTarget-scale_qlike,validation
2020-01-30,2020-01-31,5.865133827993191,1.1332636003079934,Calibrated-Hybrid-LogTarget-scale_qlike,validation
2020-01-31,2020-02-03,0.8272024151231092,2.9982711200945356,Calibrated-Hybrid-LogTarget-scale_qlike,validation
2020-02-03,2020-02-04,0.0104658835251161,3.7964533648416947,Calibrated-Hybrid-LogTarget-scale_qlike,validation
2020-02-04,2020-02-05,0.1175512507127237,3.5564751916928867,Calibrated-Hybrid-LogTarget-scale_qlike,validation
2020-02-05,2020-02-06,1.8356018915555292,3.1077233239173725,Calibrated-Hybrid-LogTarget-scale_qlike,validation
2020-02-06,2020-02-07,0.0553168362540114,2.572913996240772,Calibrated-Hybrid-LogTarget-scale_qlike,validation
2020-02-07,2020-02-10,1.14665654297727,1.8879494960412744,Calibrated-Hybrid-LogTarget-scale_qlike,validation
2020-02-10,2020-02-11,0.1784472180385378,1.8289670725131697,Calibrated-Hybrid-LogTarget-scale_qlike,validation
2020-02-11,2020-02-12,0.1033759850072604,1.6152869722783438,Calibrated-Hybrid-LogTarget-scale_qlike,validation
2020-02-12,2020-02-13,0.0035645724311596,1.4564583961446944,Calibrated-Hybrid-LogTarget-scale_qlike,validation
2020-02-13,2020-02-14,0.007095648592579,1.2825376082848443,Calibrated-Hybrid-LogTarget-scale_qlike,validation
2020-02-14,2020-02-17,0.0819627293788475,1.1571839966618436,Calibrated-Hybrid-LogTarget-scale_qlike,validation
2020-02-17,2020-02-18,0.5393743252289994,1.1217348213959049,Calibrated-Hybrid-LogTarget-scale_qlike,validation
2020-02-18,2020-02-19,0.0079935084291448,1.1465477978092617,Calibrated-Hybrid-LogTarget-scale_qlike,validation
2020-02-19,2020-02-20,1.007648372641439,1.063323882969792,Calibrated-Hybrid-LogTarget-scale_qlike,validation
2020-02-20,2020-02-21,0.2901840002942764,0.9760312040269573,Calibrated-Hybrid-LogTarget-scale_qlike,validation
2020-02-21,2020-02-24,10.499319840007198,0.99117421758052,Calibrated-Hybrid-LogTarget-scale_qlike,validation
2020-02-24,2020-02-25,0.487607684946675,1.9755797458379891,Calibrated-Hybrid-LogTarget-scale_qlike,validation
2020-02-25,2020-02-26,2.3027959637577347,2.1484469770900483,Calibrated-Hybrid-LogTarget-scale_qlike,validation
2020-02-26,2020-02-27,0.0757898564940438,3.033786658378127,Calibrated-Hybrid-LogTarget-scale_qlike,validation
2020-02-27,2020-02-28,3.3315279697661397,2.8772669073867423,Calibrated-Hybrid-LogTarget-scale_qlike,validation
2020-02-28,2020-03-02,0.0643087707016609,3.362945246152134,Calibrated-Hybrid-LogTarget-scale_qlike,validation
2020-03-02,2020-03-03,0.4848687144344406,2.9840340712258366,Calibrated-Hybrid-LogTarget-scale_qlike,validation
2020-03-03,2020-03-04,0.0194121329487549,2.4535164552746322,Calibrated-Hybrid-LogTarget-scale_qlike,validation
2020-03-04,2020-03-05,0.1953921289983395,1.99525076550482,Calibrated-Hybrid-LogTarget-scale_qlike,validation
2020-03-05,2020-03-06,0.0439125584620563,1.6137493649514283,Calibrated-Hybrid-LogTarget-scale_qlike,validation
2020-03-06,2020-03-09,42.01600464009923,1.343797734762392,Calibrated-Hybrid-LogTarget-scale_qlike,validation
2020-03-09,2020-03-10,0.0577385447930077,5.488491106869348,Calibrated-Hybrid-LogTarget-scale_qlike,validation
2020-03-10,2020-03-11,10.062685801317658,6.068101062952419,Calibrated-Hybrid-LogTarget-scale_qlike,validation
2020-03-11,2020-03-12,28.39132734538161,8.034903905818636,Calibrated-Hybrid-LogTarget-scale_qlike,validation
2020-03-12,2020-03-13,0.9522274265858316,10.980853688762139,Calibrated-Hybrid-LogTarget-scale_qlike,validation
2020-03-13,2020-03-16,3.4010756349170417,10.661888770909375,Calibrated-Hybrid-LogTarget-scale_qlike,validation
2020-03-16,2020-03-17,0.0775702786503674,9.899330094684137,Calibrated-Hybrid-LogTarget-scale_qlike,validation
2020-03-17,2020-03-18,0.0633870572758951,8.218246197888815,Calibrated-Hybrid-LogTarget-scale_qlike,validation
2020-03-18,2020-03-19,8.691271441121467,6.310380367255062,Calibrated-Hybrid-LogTarget-scale_qlike,validation
2020-03-19,2020-03-20,5.099806319623413,6.5343750575739366,Calibrated-Hybrid-LogTarget-scale_qlike,validation
2020-03-20,2020-03-23,39.324753398937766,6.730099664634747,Calibrated-Hybrid-LogTarget-scale_qlike,validation
2020-03-23,2020-03-24,1.2394404253652411,10.726774032465153,Calibrated-Hybrid-LogTarget-scale_qlike,validation
2020-03-24,2020-03-25,21.170767602446844,10.547232907324414,Calibrated-Hybrid-LogTarget-scale_qlike,validation
2020-03-25,2020-03-26,0.3272592319629427,12.756108149344586,Calibrated-Hybrid-LogTarget-scale_qlike,validation
2020-03-26,2020-03-27,0.0708281107928228,8.401369197456908,Calibrated-Hybrid-LogTarget-scale_qlike,validation
2020-03-27,2020-03-30,24.77812989942355,5.563941564179839,Calibrated-Hybrid-LogTarget-scale_qlike,validation
2020-03-30,2020-03-31,0.0016614736162584,10.594720645580994,Calibrated-Hybrid-LogTarget-scale_qlike,validation
2020-03-31,2020-04-01,6.951204185299923,8.11937766610852,Calibrated-Hybrid-LogTarget-scale_qlike,validation
2020-04-01,2020-04-03,9.745314866975544,7.325318767049613,Calibrated-Hybrid-LogTarget-scale_qlike,validation
2020-04-03,2020-04-06,23.61975403181723,6.512072682737589,Calibrated-Hybrid-LogTarget-scale_qlike,validation
2020-04-06,2020-04-07,1.7959977540981795,7.202903246712614,Calibrated-Hybrid-LogTarget-scale_qlike,validation
2020-04-07,2020-04-08,0.031670113685362,3.683699285727345,Calibrated-Hybrid-LogTarget-scale_qlike,validation
2020-04-08,2020-04-09,2.664349091269905,2.5429448540005497,Calibrated-Hybrid-LogTarget-scale_qlike,validation
2020-04-09,2020-04-10,0.0991193599969613,2.3529763847596255,Calibrated-Hybrid-LogTarget-scale_qlike,validation
2020-04-10,2020-04-13,1.0616734405284087,2.1873290268477406,Calibrated-Hybrid-LogTarget-scale_qlike,validation
2020-04-13,2020-04-14,0.044657326796299,1.9384388712167757,Calibrated-Hybrid-LogTarget-scale_qlike,validation
2020-04-14,2020-04-15,1.6134694756828007,1.624270199126954,Calibrated-Hybrid-LogTarget-scale_qlike,validation
2020-04-15,2020-04-16,0.1995857905304535,1.4941706913096655,Calibrated-Hybrid-LogTarget-scale_qlike,validation
2020-04-16,2020-04-17,1.2849435357813008,1.2416372023231057,Calibrated-Hybrid-LogTarget-scale_qlike,validation
2020-04-17,2020-04-20,0.4593979249949131,1.0767293229285524,Calibrated-Hybrid-LogTarget-scale_qlike,validation
2020-04-20,2020-04-21,12.978873344019766,1.0362958560899957,Calibrated-Hybrid-LogTarget-scale_qlike,validation
2020-04-21,2020-04-22,0.0733737116381983,2.1811197528790554,Calibrated-Hybrid-LogTarget-scale_qlike,validation
2020-04-22,2020-04-23,0.4184349588364568,1.9255194568780782,Calibrated-Hybrid-LogTarget-scale_qlike,validation
2020-04-23,2020-04-24,0.1258182196300893,2.0901779466596966,Calibrated-Hybrid-LogTarget-scale_qlike,validation
2020-04-24,2020-04-27,0.5795257679139346,1.9927230452310731,Calibrated-Hybrid-LogTarget-scale_qlike,validation
2020-04-27,2020-04-28,0.2143187476000118,1.8205964963577794,Calibrated-Hybrid-LogTarget-scale_qlike,validation
2020-04-28,2020-04-29,0.0611792667418572,1.6867580538009204,Calibrated-Hybrid-LogTarget-scale_qlike,validation
2020-04-29,2020-05-04,0.7518344451734201,1.5082060773630217,Calibrated-Hybrid-LogTarget-scale_qlike,validation
2020-05-04,2020-05-05,0.0490191944837796,1.4937425545041223,Calibrated-Hybrid-LogTarget-scale_qlike,validation
2020-05-05,2020-05-06,5.6795185291388,1.4149549466347109,Calibrated-Hybrid-LogTarget-scale_qlike,validation
2020-05-06,2020-05-07,3.121729248484887,1.459733832627703,Calibrated-Hybrid-LogTarget-scale_qlike,validation
2020-05-07,2020-05-08,4.558766386917776,1.3736807975808845,Calibrated-Hybrid-LogTarget-scale_qlike,validation
2020-05-08,2020-05-11,3.1623544686065705,1.2730412932135338,Calibrated-Hybrid-LogTarget-scale_qlike,validation
2020-05-11,2020-05-12,0.7061476617266061,1.1938255918091358,Calibrated-Hybrid-LogTarget-scale_qlike,validation
2020-05-12,2020-05-13,0.0176814396147646,1.156769953591637,Calibrated-Hybrid-LogTarget-scale_qlike,validation
2020-05-13,2020-05-14,0.0471790852184788,1.2170150352125635,Calibrated-Hybrid-LogTarget-scale_qlike,validation
2020-05-14,2020-05-15,0.4188839500568042,1.280675380428133,Calibrated-Hybrid-LogTarget-scale_qlike,validation
2020-05-15,2020-05-18,1.4388117144550177,1.396023218747425,Calibrated-Hybrid-LogTarget-scale_qlike,validation
2020-05-18,2020-05-19,1.1212214832868546,1.3334991734081854,Calibrated-Hybrid-LogTarget-scale_qlike,validation
2020-05-19,2020-05-20,0.6772038230630518,1.2565774276808586,Calibrated-Hybrid-LogTarget-scale_qlike,validation
2020-05-20,2020-05-21,1.3105093570623978,1.1814460494089283,Calibrated-Hybrid-LogTarget-scale_qlike,validation
2020-05-21,2020-05-22,1.3565460202551032,1.1531420492842372,Calibrated-Hybrid-LogTarget-scale_qlike,validation
2020-05-22,2020-05-25,0.541812619677385,1.331026217543451,Calibrated-Hybrid-LogTarget-scale_qlike,validation
2020-05-25,2020-05-26,1.3635757531139376,1.2812727585257815,Calibrated-Hybrid-LogTarget-scale_qlike,validation
2020-05-26,2020-05-27,1.8211114283606344,1.228830132225481,Calibrated-Hybrid-LogTarget-scale_qlike,validation
2020-05-27,2020-05-28,0.2069802660068541,1.5183486649734999,Calibrated-Hybrid-LogTarget-scale_qlike,validation
2020-05-28,2020-05-29,0.1273946587706487,1.426824749439007,Calibrated-Hybrid-LogTarget-scale_qlike,validation
2020-05-29,2020-06-01,2.6545527294324818,1.3614720512308056,Calibrated-Hybrid-LogTarget-scale_qlike,validation
2020-06-01,2020-06-02,0.1948438272852952,1.3196917176040115,Calibrated-Hybrid-LogTarget-scale_qlike,validation
2020-06-02,2020-06-03,0.526391032778092,1.3578478528197957,Calibrated-Hybrid-LogTarget-scale_qlike,validation
2020-06-03,2020-06-04,0.0956890209261397,1.2560445675612053,Calibrated-Hybrid-LogTarget-scale_qlike,validation
2020-06-04,2020-06-05,0.068711754863941,1.2429365626707023,Calibrated-Hybrid-LogTarget-scale_qlike,validation
2020-06-05,2020-06-08,2.3533534927844846,1.2586520113687005,Calibrated-Hybrid-LogTarget-scale_qlike,validation
2020-06-08,2020-06-09,0.0029663396470081,1.1981099726119353,Calibrated-Hybrid-LogTarget-scale_qlike,validation
2020-06-09,2020-06-10,0.0192877721914381,1.2270346237746523,Calibrated-Hybrid-LogTarget-scale_qlike,validation
2020-06-10,2020-06-11,14.20113167350128,1.2546212717468515,Calibrated-Hybrid-LogTarget-scale_qlike,validation
2020-06-11,2020-06-12,0.1978991573902568,2.91543669768986,Calibrated-Hybrid-LogTarget-scale_qlike,validation
2020-06-12,2020-06-15,13.410151498832947,2.567379912106754,Calibrated-Hybrid-LogTarget-scale_qlike,validation
2020-06-15,2020-06-16,7.854033490557961,5.021322978631004,Calibrated-Hybrid-LogTarget-scale_qlike,validation
2020-06-16,2020-06-17,0.0390437911460607,4.666278992369177,Calibrated-Hybrid-LogTarget-scale_qlike,validation
2020-06-17,2020-06-18,0.0094269529730988,4.03539380208134,Calibrated-Hybrid-LogTarget-scale_qlike,validation
2020-06-18,2020-06-19,2.3775972708277777,3.879515324800293,Calibrated-Hybrid-LogTarget-scale_qlike,validation
2020-06-19,2020-06-22,0.0977642075595444,3.341335412913812,Calibrated-Hybrid-LogTarget-scale_qlike,validation
2020-06-22,2020-06-23,0.1254074833473004,2.481021520431432,Calibrated-Hybrid-LogTarget-scale_qlike,validation
2020-06-23,2020-06-24,0.9656953175585764,1.9708082483657647,Calibrated-Hybrid-LogTarget-scale_qlike,validation
2020-06-24,2020-06-25,0.3568032861992914,1.9905810112518856,Calibrated-Hybrid-LogTarget-scale_qlike,validation
2020-06-25,2020-06-26,0.0935607015251472,2.0709719826277824,Calibrated-Hybrid-LogTarget-scale_qlike,validation
2020-06-26,2020-06-29,7.240799310682349,1.9789532056230978,Calibrated-Hybrid-LogTarget-scale_qlike,validation
2020-06-29,2020-06-30,0.263950183757359,3.066094002290587,Calibrated-Hybrid-LogTarget-scale_qlike,validation
2020-06-30,2020-07-01,4.853797558668691,2.8004803427313,Calibrated-Hybrid-LogTarget-scale_qlike,validation
2020-07-01,2020-07-02,0.0173403520116891,2.7661058843019353,Calibrated-Hybrid-LogTarget-scale_qlike,validation
2020-07-02,2020-07-03,0.3830874038106421,2.397860207828959,Calibrated-Hybrid-LogTarget-scale_qlike,validation
2020-07-03,2020-07-06,2.515298700046254,2.0969014649695725,Calibrated-Hybrid-LogTarget-scale_qlike,validation
2020-07-06,2020-07-07,0.0686927141453309,1.7800556065832531,Calibrated-Hybrid-LogTarget-scale_qlike,validation
2020-07-07,2020-07-08,0.0156264509294999,1.5237208521881174,Calibrated-Hybrid-LogTarget-scale_qlike,validation
2020-07-08,2020-07-09,1.8878106377661732,1.348110794466509,Calibrated-Hybrid-LogTarget-scale_qlike,validation
2020-07-09,2020-07-10,0.3609627180509834,1.2955727921307534,Calibrated-Hybrid-LogTarget-scale_qlike,validation
2020-07-10,2020-07-13,0.0819210906952639,1.3034726678194313,Calibrated-Hybrid-LogTarget-scale_qlike,validation
2020-07-13,2020-07-14,0.0049340673468667,1.2938781028567674,Calibrated-Hybrid-LogTarget-scale_qlike,validation
2020-07-14,2020-07-15,0.0429038013029008,1.2700345707892484,Calibrated-Hybrid-LogTarget-scale_qlike,validation
2020-07-15,2020-07-16,0.6277983835430785,1.2223981841917773,Calibrated-Hybrid-LogTarget-scale_qlike,validation
2020-07-16,2020-07-17,0.3025848721746239,1.116256446175534,Calibrated-Hybrid-LogTarget-scale_qlike,validation
2020-07-17,2020-07-20,1.5014548821169582,1.1023290576982778,Calibrated-Hybrid-LogTarget-scale_qlike,validation
2020-07-20,2020-07-21,0.0011330265098316,1.1969542123804922,Calibrated-Hybrid-LogTarget-scale_qlike,validation
2020-07-21,2020-07-22,0.5929839946327068,1.154773402550403,Calibrated-Hybrid-LogTarget-scale_qlike,validation
2020-07-22,2020-07-23,0.0380690415470228,1.2051707253369848,Calibrated-Hybrid-LogTarget-scale_qlike,validation
2020-07-23,2020-07-24,10.714506391324338,1.1442692997450996,Calibrated-Hybrid-LogTarget-scale_qlike,validation
2020-07-24,2020-07-27,29.71654662116303,2.378037058632191,Calibrated-Hybrid-LogTarget-scale_qlike,validation
2020-07-27,2020-07-28,12.442241141417854,6.936744930544985,Calibrated-Hybrid-LogTarget-scale_qlike,validation
2020-07-28,2020-07-29,7.88382185098053,7.4886567078771655,Calibrated-Hybrid-LogTarget-scale_qlike,validation
2020-07-29,2020-07-30,1.6712179001127756,9.241082278265784,Calibrated-Hybrid-LogTarget-scale_qlike,validation
2020-07-30,2020-07-31,0.1173768950572407,9.532789168355697,Calibrated-Hybrid-LogTarget-scale_qlike,validation
2020-07-31,2020-08-03,4.064809725455425,7.11185586005638,Calibrated-Hybrid-LogTarget-scale_qlike,validation
2020-08-03,2020-08-04,2.475940854259596,6.725437566021627,Calibrated-Hybrid-LogTarget-scale_qlike,validation
2020-08-04,2020-08-05,1.5093873640970836,5.081306201629641,Calibrated-Hybrid-LogTarget-scale_qlike,validation
2020-08-05,2020-08-06,0.0712944062273411,3.417121696168924,Calibrated-Hybrid-LogTarget-scale_qlike,validation
2020-08-06,2020-08-07,0.0285261487999524,2.4971917696229884,Calibrated-Hybrid-LogTarget-scale_qlike,validation
2020-08-07,2020-08-10,0.0426711422269859,2.0778233232416676,Calibrated-Hybrid-LogTarget-scale_qlike,validation
2020-08-10,2020-08-11,0.0002025643928529,1.7807056913219126,Calibrated-Hybrid-LogTarget-scale_qlike,validation
2020-08-11,2020-08-12,0.2065144883305979,1.5670987218013945,Calibrated-Hybrid-LogTarget-scale_qlike,validation
2020-08-12,2020-08-13,0.9127332835843408,1.3295201746185892,Calibrated-Hybrid-LogTarget-scale_qlike,validation
2020-08-13,2020-08-14,0.255367280706292,1.177868523816949,Calibrated-Hybrid-LogTarget-scale_qlike,validation
2020-08-14,2020-08-17,0.0048129527023226,1.1399301033498401,Calibrated-Hybrid-LogTarget-scale_qlike,validation
2020-08-17,2020-08-18,0.1923085427612989,1.1175314343200335,Calibrated-Hybrid-LogTarget-scale_qlike,validation
2020-08-18,2020-08-19,0.3171223716823505,1.1269076825361728,Calibrated-Hybrid-LogTarget-scale_qlike,validation
2020-08-19,2020-08-20,0.1246527755214606,1.1527213449125715,Calibrated-Hybrid-LogTarget-scale_qlike,validation
2020-08-20,2020-08-21,0.5953479247893214,1.1550022156771973,Calibrated-Hybrid-LogTarget-scale_qlike,validation
2020-08-21,2020-08-24,2.601992310993434,1.1581961429969359,Calibrated-Hybrid-LogTarget-scale_qlike,validation
2020-08-24,2020-08-25,0.3897315001367304,1.1417493575804198,Calibrated-Hybrid-LogTarget-scale_qlike,validation
2020-08-25,2020-08-26,0.0055335984725061,1.102419864276791,Calibrated-Hybrid-LogTarget-scale_qlike,validation
2020-08-26,2020-08-27,0.0201247832938772,1.1151842990821212,Calibrated-Hybrid-LogTarget-scale_qlike,validation
2020-08-27,2020-08-28,0.2371438175251532,1.0653592818540476,Calibrated-Hybrid-LogTarget-scale_qlike,validation
2020-08-28,2020-08-31,0.0919913483576587,1.0427961205617937,Calibrated-Hybrid-LogTarget-scale_qlike,validation
2020-08-31,2020-09-01,1.2923697898915891,1.013423129227512,Calibrated-Hybrid-LogTarget-scale_qlike,validation
2020-09-01,2020-09-03,1.8585263119302429,0.9337239944711208,Calibrated-Hybrid-LogTarget-scale_qlike,validation
2020-09-03,2020-09-04,0.0724558184717704,0.912262629890087,Calibrated-Hybrid-LogTarget-scale_qlike,validation
2020-09-04,2020-09-07,2.20557465755946,0.9539724037337214,Calibrated-Hybrid-LogTarget-scale_qlike,validation
2020-09-07,2020-09-08,0.045178302752493,1.2205869011215118,Calibrated-Hybrid-LogTarget-scale_qlike,validation
2020-09-08,2020-09-09,0.0084939812398233,1.1713365824129958,Calibrated-Hybrid-LogTarget-scale_qlike,validation
2020-09-09,2020-09-10,0.003162773705203,1.167695148496862,Calibrated-Hybrid-LogTarget-scale_qlike,validation
2020-09-10,2020-09-11,0.0002847617108647,1.1010470001895947,Calibrated-Hybrid-LogTarget-scale_qlike,validation
2020-09-11,2020-09-14,0.3943421427943259,1.0107795272345563,Calibrated-Hybrid-LogTarget-scale_qlike,validation
2020-09-14,2020-09-15,0.0356225443834294,0.946311263874708,Calibrated-Hybrid-LogTarget-scale_qlike,validation
2020-09-15,2020-09-16,0.0182018998394976,0.9229365439773577,Calibrated-Hybrid-LogTarget-scale_qlike,validation
2020-09-16,2020-09-17,0.1466259433788813,0.8544631976754581,Calibrated-Hybrid-LogTarget-scale_qlike,validation
2020-09-17,2020-09-18,0.5927837774192054,0.900817623056227,Calibrated-Hybrid-LogTarget-scale_qlike,validation
2020-09-18,2020-09-21,0.5973025247310948,0.8218599105156725,Calibrated-Hybrid-LogTarget-scale_qlike,validation
2020-09-21,2020-09-22,0.0372219865301334,0.8166340422823568,Calibrated-Hybrid-LogTarget-scale_qlike,validation
2020-09-22,2020-09-23,0.4815094749114654,0.8539746133398086,Calibrated-Hybrid-LogTarget-scale_qlike,validation
2020-09-23,2020-09-24,0.1853426709964717,0.8010870673327201,Calibrated-Hybrid-LogTarget-scale_qlike,validation
2020-09-24,2020-09-25,0.0011645154128207,0.8519238409340683,Calibrated-Hybrid-LogTarget-scale_qlike,validation
2020-09-25,2020-09-28,0.2158897933071618,0.8259671888411738,Calibrated-Hybrid-LogTarget-scale_qlike,validation
2020-09-28,2020-09-29,0.8800033176965605,0.8176329808063596,Calibrated-Hybrid-LogTarget-scale_qlike,validation
2020-09-29,2020-09-30,0.0184885133347586,0.9470428879465717,Calibrated-Hybrid-LogTarget-scale_qlike,validation
2020-09-30,2020-10-01,0.9529808677190772,0.8673991815895846,Calibrated-Hybrid-LogTarget-scale_qlike,validation
2020-10-01,2020-10-02,0.2100701799336074,0.8227362590928249,Calibrated-Hybrid-LogTarget-scale_qlike,validation
2020-10-02,2020-10-05,0.2733808865752189,0.9733789635362602,Calibrated-Hybrid-LogTarget-scale_qlike,validation
2020-10-05,2020-10-06,0.0117020561613317,0.9249935051271918,Calibrated-Hybrid-LogTarget-scale_qlike,validation
2020-10-06,2020-10-07,0.194766708657986,0.9743302255780792,Calibrated-Hybrid-LogTarget-scale_qlike,validation
2020-10-07,2020-10-08,0.0091636773062023,0.984780412038099,Calibrated-Hybrid-LogTarget-scale_qlike,validation
2020-10-08,2020-10-09,0.3136074736535195,0.9919524698352535,Calibrated-Hybrid-LogTarget-scale_qlike,validation
2020-10-09,2020-10-12,0.039147029875858,0.8935998686607863,Calibrated-Hybrid-LogTarget-scale_qlike,validation
2020-10-12,2020-10-13,0.1886516440368795,0.901195270792148,Calibrated-Hybrid-LogTarget-scale_qlike,validation
2020-10-13,2020-10-14,1.2182219245675234,0.8359716591749857,Calibrated-Hybrid-LogTarget-scale_qlike,validation
2020-10-14,2020-10-15,0.0750977601457549,0.8215987550852687,Calibrated-Hybrid-LogTarget-scale_qlike,validation
2020-10-15,2020-10-16,0.0032789630718449,0.8835344090732842,Calibrated-Hybrid-LogTarget-scale_qlike,validation
2020-10-16,2020-10-19,0.0017086378411738,0.8928633360879775,Calibrated-Hybrid-LogTarget-scale_qlike,validation
2020-10-19,2020-10-20,0.0059793113747856,0.8747104643454596,Calibrated-Hybrid-LogTarget-scale_qlike,validation
2020-10-20,2020-10-21,0.3275908040251104,0.8858307458255164,Calibrated-Hybrid-LogTarget-scale_qlike,validation
2020-10-21,2020-10-22,1.3246371755092925,0.9040014273618372,Calibrated-Hybrid-LogTarget-scale_qlike,validation
2020-10-22,2020-10-23,1.4132948922636843,0.8129755600413598,Calibrated-Hybrid-LogTarget-scale_qlike,validation
2020-10-23,2020-10-26,1.1970960361828058,0.8322710914193332,Calibrated-Hybrid-LogTarget-scale_qlike,validation
2020-10-26,2020-10-27,0.2083430476879338,0.9953773296487396,Calibrated-Hybrid-LogTarget-scale_qlike,validation
2020-10-27,2020-10-28,7.411979475736142,1.07255507861107,Calibrated-Hybrid-LogTarget-scale_qlike,validation
2020-10-28,2020-10-29,0.0458453997519621,2.002998351263575,Calibrated-Hybrid-LogTarget-scale_qlike,validation
2020-10-29,2020-10-30,0.4800476169952387,1.9831265947195966,Calibrated-Hybrid-LogTarget-scale_qlike,validation
2020-10-30,2020-11-02,0.7800511650758589,1.80708110892442,Calibrated-Hybrid-LogTarget-scale_qlike,validation
2020-11-02,2020-11-03,0.0342682571944602,1.648363702175172,Calibrated-Hybrid-LogTarget-scale_qlike,validation
2020-11-03,2020-11-04,0.2152577372300542,1.444882641063236,Calibrated-Hybrid-LogTarget-scale_qlike,validation
2020-11-04,2020-11-05,0.045844571767648,1.2815515386600524,Calibrated-Hybrid-LogTarget-scale_qlike,validation
2020-11-05,2020-11-06,0.003314082741207,1.200183167495889,Calibrated-Hybrid-LogTarget-scale_qlike,validation
2020-11-06,2020-11-09,2.10118385761475,1.1349607243150677,Calibrated-Hybrid-LogTarget-scale_qlike,validation
2020-11-09,2020-11-10,8.938431274224163e-05,1.10704232450058,Calibrated-Hybrid-LogTarget-scale_qlike,validation
2020-11-10,2020-11-11,0.0011297213251294,1.1456044165639363,Calibrated-Hybrid-LogTarget-scale_qlike,validation
2020-11-11,2020-11-12,0.5456632914405392,1.1474970172135892,Calibrated-Hybrid-LogTarget-scale_qlike,validation
2020-11-12,2020-11-13,0.5301286092359084,1.0875375285401838,Calibrated-Hybrid-LogTarget-scale_qlike,validation
2020-11-13,2020-11-16,2.614940684665197,1.0985310948454576,Calibrated-Hybrid-LogTarget-scale_qlike,validation
2020-11-16,2020-11-17,3.5600857195920512,1.4024188257903751,Calibrated-Hybrid-LogTarget-scale_qlike,validation
2020-11-17,2020-11-18,0.2272651607739751,1.352174445617821,Calibrated-Hybrid-LogTarget-scale_qlike,validation
2020-11-18,2020-11-19,0.9890184423772188,1.3852750360940418,Calibrated-Hybrid-LogTarget-scale_qlike,validation
2020-11-19,2020-11-20,0.4666750014882298,1.3715923750333947,Calibrated-Hybrid-LogTarget-scale_qlike,validation
2020-11-20,2020-11-23,0.1783704119345972,1.357938178215112,Calibrated-Hybrid-LogTarget-scale_qlike,validation
2020-11-23,2020-11-24,0.0248986125796567,1.3376369340290324,Calibrated-Hybrid-LogTarget-scale_qlike,validation
2020-11-24,2020-11-25,0.1754782563587062,1.332530312916178,Calibrated-Hybrid-LogTarget-scale_qlike,validation
2020-11-25,2020-11-26,0.3614717362335366,1.2916094931667579,Calibrated-Hybrid-LogTarget-scale_qlike,validation
2020-11-26,2020-11-27,0.1777363368777613,1.262136924714525,Calibrated-Hybrid-LogTarget-scale_qlike,validation
2020-11-27,2020-11-30,0.50308697006867,1.2070574062120223,Calibrated-Hybrid-LogTarget-scale_qlike,validation
2020-11-30,2020-12-01,0.331272320082079,1.2998985697906704,Calibrated-Hybrid-LogTarget-scale_qlike,validation
2020-12-01,2020-12-02,0.2902563684716866,1.3356990018164163,Calibrated-Hybrid-LogTarget-scale_qlike,validation
2020-12-02,2020-12-03,0.290315397256232,1.3154926322617677,Calibrated-Hybrid-LogTarget-scale_qlike,validation
2020-12-03,2020-12-04,0.0274172683613022,1.312712821214653,Calibrated-Hybrid-LogTarget-scale_qlike,validation
2020-12-04,2020-12-07,0.6850937253628709,1.313268469651361,Calibrated-Hybrid-LogTarget-scale_qlike,validation
2020-12-07,2020-12-08,0.0048900250994697,1.2523020581390412,Calibrated-Hybrid-LogTarget-scale_qlike,validation
2020-12-08,2020-12-09,0.9108272820038537,1.2739867951911197,Calibrated-Hybrid-LogTarget-scale_qlike,validation
2020-12-09,2020-12-10,0.6307404981430905,1.2586602637617863,Calibrated-Hybrid-LogTarget-scale_qlike,validation
2020-12-10,2020-12-11,2.1005332911557746,1.3866537955456057,Calibrated-Hybrid-LogTarget-scale_qlike,validation
2020-12-11,2020-12-14,2.953190631516623,1.3135369868794362,Calibrated-Hybrid-LogTarget-scale_qlike,validation
2020-12-14,2020-12-15,0.6927758012586854,1.3019838326140476,Calibrated-Hybrid-LogTarget-scale_qlike,validation
2020-12-15,2020-12-16,1.2199074044400842,1.479930856366351,Calibrated-Hybrid-LogTarget-scale_qlike,validation
2020-12-16,2020-12-17,2.0641473967885817,1.426782907722761,Calibrated-Hybrid-LogTarget-scale_qlike,validation
2020-12-17,2020-12-18,2.192631063716555,1.7445827215913106,Calibrated-Hybrid-LogTarget-scale_qlike,validation
2020-12-18,2020-12-21,1.6074554836667916,1.6881573271265355,Calibrated-Hybrid-LogTarget-scale_qlike,validation
2020-12-21,2020-12-22,0.0479545490733483,1.657550047966375,Calibrated-Hybrid-LogTarget-scale_qlike,validation
2020-12-22,2020-12-23,0.1771055150673424,1.681617120369589,Calibrated-Hybrid-LogTarget-scale_qlike,validation
2020-12-23,2020-12-24,1.124406225180995,1.7397970339771098,Calibrated-Hybrid-LogTarget-scale_qlike,validation
2020-12-24,2020-12-25,2.4671237918391133,1.910920342968544,Calibrated-Hybrid-LogTarget-scale_qlike,validation
2020-12-25,2020-12-28,0.4034604996523059,1.8365518814762025,Calibrated-Hybrid-LogTarget-scale_qlike,validation
2020-12-28,2020-12-29,0.5549207078341868,1.800331040202747,Calibrated-Hybrid-LogTarget-scale_qlike,validation
2020-12-29,2020-12-30,0.0315106576863239,1.6908894109561412,Calibrated-Hybrid-LogTarget-scale_qlike,validation
2020-12-30,2020-12-31,0.3307256931476,1.7096078300379307,Calibrated-Hybrid-LogTarget-scale_qlike,validation
2020-12-31,2021-01-04,2.2278705339723945,1.620409397045481,Calibrated-Hybrid-LogTarget-scale_qlike,validation
2021-01-04,2021-01-05,1.1499318142027897,1.6337103691521095,Calibrated-Hybrid-LogTarget-scale_qlike,validation
2021-01-05,2021-01-06,0.8776630886951989,1.5932265625281785,Calibrated-Hybrid-LogTarget-scale_qlike,validation
2021-01-06,2021-01-07,1.3339004712332734,1.5522499062348476,Calibrated-Hybrid-LogTarget-scale_qlike,validation
2021-01-07,2021-01-08,0.9288877612518626,1.5157784527356046,Calibrated-Hybrid-LogTarget-scale_qlike,validation
2021-01-08,2021-01-11,2.138176540768584,1.5164954388404424,Calibrated-Hybrid-LogTarget-scale_qlike,validation
2021-01-11,2021-01-12,0.3865727035398198,1.496344789340186,Calibrated-Hybrid-LogTarget-scale_qlike,validation
2021-01-12,2021-01-13,0.2744693433035448,1.4708386147441899,Calibrated-Hybrid-LogTarget-scale_qlike,validation
2021-01-13,2021-01-14,0.0129409883939506,1.6238171725542716,Calibrated-Hybrid-LogTarget-scale_qlike,validation
2021-01-14,2021-01-15,0.3260937940923989,1.6906481492004801,Calibrated-Hybrid-LogTarget-scale_qlike,validation
2021-01-15,2021-01-18,0.0358827142959493,1.683662699357294,Calibrated-Hybrid-LogTarget-scale_qlike,validation
2021-01-18,2021-01-19,27.541540391562137,1.6827077997296855,Calibrated-Hybrid-LogTarget-scale_qlike,validation
2021-01-19,2021-01-20,0.1055259451193829,5.796894811900981,Calibrated-Hybrid-LogTarget-scale_qlike,validation
2021-01-20,2021-01-21,6.600825920548621,3.294294316318462,Calibrated-Hybrid-LogTarget-scale_qlike,validation
2021-01-21,2021-01-22,0.0486234498742934,3.126108323023238,Calibrated-Hybrid-LogTarget-scale_qlike,validation
2021-01-22,2021-01-25,0.003916873597976,2.8326740445316174,Calibrated-Hybrid-LogTarget-scale_qlike,validation
2021-01-25,2021-01-26,6.76157056018748,2.583158691224938,Calibrated-Hybrid-LogTarget-scale_qlike,validation
2021-01-26,2021-01-27,12.16950048366727,3.3385059630993235,Calibrated-Hybrid-LogTarget-scale_qlike,validation
2021-01-27,2021-01-28,47.71522267260341,5.295736329538605,Calibrated-Hybrid-LogTarget-scale_qlike,validation
2021-01-28,2021-01-29,9.864460610625494,9.91297427318057,Calibrated-Hybrid-LogTarget-scale_qlike,validation
2021-01-29,2021-02-01,4.068938921704016,5.203389892677663,Calibrated-Hybrid-LogTarget-scale_qlike,validation
2021-02-01,2021-02-02,14.37888811066259,5.326113574259778,Calibrated-Hybrid-LogTarget-scale_qlike,validation
2021-02-02,2021-02-03,10.698092971323405,5.656868920243685,Calibrated-Hybrid-LogTarget-scale_qlike,validation
2021-02-03,2021-02-04,0.006553579964635,4.823401470009467,Calibrated-Hybrid-LogTarget-scale_qlike,validation
2021-02-04,2021-02-05,1.728785632859906,3.006536970367356,Calibrated-Hybrid-LogTarget-scale_qlike,validation
2021-02-05,2021-02-08,15.664350744194984,2.4206855831941474,Calibrated-Hybrid-LogTarget-scale_qlike,validation
2021-02-08,2021-02-09,8.346588799606792,4.103147376617307,Calibrated-Hybrid-LogTarget-scale_qlike,validation
2021-02-09,2021-02-17,12.948351612917367,3.5895121042790135,Calibrated-Hybrid-LogTarget-scale_qlike,validation
2021-02-17,2021-02-18,2.5487828873734144,3.1791378064706834,Calibrated-Hybrid-LogTarget-scale_qlike,validation
2021-02-18,2021-02-19,0.0056191882730801,1.949823046842247,Calibrated-Hybrid-LogTarget-scale_qlike,validation
2021-02-19,2021-02-22,0.0171990965562516,1.5513728670580422,Calibrated-Hybrid-LogTarget-scale_qlike,validation
2021-02-22,2021-02-23,0.04885188428266,1.3731265969742337,Calibrated-Hybrid-LogTarget-scale_qlike,validation
2021-02-23,2021-02-24,1.7852090551538884,1.401166862209474,Calibrated-Hybrid-LogTarget-scale_qlike,validation
2021-02-24,2021-02-25,0.0863685922010339,1.6015837491601002,Calibrated-Hybrid-LogTarget-scale_qlike,validation
2021-02-25,2021-02-26,0.0678645793866586,1.562065866084141,Calibrated-Hybrid-LogTarget-scale_qlike,validation
2021-02-26,2021-03-01,2.260340412751501,1.5370411236956054,Calibrated-Hybrid-LogTarget-scale_qlike,validation
2021-03-01,2021-03-02,0.0013754677373442,1.568350119236935,Calibrated-Hybrid-LogTarget-scale_qlike,validation
2021-03-02,2021-03-03,0.0008207623047958,1.4173727845837314,Calibrated-Hybrid-LogTarget-scale_qlike,validation
2021-03-03,2021-03-04,2.448912301147324,1.399564104269562,Calibrated-Hybrid-LogTarget-scale_qlike,validation
2021-03-04,2021-03-05,0.0002116227550263,1.6999321378968664,Calibrated-Hybrid-LogTarget-scale_qlike,validation
2021-03-05,2021-03-08,0.001291980692468,1.7825305068159867,Calibrated-Hybrid-LogTarget-scale_qlike,validation
2021-03-08,2021-03-09,0.2923761214947155,1.8031670638092017,Calibrated-Hybrid-LogTarget-scale_qlike,validation
2021-03-09,2021-03-10,0.4837594769954144,1.8209107858498146,Calibrated-Hybrid-LogTarget-scale_qlike,validation
2021-03-10,2021-03-11,0.9815546422643948,1.7799932211202354,Calibrated-Hybrid-LogTarget-scale_qlike,validation
2021-03-11,2021-03-12,0.0002069778164541,1.6783651281117036,Calibrated-Hybrid-LogTarget-scale_qlike,validation
2021-03-12,2021-03-15,0.0643027332166397,1.6065905131822311,Calibrated-Hybrid-LogTarget-scale_qlike,validation
2021-03-15,2021-03-16,0.1553706585632092,1.5950071766708394,Calibrated-Hybrid-LogTarget-scale_qlike,validation
2021-03-16,2021-03-17,0.2737899242910557,1.6407130887087442,Calibrated-Hybrid-LogTarget-scale_qlike,validation
2021-03-17,2021-03-18,1.5481332912326575,1.6452438759915657,Calibrated-Hybrid-LogTarget-scale_qlike,validation
2021-03-18,2021-03-19,0.3310498706600423,1.5293112969485065,Calibrated-Hybrid-LogTarget-scale_qlike,validation
2021-03-19,2021-03-22,0.0010124742198036,1.5997799642506385,Calibrated-Hybrid-LogTarget-scale_qlike,validation
2021-03-22,2021-03-23,0.8528859825364001,1.6213360949848574,Calibrated-Hybrid-LogTarget-scale_qlike,validation
2021-03-23,2021-03-24,3.405784484981233,1.7207527926500397,Calibrated-Hybrid-LogTarget-scale_qlike,validation
2021-03-24,2021-03-25,0.012314795662716,2.078901575249745,Calibrated-Hybrid-LogTarget-scale_qlike,validation
2021-03-25,2021-03-26,0.0058597397555957,1.9955293101449256,Calibrated-Hybrid-LogTarget-scale_qlike,validation
2021-03-26,2021-03-29,1.3278733275984689,1.9217339396367132,Calibrated-Hybrid-LogTarget-scale_qlike,validation
2021-03-29,2021-03-30,0.8177751702540456,1.8004529463263519,Calibrated-Hybrid-LogTarget-scale_qlike,validation
2021-03-30,2021-03-31,0.1825736474519551,1.781175733889085,Calibrated-Hybrid-LogTarget-scale_qlike,validation
2021-03-31,2021-04-01,4.196908399032827,1.6972214565166936,Calibrated-Hybrid-LogTarget-scale_qlike,validation
2021-04-01,2021-04-02,0.4682318073785952,1.6076557202481085,Calibrated-Hybrid-LogTarget-scale_qlike,validation
2021-04-02,2021-04-05,0.8890694068712227,1.5462336472170317,Calibrated-Hybrid-LogTarget-scale_qlike,validation
2021-04-05,2021-04-06,0.0997492041629095,1.5069809319349663,Calibrated-Hybrid-LogTarget-scale_qlike,validation
2021-04-06,2021-04-07,0.0380161793184628,1.530491103030283,Calibrated-Hybrid-LogTarget-scale_qlike,validation
2021-04-07,2021-04-08,0.3656617949695199,1.5875775238399383,Calibrated-Hybrid-LogTarget-scale_qlike,validation
2021-04-08,2021-04-09,0.0685939299115526,1.6376549861456997,Calibrated-Hybrid-LogTarget-scale_qlike,validation
2021-04-09,2021-04-12,2.801867566535839,1.7050115784268691,Calibrated-Hybrid-LogTarget-scale_qlike,validation
2021-04-12,2021-04-13,0.1085685992002533,1.7882233730736852,Calibrated-Hybrid-LogTarget-scale_qlike,validation
2021-04-13,2021-04-14,0.3626329687997453,1.948522995276699,Calibrated-Hybrid-LogTarget-scale_qlike,validation
2021-04-14,2021-04-15,0.4743671604836424,1.7876655867504783,Calibrated-Hybrid-LogTarget-scale_qlike,validation
2021-04-15,2021-04-16,0.4720531246781877,1.826533517308759,Calibrated-Hybrid-LogTarget-scale_qlike,validation
2021-04-16,2021-04-19,3.0629959648129166,2.0916248711697962,Calibrated-Hybrid-LogTarget-scale_qlike,validation
2021-04-19,2021-04-20,0.3708468135979464,1.872469908357242,Calibrated-Hybrid-LogTarget-scale_qlike,validation
2021-04-20,2021-04-22,10.511479982603742,1.8502817291054487,Calibrated-Hybrid-LogTarget-scale_qlike,validation
2021-04-22,2021-04-23,2.7977982020669034,3.022704484937992,Calibrated-Hybrid-LogTarget-scale_qlike,validation
2021-04-23,2021-04-26,7.069875969155051,2.438776240875381,Calibrated-Hybrid-LogTarget-scale_qlike,validation
2021-04-26,2021-04-27,0.1068177702515163,3.623280033411868,Calibrated-Hybrid-LogTarget-scale_qlike,validation
2021-04-27,2021-04-28,0.6403727056381737,2.8679538669881635,Calibrated-Hybrid-LogTarget-scale_qlike,validation
2021-04-28,2021-04-29,0.6353802562532533,2.4820463954130556,Calibrated-Hybrid-LogTarget-scale_qlike,validation
2021-04-29,2021-05-04,0.0512876666991909,2.1463607826939035,Calibrated-Hybrid-LogTarget-scale_qlike,validation
2021-05-04,2021-05-05,1.2974041483688885,1.9744453966613875,Calibrated-Hybrid-LogTarget-scale_qlike,validation
2021-05-05,2021-05-06,0.2185486546328746,1.757571380888573,Calibrated-Hybrid-LogTarget-scale_qlike,validation
2021-05-06,2021-05-07,0.494132324659674,1.7406569193006929,Calibrated-Hybrid-LogTarget-scale_qlike,validation
2021-05-07,2021-05-10,2.018769062145057,1.8548739672000483,Calibrated-Hybrid-LogTarget-scale_qlike,validation
2021-05-10,2021-05-11,0.0792094524228185,1.7901310077823502,Calibrated-Hybrid-LogTarget-scale_qlike,validation
2021-05-11,2021-05-12,1.0683689670129952,1.7380656914216848,Calibrated-Hybrid-LogTarget-scale_qlike,validation
2021-05-12,2021-05-13,0.3147510754643727,1.5830717362615423,Calibrated-Hybrid-LogTarget-scale_qlike,validation
2021-05-13,2021-05-14,0.1194948927270032,1.5833293557399208,Calibrated-Hybrid-LogTarget-scale_qlike,validation
2021-05-14,2021-05-17,0.3681093008020274,1.5445487256060682,Calibrated-Hybrid-LogTarget-scale_qlike,validation
2021-05-17,2021-05-18,0.2298422025837693,1.5621194962821823,Calibrated-Hybrid-LogTarget-scale_qlike,validation
2021-05-18,2021-05-19,0.6085100033578476,1.5600153346346213,Calibrated-Hybrid-LogTarget-scale_qlike,validation
2021-05-19,2021-05-20,1.5332689494683411,1.4764853037070451,Calibrated-Hybrid-LogTarget-scale_qlike,validation
2021-05-20,2021-05-21,0.1986664550105345,1.4722920046350547,Calibrated-Hybrid-LogTarget-scale_qlike,validation
2021-05-21,2021-05-24,1.1845107713600658,1.4740950781340945,Calibrated-Hybrid-LogTarget-scale_qlike,validation
2021-05-24,2021-05-25,0.6615170731155926,1.43674046864848,Calibrated-Hybrid-LogTarget-scale_qlike,validation
2021-05-25,2021-05-26,0.3826692450882292,1.3712248615339124,Calibrated-Hybrid-LogTarget-scale_qlike,validation
2021-05-26,2021-05-27,1.0043951904267852,1.3951597715675499,Calibrated-Hybrid-LogTarget-scale_qlike,validation
2021-05-27,2021-05-28,1.65727162339538,1.5283222307538264,Calibrated-Hybrid-LogTarget-scale_qlike,validation
2021-05-28,2021-05-31,0.3285055315434949,1.4724799887988833,Calibrated-Hybrid-LogTarget-scale_qlike,validation
2021-05-31,2021-06-01,0.5328741181290064,1.4831971950763616,Calibrated-Hybrid-LogTarget-scale_qlike,validation
2021-06-01,2021-06-02,0.0501764701325494,1.4112253887156514,Calibrated-Hybrid-LogTarget-scale_qlike,validation
2021-06-02,2021-06-03,3.01900451692919,1.5165111668125013,Calibrated-Hybrid-LogTarget-scale_qlike,validation
2021-06-03,2021-06-04,0.5091916058927975,1.47190944060538,Calibrated-Hybrid-LogTarget-scale_qlike,validation
2021-06-04,2021-06-07,1.2488833393722787,1.5150305605033205,Calibrated-Hybrid-LogTarget-scale_qlike,validation
2021-06-07,2021-06-08,8.436942215340656,1.6262572634084513,Calibrated-Hybrid-LogTarget-scale_qlike,validation
2021-06-08,2021-06-09,0.9635770887636846,2.0343498769412016,Calibrated-Hybrid-LogTarget-scale_qlike,validation
2021-06-09,2021-06-10,0.4923594509595709,1.753142295119884,Calibrated-Hybrid-LogTarget-scale_qlike,validation
2021-06-10,2021-06-11,4.4320627369374535,1.686851557307167,Calibrated-Hybrid-LogTarget-scale_qlike,validation
2021-06-11,2021-06-14,0.5411007585268014,1.6601552144985456,Calibrated-Hybrid-LogTarget-scale_qlike,validation
2021-06-14,2021-06-15,0.1708389534964715,1.6371724642733658,Calibrated-Hybrid-LogTarget-scale_qlike,validation
2021-06-15,2021-06-16,0.6335008462154236,1.5122191544868981,Calibrated-Hybrid-LogTarget-scale_qlike,validation
2021-06-16,2021-06-17,0.0626639901398827,1.542770370393213,Calibrated-Hybrid-LogTarget-scale_qlike,validation
2021-06-17,2021-06-18,1.7005139602823875,1.517598419115027,Calibrated-Hybrid-LogTarget-scale_qlike,validation
2021-06-18,2021-06-21,0.1396997155457911,1.5023205870670924,Calibrated-Hybrid-LogTarget-scale_qlike,validation
2021-06-21,2021-06-22,0.284425125779956,1.5197306952779563,Calibrated-Hybrid-LogTarget-scale_qlike,validation
2021-06-22,2021-06-23,0.0505778800491605,1.4714424261196115,Calibrated-Hybrid-LogTarget-scale_qlike,validation
2021-06-23,2021-06-24,0.042756846647676,1.4710735859391268,Calibrated-Hybrid-LogTarget-scale_qlike,validation
2021-06-24,2021-06-25,0.5639250493998573,1.422495377054803,Calibrated-Hybrid-LogTarget-scale_qlike,validation
2021-06-25,2021-06-28,1.2596863062253096,1.3563079044188573,Calibrated-Hybrid-LogTarget-scale_qlike,validation
2021-06-28,2021-06-29,0.0902656153029111,1.39480855636504,Calibrated-Hybrid-LogTarget-scale_qlike,validation
2021-06-29,2021-06-30,0.0111781207193246,1.391071737630173,Calibrated-Hybrid-LogTarget-scale_qlike,validation
2021-06-30,2021-07-01,0.3645273399631648,1.3665486646549594,Calibrated-Hybrid-LogTarget-scale_qlike,validation
2021-07-01,2021-07-02,0.0505610286336511,1.4532467845913584,Calibrated-Hybrid-LogTarget-scale_qlike,validation
2021-07-02,2021-07-05,0.4168242183273023,1.443577969664131,Calibrated-Hybrid-LogTarget-scale_qlike,validation
2021-07-05,2021-07-06,16.601013312283214,1.5362966590024365,Calibrated-Hybrid-LogTarget-scale_qlike,validation
2021-07-06,2021-07-07,6.058281445881023,2.8575602433009553,Calibrated-Hybrid-LogTarget-scale_qlike,validation
2021-07-07,2021-07-08,1.0078273448945338,2.2904289575376247,Calibrated-Hybrid-LogTarget-scale_qlike,validation
2021-07-08,2021-07-09,4.095422426959989,2.071617548646357,Calibrated-Hybrid-LogTarget-scale_qlike,validation
2021-07-09,2021-07-12,14.799235172407151,2.3373952818643255,Calibrated-Hybrid-LogTarget-scale_qlike,validation
2021-07-12,2021-07-13,0.009141491530764,4.357537490025037,Calibrated-Hybrid-LogTarget-scale_qlike,validation
2021-07-13,2021-07-14,1.871533753406208,3.0174559110500683,Calibrated-Hybrid-LogTarget-scale_qlike,validation
2021-07-14,2021-07-15,1.185182208099543,2.9135199104786444,Calibrated-Hybrid-LogTarget-scale_qlike,validation
2021-07-15,2021-07-16,0.1728051567276786,2.4886938600329,Calibrated-Hybrid-LogTarget-scale_qlike,validation
2021-07-16,2021-07-19,19.26799845022637,2.0082099591968063,Calibrated-Hybrid-LogTarget-scale_qlike,validation
2021-07-19,2021-07-20,5.600831490366748,5.156855843393044,Calibrated-Hybrid-LogTarget-scale_qlike,validation
2021-07-20,2021-07-21,0.0386259132356042,3.4067686569853066,Calibrated-Hybrid-LogTarget-scale_qlike,validation
2021-07-21,2021-07-22,3.1842211341003503,2.6086775942937765,Calibrated-Hybrid-LogTarget-scale_qlike,validation
2021-07-22,2021-07-23,3.75891611125588,2.3630800467165347,Calibrated-Hybrid-LogTarget-scale_qlike,validation
2021-07-23,2021-07-26,0.0932245335056029,2.4326921407470534,Calibrated-Hybrid-LogTarget-scale_qlike,validation
2021-07-26,2021-07-27,0.1095791578755464,1.9373914379177266,Calibrated-Hybrid-LogTarget-scale_qlike,validation
2021-07-27,2021-07-28,0.0001201916445908,1.686275336442765,Calibrated-Hybrid-LogTarget-scale_qlike,validation
2021-07-28,2021-07-29,1.6539600353625152,1.6156902374254039,Calibrated-Hybrid-LogTarget-scale_qlike,validation
2021-07-29,2021-07-30,1.5967544948591652,1.472074738185113,Calibrated-Hybrid-LogTarget-scale_qlike,validation
2021-07-30,2021-08-02,0.1009987039707803,1.3869541818480515,Calibrated-Hybrid-LogTarget-scale_qlike,validation
2021-08-02,2021-08-03,1.8957198194932552,1.3201321284082377,Calibrated-Hybrid-LogTarget-scale_qlike,validation
2021-08-03,2021-08-04,0.0297448118967559,1.3555845591993534,Calibrated-Hybrid-LogTarget-scale_qlike,validation
2021-08-04,2021-08-05,0.6506576147304501,1.3673975018940938,Calibrated-Hybrid-LogTarget-scale_qlike,validation
2021-08-05,2021-08-06,0.0931307383293993,1.3827255128522364,Calibrated-Hybrid-LogTarget-scale_qlike,validation
2021-08-06,2021-08-09,1.8579420490159877,1.4159329292826024,Calibrated-Hybrid-LogTarget-scale_qlike,validation
2021-08-09,2021-08-10,0.0356498511082493,1.3978921884978661,Calibrated-Hybrid-LogTarget-scale_qlike,validation
2021-08-10,2021-08-11,0.1163827824804467,1.4475500507014385,Calibrated-Hybrid-LogTarget-scale_qlike,validation
2021-08-11,2021-08-12,0.1222953063583315,1.5131166273634673,Calibrated-Hybrid-LogTarget-scale_qlike,validation
2021-08-12,2021-08-13,0.0871384784453648,1.4910556131041366,Calibrated-Hybrid-LogTarget-scale_qlike,validation
2021-08-13,2021-08-16,1.0399916754691487,1.506654909474807,Calibrated-Hybrid-LogTarget-scale_qlike,validation
2021-08-16,2021-08-17,0.3314354435277737,1.514279968505285,Calibrated-Hybrid-LogTarget-scale_qlike,validation
2021-08-17,2021-08-18,0.0249180078972991,1.5437190990900853,Calibrated-Hybrid-LogTarget-scale_qlike,validation
2021-08-18,2021-08-19,1.034084957658442,1.4859020360830115,Calibrated-Hybrid-LogTarget-scale_qlike,validation
2021-08-19,2021-08-20,11.285807091304966,1.429847738856461,Calibrated-Hybrid-LogTarget-scale_qlike,validation
2021-08-20,2021-08-23,5.411821632013326,2.292568545310356,Calibrated-Hybrid-LogTarget-scale_qlike,validation
2021-08-23,2021-08-24,8.536462420535458e-05,2.3039290706029374,Calibrated-Hybrid-LogTarget-scale_qlike,validation
2021-08-24,2021-08-25,0.6870757170728501,1.959828313481127,Calibrated-Hybrid-LogTarget-scale_qlike,validation
2021-08-25,2021-08-26,0.4170750420782061,1.8669369896723529,Calibrated-Hybrid-LogTarget-scale_qlike,validation
2021-08-26,2021-08-27,0.8540485329092148,1.7670385442580736,Calibrated-Hybrid-LogTarget-scale_qlike,validation
2021-08-27,2021-08-30,1.2797402595336076,1.6188061248201628,Calibrated-Hybrid-LogTarget-scale_qlike,validation
2021-08-30,2021-08-31,0.0627065630623478,1.4801847486990882,Calibrated-Hybrid-LogTarget-scale_qlike,validation
2021-08-31,2021-09-01,0.0569056328666982,1.498817368105035,Calibrated-Hybrid-LogTarget-scale_qlike,validation
2021-09-01,2021-09-06,0.7669996218071843,1.4657501965487865,Calibrated-Hybrid-LogTarget-scale_qlike,validation
2021-09-06,2021-09-07,0.1115838258583112,1.5105478888085069,Calibrated-Hybrid-LogTarget-scale_qlike,validation
2021-09-07,2021-09-08,0.3840242724271654,1.5612512115125012,Calibrated-Hybrid-LogTarget-scale_qlike,validation
2021-09-08,2021-09-09,0.5999757427909345,1.4414815696401668,Calibrated-Hybrid-LogTarget-scale_qlike,validation
2021-09-09,2021-09-10,0.009783360800291,1.402876308588912,Calibrated-Hybrid-LogTarget-scale_qlike,validation
2021-09-10,2021-09-13,0.0834204953018611,1.4082923021731077,Calibrated-Hybrid-LogTarget-scale_qlike,validation
2021-09-13,2021-09-14,0.0166539238245993,1.51178999115043,Calibrated-Hybrid-LogTarget-scale_qlike,validation
2021-09-14,2021-09-15,0.208411861391793,1.4715546925544614,Calibrated-Hybrid-LogTarget-scale_qlike,validation
2021-09-15,2021-09-16,8.833374944135227e-06,1.421425932672202,Calibrated-Hybrid-LogTarget-scale_qlike,validation
2021-09-16,2021-09-17,0.2517625260662404,1.387478898011585,Calibrated-Hybrid-LogTarget-scale_qlike,validation
2021-09-17,2021-09-20,0.0255409488218125,1.5046954122584477,Calibrated-Hybrid-LogTarget-scale_qlike,validation
2021-09-20,2021-09-21,0.6256621683862371,1.5387844417311614,Calibrated-Hybrid-LogTarget-scale_qlike,validation
2021-09-21,2021-09-22,0.6493080782631847,1.5811772098993675,Calibrated-Hybrid-LogTarget-scale_qlike,validation
2021-09-22,2021-09-23,0.023678455022373,1.5100540338501798,Calibrated-Hybrid-LogTarget-scale_qlike,validation
2021-09-23,2021-09-24,0.0138313143395197,1.6819563403251825,Calibrated-Hybrid-LogTarget-scale_qlike,validation
2021-09-24,2021-09-27,3.828272422415496,1.4827582386030518,Calibrated-Hybrid-LogTarget-scale_qlike,validation
2021-09-27,2021-09-28,1.1555484032608674,1.8063111434242616,Calibrated-Hybrid-LogTarget-scale_qlike,validation
2021-09-28,2021-09-29,5.575325206713305e-05,1.5892877864798567,Calibrated-Hybrid-LogTarget-scale_qlike,validation
2021-09-29,2021-09-30,0.0451927678238876,1.5491723716184165,Calibrated-Hybrid-LogTarget-scale_qlike,validation
2021-09-30,2021-10-01,0.2869590069123234,1.4396332632285043,Calibrated-Hybrid-LogTarget-scale_qlike,validation
2021-10-01,2021-10-04,0.1209217160727008,1.5306801316218912,Calibrated-Hybrid-LogTarget-scale_qlike,validation
2021-10-04,2021-10-05,1.2548666056334208,1.520896220682297,Calibrated-Hybrid-LogTarget-scale_qlike,validation
2021-10-05,2021-10-06,0.363335054701863,1.371811491323237,Calibrated-Hybrid-LogTarget-scale_qlike,validation
2021-10-06,2021-10-07,0.0539799292056889,1.370114091907403,Calibrated-Hybrid-LogTarget-scale_qlike,validation
2021-10-07,2021-10-08,0.2422625428098201,1.4219740305050452,Calibrated-Hybrid-LogTarget-scale_qlike,validation
2021-10-08,2021-10-11,2.384064119474745,1.3610413748378332,Calibrated-Hybrid-LogTarget-scale_qlike,validation
2021-10-11,2021-10-12,0.0025924711816483,1.373532606830383,Calibrated-Hybrid-LogTarget-scale_qlike,validation
2021-10-12,2021-10-13,0.043020201094552,1.4365505396490383,Calibrated-Hybrid-LogTarget-scale_qlike,validation
2021-10-13,2021-10-14,1.8582276241239155e-05,1.4090242879346424,Calibrated-Hybrid-LogTarget-scale_qlike,validation
2021-10-14,2021-10-15,0.0037272440365911,1.49600287738842,Calibrated-Hybrid-LogTarget-scale_qlike,validation
2021-10-15,2021-10-18,0.0412074717223573,1.5410126166284261,Calibrated-Hybrid-LogTarget-scale_qlike,validation
2021-10-18,2021-10-19,0.0002054205471957,1.4959491987799614,Calibrated-Hybrid-LogTarget-scale_qlike,validation
2021-10-19,2021-10-20,0.012036644283499,1.4149581514781726,Calibrated-Hybrid-LogTarget-scale_qlike,validation
2021-10-20,2021-10-21,0.4224699907147212,1.5149857709459809,Calibrated-Hybrid-LogTarget-scale_qlike,validation
2021-10-21,2021-10-22,0.1038627326357175,1.4958566478291808,Calibrated-Hybrid-LogTarget-scale_qlike,validation
2021-10-22,2021-10-25,0.0766142772237032,1.5105102543657365,Calibrated-Hybrid-LogTarget-scale_qlike,validation
2021-10-25,2021-10-26,0.2013151221701667,1.5867646968270954,Calibrated-Hybrid-LogTarget-scale_qlike,validation
2021-10-26,2021-10-27,4.975421040294883,1.482753996403611,Calibrated-Hybrid-LogTarget-scale_qlike,validation
2021-10-27,2021-10-28,1.0980607841681207,1.5256627483397551,Calibrated-Hybrid-LogTarget-scale_qlike,validation
2021-10-28,2021-10-29,0.1886851350804401,1.4840187090894794,Calibrated-Hybrid-LogTarget-scale_qlike,validation
2021-10-29,2021-11-01,0.1351609140151505,1.5708780097030541,Calibrated-Hybrid-LogTarget-scale_qlike,validation
2021-11-01,2021-11-02,0.8706925479870633,1.6966704138597932,Calibrated-Hybrid-LogTarget-scale_qlike,validation
2021-11-02,2021-11-03,0.3174077865606339,1.5886325867849609,Calibrated-Hybrid-LogTarget-scale_qlike,validation
2021-11-03,2021-11-04,0.0780251318950003,1.913598405898615,Calibrated-Hybrid-LogTarget-scale_qlike,validation
2021-11-04,2021-11-05,0.3164163905277483,1.595688592656106,Calibrated-Hybrid-LogTarget-scale_qlike,validation
2021-11-05,2021-11-08,0.5722632892702788,1.5527377552143622,Calibrated-Hybrid-LogTarget-scale_qlike,validation
2021-11-08,2021-11-09,0.1717825777423685,1.6114759538185686,Calibrated-Hybrid-LogTarget-scale_qlike,validation
2021-11-09,2021-11-10,0.0578685691569425,1.6650854307655152,Calibrated-Hybrid-LogTarget-scale_qlike,validation
2021-11-10,2021-11-11,0.0332757244454099,1.6131461930840076,Calibrated-Hybrid-LogTarget-scale_qlike,validation
2021-11-11,2021-11-12,0.5636350562840569,1.7697381551504205,Calibrated-Hybrid-LogTarget-scale_qlike,validation
2021-11-12,2021-11-15,0.0470688863590858,1.5607087786316507,Calibrated-Hybrid-LogTarget-scale_qlike,validation
2021-11-15,2021-11-16,0.4729748116245648,1.7079130451411788,Calibrated-Hybrid-LogTarget-scale_qlike,validation
2021-11-16,2021-11-17,0.40826744424175,1.7588702488584125,Calibrated-Hybrid-LogTarget-scale_qlike,validation
2021-11-17,2021-11-18,0.1670640675036151,1.5567856231489896,Calibrated-Hybrid-LogTarget-scale_qlike,validation
2021-11-18,2021-11-19,1.4313283722317711,1.7457433747772353,Calibrated-Hybrid-LogTarget-scale_qlike,validation
2021-11-19,2021-11-22,0.1237442583360642,2.008105584691181,Calibrated-Hybrid-LogTarget-scale_qlike,validation
2021-11-22,2021-11-23,1.2666258581863683,1.873139898852034,Calibrated-Hybrid-LogTarget-scale_qlike,validation
2021-11-23,2021-11-24,2.923344781612152,1.6323042703633668,Calibrated-Hybrid-LogTarget-scale_qlike,validation
2021-11-24,2021-11-25,0.6380046596767257,1.7376397536146935,Calibrated-Hybrid-LogTarget-scale_qlike,validation
2021-11-25,2021-11-26,0.2701244946030526,1.68047826705834,Calibrated-Hybrid-LogTarget-scale_qlike,validation
2021-11-26,2021-11-29,0.3025648797186475,1.7567358089102079,Calibrated-Hybrid-LogTarget-scale_qlike,validation
2021-11-29,2021-11-30,0.1865846491020368,1.760038938699375,Calibrated-Hybrid-LogTarget-scale_qlike,validation
2021-11-30,2021-12-01,0.2075014205290045,1.8148899203017599,Calibrated-Hybrid-LogTarget-scale_qlike,validation
2021-12-01,2021-12-02,0.0447934240863952,1.6018105825389701,Calibrated-Hybrid-LogTarget-scale_qlike,validation
2021-12-02,2021-12-03,7.012035907074128,1.5396510605446974,Calibrated-Hybrid-LogTarget-scale_qlike,validation
2021-12-03,2021-12-06,4.334941271489592,2.11842120743554,Calibrated-Hybrid-LogTarget-scale_qlike,validation
2021-12-06,2021-12-07,5.38610884102854,2.2339501520035716,Calibrated-Hybrid-LogTarget-scale_qlike,validation
2021-12-07,2021-12-08,0.1770242562530693,1.8130838497734953,Calibrated-Hybrid-LogTarget-scale_qlike,validation
2021-12-08,2021-12-09,1.070479018660655,1.7973449888360276,Calibrated-Hybrid-LogTarget-scale_qlike,validation
2021-12-09,2021-12-10,0.0917573521914629,1.6563976773402642,Calibrated-Hybrid-LogTarget-scale_qlike,validation
2021-12-10,2021-12-13,0.7430153759165636,1.6839541529465334,Calibrated-Hybrid-LogTarget-scale_qlike,validation
2021-12-13,2021-12-14,0.0001656787526269,1.6186216495737042,Calibrated-Hybrid-LogTarget-scale_qlike,validation
2021-12-14,2021-12-15,0.001241581482623,1.6429441146419714,Calibrated-Hybrid-LogTarget-scale_qlike,validation
2021-12-15,2021-12-16,0.0056551081903051,1.6176598630825594,Calibrated-Hybrid-LogTarget-scale_qlike,validation
2021-12-16,2021-12-17,0.0462794489398934,1.6035623667847896,Calibrated-Hybrid-LogTarget-scale_qlike,validation
2021-12-17,2021-12-20,0.0276816841350729,1.6862779497007798,Calibrated-Hybrid-LogTarget-scale_qlike,validation
2021-12-20,2021-12-21,0.009100575448846,1.597301910333119,Calibrated-Hybrid-LogTarget-scale_qlike,validation
2021-12-21,2021-12-22,0.0052396015195704,1.5737889017684168,Calibrated-Hybrid-LogTarget-scale_qlike,validation
2021-12-22,2021-12-23,1.992176913695392,1.6712686462672077,Calibrated-Hybrid-LogTarget-scale_qlike,validation
2021-12-23,2021-12-24,1.8717637228671864,1.8852760890611344,Calibrated-Hybrid-LogTarget-scale_qlike,validation
2021-12-24,2021-12-27,0.6385359851594573,1.596328814419313,Calibrated-Hybrid-LogTarget-scale_qlike,validation
2021-12-27,2021-12-28,0.1364517327618313,1.5009397173671721,Calibrated-Hybrid-LogTarget-scale_qlike,validation
2021-12-28,2021-12-29,0.3307731842534792,1.6430667239505965,Calibrated-Hybrid-LogTarget-scale_qlike,validation
2021-12-29,2021-12-30,0.0001019075301841,1.6206172589933832,Calibrated-Hybrid-LogTarget-scale_qlike,validation
2021-12-30,2021-12-31,0.6806292652244172,1.5480874123696986,Calibrated-Hybrid-LogTarget-scale_qlike,validation
2021-12-31,2022-01-04,3.2605099137684044,1.5444546408200568,Calibrated-Hybrid-LogTarget-scale_qlike,validation
2022-01-04,2022-01-05,0.0408421877386783,1.5208032140793393,Calibrated-Hybrid-LogTarget-scale_qlike,validation
2022-01-05,2022-01-06,0.1583194148629771,1.6912907839229265,Calibrated-Hybrid-LogTarget-scale_qlike,validation
2022-01-06,2022-01-07,3.466888916717849e-05,1.6968227216332648,Calibrated-Hybrid-LogTarget-scale_qlike,validation
2022-01-07,2022-01-10,2.6694297971607823,1.663983361863054,Calibrated-Hybrid-LogTarget-scale_qlike,validation
2022-01-10,2022-01-11,0.5791412105719106,1.9667902000814292,Calibrated-Hybrid-LogTarget-scale_qlike,validation
2022-01-11,2022-01-12,1.469449968423449,1.8617186757098423,Calibrated-Hybrid-LogTarget-scale_qlike,validation
2022-01-12,2022-01-13,0.9252594386149106,1.8001765231765003,Calibrated-Hybrid-LogTarget-scale_qlike,validation
2022-01-13,2022-01-14,4.021230809949571e-06,1.8009466646710452,Calibrated-Hybrid-LogTarget-scale_qlike,validation
2022-01-14,2022-01-17,8.577861779061374,1.6102248892396642,Calibrated-Hybrid-LogTarget-scale_qlike,validation
2022-01-17,2022-01-18,0.9241996120524796,2.29258125358513,Calibrated-Hybrid-LogTarget-scale_qlike,validation
2022-01-18,2022-01-19,0.0713962483719635,1.9390492493831508,Calibrated-Hybrid-LogTarget-scale_qlike,validation
2022-01-19,2022-01-20,2.396694299563955,1.7452631256577298,Calibrated-Hybrid-LogTarget-scale_qlike,validation
2022-01-20,2022-01-21,0.2669228311266386,1.7609518619238678,Calibrated-Hybrid-LogTarget-scale_qlike,validation
2022-01-21,2022-01-24,5.19144957677216,1.7092850395065682,Calibrated-Hybrid-LogTarget-scale_qlike,validation
2022-01-24,2022-01-25,7.461944120148481,2.027655903563008,Calibrated-Hybrid-LogTarget-scale_qlike,validation
2022-01-25,2022-01-26,0.0182472056354126,1.9466735147691372,Calibrated-Hybrid-LogTarget-scale_qlike,validation
2022-01-26,2022-01-27,0.5372614259470304,1.7703431073190734,Calibrated-Hybrid-LogTarget-scale_qlike,validation
2022-01-27,2022-01-28,0.3091208848418566,1.7343346231438475,Calibrated-Hybrid-LogTarget-scale_qlike,validation
2022-01-28,2022-02-07,1.5787299229773026,1.690673140465649,Calibrated-Hybrid-LogTarget-scale_qlike,validation
2022-02-07,2022-02-08,0.0493284261128678,1.5877179565153199,Calibrated-Hybrid-LogTarget-scale_qlike,validation
2022-02-08,2022-02-09,0.0852913112285084,1.515629025436377,Calibrated-Hybrid-LogTarget-scale_qlike,validation
2022-02-09,2022-02-10,0.0087647457494785,1.530731406915352,Calibrated-Hybrid-LogTarget-scale_qlike,validation
2022-02-10,2022-02-11,0.1140481407730615,1.4401923304901538,Calibrated-Hybrid-LogTarget-scale_qlike,validation
2022-02-11,2022-02-14,4.003846034921644,1.4426706632682529,Calibrated-Hybrid-LogTarget-scale_qlike,validation
2022-02-14,2022-02-15,1.9670652734045644,1.6992495548420963,Calibrated-Hybrid-LogTarget-scale_qlike,validation
2022-02-15,2022-02-16,0.0018968880308684,1.6110186216962077,Calibrated-Hybrid-LogTarget-scale_qlike,validation
2022-02-16,2022-02-17,1.122140769245723,1.607251011670745,Calibrated-Hybrid-LogTarget-scale_qlike,validation
2022-02-17,2022-02-18,0.0437252358911797,1.5052801046444033,Calibrated-Hybrid-LogTarget-scale_qlike,validation
2022-02-18,2022-02-21,0.1583409064037323,1.5649341245061696,Calibrated-Hybrid-LogTarget-scale_qlike,validation
2022-02-21,2022-02-22,0.2391227349223014,1.5328673339953718,Calibrated-Hybrid-LogTarget-scale_qlike,validation
2022-02-22,2022-02-23,0.3429157616051995,1.6382612679150914,Calibrated-Hybrid-LogTarget-scale_qlike,validation
2022-02-23,2022-02-24,1.3469467288223498,1.4855736671724649,Calibrated-Hybrid-LogTarget-scale_qlike,validation
2022-02-24,2022-02-25,0.0728442185423715,1.8009666309125807,Calibrated-Hybrid-LogTarget-scale_qlike,validation
2022-02-25,2022-02-28,0.3435682703713377,1.5733702113641146,Calibrated-Hybrid-LogTarget-scale_qlike,validation
2022-02-28,2022-03-01,0.3350186274967215,1.5705900252128295,Calibrated-Hybrid-LogTarget-scale_qlike,validation
2022-03-01,2022-03-02,0.7897102913909818,1.589910846070899,Calibrated-Hybrid-LogTarget-scale_qlike,validation
2022-03-02,2022-03-03,1.6972927621476632,1.708650436647774,Calibrated-Hybrid-LogTarget-scale_qlike,validation
2022-03-03,2022-03-04,0.0004806839941866,1.6138647934326311,Calibrated-Hybrid-LogTarget-scale_qlike,validation
2022-03-04,2022-03-07,0.1747715827843937,1.645113455801512,Calibrated-Hybrid-LogTarget-scale_qlike,validation
2022-03-07,2022-03-08,2.9065282793306784,1.6892033150854577,Calibrated-Hybrid-LogTarget-scale_qlike,validation
2022-03-08,2022-03-09,4.143903255486161e-06,1.803127942556212,Calibrated-Hybrid-LogTarget-scale_qlike,validation
2022-03-09,2022-03-10,0.1308186023197331,1.7041520340155194,Calibrated-Hybrid-LogTarget-scale_qlike,validation
2022-03-10,2022-03-11,0.7249480262949388,1.5086885369369416,Calibrated-Hybrid-LogTarget-scale_qlike,validation
2022-03-11,2022-03-14,1.940974298078772,1.6769247939499234,Calibrated-Hybrid-LogTarget-scale_qlike,validation
2022-03-14,2022-03-15,0.2004736979473137,1.7044358592600066,Calibrated-Hybrid-LogTarget-scale_qlike,validation
2022-03-15,2022-03-16,0.2048465635146144,1.5174714243199552,Calibrated-Hybrid-LogTarget-scale_qlike,validation
2022-03-16,2022-03-17,0.0189446795575115,1.429334943352312,Calibrated-Hybrid-LogTarget-scale_qlike,validation
2022-03-17,2022-03-18,0.2804915592052127,1.5086658760455156,Calibrated-Hybrid-LogTarget-scale_qlike,validation
2022-03-18,2022-03-21,3.042510301896478,1.516244717222334,Calibrated-Hybrid-LogTarget-scale_qlike,validation
2022-03-21,2022-03-22,0.3468240297098041,1.40379205663088,Calibrated-Hybrid-LogTarget-scale_qlike,validation
2022-03-22,2022-03-23,0.0091785148718354,1.5330996040045133,Calibrated-Hybrid-LogTarget-scale_qlike,validation
2022-03-23,2022-03-24,0.0739545064300968,1.5221727804622558,Calibrated-Hybrid-LogTarget-scale_qlike,validation
2022-03-24,2022-03-25,0.0002565538581837,1.5363600270399072,Calibrated-Hybrid-LogTarget-scale_qlike,validation
2022-03-25,2022-03-28,1.0559980128443454,1.5353559694810275,Calibrated-Hybrid-LogTarget-scale_qlike,validation
2022-03-28,2022-03-29,0.9569197018395468,1.6963241819867299,Calibrated-Hybrid-LogTarget-scale_qlike,validation
2022-03-29,2022-03-30,0.2354496444813368,1.4651777147370424,Calibrated-Hybrid-LogTarget-scale_qlike,validation
2022-03-30,2022-03-31,0.0120931732563713,1.6385626373106477,Calibrated-Hybrid-LogTarget-scale_qlike,validation
2022-03-31,2022-04-01,2.607401303697469,1.481905447109195,Calibrated-Hybrid-LogTarget-scale_qlike,validation
2022-04-01,2022-04-04,0.2950865363946971,1.5379425110077456,Calibrated-Hybrid-LogTarget-scale_qlike,validation
2022-04-04,2022-04-05,0.09410156815978,1.4980333775957357,Calibrated-Hybrid-LogTarget-scale_qlike,validation
2022-04-05,2022-04-06,0.0355827999144168,1.4856560182523861,Calibrated-Hybrid-LogTarget-scale_qlike,validation
2022-04-06,2022-04-07,1.845756746133211,1.613054659920272,Calibrated-Hybrid-LogTarget-scale_qlike,validation
2022-04-07,2022-04-08,1.8599564295348143,1.6596989061448026,Calibrated-Hybrid-LogTarget-scale_qlike,validation
2022-04-08,2022-04-12,3.317796568560508,1.6475892800743723,Calibrated-Hybrid-LogTarget-scale_qlike,validation
2022-04-12,2022-04-13,2.2412176347286983,1.7336047467369768,Calibrated-Hybrid-LogTarget-scale_qlike,validation
2022-04-13,2022-04-14,0.1186709675031117,1.636810275925206,Calibrated-Hybrid-LogTarget-scale_qlike,validation
2022-04-14,2022-04-15,0.8563450026802516,1.5624638534626727,Calibrated-Hybrid-LogTarget-scale_qlike,validation
2022-04-15,2022-04-18,3.225139156963737,1.642628819625861,Calibrated-Hybrid-LogTarget-scale_qlike,validation
2022-04-18,2022-04-19,3.3937657292333743,1.8254734323761241,Calibrated-Hybrid-LogTarget-scale_qlike,validation
2022-04-19,2022-04-20,2.4245124341762705,2.0874205981214558,Calibrated-Hybrid-LogTarget-scale_qlike,validation
2022-04-20,2022-04-21,1.109638997468357,2.1243309372366683,Calibrated-Hybrid-LogTarget-scale_qlike,validation
2022-04-21,2022-04-22,0.4305144066915168,1.9986094492144741,Calibrated-Hybrid-LogTarget-scale_qlike,validation
2022-04-22,2022-04-25,25.802530842890924,1.8546146136678416,Calibrated-Hybrid-LogTarget-scale_qlike,validation
2022-04-25,2022-04-26,5.262405488369011,5.792430316401489,Calibrated-Hybrid-LogTarget-scale_qlike,validation
2022-04-26,2022-04-27,0.8508547277394044,3.5052427795754286,Calibrated-Hybrid-LogTarget-scale_qlike,validation
2022-04-27,2022-04-28,0.0422563925888465,2.92670626487493,Calibrated-Hybrid-LogTarget-scale_qlike,validation
2022-04-28,2022-04-29,1.3536355027087716,2.4969759548132187,Calibrated-Hybrid-LogTarget-scale_qlike,validation
2022-04-29,2022-05-04,1.7811317821270536,2.09672311885905,Calibrated-Hybrid-LogTarget-scale_qlike,validation
2022-05-04,2022-05-05,0.7846838850035229,2.0885664471346725,Calibrated-Hybrid-LogTarget-scale_qlike,validation
2022-05-05,2022-05-06,5.457913784856381,1.8424923918561646,Calibrated-Hybrid-LogTarget-scale_qlike,validation
2022-05-06,2022-05-09,21.07246376843707,2.5365689792425608,Calibrated-Hybrid-LogTarget-scale_qlike,validation
2022-05-09,2022-05-10,3.4895974437640893,6.280784023686553,Calibrated-Hybrid-LogTarget-scale_qlike,validation
2022-05-10,2022-05-11,0.3772893243323654,3.839379056127111,Calibrated-Hybrid-LogTarget-scale_qlike,validation
2022-05-11,2022-05-12,24.369069377939013,3.236355505590895,Calibrated-Hybrid-LogTarget-scale_qlike,validation
2022-05-12,2022-05-13,21.45200829300172,7.616531557178173,Calibrated-Hybrid-LogTarget-scale_qlike,validation
2022-05-13,2022-05-16,0.8445825050431754,7.7056514119018304,Calibrated-Hybrid-LogTarget-scale_qlike,validation
2022-05-16,2022-05-17,22.10791922900586,5.262094292577091,Calibrated-Hybrid-LogTarget-scale_qlike,validation
2022-05-17,2022-05-18,1.0072145297005026,6.4076122145030014,Calibrated-Hybrid-LogTarget-scale_qlike,validation
2022-05-18,2022-05-19,0.0050266870380628,4.248317546373494,Calibrated-Hybrid-LogTarget-scale_qlike,validation
2022-05-19,2022-05-20,0.0056143553761866,3.069614391108165,Calibrated-Hybrid-LogTarget-scale_qlike,validation
2022-05-20,2022-05-23,3.1715419491716648,2.3371266890725626,Calibrated-Hybrid-LogTarget-scale_qlike,validation
2022-05-23,2022-05-24,1.4121508187671683,2.6062128545165355,Calibrated-Hybrid-LogTarget-scale_qlike,validation
2022-05-24,2022-05-25,7.852071042943518,2.185768473875256,Calibrated-Hybrid-LogTarget-scale_qlike,validation
2022-05-25,2022-05-26,0.0001218078083452,2.1041202513940775,Calibrated-Hybrid-LogTarget-scale_qlike,validation
2022-05-26,2022-05-27,1.747305868676365,1.5860638354466277,Calibrated-Hybrid-LogTarget-scale_qlike,validation
2022-05-27,2022-05-30,0.4313230278725308,1.4455395545863794,Calibrated-Hybrid-LogTarget-scale_qlike,validation
2022-05-30,2022-05-31,0.0091927379819102,1.3367499996902568,Calibrated-Hybrid-LogTarget-scale_qlike,validation
2022-05-31,2022-06-01,0.2785076944454149,1.340577071881254,Calibrated-Hybrid-LogTarget-scale_qlike,validation
2022-06-01,2022-06-02,0.7094839787224755,1.3303694829313473,Calibrated-Hybrid-LogTarget-scale_qlike,validation
2022-06-02,2022-06-03,0.0024678908753368,1.395305804668182,Calibrated-Hybrid-LogTarget-scale_qlike,validation
2022-06-03,2022-06-06,0.0248021762794326,1.4216211492303465,Calibrated-Hybrid-LogTarget-scale_qlike,validation
2022-06-06,2022-06-07,0.0107788521263349,1.4203664356052588,Calibrated-Hybrid-LogTarget-scale_qlike,validation
2022-06-07,2022-06-08,1.62365203625605,1.4615088079847696,Calibrated-Hybrid-LogTarget-scale_qlike,validation
2022-06-08,2022-06-09,7.074018263381634e-05,1.4492112165455955,Calibrated-Hybrid-LogTarget-scale_qlike,validation
2022-06-09,2022-06-10,3.350301019629325,1.359761833785204,Calibrated-Hybrid-LogTarget-scale_qlike,validation
2022-06-10,2022-06-13,20.64588542406384,1.7267958339677218,Calibrated-Hybrid-LogTarget-scale_qlike,validation
2022-06-13,2022-06-14,0.0708307718816595,5.3677236286718735,Calibrated-Hybrid-LogTarget-scale_qlike,validation
2022-06-14,2022-06-15,1.796441565238617,3.5534891893146794,Calibrated-Hybrid-LogTarget-scale_qlike,validation
2022-06-15,2022-06-16,3.432463040017097,3.3971940855538625,Calibrated-Hybrid-LogTarget-scale_qlike,validation
2022-06-16,2022-06-17,2.4820888579092317,3.110250397077137,Calibrated-Hybrid-LogTarget-scale_qlike,validation
2022-06-17,2022-06-20,9.47527051181594,3.018225606139924,Calibrated-Hybrid-LogTarget-scale_qlike,validation
2022-06-20,2022-06-21,0.4543743324349223,4.726300447899182,Calibrated-Hybrid-LogTarget-scale_qlike,validation
2022-06-21,2022-06-22,0.0746935567234301,3.4508278585865346,Calibrated-Hybrid-LogTarget-scale_qlike,validation
2022-06-22,2022-06-23,2.766255864563167,3.036929444462398,Calibrated-Hybrid-LogTarget-scale_qlike,validation
2022-06-23,2022-06-24,0.0820210424345146,2.92135429834206,Calibrated-Hybrid-LogTarget-scale_qlike,validation
2022-06-24,2022-06-27,2.1086071885158946,2.380838254542059,Calibrated-Hybrid-LogTarget-scale_qlike,validation
2022-06-27,2022-06-28,1.593519408496492,2.1567029102391952,Calibrated-Hybrid-LogTarget-scale_qlike,validation
2022-06-28,2022-06-29,6.739655204912147e-07,1.8748316805931267,Calibrated-Hybrid-LogTarget-scale_qlike,validation
2022-06-29,2022-06-30,2.8779439800812714,1.6613605031165133,Calibrated-Hybrid-LogTarget-scale_qlike,validation
2022-06-30,2022-07-01,0.0117704187689308,1.9031152872096009,Calibrated-Hybrid-LogTarget-scale_qlike,validation
2022-07-01,2022-07-04,0.0792348201052211,1.914463627602283,Calibrated-Hybrid-LogTarget-scale_qlike,validation
2022-07-04,2022-07-05,1.4358126528100246,1.830681153952216,Calibrated-Hybrid-LogTarget-scale_qlike,validation
2022-07-05,2022-07-06,7.389865614079536,1.9744767014174327,Calibrated-Hybrid-LogTarget-scale_qlike,validation
2022-07-06,2022-07-07,2.1222407761584665,3.0348615082324013,Calibrated-Hybrid-LogTarget-scale_qlike,validation
2022-07-07,2022-07-08,0.1707436242121409,2.855144369439098,Calibrated-Hybrid-LogTarget-scale_qlike,validation
2022-07-08,2022-07-11,1.896510687995091,2.4029910729935393,Calibrated-Hybrid-LogTarget-scale_qlike,validation
2022-07-11,2022-07-12,2.8101659729648394,2.443568599205666,Calibrated-Hybrid-LogTarget-scale_qlike,validation
2022-07-12,2022-07-13,0.0058732050643028,2.3691689595225074,Calibrated-Hybrid-LogTarget-scale_qlike,validation
2022-07-13,2022-07-14,0.4904420356514064,2.0583355483952928,Calibrated-Hybrid-LogTarget-scale_qlike,validation
2022-07-14,2022-07-15,0.0611617161101388,1.9038681875345227,Calibrated-Hybrid-LogTarget-scale_qlike,validation
2022-07-15,2022-07-18,0.0549065100896944,1.8191297340253456,Calibrated-Hybrid-LogTarget-scale_qlike,validation
2022-07-18,2022-07-19,0.0244219525267298,1.7977493433599525,Calibrated-Hybrid-LogTarget-scale_qlike,validation
2022-07-19,2022-07-20,1.7763769532234184,1.7100872375278708,Calibrated-Hybrid-LogTarget-scale_qlike,validation
2022-07-20,2022-07-21,0.1310065184317032,1.712247868339116,Calibrated-Hybrid-LogTarget-scale_qlike,validation
2022-07-21,2022-07-22,0.0961257253308801,1.5711366415510857,Calibrated-Hybrid-LogTarget-scale_qlike,validation
2022-07-22,2022-07-25,0.2759737706228845,1.5246898552906116,Calibrated-Hybrid-LogTarget-scale_qlike,validation
2022-07-25,2022-07-26,0.0835304358694094,1.5636910449015713,Calibrated-Hybrid-LogTarget-scale_qlike,validation
2022-07-26,2022-07-27,0.2525093111697122,1.5950645998875626,Calibrated-Hybrid-LogTarget-scale_qlike,validation
2022-07-27,2022-07-28,2.02736513860254,1.5148322683966402,Calibrated-Hybrid-LogTarget-scale_qlike,validation
2022-07-28,2022-07-29,0.0219851675662213,1.537156929156986,Calibrated-Hybrid-LogTarget-scale_qlike,validation
2022-07-29,2022-08-01,4.214166749504341,1.4658567863624596,Calibrated-Hybrid-LogTarget-scale_qlike,validation
2022-08-01,2022-08-02,0.6898714562213188,1.5680035301573867,Calibrated-Hybrid-LogTarget-scale_qlike,validation
2022-08-02,2022-08-03,0.4270040010021521,1.5731346531973862,Calibrated-Hybrid-LogTarget-scale_qlike,validation
2022-08-03,2022-08-04,0.1229567831793093,1.5479602651167763,Calibrated-Hybrid-LogTarget-scale_qlike,validation
2022-08-04,2022-08-05,0.0126539977340546,1.5212766460685543,Calibrated-Hybrid-LogTarget-scale_qlike,validation
2022-08-05,2022-08-08,0.1021359274837244,1.5590759196446962,Calibrated-Hybrid-LogTarget-scale_qlike,validation
2022-08-08,2022-08-09,0.0278750471367201,1.5336481640451827,Calibrated-Hybrid-LogTarget-scale_qlike,validation
2022-08-09,2022-08-10,0.0349139608846283,1.5410451324070549,Calibrated-Hybrid-LogTarget-scale_qlike,validation
2022-08-10,2022-08-11,0.1247429178058028,1.5101928298469043,Calibrated-Hybrid-LogTarget-scale_qlike,validation
2022-08-11,2022-08-12,0.6660254086755314,1.6247605394821398,Calibrated-Hybrid-LogTarget-scale_qlike,validation
2022-08-12,2022-08-15,0.8759670360790162,1.4626936725140864,Calibrated-Hybrid-LogTarget-scale_qlike,validation
2022-08-15,2022-08-16,0.0014782571055336,1.441324690083081,Calibrated-Hybrid-LogTarget-scale_qlike,validation
2022-08-16,2022-08-17,0.0021413807191485,1.4448273519769093,Calibrated-Hybrid-LogTarget-scale_qlike,validation
2022-08-17,2022-08-18,0.0161573789935176,1.4404874860618926,Calibrated-Hybrid-LogTarget-scale_qlike,validation
2022-08-18,2022-08-19,0.124159183844011,1.4346370669290154,Calibrated-Hybrid-LogTarget-scale_qlike,validation
2022-08-19,2022-08-22,0.4785997007311449,1.4967024803881361,Calibrated-Hybrid-LogTarget-scale_qlike,validation
2022-08-22,2022-08-23,0.6726558406784502,1.553113370103671,Calibrated-Hybrid-LogTarget-scale_qlike,validation
2022-08-23,2022-08-24,0.2484394846076955,1.4862586482679703,Calibrated-Hybrid-LogTarget-scale_qlike,validation
2022-08-24,2022-08-25,0.8344386477124279,1.4309052677120275,Calibrated-Hybrid-LogTarget-scale_qlike,validation
2022-08-25,2022-08-26,0.2408597797174897,1.3776159005949693,Calibrated-Hybrid-LogTarget-scale_qlike,validation
2022-08-26,2022-08-29,0.8499464536320859,1.4498303458554365,Calibrated-Hybrid-LogTarget-scale_qlike,validation
2022-08-29,2022-08-30,0.4538418356510164,1.6978208477109047,Calibrated-Hybrid-LogTarget-scale_qlike,validation
2022-08-30,2022-08-31,0.0076568491567018,1.484096374094841,Calibrated-Hybrid-LogTarget-scale_qlike,validation
2022-08-31,2022-09-05,0.061049351862573,1.4559112380623571,Calibrated-Hybrid-LogTarget-scale_qlike,validation
2022-09-05,2022-09-06,1.532156699315195e-05,1.4139105544772497,Calibrated-Hybrid-LogTarget-scale_qlike,validation
2022-09-06,2022-09-07,7.377847328826583,1.395148129495293,Calibrated-Hybrid-LogTarget-scale_qlike,validation
2022-09-07,2022-09-08,0.478523332029774,2.1988478936126556,Calibrated-Hybrid-LogTarget-scale_qlike,validation
2022-09-08,2022-09-09,1.3041739898741895,2.029100909597517,Calibrated-Hybrid-LogTarget-scale_qlike,validation
2022-09-09,2022-09-12,0.004521626169754,1.920686832187652,Calibrated-Hybrid-LogTarget-scale_qlike,validation
2022-09-12,2022-09-13,0.0095408682654198,1.7472171989939882,Calibrated-Hybrid-LogTarget-scale_qlike,validation
2022-09-13,2022-09-14,0.3758397161006742,1.6585197343815863,Calibrated-Hybrid-LogTarget-scale_qlike,validation
2022-09-14,2022-09-15,0.1547128388602677,1.64924484832506,Calibrated-Hybrid-LogTarget-scale_qlike,validation
2022-09-15,2022-09-16,0.6392848421140832,1.5353259530674743,Calibrated-Hybrid-LogTarget-scale_qlike,validation
2022-09-16,2022-09-19,6.167092365627429,1.5974620558893264,Calibrated-Hybrid-LogTarget-scale_qlike,validation
2022-09-19,2022-09-20,1.2403443891166936,2.31822495404729,Calibrated-Hybrid-LogTarget-scale_qlike,validation
2022-09-20,2022-09-21,0.4759099851621189,2.084693726491185,Calibrated-Hybrid-LogTarget-scale_qlike,validation
2022-09-21,2022-09-22,0.1171234903128616,2.0798714143140287,Calibrated-Hybrid-LogTarget-scale_qlike,validation
2022-09-22,2022-09-23,0.8922637492009945,1.9293611899139167,Calibrated-Hybrid-LogTarget-scale_qlike,validation
2022-09-23,2022-09-26,5.922583365191483,1.9173971543395436,Calibrated-Hybrid-LogTarget-scale_qlike,validation
2022-09-26,2022-09-27,0.4452493243663706,2.770343554188557,Calibrated-Hybrid-LogTarget-scale_qlike,validation
2022-09-27,2022-09-28,3.9376181571955216,2.496878620995566,Calibrated-Hybrid-LogTarget-scale_qlike,validation
2022-09-28,2022-09-29,2.391654578614972,3.0669192451423464,Calibrated-Hybrid-LogTarget-scale_qlike,validation
2022-09-29,2022-09-30,0.2861665228807753,3.146497416127783,Calibrated-Hybrid-LogTarget-scale_qlike,validation
2022-09-30,2022-10-03,16.955331578512116,2.77611341973774,Calibrated-Hybrid-LogTarget-scale_qlike,validation
2022-10-03,2022-10-04,0.5881297526576773,5.660330750113072,Calibrated-Hybrid-LogTarget-scale_qlike,validation
2022-10-04,2022-10-05,5.7303230555022,4.031209819506466,Calibrated-Hybrid-LogTarget-scale_qlike,validation
2022-10-05,2022-10-06,7.453651936358921,3.8896530341583233,Calibrated-Hybrid-LogTarget-scale_qlike,validation
2022-10-06,2022-10-07,13.391049366085785,5.004656071483524,Calibrated-Hybrid-LogTarget-scale_qlike,validation
2022-10-07,2022-10-10,0.3997049579355222,6.0633048195368255,Calibrated-Hybrid-LogTarget-scale_qlike,validation
2022-10-10,2022-10-11,12.54691927074426,3.9630833555190064,Calibrated-Hybrid-LogTarget-scale_qlike,validation
2022-10-11,2022-10-12,7.860720182392412,6.03864682226925,Calibrated-Hybrid-LogTarget-scale_qlike,validation
2022-10-12,2022-10-13,2.4070722291092697,4.615500624064438,Calibrated-Hybrid-LogTarget-scale_qlike,validation
2022-10-13,2022-10-14,1.0568030806874944,3.998444246032467,Calibrated-Hybrid-LogTarget-scale_qlike,validation
2022-10-14,2022-10-17,0.9445652838308308,2.9152811744911657,Calibrated-Hybrid-LogTarget-scale_qlike,validation
2022-10-17,2022-10-18,1.304619909377935,2.6214358016672943,Calibrated-Hybrid-LogTarget-scale_qlike,validation
2022-10-18,2022-10-19,0.1143012847418557,2.2285805306701434,Calibrated-Hybrid-LogTarget-scale_qlike,validation
2022-10-19,2022-10-20,0.0233897216248987,2.0274683410676055,Calibrated-Hybrid-LogTarget-scale_qlike,validation
2022-10-20,2022-10-21,13.823102148731785,1.861250897262238,Calibrated-Hybrid-LogTarget-scale_qlike,validation
2022-10-21,2022-10-24,11.27142788246664,4.213682342586901,Calibrated-Hybrid-LogTarget-scale_qlike,validation
2022-10-24,2022-10-25,0.2552819963060921,5.460892573164679,Calibrated-Hybrid-LogTarget-scale_qlike,validation
2022-10-25,2022-10-26,0.2322552175172126,3.4690894481433454,Calibrated-Hybrid-LogTarget-scale_qlike,validation
2022-10-26,2022-10-27,17.476545289293156,3.103746102523626,Calibrated-Hybrid-LogTarget-scale_qlike,validation
2022-10-27,2022-10-28,0.0040004302898497,3.561523104938669,Calibrated-Hybrid-LogTarget-scale_qlike,validation
2022-10-28,2022-10-31,0.003185411598369,2.3960013496292034,Calibrated-Hybrid-LogTarget-scale_qlike,validation
2022-10-31,2022-11-01,0.3176638729946111,1.951168158801281,Calibrated-Hybrid-LogTarget-scale_qlike,validation
2022-11-01,2022-11-02,1.0542708806933592,1.7695487149174711,Calibrated-Hybrid-LogTarget-scale_qlike,validation
2022-11-02,2022-11-03,0.1094857130367321,2.0067150010482018,Calibrated-Hybrid-LogTarget-scale_qlike,validation
2022-11-03,2022-11-04,5.049190747098641,1.9147144598521453,Calibrated-Hybrid-LogTarget-scale_qlike,validation
2022-11-04,2022-11-07,4.95903292212355,2.561370516269393,Calibrated-Hybrid-LogTarget-scale_qlike,validation
2022-11-07,2022-11-08,0.4359307936718208,3.15326421001241,Calibrated-Hybrid-LogTarget-scale_qlike,validation
2022-11-08,2022-11-09,0.1604496978685764,2.6384016906839642,Calibrated-Hybrid-LogTarget-scale_qlike,validation
2022-11-09,2022-11-10,15.751336654060546,2.3665312902298963,Calibrated-Hybrid-LogTarget-scale_qlike,validation
2022-11-10,2022-11-11,0.5877644540297541,4.925246202107787,Calibrated-Hybrid-LogTarget-scale_qlike,validation
2022-11-11,2022-11-14,2.025904181968848,3.035212820528545,Calibrated-Hybrid-LogTarget-scale_qlike,validation
2022-11-14,2022-11-15,9.894366349346946,2.978598220762874,Calibrated-Hybrid-LogTarget-scale_qlike,validation
2022-11-15,2022-11-16,11.17558049000805,4.529884193127727,Calibrated-Hybrid-LogTarget-scale_qlike,validation
2022-11-16,2022-11-17,7.602516501605635,2.654219680765869,Calibrated-Hybrid-LogTarget-scale_qlike,validation
2022-11-17,2022-11-18,5.215358122437767e-05,2.6747798123408653,Calibrated-Hybrid-LogTarget-scale_qlike,validation
2022-11-18,2022-11-21,0.8090953049399706,2.058512469733156,Calibrated-Hybrid-LogTarget-scale_qlike,validation
2022-11-21,2022-11-22,0.7954965643291928,2.089219241101646,Calibrated-Hybrid-LogTarget-scale_qlike,validation
2022-11-22,2022-11-23,0.4158325821141256,2.148318283235288,Calibrated-Hybrid-LogTarget-scale_qlike,validation
2022-11-23,2022-11-24,0.0326156098281846,2.1677952086583225,Calibrated-Hybrid-LogTarget-scale_qlike,validation
2022-11-24,2022-11-25,6.126390414606435,2.0661630617124143,Calibrated-Hybrid-LogTarget-scale_qlike,validation
2022-11-25,2022-11-28,11.99171626886051,1.8958347292224225,Calibrated-Hybrid-LogTarget-scale_qlike,validation
2022-11-28,2022-11-29,6.749510839154126,1.8474006732703931,Calibrated-Hybrid-LogTarget-scale_qlike,validation
2022-11-29,2022-11-30,2.4431488019656613,1.5306981963869633,Calibrated-Hybrid-LogTarget-scale_qlike,validation
2022-11-30,2022-12-01,1.3565007887137526,1.3281757403417231,Calibrated-Hybrid-LogTarget-scale_qlike,validation
2022-12-01,2022-12-02,17.084105039989844,1.5417472363715736,Calibrated-Hybrid-LogTarget-scale_qlike,validation
2022-12-02,2022-12-05,1.5797254157342264,1.8076486165678192,Calibrated-Hybrid-LogTarget-scale_qlike,validation
2022-12-05,2022-12-06,17.637687522394646,1.493209692060452,Calibrated-Hybrid-LogTarget-scale_qlike,validation
2022-12-06,2022-12-07,0.5388682275570345,3.0528282010578676,Calibrated-Hybrid-LogTarget-scale_qlike,validation
2022-12-07,2022-12-08,0.8269714352452323,2.4512589487929755,Calibrated-Hybrid-LogTarget-scale_qlike,validation
2022-12-08,2022-12-09,0.0148277116225318,2.0910883578971755,Calibrated-Hybrid-LogTarget-scale_qlike,validation
2022-12-09,2022-12-12,3.589507425464579,2.003955594202969,Calibrated-Hybrid-LogTarget-scale_qlike,validation
2022-12-12,2022-12-13,2.1880754664799307,2.2307962357432207,Calibrated-Hybrid-LogTarget-scale_qlike,validation
2022-12-13,2022-12-14,0.0807108309118899,1.8439821680453745,Calibrated-Hybrid-LogTarget-scale_qlike,validation
2022-12-14,2022-12-15,0.2157077020057238,1.7620511456628947,Calibrated-Hybrid-LogTarget-scale_qlike,validation
2022-12-15,2022-12-16,0.072617015649584,1.682521858987508,Calibrated-Hybrid-LogTarget-scale_qlike,validation
2022-12-16,2022-12-19,1.813928705292506,1.6851763180442192,Calibrated-Hybrid-LogTarget-scale_qlike,validation
2022-12-19,2022-12-20,2.1946973166474533,1.9109839000756998,Calibrated-Hybrid-LogTarget-scale_qlike,validation
2022-12-20,2022-12-21,0.1732700004356016,2.1338082496241326,Calibrated-Hybrid-LogTarget-scale_qlike,validation
2022-12-21,2022-12-22,0.1335316168500294,2.094812505838994,Calibrated-Hybrid-LogTarget-scale_qlike,validation
2022-12-22,2022-12-23,0.0493851739530653,1.982434751789717,Calibrated-Hybrid-LogTarget-scale_qlike,validation
2022-12-23,2022-12-26,12.275470581243656,1.9168733398892872,Calibrated-Hybrid-LogTarget-scale_qlike,validation
2022-12-26,2022-12-27,3.78693616836278,3.6654670368361106,Calibrated-Hybrid-LogTarget-scale_qlike,validation
2022-12-27,2022-12-28,1.2053971949970186,2.9968333784012904,Calibrated-Hybrid-LogTarget-scale_qlike,validation
2022-12-28,2022-12-29,0.3958340163318585,2.6042831293455455,Calibrated-Hybrid-LogTarget-scale_qlike,validation
2022-12-29,2022-12-30,0.047616879962563,2.4027918491116615,Calibrated-Hybrid-LogTarget-scale_qlike,validation
