date,target_date,actual_var,pred_var,model,split
2020-02-05,2020-02-06,1.8356018915555294,2.4186699390411377,Hybrid-QLIKE,validation
2020-02-06,2020-02-07,0.05531683625401143,2.1421101093292236,Hybrid-QLIKE,validation
2020-02-07,2020-02-10,1.14665654297727,1.7789899110794067,Hybrid-QLIKE,validation
2020-02-10,2020-02-11,0.1784472180385378,1.791212797164917,Hybrid-QLIKE,validation
2020-02-11,2020-02-12,0.10337598500726047,1.5902407169342041,Hybrid-QLIKE,validation
2020-02-12,2020-02-13,0.0035645724311596572,1.4387526512145996,Hybrid-QLIKE,validation
2020-02-13,2020-02-14,0.0070956485925790635,1.2679643630981445,Hybrid-QLIKE,validation
2020-02-14,2020-02-17,0.08196272937884756,1.117180347442627,Hybrid-QLIKE,validation
2020-02-17,2020-02-18,0.5393743252289994,1.0486091375350952,Hybrid-QLIKE,validation
2020-02-18,2020-02-19,0.00799350842914484,1.0117390155792236,Hybrid-QLIKE,validation
2020-02-19,2020-02-20,1.007648372641439,0.91528898477554321,Hybrid-QLIKE,validation
2020-02-20,2020-02-21,0.2901840002942764,0.83751285076141357,Hybrid-QLIKE,validation
2020-02-21,2020-02-24,10.499319840007198,0.81775373220443726,Hybrid-QLIKE,validation
2020-02-24,2020-02-25,0.487607684946675,1.6602067947387695,Hybrid-QLIKE,validation
2020-02-25,2020-02-26,2.3027959637577347,1.8322587013244629,Hybrid-QLIKE,validation
2020-02-26,2020-02-27,0.0757898564940438,2.3032169342041016,Hybrid-QLIKE,validation
2020-02-27,2020-02-28,3.3315279697661393,2.1660592555999756,Hybrid-QLIKE,validation
2020-02-28,2020-03-02,0.06430877070166098,2.5104167461395264,Hybrid-QLIKE,validation
2020-03-02,2020-03-03,0.4848687144344406,2.2592983245849609,Hybrid-QLIKE,validation
2020-03-03,2020-03-04,0.019412132948754927,2.0141012668609619,Hybrid-QLIKE,validation
2020-03-04,2020-03-05,0.19539212899833952,1.7706912755966187,Hybrid-QLIKE,validation
2020-03-05,2020-03-06,0.04391255846205633,1.4900780916213989,Hybrid-QLIKE,validation
2020-03-06,2020-03-09,42.01600464009923,1.3181849718093872,Hybrid-QLIKE,validation
2020-03-09,2020-03-10,0.05773854479300773,3.1635642051696777,Hybrid-QLIKE,validation
2020-03-10,2020-03-11,10.062685801317658,3.2125406265258789,Hybrid-QLIKE,validation
2020-03-11,2020-03-12,28.39132734538161,3.949225902557373,Hybrid-QLIKE,validation
2020-03-12,2020-03-13,0.9522274265858315,4.5524206161499023,Hybrid-QLIKE,validation
2020-03-13,2020-03-16,3.4010756349170417,4.3483576774597168,Hybrid-QLIKE,validation
2020-03-16,2020-03-17,0.07757027865036747,4.2768988609313965,Hybrid-QLIKE,validation
2020-03-17,2020-03-18,0.06338705727589518,3.7981820106506348,Hybrid-QLIKE,validation
2020-03-18,2020-03-19,8.691271441121467,3.2427933216094971,Hybrid-QLIKE,validation
2020-03-19,2020-03-20,5.099806319623413,3.6276915073394775,Hybrid-QLIKE,validation
2020-03-20,2020-03-23,39.324753398937766,3.7625765800476074,Hybrid-QLIKE,validation
2020-03-23,2020-03-24,1.2394404253652411,4.7695250511169434,Hybrid-QLIKE,validation
2020-03-24,2020-03-25,21.170767602446844,4.2941884994506836,Hybrid-QLIKE,validation
2020-03-25,2020-03-26,0.32725923196294276,4.2241969108581543,Hybrid-QLIKE,validation
2020-03-26,2020-03-27,0.07082811079282288,3.4831047058105469,Hybrid-QLIKE,validation
2020-03-27,2020-03-30,24.77812989942355,2.7983593940734863,Hybrid-QLIKE,validation
2020-03-30,2020-03-31,0.0016614736162584764,3.9959712028503418,Hybrid-QLIKE,validation
2020-03-31,2020-04-01,6.951204185299923,3.2042620182037354,Hybrid-QLIKE,validation
2020-04-01,2020-04-03,9.745314866975543,2.939478874206543,Hybrid-QLIKE,validation
2020-04-03,2020-04-06,23.61975403181723,2.7888965606689453,Hybrid-QLIKE,validation
2020-04-06,2020-04-07,1.7959977540981797,2.922954797744751,Hybrid-QLIKE,validation
2020-04-07,2020-04-08,0.03167011368536209,2.3661785125732422,Hybrid-QLIKE,validation
2020-04-08,2020-04-09,2.6643490912699055,2.077754020690918,Hybrid-QLIKE,validation
2020-04-09,2020-04-10,0.09911935999696132,1.957769513130188,Hybrid-QLIKE,validation
2020-04-10,2020-04-13,1.0616734405284087,1.844147801399231,Hybrid-QLIKE,validation
2020-04-13,2020-04-14,0.04465732679629904,1.7394927740097046,Hybrid-QLIKE,validation
2020-04-14,2020-04-15,1.6134694756828007,1.6213399171829224,Hybrid-QLIKE,validation
2020-04-15,2020-04-16,0.19958579053045358,1.5172737836837769,Hybrid-QLIKE,validation
2020-04-16,2020-04-17,1.2849435357813008,1.4072884321212769,Hybrid-QLIKE,validation
2020-04-17,2020-04-20,0.45939792499491316,1.3245550394058228,Hybrid-QLIKE,validation
2020-04-20,2020-04-21,12.978873344019766,1.2569211721420288,Hybrid-QLIKE,validation
2020-04-21,2020-04-22,0.07337371163819835,2.0394546985626221,Hybrid-QLIKE,validation
2020-04-22,2020-04-23,0.4184349588364568,1.7247689962387085,Hybrid-QLIKE,validation
2020-04-23,2020-04-24,0.12581821963008938,1.6693823337554932,Hybrid-QLIKE,validation
2020-04-24,2020-04-27,0.5795257679139346,1.5938152074813843,Hybrid-QLIKE,validation
2020-04-27,2020-04-28,0.2143187476000118,1.5649658441543579,Hybrid-QLIKE,validation
2020-04-28,2020-04-29,0.0611792667418572,1.4732464551925659,Hybrid-QLIKE,validation
2020-04-29,2020-05-04,0.7518344451734201,1.3801662921905518,Hybrid-QLIKE,validation
2020-05-04,2020-05-05,0.0490191944837796,1.4502531290054321,Hybrid-QLIKE,validation
2020-05-05,2020-05-06,5.6795185291388,1.3549580574035645,Hybrid-QLIKE,validation
2020-05-06,2020-05-07,3.121729248484887,1.3217282295227051,Hybrid-QLIKE,validation
2020-05-07,2020-05-08,4.558766386917776,1.2788364887237549,Hybrid-QLIKE,validation
2020-05-08,2020-05-11,3.1623544686065705,1.2632793188095093,Hybrid-QLIKE,validation
2020-05-11,2020-05-12,0.7061476617266061,1.2443183660507202,Hybrid-QLIKE,validation
2020-05-12,2020-05-13,0.017681439614764604,1.2404357194900513,Hybrid-QLIKE,validation
2020-05-13,2020-05-14,0.047179085218478835,1.2885587215423584,Hybrid-QLIKE,validation
2020-05-14,2020-05-15,0.41888395005680423,1.3452725410461426,Hybrid-QLIKE,validation
2020-05-15,2020-05-18,1.4388117144550177,1.451993465423584,Hybrid-QLIKE,validation
2020-05-18,2020-05-19,1.1212214832868546,1.4101952314376831,Hybrid-QLIKE,validation
2020-05-19,2020-05-20,0.6772038230630518,1.3594920635223389,Hybrid-QLIKE,validation
2020-05-20,2020-05-21,1.3105093570623978,1.2902196645736694,Hybrid-QLIKE,validation
2020-05-21,2020-05-22,1.3565460202551032,1.2200925350189209,Hybrid-QLIKE,validation
2020-05-22,2020-05-25,0.541812619677385,1.3771803379058838,Hybrid-QLIKE,validation
2020-05-25,2020-05-26,1.3635757531139376,1.3541635274887085,Hybrid-QLIKE,validation
2020-05-26,2020-05-27,1.8211114283606342,1.3146107196807861,Hybrid-QLIKE,validation
2020-05-27,2020-05-28,0.20698026600685418,1.512519359588623,Hybrid-QLIKE,validation
2020-05-28,2020-05-29,0.12739465877064873,1.4812660217285156,Hybrid-QLIKE,validation
2020-05-29,2020-06-01,2.6545527294324818,1.4337494373321533,Hybrid-QLIKE,validation
2020-06-01,2020-06-02,0.19484382728529526,1.3817214965820312,Hybrid-QLIKE,validation
2020-06-02,2020-06-03,0.526391032778092,1.4134966135025024,Hybrid-QLIKE,validation
2020-06-03,2020-06-04,0.09568902092613975,1.3559558391571045,Hybrid-QLIKE,validation
2020-06-04,2020-06-05,0.06871175486394107,1.3539756536483765,Hybrid-QLIKE,validation
2020-06-05,2020-06-08,2.3533534927844846,1.3654090166091919,Hybrid-QLIKE,validation
2020-06-08,2020-06-09,0.0029663396470081924,1.3282201290130615,Hybrid-QLIKE,validation
2020-06-09,2020-06-10,0.01928777219143813,1.3709397315979004,Hybrid-QLIKE,validation
2020-06-10,2020-06-11,14.20113167350128,1.3957104682922363,Hybrid-QLIKE,validation
2020-06-11,2020-06-12,0.19789915739025685,2.0709762573242188,Hybrid-QLIKE,validation
2020-06-12,2020-06-15,13.410151498832949,1.9790174961090088,Hybrid-QLIKE,validation
2020-06-15,2020-06-16,7.854033490557961,2.8696901798248291,Hybrid-QLIKE,validation
2020-06-16,2020-06-17,0.03904379114606074,2.943082332611084,Hybrid-QLIKE,validation
2020-06-17,2020-06-18,0.009426952973098847,2.8132400512695312,Hybrid-QLIKE,validation
2020-06-18,2020-06-19,2.3775972708277777,2.5900609493255615,Hybrid-QLIKE,validation
2020-06-19,2020-06-22,0.0977642075595444,2.2689166069030762,Hybrid-QLIKE,validation
2020-06-22,2020-06-23,0.12540748334730045,1.9952946901321411,Hybrid-QLIKE,validation
2020-06-23,2020-06-24,0.9656953175585763,1.7937780618667603,Hybrid-QLIKE,validation
2020-06-24,2020-06-25,0.3568032861992914,1.8393571376800537,Hybrid-QLIKE,validation
2020-06-25,2020-06-26,0.09356070152514721,1.8975342512130737,Hybrid-QLIKE,validation
2020-06-26,2020-06-29,7.240799310682349,1.8827248811721802,Hybrid-QLIKE,validation
2020-06-29,2020-06-30,0.26395018375735907,2.4324285984039307,Hybrid-QLIKE,validation
2020-06-30,2020-07-01,4.853797558668691,2.3391199111938477,Hybrid-QLIKE,validation
2020-07-01,2020-07-02,0.017340352011689115,2.2747154235839844,Hybrid-QLIKE,validation
2020-07-02,2020-07-03,0.3830874038106421,2.1054794788360596,Hybrid-QLIKE,validation
2020-07-03,2020-07-06,2.515298700046254,1.8535840511322021,Hybrid-QLIKE,validation
2020-07-06,2020-07-07,0.06869271414533093,1.6240551471710205,Hybrid-QLIKE,validation
2020-07-07,2020-07-08,0.015626450929499963,1.478431224822998,Hybrid-QLIKE,validation
2020-07-08,2020-07-09,1.8878106377661734,1.3642481565475464,Hybrid-QLIKE,validation
2020-07-09,2020-07-10,0.36096271805098346,1.2981791496276855,Hybrid-QLIKE,validation
2020-07-10,2020-07-13,0.08192109069526395,1.346345067024231,Hybrid-QLIKE,validation
2020-07-13,2020-07-14,0.0049340673468667665,1.3072103261947632,Hybrid-QLIKE,validation
2020-07-14,2020-07-15,0.04290380130290083,1.2470918893814087,Hybrid-QLIKE,validation
2020-07-15,2020-07-16,0.6277983835430785,1.1892139911651611,Hybrid-QLIKE,validation
2020-07-16,2020-07-17,0.3025848721746239,1.1247686147689819,Hybrid-QLIKE,validation
2020-07-17,2020-07-20,1.5014548821169582,1.1265262365341187,Hybrid-QLIKE,validation
2020-07-20,2020-07-21,0.0011330265098316958,1.2459149360656738,Hybrid-QLIKE,validation
2020-07-21,2020-07-22,0.5929839946327068,1.2057700157165527,Hybrid-QLIKE,validation
2020-07-22,2020-07-23,0.03806904154702282,1.2402279376983643,Hybrid-QLIKE,validation
2020-07-23,2020-07-24,10.714506391324338,1.1366044282913208,Hybrid-QLIKE,validation
2020-07-24,2020-07-27,29.71654662116303,1.911434531211853,Hybrid-QLIKE,validation
2020-07-27,2020-07-28,12.442241141417854,3.3897383213043213,Hybrid-QLIKE,validation
2020-07-28,2020-07-29,7.88382185098053,3.6587700843811035,Hybrid-QLIKE,validation
2020-07-29,2020-07-30,1.6712179001127756,4.1042284965515137,Hybrid-QLIKE,validation
2020-07-30,2020-07-31,0.11737689505724079,3.9101715087890625,Hybrid-QLIKE,validation
2020-07-31,2020-08-03,4.064809725455425,3.3465213775634766,Hybrid-QLIKE,validation
2020-08-03,2020-08-04,2.475940854259596,2.928908109664917,Hybrid-QLIKE,validation
2020-08-04,2020-08-05,1.5093873640970836,2.4238505363464355,Hybrid-QLIKE,validation
2020-08-05,2020-08-06,0.07129440622734118,2.0551235675811768,Hybrid-QLIKE,validation
2020-08-06,2020-08-07,0.028526148799952442,1.8673219680786133,Hybrid-QLIKE,validation
2020-08-07,2020-08-10,0.04267114222698599,1.771719217300415,Hybrid-QLIKE,validation
2020-08-10,2020-08-11,0.00020256439285296418,1.6929516792297363,Hybrid-QLIKE,validation
2020-08-11,2020-08-12,0.20651448833059793,1.615395188331604,Hybrid-QLIKE,validation
2020-08-12,2020-08-13,0.9127332835843408,1.478463888168335,Hybrid-QLIKE,validation
2020-08-13,2020-08-14,0.25536728070629205,1.3467978239059448,Hybrid-QLIKE,validation
2020-08-14,2020-08-17,0.00481295270232266,1.3061716556549072,Hybrid-QLIKE,validation
2020-08-17,2020-08-18,0.19230854276129897,1.2246485948562622,Hybrid-QLIKE,validation
2020-08-18,2020-08-19,0.3171223716823505,1.1723185777664185,Hybrid-QLIKE,validation
2020-08-19,2020-08-20,0.12465277552146066,1.1654157638549805,Hybrid-QLIKE,validation
2020-08-20,2020-08-21,0.5953479247893214,1.1756865978240967,Hybrid-QLIKE,validation
2020-08-21,2020-08-24,2.6019923109934346,1.1670999526977539,Hybrid-QLIKE,validation
2020-08-24,2020-08-25,0.3897315001367304,1.1625192165374756,Hybrid-QLIKE,validation
2020-08-25,2020-08-26,0.005533598472506164,1.1520226001739502,Hybrid-QLIKE,validation
2020-08-26,2020-08-27,0.0201247832938772,1.1508617401123047,Hybrid-QLIKE,validation
2020-08-27,2020-08-28,0.23714381752515326,1.125780463218689,Hybrid-QLIKE,validation
2020-08-28,2020-08-31,0.09199134835765872,1.1423705816268921,Hybrid-QLIKE,validation
2020-08-31,2020-09-01,1.2923697898915893,1.1534146070480347,Hybrid-QLIKE,validation
2020-09-01,2020-09-03,1.8585263119302429,1.0921961069107056,Hybrid-QLIKE,validation
2020-09-03,2020-09-04,0.07245581847177043,1.0777280330657959,Hybrid-QLIKE,validation
2020-09-04,2020-09-07,2.2055746575594597,1.1432757377624512,Hybrid-QLIKE,validation
2020-09-07,2020-09-08,0.04517830275249306,1.3597931861877441,Hybrid-QLIKE,validation
2020-09-08,2020-09-09,0.008493981239823393,1.3630411624908447,Hybrid-QLIKE,validation
2020-09-09,2020-09-10,0.003162773705203045,1.3796319961547852,Hybrid-QLIKE,validation
2020-09-10,2020-09-11,0.0002847617108647871,1.339400053024292,Hybrid-QLIKE,validation
2020-09-11,2020-09-14,0.39434214279432594,1.2639064788818359,Hybrid-QLIKE,validation
2020-09-14,2020-09-15,0.03562254438342947,1.2077850103378296,Hybrid-QLIKE,validation
2020-09-15,2020-09-16,0.018201899839497625,1.1803126335144043,Hybrid-QLIKE,validation
2020-09-16,2020-09-17,0.14662594337888138,1.0939567089080811,Hybrid-QLIKE,validation
2020-09-17,2020-09-18,0.5927837774192054,1.1244257688522339,Hybrid-QLIKE,validation
2020-09-18,2020-09-21,0.5973025247310948,1.0657590627670288,Hybrid-QLIKE,validation
2020-09-21,2020-09-22,0.03722198653013347,1.0582907199859619,Hybrid-QLIKE,validation
2020-09-22,2020-09-23,0.4815094749114654,1.0844571590423584,Hybrid-QLIKE,validation
2020-09-23,2020-09-24,0.1853426709964717,1.0261179208755493,Hybrid-QLIKE,validation
2020-09-24,2020-09-25,0.0011645154128207356,1.074174165725708,Hybrid-QLIKE,validation
2020-09-25,2020-09-28,0.21588979330716182,1.0544842481613159,Hybrid-QLIKE,validation
2020-09-28,2020-09-29,0.8800033176965605,1.0522962808609009,Hybrid-QLIKE,validation
2020-09-29,2020-09-30,0.0184885133347586,1.2078673839569092,Hybrid-QLIKE,validation
2020-09-30,2020-10-01,0.9529808677190771,1.1568148136138916,Hybrid-QLIKE,validation
2020-10-01,2020-10-02,0.21007017993360746,1.1182014942169189,Hybrid-QLIKE,validation
2020-10-02,2020-10-05,0.2733808865752189,1.258014440536499,Hybrid-QLIKE,validation
2020-10-05,2020-10-06,0.011702056161331766,1.2317450046539307,Hybrid-QLIKE,validation
2020-10-06,2020-10-07,0.19476670865798604,1.2751522064208984,Hybrid-QLIKE,validation
2020-10-07,2020-10-08,0.009163677306202392,1.2974053621292114,Hybrid-QLIKE,validation
2020-10-08,2020-10-09,0.31360747365351954,1.3100324869155884,Hybrid-QLIKE,validation
2020-10-09,2020-10-12,0.039147029875858,1.2408696413040161,Hybrid-QLIKE,validation
2020-10-12,2020-10-13,0.18865164403687953,1.2507840394973755,Hybrid-QLIKE,validation
2020-10-13,2020-10-14,1.2182219245675234,1.1796164512634277,Hybrid-QLIKE,validation
2020-10-14,2020-10-15,0.0750977601457549,1.1613889932632446,Hybrid-QLIKE,validation
2020-10-15,2020-10-16,0.0032789630718449403,1.2208441495895386,Hybrid-QLIKE,validation
2020-10-16,2020-10-19,0.001708637841173852,1.2327439785003662,Hybrid-QLIKE,validation
2020-10-19,2020-10-20,0.005979311374785602,1.2118407487869263,Hybrid-QLIKE,validation
2020-10-20,2020-10-21,0.3275908040251104,1.2233855724334717,Hybrid-QLIKE,validation
2020-10-21,2020-10-22,1.3246371755092923,1.255540132522583,Hybrid-QLIKE,validation
2020-10-22,2020-10-23,1.4132948922636843,1.2018721103668213,Hybrid-QLIKE,validation
2020-10-23,2020-10-26,1.1970960361828058,1.2292665243148804,Hybrid-QLIKE,validation
2020-10-26,2020-10-27,0.20834304768793385,1.3872034549713135,Hybrid-QLIKE,validation
2020-10-27,2020-10-28,7.411979475736142,1.4670219421386719,Hybrid-QLIKE,validation
2020-10-28,2020-10-29,0.045845399751962106,1.9965806007385254,Hybrid-QLIKE,validation
2020-10-29,2020-10-30,0.48004761699523874,2.0257601737976074,Hybrid-QLIKE,validation
2020-10-30,2020-11-02,0.7800511650758589,1.9849948883056641,Hybrid-QLIKE,validation
2020-11-02,2020-11-03,0.034268257194460285,1.8663166761398315,Hybrid-QLIKE,validation
2020-11-03,2020-11-04,0.21525773723005423,1.7019262313842773,Hybrid-QLIKE,validation
2020-11-04,2020-11-05,0.04584457176764806,1.6113172769546509,Hybrid-QLIKE,validation
2020-11-05,2020-11-06,0.0033140827412070266,1.5802180767059326,Hybrid-QLIKE,validation
2020-11-06,2020-11-09,2.10118385761475,1.5293054580688477,Hybrid-QLIKE,validation
2020-11-09,2020-11-10,8.938431274224163e-05,1.467357873916626,Hybrid-QLIKE,validation
2020-11-10,2020-11-11,0.0011297213251294188,1.5214989185333252,Hybrid-QLIKE,validation
2020-11-11,2020-11-12,0.5456632914405392,1.5124459266662598,Hybrid-QLIKE,validation
2020-11-12,2020-11-13,0.5301286092359084,1.4361251592636108,Hybrid-QLIKE,validation
2020-11-13,2020-11-16,2.614940684665197,1.4312306642532349,Hybrid-QLIKE,validation
2020-11-16,2020-11-17,3.5600857195920512,1.6175276041030884,Hybrid-QLIKE,validation
2020-11-17,2020-11-18,0.22726516077397518,1.59803307056427,Hybrid-QLIKE,validation
2020-11-18,2020-11-19,0.9890184423772188,1.6238138675689697,Hybrid-QLIKE,validation
2020-11-19,2020-11-20,0.4666750014882298,1.6085948944091797,Hybrid-QLIKE,validation
2020-11-20,2020-11-23,0.17837041193459724,1.6047232151031494,Hybrid-QLIKE,validation
2020-11-23,2020-11-24,0.024898612579656733,1.6164456605911255,Hybrid-QLIKE,validation
2020-11-24,2020-11-25,0.17547825635870626,1.6497567892074585,Hybrid-QLIKE,validation
2020-11-25,2020-11-26,0.3614717362335366,1.6513926982879639,Hybrid-QLIKE,validation
2020-11-26,2020-11-27,0.17773633687776139,1.645174503326416,Hybrid-QLIKE,validation
2020-11-27,2020-11-30,0.50308697006867,1.6280257701873779,Hybrid-QLIKE,validation
2020-11-30,2020-12-01,0.331272320082079,1.6739047765731812,Hybrid-QLIKE,validation
2020-12-01,2020-12-02,0.2902563684716866,1.6782352924346924,Hybrid-QLIKE,validation
2020-12-02,2020-12-03,0.29031539725623207,1.6645032167434692,Hybrid-QLIKE,validation
2020-12-03,2020-12-04,0.027417268361302254,1.6505738496780396,Hybrid-QLIKE,validation
2020-12-04,2020-12-07,0.6850937253628709,1.6426575183868408,Hybrid-QLIKE,validation
2020-12-07,2020-12-08,0.004890025099469763,1.6041173934936523,Hybrid-QLIKE,validation
2020-12-08,2020-12-09,0.9108272820038537,1.6202595233917236,Hybrid-QLIKE,validation
2020-12-09,2020-12-10,0.6307404981430905,1.60517418384552,Hybrid-QLIKE,validation
2020-12-10,2020-12-11,2.1005332911557746,1.6789631843566895,Hybrid-QLIKE,validation
2020-12-11,2020-12-14,2.953190631516623,1.6420814990997314,Hybrid-QLIKE,validation
2020-12-14,2020-12-15,0.6927758012586854,1.6140795946121216,Hybrid-QLIKE,validation
2020-12-15,2020-12-16,1.2199074044400842,1.7317440509796143,Hybrid-QLIKE,validation
2020-12-16,2020-12-17,2.0641473967885817,1.6948468685150146,Hybrid-QLIKE,validation
2020-12-17,2020-12-18,2.192631063716555,1.8558089733123779,Hybrid-QLIKE,validation
2020-12-18,2020-12-21,1.6074554836667916,1.8139748573303223,Hybrid-QLIKE,validation
2020-12-21,2020-12-22,0.04795454907334831,1.7789628505706787,Hybrid-QLIKE,validation
2020-12-22,2020-12-23,0.1771055150673424,1.8031641244888306,Hybrid-QLIKE,validation
2020-12-23,2020-12-24,1.124406225180995,1.822147011756897,Hybrid-QLIKE,validation
2020-12-24,2020-12-25,2.4671237918391133,1.8877266645431519,Hybrid-QLIKE,validation
2020-12-25,2020-12-28,0.4034604996523059,1.8211088180541992,Hybrid-QLIKE,validation
2020-12-28,2020-12-29,0.5549207078341868,1.811851978302002,Hybrid-QLIKE,validation
2020-12-29,2020-12-30,0.031510657686323953,1.771648645401001,Hybrid-QLIKE,validation
2020-12-30,2020-12-31,0.33072569314760003,1.8046202659606934,Hybrid-QLIKE,validation
2020-12-31,2021-01-04,2.2278705339723945,1.7802174091339111,Hybrid-QLIKE,validation
2021-01-04,2021-01-05,1.1499318142027897,1.7320959568023682,Hybrid-QLIKE,validation
2021-01-05,2021-01-06,0.8776630886951989,1.7202986478805542,Hybrid-QLIKE,validation
2021-01-06,2021-01-07,1.3339004712332734,1.7178382873535156,Hybrid-QLIKE,validation
2021-01-07,2021-01-08,0.9288877612518626,1.7071042060852051,Hybrid-QLIKE,validation
2021-01-08,2021-01-11,2.1381765407685838,1.7138367891311646,Hybrid-QLIKE,validation
2021-01-11,2021-01-12,0.3865727035398198,1.6894786357879639,Hybrid-QLIKE,validation
2021-01-12,2021-01-13,0.27446934330354483,1.7072737216949463,Hybrid-QLIKE,validation
2021-01-13,2021-01-14,0.012940988393950649,1.7843238115310669,Hybrid-QLIKE,validation
2021-01-14,2021-01-15,0.32609379409239897,1.8077472448348999,Hybrid-QLIKE,validation
2021-01-15,2021-01-18,0.03588271429594933,1.7972463369369507,Hybrid-QLIKE,validation
2021-01-18,2021-01-19,27.541540391562137,1.8185254335403442,Hybrid-QLIKE,validation
2021-01-19,2021-01-20,0.10552594511938293,2.7602472305297852,Hybrid-QLIKE,validation
2021-01-20,2021-01-21,6.600825920548621,2.2474255561828613,Hybrid-QLIKE,validation
2021-01-21,2021-01-22,0.04862344987429341,2.2174124717712402,Hybrid-QLIKE,validation
2021-01-22,2021-01-25,0.00391687359797602,2.0944461822509766,Hybrid-QLIKE,validation
2021-01-25,2021-01-26,6.76157056018748,1.9942057132720947,Hybrid-QLIKE,validation
2021-01-26,2021-01-27,12.16950048366727,2.3954312801361084,Hybrid-QLIKE,validation
2021-01-27,2021-01-28,47.71522267260341,2.8945391178131104,Hybrid-QLIKE,validation
2021-01-28,2021-01-29,9.864460610625494,3.8855938911437988,Hybrid-QLIKE,validation
2021-01-29,2021-02-01,4.0689389217040155,3.2336447238922119,Hybrid-QLIKE,validation
2021-02-01,2021-02-02,14.37888811066259,3.2773258686065674,Hybrid-QLIKE,validation
2021-02-02,2021-02-03,10.698092971323405,3.0485951900482178,Hybrid-QLIKE,validation
2021-02-03,2021-02-04,0.006553579964635,2.733281135559082,Hybrid-QLIKE,validation
2021-02-04,2021-02-05,1.728785632859906,2.4413487911224365,Hybrid-QLIKE,validation
2021-02-05,2021-02-08,15.664350744194984,2.2456583976745605,Hybrid-QLIKE,validation
2021-02-08,2021-02-09,8.346588799606792,2.835930347442627,Hybrid-QLIKE,validation
2021-02-09,2021-02-17,12.948351612917369,2.5272741317749023,Hybrid-QLIKE,validation
2021-02-17,2021-02-18,2.5487828873734144,2.35988450050354,Hybrid-QLIKE,validation
2021-02-18,2021-02-19,0.005619188273080114,2.0255920886993408,Hybrid-QLIKE,validation
2021-02-19,2021-02-22,0.017199096556251608,1.7963545322418213,Hybrid-QLIKE,validation
2021-02-22,2021-02-23,0.04885188428266002,1.6362102031707764,Hybrid-QLIKE,validation
2021-02-23,2021-02-24,1.7852090551538884,1.5531743764877319,Hybrid-QLIKE,validation
2021-02-24,2021-02-25,0.08636859220103399,1.6109683513641357,Hybrid-QLIKE,validation
2021-02-25,2021-02-26,0.06786457938665869,1.606392502784729,Hybrid-QLIKE,validation
2021-02-26,2021-03-01,2.260340412751501,1.6166671514511108,Hybrid-QLIKE,validation
2021-03-01,2021-03-02,0.0013754677373442167,1.5791075229644775,Hybrid-QLIKE,validation
2021-03-02,2021-03-03,0.0008207623047958848,1.5743637084960938,Hybrid-QLIKE,validation
2021-03-03,2021-03-04,2.448912301147324,1.5646047592163086,Hybrid-QLIKE,validation
2021-03-04,2021-03-05,0.00021162275502636357,1.7794327735900879,Hybrid-QLIKE,validation
2021-03-05,2021-03-08,0.0012919806924680585,1.853132963180542,Hybrid-QLIKE,validation
2021-03-08,2021-03-09,0.29237612149471554,1.9010703563690186,Hybrid-QLIKE,validation
2021-03-09,2021-03-10,0.48375947699541444,1.9214311838150024,Hybrid-QLIKE,validation
2021-03-10,2021-03-11,0.9815546422643949,1.8622491359710693,Hybrid-QLIKE,validation
2021-03-11,2021-03-12,0.00020697781645418698,1.8192256689071655,Hybrid-QLIKE,validation
2021-03-12,2021-03-15,0.06430273321663976,1.8283343315124512,Hybrid-QLIKE,validation
2021-03-15,2021-03-16,0.15537065856320925,1.804466724395752,Hybrid-QLIKE,validation
2021-03-16,2021-03-17,0.2737899242910557,1.822260856628418,Hybrid-QLIKE,validation
2021-03-17,2021-03-18,1.5481332912326575,1.8113737106323242,Hybrid-QLIKE,validation
2021-03-18,2021-03-19,0.3310498706600423,1.7548675537109375,Hybrid-QLIKE,validation
2021-03-19,2021-03-22,0.0010124742198036791,1.7951388359069824,Hybrid-QLIKE,validation
2021-03-22,2021-03-23,0.8528859825364001,1.8008642196655273,Hybrid-QLIKE,validation
2021-03-23,2021-03-24,3.4057844849812335,1.8420306444168091,Hybrid-QLIKE,validation
2021-03-24,2021-03-25,0.012314795662716047,2.0304594039916992,Hybrid-QLIKE,validation
2021-03-25,2021-03-26,0.005859739755595722,1.968266487121582,Hybrid-QLIKE,validation
2021-03-26,2021-03-29,1.3278733275984687,1.9322531223297119,Hybrid-QLIKE,validation
2021-03-29,2021-03-30,0.8177751702540456,1.8450919389724731,Hybrid-QLIKE,validation
2021-03-30,2021-03-31,0.18257364745195515,1.799236536026001,Hybrid-QLIKE,validation
2021-03-31,2021-04-01,4.196908399032827,1.7778295278549194,Hybrid-QLIKE,validation
2021-04-01,2021-04-02,0.46823180737859527,1.7089440822601318,Hybrid-QLIKE,validation
2021-04-02,2021-04-05,0.8890694068712227,1.7447267770767212,Hybrid-QLIKE,validation
2021-04-05,2021-04-06,0.09974920416290955,1.7484920024871826,Hybrid-QLIKE,validation
2021-04-06,2021-04-07,0.03801617931846281,1.7892317771911621,Hybrid-QLIKE,validation
2021-04-07,2021-04-08,0.3656617949695199,1.8249201774597168,Hybrid-QLIKE,validation
2021-04-08,2021-04-09,0.06859392991155262,1.8565965890884399,Hybrid-QLIKE,validation
2021-04-09,2021-04-12,2.801867566535839,1.8711920976638794,Hybrid-QLIKE,validation
2021-04-12,2021-04-13,0.10856859920025332,1.8372491598129272,Hybrid-QLIKE,validation
2021-04-13,2021-04-14,0.3626329687997453,1.90077805519104,Hybrid-QLIKE,validation
2021-04-14,2021-04-15,0.47436716048364247,1.8481249809265137,Hybrid-QLIKE,validation
2021-04-15,2021-04-16,0.4720531246781877,1.8820410966873169,Hybrid-QLIKE,validation
2021-04-16,2021-04-19,3.0629959648129166,1.9466123580932617,Hybrid-QLIKE,validation
2021-04-19,2021-04-20,0.3708468135979464,1.8429087400436401,Hybrid-QLIKE,validation
2021-04-20,2021-04-22,10.511479982603742,1.8517999649047852,Hybrid-QLIKE,validation
2021-04-22,2021-04-23,2.7977982020669034,2.2722363471984863,Hybrid-QLIKE,validation
2021-04-23,2021-04-26,7.069875969155051,2.0633847713470459,Hybrid-QLIKE,validation
2021-04-26,2021-04-27,0.10681777025151638,2.4873082637786865,Hybrid-QLIKE,validation
2021-04-27,2021-04-28,0.6403727056381737,2.2689833641052246,Hybrid-QLIKE,validation
2021-04-28,2021-04-29,0.6353802562532533,2.128486156463623,Hybrid-QLIKE,validation
2021-04-29,2021-05-04,0.05128766669919094,2.0307397842407227,Hybrid-QLIKE,validation
2021-05-04,2021-05-05,1.2974041483688885,1.9485143423080444,Hybrid-QLIKE,validation
2021-05-05,2021-05-06,0.21854865463287468,1.9162251949310303,Hybrid-QLIKE,validation
2021-05-06,2021-05-07,0.494132324659674,1.9385545253753662,Hybrid-QLIKE,validation
2021-05-07,2021-05-10,2.018769062145057,1.9682379961013794,Hybrid-QLIKE,validation
2021-05-10,2021-05-11,0.07920945242281853,1.9372607469558716,Hybrid-QLIKE,validation
2021-05-11,2021-05-12,1.0683689670129952,1.9379671812057495,Hybrid-QLIKE,validation
2021-05-12,2021-05-13,0.3147510754643727,1.8695679903030396,Hybrid-QLIKE,validation
2021-05-13,2021-05-14,0.11949489272700321,1.8663984537124634,Hybrid-QLIKE,validation
2021-05-14,2021-05-17,0.3681093008020274,1.8468887805938721,Hybrid-QLIKE,validation
2021-05-17,2021-05-18,0.22984220258376933,1.846179723739624,Hybrid-QLIKE,validation
2021-05-18,2021-05-19,0.6085100033578476,1.8432371616363525,Hybrid-QLIKE,validation
2021-05-19,2021-05-20,1.5332689494683411,1.8202947378158569,Hybrid-QLIKE,validation
2021-05-20,2021-05-21,0.19866645501053454,1.8109874725341797,Hybrid-QLIKE,validation
2021-05-21,2021-05-24,1.1845107713600658,1.782252311706543,Hybrid-QLIKE,validation
2021-05-24,2021-05-25,0.6615170731155926,1.7623653411865234,Hybrid-QLIKE,validation
2021-05-25,2021-05-26,0.38266924508822925,1.7569808959960938,Hybrid-QLIKE,validation
2021-05-26,2021-05-27,1.0043951904267852,1.7635855674743652,Hybrid-QLIKE,validation
2021-05-27,2021-05-28,1.6572716233953801,1.8292354345321655,Hybrid-QLIKE,validation
2021-05-28,2021-05-31,0.3285055315434949,1.8227602243423462,Hybrid-QLIKE,validation
2021-05-31,2021-06-01,0.5328741181290064,1.8143895864486694,Hybrid-QLIKE,validation
2021-06-01,2021-06-02,0.05017647013254943,1.770197868347168,Hybrid-QLIKE,validation
2021-06-02,2021-06-03,3.01900451692919,1.7682650089263916,Hybrid-QLIKE,validation
2021-06-03,2021-06-04,0.5091916058927975,1.8075814247131348,Hybrid-QLIKE,validation
2021-06-04,2021-06-07,1.2488833393722787,1.817945122718811,Hybrid-QLIKE,validation
2021-06-07,2021-06-08,8.436942215340656,1.8656126260757446,Hybrid-QLIKE,validation
2021-06-08,2021-06-09,0.9635770887636846,2.1386005878448486,Hybrid-QLIKE,validation
2021-06-09,2021-06-10,0.4923594509595709,2.0295720100402832,Hybrid-QLIKE,validation
2021-06-10,2021-06-11,4.4320627369374535,1.9990671873092651,Hybrid-QLIKE,validation
2021-06-11,2021-06-14,0.5411007585268014,1.9739339351654053,Hybrid-QLIKE,validation
2021-06-14,2021-06-15,0.17083895349647155,1.8692452907562256,Hybrid-QLIKE,validation
2021-06-15,2021-06-16,0.6335008462154236,1.8198670148849487,Hybrid-QLIKE,validation
2021-06-16,2021-06-17,0.06266399013988277,1.8384326696395874,Hybrid-QLIKE,validation
2021-06-17,2021-06-18,1.7005139602823875,1.8656030893325806,Hybrid-QLIKE,validation
2021-06-18,2021-06-21,0.1396997155457911,1.8815991878509521,Hybrid-QLIKE,validation
2021-06-21,2021-06-22,0.284425125779956,1.8959954977035522,Hybrid-QLIKE,validation
2021-06-22,2021-06-23,0.05057788004916056,1.8602135181427002,Hybrid-QLIKE,validation
2021-06-23,2021-06-24,0.04275684664767609,1.8338922262191772,Hybrid-QLIKE,validation
2021-06-24,2021-06-25,0.5639250493998573,1.7813795804977417,Hybrid-QLIKE,validation
2021-06-25,2021-06-28,1.2596863062253096,1.7482924461364746,Hybrid-QLIKE,validation
2021-06-28,2021-06-29,0.09026561530291116,1.7535351514816284,Hybrid-QLIKE,validation
2021-06-29,2021-06-30,0.011178120719324605,1.73760986328125,Hybrid-QLIKE,validation
2021-06-30,2021-07-01,0.3645273399631648,1.7102329730987549,Hybrid-QLIKE,validation
2021-07-01,2021-07-02,0.05056102863365113,1.7364640235900879,Hybrid-QLIKE,validation
2021-07-02,2021-07-05,0.4168242183273023,1.7454400062561035,Hybrid-QLIKE,validation
2021-07-05,2021-07-06,16.601013312283214,1.8027385473251343,Hybrid-QLIKE,validation
2021-07-06,2021-07-07,6.058281445881023,2.4447572231292725,Hybrid-QLIKE,validation
2021-07-07,2021-07-08,1.0078273448945338,2.2017571926116943,Hybrid-QLIKE,validation
2021-07-08,2021-07-09,4.095422426959989,2.16611647605896,Hybrid-QLIKE,validation
2021-07-09,2021-07-12,14.799235172407151,2.2846870422363281,Hybrid-QLIKE,validation
2021-07-12,2021-07-13,0.009141491530764063,2.7483377456665039,Hybrid-QLIKE,validation
2021-07-13,2021-07-14,1.871533753406208,2.4957537651062012,Hybrid-QLIKE,validation
2021-07-14,2021-07-15,1.185182208099543,2.532665491104126,Hybrid-QLIKE,validation
2021-07-15,2021-07-16,0.17280515672767865,2.3682026863098145,Hybrid-QLIKE,validation
2021-07-16,2021-07-19,19.26799845022637,2.1697325706481934,Hybrid-QLIKE,validation
2021-07-19,2021-07-20,5.6008314903667475,3.1012091636657715,Hybrid-QLIKE,validation
2021-07-20,2021-07-21,0.03862591323560425,2.5989401340484619,Hybrid-QLIKE,validation
2021-07-21,2021-07-22,3.1842211341003503,2.5021407604217529,Hybrid-QLIKE,validation
2021-07-22,2021-07-23,3.7589161112558798,2.2953689098358154,Hybrid-QLIKE,validation
2021-07-23,2021-07-26,0.09322453350560296,2.3472962379455566,Hybrid-QLIKE,validation
2021-07-26,2021-07-27,0.10957915787554644,2.1181244850158691,Hybrid-QLIKE,validation
2021-07-27,2021-07-28,0.0001201916445908526,1.9890302419662476,Hybrid-QLIKE,validation
2021-07-28,2021-07-29,1.6539600353625152,1.9874871969223022,Hybrid-QLIKE,validation
2021-07-29,2021-07-30,1.5967544948591652,1.8746558427810669,Hybrid-QLIKE,validation
2021-07-30,2021-08-02,0.10099870397078033,1.798041820526123,Hybrid-QLIKE,validation
2021-08-02,2021-08-03,1.8957198194932552,1.755117654800415,Hybrid-QLIKE,validation
2021-08-03,2021-08-04,0.029744811896755964,1.767656683921814,Hybrid-QLIKE,validation
2021-08-04,2021-08-05,0.6506576147304501,1.7742263078689575,Hybrid-QLIKE,validation
2021-08-05,2021-08-06,0.09313073832939936,1.7828259468078613,Hybrid-QLIKE,validation
2021-08-06,2021-08-09,1.8579420490159873,1.7859278917312622,Hybrid-QLIKE,validation
2021-08-09,2021-08-10,0.035649851108249336,1.7846870422363281,Hybrid-QLIKE,validation
2021-08-10,2021-08-11,0.11638278248044678,1.7858726978302002,Hybrid-QLIKE,validation
2021-08-11,2021-08-12,0.12229530635833152,1.7785162925720215,Hybrid-QLIKE,validation
2021-08-12,2021-08-13,0.08713847844536488,1.7878084182739258,Hybrid-QLIKE,validation
2021-08-13,2021-08-16,1.0399916754691487,1.7966041564941406,Hybrid-QLIKE,validation
2021-08-16,2021-08-17,0.33143544352777377,1.8190383911132812,Hybrid-QLIKE,validation
2021-08-17,2021-08-18,0.024918007897299182,1.8379061222076416,Hybrid-QLIKE,validation
2021-08-18,2021-08-19,1.0340849576584419,1.7957262992858887,Hybrid-QLIKE,validation
2021-08-19,2021-08-20,11.285807091304966,1.7897260189056396,Hybrid-QLIKE,validation
2021-08-20,2021-08-23,5.411821632013326,2.1485943794250488,Hybrid-QLIKE,validation
2021-08-23,2021-08-24,8.536462420535458e-05,2.2852215766906738,Hybrid-QLIKE,validation
2021-08-24,2021-08-25,0.6870757170728501,2.13987135887146,Hybrid-QLIKE,validation
2021-08-25,2021-08-26,0.41707504207820617,2.0997788906097412,Hybrid-QLIKE,validation
2021-08-26,2021-08-27,0.8540485329092148,2.0008916854858398,Hybrid-QLIKE,validation
2021-08-27,2021-08-30,1.2797402595336076,1.9086097478866577,Hybrid-QLIKE,validation
2021-08-30,2021-08-31,0.06270656306234783,1.8880165815353394,Hybrid-QLIKE,validation
2021-08-31,2021-09-01,0.05690563286669823,1.8709089756011963,Hybrid-QLIKE,validation
2021-09-01,2021-09-06,0.7669996218071843,1.8359510898590088,Hybrid-QLIKE,validation
2021-09-06,2021-09-07,0.11158382585831127,1.878972053527832,Hybrid-QLIKE,validation
2021-09-07,2021-09-08,0.3840242724271654,1.8909682035446167,Hybrid-QLIKE,validation
2021-09-08,2021-09-09,0.5999757427909345,1.8534690141677856,Hybrid-QLIKE,validation
2021-09-09,2021-09-10,0.009783360800291047,1.8173723220825195,Hybrid-QLIKE,validation
2021-09-10,2021-09-13,0.0834204953018611,1.7866885662078857,Hybrid-QLIKE,validation
2021-09-13,2021-09-14,0.016653923824599348,1.8059216737747192,Hybrid-QLIKE,validation
2021-09-14,2021-09-15,0.20841186139179305,1.7892404794692993,Hybrid-QLIKE,validation
2021-09-15,2021-09-16,8.833374944135227e-06,1.768089771270752,Hybrid-QLIKE,validation
2021-09-16,2021-09-17,0.2517625260662404,1.7543638944625854,Hybrid-QLIKE,validation
2021-09-17,2021-09-20,0.02554094882181258,1.7902495861053467,Hybrid-QLIKE,validation
2021-09-20,2021-09-21,0.6256621683862371,1.8191773891448975,Hybrid-QLIKE,validation
2021-09-21,2021-09-22,0.6493080782631847,1.8575334548950195,Hybrid-QLIKE,validation
2021-09-22,2021-09-23,0.023678455022373087,1.7985817193984985,Hybrid-QLIKE,validation
2021-09-23,2021-09-24,0.013831314339519795,1.8191819190979004,Hybrid-QLIKE,validation
2021-09-24,2021-09-27,3.828272422415496,1.789929986000061,Hybrid-QLIKE,validation
2021-09-27,2021-09-28,1.1555484032608674,1.9572288990020752,Hybrid-QLIKE,validation
2021-09-28,2021-09-29,5.575325206713305e-05,1.8863978385925293,Hybrid-QLIKE,validation
2021-09-29,2021-09-30,0.04519276782388765,1.8814592361450195,Hybrid-QLIKE,validation
2021-09-30,2021-10-01,0.2869590069123234,1.8335608243942261,Hybrid-QLIKE,validation
2021-10-01,2021-10-04,0.12092171607270087,1.7970002889633179,Hybrid-QLIKE,validation
2021-10-04,2021-10-05,1.2548666056334208,1.8053858280181885,Hybrid-QLIKE,validation
2021-10-05,2021-10-06,0.363335054701863,1.7782589197158813,Hybrid-QLIKE,validation
2021-10-06,2021-10-07,0.05397992920568895,1.7532737255096436,Hybrid-QLIKE,validation
2021-10-07,2021-10-08,0.24226254280982015,1.7579360008239746,Hybrid-QLIKE,validation
2021-10-08,2021-10-11,2.384064119474745,1.736970067024231,Hybrid-QLIKE,validation
2021-10-11,2021-10-12,0.002592471181648349,1.7486021518707275,Hybrid-QLIKE,validation
2021-10-12,2021-10-13,0.043020201094552096,1.774402379989624,Hybrid-QLIKE,validation
2021-10-13,2021-10-14,1.8582276241239155e-05,1.7618464231491089,Hybrid-QLIKE,validation
2021-10-14,2021-10-15,0.003727244036591123,1.7576823234558105,Hybrid-QLIKE,validation
2021-10-15,2021-10-18,0.04120747172235735,1.7707318067550659,Hybrid-QLIKE,validation
2021-10-18,2021-10-19,0.00020542054719578033,1.7556618452072144,Hybrid-QLIKE,validation
2021-10-19,2021-10-20,0.012036644283499088,1.7476112842559814,Hybrid-QLIKE,validation
2021-10-20,2021-10-21,0.4224699907147212,1.7562770843505859,Hybrid-QLIKE,validation
2021-10-21,2021-10-22,0.10386273263571753,1.7802304029464722,Hybrid-QLIKE,validation
2021-10-22,2021-10-25,0.0766142772237032,1.7640730142593384,Hybrid-QLIKE,validation
2021-10-25,2021-10-26,0.20131512217016675,1.793961763381958,Hybrid-QLIKE,validation
2021-10-26,2021-10-27,4.975421040294883,1.7603150606155396,Hybrid-QLIKE,validation
2021-10-27,2021-10-28,1.0980607841681207,1.7777196168899536,Hybrid-QLIKE,validation
2021-10-28,2021-10-29,0.18868513508044016,1.7862591743469238,Hybrid-QLIKE,validation
2021-10-29,2021-11-01,0.13516091401515057,1.8173069953918457,Hybrid-QLIKE,validation
2021-11-01,2021-11-02,0.8706925479870633,1.8726578950881958,Hybrid-QLIKE,validation
2021-11-02,2021-11-03,0.31740778656063395,1.8572396039962769,Hybrid-QLIKE,validation
2021-11-03,2021-11-04,0.07802513189500036,1.9605242013931274,Hybrid-QLIKE,validation
2021-11-04,2021-11-05,0.31641639052774834,1.8687002658843994,Hybrid-QLIKE,validation
2021-11-05,2021-11-08,0.5722632892702788,1.8379254341125488,Hybrid-QLIKE,validation
2021-11-08,2021-11-09,0.17178257774236852,1.8489322662353516,Hybrid-QLIKE,validation
2021-11-09,2021-11-10,0.05786856915694255,1.8650500774383545,Hybrid-QLIKE,validation
2021-11-10,2021-11-11,0.03327572444540998,1.849454402923584,Hybrid-QLIKE,validation
2021-11-11,2021-11-12,0.5636350562840569,1.9006013870239258,Hybrid-QLIKE,validation
2021-11-12,2021-11-15,0.04706888635908587,1.8427534103393555,Hybrid-QLIKE,validation
2021-11-15,2021-11-16,0.4729748116245648,1.8688280582427979,Hybrid-QLIKE,validation
2021-11-16,2021-11-17,0.40826744424175,1.8985488414764404,Hybrid-QLIKE,validation
2021-11-17,2021-11-18,0.16706406750361513,1.8306430578231812,Hybrid-QLIKE,validation
2021-11-18,2021-11-19,1.4313283722317711,1.8799892663955688,Hybrid-QLIKE,validation
2021-11-19,2021-11-22,0.12374425833606428,1.9914767742156982,Hybrid-QLIKE,validation
2021-11-22,2021-11-23,1.2666258581863685,1.9411674737930298,Hybrid-QLIKE,validation
2021-11-23,2021-11-24,2.9233447816121516,1.8476724624633789,Hybrid-QLIKE,validation
2021-11-24,2021-11-25,0.6380046596767257,1.8579850196838379,Hybrid-QLIKE,validation
2021-11-25,2021-11-26,0.27012449460305266,1.8454673290252686,Hybrid-QLIKE,validation
2021-11-26,2021-11-29,0.30256487971864754,1.868199348449707,Hybrid-QLIKE,validation
2021-11-29,2021-11-30,0.1865846491020368,1.8732063770294189,Hybrid-QLIKE,validation
2021-11-30,2021-12-01,0.20750142052900458,1.8993659019470215,Hybrid-QLIKE,validation
2021-12-01,2021-12-02,0.04479342408639523,1.8513327836990356,Hybrid-QLIKE,validation
2021-12-02,2021-12-03,7.012035907074128,1.8225847482681274,Hybrid-QLIKE,validation
2021-12-03,2021-12-06,4.334941271489592,2.0593788623809814,Hybrid-QLIKE,validation
2021-12-06,2021-12-07,5.38610884102854,2.1180121898651123,Hybrid-QLIKE,validation
2021-12-07,2021-12-08,0.1770242562530693,2.0413017272949219,Hybrid-QLIKE,validation
2021-12-08,2021-12-09,1.070479018660655,1.9645611047744751,Hybrid-QLIKE,validation
2021-12-09,2021-12-10,0.09175735219146298,1.8858002424240112,Hybrid-QLIKE,validation
2021-12-10,2021-12-13,0.7430153759165636,1.8701629638671875,Hybrid-QLIKE,validation
2021-12-13,2021-12-14,0.00016567875262696324,1.8925732374191284,Hybrid-QLIKE,validation
2021-12-14,2021-12-15,0.001241581482623051,1.9281376600265503,Hybrid-QLIKE,validation
2021-12-15,2021-12-16,0.005655108190305112,1.9337290525436401,Hybrid-QLIKE,validation
2021-12-16,2021-12-17,0.04627944893989347,1.9236379861831665,Hybrid-QLIKE,validation
2021-12-17,2021-12-20,0.027681684135072927,1.9259655475616455,Hybrid-QLIKE,validation
2021-12-20,2021-12-21,0.00910057544884602,1.9084199666976929,Hybrid-QLIKE,validation
2021-12-21,2021-12-22,0.0052396015195704864,1.8841822147369385,Hybrid-QLIKE,validation
2021-12-22,2021-12-23,1.992176913695392,1.9145020246505737,Hybrid-QLIKE,validation
2021-12-23,2021-12-24,1.8717637228671866,2.0069787502288818,Hybrid-QLIKE,validation
2021-12-24,2021-12-27,0.6385359851594573,1.9021307229995728,Hybrid-QLIKE,validation
2021-12-27,2021-12-28,0.13645173276183134,1.8465882539749146,Hybrid-QLIKE,validation
2021-12-28,2021-12-29,0.3307731842534792,1.8602581024169922,Hybrid-QLIKE,validation
2021-12-29,2021-12-30,0.00010190753018413172,1.8523281812667847,Hybrid-QLIKE,validation
2021-12-30,2021-12-31,0.6806292652244172,1.8233023881912231,Hybrid-QLIKE,validation
2021-12-31,2022-01-04,3.2605099137684044,1.8334286212921143,Hybrid-QLIKE,validation
2022-01-04,2022-01-05,0.04084218773867837,1.8261501789093018,Hybrid-QLIKE,validation
2022-01-05,2022-01-06,0.1583194148629771,1.8703751564025879,Hybrid-QLIKE,validation
2022-01-06,2022-01-07,3.466888916717849e-05,1.8847057819366455,Hybrid-QLIKE,validation
2022-01-07,2022-01-10,2.6694297971607823,1.8768270015716553,Hybrid-QLIKE,validation
2022-01-10,2022-01-11,0.5791412105719106,2.0014042854309082,Hybrid-QLIKE,validation
2022-01-11,2022-01-12,1.469449968423449,1.9983701705932617,Hybrid-QLIKE,validation
2022-01-12,2022-01-13,0.9252594386149106,1.9478219747543335,Hybrid-QLIKE,validation
2022-01-13,2022-01-14,4.021230809949571e-06,1.9656318426132202,Hybrid-QLIKE,validation
2022-01-14,2022-01-17,8.577861779061374,1.8713053464889526,Hybrid-QLIKE,validation
2022-01-17,2022-01-18,0.9241996120524797,2.159522533416748,Hybrid-QLIKE,validation
2022-01-18,2022-01-19,0.07139624837196355,2.0988583564758301,Hybrid-QLIKE,validation
2022-01-19,2022-01-20,2.396694299563955,2.0340511798858643,Hybrid-QLIKE,validation
2022-01-20,2022-01-21,0.26692283112663867,1.9782891273498535,Hybrid-QLIKE,validation
2022-01-21,2022-01-24,5.19144957677216,1.9090758562088013,Hybrid-QLIKE,validation
2022-01-24,2022-01-25,7.461944120148481,2.080406665802002,Hybrid-QLIKE,validation
2022-01-25,2022-01-26,0.018247205635412694,2.0237140655517578,Hybrid-QLIKE,validation
2022-01-26,2022-01-27,0.5372614259470304,1.9479438066482544,Hybrid-QLIKE,validation
2022-01-27,2022-01-28,0.3091208848418566,1.9184384346008301,Hybrid-QLIKE,validation
2022-01-28,2022-02-07,1.5787299229773026,1.8725936412811279,Hybrid-QLIKE,validation
2022-02-07,2022-02-08,0.04932842611286786,1.8748170137405396,Hybrid-QLIKE,validation
2022-02-08,2022-02-09,0.08529131122850842,1.8710399866104126,Hybrid-QLIKE,validation
2022-02-09,2022-02-10,0.008764745749478539,1.8508330583572388,Hybrid-QLIKE,validation
2022-02-10,2022-02-11,0.11404814077306155,1.8258997201919556,Hybrid-QLIKE,validation
2022-02-11,2022-02-14,4.003846034921644,1.8101361989974976,Hybrid-QLIKE,validation
2022-02-14,2022-02-15,1.9670652734045644,2.0021040439605713,Hybrid-QLIKE,validation
2022-02-15,2022-02-16,0.001896888030868481,1.9616643190383911,Hybrid-QLIKE,validation
2022-02-16,2022-02-17,1.122140769245723,1.9014996290206909,Hybrid-QLIKE,validation
2022-02-17,2022-02-18,0.0437252358911797,1.846856951713562,Hybrid-QLIKE,validation
2022-02-18,2022-02-21,0.15834090640373233,1.7979000806808472,Hybrid-QLIKE,validation
2022-02-21,2022-02-22,0.2391227349223014,1.8072184324264526,Hybrid-QLIKE,validation
2022-02-22,2022-02-23,0.34291576160519954,1.8554497957229614,Hybrid-QLIKE,validation
2022-02-23,2022-02-24,1.3469467288223498,1.8225774765014648,Hybrid-QLIKE,validation
2022-02-24,2022-02-25,0.07284421854237157,1.9471356868743896,Hybrid-QLIKE,validation
2022-02-25,2022-02-28,0.3435682703713377,1.8752206563949585,Hybrid-QLIKE,validation
2022-02-28,2022-03-01,0.33501862749672157,1.8691908121109009,Hybrid-QLIKE,validation
2022-03-01,2022-03-02,0.7897102913909818,1.8643224239349365,Hybrid-QLIKE,validation
2022-03-02,2022-03-03,1.6972927621476632,1.9178293943405151,Hybrid-QLIKE,validation
2022-03-03,2022-03-04,0.00048068399418663046,1.8878002166748047,Hybrid-QLIKE,validation
2022-03-04,2022-03-07,0.17477158278439375,1.8776581287384033,Hybrid-QLIKE,validation
2022-03-07,2022-03-08,2.9065282793306784,1.8915780782699585,Hybrid-QLIKE,validation
2022-03-08,2022-03-09,4.143903255486161e-06,1.9798872470855713,Hybrid-QLIKE,validation
2022-03-09,2022-03-10,0.13081860231973316,1.9261372089385986,Hybrid-QLIKE,validation
2022-03-10,2022-03-11,0.7249480262949388,1.8550640344619751,Hybrid-QLIKE,validation
2022-03-11,2022-03-14,1.9409742980787716,1.9028429985046387,Hybrid-QLIKE,validation
2022-03-14,2022-03-15,0.20047369794731373,1.9463081359863281,Hybrid-QLIKE,validation
2022-03-15,2022-03-16,0.20484656351461447,1.8676108121871948,Hybrid-QLIKE,validation
2022-03-16,2022-03-17,0.018944679557511585,1.8133041858673096,Hybrid-QLIKE,validation
2022-03-17,2022-03-18,0.2804915592052127,1.8042680025100708,Hybrid-QLIKE,validation
2022-03-18,2022-03-21,3.042510301896478,1.7929718494415283,Hybrid-QLIKE,validation
2022-03-21,2022-03-22,0.3468240297098041,1.7792667150497437,Hybrid-QLIKE,validation
2022-03-22,2022-03-23,0.009178514871835453,1.8199907541275024,Hybrid-QLIKE,validation
2022-03-23,2022-03-24,0.07395450643009682,1.8140307664871216,Hybrid-QLIKE,validation
2022-03-24,2022-03-25,0.00025655385818377656,1.8083678483963013,Hybrid-QLIKE,validation
2022-03-25,2022-03-28,1.0559980128443454,1.8057034015655518,Hybrid-QLIKE,validation
2022-03-28,2022-03-29,0.9569197018395469,1.9088337421417236,Hybrid-QLIKE,validation
2022-03-29,2022-03-30,0.2354496444813368,1.8374040126800537,Hybrid-QLIKE,validation
2022-03-30,2022-03-31,0.012093173256371357,1.8774220943450928,Hybrid-QLIKE,validation
2022-03-31,2022-04-01,2.607401303697469,1.8135313987731934,Hybrid-QLIKE,validation
2022-04-01,2022-04-04,0.2950865363946971,1.8181862831115723,Hybrid-QLIKE,validation
2022-04-04,2022-04-05,0.09410156815978009,1.7970998287200928,Hybrid-QLIKE,validation
2022-04-05,2022-04-06,0.03558279991441687,1.7835757732391357,Hybrid-QLIKE,validation
2022-04-06,2022-04-07,1.845756746133211,1.8187716007232666,Hybrid-QLIKE,validation
2022-04-07,2022-04-08,1.8599564295348143,1.8916863203048706,Hybrid-QLIKE,validation
2022-04-08,2022-04-12,3.317796568560508,1.9498969316482544,Hybrid-QLIKE,validation
2022-04-12,2022-04-13,2.2412176347286983,2.0808732509613037,Hybrid-QLIKE,validation
2022-04-13,2022-04-14,0.11867096750311174,2.0056846141815186,Hybrid-QLIKE,validation
2022-04-14,2022-04-15,0.8563450026802516,1.9325422048568726,Hybrid-QLIKE,validation
2022-04-15,2022-04-18,3.2251391569637375,1.9000015258789062,Hybrid-QLIKE,validation
2022-04-18,2022-04-19,3.3937657292333743,2.0260913372039795,Hybrid-QLIKE,validation
2022-04-19,2022-04-20,2.4245124341762705,2.1796500682830811,Hybrid-QLIKE,validation
2022-04-20,2022-04-21,1.109638997468357,2.2425732612609863,Hybrid-QLIKE,validation
2022-04-21,2022-04-22,0.4305144066915168,2.2059078216552734,Hybrid-QLIKE,validation
2022-04-22,2022-04-25,25.802530842890924,2.0999693870544434,Hybrid-QLIKE,validation
2022-04-25,2022-04-26,5.262405488369011,3.1389944553375244,Hybrid-QLIKE,validation
2022-04-26,2022-04-27,0.8508547277394044,2.5367231369018555,Hybrid-QLIKE,validation
2022-04-27,2022-04-28,0.04225639258884651,2.4351482391357422,Hybrid-QLIKE,validation
2022-04-28,2022-04-29,1.3536355027087716,2.3442118167877197,Hybrid-QLIKE,validation
2022-04-29,2022-05-04,1.7811317821270536,2.0675649642944336,Hybrid-QLIKE,validation
2022-05-04,2022-05-05,0.7846838850035229,2.1900861263275146,Hybrid-QLIKE,validation
2022-05-05,2022-05-06,5.457913784856381,2.048621654510498,Hybrid-QLIKE,validation
2022-05-06,2022-05-09,21.07246376843707,2.4852821826934814,Hybrid-QLIKE,validation
2022-05-09,2022-05-10,3.4895974437640893,3.2433085441589355,Hybrid-QLIKE,validation
2022-05-10,2022-05-11,0.37728932433236545,2.7021791934967041,Hybrid-QLIKE,validation
2022-05-11,2022-05-12,24.369069377939013,2.662179708480835,Hybrid-QLIKE,validation
2022-05-12,2022-05-13,21.452008293001718,3.669227123260498,Hybrid-QLIKE,validation
2022-05-13,2022-05-16,0.8445825050431754,3.7507047653198242,Hybrid-QLIKE,validation
2022-05-16,2022-05-17,22.10791922900586,3.3644921779632568,Hybrid-QLIKE,validation
2022-05-17,2022-05-18,1.0072145297005026,3.3104758262634277,Hybrid-QLIKE,validation
2022-05-18,2022-05-19,0.0050266870380628985,2.9432203769683838,Hybrid-QLIKE,validation
2022-05-19,2022-05-20,0.005614355376186658,2.5302581787109375,Hybrid-QLIKE,validation
2022-05-20,2022-05-23,3.1715419491716648,2.2090532779693604,Hybrid-QLIKE,validation
2022-05-23,2022-05-24,1.4121508187671683,2.3334870338439941,Hybrid-QLIKE,validation
2022-05-24,2022-05-25,7.852071042943518,2.08455491065979,Hybrid-QLIKE,validation
2022-05-25,2022-05-26,0.00012180780834527447,2.0423800945281982,Hybrid-QLIKE,validation
2022-05-26,2022-05-27,1.747305868676365,1.886075496673584,Hybrid-QLIKE,validation
2022-05-27,2022-05-30,0.43132302787253085,1.7283940315246582,Hybrid-QLIKE,validation
2022-05-30,2022-05-31,0.009192737981910207,1.6854794025421143,Hybrid-QLIKE,validation
2022-05-31,2022-06-01,0.27850769444541496,1.6640232801437378,Hybrid-QLIKE,validation
2022-06-01,2022-06-02,0.7094839787224755,1.6705516576766968,Hybrid-QLIKE,validation
2022-06-02,2022-06-03,0.002467890875336843,1.7256307601928711,Hybrid-QLIKE,validation
2022-06-03,2022-06-06,0.02480217627943268,1.7735439538955688,Hybrid-QLIKE,validation
2022-06-06,2022-06-07,0.010778852126334995,1.7580187320709229,Hybrid-QLIKE,validation
2022-06-07,2022-06-08,1.62365203625605,1.7977104187011719,Hybrid-QLIKE,validation
2022-06-08,2022-06-09,7.074018263381634e-05,1.7564022541046143,Hybrid-QLIKE,validation
2022-06-09,2022-06-10,3.3503010196293252,1.7307147979736328,Hybrid-QLIKE,validation
2022-06-10,2022-06-13,20.64588542406384,1.8996067047119141,Hybrid-QLIKE,validation
2022-06-13,2022-06-14,0.07083077188165952,2.8750147819519043,Hybrid-QLIKE,validation
2022-06-14,2022-06-15,1.796441565238617,2.5765609741210938,Hybrid-QLIKE,validation
2022-06-15,2022-06-16,3.432463040017097,2.6112194061279297,Hybrid-QLIKE,validation
2022-06-16,2022-06-17,2.4820888579092313,2.4126129150390625,Hybrid-QLIKE,validation
2022-06-17,2022-06-20,9.475270511815939,2.4065988063812256,Hybrid-QLIKE,validation
2022-06-20,2022-06-21,0.4543743324349223,2.8688023090362549,Hybrid-QLIKE,validation
2022-06-21,2022-06-22,0.07469355672343019,2.5740261077880859,Hybrid-QLIKE,validation
2022-06-22,2022-06-23,2.766255864563167,2.4754772186279297,Hybrid-QLIKE,validation
2022-06-23,2022-06-24,0.08202104243451463,2.392932653427124,Hybrid-QLIKE,validation
2022-06-24,2022-06-27,2.1086071885158946,2.2772536277770996,Hybrid-QLIKE,validation
2022-06-27,2022-06-28,1.593519408496492,2.07521653175354,Hybrid-QLIKE,validation
2022-06-28,2022-06-29,6.739655204912147e-07,1.9583901166915894,Hybrid-QLIKE,validation
2022-06-29,2022-06-30,2.8779439800812714,1.9568549394607544,Hybrid-QLIKE,validation
2022-06-30,2022-07-01,0.01177041876893082,2.0940132141113281,Hybrid-QLIKE,validation
2022-07-01,2022-07-04,0.07923482010522118,2.0570790767669678,Hybrid-QLIKE,validation
2022-07-04,2022-07-05,1.4358126528100246,2.0380916595458984,Hybrid-QLIKE,validation
2022-07-05,2022-07-06,7.389865614079536,2.0773575305938721,Hybrid-QLIKE,validation
2022-07-06,2022-07-07,2.1222407761584665,2.5442180633544922,Hybrid-QLIKE,validation
2022-07-07,2022-07-08,0.17074362421214093,2.3934903144836426,Hybrid-QLIKE,validation
2022-07-08,2022-07-11,1.896510687995091,2.2255191802978516,Hybrid-QLIKE,validation
2022-07-11,2022-07-12,2.8101659729648394,2.2535958290100098,Hybrid-QLIKE,validation
2022-07-12,2022-07-13,0.005873205064302878,2.0866029262542725,Hybrid-QLIKE,validation
2022-07-13,2022-07-14,0.4904420356514064,1.999279260635376,Hybrid-QLIKE,validation
2022-07-14,2022-07-15,0.061161716110138854,1.9223374128341675,Hybrid-QLIKE,validation
2022-07-15,2022-07-18,0.05490651008969447,1.9039338827133179,Hybrid-QLIKE,validation
2022-07-18,2022-07-19,0.024421952526729802,1.9064106941223145,Hybrid-QLIKE,validation
2022-07-19,2022-07-20,1.7763769532234184,1.8814613819122314,Hybrid-QLIKE,validation
2022-07-20,2022-07-21,0.13100651843170322,1.8144896030426025,Hybrid-QLIKE,validation
2022-07-21,2022-07-22,0.09612572533088014,1.7844873666763306,Hybrid-QLIKE,validation
2022-07-22,2022-07-25,0.2759737706228845,1.7847471237182617,Hybrid-QLIKE,validation
2022-07-25,2022-07-26,0.08353043586940946,1.8004095554351807,Hybrid-QLIKE,validation
2022-07-26,2022-07-27,0.25250931116971226,1.8056018352508545,Hybrid-QLIKE,validation
2022-07-27,2022-07-28,2.02736513860254,1.748570442199707,Hybrid-QLIKE,validation
2022-07-28,2022-07-29,0.021985167566221382,1.7125473022460938,Hybrid-QLIKE,validation
2022-07-29,2022-08-01,4.214166749504341,1.7128467559814453,Hybrid-QLIKE,validation
2022-08-01,2022-08-02,0.6898714562213188,1.6983439922332764,Hybrid-QLIKE,validation
2022-08-02,2022-08-03,0.4270040010021521,1.7142496109008789,Hybrid-QLIKE,validation
2022-08-03,2022-08-04,0.1229567831793093,1.7264803647994995,Hybrid-QLIKE,validation
2022-08-04,2022-08-05,0.012653997734054616,1.7473465204238892,Hybrid-QLIKE,validation
2022-08-05,2022-08-08,0.1021359274837244,1.7978974580764771,Hybrid-QLIKE,validation
2022-08-08,2022-08-09,0.027875047136720173,1.7945148944854736,Hybrid-QLIKE,validation
2022-08-09,2022-08-10,0.03491396088462837,1.8052114248275757,Hybrid-QLIKE,validation
2022-08-10,2022-08-11,0.12474291780580281,1.8041422367095947,Hybrid-QLIKE,validation
2022-08-11,2022-08-12,0.6660254086755314,1.8254605531692505,Hybrid-QLIKE,validation
2022-08-12,2022-08-15,0.8759670360790162,1.771757960319519,Hybrid-QLIKE,validation
2022-08-15,2022-08-16,0.0014782571055336933,1.7486631870269775,Hybrid-QLIKE,validation
2022-08-16,2022-08-17,0.002141380719148591,1.7542847394943237,Hybrid-QLIKE,validation
2022-08-17,2022-08-18,0.016157378993517692,1.7255076169967651,Hybrid-QLIKE,validation
2022-08-18,2022-08-19,0.12415918384401108,1.7168853282928467,Hybrid-QLIKE,validation
2022-08-19,2022-08-22,0.4785997007311449,1.724266529083252,Hybrid-QLIKE,validation
2022-08-22,2022-08-23,0.6726558406784502,1.7494311332702637,Hybrid-QLIKE,validation
2022-08-23,2022-08-24,0.24843948460769552,1.7269272804260254,Hybrid-QLIKE,validation
2022-08-24,2022-08-25,0.8344386477124279,1.6961716413497925,Hybrid-QLIKE,validation
2022-08-25,2022-08-26,0.24085977971748973,1.6738282442092896,Hybrid-QLIKE,validation
2022-08-26,2022-08-29,0.8499464536320859,1.701684832572937,Hybrid-QLIKE,validation
2022-08-29,2022-08-30,0.4538418356510164,1.7717509269714355,Hybrid-QLIKE,validation
2022-08-30,2022-08-31,0.007656849156701877,1.7798651456832886,Hybrid-QLIKE,validation
2022-08-31,2022-09-05,0.061049351862573015,1.7702293395996094,Hybrid-QLIKE,validation
2022-09-05,2022-09-06,1.532156699315195e-05,1.7443568706512451,Hybrid-QLIKE,validation
2022-09-06,2022-09-07,7.377847328826583,1.7097733020782471,Hybrid-QLIKE,validation
2022-09-07,2022-09-08,0.47852333202977404,2.0430634021759033,Hybrid-QLIKE,validation
2022-09-08,2022-09-09,1.3041739898741895,2.0808289051055908,Hybrid-QLIKE,validation
2022-09-09,2022-09-12,0.004521626169754028,2.0106089115142822,Hybrid-QLIKE,validation
2022-09-12,2022-09-13,0.009540868265419826,1.999470591545105,Hybrid-QLIKE,validation
2022-09-13,2022-09-14,0.3758397161006742,1.9218908548355103,Hybrid-QLIKE,validation
2022-09-14,2022-09-15,0.1547128388602677,1.9031859636306763,Hybrid-QLIKE,validation
2022-09-15,2022-09-16,0.6392848421140832,1.8847527503967285,Hybrid-QLIKE,validation
2022-09-16,2022-09-19,6.167092365627429,1.9023395776748657,Hybrid-QLIKE,validation
2022-09-19,2022-09-20,1.2403443891166936,2.1840071678161621,Hybrid-QLIKE,validation
2022-09-20,2022-09-21,0.4759099851621189,2.12969970703125,Hybrid-QLIKE,validation
2022-09-21,2022-09-22,0.11712349031286168,2.1735734939575195,Hybrid-QLIKE,validation
2022-09-22,2022-09-23,0.8922637492009945,2.0397224426269531,Hybrid-QLIKE,validation
2022-09-23,2022-09-26,5.922583365191483,2.0112481117248535,Hybrid-QLIKE,validation
2022-09-26,2022-09-27,0.4452493243663706,2.2885608673095703,Hybrid-QLIKE,validation
2022-09-27,2022-09-28,3.9376181571955216,2.2757267951965332,Hybrid-QLIKE,validation
2022-09-28,2022-09-29,2.391654578614972,2.4967379570007324,Hybrid-QLIKE,validation
2022-09-29,2022-09-30,0.2861665228807753,2.5743875503540039,Hybrid-QLIKE,validation
2022-09-30,2022-10-03,16.955331578512116,2.3476731777191162,Hybrid-QLIKE,validation
2022-10-03,2022-10-04,0.5881297526576773,3.154571533203125,Hybrid-QLIKE,validation
2022-10-04,2022-10-05,5.7303230555022,2.8729519844055176,Hybrid-QLIKE,validation
2022-10-05,2022-10-06,7.453651936358921,2.8070032596588135,Hybrid-QLIKE,validation
2022-10-06,2022-10-07,13.391049366085785,3.1689426898956299,Hybrid-QLIKE,validation
2022-10-07,2022-10-10,0.39970495793552224,3.2974045276641846,Hybrid-QLIKE,validation
2022-10-10,2022-10-11,12.54691927074426,2.9230928421020508,Hybrid-QLIKE,validation
2022-10-11,2022-10-12,7.860720182392412,3.5497212409973145,Hybrid-QLIKE,validation
2022-10-12,2022-10-13,2.4070722291092697,3.1785030364990234,Hybrid-QLIKE,validation
2022-10-13,2022-10-14,1.0568030806874944,2.9228720664978027,Hybrid-QLIKE,validation
2022-10-14,2022-10-17,0.9445652838308309,2.5190041065216064,Hybrid-QLIKE,validation
2022-10-17,2022-10-18,1.304619909377935,2.4345474243164062,Hybrid-QLIKE,validation
2022-10-18,2022-10-19,0.1143012847418557,2.1496114730834961,Hybrid-QLIKE,validation
2022-10-19,2022-10-20,0.023389721624898732,2.1447727680206299,Hybrid-QLIKE,validation
2022-10-20,2022-10-21,13.823102148731785,2.0519042015075684,Hybrid-QLIKE,validation
2022-10-21,2022-10-24,11.27142788246664,2.7893435955047607,Hybrid-QLIKE,validation
2022-10-24,2022-10-25,0.25528199630609216,3.2588117122650146,Hybrid-QLIKE,validation
2022-10-25,2022-10-26,0.23225521751721262,2.7666909694671631,Hybrid-QLIKE,validation
2022-10-26,2022-10-27,17.476545289293156,2.6968495845794678,Hybrid-QLIKE,validation
2022-10-27,2022-10-28,0.004000430289849778,2.6555187702178955,Hybrid-QLIKE,validation
2022-10-28,2022-10-31,0.003185411598369069,2.26145339012146,Hybrid-QLIKE,validation
2022-10-31,2022-11-01,0.31766387299461113,1.9320189952850342,Hybrid-QLIKE,validation
2022-11-01,2022-11-02,1.0542708806933592,1.7700891494750977,Hybrid-QLIKE,validation
2022-11-02,2022-11-03,0.10948571303673216,1.9206264019012451,Hybrid-QLIKE,validation
2022-11-03,2022-11-04,5.049190747098641,1.9282883405685425,Hybrid-QLIKE,validation
2022-11-04,2022-11-07,4.95903292212355,2.2086482048034668,Hybrid-QLIKE,validation
2022-11-07,2022-11-08,0.43593079367182086,2.5229628086090088,Hybrid-QLIKE,validation
2022-11-08,2022-11-09,0.16044969786857646,2.2570819854736328,Hybrid-QLIKE,validation
2022-11-09,2022-11-10,15.751336654060546,2.170964241027832,Hybrid-QLIKE,validation
2022-11-10,2022-11-11,0.5877644540297541,2.9148032665252686,Hybrid-QLIKE,validation
2022-11-11,2022-11-14,2.0259041819688477,2.4120802879333496,Hybrid-QLIKE,validation
2022-11-14,2022-11-15,9.894366349346946,2.4341225624084473,Hybrid-QLIKE,validation
2022-11-15,2022-11-16,11.17558049000805,2.9116084575653076,Hybrid-QLIKE,validation
2022-11-16,2022-11-17,7.602516501605635,2.3631997108459473,Hybrid-QLIKE,validation
2022-11-17,2022-11-18,5.215358122437767e-05,2.232285737991333,Hybrid-QLIKE,validation
2022-11-18,2022-11-21,0.8090953049399706,1.8540099859237671,Hybrid-QLIKE,validation
2022-11-21,2022-11-22,0.7954965643291928,1.8758389949798584,Hybrid-QLIKE,validation
2022-11-22,2022-11-23,0.41583258211412566,1.8168035745620728,Hybrid-QLIKE,validation
2022-11-23,2022-11-24,0.032615609828184636,1.9553220272064209,Hybrid-QLIKE,validation
2022-11-24,2022-11-25,6.126390414606435,1.9499915838241577,Hybrid-QLIKE,validation
2022-11-25,2022-11-28,11.99171626886051,1.8456114530563354,Hybrid-QLIKE,validation
2022-11-28,2022-11-29,6.749510839154126,1.7099313735961914,Hybrid-QLIKE,validation
2022-11-29,2022-11-30,2.4431488019656613,1.5062727928161621,Hybrid-QLIKE,validation
2022-11-30,2022-12-01,1.3565007887137526,1.4182310104370117,Hybrid-QLIKE,validation
2022-12-01,2022-12-02,17.084105039989844,1.4763040542602539,Hybrid-QLIKE,validation
2022-12-02,2022-12-05,1.5797254157342264,1.5414788722991943,Hybrid-QLIKE,validation
2022-12-05,2022-12-06,17.637687522394646,1.4191353321075439,Hybrid-QLIKE,validation
2022-12-06,2022-12-07,0.5388682275570345,2.1727190017700195,Hybrid-QLIKE,validation
2022-12-07,2022-12-08,0.8269714352452323,1.9552507400512695,Hybrid-QLIKE,validation
2022-12-08,2022-12-09,0.01482771162253185,1.7483614683151245,Hybrid-QLIKE,validation
2022-12-09,2022-12-12,3.589507425464579,1.748687744140625,Hybrid-QLIKE,validation
2022-12-12,2022-12-13,2.1880754664799307,1.8784277439117432,Hybrid-QLIKE,validation
2022-12-13,2022-12-14,0.08071083091188994,1.717814564704895,Hybrid-QLIKE,validation
2022-12-14,2022-12-15,0.21570770200572384,1.7088648080825806,Hybrid-QLIKE,validation
2022-12-15,2022-12-16,0.07261701564958402,1.6946573257446289,Hybrid-QLIKE,validation
2022-12-16,2022-12-19,1.813928705292506,1.6861188411712646,Hybrid-QLIKE,validation
2022-12-19,2022-12-20,2.1946973166474533,1.805140495300293,Hybrid-QLIKE,validation
2022-12-20,2022-12-21,0.1732700004356016,1.8688046932220459,Hybrid-QLIKE,validation
2022-12-21,2022-12-22,0.13353161685002948,1.864977240562439,Hybrid-QLIKE,validation
2022-12-22,2022-12-23,0.049385173953065305,1.8572568893432617,Hybrid-QLIKE,validation
2022-12-23,2022-12-26,12.275470581243656,1.8759639263153076,Hybrid-QLIKE,validation
2022-12-26,2022-12-27,3.7869361683627796,2.5524578094482422,Hybrid-QLIKE,validation
2022-12-27,2022-12-28,1.2053971949970186,2.2905495166778564,Hybrid-QLIKE,validation
2022-12-28,2022-12-29,0.3958340163318585,2.1837170124053955,Hybrid-QLIKE,validation
2022-12-29,2022-12-30,0.04761687996256301,2.1488537788391113,Hybrid-QLIKE,validation
2023-02-06,2023-02-07,4.736232587067869,1.952375054359436,Hybrid-QLIKE,test
2023-02-07,2023-02-08,0.35617558780737385,2.1702308654785156,Hybrid-QLIKE,test
2023-02-08,2023-02-09,0.5879330834697908,2.0564405918121338,Hybrid-QLIKE,test
2023-02-09,2023-02-10,0.6787287097613596,2.1133320331573486,Hybrid-QLIKE,test
2023-02-10,2023-02-13,1.2216869517708149,2.1558651924133301,Hybrid-QLIKE,test
2023-02-13,2023-02-14,0.2361888824871934,2.1077535152435303,Hybrid-QLIKE,test
2023-02-14,2023-02-15,0.8394668425834446,2.1300439834594727,Hybrid-QLIKE,test
2023-02-15,2023-02-16,0.9177621933014197,1.971624493598938,Hybrid-QLIKE,test
2023-02-16,2023-02-17,0.009280525009709805,1.837760329246521,Hybrid-QLIKE,test
2023-02-17,2023-02-20,6.512002780573765,1.775606632232666,Hybrid-QLIKE,test
2023-02-20,2023-02-21,0.16913904185654585,1.7032470703125,Hybrid-QLIKE,test
2023-02-21,2023-02-22,6.846416409130559,1.7217888832092285,Hybrid-QLIKE,test
2023-02-22,2023-02-23,0.0034604047962046303,2.0086658000946045,Hybrid-QLIKE,test
2023-02-23,2023-02-24,1.8150207850841686,1.9739483594894409,Hybrid-QLIKE,test
2023-02-24,2023-02-27,3.1577928002505513,2.2259738445281982,Hybrid-QLIKE,test
2023-02-27,2023-02-28,0.11242619282329398,2.3751010894775391,Hybrid-QLIKE,test
2023-02-28,2023-03-01,2.362077222441523,2.2986986637115479,Hybrid-QLIKE,test
2023-03-01,2023-03-02,0.08005662345072773,2.0982394218444824,Hybrid-QLIKE,test
2023-03-02,2023-03-03,1.5504718457013609,2.015172004699707,Hybrid-QLIKE,test
2023-03-03,2023-03-06,0.05517736129327569,2.0463070869445801,Hybrid-QLIKE,test
2023-03-06,2023-03-07,1.0659420423683896,1.9767591953277588,Hybrid-QLIKE,test
2023-03-07,2023-03-08,1.180976964777076,1.8540421724319458,Hybrid-QLIKE,test
2023-03-08,2023-03-09,0.4136971055728827,1.7451325654983521,Hybrid-QLIKE,test
2023-03-09,2023-03-10,0.07826579895763904,1.6769324541091919,Hybrid-QLIKE,test
2023-03-10,2023-03-13,0.0003608159625681267,1.6976693868637085,Hybrid-QLIKE,test
2023-03-13,2023-03-14,1.4659340258862175,1.7101602554321289,Hybrid-QLIKE,test
2023-03-14,2023-03-15,4.404587524685249,1.7924560308456421,Hybrid-QLIKE,test
2023-03-15,2023-03-16,1.966140070411206,1.7506152391433716,Hybrid-QLIKE,test
2023-03-16,2023-03-17,0.04665838155834745,1.8826524019241333,Hybrid-QLIKE,test
2023-03-17,2023-03-20,4.542701346022625,1.8933337926864624,Hybrid-QLIKE,test
2023-03-20,2023-03-21,0.8241032078763476,2.1903567314147949,Hybrid-QLIKE,test
2023-03-21,2023-03-22,0.6122377400151076,2.1541805267333984,Hybrid-QLIKE,test
2023-03-22,2023-03-23,0.19121077676001624,2.0083234310150146,Hybrid-QLIKE,test
2023-03-23,2023-03-24,0.026106935838979422,1.8824337720870972,Hybrid-QLIKE,test
2023-03-24,2023-03-27,0.2706486133246383,1.790874719619751,Hybrid-QLIKE,test
2023-03-27,2023-03-28,0.037512946479207575,1.7353997230529785,Hybrid-QLIKE,test
2023-03-28,2023-03-29,0.037368055418671595,1.731461763381958,Hybrid-QLIKE,test
2023-03-29,2023-03-30,0.08642601431130331,1.7107483148574829,Hybrid-QLIKE,test
2023-03-30,2023-03-31,0.23973236755172694,1.6964401006698608,Hybrid-QLIKE,test
2023-03-31,2023-04-03,1.8652562093058924,1.6784540414810181,Hybrid-QLIKE,test
2023-04-03,2023-04-04,0.005918641286002391,1.679274320602417,Hybrid-QLIKE,test
2023-04-04,2023-04-05,0.04982696618473834,1.7076659202575684,Hybrid-QLIKE,test
2023-04-05,2023-04-06,0.8553042836437406,1.6968969106674194,Hybrid-QLIKE,test
2023-04-06,2023-04-07,0.012570235579155363,1.7905714511871338,Hybrid-QLIKE,test
2023-04-07,2023-04-10,0.16680689905124285,1.7495346069335938,Hybrid-QLIKE,test
2023-04-10,2023-04-11,0.1482607699784405,1.7858831882476807,Hybrid-QLIKE,test
2023-04-11,2023-04-12,8.743291732272662e-07,1.7389786243438721,Hybrid-QLIKE,test
2023-04-12,2023-04-13,0.23301778400079395,1.744572639465332,Hybrid-QLIKE,test
2023-04-13,2023-04-14,1.1617696349612645,1.7288070917129517,Hybrid-QLIKE,test
2023-04-14,2023-04-17,0.0076283447272982195,1.7886292934417725,Hybrid-QLIKE,test
2023-04-17,2023-04-18,0.013168844967989504,1.7612643241882324,Hybrid-QLIKE,test
2023-04-18,2023-04-19,0.32964370267322723,1.7314385175704956,Hybrid-QLIKE,test
2023-04-19,2023-04-20,0.0006623405434785439,1.7156218290328979,Hybrid-QLIKE,test
2023-04-20,2023-04-21,0.3673257523211698,1.6767370700836182,Hybrid-QLIKE,test
2023-04-21,2023-04-24,0.022121551992183786,1.661445140838623,Hybrid-QLIKE,test
2023-04-24,2023-04-25,0.39326224853539854,1.6425226926803589,Hybrid-QLIKE,test
2023-04-25,2023-04-26,0.328691182889417,1.6425561904907227,Hybrid-QLIKE,test
2023-04-26,2023-04-27,0.012651021417117688,1.5892385244369507,Hybrid-QLIKE,test
2023-04-27,2023-04-28,0.8257060505705139,1.581634521484375,Hybrid-QLIKE,test
2023-04-28,2023-05-04,0.663351259487948,1.5475132465362549,Hybrid-QLIKE,test
2023-05-04,2023-05-05,0.0008313650023289314,1.6010679006576538,Hybrid-QLIKE,test
2023-05-05,2023-05-08,1.5730813455266768,1.5891237258911133,Hybrid-QLIKE,test
2023-05-08,2023-05-09,0.000981007304139106,1.5532619953155518,Hybrid-QLIKE,test
2023-05-09,2023-05-10,0.18078142955884496,1.5657806396484375,Hybrid-QLIKE,test
2023-05-10,2023-05-11,0.0116169732719969,1.5711240768432617,Hybrid-QLIKE,test
2023-05-11,2023-05-12,0.8480601097426534,1.5999675989151001,Hybrid-QLIKE,test
2023-05-12,2023-05-15,0.012454638359607438,1.5907504558563232,Hybrid-QLIKE,test
2023-05-15,2023-05-16,0.00035212788034557187,1.6491070985794067,Hybrid-QLIKE,test
2023-05-16,2023-05-17,0.26470799405580914,1.6336406469345093,Hybrid-QLIKE,test
2023-05-17,2023-05-18,0.5467189046851431,1.6823271512985229,Hybrid-QLIKE,test
2023-05-18,2023-05-19,0.013488172692127594,1.6367909908294678,Hybrid-QLIKE,test
2023-05-19,2023-05-22,0.11155772609547841,1.6724848747253418,Hybrid-QLIKE,test
2023-05-22,2023-05-23,0.20106234556761662,1.6525347232818604,Hybrid-QLIKE,test
2023-05-23,2023-05-24,0.1456521231551851,1.6854977607727051,Hybrid-QLIKE,test
2023-05-24,2023-05-25,0.07135084013094956,1.7106261253356934,Hybrid-QLIKE,test
2023-05-25,2023-05-26,0.006683379548905065,1.6865519285202026,Hybrid-QLIKE,test
2023-05-26,2023-05-29,1.1008741895280583,1.6848229169845581,Hybrid-QLIKE,test
2023-05-29,2023-05-30,0.08132745245320004,1.6666054725646973,Hybrid-QLIKE,test
2023-05-30,2023-05-31,0.07155972693514195,1.6899955272674561,Hybrid-QLIKE,test
2023-05-31,2023-06-01,0.08942489313778063,1.7225871086120605,Hybrid-QLIKE,test
2023-06-01,2023-06-02,1.3176407801372392,1.7120370864868164,Hybrid-QLIKE,test
2023-06-02,2023-06-05,0.40683394286082963,1.7307788133621216,Hybrid-QLIKE,test
2023-06-05,2023-06-06,0.9043890866960916,1.7198784351348877,Hybrid-QLIKE,test
2023-06-06,2023-06-07,0.012302856628539685,1.67629075050354,Hybrid-QLIKE,test
2023-06-07,2023-06-08,0.5529490855904797,1.750889778137207,Hybrid-QLIKE,test
2023-06-08,2023-06-09,0.3161644467066298,1.8539940118789673,Hybrid-QLIKE,test
2023-06-09,2023-06-12,0.5831574033164091,1.7669014930725098,Hybrid-QLIKE,test
2023-06-12,2023-06-13,0.33107598933529364,1.7350360155105591,Hybrid-QLIKE,test
2023-06-13,2023-06-14,0.2025223817587841,1.754852294921875,Hybrid-QLIKE,test
2023-06-14,2023-06-15,0.0016224341258812662,1.7780983448028564,Hybrid-QLIKE,test
2023-06-15,2023-06-16,0.024585211583996045,1.7602732181549072,Hybrid-QLIKE,test
2023-06-16,2023-06-19,0.7822402072538185,1.8616104125976562,Hybrid-QLIKE,test
2023-06-19,2023-06-20,0.32502599858767567,1.8097461462020874,Hybrid-QLIKE,test
2023-06-20,2023-06-21,0.36534451810351276,1.7582786083221436,Hybrid-QLIKE,test
2023-06-21,2023-06-22,0.37172526729606914,1.775145411491394,Hybrid-QLIKE,test
2023-06-22,2023-06-23,0.13098194666076288,1.7625834941864014,Hybrid-QLIKE,test
2023-06-23,2023-06-26,0.05492796637107285,1.7708598375320435,Hybrid-QLIKE,test
2023-06-26,2023-06-27,0.04119629586409584,1.7906051874160767,Hybrid-QLIKE,test
2023-06-27,2023-06-28,0.12515160489002544,1.7329483032226562,Hybrid-QLIKE,test
2023-06-28,2023-06-29,1.3110715533307906,1.7490280866622925,Hybrid-QLIKE,test
2023-06-29,2023-06-30,0.2153197174085333,1.8194749355316162,Hybrid-QLIKE,test
2023-06-30,2023-07-03,0.22448593635937528,1.7865650653839111,Hybrid-QLIKE,test
2023-07-03,2023-07-04,0.33161455720689403,1.7553000450134277,Hybrid-QLIKE,test
2023-07-04,2023-07-05,0.05344480880336976,1.748265266418457,Hybrid-QLIKE,test
2023-07-05,2023-07-06,0.5521828368120864,1.7623715400695801,Hybrid-QLIKE,test
2023-07-06,2023-07-07,1.0955709924740076,1.8000122308731079,Hybrid-QLIKE,test
2023-07-07,2023-07-10,0.9169134777331623,1.7447800636291504,Hybrid-QLIKE,test
2023-07-10,2023-07-11,0.057144157007868034,1.7604634761810303,Hybrid-QLIKE,test
2023-07-11,2023-07-12,0.04441867036137967,1.7929931879043579,Hybrid-QLIKE,test
2023-07-12,2023-07-13,0.9358770339385756,1.7653619050979614,Hybrid-QLIKE,test
2023-07-13,2023-07-14,0.06521661853468913,1.7366194725036621,Hybrid-QLIKE,test
2023-07-14,2023-07-17,0.16322399432944826,1.8085517883300781,Hybrid-QLIKE,test
2023-07-17,2023-07-18,0.006691059807556237,1.7858389616012573,Hybrid-QLIKE,test
2023-07-18,2023-07-19,0.008946515710559228,1.7850066423416138,Hybrid-QLIKE,test
2023-07-19,2023-07-20,0.00021007751642036318,1.8004035949707031,Hybrid-QLIKE,test
2023-07-20,2023-07-21,1.2319670859049314,1.7826685905456543,Hybrid-QLIKE,test
2023-07-21,2023-07-24,0.16452646387731307,1.782421350479126,Hybrid-QLIKE,test
2023-07-24,2023-07-25,0.18843185490810982,1.8052537441253662,Hybrid-QLIKE,test
2023-07-25,2023-07-26,0.16993125746169274,1.7906932830810547,Hybrid-QLIKE,test
2023-07-26,2023-07-27,0.0856869950327944,1.7781704664230347,Hybrid-QLIKE,test
2023-07-27,2023-07-28,0.7393945741890614,1.845124363899231,Hybrid-QLIKE,test
2023-07-28,2023-07-31,1.5705613280253745,1.8255710601806641,Hybrid-QLIKE,test
2023-07-31,2023-08-01,0.19151398979284603,1.8463077545166016,Hybrid-QLIKE,test
2023-08-01,2023-08-02,0.05543197419874187,1.9183118343353271,Hybrid-QLIKE,test
2023-08-02,2023-08-03,0.6081005379926719,1.8240673542022705,Hybrid-QLIKE,test
2023-08-03,2023-08-04,1.5216082607669985,1.8988062143325806,Hybrid-QLIKE,test
2023-08-04,2023-08-07,1.5663427455149326,1.8877518177032471,Hybrid-QLIKE,test
2023-08-07,2023-08-08,0.004254507280897118,1.8637158870697021,Hybrid-QLIKE,test
2023-08-08,2023-08-09,0.4429341513499315,1.8794338703155518,Hybrid-QLIKE,test
2023-08-09,2023-08-10,1.18855521360565,1.8829338550567627,Hybrid-QLIKE,test
2023-08-10,2023-08-11,0.8946457187409982,1.9284956455230713,Hybrid-QLIKE,test
2023-08-11,2023-08-14,0.14065760615290254,1.8932336568832397,Hybrid-QLIKE,test
2023-08-14,2023-08-15,0.05099903324239391,1.9071756601333618,Hybrid-QLIKE,test
2023-08-15,2023-08-16,0.5528693854620391,1.8545198440551758,Hybrid-QLIKE,test
2023-08-16,2023-08-17,0.6237080926504832,1.8238914012908936,Hybrid-QLIKE,test
2023-08-17,2023-08-18,21.187467781738864,1.938179612159729,Hybrid-QLIKE,test
2023-08-18,2023-08-21,0.022542972444489485,2.2676506042480469,Hybrid-QLIKE,test
2023-08-21,2023-08-22,0.0038263943505654047,2.0582375526428223,Hybrid-QLIKE,test
2023-08-22,2023-08-23,0.45430481850969834,2.0313987731933594,Hybrid-QLIKE,test
2023-08-23,2023-08-24,2.030960720400387,1.9860570430755615,Hybrid-QLIKE,test
2023-08-24,2023-08-25,0.2574822009117362,1.9056849479675293,Hybrid-QLIKE,test
2023-08-25,2023-08-28,2.3677711449578327,1.9313410520553589,Hybrid-QLIKE,test
2023-08-28,2023-08-29,0.05074036004728855,1.869318962097168,Hybrid-QLIKE,test
2023-08-29,2023-08-30,0.521587233427783,1.9187391996383667,Hybrid-QLIKE,test
2023-08-30,2023-08-31,0.798611626583033,1.8969511985778809,Hybrid-QLIKE,test
2023-08-31,2023-09-05,0.790275250555677,1.8802109956741333,Hybrid-QLIKE,test
2023-09-05,2023-09-06,0.7194907575034776,1.8783327341079712,Hybrid-QLIKE,test
2023-09-06,2023-09-07,0.03597162879298841,1.8871759176254272,Hybrid-QLIKE,test
2023-09-07,2023-09-08,0.017854855637274396,1.9443029165267944,Hybrid-QLIKE,test
2023-09-08,2023-09-11,2.097389099277001,1.9437949657440186,Hybrid-QLIKE,test
2023-09-11,2023-09-12,3.1212396050656377,2.034541130065918,Hybrid-QLIKE,test
2023-09-12,2023-09-13,0.32225289038997246,1.9132051467895508,Hybrid-QLIKE,test
2023-09-13,2023-09-14,1.4026151894519558,1.9887380599975586,Hybrid-QLIKE,test
2023-09-14,2023-09-15,0.08390163797921052,2.0153710842132568,Hybrid-QLIKE,test
2023-09-15,2023-09-18,1.6257299462595713,1.9646294116973877,Hybrid-QLIKE,test
2023-09-18,2023-09-19,0.0006545840740980129,2.0027327537536621,Hybrid-QLIKE,test
2023-09-19,2023-09-20,1.4369523878233037,2.0048873424530029,Hybrid-QLIKE,test
2023-09-20,2023-09-21,1.2021573804780938,1.8905342817306519,Hybrid-QLIKE,test
2023-09-21,2023-09-22,2.67951003310709,1.9805763959884644,Hybrid-QLIKE,test
2023-09-22,2023-09-25,11.541216926620844,2.0755195617675781,Hybrid-QLIKE,test
2023-09-25,2023-09-26,1.7698314100181254,2.4440703392028809,Hybrid-QLIKE,test
2023-09-26,2023-09-27,1.9229344679771436,2.2965254783630371,Hybrid-QLIKE,test
2023-09-27,2023-09-28,0.015163963283669424,2.122877836227417,Hybrid-QLIKE,test
2023-09-28,2023-09-29,0.022242315773490097,2.0689401626586914,Hybrid-QLIKE,test
2023-09-29,2023-10-02,0.009075009835039104,1.9876896142959595,Hybrid-QLIKE,test
2023-10-02,2023-10-03,10.683716279206383,1.9514068365097046,Hybrid-QLIKE,test
2023-10-03,2023-10-04,0.8853176884286172,2.4216020107269287,Hybrid-QLIKE,test
2023-10-04,2023-10-05,1.7375339257639013,2.1680448055267334,Hybrid-QLIKE,test
2023-10-05,2023-10-06,1.7072998751511268,2.3177509307861328,Hybrid-QLIKE,test
2023-10-06,2023-10-09,0.6060662073826656,2.1491391658782959,Hybrid-QLIKE,test
2023-10-09,2023-10-10,0.30803497563665444,2.0114595890045166,Hybrid-QLIKE,test
2023-10-10,2023-10-11,0.3851648462229108,1.9504764080047607,Hybrid-QLIKE,test
2023-10-11,2023-10-12,0.004829152297845832,1.8793282508850098,Hybrid-QLIKE,test
2023-10-12,2023-10-13,0.0732020168306359,1.902185320854187,Hybrid-QLIKE,test
2023-10-13,2023-10-16,1.3440806213781142,1.8769731521606445,Hybrid-QLIKE,test
2023-10-16,2023-10-17,3.052807721519015,1.954778790473938,Hybrid-QLIKE,test
2023-10-17,2023-10-18,2.6910741096090356,2.1206734180450439,Hybrid-QLIKE,test
2023-10-18,2023-10-19,2.014426845995019,2.187091588973999,Hybrid-QLIKE,test
2023-10-19,2023-10-20,3.37838828040453,2.2533390522003174,Hybrid-QLIKE,test
2023-10-20,2023-10-23,1.7351918672263549,2.1145360469818115,Hybrid-QLIKE,test
2023-10-23,2023-10-24,1.2652847100550173,2.1959714889526367,Hybrid-QLIKE,test
2023-10-24,2023-10-25,0.1475596920145903,2.0640840530395508,Hybrid-QLIKE,test
2023-10-25,2023-10-26,18.362010800338208,2.019458532333374,Hybrid-QLIKE,test
2023-10-26,2023-10-27,0.23877164172174822,2.6357812881469727,Hybrid-QLIKE,test
2023-10-27,2023-10-30,3.0025597858118136,2.3322975635528564,Hybrid-QLIKE,test
2023-10-30,2023-10-31,1.8839681619493045,2.6701478958129883,Hybrid-QLIKE,test
2023-10-31,2023-11-01,1.230715501580414,2.5385427474975586,Hybrid-QLIKE,test
2023-11-01,2023-11-02,11.467731176476716,2.3107678890228271,Hybrid-QLIKE,test
2023-11-02,2023-11-03,0.014818944002104916,2.176760196685791,Hybrid-QLIKE,test
2023-11-03,2023-11-06,1.4138672012584073,1.9993740320205688,Hybrid-QLIKE,test
2023-11-06,2023-11-07,0.7458390495009208,1.887067437171936,Hybrid-QLIKE,test
2023-11-07,2023-11-08,9.129956144189089,1.9763549566268921,Hybrid-QLIKE,test
2023-11-08,2023-11-09,0.0017061233763225722,1.9170312881469727,Hybrid-QLIKE,test
2023-11-09,2023-11-10,1.2148681903111338,1.9220396280288696,Hybrid-QLIKE,test
2023-11-10,2023-11-13,0.021388281341415512,1.962061882019043,Hybrid-QLIKE,test
2023-11-13,2023-11-14,0.7643879612116624,1.9577001333236694,Hybrid-QLIKE,test
2023-11-14,2023-11-15,1.309101680363533,1.9381215572357178,Hybrid-QLIKE,test
2023-11-15,2023-11-16,0.07266772585554936,1.9103519916534424,Hybrid-QLIKE,test
2023-11-16,2023-11-17,4.779742663796966,1.8730530738830566,Hybrid-QLIKE,test
2023-11-17,2023-11-20,0.05019912685891524,2.0083584785461426,Hybrid-QLIKE,test
2023-11-20,2023-11-21,0.37729255707023795,1.9978311061859131,Hybrid-QLIKE,test
2023-11-21,2023-11-22,0.0912767762573235,1.9432758092880249,Hybrid-QLIKE,test
2023-11-22,2023-11-23,5.291901747240125,1.9420523643493652,Hybrid-QLIKE,test
2023-11-23,2023-11-24,0.4250871900618609,2.0578765869140625,Hybrid-QLIKE,test
2023-11-24,2023-11-27,0.4781711175817431,2.0138022899627686,Hybrid-QLIKE,test
2023-11-27,2023-11-28,0.4557176520002135,1.9983556270599365,Hybrid-QLIKE,test
2023-11-28,2023-11-29,0.44962656293444253,1.9413841962814331,Hybrid-QLIKE,test
2023-11-29,2023-11-30,0.6229744807299576,1.8655831813812256,Hybrid-QLIKE,test
2023-11-30,2023-12-01,0.5347066481770756,1.9166511297225952,Hybrid-QLIKE,test
2023-12-01,2023-12-04,2.720585966130201,1.8501132726669312,Hybrid-QLIKE,test
2023-12-04,2023-12-05,0.163386350982878,1.8969746828079224,Hybrid-QLIKE,test
2023-12-05,2023-12-06,0.8703691532467039,1.8924058675765991,Hybrid-QLIKE,test
2023-12-06,2023-12-07,0.193176184914791,1.8403291702270508,Hybrid-QLIKE,test
2023-12-07,2023-12-08,0.06901000998758386,1.976584792137146,Hybrid-QLIKE,test
2023-12-08,2023-12-11,0.008878301977285596,1.8919037580490112,Hybrid-QLIKE,test
2023-12-11,2023-12-12,0.03574760550774113,1.8480291366577148,Hybrid-QLIKE,test
2023-12-12,2023-12-13,1.4355458045904153,1.8050765991210938,Hybrid-QLIKE,test
2023-12-13,2023-12-14,0.1339218193100039,1.881395697593689,Hybrid-QLIKE,test
2023-12-14,2023-12-15,0.501011926570286,1.8681118488311768,Hybrid-QLIKE,test
2023-12-15,2023-12-18,0.9021057574713134,1.8894500732421875,Hybrid-QLIKE,test
2023-12-18,2023-12-19,0.163207316046184,1.9061776399612427,Hybrid-QLIKE,test
2023-12-19,2023-12-20,0.1648341022859622,1.8548204898834229,Hybrid-QLIKE,test
2023-12-20,2023-12-21,0.022982072828040837,1.7916080951690674,Hybrid-QLIKE,test
2023-12-21,2023-12-22,0.003263855536434021,1.7591242790222168,Hybrid-QLIKE,test
2023-12-22,2023-12-25,1.728982548756669,1.7290141582489014,Hybrid-QLIKE,test
2023-12-25,2023-12-26,0.16796757061875175,1.6710085868835449,Hybrid-QLIKE,test
2023-12-26,2023-12-27,0.0005368687109465551,1.6940786838531494,Hybrid-QLIKE,test
2023-12-27,2023-12-28,0.3802432948523992,1.7191250324249268,Hybrid-QLIKE,test
2023-12-28,2023-12-29,0.007839374611893577,1.6994059085845947,Hybrid-QLIKE,test
2023-12-29,2024-01-02,0.025056213498693514,1.7276287078857422,Hybrid-QLIKE,test
2024-01-02,2024-01-03,1.197029417048885,1.7414690256118774,Hybrid-QLIKE,test
2024-01-03,2024-01-04,0.32585260920060033,1.708747386932373,Hybrid-QLIKE,test
2024-01-04,2024-01-05,0.1180208232703248,1.813937783241272,Hybrid-QLIKE,test
2024-01-05,2024-01-08,0.22662698242722468,1.7700684070587158,Hybrid-QLIKE,test
2024-01-08,2024-01-09,0.019045001133196456,1.7628970146179199,Hybrid-QLIKE,test
2024-01-09,2024-01-10,0.06466657387109118,1.7808678150177002,Hybrid-QLIKE,test
2024-01-10,2024-01-11,0.003425273843113375,1.7967513799667358,Hybrid-QLIKE,test
2024-01-11,2024-01-12,0.4213826457560849,1.7750256061553955,Hybrid-QLIKE,test
2024-01-12,2024-01-15,0.0025242702278622012,1.8409943580627441,Hybrid-QLIKE,test
2024-01-15,2024-01-16,0.6034028324453893,1.7723859548568726,Hybrid-QLIKE,test
2024-01-16,2024-01-17,0.002574395818870812,1.7328107357025146,Hybrid-QLIKE,test
2024-01-17,2024-01-18,0.31375037739396183,1.7384630441665649,Hybrid-QLIKE,test
2024-01-18,2024-01-19,1.1203821443093407,1.6992390155792236,Hybrid-QLIKE,test
2024-01-19,2024-01-22,0.013234596260305988,1.6798856258392334,Hybrid-QLIKE,test
2024-01-22,2024-01-23,0.2062692888507807,1.7154431343078613,Hybrid-QLIKE,test
2024-01-23,2024-01-24,0.14857578920198172,1.7217986583709717,Hybrid-QLIKE,test
2024-01-24,2024-01-25,0.049242084833856566,1.7462855577468872,Hybrid-QLIKE,test
2024-01-25,2024-01-26,0.20414670895234732,1.7511801719665527,Hybrid-QLIKE,test
2024-01-26,2024-01-29,2.8938880789059726e-06,1.7075836658477783,Hybrid-QLIKE,test
2024-01-29,2024-01-30,0.11306910807822454,1.6918703317642212,Hybrid-QLIKE,test
2024-01-30,2024-01-31,1.7132578057426457,1.664736270904541,Hybrid-QLIKE,test
2024-01-31,2024-02-01,0.5554695483427156,1.8035606145858765,Hybrid-QLIKE,test
2024-02-01,2024-02-02,0.001606049483795333,1.7548208236694336,Hybrid-QLIKE,test
2024-02-02,2024-02-05,1.312405125307974,1.7898726463317871,Hybrid-QLIKE,test
2024-02-05,2024-02-06,0.04154627049619506,1.7748844623565674,Hybrid-QLIKE,test
2024-02-06,2024-02-07,0.7090694435364681,1.7622661590576172,Hybrid-QLIKE,test
2024-02-07,2024-02-15,0.10935700902328002,1.7355581521987915,Hybrid-QLIKE,test
2024-02-15,2024-02-16,0.3563698361907522,1.7610486745834351,Hybrid-QLIKE,test
2024-02-16,2024-02-19,1.5735090531706803,1.7623565196990967,Hybrid-QLIKE,test
2024-02-19,2024-02-20,0.17194248282043384,1.7913682460784912,Hybrid-QLIKE,test
2024-02-20,2024-02-21,2.643713937948573e-06,1.7974681854248047,Hybrid-QLIKE,test
2024-02-21,2024-02-22,0.04936869052626932,1.8157593011856079,Hybrid-QLIKE,test
2024-02-22,2024-02-23,1.5757517057356472,1.816272497177124,Hybrid-QLIKE,test
2024-02-23,2024-02-26,0.9982359162312492,1.9847044944763184,Hybrid-QLIKE,test
2024-02-26,2024-02-27,1.16593097532243,1.8899204730987549,Hybrid-QLIKE,test
2024-02-27,2024-02-28,1.8813005066335942,1.8745659589767456,Hybrid-QLIKE,test
2024-02-28,2024-02-29,0.021076439540089663,1.8394869565963745,Hybrid-QLIKE,test
2024-02-29,2024-03-01,0.19541166603893625,1.8816512823104858,Hybrid-QLIKE,test
2024-03-01,2024-03-04,0.06172411737309059,1.8616809844970703,Hybrid-QLIKE,test
2024-03-04,2024-03-05,0.45846568289887907,1.9081491231918335,Hybrid-QLIKE,test
2024-03-05,2024-03-06,0.32776867591414666,1.8797973394393921,Hybrid-QLIKE,test
2024-03-06,2024-03-07,0.20498459627575571,1.901637077331543,Hybrid-QLIKE,test
2024-03-07,2024-03-08,2.816444292658484,1.8827017545700073,Hybrid-QLIKE,test
2024-03-08,2024-03-11,0.912721979122844,2.0284514427185059,Hybrid-QLIKE,test
2024-03-11,2024-03-12,0.5879634369893775,2.0098943710327148,Hybrid-QLIKE,test
2024-03-12,2024-03-13,4.113946023612082,1.9486355781555176,Hybrid-QLIKE,test
2024-03-13,2024-03-14,0.2431894157728003,1.8986963033676147,Hybrid-QLIKE,test
2024-03-14,2024-03-15,0.0014420309906953309,1.9422503709793091,Hybrid-QLIKE,test
2024-03-15,2024-03-18,2.60144510071112,1.9527517557144165,Hybrid-QLIKE,test
2024-03-18,2024-03-19,0.00783134184830159,2.1118602752685547,Hybrid-QLIKE,test
2024-03-19,2024-03-20,1.9830063141639596,2.0290372371673584,Hybrid-QLIKE,test
2024-03-20,2024-03-21,1.6599934627132107,1.9365384578704834,Hybrid-QLIKE,test
2024-03-21,2024-03-22,0.17690904715867936,1.9400781393051147,Hybrid-QLIKE,test
2024-03-22,2024-03-25,1.1957204376691162,1.9508981704711914,Hybrid-QLIKE,test
2024-03-25,2024-03-26,1.266685379522265,1.9971975088119507,Hybrid-QLIKE,test
2024-03-26,2024-03-27,0.004707052555972676,1.9137468338012695,Hybrid-QLIKE,test
2024-03-27,2024-03-28,0.3036574536281876,1.9215579032897949,Hybrid-QLIKE,test
2024-03-28,2024-03-29,0.22386593116756004,1.9019474983215332,Hybrid-QLIKE,test
2024-03-29,2024-04-01,0.040137031487209394,1.9039386510848999,Hybrid-QLIKE,test
2024-04-01,2024-04-02,0.18473962337792876,1.9208368062973022,Hybrid-QLIKE,test
2024-04-02,2024-04-03,1.4814046434548742,1.9206490516662598,Hybrid-QLIKE,test
2024-04-03,2024-04-04,0.06429845271347824,1.9684920310974121,Hybrid-QLIKE,test
2024-04-04,2024-04-05,1.0846762827407521,1.9402205944061279,Hybrid-QLIKE,test
2024-04-05,2024-04-08,0.14437765865991947,1.972326397895813,Hybrid-QLIKE,test
2024-04-08,2024-04-09,0.9848187145028622,1.9302610158920288,Hybrid-QLIKE,test
2024-04-09,2024-04-10,0.11418351518052074,1.8378462791442871,Hybrid-QLIKE,test
2024-04-10,2024-04-11,0.0008184297224042408,1.8376413583755493,Hybrid-QLIKE,test
2024-04-11,2024-04-12,2.1077713488695093,1.8136109113693237,Hybrid-QLIKE,test
2024-04-12,2024-04-15,23.166885904173803,1.7644138336181641,Hybrid-QLIKE,test
2024-04-15,2024-04-16,0.0058478365075764396,2.4673130512237549,Hybrid-QLIKE,test
2024-04-16,2024-04-17,3.543454497340081,2.164229154586792,Hybrid-QLIKE,test
2024-04-17,2024-04-19,2.3528631494425456,2.3941144943237305,Hybrid-QLIKE,test
2024-04-19,2024-04-22,1.6893979231324006,2.3627729415893555,Hybrid-QLIKE,test
2024-04-22,2024-04-23,1.1727907466469314,2.185983419418335,Hybrid-QLIKE,test
2024-04-23,2024-04-24,5.6060247455531265,2.229048490524292,Hybrid-QLIKE,test
2024-04-24,2024-04-25,0.0028195309207452502,2.0784158706665039,Hybrid-QLIKE,test
2024-04-25,2024-04-26,0.14204730247271172,2.0414688587188721,Hybrid-QLIKE,test
2024-04-26,2024-05-02,0.31800640597725105,1.9893778562545776,Hybrid-QLIKE,test
2024-05-02,2024-05-03,0.1468401316931458,1.9434792995452881,Hybrid-QLIKE,test
2024-05-03,2024-05-06,2.785560071487252,1.9149547815322876,Hybrid-QLIKE,test
2024-05-06,2024-05-07,0.32060375182201245,1.867572546005249,Hybrid-QLIKE,test
2024-05-07,2024-05-08,0.021448579385718446,1.8378748893737793,Hybrid-QLIKE,test
2024-05-08,2024-05-09,0.021214639286479448,1.8884868621826172,Hybrid-QLIKE,test
2024-05-09,2024-05-10,0.09988267140715557,1.8579972982406616,Hybrid-QLIKE,test
2024-05-10,2024-05-13,0.13235092402960125,1.8727618455886841,Hybrid-QLIKE,test
2024-05-13,2024-05-14,0.06232603386722445,1.8801568746566772,Hybrid-QLIKE,test
2024-05-14,2024-05-15,0.7914504364695899,1.820976734161377,Hybrid-QLIKE,test
2024-05-15,2024-05-16,1.3010619376829529,1.8073945045471191,Hybrid-QLIKE,test
2024-05-16,2024-05-20,0.47773733950909497,1.7970492839813232,Hybrid-QLIKE,test
2024-05-20,2024-05-21,0.0011865300373836152,1.8304708003997803,Hybrid-QLIKE,test
2024-05-21,2024-05-22,0.6467920233357178,1.8160560131072998,Hybrid-QLIKE,test
2024-05-22,2024-05-23,1.2284567837418712,1.8758833408355713,Hybrid-QLIKE,test
2024-05-23,2024-05-24,2.256648937405396,1.8431037664413452,Hybrid-QLIKE,test
2024-05-24,2024-05-27,0.20667599532245232,1.997728705406189,Hybrid-QLIKE,test
2024-05-27,2024-05-28,1.2149042841979667,1.8994640111923218,Hybrid-QLIKE,test
2024-05-28,2024-05-29,0.5065517433860525,1.8481903076171875,Hybrid-QLIKE,test
2024-05-29,2024-05-30,0.24784731828211895,1.9291878938674927,Hybrid-QLIKE,test
2024-05-30,2024-05-31,0.13243681589129838,1.9363240003585815,Hybrid-QLIKE,test
2024-05-31,2024-06-03,2.069054535054291,1.9073164463043213,Hybrid-QLIKE,test
2024-06-03,2024-06-04,0.07541755419720612,1.9011166095733643,Hybrid-QLIKE,test
2024-06-04,2024-06-05,0.004178978523871569,1.8835256099700928,Hybrid-QLIKE,test
2024-06-05,2024-06-06,0.0037857733026660898,1.8723633289337158,Hybrid-QLIKE,test
2024-06-06,2024-06-07,0.0977825492840672,1.8670680522918701,Hybrid-QLIKE,test
2024-06-07,2024-06-10,0.05745493176519257,1.8203837871551514,Hybrid-QLIKE,test
2024-06-10,2024-06-11,0.23638990013065306,1.8121778964996338,Hybrid-QLIKE,test
2024-06-11,2024-06-12,1.4910702380739043,1.8231244087219238,Hybrid-QLIKE,test
2024-06-12,2024-06-13,0.010296591765110498,1.7945159673690796,Hybrid-QLIKE,test
2024-06-13,2024-06-14,2.8007247199637466,1.8058907985687256,Hybrid-QLIKE,test
2024-06-14,2024-06-17,0.16192517882076396,1.9390642642974854,Hybrid-QLIKE,test
2024-06-17,2024-06-18,0.13716700638720544,1.9219878911972046,Hybrid-QLIKE,test
2024-06-18,2024-06-19,0.0005135905111872297,1.8840559720993042,Hybrid-QLIKE,test
2024-06-19,2024-06-20,0.038390074012022365,1.8532768487930298,Hybrid-QLIKE,test
2024-06-20,2024-06-21,0.00047690471732176666,1.821191668510437,Hybrid-QLIKE,test
2024-06-21,2024-06-24,4.8412442189098694,1.7925337553024292,Hybrid-QLIKE,test
2024-06-24,2024-06-25,0.03777958573460462,2.0150558948516846,Hybrid-QLIKE,test
2024-06-25,2024-06-26,0.13820069891821438,1.9573934078216553,Hybrid-QLIKE,test
2024-06-26,2024-06-27,0.029108666068259997,1.9047342538833618,Hybrid-QLIKE,test
2024-06-27,2024-06-28,1.2092769262564496,1.8842549324035645,Hybrid-QLIKE,test
2024-06-28,2024-07-01,0.5464740769679215,1.9007717370986938,Hybrid-QLIKE,test
2024-07-01,2024-07-02,1.4560329328950323,1.8659927845001221,Hybrid-QLIKE,test
2024-07-02,2024-07-03,0.30742310604414314,1.8153488636016846,Hybrid-QLIKE,test
2024-07-03,2024-07-04,0.05655023784584027,1.7907586097717285,Hybrid-QLIKE,test
2024-07-04,2024-07-05,0.06042380176797635,1.7580652236938477,Hybrid-QLIKE,test
2024-07-05,2024-07-08,0.001641913639604054,1.7548220157623291,Hybrid-QLIKE,test
2024-07-08,2024-07-09,0.6204070574126203,1.7719194889068604,Hybrid-QLIKE,test
2024-07-09,2024-07-10,0.3628967539784848,1.7692615985870361,Hybrid-QLIKE,test
2024-07-10,2024-07-11,0.027740186044004335,1.7958009243011475,Hybrid-QLIKE,test
2024-07-11,2024-07-12,0.05657671637053563,1.7922441959381104,Hybrid-QLIKE,test
2024-07-12,2024-07-15,0.005276581139178412,1.7960234880447388,Hybrid-QLIKE,test
2024-07-15,2024-07-16,0.011280250205691034,1.7873016595840454,Hybrid-QLIKE,test
2024-07-16,2024-07-17,0.9643834972427657,1.7203028202056885,Hybrid-QLIKE,test
2024-07-17,2024-07-18,0.2066285309508605,1.8247271776199341,Hybrid-QLIKE,test
2024-07-18,2024-07-19,0.5789189613600527,1.7841715812683105,Hybrid-QLIKE,test
2024-07-19,2024-07-22,0.6479469442933512,1.7965940237045288,Hybrid-QLIKE,test
2024-07-22,2024-07-23,3.3723820037131813,1.8201119899749756,Hybrid-QLIKE,test
2024-07-23,2024-07-24,0.2907489732326712,2.0012342929840088,Hybrid-QLIKE,test
2024-07-24,2024-07-25,0.18253733226703736,1.9454872608184814,Hybrid-QLIKE,test
2024-07-25,2024-07-26,0.5194428542577421,1.9675045013427734,Hybrid-QLIKE,test
2024-07-26,2024-07-29,0.13019821496153455,1.8810901641845703,Hybrid-QLIKE,test
2024-07-29,2024-07-30,0.015280022123225958,1.8079997301101685,Hybrid-QLIKE,test
2024-07-30,2024-07-31,0.26698930085768796,1.8022780418395996,Hybrid-QLIKE,test
2024-07-31,2024-08-01,3.9248590030994253,1.7794102430343628,Hybrid-QLIKE,test
2024-08-01,2024-08-02,0.6124804127570632,1.9701147079467773,Hybrid-QLIKE,test
2024-08-02,2024-08-05,16.028441731399298,1.9158673286437988,Hybrid-QLIKE,test
2024-08-05,2024-08-06,3.4304951964000674,2.5244560241699219,Hybrid-QLIKE,test
2024-08-06,2024-08-07,0.21310748872452326,2.2618920803070068,Hybrid-QLIKE,test
2024-08-07,2024-08-08,0.389017827650505,2.192934513092041,Hybrid-QLIKE,test
2024-08-08,2024-08-09,1.5873626468232618,2.1420102119445801,Hybrid-QLIKE,test
2024-08-09,2024-08-12,0.2928717413764615,2.0275413990020752,Hybrid-QLIKE,test
2024-08-12,2024-08-13,0.00012947881770113804,1.9814947843551636,Hybrid-QLIKE,test
2024-08-13,2024-08-14,2.3780277347729983e-05,1.9696403741836548,Hybrid-QLIKE,test
2024-08-14,2024-08-15,0.30715616710799226,1.9419382810592651,Hybrid-QLIKE,test
2024-08-15,2024-08-16,5.364467227292595,1.9636338949203491,Hybrid-QLIKE,test
2024-08-16,2024-08-19,0.5581057481573143,1.94200599193573,Hybrid-QLIKE,test
2024-08-19,2024-08-20,0.7441049789899746,1.8670583963394165,Hybrid-QLIKE,test
2024-08-20,2024-08-21,0.8093492360217696,1.8304544687271118,Hybrid-QLIKE,test
2024-08-21,2024-08-22,0.009792042530907416,1.7952195405960083,Hybrid-QLIKE,test
2024-08-22,2024-08-23,0.03912945924086703,1.8414626121520996,Hybrid-QLIKE,test
2024-08-23,2024-08-26,0.1707352129175375,1.8292185068130493,Hybrid-QLIKE,test
2024-08-26,2024-08-27,0.001778979017836873,1.8468245267868042,Hybrid-QLIKE,test
2024-08-27,2024-08-28,0.004719186262862225,1.8369357585906982,Hybrid-QLIKE,test
2024-08-28,2024-08-29,5.480696959213411e-06,1.8226107358932495,Hybrid-QLIKE,test
2024-08-29,2024-08-30,0.035010060583696115,1.7920007705688477,Hybrid-QLIKE,test
2024-08-30,2024-09-04,0.3975959773479832,1.7366408109664917,Hybrid-QLIKE,test
2024-09-04,2024-09-05,0.35604795202250694,1.7458715438842773,Hybrid-QLIKE,test
2024-09-05,2024-09-06,0.20463880133122717,1.7639741897583008,Hybrid-QLIKE,test
2024-09-06,2024-09-09,0.24032152081412217,1.7433035373687744,Hybrid-QLIKE,test
2024-09-09,2024-09-10,0.9818980427278183,1.762664794921875,Hybrid-QLIKE,test
2024-09-10,2024-09-11,0.02441991230867842,1.7883327007293701,Hybrid-QLIKE,test
2024-09-11,2024-09-12,0.060248456736168764,1.7889652252197266,Hybrid-QLIKE,test
2024-09-12,2024-09-13,0.13690556430328993,1.7617926597595215,Hybrid-QLIKE,test
2024-09-13,2024-09-16,0.9992379796047328,1.7377692461013794,Hybrid-QLIKE,test
2024-09-16,2024-09-17,2.484914926701652,1.7622168064117432,Hybrid-QLIKE,test
2024-09-17,2024-09-18,0.22231483916019848,1.7165253162384033,Hybrid-QLIKE,test
2024-09-18,2024-09-19,0.25233875757301955,1.7307294607162476,Hybrid-QLIKE,test
2024-09-19,2024-09-20,0.00366642554826304,1.710924506187439,Hybrid-QLIKE,test
2024-09-20,2024-09-23,0.07854441680471043,1.7530262470245361,Hybrid-QLIKE,test
2024-09-23,2024-09-24,0.44708117292779803,1.775164008140564,Hybrid-QLIKE,test
2024-09-24,2024-09-25,0.6692996014919499,1.7377896308898926,Hybrid-QLIKE,test
2024-09-25,2024-09-26,0.09670676510158317,1.7646157741546631,Hybrid-QLIKE,test
2024-09-26,2024-09-27,0.0019487643545271765,1.7850121259689331,Hybrid-QLIKE,test
2024-09-27,2024-09-30,0.05341181967525015,1.7951205968856812,Hybrid-QLIKE,test
2024-09-30,2024-10-01,0.10904190631911741,1.7879666090011597,Hybrid-QLIKE,test
2024-10-01,2024-10-02,0.1142301950532245,1.7877743244171143,Hybrid-QLIKE,test
2024-10-02,2024-10-03,0.5763536966008403,1.7759550809860229,Hybrid-QLIKE,test
2024-10-03,2024-10-04,0.34637583629752167,1.8284529447555542,Hybrid-QLIKE,test
2024-10-04,2024-10-07,0.002782024571909337,1.809213399887085,Hybrid-QLIKE,test
2024-10-07,2024-10-08,0.02601642163850253,1.7973963022232056,Hybrid-QLIKE,test
2024-10-08,2024-10-09,0.5974680039460253,1.7355201244354248,Hybrid-QLIKE,test
2024-10-09,2024-10-10,0.12335390503839776,1.7016961574554443,Hybrid-QLIKE,test
2024-10-10,2024-10-11,0.02486463643701854,1.6841535568237305,Hybrid-QLIKE,test
2024-10-11,2024-10-14,0.025357387673408876,1.6952906847000122,Hybrid-QLIKE,test
2024-10-14,2024-10-15,0.16789542219219464,1.6824252605438232,Hybrid-QLIKE,test
2024-10-15,2024-10-16,0.015618170370339211,1.7061613798141479,Hybrid-QLIKE,test
2024-10-16,2024-10-17,0.301088511662053,1.7276709079742432,Hybrid-QLIKE,test
2024-10-17,2024-10-18,0.0067941729317095014,1.6824808120727539,Hybrid-QLIKE,test
2024-10-18,2024-10-21,0.19680373124396347,1.68149733543396,Hybrid-QLIKE,test
2024-10-21,2024-10-22,0.6006392197446851,1.6942938566207886,Hybrid-QLIKE,test
2024-10-22,2024-10-23,0.00632070092950362,1.7236735820770264,Hybrid-QLIKE,test
2024-10-23,2024-10-24,1.1387581243922997,1.7420449256896973,Hybrid-QLIKE,test
2024-10-24,2024-10-25,0.13964142082834974,1.7771676778793335,Hybrid-QLIKE,test
2024-10-25,2024-10-28,0.0267355724555891,1.7872549295425415,Hybrid-QLIKE,test
2024-10-28,2024-10-29,0.310375295938392,1.7860094308853149,Hybrid-QLIKE,test
2024-10-29,2024-10-30,0.0624797327224918,1.6975265741348267,Hybrid-QLIKE,test
2024-10-30,2024-10-31,0.2150309186038439,1.6868956089019775,Hybrid-QLIKE,test
2024-10-31,2024-11-01,0.5795854757810541,1.6685342788696289,Hybrid-QLIKE,test
2024-11-01,2024-11-04,0.6634669865085588,1.6766574382781982,Hybrid-QLIKE,test
2024-11-04,2024-11-05,0.007110104956957307,1.7412729263305664,Hybrid-QLIKE,test
2024-11-05,2024-11-06,1.532964136157592,1.7875752449035645,Hybrid-QLIKE,test
2024-11-06,2024-11-07,0.014732855593671917,1.6818290948867798,Hybrid-QLIKE,test
2024-11-07,2024-11-08,0.3276224769794669,1.6901189088821411,Hybrid-QLIKE,test
2024-11-08,2024-11-11,0.03203879723985178,1.6958459615707397,Hybrid-QLIKE,test
2024-11-11,2024-11-12,0.1943555469915317,1.7174599170684814,Hybrid-QLIKE,test
2024-11-12,2024-11-13,0.009595797735844718,1.7604416608810425,Hybrid-QLIKE,test
2024-11-13,2024-11-14,1.304380342114139,1.7324968576431274,Hybrid-QLIKE,test
2024-11-14,2024-11-15,1.1819027969632745,1.7934839725494385,Hybrid-QLIKE,test
2024-11-15,2024-11-18,0.01417594671934797,1.8421688079833984,Hybrid-QLIKE,test
2024-11-18,2024-11-19,0.9768103702203695,1.8508046865463257,Hybrid-QLIKE,test
2024-11-19,2024-11-20,0.8848644501514296,1.9228829145431519,Hybrid-QLIKE,test
2024-11-20,2024-11-21,0.9302138287758971,1.8383772373199463,Hybrid-QLIKE,test
2024-11-21,2024-11-22,0.0003506766753295049,1.8074626922607422,Hybrid-QLIKE,test
2024-11-22,2024-11-25,0.2872709111767263,1.794247031211853,Hybrid-QLIKE,test
2024-11-25,2024-11-26,0.35995468096567884,1.7361907958984375,Hybrid-QLIKE,test
2024-11-26,2024-11-27,0.00016594409699472509,1.7119464874267578,Hybrid-QLIKE,test
2024-11-27,2024-11-28,0.0001270529950301103,1.7063584327697754,Hybrid-QLIKE,test
2024-11-28,2024-11-29,0.44889158505958393,1.6884734630584717,Hybrid-QLIKE,test
2024-11-29,2024-12-02,0.0035951954303536384,1.6332614421844482,Hybrid-QLIKE,test
2024-12-02,2024-12-03,0.01217802824681584,1.6517015695571899,Hybrid-QLIKE,test
2024-12-03,2024-12-04,0.5723787875208138,1.6340761184692383,Hybrid-QLIKE,test
2024-12-04,2024-12-05,4.677770763753511,1.6749119758605957,Hybrid-QLIKE,test
2024-12-05,2024-12-06,0.04231272751184285,1.7422386407852173,Hybrid-QLIKE,test
2024-12-06,2024-12-09,0.08461291681662769,1.7535288333892822,Hybrid-QLIKE,test
2024-12-09,2024-12-10,0.019333949066393078,1.7699555158615112,Hybrid-QLIKE,test
2024-12-10,2024-12-11,0.0638388590450149,1.7660636901855469,Hybrid-QLIKE,test
2024-12-11,2024-12-12,0.014178933555837624,1.7822445631027222,Hybrid-QLIKE,test
2024-12-12,2024-12-13,0.14279179119289317,1.767338752746582,Hybrid-QLIKE,test
2024-12-13,2024-12-16,0.009328015244634207,1.7756448984146118,Hybrid-QLIKE,test
2024-12-16,2024-12-17,0.026872167121993557,1.7443386316299438,Hybrid-QLIKE,test
2024-12-17,2024-12-18,0.11468072504561021,1.7113022804260254,Hybrid-QLIKE,test
2024-12-18,2024-12-19,0.8081531599464532,1.6629465818405151,Hybrid-QLIKE,test
2024-12-19,2024-12-20,0.05076158564805913,1.6862422227859497,Hybrid-QLIKE,test
2024-12-20,2024-12-23,0.1742376670775678,1.7127653360366821,Hybrid-QLIKE,test
2024-12-23,2024-12-24,0.03619152842757279,1.6874157190322876,Hybrid-QLIKE,test
2024-12-24,2024-12-25,1.1654410256024175,1.6460952758789062,Hybrid-QLIKE,test
2024-12-25,2024-12-26,0.008441207550287324,1.6435619592666626,Hybrid-QLIKE,test
2024-12-26,2024-12-27,0.03174751077659022,1.6772857904434204,Hybrid-QLIKE,test
2024-12-27,2024-12-30,0.06001463396776726,1.6544169187545776,Hybrid-QLIKE,test
2024-12-30,2024-12-31,0.1703989127600233,1.6827929019927979,Hybrid-QLIKE,test
2024-12-31,2025-01-02,0.05337394569594298,1.6980440616607666,Hybrid-QLIKE,test
2025-01-02,2025-01-03,1.4351325900221041,1.6767289638519287,Hybrid-QLIKE,test
2025-01-03,2025-01-06,0.4342211890889308,1.7125654220581055,Hybrid-QLIKE,test
2025-01-06,2025-01-07,0.03793905046930702,1.7525451183319092,Hybrid-QLIKE,test
2025-01-07,2025-01-08,0.03211779583156404,1.7399872541427612,Hybrid-QLIKE,test
2025-01-08,2025-01-09,0.17685439045477697,1.7424695491790771,Hybrid-QLIKE,test
2025-01-09,2025-01-10,1.525095444996381,1.7285349369049072,Hybrid-QLIKE,test
2025-01-10,2025-01-13,0.175796578127988,1.7408837080001831,Hybrid-QLIKE,test
2025-01-13,2025-01-14,0.2850878204367433,1.7305067777633667,Hybrid-QLIKE,test
2025-01-14,2025-01-15,0.3327205813226502,1.7511200904846191,Hybrid-QLIKE,test
2025-01-15,2025-01-16,0.24868344625276598,1.6707000732421875,Hybrid-QLIKE,test
2025-01-16,2025-01-17,0.29360154581919706,1.6074982881546021,Hybrid-QLIKE,test
2025-01-17,2025-01-20,0.0012403693451998972,1.5837045907974243,Hybrid-QLIKE,test
2025-01-20,2025-01-21,0.07688628368664785,1.5551741123199463,Hybrid-QLIKE,test
2025-01-21,2025-01-22,0.08185465938819957,1.5452096462249756,Hybrid-QLIKE,test
2025-01-22,2025-01-23,1.8682525367895249,1.5536236763000488,Hybrid-QLIKE,test
2025-01-23,2025-01-24,0.18435173083650744,1.5629633665084839,Hybrid-QLIKE,test
2025-01-24,2025-02-04,0.0008556873339296942,1.5891315937042236,Hybrid-QLIKE,test
2025-02-04,2025-02-05,0.15137086954105322,1.6102497577667236,Hybrid-QLIKE,test
2025-02-05,2025-02-06,0.021662235202863405,1.6243826150894165,Hybrid-QLIKE,test
2025-02-06,2025-02-07,0.08534886175664384,1.6416479349136353,Hybrid-QLIKE,test
2025-02-07,2025-02-10,0.8849819273953393,1.6369127035140991,Hybrid-QLIKE,test
2025-02-10,2025-02-11,0.16810011467895308,1.6945376396179199,Hybrid-QLIKE,test
2025-02-11,2025-02-12,0.014757822118513819,1.7075878381729126,Hybrid-QLIKE,test
2025-02-12,2025-02-13,0.07352710436469437,1.7172114849090576,Hybrid-QLIKE,test
2025-02-13,2025-02-14,0.20253832637605812,1.6837522983551025,Hybrid-QLIKE,test
2025-02-14,2025-02-17,0.06951324015612594,1.6549975872039795,Hybrid-QLIKE,test
2025-02-17,2025-02-18,0.18058705855682514,1.6896893978118896,Hybrid-QLIKE,test
2025-02-18,2025-02-19,0.6592497592052439,1.6897128820419312,Hybrid-QLIKE,test
2025-02-19,2025-02-20,0.11725939832985313,1.6848759651184082,Hybrid-QLIKE,test
2025-02-20,2025-02-21,0.08476846710729227,1.6923580169677734,Hybrid-QLIKE,test
2025-02-21,2025-02-24,0.36056241006635936,1.6881146430969238,Hybrid-QLIKE,test
2025-02-24,2025-02-25,0.011529068788923924,1.6947903633117676,Hybrid-QLIKE,test
2025-02-25,2025-02-26,0.00023557606659466772,1.7331506013870239,Hybrid-QLIKE,test
2025-02-26,2025-02-27,0.13747312636871187,1.7232956886291504,Hybrid-QLIKE,test
2025-02-27,2025-02-28,0.03487449222007939,1.7369503974914551,Hybrid-QLIKE,test
2025-02-28,2025-03-03,0.0940796554023008,1.7345389127731323,Hybrid-QLIKE,test
2025-03-03,2025-03-04,0.037557862582046214,1.7345806360244751,Hybrid-QLIKE,test
2025-03-04,2025-03-05,0.3028627512498273,1.7610185146331787,Hybrid-QLIKE,test
2025-03-05,2025-03-06,1.0612188848677557,1.7592508792877197,Hybrid-QLIKE,test
2025-03-06,2025-03-07,0.350731246280503,1.7983560562133789,Hybrid-QLIKE,test
2025-03-07,2025-03-10,0.10143256454957898,1.7822510004043579,Hybrid-QLIKE,test
2025-03-10,2025-03-11,0.028813330299862938,1.7733529806137085,Hybrid-QLIKE,test
2025-03-11,2025-03-12,0.01966588972357912,1.7714722156524658,Hybrid-QLIKE,test
2025-03-12,2025-03-13,0.3743917074856848,1.7711920738220215,Hybrid-QLIKE,test
2025-03-13,2025-03-14,8.187247062994656e-05,1.8315320014953613,Hybrid-QLIKE,test
2025-03-14,2025-03-17,0.5767885171931181,1.8256382942199707,Hybrid-QLIKE,test
2025-03-17,2025-03-18,0.15734449022604405,1.7879061698913574,Hybrid-QLIKE,test
2025-03-18,2025-03-19,0.2279894954046255,1.7861915826797485,Hybrid-QLIKE,test
2025-03-19,2025-03-20,0.002794064709266112,1.7914743423461914,Hybrid-QLIKE,test
2025-03-20,2025-03-21,0.024013229974574717,1.7937015295028687,Hybrid-QLIKE,test
2025-03-21,2025-03-24,0.4050748456224285,1.7725871801376343,Hybrid-QLIKE,test
2025-03-24,2025-03-25,0.014447930784992206,1.752169132232666,Hybrid-QLIKE,test
2025-03-25,2025-03-26,0.1924355354900559,1.7541099786758423,Hybrid-QLIKE,test
2025-03-26,2025-03-27,0.029612217415906802,1.7438989877700806,Hybrid-QLIKE,test
2025-03-27,2025-03-28,0.23119770471127363,1.7323538064956665,Hybrid-QLIKE,test
2025-03-28,2025-03-31,0.652593682196234,1.7347235679626465,Hybrid-QLIKE,test
2025-03-31,2025-04-01,0.6367477385533009,1.7689311504364014,Hybrid-QLIKE,test
2025-04-01,2025-04-02,0.0014400780515298603,1.7266039848327637,Hybrid-QLIKE,test
2025-04-02,2025-04-03,47.7513682523715,1.7365334033966064,Hybrid-QLIKE,test
2025-04-03,2025-04-04,2.4680894659320427,2.7502942085266113,Hybrid-QLIKE,test
2025-04-04,2025-04-08,44.20961209050503,2.2032082080841064,Hybrid-QLIKE,test
2025-04-08,2025-04-09,11.94996872052983,3.4955692291259766,Hybrid-QLIKE,test
2025-04-09,2025-04-10,42.861963107094255,2.7358438968658447,Hybrid-QLIKE,test
2025-04-10,2025-04-11,20.5039468602513,3.4133033752441406,Hybrid-QLIKE,test
2025-04-11,2025-04-14,2.373686902735611,2.5871117115020752,Hybrid-QLIKE,test
2025-04-14,2025-04-15,1.2223935576615619,2.4003229141235352,Hybrid-QLIKE,test
2025-04-15,2025-04-16,2.0585197770339483,2.2355740070343018,Hybrid-QLIKE,test
2025-04-16,2025-04-17,0.32786541402804287,2.2124137878417969,Hybrid-QLIKE,test
2025-04-17,2025-04-18,0.023564427257296513,2.0776472091674805,Hybrid-QLIKE,test
2025-04-18,2025-04-21,0.9867147275211473,1.9536237716674805,Hybrid-QLIKE,test
2025-04-21,2025-04-22,0.6837487157170882,1.9730342626571655,Hybrid-QLIKE,test
2025-04-22,2025-04-23,1.3269747595182129,1.9569743871688843,Hybrid-QLIKE,test
2025-04-23,2025-04-24,1.029521260921247,2.0169363021850586,Hybrid-QLIKE,test
2025-04-24,2025-04-25,0.22991639583380186,1.9620651006698608,Hybrid-QLIKE,test
2025-04-25,2025-04-28,0.039156646221949226,1.8987206220626831,Hybrid-QLIKE,test
2025-04-28,2025-04-29,0.0016617646152264339,1.8896273374557495,Hybrid-QLIKE,test
2025-04-29,2025-05-05,1.2432686189181044,1.8512139320373535,Hybrid-QLIKE,test
2025-05-05,2025-05-06,0.023440334698804195,1.7836005687713623,Hybrid-QLIKE,test
2025-05-06,2025-05-07,0.4565410925067849,1.7786833047866821,Hybrid-QLIKE,test
2025-05-07,2025-05-08,2.377733233918144,1.7718302011489868,Hybrid-QLIKE,test
2025-05-08,2025-05-09,0.03883873883918332,1.7443298101425171,Hybrid-QLIKE,test
2025-05-09,2025-05-12,1.5662677776101377,1.8033692836761475,Hybrid-QLIKE,test
2025-05-12,2025-05-13,0.6231348828577624,1.8048512935638428,Hybrid-QLIKE,test
2025-05-13,2025-05-14,1.5683566422405055,1.852089524269104,Hybrid-QLIKE,test
2025-05-14,2025-05-15,0.0700077382080358,1.8626115322113037,Hybrid-QLIKE,test
2025-05-15,2025-05-16,0.816128421348678,1.9334458112716675,Hybrid-QLIKE,test
2025-05-16,2025-05-19,0.15418075151169883,1.9444046020507812,Hybrid-QLIKE,test
2025-05-19,2025-05-20,2.0864038037366446,1.9721843004226685,Hybrid-QLIKE,test
2025-05-20,2025-05-21,0.35867519085725746,1.9108487367630005,Hybrid-QLIKE,test
2025-05-21,2025-05-22,0.48797633103523347,1.9414949417114258,Hybrid-QLIKE,test
2025-05-22,2025-05-23,0.0022258378145528198,1.9844589233398438,Hybrid-QLIKE,test
2025-05-23,2025-05-26,1.8600723156803831,1.9032152891159058,Hybrid-QLIKE,test
2025-05-26,2025-05-27,0.2984907987188625,1.9010475873947144,Hybrid-QLIKE,test
2025-05-27,2025-05-28,0.023603733189561604,1.9307043552398682,Hybrid-QLIKE,test
2025-05-28,2025-05-29,5.553699144539498e-07,1.9123040437698364,Hybrid-QLIKE,test
2025-05-29,2025-05-30,0.4795271728756022,1.9162636995315552,Hybrid-QLIKE,test
2025-05-30,2025-06-02,0.07687752489094572,1.9390479326248169,Hybrid-QLIKE,test
2025-06-02,2025-06-03,0.6659991384313828,1.9037225246429443,Hybrid-QLIKE,test
2025-06-03,2025-06-04,0.012576056953038447,1.8944593667984009,Hybrid-QLIKE,test
2025-06-04,2025-06-05,0.07376369445226962,1.8913134336471558,Hybrid-QLIKE,test
2025-06-05,2025-06-06,0.8339101934074882,1.8290165662765503,Hybrid-QLIKE,test
2025-06-06,2025-06-09,2.1415615006193414,1.8943390846252441,Hybrid-QLIKE,test
2025-06-09,2025-06-10,0.18571209219612492,1.9103726148605347,Hybrid-QLIKE,test
2025-06-10,2025-06-11,0.00612845274711244,1.8894215822219849,Hybrid-QLIKE,test
2025-06-11,2025-06-12,0.348758893746006,1.8512306213378906,Hybrid-QLIKE,test
2025-06-12,2025-06-13,0.32320438512339783,1.8586647510528564,Hybrid-QLIKE,test
2025-06-13,2025-06-16,2.9066672293566196,1.9543980360031128,Hybrid-QLIKE,test
2025-06-16,2025-06-17,0.5089174637565245,1.8021746873855591,Hybrid-QLIKE,test
2025-06-17,2025-06-18,0.004074685561012597,1.8089240789413452,Hybrid-QLIKE,test
2025-06-18,2025-06-19,0.1490639362511987,1.8483999967575073,Hybrid-QLIKE,test
2025-06-19,2025-06-20,0.03966342949294354,1.8155257701873779,Hybrid-QLIKE,test
2025-06-20,2025-06-23,0.4254396112184308,1.8713815212249756,Hybrid-QLIKE,test
2025-06-23,2025-06-24,0.3974954121903902,1.8366914987564087,Hybrid-QLIKE,test
2025-06-24,2025-06-25,2.1412899126535935e-06,1.8424350023269653,Hybrid-QLIKE,test
2025-06-25,2025-06-26,0.006249030387379785,1.8334801197052002,Hybrid-QLIKE,test
2025-06-26,2025-06-27,0.17775769151836365,1.8003244400024414,Hybrid-QLIKE,test
2025-06-27,2025-06-30,0.1135910808511721,1.7666290998458862,Hybrid-QLIKE,test
2025-06-30,2025-07-01,0.016523694524924457,1.741301417350769,Hybrid-QLIKE,test
2025-07-01,2025-07-02,0.23882880305298018,1.7294770479202271,Hybrid-QLIKE,test
2025-07-02,2025-07-03,0.036148868061022285,1.7362724542617798,Hybrid-QLIKE,test
2025-07-03,2025-07-04,0.13095209101546393,1.8795280456542969,Hybrid-QLIKE,test
2025-07-04,2025-07-07,1.1709559965363006,1.7904485464096069,Hybrid-QLIKE,test
2025-07-07,2025-07-08,0.9047781873321179,1.8808667659759521,Hybrid-QLIKE,test
2025-07-08,2025-07-09,1.241559484315582,1.8799828290939331,Hybrid-QLIKE,test
2025-07-09,2025-07-10,0.9910271514632225,1.9708694219589233,Hybrid-QLIKE,test
2025-07-10,2025-07-11,0.6970381226212395,1.8906912803649902,Hybrid-QLIKE,test
2025-07-11,2025-07-14,0.7477170344432008,1.9408971071243286,Hybrid-QLIKE,test
2025-07-14,2025-07-15,0.44442650809162226,1.9499541521072388,Hybrid-QLIKE,test
2025-07-15,2025-07-16,0.19958240562630086,2.0291781425476074,Hybrid-QLIKE,test
2025-07-16,2025-07-17,2.3820294026445814,1.9952362775802612,Hybrid-QLIKE,test
2025-07-17,2025-07-18,0.23690583507647683,2.0374948978424072,Hybrid-QLIKE,test
2025-07-18,2025-07-21,0.6726766922283197,2.0488216876983643,Hybrid-QLIKE,test
2025-07-21,2025-07-22,2.6753597330452594,2.0597338676452637,Hybrid-QLIKE,test
2025-07-22,2025-07-23,0.03361042213473703,2.009152889251709,Hybrid-QLIKE,test
2025-07-23,2025-07-24,0.32980661934294153,2.0701041221618652,Hybrid-QLIKE,test
2025-07-24,2025-07-25,0.43888802593469134,2.0538911819458008,Hybrid-QLIKE,test
2025-07-25,2025-07-28,2.898363616722053,2.0537257194519043,Hybrid-QLIKE,test
2025-07-28,2025-07-29,17.613558540836202,2.112116813659668,Hybrid-QLIKE,test
2025-07-29,2025-07-30,0.8980946651524866,2.2534909248352051,Hybrid-QLIKE,test
2025-07-30,2025-07-31,0.11527266949158961,2.1288397312164307,Hybrid-QLIKE,test
2025-07-31,2025-08-01,0.11527266949158331,2.1363203525543213,Hybrid-QLIKE,test
2025-08-01,2025-08-04,1.834710119502004,2.0798285007476807,Hybrid-QLIKE,test
2025-08-04,2025-08-05,1.520412348936557,1.9706071615219116,Hybrid-QLIKE,test
2025-08-05,2025-08-06,2.8972670658789563,2.1623184680938721,Hybrid-QLIKE,test
2025-08-06,2025-08-07,0.2635664108766646,1.9979172945022583,Hybrid-QLIKE,test
2025-08-07,2025-08-08,0.03932685988371603,2.0421910285949707,Hybrid-QLIKE,test
2025-08-08,2025-08-11,0.9422556417684453,2.1022152900695801,Hybrid-QLIKE,test
2025-08-11,2025-08-12,0.23698698453850098,2.0782837867736816,Hybrid-QLIKE,test
2025-08-12,2025-08-13,0.0440788772156527,2.0687148571014404,Hybrid-QLIKE,test
2025-08-13,2025-08-14,3.200310161092739,2.1114895343780518,Hybrid-QLIKE,test
2025-08-14,2025-08-15,0.4273067256056122,2.0846395492553711,Hybrid-QLIKE,test
2025-08-15,2025-08-18,0.15212801580507965,2.0912292003631592,Hybrid-QLIKE,test
2025-08-18,2025-08-19,1.174434797614126,2.0493736267089844,Hybrid-QLIKE,test
2025-08-19,2025-08-20,0.3749305014941085,2.0674893856048584,Hybrid-QLIKE,test
2025-08-20,2025-08-21,1.989152286945736,2.0883722305297852,Hybrid-QLIKE,test
2025-08-21,2025-08-22,6.511855987425645,2.00970458984375,Hybrid-QLIKE,test
2025-08-22,2025-08-25,3.721774310323592,2.0835778713226318,Hybrid-QLIKE,test
2025-08-25,2025-08-26,10.672831463331164,2.071890115737915,Hybrid-QLIKE,test
2025-08-26,2025-08-27,0.1033600134238672,1.9957023859024048,Hybrid-QLIKE,test
2025-08-27,2025-08-28,0.21969330068136345,1.9651011228561401,Hybrid-QLIKE,test
2025-08-28,2025-08-29,0.006445487360116486,1.9132457971572876,Hybrid-QLIKE,test
2025-08-29,2025-09-03,0.0029279074904991526,1.9571433067321777,Hybrid-QLIKE,test
2025-09-03,2025-09-04,0.7878709714332047,1.9750393629074097,Hybrid-QLIKE,test
2025-09-04,2025-09-05,3.0401082196490887,2.0069458484649658,Hybrid-QLIKE,test
2025-09-05,2025-09-08,6.650758234823594,2.0627894401550293,Hybrid-QLIKE,test
2025-09-08,2025-09-09,0.6150034620566089,2.1157124042510986,Hybrid-QLIKE,test
2025-09-09,2025-09-10,0.13113921048917437,2.0094585418701172,Hybrid-QLIKE,test
2025-09-10,2025-09-11,0.7707413531131861,1.9454019069671631,Hybrid-QLIKE,test
2025-09-11,2025-09-12,0.3272182232185671,1.9659935235977173,Hybrid-QLIKE,test
2025-09-12,2025-09-15,1.1076835127457196,1.9278404712677002,Hybrid-QLIKE,test
2025-09-15,2025-09-16,0.056494187984465226,1.9427891969680786,Hybrid-QLIKE,test
2025-09-16,2025-09-17,0.35106432303453844,1.9851690530776978,Hybrid-QLIKE,test
2025-09-17,2025-09-18,0.12048329954140967,1.9574366807937622,Hybrid-QLIKE,test
2025-09-18,2025-09-19,0.15581132863294378,1.9342565536499023,Hybrid-QLIKE,test
2025-09-19,2025-09-22,2.1548992233102013,1.9199612140655518,Hybrid-QLIKE,test
2025-09-22,2025-09-23,0.0024547743448737683,1.9914653301239014,Hybrid-QLIKE,test
2025-09-23,2025-09-24,1.8183165781347828,1.8860665559768677,Hybrid-QLIKE,test
2025-09-24,2025-09-25,0.2696988542084727,1.876929759979248,Hybrid-QLIKE,test
2025-09-25,2025-09-26,0.10499956672440433,1.872220516204834,Hybrid-QLIKE,test
2025-09-26,2025-09-29,0.1207157531709924,1.8828574419021606,Hybrid-QLIKE,test
2025-09-29,2025-09-30,0.08250927458258991,1.8514207601547241,Hybrid-QLIKE,test
2025-09-30,2025-10-01,0.04056108538549589,1.9122718572616577,Hybrid-QLIKE,test
2025-10-01,2025-10-02,0.5533556929381476,1.8372807502746582,Hybrid-QLIKE,test
2025-10-02,2025-10-03,0.1745254722126338,1.8514797687530518,Hybrid-QLIKE,test
2025-10-03,2025-10-06,8.84404690494525,1.8700371980667114,Hybrid-QLIKE,test
2025-10-06,2025-10-07,0.36410279342986823,1.9206758737564087,Hybrid-QLIKE,test
2025-10-07,2025-10-08,0.5486921315455813,1.9160573482513428,Hybrid-QLIKE,test
2025-10-08,2025-10-09,1.1922218605244943,1.9127483367919922,Hybrid-QLIKE,test
2025-10-09,2025-10-10,3.220212549761636,1.9226276874542236,Hybrid-QLIKE,test
2025-10-10,2025-10-13,1.0007740943267542,1.9247835874557495,Hybrid-QLIKE,test
2025-10-13,2025-10-14,0.05302778498037748,1.9429557323455811,Hybrid-QLIKE,test
2025-10-14,2025-10-15,0.031242083843800377,1.965569019317627,Hybrid-QLIKE,test
2025-10-15,2025-10-16,0.2550192069697773,1.9470412731170654,Hybrid-QLIKE,test
2025-10-16,2025-10-17,4.1572219972548075,1.9474557638168335,Hybrid-QLIKE,test
2025-10-17,2025-10-20,31.687885302040943,2.0434675216674805,Hybrid-QLIKE,test
2025-10-20,2025-10-21,2.6780326889178614,2.5270426273345947,Hybrid-QLIKE,test
2025-10-21,2025-10-22,0.8133878588699036,2.1971266269683838,Hybrid-QLIKE,test
2025-10-22,2025-10-23,0.2587585559528909,2.073760986328125,Hybrid-QLIKE,test
2025-10-23,2025-10-24,0.05301541541153304,1.9755359888076782,Hybrid-QLIKE,test
2025-10-24,2025-10-27,3.375069844215606,1.8849101066589355,Hybrid-QLIKE,test
2025-10-27,2025-10-28,2.814969211801454,2.0235793590545654,Hybrid-QLIKE,test
2025-10-28,2025-10-29,0.10027709875162372,2.0003111362457275,Hybrid-QLIKE,test
2025-10-29,2025-10-30,0.939332335111435,1.9637012481689453,Hybrid-QLIKE,test
2025-10-30,2025-10-31,3.2700587697209347,1.9636118412017822,Hybrid-QLIKE,test
2025-10-31,2025-11-03,1.9349432702427483,2.0585155487060547,Hybrid-QLIKE,test
2025-11-03,2025-11-04,4.580450857721864,2.1022708415985107,Hybrid-QLIKE,test
2025-11-04,2025-11-05,0.030975045219478706,2.0498435497283936,Hybrid-QLIKE,test
2025-11-05,2025-11-06,0.5520248822173379,1.9599250555038452,Hybrid-QLIKE,test
2025-11-06,2025-11-07,7.216601336017348,1.9171820878982544,Hybrid-QLIKE,test
2025-11-07,2025-11-10,1.3629185312754708,2.2325601577758789,Hybrid-QLIKE,test
2025-11-10,2025-11-11,0.6782053056730832,2.2279162406921387,Hybrid-QLIKE,test
2025-11-11,2025-11-12,5.625713037940661,2.1315827369689941,Hybrid-QLIKE,test
2025-11-12,2025-11-13,0.0006625895391050704,2.0716559886932373,Hybrid-QLIKE,test
2025-11-13,2025-11-14,0.06056766820805045,1.9102095365524292,Hybrid-QLIKE,test
2025-11-14,2025-11-17,1.328575255573558,1.8643105030059814,Hybrid-QLIKE,test
2025-11-17,2025-11-18,0.11015191482240032,1.8705536127090454,Hybrid-QLIKE,test
2025-11-18,2025-11-19,0.4356481626659925,1.9005653858184814,Hybrid-QLIKE,test
2025-11-19,2025-11-20,0.17892677672148063,1.9352766275405884,Hybrid-QLIKE,test
2025-11-20,2025-11-21,0.004099910507022388,1.9147472381591797,Hybrid-QLIKE,test
2025-11-21,2025-11-24,0.6169476621587812,1.9177045822143555,Hybrid-QLIKE,test
2025-11-24,2025-11-25,0.20966024203487155,1.8521355390548706,Hybrid-QLIKE,test
2025-11-25,2025-11-26,1.433673327817772,1.8741251230239868,Hybrid-QLIKE,test
2025-11-26,2025-11-27,0.055406820733550834,1.8381516933441162,Hybrid-QLIKE,test
2025-11-27,2025-11-28,0.15620159262401773,1.8109415769577026,Hybrid-QLIKE,test
2025-11-28,2025-12-01,0.39639182484541,1.7884368896484375,Hybrid-QLIKE,test
2025-12-01,2025-12-02,0.8106128656312585,1.7464399337768555,Hybrid-QLIKE,test
2025-12-02,2025-12-03,0.7276910420234725,1.7497432231903076,Hybrid-QLIKE,test
2025-12-03,2025-12-04,0.09945445923289968,1.7682187557220459,Hybrid-QLIKE,test
2025-12-04,2025-12-05,0.05502774529701354,1.7985129356384277,Hybrid-QLIKE,test
2025-12-05,2025-12-08,0.5051234930048776,1.7865835428237915,Hybrid-QLIKE,test
2025-12-08,2025-12-09,0.14087367933649056,1.7610887289047241,Hybrid-QLIKE,test
2025-12-09,2025-12-10,2.645907078453935,1.8491371870040894,Hybrid-QLIKE,test
2025-12-10,2025-12-11,1.3806505812729413,1.9273451566696167,Hybrid-QLIKE,test
2025-12-11,2025-12-12,9.667324836347865,1.9757827520370483,Hybrid-QLIKE,test
2025-12-12,2025-12-15,0.0028567239256699637,2.3792464733123779,Hybrid-QLIKE,test
2025-12-15,2025-12-16,3.980584197891362,2.2180812358856201,Hybrid-QLIKE,test
2025-12-16,2025-12-17,0.10842096625481594,2.1122665405273438,Hybrid-QLIKE,test
2025-12-17,2025-12-18,0.039271808864122425,2.0419671535491943,Hybrid-QLIKE,test
2025-12-18,2025-12-19,2.613324440401082,1.9379613399505615,Hybrid-QLIKE,test
2025-12-19,2025-12-22,7.313697947150696,1.8999996185302734,Hybrid-QLIKE,test
2025-12-22,2025-12-23,1.4374361396783522,1.924836277961731,Hybrid-QLIKE,test
2025-12-23,2025-12-24,0.36034587773515003,1.879148006439209,Hybrid-QLIKE,test
2025-12-24,2025-12-25,5.141409326470893,1.8603081703186035,Hybrid-QLIKE,test
2025-12-25,2025-12-26,0.5648889447832609,2.0403141975402832,Hybrid-QLIKE,test
2025-12-26,2025-12-29,2.0655121585777008,2.0540380477905273,Hybrid-QLIKE,test
2025-12-29,2025-12-30,0.46907622566672014,2.0158717632293701,Hybrid-QLIKE,test
2025-12-30,2025-12-31,0.9813005407165244,1.9496104717254639,Hybrid-QLIKE,test
