date,target_date,actual_var,pred_var,model,split
2020-01-02,2020-01-03,0.025090783025604899,0.21005267706589237,EWMA(lambda=0.90),validation
2020-01-03,2020-01-06,0.94769151952017916,0.19155648766186364,EWMA(lambda=0.90),validation
2020-01-06,2020-01-07,0.104181316002117,0.26716999084769516,EWMA(lambda=0.90),validation
2020-01-07,2020-01-08,1.0770730792986123,0.25087112336313733,EWMA(lambda=0.90),validation
2020-01-08,2020-01-09,1.3693209243773992,0.33349131895668482,EWMA(lambda=0.90),validation
2020-01-09,2020-01-10,0.7569453657796249,0.43707427949875621,EWMA(lambda=0.90),validation
2020-01-10,2020-01-13,0.077929967870073502,0.46906138812684312,EWMA(lambda=0.90),validation
2020-01-13,2020-01-14,0.014407355238882501,0.42994824610116616,EWMA(lambda=0.90),validation
2020-01-14,2020-01-15,0.0033517503388054001,0.38839415701493779,EWMA(lambda=0.90),validation
2020-01-15,2020-01-16,0.48331550818873897,0.34988991634732453,EWMA(lambda=0.90),validation
2020-01-16,2020-01-17,0.22669554123548891,0.36323247553146598,EWMA(lambda=0.90),validation
2020-01-17,2020-01-20,0.0011366961882311,0.34957878210186827,EWMA(lambda=0.90),validation
2020-01-20,2020-01-21,0.62061361002093596,0.31473457351050455,EWMA(lambda=0.90),validation
2020-01-21,2020-01-22,0.26492293235801168,0.34532247716154768,EWMA(lambda=0.90),validation
2020-01-22,2020-01-30,10.681729656091257,0.33728252268119407,EWMA(lambda=0.90),validation
2020-01-30,2020-01-31,5.8651338279931906,1.3717272360222001,EWMA(lambda=0.90),validation
2020-01-31,2020-02-03,0.82720241512310921,1.8210678952192991,EWMA(lambda=0.90),validation
2020-02-03,2020-02-04,0.0104658835251161,1.7216813472096801,EWMA(lambda=0.90),validation
2020-02-04,2020-02-05,0.1175512507127237,1.5505598008412238,EWMA(lambda=0.90),validation
2020-02-05,2020-02-06,1.8356018915555292,1.407258945828374,EWMA(lambda=0.90),validation
2020-02-06,2020-02-07,0.055316836254011403,1.4500932404010896,EWMA(lambda=0.90),validation
2020-02-07,2020-02-10,1.1466565429772699,1.3106155999863818,EWMA(lambda=0.90),validation
2020-02-10,2020-02-11,0.1784472180385378,1.2942196942854705,EWMA(lambda=0.90),validation
2020-02-11,2020-02-12,0.1033759850072604,1.1826424466607772,EWMA(lambda=0.90),validation
2020-02-12,2020-02-13,0.0035645724311596,1.0747158004954256,EWMA(lambda=0.90),validation
2020-02-13,2020-02-14,0.0070956485925790002,0.96760067768899904,EWMA(lambda=0.90),validation
2020-02-14,2020-02-17,0.081962729378847493,0.87155017477935703,EWMA(lambda=0.90),validation
2020-02-17,2020-02-18,0.53937432522899942,0.79259143023930612,EWMA(lambda=0.90),validation
2020-02-18,2020-02-19,0.0079935084291447994,0.76726971973827551,EWMA(lambda=0.90),validation
2020-02-19,2020-02-20,1.0076483726414389,0.69134209860736251,EWMA(lambda=0.90),validation
2020-02-20,2020-02-21,0.29018400029427638,0.72297272601077012,EWMA(lambda=0.90),validation
2020-02-21,2020-02-24,10.499319840007198,0.67969385343912081,EWMA(lambda=0.90),validation
2020-02-24,2020-02-25,0.487607684946675,1.6616564520959283,EWMA(lambda=0.90),validation
2020-02-25,2020-02-26,2.3027959637577347,1.5442515753810031,EWMA(lambda=0.90),validation
2020-02-26,2020-02-27,0.075789856494043795,1.6201060142186761,EWMA(lambda=0.90),validation
2020-02-27,2020-02-28,3.3315279697661397,1.4656743984462128,EWMA(lambda=0.90),validation
2020-02-28,2020-03-02,0.064308770701660897,1.6522597555782055,EWMA(lambda=0.90),validation
2020-03-02,2020-03-03,0.48486871443444057,1.493464657090551,EWMA(lambda=0.90),validation
2020-03-03,2020-03-04,0.0194121329487549,1.39260506282494,EWMA(lambda=0.90),validation
2020-03-04,2020-03-05,0.19539212899833949,1.2552857698373217,EWMA(lambda=0.90),validation
2020-03-05,2020-03-06,0.0439125584620563,1.1492964057534234,EWMA(lambda=0.90),validation
2020-03-06,2020-03-09,42.016004640099233,1.0387580210242866,EWMA(lambda=0.90),validation
2020-03-09,2020-03-10,0.057738544793007697,5.1364826829317796,EWMA(lambda=0.90),validation
2020-03-10,2020-03-11,10.062685801317658,4.6286082691179029,EWMA(lambda=0.90),validation
2020-03-11,2020-03-12,28.391327345381612,5.1720160223378784,EWMA(lambda=0.90),validation
2020-03-12,2020-03-13,0.95222742658583159,7.4939471546422514,EWMA(lambda=0.90),validation
2020-03-13,2020-03-16,3.4010756349170417,6.8397751818366093,EWMA(lambda=0.90),validation
2020-03-16,2020-03-17,0.077570278650367405,6.495905227144652,EWMA(lambda=0.90),validation
2020-03-17,2020-03-18,0.063387057275895095,5.8540717322952238,EWMA(lambda=0.90),validation
2020-03-18,2020-03-19,8.6912714411214669,5.2750032647932912,EWMA(lambda=0.90),validation
2020-03-19,2020-03-20,5.0998063196234131,5.6166300824261093,EWMA(lambda=0.90),validation
2020-03-20,2020-03-23,39.324753398937766,5.5649477061458406,EWMA(lambda=0.90),validation
2020-03-23,2020-03-24,1.2394404253652411,8.9409282754250334,EWMA(lambda=0.90),validation
2020-03-24,2020-03-25,21.170767602446844,8.1707794904190543,EWMA(lambda=0.90),validation
2020-03-25,2020-03-26,0.32725923196294271,9.4707783016218343,EWMA(lambda=0.90),validation
2020-03-26,2020-03-27,0.070828110792822793,8.5564263946559453,EWMA(lambda=0.90),validation
2020-03-27,2020-03-30,24.778129899423551,7.7078665662696331,EWMA(lambda=0.90),validation
2020-03-30,2020-03-31,0.0016614736162583999,9.4148928995850252,EWMA(lambda=0.90),validation
2020-03-31,2020-04-01,6.9512041852999227,8.4735697569881481,EWMA(lambda=0.90),validation
2020-04-01,2020-04-03,9.7453148669755443,8.3213331998193247,EWMA(lambda=0.90),validation
2020-04-03,2020-04-06,23.61975403181723,8.4637313665349474,EWMA(lambda=0.90),validation
2020-04-06,2020-04-07,1.7959977540981795,9.9793336330631757,EWMA(lambda=0.90),validation
2020-04-07,2020-04-08,0.031670113685362003,9.1610000451666753,EWMA(lambda=0.90),validation
2020-04-08,2020-04-09,2.664349091269905,8.2480670520185431,EWMA(lambda=0.90),validation
2020-04-09,2020-04-10,0.099119359996961295,7.68969525594368,EWMA(lambda=0.90),validation
2020-04-10,2020-04-13,1.0616734405284087,6.9306376663490079,EWMA(lambda=0.90),validation
2020-04-13,2020-04-14,0.044657326796299003,6.3437412437669476,EWMA(lambda=0.90),validation
2020-04-14,2020-04-15,1.6134694756828007,5.7138328520698822,EWMA(lambda=0.90),validation
2020-04-15,2020-04-16,0.1995857905304535,5.3037965144311743,EWMA(lambda=0.90),validation
2020-04-16,2020-04-17,1.2849435357813008,4.7933754420411026,EWMA(lambda=0.90),validation
2020-04-17,2020-04-20,0.45939792499491311,4.4425322514151224,EWMA(lambda=0.90),validation
2020-04-20,2020-04-21,12.978873344019766,4.0442188187731016,EWMA(lambda=0.90),validation
2020-04-21,2020-04-22,0.073373711638198294,4.9376842712977682,EWMA(lambda=0.90),validation
2020-04-22,2020-04-23,0.41843495883645682,4.4512532153318105,EWMA(lambda=0.90),validation
2020-04-23,2020-04-24,0.1258182196300893,4.0479713896822753,EWMA(lambda=0.90),validation
2020-04-24,2020-04-27,0.57952576791393462,3.6557560726770566,EWMA(lambda=0.90),validation
2020-04-27,2020-04-28,0.21431874760001179,3.3481330422007445,EWMA(lambda=0.90),validation
2020-04-28,2020-04-29,0.061179266741857197,3.0347516127406711,EWMA(lambda=0.90),validation
2020-04-29,2020-05-04,0.75183444517342013,2.7373943781407895,EWMA(lambda=0.90),validation
2020-05-04,2020-05-05,0.049019194483779602,2.5388383848440528,EWMA(lambda=0.90),validation
2020-05-05,2020-05-06,5.6795185291388002,2.2898564658080258,EWMA(lambda=0.90),validation
2020-05-06,2020-05-07,3.1217292484848871,2.6288226721411032,EWMA(lambda=0.90),validation
2020-05-07,2020-05-08,4.5587663869177764,2.6781133297754818,EWMA(lambda=0.90),validation
2020-05-08,2020-05-11,3.1623544686065705,2.8661786354897112,EWMA(lambda=0.90),validation
2020-05-11,2020-05-12,0.70614766172660615,2.8957962188013973,EWMA(lambda=0.90),validation
2020-05-12,2020-05-13,0.017681439614764601,2.6768313630939184,EWMA(lambda=0.90),validation
2020-05-13,2020-05-14,0.0471790852184788,2.4109163707460031,EWMA(lambda=0.90),validation
2020-05-14,2020-05-15,0.41888395005680418,2.1745426421932508,EWMA(lambda=0.90),validation
2020-05-15,2020-05-18,1.4388117144550177,1.998976772979606,EWMA(lambda=0.90),validation
2020-05-18,2020-05-19,1.1212214832868546,1.9429602671271471,EWMA(lambda=0.90),validation
2020-05-19,2020-05-20,0.67720382306305182,1.8607863887431177,EWMA(lambda=0.90),validation
2020-05-20,2020-05-21,1.3105093570623978,1.7424281321751112,EWMA(lambda=0.90),validation
2020-05-21,2020-05-22,1.3565460202551032,1.6992362546638398,EWMA(lambda=0.90),validation
2020-05-22,2020-05-25,0.54181261967738503,1.6649672312229662,EWMA(lambda=0.90),validation
2020-05-25,2020-05-26,1.3635757531139376,1.5526517700684079,EWMA(lambda=0.90),validation
2020-05-26,2020-05-27,1.8211114283606344,1.5337441683729609,EWMA(lambda=0.90),validation
2020-05-27,2020-05-28,0.2069802660068541,1.5624808943717281,EWMA(lambda=0.90),validation
2020-05-28,2020-05-29,0.12739465877064871,1.4269308315352407,EWMA(lambda=0.90),validation
2020-05-29,2020-06-01,2.6545527294324818,1.2969772142587814,EWMA(lambda=0.90),validation
2020-06-01,2020-06-02,0.1948438272852952,1.4327347657761513,EWMA(lambda=0.90),validation
2020-06-02,2020-06-03,0.52639103277809196,1.3089456719270658,EWMA(lambda=0.90),validation
2020-06-03,2020-06-04,0.095689020926139706,1.2306902080121684,EWMA(lambda=0.90),validation
2020-06-04,2020-06-05,0.068711754863941002,1.1171900893035656,EWMA(lambda=0.90),validation
2020-06-05,2020-06-08,2.3533534927844846,1.0123422558596031,EWMA(lambda=0.90),validation
2020-06-08,2020-06-09,0.0029663396470081,1.1464433795520912,EWMA(lambda=0.90),validation
2020-06-09,2020-06-10,0.0192877721914381,1.0320956755615829,EWMA(lambda=0.90),validation
2020-06-10,2020-06-11,14.20113167350128,0.93081488522456846,EWMA(lambda=0.90),validation
2020-06-11,2020-06-12,0.19789915739025679,2.2578465640522394,EWMA(lambda=0.90),validation
2020-06-12,2020-06-15,13.410151498832947,2.0518518233860412,EWMA(lambda=0.90),validation
2020-06-15,2020-06-16,7.8540334905579607,3.1876817909307316,EWMA(lambda=0.90),validation
2020-06-16,2020-06-17,0.0390437911460607,3.6543169608934543,EWMA(lambda=0.90),validation
2020-06-17,2020-06-18,0.0094269529730988001,3.2927896439187152,EWMA(lambda=0.90),validation
2020-06-18,2020-06-19,2.3775972708277777,2.9644533748241533,EWMA(lambda=0.90),validation
2020-06-19,2020-06-22,0.097764207559544403,2.9057677644245157,EWMA(lambda=0.90),validation
2020-06-22,2020-06-23,0.1254074833473004,2.6249674087380188,EWMA(lambda=0.90),validation
2020-06-23,2020-06-24,0.9656953175585764,2.3750114161989471,EWMA(lambda=0.90),validation
2020-06-24,2020-06-25,0.35680328619929141,2.2340798063349103,EWMA(lambda=0.90),validation
2020-06-25,2020-06-26,0.0935607015251472,2.0463521543213488,EWMA(lambda=0.90),validation
2020-06-26,2020-06-29,7.2407993106823492,1.8510730090417287,EWMA(lambda=0.90),validation
2020-06-29,2020-06-30,0.26395018375735901,2.3900456392057907,EWMA(lambda=0.90),validation
2020-06-30,2020-07-01,4.853797558668691,2.1774360936609476,EWMA(lambda=0.90),validation
2020-07-01,2020-07-02,0.017340352011689101,2.4450722401617218,EWMA(lambda=0.90),validation
2020-07-02,2020-07-03,0.3830874038106421,2.2022990513467184,EWMA(lambda=0.90),validation
2020-07-03,2020-07-06,2.5152987000462539,2.0203778865931108,EWMA(lambda=0.90),validation
2020-07-06,2020-07-07,0.068692714145330902,2.0698699679384251,EWMA(lambda=0.90),validation
2020-07-07,2020-07-08,0.015626450929499901,1.8697522425591158,EWMA(lambda=0.90),validation
2020-07-08,2020-07-09,1.8878106377661732,1.6843396633961543,EWMA(lambda=0.90),validation
2020-07-09,2020-07-10,0.3609627180509834,1.704686760833156,EWMA(lambda=0.90),validation
2020-07-10,2020-07-13,0.081921090695263904,1.5703143565549387,EWMA(lambda=0.90),validation
2020-07-13,2020-07-14,0.0049340673468666997,1.4214750299689713,EWMA(lambda=0.90),validation
2020-07-14,2020-07-15,0.0429038013029008,1.279820933706761,EWMA(lambda=0.90),validation
2020-07-15,2020-07-16,0.62779838354307849,1.1561292204663749,EWMA(lambda=0.90),validation
2020-07-16,2020-07-17,0.30258487217462388,1.1032961367740453,EWMA(lambda=0.90),validation
2020-07-17,2020-07-20,1.5014548821169582,1.0232250103141032,EWMA(lambda=0.90),validation
2020-07-20,2020-07-21,0.0011330265098316,1.0710479974943887,EWMA(lambda=0.90),validation
2020-07-21,2020-07-22,0.59298399463270679,0.96405650039593305,EWMA(lambda=0.90),validation
2020-07-22,2020-07-23,0.0380690415470228,0.92694924981961035,EWMA(lambda=0.90),validation
2020-07-23,2020-07-24,10.714506391324338,0.83806122899235169,EWMA(lambda=0.90),validation
2020-07-24,2020-07-27,29.71654662116303,1.8257057452255503,EWMA(lambda=0.90),validation
2020-07-27,2020-07-28,12.442241141417854,4.614789832819298,EWMA(lambda=0.90),validation
2020-07-28,2020-07-29,7.8838218509805298,5.3975349636791536,EWMA(lambda=0.90),validation
2020-07-29,2020-07-30,1.6712179001127756,5.6461636524092915,EWMA(lambda=0.90),validation
2020-07-30,2020-07-31,0.11737689505724069,5.24866907717964,EWMA(lambda=0.90),validation
2020-07-31,2020-08-03,4.064809725455425,4.7355398589673996,EWMA(lambda=0.90),validation
2020-08-03,2020-08-04,2.475940854259596,4.6684668456162015,EWMA(lambda=0.90),validation
2020-08-04,2020-08-05,1.5093873640970836,4.4492142464805413,EWMA(lambda=0.90),validation
2020-08-05,2020-08-06,0.071294406227341095,4.1552315582421953,EWMA(lambda=0.90),validation
2020-08-06,2020-08-07,0.028526148799952401,3.7468378430407099,EWMA(lambda=0.90),validation
2020-08-07,2020-08-10,0.042671142226985898,3.375006673616634,EWMA(lambda=0.90),validation
2020-08-10,2020-08-11,0.0002025643928529,3.0417731204776692,EWMA(lambda=0.90),validation
2020-08-11,2020-08-12,0.20651448833059791,2.7376160648691878,EWMA(lambda=0.90),validation
2020-08-12,2020-08-13,0.9127332835843408,2.4845059072153286,EWMA(lambda=0.90),validation
2020-08-13,2020-08-14,0.255367280706292,2.3273286448522299,EWMA(lambda=0.90),validation
2020-08-14,2020-08-17,0.0048129527023225999,2.1201325084376363,EWMA(lambda=0.90),validation
2020-08-17,2020-08-18,0.19230854276129891,1.908600552864105,EWMA(lambda=0.90),validation
2020-08-18,2020-08-19,0.31712237168235052,1.7369713518538246,EWMA(lambda=0.90),validation
2020-08-19,2020-08-20,0.1246527755214606,1.5949864538366771,EWMA(lambda=0.90),validation
2020-08-20,2020-08-21,0.59534792478932141,1.4479530860051555,EWMA(lambda=0.90),validation
2020-08-21,2020-08-24,2.6019923109934342,1.3626925698835721,EWMA(lambda=0.90),validation
2020-08-24,2020-08-25,0.38973150013673041,1.4866225439945582,EWMA(lambda=0.90),validation
2020-08-25,2020-08-26,0.0055335984725061,1.3769334396087753,EWMA(lambda=0.90),validation
2020-08-26,2020-08-27,0.020124783293877201,1.2397934554951486,EWMA(lambda=0.90),validation
2020-08-27,2020-08-28,0.23714381752515321,1.1178265882750216,EWMA(lambda=0.90),validation
2020-08-28,2020-08-31,0.091991348357658695,1.0297583112000348,EWMA(lambda=0.90),validation
2020-08-31,2020-09-01,1.2923697898915891,0.93598161491579723,EWMA(lambda=0.90),validation
2020-09-01,2020-09-03,1.8585263119302429,0.97162043241337637,EWMA(lambda=0.90),validation
2020-09-03,2020-09-04,0.072455818471770406,1.060311020365063,EWMA(lambda=0.90),validation
2020-09-04,2020-09-07,2.2055746575594601,0.96152550017573379,EWMA(lambda=0.90),validation
2020-09-07,2020-09-08,0.045178302752493002,1.0859304159141063,EWMA(lambda=0.90),validation
2020-09-08,2020-09-09,0.0084939812398232995,0.98185520459794506,EWMA(lambda=0.90),validation
2020-09-09,2020-09-10,0.003162773705203,0.88451908226213294,EWMA(lambda=0.90),validation
2020-09-10,2020-09-11,0.00028476171086470002,0.79638345140643996,EWMA(lambda=0.90),validation
2020-09-11,2020-09-14,0.39434214279432589,0.71677358243688249,EWMA(lambda=0.90),validation
2020-09-14,2020-09-15,0.035622544383429398,0.68453043847262685,EWMA(lambda=0.90),validation
2020-09-15,2020-09-16,0.0182018998394976,0.61963964906370705,EWMA(lambda=0.90),validation
2020-09-16,2020-09-17,0.1466259433788813,0.5594958741412861,EWMA(lambda=0.90),validation
2020-09-17,2020-09-18,0.5927837774192054,0.51820888106504559,EWMA(lambda=0.90),validation
2020-09-18,2020-09-21,0.5973025247310948,0.52566637070046163,EWMA(lambda=0.90),validation
2020-09-21,2020-09-22,0.037221986530133401,0.53282998610352494,EWMA(lambda=0.90),validation
2020-09-22,2020-09-23,0.4815094749114654,0.4832691861461858,EWMA(lambda=0.90),validation
2020-09-23,2020-09-24,0.1853426709964717,0.48309321502271374,EWMA(lambda=0.90),validation
2020-09-24,2020-09-25,0.0011645154128207,0.45331816062008956,EWMA(lambda=0.90),validation
2020-09-25,2020-09-28,0.21588979330716179,0.40810279609936273,EWMA(lambda=0.90),validation
2020-09-28,2020-09-29,0.88000331769656048,0.38888149582014264,EWMA(lambda=0.90),validation
2020-09-29,2020-09-30,0.018488513334758601,0.43799367800778444,EWMA(lambda=0.90),validation
2020-09-30,2020-10-01,0.9529808677190772,0.39604316154048186,EWMA(lambda=0.90),validation
2020-10-01,2020-10-02,0.21007017993360741,0.45173693215834138,EWMA(lambda=0.90),validation
2020-10-02,2020-10-05,0.27338088657521892,0.42757025693586798,EWMA(lambda=0.90),validation
2020-10-05,2020-10-06,0.0117020561613317,0.41215131989980308,EWMA(lambda=0.90),validation
2020-10-06,2020-10-07,0.19476670865798601,0.37210639352595598,EWMA(lambda=0.90),validation
2020-10-07,2020-10-08,0.0091636773062022999,0.35437242503915894,EWMA(lambda=0.90),validation
2020-10-08,2020-10-09,0.31360747365351949,0.31985155026586326,EWMA(lambda=0.90),validation
2020-10-09,2020-10-12,0.039147029875857997,0.31922714260462887,EWMA(lambda=0.90),validation
2020-10-12,2020-10-13,0.18865164403687951,0.29121913133175176,EWMA(lambda=0.90),validation
2020-10-13,2020-10-14,1.2182219245675234,0.28096238260226453,EWMA(lambda=0.90),validation
2020-10-14,2020-10-15,0.075097760145754894,0.37468833679879038,EWMA(lambda=0.90),validation
2020-10-15,2020-10-16,0.0032789630718449,0.34472927913348683,EWMA(lambda=0.90),validation
2020-10-16,2020-10-19,0.0017086378411737999,0.31058424752732267,EWMA(lambda=0.90),validation
2020-10-19,2020-10-20,0.0059793113747856003,0.27969668655870783,EWMA(lambda=0.90),validation
2020-10-20,2020-10-21,0.32759080402511043,0.25232494904031566,EWMA(lambda=0.90),validation
2020-10-21,2020-10-22,1.3246371755092925,0.25985153453879511,EWMA(lambda=0.90),validation
2020-10-22,2020-10-23,1.4132948922636843,0.36633009863584487,EWMA(lambda=0.90),validation
2020-10-23,2020-10-26,1.1970960361828058,0.47102657799862879,EWMA(lambda=0.90),validation
2020-10-26,2020-10-27,0.2083430476879338,0.54363352381704644,EWMA(lambda=0.90),validation
2020-10-27,2020-10-28,7.4119794757361417,0.51010447620413513,EWMA(lambda=0.90),validation
2020-10-28,2020-10-29,0.045845399751962099,1.2002919761573356,EWMA(lambda=0.90),validation
2020-10-29,2020-10-30,0.48004761699523868,1.0848473185167984,EWMA(lambda=0.90),validation
2020-10-30,2020-11-02,0.78005116507585892,1.0243673483646425,EWMA(lambda=0.90),validation
2020-11-02,2020-11-03,0.034268257194460201,0.99993573003576419,EWMA(lambda=0.90),validation
2020-11-03,2020-11-04,0.2152577372300542,0.9033689827516338,EWMA(lambda=0.90),validation
2020-11-04,2020-11-05,0.045844571767648001,0.83455785819947592,EWMA(lambda=0.90),validation
2020-11-05,2020-11-06,0.0033140827412070002,0.75568652955629312,EWMA(lambda=0.90),validation
2020-11-06,2020-11-09,2.1011838576147501,0.68044928487478451,EWMA(lambda=0.90),validation
2020-11-09,2020-11-10,8.9384312742241633e-05,0.82252274214878107,EWMA(lambda=0.90),validation
2020-11-10,2020-11-11,0.0011297213251293999,0.74027940636517719,EWMA(lambda=0.90),validation
2020-11-11,2020-11-12,0.54566329144053916,0.66636443786117239,EWMA(lambda=0.90),validation
2020-11-12,2020-11-13,0.53012860923590843,0.65429432321910908,EWMA(lambda=0.90),validation
2020-11-13,2020-11-16,2.6149406846651968,0.64187775182078899,EWMA(lambda=0.90),validation
2020-11-16,2020-11-17,3.5600857195920512,0.8391840451052297,EWMA(lambda=0.90),validation
2020-11-17,2020-11-18,0.2272651607739751,1.1112742125539119,EWMA(lambda=0.90),validation
2020-11-18,2020-11-19,0.98901844237721881,1.0228733073759182,EWMA(lambda=0.90),validation
2020-11-19,2020-11-20,0.46667500148822982,1.0194878208760483,EWMA(lambda=0.90),validation
2020-11-20,2020-11-23,0.17837041193459721,0.96420653893726638,EWMA(lambda=0.90),validation
2020-11-23,2020-11-24,0.024898612579656702,0.88562292623699945,EWMA(lambda=0.90),validation
2020-11-24,2020-11-25,0.1754782563587062,0.79955049487126517,EWMA(lambda=0.90),validation
2020-11-25,2020-11-26,0.36147173623353662,0.73714327102000932,EWMA(lambda=0.90),validation
2020-11-26,2020-11-27,0.1777363368777613,0.69957611754136206,EWMA(lambda=0.90),validation
2020-11-27,2020-11-30,0.50308697006866998,0.64739213947500196,EWMA(lambda=0.90),validation
2020-11-30,2020-12-01,0.33127232008207902,0.63296162253436883,EWMA(lambda=0.90),validation
2020-12-01,2020-12-02,0.29025636847168662,0.6027926922891399,EWMA(lambda=0.90),validation
2020-12-02,2020-12-03,0.29031539725623201,0.57153905990739451,EWMA(lambda=0.90),validation
2020-12-03,2020-12-04,0.027417268361302202,0.54341669364227829,EWMA(lambda=0.90),validation
2020-12-04,2020-12-07,0.68509372536287094,0.49181675111418072,EWMA(lambda=0.90),validation
2020-12-07,2020-12-08,0.0048900250994696999,0.51114444853904972,EWMA(lambda=0.90),validation
2020-12-08,2020-12-09,0.91082728200385366,0.46051900619509173,EWMA(lambda=0.90),validation
2020-12-09,2020-12-10,0.63074049814309052,0.50554983377596796,EWMA(lambda=0.90),validation
2020-12-10,2020-12-11,2.1005332911557746,0.51806890021268026,EWMA(lambda=0.90),validation
2020-12-11,2020-12-14,2.9531906315166232,0.67631533930698962,EWMA(lambda=0.90),validation
2020-12-14,2020-12-15,0.69277580125868543,0.90400286852795286,EWMA(lambda=0.90),validation
2020-12-15,2020-12-16,1.2199074044400842,0.88288016180102613,EWMA(lambda=0.90),validation
2020-12-16,2020-12-17,2.0641473967885817,0.91658288606493188,EWMA(lambda=0.90),validation
2020-12-17,2020-12-18,2.1926310637165551,1.0313393371372968,EWMA(lambda=0.90),validation
2020-12-18,2020-12-21,1.6074554836667916,1.1474685097952224,EWMA(lambda=0.90),validation
2020-12-21,2020-12-22,0.047954549073348299,1.1934672071823793,EWMA(lambda=0.90),validation
2020-12-22,2020-12-23,0.1771055150673424,1.0789159413714762,EWMA(lambda=0.90),validation
2020-12-23,2020-12-24,1.124406225180995,0.98873489874106291,EWMA(lambda=0.90),validation
2020-12-24,2020-12-25,2.4671237918391133,1.0023020313850561,EWMA(lambda=0.90),validation
2020-12-25,2020-12-28,0.4034604996523059,1.1487842074304617,EWMA(lambda=0.90),validation
2020-12-28,2020-12-29,0.55492070783418679,1.0742518366526461,EWMA(lambda=0.90),validation
2020-12-29,2020-12-30,0.031510657686323898,1.0223187237708002,EWMA(lambda=0.90),validation
2020-12-30,2020-12-31,0.33072569314759998,0.92323791716235271,EWMA(lambda=0.90),validation
2020-12-31,2021-01-04,2.2278705339723945,0.86398669476087742,EWMA(lambda=0.90),validation
2021-01-04,2021-01-05,1.1499318142027897,1.0003750786820291,EWMA(lambda=0.90),validation
2021-01-05,2021-01-06,0.87766308869519893,1.0153307522341053,EWMA(lambda=0.90),validation
2021-01-06,2021-01-07,1.3339004712332734,1.0015639858802148,EWMA(lambda=0.90),validation
2021-01-07,2021-01-08,0.92888776125186256,1.0347976344155205,EWMA(lambda=0.90),validation
2021-01-08,2021-01-11,2.1381765407685842,1.0242066470991547,EWMA(lambda=0.90),validation
2021-01-11,2021-01-12,0.38657270353981982,1.1356036364660977,EWMA(lambda=0.90),validation
2021-01-12,2021-01-13,0.27446934330354478,1.06070054317347,EWMA(lambda=0.90),validation
2021-01-13,2021-01-14,0.0129409883939506,0.98207742318647751,EWMA(lambda=0.90),validation
2021-01-14,2021-01-15,0.32609379409239891,0.88516377970722482,EWMA(lambda=0.90),validation
2021-01-15,2021-01-18,0.035882714295949303,0.82925678114574231,EWMA(lambda=0.90),validation
2021-01-18,2021-01-19,27.541540391562137,0.74991937446076307,EWMA(lambda=0.90),validation
2021-01-19,2021-01-20,0.1055259451193829,3.4290814761709001,EWMA(lambda=0.90),validation
2021-01-20,2021-01-21,6.6008259205486208,3.0967259230657485,EWMA(lambda=0.90),validation
2021-01-21,2021-01-22,0.048623449874293401,3.4471359228140357,EWMA(lambda=0.90),validation
2021-01-22,2021-01-25,0.0039168735979759998,3.1072846755200616,EWMA(lambda=0.90),validation
2021-01-25,2021-01-26,6.7615705601874803,2.796947895327853,EWMA(lambda=0.90),validation
2021-01-26,2021-01-27,12.169500483667271,3.1934101618138158,EWMA(lambda=0.90),validation
2021-01-27,2021-01-28,47.71522267260341,4.0910191939991609,EWMA(lambda=0.90),validation
2021-01-28,2021-01-29,9.8644606106254944,8.4534395418595842,EWMA(lambda=0.90),validation
2021-01-29,2021-02-01,4.0689389217040164,8.5945416487361754,EWMA(lambda=0.90),validation
2021-02-01,2021-02-02,14.37888811066259,8.1419813760329589,EWMA(lambda=0.90),validation
2021-02-02,2021-02-03,10.698092971323405,8.7656720494959224,EWMA(lambda=0.90),validation
2021-02-03,2021-02-04,0.0065535799646349998,8.9589141416786706,EWMA(lambda=0.90),validation
2021-02-04,2021-02-05,1.7287856328599061,8.0636780855072665,EWMA(lambda=0.90),validation
2021-02-05,2021-02-08,15.664350744194984,7.43018884024253,EWMA(lambda=0.90),validation
2021-02-08,2021-02-09,8.346588799606792,8.2536050306377753,EWMA(lambda=0.90),validation
2021-02-09,2021-02-17,12.948351612917367,8.2629034075346777,EWMA(lambda=0.90),validation
2021-02-17,2021-02-18,2.5487828873734144,8.7314482280729457,EWMA(lambda=0.90),validation
2021-02-18,2021-02-19,0.0056191882730801,8.1131816940029928,EWMA(lambda=0.90),validation
2021-02-19,2021-02-22,0.017199096556251601,7.3024254434300016,EWMA(lambda=0.90),validation
2021-02-22,2021-02-23,0.048851884282659998,6.573902808742627,EWMA(lambda=0.90),validation
2021-02-23,2021-02-24,1.7852090551538884,5.9213977162966298,EWMA(lambda=0.90),validation
2021-02-24,2021-02-25,0.086368592201033906,5.5077788501823557,EWMA(lambda=0.90),validation
2021-02-25,2021-02-26,0.067864579386658602,4.9656378243842232,EWMA(lambda=0.90),validation
2021-02-26,2021-03-01,2.2603404127515012,4.4758604998844662,EWMA(lambda=0.90),validation
2021-03-01,2021-03-02,0.0013754677373442,4.2543084911711695,EWMA(lambda=0.90),validation
2021-03-02,2021-03-03,0.00082076230479579998,3.8290151888277868,EWMA(lambda=0.90),validation
2021-03-03,2021-03-04,2.4489123011473239,3.446195746175488,EWMA(lambda=0.90),validation
2021-03-04,2021-03-05,0.00021162275502630001,3.3464674016726716,EWMA(lambda=0.90),validation
2021-03-05,2021-03-08,0.0012919806924679999,3.011841823780907,EWMA(lambda=0.90),validation
2021-03-08,2021-03-09,0.29237612149471548,2.7107868394720631,EWMA(lambda=0.90),validation
2021-03-09,2021-03-10,0.48375947699541438,2.4689457676743287,EWMA(lambda=0.90),validation
2021-03-10,2021-03-11,0.98155464226439482,2.2704271386064376,EWMA(lambda=0.90),validation
2021-03-11,2021-03-12,0.0002069778164541,2.141539888972233,EWMA(lambda=0.90),validation
2021-03-12,2021-03-15,0.064302733216639693,1.9274065978566552,EWMA(lambda=0.90),validation
2021-03-15,2021-03-16,0.1553706585632092,1.7410962113926536,EWMA(lambda=0.90),validation
2021-03-16,2021-03-17,0.2737899242910557,1.5825236561097091,EWMA(lambda=0.90),validation
2021-03-17,2021-03-18,1.5481332912326575,1.4516502829278437,EWMA(lambda=0.90),validation
2021-03-18,2021-03-19,0.33104987066004232,1.461298583758325,EWMA(lambda=0.90),validation
2021-03-19,2021-03-22,0.0010124742198036,1.3482737124484969,EWMA(lambda=0.90),validation
2021-03-22,2021-03-23,0.85288598253640013,1.2135475886256277,EWMA(lambda=0.90),validation
2021-03-23,2021-03-24,3.4057844849812331,1.177481428016705,EWMA(lambda=0.90),validation
2021-03-24,2021-03-25,0.012314795662716,1.4003117337131576,EWMA(lambda=0.90),validation
2021-03-25,2021-03-26,0.0058597397555956998,1.2615120399081134,EWMA(lambda=0.90),validation
2021-03-26,2021-03-29,1.3278733275984689,1.1359468098928618,EWMA(lambda=0.90),validation
2021-03-29,2021-03-30,0.81777517025404556,1.1551394616634225,EWMA(lambda=0.90),validation
2021-03-30,2021-03-31,0.18257364745195509,1.1214030325224849,EWMA(lambda=0.90),validation
2021-03-31,2021-04-01,4.1969083990328269,1.0275200940154319,EWMA(lambda=0.90),validation
2021-04-01,2021-04-02,0.46823180737859521,1.3444589245171712,EWMA(lambda=0.90),validation
2021-04-02,2021-04-05,0.88906940687122271,1.2568362128033135,EWMA(lambda=0.90),validation
2021-04-05,2021-04-06,0.099749204162909499,1.2200595322101044,EWMA(lambda=0.90),validation
2021-04-06,2021-04-07,0.038016179318462802,1.1080284994053848,EWMA(lambda=0.90),validation
2021-04-07,2021-04-08,0.36566179496951989,1.0010272673966927,EWMA(lambda=0.90),validation
2021-04-08,2021-04-09,0.068593929911552595,0.93749072015397539,EWMA(lambda=0.90),validation
2021-04-09,2021-04-12,2.8018675665358388,0.85060104112973312,EWMA(lambda=0.90),validation
2021-04-12,2021-04-13,0.1085685992002533,1.0457276936703437,EWMA(lambda=0.90),validation
2021-04-13,2021-04-14,0.36263296879974533,0.95201178422333466,EWMA(lambda=0.90),validation
2021-04-14,2021-04-15,0.47436716048364241,0.89307390268097575,EWMA(lambda=0.90),validation
2021-04-15,2021-04-16,0.47205312467818772,0.85120322846124241,EWMA(lambda=0.90),validation
2021-04-16,2021-04-19,3.0629959648129166,0.81328821808293694,EWMA(lambda=0.90),validation
2021-04-19,2021-04-20,0.37084681359794641,1.0382589927559347,EWMA(lambda=0.90),validation
2021-04-20,2021-04-22,10.511479982603742,0.97151777484013579,EWMA(lambda=0.90),validation
2021-04-22,2021-04-23,2.7977982020669034,1.9255139956164962,EWMA(lambda=0.90),validation
2021-04-23,2021-04-26,7.069875969155051,2.0127424162615366,EWMA(lambda=0.90),validation
2021-04-26,2021-04-27,0.1068177702515163,2.518455771550888,EWMA(lambda=0.90),validation
2021-04-27,2021-04-28,0.64037270563817372,2.2772919714209507,EWMA(lambda=0.90),validation
2021-04-28,2021-04-29,0.63538025625325334,2.1136000448426731,EWMA(lambda=0.90),validation
2021-04-29,2021-05-04,0.051287666699190902,1.9657780659837312,EWMA(lambda=0.90),validation
2021-05-04,2021-05-05,1.2974041483688885,1.7743290260552773,EWMA(lambda=0.90),validation
2021-05-05,2021-05-06,0.21854865463287459,1.7266365382866384,EWMA(lambda=0.90),validation
2021-05-06,2021-05-07,0.49413232465967399,1.5758277499212621,EWMA(lambda=0.90),validation
2021-05-07,2021-05-10,2.0187690621450569,1.4676582073951032,EWMA(lambda=0.90),validation
2021-05-10,2021-05-11,0.079209452422818502,1.5227692928700984,EWMA(lambda=0.90),validation
2021-05-11,2021-05-12,1.0683689670129952,1.3784133088253705,EWMA(lambda=0.90),validation
2021-05-12,2021-05-13,0.3147510754643727,1.3474088746441331,EWMA(lambda=0.90),validation
2021-05-13,2021-05-14,0.1194948927270032,1.2441430947261569,EWMA(lambda=0.90),validation
2021-05-14,2021-05-17,0.36810930080202742,1.1316782745262417,EWMA(lambda=0.90),validation
2021-05-17,2021-05-18,0.22984220258376931,1.0553213771538201,EWMA(lambda=0.90),validation
2021-05-18,2021-05-19,0.60851000335784755,0.97277345969681506,EWMA(lambda=0.90),validation
2021-05-19,2021-05-20,1.5332689494683411,0.93634711406291826,EWMA(lambda=0.90),validation
2021-05-20,2021-05-21,0.19866645501053451,0.99603929760346055,EWMA(lambda=0.90),validation
2021-05-21,2021-05-24,1.1845107713600658,0.91630201334416794,EWMA(lambda=0.90),validation
2021-05-24,2021-05-25,0.6615170731155926,0.9431228891457577,EWMA(lambda=0.90),validation
2021-05-25,2021-05-26,0.38266924508822919,0.91496230754274122,EWMA(lambda=0.90),validation
2021-05-26,2021-05-27,1.0043951904267852,0.86173300129728991,EWMA(lambda=0.90),validation
2021-05-27,2021-05-28,1.6572716233953799,0.87599922021023935,EWMA(lambda=0.90),validation
2021-05-28,2021-05-31,0.32850553154349488,0.95412646052875338,EWMA(lambda=0.90),validation
2021-05-31,2021-06-01,0.53287411812900642,0.89156436763022751,EWMA(lambda=0.90),validation
2021-06-01,2021-06-02,0.050176470132549403,0.85569534268010539,EWMA(lambda=0.90),validation
2021-06-02,2021-06-03,3.0190045169291899,0.77514345542534979,EWMA(lambda=0.90),validation
2021-06-03,2021-06-04,0.50919160589279755,0.99952956157573369,EWMA(lambda=0.90),validation
2021-06-04,2021-06-07,1.2488833393722787,0.95049576600744001,EWMA(lambda=0.90),validation
2021-06-07,2021-06-08,8.4369422153406557,0.9803345233439239,EWMA(lambda=0.90),validation
2021-06-08,2021-06-09,0.96357708876368464,1.7259952925435968,EWMA(lambda=0.90),validation
2021-06-09,2021-06-10,0.4923594509595709,1.6497534721656057,EWMA(lambda=0.90),validation
2021-06-10,2021-06-11,4.4320627369374535,1.5340140700450022,EWMA(lambda=0.90),validation
2021-06-11,2021-06-14,0.5411007585268014,1.8238189367342472,EWMA(lambda=0.90),validation
2021-06-14,2021-06-15,0.17083895349647149,1.6955471189135025,EWMA(lambda=0.90),validation
2021-06-15,2021-06-16,0.63350084621542357,1.5430763023717993,EWMA(lambda=0.90),validation
2021-06-16,2021-06-17,0.062663990139882705,1.4521187567561618,EWMA(lambda=0.90),validation
2021-06-17,2021-06-18,1.7005139602823875,1.3131732800945337,EWMA(lambda=0.90),validation
2021-06-18,2021-06-21,0.13969971554579111,1.3519073481133193,EWMA(lambda=0.90),validation
2021-06-21,2021-06-22,0.28442512577995599,1.2306865848565665,EWMA(lambda=0.90),validation
2021-06-22,2021-06-23,0.050577880049160501,1.1360604389489055,EWMA(lambda=0.90),validation
2021-06-23,2021-06-24,0.042756846647675997,1.0275121830589311,EWMA(lambda=0.90),validation
2021-06-24,2021-06-25,0.56392504939985733,0.92903664941780562,EWMA(lambda=0.90),validation
2021-06-25,2021-06-28,1.2596863062253096,0.89252548941601073,EWMA(lambda=0.90),validation
2021-06-28,2021-06-29,0.090265615302911106,0.92924157109694061,EWMA(lambda=0.90),validation
2021-06-29,2021-06-30,0.0111781207193246,0.8453439755175377,EWMA(lambda=0.90),validation
2021-06-30,2021-07-01,0.36452733996316478,0.76192739003771648,EWMA(lambda=0.90),validation
2021-07-01,2021-07-02,0.050561028633651098,0.72218738503026125,EWMA(lambda=0.90),validation
2021-07-02,2021-07-05,0.41682421832730232,0.65502474939060029,EWMA(lambda=0.90),validation
2021-07-05,2021-07-06,16.601013312283214,0.63120469628427045,EWMA(lambda=0.90),validation
2021-07-06,2021-07-07,6.0582814458810228,2.2281855578841645,EWMA(lambda=0.90),validation
2021-07-07,2021-07-08,1.0078273448945338,2.6111951466838503,EWMA(lambda=0.90),validation
2021-07-08,2021-07-09,4.0954224269599893,2.4508583665049186,EWMA(lambda=0.90),validation
2021-07-09,2021-07-12,14.799235172407151,2.6153147725504255,EWMA(lambda=0.90),validation
2021-07-12,2021-07-13,0.0091414915307640003,3.8337068125360982,EWMA(lambda=0.90),validation
2021-07-13,2021-07-14,1.871533753406208,3.4512502804355649,EWMA(lambda=0.90),validation
2021-07-14,2021-07-15,1.1851822080995431,3.2932786277326294,EWMA(lambda=0.90),validation
2021-07-15,2021-07-16,0.1728051567276786,3.0824689857693208,EWMA(lambda=0.90),validation
2021-07-16,2021-07-19,19.267998450226369,2.7915026028651568,EWMA(lambda=0.90),validation
2021-07-19,2021-07-20,5.6008314903667484,4.4391521876012776,EWMA(lambda=0.90),validation
2021-07-20,2021-07-21,0.038625913235604201,4.5553201178778249,EWMA(lambda=0.90),validation
2021-07-21,2021-07-22,3.1842211341003503,4.1036506974136033,EWMA(lambda=0.90),validation
2021-07-22,2021-07-23,3.7589161112558802,4.0117077410822777,EWMA(lambda=0.90),validation
2021-07-23,2021-07-26,0.093224533505602905,3.986428578099638,EWMA(lambda=0.90),validation
2021-07-26,2021-07-27,0.1095791578755464,3.5971081736402346,EWMA(lambda=0.90),validation
2021-07-27,2021-07-28,0.0001201916445908,3.2483552720637658,EWMA(lambda=0.90),validation
2021-07-28,2021-07-29,1.6539600353625152,2.9235317640218486,EWMA(lambda=0.90),validation
2021-07-29,2021-07-30,1.5967544948591652,2.7965745911559154,EWMA(lambda=0.90),validation
2021-07-30,2021-08-02,0.1009987039707803,2.6765925815262404,EWMA(lambda=0.90),validation
2021-08-02,2021-08-03,1.8957198194932552,2.4190331937706944,EWMA(lambda=0.90),validation
2021-08-03,2021-08-04,0.029744811896755902,2.3667018563429503,EWMA(lambda=0.90),validation
2021-08-04,2021-08-05,0.65065761473045014,2.1330061518983312,EWMA(lambda=0.90),validation
2021-08-05,2021-08-06,0.093130738329399304,1.9847712981815431,EWMA(lambda=0.90),validation
2021-08-06,2021-08-09,1.8579420490159877,1.7956072421963287,EWMA(lambda=0.90),validation
2021-08-09,2021-08-10,0.035649851108249302,1.8018407228782947,EWMA(lambda=0.90),validation
2021-08-10,2021-08-11,0.1163827824804467,1.6252216357012903,EWMA(lambda=0.90),validation
2021-08-11,2021-08-12,0.1222953063583315,1.4743377503792059,EWMA(lambda=0.90),validation
2021-08-12,2021-08-13,0.087138478445364806,1.3391335059771183,EWMA(lambda=0.90),validation
2021-08-13,2021-08-16,1.0399916754691487,1.2139340032239432,EWMA(lambda=0.90),validation
2021-08-16,2021-08-17,0.33143544352777371,1.1965397704484637,EWMA(lambda=0.90),validation
2021-08-17,2021-08-18,0.024918007897299099,1.1100293377563948,EWMA(lambda=0.90),validation
2021-08-18,2021-08-19,1.0340849576584421,1.0015182047704854,EWMA(lambda=0.90),validation
2021-08-19,2021-08-20,11.285807091304966,1.0047748800592811,EWMA(lambda=0.90),validation
2021-08-20,2021-08-23,5.4118216320133259,2.032878101183849,EWMA(lambda=0.90),validation
2021-08-23,2021-08-24,8.5364624205354578e-05,2.3707724542667967,EWMA(lambda=0.90),validation
2021-08-24,2021-08-25,0.68707571707285009,2.1337037453025376,EWMA(lambda=0.90),validation
2021-08-25,2021-08-26,0.41707504207820612,1.9890409424795688,EWMA(lambda=0.90),validation
2021-08-26,2021-08-27,0.85404853290921479,1.8318443524394326,EWMA(lambda=0.90),validation
2021-08-27,2021-08-30,1.2797402595336076,1.7340647704864109,EWMA(lambda=0.90),validation
2021-08-30,2021-08-31,0.0627065630623478,1.6886323193911308,EWMA(lambda=0.90),validation
2021-08-31,2021-09-01,0.056905632866698197,1.5260397437582525,EWMA(lambda=0.90),validation
2021-09-01,2021-09-06,0.76699962180718428,1.379126332669097,EWMA(lambda=0.90),validation
2021-09-06,2021-09-07,0.1115838258583112,1.3179136615829059,EWMA(lambda=0.90),validation
2021-09-07,2021-09-08,0.38402427242716541,1.1972806780104464,EWMA(lambda=0.90),validation
2021-09-08,2021-09-09,0.59997574279093446,1.1159550374521183,EWMA(lambda=0.90),validation
2021-09-09,2021-09-10,0.0097833608002909998,1.0643571079859999,EWMA(lambda=0.90),validation
2021-09-10,2021-09-13,0.083420495301861103,0.95889973326742906,EWMA(lambda=0.90),validation
2021-09-13,2021-09-14,0.0166539238245993,0.87135180947087232,EWMA(lambda=0.90),validation
2021-09-14,2021-09-15,0.20841186139179299,0.78588202090624504,EWMA(lambda=0.90),validation
2021-09-15,2021-09-16,8.8333749441352269e-06,0.72813500495479988,EWMA(lambda=0.90),validation
2021-09-16,2021-09-17,0.25176252606624039,0.65532238779681429,EWMA(lambda=0.90),validation
2021-09-17,2021-09-20,0.025540948821812501,0.61496640162375693,EWMA(lambda=0.90),validation
2021-09-20,2021-09-21,0.62566216838623712,0.55602385634356255,EWMA(lambda=0.90),validation
2021-09-21,2021-09-22,0.64930807826318471,0.56298768754783002,EWMA(lambda=0.90),validation
2021-09-22,2021-09-23,0.023678455022373,0.57161972661936544,EWMA(lambda=0.90),validation
2021-09-23,2021-09-24,0.0138313143395197,0.51682559945966622,EWMA(lambda=0.90),validation
2021-09-24,2021-09-27,3.828272422415496,0.46652617094765159,EWMA(lambda=0.90),validation
2021-09-27,2021-09-28,1.1555484032608674,0.8027007960944359,EWMA(lambda=0.90),validation
2021-09-28,2021-09-29,5.5753252067133049e-05,0.83798555681107911,EWMA(lambda=0.90),validation
2021-09-29,2021-09-30,0.045192767823887599,0.7541925764551779,EWMA(lambda=0.90),validation
2021-09-30,2021-10-01,0.2869590069123234,0.6832925955920488,EWMA(lambda=0.90),validation
2021-10-01,2021-10-04,0.1209217160727008,0.64365923672407621,EWMA(lambda=0.90),validation
2021-10-04,2021-10-05,1.2548666056334208,0.5913854846589387,EWMA(lambda=0.90),validation
2021-10-05,2021-10-06,0.363335054701863,0.65773359675638687,EWMA(lambda=0.90),validation
2021-10-06,2021-10-07,0.053979929205688899,0.62829374255093451,EWMA(lambda=0.90),validation
2021-10-07,2021-10-08,0.2422625428098201,0.57086236121640999,EWMA(lambda=0.90),validation
2021-10-08,2021-10-11,2.3840641194747452,0.53800237937575102,EWMA(lambda=0.90),validation
2021-10-11,2021-10-12,0.0025924711816483,0.72260855338565033,EWMA(lambda=0.90),validation
2021-10-12,2021-10-13,0.043020201094551999,0.65060694516525019,EWMA(lambda=0.90),validation
2021-10-13,2021-10-14,1.8582276241239155e-05,0.58984827075818047,EWMA(lambda=0.90),validation
2021-10-14,2021-10-15,0.0037272440365911002,0.5308653019099866,EWMA(lambda=0.90),validation
2021-10-15,2021-10-18,0.041207471722357301,0.47815149612264707,EWMA(lambda=0.90),validation
2021-10-18,2021-10-19,0.00020542054719569999,0.43445709368261809,EWMA(lambda=0.90),validation
2021-10-19,2021-10-20,0.012036644283498999,0.39103192636907586,EWMA(lambda=0.90),validation
2021-10-20,2021-10-21,0.42246999071472119,0.35313239816051817,EWMA(lambda=0.90),validation
2021-10-21,2021-10-22,0.10386273263571751,0.36006615741593845,EWMA(lambda=0.90),validation
2021-10-22,2021-10-25,0.076614277223703203,0.33444581493791631,EWMA(lambda=0.90),validation
2021-10-25,2021-10-26,0.2013151221701667,0.30866266116649499,EWMA(lambda=0.90),validation
2021-10-26,2021-10-27,4.9754210402948829,0.29792790726686214,EWMA(lambda=0.90),validation
2021-10-27,2021-10-28,1.0980607841681207,0.76567722056966403,EWMA(lambda=0.90),validation
2021-10-28,2021-10-29,0.1886851350804401,0.79891557692950965,EWMA(lambda=0.90),validation
2021-10-29,2021-11-01,0.13516091401515051,0.73789253274460265,EWMA(lambda=0.90),validation
2021-11-01,2021-11-02,0.8706925479870633,0.67761937087165736,EWMA(lambda=0.90),validation
2021-11-02,2021-11-03,0.3174077865606339,0.69692668858319795,EWMA(lambda=0.90),validation
2021-11-03,2021-11-04,0.078025131895000294,0.65897479838094153,EWMA(lambda=0.90),validation
2021-11-04,2021-11-05,0.31641639052774828,0.60087983173234738,EWMA(lambda=0.90),validation
2021-11-05,2021-11-08,0.57226328927027881,0.5724334876118875,EWMA(lambda=0.90),validation
2021-11-08,2021-11-09,0.17178257774236849,0.57241646777772659,EWMA(lambda=0.90),validation
2021-11-09,2021-11-10,0.057868569156942502,0.5323530787741908,EWMA(lambda=0.90),validation
2021-11-10,2021-11-11,0.033275724445409903,0.48490462781246596,EWMA(lambda=0.90),validation
2021-11-11,2021-11-12,0.56363505628405686,0.4397417374757604,EWMA(lambda=0.90),validation
2021-11-12,2021-11-15,0.0470688863590858,0.45213106935659009,EWMA(lambda=0.90),validation
2021-11-15,2021-11-16,0.47297481162456478,0.41162485105683966,EWMA(lambda=0.90),validation
2021-11-16,2021-11-17,0.40826744424174999,0.41775984711361219,EWMA(lambda=0.90),validation
2021-11-17,2021-11-18,0.1670640675036151,0.41681060682642596,EWMA(lambda=0.90),validation
2021-11-18,2021-11-19,1.4313283722317711,0.39183595289414486,EWMA(lambda=0.90),validation
2021-11-19,2021-11-22,0.1237442583360642,0.4957851948279075,EWMA(lambda=0.90),validation
2021-11-22,2021-11-23,1.2666258581863683,0.45858110117872319,EWMA(lambda=0.90),validation
2021-11-23,2021-11-24,2.9233447816121521,0.53938557687948763,EWMA(lambda=0.90),validation
2021-11-24,2021-11-25,0.6380046596767257,0.77778149735275404,EWMA(lambda=0.90),validation
2021-11-25,2021-11-26,0.2701244946030526,0.76380381358515115,EWMA(lambda=0.90),validation
2021-11-26,2021-11-29,0.30256487971864748,0.71443588168694128,EWMA(lambda=0.90),validation
2021-11-29,2021-11-30,0.18658464910203679,0.67324878149011191,EWMA(lambda=0.90),validation
2021-11-30,2021-12-01,0.2075014205290045,0.62458236825130431,EWMA(lambda=0.90),validation
2021-12-01,2021-12-02,0.044793424086395202,0.58287427347907439,EWMA(lambda=0.90),validation
2021-12-02,2021-12-03,7.0120359070741278,0.52906618853980658,EWMA(lambda=0.90),validation
2021-12-03,2021-12-06,4.3349412714895923,1.1773631603932386,EWMA(lambda=0.90),validation
2021-12-06,2021-12-07,5.3861088410285403,1.4931209715028739,EWMA(lambda=0.90),validation
2021-12-07,2021-12-08,0.17702425625306931,1.8824197584554407,EWMA(lambda=0.90),validation
2021-12-08,2021-12-09,1.070479018660655,1.7118802082352036,EWMA(lambda=0.90),validation
2021-12-09,2021-12-10,0.091757352191462901,1.6477400892777487,EWMA(lambda=0.90),validation
2021-12-10,2021-12-13,0.74301537591656364,1.4921418155691202,EWMA(lambda=0.90),validation
2021-12-13,2021-12-14,0.00016567875262690001,1.4172291716038645,EWMA(lambda=0.90),validation
2021-12-14,2021-12-15,0.001241581482623,1.2755228223187407,EWMA(lambda=0.90),validation
2021-12-15,2021-12-16,0.0056551081903050996,1.148094698235129,EWMA(lambda=0.90),validation
2021-12-16,2021-12-17,0.0462794489398934,1.0338507392306466,EWMA(lambda=0.90),validation
2021-12-17,2021-12-20,0.027681684135072899,0.93509361020157133,EWMA(lambda=0.90),validation
2021-12-20,2021-12-21,0.0091005754488459999,0.84435241759492141,EWMA(lambda=0.90),validation
2021-12-21,2021-12-22,0.0052396015195703997,0.76082723338031388,EWMA(lambda=0.90),validation
2021-12-22,2021-12-23,1.992176913695392,0.68526847019423953,EWMA(lambda=0.90),validation
2021-12-23,2021-12-24,1.8717637228671864,0.81595931454435477,EWMA(lambda=0.90),validation
2021-12-24,2021-12-27,0.63853598515945731,0.9215397553766379,EWMA(lambda=0.90),validation
2021-12-27,2021-12-28,0.13645173276183131,0.89323937835491984,EWMA(lambda=0.90),validation
2021-12-28,2021-12-29,0.33077318425347918,0.81756061379561096,EWMA(lambda=0.90),validation
2021-12-29,2021-12-30,0.0001019075301841,0.76888187084139781,EWMA(lambda=0.90),validation
2021-12-30,2021-12-31,0.68062926522441725,0.69200387451027645,EWMA(lambda=0.90),validation
2021-12-31,2022-01-04,3.2605099137684044,0.69086641358169054,EWMA(lambda=0.90),validation
2022-01-04,2022-01-05,0.040842187738678301,0.94783076360036189,EWMA(lambda=0.90),validation
2022-01-05,2022-01-06,0.1583194148629771,0.85713190601419353,EWMA(lambda=0.90),validation
2022-01-06,2022-01-07,3.4668889167178492e-05,0.78725065689907192,EWMA(lambda=0.90),validation
2022-01-07,2022-01-10,2.6694297971607823,0.70852905809808142,EWMA(lambda=0.90),validation
2022-01-10,2022-01-11,0.57914121057191059,0.90461913200435151,EWMA(lambda=0.90),validation
2022-01-11,2022-01-12,1.469449968423449,0.87207133986110741,EWMA(lambda=0.90),validation
2022-01-12,2022-01-13,0.92525943861491056,0.93180920271734158,EWMA(lambda=0.90),validation
2022-01-13,2022-01-14,4.0212308099495714e-06,0.93115422630709843,EWMA(lambda=0.90),validation
2022-01-14,2022-01-17,8.577861779061374,0.83803920579946956,EWMA(lambda=0.90),validation
2022-01-17,2022-01-18,0.92419961205247958,1.61202146312566,EWMA(lambda=0.90),validation
2022-01-18,2022-01-19,0.071396248371963497,1.5432392780183419,EWMA(lambda=0.90),validation
2022-01-19,2022-01-20,2.3966942995639551,1.3960549750537041,EWMA(lambda=0.90),validation
2022-01-20,2022-01-21,0.26692283112663862,1.4961189075047292,EWMA(lambda=0.90),validation
2022-01-21,2022-01-24,5.1914495767721602,1.3731992998669202,EWMA(lambda=0.90),validation
2022-01-24,2022-01-25,7.4619441201484813,1.755024327557444,EWMA(lambda=0.90),validation
2022-01-25,2022-01-26,0.0182472056354126,2.3257163068165476,EWMA(lambda=0.90),validation
2022-01-26,2022-01-27,0.53726142594703041,2.0949693966984344,EWMA(lambda=0.90),validation
2022-01-27,2022-01-28,0.30912088484185662,1.9391985996232941,EWMA(lambda=0.90),validation
2022-01-28,2022-02-07,1.5787299229773026,1.7761908281451504,EWMA(lambda=0.90),validation
2022-02-07,2022-02-08,0.0493284261128678,1.7564447376283656,EWMA(lambda=0.90),validation
2022-02-08,2022-02-09,0.085291311228508401,1.5857331064768159,EWMA(lambda=0.90),validation
2022-02-09,2022-02-10,0.0087647457494784992,1.435688926951985,EWMA(lambda=0.90),validation
2022-02-10,2022-02-11,0.1140481407730615,1.2929965088317343,EWMA(lambda=0.90),validation
2022-02-11,2022-02-14,4.0038460349216436,1.1751016720258671,EWMA(lambda=0.90),validation
2022-02-14,2022-02-15,1.9670652734045644,1.4579761083154448,EWMA(lambda=0.90),validation
2022-02-15,2022-02-16,0.0018968880308684001,1.5088850248243568,EWMA(lambda=0.90),validation
2022-02-16,2022-02-17,1.122140769245723,1.358186211145008,EWMA(lambda=0.90),validation
2022-02-17,2022-02-18,0.043725235891179701,1.3345816669550796,EWMA(lambda=0.90),validation
2022-02-18,2022-02-21,0.1583409064037323,1.2054960238486896,EWMA(lambda=0.90),validation
2022-02-21,2022-02-22,0.23912273492230141,1.100780512104194,EWMA(lambda=0.90),validation
2022-02-22,2022-02-23,0.34291576160519949,1.0146147343860048,EWMA(lambda=0.90),validation
2022-02-23,2022-02-24,1.3469467288223498,0.94744483710792426,EWMA(lambda=0.90),validation
2022-02-24,2022-02-25,0.072844218542371497,0.98739502627936682,EWMA(lambda=0.90),validation
2022-02-25,2022-02-28,0.34356827037133769,0.89593994550566736,EWMA(lambda=0.90),validation
2022-02-28,2022-03-01,0.33501862749672151,0.84070277799223436,EWMA(lambda=0.90),validation
2022-03-01,2022-03-02,0.78971029139098181,0.79013436294268313,EWMA(lambda=0.90),validation
2022-03-02,2022-03-03,1.6972927621476632,0.79009195578751301,EWMA(lambda=0.90),validation
2022-03-03,2022-03-04,0.00048068399418659999,0.88081203642352801,EWMA(lambda=0.90),validation
2022-03-04,2022-03-07,0.1747715827843937,0.7927789011805938,EWMA(lambda=0.90),validation
2022-03-07,2022-03-08,2.9065282793306784,0.7309781693409737,EWMA(lambda=0.90),validation
2022-03-08,2022-03-09,4.1439032554861612e-06,0.94853318033994416,EWMA(lambda=0.90),validation
2022-03-09,2022-03-10,0.13081860231973311,0.85368027669627522,EWMA(lambda=0.90),validation
2022-03-10,2022-03-11,0.72494802629493882,0.78139410925862107,EWMA(lambda=0.90),validation
2022-03-11,2022-03-14,1.9409742980787721,0.77574950096225281,EWMA(lambda=0.90),validation
2022-03-14,2022-03-15,0.20047369794731371,0.89227198067390467,EWMA(lambda=0.90),validation
2022-03-15,2022-03-16,0.20484656351461439,0.82309215240124556,EWMA(lambda=0.90),validation
2022-03-16,2022-03-17,0.018944679557511501,0.76126759351258244,EWMA(lambda=0.90),validation
2022-03-17,2022-03-18,0.28049155920521268,0.68703530211707531,EWMA(lambda=0.90),validation
2022-03-18,2022-03-21,3.0425103018964781,0.64638092782588907,EWMA(lambda=0.90),validation
2022-03-21,2022-03-22,0.34682402970980408,0.88599386523294787,EWMA(lambda=0.90),validation
2022-03-22,2022-03-23,0.0091785148718353995,0.83207688168063343,EWMA(lambda=0.90),validation
2022-03-23,2022-03-24,0.073954506430096795,0.74978704499975357,EWMA(lambda=0.90),validation
2022-03-24,2022-03-25,0.00025655385818370001,0.68220379114278795,EWMA(lambda=0.90),validation
2022-03-25,2022-03-28,1.0559980128443454,0.61400906741432748,EWMA(lambda=0.90),validation
2022-03-28,2022-03-29,0.95691970183954678,0.65820796195732922,EWMA(lambda=0.90),validation
2022-03-29,2022-03-30,0.23544964448133679,0.68807913594555103,EWMA(lambda=0.90),validation
2022-03-30,2022-03-31,0.0120931732563713,0.64281618679912966,EWMA(lambda=0.90),validation
2022-03-31,2022-04-01,2.6074013036974688,0.57974388544485378,EWMA(lambda=0.90),validation
2022-04-01,2022-04-04,0.29508653639469712,0.7825096272701153,EWMA(lambda=0.90),validation
2022-04-04,2022-04-05,0.094101568159780005,0.73376731818257357,EWMA(lambda=0.90),validation
2022-04-05,2022-04-06,0.035582799914416798,0.66980074318029426,EWMA(lambda=0.90),validation
2022-04-06,2022-04-07,1.8457567461332109,0.60637894885370647,EWMA(lambda=0.90),validation
2022-04-07,2022-04-08,1.8599564295348143,0.73031672858165686,EWMA(lambda=0.90),validation
2022-04-08,2022-04-12,3.317796568560508,0.84328069867697253,EWMA(lambda=0.90),validation
2022-04-12,2022-04-13,2.2412176347286983,1.0907322856653261,EWMA(lambda=0.90),validation
2022-04-13,2022-04-14,0.11867096750311169,1.2057808205716634,EWMA(lambda=0.90),validation
2022-04-14,2022-04-15,0.8563450026802516,1.0970698352648083,EWMA(lambda=0.90),validation
2022-04-15,2022-04-18,3.2251391569637371,1.0729973520063527,EWMA(lambda=0.90),validation
2022-04-18,2022-04-19,3.3937657292333743,1.2882115325020911,EWMA(lambda=0.90),validation
2022-04-19,2022-04-20,2.4245124341762705,1.4987669521752194,EWMA(lambda=0.90),validation
2022-04-20,2022-04-21,1.1096389974683569,1.5913415003753244,EWMA(lambda=0.90),validation
2022-04-21,2022-04-22,0.4305144066915168,1.5431712500846275,EWMA(lambda=0.90),validation
2022-04-22,2022-04-25,25.802530842890924,1.4319055657453164,EWMA(lambda=0.90),validation
2022-04-25,2022-04-26,5.2624054883690112,3.8689680934598769,EWMA(lambda=0.90),validation
2022-04-26,2022-04-27,0.8508547277394044,4.0083118329507901,EWMA(lambda=0.90),validation
2022-04-27,2022-04-28,0.042256392588846503,3.6925661224296515,EWMA(lambda=0.90),validation
2022-04-28,2022-04-29,1.3536355027087716,3.3275351494455712,EWMA(lambda=0.90),validation
2022-04-29,2022-05-04,1.7811317821270536,3.1301451847718913,EWMA(lambda=0.90),validation
2022-05-04,2022-05-05,0.78468388500352293,2.9952438445074074,EWMA(lambda=0.90),validation
2022-05-05,2022-05-06,5.4579137848563812,2.7741878485570193,EWMA(lambda=0.90),validation
2022-05-06,2022-05-09,21.072463768437071,3.0425604421869554,EWMA(lambda=0.90),validation
2022-05-09,2022-05-10,3.4895974437640893,4.8455507748119668,EWMA(lambda=0.90),validation
2022-05-10,2022-05-11,0.37728932433236539,4.7099554417071792,EWMA(lambda=0.90),validation
2022-05-11,2022-05-12,24.369069377939013,4.2766888299696983,EWMA(lambda=0.90),validation
2022-05-12,2022-05-13,21.452008293001722,6.2859268847666296,EWMA(lambda=0.90),validation
2022-05-13,2022-05-16,0.84458250504317545,7.8025350255901387,EWMA(lambda=0.90),validation
2022-05-16,2022-05-17,22.107919229005859,7.1067397735354421,EWMA(lambda=0.90),validation
2022-05-17,2022-05-18,1.0072145297005026,8.606857719082484,EWMA(lambda=0.90),validation
2022-05-18,2022-05-19,0.0050266870380627996,7.8468934001442854,EWMA(lambda=0.90),validation
2022-05-19,2022-05-20,0.0056143553761865998,7.0627067288336631,EWMA(lambda=0.90),validation
2022-05-20,2022-05-23,3.1715419491716648,6.3569974914879159,EWMA(lambda=0.90),validation
2022-05-23,2022-05-24,1.4121508187671683,6.0384519372562906,EWMA(lambda=0.90),validation
2022-05-24,2022-05-25,7.8520710429435177,5.5758218254073784,EWMA(lambda=0.90),validation
2022-05-25,2022-05-26,0.0001218078083452,5.8034467471609918,EWMA(lambda=0.90),validation
2022-05-26,2022-05-27,1.7473058686763649,5.2231142532257273,EWMA(lambda=0.90),validation
2022-05-27,2022-05-30,0.4313230278725308,4.8755334147707909,EWMA(lambda=0.90),validation
2022-05-30,2022-05-31,0.0091927379819102002,4.4311123760809652,EWMA(lambda=0.90),validation
2022-05-31,2022-06-01,0.2785076944454149,3.9889204122710598,EWMA(lambda=0.90),validation
2022-06-01,2022-06-02,0.70948397872247548,3.6178791404884953,EWMA(lambda=0.90),validation
2022-06-02,2022-06-03,0.0024678908753367999,3.3270396243118934,EWMA(lambda=0.90),validation
2022-06-03,2022-06-06,0.024802176279432601,2.9945824509682377,EWMA(lambda=0.90),validation
2022-06-06,2022-06-07,0.010778852126334899,2.6976044234993575,EWMA(lambda=0.90),validation
2022-06-07,2022-06-08,1.62365203625605,2.4289218663620553,EWMA(lambda=0.90),validation
2022-06-08,2022-06-09,7.0740182633816345e-05,2.348394883351455,EWMA(lambda=0.90),validation
2022-06-09,2022-06-10,3.3503010196293248,2.1135624690345729,EWMA(lambda=0.90),validation
2022-06-10,2022-06-13,20.645885424063842,2.2372363240940478,EWMA(lambda=0.90),validation
2022-06-13,2022-06-14,0.070830771881659496,4.0781012340910276,EWMA(lambda=0.90),validation
2022-06-14,2022-06-15,1.796441565238617,3.677374187870091,EWMA(lambda=0.90),validation
2022-06-15,2022-06-16,3.432463040017097,3.4892809256069435,EWMA(lambda=0.90),validation
2022-06-16,2022-06-17,2.4820888579092317,3.4835991370479591,EWMA(lambda=0.90),validation
2022-06-17,2022-06-20,9.4752705118159408,3.3834481091340867,EWMA(lambda=0.90),validation
2022-06-20,2022-06-21,0.45437433243492231,3.9926303494022717,EWMA(lambda=0.90),validation
2022-06-21,2022-06-22,0.074693556723430102,3.638804747705537,EWMA(lambda=0.90),validation
2022-06-22,2022-06-23,2.766255864563167,3.2823936286073265,EWMA(lambda=0.90),validation
2022-06-23,2022-06-24,0.082021042434514593,3.2307798522029105,EWMA(lambda=0.90),validation
2022-06-24,2022-06-27,2.1086071885158946,2.9159039712260708,EWMA(lambda=0.90),validation
2022-06-27,2022-06-28,1.5935194084964921,2.8351742929550534,EWMA(lambda=0.90),validation
2022-06-28,2022-06-29,6.7396552049121473e-07,2.7110088045091976,EWMA(lambda=0.90),validation
2022-06-29,2022-06-30,2.8779439800812714,2.4399079914548296,EWMA(lambda=0.90),validation
2022-06-30,2022-07-01,0.0117704187689308,2.483711590317474,EWMA(lambda=0.90),validation
2022-07-01,2022-07-04,0.079234820105221093,2.2365174731626198,EWMA(lambda=0.90),validation
2022-07-04,2022-07-05,1.4358126528100246,2.0207892078568799,EWMA(lambda=0.90),validation
2022-07-05,2022-07-06,7.389865614079536,1.9622915523521944,EWMA(lambda=0.90),validation
2022-07-06,2022-07-07,2.1222407761584665,2.5050489585249287,EWMA(lambda=0.90),validation
2022-07-07,2022-07-08,0.1707436242121409,2.4667681402882824,EWMA(lambda=0.90),validation
2022-07-08,2022-07-11,1.896510687995091,2.2371656886806681,EWMA(lambda=0.90),validation
2022-07-11,2022-07-12,2.8101659729648394,2.2031001886121104,EWMA(lambda=0.90),validation
2022-07-12,2022-07-13,0.0058732050643028003,2.2638067670473832,EWMA(lambda=0.90),validation
2022-07-13,2022-07-14,0.49044203565140643,2.0380134108490751,EWMA(lambda=0.90),validation
2022-07-14,2022-07-15,0.061161716110138799,1.8832562733293081,EWMA(lambda=0.90),validation
2022-07-15,2022-07-18,0.054906510089694403,1.7010468176073912,EWMA(lambda=0.90),validation
2022-07-18,2022-07-19,0.024421952526729799,1.5364327868556216,EWMA(lambda=0.90),validation
2022-07-19,2022-07-20,1.7763769532234184,1.3852317034227324,EWMA(lambda=0.90),validation
2022-07-20,2022-07-21,0.13100651843170319,1.424346228402801,EWMA(lambda=0.90),validation
2022-07-21,2022-07-22,0.096125725330880096,1.2950122574056913,EWMA(lambda=0.90),validation
2022-07-22,2022-07-25,0.27597377062288447,1.1751236041982103,EWMA(lambda=0.90),validation
2022-07-25,2022-07-26,0.083530435869409406,1.0852086208406777,EWMA(lambda=0.90),validation
2022-07-26,2022-07-27,0.2525093111697122,0.98504080234355085,EWMA(lambda=0.90),validation
2022-07-27,2022-07-28,2.0273651386025402,0.91178765322616695,EWMA(lambda=0.90),validation
2022-07-28,2022-07-29,0.021985167566221299,1.0233454017638042,EWMA(lambda=0.90),validation
2022-07-29,2022-08-01,4.2141667495043409,0.92320937834404582,EWMA(lambda=0.90),validation
2022-08-01,2022-08-02,0.68987145622131885,1.2523051154600753,EWMA(lambda=0.90),validation
2022-08-02,2022-08-03,0.42700400100215208,1.1960617495361996,EWMA(lambda=0.90),validation
2022-08-03,2022-08-04,0.1229567831793093,1.1191559746827948,EWMA(lambda=0.90),validation
2022-08-04,2022-08-05,0.0126539977340546,1.0195360555324462,EWMA(lambda=0.90),validation
2022-08-05,2022-08-08,0.1021359274837244,0.91884784975260703,EWMA(lambda=0.90),validation
2022-08-08,2022-08-09,0.027875047136720101,0.83717665752571879,EWMA(lambda=0.90),validation
2022-08-09,2022-08-10,0.034913960884628302,0.75624649648681896,EWMA(lambda=0.90),validation
2022-08-10,2022-08-11,0.12474291780580279,0.68411324292659992,EWMA(lambda=0.90),validation
2022-08-11,2022-08-12,0.66602540867553139,0.62817621041452021,EWMA(lambda=0.90),validation
2022-08-12,2022-08-15,0.87596703607901616,0.63196113024062128,EWMA(lambda=0.90),validation
2022-08-15,2022-08-16,0.0014782571055336001,0.65636172082446076,EWMA(lambda=0.90),validation
2022-08-16,2022-08-17,0.0021413807191484999,0.59087337445256805,EWMA(lambda=0.90),validation
2022-08-17,2022-08-18,0.016157378993517602,0.53200017507922615,EWMA(lambda=0.90),validation
2022-08-18,2022-08-19,0.12415918384401101,0.48041589547065533,EWMA(lambda=0.90),validation
2022-08-19,2022-08-22,0.47859970073114488,0.44479022430799092,EWMA(lambda=0.90),validation
2022-08-22,2022-08-23,0.67265584067845019,0.44817117195030631,EWMA(lambda=0.90),validation
2022-08-23,2022-08-24,0.24843948460769549,0.47061963882312069,EWMA(lambda=0.90),validation
2022-08-24,2022-08-25,0.83443864771242793,0.44840162340157819,EWMA(lambda=0.90),validation
2022-08-25,2022-08-26,0.2408597797174897,0.48700532583266315,EWMA(lambda=0.90),validation
2022-08-26,2022-08-29,0.84994645363208587,0.4623907712211458,EWMA(lambda=0.90),validation
2022-08-29,2022-08-30,0.45384183565101638,0.50114633946223985,EWMA(lambda=0.90),validation
2022-08-30,2022-08-31,0.0076568491567018003,0.49641588908111756,EWMA(lambda=0.90),validation
2022-08-31,2022-09-05,0.061049351862573001,0.44753998508867598,EWMA(lambda=0.90),validation
2022-09-05,2022-09-06,1.5321566993151951e-05,0.40889092176606573,EWMA(lambda=0.90),validation
2022-09-06,2022-09-07,7.3778473288265829,0.36800336174615844,EWMA(lambda=0.90),validation
2022-09-07,2022-09-08,0.47852333202977398,1.0689877584542007,EWMA(lambda=0.90),validation
2022-09-08,2022-09-09,1.3041739898741895,1.0099413158117581,EWMA(lambda=0.90),validation
2022-09-09,2022-09-12,0.0045216261697539999,1.0393645832180012,EWMA(lambda=0.90),validation
2022-09-12,2022-09-13,0.0095408682654197999,0.93588028751317653,EWMA(lambda=0.90),validation
2022-09-13,2022-09-14,0.37583971610067418,0.84324634558840084,EWMA(lambda=0.90),validation
2022-09-14,2022-09-15,0.15471283886026771,0.79650568263962818,EWMA(lambda=0.90),validation
2022-09-15,2022-09-16,0.63928484211408321,0.73232639826169221,EWMA(lambda=0.90),validation
2022-09-16,2022-09-19,6.167092365627429,0.72302224264693127,EWMA(lambda=0.90),validation
2022-09-19,2022-09-20,1.2403443891166936,1.267429254944981,EWMA(lambda=0.90),validation
2022-09-20,2022-09-21,0.47590998516211891,1.2647207683621524,EWMA(lambda=0.90),validation
2022-09-21,2022-09-22,0.11712349031286159,1.1858396900421491,EWMA(lambda=0.90),validation
2022-09-22,2022-09-23,0.89226374920099449,1.0789680700692204,EWMA(lambda=0.90),validation
2022-09-23,2022-09-26,5.9225833651914828,1.0602976379823976,EWMA(lambda=0.90),validation
2022-09-26,2022-09-27,0.4452493243663706,1.546526210703306,EWMA(lambda=0.90),validation
2022-09-27,2022-09-28,3.9376181571955216,1.4363985220696125,EWMA(lambda=0.90),validation
2022-09-28,2022-09-29,2.3916545786149719,1.6865204855822031,EWMA(lambda=0.90),validation
2022-09-29,2022-09-30,0.28616652288077532,1.7570338948854798,EWMA(lambda=0.90),validation
2022-09-30,2022-10-03,16.955331578512116,1.6099471576850093,EWMA(lambda=0.90),validation
2022-10-03,2022-10-04,0.58812975265767731,3.1444855997677195,EWMA(lambda=0.90),validation
2022-10-04,2022-10-05,5.7303230555021996,2.8888500150567156,EWMA(lambda=0.90),validation
2022-10-05,2022-10-06,7.4536519363589209,3.1729973191012637,EWMA(lambda=0.90),validation
2022-10-06,2022-10-07,13.391049366085785,3.601062780827029,EWMA(lambda=0.90),validation
2022-10-07,2022-10-10,0.39970495793552219,4.5800614393529049,EWMA(lambda=0.90),validation
2022-10-10,2022-10-11,12.54691927074426,4.1620257912111667,EWMA(lambda=0.90),validation
2022-10-11,2022-10-12,7.860720182392412,5.0005151391644755,EWMA(lambda=0.90),validation
2022-10-12,2022-10-13,2.4070722291092697,5.2865356434872695,EWMA(lambda=0.90),validation
2022-10-13,2022-10-14,1.0568030806874944,4.9985893020494689,EWMA(lambda=0.90),validation
2022-10-14,2022-10-17,0.94456528383083083,4.604410679913272,EWMA(lambda=0.90),validation
2022-10-17,2022-10-18,1.3046199093779349,4.2384261403050285,EWMA(lambda=0.90),validation
2022-10-18,2022-10-19,0.1143012847418557,3.9450455172123191,EWMA(lambda=0.90),validation
2022-10-19,2022-10-20,0.023389721624898701,3.5619710939652731,EWMA(lambda=0.90),validation
2022-10-20,2022-10-21,13.823102148731785,3.2081129567312359,EWMA(lambda=0.90),validation
2022-10-21,2022-10-24,11.271427882466639,4.2696118759312904,EWMA(lambda=0.90),validation
2022-10-24,2022-10-25,0.25528199630609211,4.9697934765848251,EWMA(lambda=0.90),validation
2022-10-25,2022-10-26,0.23225521751721259,4.4983423285569524,EWMA(lambda=0.90),validation
2022-10-26,2022-10-27,17.476545289293156,4.0717336174529786,EWMA(lambda=0.90),validation
2022-10-27,2022-10-28,0.0040004302898496999,5.4122147846369959,EWMA(lambda=0.90),validation
2022-10-28,2022-10-31,0.0031854115983690002,4.8713933492022816,EWMA(lambda=0.90),validation
2022-10-31,2022-11-01,0.31766387299461107,4.3845725554418902,EWMA(lambda=0.90),validation
2022-11-01,2022-11-02,1.0542708806933592,3.9778816871971623,EWMA(lambda=0.90),validation
2022-11-02,2022-11-03,0.1094857130367321,3.685520606546782,EWMA(lambda=0.90),validation
2022-11-03,2022-11-04,5.049190747098641,3.3279171171957773,EWMA(lambda=0.90),validation
2022-11-04,2022-11-07,4.9590329221235496,3.5000444801860633,EWMA(lambda=0.90),validation
2022-11-07,2022-11-08,0.4359307936718208,3.6459433243798118,EWMA(lambda=0.90),validation
2022-11-08,2022-11-09,0.16044969786857641,3.324942071309013,EWMA(lambda=0.90),validation
2022-11-09,2022-11-10,15.751336654060546,3.008492833964969,EWMA(lambda=0.90),validation
2022-11-10,2022-11-11,0.58776445402975408,4.2827772159745265,EWMA(lambda=0.90),validation
2022-11-11,2022-11-14,2.0259041819688481,3.9132759397800494,EWMA(lambda=0.90),validation
2022-11-14,2022-11-15,9.8943663493469458,3.7245387639989294,EWMA(lambda=0.90),validation
2022-11-15,2022-11-16,11.17558049000805,4.3415215225337311,EWMA(lambda=0.90),validation
2022-11-16,2022-11-17,7.6025165016056349,5.0249274192811626,EWMA(lambda=0.90),validation
2022-11-17,2022-11-18,5.2153581224377669e-05,5.2826863275136091,EWMA(lambda=0.90),validation
2022-11-18,2022-11-21,0.80909530493997062,4.754422910120371,EWMA(lambda=0.90),validation
2022-11-21,2022-11-22,0.7954965643291928,4.3598901496023315,EWMA(lambda=0.90),validation
2022-11-22,2022-11-23,0.4158325821141256,4.0034507910750179,EWMA(lambda=0.90),validation
2022-11-23,2022-11-24,0.032615609828184601,3.6446889701789287,EWMA(lambda=0.90),validation
2022-11-24,2022-11-25,6.1263904146064352,3.2834816341438544,EWMA(lambda=0.90),validation
2022-11-25,2022-11-28,11.991716268860509,3.5677725121901127,EWMA(lambda=0.90),validation
2022-11-28,2022-11-29,6.7495108391541256,4.4101668878571525,EWMA(lambda=0.90),validation
2022-11-29,2022-11-30,2.4431488019656613,4.64410128298685,EWMA(lambda=0.90),validation
2022-11-30,2022-12-01,1.3565007887137526,4.4240060348847319,EWMA(lambda=0.90),validation
2022-12-01,2022-12-02,17.084105039989844,4.1172555102676336,EWMA(lambda=0.90),validation
2022-12-02,2022-12-05,1.5797254157342264,5.4139404632398538,EWMA(lambda=0.90),validation
2022-12-05,2022-12-06,17.637687522394646,5.0305189584892913,EWMA(lambda=0.90),validation
2022-12-06,2022-12-07,0.53886822755703445,6.2912358148798262,EWMA(lambda=0.90),validation
2022-12-07,2022-12-08,0.82697143524523231,5.7159990561475471,EWMA(lambda=0.90),validation
2022-12-08,2022-12-09,0.014827711622531801,5.2270962940573158,EWMA(lambda=0.90),validation
2022-12-09,2022-12-12,3.5895074254645789,4.7058694358138373,EWMA(lambda=0.90),validation
2022-12-12,2022-12-13,2.1880754664799307,4.5942332347789119,EWMA(lambda=0.90),validation
2022-12-13,2022-12-14,0.080710830911889894,4.3536174579490137,EWMA(lambda=0.90),validation
2022-12-14,2022-12-15,0.21570770200572381,3.9263267952453016,EWMA(lambda=0.90),validation
2022-12-15,2022-12-16,0.072617015649584005,3.5552648859213436,EWMA(lambda=0.90),validation
2022-12-16,2022-12-19,1.8139287052925059,3.2070000988941678,EWMA(lambda=0.90),validation
2022-12-19,2022-12-20,2.1946973166474533,3.0676929595340017,EWMA(lambda=0.90),validation
2022-12-20,2022-12-21,0.17327000043560159,2.980393395245347,EWMA(lambda=0.90),validation
2022-12-21,2022-12-22,0.1335316168500294,2.6996810557643727,EWMA(lambda=0.90),validation
2022-12-22,2022-12-23,0.049385173953065298,2.4430661118729384,EWMA(lambda=0.90),validation
2022-12-23,2022-12-26,12.275470581243656,2.2036980180809516,EWMA(lambda=0.90),validation
2022-12-26,2022-12-27,3.78693616836278,3.210875274397222,EWMA(lambda=0.90),validation
2022-12-27,2022-12-28,1.2053971949970186,3.2684813637937777,EWMA(lambda=0.90),validation
2022-12-28,2022-12-29,0.3958340163318585,3.0621729469141021,EWMA(lambda=0.90),validation
2022-12-29,2022-12-30,0.047616879962563002,2.7955390538558778,EWMA(lambda=0.90),validation
2023-01-03,2023-01-04,0.054953593087740199,3.5573899137281684,EWMA(lambda=0.90),test
2023-01-04,2023-01-05,0.81176469101538784,3.2071462816641256,EWMA(lambda=0.90),test
2023-01-05,2023-01-06,0.172811729353928,2.9676081225992519,EWMA(lambda=0.90),test
2023-01-06,2023-01-09,0.069222560763678095,2.6881284832747196,EWMA(lambda=0.90),test
2023-01-09,2023-01-10,0.0066603499297190998,2.4262378910236158,EWMA(lambda=0.90),test
2023-01-10,2023-01-11,0.052227109776663602,2.184280136914226,EWMA(lambda=0.90),test
2023-01-11,2023-01-12,0.0035587018238325998,1.9710748342004698,EWMA(lambda=0.90),test
2023-01-12,2023-01-13,0.12758021973973241,1.7743232209628061,EWMA(lambda=0.90),test
2023-01-13,2023-01-16,0.37475803914331501,1.6096489208404987,EWMA(lambda=0.90),test
2023-01-16,2023-01-17,4.0226864664885973,1.4861598326707803,EWMA(lambda=0.90),test
2023-01-17,2023-01-18,0.83496878717734035,1.7398124960525621,EWMA(lambda=0.90),test
2023-01-18,2023-01-19,0.78916007246106656,1.6493281251650398,EWMA(lambda=0.90),test
2023-01-19,2023-01-27,0.65727562717650334,1.5633113198946424,EWMA(lambda=0.90),test
2023-01-27,2023-01-30,1.7140630852404162,1.4727077506228285,EWMA(lambda=0.90),test
2023-01-30,2023-01-31,0.60508101333883568,1.4968432840845873,EWMA(lambda=0.90),test
2023-01-31,2023-02-01,10.368357126316685,1.407667057010012,EWMA(lambda=0.90),test
2023-02-01,2023-02-02,0.0226347776228954,2.3037360639406792,EWMA(lambda=0.90),test
2023-02-02,2023-02-03,0.0016679215067438001,2.0756259353089006,EWMA(lambda=0.90),test
2023-02-03,2023-02-06,1.2560679236888641,1.8682301339286849,EWMA(lambda=0.90),test
2023-02-06,2023-02-07,4.7362325870678692,1.8070139129047027,EWMA(lambda=0.90),test
2023-02-07,2023-02-08,0.35617558780737379,2.0999357803210192,EWMA(lambda=0.90),test
2023-02-08,2023-02-09,0.58793308346979078,1.9255597610696549,EWMA(lambda=0.90),test
2023-02-09,2023-02-10,0.67872870976135957,1.7917970933096685,EWMA(lambda=0.90),test
2023-02-10,2023-02-13,1.2216869517708149,1.6804902549548377,EWMA(lambda=0.90),test
2023-02-13,2023-02-14,0.23618888248719341,1.6346099246364354,EWMA(lambda=0.90),test
2023-02-14,2023-02-15,0.83946684258344462,1.4947678204215114,EWMA(lambda=0.90),test
2023-02-15,2023-02-16,0.91776219330141962,1.4292377226377047,EWMA(lambda=0.90),test
2023-02-16,2023-02-17,0.0092805250097098002,1.3780901697040762,EWMA(lambda=0.90),test
2023-02-17,2023-02-20,6.5120027805737646,1.2412092052346395,EWMA(lambda=0.90),test
2023-02-20,2023-02-21,0.1691390418565458,1.7682885627685518,EWMA(lambda=0.90),test
2023-02-21,2023-02-22,6.8464164091305593,1.6083736106773512,EWMA(lambda=0.90),test
2023-02-22,2023-02-23,0.0034604047962045999,2.132177890522672,EWMA(lambda=0.90),test
2023-02-23,2023-02-24,1.8150207850841689,1.9193061419500255,EWMA(lambda=0.90),test
2023-02-24,2023-02-27,3.1577928002505518,1.9088776062634398,EWMA(lambda=0.90),test
2023-02-27,2023-02-28,0.1124261928232939,2.0337691256621508,EWMA(lambda=0.90),test
2023-02-28,2023-03-01,2.3620772224415232,1.8416348323782652,EWMA(lambda=0.90),test
2023-03-01,2023-03-02,0.080056623450727699,1.893679071384591,EWMA(lambda=0.90),test
2023-03-02,2023-03-03,1.5504718457013609,1.7123168265912048,EWMA(lambda=0.90),test
2023-03-03,2023-03-06,0.055177361293275599,1.6961323285022203,EWMA(lambda=0.90),test
2023-03-06,2023-03-07,1.0659420423683896,1.5320368317813258,EWMA(lambda=0.90),test
2023-03-07,2023-03-08,1.180976964777076,1.4854273528400321,EWMA(lambda=0.90),test
2023-03-08,2023-03-09,0.4136971055728827,1.4549823140337366,EWMA(lambda=0.90),test
2023-03-09,2023-03-10,0.078265798957638993,1.3508537931876512,EWMA(lambda=0.90),test
2023-03-10,2023-03-13,0.0003608159625681,1.22359499376465,EWMA(lambda=0.90),test
2023-03-13,2023-03-14,1.4659340258862177,1.1012715759844418,EWMA(lambda=0.90),test
2023-03-14,2023-03-15,4.4045875246852493,1.1377378209746194,EWMA(lambda=0.90),test
2023-03-15,2023-03-16,1.966140070411206,1.4644227913456824,EWMA(lambda=0.90),test
2023-03-16,2023-03-17,0.046658381558347402,1.5145945192522348,EWMA(lambda=0.90),test
2023-03-17,2023-03-20,4.5427013460226249,1.3678009054828459,EWMA(lambda=0.90),test
2023-03-20,2023-03-21,0.82410320787634761,1.6852909495368238,EWMA(lambda=0.90),test
2023-03-21,2023-03-22,0.61223774001510756,1.5991721753707762,EWMA(lambda=0.90),test
2023-03-22,2023-03-23,0.19121077676001619,1.5004787318352093,EWMA(lambda=0.90),test
2023-03-23,2023-03-24,0.026106935838979401,1.36955193632769,EWMA(lambda=0.90),test
2023-03-24,2023-03-27,0.2706486133246383,1.235207436278819,EWMA(lambda=0.90),test
2023-03-27,2023-03-28,0.037512946479207498,1.138751553983401,EWMA(lambda=0.90),test
2023-03-28,2023-03-29,0.037368055418671497,1.0286276932329816,EWMA(lambda=0.90),test
2023-03-29,2023-03-30,0.086426014311303298,0.92950172945155063,EWMA(lambda=0.90),test
2023-03-30,2023-03-31,0.23973236755172689,0.84519415793752595,EWMA(lambda=0.90),test
2023-03-31,2023-04-03,1.8652562093058924,0.78464797889894611,EWMA(lambda=0.90),test
2023-04-03,2023-04-04,0.0059186412860022996,0.89270880193964075,EWMA(lambda=0.90),test
2023-04-04,2023-04-05,0.049826966184738301,0.80402978587427698,EWMA(lambda=0.90),test
2023-04-05,2023-04-06,0.85530428364374056,0.72860950390532309,EWMA(lambda=0.90),test
2023-04-06,2023-04-07,0.012570235579155299,0.74127898187916486,EWMA(lambda=0.90),test
2023-04-07,2023-04-10,0.1668068990512428,0.668408107249164,EWMA(lambda=0.90),test
2023-04-10,2023-04-11,0.14826076997844051,0.61824798642937184,EWMA(lambda=0.90),test
2023-04-11,2023-04-12,8.7432917322726623e-07,0.57124926478427862,EWMA(lambda=0.90),test
2023-04-12,2023-04-13,0.2330177840007939,0.51412442573876815,EWMA(lambda=0.90),test
2023-04-13,2023-04-14,1.1617696349612645,0.48601376156497078,EWMA(lambda=0.90),test
2023-04-14,2023-04-17,0.0076283447272982004,0.5535893489046001,EWMA(lambda=0.90),test
2023-04-17,2023-04-18,0.0131688449679895,0.49899324848686993,EWMA(lambda=0.90),test
2023-04-18,2023-04-19,0.32964370267322718,0.45041080813498191,EWMA(lambda=0.90),test
2023-04-19,2023-04-20,0.00066234054347850003,0.43833409758880648,EWMA(lambda=0.90),test
2023-04-20,2023-04-21,0.36732575232116982,0.39456692188427372,EWMA(lambda=0.90),test
2023-04-21,2023-04-24,0.022121551992183699,0.39184280492796336,EWMA(lambda=0.90),test
2023-04-24,2023-04-25,0.39326224853539848,0.3548706796343854,EWMA(lambda=0.90),test
2023-04-25,2023-04-26,0.32869118288941701,0.35870983652448674,EWMA(lambda=0.90),test
2023-04-26,2023-04-27,0.012651021417117599,0.35570797116097974,EWMA(lambda=0.90),test
2023-04-27,2023-04-28,0.82570605057051394,0.32140227618659356,EWMA(lambda=0.90),test
2023-04-28,2023-05-04,0.66335125948794804,0.37183265362498558,EWMA(lambda=0.90),test
2023-05-04,2023-05-05,0.00083136500232890002,0.40098451421128178,EWMA(lambda=0.90),test
2023-05-05,2023-05-08,1.5730813455266768,0.36096919929038651,EWMA(lambda=0.90),test
2023-05-08,2023-05-09,0.00098100730413910008,0.48218041391401556,EWMA(lambda=0.90),test
2023-05-09,2023-05-10,0.18078142955884491,0.43406047325302788,EWMA(lambda=0.90),test
2023-05-10,2023-05-11,0.0116169732719969,0.40873256888360959,EWMA(lambda=0.90),test
2023-05-11,2023-05-12,0.84806010974265345,0.3690210093224483,EWMA(lambda=0.90),test
2023-05-12,2023-05-15,0.0124546383596074,0.41692491936446879,EWMA(lambda=0.90),test
2023-05-15,2023-05-16,0.00035212788034549999,0.37647789126398268,EWMA(lambda=0.90),test
2023-05-16,2023-05-17,0.26470799405580908,0.33886531492561894,EWMA(lambda=0.90),test
2023-05-17,2023-05-18,0.54671890468514306,0.33144958283863796,EWMA(lambda=0.90),test
2023-05-18,2023-05-19,0.013488172692127501,0.35297651502328847,EWMA(lambda=0.90),test
2023-05-19,2023-05-22,0.1115577260954784,0.31902768079017241,EWMA(lambda=0.90),test
2023-05-22,2023-05-23,0.2010623455676166,0.29828068532070307,EWMA(lambda=0.90),test
2023-05-23,2023-05-24,0.14565212315518511,0.28855885134539438,EWMA(lambda=0.90),test
2023-05-24,2023-05-25,0.0713508401309495,0.27426817852637347,EWMA(lambda=0.90),test
2023-05-25,2023-05-26,0.0066833795489050002,0.25397644468683106,EWMA(lambda=0.90),test
2023-05-26,2023-05-29,1.1008741895280585,0.22924713817303846,EWMA(lambda=0.90),test
2023-05-29,2023-05-30,0.0813274524532,0.31640984330854044,EWMA(lambda=0.90),test
2023-05-30,2023-05-31,0.071559726935141899,0.29290160422300637,EWMA(lambda=0.90),test
2023-05-31,2023-06-01,0.089424893137780598,0.27076741649421993,EWMA(lambda=0.90),test
2023-06-01,2023-06-02,1.3176407801372392,0.25263316415857601,EWMA(lambda=0.90),test
2023-06-02,2023-06-05,0.40683394286082958,0.35913392575644232,EWMA(lambda=0.90),test
2023-06-05,2023-06-06,0.90438908669609164,0.36390392746688105,EWMA(lambda=0.90),test
2023-06-06,2023-06-07,0.0123028566285396,0.41795244338980209,EWMA(lambda=0.90),test
2023-06-07,2023-06-08,0.55294908559047973,0.37738748471367584,EWMA(lambda=0.90),test
2023-06-08,2023-06-09,0.3161644467066298,0.39494364480135619,EWMA(lambda=0.90),test
2023-06-09,2023-06-12,0.58315740331640908,0.38706572499188358,EWMA(lambda=0.90),test
2023-06-12,2023-06-13,0.33107598933529359,0.40667489282433611,EWMA(lambda=0.90),test
2023-06-13,2023-06-14,0.20252238175878409,0.39911500247543186,EWMA(lambda=0.90),test
2023-06-14,2023-06-15,0.0016224341258812001,0.37945574040376706,EWMA(lambda=0.90),test
2023-06-15,2023-06-16,0.024585211583996,0.34167240977597851,EWMA(lambda=0.90),test
2023-06-16,2023-06-19,0.78224020725381849,0.30996368995678031,EWMA(lambda=0.90),test
2023-06-19,2023-06-20,0.32502599858767561,0.35719134168648409,EWMA(lambda=0.90),test
2023-06-20,2023-06-21,0.36534451810351271,0.35397480737660325,EWMA(lambda=0.90),test
2023-06-21,2023-06-22,0.37172526729606908,0.3551117784492942,EWMA(lambda=0.90),test
2023-06-22,2023-06-23,0.13098194666076279,0.35677312733397171,EWMA(lambda=0.90),test
2023-06-23,2023-06-26,0.054927966371072799,0.33419400926665083,EWMA(lambda=0.90),test
2023-06-26,2023-06-27,0.041196295864095803,0.30626740497709304,EWMA(lambda=0.90),test
2023-06-27,2023-06-28,0.12515160489002539,0.27976029406579334,EWMA(lambda=0.90),test
2023-06-28,2023-06-29,1.3110715533307906,0.26429942514821653,EWMA(lambda=0.90),test
2023-06-29,2023-06-30,0.21531971740853331,0.36897663796647395,EWMA(lambda=0.90),test
2023-06-30,2023-07-03,0.22448593635937519,0.35361094591067987,EWMA(lambda=0.90),test
2023-07-03,2023-07-04,0.33161455720689398,0.34069844495554946,EWMA(lambda=0.90),test
2023-07-04,2023-07-05,0.053444808803369701,0.33979005618068392,EWMA(lambda=0.90),test
2023-07-05,2023-07-06,0.55218283681208635,0.31115553144295249,EWMA(lambda=0.90),test
2023-07-06,2023-07-07,1.0955709924740076,0.33525826197986586,EWMA(lambda=0.90),test
2023-07-07,2023-07-10,0.91691347773316245,0.41128953502928001,EWMA(lambda=0.90),test
2023-07-10,2023-07-11,0.057144157007867999,0.46185192929966823,EWMA(lambda=0.90),test
2023-07-11,2023-07-12,0.0444186703613796,0.42138115207048821,EWMA(lambda=0.90),test
2023-07-12,2023-07-13,0.93587703393857558,0.38368490389957738,EWMA(lambda=0.90),test
2023-07-13,2023-07-14,0.065216618534689103,0.43890411690347719,EWMA(lambda=0.90),test
2023-07-14,2023-07-17,0.1632239943294482,0.40153536706659843,EWMA(lambda=0.90),test
2023-07-17,2023-07-18,0.0066910598075561999,0.37770422979288343,EWMA(lambda=0.90),test
2023-07-18,2023-07-19,0.0089465157105592004,0.34060291279435073,EWMA(lambda=0.90),test
2023-07-19,2023-07-20,0.0002100775164203,0.30743727308597157,EWMA(lambda=0.90),test
2023-07-20,2023-07-21,1.2319670859049314,0.27671455352901647,EWMA(lambda=0.90),test
2023-07-21,2023-07-24,0.16452646387731301,0.37223980676660795,EWMA(lambda=0.90),test
2023-07-24,2023-07-25,0.18843185490810979,0.35146847247767848,EWMA(lambda=0.90),test
2023-07-25,2023-07-26,0.16993125746169269,0.33516481072072163,EWMA(lambda=0.90),test
2023-07-26,2023-07-27,0.085686995032794394,0.31864145539481875,EWMA(lambda=0.90),test
2023-07-27,2023-07-28,0.7393945741890614,0.29534600935861632,EWMA(lambda=0.90),test
2023-07-28,2023-07-31,1.5705613280253743,0.33975086584166081,EWMA(lambda=0.90),test
2023-07-31,2023-08-01,0.19151398979284601,0.4628319120600321,EWMA(lambda=0.90),test
2023-08-01,2023-08-02,0.055431974198741803,0.43570011983331347,EWMA(lambda=0.90),test
2023-08-02,2023-08-03,0.60810053799267194,0.39767330526985634,EWMA(lambda=0.90),test
2023-08-03,2023-08-04,1.5216082607669985,0.41871602854213791,EWMA(lambda=0.90),test
2023-08-04,2023-08-07,1.5663427455149326,0.52900525176462398,EWMA(lambda=0.90),test
2023-08-07,2023-08-08,0.0042545072808971001,0.63273900113965487,EWMA(lambda=0.90),test
2023-08-08,2023-08-09,0.44293415134993153,0.56989055175377912,EWMA(lambda=0.90),test
2023-08-09,2023-08-10,1.1885552136056501,0.55719491171339441,EWMA(lambda=0.90),test
2023-08-10,2023-08-11,0.89464571874099819,0.62033094190261995,EWMA(lambda=0.90),test
2023-08-11,2023-08-14,0.14065760615290249,0.64776241958645786,EWMA(lambda=0.90),test
2023-08-14,2023-08-15,0.050999033242393903,0.59705193824310232,EWMA(lambda=0.90),test
2023-08-15,2023-08-16,0.55286938546203912,0.54244664774303153,EWMA(lambda=0.90),test
2023-08-16,2023-08-17,0.62370809265048321,0.54348892151493233,EWMA(lambda=0.90),test
2023-08-17,2023-08-18,21.187467781738864,0.55151083862848738,EWMA(lambda=0.90),test
2023-08-18,2023-08-21,0.022542972444489402,2.6151065329395244,EWMA(lambda=0.90),test
2023-08-21,2023-08-22,0.0038263943505653999,2.3558501768900211,EWMA(lambda=0.90),test
2023-08-22,2023-08-23,0.45430481850969828,2.1206477986360754,EWMA(lambda=0.90),test
2023-08-23,2023-08-24,2.0309607204003872,1.9540135006234378,EWMA(lambda=0.90),test
2023-08-24,2023-08-25,0.25748220091173618,1.9617082226011329,EWMA(lambda=0.90),test
2023-08-25,2023-08-28,2.3677711449578327,1.7912856204321932,EWMA(lambda=0.90),test
2023-08-28,2023-08-29,0.050740360047288498,1.8489341728847573,EWMA(lambda=0.90),test
2023-08-29,2023-08-30,0.52158723342778301,1.6691147916010103,EWMA(lambda=0.90),test
2023-08-30,2023-08-31,0.79861162658303297,1.5543620357836876,EWMA(lambda=0.90),test
2023-08-31,2023-09-05,0.79027525055567704,1.4787869948636221,EWMA(lambda=0.90),test
2023-09-05,2023-09-06,0.71949075750347757,1.4099358204328276,EWMA(lambda=0.90),test
2023-09-06,2023-09-07,0.035971628792988403,1.3408913141398926,EWMA(lambda=0.90),test
2023-09-07,2023-09-08,0.017854855637274299,1.2103993456052022,EWMA(lambda=0.90),test
2023-09-08,2023-09-11,2.097389099277001,1.0911448966084094,EWMA(lambda=0.90),test
2023-09-11,2023-09-12,3.1212396050656377,1.1917693168752685,EWMA(lambda=0.90),test
2023-09-12,2023-09-13,0.3222528903899724,1.3847163456943055,EWMA(lambda=0.90),test
2023-09-13,2023-09-14,1.4026151894519558,1.278470000163872,EWMA(lambda=0.90),test
2023-09-14,2023-09-15,0.083901637979210505,1.2908845190926805,EWMA(lambda=0.90),test
2023-09-15,2023-09-18,1.6257299462595711,1.1701862309813336,EWMA(lambda=0.90),test
2023-09-18,2023-09-19,0.00065458407409800003,1.2157406025091573,EWMA(lambda=0.90),test
2023-09-19,2023-09-20,1.4369523878233037,1.0942320006656514,EWMA(lambda=0.90),test
2023-09-20,2023-09-21,1.2021573804780938,1.1285040393814165,EWMA(lambda=0.90),test
2023-09-21,2023-09-22,2.67951003310709,1.1358693734910841,EWMA(lambda=0.90),test
2023-09-22,2023-09-25,11.541216926620844,1.2902334394526846,EWMA(lambda=0.90),test
2023-09-25,2023-09-26,1.7698314100181254,2.3153317881695004,EWMA(lambda=0.90),test
2023-09-26,2023-09-27,1.9229344679771441,2.2607817503543628,EWMA(lambda=0.90),test
2023-09-27,2023-09-28,0.0151639632836694,2.2269970221166409,EWMA(lambda=0.90),test
2023-09-28,2023-09-29,0.02224231577349,2.005813716233344,EWMA(lambda=0.90),test
2023-09-29,2023-10-02,0.0090750098350391006,1.8074565761873587,EWMA(lambda=0.90),test
2023-10-02,2023-10-03,10.683716279206385,1.6276184195521268,EWMA(lambda=0.90),test
2023-10-03,2023-10-04,0.88531768842861724,2.5332282055175526,EWMA(lambda=0.90),test
2023-10-04,2023-10-05,1.7375339257639013,2.3684371538086588,EWMA(lambda=0.90),test
2023-10-05,2023-10-06,1.7072998751511268,2.3053468310041829,EWMA(lambda=0.90),test
2023-10-06,2023-10-09,0.60606620738266559,2.2455421354188774,EWMA(lambda=0.90),test
2023-10-09,2023-10-10,0.30803497563665438,2.0815945426152562,EWMA(lambda=0.90),test
2023-10-10,2023-10-11,0.38516484622291081,1.9042385859173963,EWMA(lambda=0.90),test
2023-10-11,2023-10-12,0.0048291522978457999,1.7523312119479479,EWMA(lambda=0.90),test
2023-10-12,2023-10-13,0.073202016830635902,1.5775810059829376,EWMA(lambda=0.90),test
2023-10-13,2023-10-16,1.3440806213781142,1.4271431070677074,EWMA(lambda=0.90),test
2023-10-16,2023-10-17,3.0528077215190148,1.4188368584987481,EWMA(lambda=0.90),test
2023-10-17,2023-10-18,2.691074109609036,1.5822339448007745,EWMA(lambda=0.90),test
2023-10-18,2023-10-19,2.0144268459950192,1.6931179612816005,EWMA(lambda=0.90),test
2023-10-19,2023-10-20,3.37838828040453,1.7252488497529423,EWMA(lambda=0.90),test
2023-10-20,2023-10-23,1.7351918672263549,1.890562792818101,EWMA(lambda=0.90),test
2023-10-23,2023-10-24,1.2652847100550173,1.8750257002589263,EWMA(lambda=0.90),test
2023-10-24,2023-10-25,0.14755969201459029,1.8140516012385355,EWMA(lambda=0.90),test
2023-10-25,2023-10-26,18.362010800338208,1.6474024103161409,EWMA(lambda=0.90),test
2023-10-26,2023-10-27,0.2387716417217482,3.3188632493183472,EWMA(lambda=0.90),test
2023-10-27,2023-10-30,3.0025597858118136,3.0108540885586872,EWMA(lambda=0.90),test
2023-10-30,2023-10-31,1.8839681619493045,3.0100246582839998,EWMA(lambda=0.90),test
2023-10-31,2023-11-01,1.2307155015804141,2.8974190086505303,EWMA(lambda=0.90),test
2023-11-01,2023-11-02,11.467731176476716,2.7307486579435185,EWMA(lambda=0.90),test
2023-11-02,2023-11-03,0.0148189440021049,3.6044469097968381,EWMA(lambda=0.90),test
2023-11-03,2023-11-06,1.4138672012584073,3.2454841132173646,EWMA(lambda=0.90),test
2023-11-06,2023-11-07,0.74583904950092084,3.0623224220214689,EWMA(lambda=0.90),test
2023-11-07,2023-11-08,9.1299561441890873,2.8306740847694143,EWMA(lambda=0.90),test
2023-11-08,2023-11-09,0.0017061233763225,3.4606022907113814,EWMA(lambda=0.90),test
2023-11-09,2023-11-10,1.2148681903111338,3.1147126739778757,EWMA(lambda=0.90),test
2023-11-10,2023-11-13,0.021388281341415499,2.9247282256112017,EWMA(lambda=0.90),test
2023-11-13,2023-11-14,0.76438796121166241,2.6343942311842232,EWMA(lambda=0.90),test
2023-11-14,2023-11-15,1.3091016803635329,2.4473936041869675,EWMA(lambda=0.90),test
2023-11-15,2023-11-16,0.072667725855549301,2.3335644118046242,EWMA(lambda=0.90),test
2023-11-16,2023-11-17,4.7797426637969664,2.1074747432097167,EWMA(lambda=0.90),test
2023-11-17,2023-11-20,0.0501991268589152,2.3747015352684415,EWMA(lambda=0.90),test
2023-11-20,2023-11-21,0.3772925570702379,2.142251294427489,EWMA(lambda=0.90),test
2023-11-21,2023-11-22,0.0912767762573235,1.9657554206917638,EWMA(lambda=0.90),test
2023-11-22,2023-11-23,5.2919017472401251,1.7783075562483197,EWMA(lambda=0.90),test
2023-11-23,2023-11-24,0.42508719006186091,2.1296669753474999,EWMA(lambda=0.90),test
2023-11-24,2023-11-27,0.47817111758174308,1.9592089968189361,EWMA(lambda=0.90),test
2023-11-27,2023-11-28,0.45571765200021352,1.8111052088952169,EWMA(lambda=0.90),test
2023-11-28,2023-11-29,0.44962656293444248,1.6755664532057166,EWMA(lambda=0.90),test
2023-11-29,2023-11-30,0.62297448072995765,1.5529724641785891,EWMA(lambda=0.90),test
2023-11-30,2023-12-01,0.53470664817707558,1.459972665833726,EWMA(lambda=0.90),test
2023-12-01,2023-12-04,2.720585966130201,1.3674460640680608,EWMA(lambda=0.90),test
2023-12-04,2023-12-05,0.16338635098287799,1.5027600542742747,EWMA(lambda=0.90),test
2023-12-05,2023-12-06,0.87036915324670394,1.368822683945135,EWMA(lambda=0.90),test
2023-12-06,2023-12-07,0.19317618491479099,1.3189773308752919,EWMA(lambda=0.90),test
2023-12-07,2023-12-08,0.069010009987583804,1.206397216279242,EWMA(lambda=0.90),test
2023-12-08,2023-12-11,0.0088783019772855007,1.0926584956500762,EWMA(lambda=0.90),test
2023-12-11,2023-12-12,0.035747605507741101,0.98428047628279713,EWMA(lambda=0.90),test
2023-12-12,2023-12-13,1.4355458045904153,0.88942718920529151,EWMA(lambda=0.90),test
2023-12-13,2023-12-14,0.13392181931000391,0.94403905074380379,EWMA(lambda=0.90),test
2023-12-14,2023-12-15,0.50101192657028604,0.86302732760042378,EWMA(lambda=0.90),test
2023-12-15,2023-12-18,0.90210575747131339,0.82682578749740998,EWMA(lambda=0.90),test
2023-12-18,2023-12-19,0.16320731604618399,0.83435378449480035,EWMA(lambda=0.90),test
2023-12-19,2023-12-20,0.16483410228596221,0.76723913764993878,EWMA(lambda=0.90),test
2023-12-20,2023-12-21,0.022982072828040798,0.70699863411354114,EWMA(lambda=0.90),test
2023-12-21,2023-12-22,0.0032638555364340001,0.63859697798499104,EWMA(lambda=0.90),test
2023-12-22,2023-12-25,1.728982548756669,0.57506366574013534,EWMA(lambda=0.90),test
2023-12-25,2023-12-26,0.1679675706187517,0.69045555404178871,EWMA(lambda=0.90),test
2023-12-26,2023-12-27,0.00053686871094650005,0.63820675569948504,EWMA(lambda=0.90),test
2023-12-27,2023-12-28,0.38024329485239922,0.57443976700063115,EWMA(lambda=0.90),test
2023-12-28,2023-12-29,0.0078393746118935008,0.55502011978580801,EWMA(lambda=0.90),test
2023-12-29,2024-01-02,0.0250562134986935,0.5003020452684166,EWMA(lambda=0.90),test
2024-01-02,2024-01-03,1.1970294170488851,0.45277746209144432,EWMA(lambda=0.90),test
2024-01-03,2024-01-04,0.32585260920060027,0.52720265758718843,EWMA(lambda=0.90),test
2024-01-04,2024-01-05,0.1180208232703248,0.50706765274852961,EWMA(lambda=0.90),test
2024-01-05,2024-01-08,0.22662698242722459,0.46816296980070915,EWMA(lambda=0.90),test
2024-01-08,2024-01-09,0.019045001133196401,0.44400937106336069,EWMA(lambda=0.90),test
2024-01-09,2024-01-10,0.064666573871091093,0.40151293407034427,EWMA(lambda=0.90),test
2024-01-10,2024-01-11,0.0034252738431133,0.36782829805041894,EWMA(lambda=0.90),test
2024-01-11,2024-01-12,0.42138264575608492,0.3313879956296884,EWMA(lambda=0.90),test
2024-01-12,2024-01-15,0.0025242702278621999,0.34038746064232805,EWMA(lambda=0.90),test
2024-01-15,2024-01-16,0.60340283244538928,0.30660114160088148,EWMA(lambda=0.90),test
2024-01-16,2024-01-17,0.0025743958188707999,0.33628131068533229,EWMA(lambda=0.90),test
2024-01-17,2024-01-18,0.31375037739396178,0.30291061919868612,EWMA(lambda=0.90),test
2024-01-18,2024-01-19,1.1203821443093409,0.30399459501821369,EWMA(lambda=0.90),test
2024-01-19,2024-01-22,0.0132345962603059,0.38563334994732634,EWMA(lambda=0.90),test
2024-01-22,2024-01-23,0.20626928885078069,0.3483934745786243,EWMA(lambda=0.90),test
2024-01-23,2024-01-24,0.1485757892019817,0.33418105600583992,EWMA(lambda=0.90),test
2024-01-24,2024-01-25,0.049242084833856503,0.31562052932545409,EWMA(lambda=0.90),test
2024-01-25,2024-01-26,0.20414670895234729,0.28898268487629436,EWMA(lambda=0.90),test
2024-01-26,2024-01-29,2.893888078905973e-06,0.28049908728389966,EWMA(lambda=0.90),test
2024-01-29,2024-01-30,0.1130691080782245,0.25244946794431761,EWMA(lambda=0.90),test
2024-01-30,2024-01-31,1.7132578057426455,0.2385114319577083,EWMA(lambda=0.90),test
2024-01-31,2024-02-01,0.55546954834271556,0.38598606933620194,EWMA(lambda=0.90),test
2024-02-01,2024-02-02,0.0016060494837953001,0.4029344172368533,EWMA(lambda=0.90),test
2024-02-02,2024-02-05,1.312405125307974,0.36280158046154753,EWMA(lambda=0.90),test
2024-02-05,2024-02-06,0.041546270496194998,0.45776193494619016,EWMA(lambda=0.90),test
2024-02-06,2024-02-07,0.70906944353646806,0.41614036850119063,EWMA(lambda=0.90),test
2024-02-07,2024-02-15,0.10935700902327999,0.44543327600471838,EWMA(lambda=0.90),test
2024-02-15,2024-02-16,0.35636983619075219,0.41182564930657456,EWMA(lambda=0.90),test
2024-02-16,2024-02-19,1.5735090531706803,0.40628006799499228,EWMA(lambda=0.90),test
2024-02-19,2024-02-20,0.17194248282043381,0.52300296651256106,EWMA(lambda=0.90),test
2024-02-20,2024-02-21,2.643713937948573e-06,0.48789691814334835,EWMA(lambda=0.90),test
2024-02-21,2024-02-22,0.049368690526269299,0.43910749070040728,EWMA(lambda=0.90),test
2024-02-22,2024-02-23,1.5757517057356472,0.40013361068299347,EWMA(lambda=0.90),test
2024-02-23,2024-02-26,0.99823591623124919,0.51769542018825887,EWMA(lambda=0.90),test
2024-02-26,2024-02-27,1.1659309753224301,0.56574946979255791,EWMA(lambda=0.90),test
2024-02-27,2024-02-28,1.8813005066335944,0.62576762034554512,EWMA(lambda=0.90),test
2024-02-28,2024-02-29,0.0210764395400896,0.75132090897435,EWMA(lambda=0.90),test
2024-02-29,2024-03-01,0.1954116660389362,0.67829646203092397,EWMA(lambda=0.90),test
2024-03-01,2024-03-04,0.061724117373090498,0.63000798243172518,EWMA(lambda=0.90),test
2024-03-04,2024-03-05,0.45846568289887901,0.57317959592586176,EWMA(lambda=0.90),test
2024-03-05,2024-03-06,0.3277686759141466,0.56170820462316351,EWMA(lambda=0.90),test
2024-03-06,2024-03-07,0.20498459627575569,0.53831425175226177,EWMA(lambda=0.90),test
2024-03-07,2024-03-08,2.8164442926584838,0.50498128620461114,EWMA(lambda=0.90),test
2024-03-08,2024-03-11,0.91272197912284403,0.73612758684999835,EWMA(lambda=0.90),test
2024-03-11,2024-03-12,0.58796343698937747,0.75378702607728287,EWMA(lambda=0.90),test
2024-03-12,2024-03-13,4.1139460236120824,0.73720466716849231,EWMA(lambda=0.90),test
2024-03-13,2024-03-14,0.24318941577280029,1.0748788028128513,EWMA(lambda=0.90),test
2024-03-14,2024-03-15,0.0014420309906953001,0.99170986410884621,EWMA(lambda=0.90),test
2024-03-15,2024-03-18,2.6014451007111199,0.89268308079703107,EWMA(lambda=0.90),test
2024-03-18,2024-03-19,0.0078313418483015006,1.0635592827884399,EWMA(lambda=0.90),test
2024-03-19,2024-03-20,1.98300631416396,0.95798648869442604,EWMA(lambda=0.90),test
2024-03-20,2024-03-21,1.6599934627132109,1.0604884712413793,EWMA(lambda=0.90),test
2024-03-21,2024-03-22,0.17690904715867931,1.1204389703885624,EWMA(lambda=0.90),test
2024-03-22,2024-03-25,1.1957204376691162,1.0260859780655742,EWMA(lambda=0.90),test
2024-03-25,2024-03-26,1.266685379522265,1.0430494240259285,EWMA(lambda=0.90),test
2024-03-26,2024-03-27,0.0047070525559726002,1.0654130195755622,EWMA(lambda=0.90),test
2024-03-27,2024-03-28,0.30365745362818758,0.95934242287360327,EWMA(lambda=0.90),test
2024-03-28,2024-03-29,0.22386593116756001,0.89377392594906169,EWMA(lambda=0.90),test
2024-03-29,2024-04-01,0.040137031487209297,0.82678312647091146,EWMA(lambda=0.90),test
2024-04-01,2024-04-02,0.18473962337792871,0.74811851697254128,EWMA(lambda=0.90),test
2024-04-02,2024-04-03,1.4814046434548742,0.69178062761308001,EWMA(lambda=0.90),test
2024-04-03,2024-04-04,0.064298452713478199,0.77074302919725945,EWMA(lambda=0.90),test
2024-04-04,2024-04-05,1.0846762827407519,0.70009857154888133,EWMA(lambda=0.90),test
2024-04-05,2024-04-08,0.14437765865991939,0.73855634266806836,EWMA(lambda=0.90),test
2024-04-08,2024-04-09,0.98481871450286218,0.67913847426725349,EWMA(lambda=0.90),test
2024-04-09,2024-04-10,0.11418351518052069,0.70970649829081434,EWMA(lambda=0.90),test
2024-04-10,2024-04-11,0.00081842972240420001,0.65015419997978496,EWMA(lambda=0.90),test
2024-04-11,2024-04-12,2.1077713488695093,0.58522062295404698,EWMA(lambda=0.90),test
2024-04-12,2024-04-15,23.166885904173803,0.73747569554559322,EWMA(lambda=0.90),test
2024-04-15,2024-04-16,0.0058478365075763997,2.9804167164084139,EWMA(lambda=0.90),test
2024-04-16,2024-04-17,3.5434544973400812,2.6829598284183303,EWMA(lambda=0.90),test
2024-04-17,2024-04-19,2.3528631494425456,2.7690092953105054,EWMA(lambda=0.90),test
2024-04-19,2024-04-22,1.6893979231324006,2.7273946807237097,EWMA(lambda=0.90),test
2024-04-22,2024-04-23,1.1727907466469314,2.6235950049645789,EWMA(lambda=0.90),test
2024-04-23,2024-04-24,5.6060247455531274,2.4785145791328143,EWMA(lambda=0.90),test
2024-04-24,2024-04-25,0.0028195309207451999,2.7912655957748456,EWMA(lambda=0.90),test
2024-04-25,2024-04-26,0.14204730247271169,2.5124209892894354,EWMA(lambda=0.90),test
2024-04-26,2024-05-02,0.31800640597725099,2.2753836206077627,EWMA(lambda=0.90),test
2024-05-02,2024-05-03,0.1468401316931458,2.0796458991447118,EWMA(lambda=0.90),test
2024-05-03,2024-05-06,2.7855600714872519,1.8863653223995553,EWMA(lambda=0.90),test
2024-05-06,2024-05-07,0.32060375182201239,1.9762847973083251,EWMA(lambda=0.90),test
2024-05-07,2024-05-08,0.021448579385718401,1.8107166927596938,EWMA(lambda=0.90),test
2024-05-08,2024-05-09,0.0212146392864794,1.6317898814222964,EWMA(lambda=0.90),test
2024-05-09,2024-05-10,0.099882671407155496,1.4707323572087148,EWMA(lambda=0.90),test
2024-05-10,2024-05-13,0.13235092402960119,1.3336473886285589,EWMA(lambda=0.90),test
2024-05-13,2024-05-14,0.062326033867224399,1.2135177421686631,EWMA(lambda=0.90),test
2024-05-14,2024-05-15,0.7914504364695899,1.0983985713385191,EWMA(lambda=0.90),test
2024-05-15,2024-05-16,1.3010619376829529,1.0677037578516262,EWMA(lambda=0.90),test
2024-05-16,2024-05-20,0.47773733950909492,1.0910395758347589,EWMA(lambda=0.90),test
2024-05-20,2024-05-21,0.0011865300373836,1.0297093522021925,EWMA(lambda=0.90),test
2024-05-21,2024-05-22,0.64679202333571784,0.9268570699857116,EWMA(lambda=0.90),test
2024-05-22,2024-05-23,1.2284567837418712,0.89885056532071217,EWMA(lambda=0.90),test
2024-05-23,2024-05-24,2.2566489374053962,0.93181118716282807,EWMA(lambda=0.90),test
2024-05-24,2024-05-27,0.20667599532245229,1.064294962187085,EWMA(lambda=0.90),test
2024-05-27,2024-05-28,1.2149042841979667,0.97853306550062169,EWMA(lambda=0.90),test
2024-05-28,2024-05-29,0.50655174338605247,1.0021701873703561,EWMA(lambda=0.90),test
2024-05-29,2024-05-30,0.24784731828211889,0.95260834297192576,EWMA(lambda=0.90),test
2024-05-30,2024-05-31,0.1324368158912983,0.88213224050294503,EWMA(lambda=0.90),test
2024-05-31,2024-06-03,2.069054535054291,0.80716269804178031,EWMA(lambda=0.90),test
2024-06-03,2024-06-04,0.075417554197206096,0.9333518817430313,EWMA(lambda=0.90),test
2024-06-04,2024-06-05,0.0041789785238714999,0.84755844898844879,EWMA(lambda=0.90),test
2024-06-05,2024-06-06,0.003785773302666,0.76322050194199098,EWMA(lambda=0.90),test
2024-06-06,2024-06-07,0.097782549284067197,0.68727702907805843,EWMA(lambda=0.90),test
2024-06-07,2024-06-10,0.0574549317651925,0.62832758109865927,EWMA(lambda=0.90),test
2024-06-10,2024-06-11,0.236389900130653,0.57124031616531268,EWMA(lambda=0.90),test
2024-06-11,2024-06-12,1.4910702380739045,0.53775527456184669,EWMA(lambda=0.90),test
2024-06-12,2024-06-13,0.010296591765110399,0.63308677091305243,EWMA(lambda=0.90),test
2024-06-13,2024-06-14,2.8007247199637466,0.57080775299825814,EWMA(lambda=0.90),test
2024-06-14,2024-06-17,0.1619251788207639,0.79379944969480687,EWMA(lambda=0.90),test
2024-06-17,2024-06-18,0.13716700638720539,0.73061202260740266,EWMA(lambda=0.90),test
2024-06-18,2024-06-19,0.00051359051118719996,0.671267520985383,EWMA(lambda=0.90),test
2024-06-19,2024-06-20,0.038390074012022303,0.60419212793796351,EWMA(lambda=0.90),test
2024-06-20,2024-06-21,0.00047690471732169998,0.54761192254536939,EWMA(lambda=0.90),test
2024-06-21,2024-06-24,4.8412442189098686,0.49289842076256463,EWMA(lambda=0.90),test
2024-06-24,2024-06-25,0.037779585734604597,0.92773300057729491,EWMA(lambda=0.90),test
2024-06-25,2024-06-26,0.13820069891821429,0.83873765909302589,EWMA(lambda=0.90),test
2024-06-26,2024-06-27,0.0291086660682599,0.76868396307554465,EWMA(lambda=0.90),test
2024-06-27,2024-06-28,1.2092769262564496,0.6947264333748161,EWMA(lambda=0.90),test
2024-06-28,2024-07-01,0.5464740769679215,0.74618148266297946,EWMA(lambda=0.90),test
2024-07-01,2024-07-02,1.4560329328950323,0.72621074209347358,EWMA(lambda=0.90),test
2024-07-02,2024-07-03,0.30742310604414308,0.79919296117362937,EWMA(lambda=0.90),test
2024-07-03,2024-07-04,0.0565502378458402,0.75001597566068079,EWMA(lambda=0.90),test
2024-07-04,2024-07-05,0.0604238017679763,0.68066940187919678,EWMA(lambda=0.90),test
2024-07-05,2024-07-08,0.001641913639604,0.61864484186807467,EWMA(lambda=0.90),test
2024-07-08,2024-07-09,0.62040705741262026,0.55694454904522761,EWMA(lambda=0.90),test
2024-07-09,2024-07-10,0.36289675397848481,0.56329079988196684,EWMA(lambda=0.90),test
2024-07-10,2024-07-11,0.0277401860440043,0.54325139529161859,EWMA(lambda=0.90),test
2024-07-11,2024-07-12,0.056576716370535601,0.49170027436685715,EWMA(lambda=0.90),test
2024-07-12,2024-07-15,0.0052765811391784004,0.44818791856722501,EWMA(lambda=0.90),test
2024-07-15,2024-07-16,0.011280250205690999,0.40389678482442037,EWMA(lambda=0.90),test
2024-07-16,2024-07-17,0.96438349724276562,0.36463513136254744,EWMA(lambda=0.90),test
2024-07-17,2024-07-18,0.20662853095086051,0.42460996795056927,EWMA(lambda=0.90),test
2024-07-18,2024-07-19,0.57891896136005272,0.40281182425059836,EWMA(lambda=0.90),test
2024-07-19,2024-07-22,0.6479469442933512,0.42042253796154377,EWMA(lambda=0.90),test
2024-07-22,2024-07-23,3.3723820037131813,0.44317497859472449,EWMA(lambda=0.90),test
2024-07-23,2024-07-24,0.29074897323267118,0.7360956811065702,EWMA(lambda=0.90),test
2024-07-24,2024-07-25,0.18253733226703731,0.69156101031918027,EWMA(lambda=0.90),test
2024-07-25,2024-07-26,0.51944285425774206,0.64065864251396598,EWMA(lambda=0.90),test
2024-07-26,2024-07-29,0.1301982149615345,0.62853706368834361,EWMA(lambda=0.90),test
2024-07-29,2024-07-30,0.015280022123225901,0.57870317881566269,EWMA(lambda=0.90),test
2024-07-30,2024-07-31,0.26698930085768791,0.52236086314641905,EWMA(lambda=0.90),test
2024-07-31,2024-08-01,3.9248590030994248,0.49682370691754596,EWMA(lambda=0.90),test
2024-08-01,2024-08-02,0.61248041275706322,0.83962723653573379,EWMA(lambda=0.90),test
2024-08-02,2024-08-05,16.028441731399298,0.81691255415786668,EWMA(lambda=0.90),test
2024-08-05,2024-08-06,3.4304951964000674,2.3380654718820093,EWMA(lambda=0.90),test
2024-08-06,2024-08-07,0.2131074887245232,2.4473084443338151,EWMA(lambda=0.90),test
2024-08-07,2024-08-08,0.38901782765050502,2.2238883487728858,EWMA(lambda=0.90),test
2024-08-08,2024-08-09,1.5873626468232618,2.0404012966606477,EWMA(lambda=0.90),test
2024-08-09,2024-08-12,0.29287174137646149,1.9950974316769092,EWMA(lambda=0.90),test
2024-08-12,2024-08-13,0.00012947881770110001,1.8248748626468645,EWMA(lambda=0.90),test
2024-08-13,2024-08-14,2.3780277347729983e-05,1.6424003242639482,EWMA(lambda=0.90),test
2024-08-14,2024-08-15,0.30715616710799221,1.4781626698652881,EWMA(lambda=0.90),test
2024-08-15,2024-08-16,5.3644672272925948,1.3610620195895584,EWMA(lambda=0.90),test
2024-08-16,2024-08-19,0.55810574815731429,1.7614025403598621,EWMA(lambda=0.90),test
2024-08-19,2024-08-20,0.74410497898997463,1.6410728611396073,EWMA(lambda=0.90),test
2024-08-20,2024-08-21,0.80934923602176956,1.551376072924644,EWMA(lambda=0.90),test
2024-08-21,2024-08-22,0.0097920425309074004,1.4771733892343566,EWMA(lambda=0.90),test
2024-08-22,2024-08-23,0.039129459240866998,1.3304352545640117,EWMA(lambda=0.90),test
2024-08-23,2024-08-26,0.17073521291753749,1.2013046750316974,EWMA(lambda=0.90),test
2024-08-26,2024-08-27,0.0017789790178367999,1.0982477288202812,EWMA(lambda=0.90),test
2024-08-27,2024-08-28,0.0047191862628622001,0.98860085384003682,EWMA(lambda=0.90),test
2024-08-28,2024-08-29,5.4806969592134112e-06,0.89021268708231938,EWMA(lambda=0.90),test
2024-08-29,2024-08-30,0.035010060583696101,0.80119196644378343,EWMA(lambda=0.90),test
2024-08-30,2024-09-04,0.39759597734798319,0.72457377585777472,EWMA(lambda=0.90),test
2024-09-04,2024-09-05,0.35604795202250689,0.69187599600679561,EWMA(lambda=0.90),test
2024-09-05,2024-09-06,0.20463880133122711,0.65829319160836675,EWMA(lambda=0.90),test
2024-09-06,2024-09-09,0.24032152081412211,0.6129277525806528,EWMA(lambda=0.90),test
2024-09-09,2024-09-10,0.98189804272781844,0.57566712940399967,EWMA(lambda=0.90),test
2024-09-10,2024-09-11,0.024419912308678401,0.61629022073638151,EWMA(lambda=0.90),test
2024-09-11,2024-09-12,0.060248456736168701,0.55710318989361118,EWMA(lambda=0.90),test
2024-09-12,2024-09-13,0.1369055643032899,0.50741771657786694,EWMA(lambda=0.90),test
2024-09-13,2024-09-16,0.99923797960473282,0.47036650135040925,EWMA(lambda=0.90),test
2024-09-16,2024-09-17,2.4849149267016521,0.52325364917584161,EWMA(lambda=0.90),test
2024-09-17,2024-09-18,0.2223148391601984,0.71941977692842263,EWMA(lambda=0.90),test
2024-09-18,2024-09-19,0.25233875757301949,0.66970928315160017,EWMA(lambda=0.90),test
2024-09-19,2024-09-20,0.0036664255482630002,0.62797223059374208,EWMA(lambda=0.90),test
2024-09-20,2024-09-23,0.078544416804710401,0.56554165008919421,EWMA(lambda=0.90),test
2024-09-23,2024-09-24,0.44708117292779798,0.51684192676074581,EWMA(lambda=0.90),test
2024-09-24,2024-09-25,0.66929960149194989,0.509865851377451,EWMA(lambda=0.90),test
2024-09-25,2024-09-26,0.096706765101583103,0.52580922638890093,EWMA(lambda=0.90),test
2024-09-26,2024-09-27,0.0019487643545270999,0.48289898026016914,EWMA(lambda=0.90),test
2024-09-27,2024-09-30,0.053411819675250098,0.43480395866960492,EWMA(lambda=0.90),test
2024-09-30,2024-10-01,0.10904190631911739,0.39666474477016944,EWMA(lambda=0.90),test
2024-10-01,2024-10-02,0.1142301950532245,0.36790246092506423,EWMA(lambda=0.90),test
2024-10-02,2024-10-03,0.57635369660084035,0.34253523433788025,EWMA(lambda=0.90),test
2024-10-03,2024-10-04,0.34637583629752161,0.36591708056417627,EWMA(lambda=0.90),test
2024-10-04,2024-10-07,0.0027820245719093,0.36396295613751084,EWMA(lambda=0.90),test
2024-10-07,2024-10-08,0.026016421638502499,0.32784486298095072,EWMA(lambda=0.90),test
2024-10-08,2024-10-09,0.59746800394602528,0.2976620188467059,EWMA(lambda=0.90),test
2024-10-09,2024-10-10,0.1233539050383977,0.3276426173566378,EWMA(lambda=0.90),test
2024-10-10,2024-10-11,0.0248646364370185,0.30721374612481378,EWMA(lambda=0.90),test
2024-10-11,2024-10-14,0.0253573876734088,0.27897883515603428,EWMA(lambda=0.90),test
2024-10-14,2024-10-15,0.16789542219219461,0.25361669040777174,EWMA(lambda=0.90),test
2024-10-15,2024-10-16,0.015618170370339199,0.24504456358621404,EWMA(lambda=0.90),test
2024-10-16,2024-10-17,0.30108851166205303,0.22210192426462658,EWMA(lambda=0.90),test
2024-10-17,2024-10-18,0.0067941729317094997,0.23000058300436921,EWMA(lambda=0.90),test
2024-10-18,2024-10-21,0.19680373124396339,0.20767994199710324,EWMA(lambda=0.90),test
2024-10-21,2024-10-22,0.60063921974468515,0.20659232092178925,EWMA(lambda=0.90),test
2024-10-22,2024-10-23,0.0063207009295036002,0.24599701080407882,EWMA(lambda=0.90),test
2024-10-23,2024-10-24,1.1387581243922995,0.2220293798166213,EWMA(lambda=0.90),test
2024-10-24,2024-10-25,0.13964142082834971,0.31370225427418907,EWMA(lambda=0.90),test
2024-10-25,2024-10-28,0.0267355724555891,0.29629617092960514,EWMA(lambda=0.90),test
2024-10-28,2024-10-29,0.31037529593839203,0.26934011108220351,EWMA(lambda=0.90),test
2024-10-29,2024-10-30,0.062479732722491799,0.27344362956782237,EWMA(lambda=0.90),test
2024-10-30,2024-10-31,0.21503091860384391,0.25234723988328933,EWMA(lambda=0.90),test
2024-10-31,2024-11-01,0.57958547578105413,0.24861560775534478,EWMA(lambda=0.90),test
2024-11-01,2024-11-04,0.66346698650855884,0.2817125945579157,EWMA(lambda=0.90),test
2024-11-04,2024-11-05,0.0071101049569572998,0.31988803375297997,EWMA(lambda=0.90),test
2024-11-05,2024-11-06,1.5329641361575921,0.28861024087337772,EWMA(lambda=0.90),test
2024-11-06,2024-11-07,0.014732855593671899,0.41304563040179915,EWMA(lambda=0.90),test
2024-11-07,2024-11-08,0.32762247697946689,0.37321435292098643,EWMA(lambda=0.90),test
2024-11-08,2024-11-11,0.032038797239851702,0.36865516532683446,EWMA(lambda=0.90),test
2024-11-11,2024-11-12,0.19435554699153171,0.33499352851813619,EWMA(lambda=0.90),test
2024-11-12,2024-11-13,0.0095957977358447008,0.32092973036547573,EWMA(lambda=0.90),test
2024-11-13,2024-11-14,1.3043803421141389,0.28979633710251262,EWMA(lambda=0.90),test
2024-11-14,2024-11-15,1.1819027969632745,0.39125473760367524,EWMA(lambda=0.90),test
2024-11-15,2024-11-18,0.014175946719347901,0.47031954353963512,EWMA(lambda=0.90),test
2024-11-18,2024-11-19,0.97681037022036965,0.42470518385760642,EWMA(lambda=0.90),test
2024-11-19,2024-11-20,0.88486445015142956,0.47991570249388271,EWMA(lambda=0.90),test
2024-11-20,2024-11-21,0.9302138287758972,0.52041057725963735,EWMA(lambda=0.90),test
2024-11-21,2024-11-22,0.00035067667532950002,0.56139090241126333,EWMA(lambda=0.90),test
2024-11-22,2024-11-25,0.28727091117672632,0.50528687983766996,EWMA(lambda=0.90),test
2024-11-25,2024-11-26,0.35995468096567879,0.48348528297157561,EWMA(lambda=0.90),test
2024-11-26,2024-11-27,0.00016594409699469999,0.47113222277098588,EWMA(lambda=0.90),test
2024-11-27,2024-11-28,0.00012705299503010001,0.42403559490358678,EWMA(lambda=0.90),test
2024-11-28,2024-11-29,0.44889158505958388,0.38164474071273113,EWMA(lambda=0.90),test
2024-11-29,2024-12-02,0.0035951954303535998,0.3883694251474164,EWMA(lambda=0.90),test
2024-12-02,2024-12-03,0.012178028246815799,0.34989200217571015,EWMA(lambda=0.90),test
2024-12-03,2024-12-04,0.57237878752081384,0.31612060478282072,EWMA(lambda=0.90),test
2024-12-04,2024-12-05,4.6777707637535109,0.34174642305662001,EWMA(lambda=0.90),test
2024-12-05,2024-12-06,0.042312727511842799,0.77534885712630897,EWMA(lambda=0.90),test
2024-12-06,2024-12-09,0.084612916816627595,0.70204524416486236,EWMA(lambda=0.90),test
2024-12-09,2024-12-10,0.019333949066392998,0.64030201143003895,EWMA(lambda=0.90),test
2024-12-10,2024-12-11,0.063838859045014906,0.57820520519367447,EWMA(lambda=0.90),test
2024-12-11,2024-12-12,0.014178933555837599,0.52676857057880844,EWMA(lambda=0.90),test
2024-12-12,2024-12-13,0.14279179119289309,0.47550960687651134,EWMA(lambda=0.90),test
2024-12-13,2024-12-16,0.0093280152446342003,0.44223782530814953,EWMA(lambda=0.90),test
2024-12-16,2024-12-17,0.026872167121993501,0.398946844301798,EWMA(lambda=0.90),test
2024-12-17,2024-12-18,0.11468072504561019,0.36173937658381755,EWMA(lambda=0.90),test
2024-12-18,2024-12-19,0.8081531599464532,0.33703351142999682,EWMA(lambda=0.90),test
2024-12-19,2024-12-20,0.050761585648059097,0.38414547628164247,EWMA(lambda=0.90),test
2024-12-20,2024-12-23,0.1742376670775678,0.35080708721828413,EWMA(lambda=0.90),test
2024-12-23,2024-12-24,0.0361915284275727,0.33315014520421249,EWMA(lambda=0.90),test
2024-12-24,2024-12-25,1.1654410256024177,0.30345428352654852,EWMA(lambda=0.90),test
2024-12-25,2024-12-26,0.0084412075502872993,0.38965295773413539,EWMA(lambda=0.90),test
2024-12-26,2024-12-27,0.031747510776590201,0.35153178271575058,EWMA(lambda=0.90),test
2024-12-27,2024-12-30,0.060014633967767197,0.31955335552183456,EWMA(lambda=0.90),test
2024-12-30,2024-12-31,0.17039891276002331,0.29359948336642783,EWMA(lambda=0.90),test
2024-12-31,2025-01-02,0.0533739456959429,0.28127942630578734,EWMA(lambda=0.90),test
2025-01-02,2025-01-03,1.4351325900221039,0.25848887824480293,EWMA(lambda=0.90),test
2025-01-03,2025-01-06,0.43422118908893081,0.37615324942253303,EWMA(lambda=0.90),test
2025-01-06,2025-01-07,0.037939050469306998,0.38196004338917283,EWMA(lambda=0.90),test
2025-01-07,2025-01-08,0.032117795831564003,0.34755794409718627,EWMA(lambda=0.90),test
2025-01-08,2025-01-09,0.17685439045477691,0.31601392927062405,EWMA(lambda=0.90),test
2025-01-09,2025-01-10,1.5250954449963809,0.30209797538903937,EWMA(lambda=0.90),test
2025-01-10,2025-01-13,0.17579657812798799,0.42439772234977352,EWMA(lambda=0.90),test
2025-01-13,2025-01-14,0.2850878204367433,0.39953760792759496,EWMA(lambda=0.90),test
2025-01-14,2025-01-15,0.3327205813226502,0.38809262917850984,EWMA(lambda=0.90),test
2025-01-15,2025-01-16,0.24868344625276589,0.38255542439292389,EWMA(lambda=0.90),test
2025-01-16,2025-01-17,0.29360154581919701,0.36916822657890813,EWMA(lambda=0.90),test
2025-01-17,2025-01-20,0.0012403693451998,0.36161155850293702,EWMA(lambda=0.90),test
2025-01-20,2025-01-21,0.076886283686647794,0.32557443958716331,EWMA(lambda=0.90),test
2025-01-21,2025-01-22,0.081854659388199497,0.30070562399711176,EWMA(lambda=0.90),test
2025-01-22,2025-01-23,1.8682525367895249,0.27882052753622055,EWMA(lambda=0.90),test
2025-01-23,2025-01-24,0.18435173083650741,0.43776372846155098,EWMA(lambda=0.90),test
2025-01-24,2025-02-04,0.00085568733392959995,0.41242252869904661,EWMA(lambda=0.90),test
2025-02-04,2025-02-05,0.15137086954105319,0.37126584456253492,EWMA(lambda=0.90),test
2025-02-05,2025-02-06,0.021662235202863402,0.34927634706038674,EWMA(lambda=0.90),test
2025-02-06,2025-02-07,0.085348861756643801,0.31651493587463442,EWMA(lambda=0.90),test
2025-02-07,2025-02-10,0.88498192739533932,0.29339832846283537,EWMA(lambda=0.90),test
2025-02-10,2025-02-11,0.168100114678953,0.35255668835608572,EWMA(lambda=0.90),test
2025-02-11,2025-02-12,0.0147578221185138,0.33411103098837247,EWMA(lambda=0.90),test
2025-02-12,2025-02-13,0.073527104364694298,0.30217571010138666,EWMA(lambda=0.90),test
2025-02-13,2025-02-14,0.20253832637605809,0.27931084952771745,EWMA(lambda=0.90),test
2025-02-14,2025-02-17,0.069513240156125894,0.27163359721255154,EWMA(lambda=0.90),test
2025-02-17,2025-02-18,0.18058705855682511,0.25142156150690897,EWMA(lambda=0.90),test
2025-02-18,2025-02-19,0.65924975920524387,0.24433811121190058,EWMA(lambda=0.90),test
2025-02-19,2025-02-20,0.1172593983298531,0.28582927601123487,EWMA(lambda=0.90),test
2025-02-20,2025-02-21,0.084768467107292203,0.26897228824309671,EWMA(lambda=0.90),test
2025-02-21,2025-02-24,0.36056241006635931,0.25055190612951628,EWMA(lambda=0.90),test
2025-02-24,2025-02-25,0.0115290687889239,0.2615529565232006,EWMA(lambda=0.90),test
2025-02-25,2025-02-26,0.00023557606659459999,0.23655056774977293,EWMA(lambda=0.90),test
2025-02-26,2025-02-27,0.13747312636871181,0.2129190685814551,EWMA(lambda=0.90),test
2025-02-27,2025-02-28,0.034874492220079302,0.20537447436018078,EWMA(lambda=0.90),test
2025-02-28,2025-03-03,0.094079655402300802,0.18832447614617065,EWMA(lambda=0.90),test
2025-03-03,2025-03-04,0.0375578625820462,0.17889999407178367,EWMA(lambda=0.90),test
2025-03-04,2025-03-05,0.30286275124982731,0.16476578092280991,EWMA(lambda=0.90),test
2025-03-05,2025-03-06,1.0612188848677555,0.17857547795551165,EWMA(lambda=0.90),test
2025-03-06,2025-03-07,0.35073124628050301,0.266839818646736,EWMA(lambda=0.90),test
2025-03-07,2025-03-10,0.1014325645495789,0.27522896141011266,EWMA(lambda=0.90),test
2025-03-10,2025-03-11,0.0288133302998629,0.25784932172405928,EWMA(lambda=0.90),test
2025-03-11,2025-03-12,0.019665889723579098,0.23494572258163962,EWMA(lambda=0.90),test
2025-03-12,2025-03-13,0.37439170748568479,0.21341773929583358,EWMA(lambda=0.90),test
2025-03-13,2025-03-14,8.1872470629946559e-05,0.22951513611481869,EWMA(lambda=0.90),test
2025-03-14,2025-03-17,0.57678851719311808,0.20657180975039982,EWMA(lambda=0.90),test
2025-03-17,2025-03-18,0.15734449022604399,0.24359348049467161,EWMA(lambda=0.90),test
2025-03-18,2025-03-19,0.22798949540462549,0.23496858146780886,EWMA(lambda=0.90),test
2025-03-19,2025-03-20,0.0027940647092661,0.23427067286149053,EWMA(lambda=0.90),test
2025-03-20,2025-03-21,0.024013229974574699,0.2111230120462681,EWMA(lambda=0.90),test
2025-03-21,2025-03-24,0.40507484562242851,0.19241203383909875,EWMA(lambda=0.90),test
2025-03-24,2025-03-25,0.014447930784992199,0.21367831501743173,EWMA(lambda=0.90),test
2025-03-25,2025-03-26,0.1924355354900559,0.19375527659418776,EWMA(lambda=0.90),test
2025-03-26,2025-03-27,0.029612217415906798,0.19362330248377457,EWMA(lambda=0.90),test
2025-03-27,2025-03-28,0.2311977047112736,0.17722219397698782,EWMA(lambda=0.90),test
2025-03-28,2025-03-31,0.65259368219623404,0.18261974505041639,EWMA(lambda=0.90),test
2025-03-31,2025-04-01,0.63674773855330091,0.22961713876499815,EWMA(lambda=0.90),test
2025-04-01,2025-04-02,0.0014400780515298,0.27033019874382841,EWMA(lambda=0.90),test
2025-04-02,2025-04-03,47.751368252371499,0.24344118667459855,EWMA(lambda=0.90),test
2025-04-03,2025-04-04,2.4680894659320427,4.9942338932442869,EWMA(lambda=0.90),test
2025-04-04,2025-04-08,44.209612090505033,4.7416194505130624,EWMA(lambda=0.90),test
2025-04-08,2025-04-09,11.94996872052983,8.6884187145122596,EWMA(lambda=0.90),test
2025-04-09,2025-04-10,42.861963107094255,9.0145737151140164,EWMA(lambda=0.90),test
2025-04-10,2025-04-11,20.5039468602513,12.399312654312039,EWMA(lambda=0.90),test
2025-04-11,2025-04-14,2.3736869027356109,13.209776074905964,EWMA(lambda=0.90),test
2025-04-14,2025-04-15,1.2223935576615621,12.126167157688929,EWMA(lambda=0.90),test
2025-04-15,2025-04-16,2.0585197770339483,11.035789797686194,EWMA(lambda=0.90),test
2025-04-16,2025-04-17,0.32786541402804281,10.13806279562097,EWMA(lambda=0.90),test
2025-04-17,2025-04-18,0.023564427257296499,9.1570430574616779,EWMA(lambda=0.90),test
2025-04-18,2025-04-21,0.98671472752114719,8.2436951944412389,EWMA(lambda=0.90),test
2025-04-21,2025-04-22,0.68374871571708817,7.5179971477492291,EWMA(lambda=0.90),test
2025-04-22,2025-04-23,1.3269747595182129,6.8345723045460147,EWMA(lambda=0.90),test
2025-04-23,2025-04-24,1.029521260921247,6.2838125500432351,EWMA(lambda=0.90),test
2025-04-24,2025-04-25,0.2299163958338018,5.7583834211310361,EWMA(lambda=0.90),test
2025-04-25,2025-04-28,0.039156646221949198,5.2055367186013131,EWMA(lambda=0.90),test
2025-04-28,2025-04-29,0.0016617646152264,4.6888987113633762,EWMA(lambda=0.90),test
2025-04-29,2025-05-05,1.2432686189181044,4.2201750166885619,EWMA(lambda=0.90),test
2025-05-05,2025-05-06,0.023440334698804102,3.9224843769115161,EWMA(lambda=0.90),test
2025-05-06,2025-05-07,0.45654109250678487,3.5325799726902449,EWMA(lambda=0.90),test
2025-05-07,2025-05-08,2.3777332339181441,3.2249760846718991,EWMA(lambda=0.90),test
2025-05-08,2025-05-09,0.038838738839183297,3.1402517995965238,EWMA(lambda=0.90),test
2025-05-09,2025-05-12,1.5662677776101377,2.8301104935207895,EWMA(lambda=0.90),test
2025-05-12,2025-05-13,0.62313488285776242,2.703726221929724,EWMA(lambda=0.90),test
2025-05-13,2025-05-14,1.5683566422405055,2.495667088022528,EWMA(lambda=0.90),test
2025-05-14,2025-05-15,0.070007738208035797,2.4029360434443259,EWMA(lambda=0.90),test
2025-05-15,2025-05-16,0.81612842134867802,2.1696432129206968,EWMA(lambda=0.90),test
2025-05-16,2025-05-19,0.1541807515116988,2.0342917337634949,EWMA(lambda=0.90),test
2025-05-19,2025-05-20,2.0864038037366446,1.8462806355383155,EWMA(lambda=0.90),test
2025-05-20,2025-05-21,0.35867519085725741,1.8702929523581484,EWMA(lambda=0.90),test
2025-05-21,2025-05-22,0.48797633103523341,1.7191311762080594,EWMA(lambda=0.90),test
2025-05-22,2025-05-23,0.0022258378145527998,1.5960156916907768,EWMA(lambda=0.90),test
2025-05-23,2025-05-26,1.8600723156803831,1.4366367063031544,EWMA(lambda=0.90),test
2025-05-26,2025-05-27,0.29849079871886253,1.4789802672408774,EWMA(lambda=0.90),test
2025-05-27,2025-05-28,0.023603733189561601,1.3609313203886759,EWMA(lambda=0.90),test
2025-05-28,2025-05-29,5.5536991445394977e-07,1.2271985616687644,EWMA(lambda=0.90),test
2025-05-29,2025-05-30,0.4795271728756022,1.1044787610388795,EWMA(lambda=0.90),test
2025-05-30,2025-06-02,0.076877524890945695,1.0419836022225517,EWMA(lambda=0.90),test
2025-06-02,2025-06-03,0.66599913843138281,0.94547299448939115,EWMA(lambda=0.90),test
2025-06-03,2025-06-04,0.0125760569530384,0.91752560888359025,EWMA(lambda=0.90),test
2025-06-04,2025-06-05,0.073763694452269601,0.82703065369053508,EWMA(lambda=0.90),test
2025-06-05,2025-06-06,0.83391019340748818,0.75170395776670851,EWMA(lambda=0.90),test
2025-06-06,2025-06-09,2.1415615006193414,0.75992458133078644,EWMA(lambda=0.90),test
2025-06-09,2025-06-10,0.18571209219612489,0.89808827325964191,EWMA(lambda=0.90),test
2025-06-10,2025-06-11,0.0061284527471124001,0.82685065515329026,EWMA(lambda=0.90),test
2025-06-11,2025-06-12,0.34875889374600599,0.74477843491267248,EWMA(lambda=0.90),test
2025-06-12,2025-06-13,0.32320438512339777,0.70517648079600592,EWMA(lambda=0.90),test
2025-06-13,2025-06-16,2.90666722935662,0.66697927122874512,EWMA(lambda=0.90),test
2025-06-16,2025-06-17,0.50891746375652447,0.89094806704153262,EWMA(lambda=0.90),test
2025-06-17,2025-06-18,0.0040746855610125001,0.85274500671303177,EWMA(lambda=0.90),test
2025-06-18,2025-06-19,0.14906393625119871,0.76787797459782992,EWMA(lambda=0.90),test
2025-06-19,2025-06-20,0.039663429492943499,0.70599657076316691,EWMA(lambda=0.90),test
2025-06-20,2025-06-23,0.42543961121843082,0.63936325663614457,EWMA(lambda=0.90),test
2025-06-23,2025-06-24,0.3974954121903902,0.61797089209437328,EWMA(lambda=0.90),test
2025-06-24,2025-06-25,2.141289912653593e-06,0.59592334410397507,EWMA(lambda=0.90),test
2025-06-25,2025-06-26,0.0062490303873797004,0.53633122382256893,EWMA(lambda=0.90),test
2025-06-26,2025-06-27,0.1777576915183636,0.48332300447905002,EWMA(lambda=0.90),test
2025-06-27,2025-06-30,0.1135910808511721,0.45276647318298141,EWMA(lambda=0.90),test
2025-06-30,2025-07-01,0.016523694524924401,0.41884893394980049,EWMA(lambda=0.90),test
2025-07-01,2025-07-02,0.2388288030529801,0.37861641000731289,EWMA(lambda=0.90),test
2025-07-02,2025-07-03,0.036148868061022202,0.36463764931187959,EWMA(lambda=0.90),test
2025-07-03,2025-07-04,0.1309520910154639,0.33178877118679384,EWMA(lambda=0.90),test
2025-07-04,2025-07-07,1.1709559965363006,0.31170510316966082,EWMA(lambda=0.90),test
2025-07-07,2025-07-08,0.90477818733211801,0.39763019250632481,EWMA(lambda=0.90),test
2025-07-08,2025-07-09,1.2415594843155819,0.4483449919889041,EWMA(lambda=0.90),test
2025-07-09,2025-07-10,0.9910271514632224,0.52766644122157191,EWMA(lambda=0.90),test
2025-07-10,2025-07-11,0.69703812262123954,0.57400251224573695,EWMA(lambda=0.90),test
2025-07-11,2025-07-14,0.74771703444320081,0.58630607328328721,EWMA(lambda=0.90),test
2025-07-14,2025-07-15,0.44442650809162221,0.60244716939927856,EWMA(lambda=0.90),test
2025-07-15,2025-07-16,0.19958240562630081,0.58664510326851294,EWMA(lambda=0.90),test
2025-07-16,2025-07-17,2.3820294026445814,0.54793883350429173,EWMA(lambda=0.90),test
2025-07-17,2025-07-18,0.23690583507647681,0.7313478904183206,EWMA(lambda=0.90),test
2025-07-18,2025-07-21,0.67267669222831972,0.68190368488413622,EWMA(lambda=0.90),test
2025-07-21,2025-07-22,2.6753597330452594,0.68098098561855458,EWMA(lambda=0.90),test
2025-07-22,2025-07-23,0.033610422134737,0.88041886036122508,EWMA(lambda=0.90),test
2025-07-23,2025-07-24,0.32980661934294148,0.79573801653857623,EWMA(lambda=0.90),test
2025-07-24,2025-07-25,0.43888802593469128,0.74914487681901276,EWMA(lambda=0.90),test
2025-07-25,2025-07-28,2.8983636167220528,0.7181191917305807,EWMA(lambda=0.90),test
2025-07-28,2025-07-29,17.613558540836202,0.93614363422972779,EWMA(lambda=0.90),test
2025-07-29,2025-07-30,0.89809466515248659,2.6038851248903749,EWMA(lambda=0.90),test
2025-07-30,2025-07-31,0.1152726694915896,2.4333060789165861,EWMA(lambda=0.90),test
2025-07-31,2025-08-01,0.1152726694915833,2.2015027379740864,EWMA(lambda=0.90),test
2025-08-01,2025-08-04,1.8347101195020039,1.9928797311258362,EWMA(lambda=0.90),test
2025-08-04,2025-08-05,1.5204123489365571,1.9770627699634529,EWMA(lambda=0.90),test
2025-08-05,2025-08-06,2.8972670658789563,1.9313977278607632,EWMA(lambda=0.90),test
2025-08-06,2025-08-07,0.2635664108766646,2.0279846616625825,EWMA(lambda=0.90),test
2025-08-07,2025-08-08,0.039326859883716002,1.8515428365839908,EWMA(lambda=0.90),test
2025-08-08,2025-08-11,0.94225564176844523,1.6703212389139634,EWMA(lambda=0.90),test
2025-08-11,2025-08-12,0.23698698453850089,1.5975146791994117,EWMA(lambda=0.90),test
2025-08-12,2025-08-13,0.0440788772156527,1.4614619097333206,EWMA(lambda=0.90),test
2025-08-13,2025-08-14,3.2003101610927391,1.3197236064815538,EWMA(lambda=0.90),test
2025-08-14,2025-08-15,0.42730672560561223,1.5077822619426724,EWMA(lambda=0.90),test
2025-08-15,2025-08-18,0.15212801580507959,1.3997347083089664,EWMA(lambda=0.90),test
2025-08-18,2025-08-19,1.1744347976141261,1.2749740390585778,EWMA(lambda=0.90),test
2025-08-19,2025-08-20,0.3749305014941085,1.2649201149141325,EWMA(lambda=0.90),test
2025-08-20,2025-08-21,1.9891522869457361,1.1759211535721301,EWMA(lambda=0.90),test
2025-08-21,2025-08-22,6.511855987425645,1.2572442669094905,EWMA(lambda=0.90),test
2025-08-22,2025-08-25,3.7217743103235921,1.7827054389611059,EWMA(lambda=0.90),test
2025-08-25,2025-08-26,10.672831463331164,1.9766123260973545,EWMA(lambda=0.90),test
2025-08-26,2025-08-27,0.10336001342386721,2.8462342398207356,EWMA(lambda=0.90),test
2025-08-27,2025-08-28,0.21969330068136339,2.5719468171810491,EWMA(lambda=0.90),test
2025-08-28,2025-08-29,0.0064454873601164,2.3367214655310806,EWMA(lambda=0.90),test
2025-08-29,2025-09-03,0.0029279074904991001,2.103693867713984,EWMA(lambda=0.90),test
2025-09-03,2025-09-04,0.78787097143320473,1.8936172716916357,EWMA(lambda=0.90),test
2025-09-04,2025-09-05,3.0401082196490887,1.7830426416657927,EWMA(lambda=0.90),test
2025-09-05,2025-09-08,6.6507582348235941,1.9087491994641224,EWMA(lambda=0.90),test
2025-09-08,2025-09-09,0.61500346205660894,2.3829501030000695,EWMA(lambda=0.90),test
2025-09-09,2025-09-10,0.13113921048917429,2.2061554389057232,EWMA(lambda=0.90),test
2025-09-10,2025-09-11,0.77074135311318615,1.9986538160640683,EWMA(lambda=0.90),test
2025-09-11,2025-09-12,0.32721822321856708,1.8758625697689801,EWMA(lambda=0.90),test
2025-09-12,2025-09-15,1.1076835127457196,1.7209981351139387,EWMA(lambda=0.90),test
2025-09-15,2025-09-16,0.056494187984465198,1.6596666728771168,EWMA(lambda=0.90),test
2025-09-16,2025-09-17,0.35106432303453838,1.4993494243878518,EWMA(lambda=0.90),test
2025-09-17,2025-09-18,0.1204832995414096,1.3845209142525203,EWMA(lambda=0.90),test
2025-09-18,2025-09-19,0.1558113286329437,1.2581171527814092,EWMA(lambda=0.90),test
2025-09-19,2025-09-22,2.1548992233102013,1.1478865703665628,EWMA(lambda=0.90),test
2025-09-22,2025-09-23,0.0024547743448737002,1.2485878356609266,EWMA(lambda=0.90),test
2025-09-23,2025-09-24,1.8183165781347828,1.1239745295293213,EWMA(lambda=0.90),test
2025-09-24,2025-09-25,0.26969885420847273,1.1934087343898674,EWMA(lambda=0.90),test
2025-09-25,2025-09-26,0.1049995667244043,1.101037746371728,EWMA(lambda=0.90),test
2025-09-26,2025-09-29,0.1207157531709924,1.0014339284069957,EWMA(lambda=0.90),test
2025-09-29,2025-09-30,0.0825092745825899,0.91336211088339547,EWMA(lambda=0.90),test
2025-09-30,2025-10-01,0.040561085385495799,0.83027682725331486,EWMA(lambda=0.90),test
2025-10-01,2025-10-02,0.55335569293814757,0.75130525306653295,EWMA(lambda=0.90),test
2025-10-02,2025-10-03,0.17452547221263379,0.73151029705369441,EWMA(lambda=0.90),test
2025-10-03,2025-10-06,8.8440469049452499,0.67581181456958828,EWMA(lambda=0.90),test
2025-10-06,2025-10-07,0.36410279342986818,1.4926353236071543,EWMA(lambda=0.90),test
2025-10-07,2025-10-08,0.54869213154558127,1.3797820705894257,EWMA(lambda=0.90),test
2025-10-08,2025-10-09,1.1922218605244943,1.2966730766850412,EWMA(lambda=0.90),test
2025-10-09,2025-10-10,3.2202125497616358,1.2862279550689866,EWMA(lambda=0.90),test
2025-10-10,2025-10-13,1.0007740943267542,1.4796264145382514,EWMA(lambda=0.90),test
2025-10-13,2025-10-14,0.053027784980377399,1.4317411825171016,EWMA(lambda=0.90),test
2025-10-14,2025-10-15,0.031242083843800301,1.2938698427634292,EWMA(lambda=0.90),test
2025-10-15,2025-10-16,0.25501920696977731,1.1676070668714664,EWMA(lambda=0.90),test
2025-10-16,2025-10-17,4.1572219972548083,1.0763482808812976,EWMA(lambda=0.90),test
2025-10-17,2025-10-20,31.687885302040943,1.3844356525186488,EWMA(lambda=0.90),test
2025-10-20,2025-10-21,2.6780326889178614,4.4147806174708775,EWMA(lambda=0.90),test
2025-10-21,2025-10-22,0.81338785886990361,4.2411058246155759,EWMA(lambda=0.90),test
2025-10-22,2025-10-23,0.25875855595289088,3.8983340280410088,EWMA(lambda=0.90),test
2025-10-23,2025-10-24,0.053015415411532998,3.5343764808321971,EWMA(lambda=0.90),test
2025-10-24,2025-10-27,3.3750698442156062,3.1862403742901311,EWMA(lambda=0.90),test
2025-10-27,2025-10-28,2.8149692118014542,3.2051233212826786,EWMA(lambda=0.90),test
2025-10-28,2025-10-29,0.1002770987516237,3.166107910334556,EWMA(lambda=0.90),test
2025-10-29,2025-10-30,0.93933233511143499,2.8595248291762627,EWMA(lambda=0.90),test
2025-10-30,2025-10-31,3.2700587697209347,2.66750557976978,EWMA(lambda=0.90),test
2025-10-31,2025-11-03,1.9349432702427485,2.7277608987648954,EWMA(lambda=0.90),test
2025-11-03,2025-11-04,4.5804508577218641,2.6484791359126807,EWMA(lambda=0.90),test
2025-11-04,2025-11-05,0.030975045219478699,2.8416763080935992,EWMA(lambda=0.90),test
2025-11-05,2025-11-06,0.55202488221733792,2.5606061818061869,EWMA(lambda=0.90),test
2025-11-06,2025-11-07,7.216601336017348,2.3597480518473022,EWMA(lambda=0.90),test
2025-11-07,2025-11-10,1.3629185312754708,2.8454333802643066,EWMA(lambda=0.90),test
2025-11-10,2025-11-11,0.67820530567308324,2.6971818953654232,EWMA(lambda=0.90),test
2025-11-11,2025-11-12,5.6257130379406606,2.4952842363961896,EWMA(lambda=0.90),test
2025-11-12,2025-11-13,0.000662589539105,2.8083271165506369,EWMA(lambda=0.90),test
2025-11-13,2025-11-14,0.060567668208050401,2.5275606638494841,EWMA(lambda=0.90),test
2025-11-14,2025-11-17,1.3285752555735579,2.2808613642853408,EWMA(lambda=0.90),test
2025-11-17,2025-11-18,0.1101519148224003,2.1856327534141626,EWMA(lambda=0.90),test
2025-11-18,2025-11-19,0.43564816266599249,1.9780846695549865,EWMA(lambda=0.90),test
2025-11-19,2025-11-20,0.17892677672148061,1.823841018866087,EWMA(lambda=0.90),test
2025-11-20,2025-11-21,0.0040999105070223,1.6593495946516263,EWMA(lambda=0.90),test
2025-11-21,2025-11-24,0.61694766215878116,1.4938246262371659,EWMA(lambda=0.90),test
2025-11-24,2025-11-25,0.20966024203487149,1.4061369298293274,EWMA(lambda=0.90),test
2025-11-25,2025-11-26,1.433673327817772,1.2864892610498817,EWMA(lambda=0.90),test
2025-11-26,2025-11-27,0.055406820733550799,1.3012076677266706,EWMA(lambda=0.90),test
2025-11-27,2025-11-28,0.1562015926240177,1.1766275830273587,EWMA(lambda=0.90),test
2025-11-28,2025-12-01,0.39639182484541002,1.0745849839870245,EWMA(lambda=0.90),test
2025-12-01,2025-12-02,0.81061286563125845,1.0067656680728629,EWMA(lambda=0.90),test
2025-12-02,2025-12-03,0.72769104202347246,0.98715038782870246,EWMA(lambda=0.90),test
2025-12-03,2025-12-04,0.099454459232899597,0.96120445324817938,EWMA(lambda=0.90),test
2025-12-04,2025-12-05,0.0550277452970135,0.87502945384665143,EWMA(lambda=0.90),test
2025-12-05,2025-12-08,0.50512349300487758,0.79302928299168773,EWMA(lambda=0.90),test
2025-12-08,2025-12-09,0.1408736793364905,0.76423870399300675,EWMA(lambda=0.90),test
2025-12-09,2025-12-10,2.6459070784539351,0.70190220152735516,EWMA(lambda=0.90),test
2025-12-10,2025-12-11,1.3806505812729413,0.89630268922001322,EWMA(lambda=0.90),test
2025-12-11,2025-12-12,9.6673248363478645,0.94473747842530598,EWMA(lambda=0.90),test
2025-12-12,2025-12-15,0.0028567239256698999,1.8169962142175615,EWMA(lambda=0.90),test
2025-12-15,2025-12-16,3.9805841978913619,1.6355822651883725,EWMA(lambda=0.90),test
2025-12-16,2025-12-17,0.1084209662548159,1.8700824584586715,EWMA(lambda=0.90),test
2025-12-17,2025-12-18,0.039271808864122397,1.6939163092382861,EWMA(lambda=0.90),test
2025-12-18,2025-12-19,2.6133244404010818,1.5284518592008698,EWMA(lambda=0.90),test
2025-12-19,2025-12-22,7.313697947150696,1.6369391173208909,EWMA(lambda=0.90),test
2025-12-22,2025-12-23,1.4374361396783522,2.2046150003038711,EWMA(lambda=0.90),test
2025-12-23,2025-12-24,0.36034587773514998,2.1278971142413194,EWMA(lambda=0.90),test
2025-12-24,2025-12-25,5.1414093264708933,1.9511419905907026,EWMA(lambda=0.90),test
2025-12-25,2025-12-26,0.5648889447832609,2.2701687241787218,EWMA(lambda=0.90),test
2025-12-26,2025-12-29,2.0655121585777008,2.0996407462391757,EWMA(lambda=0.90),test
2025-12-29,2025-12-30,0.46907622566672008,2.0962278874730282,EWMA(lambda=0.90),test
2025-12-30,2025-12-31,0.98130054071652439,1.9335127212923975,EWMA(lambda=0.90),test
