relative_path,artifact_type,sha256,size_bytes,mtime_utc,code_config_source,used_in_current_manuscript,sequence_construction_status,baseline_archive_root
outputs/advanced/audit/advanced_experiment_summary.md,audit_report,99f2a32bb0c59bcebd2f19db737eccc282026b0b8a5ab8192e193fee48c447a8,2868,2026-05-25T15:57:13.401948+00:00,src/run_advanced_experiments.py / src/advanced_*,False,not_neural_dependent,before_neural_var_es_dynamic_completion
outputs/advanced/audit/advanced_hypothesis_tests_report.md,audit_report,0e323c8e6f044babfc8faf445f17051b96ea27bb877e8215845e57a7a9c275e9,6076,2026-05-25T15:57:12.072237+00:00,src/run_advanced_experiments.py / src/advanced_*,False,not_neural_dependent,before_neural_var_es_dynamic_completion
outputs/advanced/audit/final_advanced_interpretation_audit.md,audit_report,5635fcc1ac8589fe366c8bc8f0db8f0913a2fa1820cd55b90c71f213c076e454,2615,2026-05-25T16:28:08.861835+00:00,src/run_advanced_experiments.py / src/advanced_*,False,not_neural_dependent,before_neural_var_es_dynamic_completion
outputs/advanced/audit/forecast_combination_report.md,audit_report,9577d53cf6583cb192377c782e512682a52b3c5c5ad4d028c98c4ea1634f83ec,3046,2026-05-25T15:57:04.565031+00:00,src/run_advanced_experiments.py / src/advanced_*,False,pre_sequence_construction_correction_artifact_or_neural_dependent_legacy,before_neural_var_es_dynamic_completion
outputs/advanced/audit/forecast_encompassing_report.md,audit_report,6687334a1e470b36e83d9cd319105a5462af837946de54a9eba036fcb7e71b11,1452,2026-05-25T15:57:05.344030+00:00,src/run_advanced_experiments.py / src/advanced_*,False,not_neural_dependent,before_neural_var_es_dynamic_completion
outputs/advanced/audit/garch_family_model_search_report.md,audit_report,678afba3f24411f37d4b21d16484b22bc2eca88c0f28a617c75e517198446212,2847,2026-05-25T15:55:34.273129+00:00,src/run_advanced_experiments.py / src/advanced_*,False,not_neural_dependent,before_neural_var_es_dynamic_completion
outputs/advanced/audit/neural_calibration_report.md,audit_report,942875f9f5d446dfcce8765b1d88b733bf6cedae92c168b7606435001d1454fa,2362,2026-05-25T15:57:02.549346+00:00,src/run_advanced_experiments.py / src/advanced_*,False,pre_sequence_construction_correction_artifact_or_neural_dependent_legacy,before_neural_var_es_dynamic_completion
outputs/advanced/audit/refit_protocol_report.md,audit_report,30e1138bfdc6d1421d11653e67968240d8807ba81d923712ea4fc30b5ba1e9b5,1588,2026-05-25T15:57:02.009990+00:00,src/run_advanced_experiments.py / src/advanced_*,False,not_neural_dependent,before_neural_var_es_dynamic_completion
outputs/advanced/audit/var_backtesting_report.md,audit_report,5b4e6c01f24eeedcb5695aad952a9e6993e4ad0c30fbc7c7a0590daad0288aa3,1926,2026-05-25T15:57:12.638770+00:00,src/run_advanced_experiments.py / src/advanced_*,False,not_neural_dependent,before_neural_var_es_dynamic_completion
outputs/advanced/predictions/calibrated_neural/pred_calibrated_arima_garch_lstm_affine_nonnegative.csv,prediction_artifact,c94d8f07133b81298808df7db6e9e4f17a66032ccc4ceb7f50520edb5c8c399d,166891,2026-05-25T15:57:02.176496+00:00,src/run_advanced_experiments.py / src/advanced_*,False,pre_sequence_construction_correction_artifact_or_neural_dependent_legacy,before_neural_var_es_dynamic_completion
outputs/advanced/predictions/calibrated_neural/pred_calibrated_arima_garch_lstm_isotonic.csv,prediction_artifact,e7c93b708b3d5eb6fe1201b110dee93677bbfe418d689b8ec32eff790dca4c30,152455,2026-05-25T15:57:02.188496+00:00,src/run_advanced_experiments.py / src/advanced_*,False,pre_sequence_construction_correction_artifact_or_neural_dependent_legacy,before_neural_var_es_dynamic_completion
outputs/advanced/predictions/calibrated_neural/pred_calibrated_arima_garch_lstm_scale_mean.csv,prediction_artifact,1470da17682a4ef6b5890573db3c48ace472f82fb96acac66bc85b52c0695dd8,155155,2026-05-25T15:57:02.165495+00:00,src/run_advanced_experiments.py / src/advanced_*,False,pre_sequence_construction_correction_artifact_or_neural_dependent_legacy,before_neural_var_es_dynamic_completion
outputs/advanced/predictions/calibrated_neural/pred_calibrated_arima_garch_lstm_scale_qlike.csv,prediction_artifact,c4bd92c0888f9f344ed7b2ec0a4032770390c002ff42a657f83407143e700ec3,156648,2026-05-25T15:57:02.153495+00:00,src/run_advanced_experiments.py / src/advanced_*,False,pre_sequence_construction_correction_artifact_or_neural_dependent_legacy,before_neural_var_es_dynamic_completion
outputs/advanced/predictions/calibrated_neural/pred_calibrated_hybrid_logtarget_affine_nonnegative.csv,prediction_artifact,90f6897cc0fbbce3745407d37f3e5cbc8bacd37023b672ff8b1ae8e0c86840cb,166838,2026-05-25T15:57:02.457506+00:00,src/run_advanced_experiments.py / src/advanced_*,False,pre_sequence_construction_correction_artifact_or_neural_dependent_legacy,before_neural_var_es_dynamic_completion
outputs/advanced/predictions/calibrated_neural/pred_calibrated_hybrid_logtarget_isotonic.csv,prediction_artifact,31d111ff917c9b5cf526ec95aeb81043aa96a0601a28ec5f614b96694b38a9f8,152147,2026-05-25T15:57:02.468507+00:00,src/run_advanced_experiments.py / src/advanced_*,False,pre_sequence_construction_correction_artifact_or_neural_dependent_legacy,before_neural_var_es_dynamic_completion
outputs/advanced/predictions/calibrated_neural/pred_calibrated_hybrid_logtarget_scale_mean.csv,prediction_artifact,86d411fd3065ede7fd9096974b56b5cdc4b0b9bf76b379c1c4bbb6a48c97f577,155197,2026-05-25T15:57:02.444506+00:00,src/run_advanced_experiments.py / src/advanced_*,False,pre_sequence_construction_correction_artifact_or_neural_dependent_legacy,before_neural_var_es_dynamic_completion
outputs/advanced/predictions/calibrated_neural/pred_calibrated_hybrid_logtarget_scale_qlike.csv,prediction_artifact,edf6590f226f65c304a6442adbd7d3ac0cb1da9e0ef1ee3077b0a3bd58ddef24,156664,2026-05-25T15:57:02.432505+00:00,src/run_advanced_experiments.py / src/advanced_*,False,pre_sequence_construction_correction_artifact_or_neural_dependent_legacy,before_neural_var_es_dynamic_completion
outputs/advanced/predictions/calibrated_neural/pred_calibrated_hybrid_logtarget_small_affine_nonnegative.csv,prediction_artifact,1a4e3043bfa054b295058e544dddc7bfad44917c3f9d383815bdc74083cd6a21,175577,2026-05-25T15:57:02.513509+00:00,src/run_advanced_experiments.py / src/advanced_*,False,pre_sequence_construction_correction_artifact_or_neural_dependent_legacy,before_neural_var_es_dynamic_completion
outputs/advanced/predictions/calibrated_neural/pred_calibrated_hybrid_logtarget_small_isotonic.csv,prediction_artifact,1b9df35c9c5446ae1f1c958849b528b151f22929b21d8a7b1c425b3c4f91c4f5,161234,2026-05-25T15:57:02.524509+00:00,src/run_advanced_experiments.py / src/advanced_*,False,pre_sequence_construction_correction_artifact_or_neural_dependent_legacy,before_neural_var_es_dynamic_completion
outputs/advanced/predictions/calibrated_neural/pred_calibrated_hybrid_logtarget_small_scale_mean.csv,prediction_artifact,4d9b2dc29d3eaa05228f38caa47b1865e11612a8e906def4f8884eaff9545362,163922,2026-05-25T15:57:02.500508+00:00,src/run_advanced_experiments.py / src/advanced_*,False,pre_sequence_construction_correction_artifact_or_neural_dependent_legacy,before_neural_var_es_dynamic_completion
outputs/advanced/predictions/calibrated_neural/pred_calibrated_hybrid_logtarget_small_scale_qlike.csv,prediction_artifact,d43d3e90530a864385959f0753125ecf21e429c31926f0e6ad5aa0f6abe0eeb1,165372,2026-05-25T15:57:02.489507+00:00,src/run_advanced_experiments.py / src/advanced_*,False,pre_sequence_construction_correction_artifact_or_neural_dependent_legacy,before_neural_var_es_dynamic_completion
outputs/advanced/predictions/calibrated_neural/pred_calibrated_hybrid_qlike_affine_nonnegative.csv,prediction_artifact,18b11ebc80716df503519f2db46e7276eb9a2a5632f55977c73022e5d48c3a3b,161005,2026-05-25T15:57:02.285500+00:00,src/run_advanced_experiments.py / src/advanced_*,False,pre_sequence_construction_correction_artifact_or_neural_dependent_legacy,before_neural_var_es_dynamic_completion
outputs/advanced/predictions/calibrated_neural/pred_calibrated_hybrid_qlike_isotonic.csv,prediction_artifact,5a62e87b7f53e4858f9315b5c3f365eee39853905df3f7db99ade0425a42fdad,146768,2026-05-25T15:57:02.296500+00:00,src/run_advanced_experiments.py / src/advanced_*,False,pre_sequence_construction_correction_artifact_or_neural_dependent_legacy,before_neural_var_es_dynamic_completion
outputs/advanced/predictions/calibrated_neural/pred_calibrated_hybrid_qlike_scale_mean.csv,prediction_artifact,e193528ab8a74b7645c217bdb5b29fee5a55ba8eaa6d1e2135630b659400af72,149263,2026-05-25T15:57:02.273499+00:00,src/run_advanced_experiments.py / src/advanced_*,False,pre_sequence_construction_correction_artifact_or_neural_dependent_legacy,before_neural_var_es_dynamic_completion
outputs/advanced/predictions/calibrated_neural/pred_calibrated_hybrid_qlike_scale_qlike.csv,prediction_artifact,7c1337bf1059430f7e65cc9a37195e748f6f71bb146c068099dfbe6a64e9516b,150857,2026-05-25T15:57:02.261499+00:00,src/run_advanced_experiments.py / src/advanced_*,False,pre_sequence_construction_correction_artifact_or_neural_dependent_legacy,before_neural_var_es_dynamic_completion
outputs/advanced/predictions/calibrated_neural/pred_calibrated_lstm_affine_nonnegative.csv,prediction_artifact,abae716e21e7b9753e853e47af0f05f4609eb322464c06fac097d73096bdeb17,149382,2026-05-25T15:57:02.120494+00:00,src/run_advanced_experiments.py / src/advanced_*,False,pre_sequence_construction_correction_artifact_or_neural_dependent_legacy,before_neural_var_es_dynamic_completion
outputs/advanced/predictions/calibrated_neural/pred_calibrated_lstm_isotonic.csv,prediction_artifact,07764bfb1ef49399d491b1c962a5de0b7fcf5f3f1064aae6c1330823dc5f9956,134942,2026-05-25T15:57:02.131494+00:00,src/run_advanced_experiments.py / src/advanced_*,False,pre_sequence_construction_correction_artifact_or_neural_dependent_legacy,before_neural_var_es_dynamic_completion
outputs/advanced/predictions/calibrated_neural/pred_calibrated_lstm_logtarget_affine_nonnegative.csv,prediction_artifact,8b63daeb44d7337310633ce27565e9054f650ba7425144b948cf0b0ad395c822,163959,2026-05-25T15:57:02.345502+00:00,src/run_advanced_experiments.py / src/advanced_*,False,pre_sequence_construction_correction_artifact_or_neural_dependent_legacy,before_neural_var_es_dynamic_completion
outputs/advanced/predictions/calibrated_neural/pred_calibrated_lstm_logtarget_isotonic.csv,prediction_artifact,e649597c1a13b8b7d559312e691f753e41898aec8db9e226ded428c58ba86385,149401,2026-05-25T15:57:02.358503+00:00,src/run_advanced_experiments.py / src/advanced_*,False,pre_sequence_construction_correction_artifact_or_neural_dependent_legacy,before_neural_var_es_dynamic_completion
outputs/advanced/predictions/calibrated_neural/pred_calibrated_lstm_logtarget_scale_mean.csv,prediction_artifact,32fd7ad1995ec64d9176ef4b1d0b416eb0a5833b497724ebf718f28db010bbe7,152298,2026-05-25T15:57:02.332502+00:00,src/run_advanced_experiments.py / src/advanced_*,False,pre_sequence_construction_correction_artifact_or_neural_dependent_legacy,before_neural_var_es_dynamic_completion
outputs/advanced/predictions/calibrated_neural/pred_calibrated_lstm_logtarget_scale_qlike.csv,prediction_artifact,72e14b57d16cdd3ace519d487fa81ea2a92c41c9a4e013472014860a60eda580,153777,2026-05-25T15:57:02.321501+00:00,src/run_advanced_experiments.py / src/advanced_*,False,pre_sequence_construction_correction_artifact_or_neural_dependent_legacy,before_neural_var_es_dynamic_completion
outputs/advanced/predictions/calibrated_neural/pred_calibrated_lstm_logtarget_small_affine_nonnegative.csv,prediction_artifact,c5b76a8b94afa644fa1462fa1faefa96d2bd610df3ce04982accf7bf7156f5da,172630,2026-05-25T15:57:02.402504+00:00,src/run_advanced_experiments.py / src/advanced_*,False,pre_sequence_construction_correction_artifact_or_neural_dependent_legacy,before_neural_var_es_dynamic_completion
outputs/advanced/predictions/calibrated_neural/pred_calibrated_lstm_logtarget_small_isotonic.csv,prediction_artifact,229e53b96a77b230d177d87f8cd4105d86d3f143f7d753da279db6e403f57195,158556,2026-05-25T15:57:02.414505+00:00,src/run_advanced_experiments.py / src/advanced_*,False,pre_sequence_construction_correction_artifact_or_neural_dependent_legacy,before_neural_var_es_dynamic_completion
outputs/advanced/predictions/calibrated_neural/pred_calibrated_lstm_logtarget_small_scale_mean.csv,prediction_artifact,5c03586a8ee3498411dc48d3d5f6e396e1a60b7e543fc45d54d1781146e25d06,160943,2026-05-25T15:57:02.391504+00:00,src/run_advanced_experiments.py / src/advanced_*,False,pre_sequence_construction_correction_artifact_or_neural_dependent_legacy,before_neural_var_es_dynamic_completion
outputs/advanced/predictions/calibrated_neural/pred_calibrated_lstm_logtarget_small_scale_qlike.csv,prediction_artifact,3353044bc228f23b16af46f629ad63fb3b5ddf7a660a3c0f695a41b32244b73c,162446,2026-05-25T15:57:02.377503+00:00,src/run_advanced_experiments.py / src/advanced_*,False,pre_sequence_construction_correction_artifact_or_neural_dependent_legacy,before_neural_var_es_dynamic_completion
outputs/advanced/predictions/calibrated_neural/pred_calibrated_lstm_qlike_affine_nonnegative.csv,prediction_artifact,dc9c304b4a53b172ea0ab1315daa4cb6bbd6583a06395e6098f0cb68a7b8626f,158128,2026-05-25T15:57:02.229498+00:00,src/run_advanced_experiments.py / src/advanced_*,False,pre_sequence_construction_correction_artifact_or_neural_dependent_legacy,before_neural_var_es_dynamic_completion
outputs/advanced/predictions/calibrated_neural/pred_calibrated_lstm_qlike_isotonic.csv,prediction_artifact,76df2b454d343ad95352c46f35a5265a0eed315fb5f0c99c5383d5d71c100418,143912,2026-05-25T15:57:02.239498+00:00,src/run_advanced_experiments.py / src/advanced_*,False,pre_sequence_construction_correction_artifact_or_neural_dependent_legacy,before_neural_var_es_dynamic_completion
outputs/advanced/predictions/calibrated_neural/pred_calibrated_lstm_qlike_scale_mean.csv,prediction_artifact,1935997cf47674f00a093729cca961b920ac98db2160cb4296f558599896f89b,146367,2026-05-25T15:57:02.219497+00:00,src/run_advanced_experiments.py / src/advanced_*,False,pre_sequence_construction_correction_artifact_or_neural_dependent_legacy,before_neural_var_es_dynamic_completion
outputs/advanced/predictions/calibrated_neural/pred_calibrated_lstm_qlike_scale_qlike.csv,prediction_artifact,7421170ff29e80f50b3f1b77e1aeca1eef88e5707560bf63ac77dabeaca30703,147938,2026-05-25T15:57:02.207497+00:00,src/run_advanced_experiments.py / src/advanced_*,False,pre_sequence_construction_correction_artifact_or_neural_dependent_legacy,before_neural_var_es_dynamic_completion
outputs/advanced/predictions/calibrated_neural/pred_calibrated_lstm_scale_mean.csv,prediction_artifact,4e35f1cb4645fd1bab645295ec6e85d92d36df329aae29926531592706c14b1f,137655,2026-05-25T15:57:02.109493+00:00,src/run_advanced_experiments.py / src/advanced_*,False,pre_sequence_construction_correction_artifact_or_neural_dependent_legacy,before_neural_var_es_dynamic_completion
outputs/advanced/predictions/calibrated_neural/pred_calibrated_lstm_scale_qlike.csv,prediction_artifact,0658cdaed9e827a59d4e06a1633395a37c416fa7b3178a57924b9476e3c6de73,139157,2026-05-25T15:57:02.098493+00:00,src/run_advanced_experiments.py / src/advanced_*,False,pre_sequence_construction_correction_artifact_or_neural_dependent_legacy,before_neural_var_es_dynamic_completion
outputs/advanced/predictions/forecast_combinations/pred_combomean_poola_econometric.csv,prediction_artifact,f615ab8ad87ce521f11141c01c026f22c090ab0f85e32575f68aaa3a979a24f2,142975,2026-05-25T15:57:04.459581+00:00,src/run_advanced_experiments.py / src/advanced_*,False,pre_sequence_construction_correction_artifact_or_neural_dependent_legacy,before_neural_var_es_dynamic_completion
outputs/advanced/predictions/forecast_combinations/pred_combomean_poolb_garch_neural.csv,prediction_artifact,5772bc0d411e3e38a80577b6138facfe4face0f02f2bfefa4b23297fcacfe879,140665,2026-05-25T15:57:04.489583+00:00,src/run_advanced_experiments.py / src/advanced_*,False,pre_sequence_construction_correction_artifact_or_neural_dependent_legacy,before_neural_var_es_dynamic_completion
outputs/advanced/predictions/forecast_combinations/pred_combomean_poolc_garch_calibratedneural.csv,prediction_artifact,0c5ab39e5e0443137fa2f04042aa3dd379c00b9517ec237aa6ec8a3ac40ddf1d,155230,2026-05-25T15:57:04.518584+00:00,src/run_advanced_experiments.py / src/advanced_*,False,pre_sequence_construction_correction_artifact_or_neural_dependent_legacy,before_neural_var_es_dynamic_completion
outputs/advanced/predictions/forecast_combinations/pred_combomean_poold_allstable.csv,prediction_artifact,17210b391167868c89649f75ddcc8166961609e496356dc09af613d3d993d0cc,136247,2026-05-25T15:57:04.548585+00:00,src/run_advanced_experiments.py / src/advanced_*,False,pre_sequence_construction_correction_artifact_or_neural_dependent_legacy,before_neural_var_es_dynamic_completion
outputs/advanced/predictions/forecast_combinations/pred_combomedian_poola_econometric.csv,prediction_artifact,d4b001fd4bc8d658e3470b5b0864f0663bfb162969f18180bbc0bb3b677cd02c,145930,2026-05-25T15:57:04.469582+00:00,src/run_advanced_experiments.py / src/advanced_*,False,pre_sequence_construction_correction_artifact_or_neural_dependent_legacy,before_neural_var_es_dynamic_completion
outputs/advanced/predictions/forecast_combinations/pred_combomedian_poolb_garch_neural.csv,prediction_artifact,67be9dfc1702ee5976e2cad1271a765bc708894c38bc7d56359f4812ffd8eb0d,143565,2026-05-25T15:57:04.498583+00:00,src/run_advanced_experiments.py / src/advanced_*,False,pre_sequence_construction_correction_artifact_or_neural_dependent_legacy,before_neural_var_es_dynamic_completion
outputs/advanced/predictions/forecast_combinations/pred_combomedian_poolc_garch_calibratedneural.csv,prediction_artifact,982b54f0a5214bfe18b83f267450041da99731d135046c16f8551cf7e3b8cea9,158080,2026-05-25T15:57:04.527584+00:00,src/run_advanced_experiments.py / src/advanced_*,False,pre_sequence_construction_correction_artifact_or_neural_dependent_legacy,before_neural_var_es_dynamic_completion
outputs/advanced/predictions/forecast_combinations/pred_combomedian_poold_allstable.csv,prediction_artifact,ea60d76c9b07e4c9095ddee6270aae090e13deb3ca3b349c8492113bdc310b3c,139168,2026-05-25T15:57:04.558585+00:00,src/run_advanced_experiments.py / src/advanced_*,False,pre_sequence_construction_correction_artifact_or_neural_dependent_legacy,before_neural_var_es_dynamic_completion
outputs/advanced/predictions/forecast_combinations/pred_combopair_bestgarchfamily_bestcalibratedneural.csv,prediction_artifact,7bd92a10098a46ba36acff3217ffe021480ecbae4eec1b3a866e17fe7397f78f,166893,2026-05-25T15:57:04.419580+00:00,src/run_advanced_experiments.py / src/advanced_*,False,pre_sequence_construction_correction_artifact_or_neural_dependent_legacy,before_neural_var_es_dynamic_completion
outputs/advanced/predictions/forecast_combinations/pred_combopair_bestgarchfamily_hybridqlike.csv,prediction_artifact,84b838232e08c8001251c8b470db032dade987d3953241d4efc15a205e5f0a81,153820,2026-05-25T15:57:04.410579+00:00,src/run_advanced_experiments.py / src/advanced_*,False,pre_sequence_construction_correction_artifact_or_neural_dependent_legacy,before_neural_var_es_dynamic_completion
outputs/advanced/predictions/forecast_combinations/pred_combopair_bestrefitgarch_bestcalibratedneural.csv,prediction_artifact,4c9e9caa2fbb3f877578f4bd9a9d239eb0959158d0679315031ff59dba61485a,165413,2026-05-25T15:57:04.438581+00:00,src/run_advanced_experiments.py / src/advanced_*,False,pre_sequence_construction_correction_artifact_or_neural_dependent_legacy,before_neural_var_es_dynamic_completion
outputs/advanced/predictions/forecast_combinations/pred_combopair_bestrefitgarch_hybridqlike.csv,prediction_artifact,436312df210eaf15232474b8c44c4aa59bec37a65caf4707669d91ea667a0886,152323,2026-05-25T15:57:04.428580+00:00,src/run_advanced_experiments.py / src/advanced_*,False,pre_sequence_construction_correction_artifact_or_neural_dependent_legacy,before_neural_var_es_dynamic_completion
outputs/advanced/predictions/forecast_combinations/pred_combopair_garch11_arimagarch.csv,prediction_artifact,5ea54a9f642909b561dc6ee81877d8f7503f10ddbeeb91b7033d81a35610f338,144294,2026-05-25T15:57:04.390579+00:00,src/run_advanced_experiments.py / src/advanced_*,False,pre_sequence_construction_correction_artifact_or_neural_dependent_legacy,before_neural_var_es_dynamic_completion
outputs/advanced/predictions/forecast_combinations/pred_combopair_garch11_hybridqlike.csv,prediction_artifact,fc8c18302877f408e62a1d54cc2f1946c6a139baa2e186dd9d8b0624e618ec4f,142112,2026-05-25T15:57:04.400579+00:00,src/run_advanced_experiments.py / src/advanced_*,False,pre_sequence_construction_correction_artifact_or_neural_dependent_legacy,before_neural_var_es_dynamic_completion
outputs/advanced/predictions/forecast_combinations/pred_combostack_poola_econometric.csv,prediction_artifact,7e14035df0a9181cc0403d36f9d6012220a36adec279c288a58313ef629a4e5c,144401,2026-05-25T15:57:04.449581+00:00,src/run_advanced_experiments.py / src/advanced_*,False,pre_sequence_construction_correction_artifact_or_neural_dependent_legacy,before_neural_var_es_dynamic_completion
outputs/advanced/predictions/forecast_combinations/pred_combostack_poolb_garch_neural.csv,prediction_artifact,3968a2d8782ad0e9a30ec2bc575edd2000367d6789878ba612cb12b30da45546,142128,2026-05-25T15:57:04.480582+00:00,src/run_advanced_experiments.py / src/advanced_*,False,pre_sequence_construction_correction_artifact_or_neural_dependent_legacy,before_neural_var_es_dynamic_completion
outputs/advanced/predictions/forecast_combinations/pred_combostack_poolc_garch_calibratedneural.csv,prediction_artifact,c017853bdcf1e3f4d708e3cff695093e0579260e428ca94ff2b8a863755d8e5d,156703,2026-05-25T15:57:04.508583+00:00,src/run_advanced_experiments.py / src/advanced_*,False,pre_sequence_construction_correction_artifact_or_neural_dependent_legacy,before_neural_var_es_dynamic_completion
outputs/advanced/predictions/forecast_combinations/pred_combostack_poold_allstable.csv,prediction_artifact,70b653db71467d0add2f633f7cf3b7992c6d70f77d5c99d513a0ca6f817d8da0,137789,2026-05-25T15:57:04.537584+00:00,src/run_advanced_experiments.py / src/advanced_*,False,pre_sequence_construction_correction_artifact_or_neural_dependent_legacy,before_neural_var_es_dynamic_completion
outputs/advanced/predictions/garch_family/pred_advgarch_bestarima.csv,prediction_artifact,c6971f1a4ad9d44aad8e6f1b69e92170ca38052b251592dafc7d8253edc5fb8f,129543,2026-05-25T15:55:34.170012+00:00,src/run_advanced_experiments.py / src/advanced_*,False,not_neural_dependent,before_neural_var_es_dynamic_completion
outputs/advanced/predictions/garch_family/pred_advgarch_bestasymmetric.csv,prediction_artifact,065c958c9aa9334f3829499bab179a06d1f3906cd7a6655e497db3ddf15d232c,137041,2026-05-25T15:55:34.151011+00:00,src/run_advanced_experiments.py / src/advanced_*,False,not_neural_dependent,before_neural_var_es_dynamic_completion
outputs/advanced/predictions/garch_family/pred_advgarch_bestheavytail.csv,prediction_artifact,565d75c0f2d05224ff99e68ec88f7971e7277e61849cfe7836016c448fd767f4,135553,2026-05-25T15:55:34.161011+00:00,src/run_advanced_experiments.py / src/advanced_*,False,not_neural_dependent,before_neural_var_es_dynamic_completion
outputs/advanced/predictions/garch_family/pred_advgarch_bestqlike.csv,prediction_artifact,60c7ecb9c33c0d7d6aa3c77bb44e10bad2c169dd65e34a60fbf25b60ba06da74,129543,2026-05-25T15:55:34.131010+00:00,src/run_advanced_experiments.py / src/advanced_*,False,not_neural_dependent,before_neural_var_es_dynamic_completion
outputs/advanced/predictions/garch_family/pred_advgarch_bestsymmetric.csv,prediction_artifact,bbab746f6bab4467f47e9ed1cb30f106faa6d7b9171489d277bea5e5d73b9057,135481,2026-05-25T15:55:34.140010+00:00,src/run_advanced_experiments.py / src/advanced_*,False,not_neural_dependent,before_neural_var_es_dynamic_completion
outputs/advanced/predictions/refit_protocols/pred_refit_bestasymmetric_rolling_1000_monthly.csv,prediction_artifact,cff86ac8f12f5ba1ae77a12afaa1d48b57ea49704c07a1c42a9715adbc9272b7,163825,2026-05-25T15:56:59.868409+00:00,src/run_advanced_experiments.py / src/advanced_*,False,not_neural_dependent,before_neural_var_es_dynamic_completion
outputs/advanced/predictions/refit_protocols/pred_refit_bestgarchfamily_fixed_train_only.csv,prediction_artifact,895c2abe2e0f2f7665f19f03ac87f77982a87775364000f8d16167d81d62036b,159443,2026-05-25T15:56:38.067578+00:00,src/run_advanced_experiments.py / src/advanced_*,False,not_neural_dependent,before_neural_var_es_dynamic_completion
outputs/advanced/predictions/refit_protocols/pred_refit_originalarimagarch_expanding_quarterly.csv,prediction_artifact,68b54da065fa3454287e2576cb8b2171ff9e181dadbc02e2938a723d6d26ecfa,168325,2026-05-25T15:56:09.201444+00:00,src/run_advanced_experiments.py / src/advanced_*,False,not_neural_dependent,before_neural_var_es_dynamic_completion
outputs/advanced/predictions/refit_protocols/pred_refit_originalgarch_expanding_quarterly.csv,prediction_artifact,4b1d5b866db1c9a1c4a4a32c892599ea1add95c6302b825f0b08ffe526e46b90,160823,2026-05-25T15:55:38.169178+00:00,src/run_advanced_experiments.py / src/advanced_*,False,not_neural_dependent,before_neural_var_es_dynamic_completion
outputs/advanced/tables/table_advanced_dm_tests_absolute_error.csv,result_table,956fa062c649d6fe06806207f81ce28744fb9f3d9d362535860e3d29e78f5a31,40652,2026-05-25T15:57:11.692851+00:00,src/run_advanced_experiments.py / src/advanced_*,False,not_neural_dependent,before_neural_var_es_dynamic_completion
outputs/advanced/tables/table_advanced_dm_tests_qlike.csv,result_table,568a7bba3d4f5777676f90c40fb00f52cc1d426d13effb662ba7ad5313990a2b,39947,2026-05-25T15:57:07.980713+00:00,src/run_advanced_experiments.py / src/advanced_*,False,not_neural_dependent,before_neural_var_es_dynamic_completion
outputs/advanced/tables/table_advanced_dm_tests_squared_error.csv,result_table,64b6850cdd1b189ca4ecc273c479b032272f5d101df31b814b1d5b52a8171480,41684,2026-05-25T15:57:09.853782+00:00,src/run_advanced_experiments.py / src/advanced_*,False,not_neural_dependent,before_neural_var_es_dynamic_completion
outputs/advanced/tables/table_advanced_final_leaderboard.csv,result_table,f04a6d797fb6b3c40deeedfd1cf16c91185ebb36f0988c5f57e8b596e2819ce8,18968,2026-05-25T15:57:13.356912+00:00,src/run_advanced_experiments.py / src/advanced_*,False,not_neural_dependent,before_neural_var_es_dynamic_completion
outputs/advanced/tables/table_advanced_holm_corrected_tests.csv,result_table,041016280b35554df56e1f66cc1c7ab9f4d42c1f95ae209fb9884aa693da5120,197558,2026-05-25T15:57:11.742853+00:00,src/run_advanced_experiments.py / src/advanced_*,False,not_neural_dependent,before_neural_var_es_dynamic_completion
outputs/advanced/tables/table_advanced_hypothesis_summary.csv,result_table,2ed28e93726c4681719de44cdb28f1d88df2f9bfc5bb88457efd837a16dc4e38,1839,2026-05-25T15:57:13.378099+00:00,src/run_advanced_experiments.py / src/advanced_*,False,not_neural_dependent,before_neural_var_es_dynamic_completion
outputs/advanced/tables/table_advanced_wilcoxon_tests.csv,result_table,e6fc2e19a7f265e50d5ab1cb4b8b3f22d97825cbef6145cd13bac4b1f2771ca0,81203,2026-05-25T15:57:11.698851+00:00,src/run_advanced_experiments.py / src/advanced_*,False,not_neural_dependent,before_neural_var_es_dynamic_completion
outputs/advanced/tables/table_claim_safety_audit.csv,result_table,7bde76d8eb55cf66cfc90a8ccc0e2896222a44bb4cb385ff3862cd8e6332b7a1,3434,2026-05-25T16:28:08.861835+00:00,src/run_advanced_experiments.py / src/advanced_*,False,not_neural_dependent,before_neural_var_es_dynamic_completion
outputs/advanced/tables/table_exploratory_best_test_models.csv,result_table,76acdc2b494aa30bfa2debd7616559bdedff5b00e865f183fc619ce57ef53d95,1301,2026-05-25T16:28:08.861835+00:00,src/run_advanced_experiments.py / src/advanced_*,False,not_neural_dependent,before_neural_var_es_dynamic_completion
outputs/advanced/tables/table_forecast_combination_test.csv,result_table,f6a50bb184a16032e688d4e97d8fd85b86e049c05235d9fbdce636becb53722e,11426,2026-05-25T15:57:04.563484+00:00,src/run_advanced_experiments.py / src/advanced_*,False,pre_sequence_construction_correction_artifact_or_neural_dependent_legacy,before_neural_var_es_dynamic_completion
outputs/advanced/tables/table_forecast_combination_validation.csv,result_table,2482774c7a905329c7b6802d9464c7f157bc957f01eaa1e0321c8be51e436062,11404,2026-05-25T15:57:04.562963+00:00,src/run_advanced_experiments.py / src/advanced_*,False,pre_sequence_construction_correction_artifact_or_neural_dependent_legacy,before_neural_var_es_dynamic_completion
outputs/advanced/tables/table_forecast_combination_weights.csv,result_table,a2c0f1a729a6c3e40905e07a65c4598f5a2539f3b36fb330f647beb725b4491c,20544,2026-05-25T15:57:04.564024+00:00,src/run_advanced_experiments.py / src/advanced_*,False,pre_sequence_construction_correction_artifact_or_neural_dependent_legacy,before_neural_var_es_dynamic_completion
outputs/advanced/tables/table_forecast_encompassing.csv,result_table,900ded208ea9cf25766cc8f2ed6f388cdd494380436a2eebb70598b47159f671,1859,2026-05-25T15:57:05.340614+00:00,src/run_advanced_experiments.py / src/advanced_*,False,not_neural_dependent,before_neural_var_es_dynamic_completion
outputs/advanced/tables/table_garch_family_all_candidates.csv,result_table,4870876fc893f364082904109462827df00536102ed2aefba3ff58d45036aa5b,1089678,2026-05-25T15:55:34.220014+00:00,src/run_advanced_experiments.py / src/advanced_*,False,not_neural_dependent,before_neural_var_es_dynamic_completion
outputs/advanced/tables/table_garch_family_fit_failures.csv,result_table,2c785ff7e05a40bb66dad0e87a5f5a696602c2ddefecd635b055870d0630bb29,410620,2026-05-25T15:55:34.226014+00:00,src/run_advanced_experiments.py / src/advanced_*,False,not_neural_dependent,before_neural_var_es_dynamic_completion
outputs/advanced/tables/table_garch_family_selected_models.csv,result_table,18540837c4abdac91795519362476369bc4132c9992d54a1a91173a5e86b9555,3923,2026-05-25T15:55:34.268016+00:00,src/run_advanced_experiments.py / src/advanced_*,False,not_neural_dependent,before_neural_var_es_dynamic_completion
outputs/advanced/tables/table_garch_family_test_results.csv,result_table,20aa98575446c7fc27c3ae13a44725b99521851969fceeac007a4ce284d03400,2809,2026-05-25T15:55:34.269016+00:00,src/run_advanced_experiments.py / src/advanced_*,False,not_neural_dependent,before_neural_var_es_dynamic_completion
outputs/advanced/tables/table_garch_family_validation_ranking.csv,result_table,b84bc77eacf024eaff92e836a893cb93ef8409ca33936a8714c94fcaddf4e452,1101553,2026-05-25T15:55:34.267016+00:00,src/run_advanced_experiments.py / src/advanced_*,False,not_neural_dependent,before_neural_var_es_dynamic_completion
outputs/advanced/tables/table_incremental_information_dm.csv,result_table,29adfb6544ac4d73a8d3ff6403e499e0f7beb097ddb1f0c7e77e342c54c8e498,1038,2026-05-25T15:57:05.342464+00:00,src/run_advanced_experiments.py / src/advanced_*,False,not_neural_dependent,before_neural_var_es_dynamic_completion
outputs/advanced/tables/table_model_confidence_set_qlike.csv,result_table,7873dad784debc43c2b6100c262122247c15f03f784a45d7ed9fdd7f8fcdb343,9964,2026-05-25T15:57:12.068865+00:00,src/run_advanced_experiments.py / src/advanced_*,False,not_neural_dependent,before_neural_var_es_dynamic_completion
outputs/advanced/tables/table_neural_calibration_prediction_files.csv,prediction_artifact,75878468af3159369acd0d84d6eac32956b40ef9eb5b31b940910c232d9bd797,4310,2026-05-25T15:57:02.530824+00:00,src/run_advanced_experiments.py / src/advanced_*,False,pre_sequence_construction_correction_artifact_or_neural_dependent_legacy,before_neural_var_es_dynamic_completion
outputs/advanced/tables/table_neural_calibration_test.csv,result_table,3d224644549e5908d3cb593903ef64c5b558c7a35d5799c5c48860c5668d12b6,12474,2026-05-25T15:57:02.529509+00:00,src/run_advanced_experiments.py / src/advanced_*,False,pre_sequence_construction_correction_artifact_or_neural_dependent_legacy,before_neural_var_es_dynamic_completion
outputs/advanced/tables/table_neural_calibration_underprediction.csv,prediction_artifact,9bf8a382b9f45955f9eace3a29a85ca255cd7ca561056ea33b12446d4c9580bc,6073,2026-05-25T15:57:02.530317+00:00,src/run_advanced_experiments.py / src/advanced_*,False,pre_sequence_construction_correction_artifact_or_neural_dependent_legacy,before_neural_var_es_dynamic_completion
outputs/advanced/tables/table_neural_calibration_validation.csv,result_table,47e561d8b1f02f00834d012c99e1f426ce4b7229b52f6ba1086afb7d68bbdb6a,12685,2026-05-25T15:57:02.529078+00:00,src/run_advanced_experiments.py / src/advanced_*,False,pre_sequence_construction_correction_artifact_or_neural_dependent_legacy,before_neural_var_es_dynamic_completion
outputs/advanced/tables/table_original_output_integrity.csv,result_table,fe4f7942836a412fc9998b7eb5e9cab5088febb5c24dc7c8aed822257222f849,23973,2026-05-25T15:57:13.400205+00:00,src/run_advanced_experiments.py / src/advanced_*,False,not_neural_dependent,before_neural_var_es_dynamic_completion
outputs/advanced/tables/table_paper_safe_leaderboard.csv,result_table,c7ebbd8f91d9bcb90944a695374ab679f30555505b0a03b84203fbe4fccaf1e7,3147,2026-05-25T16:28:08.861835+00:00,src/run_advanced_experiments.py / src/advanced_*,False,not_neural_dependent,before_neural_var_es_dynamic_completion
outputs/advanced/tables/table_refit_protocol_selected_prediction_files.csv,prediction_artifact,77437d534c7ed65078e1429b18a5a8fc6ed83dcfe7ab952ce8b3c6e1f9b2c5ec,736,2026-05-25T15:57:01.995923+00:00,src/run_advanced_experiments.py / src/advanced_*,False,not_neural_dependent,before_neural_var_es_dynamic_completion
outputs/advanced/tables/table_refit_protocol_test.csv,result_table,7d118e169afaca2099e3a232e29e1317f37e47ccb3d49caa5f47900f6956b4e3,252029,2026-05-25T15:57:01.999489+00:00,src/run_advanced_experiments.py / src/advanced_*,False,not_neural_dependent,before_neural_var_es_dynamic_completion
outputs/advanced/tables/table_refit_protocol_validation.csv,result_table,7bb8f5348e83ef4fb6f78abb65a76484065d406cfb201c6936b7973e908d6840,250289,2026-05-25T15:57:01.997489+00:00,src/run_advanced_experiments.py / src/advanced_*,False,not_neural_dependent,before_neural_var_es_dynamic_completion
outputs/advanced/tables/table_var_backtesting_1pct.csv,result_table,198db539c1d33e0425fe81702996ce67720b7434143e9e2b23a54fdc8e9ea40f,2264,2026-05-25T15:57:12.637908+00:00,src/run_advanced_experiments.py / src/advanced_*,False,not_neural_dependent,before_neural_var_es_dynamic_completion
outputs/advanced/tables/table_var_backtesting_5pct.csv,result_table,6714032de54110a487f0349ade0265082482be9822cc44ce34f4e5528ffcb7ce,2326,2026-05-25T15:57:12.632374+00:00,src/run_advanced_experiments.py / src/advanced_*,False,not_neural_dependent,before_neural_var_es_dynamic_completion
outputs/figures/fig_actual_vs_predicted_test_common.png,figure,c77f3ff7e11ac5fd026390038da4e326c09fb84883b09f28ec7d83237dda4816,406714,2026-05-24T20:58:34.646403+00:00,not_traced,False,not_neural_dependent,before_neural_var_es_dynamic_completion
outputs/figures/fig_actual_vs_predicted_test_common_zoom.png,figure,7821b38c4daace3e326e3f3969a7bef2953188c55d2abed1bb0df90ea88f7bc3,368141,2026-05-24T20:58:34.904402+00:00,not_traced,False,not_neural_dependent,before_neural_var_es_dynamic_completion
outputs/figures/fig_close_price.png,figure,21c3db060a006e654720eef572b110b34bf55c16e81fda1569abe55dcb2bfc0c,104247,2026-05-24T20:41:50.345531+00:00,not_traced,False,not_neural_dependent,before_neural_var_es_dynamic_completion
outputs/figures/fig_log_return.png,figure,07d910ec4b8c7d69565340c982b4506f2cf2d63dd1041d922526720a04334e26,148359,2026-05-24T20:41:50.488534+00:00,not_traced,False,not_neural_dependent,before_neural_var_es_dynamic_completion
outputs/figures/fig_loss_difference_vs_garch.png,figure,db6357076b21ad8b09b7ebc88e3bf7945ce32afa8c89ec079679e718e52cd303,161619,2026-05-25T14:56:58.419202+00:00,not_traced,False,not_neural_dependent,before_neural_var_es_dynamic_completion
outputs/figures/fig_lstm_base_loss.png,figure,d07083353a4c8054f565a985c35ec27edd0ba4aa0dfab2d67066d05bd2e7de89,87684,2026-05-24T20:44:29.628545+00:00,src/train_lstm_hybrid.py,False,pre_sequence_construction_correction_artifact_or_neural_dependent_legacy,before_neural_var_es_dynamic_completion
outputs/figures/fig_lstm_hybrid_loss.png,figure,d46c58c0a10846f2721685338607c5bffb20c058c94c7347c1ddbe463c8c5a5f,99792,2026-05-24T20:44:36.778167+00:00,src/train_lstm_hybrid.py,False,pre_sequence_construction_correction_artifact_or_neural_dependent_legacy,before_neural_var_es_dynamic_completion
outputs/figures/fig_mae_comparison_common_test.png,figure,dac7da29f6c738d709226bdb93c242ffcf7008e39244863839b53edb60c88892,237273,2026-05-24T20:58:34.342403+00:00,not_traced,False,not_neural_dependent,before_neural_var_es_dynamic_completion
outputs/figures/fig_qlike_comparison_common_test.png,figure,868fdddefa2dbdaba03056137d775e957ca50ad2bf7f6a7326d5a1ceeec346b7,227741,2026-05-24T20:58:33.948405+00:00,not_traced,False,not_neural_dependent,before_neural_var_es_dynamic_completion
outputs/figures/fig_regime_qlike.png,figure,926766b44a15ad270dfafa83dea7d5f82b59fed77fd28b1d573f7b8ae90d2ec5,264664,2026-05-25T14:56:58.692195+00:00,not_traced,False,not_neural_dependent,before_neural_var_es_dynamic_completion
outputs/figures/fig_rmse_comparison_common_test.png,figure,97bc889b969ca2e6de3b565107bdb42ee8124c8aeac633bc56c72f50a768ad5d,237804,2026-05-24T20:58:34.151404+00:00,not_traced,False,not_neural_dependent,before_neural_var_es_dynamic_completion
outputs/figures/fig_rolling_volatility.png,figure,32c9c0ca0d65a94de05ec6eaecdca5d71166225fed7792b1bbb1f9161900ab7d,301767,2026-05-24T20:41:50.776540+00:00,not_traced,False,not_neural_dependent,before_neural_var_es_dynamic_completion
outputs/figures/fig_squared_return.png,figure,b9a37d25c3228425779c8763742f626d0ad6a8c2c60e9ba66db0bc0c6e1ab8c7,103478,2026-05-24T20:41:50.610537+00:00,not_traced,False,not_neural_dependent,before_neural_var_es_dynamic_completion
outputs/figures/lstm_tuned/fig_loss_hybrid_logtarget.png,figure,2c71b1ffc3a7a9324fb89a25a7be1fdba7e21d1766afa20ede9a51ea6a3ba411,138793,2026-05-24T20:57:11.001732+00:00,src/tune_lstm_hybrid.py,False,pre_sequence_construction_correction_artifact_or_neural_dependent_legacy,before_neural_var_es_dynamic_completion
outputs/figures/lstm_tuned/fig_loss_hybrid_logtarget_small.png,figure,1c2f1a3a55de1a45f312c68d2f7f2fdde7ebf81cea7ad6c4218493e156aecae1,136217,2026-05-24T20:57:49.136560+00:00,src/tune_lstm_hybrid.py,False,pre_sequence_construction_correction_artifact_or_neural_dependent_legacy,before_neural_var_es_dynamic_completion
outputs/figures/lstm_tuned/fig_loss_hybrid_qlike.png,figure,8828ba70559a11c4af98406598714a709bc03aac354225cb0937159043799b4a,103209,2026-05-24T20:57:31.470635+00:00,src/tune_lstm_hybrid.py,False,pre_sequence_construction_correction_artifact_or_neural_dependent_legacy,before_neural_var_es_dynamic_completion
outputs/figures/lstm_tuned/fig_loss_lstm_logtarget.png,figure,172f88472890261da5395085f6d47f55311bba28fa4e2f32a300221903acf89b,127872,2026-05-24T20:57:01.453781+00:00,src/tune_lstm_hybrid.py,False,pre_sequence_construction_correction_artifact_or_neural_dependent_legacy,before_neural_var_es_dynamic_completion
outputs/figures/lstm_tuned/fig_loss_lstm_logtarget_small.png,figure,6eac4bf5b89ab01fd86e2a8dd082cc4aa9572a00f74a153f50b99c3a17c1c457,124174,2026-05-24T20:57:39.581599+00:00,src/tune_lstm_hybrid.py,False,pre_sequence_construction_correction_artifact_or_neural_dependent_legacy,before_neural_var_es_dynamic_completion
outputs/figures/lstm_tuned/fig_loss_lstm_qlike.png,figure,aec99272d429553a42462ff6ad231e852dc0e4c18001c6c6a3b0b99b0cf786ba,103124,2026-05-24T20:57:20.552685+00:00,src/tune_lstm_hybrid.py,False,pre_sequence_construction_correction_artifact_or_neural_dependent_legacy,before_neural_var_es_dynamic_completion
outputs/figures/lstm_tuned/fig_lstm_tuned_qlike_comparison.png,figure,0e95cd1666dfed604d4d0d5aa31192379318c7983324a2c5b60b10896b500cbb,178366,2026-05-24T20:57:49.729558+00:00,src/tune_lstm_hybrid.py,False,pre_sequence_construction_correction_artifact_or_neural_dependent_legacy,before_neural_var_es_dynamic_completion
outputs/final/arch_lm_diagnostics.csv,result_table,8d0c6d409a41e2e7c255c037c3b309b11634629d5c78f3dacee8635f2fde0954,406,2026-05-30T14:22:05.989505+00:00,src/final_financial_econometrics.py or paper build inputs,True,not_neural_dependent,before_neural_var_es_dynamic_completion
outputs/final/common_window_dm_tests.csv,result_table,3a5fa090b4bad761dd79531f320f17d11c64b10bcddd9976a17878402b343aa8,7055,2026-05-30T14:22:08.528398+00:00,src/final_financial_econometrics.py or paper build inputs,True,not_neural_dependent,before_neural_var_es_dynamic_completion
outputs/final/common_window_master_results.csv,result_table,adf44d292a50f7e2a8f06e41bc46ae0446db0ab1ab76911512f53c0bead7f46c,5184,2026-05-30T14:22:09.272821+00:00,src/final_financial_econometrics.py or paper build inputs,True,not_neural_dependent,before_neural_var_es_dynamic_completion
outputs/final/common_window_predictions.csv,prediction_artifact,db87edfcab2f195238d1c1989d7b6ba400dc0accad239a0fde5d9a9bb99d596f,1590717,2026-05-30T14:22:09.271863+00:00,src/final_financial_econometrics.py or paper build inputs,True,not_neural_dependent,before_neural_var_es_dynamic_completion
outputs/final/common_window_predictions.parquet,prediction_artifact,c26c3f7dfaa53f0cea30354c1f2ecd03b710ad2f49415c1773d96af0763da776,127697,2026-05-30T14:22:09.236979+00:00,src/final_financial_econometrics.py or paper build inputs,True,not_neural_dependent,before_neural_var_es_dynamic_completion
outputs/final/common_window_regime_metrics.csv,result_table,49c856fcd002f0b60311bda1fca0043309facb04a7e1d957ad8dc95b24590d79,9026,2026-05-30T14:22:08.565549+00:00,src/final_financial_econometrics.py or paper build inputs,True,not_neural_dependent,before_neural_var_es_dynamic_completion
outputs/final/common_window_spike_diagnostics.csv,result_table,df78bb9ad507168cfe33dc44dfe7b56d1cff9d62e262fe309b88014c770c79cc,2012,2026-05-30T14:22:08.566038+00:00,src/final_financial_econometrics.py or paper build inputs,True,not_neural_dependent,before_neural_var_es_dynamic_completion
outputs/final/common_window_var_backtests.csv,result_table,14b015a8220aeb0b4fdaa3b8bfd71bca93c74ecfa825b4d7da891333b3965c4c,10510,2026-05-30T14:22:08.602419+00:00,src/final_financial_econometrics.py or paper build inputs,True,not_neural_dependent,before_neural_var_es_dynamic_completion
outputs/final/daily_proxy_robustness_metrics.csv,result_table,249c8b186191eb841d23a4c8dcd9665286a521fefa6783bc371d3c9794177727,12002,2026-05-30T14:22:08.689336+00:00,src/final_financial_econometrics.py or paper build inputs,True,not_neural_dependent,before_neural_var_es_dynamic_completion
outputs/final/garch_parameter_diagnostics.csv,result_table,93171d5d3d11edc69845d8323b1a7afd75e7138adc0604326d63249a3d4c4cdc,5396,2026-05-30T14:22:08.368397+00:00,src/final_financial_econometrics.py or paper build inputs,True,not_neural_dependent,before_neural_var_es_dynamic_completion
outputs/final/garch_residual_diagnostics.csv,result_table,e48d136a364f29750ef5122c62a2189335ba5361dea2e1c634caa8368c583b28,3467,2026-05-30T14:22:08.369804+00:00,src/final_financial_econometrics.py or paper build inputs,True,not_neural_dependent,before_neural_var_es_dynamic_completion
outputs/final/ljung_box_diagnostics.csv,result_table,d0b31b77046ca493439f25ceff3e725cab526ab0eaf65fe456a3b6f6525be914,696,2026-05-30T14:22:05.984238+00:00,src/final_financial_econometrics.py or paper build inputs,True,not_neural_dependent,before_neural_var_es_dynamic_completion
outputs/final/primary_model_inventory.csv,result_table,6299ad1613b2811ba38c062df3002adc8dd02e0c4314637cffa2862371146dbe,1703,2026-05-30T14:22:09.273203+00:00,src/final_financial_econometrics.py or paper build inputs,True,not_neural_dependent,before_neural_var_es_dynamic_completion
outputs/final/proxy_invalid_rows.csv,result_table,ad44f4ae276b0a003b342841011640b0babc64878d52aa8eef09503d2c740e5e,1058,2026-05-30T14:22:08.643692+00:00,src/final_financial_econometrics.py or paper build inputs,True,not_neural_dependent,before_neural_var_es_dynamic_completion
outputs/final/refit_protocol_diagnostics.csv,result_table,df27c0206e6d838e8fba434319fd8122995462943b5f06bd2a0a9a812cc5dff2,64766,2026-05-30T14:23:20.194933+00:00,src/final_financial_econometrics.py or paper build inputs,True,not_neural_dependent,before_neural_var_es_dynamic_completion
outputs/final/refit_protocol_predictions.csv,prediction_artifact,e1e0c7a17b6bf4f90e734735e585ba84251ce95a3136176ea1b4915a786f25d2,825915,2026-05-30T14:23:20.191582+00:00,src/final_financial_econometrics.py or paper build inputs,True,not_neural_dependent,before_neural_var_es_dynamic_completion
outputs/final/refit_protocol_predictions.parquet,prediction_artifact,04173e6b402aa3204d95f23baef0862b2f5266c106055ea2caeacd42c717711c,109703,2026-05-30T14:23:20.166100+00:00,src/final_financial_econometrics.py or paper build inputs,True,not_neural_dependent,before_neural_var_es_dynamic_completion
outputs/final/refit_protocol_results.csv,result_table,0882393dccfef4a53bafcb5fa13365fecc9b21a982e586ddf2871eb5d23934aa,5002,2026-05-30T14:23:20.192625+00:00,src/final_financial_econometrics.py or paper build inputs,True,not_neural_dependent,before_neural_var_es_dynamic_completion
outputs/final/return_descriptive_statistics.csv,result_table,80e1d72c2a54824c9c3ee4ab023825178f4f5a9b6cb6388f8b58f3d04dc47533,248,2026-05-30T14:22:05.979312+00:00,src/final_financial_econometrics.py or paper build inputs,True,not_neural_dependent,before_neural_var_es_dynamic_completion
outputs/final/rolling_proxy_sensitivity_metrics.csv,result_table,55aaf92e3d6540815128a6f173f63080d9f9ed97b82e0896fe9bf9df98357359,9154,2026-05-30T14:22:08.689400+00:00,src/final_financial_econometrics.py or paper build inputs,True,not_neural_dependent,before_neural_var_es_dynamic_completion
outputs/metrics/arima_garch_summary.txt,artifact,5c3aa64281d35111b30d252d229ffe464cb62142e451d70a8d0488f4f348f8fb,2090,2026-05-24T20:44:12.276489+00:00,run_experiment.py and stage-specific src scripts,False,not_neural_dependent,before_neural_var_es_dynamic_completion
outputs/metrics/arima_order_selection.csv,result_table,c20df55864b44419314d6b3bfb60b4eb7c379c96e01bda7acc0ed3457287ffab,1026,2026-05-24T20:44:12.190330+00:00,run_experiment.py and stage-specific src scripts,False,not_neural_dependent,before_neural_var_es_dynamic_completion
outputs/metrics/arima_summary.txt,artifact,3c2529f4f9838c21133ebb466a0fd01cb96e14260516ecb627c44ace18d3b099,2286,2026-05-24T20:44:12.210169+00:00,run_experiment.py and stage-specific src scripts,False,not_neural_dependent,before_neural_var_es_dynamic_completion
outputs/metrics/data_summary.csv,result_table,f71719b46e989e499dbba76f1cc2eccef71cd5075799e61f6de5bcf950f33470,3074,2026-05-24T20:41:50.800221+00:00,run_experiment.py and stage-specific src scripts,False,not_neural_dependent,before_neural_var_es_dynamic_completion
outputs/metrics/econometric_metrics.csv,result_table,c0b8c7f1fbce52b3e5bb3047250ee57ea2189121a59e7759949b55e4de386c7f,1715,2026-05-24T20:44:12.330130+00:00,run_experiment.py and stage-specific src scripts,False,not_neural_dependent,before_neural_var_es_dynamic_completion
outputs/metrics/econometric_metrics_test_only.csv,result_table,56b4089150ff39b8ae15c7f417b005c5bc074d2e1a260ee269d684b62f59f0de,878,2026-05-24T20:44:12.331382+00:00,run_experiment.py and stage-specific src scripts,False,not_neural_dependent,before_neural_var_es_dynamic_completion
outputs/metrics/final_evaluation_summary.txt,artifact,0f02fb982ac40dd7925640eba53e70484e38b0085859d6de2094af3c9c619e4f,3043,2026-05-24T20:58:34.910897+00:00,run_experiment.py and stage-specific src scripts,False,not_neural_dependent,before_neural_var_es_dynamic_completion
outputs/metrics/final_model_comparison_available.csv,result_table,7e0dd40b499f515dddc285ff4e620fc1a8520322be605cc26475eb2fb1543d92,4237,2026-05-24T20:58:33.719172+00:00,run_experiment.py and stage-specific src scripts,False,not_neural_dependent,before_neural_var_es_dynamic_completion
outputs/metrics/final_model_comparison_available_test_only.csv,result_table,547d4b871eea4d3e2e60ed91ab215a4b208ce11d2a116be00dc79ad0135afe9f,2124,2026-05-24T20:58:33.720405+00:00,run_experiment.py and stage-specific src scripts,False,not_neural_dependent,before_neural_var_es_dynamic_completion
outputs/metrics/final_model_comparison_common.csv,result_table,b1b63c849936aa8cd7c3c3601ee531e5925d0124ba78ea66cefd645c51269674,4160,2026-05-24T20:58:33.721200+00:00,run_experiment.py and stage-specific src scripts,False,not_neural_dependent,before_neural_var_es_dynamic_completion
outputs/metrics/final_model_comparison_common_test_only.csv,result_table,4fd2e24616b368fdbe6ff74954030f78cbff8311df8c2f6c09d1a8f5eb98cb4c,2083,2026-05-24T20:58:33.722405+00:00,run_experiment.py and stage-specific src scripts,False,not_neural_dependent,before_neural_var_es_dynamic_completion
outputs/metrics/garch_summary.txt,artifact,bfd3b5646ff91cc8d5712e6a7e7c01585dd502b12887cfc1a8d9bfba9eb84e43,2226,2026-05-24T20:44:05.707115+00:00,run_experiment.py and stage-specific src scripts,False,not_neural_dependent,before_neural_var_es_dynamic_completion
outputs/metrics/lstm_base_training_history.csv,result_table,a606be55c1ac287ff91203192495ec7d684cc1eceacd94b9ea06c80bbd3a8640,871,2026-05-24T20:44:29.466554+00:00,src/train_lstm_hybrid.py,False,pre_sequence_construction_correction_artifact_or_neural_dependent_legacy,before_neural_var_es_dynamic_completion
outputs/metrics/lstm_feature_summary.csv,result_table,de0c3ba8e5739e479683f32d258c1a7b6fd01b75e47af293c73f730b49c29388,480,2026-05-24T20:44:37.146218+00:00,run_experiment.py and stage-specific src scripts,False,pre_sequence_construction_correction_artifact_or_neural_dependent_legacy,before_neural_var_es_dynamic_completion
outputs/metrics/lstm_hybrid_training_history.csv,result_table,ab0967a788f10da3cb89866d09a8c8c0e732876a1a07b19baa3f31676fb12d15,949,2026-05-24T20:44:36.625743+00:00,src/train_lstm_hybrid.py,False,pre_sequence_construction_correction_artifact_or_neural_dependent_legacy,before_neural_var_es_dynamic_completion
outputs/metrics/lstm_metrics.csv,result_table,98f1eb3c5b63582eb42f6d2949ca15fc9f268f4b02304970df662a4147b72cf1,607,2026-05-24T20:44:37.143245+00:00,run_experiment.py and stage-specific src scripts,False,pre_sequence_construction_correction_artifact_or_neural_dependent_legacy,before_neural_var_es_dynamic_completion
outputs/metrics/lstm_metrics_test_only.csv,result_table,856f820396f37773e2ef8902c7da07b6a092a2b8dcc697cf9ed9754b9b3aff7a,332,2026-05-24T20:44:37.145148+00:00,run_experiment.py and stage-specific src scripts,False,pre_sequence_construction_correction_artifact_or_neural_dependent_legacy,before_neural_var_es_dynamic_completion
outputs/metrics/lstm_tuned/history_hybrid_logtarget.csv,result_table,5a3b71b7dd0fc05e4d155a3714e93cfd166f4778be8433149b2822ad93b96620,1699,2026-05-24T20:57:10.831389+00:00,src/tune_lstm_hybrid.py,False,pre_sequence_construction_correction_artifact_or_neural_dependent_legacy,before_neural_var_es_dynamic_completion
outputs/metrics/lstm_tuned/history_hybrid_logtarget_small.csv,result_table,c47579a8ea2696e695c7f9ea5e78f42173b3ddf0e50b078bc6ab9849f350a638,1903,2026-05-24T20:57:48.968560+00:00,src/tune_lstm_hybrid.py,False,pre_sequence_construction_correction_artifact_or_neural_dependent_legacy,before_neural_var_es_dynamic_completion
outputs/metrics/lstm_tuned/history_hybrid_qlike.csv,result_table,f4beff3ce2bfce09324c1cf77b2eb13504b1ad0989780d62b26dd8d71d24b7af,1721,2026-05-24T20:57:31.296636+00:00,src/tune_lstm_hybrid.py,False,pre_sequence_construction_correction_artifact_or_neural_dependent_legacy,before_neural_var_es_dynamic_completion
outputs/metrics/lstm_tuned/history_lstm_logtarget.csv,result_table,32c1fe1704774c68afc2b130598cfad1a9878ce6fdcbd2be2c5147829621e3c3,2191,2026-05-24T20:57:01.297379+00:00,src/tune_lstm_hybrid.py,False,pre_sequence_construction_correction_artifact_or_neural_dependent_legacy,before_neural_var_es_dynamic_completion
outputs/metrics/lstm_tuned/history_lstm_logtarget_small.csv,result_table,127c209b0d3f6aa2a41300facb7e3fdbec9b3f21c3d3655475bbe5ca55ca82c2,1602,2026-05-24T20:57:39.398880+00:00,src/tune_lstm_hybrid.py,False,pre_sequence_construction_correction_artifact_or_neural_dependent_legacy,before_neural_var_es_dynamic_completion
outputs/metrics/lstm_tuned/history_lstm_qlike.csv,result_table,75c6b879ace4ae85a0512320f7787458cbdca3320537e5ed51dcaa25256745c8,1624,2026-05-24T20:57:20.374399+00:00,src/tune_lstm_hybrid.py,False,pre_sequence_construction_correction_artifact_or_neural_dependent_legacy,before_neural_var_es_dynamic_completion
outputs/metrics/lstm_tuned/lstm_tuned_failed_variants.csv,result_table,c5db531cd919c3845dd2ec82d84dc355bdb8ff15b7a93cbcf9ad487970eaacd5,61,2026-05-24T20:57:49.508708+00:00,src/tune_lstm_hybrid.py,False,pre_sequence_construction_correction_artifact_or_neural_dependent_legacy,before_neural_var_es_dynamic_completion
outputs/metrics/lstm_tuned/lstm_tuned_metrics.csv,result_table,44d7abefc6d454a663b304cc11845a0ed8a668df40d99fde688ef2d19065813d,1753,2026-05-24T20:57:49.509514+00:00,src/tune_lstm_hybrid.py,False,pre_sequence_construction_correction_artifact_or_neural_dependent_legacy,before_neural_var_es_dynamic_completion
outputs/metrics/lstm_tuned/lstm_tuned_metrics_test_only.csv,result_table,dc6a219c8b5a7730a643985cbd649da2af08d43c89ef70779279dd89c502b1a7,896,2026-05-24T20:57:49.510558+00:00,src/tune_lstm_hybrid.py,False,pre_sequence_construction_correction_artifact_or_neural_dependent_legacy,before_neural_var_es_dynamic_completion
outputs/metrics/lstm_tuned/lstm_tuned_selection_summary.csv,result_table,dc393ad970b38edb0a47ef0ced712efd0bd37a87dd375e2073385f1ef48c471b,2316,2026-05-24T20:57:49.518166+00:00,src/tune_lstm_hybrid.py,False,pre_sequence_construction_correction_artifact_or_neural_dependent_legacy,before_neural_var_es_dynamic_completion
outputs/metrics/predictions_test_common_wide.csv,prediction_artifact,920b46e5183b6226fc058b74231546dac23e4e26cdf8bc78279d232ea6a9694e,220952,2026-05-24T20:58:33.759837+00:00,run_experiment.py and stage-specific src scripts,False,not_neural_dependent,before_neural_var_es_dynamic_completion
outputs/metrics/predictions_validation_common_wide.csv,prediction_artifact,61aa0b092801dfa2631377154362e4d0faed792cbf51498c27ec69a1679cb0b8,221644,2026-05-24T20:58:33.742192+00:00,run_experiment.py and stage-specific src scripts,False,not_neural_dependent,before_neural_var_es_dynamic_completion
outputs/models/arima_garch_garch.pkl,model_artifact,369fe2a0977cbd3bbfbdaf2baeebfc5ab012034755fbe42f38c32ecddad034ad,184435,2026-05-24T20:44:12.277282+00:00,run_experiment.py and stage-specific src scripts,False,not_neural_dependent,before_neural_var_es_dynamic_completion
outputs/models/arima_model.pkl,model_artifact,ffc2e5cfe3b8e3a3003387ca28ae07d4236aa561bc277a2571a7f70ebfd27a4c,8741163,2026-05-24T20:44:12.198552+00:00,run_experiment.py and stage-specific src scripts,False,not_neural_dependent,before_neural_var_es_dynamic_completion
outputs/models/garch_11.pkl,model_artifact,9aee79d3ea2924f872cd699b39fdaeab5bafce58b6155fe02af47e1fa63d6273,200933,2026-05-24T20:44:05.699879+00:00,run_experiment.py and stage-specific src scripts,False,not_neural_dependent,before_neural_var_es_dynamic_completion
outputs/models/lstm_base.keras,model_artifact,76a22d7b7e828d7124872d82e4dacf25574250b46ff5a786344511eacb6752b9,280884,2026-05-24T20:44:30.043796+00:00,src/train_lstm_hybrid.py,False,pre_sequence_construction_correction_artifact_or_neural_dependent_legacy,before_neural_var_es_dynamic_completion
outputs/models/lstm_base_features.txt,model_artifact,39154c5bfb2210721c28e7716c7acc5f990847c39db88264499a66f31ee1f59b,106,2026-05-24T20:44:30.044315+00:00,src/train_lstm_hybrid.py,False,pre_sequence_construction_correction_artifact_or_neural_dependent_legacy,before_neural_var_es_dynamic_completion
outputs/models/lstm_base_imputer_values.json,model_artifact,17f200c167d737638f74e7266c44cbeea3e47d44175683b19a145ed2303a4cde,288,2026-05-24T20:44:30.044378+00:00,src/train_lstm_hybrid.py,False,pre_sequence_construction_correction_artifact_or_neural_dependent_legacy,before_neural_var_es_dynamic_completion
outputs/models/lstm_base_scaler.pkl,model_artifact,7733f8b1b3e69a488b2728959f258548d9b9f6c7840cf294513b46092ee968ac,775,2026-05-24T20:44:30.044237+00:00,src/train_lstm_hybrid.py,False,pre_sequence_construction_correction_artifact_or_neural_dependent_legacy,before_neural_var_es_dynamic_completion
outputs/models/lstm_hybrid.keras,model_artifact,39f6f3809bda3c369d2d6a296b49652779bc8a310384dfce22140e861d3894cd,299330,2026-05-24T20:44:37.139515+00:00,src/train_lstm_hybrid.py,False,pre_sequence_construction_correction_artifact_or_neural_dependent_legacy,before_neural_var_es_dynamic_completion
outputs/models/lstm_hybrid_features.txt,model_artifact,abb06c447244c68d327a81630aaabb0c79f11be41e0d8d843e948258531fe037,218,2026-05-24T20:44:37.139942+00:00,src/train_lstm_hybrid.py,False,pre_sequence_construction_correction_artifact_or_neural_dependent_legacy,before_neural_var_es_dynamic_completion
outputs/models/lstm_hybrid_imputer_values.json,model_artifact,e5395df232a9813827fda9965aa48e4ef41c56089faefdcf7d058601f5f529eb,549,2026-05-24T20:44:37.140007+00:00,src/train_lstm_hybrid.py,False,pre_sequence_construction_correction_artifact_or_neural_dependent_legacy,before_neural_var_es_dynamic_completion
outputs/models/lstm_hybrid_scaler.pkl,model_artifact,a4a2b47a2a188194e2a4259a5d1e4a792dbc9e37b1997e0771a44b66ed59d682,919,2026-05-24T20:44:37.139876+00:00,src/train_lstm_hybrid.py,False,pre_sequence_construction_correction_artifact_or_neural_dependent_legacy,before_neural_var_es_dynamic_completion
outputs/models/lstm_tuned/features_hybrid_logtarget.txt,model_artifact,abb06c447244c68d327a81630aaabb0c79f11be41e0d8d843e948258531fe037,218,2026-05-24T20:57:11.392438+00:00,src/tune_lstm_hybrid.py,False,pre_sequence_construction_correction_artifact_or_neural_dependent_legacy,before_neural_var_es_dynamic_completion
outputs/models/lstm_tuned/features_hybrid_logtarget_small.txt,model_artifact,abb06c447244c68d327a81630aaabb0c79f11be41e0d8d843e948258531fe037,218,2026-05-24T20:57:49.502843+00:00,src/tune_lstm_hybrid.py,False,pre_sequence_construction_correction_artifact_or_neural_dependent_legacy,before_neural_var_es_dynamic_completion
outputs/models/lstm_tuned/features_hybrid_qlike.txt,model_artifact,abb06c447244c68d327a81630aaabb0c79f11be41e0d8d843e948258531fe037,218,2026-05-24T20:57:31.881626+00:00,src/tune_lstm_hybrid.py,False,pre_sequence_construction_correction_artifact_or_neural_dependent_legacy,before_neural_var_es_dynamic_completion
outputs/models/lstm_tuned/features_lstm_logtarget.txt,model_artifact,39154c5bfb2210721c28e7716c7acc5f990847c39db88264499a66f31ee1f59b,106,2026-05-24T20:57:01.797573+00:00,src/tune_lstm_hybrid.py,False,pre_sequence_construction_correction_artifact_or_neural_dependent_legacy,before_neural_var_es_dynamic_completion
outputs/models/lstm_tuned/features_lstm_logtarget_small.txt,model_artifact,39154c5bfb2210721c28e7716c7acc5f990847c39db88264499a66f31ee1f59b,106,2026-05-24T20:57:39.887295+00:00,src/tune_lstm_hybrid.py,False,pre_sequence_construction_correction_artifact_or_neural_dependent_legacy,before_neural_var_es_dynamic_completion
outputs/models/lstm_tuned/features_lstm_qlike.txt,model_artifact,39154c5bfb2210721c28e7716c7acc5f990847c39db88264499a66f31ee1f59b,106,2026-05-24T20:57:20.906554+00:00,src/tune_lstm_hybrid.py,False,pre_sequence_construction_correction_artifact_or_neural_dependent_legacy,before_neural_var_es_dynamic_completion
outputs/models/lstm_tuned/imputer_hybrid_logtarget.pkl,model_artifact,c88eb08ace5c8d090689dd51b1fe875ccba227cec2136705a7592e601a7d2cac,1111,2026-05-24T20:57:11.392359+00:00,src/tune_lstm_hybrid.py,False,pre_sequence_construction_correction_artifact_or_neural_dependent_legacy,before_neural_var_es_dynamic_completion
outputs/models/lstm_tuned/imputer_hybrid_logtarget_small.pkl,model_artifact,c88eb08ace5c8d090689dd51b1fe875ccba227cec2136705a7592e601a7d2cac,1111,2026-05-24T20:57:49.502676+00:00,src/tune_lstm_hybrid.py,False,pre_sequence_construction_correction_artifact_or_neural_dependent_legacy,before_neural_var_es_dynamic_completion
outputs/models/lstm_tuned/imputer_hybrid_qlike.pkl,model_artifact,c88eb08ace5c8d090689dd51b1fe875ccba227cec2136705a7592e601a7d2cac,1111,2026-05-24T20:57:31.881545+00:00,src/tune_lstm_hybrid.py,False,pre_sequence_construction_correction_artifact_or_neural_dependent_legacy,before_neural_var_es_dynamic_completion
outputs/models/lstm_tuned/imputer_lstm_logtarget.pkl,model_artifact,b2257c6f4c8a1c058fab770f531bfb4b8fc5a1845d3c6eb0f2599cac5bdf8385,935,2026-05-24T20:57:01.797517+00:00,src/tune_lstm_hybrid.py,False,pre_sequence_construction_correction_artifact_or_neural_dependent_legacy,before_neural_var_es_dynamic_completion
outputs/models/lstm_tuned/imputer_lstm_logtarget_small.pkl,model_artifact,b2257c6f4c8a1c058fab770f531bfb4b8fc5a1845d3c6eb0f2599cac5bdf8385,935,2026-05-24T20:57:39.887236+00:00,src/tune_lstm_hybrid.py,False,pre_sequence_construction_correction_artifact_or_neural_dependent_legacy,before_neural_var_es_dynamic_completion
outputs/models/lstm_tuned/imputer_lstm_qlike.pkl,model_artifact,b2257c6f4c8a1c058fab770f531bfb4b8fc5a1845d3c6eb0f2599cac5bdf8385,935,2026-05-24T20:57:20.906482+00:00,src/tune_lstm_hybrid.py,False,pre_sequence_construction_correction_artifact_or_neural_dependent_legacy,before_neural_var_es_dynamic_completion
outputs/models/lstm_tuned/model_hybrid_logtarget.keras,model_artifact,8674f8c4a3a6734ce76c605f252d81f1b94d02b0c1cdf3ef5fb0ba9bc489041d,299478,2026-05-24T20:57:11.391499+00:00,src/tune_lstm_hybrid.py,False,pre_sequence_construction_correction_artifact_or_neural_dependent_legacy,before_neural_var_es_dynamic_completion
outputs/models/lstm_tuned/model_hybrid_logtarget_small.keras,model_artifact,01a91181ab76a0c58960ff530eb6cdd62188a51b6764acd9983ae0007f3f32a3,110166,2026-05-24T20:57:49.501367+00:00,src/tune_lstm_hybrid.py,False,pre_sequence_construction_correction_artifact_or_neural_dependent_legacy,before_neural_var_es_dynamic_completion
outputs/models/lstm_tuned/model_hybrid_qlike.keras,model_artifact,eb6033d473ba94d1c4d9d0251ddbee3c1c5d06104c5476a4e0d5fd5e5266df1b,299585,2026-05-24T20:57:31.880605+00:00,src/tune_lstm_hybrid.py,False,pre_sequence_construction_correction_artifact_or_neural_dependent_legacy,before_neural_var_es_dynamic_completion
outputs/models/lstm_tuned/model_lstm_logtarget.keras,model_artifact,b648ca172b3672d30adbb4d28ed6f87cd66e0f1ccef7c05bf8f0af9ae040fea5,281041,2026-05-24T20:57:01.796863+00:00,src/tune_lstm_hybrid.py,False,pre_sequence_construction_correction_artifact_or_neural_dependent_legacy,before_neural_var_es_dynamic_completion
outputs/models/lstm_tuned/model_lstm_logtarget_small.keras,model_artifact,a54aea2490807570475ca9cdcbf7d72f7764e200a70651a12afa86469f97ee42,100946,2026-05-24T20:57:39.885598+00:00,src/tune_lstm_hybrid.py,False,pre_sequence_construction_correction_artifact_or_neural_dependent_legacy,before_neural_var_es_dynamic_completion
outputs/models/lstm_tuned/model_lstm_qlike.keras,model_artifact,3864a9b351e2cde5b1a686f4261ef9a17ef2260afd58f2a15c71bc257c7f6455,281149,2026-05-24T20:57:20.905889+00:00,src/tune_lstm_hybrid.py,False,pre_sequence_construction_correction_artifact_or_neural_dependent_legacy,before_neural_var_es_dynamic_completion
outputs/models/lstm_tuned/scaler_hybrid_logtarget.pkl,model_artifact,a4a2b47a2a188194e2a4259a5d1e4a792dbc9e37b1997e0771a44b66ed59d682,919,2026-05-24T20:57:11.392014+00:00,src/tune_lstm_hybrid.py,False,pre_sequence_construction_correction_artifact_or_neural_dependent_legacy,before_neural_var_es_dynamic_completion
outputs/models/lstm_tuned/scaler_hybrid_logtarget_small.pkl,model_artifact,a4a2b47a2a188194e2a4259a5d1e4a792dbc9e37b1997e0771a44b66ed59d682,919,2026-05-24T20:57:49.502027+00:00,src/tune_lstm_hybrid.py,False,pre_sequence_construction_correction_artifact_or_neural_dependent_legacy,before_neural_var_es_dynamic_completion
outputs/models/lstm_tuned/scaler_hybrid_qlike.pkl,model_artifact,a4a2b47a2a188194e2a4259a5d1e4a792dbc9e37b1997e0771a44b66ed59d682,919,2026-05-24T20:57:31.881168+00:00,src/tune_lstm_hybrid.py,False,pre_sequence_construction_correction_artifact_or_neural_dependent_legacy,before_neural_var_es_dynamic_completion
outputs/models/lstm_tuned/scaler_lstm_logtarget.pkl,model_artifact,7733f8b1b3e69a488b2728959f258548d9b9f6c7840cf294513b46092ee968ac,775,2026-05-24T20:57:01.797257+00:00,src/tune_lstm_hybrid.py,False,pre_sequence_construction_correction_artifact_or_neural_dependent_legacy,before_neural_var_es_dynamic_completion
outputs/models/lstm_tuned/scaler_lstm_logtarget_small.pkl,model_artifact,7733f8b1b3e69a488b2728959f258548d9b9f6c7840cf294513b46092ee968ac,775,2026-05-24T20:57:39.886944+00:00,src/tune_lstm_hybrid.py,False,pre_sequence_construction_correction_artifact_or_neural_dependent_legacy,before_neural_var_es_dynamic_completion
outputs/models/lstm_tuned/scaler_lstm_qlike.pkl,model_artifact,7733f8b1b3e69a488b2728959f258548d9b9f6c7840cf294513b46092ee968ac,775,2026-05-24T20:57:20.906232+00:00,src/tune_lstm_hybrid.py,False,pre_sequence_construction_correction_artifact_or_neural_dependent_legacy,before_neural_var_es_dynamic_completion
outputs/predictions/lstm_tuned/pred_hybrid_logtarget.csv,prediction_artifact,160531269e6ce86c8e0616a85f74c1045a2cdae12649764e5229636a07644d36,125939,2026-05-24T20:57:11.366835+00:00,src/tune_lstm_hybrid.py,False,pre_sequence_construction_correction_artifact_or_neural_dependent_legacy,before_neural_var_es_dynamic_completion
outputs/predictions/lstm_tuned/pred_hybrid_logtarget_small.csv,prediction_artifact,f2df8b0284d39deb9cf4c93b46c87432846ff7ed9d1b804b7f9331046177238f,134685,2026-05-24T20:57:49.477381+00:00,src/tune_lstm_hybrid.py,False,pre_sequence_construction_correction_artifact_or_neural_dependent_legacy,before_neural_var_es_dynamic_completion
outputs/predictions/lstm_tuned/pred_hybrid_qlike.csv,prediction_artifact,298b97c09bc70e23eba8b02be342c236d361ac21591953ba6ec4a8921134429a,118699,2026-05-24T20:57:31.853813+00:00,src/tune_lstm_hybrid.py,False,pre_sequence_construction_correction_artifact_or_neural_dependent_legacy,before_neural_var_es_dynamic_completion
outputs/predictions/lstm_tuned/pred_lstm_logtarget.csv,prediction_artifact,c48cb87f5f08108f519ab6c4614f28b2c360ccb488838d518bd30c36f99bc1bb,123027,2026-05-24T20:57:01.779369+00:00,src/tune_lstm_hybrid.py,False,pre_sequence_construction_correction_artifact_or_neural_dependent_legacy,before_neural_var_es_dynamic_completion
outputs/predictions/lstm_tuned/pred_lstm_logtarget_small.csv,prediction_artifact,fa91ebb8905577cf879dc1987d9daa909aa915e0e96604e77d6bc9d6bbc5dce5,131796,2026-05-24T20:57:39.867254+00:00,src/tune_lstm_hybrid.py,False,pre_sequence_construction_correction_artifact_or_neural_dependent_legacy,before_neural_var_es_dynamic_completion
outputs/predictions/lstm_tuned/pred_lstm_qlike.csv,prediction_artifact,ffad44154476a4e998abe469275fddaf745a0b2ddec8b66343d0af8fa71ab747,115834,2026-05-24T20:57:20.886827+00:00,src/tune_lstm_hybrid.py,False,pre_sequence_construction_correction_artifact_or_neural_dependent_legacy,before_neural_var_es_dynamic_completion
outputs/predictions/pred_arima_garch.csv,prediction_artifact,04688aca9d8c73bc2bff8687eb4bac29dc4cda65da32ffa616b2f568dd4faed4,119007,2026-05-24T20:44:12.322700+00:00,run_experiment.py and stage-specific src scripts,False,not_neural_dependent,before_neural_var_es_dynamic_completion
outputs/predictions/pred_baseline_mean.csv,prediction_artifact,f2fc9f50cbf6487d5576829cfb6f4190fe9aeeb0d7a3f42a96b302e29f181df6,123856,2026-05-24T20:44:12.296995+00:00,run_experiment.py and stage-specific src scripts,False,not_neural_dependent,before_neural_var_es_dynamic_completion
outputs/predictions/pred_garch_11.csv,prediction_artifact,c85d6c50c64cb22caa6bd7e52e458e82dbd2fddac1361d5997f019b30f3e3fb7,120538,2026-05-24T20:44:12.318139+00:00,run_experiment.py and stage-specific src scripts,False,not_neural_dependent,before_neural_var_es_dynamic_completion
outputs/predictions/pred_lstm_base.csv,prediction_artifact,64efddc8d0c8e7b326b0725d3cac655c28b444367ff470b64582222e59a193dd,107071,2026-05-24T20:44:30.015550+00:00,src/train_lstm_hybrid.py,False,pre_sequence_construction_correction_artifact_or_neural_dependent_legacy,before_neural_var_es_dynamic_completion
outputs/predictions/pred_lstm_hybrid.csv,prediction_artifact,15ece42ff189223ff645410831b6f756701e15c67475f6e6252c92b6f71f1dfc,124567,2026-05-24T20:44:37.124099+00:00,src/train_lstm_hybrid.py,False,pre_sequence_construction_correction_artifact_or_neural_dependent_legacy,before_neural_var_es_dynamic_completion
outputs/predictions/pred_rolling_vol_10.csv,prediction_artifact,8868ba155228b4dc4762bfcc46c1c999c9215f510d8768b6caa8839800f7e00d,122262,2026-05-24T20:44:12.307102+00:00,run_experiment.py and stage-specific src scripts,False,not_neural_dependent,before_neural_var_es_dynamic_completion
outputs/predictions/pred_rolling_vol_20.csv,prediction_artifact,451ab2641c79df3e53af98ea0a887b43fab67f309c56f37e00e81e476cdf713c,122160,2026-05-24T20:44:12.312609+00:00,run_experiment.py and stage-specific src scripts,False,not_neural_dependent,before_neural_var_es_dynamic_completion
outputs/predictions/pred_rolling_vol_5.csv,prediction_artifact,4b426241025f848ea7f76812d1a74085306672e36aedffd4cff867743199290a,120925,2026-05-24T20:44:12.301549+00:00,run_experiment.py and stage-specific src scripts,False,not_neural_dependent,before_neural_var_es_dynamic_completion
outputs/proxy_robustness/audit/optional_retraining_report.md,audit_report,1c515abd01627ad3e4e5871506a524974a9b5406844d1c565cfb3c1f98363bf1,425,2026-05-25T16:13:59.008870+00:00,src/proxy_robustness.py,False,not_neural_dependent,before_neural_var_es_dynamic_completion
outputs/proxy_robustness/audit/proxy_construction_report.md,audit_report,75654bc821526fecb3d19834115b762c0aa82d421047203240b44352cd295f8c,1360,2026-05-25T16:13:50.824859+00:00,src/proxy_robustness.py,False,not_neural_dependent,before_neural_var_es_dynamic_completion
outputs/proxy_robustness/audit/proxy_data_availability_report.md,audit_report,70d144fe9fd145f51d306f94487ccb9b948c398987de311563bcad1bade73ab7,936,2026-05-25T16:13:50.081825+00:00,src/proxy_robustness.py,False,not_neural_dependent,before_neural_var_es_dynamic_completion
outputs/proxy_robustness/audit/proxy_dm_tests_report.md,audit_report,72cde1e0a59078b1d59f5935754e9ab004e286fbd1c2018e4139e54de5cfae7f,2768,2026-05-25T16:13:58.944996+00:00,src/proxy_robustness.py,False,not_neural_dependent,before_neural_var_es_dynamic_completion
outputs/proxy_robustness/audit/proxy_forecast_evaluation_report.md,audit_report,18d84b62eca08823ae705e3b6784b7544c3971b3db642dae7f30f45f884da5f7,3155,2026-05-25T16:13:52.794752+00:00,src/proxy_robustness.py,False,not_neural_dependent,before_neural_var_es_dynamic_completion
outputs/proxy_robustness/audit/proxy_robustness_summary.md,audit_report,7e160e78a10993253b32f2860ef4d93e0305022719fdc170c0f60ba3561eef02,2181,2026-05-25T16:13:59.008788+00:00,src/proxy_robustness.py,False,not_neural_dependent,before_neural_var_es_dynamic_completion
outputs/proxy_robustness/figures/fig_proxy_correlation_heatmap.png,figure,f2debaf6728745bb5789e788e21d7fb30ccb01a5e012e36a2b115f4a318cd8d0,262940,2026-05-25T16:13:50.822336+00:00,src/proxy_robustness.py,False,not_neural_dependent,before_neural_var_es_dynamic_completion
outputs/proxy_robustness/figures/fig_proxy_ranking_heatmap.png,figure,a6b91575f5bf226b02523f0360b1a348eb95617f8639c07f5c39005bf49ce622,495644,2026-05-25T16:13:52.774370+00:00,src/proxy_robustness.py,False,not_neural_dependent,before_neural_var_es_dynamic_completion
outputs/proxy_robustness/figures/fig_volatility_proxy_timeseries.png,figure,7fafbe2a4986f53f8c127903e5f87fb36d0a0e42ab9f65c73aa3132057ec3525,571498,2026-05-25T16:13:50.566331+00:00,src/proxy_robustness.py,False,not_neural_dependent,before_neural_var_es_dynamic_completion
outputs/proxy_robustness/tables/table_available_ohlc_columns.csv,result_table,5db5a666ae168daff68b9363cd8b8d05e1a77beb47d94372848ebb75f04965c8,1790,2026-05-30T14:22:08.614399+00:00,src/proxy_robustness.py,False,not_neural_dependent,before_neural_var_es_dynamic_completion
outputs/proxy_robustness/tables/table_existing_output_integrity.csv,result_table,c9b0386b0f65a58de20fad3933b8e6440f1fec0d7671a8330960797dbd46ef1b,8888,2026-05-25T16:13:59.007025+00:00,src/proxy_robustness.py,False,not_neural_dependent,before_neural_var_es_dynamic_completion
outputs/proxy_robustness/tables/table_proxy_conclusion_safety.csv,result_table,5ba3bb584ac04e91b37bb60252ab74960171c3d78ad9191be2d0e8f5d6c3dd2b,1531,2026-05-25T16:13:58.996164+00:00,src/proxy_robustness.py,False,not_neural_dependent,before_neural_var_es_dynamic_completion
outputs/proxy_robustness/tables/table_proxy_correlations.csv,result_table,8fa011d616e6e3a7e08b19a4c118671f0d2a7d74eaf38e9869bec5b662bbe2b9,1060,2026-05-25T16:13:50.116323+00:00,src/proxy_robustness.py,False,not_neural_dependent,before_neural_var_es_dynamic_completion
outputs/proxy_robustness/tables/table_proxy_dm_tests_qlike.csv,result_table,389dd50502ad49ee753b077efecd3d1ef2b64fc4ebcee1c6a612185799fe4fdc,243840,2026-05-25T16:13:58.900480+00:00,src/proxy_robustness.py,False,not_neural_dependent,before_neural_var_es_dynamic_completion
outputs/proxy_robustness/tables/table_proxy_holm_tests_qlike.csv,result_table,8b7a5844fb8df8583b7eaeff1db114684c6a497e91067d6c45ec4d76616a2a31,275308,2026-05-25T16:13:58.940480+00:00,src/proxy_robustness.py,False,not_neural_dependent,before_neural_var_es_dynamic_completion
outputs/proxy_robustness/tables/table_proxy_missing_invalid_rows.csv,result_table,ad44f4ae276b0a003b342841011640b0babc64878d52aa8eef09503d2c740e5e,1058,2026-05-30T14:22:08.643217+00:00,src/proxy_robustness.py,False,not_neural_dependent,before_neural_var_es_dynamic_completion
outputs/proxy_robustness/tables/table_proxy_model_metrics_all.csv,result_table,7ab8a4a0be9ee4be73dcf6a66283d3039bea3610ccd5abbcab324c32a45bd204,299886,2026-05-25T16:13:52.396364+00:00,src/proxy_robustness.py,False,not_neural_dependent,before_neural_var_es_dynamic_completion
outputs/proxy_robustness/tables/table_proxy_model_rankings.csv,result_table,6f6c6dfc2da85fe9492a1bc5bad5143442f87506f84e15745eb946e0270573c4,314866,2026-05-25T16:13:52.410364+00:00,src/proxy_robustness.py,False,not_neural_dependent,before_neural_var_es_dynamic_completion
outputs/proxy_robustness/tables/table_proxy_rank_stability.csv,result_table,e6022bca731ae6e1b0ecb34db6a05ee76b7b611bf735e21fb12442fd2343c698,10527,2026-05-25T16:13:58.985481+00:00,src/proxy_robustness.py,False,not_neural_dependent,before_neural_var_es_dynamic_completion
outputs/proxy_robustness/tables/table_proxy_summary_stats.csv,result_table,e2baafa61c823d5d51b6f9b970592fe98679facdc91a52e66e4e6ced583e2ccd,1445,2026-05-25T16:13:50.115251+00:00,src/proxy_robustness.py,False,not_neural_dependent,before_neural_var_es_dynamic_completion
outputs/proxy_robustness/tables/table_proxy_top10_by_qlike.csv,result_table,f06d8109c5a70095fe9133134d2501db6907c784df495ec7923c43a5cd3ddb33,20102,2026-05-25T16:13:52.413364+00:00,src/proxy_robustness.py,False,not_neural_dependent,before_neural_var_es_dynamic_completion
outputs/stage1_extensions/figures/neural_spike_failure.png,figure,8f5aeb7aea703814d0de260d52e9176cdca21b0eb7fca38992ecbfae2a3f8389,326102,2026-05-26T14:57:40.534368+00:00,src/stage1_extensions.py,False,pre_sequence_construction_correction_artifact_or_neural_dependent_legacy,before_neural_var_es_dynamic_completion
outputs/stage1_extensions/figures/proxy_correlation_heatmap.png,figure,ca2c6188b82843e47a5c8232959d7d23af6406393ecde26fbdeb2705ef3de6b3,262008,2026-05-26T14:57:36.282446+00:00,src/stage1_extensions.py,False,not_neural_dependent,before_neural_var_es_dynamic_completion
outputs/stage1_extensions/figures/proxy_rank_heatmap_top_models.png,figure,bb00162c78b1d68a788fe51046a40e5e5140759f135658c3c7aacbf5e912c653,389240,2026-05-26T14:57:37.578422+00:00,src/stage1_extensions.py,False,not_neural_dependent,before_neural_var_es_dynamic_completion
outputs/stage1_extensions/figures/regime_qlike_comparison.png,figure,a940ed5418a4f70c869bcd7850a63f06fd36e56548cc40b68a64e1c03b850b00,161099,2026-05-26T14:57:31.789529+00:00,src/stage1_extensions.py,False,not_neural_dependent,before_neural_var_es_dynamic_completion
outputs/stage1_extensions/figures/rolling_origin_qlike.png,figure,f883efd331007474b8e075e2d953ab1ecafe5d9a4d6acff242bddf95de4a73dc,496469,2026-05-26T14:57:39.522386+00:00,src/stage1_extensions.py,False,not_neural_dependent,before_neural_var_es_dynamic_completion
outputs/stage1_extensions/figures/spike_underprediction_comparison.png,figure,8e5f5e0d39db05ff266191e807dc13bba1cd0c9348722f150072f474c22428f0,158150,2026-05-26T14:57:31.960526+00:00,src/stage1_extensions.py,False,not_neural_dependent,before_neural_var_es_dynamic_completion
outputs/stage1_extensions/figures/var_exceedances_advgarch_bestasymmetric.png,figure,bbfa0992f5c59925ab3f1991b01593f3fc913399de56bc3115eac1b7bf7d95e9,487750,2026-05-26T14:57:34.120486+00:00,src/stage1_extensions.py,False,not_neural_dependent,before_neural_var_es_dynamic_completion
outputs/stage1_extensions/figures/var_exceedances_advgarch_bestqlike.png,figure,8b437e262497ed1bad002677fea7d01bea2ce81206808222c236e0f9f0bc3f4b,494223,2026-05-26T14:57:33.885490+00:00,src/stage1_extensions.py,False,not_neural_dependent,before_neural_var_es_dynamic_completion
outputs/stage1_extensions/figures/var_exceedances_arima_garch.png,figure,0e4f5a11d6ea38c7a9e7c27207108880828f9c63c43a01eba39a6492600d9ad6,469743,2026-05-26T14:57:33.648495+00:00,src/stage1_extensions.py,False,not_neural_dependent,before_neural_var_es_dynamic_completion
outputs/stage1_extensions/figures/var_exceedances_arima_garch_lstm.png,figure,7434ef2253a1eaf4223e52ec378f448cc053e084fb601b87b49e565a07012e4f,435011,2026-05-26T14:57:34.565478+00:00,src/stage1_extensions.py,False,pre_sequence_construction_correction_artifact_or_neural_dependent_legacy,before_neural_var_es_dynamic_completion
outputs/stage1_extensions/figures/var_exceedances_garch_1_1.png,figure,9e324af37475058da7de8b48789c49a721cb0ca0db48aa557de930119c285b89,465877,2026-05-26T14:57:33.415499+00:00,src/stage1_extensions.py,False,not_neural_dependent,before_neural_var_es_dynamic_completion
outputs/stage1_extensions/figures/var_exceedances_historicalmean.png,figure,4b7c42a07212f803086d018503980ac433122c7e1c2ad0b8ac0c958eb219065a,281372,2026-05-26T14:57:32.941508+00:00,src/stage1_extensions.py,False,not_neural_dependent,before_neural_var_es_dynamic_completion
outputs/stage1_extensions/figures/var_exceedances_hybrid_qlike.png,figure,febc557d4cb038ab8de646f9523854e24457e42de17e300908469f6e74e2fcea,399323,2026-05-26T14:57:35.005470+00:00,src/stage1_extensions.py,False,pre_sequence_construction_correction_artifact_or_neural_dependent_legacy,before_neural_var_es_dynamic_completion
outputs/stage1_extensions/figures/var_exceedances_lstm.png,figure,bf960748879e04365b273f168040c80d0b8ec21d6f63acd1d610bc6d88bcb0f0,399668,2026-05-26T14:57:34.344482+00:00,src/stage1_extensions.py,False,pre_sequence_construction_correction_artifact_or_neural_dependent_legacy,before_neural_var_es_dynamic_completion
outputs/stage1_extensions/figures/var_exceedances_lstm_qlike.png,figure,611b6614b0e294c3b423a8898b69f40435b2f0616b1948ccd4aecc2dedac95e8,397868,2026-05-26T14:57:34.786474+00:00,src/stage1_extensions.py,False,pre_sequence_construction_correction_artifact_or_neural_dependent_legacy,before_neural_var_es_dynamic_completion
outputs/stage1_extensions/figures/var_exceedances_rollingvol_20.png,figure,a07b2ce8c4fce8b480554cd03010df9f23a7a28858f2968e10a2c90f3fe0af96,449437,2026-05-26T14:57:33.174504+00:00,src/stage1_extensions.py,False,not_neural_dependent,before_neural_var_es_dynamic_completion
outputs/stage1_extensions/metrics/advanced_search_audit.csv,result_table,111541d630f5a1c324fcc5b532b168eb8821e17403686d3f6555b5e5f67e984e,3381,2026-05-26T14:57:39.556386+00:00,src/stage1_extensions.py,False,not_neural_dependent,before_neural_var_es_dynamic_completion
outputs/stage1_extensions/metrics/advanced_search_failures_summary.csv,result_table,5f32a2f60c2123e0850db5f33b191948afcebce7fe74b36b7d5531d9c9a0c9a2,140,2026-05-26T14:57:39.556841+00:00,src/stage1_extensions.py,False,not_neural_dependent,before_neural_var_es_dynamic_completion
outputs/stage1_extensions/metrics/ewma_metrics.csv,result_table,889ad466ea573a06e9e252bad9ddd1d8429d1a7ea945a4f027526562b62874b8,1473,2026-05-26T14:57:29.337574+00:00,src/stage1_extensions.py,False,not_neural_dependent,before_neural_var_es_dynamic_completion
outputs/stage1_extensions/metrics/har_coefficients.csv,result_table,afe9233393b6622eb92eaad850fff6e741b0ce53a5b9019bc99837a21b520281,570,2026-05-26T14:57:29.425573+00:00,src/stage1_extensions.py,False,not_neural_dependent,before_neural_var_es_dynamic_completion
outputs/stage1_extensions/metrics/har_metrics.csv,result_table,a8049ab689710bd523a0b03ecdd8324407fe8da96d7bfc00c9f631f852760502,1214,2026-05-26T14:57:29.424572+00:00,src/stage1_extensions.py,False,not_neural_dependent,before_neural_var_es_dynamic_completion
outputs/stage1_extensions/metrics/leakage_audit.csv,result_table,3256d9e29c8d3293a57fceb476150e74b5d4bfbc4dfd6fd0068053f04e574320,1000,2026-05-26T14:59:37.446201+00:00,src/stage1_extensions.py,False,not_neural_dependent,before_neural_var_es_dynamic_completion
outputs/stage1_extensions/metrics/neural_diagnostics.csv,result_table,05d4e38122b0cb7cc6db24eceae161841c2dee3c8906d6027c9c4a0cc1c261ca,23600,2026-05-26T14:57:40.281373+00:00,src/stage1_extensions.py,False,pre_sequence_construction_correction_artifact_or_neural_dependent_legacy,before_neural_var_es_dynamic_completion
outputs/stage1_extensions/metrics/prediction_inventory.csv,prediction_artifact,3f48f2b310e112afa504421215385624dc3acce4cfc560c25a9cadcfc25238d1,10378,2026-05-26T14:57:40.135015+00:00,src/stage1_extensions.py,False,not_neural_dependent,before_neural_var_es_dynamic_completion
outputs/stage1_extensions/metrics/proxy_correlations.csv,result_table,e29d9dc3d62142257ab937f35d22031d1dabddc9208c8a46090cfb78407a75f1,1064,2026-05-26T14:57:36.012187+00:00,src/stage1_extensions.py,False,not_neural_dependent,before_neural_var_es_dynamic_completion
outputs/stage1_extensions/metrics/proxy_model_metrics.csv,result_table,69629e9f7cdbfe5e46d7432f7fc398ec33b2d292e5292bb9a16ee30ac49b48b9,185264,2026-05-26T14:57:37.208644+00:00,src/stage1_extensions.py,False,not_neural_dependent,before_neural_var_es_dynamic_completion
outputs/stage1_extensions/metrics/proxy_rank_stability.csv,result_table,ef918b404343521e168bc3377aecb51f096ab4dca4cafc686344f1077df89dc9,7790,2026-05-26T14:57:37.200964+00:00,src/stage1_extensions.py,False,not_neural_dependent,before_neural_var_es_dynamic_completion
outputs/stage1_extensions/metrics/regime_metrics.csv,result_table,b805e850079acce4e69da0903c4eb649906c2f6950376899b3564a72e42a2847,81522,2026-05-26T14:57:31.520534+00:00,src/stage1_extensions.py,False,not_neural_dependent,before_neural_var_es_dynamic_completion
outputs/stage1_extensions/metrics/rolling_origin_metrics.csv,result_table,dc3f84dea564552a138423d58f158525f3d1c925461a744cdae1723a7a75415b,16342,2026-05-26T14:57:39.253392+00:00,src/stage1_extensions.py,False,not_neural_dependent,before_neural_var_es_dynamic_completion
outputs/stage1_extensions/metrics/spike_diagnostics.csv,result_table,8a4b95f926c1c71144610dd15b9730a064aa762dac517f79207779c7f263f758,26808,2026-05-26T14:57:31.521534+00:00,src/stage1_extensions.py,False,not_neural_dependent,before_neural_var_es_dynamic_completion
outputs/stage1_extensions/metrics/var_backtests_extended.csv,result_table,034f925ea05ef602ee37ff68197d271a29b2cc9137248e802234b61f6221c922,68274,2026-05-26T14:57:32.703512+00:00,src/stage1_extensions.py,False,not_neural_dependent,before_neural_var_es_dynamic_completion
outputs/stage1_extensions/predictions/ewma_predictions.csv,prediction_artifact,66ecfc27005ffbba0ef73fee0df3caa98189977e1254426fb5826932327ecc18,130451,2026-05-26T14:57:29.336574+00:00,src/stage1_extensions.py,False,not_neural_dependent,before_neural_var_es_dynamic_completion
outputs/stage1_extensions/predictions/har_predictions.csv,prediction_artifact,a6823eadf459ad475703d87706a491ebcebb1bc0c30d111f12450cfe3cffa521,124494,2026-05-26T14:57:29.423573+00:00,src/stage1_extensions.py,False,not_neural_dependent,before_neural_var_es_dynamic_completion
outputs/stage1_extensions/run_manifest.json,artifact,332a2a012d9c40041711fc561fe6f6af01412540b15423b604d4d365c2bc2d04,5631,2026-05-26T14:59:41.900192+00:00,src/stage1_extensions.py,False,not_neural_dependent,before_neural_var_es_dynamic_completion
outputs/stage1_extensions/tables/advanced_search_summary.tex,latex_table,dff2ad2504817457050ace809279bac29f4c22031cec0f50af606c2b2d15218f,503,2026-05-26T14:57:39.558079+00:00,src/stage1_extensions.py,False,not_neural_dependent,before_neural_var_es_dynamic_completion
outputs/stage1_extensions/tables/ewma_metrics.tex,latex_table,82c9a80c99a8c5faebc1c2e8c5c1840c1228d67bd4e0197db03427d72af877a0,931,2026-05-26T14:57:29.341509+00:00,src/stage1_extensions.py,False,not_neural_dependent,before_neural_var_es_dynamic_completion
outputs/stage1_extensions/tables/har_metrics.tex,latex_table,6c7043cd655b4f1a804d0f2dba295dfeeb41d5e63af7569bad6421de9589a38f,664,2026-05-26T14:57:29.429395+00:00,src/stage1_extensions.py,False,not_neural_dependent,before_neural_var_es_dynamic_completion
outputs/stage1_extensions/tables/neural_diagnostics.tex,latex_table,a70c38ba336c8e2827e6bc3c34146904de04cec3f9ac5c72774935bab3c6fe62,3883,2026-05-26T14:57:40.284015+00:00,src/stage1_extensions.py,False,pre_sequence_construction_correction_artifact_or_neural_dependent_legacy,before_neural_var_es_dynamic_completion
outputs/stage1_extensions/tables/proxy_rank_stability.tex,latex_table,2ce8b879468b33666f102c980c0a638115bb8c946c900f90c600df1a8f4076ef,2646,2026-05-26T14:57:37.211019+00:00,src/stage1_extensions.py,False,not_neural_dependent,before_neural_var_es_dynamic_completion
outputs/stage1_extensions/tables/regime_metrics.tex,latex_table,29e7fbffe5427206e79b522501f3378a4f656dd7c121385fe7af4a84ad5c8cec,4866,2026-05-26T14:57:31.549696+00:00,src/stage1_extensions.py,False,not_neural_dependent,before_neural_var_es_dynamic_completion
outputs/stage1_extensions/tables/rolling_origin_metrics.tex,latex_table,3007b8641bc25f7c6718c3d17cbbcedffd2b6ec73e178094f95b917d754ecf14,6815,2026-05-26T14:57:39.257574+00:00,src/stage1_extensions.py,False,not_neural_dependent,before_neural_var_es_dynamic_completion
outputs/stage1_extensions/tables/spike_diagnostics.tex,latex_table,25156ee48e854c89feec40649143b4066df44d167a0f783b350bdf9c1a57d6c9,1557,2026-05-26T14:57:31.573511+00:00,src/stage1_extensions.py,False,not_neural_dependent,before_neural_var_es_dynamic_completion
outputs/stage1_extensions/tables/var_backtests_extended.tex,latex_table,0e5d47582cf046f69a09a0e69f4f481b5828973549db55b889311236bb25c8f2,3593,2026-05-26T14:57:32.730243+00:00,src/stage1_extensions.py,False,not_neural_dependent,before_neural_var_es_dynamic_completion
outputs/tables/table_arch_lm_tests.csv,result_table,b65c88b5648de7f54c404ab979b5ac5539dedea41695eceb903d9cd46c5f01e6,503,2026-05-25T14:58:44.996439+00:00,not_traced,False,not_neural_dependent,before_neural_var_es_dynamic_completion
outputs/tables/table_dm_tests_absolute_error.csv,result_table,3b90797c8e68e2cb8be72043668f84ab4eb929414793ecaf7c497bc5701c51ac,2286,2026-05-25T14:56:53.080059+00:00,not_traced,False,not_neural_dependent,before_neural_var_es_dynamic_completion
outputs/tables/table_dm_tests_qlike.csv,result_table,5ada27b97aad0118b90203779a13ef001cda63603ecc80cbafe90cfdf70474ad,2106,2026-05-25T14:56:52.973085+00:00,not_traced,False,not_neural_dependent,before_neural_var_es_dynamic_completion
outputs/tables/table_dm_tests_squared_error.csv,result_table,c7880e0a6fa468c425564a7cc9ece6e759de200378a95ff1d3b9aff1f0d55b8a,2285,2026-05-25T14:56:53.025326+00:00,not_traced,False,not_neural_dependent,before_neural_var_es_dynamic_completion
outputs/tables/table_garch_diagnostics.csv,result_table,84567e018c126a93f3fb0a7611c2c360e17e37fb4dc7d528b7385422e4c9aec3,905,2026-05-25T14:58:44.996812+00:00,not_traced,False,not_neural_dependent,before_neural_var_es_dynamic_completion
outputs/tables/table_model_comparison_available.md,audit_report,f9fee337333994f52900b589f75071f21845597d8dd2ef4455b689b557c7322e,1168,2026-05-24T20:58:33.769533+00:00,not_traced,False,not_neural_dependent,before_neural_var_es_dynamic_completion
outputs/tables/table_model_comparison_available.tex,latex_table,4c5d2bae37577ee179847b08ca363f1d579b9999f41ee3d1d281856570f43e00,955,2026-05-24T20:58:33.770703+00:00,not_traced,False,not_neural_dependent,before_neural_var_es_dynamic_completion
outputs/tables/table_model_comparison_common.md,audit_report,423741721c9b568a9d67ecff702f0de3cbff725430fc50fe196765ea18bb8f99,1168,2026-05-24T20:58:33.767464+00:00,not_traced,False,not_neural_dependent,before_neural_var_es_dynamic_completion
outputs/tables/table_model_comparison_common.tex,latex_table,61b032dbdb3481cb0ec89bd0bde275b9dcac25a5b370b03e035c50be107b4b69,955,2026-05-24T20:58:33.768690+00:00,not_traced,False,not_neural_dependent,before_neural_var_es_dynamic_completion
outputs/tables/table_regime_results.csv,result_table,f87a15a588871b21a9ea889337fc32c069d554374e7c9325f3dd00eff7bc26af,7107,2026-05-25T14:56:58.183513+00:00,not_traced,False,not_neural_dependent,before_neural_var_es_dynamic_completion
outputs/tables/table_stationarity_tests.csv,result_table,51f62d8c882a830cd5443dc0f90fa98514d9febb58dfb208ed718e882bb0276f,2196,2026-05-25T14:58:44.995329+00:00,not_traced,False,not_neural_dependent,before_neural_var_es_dynamic_completion
outputs/tables/table_underprediction_analysis.csv,prediction_artifact,9b67dcbb138011293c215739aef80e7657c6f5fad818948a95371130f4a8d7e8,2629,2026-05-25T14:56:58.183890+00:00,not_traced,False,not_neural_dependent,before_neural_var_es_dynamic_completion
outputs/tables/table_yearly_results.csv,result_table,f75242c5324a899f366500db1798fb39dcd80fe1032fdf9002e473621508bbac,6786,2026-05-25T14:56:58.182207+00:00,not_traced,False,not_neural_dependent,before_neural_var_es_dynamic_completion
paper.pdf,compiled_pdf,e22218619f4d73a16a5ed5014c36b01c411e4a7caa1bed465cd57b1d93da59e8,958766,2026-05-30T14:23:39.520977+00:00,not_traced,True,not_neural_dependent,before_neural_var_es_dynamic_completion
paper/figures/fig_actual_vs_predicted_test_common_zoom.png,figure,7821b38c4daace3e326e3f3969a7bef2953188c55d2abed1bb0df90ea88f7bc3,368141,2026-05-24T21:24:24.329616+00:00,src/final_financial_econometrics.py or paper build inputs,True,not_neural_dependent,before_neural_var_es_dynamic_completion
paper/figures/fig_common_window_master_qlike.png,figure,e09f2f657d4a8d9335492ee8c0ec27ff70cdaa1db66b25cfd8f21acd96be4c35,158357,2026-05-30T14:22:09.429408+00:00,src/final_financial_econometrics.py or paper build inputs,True,not_neural_dependent,before_neural_var_es_dynamic_completion
paper/figures/fig_daily_proxy_rank_heatmap_primary.png,figure,98980377f5d2789246225f2e39e803e3cdf155fbcbc1e21997a2cd5241d5d3b4,200103,2026-05-30T14:22:08.933402+00:00,src/final_financial_econometrics.py or paper build inputs,True,not_neural_dependent,before_neural_var_es_dynamic_completion
paper/figures/fig_garch_residual_diagnostics.png,figure,4b95f22f2fbc13c42ae4a43028a564f57284ded4271b3d3926f5f74ba93815a2,109295,2026-05-30T14:22:08.465398+00:00,src/final_financial_econometrics.py or paper build inputs,True,not_neural_dependent,before_neural_var_es_dynamic_completion
paper/figures/fig_lstm_tuned_qlike_comparison.png,figure,0e95cd1666dfed604d4d0d5aa31192379318c7983324a2c5b60b10896b500cbb,178366,2026-05-24T21:24:24.330708+00:00,src/tune_lstm_hybrid.py,True,pre_sequence_construction_correction_artifact_or_neural_dependent_legacy,before_neural_var_es_dynamic_completion
paper/figures/fig_proxy_correlation_heatmap.png,figure,f2debaf6728745bb5789e788e21d7fb30ccb01a5e012e36a2b115f4a318cd8d0,262940,2026-05-25T16:27:20.384963+00:00,src/final_financial_econometrics.py or paper build inputs,True,not_neural_dependent,before_neural_var_es_dynamic_completion
paper/figures/fig_proxy_ranking_heatmap.png,figure,a6b91575f5bf226b02523f0360b1a348eb95617f8639c07f5c39005bf49ce622,495644,2026-05-25T16:27:20.386187+00:00,src/final_financial_econometrics.py or paper build inputs,True,not_neural_dependent,before_neural_var_es_dynamic_completion
paper/figures/fig_qlike_comparison_common_test.png,figure,868fdddefa2dbdaba03056137d775e957ca50ad2bf7f6a7326d5a1ceeec346b7,227741,2026-05-24T21:24:24.328440+00:00,src/final_financial_econometrics.py or paper build inputs,True,not_neural_dependent,before_neural_var_es_dynamic_completion
paper/figures/fig_refit_protocol_qlike.png,figure,85b49555727513780f6e34c4697efa13d8e06114694e5754ad3f4bdbb736878d,154944,2026-05-30T14:23:20.317425+00:00,src/final_financial_econometrics.py or paper build inputs,True,not_neural_dependent,before_neural_var_es_dynamic_completion
paper/figures/fig_return_acf_diagnostics.png,figure,923af2b2e801387bc2d04f82b869a8be193f255a39c6cff4281eed9a8b93eb8d,79421,2026-05-30T14:22:06.531378+00:00,src/final_financial_econometrics.py or paper build inputs,True,not_neural_dependent,before_neural_var_es_dynamic_completion
paper/figures/fig_return_descriptive_diagnostics.png,figure,f5dade42ad8aef282fc513b1cf161addc5f924aa36d99fe5ff3f82ee3340d8b3,379151,2026-05-30T14:22:06.345376+00:00,src/final_financial_econometrics.py or paper build inputs,True,not_neural_dependent,before_neural_var_es_dynamic_completion
paper/figures/fig_rolling_volatility.png,figure,32c9c0ca0d65a94de05ec6eaecdca5d71166225fed7792b1bbb1f9161900ab7d,301767,2026-05-24T21:24:24.327183+00:00,src/final_financial_econometrics.py or paper build inputs,True,not_neural_dependent,before_neural_var_es_dynamic_completion
paper/figures/fig_squared_return.png,figure,b9a37d25c3228425779c8763742f626d0ad6a8c2c60e9ba66db0bc0c6e1ab8c7,103478,2026-05-25T16:27:20.388974+00:00,src/final_financial_econometrics.py or paper build inputs,True,not_neural_dependent,before_neural_var_es_dynamic_completion
paper/figures/fig_stage1_neural_spike_failure.png,figure,8f5aeb7aea703814d0de260d52e9176cdca21b0eb7fca38992ecbfae2a3f8389,326102,2026-05-26T15:08:20.756891+00:00,src/final_financial_econometrics.py or paper build inputs,True,pre_sequence_construction_correction_artifact_or_neural_dependent_legacy,before_neural_var_es_dynamic_completion
paper/figures/fig_stage1_proxy_correlation_heatmap.png,figure,ca2c6188b82843e47a5c8232959d7d23af6406393ecde26fbdeb2705ef3de6b3,262008,2026-05-26T15:08:20.857572+00:00,src/final_financial_econometrics.py or paper build inputs,True,not_neural_dependent,before_neural_var_es_dynamic_completion
paper/figures/fig_stage1_proxy_rank_heatmap_top_models.png,figure,bb00162c78b1d68a788fe51046a40e5e5140759f135658c3c7aacbf5e912c653,389240,2026-05-26T15:08:20.740670+00:00,src/final_financial_econometrics.py or paper build inputs,True,not_neural_dependent,before_neural_var_es_dynamic_completion
paper/figures/fig_stage1_regime_qlike_comparison.png,figure,a940ed5418a4f70c869bcd7850a63f06fd36e56548cc40b68a64e1c03b850b00,161099,2026-05-26T15:08:20.738287+00:00,src/final_financial_econometrics.py or paper build inputs,True,not_neural_dependent,before_neural_var_es_dynamic_completion
paper/figures/fig_stage1_spike_underprediction_comparison.png,figure,8e5f5e0d39db05ff266191e807dc13bba1cd0c9348722f150072f474c22428f0,158150,2026-05-26T15:08:20.754241+00:00,src/final_financial_econometrics.py or paper build inputs,True,not_neural_dependent,before_neural_var_es_dynamic_completion
paper/figures/fig_stage1_var_exceedances_garch_1_1.png,figure,9e324af37475058da7de8b48789c49a721cb0ca0db48aa557de930119c285b89,465877,2026-05-26T15:08:20.736034+00:00,src/final_financial_econometrics.py or paper build inputs,True,not_neural_dependent,before_neural_var_es_dynamic_completion
paper/figures/fig_volatility_proxy_timeseries.png,figure,7fafbe2a4986f53f8c127903e5f87fb36d0a0e42ab9f65c73aa3132057ec3525,571498,2026-05-25T16:27:20.387686+00:00,src/final_financial_econometrics.py or paper build inputs,True,not_neural_dependent,before_neural_var_es_dynamic_completion
paper/main.pdf,compiled_pdf,e22218619f4d73a16a5ed5014c36b01c411e4a7caa1bed465cd57b1d93da59e8,958766,2026-05-30T14:23:25.967185+00:00,paper/main.tex and paper/Makefile,True,not_neural_dependent,before_neural_var_es_dynamic_completion
paper/main.tex,latex_source,7bbb05f20781bd74debbbf3f34a8a3b6e215b8edaf65d4009d809637950d6ab5,2925,2026-05-30T14:16:47.746896+00:00,paper/main.tex and paper/Makefile,False,not_neural_dependent,before_neural_var_es_dynamic_completion
paper/main_stage2.pdf,compiled_pdf,3c33b4c0449275ac18744796fd8d1522251e00650cb8bd8b4118199bc156f986,2542240,2026-05-26T15:13:25.416816+00:00,paper/main.tex and paper/Makefile,False,not_neural_dependent,before_neural_var_es_dynamic_completion
paper/references.bib,artifact,94520bd793e6cc79fbf27d90e1db3ba85c9c134aba49ce8a9654c631240e5070,7248,2026-05-26T15:11:34.940709+00:00,paper/main.tex and paper/Makefile,False,not_neural_dependent,before_neural_var_es_dynamic_completion
paper/tables/advanced_garch_failure_audit.tex,latex_table,7067f31648bb79432f8d19203571862038e0a72a479c5dc5cce3a69147f7a1d6,468,2026-05-30T14:22:05.968261+00:00,src/final_financial_econometrics.py or paper build inputs,True,not_neural_dependent,before_neural_var_es_dynamic_completion
paper/tables/advanced_garch_selected_models.tex,latex_table,d8c5682c28d114e818e2fc24eeb0b1c7f142a09086730d393d1a0b31f674c779,1212,2026-05-30T13:21:24.015416+00:00,src/final_financial_econometrics.py or paper build inputs,True,not_neural_dependent,before_neural_var_es_dynamic_completion
paper/tables/advanced_search_audit_summary.tex,latex_table,7d26b5551a5da50135195ed117d2f9f3ace138c56bcd76c2e1067d82afa5c6c5,538,2026-05-30T13:21:24.019417+00:00,src/final_financial_econometrics.py or paper build inputs,True,not_neural_dependent,before_neural_var_es_dynamic_completion
paper/tables/calibration_combination_summary.tex,latex_table,15b4cfe2292780e704d149a9c194e5eb84993c53fef34a1b83cb04c7bca49ddb,1306,2026-05-30T13:21:24.017416+00:00,src/final_financial_econometrics.py or paper build inputs,True,pre_sequence_construction_correction_artifact_or_neural_dependent_legacy,before_neural_var_es_dynamic_completion
paper/tables/common_window_master_results.tex,latex_table,70915ee58fab23ff99d1075fc021d1905c9d8e3a370e2b04ef08626f5e4d2391,2204,2026-05-30T14:22:09.274765+00:00,src/final_financial_econometrics.py or paper build inputs,True,not_neural_dependent,before_neural_var_es_dynamic_completion
paper/tables/common_window_spike_diagnostics.tex,latex_table,d4411b0f9d57afedbe310819831beff8ce699f1eabdfae711356226936b44e89,729,2026-05-30T14:22:08.567498+00:00,src/final_financial_econometrics.py or paper build inputs,True,not_neural_dependent,before_neural_var_es_dynamic_completion
paper/tables/common_window_var_backtests.tex,latex_table,a85d28bc32abd3c88f42fb40fd4f90c6f35ceb799146829f1c41c8ea72911ed9,926,2026-05-30T14:22:08.604472+00:00,src/final_financial_econometrics.py or paper build inputs,True,not_neural_dependent,before_neural_var_es_dynamic_completion
paper/tables/data_splits.tex,latex_table,35df3d91ee639c3a02d96f64df9d2a3a234e2aa8f12ece7f4ce0cc779aabf9fc,891,2026-05-30T13:21:24.018417+00:00,src/final_financial_econometrics.py or paper build inputs,True,not_neural_dependent,before_neural_var_es_dynamic_completion
paper/tables/garch_parameter_diagnostics.tex,latex_table,db05c75206418c1f8bf83f6bbd585b0fcd06ae01e00727e13306b916cd60ac06,1784,2026-05-30T14:22:08.371038+00:00,src/final_financial_econometrics.py or paper build inputs,True,not_neural_dependent,before_neural_var_es_dynamic_completion
paper/tables/garch_residual_diagnostics.tex,latex_table,bab5dbe0bd23b9e2f5fc7399cf337ee61d827b0bde4b5a4d633dae4c6f9ca5b8,1917,2026-05-30T14:22:08.373038+00:00,src/final_financial_econometrics.py or paper build inputs,True,not_neural_dependent,before_neural_var_es_dynamic_completion
paper/tables/model_comparison_common_test.tex,latex_table,77ef8760010ae3daf210e4279833564e6ec3a20dbe9e610a7050feebf5d4a593,1500,2026-05-25T16:29:37.624810+00:00,src/final_financial_econometrics.py or paper build inputs,True,not_neural_dependent,before_neural_var_es_dynamic_completion
paper/tables/proxy_robustness_rank_summary.tex,latex_table,b811519024d3c33b36bcbe2be9b2ae2bbb0fe45f095d8b31c554f1413ff71638,1238,2026-05-30T13:21:24.020417+00:00,src/final_financial_econometrics.py or paper build inputs,True,not_neural_dependent,before_neural_var_es_dynamic_completion
paper/tables/refit_protocol_results.tex,latex_table,44d263a36d3736b9daca2bd718719085de5b1df7dd9b63a985ea29b4ece14ca3,1686,2026-05-30T14:23:20.196789+00:00,src/final_financial_econometrics.py or paper build inputs,True,not_neural_dependent,before_neural_var_es_dynamic_completion
paper/tables/return_descriptive_statistics.tex,latex_table,dea81e3844ac8f71197a3ca36f029be8c69e00f9569c79dcd7d55884c97e0609,486,2026-05-30T14:22:05.979529+00:00,src/final_financial_econometrics.py or paper build inputs,True,not_neural_dependent,before_neural_var_es_dynamic_completion
paper/tables/stage1_benchmark_extensions.tex,latex_table,562ff0a42dcd1d09e44b4a75a3b7ce96af131c5ea71b828f45c8c4652121d7da,1264,2026-05-30T13:21:24.020417+00:00,src/final_financial_econometrics.py or paper build inputs,True,not_neural_dependent,before_neural_var_es_dynamic_completion
paper/tables/stage1_risk_diagnostics_summary.tex,latex_table,6c4994dce49d0e96011b95eaacf7820d5c13a6d86da339f5a3de1391a69ad4cf,1434,2026-05-30T13:25:14.110409+00:00,src/final_financial_econometrics.py or paper build inputs,True,not_neural_dependent,before_neural_var_es_dynamic_completion
paper/tables/statistical_comparison_summary.tex,latex_table,8657f0496e631a6c75769d142dea27e6b7d354a296cafe28520d9856202ae4b9,1747,2026-05-30T13:21:24.019417+00:00,src/final_financial_econometrics.py or paper build inputs,True,not_neural_dependent,before_neural_var_es_dynamic_completion
paper/tables/tuned_selection.tex,latex_table,ba9515850a1206a9a6a06262823b53d7ce561cda628705e5ad49f6953e4430c8,517,2026-05-24T21:30:08.599673+00:00,src/final_financial_econometrics.py or paper build inputs,True,not_neural_dependent,before_neural_var_es_dynamic_completion
paper/tables/var_backtesting_summary.tex,latex_table,c7ea00843e5f375d535511e51fecde47ca6384d82b59fdc261ad564eb7eae4cf,1695,2026-05-30T13:25:14.111409+00:00,src/final_financial_econometrics.py or paper build inputs,True,not_neural_dependent,before_neural_var_es_dynamic_completion
paper/tables/volatility_clustering_diagnostics.tex,latex_table,9f9ac4166285ca39c69b30b87537e464abe166aac7d2fe8c9798ca0248506c68,767,2026-05-30T14:22:05.991403+00:00,src/final_financial_econometrics.py or paper build inputs,True,not_neural_dependent,before_neural_var_es_dynamic_completion
