date,target_date,actual_var,pred_var,model,split
2023-01-03,2023-01-04,0.0549535930877402,2.4339342643623745,AdvGARCH-BestAsymmetric,test
2023-01-04,2023-01-05,0.8117646910153878,2.0093772409993966,AdvGARCH-BestAsymmetric,test
2023-01-05,2023-01-06,0.172811729353928,1.8376236781001685,AdvGARCH-BestAsymmetric,test
2023-01-06,2023-01-09,0.0692225607636781,1.6264077473017455,AdvGARCH-BestAsymmetric,test
2023-01-09,2023-01-10,0.0066603499297191,1.3831216391839365,AdvGARCH-BestAsymmetric,test
2023-01-10,2023-01-11,0.0522271097766636,1.1612801151326686,AdvGARCH-BestAsymmetric,test
2023-01-11,2023-01-12,0.0035587018238326,1.0043804816918713,AdvGARCH-BestAsymmetric,test
2023-01-12,2023-01-13,0.1275802197397324,0.849311660593836,AdvGARCH-BestAsymmetric,test
2023-01-13,2023-01-16,0.374758039143315,0.7709938808234895,AdvGARCH-BestAsymmetric,test
2023-01-16,2023-01-17,4.022686466488597,0.7462195063005689,AdvGARCH-BestAsymmetric,test
2023-01-17,2023-01-18,0.8349687871773404,0.9887032824881905,AdvGARCH-BestAsymmetric,test
2023-01-18,2023-01-19,0.7891600724610666,0.9870806804966243,AdvGARCH-BestAsymmetric,test
2023-01-19,2023-01-27,0.6572756271765033,0.9808405437145777,AdvGARCH-BestAsymmetric,test
2023-01-27,2023-01-30,1.7140630852404162,0.9608660234530082,AdvGARCH-BestAsymmetric,test
2023-01-30,2023-01-31,0.6050810133388357,1.1672523469635538,AdvGARCH-BestAsymmetric,test
2023-01-31,2023-02-01,10.368357126316685,1.1128918256065845,AdvGARCH-BestAsymmetric,test
2023-02-01,2023-02-02,0.0226347776228954,2.164838558440547,AdvGARCH-BestAsymmetric,test
2023-02-02,2023-02-03,0.0016679215067438,1.7805318287048353,AdvGARCH-BestAsymmetric,test
2023-02-03,2023-02-06,1.256067923688864,1.461517271937664,AdvGARCH-BestAsymmetric,test
2023-02-06,2023-02-07,4.736232587067869,1.4348927735289085,AdvGARCH-BestAsymmetric,test
2023-02-07,2023-02-08,0.3561755878073738,1.9557688654931418,AdvGARCH-BestAsymmetric,test
2023-02-08,2023-02-09,0.5879330834697908,1.7203430994707614,AdvGARCH-BestAsymmetric,test
2023-02-09,2023-02-10,0.6787287097613596,1.6501236586736974,AdvGARCH-BestAsymmetric,test
2023-02-10,2023-02-13,1.2216869517708149,1.6111008199559564,AdvGARCH-BestAsymmetric,test
2023-02-13,2023-02-14,0.2361888824871934,1.678590823519136,AdvGARCH-BestAsymmetric,test
2023-02-14,2023-02-15,0.8394668425834446,1.520651921297849,AdvGARCH-BestAsymmetric,test
2023-02-15,2023-02-16,0.9177621933014196,1.438344297627088,AdvGARCH-BestAsymmetric,test
2023-02-16,2023-02-17,0.0092805250097098,1.3787591098167775,AdvGARCH-BestAsymmetric,test
2023-02-17,2023-02-20,6.512002780573765,1.1537112156670004,AdvGARCH-BestAsymmetric,test
2023-02-20,2023-02-21,0.1691390418565458,1.513381020653428,AdvGARCH-BestAsymmetric,test
2023-02-21,2023-02-22,6.846416409130559,1.3621006743292319,AdvGARCH-BestAsymmetric,test
2023-02-22,2023-02-23,0.0034604047962046,2.0948105035259723,AdvGARCH-BestAsymmetric,test
2023-02-23,2023-02-24,1.8150207850841689,1.7112245051366841,AdvGARCH-BestAsymmetric,test
2023-02-24,2023-02-27,3.1577928002505518,1.8583511529054242,AdvGARCH-BestAsymmetric,test
2023-02-27,2023-02-28,0.1124261928232939,2.1694202683623223,AdvGARCH-BestAsymmetric,test
2023-02-28,2023-03-01,2.362077222441523,1.827680728694996,AdvGARCH-BestAsymmetric,test
2023-03-01,2023-03-02,0.0800566234507277,1.8488227102474826,AdvGARCH-BestAsymmetric,test
2023-03-02,2023-03-03,1.5504718457013609,1.5915951070786742,AdvGARCH-BestAsymmetric,test
2023-03-03,2023-03-06,0.0551773612932756,1.713737637674509,AdvGARCH-BestAsymmetric,test
2023-03-06,2023-03-07,1.0659420423683896,1.4463294468706118,AdvGARCH-BestAsymmetric,test
2023-03-07,2023-03-08,1.180976964777076,1.4020613942567834,AdvGARCH-BestAsymmetric,test
2023-03-08,2023-03-09,0.4136971055728827,1.3767402614068878,AdvGARCH-BestAsymmetric,test
2023-03-09,2023-03-10,0.078265798957639,1.2601743915806773,AdvGARCH-BestAsymmetric,test
2023-03-10,2023-03-13,0.0003608159625681,1.1171992380199833,AdvGARCH-BestAsymmetric,test
2023-03-13,2023-03-14,1.4659340258862177,0.9339726878840621,AdvGARCH-BestAsymmetric,test
2023-03-14,2023-03-15,4.404587524685249,1.1102172861804598,AdvGARCH-BestAsymmetric,test
2023-03-15,2023-03-16,1.966140070411206,1.3550734154318993,AdvGARCH-BestAsymmetric,test
2023-03-16,2023-03-17,0.0466583815583474,1.5618399262626066,AdvGARCH-BestAsymmetric,test
2023-03-17,2023-03-20,4.542701346022625,1.3419728524678392,AdvGARCH-BestAsymmetric,test
2023-03-20,2023-03-21,0.8241032078763476,1.8466735212542624,AdvGARCH-BestAsymmetric,test
2023-03-21,2023-03-22,0.6122377400151076,1.7061260088159127,AdvGARCH-BestAsymmetric,test
2023-03-22,2023-03-23,0.1912107767600162,1.5612699803881072,AdvGARCH-BestAsymmetric,test
2023-03-23,2023-03-24,0.0261069358389794,1.367542498372237,AdvGARCH-BestAsymmetric,test
2023-03-24,2023-03-27,0.2706486133246383,1.1571889891952918,AdvGARCH-BestAsymmetric,test
2023-03-27,2023-03-28,0.0375129464792075,1.0546836315031636,AdvGARCH-BestAsymmetric,test
2023-03-28,2023-03-29,0.0373680554186715,0.9121786662918994,AdvGARCH-BestAsymmetric,test
2023-03-29,2023-03-30,0.0864260143113033,0.7964201290339953,AdvGARCH-BestAsymmetric,test
2023-03-30,2023-03-31,0.2397323675517269,0.7170922333815689,AdvGARCH-BestAsymmetric,test
2023-03-31,2023-04-03,1.8652562093058924,0.6806498249458863,AdvGARCH-BestAsymmetric,test
2023-04-03,2023-04-04,0.0059186412860023,0.7967527384467963,AdvGARCH-BestAsymmetric,test
2023-04-04,2023-04-05,0.0498269661847383,0.6896738205639867,AdvGARCH-BestAsymmetric,test
2023-04-05,2023-04-06,0.8553042836437406,0.6179269980580474,AdvGARCH-BestAsymmetric,test
2023-04-06,2023-04-07,0.0125702355791553,0.7331382096281351,AdvGARCH-BestAsymmetric,test
2023-04-07,2023-04-10,0.1668068990512428,0.6450689522418219,AdvGARCH-BestAsymmetric,test
2023-04-10,2023-04-11,0.1482607699784405,0.6342448789230039,AdvGARCH-BestAsymmetric,test
2023-04-11,2023-04-12,8.743291732272662e-07,0.5945518173143357,AdvGARCH-BestAsymmetric,test
2023-04-12,2023-04-13,0.2330177840007939,0.5095567965776692,AdvGARCH-BestAsymmetric,test
2023-04-13,2023-04-14,1.1617696349612645,0.5307701168809509,AdvGARCH-BestAsymmetric,test
2023-04-14,2023-04-17,0.0076283447272982,0.6900168520836433,AdvGARCH-BestAsymmetric,test
2023-04-17,2023-04-18,0.0131688449679895,0.5990626301059,AdvGARCH-BestAsymmetric,test
2023-04-18,2023-04-19,0.3296437026732272,0.5279112218920569,AdvGARCH-BestAsymmetric,test
2023-04-19,2023-04-20,0.0006623405434785,0.5666678646536837,AdvGARCH-BestAsymmetric,test
2023-04-20,2023-04-21,0.3673257523211698,0.48979868513205155,AdvGARCH-BestAsymmetric,test
2023-04-21,2023-04-24,0.0221215519921837,0.5388497617404976,AdvGARCH-BestAsymmetric,test
2023-04-24,2023-04-25,0.3932622485353985,0.4906927118773255,AdvGARCH-BestAsymmetric,test
2023-04-25,2023-04-26,0.328691182889417,0.5441963613830612,AdvGARCH-BestAsymmetric,test
2023-04-26,2023-04-27,0.0126510214171176,0.5436706501899392,AdvGARCH-BestAsymmetric,test
2023-04-27,2023-04-28,0.8257060505705139,0.48802901012988764,AdvGARCH-BestAsymmetric,test
2023-04-28,2023-05-04,0.663351259487948,0.5419752471032386,AdvGARCH-BestAsymmetric,test
2023-05-04,2023-05-05,0.0008313650023289,0.6344743016830949,AdvGARCH-BestAsymmetric,test
2023-05-05,2023-05-08,1.5730813455266768,0.5474235972110616,AdvGARCH-BestAsymmetric,test
2023-05-08,2023-05-09,0.0009810073041391,0.6523388013207798,AdvGARCH-BestAsymmetric,test
2023-05-09,2023-05-10,0.1807814295588449,0.5606389758891536,AdvGARCH-BestAsymmetric,test
2023-05-10,2023-05-11,0.0116169732719969,0.5372444551850671,AdvGARCH-BestAsymmetric,test
2023-05-11,2023-05-12,0.8480601097426534,0.4817917255818952,AdvGARCH-BestAsymmetric,test
2023-05-12,2023-05-15,0.0124546383596074,0.5380545371547752,AdvGARCH-BestAsymmetric,test
2023-05-15,2023-05-16,0.0003521278803455,0.4831686366486344,AdvGARCH-BestAsymmetric,test
2023-05-16,2023-05-17,0.2647079940558091,0.4201728025768867,AdvGARCH-BestAsymmetric,test
2023-05-17,2023-05-18,0.5467189046851431,0.45631141958498855,AdvGARCH-BestAsymmetric,test
2023-05-18,2023-05-19,0.0134881726921275,0.48858465098269205,AdvGARCH-BestAsymmetric,test
2023-05-19,2023-05-22,0.1115577260954784,0.4424519887848497,AdvGARCH-BestAsymmetric,test
2023-05-22,2023-05-23,0.2010623455676166,0.42332882605814365,AdvGARCH-BestAsymmetric,test
2023-05-23,2023-05-24,0.1456521231551851,0.44639988254025587,AdvGARCH-BestAsymmetric,test
2023-05-24,2023-05-25,0.0713508401309495,0.45439794432364333,AdvGARCH-BestAsymmetric,test
2023-05-25,2023-05-26,0.006683379548905,0.425463261151594,AdvGARCH-BestAsymmetric,test
2023-05-26,2023-05-29,1.1008741895280585,0.38341411318414625,AdvGARCH-BestAsymmetric,test
2023-05-29,2023-05-30,0.0813274524532,0.4645148769262957,AdvGARCH-BestAsymmetric,test
2023-05-30,2023-05-31,0.0715597269351419,0.43634428667974684,AdvGARCH-BestAsymmetric,test
2023-05-31,2023-06-01,0.0894248931377806,0.42453623117276734,AdvGARCH-BestAsymmetric,test
2023-06-01,2023-06-02,1.3176407801372392,0.403608323336282,AdvGARCH-BestAsymmetric,test
2023-06-02,2023-06-05,0.4068339428608296,0.498465010134976,AdvGARCH-BestAsymmetric,test
2023-06-05,2023-06-06,0.9043890866960916,0.5123263634819647,AdvGARCH-BestAsymmetric,test
2023-06-06,2023-06-07,0.0123028566285396,0.5707196206261514,AdvGARCH-BestAsymmetric,test
2023-06-07,2023-06-08,0.5529490855904797,0.5039371660572073,AdvGARCH-BestAsymmetric,test
2023-06-08,2023-06-09,0.3161644467066298,0.5823471564805998,AdvGARCH-BestAsymmetric,test
2023-06-09,2023-06-12,0.5831574033164091,0.5754589481432894,AdvGARCH-BestAsymmetric,test
2023-06-12,2023-06-13,0.3310759893352936,0.599281683938144,AdvGARCH-BestAsymmetric,test
2023-06-13,2023-06-14,0.2025223817587841,0.5921327530651483,AdvGARCH-BestAsymmetric,test
2023-06-14,2023-06-15,0.0016224341258812,0.5970803866554928,AdvGARCH-BestAsymmetric,test
2023-06-15,2023-06-16,0.024585211583996,0.5189222757941998,AdvGARCH-BestAsymmetric,test
2023-06-16,2023-06-19,0.7822402072538185,0.475366768470442,AdvGARCH-BestAsymmetric,test
2023-06-19,2023-06-20,0.3250259985876756,0.5881052388668421,AdvGARCH-BestAsymmetric,test
2023-06-20,2023-06-21,0.3653445181035127,0.5816179219983211,AdvGARCH-BestAsymmetric,test
2023-06-21,2023-06-22,0.3717252672960691,0.5809671874189138,AdvGARCH-BestAsymmetric,test
2023-06-22,2023-06-23,0.1309819466607628,0.5811674214053099,AdvGARCH-BestAsymmetric,test
2023-06-23,2023-06-26,0.0549279663710728,0.5461099973809369,AdvGARCH-BestAsymmetric,test
2023-06-26,2023-06-27,0.0411962958640958,0.4992965173124799,AdvGARCH-BestAsymmetric,test
2023-06-27,2023-06-28,0.1251516048900254,0.4557861760918865,AdvGARCH-BestAsymmetric,test
2023-06-28,2023-06-29,1.3110715533307906,0.4373174004858375,AdvGARCH-BestAsymmetric,test
2023-06-29,2023-06-30,0.2153197174085333,0.6153762037417788,AdvGARCH-BestAsymmetric,test
2023-06-30,2023-07-03,0.2244859363593752,0.6205558092554784,AdvGARCH-BestAsymmetric,test
2023-07-03,2023-07-04,0.331614557206894,0.595679099101325,AdvGARCH-BestAsymmetric,test
2023-07-04,2023-07-05,0.0534448088033697,0.5890621944045886,AdvGARCH-BestAsymmetric,test
2023-07-05,2023-07-06,0.5521828368120864,0.5350190689324085,AdvGARCH-BestAsymmetric,test
2023-07-06,2023-07-07,1.0955709924740076,0.6111400781611589,AdvGARCH-BestAsymmetric,test
2023-07-07,2023-07-10,0.9169134777331625,0.676533716360227,AdvGARCH-BestAsymmetric,test
2023-07-10,2023-07-11,0.057144157007868,0.7207333792951107,AdvGARCH-BestAsymmetric,test
2023-07-11,2023-07-12,0.0444186703613796,0.6460124588884077,AdvGARCH-BestAsymmetric,test
2023-07-12,2023-07-13,0.9358770339385756,0.5798492705890813,AdvGARCH-BestAsymmetric,test
2023-07-13,2023-07-14,0.0652166185346891,0.6350563056416584,AdvGARCH-BestAsymmetric,test
2023-07-14,2023-07-17,0.1632239943294482,0.5768988971244212,AdvGARCH-BestAsymmetric,test
2023-07-17,2023-07-18,0.0066910598075562,0.5482831498556575,AdvGARCH-BestAsymmetric,test
2023-07-18,2023-07-19,0.0089465157105592,0.48165610518698104,AdvGARCH-BestAsymmetric,test
2023-07-19,2023-07-20,0.0002100775164203,0.4328573451527177,AdvGARCH-BestAsymmetric,test
2023-07-20,2023-07-21,1.2319670859049314,0.37871859262963176,AdvGARCH-BestAsymmetric,test
2023-07-21,2023-07-24,0.164526463877313,0.4688300454935447,AdvGARCH-BestAsymmetric,test
2023-07-24,2023-07-25,0.1884318549081098,0.4551874529299026,AdvGARCH-BestAsymmetric,test
2023-07-25,2023-07-26,0.1699312574616927,0.44691686407322545,AdvGARCH-BestAsymmetric,test
2023-07-26,2023-07-27,0.0856869950327944,0.43691743335125666,AdvGARCH-BestAsymmetric,test
2023-07-27,2023-07-28,0.7393945741890614,0.42957235889312845,AdvGARCH-BestAsymmetric,test
2023-07-28,2023-07-31,1.5705613280253743,0.48095166805114725,AdvGARCH-BestAsymmetric,test
2023-07-31,2023-08-01,0.191513989792846,0.5891578848443522,AdvGARCH-BestAsymmetric,test
2023-08-01,2023-08-02,0.0554319741987418,0.5917979689857612,AdvGARCH-BestAsymmetric,test
2023-08-02,2023-08-03,0.6081005379926719,0.5378876908936875,AdvGARCH-BestAsymmetric,test
2023-08-03,2023-08-04,1.5216082607669985,0.622410282481811,AdvGARCH-BestAsymmetric,test
2023-08-04,2023-08-07,1.5663427455149326,0.7188214979503366,AdvGARCH-BestAsymmetric,test
2023-08-07,2023-08-08,0.0042545072808971,0.81084204023401,AdvGARCH-BestAsymmetric,test
2023-08-08,2023-08-09,0.4429341513499315,0.6942817414287794,AdvGARCH-BestAsymmetric,test
2023-08-09,2023-08-10,1.18855521360565,0.737502918922737,AdvGARCH-BestAsymmetric,test
2023-08-10,2023-08-11,0.8946457187409982,0.8905388838079633,AdvGARCH-BestAsymmetric,test
2023-08-11,2023-08-14,0.1406576061529025,0.9078771182118329,AdvGARCH-BestAsymmetric,test
2023-08-14,2023-08-15,0.0509990332423939,0.8225442762442167,AdvGARCH-BestAsymmetric,test
2023-08-15,2023-08-16,0.5528693854620391,0.7438873164560049,AdvGARCH-BestAsymmetric,test
2023-08-16,2023-08-17,0.6237080926504832,0.7444357223197767,AdvGARCH-BestAsymmetric,test
2023-08-17,2023-08-18,21.187467781738864,0.8141929283927145,AdvGARCH-BestAsymmetric,test
2023-08-18,2023-08-21,0.0225429724444894,2.8422424015437198,AdvGARCH-BestAsymmetric,test
2023-08-21,2023-08-22,0.0038263943505654,2.3022255865978187,AdvGARCH-BestAsymmetric,test
2023-08-22,2023-08-23,0.4543048185096983,1.8658841594935838,AdvGARCH-BestAsymmetric,test
2023-08-23,2023-08-24,2.030960720400387,1.7382751315831155,AdvGARCH-BestAsymmetric,test
2023-08-24,2023-08-25,0.2574822009117362,1.7436597348959888,AdvGARCH-BestAsymmetric,test
2023-08-25,2023-08-28,2.3677711449578327,1.5808156857294329,AdvGARCH-BestAsymmetric,test
2023-08-28,2023-08-29,0.0507403600472885,1.6371783594182567,AdvGARCH-BestAsymmetric,test
2023-08-29,2023-08-30,0.521587233427783,1.3837735438932135,AdvGARCH-BestAsymmetric,test
2023-08-30,2023-08-31,0.798611626583033,1.2824341233581207,AdvGARCH-BestAsymmetric,test
2023-08-31,2023-09-05,0.790275250555677,1.2336342115212522,AdvGARCH-BestAsymmetric,test
2023-09-05,2023-09-06,0.7194907575034776,1.1914231616036073,AdvGARCH-BestAsymmetric,test
2023-09-06,2023-09-07,0.0359716287929884,1.147384993613726,AdvGARCH-BestAsymmetric,test
2023-09-07,2023-09-08,0.0178548556372743,1.0013739800573729,AdvGARCH-BestAsymmetric,test
2023-09-08,2023-09-11,2.097389099277001,0.8689407023384292,AdvGARCH-BestAsymmetric,test
2023-09-11,2023-09-12,3.1212396050656377,1.1268897313571433,AdvGARCH-BestAsymmetric,test
2023-09-12,2023-09-13,0.3222528903899724,1.2905356837881554,AdvGARCH-BestAsymmetric,test
2023-09-13,2023-09-14,1.4026151894519558,1.225341422163732,AdvGARCH-BestAsymmetric,test
2023-09-14,2023-09-15,0.0839016379792105,1.3667962778274,AdvGARCH-BestAsymmetric,test
2023-09-15,2023-09-18,1.6257299462595711,1.1812280050098491,AdvGARCH-BestAsymmetric,test
2023-09-18,2023-09-19,0.000654584074098,1.3583299726629763,AdvGARCH-BestAsymmetric,test
2023-09-19,2023-09-20,1.4369523878233037,1.126461929658819,AdvGARCH-BestAsymmetric,test
2023-09-20,2023-09-21,1.2021573804780938,1.16394783364247,AdvGARCH-BestAsymmetric,test
2023-09-21,2023-09-22,2.67951003310709,1.2821721577064207,AdvGARCH-BestAsymmetric,test
2023-09-22,2023-09-25,11.541216926620844,1.5844435365597367,AdvGARCH-BestAsymmetric,test
2023-09-25,2023-09-26,1.7698314100181254,2.7476338105242277,AdvGARCH-BestAsymmetric,test
2023-09-26,2023-09-27,1.922934467977144,2.739573302657415,AdvGARCH-BestAsymmetric,test
2023-09-27,2023-09-28,0.0151639632836694,2.5672458763921826,AdvGARCH-BestAsymmetric,test
2023-09-28,2023-09-29,0.02224231577349,2.098316227976951,AdvGARCH-BestAsymmetric,test
2023-09-29,2023-10-02,0.0090750098350391,1.728576178263132,AdvGARCH-BestAsymmetric,test
2023-10-02,2023-10-03,10.683716279206385,1.4285622264097102,AdvGARCH-BestAsymmetric,test
2023-10-03,2023-10-04,0.8853176884286172,2.5142830919751966,AdvGARCH-BestAsymmetric,test
2023-10-04,2023-10-05,1.7375339257639013,2.2569695043740166,AdvGARCH-BestAsymmetric,test
2023-10-05,2023-10-06,1.7072998751511268,2.3189586424879765,AdvGARCH-BestAsymmetric,test
2023-10-06,2023-10-09,0.6060662073826656,2.1986565887107528,AdvGARCH-BestAsymmetric,test
2023-10-09,2023-10-10,0.3080349756366544,1.9601300885449295,AdvGARCH-BestAsymmetric,test
2023-10-10,2023-10-11,0.3851648462229108,1.7139713571276025,AdvGARCH-BestAsymmetric,test
2023-10-11,2023-10-12,0.0048291522978458,1.5308599780970804,AdvGARCH-BestAsymmetric,test
2023-10-12,2023-10-13,0.0732020168306359,1.2683956731669939,AdvGARCH-BestAsymmetric,test
2023-10-13,2023-10-16,1.3440806213781142,1.0984365262813731,AdvGARCH-BestAsymmetric,test
2023-10-16,2023-10-17,3.052807721519015,1.2440258093487968,AdvGARCH-BestAsymmetric,test
2023-10-17,2023-10-18,2.691074109609036,1.5921490955401747,AdvGARCH-BestAsymmetric,test
2023-10-18,2023-10-19,2.014426845995019,1.8703543615466283,AdvGARCH-BestAsymmetric,test
2023-10-19,2023-10-20,3.37838828040453,2.0271868767468164,AdvGARCH-BestAsymmetric,test
2023-10-20,2023-10-23,1.7351918672263549,2.102116686941201,AdvGARCH-BestAsymmetric,test
2023-10-23,2023-10-24,1.2652847100550173,2.1859048497483284,AdvGARCH-BestAsymmetric,test
2023-10-24,2023-10-25,0.1475596920145903,2.0397391408165824,AdvGARCH-BestAsymmetric,test
2023-10-25,2023-10-26,18.362010800338208,1.7777494376169305,AdvGARCH-BestAsymmetric,test
2023-10-26,2023-10-27,0.2387716417217482,3.5386789524421163,AdvGARCH-BestAsymmetric,test
2023-10-27,2023-10-30,3.0025597858118136,2.9317866208534165,AdvGARCH-BestAsymmetric,test
2023-10-30,2023-10-31,1.8839681619493045,3.0891956773850975,AdvGARCH-BestAsymmetric,test
2023-10-31,2023-11-01,1.230715501580414,3.0448908443430445,AdvGARCH-BestAsymmetric,test
2023-11-01,2023-11-02,11.467731176476716,2.731049123183499,AdvGARCH-BestAsymmetric,test
2023-11-02,2023-11-03,0.0148189440021049,3.2312705728134405,AdvGARCH-BestAsymmetric,test
2023-11-03,2023-11-06,1.4138672012584073,2.591011705456997,AdvGARCH-BestAsymmetric,test
2023-11-06,2023-11-07,0.7458390495009208,2.3884097303559204,AdvGARCH-BestAsymmetric,test
2023-11-07,2023-11-08,9.129956144189087,2.239874900494719,AdvGARCH-BestAsymmetric,test
2023-11-08,2023-11-09,0.0017061233763225,2.6593434037839954,AdvGARCH-BestAsymmetric,test
2023-11-09,2023-11-10,1.2148681903111338,2.1344676406134098,AdvGARCH-BestAsymmetric,test
2023-11-10,2023-11-13,0.0213882813414155,2.1248565853971413,AdvGARCH-BestAsymmetric,test
2023-11-13,2023-11-14,0.7643879612116624,1.7636607225415821,AdvGARCH-BestAsymmetric,test
2023-11-14,2023-11-15,1.309101680363533,1.6299023308662772,AdvGARCH-BestAsymmetric,test
2023-11-15,2023-11-16,0.0726677258555493,1.5826421789989182,AdvGARCH-BestAsymmetric,test
2023-11-16,2023-11-17,4.779742663796966,1.3496912889901838,AdvGARCH-BestAsymmetric,test
2023-11-17,2023-11-20,0.0501991268589152,1.8786175859329834,AdvGARCH-BestAsymmetric,test
2023-11-20,2023-11-21,0.3772925570702379,1.573836432720329,AdvGARCH-BestAsymmetric,test
2023-11-21,2023-11-22,0.0912767762573235,1.4155548030561802,AdvGARCH-BestAsymmetric,test
2023-11-22,2023-11-23,5.291901747240125,1.2228113156391875,AdvGARCH-BestAsymmetric,test
2023-11-23,2023-11-24,0.4250871900618609,1.8069775458754165,AdvGARCH-BestAsymmetric,test
2023-11-24,2023-11-27,0.4781711175817431,1.613344989213071,AdvGARCH-BestAsymmetric,test
2023-11-27,2023-11-28,0.4557176520002135,1.5348929204389963,AdvGARCH-BestAsymmetric,test
2023-11-28,2023-11-29,0.4496265629344425,1.3969209344711349,AdvGARCH-BestAsymmetric,test
2023-11-29,2023-11-30,0.6229744807299576,1.2824950461492883,AdvGARCH-BestAsymmetric,test
2023-11-30,2023-12-01,0.5347066481770756,1.2867893567186555,AdvGARCH-BestAsymmetric,test
2023-12-01,2023-12-04,2.720585966130201,1.2036973717599042,AdvGARCH-BestAsymmetric,test
2023-12-04,2023-12-05,0.163386350982878,1.332373561574825,AdvGARCH-BestAsymmetric,test
2023-12-05,2023-12-06,0.8703691532467039,1.2117002020473733,AdvGARCH-BestAsymmetric,test
2023-12-06,2023-12-07,0.193176184914791,1.1818935063563893,AdvGARCH-BestAsymmetric,test
2023-12-07,2023-12-08,0.0690100099875838,1.097292000166341,AdvGARCH-BestAsymmetric,test
2023-12-08,2023-12-11,0.0088783019772855,0.9586713349119453,AdvGARCH-BestAsymmetric,test
2023-12-11,2023-12-12,0.0357476055077411,0.8181864534183969,AdvGARCH-BestAsymmetric,test
2023-12-12,2023-12-13,1.4355458045904153,0.7189173907265884,AdvGARCH-BestAsymmetric,test
2023-12-13,2023-12-14,0.1339218193100039,0.9045673312696024,AdvGARCH-BestAsymmetric,test
2023-12-14,2023-12-15,0.501011926570286,0.8457925403014825,AdvGARCH-BestAsymmetric,test
2023-12-15,2023-12-18,0.9021057574713134,0.8830059350183928,AdvGARCH-BestAsymmetric,test
2023-12-18,2023-12-19,0.163207316046184,0.9838418776147679,AdvGARCH-BestAsymmetric,test
2023-12-19,2023-12-20,0.1648341022859622,0.8903621694744973,AdvGARCH-BestAsymmetric,test
2023-12-20,2023-12-21,0.0229820728280408,0.8131250351981828,AdvGARCH-BestAsymmetric,test
2023-12-21,2023-12-22,0.003263855536434,0.7090762389474436,AdvGARCH-BestAsymmetric,test
2023-12-22,2023-12-25,1.728982548756669,0.6104295364217736,AdvGARCH-BestAsymmetric,test
2023-12-25,2023-12-26,0.1679675706187517,0.7220234851283907,AdvGARCH-BestAsymmetric,test
2023-12-26,2023-12-27,0.0005368687109465,0.6725914335749802,AdvGARCH-BestAsymmetric,test
2023-12-27,2023-12-28,0.3802432948523992,0.5774500476320628,AdvGARCH-BestAsymmetric,test
2023-12-28,2023-12-29,0.0078393746118935,0.5791010275170559,AdvGARCH-BestAsymmetric,test
2023-12-29,2024-01-02,0.0250562134986935,0.5080024545879774,AdvGARCH-BestAsymmetric,test
2024-01-02,2024-01-03,1.197029417048885,0.45758723910274274,AdvGARCH-BestAsymmetric,test
2024-01-03,2024-01-04,0.3258526092006003,0.5417144817510093,AdvGARCH-BestAsymmetric,test
2024-01-04,2024-01-05,0.1180208232703248,0.5411411987407739,AdvGARCH-BestAsymmetric,test
2024-01-05,2024-01-08,0.2266269824272246,0.5094416004056643,AdvGARCH-BestAsymmetric,test
2024-01-08,2024-01-09,0.0190450011331964,0.4998165416768064,AdvGARCH-BestAsymmetric,test
2024-01-09,2024-01-10,0.0646665738710911,0.45581169040092034,AdvGARCH-BestAsymmetric,test
2024-01-10,2024-01-11,0.0034252738431133,0.4251188628114794,AdvGARCH-BestAsymmetric,test
2024-01-11,2024-01-12,0.4213826457560849,0.37643101422969133,AdvGARCH-BestAsymmetric,test
2024-01-12,2024-01-15,0.0025242702278622,0.4422763716077845,AdvGARCH-BestAsymmetric,test
2024-01-15,2024-01-16,0.6034028324453893,0.3923695811552394,AdvGARCH-BestAsymmetric,test
2024-01-16,2024-01-17,0.0025743958188708,0.43510994872605935,AdvGARCH-BestAsymmetric,test
2024-01-17,2024-01-18,0.3137503773939618,0.3864546743706336,AdvGARCH-BestAsymmetric,test
2024-01-18,2024-01-19,1.120382144309341,0.40177789579767487,AdvGARCH-BestAsymmetric,test
2024-01-19,2024-01-22,0.0132345962603059,0.4834075068508487,AdvGARCH-BestAsymmetric,test
2024-01-22,2024-01-23,0.2062692888507807,0.43171780862093073,AdvGARCH-BestAsymmetric,test
2024-01-23,2024-01-24,0.1485757892019817,0.45508774761589493,AdvGARCH-BestAsymmetric,test
2024-01-24,2024-01-25,0.0492420848338565,0.4628456809438753,AdvGARCH-BestAsymmetric,test
2024-01-25,2024-01-26,0.2041467089523473,0.4393403195313216,AdvGARCH-BestAsymmetric,test
2024-01-26,2024-01-29,2.893888078905973e-06,0.43526570986363183,AdvGARCH-BestAsymmetric,test
2024-01-29,2024-01-30,0.1130691080782245,0.37858779674931,AdvGARCH-BestAsymmetric,test
2024-01-30,2024-01-31,1.7132578057426455,0.36800532795290036,AdvGARCH-BestAsymmetric,test
2024-01-31,2024-02-01,0.5554695483427156,0.5877749952473362,AdvGARCH-BestAsymmetric,test
2024-02-01,2024-02-02,0.0016060494837953,0.6074521421168165,AdvGARCH-BestAsymmetric,test
2024-02-02,2024-02-05,1.312405125307974,0.5274069009185965,AdvGARCH-BestAsymmetric,test
2024-02-05,2024-02-06,0.041546270496195,0.6154886264867208,AdvGARCH-BestAsymmetric,test
2024-02-06,2024-02-07,0.7090694435364681,0.5534484793043893,AdvGARCH-BestAsymmetric,test
2024-02-07,2024-02-15,0.10935700902328,0.5914911207526641,AdvGARCH-BestAsymmetric,test
2024-02-15,2024-02-16,0.3563698361907522,0.5505921405752873,AdvGARCH-BestAsymmetric,test
2024-02-16,2024-02-19,1.5735090531706803,0.5526590382257083,AdvGARCH-BestAsymmetric,test
2024-02-19,2024-02-20,0.1719424828204338,0.6572948742607743,AdvGARCH-BestAsymmetric,test
2024-02-20,2024-02-21,2.643713937948573e-06,0.6184492300187511,AdvGARCH-BestAsymmetric,test
2024-02-21,2024-02-22,0.0493686905262693,0.5291868467989478,AdvGARCH-BestAsymmetric,test
2024-02-22,2024-02-23,1.5757517057356472,0.49630016404692456,AdvGARCH-BestAsymmetric,test
2024-02-23,2024-02-26,0.9982359162312492,0.7040517671237968,AdvGARCH-BestAsymmetric,test
2024-02-26,2024-02-27,1.16593097532243,0.7524844611345439,AdvGARCH-BestAsymmetric,test
2024-02-27,2024-02-28,1.8813005066335944,0.810124494045942,AdvGARCH-BestAsymmetric,test
2024-02-28,2024-02-29,0.0210764395400896,0.9171137716505617,AdvGARCH-BestAsymmetric,test
2024-02-29,2024-03-01,0.1954116660389362,0.8031326387346333,AdvGARCH-BestAsymmetric,test
2024-03-01,2024-03-04,0.0617241173730905,0.7459969379669855,AdvGARCH-BestAsymmetric,test
2024-03-04,2024-03-05,0.458465682898879,0.6683589909497593,AdvGARCH-BestAsymmetric,test
2024-03-05,2024-03-06,0.3277686759141466,0.667846623255572,AdvGARCH-BestAsymmetric,test
2024-03-06,2024-03-07,0.2049845962757557,0.6915603203217147,AdvGARCH-BestAsymmetric,test
2024-03-07,2024-03-08,2.816444292658484,0.6532739937188756,AdvGARCH-BestAsymmetric,test
2024-03-08,2024-03-11,0.912721979122844,0.9930214500494327,AdvGARCH-BestAsymmetric,test
2024-03-11,2024-03-12,0.5879634369893775,1.084535885507601,AdvGARCH-BestAsymmetric,test
2024-03-12,2024-03-13,4.113946023612082,1.0408522690297182,AdvGARCH-BestAsymmetric,test
2024-03-13,2024-03-14,0.2431894157728003,1.2733391761139754,AdvGARCH-BestAsymmetric,test
2024-03-14,2024-03-15,0.0014420309906953,1.1888541099428047,AdvGARCH-BestAsymmetric,test
2024-03-15,2024-03-18,2.60144510071112,0.995646648337634,AdvGARCH-BestAsymmetric,test
2024-03-18,2024-03-19,0.0078313418483015,1.3056254687461257,AdvGARCH-BestAsymmetric,test
2024-03-19,2024-03-20,1.98300631416396,1.101643048945671,AdvGARCH-BestAsymmetric,test
2024-03-20,2024-03-21,1.659993462713211,1.1869693208004477,AdvGARCH-BestAsymmetric,test
2024-03-21,2024-03-22,0.1769090471586793,1.236040583022994,AdvGARCH-BestAsymmetric,test
2024-03-22,2024-03-25,1.1957204376691162,1.1005605547007087,AdvGARCH-BestAsymmetric,test
2024-03-25,2024-03-26,1.266685379522265,1.2243736217633254,AdvGARCH-BestAsymmetric,test
2024-03-26,2024-03-27,0.0047070525559726,1.2332589037916155,AdvGARCH-BestAsymmetric,test
2024-03-27,2024-03-28,0.3036574536281876,1.0333266869198439,AdvGARCH-BestAsymmetric,test
2024-03-28,2024-03-29,0.22386593116756,0.9575079235004151,AdvGARCH-BestAsymmetric,test
2024-03-29,2024-04-01,0.0401370314872093,0.917789869315763,AdvGARCH-BestAsymmetric,test
2024-04-01,2024-04-02,0.1847396233779287,0.8166656402264568,AdvGARCH-BestAsymmetric,test
2024-04-02,2024-04-03,1.4814046434548742,0.7554051292619416,AdvGARCH-BestAsymmetric,test
2024-04-03,2024-04-04,0.0642984527134782,0.9449307925550867,AdvGARCH-BestAsymmetric,test
2024-04-04,2024-04-05,1.084676282740752,0.8518444153908409,AdvGARCH-BestAsymmetric,test
2024-04-05,2024-04-08,0.1443776586599194,0.9823615138622842,AdvGARCH-BestAsymmetric,test
2024-04-08,2024-04-09,0.9848187145028622,0.9146329980867404,AdvGARCH-BestAsymmetric,test
2024-04-09,2024-04-10,0.1141835151805207,0.9376308882233444,AdvGARCH-BestAsymmetric,test
2024-04-10,2024-04-11,0.0008184297224042,0.8665586959378968,AdvGARCH-BestAsymmetric,test
2024-04-11,2024-04-12,2.1077713488695093,0.7357137439394353,AdvGARCH-BestAsymmetric,test
2024-04-12,2024-04-15,23.166885904173803,0.8642398389182527,AdvGARCH-BestAsymmetric,test
2024-04-15,2024-04-16,0.0058478365075764,3.073023944551754,AdvGARCH-BestAsymmetric,test
2024-04-16,2024-04-17,3.543454497340081,2.467727641900309,AdvGARCH-BestAsymmetric,test
2024-04-17,2024-04-19,2.3528631494425456,2.760752533290754,AdvGARCH-BestAsymmetric,test
2024-04-19,2024-04-22,1.6893979231324006,2.845960027755755,AdvGARCH-BestAsymmetric,test
2024-04-22,2024-04-23,1.1727907466469314,2.6279271634895096,AdvGARCH-BestAsymmetric,test
2024-04-23,2024-04-24,5.606024745553127,2.5292102072877554,AdvGARCH-BestAsymmetric,test
2024-04-24,2024-04-25,0.0028195309207452,2.696359474036166,AdvGARCH-BestAsymmetric,test
2024-04-25,2024-04-26,0.1420473024727117,2.171719566049463,AdvGARCH-BestAsymmetric,test
2024-04-26,2024-05-02,0.318006405977251,1.8394437635721168,AdvGARCH-BestAsymmetric,test
2024-05-02,2024-05-03,0.1468401316931458,1.619255057860137,AdvGARCH-BestAsymmetric,test
2024-05-03,2024-05-06,2.785560071487252,1.402678435528092,AdvGARCH-BestAsymmetric,test
2024-05-06,2024-05-07,0.3206037518220124,1.5138705775248642,AdvGARCH-BestAsymmetric,test
2024-05-07,2024-05-08,0.0214485793857184,1.3563985079096175,AdvGARCH-BestAsymmetric,test
2024-05-08,2024-05-09,0.0212146392864794,1.1454593119124863,AdvGARCH-BestAsymmetric,test
2024-05-09,2024-05-10,0.0998826714071555,0.9884385533024834,AdvGARCH-BestAsymmetric,test
2024-05-10,2024-05-13,0.1323509240296012,0.9034135000557685,AdvGARCH-BestAsymmetric,test
2024-05-13,2024-05-14,0.0623260338672244,0.8442896588206775,AdvGARCH-BestAsymmetric,test
2024-05-14,2024-05-15,0.7914504364695899,0.7497483398901812,AdvGARCH-BestAsymmetric,test
2024-05-15,2024-05-16,1.3010619376829529,0.774262079020102,AdvGARCH-BestAsymmetric,test
2024-05-16,2024-05-20,0.4777373395090949,0.8407505846014139,AdvGARCH-BestAsymmetric,test
2024-05-20,2024-05-21,0.0011865300373836,0.8193168403087404,AdvGARCH-BestAsymmetric,test
2024-05-21,2024-05-22,0.6467920233357178,0.6988556860756936,AdvGARCH-BestAsymmetric,test
2024-05-22,2024-05-23,1.2284567837418712,0.7766331301860894,AdvGARCH-BestAsymmetric,test
2024-05-23,2024-05-24,2.256648937405396,0.8369648209859581,AdvGARCH-BestAsymmetric,test
2024-05-24,2024-05-27,0.2066759953224523,1.1144068748554115,AdvGARCH-BestAsymmetric,test
2024-05-27,2024-05-28,1.2149042841979667,1.0071698784494367,AdvGARCH-BestAsymmetric,test
2024-05-28,2024-05-29,0.5065517433860525,1.0399056288941737,AdvGARCH-BestAsymmetric,test
2024-05-29,2024-05-30,0.2478473182821189,1.0539662048518574,AdvGARCH-BestAsymmetric,test
2024-05-30,2024-05-31,0.1324368158912983,1.006109719714366,AdvGARCH-BestAsymmetric,test
2024-05-31,2024-06-03,2.069054535054291,0.9303604700967543,AdvGARCH-BestAsymmetric,test
2024-06-03,2024-06-04,0.0754175541972061,1.0398851108448544,AdvGARCH-BestAsymmetric,test
2024-06-04,2024-06-05,0.0041789785238715,0.9140560664566033,AdvGARCH-BestAsymmetric,test
2024-06-05,2024-06-06,0.003785773302666,0.7775593089341774,AdvGARCH-BestAsymmetric,test
2024-06-06,2024-06-07,0.0977825492840672,0.6707584662278077,AdvGARCH-BestAsymmetric,test
2024-06-07,2024-06-10,0.0574549317651925,0.6149882709063841,AdvGARCH-BestAsymmetric,test
2024-06-10,2024-06-11,0.236389900130653,0.5579179484809322,AdvGARCH-BestAsymmetric,test
2024-06-11,2024-06-12,1.4910702380739045,0.5746212449620733,AdvGARCH-BestAsymmetric,test
2024-06-12,2024-06-13,0.0102965917651104,0.6722057764775727,AdvGARCH-BestAsymmetric,test
2024-06-13,2024-06-14,2.8007247199637466,0.5864108486909766,AdvGARCH-BestAsymmetric,test
2024-06-14,2024-06-17,0.1619251788207639,0.9235056890391468,AdvGARCH-BestAsymmetric,test
2024-06-17,2024-06-18,0.1371670063872054,0.8708536434034049,AdvGARCH-BestAsymmetric,test
2024-06-18,2024-06-19,0.0005135905111872,0.7910362530393713,AdvGARCH-BestAsymmetric,test
2024-06-19,2024-06-20,0.0383900740120223,0.6720103990557964,AdvGARCH-BestAsymmetric,test
2024-06-20,2024-06-21,0.0004769047173217,0.599390010451348,AdvGARCH-BestAsymmetric,test
2024-06-21,2024-06-24,4.841244218909869,0.5173802238652603,AdvGARCH-BestAsymmetric,test
2024-06-24,2024-06-25,0.0377795857346046,1.0451019699590116,AdvGARCH-BestAsymmetric,test
2024-06-25,2024-06-26,0.1382006989182143,0.904544906730681,AdvGARCH-BestAsymmetric,test
2024-06-26,2024-06-27,0.0291086660682599,0.8192352688109545,AdvGARCH-BestAsymmetric,test
2024-06-27,2024-06-28,1.2092769262564496,0.7286632244961899,AdvGARCH-BestAsymmetric,test
2024-06-28,2024-07-01,0.5464740769679215,0.884969944748916,AdvGARCH-BestAsymmetric,test
2024-07-01,2024-07-02,1.4560329328950323,0.8656551340628106,AdvGARCH-BestAsymmetric,test
2024-07-02,2024-07-03,0.3074231060441431,0.9352064638127496,AdvGARCH-BestAsymmetric,test
2024-07-03,2024-07-04,0.0565502378458402,0.8758937311801164,AdvGARCH-BestAsymmetric,test
2024-07-04,2024-07-05,0.0604238017679763,0.7738510657081465,AdvGARCH-BestAsymmetric,test
2024-07-05,2024-07-08,0.001641913639604,0.6910326251202981,AdvGARCH-BestAsymmetric,test
2024-07-08,2024-07-09,0.6204070574126203,0.5934300860457714,AdvGARCH-BestAsymmetric,test
2024-07-09,2024-07-10,0.3628967539784848,0.6189873651836769,AdvGARCH-BestAsymmetric,test
2024-07-10,2024-07-11,0.0277401860440043,0.6550131819369931,AdvGARCH-BestAsymmetric,test
2024-07-11,2024-07-12,0.0565767163705356,0.5915707971687669,AdvGARCH-BestAsymmetric,test
2024-07-12,2024-07-15,0.0052765811391784,0.5525068705224411,AdvGARCH-BestAsymmetric,test
2024-07-15,2024-07-16,0.011280250205691,0.4880844764634163,AdvGARCH-BestAsymmetric,test
2024-07-16,2024-07-17,0.9643834972427656,0.4345734389644513,AdvGARCH-BestAsymmetric,test
2024-07-17,2024-07-18,0.2066285309508605,0.5718942218362015,AdvGARCH-BestAsymmetric,test
2024-07-18,2024-07-19,0.5789189613600527,0.551031800951628,AdvGARCH-BestAsymmetric,test
2024-07-19,2024-07-22,0.6479469442933512,0.6301525450968275,AdvGARCH-BestAsymmetric,test
2024-07-22,2024-07-23,3.3723820037131813,0.7139388281114017,AdvGARCH-BestAsymmetric,test
2024-07-23,2024-07-24,0.2907489732326712,1.1103108377181186,AdvGARCH-BestAsymmetric,test
2024-07-24,2024-07-25,0.1825373322670373,1.019416137612588,AdvGARCH-BestAsymmetric,test
2024-07-25,2024-07-26,0.5194428542577421,0.9580377246359765,AdvGARCH-BestAsymmetric,test
2024-07-26,2024-07-29,0.1301982149615345,0.9248105005582475,AdvGARCH-BestAsymmetric,test
2024-07-29,2024-07-30,0.0152800221232259,0.8342036570455567,AdvGARCH-BestAsymmetric,test
2024-07-30,2024-07-31,0.2669893008576879,0.7304629229487153,AdvGARCH-BestAsymmetric,test
2024-07-31,2024-08-01,3.924859003099425,0.6962651054757439,AdvGARCH-BestAsymmetric,test
2024-08-01,2024-08-02,0.6124804127570632,1.1464098201674398,AdvGARCH-BestAsymmetric,test
2024-08-02,2024-08-05,16.028441731399298,1.0962476613965164,AdvGARCH-BestAsymmetric,test
2024-08-05,2024-08-06,3.4304951964000674,2.644940123084838,AdvGARCH-BestAsymmetric,test
2024-08-06,2024-08-07,0.2131074887245232,2.6306650618034646,AdvGARCH-BestAsymmetric,test
2024-08-07,2024-08-08,0.389017827650505,2.2205590527052714,AdvGARCH-BestAsymmetric,test
2024-08-08,2024-08-09,1.5873626468232618,2.0095966918310597,AdvGARCH-BestAsymmetric,test
2024-08-09,2024-08-12,0.2928717413764615,1.9295254280390646,AdvGARCH-BestAsymmetric,test
2024-08-12,2024-08-13,0.0001294788177011,1.686237794651128,AdvGARCH-BestAsymmetric,test
2024-08-13,2024-08-14,2.3780277347729983e-05,1.3782012966329462,AdvGARCH-BestAsymmetric,test
2024-08-14,2024-08-15,0.3071561671079922,1.1365216727805163,AdvGARCH-BestAsymmetric,test
2024-08-15,2024-08-16,5.364467227292595,1.0916539523686226,AdvGARCH-BestAsymmetric,test
2024-08-16,2024-08-19,0.5581057481573143,1.3924370060002824,AdvGARCH-BestAsymmetric,test
2024-08-19,2024-08-20,0.7441049789899746,1.2948471573244906,AdvGARCH-BestAsymmetric,test
2024-08-20,2024-08-21,0.8093492360217696,1.2375956644758752,AdvGARCH-BestAsymmetric,test
2024-08-21,2024-08-22,0.0097920425309074,1.1969801258918389,AdvGARCH-BestAsymmetric,test
2024-08-22,2024-08-23,0.039129459240867,1.0177627013288455,AdvGARCH-BestAsymmetric,test
2024-08-23,2024-08-26,0.1707352129175375,0.8829861177994949,AdvGARCH-BestAsymmetric,test
2024-08-26,2024-08-27,0.0017789790178368,0.8392839436960761,AdvGARCH-BestAsymmetric,test
2024-08-27,2024-08-28,0.0047191862628622,0.7138422890606635,AdvGARCH-BestAsymmetric,test
2024-08-28,2024-08-29,5.480696959213411e-06,0.6159328197426686,AdvGARCH-BestAsymmetric,test
2024-08-29,2024-08-30,0.0350100605836961,0.5271334439425558,AdvGARCH-BestAsymmetric,test
2024-08-30,2024-09-04,0.3975959773479832,0.47725794500551066,AdvGARCH-BestAsymmetric,test
2024-09-04,2024-09-05,0.3560479520225069,0.5325722623587505,AdvGARCH-BestAsymmetric,test
2024-09-05,2024-09-06,0.2046388013312271,0.5758151892477763,AdvGARCH-BestAsymmetric,test
2024-09-06,2024-09-09,0.2403215208141221,0.5541053768953089,AdvGARCH-BestAsymmetric,test
2024-09-09,2024-09-10,0.9818980427278184,0.5720934438037601,AdvGARCH-BestAsymmetric,test
2024-09-10,2024-09-11,0.0244199123086784,0.707010810739989,AdvGARCH-BestAsymmetric,test
2024-09-11,2024-09-12,0.0602484567361687,0.6327314527962349,AdvGARCH-BestAsymmetric,test
2024-09-12,2024-09-13,0.1369055643032899,0.5735731275621408,AdvGARCH-BestAsymmetric,test
2024-09-13,2024-09-16,0.9992379796047328,0.563918371003958,AdvGARCH-BestAsymmetric,test
2024-09-16,2024-09-17,2.484914926701652,0.7014767287864282,AdvGARCH-BestAsymmetric,test
2024-09-17,2024-09-18,0.2223148391601984,0.8565243043898826,AdvGARCH-BestAsymmetric,test
2024-09-18,2024-09-19,0.2523387575730195,0.7956720246579113,AdvGARCH-BestAsymmetric,test
2024-09-19,2024-09-20,0.003666425548263,0.7493966582142412,AdvGARCH-BestAsymmetric,test
2024-09-20,2024-09-23,0.0785444168047104,0.6437325275528825,AdvGARCH-BestAsymmetric,test
2024-09-23,2024-09-24,0.447081172927798,0.6055616945275502,AdvGARCH-BestAsymmetric,test
2024-09-24,2024-09-25,0.6692996014919499,0.6115363842538531,AdvGARCH-BestAsymmetric,test
2024-09-25,2024-09-26,0.0967067651015831,0.6398852956490453,AdvGARCH-BestAsymmetric,test
2024-09-26,2024-09-27,0.0019487643545271,0.5887637868123768,AdvGARCH-BestAsymmetric,test
2024-09-27,2024-09-30,0.0534118196752501,0.5128010324984769,AdvGARCH-BestAsymmetric,test
2024-09-30,2024-10-01,0.1090419063191174,0.48396510255178904,AdvGARCH-BestAsymmetric,test
2024-10-01,2024-10-02,0.1142301950532245,0.45867824338399493,AdvGARCH-BestAsymmetric,test
2024-10-02,2024-10-03,0.5763536966008403,0.45703270880590696,AdvGARCH-BestAsymmetric,test
2024-10-03,2024-10-04,0.3463758362975216,0.541826510883996,AdvGARCH-BestAsymmetric,test
2024-10-04,2024-10-07,0.0027820245719093,0.5824080415169202,AdvGARCH-BestAsymmetric,test
2024-10-07,2024-10-08,0.0260164216385025,0.5091614412489025,AdvGARCH-BestAsymmetric,test
2024-10-08,2024-10-09,0.5974680039460253,0.45893152975533963,AdvGARCH-BestAsymmetric,test
2024-10-09,2024-10-10,0.1233539050383977,0.4956630820639399,AdvGARCH-BestAsymmetric,test
2024-10-10,2024-10-11,0.0248646364370185,0.47142924884316717,AdvGARCH-BestAsymmetric,test
2024-10-11,2024-10-14,0.0253573876734088,0.4267526187805451,AdvGARCH-BestAsymmetric,test
2024-10-14,2024-10-15,0.1678954221921946,0.3974040666649453,AdvGARCH-BestAsymmetric,test
2024-10-15,2024-10-16,0.0156181703703392,0.4157459099688294,AdvGARCH-BestAsymmetric,test
2024-10-16,2024-10-17,0.301088511662053,0.38227886334046046,AdvGARCH-BestAsymmetric,test
2024-10-17,2024-10-18,0.0067941729317095,0.3966028069050525,AdvGARCH-BestAsymmetric,test
2024-10-18,2024-10-21,0.1968037312439634,0.3591375976788174,AdvGARCH-BestAsymmetric,test
2024-10-21,2024-10-22,0.6006392197446851,0.3871015830658101,AdvGARCH-BestAsymmetric,test
2024-10-22,2024-10-23,0.0063207009295036,0.4785622054195319,AdvGARCH-BestAsymmetric,test
2024-10-23,2024-10-24,1.1387581243922995,0.42345562019279026,AdvGARCH-BestAsymmetric,test
2024-10-24,2024-10-25,0.1396414208283497,0.5817525644232324,AdvGARCH-BestAsymmetric,test
2024-10-25,2024-10-28,0.0267355724555891,0.5718000645922391,AdvGARCH-BestAsymmetric,test
2024-10-28,2024-10-29,0.310375295938392,0.511632266523078,AdvGARCH-BestAsymmetric,test
2024-10-29,2024-10-30,0.0624797327224918,0.5127842204934996,AdvGARCH-BestAsymmetric,test
2024-10-30,2024-10-31,0.2150309186038439,0.48750844789497344,AdvGARCH-BestAsymmetric,test
2024-10-31,2024-11-01,0.5795854757810541,0.47902299395631465,AdvGARCH-BestAsymmetric,test
2024-11-01,2024-11-04,0.6634669865085588,0.5630324873692767,AdvGARCH-BestAsymmetric,test
2024-11-04,2024-11-05,0.0071101049569573,0.6541548864891574,AdvGARCH-BestAsymmetric,test
2024-11-05,2024-11-06,1.532964136157592,0.5692512406721743,AdvGARCH-BestAsymmetric,test
2024-11-06,2024-11-07,0.0147328555936719,0.6700927461568129,AdvGARCH-BestAsymmetric,test
2024-11-07,2024-11-08,0.3276224769794669,0.5949471027261224,AdvGARCH-BestAsymmetric,test
2024-11-08,2024-11-11,0.0320387972398517,0.6266119265563204,AdvGARCH-BestAsymmetric,test
2024-11-11,2024-11-12,0.1943555469915317,0.5703127686012873,AdvGARCH-BestAsymmetric,test
2024-11-12,2024-11-13,0.0095957977358447,0.5759205077504457,AdvGARCH-BestAsymmetric,test
2024-11-13,2024-11-14,1.304380342114139,0.5065817304450287,AdvGARCH-BestAsymmetric,test
2024-11-14,2024-11-15,1.1819027969632745,0.6834033980384259,AdvGARCH-BestAsymmetric,test
2024-11-15,2024-11-18,0.0141759467193479,0.8387358648502559,AdvGARCH-BestAsymmetric,test
2024-11-18,2024-11-19,0.9768103702203697,0.7331562679510533,AdvGARCH-BestAsymmetric,test
2024-11-19,2024-11-20,0.8848644501514296,0.8575949912961622,AdvGARCH-BestAsymmetric,test
2024-11-20,2024-11-21,0.9302138287758972,0.8781085280574414,AdvGARCH-BestAsymmetric,test
2024-11-21,2024-11-22,0.0003506766753295,0.9004479093820504,AdvGARCH-BestAsymmetric,test
2024-11-22,2024-11-25,0.2872709111767263,0.7607824371311196,AdvGARCH-BestAsymmetric,test
2024-11-25,2024-11-26,0.3599546809656788,0.7251681644697812,AdvGARCH-BestAsymmetric,test
2024-11-26,2024-11-27,0.0001659440969947,0.7048785056928317,AdvGARCH-BestAsymmetric,test
2024-11-27,2024-11-28,0.0001270529950301,0.6016778687306935,AdvGARCH-BestAsymmetric,test
2024-11-28,2024-11-29,0.4488915850595839,0.5166448434532376,AdvGARCH-BestAsymmetric,test
2024-11-29,2024-12-02,0.0035951954303536,0.5330569836495971,AdvGARCH-BestAsymmetric,test
2024-12-02,2024-12-03,0.0121780282468158,0.46634835792449053,AdvGARCH-BestAsymmetric,test
2024-12-03,2024-12-04,0.5723787875208138,0.4227010379063963,AdvGARCH-BestAsymmetric,test
2024-12-04,2024-12-05,4.677770763753511,0.5086863081004388,AdvGARCH-BestAsymmetric,test
2024-12-05,2024-12-06,0.0423127275118428,0.7866983270291728,AdvGARCH-BestAsymmetric,test
2024-12-06,2024-12-09,0.0846129168166276,0.6955770193012351,AdvGARCH-BestAsymmetric,test
2024-12-09,2024-12-10,0.019333949066393,0.6326266232462378,AdvGARCH-BestAsymmetric,test
2024-12-10,2024-12-11,0.0638388590450149,0.5673721553865134,AdvGARCH-BestAsymmetric,test
2024-12-11,2024-12-12,0.0141789335558376,0.534825411399129,AdvGARCH-BestAsymmetric,test
2024-12-12,2024-12-13,0.1427917911928931,0.4818340488783241,AdvGARCH-BestAsymmetric,test
2024-12-13,2024-12-16,0.0093280152446342,0.4850812084519729,AdvGARCH-BestAsymmetric,test
2024-12-16,2024-12-17,0.0268721671219935,0.43091605281424766,AdvGARCH-BestAsymmetric,test
2024-12-17,2024-12-18,0.1146807250456102,0.4017645731576027,AdvGARCH-BestAsymmetric,test
2024-12-18,2024-12-19,0.8081531599464532,0.38853432481338523,AdvGARCH-BestAsymmetric,test
2024-12-19,2024-12-20,0.0507615856480591,0.5072516210735428,AdvGARCH-BestAsymmetric,test
2024-12-20,2024-12-23,0.1742376670775678,0.46530264154479056,AdvGARCH-BestAsymmetric,test
2024-12-23,2024-12-24,0.0361915284275727,0.4536241641694198,AdvGARCH-BestAsymmetric,test
2024-12-24,2024-12-25,1.1654410256024177,0.42578199690830565,AdvGARCH-BestAsymmetric,test
2024-12-25,2024-12-26,0.0084412075502873,0.5093820093312877,AdvGARCH-BestAsymmetric,test
2024-12-26,2024-12-27,0.0317475107765902,0.45561713202563847,AdvGARCH-BestAsymmetric,test
2024-12-27,2024-12-30,0.0600146339677672,0.4158337417365533,AdvGARCH-BestAsymmetric,test
2024-12-30,2024-12-31,0.1703989127600233,0.4026750649861909,AdvGARCH-BestAsymmetric,test
2024-12-31,2025-01-02,0.0533739456959429,0.42106229094857506,AdvGARCH-BestAsymmetric,test
2025-01-02,2025-01-03,1.435132590022104,0.39260932507403207,AdvGARCH-BestAsymmetric,test
2025-01-03,2025-01-06,0.4342211890889308,0.583850911111371,AdvGARCH-BestAsymmetric,test
2025-01-06,2025-01-07,0.037939050469307,0.6364216821170796,AdvGARCH-BestAsymmetric,test
2025-01-07,2025-01-08,0.032117795831564,0.5696584793946832,AdvGARCH-BestAsymmetric,test
2025-01-08,2025-01-09,0.1768543904547769,0.5118900849356637,AdvGARCH-BestAsymmetric,test
2025-01-09,2025-01-10,1.525095444996381,0.52012633793761,AdvGARCH-BestAsymmetric,test
2025-01-10,2025-01-13,0.175796578127988,0.7221331216827834,AdvGARCH-BestAsymmetric,test
2025-01-13,2025-01-14,0.2850878204367433,0.6741233905601085,AdvGARCH-BestAsymmetric,test
2025-01-14,2025-01-15,0.3327205813226502,0.6880655707614327,AdvGARCH-BestAsymmetric,test
2025-01-15,2025-01-16,0.2486834462527659,0.6692809371764027,AdvGARCH-BestAsymmetric,test
2025-01-16,2025-01-17,0.293601545819197,0.6411806994630115,AdvGARCH-BestAsymmetric,test
2025-01-17,2025-01-20,0.0012403693451998,0.6234937353159472,AdvGARCH-BestAsymmetric,test
2025-01-20,2025-01-21,0.0768862836866478,0.5375862402608512,AdvGARCH-BestAsymmetric,test
2025-01-21,2025-01-22,0.0818546593881995,0.5141079734727904,AdvGARCH-BestAsymmetric,test
2025-01-22,2025-01-23,1.8682525367895249,0.49554911289258674,AdvGARCH-BestAsymmetric,test
2025-01-23,2025-01-24,0.1843517308365074,0.6220890115959026,AdvGARCH-BestAsymmetric,test
2025-01-24,2025-02-04,0.0008556873339296,0.5905616253754168,AdvGARCH-BestAsymmetric,test
2025-02-04,2025-02-05,0.1513708695410532,0.5115151525806326,AdvGARCH-BestAsymmetric,test
2025-02-05,2025-02-06,0.0216622352028634,0.4900249850558333,AdvGARCH-BestAsymmetric,test
2025-02-06,2025-02-07,0.0853488617566438,0.4411336553122151,AdvGARCH-BestAsymmetric,test
2025-02-07,2025-02-10,0.8849819273953393,0.41710021873055225,AdvGARCH-BestAsymmetric,test
2025-02-10,2025-02-11,0.168100114678953,0.5449194206603551,AdvGARCH-BestAsymmetric,test
2025-02-11,2025-02-12,0.0147578221185138,0.5216271481617074,AdvGARCH-BestAsymmetric,test
2025-02-12,2025-02-13,0.0735271043646943,0.47119828199958963,AdvGARCH-BestAsymmetric,test
2025-02-13,2025-02-14,0.2025383263760581,0.4403396500651324,AdvGARCH-BestAsymmetric,test
2025-02-14,2025-02-17,0.0695132401561259,0.43591902385502174,AdvGARCH-BestAsymmetric,test
2025-02-17,2025-02-18,0.1805870585568251,0.4234769461968345,AdvGARCH-BestAsymmetric,test
2025-02-18,2025-02-19,0.6592497592052439,0.41796330487465067,AdvGARCH-BestAsymmetric,test
2025-02-19,2025-02-20,0.1172593983298531,0.46352952344616744,AdvGARCH-BestAsymmetric,test
2025-02-20,2025-02-21,0.0847684671072922,0.4426009534314786,AdvGARCH-BestAsymmetric,test
2025-02-21,2025-02-24,0.3605624100663593,0.41824345168390864,AdvGARCH-BestAsymmetric,test
2025-02-24,2025-02-25,0.0115290687889239,0.43551441370132843,AdvGARCH-BestAsymmetric,test
2025-02-25,2025-02-26,0.0002355760665946,0.3961410465123351,AdvGARCH-BestAsymmetric,test
2025-02-26,2025-02-27,0.1374731263687118,0.3482639500378336,AdvGARCH-BestAsymmetric,test
2025-02-27,2025-02-28,0.0348744922200793,0.34524361060635267,AdvGARCH-BestAsymmetric,test
2025-02-28,2025-03-03,0.0940796554023008,0.3314681454963936,AdvGARCH-BestAsymmetric,test
2025-03-03,2025-03-04,0.0375578625820462,0.32335793922130696,AdvGARCH-BestAsymmetric,test
2025-03-04,2025-03-05,0.3028627512498273,0.30436428355283424,AdvGARCH-BestAsymmetric,test
2025-03-05,2025-03-06,1.0612188848677555,0.3551502769815702,AdvGARCH-BestAsymmetric,test
2025-03-06,2025-03-07,0.350731246280503,0.4346624408784714,AdvGARCH-BestAsymmetric,test
2025-03-07,2025-03-10,0.1014325645495789,0.4491786035295748,AdvGARCH-BestAsymmetric,test
2025-03-10,2025-03-11,0.0288133302998629,0.42724249747443144,AdvGARCH-BestAsymmetric,test
2025-03-11,2025-03-12,0.0196658897235791,0.3907906058923504,AdvGARCH-BestAsymmetric,test
2025-03-12,2025-03-13,0.3743917074856848,0.35651077143456456,AdvGARCH-BestAsymmetric,test
2025-03-13,2025-03-14,8.187247062994656e-05,0.4160713969123914,AdvGARCH-BestAsymmetric,test
2025-03-14,2025-03-17,0.5767885171931181,0.363895561406043,AdvGARCH-BestAsymmetric,test
2025-03-17,2025-03-18,0.157344490226044,0.4064338071866418,AdvGARCH-BestAsymmetric,test
2025-03-18,2025-03-19,0.2279894954046255,0.421474331554399,AdvGARCH-BestAsymmetric,test
2025-03-19,2025-03-20,0.0027940647092661,0.4503013306271338,AdvGARCH-BestAsymmetric,test
2025-03-20,2025-03-21,0.0240132299745747,0.3995110141761752,AdvGARCH-BestAsymmetric,test
2025-03-21,2025-03-24,0.4050748456224285,0.3733325363401273,AdvGARCH-BestAsymmetric,test
2025-03-24,2025-03-25,0.0144479307849922,0.39942200391373955,AdvGARCH-BestAsymmetric,test
2025-03-25,2025-03-26,0.1924355354900559,0.36162994566826945,AdvGARCH-BestAsymmetric,test
2025-03-26,2025-03-27,0.0296122174159068,0.3884938264984902,AdvGARCH-BestAsymmetric,test
2025-03-27,2025-03-28,0.2311977047112736,0.36665382867366747,AdvGARCH-BestAsymmetric,test
2025-03-28,2025-03-31,0.652593682196234,0.40077685045904005,AdvGARCH-BestAsymmetric,test
2025-03-31,2025-04-01,0.6367477385533009,0.4988677168991249,AdvGARCH-BestAsymmetric,test
2025-04-01,2025-04-02,0.0014400780515298,0.535537852274282,AdvGARCH-BestAsymmetric,test
2025-04-02,2025-04-03,47.7513682523715,0.4656975166249742,AdvGARCH-BestAsymmetric,test
2025-04-03,2025-04-04,2.4680894659320427,6.755094828333013,AdvGARCH-BestAsymmetric,test
2025-04-04,2025-04-08,44.20961209050503,6.1111632900545585,AdvGARCH-BestAsymmetric,test
2025-04-08,2025-04-09,11.94996872052983,9.922999054996838,AdvGARCH-BestAsymmetric,test
2025-04-09,2025-04-10,42.861963107094255,10.113153028970935,AdvGARCH-BestAsymmetric,test
2025-04-10,2025-04-11,20.5039468602513,11.274854235160769,AdvGARCH-BestAsymmetric,test
2025-04-11,2025-04-14,2.373686902735611,10.909324720342887,AdvGARCH-BestAsymmetric,test
2025-04-14,2025-04-15,1.222393557661562,8.922080161920608,AdvGARCH-BestAsymmetric,test
2025-04-15,2025-04-16,2.0585197770339483,7.464246273858652,AdvGARCH-BestAsymmetric,test
2025-04-16,2025-04-17,0.3278654140280428,6.574534845486387,AdvGARCH-BestAsymmetric,test
2025-04-17,2025-04-18,0.0235644272572965,5.2543283993447805,AdvGARCH-BestAsymmetric,test
2025-04-18,2025-04-21,0.9867147275211472,4.11780420566027,AdvGARCH-BestAsymmetric,test
2025-04-21,2025-04-22,0.6837487157170882,3.6925898967935558,AdvGARCH-BestAsymmetric,test
2025-04-22,2025-04-23,1.3269747595182129,3.2738460952862933,AdvGARCH-BestAsymmetric,test
2025-04-23,2025-04-24,1.029521260921247,2.9269584383617273,AdvGARCH-BestAsymmetric,test
2025-04-24,2025-04-25,0.2299163958338018,2.6086244846428026,AdvGARCH-BestAsymmetric,test
2025-04-25,2025-04-28,0.0391566462219492,2.2080221814516783,AdvGARCH-BestAsymmetric,test
2025-04-28,2025-04-29,0.0016617646152264,1.8461921315451122,AdvGARCH-BestAsymmetric,test
2025-04-29,2025-05-05,1.2432686189181044,1.5125918647333036,AdvGARCH-BestAsymmetric,test
2025-05-05,2025-05-06,0.0234403346988041,1.47683257438761,AdvGARCH-BestAsymmetric,test
2025-05-06,2025-05-07,0.4565410925067849,1.2422634858002874,AdvGARCH-BestAsymmetric,test
2025-05-07,2025-05-08,2.377733233918144,1.1553988100818728,AdvGARCH-BestAsymmetric,test
2025-05-08,2025-05-09,0.0388387388391833,1.2645094239192638,AdvGARCH-BestAsymmetric,test
2025-05-09,2025-05-12,1.5662677776101377,1.0980312132122576,AdvGARCH-BestAsymmetric,test
2025-05-12,2025-05-13,0.6231348828577624,1.150198153609082,AdvGARCH-BestAsymmetric,test
2025-05-13,2025-05-14,1.5683566422405055,1.1007829004967096,AdvGARCH-BestAsymmetric,test
2025-05-14,2025-05-15,0.0700077382080358,1.1527905583277065,AdvGARCH-BestAsymmetric,test
2025-05-15,2025-05-16,0.816128421348678,1.0039948424322853,AdvGARCH-BestAsymmetric,test
2025-05-16,2025-05-19,0.1541807515116988,1.0786758455921732,AdvGARCH-BestAsymmetric,test
2025-05-19,2025-05-20,2.0864038037366446,0.998445838461968,AdvGARCH-BestAsymmetric,test
2025-05-20,2025-05-21,0.3586751908572574,1.1025622199354852,AdvGARCH-BestAsymmetric,test
2025-05-21,2025-05-22,0.4879763310352334,1.0241197981965946,AdvGARCH-BestAsymmetric,test
2025-05-22,2025-05-23,0.0022258378145528,1.036499731466853,AdvGARCH-BestAsymmetric,test
2025-05-23,2025-05-26,1.8600723156803831,0.872964584559305,AdvGARCH-BestAsymmetric,test
2025-05-26,2025-05-27,0.2984907987188625,0.9727197048577919,AdvGARCH-BestAsymmetric,test
2025-05-27,2025-05-28,0.0236037331895616,0.9059663085854863,AdvGARCH-BestAsymmetric,test
2025-05-28,2025-05-29,5.553699144539498e-07,0.7850352164435214,AdvGARCH-BestAsymmetric,test
2025-05-29,2025-05-30,0.4795271728756022,0.6640435648279013,AdvGARCH-BestAsymmetric,test
2025-05-30,2025-06-02,0.0768775248909457,0.7169670918502138,AdvGARCH-BestAsymmetric,test
2025-06-02,2025-06-03,0.6659991384313828,0.6484917670927128,AdvGARCH-BestAsymmetric,test
2025-06-03,2025-06-04,0.0125760569530384,0.6724424163366363,AdvGARCH-BestAsymmetric,test
2025-06-04,2025-06-05,0.0737636944522696,0.5950246208098495,AdvGARCH-BestAsymmetric,test
2025-06-05,2025-06-06,0.8339101934074882,0.5622431012774333,AdvGARCH-BestAsymmetric,test
2025-06-06,2025-06-09,2.1415615006193414,0.6777838411480218,AdvGARCH-BestAsymmetric,test
2025-06-09,2025-06-10,0.1857120921961249,0.9464422930500079,AdvGARCH-BestAsymmetric,test
2025-06-10,2025-06-11,0.0061284527471124,0.8639802337320566,AdvGARCH-BestAsymmetric,test
2025-06-11,2025-06-12,0.348758893746006,0.7446279378541705,AdvGARCH-BestAsymmetric,test
2025-06-12,2025-06-13,0.3232043851233978,0.7200984596570607,AdvGARCH-BestAsymmetric,test
2025-06-13,2025-06-16,2.90666722935662,0.736740556052321,AdvGARCH-BestAsymmetric,test
2025-06-16,2025-06-17,0.5089174637565245,0.9156817996779005,AdvGARCH-BestAsymmetric,test
2025-06-17,2025-06-18,0.0040746855610125,0.8873602174411418,AdvGARCH-BestAsymmetric,test
2025-06-18,2025-06-19,0.1490639362511987,0.7603327743390911,AdvGARCH-BestAsymmetric,test
2025-06-19,2025-06-20,0.0396634294929435,0.701211415967489,AdvGARCH-BestAsymmetric,test
2025-06-20,2025-06-23,0.4254396112184308,0.6369302581044298,AdvGARCH-BestAsymmetric,test
2025-06-23,2025-06-24,0.3974954121903902,0.6365375970613473,AdvGARCH-BestAsymmetric,test
2025-06-24,2025-06-25,2.141289912653593e-06,0.6328616334585725,AdvGARCH-BestAsymmetric,test
2025-06-25,2025-06-26,0.0062490303873797,0.5409010410116939,AdvGARCH-BestAsymmetric,test
2025-06-26,2025-06-27,0.1777576915183636,0.4796077167951678,AdvGARCH-BestAsymmetric,test
2025-06-27,2025-06-30,0.1135910808511721,0.4666261850487888,AdvGARCH-BestAsymmetric,test
2025-06-30,2025-07-01,0.0165236945249244,0.44459929811975574,AdvGARCH-BestAsymmetric,test
2025-07-01,2025-07-02,0.2388288030529801,0.40071833714522415,AdvGARCH-BestAsymmetric,test
2025-07-02,2025-07-03,0.0361488680610222,0.40570558922901717,AdvGARCH-BestAsymmetric,test
2025-07-03,2025-07-04,0.1309520910154639,0.3845123074391955,AdvGARCH-BestAsymmetric,test
2025-07-04,2025-07-07,1.1709559965363006,0.3761663350703004,AdvGARCH-BestAsymmetric,test
2025-07-07,2025-07-08,0.904778187332118,0.4623122819815985,AdvGARCH-BestAsymmetric,test
2025-07-08,2025-07-09,1.241559484315582,0.5245353618907859,AdvGARCH-BestAsymmetric,test
2025-07-09,2025-07-10,0.9910271514632224,0.6077208496606477,AdvGARCH-BestAsymmetric,test
2025-07-10,2025-07-11,0.6970381226212395,0.6649596335824189,AdvGARCH-BestAsymmetric,test
2025-07-11,2025-07-14,0.7477170344432008,0.6900923384001307,AdvGARCH-BestAsymmetric,test
2025-07-14,2025-07-15,0.4444265080916222,0.7172846427322509,AdvGARCH-BestAsymmetric,test
2025-07-15,2025-07-16,0.1995824056263008,0.7583266499210387,AdvGARCH-BestAsymmetric,test
2025-07-16,2025-07-17,2.3820294026445814,0.7089625669675096,AdvGARCH-BestAsymmetric,test
2025-07-17,2025-07-18,0.2369058350764768,0.8570962213736034,AdvGARCH-BestAsymmetric,test
2025-07-18,2025-07-21,0.6726766922283197,0.7986752442340288,AdvGARCH-BestAsymmetric,test
2025-07-21,2025-07-22,2.6753597330452594,0.8712272751186737,AdvGARCH-BestAsymmetric,test
2025-07-22,2025-07-23,0.033610422134737,1.027097432442389,AdvGARCH-BestAsymmetric,test
2025-07-23,2025-07-24,0.3298066193429415,0.8881066973797397,AdvGARCH-BestAsymmetric,test
2025-07-24,2025-07-25,0.4388880259346913,0.8395977618385955,AdvGARCH-BestAsymmetric,test
2025-07-25,2025-07-28,2.898363616722053,0.8134119530974104,AdvGARCH-BestAsymmetric,test
2025-07-28,2025-07-29,17.613558540836202,0.9873885671803139,AdvGARCH-BestAsymmetric,test
2025-07-29,2025-07-30,0.8980946651524866,2.6756943056279625,AdvGARCH-BestAsymmetric,test
2025-07-30,2025-07-31,0.1152726694915896,2.3884161731348104,AdvGARCH-BestAsymmetric,test
2025-07-31,2025-08-01,0.1152726694915833,2.038179897712198,AdvGARCH-BestAsymmetric,test
2025-08-01,2025-08-04,1.834710119502004,1.7255098880254878,AdvGARCH-BestAsymmetric,test
2025-08-04,2025-08-05,1.520412348936557,1.7149592715212296,AdvGARCH-BestAsymmetric,test
2025-08-05,2025-08-06,2.8972670658789563,1.6758338665040613,AdvGARCH-BestAsymmetric,test
2025-08-06,2025-08-07,0.2635664108766646,1.7614142018316397,AdvGARCH-BestAsymmetric,test
2025-08-07,2025-08-08,0.039326859883716,1.5450827255135098,AdvGARCH-BestAsymmetric,test
2025-08-08,2025-08-11,0.9422556417684452,1.3053256554978716,AdvGARCH-BestAsymmetric,test
2025-08-11,2025-08-12,0.2369869845385009,1.2692979754634013,AdvGARCH-BestAsymmetric,test
2025-08-12,2025-08-13,0.0440788772156527,1.1405057538928107,AdvGARCH-BestAsymmetric,test
2025-08-13,2025-08-14,3.200310161092739,0.9843119306515141,AdvGARCH-BestAsymmetric,test
2025-08-14,2025-08-15,0.4273067256056122,1.1651268464964335,AdvGARCH-BestAsymmetric,test
2025-08-15,2025-08-18,0.1521280158050796,1.1448153283497429,AdvGARCH-BestAsymmetric,test
2025-08-18,2025-08-19,1.174434797614126,1.020290282226096,AdvGARCH-BestAsymmetric,test
2025-08-19,2025-08-20,0.3749305014941085,1.0476803407376616,AdvGARCH-BestAsymmetric,test
2025-08-20,2025-08-21,1.989152286945736,0.9807130628678296,AdvGARCH-BestAsymmetric,test
2025-08-21,2025-08-22,6.511855987425645,1.0794389551206551,AdvGARCH-BestAsymmetric,test
2025-08-22,2025-08-25,3.721774310323592,1.7813371601799972,AdvGARCH-BestAsymmetric,test
2025-08-25,2025-08-26,10.672831463331164,2.167555500268365,AdvGARCH-BestAsymmetric,test
2025-08-26,2025-08-27,0.1033600134238672,2.678553913188061,AdvGARCH-BestAsymmetric,test
2025-08-27,2025-08-28,0.2196933006813634,2.221077074006378,AdvGARCH-BestAsymmetric,test
2025-08-28,2025-08-29,0.0064454873601164,1.9006312290906426,AdvGARCH-BestAsymmetric,test
2025-08-29,2025-09-03,0.0029279074904991,1.5595206751356192,AdvGARCH-BestAsymmetric,test
2025-09-03,2025-09-04,0.7878709714332047,1.2926397069688105,AdvGARCH-BestAsymmetric,test
2025-09-04,2025-09-05,3.0401082196490887,1.240977382960588,AdvGARCH-BestAsymmetric,test
2025-09-05,2025-09-08,6.650758234823594,1.5878366254288312,AdvGARCH-BestAsymmetric,test
2025-09-08,2025-09-09,0.6150034620566089,2.2962295435056683,AdvGARCH-BestAsymmetric,test
2025-09-09,2025-09-10,0.1311392104891743,2.040014505043437,AdvGARCH-BestAsymmetric,test
2025-09-10,2025-09-11,0.7707413531131861,1.7322221839194663,AdvGARCH-BestAsymmetric,test
2025-09-11,2025-09-12,0.3272182232185671,1.6048809213128556,AdvGARCH-BestAsymmetric,test
2025-09-12,2025-09-15,1.1076835127457196,1.4316328355672394,AdvGARCH-BestAsymmetric,test
2025-09-15,2025-09-16,0.0564941879844652,1.394132720059041,AdvGARCH-BestAsymmetric,test
2025-09-16,2025-09-17,0.3510643230345384,1.2138369707290355,AdvGARCH-BestAsymmetric,test
2025-09-17,2025-09-18,0.1204832995414096,1.168142311364622,AdvGARCH-BestAsymmetric,test
2025-09-18,2025-09-19,0.1558113286329437,1.0603070129725123,AdvGARCH-BestAsymmetric,test
2025-09-19,2025-09-22,2.1548992233102013,0.9836746770322937,AdvGARCH-BestAsymmetric,test
2025-09-22,2025-09-23,0.0024547743448737,1.2426115142421428,AdvGARCH-BestAsymmetric,test
2025-09-23,2025-09-24,1.8183165781347828,1.0373304544261375,AdvGARCH-BestAsymmetric,test
2025-09-24,2025-09-25,0.2696988542084727,1.1170191475464142,AdvGARCH-BestAsymmetric,test
2025-09-25,2025-09-26,0.1049995667244043,1.0212796107166733,AdvGARCH-BestAsymmetric,test
2025-09-26,2025-09-29,0.1207157531709924,0.9327178105674193,AdvGARCH-BestAsymmetric,test
2025-09-29,2025-09-30,0.0825092745825899,0.8385042639844851,AdvGARCH-BestAsymmetric,test
2025-09-30,2025-10-01,0.0405610853854958,0.7714001347703855,AdvGARCH-BestAsymmetric,test
2025-10-01,2025-10-02,0.5533556929381476,0.6823353650339161,AdvGARCH-BestAsymmetric,test
2025-10-02,2025-10-03,0.1745254722126338,0.7462457556688336,AdvGARCH-BestAsymmetric,test
2025-10-03,2025-10-06,8.84404690494525,0.7237020694231802,AdvGARCH-BestAsymmetric,test
2025-10-06,2025-10-07,0.3641027934298682,1.2035307263098327,AdvGARCH-BestAsymmetric,test
2025-10-07,2025-10-08,0.5486921315455813,1.1626381975786249,AdvGARCH-BestAsymmetric,test
2025-10-08,2025-10-09,1.1922218605244943,1.10168056302185,AdvGARCH-BestAsymmetric,test
2025-10-09,2025-10-10,3.220212549761636,1.120151315128986,AdvGARCH-BestAsymmetric,test
2025-10-10,2025-10-13,1.0007740943267542,1.2909174642840258,AdvGARCH-BestAsymmetric,test
2025-10-13,2025-10-14,0.0530277849803774,1.2634170690627913,AdvGARCH-BestAsymmetric,test
2025-10-14,2025-10-15,0.0312420838438003,1.1062053522752122,AdvGARCH-BestAsymmetric,test
2025-10-15,2025-10-16,0.2550192069697773,0.9646673178999492,AdvGARCH-BestAsymmetric,test
2025-10-16,2025-10-17,4.157221997254808,0.891962687845679,AdvGARCH-BestAsymmetric,test
2025-10-17,2025-10-20,31.687885302040943,1.3672569972780622,AdvGARCH-BestAsymmetric,test
2025-10-20,2025-10-21,2.6780326889178614,4.300840014250395,AdvGARCH-BestAsymmetric,test
2025-10-21,2025-10-22,0.8133878588699036,3.9093051828345424,AdvGARCH-BestAsymmetric,test
2025-10-22,2025-10-23,0.2587585559528909,3.347891047478681,AdvGARCH-BestAsymmetric,test
2025-10-23,2025-10-24,0.053015415411533,2.790706002716625,AdvGARCH-BestAsymmetric,test
2025-10-24,2025-10-27,3.375069844215606,2.3109434393434145,AdvGARCH-BestAsymmetric,test
2025-10-27,2025-10-28,2.814969211801454,2.600680965761339,AdvGARCH-BestAsymmetric,test
2025-10-28,2025-10-29,0.1002770987516237,2.5401134774547685,AdvGARCH-BestAsymmetric,test
2025-10-29,2025-10-30,0.939332335111435,2.11243503009137,AdvGARCH-BestAsymmetric,test
2025-10-30,2025-10-31,3.2700587697209347,2.0532816304354995,AdvGARCH-BestAsymmetric,test
2025-10-31,2025-11-03,1.9349432702427485,2.3583759981338797,AdvGARCH-BestAsymmetric,test
2025-11-03,2025-11-04,4.580450857721864,2.4373401331864435,AdvGARCH-BestAsymmetric,test
2025-11-04,2025-11-05,0.0309750452194787,2.544542680068832,AdvGARCH-BestAsymmetric,test
2025-11-05,2025-11-06,0.5520248822173379,2.080286788041996,AdvGARCH-BestAsymmetric,test
2025-11-06,2025-11-07,7.216601336017348,1.9398461448661046,AdvGARCH-BestAsymmetric,test
2025-11-07,2025-11-10,1.3629185312754708,2.689475894640916,AdvGARCH-BestAsymmetric,test
2025-11-10,2025-11-11,0.6782053056730832,2.617370236803462,AdvGARCH-BestAsymmetric,test
2025-11-11,2025-11-12,5.625713037940661,2.3073447467887216,AdvGARCH-BestAsymmetric,test
2025-11-12,2025-11-13,0.000662589539105,2.505202666804958,AdvGARCH-BestAsymmetric,test
2025-11-13,2025-11-14,0.0605676682080504,2.015678960190593,AdvGARCH-BestAsymmetric,test
2025-11-14,2025-11-17,1.328575255573558,1.6863045841524131,AdvGARCH-BestAsymmetric,test
2025-11-17,2025-11-18,0.1101519148224003,1.6321055047724833,AdvGARCH-BestAsymmetric,test
2025-11-18,2025-11-19,0.4356481626659925,1.4020909693585888,AdvGARCH-BestAsymmetric,test
2025-11-19,2025-11-20,0.1789267767214806,1.3475719487602165,AdvGARCH-BestAsymmetric,test
2025-11-20,2025-11-21,0.0040999105070223,1.1918256119837718,AdvGARCH-BestAsymmetric,test
2025-11-21,2025-11-24,0.6169476621587812,1.004656760068989,AdvGARCH-BestAsymmetric,test
2025-11-24,2025-11-25,0.2096602420348715,0.9765020733638085,AdvGARCH-BestAsymmetric,test
2025-11-25,2025-11-26,1.433673327817772,0.9299030201369918,AdvGARCH-BestAsymmetric,test
2025-11-26,2025-11-27,0.0554068207335508,0.9906702003256489,AdvGARCH-BestAsymmetric,test
2025-11-27,2025-11-28,0.1562015926240177,0.8672837477224682,AdvGARCH-BestAsymmetric,test
2025-11-28,2025-12-01,0.39639182484541,0.7921262464843447,AdvGARCH-BestAsymmetric,test
2025-12-01,2025-12-02,0.8106128656312585,0.767208495868584,AdvGARCH-BestAsymmetric,test
2025-12-02,2025-12-03,0.7276910420234725,0.791510282709431,AdvGARCH-BestAsymmetric,test
2025-12-03,2025-12-04,0.0994544592328996,0.8046303954506658,AdvGARCH-BestAsymmetric,test
2025-12-04,2025-12-05,0.0550277452970135,0.7272289767225202,AdvGARCH-BestAsymmetric,test
2025-12-05,2025-12-08,0.5051234930048776,0.6507467135288071,AdvGARCH-BestAsymmetric,test
2025-12-08,2025-12-09,0.1408736793364905,0.6577085964180364,AdvGARCH-BestAsymmetric,test
2025-12-09,2025-12-10,2.645907078453935,0.6379195301312351,AdvGARCH-BestAsymmetric,test
2025-12-10,2025-12-11,1.3806505812729413,0.9600789043519831,AdvGARCH-BestAsymmetric,test
2025-12-11,2025-12-12,9.667324836347865,1.1228942221002973,AdvGARCH-BestAsymmetric,test
2025-12-12,2025-12-15,0.0028567239256699,2.1127664656998766,AdvGARCH-BestAsymmetric,test
2025-12-15,2025-12-16,3.980584197891362,1.7233451319941446,AdvGARCH-BestAsymmetric,test
2025-12-16,2025-12-17,0.1084209662548159,1.8817220067461768,AdvGARCH-BestAsymmetric,test
2025-12-17,2025-12-18,0.0392718088641224,1.6330329099158865,AdvGARCH-BestAsymmetric,test
2025-12-18,2025-12-19,2.613324440401082,1.3748760469197325,AdvGARCH-BestAsymmetric,test
2025-12-19,2025-12-22,7.313697947150696,1.4765586922573943,AdvGARCH-BestAsymmetric,test
2025-12-22,2025-12-23,1.4374361396783522,1.8601014770173863,AdvGARCH-BestAsymmetric,test
2025-12-23,2025-12-24,0.36034587773515,1.7891262890629631,AdvGARCH-BestAsymmetric,test
2025-12-24,2025-12-25,5.141409326470893,1.5870480706637056,AdvGARCH-BestAsymmetric,test
2025-12-25,2025-12-26,0.5648889447832609,2.142869514146946,AdvGARCH-BestAsymmetric,test
2025-12-26,2025-12-29,2.0655121585777008,1.9944904253644968,AdvGARCH-BestAsymmetric,test
2025-12-29,2025-12-30,0.4690762256667201,1.9637873111895081,AdvGARCH-BestAsymmetric,test
2025-12-30,2025-12-31,0.9813005407165244,1.747781477659854,AdvGARCH-BestAsymmetric,test
2020-01-02,2020-01-03,0.0250907830256049,0.405246509913209,AdvGARCH-BestAsymmetric,validation
2020-01-03,2020-01-06,0.9476915195201792,0.37882525969856523,AdvGARCH-BestAsymmetric,validation
2020-01-06,2020-01-07,0.104181316002117,0.5147525940739818,AdvGARCH-BestAsymmetric,validation
2020-01-07,2020-01-08,1.0770730792986123,0.4841365487950764,AdvGARCH-BestAsymmetric,validation
2020-01-08,2020-01-09,1.3693209243773992,0.634235804753372,AdvGARCH-BestAsymmetric,validation
2020-01-09,2020-01-10,0.7569453657796249,0.7186925134152636,AdvGARCH-BestAsymmetric,validation
2020-01-10,2020-01-13,0.0779299678700735,0.7434953298903966,AdvGARCH-BestAsymmetric,validation
2020-01-13,2020-01-14,0.0144073552388825,0.6897852160341404,AdvGARCH-BestAsymmetric,validation
2020-01-14,2020-01-15,0.0033517503388054,0.6034244260867204,AdvGARCH-BestAsymmetric,validation
2020-01-15,2020-01-16,0.483315508188739,0.5240879548864017,AdvGARCH-BestAsymmetric,validation
2020-01-16,2020-01-17,0.2266955412354889,0.5433125145928136,AdvGARCH-BestAsymmetric,validation
2020-01-17,2020-01-20,0.0011366961882311,0.5292984415748824,AdvGARCH-BestAsymmetric,validation
2020-01-20,2020-01-21,0.620613610020936,0.4618711740522038,AdvGARCH-BestAsymmetric,validation
2020-01-21,2020-01-22,0.2649229323580117,0.5004363199887326,AdvGARCH-BestAsymmetric,validation
2020-01-22,2020-01-30,10.681729656091257,0.4971544666260126,AdvGARCH-BestAsymmetric,validation
2020-01-30,2020-01-31,5.865133827993191,1.5600679050426314,AdvGARCH-BestAsymmetric,validation
2020-01-31,2020-02-03,0.8272024151231092,2.191305952150039,AdvGARCH-BestAsymmetric,validation
2020-02-03,2020-02-04,0.0104658835251161,2.0954963723712066,AdvGARCH-BestAsymmetric,validation
2020-02-04,2020-02-05,0.1175512507127237,1.7156739023806467,AdvGARCH-BestAsymmetric,validation
2020-02-05,2020-02-06,1.8356018915555292,1.5044476177684583,AdvGARCH-BestAsymmetric,validation
2020-02-06,2020-02-07,0.0553168362540114,1.5262836990432909,AdvGARCH-BestAsymmetric,validation
2020-02-07,2020-02-10,1.14665654297727,1.297858388049619,AdvGARCH-BestAsymmetric,validation
2020-02-10,2020-02-11,0.1784472180385378,1.392519299043282,AdvGARCH-BestAsymmetric,validation
2020-02-11,2020-02-12,0.1033759850072604,1.2281726725133102,AdvGARCH-BestAsymmetric,validation
2020-02-12,2020-02-13,0.0035645724311596,1.0754802807416208,AdvGARCH-BestAsymmetric,validation
2020-02-13,2020-02-14,0.007095648592579,0.9061862148071599,AdvGARCH-BestAsymmetric,validation
2020-02-14,2020-02-17,0.0819627293788475,0.7801873668543696,AdvGARCH-BestAsymmetric,validation
2020-02-17,2020-02-18,0.5393743252289994,0.7222704104273512,AdvGARCH-BestAsymmetric,validation
2020-02-18,2020-02-19,0.0079935084291448,0.7798860928748887,AdvGARCH-BestAsymmetric,validation
2020-02-19,2020-02-20,1.007648372641439,0.6727107144232747,AdvGARCH-BestAsymmetric,validation
2020-02-20,2020-02-21,0.2901840002942764,0.7251311789124897,AdvGARCH-BestAsymmetric,validation
2020-02-21,2020-02-24,10.499319840007198,0.7339793717725749,AdvGARCH-BestAsymmetric,validation
2020-02-24,2020-02-25,0.487607684946675,1.7836847382537873,AdvGARCH-BestAsymmetric,validation
2020-02-25,2020-02-26,2.3027959637577347,1.605152550469888,AdvGARCH-BestAsymmetric,validation
2020-02-26,2020-02-27,0.0757898564940438,1.832000719647054,AdvGARCH-BestAsymmetric,validation
2020-02-27,2020-02-28,3.3315279697661397,1.54843664572601,AdvGARCH-BestAsymmetric,validation
2020-02-28,2020-03-02,0.0643087707016609,1.9078690933986124,AdvGARCH-BestAsymmetric,validation
2020-03-02,2020-03-03,0.4848687144344406,1.6033826164280762,AdvGARCH-BestAsymmetric,validation
2020-03-03,2020-03-04,0.0194121329487549,1.4576823864443327,AdvGARCH-BestAsymmetric,validation
2020-03-04,2020-03-05,0.1953921289983395,1.2366071453956993,AdvGARCH-BestAsymmetric,validation
2020-03-05,2020-03-06,0.0439125584620563,1.1051113182530172,AdvGARCH-BestAsymmetric,validation
2020-03-06,2020-03-09,42.01600464009923,0.9721839518550718,AdvGARCH-BestAsymmetric,validation
2020-03-09,2020-03-10,0.0577385447930077,5.070621670002829,AdvGARCH-BestAsymmetric,validation
2020-03-10,2020-03-11,10.062685801317658,4.011005051224744,AdvGARCH-BestAsymmetric,validation
2020-03-11,2020-03-12,28.39132734538161,4.883233821244365,AdvGARCH-BestAsymmetric,validation
2020-03-12,2020-03-13,0.9522274265858316,7.415505319408288,AdvGARCH-BestAsymmetric,validation
2020-03-13,2020-03-16,3.4010756349170417,6.2372741880288425,AdvGARCH-BestAsymmetric,validation
2020-03-16,2020-03-17,0.0775702786503674,5.878945314162156,AdvGARCH-BestAsymmetric,validation
2020-03-17,2020-03-18,0.0633870572758951,4.671442935859706,AdvGARCH-BestAsymmetric,validation
2020-03-18,2020-03-19,8.691271441121467,3.7164381229282317,AdvGARCH-BestAsymmetric,validation
2020-03-19,2020-03-20,5.099806319623413,4.472254163642553,AdvGARCH-BestAsymmetric,validation
2020-03-20,2020-03-23,39.324753398937766,4.692502034409884,AdvGARCH-BestAsymmetric,validation
2020-03-23,2020-03-24,1.2394404253652411,8.16761455780936,AdvGARCH-BestAsymmetric,validation
2020-03-24,2020-03-25,21.170767602446844,6.89853070671513,AdvGARCH-BestAsymmetric,validation
2020-03-25,2020-03-26,0.3272592319629427,7.381114933551608,AdvGARCH-BestAsymmetric,validation
2020-03-26,2020-03-27,0.0708281107928228,5.8527004737242265,AdvGARCH-BestAsymmetric,validation
2020-03-27,2020-03-30,24.77812989942355,4.601585873593511,AdvGARCH-BestAsymmetric,validation
2020-03-30,2020-03-31,0.0016614736162584,6.832555207843698,AdvGARCH-BestAsymmetric,validation
2020-03-31,2020-04-01,6.951204185299923,5.237207898402764,AdvGARCH-BestAsymmetric,validation
2020-04-01,2020-04-03,9.745314866975544,5.057827948278671,AdvGARCH-BestAsymmetric,validation
2020-04-03,2020-04-06,23.61975403181723,5.119802295593509,AdvGARCH-BestAsymmetric,validation
2020-04-06,2020-04-07,1.7959977540981795,5.99471157610988,AdvGARCH-BestAsymmetric,validation
2020-04-07,2020-04-08,0.031670113685362,5.1211548127788165,AdvGARCH-BestAsymmetric,validation
2020-04-08,2020-04-09,2.664349091269905,4.027294081710943,AdvGARCH-BestAsymmetric,validation
2020-04-09,2020-04-10,0.0991193599969613,3.689125847706078,AdvGARCH-BestAsymmetric,validation
2020-04-10,2020-04-13,1.0616734405284087,3.0372217604048606,AdvGARCH-BestAsymmetric,validation
2020-04-13,2020-04-14,0.044657326796299,2.7012554031991987,AdvGARCH-BestAsymmetric,validation
2020-04-14,2020-04-15,1.6134694756828007,2.2099792161091028,AdvGARCH-BestAsymmetric,validation
2020-04-15,2020-04-16,0.1995857905304535,2.0986070896034277,AdvGARCH-BestAsymmetric,validation
2020-04-16,2020-04-17,1.2849435357813008,1.7984886008392393,AdvGARCH-BestAsymmetric,validation
2020-04-17,2020-04-20,0.4593979249949131,1.7213597905663265,AdvGARCH-BestAsymmetric,validation
2020-04-20,2020-04-21,12.978873344019766,1.5497847707319474,AdvGARCH-BestAsymmetric,validation
2020-04-21,2020-04-22,0.0733737116381983,2.840319915475408,AdvGARCH-BestAsymmetric,validation
2020-04-22,2020-04-23,0.4184349588364568,2.3326784875410502,AdvGARCH-BestAsymmetric,validation
2020-04-23,2020-04-24,0.1258182196300893,2.033763912230627,AdvGARCH-BestAsymmetric,validation
2020-04-24,2020-04-27,0.5795257679139346,1.725563592090042,AdvGARCH-BestAsymmetric,validation
2020-04-27,2020-04-28,0.2143187476000118,1.6525616521732114,AdvGARCH-BestAsymmetric,validation
2020-04-28,2020-04-29,0.0611792667418572,1.491933371302882,AdvGARCH-BestAsymmetric,validation
2020-04-29,2020-05-04,0.7518344451734201,1.2729673028827566,AdvGARCH-BestAsymmetric,validation
2020-05-04,2020-05-05,0.0490191944837796,1.303370733111592,AdvGARCH-BestAsymmetric,validation
2020-05-05,2020-05-06,5.6795185291388,1.1172930206418783,AdvGARCH-BestAsymmetric,validation
2020-05-06,2020-05-07,3.121729248484887,1.433993135629483,AdvGARCH-BestAsymmetric,validation
2020-05-07,2020-05-08,4.558766386917776,1.5658925044627083,AdvGARCH-BestAsymmetric,validation
2020-05-08,2020-05-11,3.1623544686065705,1.7802003862586009,AdvGARCH-BestAsymmetric,validation
2020-05-11,2020-05-12,0.7061476617266061,1.8722829305963593,AdvGARCH-BestAsymmetric,validation
2020-05-12,2020-05-13,0.0176814396147646,1.710841907735261,AdvGARCH-BestAsymmetric,validation
2020-05-13,2020-05-14,0.0471790852184788,1.4350352497527163,AdvGARCH-BestAsymmetric,validation
2020-05-14,2020-05-15,0.4188839500568042,1.2408403610712868,AdvGARCH-BestAsymmetric,validation
2020-05-15,2020-05-18,1.4388117144550177,1.2073349050804043,AdvGARCH-BestAsymmetric,validation
2020-05-18,2020-05-19,1.1212214832868546,1.2344660827013925,AdvGARCH-BestAsymmetric,validation
2020-05-19,2020-05-20,0.6772038230630518,1.2277145116787804,AdvGARCH-BestAsymmetric,validation
2020-05-20,2020-05-21,1.3105093570623978,1.1728863681030566,AdvGARCH-BestAsymmetric,validation
2020-05-21,2020-05-22,1.3565460202551032,1.192899169914012,AdvGARCH-BestAsymmetric,validation
2020-05-22,2020-05-25,0.541812619677385,1.3309824506361265,AdvGARCH-BestAsymmetric,validation
2020-05-25,2020-05-26,1.3635757531139376,1.2414943572749588,AdvGARCH-BestAsymmetric,validation
2020-05-26,2020-05-27,1.8211114283606344,1.2571369989306274,AdvGARCH-BestAsymmetric,validation
2020-05-27,2020-05-28,0.2069802660068541,1.4536661098769112,AdvGARCH-BestAsymmetric,validation
2020-05-28,2020-05-29,0.1273946587706487,1.2843007303330654,AdvGARCH-BestAsymmetric,validation
2020-05-29,2020-06-01,2.6545527294324818,1.1276527711277293,AdvGARCH-BestAsymmetric,validation
2020-06-01,2020-06-02,0.1948438272852952,1.2594826366091418,AdvGARCH-BestAsymmetric,validation
2020-06-02,2020-06-03,0.526391032778092,1.1623003091478619,AdvGARCH-BestAsymmetric,validation
2020-06-03,2020-06-04,0.0956890209261397,1.0984117124637398,AdvGARCH-BestAsymmetric,validation
2020-06-04,2020-06-05,0.068711754863941,0.9678294460140405,AdvGARCH-BestAsymmetric,validation
2020-06-05,2020-06-08,2.3533534927844846,0.8531155632439901,AdvGARCH-BestAsymmetric,validation
2020-06-08,2020-06-09,0.0029663396470081,0.989174042912815,AdvGARCH-BestAsymmetric,validation
2020-06-09,2020-06-10,0.0192877721914381,0.8402272804499736,AdvGARCH-BestAsymmetric,validation
2020-06-10,2020-06-11,14.20113167350128,0.7292531482908762,AdvGARCH-BestAsymmetric,validation
2020-06-11,2020-06-12,0.1978991573902568,2.112837237750707,AdvGARCH-BestAsymmetric,validation
2020-06-12,2020-06-15,13.410151498832947,1.8574937125355766,AdvGARCH-BestAsymmetric,validation
2020-06-15,2020-06-16,7.854033490557961,3.186599176725802,AdvGARCH-BestAsymmetric,validation
2020-06-16,2020-06-17,0.0390437911460607,3.4135120167138955,AdvGARCH-BestAsymmetric,validation
2020-06-17,2020-06-18,0.0094269529730988,2.7761888828379755,AdvGARCH-BestAsymmetric,validation
2020-06-18,2020-06-19,2.3775972708277777,2.237906698752444,AdvGARCH-BestAsymmetric,validation
2020-06-19,2020-06-22,0.0977642075595444,2.19713476334779,AdvGARCH-BestAsymmetric,validation
2020-06-22,2020-06-23,0.1254074833473004,1.843994635789327,AdvGARCH-BestAsymmetric,validation
2020-06-23,2020-06-24,0.9656953175585764,1.6110838206695004,AdvGARCH-BestAsymmetric,validation
2020-06-24,2020-06-25,0.3568032861992914,1.63406113902885,AdvGARCH-BestAsymmetric,validation
2020-06-25,2020-06-26,0.0935607015251472,1.520683781253895,AdvGARCH-BestAsymmetric,validation
2020-06-26,2020-06-29,7.240799310682349,1.3359094720464686,AdvGARCH-BestAsymmetric,validation
2020-06-29,2020-06-30,0.263950183757359,2.1062969204061055,AdvGARCH-BestAsymmetric,validation
2020-06-30,2020-07-01,4.853797558668691,1.87688920394414,AdvGARCH-BestAsymmetric,validation
2020-07-01,2020-07-02,0.0173403520116891,2.076182407189896,AdvGARCH-BestAsymmetric,validation
2020-07-02,2020-07-03,0.3830874038106421,1.720845412906302,AdvGARCH-BestAsymmetric,validation
2020-07-03,2020-07-06,2.515298700046254,1.5360540023637097,AdvGARCH-BestAsymmetric,validation
2020-07-06,2020-07-07,0.0686927141453309,1.610150992613784,AdvGARCH-BestAsymmetric,validation
2020-07-07,2020-07-08,0.0156264509294999,1.3700050211224852,AdvGARCH-BestAsymmetric,validation
2020-07-08,2020-07-09,1.8878106377661732,1.1522017246342915,AdvGARCH-BestAsymmetric,validation
2020-07-09,2020-07-10,0.3609627180509834,1.2242361322881634,AdvGARCH-BestAsymmetric,validation
2020-07-10,2020-07-13,0.0819210906952639,1.1793874494166614,AdvGARCH-BestAsymmetric,validation
2020-07-13,2020-07-14,0.0049340673468667,1.0530199834555374,AdvGARCH-BestAsymmetric,validation
2020-07-14,2020-07-15,0.0429038013029008,0.8952481613056154,AdvGARCH-BestAsymmetric,validation
2020-07-15,2020-07-16,0.6277983835430785,0.7848133085964065,AdvGARCH-BestAsymmetric,validation
2020-07-16,2020-07-17,0.3025848721746239,0.7883063346521912,AdvGARCH-BestAsymmetric,validation
2020-07-17,2020-07-20,1.5014548821169582,0.7919302772664071,AdvGARCH-BestAsymmetric,validation
2020-07-20,2020-07-21,0.0011330265098316,0.9820035233993932,AdvGARCH-BestAsymmetric,validation
2020-07-21,2020-07-22,0.5929839946327068,0.8271893371258373,AdvGARCH-BestAsymmetric,validation
2020-07-22,2020-07-23,0.0380690415470228,0.8832139251473953,AdvGARCH-BestAsymmetric,validation
2020-07-23,2020-07-24,10.714506391324338,0.7730716220386432,AdvGARCH-BestAsymmetric,validation
2020-07-24,2020-07-27,29.71654662116303,1.8434592141372814,AdvGARCH-BestAsymmetric,validation
2020-07-27,2020-07-28,12.442241141417854,4.578043347282814,AdvGARCH-BestAsymmetric,validation
2020-07-28,2020-07-29,7.88382185098053,4.895047452709761,AdvGARCH-BestAsymmetric,validation
2020-07-29,2020-07-30,1.6712179001127756,5.408983979552213,AdvGARCH-BestAsymmetric,validation
2020-07-30,2020-07-31,0.1173768950572407,4.650670205197419,AdvGARCH-BestAsymmetric,validation
2020-07-31,2020-08-03,4.064809725455425,3.7822424346698016,AdvGARCH-BestAsymmetric,validation
2020-08-03,2020-08-04,2.475940854259596,3.6273640400146383,AdvGARCH-BestAsymmetric,validation
2020-08-04,2020-08-05,1.5093873640970836,3.3473237823272766,AdvGARCH-BestAsymmetric,validation
2020-08-05,2020-08-06,0.0712944062273411,3.0096544596978476,AdvGARCH-BestAsymmetric,validation
2020-08-06,2020-08-07,0.0285261487999524,2.461827091970367,AdvGARCH-BestAsymmetric,validation
2020-08-07,2020-08-10,0.0426711422269859,2.0147373215124507,AdvGARCH-BestAsymmetric,validation
2020-08-10,2020-08-11,0.0002025643928529,1.676560132438637,AdvGARCH-BestAsymmetric,validation
2020-08-11,2020-08-12,0.2065144883305979,1.3725440472505426,AdvGARCH-BestAsymmetric,validation
2020-08-12,2020-08-13,0.9127332835843408,1.2183652556081324,AdvGARCH-BestAsymmetric,validation
2020-08-13,2020-08-14,0.255367280706292,1.1922111711978287,AdvGARCH-BestAsymmetric,validation
2020-08-14,2020-08-17,0.0048129527023226,1.1245876961456704,AdvGARCH-BestAsymmetric,validation
2020-08-17,2020-08-18,0.1923085427612989,0.9523506242473817,AdvGARCH-BestAsymmetric,validation
2020-08-18,2020-08-19,0.3171223716823505,0.904438635434391,AdvGARCH-BestAsymmetric,validation
2020-08-19,2020-08-20,0.1246527755214606,0.851477961527772,AdvGARCH-BestAsymmetric,validation
2020-08-20,2020-08-21,0.5953479247893214,0.7979312326829686,AdvGARCH-BestAsymmetric,validation
2020-08-21,2020-08-24,2.601992310993434,0.7961591139261928,AdvGARCH-BestAsymmetric,validation
2020-08-24,2020-08-25,0.3897315001367304,0.9526726415668355,AdvGARCH-BestAsymmetric,validation
2020-08-25,2020-08-26,0.0055335984725061,0.9029148453363178,AdvGARCH-BestAsymmetric,validation
2020-08-26,2020-08-27,0.0201247832938772,0.7752981599096535,AdvGARCH-BestAsymmetric,validation
2020-08-27,2020-08-28,0.2371438175251532,0.6766867279581846,AdvGARCH-BestAsymmetric,validation
2020-08-28,2020-08-31,0.0919913483576587,0.6457546288452927,AdvGARCH-BestAsymmetric,validation
2020-08-31,2020-09-01,1.2923697898915891,0.5926180798514166,AdvGARCH-BestAsymmetric,validation
2020-09-01,2020-09-03,1.8585263119302429,0.6746282394729712,AdvGARCH-BestAsymmetric,validation
2020-09-03,2020-09-04,0.0724558184717704,0.7906968521100617,AdvGARCH-BestAsymmetric,validation
2020-09-04,2020-09-07,2.20557465755946,0.7271963416525831,AdvGARCH-BestAsymmetric,validation
2020-09-07,2020-09-08,0.045178302752493,1.0020146210322425,AdvGARCH-BestAsymmetric,validation
2020-09-08,2020-09-09,0.0084939812398233,0.8726836308877803,AdvGARCH-BestAsymmetric,validation
2020-09-09,2020-09-10,0.003162773705203,0.7548019572411901,AdvGARCH-BestAsymmetric,validation
2020-09-10,2020-09-11,0.0002847617108647,0.6511183399562623,AdvGARCH-BestAsymmetric,validation
2020-09-11,2020-09-14,0.3943421427943259,0.5577190931577449,AdvGARCH-BestAsymmetric,validation
2020-09-14,2020-09-15,0.0356225443834294,0.5634017305959974,AdvGARCH-BestAsymmetric,validation
2020-09-15,2020-09-16,0.0182018998394976,0.5078960240188441,AdvGARCH-BestAsymmetric,validation
2020-09-16,2020-09-17,0.1466259433788813,0.45462029344081356,AdvGARCH-BestAsymmetric,validation
2020-09-17,2020-09-18,0.5927837774192054,0.4619462601878366,AdvGARCH-BestAsymmetric,validation
2020-09-18,2020-09-21,0.5973025247310948,0.49798046386760986,AdvGARCH-BestAsymmetric,validation
2020-09-21,2020-09-22,0.0372219865301334,0.5310856686652106,AdvGARCH-BestAsymmetric,validation
2020-09-22,2020-09-23,0.4815094749114654,0.49238963926947954,AdvGARCH-BestAsymmetric,validation
2020-09-23,2020-09-24,0.1853426709964717,0.51476632523489,AdvGARCH-BestAsymmetric,validation
2020-09-24,2020-09-25,0.0011645154128207,0.5246981702205371,AdvGARCH-BestAsymmetric,validation
2020-09-25,2020-09-28,0.2158897933071618,0.45814207802604723,AdvGARCH-BestAsymmetric,validation
2020-09-28,2020-09-29,0.8800033176965605,0.45342169383409325,AdvGARCH-BestAsymmetric,validation
2020-09-29,2020-09-30,0.0184885133347586,0.5797268940551453,AdvGARCH-BestAsymmetric,validation
2020-09-30,2020-10-01,0.9529808677190772,0.5146499397935905,AdvGARCH-BestAsymmetric,validation
2020-10-01,2020-10-02,0.2100701799336074,0.5767416212518401,AdvGARCH-BestAsymmetric,validation
2020-10-02,2020-10-05,0.2733808865752189,0.5853148218578212,AdvGARCH-BestAsymmetric,validation
2020-10-05,2020-10-06,0.0117020561613317,0.5723440451763768,AdvGARCH-BestAsymmetric,validation
2020-10-06,2020-10-07,0.194766708657986,0.5049318244824895,AdvGARCH-BestAsymmetric,validation
2020-10-07,2020-10-08,0.0091636773062023,0.4912414775045011,AdvGARCH-BestAsymmetric,validation
2020-10-08,2020-10-09,0.3136074736535195,0.4411003234844428,AdvGARCH-BestAsymmetric,validation
2020-10-09,2020-10-12,0.039147029875858,0.4507161664511709,AdvGARCH-BestAsymmetric,validation
2020-10-12,2020-10-13,0.1886516440368795,0.4140100370814115,AdvGARCH-BestAsymmetric,validation
2020-10-13,2020-10-14,1.2182219245675234,0.41078788104660074,AdvGARCH-BestAsymmetric,validation
2020-10-14,2020-10-15,0.0750977601457549,0.49871640725358796,AdvGARCH-BestAsymmetric,validation
2020-10-15,2020-10-16,0.0032789630718449,0.46419579329928945,AdvGARCH-BestAsymmetric,validation
2020-10-16,2020-10-19,0.0017086378411738,0.40889407228996766,AdvGARCH-BestAsymmetric,validation
2020-10-19,2020-10-20,0.0059793113747856,0.3609761705870037,AdvGARCH-BestAsymmetric,validation
2020-10-20,2020-10-21,0.3275908040251104,0.3245129113540926,AdvGARCH-BestAsymmetric,validation
2020-10-21,2020-10-22,1.3246371755092925,0.37828350175505543,AdvGARCH-BestAsymmetric,validation
2020-10-22,2020-10-23,1.4132948922636843,0.47445339481395665,AdvGARCH-BestAsymmetric,validation
2020-10-23,2020-10-26,1.1970960361828058,0.5725589214527009,AdvGARCH-BestAsymmetric,validation
2020-10-26,2020-10-27,0.2083430476879338,0.7348216992203409,AdvGARCH-BestAsymmetric,validation
2020-10-27,2020-10-28,7.411979475736142,0.7229022333948851,AdvGARCH-BestAsymmetric,validation
2020-10-28,2020-10-29,0.0458453997519621,1.4959568501996416,AdvGARCH-BestAsymmetric,validation
2020-10-29,2020-10-30,0.4800476169952387,1.288756217044115,AdvGARCH-BestAsymmetric,validation
2020-10-30,2020-11-02,0.7800511650758589,1.1975234482336308,AdvGARCH-BestAsymmetric,validation
2020-11-02,2020-11-03,0.0342682571944602,1.1596525736364234,AdvGARCH-BestAsymmetric,validation
2020-11-03,2020-11-04,0.2152577372300542,0.9953185251078832,AdvGARCH-BestAsymmetric,validation
2020-11-04,2020-11-05,0.045844571767648,0.9103167977233075,AdvGARCH-BestAsymmetric,validation
2020-11-05,2020-11-06,0.003314082741207,0.8137810705841302,AdvGARCH-BestAsymmetric,validation
2020-11-06,2020-11-09,2.10118385761475,0.6955259627489646,AdvGARCH-BestAsymmetric,validation
2020-11-09,2020-11-10,8.938431274224163e-05,0.8263825264498534,AdvGARCH-BestAsymmetric,validation
2020-11-10,2020-11-11,0.0011297213251294,0.699197942119136,AdvGARCH-BestAsymmetric,validation
2020-11-11,2020-11-12,0.5456632914405392,0.59912604325181,AdvGARCH-BestAsymmetric,validation
2020-11-12,2020-11-13,0.5301286092359084,0.6165156048405713,AdvGARCH-BestAsymmetric,validation
2020-11-13,2020-11-16,2.614940684665197,0.6302734176660764,AdvGARCH-BestAsymmetric,validation
2020-11-16,2020-11-17,3.5600857195920512,0.9491839140047119,AdvGARCH-BestAsymmetric,validation
2020-11-17,2020-11-18,0.2272651607739751,1.1547406535686644,AdvGARCH-BestAsymmetric,validation
2020-11-18,2020-11-19,0.9890184423772188,1.0444923967369593,AdvGARCH-BestAsymmetric,validation
2020-11-19,2020-11-20,0.4666750014882298,1.0509844821114116,AdvGARCH-BestAsymmetric,validation
2020-11-20,2020-11-23,0.1783704119345972,0.9966389740529578,AdvGARCH-BestAsymmetric,validation
2020-11-23,2020-11-24,0.0248986125796567,0.9041341865765523,AdvGARCH-BestAsymmetric,validation
2020-11-24,2020-11-25,0.1754782563587062,0.7842058812298521,AdvGARCH-BestAsymmetric,validation
2020-11-25,2020-11-26,0.3614717362335366,0.7263984458970684,AdvGARCH-BestAsymmetric,validation
2020-11-26,2020-11-27,0.1777363368777613,0.7061385307162452,AdvGARCH-BestAsymmetric,validation
2020-11-27,2020-11-30,0.50308697006867,0.6609383631854633,AdvGARCH-BestAsymmetric,validation
2020-11-30,2020-12-01,0.331272320082079,0.718287322449379,AdvGARCH-BestAsymmetric,validation
2020-12-01,2020-12-02,0.2902563684716866,0.6950943357521909,AdvGARCH-BestAsymmetric,validation
2020-12-02,2020-12-03,0.290315397256232,0.6694330423592224,AdvGARCH-BestAsymmetric,validation
2020-12-03,2020-12-04,0.0274172683613022,0.6473898360439222,AdvGARCH-BestAsymmetric,validation
2020-12-04,2020-12-07,0.6850937253628709,0.5747553407944195,AdvGARCH-BestAsymmetric,validation
2020-12-07,2020-12-08,0.0048900250994697,0.6084635141275851,AdvGARCH-BestAsymmetric,validation
2020-12-08,2020-12-09,0.9108272820038537,0.5338930429982792,AdvGARCH-BestAsymmetric,validation
2020-12-09,2020-12-10,0.6307404981430905,0.5910353189968411,AdvGARCH-BestAsymmetric,validation
2020-12-10,2020-12-11,2.1005332911557746,0.6751970741467332,AdvGARCH-BestAsymmetric,validation
2020-12-11,2020-12-14,2.953190631516623,0.8073247572157676,AdvGARCH-BestAsymmetric,validation
2020-12-14,2020-12-15,0.6927758012586854,0.9850585221288437,AdvGARCH-BestAsymmetric,validation
2020-12-15,2020-12-16,1.2199074044400842,1.0408731973317533,AdvGARCH-BestAsymmetric,validation
2020-12-16,2020-12-17,2.0641473967885817,1.0698127622752236,AdvGARCH-BestAsymmetric,validation
2020-12-17,2020-12-18,2.192631063716555,1.3124496770226022,AdvGARCH-BestAsymmetric,validation
2020-12-18,2020-12-21,1.6074554836667916,1.3893685902216344,AdvGARCH-BestAsymmetric,validation
2020-12-21,2020-12-22,0.0479545490733483,1.4069345834076985,AdvGARCH-BestAsymmetric,validation
2020-12-22,2020-12-23,0.1771055150673424,1.1996113093175835,AdvGARCH-BestAsymmetric,validation
2020-12-23,2020-12-24,1.124406225180995,1.1067735849525204,AdvGARCH-BestAsymmetric,validation
2020-12-24,2020-12-25,2.4671237918391133,1.2192337546838314,AdvGARCH-BestAsymmetric,validation
2020-12-25,2020-12-28,0.4034604996523059,1.3279357171008306,AdvGARCH-BestAsymmetric,validation
2020-12-28,2020-12-29,0.5549207078341868,1.2182682786735872,AdvGARCH-BestAsymmetric,validation
2020-12-29,2020-12-30,0.0315106576863239,1.1491996040101882,AdvGARCH-BestAsymmetric,validation
2020-12-30,2020-12-31,0.3307256931476,0.9996868302154124,AdvGARCH-BestAsymmetric,validation
2020-12-31,2021-01-04,2.2278705339723945,0.9336961224789028,AdvGARCH-BestAsymmetric,validation
2021-01-04,2021-01-05,1.1499318142027897,1.054213771845672,AdvGARCH-BestAsymmetric,validation
2021-01-05,2021-01-06,0.8776630886951989,1.0749547655971787,AdvGARCH-BestAsymmetric,validation
2021-01-06,2021-01-07,1.3339004712332734,1.0658372917593153,AdvGARCH-BestAsymmetric,validation
2021-01-07,2021-01-08,0.9288877612518626,1.1018844822453644,AdvGARCH-BestAsymmetric,validation
2021-01-08,2021-01-11,2.138176540768584,1.094335531951345,AdvGARCH-BestAsymmetric,validation
2021-01-11,2021-01-12,0.3865727035398198,1.192270940952181,AdvGARCH-BestAsymmetric,validation
2021-01-12,2021-01-13,0.2744693433035448,1.1031972786651898,AdvGARCH-BestAsymmetric,validation
2021-01-13,2021-01-14,0.0129409883939506,1.054918719713376,AdvGARCH-BestAsymmetric,validation
2021-01-14,2021-01-15,0.3260937940923989,0.8988137234408868,AdvGARCH-BestAsymmetric,validation
2021-01-15,2021-01-18,0.0358827142959493,0.848090880395063,AdvGARCH-BestAsymmetric,validation
2021-01-18,2021-01-19,27.541540391562137,0.7567193985529663,AdvGARCH-BestAsymmetric,validation
2021-01-19,2021-01-20,0.1055259451193829,3.4351528706194863,AdvGARCH-BestAsymmetric,validation
2021-01-20,2021-01-21,6.600825920548621,2.8040303858434403,AdvGARCH-BestAsymmetric,validation
2021-01-21,2021-01-22,0.0486234498742934,3.001090326888941,AdvGARCH-BestAsymmetric,validation
2021-01-22,2021-01-25,0.003916873597976,2.4426078111264085,AdvGARCH-BestAsymmetric,validation
2021-01-25,2021-01-26,6.76157056018748,1.980708734447426,AdvGARCH-BestAsymmetric,validation
2021-01-26,2021-01-27,12.16950048366727,2.6821905699888635,AdvGARCH-BestAsymmetric,validation
2021-01-27,2021-01-28,47.71522267260341,3.8736999301663664,AdvGARCH-BestAsymmetric,validation
2021-01-28,2021-01-29,9.864460610625494,8.072535956205522,AdvGARCH-BestAsymmetric,validation
2021-01-29,2021-02-01,4.068938921704016,7.571478955687142,AdvGARCH-BestAsymmetric,validation
2021-02-01,2021-02-02,14.37888811066259,7.061501977267449,AdvGARCH-BestAsymmetric,validation
2021-02-02,2021-02-03,10.698092971323405,7.090052591887762,AdvGARCH-BestAsymmetric,validation
2021-02-03,2021-02-04,0.006553579964635,6.850603310196716,AdvGARCH-BestAsymmetric,validation
2021-02-04,2021-02-05,1.728785632859906,5.26590467393172,AdvGARCH-BestAsymmetric,validation
2021-02-05,2021-02-08,15.664350744194984,4.548290775521104,AdvGARCH-BestAsymmetric,validation
2021-02-08,2021-02-09,8.346588799606792,5.937509008063654,AdvGARCH-BestAsymmetric,validation
2021-02-09,2021-02-17,12.948351612917367,5.737476688117341,AdvGARCH-BestAsymmetric,validation
2021-02-17,2021-02-18,2.5487828873734144,5.901811041076431,AdvGARCH-BestAsymmetric,validation
2021-02-18,2021-02-19,0.0056191882730801,5.153187122507581,AdvGARCH-BestAsymmetric,validation
2021-02-19,2021-02-22,0.0171990965562516,4.027315153971717,AdvGARCH-BestAsymmetric,validation
2021-02-22,2021-02-23,0.04885188428266,3.1947442991754382,AdvGARCH-BestAsymmetric,validation
2021-02-23,2021-02-24,1.7852090551538884,2.590814270795839,AdvGARCH-BestAsymmetric,validation
2021-02-24,2021-02-25,0.0863685922010339,2.6102396362638176,AdvGARCH-BestAsymmetric,validation
2021-02-25,2021-02-26,0.0678645793866586,2.16099885149021,AdvGARCH-BestAsymmetric,validation
2021-02-26,2021-03-01,2.260340412751501,1.8033373064343938,AdvGARCH-BestAsymmetric,validation
2021-03-01,2021-03-02,0.0013754677373442,1.8192891329147194,AdvGARCH-BestAsymmetric,validation
2021-03-02,2021-03-03,0.0008207623047958,1.4870188058307592,AdvGARCH-BestAsymmetric,validation
2021-03-03,2021-03-04,2.448912301147324,1.2260187875105844,AdvGARCH-BestAsymmetric,validation
2021-03-04,2021-03-05,0.0002116227550263,1.5046434388340637,AdvGARCH-BestAsymmetric,validation
2021-03-05,2021-03-08,0.001291980692468,1.2370942337407795,AdvGARCH-BestAsymmetric,validation
2021-03-08,2021-03-09,0.2923761214947155,1.033397314472415,AdvGARCH-BestAsymmetric,validation
2021-03-09,2021-03-10,0.4837594769954144,1.0003776812232688,AdvGARCH-BestAsymmetric,validation
2021-03-10,2021-03-11,0.9815546422643948,0.9561689164993284,AdvGARCH-BestAsymmetric,validation
2021-03-11,2021-03-12,0.0002069778164541,0.9735816287788553,AdvGARCH-BestAsymmetric,validation
2021-03-12,2021-03-15,0.0643027332166397,0.8183964896427763,AdvGARCH-BestAsymmetric,validation
2021-03-15,2021-03-16,0.1553706585632092,0.7290211052591592,AdvGARCH-BestAsymmetric,validation
2021-03-16,2021-03-17,0.2737899242910557,0.7034612064336354,AdvGARCH-BestAsymmetric,validation
2021-03-17,2021-03-18,1.5481332912326575,0.6742080388228242,AdvGARCH-BestAsymmetric,validation
2021-03-18,2021-03-19,0.3310498706600423,0.7685714803285945,AdvGARCH-BestAsymmetric,validation
2021-03-19,2021-03-22,0.0010124742198036,0.7809679888909962,AdvGARCH-BestAsymmetric,validation
2021-03-22,2021-03-23,0.8528859825364001,0.6652005015526543,AdvGARCH-BestAsymmetric,validation
2021-03-23,2021-03-24,3.405784484981233,0.7768971034648887,AdvGARCH-BestAsymmetric,validation
2021-03-24,2021-03-25,0.012314795662716,1.1770790657868817,AdvGARCH-BestAsymmetric,validation
2021-03-25,2021-03-26,0.0058597397555957,0.9961407893527694,AdvGARCH-BestAsymmetric,validation
2021-03-26,2021-03-29,1.3278733275984689,0.8510458611019209,AdvGARCH-BestAsymmetric,validation
2021-03-29,2021-03-30,0.8177751702540456,0.9117333939415795,AdvGARCH-BestAsymmetric,validation
2021-03-30,2021-03-31,0.1825736474519551,0.9186494909166915,AdvGARCH-BestAsymmetric,validation
2021-03-31,2021-04-01,4.196908399032827,0.8402381004767064,AdvGARCH-BestAsymmetric,validation
2021-04-01,2021-04-02,0.4682318073785952,1.0887592278476084,AdvGARCH-BestAsymmetric,validation
2021-04-02,2021-04-05,0.8890694068712227,1.0286613066672996,AdvGARCH-BestAsymmetric,validation
2021-04-05,2021-04-06,0.0997492041629095,1.027182939007695,AdvGARCH-BestAsymmetric,validation
2021-04-06,2021-04-07,0.0380161793184628,0.9107947336064786,AdvGARCH-BestAsymmetric,validation
2021-04-07,2021-04-08,0.3656617949695199,0.7955594744290142,AdvGARCH-BestAsymmetric,validation
2021-04-08,2021-04-09,0.0685939299115526,0.811964369274371,AdvGARCH-BestAsymmetric,validation
2021-04-09,2021-04-12,2.801867566535839,0.7433297491105058,AdvGARCH-BestAsymmetric,validation
2021-04-12,2021-04-13,0.1085685992002533,0.9155624903017495,AdvGARCH-BestAsymmetric,validation
2021-04-13,2021-04-14,0.3626329687997453,0.8460207326684709,AdvGARCH-BestAsymmetric,validation
2021-04-14,2021-04-15,0.4743671604836424,0.808647532718473,AdvGARCH-BestAsymmetric,validation
2021-04-15,2021-04-16,0.4720531246781877,0.8451239606919672,AdvGARCH-BestAsymmetric,validation
2021-04-16,2021-04-19,3.0629959648129166,0.8768876536111037,AdvGARCH-BestAsymmetric,validation
2021-04-19,2021-04-20,0.3708468135979464,1.0568977213545299,AdvGARCH-BestAsymmetric,validation
2021-04-20,2021-04-22,10.511479982603742,0.9878202459454777,AdvGARCH-BestAsymmetric,validation
2021-04-22,2021-04-23,2.7977982020669034,2.048439011521723,AdvGARCH-BestAsymmetric,validation
2021-04-23,2021-04-26,7.069875969155051,2.0737683796835418,AdvGARCH-BestAsymmetric,validation
2021-04-26,2021-04-27,0.1068177702515163,2.801224516788567,AdvGARCH-BestAsymmetric,validation
2021-04-27,2021-04-28,0.6403727056381737,2.317413770055471,AdvGARCH-BestAsymmetric,validation
2021-04-28,2021-04-29,0.6353802562532533,2.0611776375532087,AdvGARCH-BestAsymmetric,validation
2021-04-29,2021-05-04,0.0512876666991909,1.8538620464896844,AdvGARCH-BestAsymmetric,validation
2021-05-04,2021-05-05,1.2974041483688885,1.554917840238163,AdvGARCH-BestAsymmetric,validation
2021-05-05,2021-05-06,0.2185486546328746,1.5181927283191037,AdvGARCH-BestAsymmetric,validation
2021-05-06,2021-05-07,0.494132324659674,1.3834830097379205,AdvGARCH-BestAsymmetric,validation
2021-05-07,2021-05-10,2.018769062145057,1.3454925571129837,AdvGARCH-BestAsymmetric,validation
2021-05-10,2021-05-11,0.0792094524228185,1.4043037611490419,AdvGARCH-BestAsymmetric,validation
2021-05-11,2021-05-12,1.0683689670129952,1.2346488487172491,AdvGARCH-BestAsymmetric,validation
2021-05-12,2021-05-13,0.3147510754643727,1.2225138598570962,AdvGARCH-BestAsymmetric,validation
2021-05-13,2021-05-14,0.1194948927270032,1.1661989430277828,AdvGARCH-BestAsymmetric,validation
2021-05-14,2021-05-17,0.3681093008020274,1.0296104362872402,AdvGARCH-BestAsymmetric,validation
2021-05-17,2021-05-18,0.2298422025837693,1.0153667810881788,AdvGARCH-BestAsymmetric,validation
2021-05-18,2021-05-19,0.6085100033578476,0.9684877026387901,AdvGARCH-BestAsymmetric,validation
2021-05-19,2021-05-20,1.5332689494683411,0.9446017287225833,AdvGARCH-BestAsymmetric,validation
2021-05-20,2021-05-21,0.1986664550105345,1.011872758301391,AdvGARCH-BestAsymmetric,validation
2021-05-21,2021-05-24,1.1845107713600658,0.9208464344029549,AdvGARCH-BestAsymmetric,validation
2021-05-24,2021-05-25,0.6615170731155926,0.9613833601575157,AdvGARCH-BestAsymmetric,validation
2021-05-25,2021-05-26,0.3826692450882292,0.9446685893396256,AdvGARCH-BestAsymmetric,validation
2021-05-26,2021-05-27,1.0043951904267852,0.895141336484598,AdvGARCH-BestAsymmetric,validation
2021-05-27,2021-05-28,1.65727162339538,1.0102720312080171,AdvGARCH-BestAsymmetric,validation
2021-05-28,2021-05-31,0.3285055315434949,1.0802204424361856,AdvGARCH-BestAsymmetric,validation
2021-05-31,2021-06-01,0.5328741181290064,1.0006852045165053,AdvGARCH-BestAsymmetric,validation
2021-06-01,2021-06-02,0.0501764701325494,0.9627870256973527,AdvGARCH-BestAsymmetric,validation
2021-06-02,2021-06-03,3.01900451692919,0.8426699075801066,AdvGARCH-BestAsymmetric,validation
2021-06-03,2021-06-04,0.5091916058927975,1.0222245964435677,AdvGARCH-BestAsymmetric,validation
2021-06-04,2021-06-07,1.2488833393722787,0.9780135342208668,AdvGARCH-BestAsymmetric,validation
2021-06-07,2021-06-08,8.436942215340656,1.1210942057540074,AdvGARCH-BestAsymmetric,validation
2021-06-08,2021-06-09,0.9635770887636846,2.0004199809048253,AdvGARCH-BestAsymmetric,validation
2021-06-09,2021-06-10,0.4923594509595709,1.850499099215154,AdvGARCH-BestAsymmetric,validation
2021-06-10,2021-06-11,4.4320627369374535,1.735384892370862,AdvGARCH-BestAsymmetric,validation
2021-06-11,2021-06-14,0.5411007585268014,1.9229975065787952,AdvGARCH-BestAsymmetric,validation
2021-06-14,2021-06-15,0.1708389534964715,1.7269646850465485,AdvGARCH-BestAsymmetric,validation
2021-06-15,2021-06-16,0.6335008462154236,1.4953235287356696,AdvGARCH-BestAsymmetric,validation
2021-06-16,2021-06-17,0.0626639901398827,1.4706107369038268,AdvGARCH-BestAsymmetric,validation
2021-06-17,2021-06-18,1.7005139602823875,1.2565678441444261,AdvGARCH-BestAsymmetric,validation
2021-06-18,2021-06-21,0.1396997155457911,1.300201226179033,AdvGARCH-BestAsymmetric,validation
2021-06-21,2021-06-22,0.284425125779956,1.1764414143973538,AdvGARCH-BestAsymmetric,validation
2021-06-22,2021-06-23,0.0505778800491605,1.0730697108978862,AdvGARCH-BestAsymmetric,validation
2021-06-23,2021-06-24,0.042756846647676,0.9499819900651532,AdvGARCH-BestAsymmetric,validation
2021-06-24,2021-06-25,0.5639250493998573,0.8294050798922914,AdvGARCH-BestAsymmetric,validation
2021-06-25,2021-06-28,1.2596863062253096,0.8198586810857221,AdvGARCH-BestAsymmetric,validation
2021-06-28,2021-06-29,0.0902656153029111,0.8782405353135311,AdvGARCH-BestAsymmetric,validation
2021-06-29,2021-06-30,0.0111781207193246,0.7858153715356689,AdvGARCH-BestAsymmetric,validation
2021-06-30,2021-07-01,0.3645273399631648,0.6869407732524913,AdvGARCH-BestAsymmetric,validation
2021-07-01,2021-07-02,0.0505610286336511,0.6725030752569402,AdvGARCH-BestAsymmetric,validation
2021-07-02,2021-07-05,0.4168242183273023,0.6038819472139199,AdvGARCH-BestAsymmetric,validation
2021-07-05,2021-07-06,16.601013312283214,0.6514669262234368,AdvGARCH-BestAsymmetric,validation
2021-07-06,2021-07-07,6.058281445881023,2.26426853291898,AdvGARCH-BestAsymmetric,validation
2021-07-07,2021-07-08,1.0078273448945338,2.496003502894411,AdvGARCH-BestAsymmetric,validation
2021-07-08,2021-07-09,4.095422426959989,2.386291066707753,AdvGARCH-BestAsymmetric,validation
2021-07-09,2021-07-12,14.799235172407151,2.758295269091002,AdvGARCH-BestAsymmetric,validation
2021-07-12,2021-07-13,0.009141491530764,4.190036564327802,AdvGARCH-BestAsymmetric,validation
2021-07-13,2021-07-14,1.871533753406208,3.305793433661022,AdvGARCH-BestAsymmetric,validation
2021-07-14,2021-07-15,1.185182208099543,3.222393724412627,AdvGARCH-BestAsymmetric,validation
2021-07-15,2021-07-16,0.1728051567276786,2.866400397582522,AdvGARCH-BestAsymmetric,validation
2021-07-16,2021-07-19,19.26799845022637,2.3917918825120954,AdvGARCH-BestAsymmetric,validation
2021-07-19,2021-07-20,5.600831490366748,4.229383021558515,AdvGARCH-BestAsymmetric,validation
2021-07-20,2021-07-21,0.0386259132356042,4.12456078178396,AdvGARCH-BestAsymmetric,validation
2021-07-21,2021-07-22,3.1842211341003503,3.3154951800792687,AdvGARCH-BestAsymmetric,validation
2021-07-22,2021-07-23,3.75891611125588,3.1647042093722653,AdvGARCH-BestAsymmetric,validation
2021-07-23,2021-07-26,0.0932245335056029,3.3954666354140226,AdvGARCH-BestAsymmetric,validation
2021-07-26,2021-07-27,0.1095791578755464,2.768042168442099,AdvGARCH-BestAsymmetric,validation
2021-07-27,2021-07-28,0.0001201916445908,2.292867186625449,AdvGARCH-BestAsymmetric,validation
2021-07-28,2021-07-29,1.6539600353625152,1.8467052981629286,AdvGARCH-BestAsymmetric,validation
2021-07-29,2021-07-30,1.5967544948591652,1.7999946376316363,AdvGARCH-BestAsymmetric,validation
2021-07-30,2021-08-02,0.1009987039707803,1.7550436540738241,AdvGARCH-BestAsymmetric,validation
2021-08-02,2021-08-03,1.8957198194932552,1.4968456536651542,AdvGARCH-BestAsymmetric,validation
2021-08-03,2021-08-04,0.0297448118967559,1.5250179325848743,AdvGARCH-BestAsymmetric,validation
2021-08-04,2021-08-05,0.6506576147304501,1.2842423773651628,AdvGARCH-BestAsymmetric,validation
2021-08-05,2021-08-06,0.0931307383293993,1.2170504511281934,AdvGARCH-BestAsymmetric,validation
2021-08-06,2021-08-09,1.8579420490159877,1.0890033664512473,AdvGARCH-BestAsymmetric,validation
2021-08-09,2021-08-10,0.0356498511082493,1.1659992812622297,AdvGARCH-BestAsymmetric,validation
2021-08-10,2021-08-11,0.1163827824804467,1.0010786874720283,AdvGARCH-BestAsymmetric,validation
2021-08-11,2021-08-12,0.1222953063583315,0.9203138077970585,AdvGARCH-BestAsymmetric,validation
2021-08-12,2021-08-13,0.0871384784453648,0.8549919119986598,AdvGARCH-BestAsymmetric,validation
2021-08-13,2021-08-16,1.0399916754691487,0.7657762078024036,AdvGARCH-BestAsymmetric,validation
2021-08-16,2021-08-17,0.3314354435277737,0.8112737581424757,AdvGARCH-BestAsymmetric,validation
2021-08-17,2021-08-18,0.0249180078972991,0.8183638078688106,AdvGARCH-BestAsymmetric,validation
2021-08-18,2021-08-19,1.034084957658442,0.7250935841495036,AdvGARCH-BestAsymmetric,validation
2021-08-19,2021-08-20,11.285807091304966,0.7744240658246828,AdvGARCH-BestAsymmetric,validation
2021-08-20,2021-08-23,5.411821632013326,1.8957989366301233,AdvGARCH-BestAsymmetric,validation
2021-08-23,2021-08-24,8.536462420535458e-05,2.4617930329133126,AdvGARCH-BestAsymmetric,validation
2021-08-24,2021-08-25,0.6870757170728501,1.9766588006469006,AdvGARCH-BestAsymmetric,validation
2021-08-25,2021-08-26,0.4170750420782061,1.7931446352146618,AdvGARCH-BestAsymmetric,validation
2021-08-26,2021-08-27,0.8540485329092148,1.6684354709519187,AdvGARCH-BestAsymmetric,validation
2021-08-27,2021-08-30,1.2797402595336076,1.5629911653768618,AdvGARCH-BestAsymmetric,validation
2021-08-30,2021-08-31,0.0627065630623478,1.5231878195415276,AdvGARCH-BestAsymmetric,validation
2021-08-31,2021-09-01,0.0569056328666982,1.2984731931186488,AdvGARCH-BestAsymmetric,validation
2021-09-01,2021-09-06,0.7669996218071843,1.1165963509215324,AdvGARCH-BestAsymmetric,validation
2021-09-06,2021-09-07,0.1115838258583112,1.0893731461804497,AdvGARCH-BestAsymmetric,validation
2021-09-07,2021-09-08,0.3840242724271654,0.9917399961490859,AdvGARCH-BestAsymmetric,validation
2021-09-08,2021-09-09,0.5999757427909345,0.986395732871349,AdvGARCH-BestAsymmetric,validation
2021-09-09,2021-09-10,0.009783360800291,0.9588876009777804,AdvGARCH-BestAsymmetric,validation
2021-09-10,2021-09-13,0.0834204953018611,0.8191143524344267,AdvGARCH-BestAsymmetric,validation
2021-09-13,2021-09-14,0.0166539238245993,0.7555303408856313,AdvGARCH-BestAsymmetric,validation
2021-09-14,2021-09-15,0.208411861391793,0.6670808216734044,AdvGARCH-BestAsymmetric,validation
2021-09-15,2021-09-16,8.833374944135227e-06,0.6329785775131981,AdvGARCH-BestAsymmetric,validation
2021-09-16,2021-09-17,0.2517625260662404,0.5411081715332794,AdvGARCH-BestAsymmetric,validation
2021-09-17,2021-09-20,0.0255409488218125,0.5309316500325898,AdvGARCH-BestAsymmetric,validation
2021-09-20,2021-09-21,0.6256621683862371,0.4860728914024717,AdvGARCH-BestAsymmetric,validation
2021-09-21,2021-09-22,0.6493080782631847,0.5764465389918202,AdvGARCH-BestAsymmetric,validation
2021-09-22,2021-09-23,0.023678455022373,0.6066056556786975,AdvGARCH-BestAsymmetric,validation
2021-09-23,2021-09-24,0.0138313143395197,0.5393364393180325,AdvGARCH-BestAsymmetric,validation
2021-09-24,2021-09-27,3.828272422415496,0.48534471426138115,AdvGARCH-BestAsymmetric,validation
2021-09-27,2021-09-28,1.1555484032608674,0.9171344359186129,AdvGARCH-BestAsymmetric,validation
2021-09-28,2021-09-29,5.575325206713305e-05,0.9555385244047192,AdvGARCH-BestAsymmetric,validation
2021-09-29,2021-09-30,0.0451927678238876,0.8023816638394919,AdvGARCH-BestAsymmetric,validation
2021-09-30,2021-10-01,0.2869590069123234,0.7095263316199957,AdvGARCH-BestAsymmetric,validation
2021-10-01,2021-10-04,0.1209217160727008,0.7195874006203902,AdvGARCH-BestAsymmetric,validation
2021-10-04,2021-10-05,1.2548666056334208,0.6611571764806854,AdvGARCH-BestAsymmetric,validation
2021-10-05,2021-10-06,0.363335054701863,0.7346707024074514,AdvGARCH-BestAsymmetric,validation
2021-10-06,2021-10-07,0.0539799292056889,0.7135026969354645,AdvGARCH-BestAsymmetric,validation
2021-10-07,2021-10-08,0.2422625428098201,0.6390309521909311,AdvGARCH-BestAsymmetric,validation
2021-10-08,2021-10-11,2.384064119474745,0.6142545595088617,AdvGARCH-BestAsymmetric,validation
2021-10-11,2021-10-12,0.0025924711816483,0.7675775072645867,AdvGARCH-BestAsymmetric,validation
2021-10-12,2021-10-13,0.043020201094552,0.6571133110048594,AdvGARCH-BestAsymmetric,validation
2021-10-13,2021-10-14,1.8582276241239155e-05,0.6017046124283049,AdvGARCH-BestAsymmetric,validation
2021-10-14,2021-10-15,0.0037272440365911,0.516021877082807,AdvGARCH-BestAsymmetric,validation
2021-10-15,2021-10-18,0.0412074717223573,0.4523811556506483,AdvGARCH-BestAsymmetric,validation
2021-10-18,2021-10-19,0.0002054205471957,0.4160354691911175,AdvGARCH-BestAsymmetric,validation
2021-10-19,2021-10-20,0.012036644283499,0.3646960922767933,AdvGARCH-BestAsymmetric,validation
2021-10-20,2021-10-21,0.4224699907147212,0.33626279273440596,AdvGARCH-BestAsymmetric,validation
2021-10-21,2021-10-22,0.1038627326357175,0.4041821611207294,AdvGARCH-BestAsymmetric,validation
2021-10-22,2021-10-25,0.0766142772237032,0.38871243320560467,AdvGARCH-BestAsymmetric,validation
2021-10-25,2021-10-26,0.2013151221701667,0.3843933254456609,AdvGARCH-BestAsymmetric,validation
2021-10-26,2021-10-27,4.975421040294883,0.38632798531843515,AdvGARCH-BestAsymmetric,validation
2021-10-27,2021-10-28,1.0980607841681207,0.6735607423941511,AdvGARCH-BestAsymmetric,validation
2021-10-28,2021-10-29,0.1886851350804401,0.7334328772689802,AdvGARCH-BestAsymmetric,validation
2021-10-29,2021-11-01,0.1351609140151505,0.6859948211673675,AdvGARCH-BestAsymmetric,validation
2021-11-01,2021-11-02,0.8706925479870633,0.6605565394750396,AdvGARCH-BestAsymmetric,validation
2021-11-02,2021-11-03,0.3174077865606339,0.7023238649524658,AdvGARCH-BestAsymmetric,validation
2021-11-03,2021-11-04,0.0780251318950003,0.7198597655431623,AdvGARCH-BestAsymmetric,validation
2021-11-04,2021-11-05,0.3164163905277483,0.651207321511138,AdvGARCH-BestAsymmetric,validation
2021-11-05,2021-11-08,0.5722632892702788,0.6352683479481092,AdvGARCH-BestAsymmetric,validation
2021-11-08,2021-11-09,0.1717825777423685,0.6512619912536208,AdvGARCH-BestAsymmetric,validation
2021-11-09,2021-11-10,0.0578685691569425,0.6409510719612683,AdvGARCH-BestAsymmetric,validation
2021-11-10,2021-11-11,0.0332757244454099,0.5797690716030863,AdvGARCH-BestAsymmetric,validation
2021-11-11,2021-11-12,0.5636350562840569,0.5315876092019846,AdvGARCH-BestAsymmetric,validation
2021-11-12,2021-11-15,0.0470688863590858,0.5581207337246493,AdvGARCH-BestAsymmetric,validation
2021-11-15,2021-11-16,0.4729748116245648,0.5071429670374321,AdvGARCH-BestAsymmetric,validation
2021-11-16,2021-11-17,0.40826744424175,0.5726968249936997,AdvGARCH-BestAsymmetric,validation
2021-11-17,2021-11-18,0.1670640675036151,0.5781989791004403,AdvGARCH-BestAsymmetric,validation
2021-11-18,2021-11-19,1.4313283722317711,0.5760492154597366,AdvGARCH-BestAsymmetric,validation
2021-11-19,2021-11-22,0.1237442583360642,0.7663906258234161,AdvGARCH-BestAsymmetric,validation
2021-11-22,2021-11-23,1.2666258581863683,0.7256113278713221,AdvGARCH-BestAsymmetric,validation
2021-11-23,2021-11-24,2.923344781612152,0.7941158385698466,AdvGARCH-BestAsymmetric,validation
2021-11-24,2021-11-25,0.6380046596767257,0.9708233995804976,AdvGARCH-BestAsymmetric,validation
2021-11-25,2021-11-26,0.2701244946030526,0.9500579593900796,AdvGARCH-BestAsymmetric,validation
2021-11-26,2021-11-29,0.3025648797186475,0.9236657396249437,AdvGARCH-BestAsymmetric,validation
2021-11-29,2021-11-30,0.1865846491020368,0.9090326095105641,AdvGARCH-BestAsymmetric,validation
2021-11-30,2021-12-01,0.2075014205290045,0.8660711271517143,AdvGARCH-BestAsymmetric,validation
2021-12-01,2021-12-02,0.0447934240863952,0.8010376694393746,AdvGARCH-BestAsymmetric,validation
2021-12-02,2021-12-03,7.012035907074128,0.7228121311259127,AdvGARCH-BestAsymmetric,validation
2021-12-03,2021-12-06,4.334941271489592,1.4598432670004404,AdvGARCH-BestAsymmetric,validation
2021-12-06,2021-12-07,5.38610884102854,1.937064389762796,AdvGARCH-BestAsymmetric,validation
2021-12-07,2021-12-08,0.1770242562530693,2.164157446998253,AdvGARCH-BestAsymmetric,validation
2021-12-08,2021-12-09,1.070479018660655,1.8440385587720949,AdvGARCH-BestAsymmetric,validation
2021-12-09,2021-12-10,0.0917573521914629,1.734853519896205,AdvGARCH-BestAsymmetric,validation
2021-12-10,2021-12-13,0.7430153759165636,1.507089487070995,AdvGARCH-BestAsymmetric,validation
2021-12-13,2021-12-14,0.0001656787526269,1.4149524230675492,AdvGARCH-BestAsymmetric,validation
2021-12-14,2021-12-15,0.001241581482623,1.1675555038234708,AdvGARCH-BestAsymmetric,validation
2021-12-15,2021-12-16,0.0056551081903051,0.9780335472624063,AdvGARCH-BestAsymmetric,validation
2021-12-16,2021-12-17,0.0462794489398934,0.8306971933366476,AdvGARCH-BestAsymmetric,validation
2021-12-17,2021-12-20,0.0276816841350729,0.7331911134689387,AdvGARCH-BestAsymmetric,validation
2021-12-20,2021-12-21,0.009100575448846,0.6565887566861863,AdvGARCH-BestAsymmetric,validation
2021-12-21,2021-12-22,0.0052396015195704,0.5727525433828545,AdvGARCH-BestAsymmetric,validation
2021-12-22,2021-12-23,1.992176913695392,0.5048255517163114,AdvGARCH-BestAsymmetric,validation
2021-12-23,2021-12-24,1.8717637228671864,0.7575108956531793,AdvGARCH-BestAsymmetric,validation
2021-12-24,2021-12-27,0.6385359851594573,0.8682370705927468,AdvGARCH-BestAsymmetric,validation
2021-12-27,2021-12-28,0.1364517327618313,0.861862199562325,AdvGARCH-BestAsymmetric,validation
2021-12-28,2021-12-29,0.3307731842534792,0.7834035715650468,AdvGARCH-BestAsymmetric,validation
2021-12-29,2021-12-30,0.0001019075301841,0.7938869478346607,AdvGARCH-BestAsymmetric,validation
2021-12-30,2021-12-31,0.6806292652244172,0.6724855791367977,AdvGARCH-BestAsymmetric,validation
2021-12-31,2022-01-04,3.2605099137684044,0.6951508960176523,AdvGARCH-BestAsymmetric,validation
2022-01-04,2022-01-05,0.0408421877386783,0.8967704420904169,AdvGARCH-BestAsymmetric,validation
2022-01-05,2022-01-06,0.1583194148629771,0.7997816309848647,AdvGARCH-BestAsymmetric,validation
2022-01-06,2022-01-07,3.466888916717849e-05,0.7361516720095692,AdvGARCH-BestAsymmetric,validation
2022-01-07,2022-01-10,2.6694297971607823,0.625618487411796,AdvGARCH-BestAsymmetric,validation
2022-01-10,2022-01-11,0.5791412105719106,0.9500721207023234,AdvGARCH-BestAsymmetric,validation
2022-01-11,2022-01-12,1.469449968423449,0.9895428428244447,AdvGARCH-BestAsymmetric,validation
2022-01-12,2022-01-13,0.9252594386149106,1.0464889464636193,AdvGARCH-BestAsymmetric,validation
2022-01-13,2022-01-14,4.021230809949571e-06,1.1342992668721092,AdvGARCH-BestAsymmetric,validation
2022-01-14,2022-01-17,8.577861779061374,0.9433614531388547,AdvGARCH-BestAsymmetric,validation
2022-01-17,2022-01-18,0.9241996120524796,1.8304384497328103,AdvGARCH-BestAsymmetric,validation
2022-01-18,2022-01-19,0.0713962483719635,1.8130865081472045,AdvGARCH-BestAsymmetric,validation
2022-01-19,2022-01-20,2.396694299563955,1.531733682914205,AdvGARCH-BestAsymmetric,validation
2022-01-20,2022-01-21,0.2669228311266386,1.5969705027997174,AdvGARCH-BestAsymmetric,validation
2022-01-21,2022-01-24,5.19144957677216,1.4132475576662367,AdvGARCH-BestAsymmetric,validation
2022-01-24,2022-01-25,7.461944120148481,1.9819287394260652,AdvGARCH-BestAsymmetric,validation
2022-01-25,2022-01-26,0.0182472056354126,2.331105536216769,AdvGARCH-BestAsymmetric,validation
2022-01-26,2022-01-27,0.5372614259470304,1.9055951547945087,AdvGARCH-BestAsymmetric,validation
2022-01-27,2022-01-28,0.3091208848418566,1.7921453225803063,AdvGARCH-BestAsymmetric,validation
2022-01-28,2022-02-07,1.5787299229773026,1.5793990276210903,AdvGARCH-BestAsymmetric,validation
2022-02-07,2022-02-08,0.0493284261128678,1.566774641498713,AdvGARCH-BestAsymmetric,validation
2022-02-08,2022-02-09,0.0852913112285084,1.3273498082075708,AdvGARCH-BestAsymmetric,validation
2022-02-09,2022-02-10,0.0087647457494785,1.149977325492271,AdvGARCH-BestAsymmetric,validation
2022-02-10,2022-02-11,0.1140481407730615,0.9714631327759343,AdvGARCH-BestAsymmetric,validation
2022-02-11,2022-02-14,4.003846034921644,0.8947594615775645,AdvGARCH-BestAsymmetric,validation
2022-02-14,2022-02-15,1.9670652734045644,1.3548391383517442,AdvGARCH-BestAsymmetric,validation
2022-02-15,2022-02-16,0.0018968880308684,1.4081821538424417,AdvGARCH-BestAsymmetric,validation
2022-02-16,2022-02-17,1.122140769245723,1.170630195729172,AdvGARCH-BestAsymmetric,validation
2022-02-17,2022-02-18,0.0437252358911797,1.1729863234528295,AdvGARCH-BestAsymmetric,validation
2022-02-18,2022-02-21,0.1583409064037323,1.0272264446161188,AdvGARCH-BestAsymmetric,validation
2022-02-21,2022-02-22,0.2391227349223014,0.9251321171769432,AdvGARCH-BestAsymmetric,validation
2022-02-22,2022-02-23,0.3429157616051995,0.8943550547262609,AdvGARCH-BestAsymmetric,validation
2022-02-23,2022-02-24,1.3469467288223498,0.8468252384018562,AdvGARCH-BestAsymmetric,validation
2022-02-24,2022-02-25,0.0728442185423715,1.0136063983447337,AdvGARCH-BestAsymmetric,validation
2022-02-25,2022-02-28,0.3435682703713377,0.8918151490398472,AdvGARCH-BestAsymmetric,validation
2022-02-28,2022-03-01,0.3350186274967215,0.8910360365512807,AdvGARCH-BestAsymmetric,validation
2022-03-01,2022-03-02,0.7897102913909818,0.8428508251034991,AdvGARCH-BestAsymmetric,validation
2022-03-02,2022-03-03,1.6972927621476632,0.9300087603039309,AdvGARCH-BestAsymmetric,validation
2022-03-03,2022-03-04,0.0004806839941866,1.0118222509225125,AdvGARCH-BestAsymmetric,validation
2022-03-04,2022-03-07,0.1747715827843937,0.8491240162610141,AdvGARCH-BestAsymmetric,validation
2022-03-07,2022-03-08,2.9065282793306784,0.8117218481072235,AdvGARCH-BestAsymmetric,validation
2022-03-08,2022-03-09,4.143903255486161e-06,1.1604026575474,AdvGARCH-BestAsymmetric,validation
2022-03-09,2022-03-10,0.1308186023197331,0.9638888098390628,AdvGARCH-BestAsymmetric,validation
2022-03-10,2022-03-11,0.7249480262949388,0.8666343519338493,AdvGARCH-BestAsymmetric,validation
2022-03-11,2022-03-14,1.940974298078772,0.9409333203584114,AdvGARCH-BestAsymmetric,validation
2022-03-14,2022-03-15,0.2004736979473137,1.176652755848978,AdvGARCH-BestAsymmetric,validation
2022-03-15,2022-03-16,0.2048465635146144,1.0570812000245102,AdvGARCH-BestAsymmetric,validation
2022-03-16,2022-03-17,0.0189446795575115,0.9594885380307354,AdvGARCH-BestAsymmetric,validation
2022-03-17,2022-03-18,0.2804915592052127,0.8258558201055612,AdvGARCH-BestAsymmetric,validation
2022-03-18,2022-03-21,3.042510301896478,0.7794083184376142,AdvGARCH-BestAsymmetric,validation
2022-03-21,2022-03-22,0.3468240297098041,0.9642093399694247,AdvGARCH-BestAsymmetric,validation
2022-03-22,2022-03-23,0.0091785148718354,0.9063588647611701,AdvGARCH-BestAsymmetric,validation
2022-03-23,2022-03-24,0.0739545064300968,0.7829702651417837,AdvGARCH-BestAsymmetric,validation
2022-03-24,2022-03-25,0.0002565538581837,0.7213481245002767,AdvGARCH-BestAsymmetric,validation
2022-03-25,2022-03-28,1.0559980128443454,0.6146761309068032,AdvGARCH-BestAsymmetric,validation
2022-03-28,2022-03-29,0.9569197018395468,0.7572196123434358,AdvGARCH-BestAsymmetric,validation
2022-03-29,2022-03-30,0.2354496444813368,0.7962929649335168,AdvGARCH-BestAsymmetric,validation
2022-03-30,2022-03-31,0.0120931732563713,0.7828917564421511,AdvGARCH-BestAsymmetric,validation
2022-03-31,2022-04-01,2.607401303697469,0.6781813619355197,AdvGARCH-BestAsymmetric,validation
2022-04-01,2022-04-04,0.2950865363946971,0.8420353363073977,AdvGARCH-BestAsymmetric,validation
2022-04-04,2022-04-05,0.09410156815978,0.7953625736501022,AdvGARCH-BestAsymmetric,validation
2022-04-05,2022-04-06,0.0355827999144168,0.7397287404015159,AdvGARCH-BestAsymmetric,validation
2022-04-06,2022-04-07,1.845756746133211,0.6543484290396585,AdvGARCH-BestAsymmetric,validation
2022-04-07,2022-04-08,1.8599564295348143,0.890595933225152,AdvGARCH-BestAsymmetric,validation
2022-04-08,2022-04-12,3.317796568560508,1.119341582514715,AdvGARCH-BestAsymmetric,validation
2022-04-12,2022-04-13,2.2412176347286983,1.5031800234431347,AdvGARCH-BestAsymmetric,validation
2022-04-13,2022-04-14,0.1186709675031117,1.559610582395859,AdvGARCH-BestAsymmetric,validation
2022-04-14,2022-04-15,0.8563450026802516,1.3791137220618264,AdvGARCH-BestAsymmetric,validation
2022-04-15,2022-04-18,3.225139156963737,1.4144144945667265,AdvGARCH-BestAsymmetric,validation
2022-04-18,2022-04-19,3.3937657292333743,1.77131218420769,AdvGARCH-BestAsymmetric,validation
2022-04-19,2022-04-20,2.4245124341762705,2.119485360043249,AdvGARCH-BestAsymmetric,validation
2022-04-20,2022-04-21,1.109638997468357,2.304058915681457,AdvGARCH-BestAsymmetric,validation
2022-04-21,2022-04-22,0.4305144066915168,2.247363107573978,AdvGARCH-BestAsymmetric,validation
2022-04-22,2022-04-25,25.802530842890924,1.9681508550237308,AdvGARCH-BestAsymmetric,validation
2022-04-25,2022-04-26,5.262405488369011,4.366536466746715,AdvGARCH-BestAsymmetric,validation
2022-04-26,2022-04-27,0.8508547277394044,4.208856081966482,AdvGARCH-BestAsymmetric,validation
2022-04-27,2022-04-28,0.0422563925888465,3.5874839033135477,AdvGARCH-BestAsymmetric,validation
2022-04-28,2022-04-29,1.3536355027087716,2.912178646169335,AdvGARCH-BestAsymmetric,validation
2022-04-29,2022-05-04,1.7811317821270536,2.640742502716092,AdvGARCH-BestAsymmetric,validation
2022-05-04,2022-05-05,0.7846838850035229,2.651646936057078,AdvGARCH-BestAsymmetric,validation
2022-05-05,2022-05-06,5.457913784856381,2.3518978024454893,AdvGARCH-BestAsymmetric,validation
2022-05-06,2022-05-09,21.07246376843707,2.8867525794718296,AdvGARCH-BestAsymmetric,validation
2022-05-09,2022-05-10,3.4895974437640893,4.871296148409858,AdvGARCH-BestAsymmetric,validation
2022-05-10,2022-05-11,0.3772893243323654,4.450858707047338,AdvGARCH-BestAsymmetric,validation
2022-05-11,2022-05-12,24.369069377939013,3.6702395068264697,AdvGARCH-BestAsymmetric,validation
2022-05-12,2022-05-13,21.45200829300172,5.91473910805291,AdvGARCH-BestAsymmetric,validation
2022-05-13,2022-05-16,0.8445825050431754,7.7308558790860635,AdvGARCH-BestAsymmetric,validation
2022-05-16,2022-05-17,22.10791922900586,6.439814713266453,AdvGARCH-BestAsymmetric,validation
2022-05-17,2022-05-18,1.0072145297005026,7.048172028431881,AdvGARCH-BestAsymmetric,validation
2022-05-18,2022-05-19,0.0050266870380628,5.784143180099019,AdvGARCH-BestAsymmetric,validation
2022-05-19,2022-05-20,0.0056143553761866,4.480252591734009,AdvGARCH-BestAsymmetric,validation
2022-05-20,2022-05-23,3.1715419491716648,3.526750082979615,AdvGARCH-BestAsymmetric,validation
2022-05-23,2022-05-24,1.4121508187671683,3.6193789020312015,AdvGARCH-BestAsymmetric,validation
2022-05-24,2022-05-25,7.852071042943518,3.2132765035258886,AdvGARCH-BestAsymmetric,validation
2022-05-25,2022-05-26,0.0001218078083452,3.43629715972801,AdvGARCH-BestAsymmetric,validation
2022-05-26,2022-05-27,1.747305868676365,2.715038456147489,AdvGARCH-BestAsymmetric,validation
2022-05-27,2022-05-30,0.4313230278725308,2.5279674473677973,AdvGARCH-BestAsymmetric,validation
2022-05-30,2022-05-31,0.0091927379819102,2.1913303200852523,AdvGARCH-BestAsymmetric,validation
2022-05-31,2022-06-01,0.2785076944454149,1.7983315559471207,AdvGARCH-BestAsymmetric,validation
2022-06-01,2022-06-02,0.7094839787224755,1.5779705103983583,AdvGARCH-BestAsymmetric,validation
2022-06-02,2022-06-03,0.0024678908753368,1.5564747321074992,AdvGARCH-BestAsymmetric,validation
2022-06-03,2022-06-06,0.0248021762794326,1.2889734456550601,AdvGARCH-BestAsymmetric,validation
2022-06-06,2022-06-07,0.0107788521263349,1.093845822509991,AdvGARCH-BestAsymmetric,validation
2022-06-07,2022-06-08,1.62365203625605,0.9283467060368585,AdvGARCH-BestAsymmetric,validation
2022-06-08,2022-06-09,7.074018263381634e-05,1.004585955434616,AdvGARCH-BestAsymmetric,validation
2022-06-09,2022-06-10,3.350301019629325,0.841769488643246,AdvGARCH-BestAsymmetric,validation
2022-06-10,2022-06-13,20.64588542406384,1.2361503631500463,AdvGARCH-BestAsymmetric,validation
2022-06-13,2022-06-14,0.0708307718816595,3.1909553769519503,AdvGARCH-BestAsymmetric,validation
2022-06-14,2022-06-15,1.796441565238617,2.6005252116840976,AdvGARCH-BestAsymmetric,validation
2022-06-15,2022-06-16,3.432463040017097,2.620330877306527,AdvGARCH-BestAsymmetric,validation
2022-06-16,2022-06-17,2.4820888579092317,2.610171428172776,AdvGARCH-BestAsymmetric,validation
2022-06-17,2022-06-20,9.47527051181594,2.7371103424047627,AdvGARCH-BestAsymmetric,validation
2022-06-20,2022-06-21,0.4543743324349223,3.6639670237392554,AdvGARCH-BestAsymmetric,validation
2022-06-21,2022-06-22,0.0746935567234301,3.179740912236918,AdvGARCH-BestAsymmetric,validation
2022-06-22,2022-06-23,2.766255864563167,2.6283244443187983,AdvGARCH-BestAsymmetric,validation
2022-06-23,2022-06-24,0.0820210424345146,2.558706409766455,AdvGARCH-BestAsymmetric,validation
2022-06-24,2022-06-27,2.1086071885158946,2.151991369414868,AdvGARCH-BestAsymmetric,validation
2022-06-27,2022-06-28,1.593519408496492,2.1000855186538407,AdvGARCH-BestAsymmetric,validation
2022-06-28,2022-06-29,6.739655204912147e-07,2.005425919434474,AdvGARCH-BestAsymmetric,validation
2022-06-29,2022-06-30,2.8779439800812714,1.623356390625983,AdvGARCH-BestAsymmetric,validation
2022-06-30,2022-07-01,0.0117704187689308,1.9220005147939836,AdvGARCH-BestAsymmetric,validation
2022-07-01,2022-07-04,0.0792348201052211,1.5823118806755558,AdvGARCH-BestAsymmetric,validation
2022-07-04,2022-07-05,1.4358126528100246,1.378128732852393,AdvGARCH-BestAsymmetric,validation
2022-07-05,2022-07-06,7.389865614079536,1.508009575224389,AdvGARCH-BestAsymmetric,validation
2022-07-06,2022-07-07,2.1222407761584665,2.290100015928102,AdvGARCH-BestAsymmetric,validation
2022-07-07,2022-07-08,0.1707436242121409,2.2167295847411124,AdvGARCH-BestAsymmetric,validation
2022-07-08,2022-07-11,1.896510687995091,1.8836416204806607,AdvGARCH-BestAsymmetric,validation
2022-07-11,2022-07-12,2.8101659729648394,2.0214746400044854,AdvGARCH-BestAsymmetric,validation
2022-07-12,2022-07-13,0.0058732050643028,2.05182773916237,AdvGARCH-BestAsymmetric,validation
2022-07-13,2022-07-14,0.4904420356514064,1.6837535651965108,AdvGARCH-BestAsymmetric,validation
2022-07-14,2022-07-15,0.0611617161101388,1.5242525591239107,AdvGARCH-BestAsymmetric,validation
2022-07-15,2022-07-18,0.0549065100896944,1.32123316824125,AdvGARCH-BestAsymmetric,validation
2022-07-18,2022-07-19,0.0244219525267298,1.154080558798344,AdvGARCH-BestAsymmetric,validation
2022-07-19,2022-07-20,1.7763769532234184,0.985734701882946,AdvGARCH-BestAsymmetric,validation
2022-07-20,2022-07-21,0.1310065184317032,1.0677815263261352,AdvGARCH-BestAsymmetric,validation
2022-07-21,2022-07-22,0.0961257253308801,0.9521286659596845,AdvGARCH-BestAsymmetric,validation
2022-07-22,2022-07-25,0.2759737706228845,0.8717178574423914,AdvGARCH-BestAsymmetric,validation
2022-07-25,2022-07-26,0.0835304358694094,0.857922372640461,AdvGARCH-BestAsymmetric,validation
2022-07-26,2022-07-27,0.2525093111697122,0.7880553061413769,AdvGARCH-BestAsymmetric,validation
2022-07-27,2022-07-28,2.02736513860254,0.7429724397628189,AdvGARCH-BestAsymmetric,validation
2022-07-28,2022-07-29,0.0219851675662213,0.865557969234387,AdvGARCH-BestAsymmetric,validation
2022-07-29,2022-08-01,4.214166749504341,0.7616869126619981,AdvGARCH-BestAsymmetric,validation
2022-08-01,2022-08-02,0.6898714562213188,1.0141340571693434,AdvGARCH-BestAsymmetric,validation
2022-08-02,2022-08-03,0.4270040010021521,0.9931084529705403,AdvGARCH-BestAsymmetric,validation
2022-08-03,2022-08-04,0.1229567831793093,0.9423253737535487,AdvGARCH-BestAsymmetric,validation
2022-08-04,2022-08-05,0.0126539977340546,0.8469742361122021,AdvGARCH-BestAsymmetric,validation
2022-08-05,2022-08-08,0.1021359274837244,0.738419461017608,AdvGARCH-BestAsymmetric,validation
2022-08-08,2022-08-09,0.0278750471367201,0.6727021387699832,AdvGARCH-BestAsymmetric,validation
2022-08-09,2022-08-10,0.0349139608846283,0.5959005961252144,AdvGARCH-BestAsymmetric,validation
2022-08-10,2022-08-11,0.1247429178058028,0.5460540134787395,AdvGARCH-BestAsymmetric,validation
2022-08-11,2022-08-12,0.6660254086755314,0.5365148851508408,AdvGARCH-BestAsymmetric,validation
2022-08-12,2022-08-15,0.8759670360790162,0.572274750566845,AdvGARCH-BestAsymmetric,validation
2022-08-15,2022-08-16,0.0014782571055336,0.6231507846264127,AdvGARCH-BestAsymmetric,validation
2022-08-16,2022-08-17,0.0021413807191485,0.5377286149159757,AdvGARCH-BestAsymmetric,validation
2022-08-17,2022-08-18,0.0161573789935176,0.46852596549509384,AdvGARCH-BestAsymmetric,validation
2022-08-18,2022-08-19,0.124159183844011,0.42743977499498237,AdvGARCH-BestAsymmetric,validation
2022-08-19,2022-08-22,0.4785997007311449,0.43208734922391306,AdvGARCH-BestAsymmetric,validation
2022-08-22,2022-08-23,0.6726558406784502,0.5036193194640797,AdvGARCH-BestAsymmetric,validation
2022-08-23,2022-08-24,0.2484394846076955,0.5431007809506319,AdvGARCH-BestAsymmetric,validation
2022-08-24,2022-08-25,0.8344386477124279,0.5322050208086267,AdvGARCH-BestAsymmetric,validation
2022-08-25,2022-08-26,0.2408597797174897,0.5831660745541014,AdvGARCH-BestAsymmetric,validation
2022-08-26,2022-08-29,0.8499464536320859,0.5980067290829238,AdvGARCH-BestAsymmetric,validation
2022-08-29,2022-08-30,0.4538418356510164,0.7137008798098264,AdvGARCH-BestAsymmetric,validation
2022-08-30,2022-08-31,0.0076568491567018,0.7067669732610048,AdvGARCH-BestAsymmetric,validation
2022-08-31,2022-09-05,0.061049351862573,0.6127913374857958,AdvGARCH-BestAsymmetric,validation
2022-09-05,2022-09-06,1.532156699315195e-05,0.5723979292299178,AdvGARCH-BestAsymmetric,validation
2022-09-06,2022-09-07,7.377847328826583,0.49176618596694915,AdvGARCH-BestAsymmetric,validation
2022-09-07,2022-09-08,0.478523332029774,1.2489792587374264,AdvGARCH-BestAsymmetric,validation
2022-09-08,2022-09-09,1.3041739898741895,1.2277823650419004,AdvGARCH-BestAsymmetric,validation
2022-09-09,2022-09-12,0.004521626169754,1.2397485689981134,AdvGARCH-BestAsymmetric,validation
2022-09-12,2022-09-13,0.0095408682654198,1.0382318777875705,AdvGARCH-BestAsymmetric,validation
2022-09-13,2022-09-14,0.3758397161006742,0.89002292451256,AdvGARCH-BestAsymmetric,validation
2022-09-14,2022-09-15,0.1547128388602677,0.8965719543959969,AdvGARCH-BestAsymmetric,validation
2022-09-15,2022-09-16,0.6392848421140832,0.8161925750163226,AdvGARCH-BestAsymmetric,validation
2022-09-16,2022-09-19,6.167092365627429,0.8813705162098893,AdvGARCH-BestAsymmetric,validation
2022-09-19,2022-09-20,1.2403443891166936,1.5476655272584787,AdvGARCH-BestAsymmetric,validation
2022-09-20,2022-09-21,0.4759099851621189,1.506153814858709,AdvGARCH-BestAsymmetric,validation
2022-09-21,2022-09-22,0.1171234903128616,1.4446334491311976,AdvGARCH-BestAsymmetric,validation
2022-09-22,2022-09-23,0.8922637492009945,1.2541527578775356,AdvGARCH-BestAsymmetric,validation
2022-09-23,2022-09-26,5.922583365191483,1.3120861955662826,AdvGARCH-BestAsymmetric,validation
2022-09-26,2022-09-27,0.4452493243663706,1.9564770921725732,AdvGARCH-BestAsymmetric,validation
2022-09-27,2022-09-28,3.9376181571955216,1.8103579758630004,AdvGARCH-BestAsymmetric,validation
2022-09-28,2022-09-29,2.391654578614972,2.219258513853788,AdvGARCH-BestAsymmetric,validation
2022-09-29,2022-09-30,0.2861665228807753,2.386372017136023,AdvGARCH-BestAsymmetric,validation
2022-09-30,2022-10-03,16.955331578512116,2.0477094640406825,AdvGARCH-BestAsymmetric,validation
2022-10-03,2022-10-04,0.5881297526576773,3.687409171826597,AdvGARCH-BestAsymmetric,validation
2022-10-04,2022-10-05,5.7303230555022,3.2414397440127285,AdvGARCH-BestAsymmetric,validation
2022-10-05,2022-10-06,7.453651936358921,3.3127380137672975,AdvGARCH-BestAsymmetric,validation
2022-10-06,2022-10-07,13.391049366085785,3.9754824558382174,AdvGARCH-BestAsymmetric,validation
2022-10-07,2022-10-10,0.3997049579355222,5.1928707629589175,AdvGARCH-BestAsymmetric,validation
2022-10-10,2022-10-11,12.54691927074426,4.240116496389709,AdvGARCH-BestAsymmetric,validation
2022-10-11,2022-10-12,7.860720182392412,5.347777686191371,AdvGARCH-BestAsymmetric,validation
2022-10-12,2022-10-13,2.4070722291092697,5.21977938348065,AdvGARCH-BestAsymmetric,validation
2022-10-13,2022-10-14,1.0568030806874944,4.6033086076373655,AdvGARCH-BestAsymmetric,validation
2022-10-14,2022-10-17,0.9445652838308308,3.9295302636999954,AdvGARCH-BestAsymmetric,validation
2022-10-17,2022-10-18,1.304619909377935,3.532243278634711,AdvGARCH-BestAsymmetric,validation
2022-10-18,2022-10-19,0.1143012847418557,3.129312396563046,AdvGARCH-BestAsymmetric,validation
2022-10-19,2022-10-20,0.0233897216248987,2.6159863036928392,AdvGARCH-BestAsymmetric,validation
2022-10-20,2022-10-21,13.823102148731785,2.1468208573016594,AdvGARCH-BestAsymmetric,validation
2022-10-21,2022-10-24,11.27142788246664,3.509102715247506,AdvGARCH-BestAsymmetric,validation
2022-10-24,2022-10-25,0.2552819963060921,4.555563330173055,AdvGARCH-BestAsymmetric,validation
2022-10-25,2022-10-26,0.2322552175172126,3.789697764867269,AdvGARCH-BestAsymmetric,validation
2022-10-26,2022-10-27,17.476545289293156,3.1223622186520945,AdvGARCH-BestAsymmetric,validation
2022-10-27,2022-10-28,0.0040004302898497,3.9017648234733002,AdvGARCH-BestAsymmetric,validation
2022-10-28,2022-10-31,0.003185411598369,3.0884154222701916,AdvGARCH-BestAsymmetric,validation
2022-10-31,2022-11-01,0.3176638729946111,2.464771382463008,AdvGARCH-BestAsymmetric,validation
2022-11-01,2022-11-02,1.0542708806933592,2.116954203346638,AdvGARCH-BestAsymmetric,validation
2022-11-02,2022-11-03,0.1094857130367321,2.079840457663251,AdvGARCH-BestAsymmetric,validation
2022-11-03,2022-11-04,5.049190747098641,1.7912377025624984,AdvGARCH-BestAsymmetric,validation
2022-11-04,2022-11-07,4.95903292212355,2.3253119225307155,AdvGARCH-BestAsymmetric,validation
2022-11-07,2022-11-08,0.4359307936718208,2.806006159771452,AdvGARCH-BestAsymmetric,validation
2022-11-08,2022-11-09,0.1604496978685764,2.4117026307513765,AdvGARCH-BestAsymmetric,validation
2022-11-09,2022-11-10,15.751336654060546,2.033564519243074,AdvGARCH-BestAsymmetric,validation
2022-11-10,2022-11-11,0.5877644540297541,3.568138658919104,AdvGARCH-BestAsymmetric,validation
2022-11-11,2022-11-14,2.025904181968848,3.0392746362934835,AdvGARCH-BestAsymmetric,validation
2022-11-14,2022-11-15,9.894366349346946,3.0277386808873867,AdvGARCH-BestAsymmetric,validation
2022-11-15,2022-11-16,11.17558049000805,3.9750180105419024,AdvGARCH-BestAsymmetric,validation
2022-11-16,2022-11-17,7.602516501605635,4.301702758008806,AdvGARCH-BestAsymmetric,validation
2022-11-17,2022-11-18,5.215358122437767e-05,4.338303902870678,AdvGARCH-BestAsymmetric,validation
2022-11-18,2022-11-21,0.8090953049399706,3.3888977382426915,AdvGARCH-BestAsymmetric,validation
2022-11-21,2022-11-22,0.7954965643291928,3.066033616057389,AdvGARCH-BestAsymmetric,validation
2022-11-22,2022-11-23,0.4158325821141256,2.8030976953472133,AdvGARCH-BestAsymmetric,validation
2022-11-23,2022-11-24,0.0326156098281846,2.48606420017916,AdvGARCH-BestAsymmetric,validation
2022-11-24,2022-11-25,6.126390414606435,2.036338871524054,AdvGARCH-BestAsymmetric,validation
2022-11-25,2022-11-28,11.99171626886051,2.2992010304427946,AdvGARCH-BestAsymmetric,validation
2022-11-28,2022-11-29,6.749510839154126,2.868931865700955,AdvGARCH-BestAsymmetric,validation
2022-11-29,2022-11-30,2.4431488019656613,3.0669908657234677,AdvGARCH-BestAsymmetric,validation
2022-11-30,2022-12-01,1.3565007887137526,2.8891697447242275,AdvGARCH-BestAsymmetric,validation
2022-12-01,2022-12-02,17.084105039989844,2.7815857840015483,AdvGARCH-BestAsymmetric,validation
2022-12-02,2022-12-05,1.5797254157342264,3.571186854268769,AdvGARCH-BestAsymmetric,validation
2022-12-05,2022-12-06,17.637687522394646,3.197272235682242,AdvGARCH-BestAsymmetric,validation
2022-12-06,2022-12-07,0.5388682275570345,4.867084062048395,AdvGARCH-BestAsymmetric,validation
2022-12-07,2022-12-08,0.8269714352452323,4.145625962059133,AdvGARCH-BestAsymmetric,validation
2022-12-08,2022-12-09,0.0148277116225318,3.5340620558784788,AdvGARCH-BestAsymmetric,validation
2022-12-09,2022-12-12,3.589507425464579,2.8203492573409905,AdvGARCH-BestAsymmetric,validation
2022-12-12,2022-12-13,2.1880754664799307,3.074964942552931,AdvGARCH-BestAsymmetric,validation
2022-12-13,2022-12-14,0.0807108309118899,2.8691742015702424,AdvGARCH-BestAsymmetric,validation
2022-12-14,2022-12-15,0.2157077020057238,2.35843214936112,AdvGARCH-BestAsymmetric,validation
2022-12-15,2022-12-16,0.072617015649584,2.0078382661065257,AdvGARCH-BestAsymmetric,validation
2022-12-16,2022-12-19,1.813928705292506,1.7132613708347018,AdvGARCH-BestAsymmetric,validation
2022-12-19,2022-12-20,2.1946973166474533,1.859982235897486,AdvGARCH-BestAsymmetric,validation
2022-12-20,2022-12-21,0.1732700004356016,2.0438437450407005,AdvGARCH-BestAsymmetric,validation
2022-12-21,2022-12-22,0.1335316168500294,1.7921954659073536,AdvGARCH-BestAsymmetric,validation
2022-12-22,2022-12-23,0.0493851739530653,1.5367781233049218,AdvGARCH-BestAsymmetric,validation
2022-12-23,2022-12-26,12.275470581243656,1.3238033083606775,AdvGARCH-BestAsymmetric,validation
2022-12-26,2022-12-27,3.78693616836278,2.549184473005649,AdvGARCH-BestAsymmetric,validation
2022-12-27,2022-12-28,1.2053971949970186,2.579178473799622,AdvGARCH-BestAsymmetric,validation
2022-12-28,2022-12-29,0.3958340163318585,2.352954882704817,AdvGARCH-BestAsymmetric,validation
2022-12-29,2022-12-30,0.047616879962563,2.118691300931056,AdvGARCH-BestAsymmetric,validation
