date,target_date,actual_var,pred_var,model,split
2023-01-03,2023-01-04,0.0549535930877402,3.4299079270045083,AdvGARCH-BestSymmetric,test
2023-01-04,2023-01-05,0.8117646910153878,2.886604899210001,AdvGARCH-BestSymmetric,test
2023-01-05,2023-01-06,0.172811729353928,2.5306687941229526,AdvGARCH-BestSymmetric,test
2023-01-06,2023-01-09,0.0692225607636781,2.224007767085122,AdvGARCH-BestSymmetric,test
2023-01-09,2023-01-10,0.0066603499297191,1.9362767128765732,AdvGARCH-BestSymmetric,test
2023-01-10,2023-01-11,0.0522271097766636,1.6881007372033356,AdvGARCH-BestSymmetric,test
2023-01-11,2023-01-12,0.0035587018238326,1.4798811846891091,AdvGARCH-BestSymmetric,test
2023-01-12,2023-01-13,0.1275802197397324,1.2978146611647148,AdvGARCH-BestSymmetric,test
2023-01-13,2023-01-16,0.374758039143315,1.1553940836504517,AdvGARCH-BestSymmetric,test
2023-01-16,2023-01-17,4.022686466488597,1.0630950622731516,AdvGARCH-BestSymmetric,test
2023-01-17,2023-01-18,0.8349687871773404,1.4482452055710087,AdvGARCH-BestSymmetric,test
2023-01-18,2023-01-19,0.7891600724610666,1.3448662439290135,AdvGARCH-BestSymmetric,test
2023-01-19,2023-01-27,0.6572756271765033,1.2526601056549647,AdvGARCH-BestSymmetric,test
2023-01-27,2023-01-30,1.7140630852404162,1.175295137381681,AdvGARCH-BestSymmetric,test
2023-01-30,2023-01-31,0.6050810133388357,1.274842419096952,AdvGARCH-BestSymmetric,test
2023-01-31,2023-02-01,10.368357126316685,1.1798472910489466,AdvGARCH-BestSymmetric,test
2023-02-01,2023-02-02,0.0226347776228954,2.4407161641244026,AdvGARCH-BestSymmetric,test
2023-02-02,2023-02-03,0.0016679215067438,2.0499280483852043,AdvGARCH-BestSymmetric,test
2023-02-03,2023-02-06,1.256067923688864,1.7314909226268058,AdvGARCH-BestSymmetric,test
2023-02-06,2023-02-07,4.736232587067869,1.6708484697586559,AdvGARCH-BestSymmetric,test
2023-02-07,2023-02-08,0.3561755878073738,2.1087188577584643,AdvGARCH-BestSymmetric,test
2023-02-08,2023-02-09,0.5879330834697908,1.8372102697178216,AdvGARCH-BestSymmetric,test
2023-02-09,2023-02-10,0.6787287097613596,1.6636178705038902,AdvGARCH-BestSymmetric,test
2023-02-10,2023-02-13,1.2216869517708149,1.551765684609786,AdvGARCH-BestSymmetric,test
2023-02-13,2023-02-14,0.2361888824871934,1.527496518937942,AdvGARCH-BestSymmetric,test
2023-02-14,2023-02-15,0.8394668425834446,1.364046941532357,AdvGARCH-BestSymmetric,test
2023-02-15,2023-02-16,0.9177621933014196,1.2914160608622307,AdvGARCH-BestSymmetric,test
2023-02-16,2023-02-17,0.0092805250097098,1.2419422098992212,AdvGARCH-BestSymmetric,test
2023-02-17,2023-02-20,6.512002780573765,1.0866367227856575,AdvGARCH-BestSymmetric,test
2023-02-20,2023-02-21,0.1691390418565458,1.7897294087086986,AdvGARCH-BestSymmetric,test
2023-02-21,2023-02-22,6.846416409130559,1.5507660766571865,AdvGARCH-BestSymmetric,test
2023-02-22,2023-02-23,0.0034604047962046,2.2630400870546525,AdvGARCH-BestSymmetric,test
2023-02-23,2023-02-24,1.8150207850841689,1.9247551594142445,AdvGARCH-BestSymmetric,test
2023-02-24,2023-02-27,3.1577928002505518,1.8993010016542184,AdvGARCH-BestSymmetric,test
2023-02-27,2023-02-28,0.1124261928232939,2.086422631714124,AdvGARCH-BestSymmetric,test
2023-02-28,2023-03-01,2.362077222441523,1.7968878236762962,AdvGARCH-BestSymmetric,test
2023-03-01,2023-03-02,0.0800566234507277,1.845983576524384,AdvGARCH-BestSymmetric,test
2023-03-02,2023-03-03,1.5504718457013609,1.612090936181865,AdvGARCH-BestSymmetric,test
2023-03-03,2023-03-06,0.0551773612932756,1.619860252585733,AdvGARCH-BestSymmetric,test
2023-03-06,2023-03-07,1.0659420423683896,1.4121009933392994,AdvGARCH-BestSymmetric,test
2023-03-07,2023-03-08,1.180976964777076,1.3607674368325424,AdvGARCH-BestSymmetric,test
2023-03-08,2023-03-09,0.4136971055728827,1.3342664357475107,AdvGARCH-BestSymmetric,test
2023-03-09,2023-03-10,0.078265798957639,1.2095473260065732,AdvGARCH-BestSymmetric,test
2023-03-10,2023-03-13,0.0003608159625681,1.074109738772374,AdvGARCH-BestSymmetric,test
2023-03-13,2023-03-14,1.4659340258862177,0.9506722366810815,AdvGARCH-BestSymmetric,test
2023-03-14,2023-03-15,4.404587524685249,1.0552467154014034,AdvGARCH-BestSymmetric,test
2023-03-15,2023-03-16,1.966140070411206,1.4835500775983754,AdvGARCH-BestSymmetric,test
2023-03-16,2023-03-17,0.0466583815583474,1.5438240645267982,AdvGARCH-BestSymmetric,test
2023-03-17,2023-03-20,4.542701346022625,1.3277010552126414,AdvGARCH-BestSymmetric,test
2023-03-20,2023-03-21,0.8241032078763476,1.7865661515900852,AdvGARCH-BestSymmetric,test
2023-03-21,2023-03-22,0.6122377400151076,1.6294311569581024,AdvGARCH-BestSymmetric,test
2023-03-22,2023-03-23,0.1912107767600162,1.4688710708476729,AdvGARCH-BestSymmetric,test
2023-03-23,2023-03-24,0.0261069358389794,1.304007297514314,AdvGARCH-BestSymmetric,test
2023-03-24,2023-03-27,0.2706486133246383,1.1472788043217852,AdvGARCH-BestSymmetric,test
2023-03-27,2023-03-28,0.0375129464792075,1.0435143382256622,AdvGARCH-BestSymmetric,test
2023-03-28,2023-03-29,0.0373680554186715,0.9273292353867597,AdvGARCH-BestSymmetric,test
2023-03-29,2023-03-30,0.0864260143113033,0.8283098625490195,AdvGARCH-BestSymmetric,test
2023-03-30,2023-03-31,0.2397323675517269,0.7502430879891757,AdvGARCH-BestSymmetric,test
2023-03-31,2023-04-03,1.8652562093058924,0.7012609559260267,AdvGARCH-BestSymmetric,test
2023-04-03,2023-04-04,0.0059186412860023,0.8628549334459604,AdvGARCH-BestSymmetric,test
2023-04-04,2023-04-05,0.0498269661847383,0.7616926466090259,AdvGARCH-BestSymmetric,test
2023-04-05,2023-04-06,0.8553042836437406,0.6807133093938134,AdvGARCH-BestSymmetric,test
2023-04-06,2023-04-07,0.0125702355791553,0.7415690237473818,AdvGARCH-BestSymmetric,test
2023-04-07,2023-04-10,0.1668068990512428,0.6657338163996815,AdvGARCH-BestSymmetric,test
2023-04-10,2023-04-11,0.1482607699784405,0.6258408662033332,AdvGARCH-BestSymmetric,test
2023-04-11,2023-04-12,8.743291732272662e-07,0.5837916853056233,AdvGARCH-BestSymmetric,test
2023-04-12,2023-04-13,0.2330177840007939,0.5323445714405695,AdvGARCH-BestSymmetric,test
2023-04-13,2023-04-14,1.1617696349612645,0.5261827123800317,AdvGARCH-BestSymmetric,test
2023-04-14,2023-04-17,0.0076283447272982,0.6498302011733588,AdvGARCH-BestSymmetric,test
2023-04-17,2023-04-18,0.0131688449679895,0.5808244172591233,AdvGARCH-BestSymmetric,test
2023-04-18,2023-04-19,0.3296437026732272,0.5254468519304873,AdvGARCH-BestSymmetric,test
2023-04-19,2023-04-20,0.0006623405434785,0.5353517145987475,AdvGARCH-BestSymmetric,test
2023-04-20,2023-04-21,0.3673257523211698,0.4901523012165207,AdvGARCH-BestSymmetric,test
2023-04-21,2023-04-24,0.0221215519921837,0.5079780258283897,AdvGARCH-BestSymmetric,test
2023-04-24,2023-04-25,0.3932622485353985,0.4714767711023239,AdvGARCH-BestSymmetric,test
2023-04-25,2023-04-26,0.328691182889417,0.49539850347722236,AdvGARCH-BestSymmetric,test
2023-04-26,2023-04-27,0.0126510214171176,0.49223081131123,AdvGARCH-BestSymmetric,test
2023-04-27,2023-04-28,0.8257060505705139,0.4548845168500485,AdvGARCH-BestSymmetric,test
2023-04-28,2023-05-04,0.663351259487948,0.5208757491101852,AdvGARCH-BestSymmetric,test
2023-05-04,2023-05-05,0.0008313650023289,0.5732464767428603,AdvGARCH-BestSymmetric,test
2023-05-05,2023-05-08,1.5730813455266768,0.516968622562802,AdvGARCH-BestSymmetric,test
2023-05-08,2023-05-09,0.0009810073041391,0.6664595413137521,AdvGARCH-BestSymmetric,test
2023-05-09,2023-05-10,0.1807814295588449,0.5954344940579142,AdvGARCH-BestSymmetric,test
2023-05-10,2023-05-11,0.0116169732719969,0.5553155152405311,AdvGARCH-BestSymmetric,test
2023-05-11,2023-05-12,0.8480601097426534,0.5122682324818244,AdvGARCH-BestSymmetric,test
2023-05-12,2023-05-15,0.0124546383596074,0.5733708399627216,AdvGARCH-BestSymmetric,test
2023-05-15,2023-05-16,0.0003521278803455,0.5230990250793748,AdvGARCH-BestSymmetric,test
2023-05-16,2023-05-17,0.2647079940558091,0.477945492977279,AdvGARCH-BestSymmetric,test
2023-05-17,2023-05-18,0.5467189046851431,0.48513165556044907,AdvGARCH-BestSymmetric,test
2023-05-18,2023-05-19,0.0134881726921275,0.5113287131969423,AdvGARCH-BestSymmetric,test
2023-05-19,2023-05-22,0.1115577260954784,0.47064253012018237,AdvGARCH-BestSymmetric,test
2023-05-22,2023-05-23,0.2010623455676166,0.44566631830065373,AdvGARCH-BestSymmetric,test
2023-05-23,2023-05-24,0.1456521231551851,0.4477629082398753,AdvGARCH-BestSymmetric,test
2023-05-24,2023-05-25,0.0713508401309495,0.4398985574762946,AdvGARCH-BestSymmetric,test
2023-05-25,2023-05-26,0.006683379548905,0.4150269649935143,AdvGARCH-BestSymmetric,test
2023-05-26,2023-05-29,1.1008741895280585,0.39073276907122106,AdvGARCH-BestSymmetric,test
2023-05-29,2023-05-30,0.0813274524532,0.501997371233763,AdvGARCH-BestSymmetric,test
2023-05-30,2023-05-31,0.0715597269351419,0.46506661829073115,AdvGARCH-BestSymmetric,test
2023-05-31,2023-06-01,0.0894248931377806,0.439871078606765,AdvGARCH-BestSymmetric,test
2023-06-01,2023-06-02,1.3176407801372392,0.4189691105585419,AdvGARCH-BestSymmetric,test
2023-06-02,2023-06-05,0.4068339428608296,0.5530962833586716,AdvGARCH-BestSymmetric,test
2023-06-05,2023-06-06,0.9043890866960916,0.5458811930015237,AdvGARCH-BestSymmetric,test
2023-06-06,2023-06-07,0.0123028566285396,0.6013896494202782,AdvGARCH-BestSymmetric,test
2023-06-07,2023-06-08,0.5529490855904797,0.5428740944534698,AdvGARCH-BestSymmetric,test
2023-06-08,2023-06-09,0.3161644467066298,0.5773624466536627,AdvGARCH-BestSymmetric,test
2023-06-09,2023-06-12,0.5831574033164091,0.5599541449168601,AdvGARCH-BestSymmetric,test
2023-06-12,2023-06-13,0.3310759893352936,0.576793179285784,AdvGARCH-BestSymmetric,test
2023-06-13,2023-06-14,0.2025223817587841,0.5604747651860691,AdvGARCH-BestSymmetric,test
2023-06-14,2023-06-15,0.0016224341258812,0.5421129328744092,AdvGARCH-BestSymmetric,test
2023-06-15,2023-06-16,0.024585211583996,0.4963812156879596,AdvGARCH-BestSymmetric,test
2023-06-16,2023-06-19,0.7822402072538185,0.4634357435700207,AdvGARCH-BestSymmetric,test
2023-06-19,2023-06-20,0.3250259985876756,0.5453043697918719,AdvGARCH-BestSymmetric,test
2023-06-20,2023-06-21,0.3653445181035127,0.5315667221340635,AdvGARCH-BestSymmetric,test
2023-06-21,2023-06-22,0.3717252672960691,0.5242788074323209,AdvGARCH-BestSymmetric,test
2023-06-22,2023-06-23,0.1309819466607628,0.522037876750832,AdvGARCH-BestSymmetric,test
2023-06-23,2023-06-26,0.0549279663710728,0.4908983197205048,AdvGARCH-BestSymmetric,test
2023-06-26,2023-06-27,0.0411962958640958,0.4570495993097892,AdvGARCH-BestSymmetric,test
2023-06-27,2023-06-28,0.1251516048900254,0.42827857178192447,AdvGARCH-BestSymmetric,test
2023-06-28,2023-06-29,1.3110715533307906,0.41331410200769614,AdvGARCH-BestSymmetric,test
2023-06-29,2023-06-30,0.2153197174085333,0.5751038839290759,AdvGARCH-BestSymmetric,test
2023-06-30,2023-07-03,0.2244859363593752,0.5511763209373202,AdvGARCH-BestSymmetric,test
2023-07-03,2023-07-04,0.331614557206894,0.5212683656499278,AdvGARCH-BestSymmetric,test
2023-07-04,2023-07-05,0.0534448088033697,0.5157519790241692,AdvGARCH-BestSymmetric,test
2023-07-05,2023-07-06,0.5521828368120864,0.4778398948653661,AdvGARCH-BestSymmetric,test
2023-07-06,2023-07-07,1.0955709924740076,0.5240319644613793,AdvGARCH-BestSymmetric,test
2023-07-07,2023-07-10,0.9169134777331625,0.6112994749966657,AdvGARCH-BestSymmetric,test
2023-07-10,2023-07-11,0.057144157007868,0.6576907728656802,AdvGARCH-BestSymmetric,test
2023-07-11,2023-07-12,0.0444186703613796,0.5915827663786133,AdvGARCH-BestSymmetric,test
2023-07-12,2023-07-13,0.9358770339385756,0.5400438136395348,AdvGARCH-BestSymmetric,test
2023-07-13,2023-07-14,0.0652166185346891,0.6089578574781773,AdvGARCH-BestSymmetric,test
2023-07-14,2023-07-17,0.1632239943294482,0.5555615330193104,AdvGARCH-BestSymmetric,test
2023-07-17,2023-07-18,0.0066910598075562,0.5219442030873597,AdvGARCH-BestSymmetric,test
2023-07-18,2023-07-19,0.0089465157105592,0.48045466307847745,AdvGARCH-BestSymmetric,test
2023-07-19,2023-07-20,0.0002100775164203,0.4476195858076017,AdvGARCH-BestSymmetric,test
2023-07-20,2023-07-21,1.2319670859049314,0.4178873064575656,AdvGARCH-BestSymmetric,test
2023-07-21,2023-07-24,0.164526463877313,0.5418836956524014,AdvGARCH-BestSymmetric,test
2023-07-24,2023-07-25,0.1884318549081098,0.5078695700858213,AdvGARCH-BestSymmetric,test
2023-07-25,2023-07-26,0.1699312574616927,0.48226554129212645,AdvGARCH-BestSymmetric,test
2023-07-26,2023-07-27,0.0856869950327944,0.46377667364510317,AdvGARCH-BestSymmetric,test
2023-07-27,2023-07-28,0.7393945741890614,0.44507936668155645,AdvGARCH-BestSymmetric,test
2023-07-28,2023-07-31,1.5705613280253743,0.5016940127464556,AdvGARCH-BestSymmetric,test
2023-07-31,2023-08-01,0.191513989792846,0.6518533382027208,AdvGARCH-BestSymmetric,test
2023-08-01,2023-08-02,0.0554319741987418,0.6100922423893697,AdvGARCH-BestSymmetric,test
2023-08-02,2023-08-03,0.6081005379926719,0.5522956707887223,AdvGARCH-BestSymmetric,test
2023-08-03,2023-08-04,1.5216082607669985,0.5963681724183075,AdvGARCH-BestSymmetric,test
2023-08-04,2023-08-07,1.5663427455149326,0.7269359964187496,AdvGARCH-BestSymmetric,test
2023-08-07,2023-08-08,0.0042545072808971,0.8357635718852163,AdvGARCH-BestSymmetric,test
2023-08-08,2023-08-09,0.4429341513499315,0.7325893418719127,AdvGARCH-BestSymmetric,test
2023-08-09,2023-08-10,1.18855521360565,0.7209221163634129,AdvGARCH-BestSymmetric,test
2023-08-10,2023-08-11,0.8946457187409982,0.8190936799752263,AdvGARCH-BestSymmetric,test
2023-08-11,2023-08-14,0.1406576061529025,0.8310648919195718,AdvGARCH-BestSymmetric,test
2023-08-14,2023-08-15,0.0509990332423939,0.7474397743330985,AdvGARCH-BestSymmetric,test
2023-08-15,2023-08-16,0.5528693854620391,0.6789155842361798,AdvGARCH-BestSymmetric,test
2023-08-16,2023-08-17,0.6237080926504832,0.6788402979293927,AdvGARCH-BestSymmetric,test
2023-08-17,2023-08-18,21.187467781738864,0.7037737125030843,AdvGARCH-BestSymmetric,test
2023-08-18,2023-08-21,0.0225429724444894,3.4882549533375653,AdvGARCH-BestSymmetric,test
2023-08-21,2023-08-22,0.0038263943505654,2.872697444662366,AdvGARCH-BestSymmetric,test
2023-08-22,2023-08-23,0.4543048185096983,2.376494008124576,AdvGARCH-BestSymmetric,test
2023-08-23,2023-08-24,2.030960720400387,2.1422563932778176,AdvGARCH-BestSymmetric,test
2023-08-24,2023-08-25,0.2574822009117362,2.115471825891173,AdvGARCH-BestSymmetric,test
2023-08-25,2023-08-28,2.3677711449578327,1.865362779528846,AdvGARCH-BestSymmetric,test
2023-08-28,2023-08-29,0.0507403600472885,1.9103002791430972,AdvGARCH-BestSymmetric,test
2023-08-29,2023-08-30,0.521587233427783,1.6548701872501423,AdvGARCH-BestSymmetric,test
2023-08-30,2023-08-31,0.798611626583033,1.4967853930860484,AdvGARCH-BestSymmetric,test
2023-08-31,2023-09-05,0.790275250555677,1.4056346083774507,AdvGARCH-BestSymmetric,test
2023-09-05,2023-09-06,0.7194907575034776,1.3223095631588841,AdvGARCH-BestSymmetric,test
2023-09-06,2023-09-07,0.0359716287929884,1.2408445506176664,AdvGARCH-BestSymmetric,test
2023-09-07,2023-09-08,0.0178548556372743,1.0941865423994095,AdvGARCH-BestSymmetric,test
2023-09-08,2023-09-11,2.097389099277001,0.9701225650084586,AdvGARCH-BestSymmetric,test
2023-09-11,2023-09-12,3.1212396050656377,1.1584118910953494,AdvGARCH-BestSymmetric,test
2023-09-12,2023-09-13,0.3222528903899724,1.401536962224643,AdvGARCH-BestSymmetric,test
2023-09-13,2023-09-14,1.4026151894519558,1.2508808074173814,AdvGARCH-BestSymmetric,test
2023-09-14,2023-09-15,0.0839016379792105,1.286506504806811,AdvGARCH-BestSymmetric,test
2023-09-15,2023-09-18,1.6257299462595711,1.1313610985862064,AdvGARCH-BestSymmetric,test
2023-09-18,2023-09-19,0.000654584074098,1.2240975706370694,AdvGARCH-BestSymmetric,test
2023-09-19,2023-09-20,1.4369523878233037,1.0699036538478202,AdvGARCH-BestSymmetric,test
2023-09-20,2023-09-21,1.2021573804780938,1.1155835155397515,AdvGARCH-BestSymmetric,test
2023-09-21,2023-09-22,2.67951003310709,1.1522621946435596,AdvGARCH-BestSymmetric,test
2023-09-22,2023-09-25,11.541216926620844,1.378429064539828,AdvGARCH-BestSymmetric,test
2023-09-25,2023-09-26,1.7698314100181254,2.755860567102193,AdvGARCH-BestSymmetric,test
2023-09-26,2023-09-27,1.922934467977144,2.5484864409092025,AdvGARCH-BestSymmetric,test
2023-09-27,2023-09-28,0.0151639632836694,2.3767901167746635,AdvGARCH-BestSymmetric,test
2023-09-28,2023-09-29,0.02224231577349,2.052269645903826,AdvGARCH-BestSymmetric,test
2023-09-29,2023-10-02,0.0090750098350391,1.7813935152992688,AdvGARCH-BestSymmetric,test
2023-10-02,2023-10-03,10.683716279206385,1.5562165193343285,AdvGARCH-BestSymmetric,test
2023-10-03,2023-10-04,0.8853176884286172,2.8165829612518025,AdvGARCH-BestSymmetric,test
2023-10-04,2023-10-05,1.7375339257639013,2.4747840416780953,AdvGARCH-BestSymmetric,test
2023-10-05,2023-10-06,1.7072998751511268,2.331783108482305,AdvGARCH-BestSymmetric,test
2023-10-06,2023-10-09,0.6060662073826656,2.2247414384671527,AdvGARCH-BestSymmetric,test
2023-10-09,2023-10-10,0.3080349756366544,1.987346584988897,AdvGARCH-BestSymmetric,test
2023-10-10,2023-10-11,0.3851648462229108,1.7544879085655665,AdvGARCH-BestSymmetric,test
2023-10-11,2023-10-12,0.0048291522978458,1.5726745574238126,AdvGARCH-BestSymmetric,test
2023-10-12,2023-10-13,0.0732020168306359,1.3743590399948542,AdvGARCH-BestSymmetric,test
2023-10-13,2023-10-16,1.3440806213781142,1.2131900942580955,AdvGARCH-BestSymmetric,test
2023-10-16,2023-10-17,3.052807721519015,1.2625156796349464,AdvGARCH-BestSymmetric,test
2023-10-17,2023-10-18,2.691074109609036,1.5285168242179348,AdvGARCH-BestSymmetric,test
2023-10-18,2023-10-19,2.014426845995019,1.6879529607257975,AdvGARCH-BestSymmetric,test
2023-10-19,2023-10-20,3.37838828040453,1.7258529214458116,AdvGARCH-BestSymmetric,test
2023-10-20,2023-10-23,1.7351918672263549,1.9067163690260607,AdvGARCH-BestSymmetric,test
2023-10-23,2023-10-24,1.2652847100550173,1.878622173522609,AdvGARCH-BestSymmetric,test
2023-10-24,2023-10-25,0.1475596920145903,1.765634281473185,AdvGARCH-BestSymmetric,test
2023-10-25,2023-10-26,18.362010800338208,1.5512969576989704,AdvGARCH-BestSymmetric,test
2023-10-26,2023-10-27,0.2387716417217482,3.8347506568440375,AdvGARCH-BestSymmetric,test
2023-10-27,2023-10-30,3.0025597858118136,3.2140117674357302,AdvGARCH-BestSymmetric,test
2023-10-30,2023-10-31,1.8839681619493045,3.0992361780376414,AdvGARCH-BestSymmetric,test
2023-10-31,2023-11-01,1.230715501580414,2.933868057569181,AdvGARCH-BestSymmetric,test
2023-11-01,2023-11-02,11.467731176476716,2.6627025229081007,AdvGARCH-BestSymmetric,test
2023-11-02,2023-11-03,0.0148189440021049,3.7672624710493676,AdvGARCH-BestSymmetric,test
2023-11-03,2023-11-06,1.4138672012584073,3.175094715421679,AdvGARCH-BestSymmetric,test
2023-11-06,2023-11-07,0.7458390495009208,2.861042502284509,AdvGARCH-BestSymmetric,test
2023-11-07,2023-11-08,9.129956144189087,2.5829906147137973,AdvGARCH-BestSymmetric,test
2023-11-08,2023-11-09,0.0017061233763225,3.4008218935749817,AdvGARCH-BestSymmetric,test
2023-11-09,2023-11-10,1.2148681903111338,2.876733088183663,AdvGARCH-BestSymmetric,test
2023-11-10,2023-11-13,0.0213882813414155,2.6193836986295347,AdvGARCH-BestSymmetric,test
2023-11-13,2023-11-14,0.7643879612116624,2.271141118414445,AdvGARCH-BestSymmetric,test
2023-11-14,2023-11-15,1.309101680363533,2.0584746810452463,AdvGARCH-BestSymmetric,test
2023-11-15,2023-11-16,0.0726677258555493,1.947089686372828,AdvGARCH-BestSymmetric,test
2023-11-16,2023-11-17,4.779742663796966,1.6922724550247856,AdvGARCH-BestSymmetric,test
2023-11-17,2023-11-20,0.0501991268589152,2.132144292390383,AdvGARCH-BestSymmetric,test
2023-11-20,2023-11-21,0.3772925570702379,1.8275919780203147,AdvGARCH-BestSymmetric,test
2023-11-21,2023-11-22,0.0912767762573235,1.6120599200849028,AdvGARCH-BestSymmetric,test
2023-11-22,2023-11-23,5.291901747240125,1.4197342766738448,AdvGARCH-BestSymmetric,test
2023-11-23,2023-11-24,0.4250871900618609,1.9738030810245044,AdvGARCH-BestSymmetric,test
2023-11-24,2023-11-27,0.4781711175817431,1.7328706374058551,AdvGARCH-BestSymmetric,test
2023-11-27,2023-11-28,0.4557176520002135,1.5554376264845082,AdvGARCH-BestSymmetric,test
2023-11-28,2023-11-29,0.4496265629344425,1.4123454992145372,AdvGARCH-BestSymmetric,test
2023-11-29,2023-11-30,0.6229744807299576,1.2879954654727765,AdvGARCH-BestSymmetric,test
2023-11-30,2023-12-01,0.5347066481770756,1.2222727324781477,AdvGARCH-BestSymmetric,test
2023-12-01,2023-12-04,2.720585966130201,1.134322220006281,AdvGARCH-BestSymmetric,test
2023-12-04,2023-12-05,0.163386350982878,1.3372871182970913,AdvGARCH-BestSymmetric,test
2023-12-05,2023-12-06,0.8703691532467039,1.1849188526175125,AdvGARCH-BestSymmetric,test
2023-12-06,2023-12-07,0.193176184914791,1.1365491262124567,AdvGARCH-BestSymmetric,test
2023-12-07,2023-12-08,0.0690100099875838,1.0316473874927907,AdvGARCH-BestSymmetric,test
2023-12-08,2023-12-11,0.0088783019772855,0.916965929196514,AdvGARCH-BestSymmetric,test
2023-12-11,2023-12-12,0.0357476055077411,0.8170200271636482,AdvGARCH-BestSymmetric,test
2023-12-12,2023-12-13,1.4355458045904153,0.7353024000341746,AdvGARCH-BestSymmetric,test
2023-12-13,2023-12-14,0.1339218193100039,0.8674792538494388,AdvGARCH-BestSymmetric,test
2023-12-14,2023-12-15,0.501011926570286,0.7881665386757837,AdvGARCH-BestSymmetric,test
2023-12-15,2023-12-18,0.9021057574713134,0.7741601465143911,AdvGARCH-BestSymmetric,test
2023-12-18,2023-12-19,0.163207316046184,0.8234691704736181,AdvGARCH-BestSymmetric,test
2023-12-19,2023-12-20,0.1648341022859622,0.7462954294738104,AdvGARCH-BestSymmetric,test
2023-12-20,2023-12-21,0.0229820728280408,0.6838572909141386,AdvGARCH-BestSymmetric,test
2023-12-21,2023-12-22,0.003263855536434,0.6196017477595716,AdvGARCH-BestSymmetric,test
2023-12-22,2023-12-25,1.728982548756669,0.563710982910654,AdvGARCH-BestSymmetric,test
2023-12-25,2023-12-26,0.1679675706187517,0.7296581233747933,AdvGARCH-BestSymmetric,test
2023-12-26,2023-12-27,0.0005368687109465,0.6654543521386126,AdvGARCH-BestSymmetric,test
2023-12-27,2023-12-28,0.3802432948523992,0.5948932715769786,AdvGARCH-BestSymmetric,test
2023-12-28,2023-12-29,0.0078393746118935,0.5863517216689708,AdvGARCH-BestSymmetric,test
2023-12-29,2024-01-02,0.0250562134986935,0.5343520515692675,AdvGARCH-BestSymmetric,test
2024-01-02,2024-01-03,1.197029417048885,0.4914621151121406,AdvGARCH-BestSymmetric,test
2024-01-03,2024-01-04,0.3258526092006003,0.6003792146494006,AdvGARCH-BestSymmetric,test
2024-01-04,2024-01-05,0.1180208232703248,0.5773351953990485,AdvGARCH-BestSymmetric,test
2024-01-05,2024-01-08,0.2266269824272246,0.5325376529682165,AdvGARCH-BestSymmetric,test
2024-01-08,2024-01-09,0.0190450011331964,0.5130208105284935,AdvGARCH-BestSymmetric,test
2024-01-09,2024-01-10,0.0646665738710911,0.476460492804504,AdvGARCH-BestSymmetric,test
2024-01-10,2024-01-11,0.0034252738431133,0.4467587474247972,AdvGARCH-BestSymmetric,test
2024-01-11,2024-01-12,0.4213826457560849,0.41642681855146896,AdvGARCH-BestSymmetric,test
2024-01-12,2024-01-15,0.0025242702278622,0.45458168585099407,AdvGARCH-BestSymmetric,test
2024-01-15,2024-01-16,0.6034028324453893,0.4216171591846072,AdvGARCH-BestSymmetric,test
2024-01-16,2024-01-17,0.0025743958188708,0.46352396052971667,AdvGARCH-BestSymmetric,test
2024-01-17,2024-01-18,0.3137503773939618,0.4291023363776228,AdvGARCH-BestSymmetric,test
2024-01-18,2024-01-19,1.120382144309341,0.4340271880146865,AdvGARCH-BestSymmetric,test
2024-01-19,2024-01-22,0.0132345962603059,0.5401497067107273,AdvGARCH-BestSymmetric,test
2024-01-22,2024-01-23,0.2062692888507807,0.4893241706054144,AdvGARCH-BestSymmetric,test
2024-01-23,2024-01-24,0.1485757892019817,0.4809878815878833,AdvGARCH-BestSymmetric,test
2024-01-24,2024-01-25,0.0492420848338565,0.4695018728034985,AdvGARCH-BestSymmetric,test
2024-01-25,2024-01-26,0.2041467089523473,0.44336687522728235,AdvGARCH-BestSymmetric,test
2024-01-26,2024-01-29,2.893888078905973e-06,0.4343854495988175,AdvGARCH-BestSymmetric,test
2024-01-29,2024-01-30,0.1130691080782245,0.40518420765154683,AdvGARCH-BestSymmetric,test
2024-01-30,2024-01-31,1.7132578057426455,0.39167823115611844,AdvGARCH-BestSymmetric,test
2024-01-31,2024-02-01,0.5554695483427156,0.6120862982295395,AdvGARCH-BestSymmetric,test
2024-02-01,2024-02-02,0.0016060494837953,0.6105418617000982,AdvGARCH-BestSymmetric,test
2024-02-02,2024-02-05,1.312405125307974,0.5450402432913117,AdvGARCH-BestSymmetric,test
2024-02-05,2024-02-06,0.041546270496195,0.6590587501483743,AdvGARCH-BestSymmetric,test
2024-02-06,2024-02-07,0.7090694435364681,0.5940543705090816,AdvGARCH-BestSymmetric,test
2024-02-07,2024-02-15,0.10935700902328,0.6200380584255956,AdvGARCH-BestSymmetric,test
2024-02-15,2024-02-16,0.3563698361907522,0.5717597208056634,AdvGARCH-BestSymmetric,test
2024-02-16,2024-02-19,1.5735090531706803,0.5600879206523257,AdvGARCH-BestSymmetric,test
2024-02-19,2024-02-20,0.1719424828204338,0.7046828236509426,AdvGARCH-BestSymmetric,test
2024-02-20,2024-02-21,2.643713937948573e-06,0.6441477318590718,AdvGARCH-BestSymmetric,test
2024-02-21,2024-02-22,0.0493686905262693,0.5772796705574924,AdvGARCH-BestSymmetric,test
2024-02-22,2024-02-23,1.5757517057356472,0.5376607525189241,AdvGARCH-BestSymmetric,test
2024-02-23,2024-02-26,0.9982359162312492,0.7180877966914158,AdvGARCH-BestSymmetric,test
2024-02-26,2024-02-27,1.16593097532243,0.7573941068535284,AdvGARCH-BestSymmetric,test
2024-02-27,2024-02-28,1.8813005066335944,0.808879024766572,AdvGARCH-BestSymmetric,test
2024-02-28,2024-02-29,0.0210764395400896,0.9477307115187334,AdvGARCH-BestSymmetric,test
2024-02-29,2024-03-01,0.1954116660389362,0.833115406454066,AdvGARCH-BestSymmetric,test
2024-03-01,2024-03-04,0.0617241173730905,0.7585838452340038,AdvGARCH-BestSymmetric,test
2024-03-04,2024-03-05,0.458465682898879,0.6880496053687271,AdvGARCH-BestSymmetric,test
2024-03-05,2024-03-06,0.3277686759141466,0.6745794012870755,AdvGARCH-BestSymmetric,test
2024-03-06,2024-03-07,0.2049845962757557,0.6589504448520037,AdvGARCH-BestSymmetric,test
2024-03-07,2024-03-08,2.816444292658484,0.6152779700376845,AdvGARCH-BestSymmetric,test
2024-03-08,2024-03-11,0.912721979122844,0.9509070667624822,AdvGARCH-BestSymmetric,test
2024-03-11,2024-03-12,0.5879634369893775,0.9600107331936635,AdvGARCH-BestSymmetric,test
2024-03-12,2024-03-13,4.113946023612082,0.9020434860862655,AdvGARCH-BestSymmetric,test
2024-03-13,2024-03-14,0.2431894157728003,1.3183007706445706,AdvGARCH-BestSymmetric,test
2024-03-14,2024-03-15,0.0014420309906953,1.1721442645615963,AdvGARCH-BestSymmetric,test
2024-03-15,2024-03-18,2.60144510071112,1.014954879808559,AdvGARCH-BestSymmetric,test
2024-03-18,2024-03-19,0.0078313418483015,1.265884683820772,AdvGARCH-BestSymmetric,test
2024-03-19,2024-03-20,1.98300631416396,1.1012847261700267,AdvGARCH-BestSymmetric,test
2024-03-20,2024-03-21,1.659993462713211,1.2065193767176476,AdvGARCH-BestSymmetric,test
2024-03-21,2024-03-22,0.1769090471586793,1.258693234919675,AdvGARCH-BestSymmetric,test
2024-03-22,2024-03-25,1.1957204376691162,1.10924769719463,AdvGARCH-BestSymmetric,test
2024-03-25,2024-03-26,1.266685379522265,1.145662047021994,AdvGARCH-BestSymmetric,test
2024-03-26,2024-03-27,0.0047070525559726,1.1593715353186418,AdvGARCH-BestSymmetric,test
2024-03-27,2024-03-28,0.3036574536281876,1.0110189340435185,AdvGARCH-BestSymmetric,test
2024-03-28,2024-03-29,0.22386593116756,0.9265509331943815,AdvGARCH-BestSymmetric,test
2024-03-29,2024-04-01,0.0401370314872093,0.8608322834056892,AdvGARCH-BestSymmetric,test
2024-04-01,2024-04-02,0.1847396233779287,0.7751504122870398,AdvGARCH-BestSymmetric,test
2024-04-02,2024-04-03,1.4814046434548742,0.7147367809856264,AdvGARCH-BestSymmetric,test
2024-04-03,2024-04-04,0.0642984527134782,0.8552642908858522,AdvGARCH-BestSymmetric,test
2024-04-04,2024-04-05,1.084676282740752,0.7663051872136141,AdvGARCH-BestSymmetric,test
2024-04-05,2024-04-08,0.1443776586599194,0.8370960968531751,AdvGARCH-BestSymmetric,test
2024-04-08,2024-04-09,0.9848187145028622,0.7665839304912718,AdvGARCH-BestSymmetric,test
2024-04-09,2024-04-10,0.1141835151805207,0.8013234116478455,AdvGARCH-BestSymmetric,test
2024-04-10,2024-04-11,0.0008184297224042,0.7326440488561324,AdvGARCH-BestSymmetric,test
2024-04-11,2024-04-12,2.1077713488695093,0.6561532922261158,AdvGARCH-BestSymmetric,test
2024-04-12,2024-04-15,23.166885904173803,0.856640830119542,AdvGARCH-BestSymmetric,test
2024-04-15,2024-04-16,0.0058478365075764,3.8776442605825054,AdvGARCH-BestSymmetric,test
2024-04-16,2024-04-17,3.543454497340081,3.18598346225165,AdvGARCH-BestSymmetric,test
2024-04-17,2024-04-19,2.3528631494425456,3.1258839127776707,AdvGARCH-BestSymmetric,test
2024-04-19,2024-04-22,1.6893979231324006,3.020804067908166,AdvGARCH-BestSymmetric,test
2024-04-22,2024-04-23,1.1727907466469314,2.790116308017791,AdvGARCH-BestSymmetric,test
2024-04-23,2024-04-24,5.606024745553127,2.5627157669382377,AdvGARCH-BestSymmetric,test
2024-04-24,2024-04-25,0.0028195309207452,2.9207963099794285,AdvGARCH-BestSymmetric,test
2024-04-25,2024-04-26,0.1420473024727117,2.4890273717511193,AdvGARCH-BestSymmetric,test
2024-04-26,2024-05-02,0.318006405977251,2.146674209195773,AdvGARCH-BestSymmetric,test
2024-05-02,2024-05-03,0.1468401316931458,1.904475125692181,AdvGARCH-BestSymmetric,test
2024-05-03,2024-05-06,2.785560071487252,1.6739749375643347,AdvGARCH-BestSymmetric,test
2024-05-06,2024-05-07,0.3206037518220124,1.8100459783198954,AdvGARCH-BestSymmetric,test
2024-05-07,2024-05-08,0.0214485793857184,1.5983903449310746,AdvGARCH-BestSymmetric,test
2024-05-08,2024-05-09,0.0212146392864794,1.3854381054830738,AdvGARCH-BestSymmetric,test
2024-05-09,2024-05-10,0.0998826714071555,1.2221946478116252,AdvGARCH-BestSymmetric,test
2024-05-10,2024-05-13,0.1323509240296012,1.0958548549725917,AdvGARCH-BestSymmetric,test
2024-05-13,2024-05-14,0.0623260338672244,0.9915911916879747,AdvGARCH-BestSymmetric,test
2024-05-14,2024-05-15,0.7914504364695899,0.8852812539299326,AdvGARCH-BestSymmetric,test
2024-05-15,2024-05-16,1.3010619376829529,0.8840183313680161,AdvGARCH-BestSymmetric,test
2024-05-16,2024-05-20,0.4777373395090949,0.9437671457798259,AdvGARCH-BestSymmetric,test
2024-05-20,2024-05-21,0.0011865300373836,0.8846825023995017,AdvGARCH-BestSymmetric,test
2024-05-21,2024-05-22,0.6467920233357178,0.7827808617739336,AdvGARCH-BestSymmetric,test
2024-05-22,2024-05-23,1.2284567837418712,0.7975249505576514,AdvGARCH-BestSymmetric,test
2024-05-23,2024-05-24,2.256648937405396,0.8611872744940755,AdvGARCH-BestSymmetric,test
2024-05-24,2024-05-27,0.2066759953224523,1.0764900582008612,AdvGARCH-BestSymmetric,test
2024-05-27,2024-05-28,1.2149042841979667,0.9554984103704852,AdvGARCH-BestSymmetric,test
2024-05-28,2024-05-29,0.5065517433860525,0.9858551550136305,AdvGARCH-BestSymmetric,test
2024-05-29,2024-05-30,0.2478473182821189,0.9459875622547361,AdvGARCH-BestSymmetric,test
2024-05-30,2024-05-31,0.1324368158912983,0.8728652982221596,AdvGARCH-BestSymmetric,test
2024-05-31,2024-06-03,2.069054535054291,0.7981532380037419,AdvGARCH-BestSymmetric,test
2024-06-03,2024-06-04,0.0754175541972061,0.9710521783577495,AdvGARCH-BestSymmetric,test
2024-06-04,2024-06-05,0.0041789785238715,0.8580260857881121,AdvGARCH-BestSymmetric,test
2024-06-05,2024-06-06,0.003785773302666,0.7575292057043129,AdvGARCH-BestSymmetric,test
2024-06-06,2024-06-07,0.0977825492840672,0.6840916638226621,AdvGARCH-BestSymmetric,test
2024-06-07,2024-06-10,0.0574549317651925,0.6289417468852887,AdvGARCH-BestSymmetric,test
2024-06-10,2024-06-11,0.236389900130653,0.5765859133071805,AdvGARCH-BestSymmetric,test
2024-06-11,2024-06-12,1.4910702380739045,0.564320581454108,AdvGARCH-BestSymmetric,test
2024-06-12,2024-06-13,0.0102965917651104,0.6978959702789308,AdvGARCH-BestSymmetric,test
2024-06-13,2024-06-14,2.8007247199637466,0.6212486992637014,AdvGARCH-BestSymmetric,test
2024-06-14,2024-06-17,0.1619251788207639,0.9497444083031421,AdvGARCH-BestSymmetric,test
2024-06-17,2024-06-18,0.1371670063872054,0.8544115491460903,AdvGARCH-BestSymmetric,test
2024-06-18,2024-06-19,0.0005135905111872,0.7623679223168703,AdvGARCH-BestSymmetric,test
2024-06-19,2024-06-20,0.0383900740120223,0.6857966346869011,AdvGARCH-BestSymmetric,test
2024-06-20,2024-06-21,0.0004769047173217,0.6237420792191242,AdvGARCH-BestSymmetric,test
2024-06-21,2024-06-24,4.841244218909869,0.5681893291078364,AdvGARCH-BestSymmetric,test
2024-06-24,2024-06-25,0.0377795857346046,1.1875819862428005,AdvGARCH-BestSymmetric,test
2024-06-25,2024-06-26,0.1382006989182143,1.019708358616327,AdvGARCH-BestSymmetric,test
2024-06-26,2024-06-27,0.0291086660682599,0.8937436344554208,AdvGARCH-BestSymmetric,test
2024-06-27,2024-06-28,1.2092769262564496,0.805972509055905,AdvGARCH-BestSymmetric,test
2024-06-28,2024-07-01,0.5464740769679215,0.8968303542982917,AdvGARCH-BestSymmetric,test
2024-07-01,2024-07-02,1.4560329328950323,0.8556957393173116,AdvGARCH-BestSymmetric,test
2024-07-02,2024-07-03,0.3074231060441431,0.9342124705202784,AdvGARCH-BestSymmetric,test
2024-07-03,2024-07-04,0.0565502378458402,0.8565091978340567,AdvGARCH-BestSymmetric,test
2024-07-04,2024-07-05,0.0604238017679763,0.7631451237222059,AdvGARCH-BestSymmetric,test
2024-07-05,2024-07-08,0.001641913639604,0.6911121440344995,AdvGARCH-BestSymmetric,test
2024-07-08,2024-07-09,0.6204070574126203,0.625111315753527,AdvGARCH-BestSymmetric,test
2024-07-09,2024-07-10,0.3628967539784848,0.6415567409279646,AdvGARCH-BestSymmetric,test
2024-07-10,2024-07-11,0.0277401860440043,0.6350226525844106,AdvGARCH-BestSymmetric,test
2024-07-11,2024-07-12,0.0565767163705356,0.5778559057386099,AdvGARCH-BestSymmetric,test
2024-07-12,2024-07-15,0.0052765811391784,0.5370727138093474,AdvGARCH-BestSymmetric,test
2024-07-15,2024-07-16,0.011280250205691,0.49522202491732914,AdvGARCH-BestSymmetric,test
2024-07-16,2024-07-17,0.9643834972427656,0.4581680582735264,AdvGARCH-BestSymmetric,test
2024-07-17,2024-07-18,0.2066285309508605,0.5661653747006695,AdvGARCH-BestSymmetric,test
2024-07-18,2024-07-19,0.5789189613600527,0.534055841377188,AdvGARCH-BestSymmetric,test
2024-07-19,2024-07-22,0.6479469442933512,0.5708563640319817,AdvGARCH-BestSymmetric,test
2024-07-22,2024-07-23,3.3723820037131813,0.6139098591504956,AdvGARCH-BestSymmetric,test
2024-07-23,2024-07-24,0.2907489732326712,1.0203844311934898,AdvGARCH-BestSymmetric,test
2024-07-24,2024-07-25,0.1825373322670373,0.9125401115044104,AdvGARCH-BestSymmetric,test
2024-07-25,2024-07-26,0.5194428542577421,0.8245607488914168,AdvGARCH-BestSymmetric,test
2024-07-26,2024-07-29,0.1301982149615345,0.7985535548416932,AdvGARCH-BestSymmetric,test
2024-07-29,2024-07-30,0.0152800221232259,0.7267118377040189,AdvGARCH-BestSymmetric,test
2024-07-30,2024-07-31,0.2669893008576879,0.6564539796172854,AdvGARCH-BestSymmetric,test
2024-07-31,2024-08-01,3.924859003099425,0.6245409148155773,AdvGARCH-BestSymmetric,test
2024-08-01,2024-08-02,0.6124804127570632,1.1104887409660058,AdvGARCH-BestSymmetric,test
2024-08-02,2024-08-05,16.028441731399298,1.0276961309640362,AdvGARCH-BestSymmetric,test
2024-08-05,2024-08-06,3.4304951964000674,3.05738081457966,AdvGARCH-BestSymmetric,test
2024-08-06,2024-08-07,0.2131074887245232,2.9710807433807394,AdvGARCH-BestSymmetric,test
2024-08-07,2024-08-08,0.389017827650505,2.4898359582184595,AdvGARCH-BestSymmetric,test
2024-08-08,2024-08-09,1.5873626468232618,2.209293609637015,AdvGARCH-BestSymmetric,test
2024-08-09,2024-08-12,0.2928717413764615,2.1161786734421306,AdvGARCH-BestSymmetric,test
2024-08-12,2024-08-13,0.0001294788177011,1.861883309801885,AdvGARCH-BestSymmetric,test
2024-08-13,2024-08-14,2.3780277347729983e-05,1.6150346651922687,AdvGARCH-BestSymmetric,test
2024-08-14,2024-08-15,0.3071561671079922,1.4132111081757648,AdvGARCH-BestSymmetric,test
2024-08-15,2024-08-16,5.364467227292595,1.289129717005413,AdvGARCH-BestSymmetric,test
2024-08-16,2024-08-19,0.5581057481573143,1.8150574805961266,AdvGARCH-BestSymmetric,test
2024-08-19,2024-08-20,0.7441049789899746,1.6145807453347074,AdvGARCH-BestSymmetric,test
2024-08-20,2024-08-21,0.8093492360217696,1.4720500705021369,AdvGARCH-BestSymmetric,test
2024-08-21,2024-08-22,0.0097920425309074,1.3837536323233746,AdvGARCH-BestSymmetric,test
2024-08-22,2024-08-23,0.039129459240867,1.2119658811482579,AdvGARCH-BestSymmetric,test
2024-08-23,2024-08-26,0.1707352129175375,1.068977498215411,AdvGARCH-BestSymmetric,test
2024-08-26,2024-08-27,0.0017789790178368,0.9755658099161105,AdvGARCH-BestSymmetric,test
2024-08-27,2024-08-28,0.0047191862628622,0.8665181005937393,AdvGARCH-BestSymmetric,test
2024-08-28,2024-08-29,5.480696959213411e-06,0.7738068819983245,AdvGARCH-BestSymmetric,test
2024-08-29,2024-08-30,0.0350100605836961,0.6960837707917397,AdvGARCH-BestSymmetric,test
2024-08-30,2024-09-04,0.3975959773479832,0.6321059313791956,AdvGARCH-BestSymmetric,test
2024-09-04,2024-09-05,0.3560479520225069,0.6352191439061985,AdvGARCH-BestSymmetric,test
2024-09-05,2024-09-06,0.2046388013312271,0.6291171901392936,AdvGARCH-BestSymmetric,test
2024-09-06,2024-09-09,0.2403215208141221,0.5892691222054743,AdvGARCH-BestSymmetric,test
2024-09-09,2024-09-10,0.9818980427278184,0.5734028152829874,AdvGARCH-BestSymmetric,test
2024-09-10,2024-09-11,0.0244199123086784,0.6645802033052336,AdvGARCH-BestSymmetric,test
2024-09-11,2024-09-12,0.0602484567361687,0.5998464214592832,AdvGARCH-BestSymmetric,test
2024-09-12,2024-09-13,0.1369055643032899,0.5470551975131797,AdvGARCH-BestSymmetric,test
2024-09-13,2024-09-16,0.9992379796047328,0.5252968113020815,AdvGARCH-BestSymmetric,test
2024-09-16,2024-09-17,2.484914926701652,0.6272257796909946,AdvGARCH-BestSymmetric,test
2024-09-17,2024-09-18,0.2223148391601984,0.8728994382077141,AdvGARCH-BestSymmetric,test
2024-09-18,2024-09-19,0.2523387575730195,0.7839616046881746,AdvGARCH-BestSymmetric,test
2024-09-19,2024-09-20,0.003666425548263,0.719490893944119,AdvGARCH-BestSymmetric,test
2024-09-20,2024-09-23,0.0785444168047104,0.6485582555796151,AdvGARCH-BestSymmetric,test
2024-09-23,2024-09-24,0.447081172927798,0.6023744551438682,AdvGARCH-BestSymmetric,test
2024-09-24,2024-09-25,0.6692996014919499,0.6002368093575251,AdvGARCH-BestSymmetric,test
2024-09-25,2024-09-26,0.0967067651015831,0.6236435753847827,AdvGARCH-BestSymmetric,test
2024-09-26,2024-09-27,0.0019487643545271,0.5712564631111847,AdvGARCH-BestSymmetric,test
2024-09-27,2024-09-30,0.0534118196752501,0.5207533317326999,AdvGARCH-BestSymmetric,test
2024-09-30,2024-10-01,0.1090419063191174,0.48996923964843475,AdvGARCH-BestSymmetric,test
2024-10-01,2024-10-02,0.1142301950532245,0.4639363052568358,AdvGARCH-BestSymmetric,test
2024-10-02,2024-10-03,0.5763536966008403,0.4499792430968748,AdvGARCH-BestSymmetric,test
2024-10-03,2024-10-04,0.3463758362975216,0.5039019676199479,AdvGARCH-BestSymmetric,test
2024-10-04,2024-10-07,0.0027820245719093,0.5139269803409371,AdvGARCH-BestSymmetric,test
2024-10-07,2024-10-08,0.0260164216385025,0.4695796829050271,AdvGARCH-BestSymmetric,test
2024-10-08,2024-10-09,0.5974680039460253,0.4362326692600877,AdvGARCH-BestSymmetric,test
2024-10-09,2024-10-10,0.1233539050383977,0.477944081022241,AdvGARCH-BestSymmetric,test
2024-10-10,2024-10-11,0.0248646364370185,0.4523575790579665,AdvGARCH-BestSymmetric,test
2024-10-11,2024-10-14,0.0253573876734088,0.4199032632736199,AdvGARCH-BestSymmetric,test
2024-10-14,2024-10-15,0.1678954221921946,0.39911584665155714,AdvGARCH-BestSymmetric,test
2024-10-15,2024-10-16,0.0156181703703392,0.4033735934696426,AdvGARCH-BestSymmetric,test
2024-10-16,2024-10-17,0.301088511662053,0.3820848959298316,AdvGARCH-BestSymmetric,test
2024-10-17,2024-10-18,0.0067941729317095,0.3938479988718025,AdvGARCH-BestSymmetric,test
2024-10-18,2024-10-21,0.1968037312439634,0.3721582727131524,AdvGARCH-BestSymmetric,test
2024-10-21,2024-10-22,0.6006392197446851,0.3834572996668824,AdvGARCH-BestSymmetric,test
2024-10-22,2024-10-23,0.0063207009295036,0.4503990232356979,AdvGARCH-BestSymmetric,test
2024-10-23,2024-10-24,1.1387581243922995,0.4145895111294103,AdvGARCH-BestSymmetric,test
2024-10-24,2024-10-25,0.1396414208283497,0.5498324960405012,AdvGARCH-BestSymmetric,test
2024-10-25,2024-10-28,0.0267355724555891,0.5204919977686734,AdvGARCH-BestSymmetric,test
2024-10-28,2024-10-29,0.310375295938392,0.4741912191473876,AdvGARCH-BestSymmetric,test
2024-10-29,2024-10-30,0.0624797327224918,0.4743821030377642,AdvGARCH-BestSymmetric,test
2024-10-30,2024-10-31,0.2150309186038439,0.45047076785157386,AdvGARCH-BestSymmetric,test
2024-10-31,2024-11-01,0.5795854757810541,0.44116570887442136,AdvGARCH-BestSymmetric,test
2024-11-01,2024-11-04,0.6634669865085588,0.4967163754908457,AdvGARCH-BestSymmetric,test
2024-11-04,2024-11-05,0.0071101049569573,0.5523568700000873,AdvGARCH-BestSymmetric,test
2024-11-05,2024-11-06,1.532964136157592,0.49913406944312294,AdvGARCH-BestSymmetric,test
2024-11-06,2024-11-07,0.0147328555936719,0.6461454477702145,AdvGARCH-BestSymmetric,test
2024-11-07,2024-11-08,0.3276224769794669,0.5820155217857713,AdvGARCH-BestSymmetric,test
2024-11-08,2024-11-11,0.0320387972398517,0.5753733208393124,AdvGARCH-BestSymmetric,test
2024-11-11,2024-11-12,0.1943555469915317,0.5312753674036447,AdvGARCH-BestSymmetric,test
2024-11-12,2024-11-13,0.0095957977358447,0.5181767326093413,AdvGARCH-BestSymmetric,test
2024-11-13,2024-11-14,1.304380342114139,0.47644223027615606,AdvGARCH-BestSymmetric,test
2024-11-14,2024-11-15,1.1819027969632745,0.6275964635706933,AdvGARCH-BestSymmetric,test
2024-11-15,2024-11-18,0.0141759467193479,0.7319854067017,AdvGARCH-BestSymmetric,test
2024-11-18,2024-11-19,0.9768103702203697,0.6483944211364185,AdvGARCH-BestSymmetric,test
2024-11-19,2024-11-20,0.8848644501514296,0.7242080918192676,AdvGARCH-BestSymmetric,test
2024-11-20,2024-11-21,0.9302138287758972,0.7534083784806491,AdvGARCH-BestSymmetric,test
2024-11-21,2024-11-22,0.0003506766753295,0.7797267912955623,AdvGARCH-BestSymmetric,test
2024-11-22,2024-11-25,0.2872709111767263,0.6924105825993941,AdvGARCH-BestSymmetric,test
2024-11-25,2024-11-26,0.3599546809656788,0.654374737050971,AdvGARCH-BestSymmetric,test
2024-11-26,2024-11-27,0.0001659440969947,0.6335057950867617,AdvGARCH-BestSymmetric,test
2024-11-27,2024-11-28,0.0001270529950301,0.5734693404064584,AdvGARCH-BestSymmetric,test
2024-11-28,2024-11-29,0.4488915850595839,0.5235069790518242,AdvGARCH-BestSymmetric,test
2024-11-29,2024-12-02,0.0035951954303536,0.5339641893516728,AdvGARCH-BestSymmetric,test
2024-12-02,2024-12-03,0.0121780282468158,0.48875372835095954,AdvGARCH-BestSymmetric,test
2024-12-03,2024-12-04,0.5723787875208138,0.4538056714417871,AdvGARCH-BestSymmetric,test
2024-12-04,2024-12-05,4.677770763753511,0.5079553086274307,AdvGARCH-BestSymmetric,test
2024-12-05,2024-12-06,0.0423127275118428,1.057873333111188,AdvGARCH-BestSymmetric,test
2024-12-06,2024-12-09,0.0846129168166276,0.9098177191792001,AdvGARCH-BestSymmetric,test
2024-12-09,2024-12-10,0.019333949066393,0.7970500131636719,AdvGARCH-BestSymmetric,test
2024-12-10,2024-12-11,0.0638388590450149,0.7219275948571938,AdvGARCH-BestSymmetric,test
2024-12-11,2024-12-12,0.0141789335558376,0.6635503439124176,AdvGARCH-BestSymmetric,test
2024-12-12,2024-12-13,0.1427917911928931,0.6044377742399252,AdvGARCH-BestSymmetric,test
2024-12-13,2024-12-16,0.0093280152446342,0.5743705761814573,AdvGARCH-BestSymmetric,test
2024-12-16,2024-12-17,0.0268721671219935,0.5247381295753376,AdvGARCH-BestSymmetric,test
2024-12-17,2024-12-18,0.1146807250456102,0.48818682683906023,AdvGARCH-BestSymmetric,test
2024-12-18,2024-12-19,0.8081531599464532,0.4632535193878439,AdvGARCH-BestSymmetric,test
2024-12-19,2024-12-20,0.0507615856480591,0.5481575005129568,AdvGARCH-BestSymmetric,test
2024-12-20,2024-12-23,0.1742376670775678,0.5014592985443124,AdvGARCH-BestSymmetric,test
2024-12-23,2024-12-24,0.0361915284275727,0.4770048060703308,AdvGARCH-BestSymmetric,test
2024-12-24,2024-12-25,1.1654410256024177,0.4493448577385161,AdvGARCH-BestSymmetric,test
2024-12-25,2024-12-26,0.0084412075502873,0.5595098157987228,AdvGARCH-BestSymmetric,test
2024-12-26,2024-12-27,0.0317475107765902,0.5084454003152971,AdvGARCH-BestSymmetric,test
2024-12-27,2024-12-30,0.0600146339677672,0.46618539651926394,AdvGARCH-BestSymmetric,test
2024-12-30,2024-12-31,0.1703989127600233,0.4448409971140581,AdvGARCH-BestSymmetric,test
2024-12-31,2025-01-02,0.0533739456959429,0.4425108459049792,AdvGARCH-BestSymmetric,test
2025-01-02,2025-01-03,1.435132590022104,0.41590159779056896,AdvGARCH-BestSymmetric,test
2025-01-03,2025-01-06,0.4342211890889308,0.5938167542515652,AdvGARCH-BestSymmetric,test
2025-01-06,2025-01-07,0.037939050469307,0.5980568414767009,AdvGARCH-BestSymmetric,test
2025-01-07,2025-01-08,0.032117795831564,0.5377982391299128,AdvGARCH-BestSymmetric,test
2025-01-08,2025-01-09,0.1768543904547769,0.4948810737263265,AdvGARCH-BestSymmetric,test
2025-01-09,2025-01-10,1.525095444996381,0.4868679759038168,AdvGARCH-BestSymmetric,test
2025-01-10,2025-01-13,0.175796578127988,0.6665423213163798,AdvGARCH-BestSymmetric,test
2025-01-13,2025-01-14,0.2850878204367433,0.6112169425764901,AdvGARCH-BestSymmetric,test
2025-01-14,2025-01-15,0.3327205813226502,0.5923682502004763,AdvGARCH-BestSymmetric,test
2025-01-15,2025-01-16,0.2486834462527659,0.5763175039012947,AdvGARCH-BestSymmetric,test
2025-01-16,2025-01-17,0.293601545819197,0.5512949479572692,AdvGARCH-BestSymmetric,test
2025-01-17,2025-01-20,0.0012403693451998,0.5359120482991856,AdvGARCH-BestSymmetric,test
2025-01-20,2025-01-21,0.0768862836866478,0.4904086574098134,AdvGARCH-BestSymmetric,test
2025-01-21,2025-01-22,0.0818546593881995,0.4666830844352156,AdvGARCH-BestSymmetric,test
2025-01-22,2025-01-23,1.8682525367895249,0.4478077266970747,AdvGARCH-BestSymmetric,test
2025-01-23,2025-01-24,0.1843517308365074,0.6474021420230065,AdvGARCH-BestSymmetric,test
2025-01-24,2025-02-04,0.0008556873339296,0.5958343919131277,AdvGARCH-BestSymmetric,test
2025-02-04,2025-02-05,0.1513708695410532,0.5349191313037681,AdvGARCH-BestSymmetric,test
2025-02-05,2025-02-06,0.0216622352028634,0.5076679478447966,AdvGARCH-BestSymmetric,test
2025-02-06,2025-02-07,0.0853488617566438,0.4696934128820432,AdvGARCH-BestSymmetric,test
2025-02-07,2025-02-10,0.8849819273953393,0.443671542341407,AdvGARCH-BestSymmetric,test
2025-02-10,2025-02-11,0.168100114678953,0.5424656405757927,AdvGARCH-BestSymmetric,test
2025-02-11,2025-02-12,0.0147578221185138,0.5095255899465923,AdvGARCH-BestSymmetric,test
2025-02-12,2025-02-13,0.0735271043646943,0.46823138069460246,AdvGARCH-BestSymmetric,test
2025-02-13,2025-02-14,0.2025383263760581,0.44144621788263166,AdvGARCH-BestSymmetric,test
2025-02-14,2025-02-17,0.0695132401561259,0.4336399689382061,AdvGARCH-BestSymmetric,test
2025-02-17,2025-02-18,0.1805870585568251,0.416943106552003,AdvGARCH-BestSymmetric,test
2025-02-18,2025-02-19,0.6592497592052439,0.4089411124466612,AdvGARCH-BestSymmetric,test
2025-02-19,2025-02-20,0.1172593983298531,0.4608795331073136,AdvGARCH-BestSymmetric,test
2025-02-20,2025-02-21,0.0847684671072922,0.43608635523271033,AdvGARCH-BestSymmetric,test
2025-02-21,2025-02-24,0.3605624100663593,0.4121650515277825,AdvGARCH-BestSymmetric,test
2025-02-24,2025-02-25,0.0115290687889239,0.4274602210595677,AdvGARCH-BestSymmetric,test
2025-02-25,2025-02-26,0.0002355760665946,0.40128903229565416,AdvGARCH-BestSymmetric,test
2025-02-26,2025-02-27,0.1374731263687118,0.3767773020565321,AdvGARCH-BestSymmetric,test
2025-02-27,2025-02-28,0.0348744922200793,0.37106290406868353,AdvGARCH-BestSymmetric,test
2025-02-28,2025-03-03,0.0940796554023008,0.3587145763459041,AdvGARCH-BestSymmetric,test
2025-03-03,2025-03-04,0.0375578625820462,0.34978882947099055,AdvGARCH-BestSymmetric,test
2025-03-04,2025-03-05,0.3028627512498273,0.3362894183844355,AdvGARCH-BestSymmetric,test
2025-03-05,2025-03-06,1.0612188848677555,0.3690839465416411,AdvGARCH-BestSymmetric,test
2025-03-06,2025-03-07,0.350731246280503,0.47641575143270853,AdvGARCH-BestSymmetric,test
2025-03-07,2025-03-10,0.1014325645495789,0.47366295754836696,AdvGARCH-BestSymmetric,test
2025-03-10,2025-03-11,0.0288133302998629,0.44291109330237893,AdvGARCH-BestSymmetric,test
2025-03-11,2025-03-12,0.0196658897235791,0.41407069481466946,AdvGARCH-BestSymmetric,test
2025-03-12,2025-03-13,0.3743917074856848,0.3898983804585048,AdvGARCH-BestSymmetric,test
2025-03-13,2025-03-14,8.187247062994656e-05,0.4253862841924282,AdvGARCH-BestSymmetric,test
2025-03-14,2025-03-17,0.5767885171931181,0.39615075424017593,AdvGARCH-BestSymmetric,test
2025-03-17,2025-03-18,0.157344490226044,0.43878349897917346,AdvGARCH-BestSymmetric,test
2025-03-18,2025-03-19,0.2279894954046255,0.43282297863045255,AdvGARCH-BestSymmetric,test
2025-03-19,2025-03-20,0.0027940647092661,0.4373302220422732,AdvGARCH-BestSymmetric,test
2025-03-20,2025-03-21,0.0240132299745747,0.40751588540387723,AdvGARCH-BestSymmetric,test
2025-03-21,2025-03-24,0.4050748456224285,0.38734274069869384,AdvGARCH-BestSymmetric,test
2025-03-24,2025-03-25,0.0144479307849922,0.41210823223855975,AdvGARCH-BestSymmetric,test
2025-03-25,2025-03-26,0.1924355354900559,0.38556982848230115,AdvGARCH-BestSymmetric,test
2025-03-26,2025-03-27,0.0296122174159068,0.39380165143408435,AdvGARCH-BestSymmetric,test
2025-03-27,2025-03-28,0.2311977047112736,0.3765270929339197,AdvGARCH-BestSymmetric,test
2025-03-28,2025-03-31,0.652593682196234,0.3920964820408063,AdvGARCH-BestSymmetric,test
2025-03-31,2025-04-01,0.6367477385533009,0.4646244199069428,AdvGARCH-BestSymmetric,test
2025-04-01,2025-04-02,0.0014400780515298,0.5009228215620403,AdvGARCH-BestSymmetric,test
2025-04-02,2025-04-03,47.7513682523715,0.45582216860462926,AdvGARCH-BestSymmetric,test
2025-04-03,2025-04-04,2.4680894659320427,6.823588595168684,AdvGARCH-BestSymmetric,test
2025-04-04,2025-04-08,44.20961209050503,5.896557681750704,AdvGARCH-BestSymmetric,test
2025-04-08,2025-04-09,11.94996872052983,10.732535916820199,AdvGARCH-BestSymmetric,test
2025-04-09,2025-04-10,42.861963107094255,10.541283574404984,AdvGARCH-BestSymmetric,test
2025-04-10,2025-04-11,20.5039468602513,14.323992238054272,AdvGARCH-BestSymmetric,test
2025-04-11,2025-04-14,2.373686902735611,14.60437474031792,AdvGARCH-BestSymmetric,test
2025-04-14,2025-04-15,1.222393557661562,12.460858208007442,AdvGARCH-BestSymmetric,test
2025-04-15,2025-04-16,2.0585197770339483,10.746040103247928,AdvGARCH-BestSymmetric,test
2025-04-16,2025-04-17,0.3278654140280428,9.489580680972457,AdvGARCH-BestSymmetric,test
2025-04-17,2025-04-18,0.0235644272572965,8.1500817639231,AdvGARCH-BestSymmetric,test
2025-04-18,2025-04-21,0.9867147275211472,6.976662018579199,AdvGARCH-BestSymmetric,test
2025-04-21,2025-04-22,0.6837487157170882,6.129397118696486,AdvGARCH-BestSymmetric,test
2025-04-22,2025-04-23,1.3269747595182129,5.358486867376598,AdvGARCH-BestSymmetric,test
2025-04-23,2025-04-24,1.029521260921247,4.75811863325412,AdvGARCH-BestSymmetric,test
2025-04-24,2025-04-25,0.2299163958338018,4.207531253394152,AdvGARCH-BestSymmetric,test
2025-04-25,2025-04-28,0.0391566462219492,3.638054132898917,AdvGARCH-BestSymmetric,test
2025-04-28,2025-04-29,0.0016617646152264,3.1415691397829817,AdvGARCH-BestSymmetric,test
2025-04-29,2025-05-05,1.2432686189181044,2.715783334711228,AdvGARCH-BestSymmetric,test
2025-05-05,2025-05-06,0.0234403346988041,2.5034333081738316,AdvGARCH-BestSymmetric,test
2025-05-06,2025-05-07,0.4565410925067849,2.165414326178109,AdvGARCH-BestSymmetric,test
2025-05-07,2025-05-08,2.377733233918144,1.9294147028216915,AdvGARCH-BestSymmetric,test
2025-05-08,2025-05-09,0.0388387388391833,1.975714293111626,AdvGARCH-BestSymmetric,test
2025-05-09,2025-05-12,1.5662677776101377,1.7128087640863987,AdvGARCH-BestSymmetric,test
2025-05-12,2025-05-13,0.6231348828577624,1.6774870433682725,AdvGARCH-BestSymmetric,test
2025-05-13,2025-05-14,1.5683566422405055,1.5314576950991066,AdvGARCH-BestSymmetric,test
2025-05-14,2025-05-15,0.0700077382080358,1.5241933932458944,AdvGARCH-BestSymmetric,test
2025-05-15,2025-05-16,0.816128421348678,1.3308121605493353,AdvGARCH-BestSymmetric,test
2025-05-16,2025-05-19,0.1541807515116988,1.282850266274862,AdvGARCH-BestSymmetric,test
2025-05-19,2025-05-20,2.0864038037366446,1.1502259846102576,AdvGARCH-BestSymmetric,test
2025-05-20,2025-05-21,0.3586751908572574,1.270153166408147,AdvGARCH-BestSymmetric,test
2025-05-21,2025-05-22,0.4879763310352334,1.1466831060997933,AdvGARCH-BestSymmetric,test
2025-05-22,2025-05-23,0.0022258378145528,1.0754370792047752,AdvGARCH-BestSymmetric,test
2025-05-23,2025-05-26,1.8600723156803831,0.9489587337199369,AdvGARCH-BestSymmetric,test
2025-05-26,2025-05-27,0.2984907987188625,1.0727145419815145,AdvGARCH-BestSymmetric,test
2025-05-27,2025-05-28,0.0236037331895616,0.9731610811284499,AdvGARCH-BestSymmetric,test
2025-05-28,2025-05-29,5.553699144539498e-07,0.8569769968810826,AdvGARCH-BestSymmetric,test
2025-05-29,2025-05-30,0.4795271728756022,0.7664689899658971,AdvGARCH-BestSymmetric,test
2025-05-30,2025-06-02,0.0768775248909457,0.7619317164808459,AdvGARCH-BestSymmetric,test
2025-06-02,2025-06-03,0.6659991384313828,0.689246215588969,AdvGARCH-BestSymmetric,test
2025-06-03,2025-06-04,0.0125760569530384,0.6990037600355641,AdvGARCH-BestSymmetric,test
2025-06-04,2025-06-05,0.0737636944522696,0.6314686871013254,AdvGARCH-BestSymmetric,test
2025-06-05,2025-06-06,0.8339101934074882,0.5845828579287784,AdvGARCH-BestSymmetric,test
2025-06-06,2025-06-09,2.1415615006193414,0.6554938628397025,AdvGARCH-BestSymmetric,test
2025-06-09,2025-06-10,0.1857120921961249,0.8899038148446051,AdvGARCH-BestSymmetric,test
2025-06-10,2025-06-11,0.0061284527471124,0.7953628262543218,AdvGARCH-BestSymmetric,test
2025-06-11,2025-06-12,0.348758893746006,0.7040958952681972,AdvGARCH-BestSymmetric,test
2025-06-12,2025-06-13,0.3232043851233978,0.6760059041792073,AdvGARCH-BestSymmetric,test
2025-06-13,2025-06-16,2.90666722935662,0.66072576628109,AdvGARCH-BestSymmetric,test
2025-06-16,2025-06-17,0.5089174637565245,0.9595820674411528,AdvGARCH-BestSymmetric,test
2025-06-17,2025-06-18,0.0040746855610125,0.893997086443079,AdvGARCH-BestSymmetric,test
2025-06-18,2025-06-19,0.1490639362511987,0.7832540251962501,AdvGARCH-BestSymmetric,test
2025-06-19,2025-06-20,0.0396634294929435,0.7182188739108394,AdvGARCH-BestSymmetric,test
2025-06-20,2025-06-23,0.4254396112184308,0.6561687134136438,AdvGARCH-BestSymmetric,test
2025-06-23,2025-06-24,0.3974954121903902,0.6431050641795542,AdvGARCH-BestSymmetric,test
2025-06-24,2025-06-25,2.141289912653593e-06,0.6268905728544899,AdvGARCH-BestSymmetric,test
2025-06-25,2025-06-26,0.0062490303873797,0.5667227341168158,AdvGARCH-BestSymmetric,test
2025-06-26,2025-06-27,0.1777576915183636,0.5195840779363993,AdvGARCH-BestSymmetric,test
2025-06-27,2025-06-30,0.1135910808511721,0.4977043601251967,AdvGARCH-BestSymmetric,test
2025-06-30,2025-07-01,0.0165236945249244,0.47052664422062157,AdvGARCH-BestSymmetric,test
2025-07-01,2025-07-02,0.2388288030529801,0.4366803373626756,AdvGARCH-BestSymmetric,test
2025-07-02,2025-07-03,0.0361488680610222,0.4337255855191298,AdvGARCH-BestSymmetric,test
2025-07-03,2025-07-04,0.1309520910154639,0.41178902977232373,AdvGARCH-BestSymmetric,test
2025-07-04,2025-07-07,1.1709559965363006,0.39882054577487014,AdvGARCH-BestSymmetric,test
2025-07-07,2025-07-08,0.904778187332118,0.5171700522607354,AdvGARCH-BestSymmetric,test
2025-07-08,2025-07-09,1.241559484315582,0.5780701206347412,AdvGARCH-BestSymmetric,test
2025-07-09,2025-07-10,0.9910271514632224,0.6692449714237932,AdvGARCH-BestSymmetric,test
2025-07-10,2025-07-11,0.6970381226212395,0.7150645048270493,AdvGARCH-BestSymmetric,test
2025-07-11,2025-07-14,0.7477170344432008,0.7171216075883481,AdvGARCH-BestSymmetric,test
2025-07-14,2025-07-15,0.4444265080916222,0.7282931694644947,AdvGARCH-BestSymmetric,test
2025-07-15,2025-07-16,0.1995824056263008,0.7172609252631501,AdvGARCH-BestSymmetric,test
2025-07-16,2025-07-17,2.3820294026445814,0.6625996444135881,AdvGARCH-BestSymmetric,test
2025-07-17,2025-07-18,0.2369058350764768,0.8944715408457756,AdvGARCH-BestSymmetric,test
2025-07-18,2025-07-21,0.6726766922283197,0.8097534611087289,AdvGARCH-BestSymmetric,test
2025-07-21,2025-07-22,2.6753597330452594,0.8130843103296722,AdvGARCH-BestSymmetric,test
2025-07-22,2025-07-23,0.033610422134737,1.0591179126277968,AdvGARCH-BestSymmetric,test
2025-07-23,2025-07-24,0.3298066193429415,0.9223159845765161,AdvGARCH-BestSymmetric,test
2025-07-24,2025-07-25,0.4388880259346913,0.846739651940806,AdvGARCH-BestSymmetric,test
2025-07-25,2025-07-28,2.898363616722053,0.8078052805141915,AdvGARCH-BestSymmetric,test
2025-07-28,2025-07-29,17.613558540836202,1.0845327245860186,AdvGARCH-BestSymmetric,test
2025-07-29,2025-07-30,0.8980946651524866,3.32292945040696,AdvGARCH-BestSymmetric,test
2025-07-30,2025-07-31,0.1152726694915896,2.8502605984386986,AdvGARCH-BestSymmetric,test
2025-07-31,2025-08-01,0.1152726694915833,2.3912627322960986,AdvGARCH-BestSymmetric,test
2025-08-01,2025-08-04,1.834710119502004,2.091295506106453,AdvGARCH-BestSymmetric,test
2025-08-04,2025-08-05,1.520412348936557,2.048544887085249,AdvGARCH-BestSymmetric,test
2025-08-05,2025-08-06,2.8972670658789563,1.9580451077029823,AdvGARCH-BestSymmetric,test
2025-08-06,2025-08-07,0.2635664108766646,2.0512391885743213,AdvGARCH-BestSymmetric,test
2025-08-07,2025-08-08,0.039326859883716,1.79070637383531,AdvGARCH-BestSymmetric,test
2025-08-08,2025-08-11,0.9422556417684452,1.5519118988978664,AdvGARCH-BestSymmetric,test
2025-08-11,2025-08-12,0.2369869845385009,1.4729983541887024,AdvGARCH-BestSymmetric,test
2025-08-12,2025-08-13,0.0440788772156527,1.3129324711834598,AdvGARCH-BestSymmetric,test
2025-08-13,2025-08-14,3.200310161092739,1.1535632477900002,AdvGARCH-BestSymmetric,test
2025-08-14,2025-08-15,0.4273067256056122,1.4209976582020494,AdvGARCH-BestSymmetric,test
2025-08-15,2025-08-18,0.1521280158050796,1.2934099991746997,AdvGARCH-BestSymmetric,test
2025-08-18,2025-08-19,1.174434797614126,1.1361110290548653,AdvGARCH-BestSymmetric,test
2025-08-19,2025-08-20,0.3749305014941085,1.1456238836622314,AdvGARCH-BestSymmetric,test
2025-08-20,2025-08-21,1.989152286945736,1.0487649465513758,AdvGARCH-BestSymmetric,test
2025-08-21,2025-08-22,6.511855987425645,1.1692289277638195,AdvGARCH-BestSymmetric,test
2025-08-22,2025-08-25,3.721774310323592,1.9128221904632459,AdvGARCH-BestSymmetric,test
2025-08-25,2025-08-26,10.672831463331164,2.1315439905264593,AdvGARCH-BestSymmetric,test
2025-08-26,2025-08-27,0.1033600134238672,3.168724483634034,AdvGARCH-BestSymmetric,test
2025-08-27,2025-08-28,0.2196933006813634,2.666934455196047,AdvGARCH-BestSymmetric,test
2025-08-28,2025-08-29,0.0064454873601164,2.2840995799997184,AdvGARCH-BestSymmetric,test
2025-08-29,2025-09-03,0.0029279074904991,1.9883775076689443,AdvGARCH-BestSymmetric,test
2025-09-03,2025-09-04,0.7878709714332047,1.7339656068041602,AdvGARCH-BestSymmetric,test
2025-09-04,2025-09-05,3.0401082196490887,1.608267253098639,AdvGARCH-BestSymmetric,test
2025-09-05,2025-09-08,6.650758234823594,1.8265506048137083,AdvGARCH-BestSymmetric,test
2025-09-08,2025-09-09,0.6150034620566089,2.4812754433075948,AdvGARCH-BestSymmetric,test
2025-09-09,2025-09-10,0.1311392104891743,2.164896155327585,AdvGARCH-BestSymmetric,test
2025-09-10,2025-09-11,0.7707413531131861,1.8588132932677255,AdvGARCH-BestSymmetric,test
2025-09-11,2025-09-12,0.3272182232185671,1.7135046415861173,AdvGARCH-BestSymmetric,test
2025-09-12,2025-09-15,1.1076835127457196,1.530513407755079,AdvGARCH-BestSymmetric,test
2025-09-15,2025-09-16,0.0564941879844652,1.4699756405223492,AdvGARCH-BestSymmetric,test
2025-09-16,2025-09-17,0.3510643230345384,1.2926891151297373,AdvGARCH-BestSymmetric,test
2025-09-17,2025-09-18,0.1204832995414096,1.18683216196913,AdvGARCH-BestSymmetric,test
2025-09-18,2025-09-19,0.1558113286329437,1.066015881136317,AdvGARCH-BestSymmetric,test
2025-09-19,2025-09-22,2.1548992233102013,0.9678167779567454,AdvGARCH-BestSymmetric,test
2025-09-22,2025-09-23,0.0024547743448737,1.1625243268227823,AdvGARCH-BestSymmetric,test
2025-09-23,2025-09-24,1.8183165781347828,1.0119867342571969,AdvGARCH-BestSymmetric,test
2025-09-24,2025-09-25,0.2696988542084727,1.1119080456271324,AdvGARCH-BestSymmetric,test
2025-09-25,2025-09-26,0.1049995667244043,1.004265976470473,AdvGARCH-BestSymmetric,test
2025-09-26,2025-09-29,0.1207157531709924,0.9007566595844252,AdvGARCH-BestSymmetric,test
2025-09-29,2025-09-30,0.0825092745825899,0.8148478205191692,AdvGARCH-BestSymmetric,test
2025-09-30,2025-10-01,0.0405610853854958,0.7445441308972882,AdvGARCH-BestSymmetric,test
2025-10-01,2025-10-02,0.5533556929381476,0.6728796456904909,AdvGARCH-BestSymmetric,test
2025-10-02,2025-10-03,0.1745254722126338,0.6914556002714121,AdvGARCH-BestSymmetric,test
2025-10-03,2025-10-06,8.84404690494525,0.6499062972610307,AdvGARCH-BestSymmetric,test
2025-10-06,2025-10-07,0.3641027934298682,1.719998999018435,AdvGARCH-BestSymmetric,test
2025-10-07,2025-10-08,0.5486921315455813,1.5035926795859658,AdvGARCH-BestSymmetric,test
2025-10-08,2025-10-09,1.1922218605244943,1.3360712261158587,AdvGARCH-BestSymmetric,test
2025-10-09,2025-10-10,3.220212549761636,1.319287931109033,AdvGARCH-BestSymmetric,test
2025-10-10,2025-10-13,1.0007740943267542,1.5580728931998753,AdvGARCH-BestSymmetric,test
2025-10-13,2025-10-14,0.0530277849803774,1.4604748099455847,AdvGARCH-BestSymmetric,test
2025-10-14,2025-10-15,0.0312420838438003,1.2707828429109034,AdvGARCH-BestSymmetric,test
2025-10-15,2025-10-16,0.2550192069697773,1.1228124495500444,AdvGARCH-BestSymmetric,test
2025-10-16,2025-10-17,4.157221997254808,1.0216378769907801,AdvGARCH-BestSymmetric,test
2025-10-17,2025-10-20,31.687885302040943,1.480600435454942,AdvGARCH-BestSymmetric,test
2025-10-20,2025-10-21,2.6780326889178614,5.530876920684316,AdvGARCH-BestSymmetric,test
2025-10-21,2025-10-22,0.8133878588699036,4.86275833446691,AdvGARCH-BestSymmetric,test
2025-10-22,2025-10-23,0.2587585559528909,4.102907046634032,AdvGARCH-BestSymmetric,test
2025-10-23,2025-10-24,0.053015415411533,3.5632659990514624,AdvGARCH-BestSymmetric,test
2025-10-24,2025-10-27,3.375069844215606,3.087211370776298,AdvGARCH-BestSymmetric,test
2025-10-27,2025-10-28,2.814969211801454,3.1364053357772534,AdvGARCH-BestSymmetric,test
2025-10-28,2025-10-29,0.1002770987516237,3.0406715064732763,AdvGARCH-BestSymmetric,test
2025-10-29,2025-10-30,0.939332335111435,2.6043100332768,AdvGARCH-BestSymmetric,test
2025-10-30,2025-10-31,3.2700587697209347,2.3812034489595915,AdvGARCH-BestSymmetric,test
2025-10-31,2025-11-03,1.9349432702427485,2.5167334504064964,AdvGARCH-BestSymmetric,test
2025-11-03,2025-11-04,4.580450857721864,2.429005395698389,AdvGARCH-BestSymmetric,test
2025-11-04,2025-11-05,0.0309750452194787,2.6579491661998897,AdvGARCH-BestSymmetric,test
2025-11-05,2025-11-06,0.5520248822173379,2.268827236722045,AdvGARCH-BestSymmetric,test
2025-11-06,2025-11-07,7.216601336017348,2.032490361418505,AdvGARCH-BestSymmetric,test
2025-11-07,2025-11-10,1.3629185312754708,2.755394986883632,AdvGARCH-BestSymmetric,test
2025-11-10,2025-11-11,0.6782053056730832,2.531131489667797,AdvGARCH-BestSymmetric,test
2025-11-11,2025-11-12,5.625713037940661,2.2276795389900497,AdvGARCH-BestSymmetric,test
2025-11-12,2025-11-13,0.000662589539105,2.6443432346536677,AdvGARCH-BestSymmetric,test
2025-11-13,2025-11-14,0.0605676682080504,2.256799510840512,AdvGARCH-BestSymmetric,test
2025-11-14,2025-11-17,1.328575255573558,1.938829298199289,AdvGARCH-BestSymmetric,test
2025-11-17,2025-11-18,0.1101519148224003,1.8540903894593228,AdvGARCH-BestSymmetric,test
2025-11-18,2025-11-19,0.4356481626659925,1.6210948332016537,AdvGARCH-BestSymmetric,test
2025-11-19,2025-11-20,0.1789267767214806,1.4774770912459245,AdvGARCH-BestSymmetric,test
2025-11-20,2025-11-21,0.0040999105070223,1.3118323538730203,AdvGARCH-BestSymmetric,test
2025-11-21,2025-11-24,0.6169476621587812,1.153104578454058,AdvGARCH-BestSymmetric,test
2025-11-24,2025-11-25,0.2096602420348715,1.0911169033882582,AdvGARCH-BestSymmetric,test
2025-11-25,2025-11-26,1.433673327817772,0.9965821135007451,AdvGARCH-BestSymmetric,test
2025-11-26,2025-11-27,0.0554068207335508,1.0568821014539729,AdvGARCH-BestSymmetric,test
2025-11-27,2025-11-28,0.1562015926240177,0.9325540488274751,AdvGARCH-BestSymmetric,test
2025-11-28,2025-12-01,0.39639182484541,0.8405592087121706,AdvGARCH-BestSymmetric,test
2025-12-01,2025-12-02,0.8106128656312585,0.7975258681519447,AdvGARCH-BestSymmetric,test
2025-12-02,2025-12-03,0.7276910420234725,0.8100832585096427,AdvGARCH-BestSymmetric,test
2025-12-03,2025-12-04,0.0994544592328996,0.8065963523991129,AdvGARCH-BestSymmetric,test
2025-12-04,2025-12-05,0.0550277452970135,0.7256706296683696,AdvGARCH-BestSymmetric,test
2025-12-05,2025-12-08,0.5051234930048776,0.6560423699265081,AdvGARCH-BestSymmetric,test
2025-12-08,2025-12-09,0.1408736793364905,0.6536511308829916,AdvGARCH-BestSymmetric,test
2025-12-09,2025-12-10,2.645907078453935,0.6138439013072774,AdvGARCH-BestSymmetric,test
2025-12-10,2025-12-11,1.3806505812729413,0.9259210824986129,AdvGARCH-BestSymmetric,test
2025-12-11,2025-12-12,9.667324836347865,1.0042712130572917,AdvGARCH-BestSymmetric,test
2025-12-12,2025-12-15,0.0028567239256699,2.18572612546731,AdvGARCH-BestSymmetric,test
2025-12-15,2025-12-16,3.980584197891362,1.8323186861399852,AdvGARCH-BestSymmetric,test
2025-12-16,2025-12-17,0.1084209662548159,2.0519913031110275,AdvGARCH-BestSymmetric,test
2025-12-17,2025-12-18,0.0392718088641224,1.7857387560768603,AdvGARCH-BestSymmetric,test
2025-12-18,2025-12-19,2.613324440401082,1.5435344497006864,AdvGARCH-BestSymmetric,test
2025-12-19,2025-12-22,7.313697947150696,1.679565681542848,AdvGARCH-BestSymmetric,test
2025-12-22,2025-12-23,1.4374361396783522,2.3885839232923827,AdvGARCH-BestSymmetric,test
2025-12-23,2025-12-24,0.36034587773515,2.1918089047917064,AdvGARCH-BestSymmetric,test
2025-12-24,2025-12-25,5.141409326470893,1.9028203720491308,AdvGARCH-BestSymmetric,test
2025-12-25,2025-12-26,0.5648889447832609,2.3619929278237657,AdvGARCH-BestSymmetric,test
2025-12-26,2025-12-29,2.0655121585777008,2.1010676365990677,AdvGARCH-BestSymmetric,test
2025-12-29,2025-12-30,0.4690762256667201,2.053006264155444,AdvGARCH-BestSymmetric,test
2025-12-30,2025-12-31,0.9813005407165244,1.8281461613314967,AdvGARCH-BestSymmetric,test
2020-01-02,2020-01-03,0.0250907830256049,0.3928178916326337,AdvGARCH-BestSymmetric,validation
2020-01-03,2020-01-06,0.9476915195201792,0.37332840014650476,AdvGARCH-BestSymmetric,validation
2020-01-06,2020-01-07,0.104181316002117,0.4898819525634116,AdvGARCH-BestSymmetric,validation
2020-01-07,2020-01-08,1.0770730792986123,0.45710815978903224,AdvGARCH-BestSymmetric,validation
2020-01-08,2020-01-09,1.3693209243773992,0.5752018505865869,AdvGARCH-BestSymmetric,validation
2020-01-09,2020-01-10,0.7569453657796249,0.6863295171212008,AdvGARCH-BestSymmetric,validation
2020-01-10,2020-01-13,0.0779299678700735,0.6972788501365327,AdvGARCH-BestSymmetric,validation
2020-01-13,2020-01-14,0.0144073552388825,0.6342517577523441,AdvGARCH-BestSymmetric,validation
2020-01-14,2020-01-15,0.0033517503388054,0.5741365677896273,AdvGARCH-BestSymmetric,validation
2020-01-15,2020-01-16,0.483315508188739,0.5253993502955072,AdvGARCH-BestSymmetric,validation
2020-01-16,2020-01-17,0.2266955412354889,0.5397636761341553,AdvGARCH-BestSymmetric,validation
2020-01-17,2020-01-20,0.0011366961882311,0.5179350520041367,AdvGARCH-BestSymmetric,validation
2020-01-20,2020-01-21,0.620613610020936,0.47498195095613455,AdvGARCH-BestSymmetric,validation
2020-01-21,2020-01-22,0.2649229323580117,0.5129273789830537,AdvGARCH-BestSymmetric,validation
2020-01-22,2020-01-30,10.681729656091257,0.4989630571843797,AdvGARCH-BestSymmetric,validation
2020-01-30,2020-01-31,5.865133827993191,1.9101457108658193,AdvGARCH-BestSymmetric,validation
2020-01-31,2020-02-03,0.8272024151231092,2.4002885384236317,AdvGARCH-BestSymmetric,validation
2020-02-03,2020-02-04,0.0104658835251161,2.1096538666877893,AdvGARCH-BestSymmetric,validation
2020-02-04,2020-02-05,0.1175512507127237,1.8044118986586817,AdvGARCH-BestSymmetric,validation
2020-02-05,2020-02-06,1.8356018915555292,1.595215133397487,AdvGARCH-BestSymmetric,validation
2020-02-06,2020-02-07,0.0553168362540114,1.6234509657677105,AdvGARCH-BestSymmetric,validation
2020-02-07,2020-02-10,1.14665654297727,1.4135616406135043,AdvGARCH-BestSymmetric,validation
2020-02-10,2020-02-11,0.1784472180385378,1.3974530847531337,AdvGARCH-BestSymmetric,validation
2020-02-11,2020-02-12,0.1033759850072604,1.2393187195505,AdvGARCH-BestSymmetric,validation
2020-02-12,2020-02-13,0.0035645724311596,1.0959740466751775,AdvGARCH-BestSymmetric,validation
2020-02-13,2020-02-14,0.007095648592579,0.9699478473637781,AdvGARCH-BestSymmetric,validation
2020-02-14,2020-02-17,0.0819627293788475,0.8651766070868427,AdvGARCH-BestSymmetric,validation
2020-02-17,2020-02-18,0.5393743252289994,0.7881751022506016,AdvGARCH-BestSymmetric,validation
2020-02-18,2020-02-19,0.0079935084291448,0.7877232282805954,AdvGARCH-BestSymmetric,validation
2020-02-19,2020-02-20,1.007648372641439,0.703455744058563,AdvGARCH-BestSymmetric,validation
2020-02-20,2020-02-21,0.2901840002942764,0.7541339064536106,AdvGARCH-BestSymmetric,validation
2020-02-21,2020-02-24,10.499319840007198,0.7186413823213418,AdvGARCH-BestSymmetric,validation
2020-02-24,2020-02-25,0.487607684946675,2.0705077372779224,AdvGARCH-BestSymmetric,validation
2020-02-25,2020-02-26,2.3027959637577347,1.78861961558491,AdvGARCH-BestSymmetric,validation
2020-02-26,2020-02-27,0.0757898564940438,1.827339759418045,AdvGARCH-BestSymmetric,validation
2020-02-27,2020-02-28,3.3315279697661397,1.5892144031771671,AdvGARCH-BestSymmetric,validation
2020-02-28,2020-03-02,0.0643087707016609,1.843806089409167,AdvGARCH-BestSymmetric,validation
2020-03-02,2020-03-03,0.4848687144344406,1.592761264103121,AdvGARCH-BestSymmetric,validation
2020-03-03,2020-03-04,0.0194121329487549,1.432626270543746,AdvGARCH-BestSymmetric,validation
2020-03-04,2020-03-05,0.1953921289983395,1.2610506406390105,AdvGARCH-BestSymmetric,validation
2020-03-05,2020-03-06,0.0439125584620563,1.1304222212352069,AdvGARCH-BestSymmetric,validation
2020-03-06,2020-03-09,42.01600464009923,1.0075015270537353,AdvGARCH-BestSymmetric,validation
2020-03-09,2020-03-10,0.0577385447930077,6.531509633917831,AdvGARCH-BestSymmetric,validation
2020-03-10,2020-03-11,10.062685801317658,5.342465653629915,AdvGARCH-BestSymmetric,validation
2020-03-11,2020-03-12,28.39132734538161,5.745697341095558,AdvGARCH-BestSymmetric,validation
2020-03-12,2020-03-13,0.9522274265858316,8.713514384585066,AdvGARCH-BestSymmetric,validation
2020-03-13,2020-03-16,3.4010756349170417,7.378970985538976,AdvGARCH-BestSymmetric,validation
2020-03-16,2020-03-17,0.0775702786503674,6.65287834849287,AdvGARCH-BestSymmetric,validation
2020-03-17,2020-03-18,0.0633870572758951,5.712769931326796,AdvGARCH-BestSymmetric,validation
2020-03-18,2020-03-19,8.691271441121467,4.901083041115659,AdvGARCH-BestSymmetric,validation
2020-03-19,2020-03-20,5.099806319623413,5.402434972000464,AdvGARCH-BestSymmetric,validation
2020-03-20,2020-03-23,39.324753398937766,5.289937207508827,AdvGARCH-BestSymmetric,validation
2020-03-23,2020-03-24,1.2394404253652411,9.7477790642974,AdvGARCH-BestSymmetric,validation
2020-03-24,2020-03-25,21.170767602446844,8.253531252092705,AdvGARCH-BestSymmetric,validation
2020-03-25,2020-03-26,0.3272592319629427,9.614389983727422,AdvGARCH-BestSymmetric,validation
2020-03-26,2020-03-27,0.0708281107928228,8.156167120966938,AdvGARCH-BestSymmetric,validation
2020-03-27,2020-03-30,24.77812989942355,6.899783863979262,AdvGARCH-BestSymmetric,validation
2020-03-30,2020-03-31,0.0016614736162584,9.267726493929516,AdvGARCH-BestSymmetric,validation
2020-03-31,2020-04-01,6.951204185299923,7.785023805470852,AdvGARCH-BestSymmetric,validation
2020-04-01,2020-04-03,9.745314866975544,7.4355263443337885,AdvGARCH-BestSymmetric,validation
2020-04-03,2020-04-06,23.61975403181723,7.600255134714871,AdvGARCH-BestSymmetric,validation
2020-04-06,2020-04-07,1.7959977540981795,9.496004227110753,AdvGARCH-BestSymmetric,validation
2020-04-07,2020-04-08,0.031670113685362,8.165478347036002,AdvGARCH-BestSymmetric,validation
2020-04-08,2020-04-09,2.664349091269905,6.880450257823733,AdvGARCH-BestSymmetric,validation
2020-04-09,2020-04-10,0.0991193599969613,6.242379577611752,AdvGARCH-BestSymmetric,validation
2020-04-10,2020-04-13,1.0616734405284087,5.366460364824492,AdvGARCH-BestSymmetric,validation
2020-04-13,2020-04-14,0.044657326796299,4.727561773703217,AdvGARCH-BestSymmetric,validation
2020-04-14,2020-04-15,1.6134694756828007,4.066259597871344,AdvGARCH-BestSymmetric,validation
2020-04-15,2020-04-16,0.1995857905304535,3.69807264488038,AdvGARCH-BestSymmetric,validation
2020-04-16,2020-04-17,1.2849435357813008,3.2022704354538076,AdvGARCH-BestSymmetric,validation
2020-04-17,2020-04-20,0.4593979249949131,2.915343445470002,AdvGARCH-BestSymmetric,validation
2020-04-20,2020-04-21,12.978873344019766,2.5677838042295575,AdvGARCH-BestSymmetric,validation
2020-04-21,2020-04-22,0.0733737116381983,3.978807615107891,AdvGARCH-BestSymmetric,validation
2020-04-22,2020-04-23,0.4184349588364568,3.3507363639669685,AdvGARCH-BestSymmetric,validation
2020-04-23,2020-04-24,0.1258182196300893,2.8740234204684096,AdvGARCH-BestSymmetric,validation
2020-04-24,2020-04-27,0.5795257679139346,2.504043576248737,AdvGARCH-BestSymmetric,validation
2020-04-27,2020-04-28,0.2143187476000118,2.257802169307724,AdvGARCH-BestSymmetric,validation
2020-04-28,2020-04-29,0.0611792667418572,1.9910223854689213,AdvGARCH-BestSymmetric,validation
2020-04-29,2020-05-04,0.7518344451734201,1.7344952319695008,AdvGARCH-BestSymmetric,validation
2020-05-04,2020-05-05,0.0490191944837796,1.6242165228820065,AdvGARCH-BestSymmetric,validation
2020-05-05,2020-05-06,5.6795185291388,1.4200004347327635,AdvGARCH-BestSymmetric,validation
2020-05-06,2020-05-07,3.121729248484887,1.965464449042385,AdvGARCH-BestSymmetric,validation
2020-05-07,2020-05-08,4.558766386917776,2.069887684048115,AdvGARCH-BestSymmetric,validation
2020-05-08,2020-05-11,3.1623544686065705,2.3325483699303127,AdvGARCH-BestSymmetric,validation
2020-05-11,2020-05-12,0.7061476617266061,2.3825745375269483,AdvGARCH-BestSymmetric,validation
2020-05-12,2020-05-13,0.0176814396147646,2.112852457960288,AdvGARCH-BestSymmetric,validation
2020-05-13,2020-05-14,0.0471790852184788,1.825473293126827,AdvGARCH-BestSymmetric,validation
2020-05-14,2020-05-15,0.4188839500568042,1.6007292040635808,AdvGARCH-BestSymmetric,validation
2020-05-15,2020-05-18,1.4388117144550177,1.4647564373370363,AdvGARCH-BestSymmetric,validation
2020-05-18,2020-05-19,1.1212214832868546,1.4579005762565969,AdvGARCH-BestSymmetric,validation
2020-05-19,2020-05-20,0.6772038230630518,1.4042455972011192,AdvGARCH-BestSymmetric,validation
2020-05-20,2020-05-21,1.3105093570623978,1.3004185853864472,AdvGARCH-BestSymmetric,validation
2020-05-21,2020-05-22,1.3565460202551032,1.2964768459313032,AdvGARCH-BestSymmetric,validation
2020-05-22,2020-05-25,0.541812619677385,1.325437472782103,AdvGARCH-BestSymmetric,validation
2020-05-25,2020-05-26,1.3635757531139376,1.2143825088945857,AdvGARCH-BestSymmetric,validation
2020-05-26,2020-05-27,1.8211114283606344,1.2283292193949384,AdvGARCH-BestSymmetric,validation
2020-05-27,2020-05-28,0.2069802660068541,1.3315207830820301,AdvGARCH-BestSymmetric,validation
2020-05-28,2020-05-29,0.1273946587706487,1.1753863305604115,AdvGARCH-BestSymmetric,validation
2020-05-29,2020-06-01,2.6545527294324818,1.040803235585553,AdvGARCH-BestSymmetric,validation
2020-06-01,2020-06-02,0.1948438272852952,1.255003770175723,AdvGARCH-BestSymmetric,validation
2020-06-02,2020-06-03,0.526391032778092,1.1216436265054317,AdvGARCH-BestSymmetric,validation
2020-06-03,2020-06-04,0.0956890209261397,1.0393427353860984,AdvGARCH-BestSymmetric,validation
2020-06-04,2020-06-05,0.068711754863941,0.9285655898591373,AdvGARCH-BestSymmetric,validation
2020-06-05,2020-06-08,2.3533534927844846,0.831729280495898,AdvGARCH-BestSymmetric,validation
2020-06-08,2020-06-09,0.0029663396470081,1.03779314371646,AdvGARCH-BestSymmetric,validation
2020-06-09,2020-06-10,0.0192877721914381,0.9080954649855051,AdvGARCH-BestSymmetric,validation
2020-06-10,2020-06-11,14.20113167350128,0.8001156052717615,AdvGARCH-BestSymmetric,validation
2020-06-11,2020-06-12,0.1978991573902568,2.643892448565978,AdvGARCH-BestSymmetric,validation
2020-06-12,2020-06-15,13.410151498832947,2.231160198607095,AdvGARCH-BestSymmetric,validation
2020-06-15,2020-06-16,7.854033490557961,3.6820000340967236,AdvGARCH-BestSymmetric,validation
2020-06-16,2020-06-17,0.0390437911460607,4.101133791899823,AdvGARCH-BestSymmetric,validation
2020-06-17,2020-06-18,0.0094269529730988,3.4265648203419765,AdvGARCH-BestSymmetric,validation
2020-06-18,2020-06-19,2.3775972708277777,2.9263558493881034,AdvGARCH-BestSymmetric,validation
2020-06-19,2020-06-22,0.0977642075595444,2.834012514586361,AdvGARCH-BestSymmetric,validation
2020-06-22,2020-06-23,0.1254074833473004,2.4494193768443724,AdvGARCH-BestSymmetric,validation
2020-06-23,2020-06-24,0.9656953175585764,2.134058182939249,AdvGARCH-BestSymmetric,validation
2020-06-24,2020-06-25,0.3568032861992914,1.9956821638487288,AdvGARCH-BestSymmetric,validation
2020-06-25,2020-06-26,0.0935607015251472,1.7856683939753442,AdvGARCH-BestSymmetric,validation
2020-06-26,2020-06-29,7.240799310682349,1.5672439890751817,AdvGARCH-BestSymmetric,validation
2020-06-29,2020-06-30,0.263950183757359,2.360995272550241,AdvGARCH-BestSymmetric,validation
2020-06-30,2020-07-01,4.853797558668691,2.0434517829962795,AdvGARCH-BestSymmetric,validation
2020-07-01,2020-07-02,0.0173403520116891,2.3545940843168656,AdvGARCH-BestSymmetric,validation
2020-07-02,2020-07-03,0.3830874038106421,2.0210576561294924,AdvGARCH-BestSymmetric,validation
2020-07-03,2020-07-06,2.515298700046254,1.7807641569702342,AdvGARCH-BestSymmetric,validation
2020-07-06,2020-07-07,0.0686927141453309,1.868511211862009,AdvGARCH-BestSymmetric,validation
2020-07-07,2020-07-08,0.0156264509294999,1.6198677095091414,AdvGARCH-BestSymmetric,validation
2020-07-08,2020-07-09,1.8878106377661732,1.4059343698729736,AdvGARCH-BestSymmetric,validation
2020-07-09,2020-07-10,0.3609627180509834,1.4693289700982324,AdvGARCH-BestSymmetric,validation
2020-07-10,2020-07-13,0.0819210906952639,1.3335835394042361,AdvGARCH-BestSymmetric,validation
2020-07-13,2020-07-14,0.0049340673468667,1.176118765826488,AdvGARCH-BestSymmetric,validation
2020-07-14,2020-07-15,0.0429038013029008,1.038733067747228,AdvGARCH-BestSymmetric,validation
2020-07-15,2020-07-16,0.6277983835430785,0.92505838797841,AdvGARCH-BestSymmetric,validation
2020-07-16,2020-07-17,0.3025848721746239,0.8983624492379881,AdvGARCH-BestSymmetric,validation
2020-07-17,2020-07-20,1.5014548821169582,0.8452840656638965,AdvGARCH-BestSymmetric,validation
2020-07-20,2020-07-21,0.0011330265098316,0.9653692172595955,AdvGARCH-BestSymmetric,validation
2020-07-21,2020-07-22,0.5929839946327068,0.847420308211991,AdvGARCH-BestSymmetric,validation
2020-07-22,2020-07-23,0.0380690415470228,0.8386174642223522,AdvGARCH-BestSymmetric,validation
2020-07-23,2020-07-24,10.714506391324338,0.7506226208857149,AdvGARCH-BestSymmetric,validation
2020-07-24,2020-07-27,29.71654662116303,2.1301354239843455,AdvGARCH-BestSymmetric,validation
2020-07-27,2020-07-28,12.442241141417854,5.781045658780688,AdvGARCH-BestSymmetric,validation
2020-07-28,2020-07-29,7.88382185098053,6.3237870157225125,AdvGARCH-BestSymmetric,validation
2020-07-29,2020-07-30,1.6712179001127756,6.2822368534926865,AdvGARCH-BestSymmetric,validation
2020-07-30,2020-07-31,0.1173768950572407,5.5042126072866635,AdvGARCH-BestSymmetric,validation
2020-07-31,2020-08-03,4.064809725455425,4.710782630819524,AdvGARCH-BestSymmetric,validation
2020-08-03,2020-08-04,2.475940854259596,4.564213547790356,AdvGARCH-BestSymmetric,validation
2020-08-04,2020-08-05,1.5093873640970836,4.214271399666495,AdvGARCH-BestSymmetric,validation
2020-08-05,2020-08-06,0.0712944062273411,3.7811883741885395,AdvGARCH-BestSymmetric,validation
2020-08-06,2020-08-07,0.0285261487999524,3.248715529866342,AdvGARCH-BestSymmetric,validation
2020-08-07,2020-08-10,0.0426711422269859,2.8033150538175247,AdvGARCH-BestSymmetric,validation
2020-08-10,2020-08-11,0.0002025643928529,2.4310252593288415,AdvGARCH-BestSymmetric,validation
2020-08-11,2020-08-12,0.2065144883305979,2.109783135696885,AdvGARCH-BestSymmetric,validation
2020-08-12,2020-08-13,0.9127332835843408,1.8572565121385203,AdvGARCH-BestSymmetric,validation
2020-08-13,2020-08-14,0.255367280706292,1.728354145044086,AdvGARCH-BestSymmetric,validation
2020-08-14,2020-08-17,0.0048129527023226,1.5440675299797746,AdvGARCH-BestSymmetric,validation
2020-08-17,2020-08-18,0.1923085427612989,1.3484764957120574,AdvGARCH-BestSymmetric,validation
2020-08-18,2020-08-19,0.3171223716823505,1.2157677504012805,AdvGARCH-BestSymmetric,validation
2020-08-19,2020-08-20,0.1246527755214606,1.106908315573922,AdvGARCH-BestSymmetric,validation
2020-08-20,2020-08-21,0.5953479247893214,0.9980581659362371,AdvGARCH-BestSymmetric,validation
2020-08-21,2020-08-24,2.601992310993434,0.9544795975510618,AdvGARCH-BestSymmetric,validation
2020-08-24,2020-08-25,0.3897315001367304,1.1709255434203376,AdvGARCH-BestSymmetric,validation
2020-08-25,2020-08-26,0.0055335984725061,1.0606819595084522,AdvGARCH-BestSymmetric,validation
2020-08-26,2020-08-27,0.0201247832938772,0.9280075946215708,AdvGARCH-BestSymmetric,validation
2020-08-27,2020-08-28,0.2371438175251532,0.828018673596269,AdvGARCH-BestSymmetric,validation
2020-08-28,2020-08-31,0.0919913483576587,0.7682141801034762,AdvGARCH-BestSymmetric,validation
2020-08-31,2020-09-01,1.2923697898915891,0.6984599492362913,AdvGARCH-BestSymmetric,validation
2020-09-01,2020-09-03,1.8585263119302429,0.7875595809321737,AdvGARCH-BestSymmetric,validation
2020-09-03,2020-09-04,0.0724558184717704,0.9293942931585712,AdvGARCH-BestSymmetric,validation
2020-09-04,2020-09-07,2.20557465755946,0.8245975026534882,AdvGARCH-BestSymmetric,validation
2020-09-07,2020-09-08,0.045178302752493,1.0402292659747394,AdvGARCH-BestSymmetric,validation
2020-09-08,2020-09-09,0.0084939812398233,0.9124439849625396,AdvGARCH-BestSymmetric,validation
2020-09-09,2020-09-10,0.003162773705203,0.8047331494252845,AdvGARCH-BestSymmetric,validation
2020-09-10,2020-09-11,0.0002847617108647,0.7243604561842755,AdvGARCH-BestSymmetric,validation
2020-09-11,2020-09-14,0.3943421427943259,0.6539347945865847,AdvGARCH-BestSymmetric,validation
2020-09-14,2020-09-15,0.0356225443834294,0.6382323099162197,AdvGARCH-BestSymmetric,validation
2020-09-15,2020-09-16,0.0182018998394976,0.5806407945109361,AdvGARCH-BestSymmetric,validation
2020-09-16,2020-09-17,0.1466259433788813,0.5301635247881389,AdvGARCH-BestSymmetric,validation
2020-09-17,2020-09-18,0.5927837774192054,0.5122211488761561,AdvGARCH-BestSymmetric,validation
2020-09-18,2020-09-21,0.5973025247310948,0.5408684823177391,AdvGARCH-BestSymmetric,validation
2020-09-21,2020-09-22,0.0372219865301334,0.5627432193434991,AdvGARCH-BestSymmetric,validation
2020-09-22,2020-09-23,0.4815094749114654,0.5173026370804857,AdvGARCH-BestSymmetric,validation
2020-09-23,2020-09-24,0.1853426709964717,0.5297736234804495,AdvGARCH-BestSymmetric,validation
2020-09-24,2020-09-25,0.0011645154128207,0.5149798988062352,AdvGARCH-BestSymmetric,validation
2020-09-25,2020-09-28,0.2158897933071618,0.4723294882914917,AdvGARCH-BestSymmetric,validation
2020-09-28,2020-09-29,0.8800033176965605,0.46080203672788245,AdvGARCH-BestSymmetric,validation
2020-09-29,2020-09-30,0.0184885133347586,0.5558230393269162,AdvGARCH-BestSymmetric,validation
2020-09-30,2020-10-01,0.9529808677190772,0.5038899893552863,AdvGARCH-BestSymmetric,validation
2020-10-01,2020-10-02,0.2100701799336074,0.5751562755656148,AdvGARCH-BestSymmetric,validation
2020-10-02,2020-10-05,0.2733808865752189,0.5548902060033044,AdvGARCH-BestSymmetric,validation
2020-10-05,2020-10-06,0.0117020561613317,0.5332846330986355,AdvGARCH-BestSymmetric,validation
2020-10-06,2020-10-07,0.194766708657986,0.48875510103759306,AdvGARCH-BestSymmetric,validation
2020-10-07,2020-10-08,0.0091636773062023,0.4723887341737679,AdvGARCH-BestSymmetric,validation
2020-10-08,2020-10-09,0.3136074736535195,0.44039261592791656,AdvGARCH-BestSymmetric,validation
2020-10-09,2020-10-12,0.039147029875858,0.4454355590842855,AdvGARCH-BestSymmetric,validation
2020-10-12,2020-10-13,0.1886516440368795,0.4169909173106977,AdvGARCH-BestSymmetric,validation
2020-10-13,2020-10-14,1.2182219245675234,0.4098965500505428,AdvGARCH-BestSymmetric,validation
2020-10-14,2020-10-15,0.0750977601457549,0.5324881301411136,AdvGARCH-BestSymmetric,validation
2020-10-15,2020-10-16,0.0032789630718449,0.4889971662781617,AdvGARCH-BestSymmetric,validation
2020-10-16,2020-10-19,0.0017086378411738,0.4468482008704019,AdvGARCH-BestSymmetric,validation
2020-10-19,2020-10-20,0.0059793113747856,0.417156390009988,AdvGARCH-BestSymmetric,validation
2020-10-20,2020-10-21,0.3275908040251104,0.3918656827729946,AdvGARCH-BestSymmetric,validation
2020-10-21,2020-10-22,1.3246371755092925,0.4204376832666056,AdvGARCH-BestSymmetric,validation
2020-10-22,2020-10-23,1.4132948922636843,0.5535017446393194,AdvGARCH-BestSymmetric,validation
2020-10-23,2020-10-26,1.1970960361828058,0.6710405800756325,AdvGARCH-BestSymmetric,validation
2020-10-26,2020-10-27,0.2083430476879338,0.7656633160952034,AdvGARCH-BestSymmetric,validation
2020-10-27,2020-10-28,7.411979475736142,0.7079587999141576,AdvGARCH-BestSymmetric,validation
2020-10-28,2020-10-29,0.0458453997519621,1.6460485021048576,AdvGARCH-BestSymmetric,validation
2020-10-29,2020-10-30,0.4800476169952387,1.3998146152182602,AdvGARCH-BestSymmetric,validation
2020-10-30,2020-11-02,0.7800511650758589,1.246021952041583,AdvGARCH-BestSymmetric,validation
2020-11-02,2020-11-03,0.0342682571944602,1.192196055215372,AdvGARCH-BestSymmetric,validation
2020-11-03,2020-11-04,0.2152577372300542,1.0500568315762013,AdvGARCH-BestSymmetric,validation
2020-11-04,2020-11-05,0.045844571767648,0.9508315814215224,AdvGARCH-BestSymmetric,validation
2020-11-05,2020-11-06,0.003314082741207,0.8548414269554463,AdvGARCH-BestSymmetric,validation
2020-11-06,2020-11-09,2.10118385761475,0.7636952187805048,AdvGARCH-BestSymmetric,validation
2020-11-09,2020-11-10,8.938431274224163e-05,0.9475906808099788,AdvGARCH-BestSymmetric,validation
2020-11-10,2020-11-11,0.0011297213251294,0.831974243596588,AdvGARCH-BestSymmetric,validation
2020-11-11,2020-11-12,0.5456632914405392,0.7353250767167296,AdvGARCH-BestSymmetric,validation
2020-11-12,2020-11-13,0.5301286092359084,0.7274197336500637,AdvGARCH-BestSymmetric,validation
2020-11-13,2020-11-16,2.614940684665197,0.7151065735342146,AdvGARCH-BestSymmetric,validation
2020-11-16,2020-11-17,3.5600857195920512,1.0060045518843348,AdvGARCH-BestSymmetric,validation
2020-11-17,2020-11-18,0.2272651607739751,1.3226720679138189,AdvGARCH-BestSymmetric,validation
2020-11-18,2020-11-19,0.9890184423772188,1.1533208373875463,AdvGARCH-BestSymmetric,validation
2020-11-19,2020-11-20,0.4666750014882298,1.1215978518789547,AdvGARCH-BestSymmetric,validation
2020-11-20,2020-11-23,0.1783704119345972,1.0417186346234433,AdvGARCH-BestSymmetric,validation
2020-11-23,2020-11-24,0.0248986125796567,0.9365165892573394,AdvGARCH-BestSymmetric,validation
2020-11-24,2020-11-25,0.1754782563587062,0.8335941541576658,AdvGARCH-BestSymmetric,validation
2020-11-25,2020-11-26,0.3614717362335366,0.7647082122031091,AdvGARCH-BestSymmetric,validation
2020-11-26,2020-11-27,0.1777363368777613,0.7279862422307519,AdvGARCH-BestSymmetric,validation
2020-11-27,2020-11-30,0.50308697006867,0.6726996119584174,AdvGARCH-BestSymmetric,validation
2020-11-30,2020-12-01,0.331272320082079,0.6824982749454521,AdvGARCH-BestSymmetric,validation
2020-12-01,2020-12-02,0.2902563684716866,0.6508523901707366,AdvGARCH-BestSymmetric,validation
2020-12-02,2020-12-03,0.290315397256232,0.6184661175367957,AdvGARCH-BestSymmetric,validation
2020-12-03,2020-12-04,0.0274172683613022,0.5927358187541923,AdvGARCH-BestSymmetric,validation
2020-12-04,2020-12-07,0.6850937253628709,0.5406441765556942,AdvGARCH-BestSymmetric,validation
2020-12-07,2020-12-08,0.0048900250994697,0.5765855298618014,AdvGARCH-BestSymmetric,validation
2020-12-08,2020-12-09,0.9108272820038537,0.5254843278360748,AdvGARCH-BestSymmetric,validation
2020-12-09,2020-12-10,0.6307404981430905,0.5900075314795711,AdvGARCH-BestSymmetric,validation
2020-12-10,2020-12-11,2.1005332911557746,0.6272866096999052,AdvGARCH-BestSymmetric,validation
2020-12-11,2020-12-14,2.953190631516623,0.8228776536701743,AdvGARCH-BestSymmetric,validation
2020-12-14,2020-12-15,0.6927758012586854,1.0921744511026603,AdvGARCH-BestSymmetric,validation
2020-12-15,2020-12-16,1.2199074044400842,1.0420744626008374,AdvGARCH-BestSymmetric,validation
2020-12-16,2020-12-17,2.0641473967885817,1.0548706047291134,AdvGARCH-BestSymmetric,validation
2020-12-17,2020-12-18,2.192631063716555,1.216946029762738,AdvGARCH-BestSymmetric,validation
2020-12-18,2020-12-21,1.6074554836667916,1.3274532211651768,AdvGARCH-BestSymmetric,validation
2020-12-21,2020-12-22,0.0479545490733483,1.342031774093144,AdvGARCH-BestSymmetric,validation
2020-12-22,2020-12-23,0.1771055150673424,1.1657507031549612,AdvGARCH-BestSymmetric,validation
2020-12-23,2020-12-24,1.124406225180995,1.05246724487434,AdvGARCH-BestSymmetric,validation
2020-12-24,2020-12-25,2.4671237918391133,1.0948178025249726,AdvGARCH-BestSymmetric,validation
2020-12-25,2020-12-28,0.4034604996523059,1.2686432023558958,AdvGARCH-BestSymmetric,validation
2020-12-28,2020-12-29,0.5549207078341868,1.142943086760357,AdvGARCH-BestSymmetric,validation
2020-12-29,2020-12-30,0.0315106576863239,1.061911939223561,AdvGARCH-BestSymmetric,validation
2020-12-30,2020-12-31,0.3307256931476,0.9446053524409614,AdvGARCH-BestSymmetric,validation
2020-12-31,2021-01-04,2.2278705339723945,0.8762694642565849,AdvGARCH-BestSymmetric,validation
2021-01-04,2021-01-05,1.1499318142027897,1.0583415985812497,AdvGARCH-BestSymmetric,validation
2021-01-05,2021-01-06,0.8776630886951989,1.0633323237662644,AdvGARCH-BestSymmetric,validation
2021-01-06,2021-01-07,1.3339004712332734,1.0305896514722137,AdvGARCH-BestSymmetric,validation
2021-01-07,2021-01-08,0.9288877612518626,1.0682826590639898,AdvGARCH-BestSymmetric,validation
2021-01-08,2021-01-11,2.138176540768584,1.0475320135940502,AdvGARCH-BestSymmetric,validation
2021-01-11,2021-01-12,0.3865727035398198,1.1836567700407457,AdvGARCH-BestSymmetric,validation
2021-01-12,2021-01-13,0.2744693433035448,1.0729880145817556,AdvGARCH-BestSymmetric,validation
2021-01-13,2021-01-14,0.0129409883939506,0.9821663217998425,AdvGARCH-BestSymmetric,validation
2021-01-14,2021-01-15,0.3260937940923989,0.8714603799168468,AdvGARCH-BestSymmetric,validation
2021-01-15,2021-01-18,0.0358827142959493,0.8143749636761173,AdvGARCH-BestSymmetric,validation
2021-01-18,2021-01-19,27.541540391562137,0.7360438652092051,AdvGARCH-BestSymmetric,validation
2021-01-19,2021-01-20,0.1055259451193829,4.369410558305966,AdvGARCH-BestSymmetric,validation
2021-01-20,2021-01-21,6.600825920548621,3.5958048813826355,AdvGARCH-BestSymmetric,validation
2021-01-21,2021-01-22,0.0486234498742934,3.8023997517034545,AdvGARCH-BestSymmetric,validation
2021-01-22,2021-01-25,0.003916873597976,3.2565841316711124,AdvGARCH-BestSymmetric,validation
2021-01-25,2021-01-26,6.76157056018748,2.787686930308565,AdvGARCH-BestSymmetric,validation
2021-01-26,2021-01-27,12.16950048366727,3.3420484522650793,AdvGARCH-BestSymmetric,validation
2021-01-27,2021-01-28,47.71522267260341,4.495687790891492,AdvGARCH-BestSymmetric,validation
2021-01-28,2021-01-29,9.864460610625494,10.152545488117193,AdvGARCH-BestSymmetric,validation
2021-01-29,2021-02-01,4.068938921704016,9.597545218913243,AdvGARCH-BestSymmetric,validation
2021-02-01,2021-02-02,14.37888811066259,8.486311790287456,AdvGARCH-BestSymmetric,validation
2021-02-02,2021-02-03,10.698092971323405,9.082088477362815,AdvGARCH-BestSymmetric,validation
2021-02-03,2021-02-04,0.006553579964635,9.061830219871975,AdvGARCH-BestSymmetric,validation
2021-02-04,2021-02-05,1.728785632859906,7.630872847051883,AdvGARCH-BestSymmetric,validation
2021-02-05,2021-02-08,15.664350744194984,6.712300017288023,AdvGARCH-BestSymmetric,validation
2021-02-08,2021-02-09,8.346588799606792,7.8794145989975215,AdvGARCH-BestSymmetric,validation
2021-02-09,2021-02-17,12.948351612917367,7.718519400406604,AdvGARCH-BestSymmetric,validation
2021-02-17,2021-02-18,2.5487828873734144,8.157289901940825,AdvGARCH-BestSymmetric,validation
2021-02-18,2021-02-19,0.0056191882730801,7.1994499629747954,AdvGARCH-BestSymmetric,validation
2021-02-19,2021-02-22,0.0171990965562516,6.106304180531621,AdvGARCH-BestSymmetric,validation
2021-02-22,2021-02-23,0.04885188428266,5.240376573130234,AdvGARCH-BestSymmetric,validation
2021-02-23,2021-02-24,1.7852090551538884,4.51290714432936,AdvGARCH-BestSymmetric,validation
2021-02-24,2021-02-25,0.0863685922010339,4.137668583739073,AdvGARCH-BestSymmetric,validation
2021-02-25,2021-02-26,0.0678645793866586,3.5609429727503503,AdvGARCH-BestSymmetric,validation
2021-02-26,2021-03-01,2.260340412751501,3.0692096249691265,AdvGARCH-BestSymmetric,validation
2021-03-01,2021-03-02,0.0013754677373442,2.935263582670887,AdvGARCH-BestSymmetric,validation
2021-03-02,2021-03-03,0.0008207623047958,2.5261992756759653,AdvGARCH-BestSymmetric,validation
2021-03-03,2021-03-04,2.448912301147324,2.179741174387148,AdvGARCH-BestSymmetric,validation
2021-03-04,2021-03-05,0.0002116227550263,2.239261881246822,AdvGARCH-BestSymmetric,validation
2021-03-05,2021-03-08,0.001291980692468,1.9299006786950266,AdvGARCH-BestSymmetric,validation
2021-03-08,2021-03-09,0.2923761214947155,1.66950189203994,AdvGARCH-BestSymmetric,validation
2021-03-09,2021-03-10,0.4837594769954144,1.5065046618503586,AdvGARCH-BestSymmetric,validation
2021-03-10,2021-03-11,0.9815546422643948,1.374879813541095,AdvGARCH-BestSymmetric,validation
2021-03-11,2021-03-12,0.0002069778164541,1.3221315148317592,AdvGARCH-BestSymmetric,validation
2021-03-12,2021-03-15,0.0643027332166397,1.1562981407715618,AdvGARCH-BestSymmetric,validation
2021-03-15,2021-03-16,0.1553706585632092,1.0234303484603338,AdvGARCH-BestSymmetric,validation
2021-03-16,2021-03-17,0.2737899242910557,0.9344846587203512,AdvGARCH-BestSymmetric,validation
2021-03-17,2021-03-18,1.5481332912326575,0.8616779504654704,AdvGARCH-BestSymmetric,validation
2021-03-18,2021-03-19,0.3310498706600423,0.9583222993811583,AdvGARCH-BestSymmetric,validation
2021-03-19,2021-03-22,0.0010124742198036,0.89401188240669,AdvGARCH-BestSymmetric,validation
2021-03-22,2021-03-23,0.8528859825364001,0.7886924386242852,AdvGARCH-BestSymmetric,validation
2021-03-23,2021-03-24,3.405784484981233,0.831500152950291,AdvGARCH-BestSymmetric,validation
2021-03-24,2021-03-25,0.012314795662716,1.212638620719539,AdvGARCH-BestSymmetric,validation
2021-03-25,2021-03-26,0.0058597397555957,1.0432589427335284,AdvGARCH-BestSymmetric,validation
2021-03-26,2021-03-29,1.3278733275984689,0.9097711597685848,AdvGARCH-BestSymmetric,validation
2021-03-29,2021-03-30,0.8177751702540456,0.975596252282739,AdvGARCH-BestSymmetric,validation
2021-03-30,2021-03-31,0.1825736474519551,0.9582187371769731,AdvGARCH-BestSymmetric,validation
2021-03-31,2021-04-01,4.196908399032827,0.8613080890447026,AdvGARCH-BestSymmetric,validation
2021-04-01,2021-04-02,0.4682318073785952,1.2970886874386771,AdvGARCH-BestSymmetric,validation
2021-04-02,2021-04-05,0.8890694068712227,1.1705471939356078,AdvGARCH-BestSymmetric,validation
2021-04-05,2021-04-06,0.0997492041629095,1.1178370729191165,AdvGARCH-BestSymmetric,validation
2021-04-06,2021-04-07,0.0380161793184628,0.9936931229929885,AdvGARCH-BestSymmetric,validation
2021-04-07,2021-04-08,0.3656617949695199,0.8826222619472935,AdvGARCH-BestSymmetric,validation
2021-04-08,2021-04-09,0.0685939299115526,0.8443658805993931,AdvGARCH-BestSymmetric,validation
2021-04-09,2021-04-12,2.801867566535839,0.7657978011028469,AdvGARCH-BestSymmetric,validation
2021-04-12,2021-04-13,0.1085685992002533,1.0369054866791931,AdvGARCH-BestSymmetric,validation
2021-04-13,2021-04-14,0.3626329687997453,0.921748369419595,AdvGARCH-BestSymmetric,validation
2021-04-14,2021-04-15,0.4743671604836424,0.8486442595238782,AdvGARCH-BestSymmetric,validation
2021-04-15,2021-04-16,0.4720531246781877,0.8295898245930878,AdvGARCH-BestSymmetric,validation
2021-04-16,2021-04-19,3.0629959648129166,0.8099159861884269,AdvGARCH-BestSymmetric,validation
2021-04-19,2021-04-20,0.3708468135979464,1.1048761516244778,AdvGARCH-BestSymmetric,validation
2021-04-20,2021-04-22,10.511479982603742,0.9993259309181074,AdvGARCH-BestSymmetric,validation
2021-04-22,2021-04-23,2.7977982020669034,2.3018547714257833,AdvGARCH-BestSymmetric,validation
2021-04-23,2021-04-26,7.069875969155051,2.2809783613658734,AdvGARCH-BestSymmetric,validation
2021-04-26,2021-04-27,0.1068177702515163,2.8780646448249563,AdvGARCH-BestSymmetric,validation
2021-04-27,2021-04-28,0.6403727056381737,2.4468090978519705,AdvGARCH-BestSymmetric,validation
2021-04-28,2021-04-29,0.6353802562532533,2.163697820437664,AdvGARCH-BestSymmetric,validation
2021-04-29,2021-05-04,0.0512876666991909,1.9558694660321154,AdvGARCH-BestSymmetric,validation
2021-05-04,2021-05-05,1.2974041483688885,1.703142688896638,AdvGARCH-BestSymmetric,validation
2021-05-05,2021-05-06,0.2185486546328746,1.6436372102425223,AdvGARCH-BestSymmetric,validation
2021-05-06,2021-05-07,0.494132324659674,1.4651708838735373,AdvGARCH-BestSymmetric,validation
2021-05-07,2021-05-10,2.018769062145057,1.3519845111829851,AdvGARCH-BestSymmetric,validation
2021-05-10,2021-05-11,0.0792094524228185,1.434828210055385,AdvGARCH-BestSymmetric,validation
2021-05-11,2021-05-12,1.0683689670129952,1.2592865964473712,AdvGARCH-BestSymmetric,validation
2021-05-12,2021-05-13,0.3147510754643727,1.2289801686421424,AdvGARCH-BestSymmetric,validation
2021-05-13,2021-05-14,0.1194948927270032,1.1270201773153223,AdvGARCH-BestSymmetric,validation
2021-05-14,2021-05-17,0.3681093008020274,1.002024850803832,AdvGARCH-BestSymmetric,validation
2021-05-17,2021-05-18,0.2298422025837693,0.944724524650238,AdvGARCH-BestSymmetric,validation
2021-05-18,2021-05-19,0.6085100033578476,0.8752076564766502,AdvGARCH-BestSymmetric,validation
2021-05-19,2021-05-20,1.5332689494683411,0.8497641168904103,AdvGARCH-BestSymmetric,validation
2021-05-20,2021-05-21,0.1986664550105345,0.9440979405996908,AdvGARCH-BestSymmetric,validation
2021-05-21,2021-05-24,1.1845107713600658,0.8506422511883538,AdvGARCH-BestSymmetric,validation
2021-05-24,2021-05-25,0.6615170731155926,0.8971717934496448,AdvGARCH-BestSymmetric,validation
2021-05-25,2021-05-26,0.3826692450882292,0.8720470174787766,AdvGARCH-BestSymmetric,validation
2021-05-26,2021-05-27,1.0043951904267852,0.8140264088551445,AdvGARCH-BestSymmetric,validation
2021-05-27,2021-05-28,1.65727162339538,0.8707696373317465,AdvGARCH-BestSymmetric,validation
2021-05-28,2021-05-31,0.3285055315434949,0.9742978385483942,AdvGARCH-BestSymmetric,validation
2021-05-31,2021-06-01,0.5328741181290064,0.8884709528808931,AdvGARCH-BestSymmetric,validation
2021-06-01,2021-06-02,0.0501764701325494,0.8464782066969951,AdvGARCH-BestSymmetric,validation
2021-06-02,2021-06-03,3.01900451692919,0.7585155190471465,AdvGARCH-BestSymmetric,validation
2021-06-03,2021-06-04,0.5091916058927975,1.0592042892991247,AdvGARCH-BestSymmetric,validation
2021-06-04,2021-06-07,1.2488833393722787,0.9801768559816844,AdvGARCH-BestSymmetric,validation
2021-06-07,2021-06-08,8.436942215340656,1.0334774287649515,AdvGARCH-BestSymmetric,validation
2021-06-08,2021-06-09,0.9635770887636846,2.0594706607017255,AdvGARCH-BestSymmetric,validation
2021-06-09,2021-06-10,0.4923594509595709,1.847141918977025,AdvGARCH-BestSymmetric,validation
2021-06-10,2021-06-11,4.4320627369374535,1.6360206928581964,AdvGARCH-BestSymmetric,validation
2021-06-11,2021-06-14,0.5411007585268014,1.9890220705321857,AdvGARCH-BestSymmetric,validation
2021-06-14,2021-06-15,0.1708389534964715,1.7676385611270164,AdvGARCH-BestSymmetric,validation
2021-06-15,2021-06-16,0.6335008462154236,1.5369410258138863,AdvGARCH-BestSymmetric,validation
2021-06-16,2021-06-17,0.0626639901398827,1.4392791036851817,AdvGARCH-BestSymmetric,validation
2021-06-17,2021-06-18,1.7005139602823875,1.264772739524769,AdvGARCH-BestSymmetric,validation
2021-06-18,2021-06-21,0.1396997155457911,1.3201976573474963,AdvGARCH-BestSymmetric,validation
2021-06-21,2021-06-22,0.284425125779956,1.1752020327654216,AdvGARCH-BestSymmetric,validation
2021-06-22,2021-06-23,0.0505778800491605,1.0605664729008666,AdvGARCH-BestSymmetric,validation
2021-06-23,2021-06-24,0.042756846647676,0.9484099338098291,AdvGARCH-BestSymmetric,validation
2021-06-24,2021-06-25,0.5639250493998573,0.8468056792229266,AdvGARCH-BestSymmetric,validation
2021-06-25,2021-06-28,1.2596863062253096,0.8233828937394794,AdvGARCH-BestSymmetric,validation
2021-06-28,2021-06-29,0.0902656153029111,0.8881873009338048,AdvGARCH-BestSymmetric,validation
2021-06-29,2021-06-30,0.0111781207193246,0.7920476930308806,AdvGARCH-BestSymmetric,validation
2021-06-30,2021-07-01,0.3645273399631648,0.7082641021414224,AdvGARCH-BestSymmetric,validation
2021-07-01,2021-07-02,0.0505610286336511,0.6812292573515604,AdvGARCH-BestSymmetric,validation
2021-07-02,2021-07-05,0.4168242183273023,0.6191565353342827,AdvGARCH-BestSymmetric,validation
2021-07-05,2021-07-06,16.601013312283214,0.6252390064844677,AdvGARCH-BestSymmetric,validation
2021-07-06,2021-07-07,6.058281445881023,2.8118954249096806,AdvGARCH-BestSymmetric,validation
2021-07-07,2021-07-08,1.0078273448945338,3.0966349697520785,AdvGARCH-BestSymmetric,validation
2021-07-08,2021-07-09,4.095422426959989,2.699797408703846,AdvGARCH-BestSymmetric,validation
2021-07-09,2021-07-12,14.799235172407151,2.8771208081725064,AdvGARCH-BestSymmetric,validation
2021-07-12,2021-07-13,0.009141491530764,4.468017130630734,AdvGARCH-BestSymmetric,validation
2021-07-13,2021-07-14,1.871533753406208,3.730783760905726,AdvGARCH-BestSymmetric,validation
2021-07-14,2021-07-15,1.185182208099543,3.4074056307350657,AdvGARCH-BestSymmetric,validation
2021-07-15,2021-07-16,0.1728051567276786,3.0818365736221853,AdvGARCH-BestSymmetric,validation
2021-07-16,2021-07-19,19.26799845022637,2.668234721147234,AdvGARCH-BestSymmetric,validation
2021-07-19,2021-07-20,5.600831490366748,4.908423540580212,AdvGARCH-BestSymmetric,validation
2021-07-20,2021-07-21,0.0386259132356042,4.811062390738682,AdvGARCH-BestSymmetric,validation
2021-07-21,2021-07-22,3.1842211341003503,4.013345614672166,AdvGARCH-BestSymmetric,validation
2021-07-22,2021-07-23,3.75891611125588,3.841143550974559,AdvGARCH-BestSymmetric,validation
2021-07-23,2021-07-26,0.0932245335056029,3.820126623761778,AdvGARCH-BestSymmetric,validation
2021-07-26,2021-07-27,0.1095791578755464,3.263352962240262,AdvGARCH-BestSymmetric,validation
2021-07-27,2021-07-28,0.0001201916445908,2.810891403123182,AdvGARCH-BestSymmetric,validation
2021-07-28,2021-07-29,1.6539600353625152,2.435213992824924,AdvGARCH-BestSymmetric,validation
2021-07-29,2021-07-30,1.5967544948591652,2.3167530509060232,AdvGARCH-BestSymmetric,validation
2021-07-30,2021-08-02,0.1009987039707803,2.1983349390769993,AdvGARCH-BestSymmetric,validation
2021-08-02,2021-08-03,1.8957198194932552,1.9034515606586668,AdvGARCH-BestSymmetric,validation
2021-08-03,2021-08-04,0.0297448118967559,1.8865393281553837,AdvGARCH-BestSymmetric,validation
2021-08-04,2021-08-05,0.6506576147304501,1.6364787802766876,AdvGARCH-BestSymmetric,validation
2021-08-05,2021-08-06,0.0931307383293993,1.4993571784895272,AdvGARCH-BestSymmetric,validation
2021-08-06,2021-08-09,1.8579420490159877,1.328027430542709,AdvGARCH-BestSymmetric,validation
2021-08-09,2021-08-10,0.0356498511082493,1.3947082907737383,AdvGARCH-BestSymmetric,validation
2021-08-10,2021-08-11,0.1163827824804467,1.2167237983175545,AdvGARCH-BestSymmetric,validation
2021-08-11,2021-08-12,0.1222953063583315,1.0845349174608403,AdvGARCH-BestSymmetric,validation
2021-08-12,2021-08-13,0.0871384784453648,0.9812977357418879,AdvGARCH-BestSymmetric,validation
2021-08-13,2021-08-16,1.0399916754691487,0.8795349816181743,AdvGARCH-BestSymmetric,validation
2021-08-16,2021-08-17,0.3314354435277737,0.9103081332220847,AdvGARCH-BestSymmetric,validation
2021-08-17,2021-08-18,0.0249180078972991,0.8570326375065855,AdvGARCH-BestSymmetric,validation
2021-08-18,2021-08-19,1.034084957658442,0.7649918247893948,AdvGARCH-BestSymmetric,validation
2021-08-19,2021-08-20,11.285807091304966,0.8112706356486417,AdvGARCH-BestSymmetric,validation
2021-08-20,2021-08-23,5.411821632013326,2.2559321488300585,AdvGARCH-BestSymmetric,validation
2021-08-23,2021-08-24,8.536462420535458e-05,2.6263589893533976,AdvGARCH-BestSymmetric,validation
2021-08-24,2021-08-25,0.6870757170728501,2.182238784679255,AdvGARCH-BestSymmetric,validation
2021-08-25,2021-08-26,0.4170750420782061,1.9556214667165512,AdvGARCH-BestSymmetric,validation
2021-08-26,2021-08-27,0.8540485329092148,1.768123420298463,AdvGARCH-BestSymmetric,validation
2021-08-27,2021-08-30,1.2797402595336076,1.6405442334563942,AdvGARCH-BestSymmetric,validation
2021-08-30,2021-08-31,0.0627065630623478,1.583753182579756,AdvGARCH-BestSymmetric,validation
2021-08-31,2021-09-01,0.0569056328666982,1.38112804505625,AdvGARCH-BestSymmetric,validation
2021-09-01,2021-09-06,0.7669996218071843,1.2129092830632284,AdvGARCH-BestSymmetric,validation
2021-09-06,2021-09-07,0.1115838258583112,1.1617296920110245,AdvGARCH-BestSymmetric,validation
2021-09-07,2021-09-08,0.3840242724271654,1.0413780131308517,AdvGARCH-BestSymmetric,validation
2021-09-08,2021-09-09,0.5999757427909345,0.9781162348348016,AdvGARCH-BestSymmetric,validation
2021-09-09,2021-09-10,0.009783360800291,0.9371189835978231,AdvGARCH-BestSymmetric,validation
2021-09-10,2021-09-13,0.0834204953018611,0.8300015189060816,AdvGARCH-BestSymmetric,validation
2021-09-13,2021-09-14,0.0166539238245993,0.7559766233675532,AdvGARCH-BestSymmetric,validation
2021-09-14,2021-09-15,0.208411861391793,0.6841800590522167,AdvGARCH-BestSymmetric,validation
2021-09-15,2021-09-16,8.833374944135227e-06,0.6409373333896906,AdvGARCH-BestSymmetric,validation
2021-09-16,2021-09-17,0.2517625260662404,0.5814513486861892,AdvGARCH-BestSymmetric,validation
2021-09-17,2021-09-20,0.0255409488218125,0.558336123809167,AdvGARCH-BestSymmetric,validation
2021-09-20,2021-09-21,0.6256621683862371,0.5162840579771367,AdvGARCH-BestSymmetric,validation
2021-09-21,2021-09-22,0.6493080782631847,0.5673813670716802,AdvGARCH-BestSymmetric,validation
2021-09-22,2021-09-23,0.023678455022373,0.5915541608522988,AdvGARCH-BestSymmetric,validation
2021-09-23,2021-09-24,0.0138313143395197,0.5346601876481395,AdvGARCH-BestSymmetric,validation
2021-09-24,2021-09-27,3.828272422415496,0.4926026044560098,AdvGARCH-BestSymmetric,validation
2021-09-27,2021-09-28,1.1555484032608674,0.9864738502157729,AdvGARCH-BestSymmetric,validation
2021-09-28,2021-09-29,5.575325206713305e-05,0.9919195042875325,AdvGARCH-BestSymmetric,validation
2021-09-29,2021-09-30,0.0451927678238876,0.8550444632241625,AdvGARCH-BestSymmetric,validation
2021-09-30,2021-10-01,0.2869590069123234,0.7653152294297568,AdvGARCH-BestSymmetric,validation
2021-10-01,2021-10-04,0.1209217160727008,0.7342822649025781,AdvGARCH-BestSymmetric,validation
2021-10-04,2021-10-05,1.2548666056334208,0.6718907390705863,AdvGARCH-BestSymmetric,validation
2021-10-05,2021-10-06,0.363335054701863,0.759224008403187,AdvGARCH-BestSymmetric,validation
2021-10-06,2021-10-07,0.0539799292056889,0.7167658972281954,AdvGARCH-BestSymmetric,validation
2021-10-07,2021-10-08,0.2422625428098201,0.6439552831079768,AdvGARCH-BestSymmetric,validation
2021-10-08,2021-10-11,2.384064119474745,0.6101337784284333,AdvGARCH-BestSymmetric,validation
2021-10-11,2021-10-12,0.0025924711816483,0.8520852329542107,AdvGARCH-BestSymmetric,validation
2021-10-12,2021-10-13,0.043020201094552,0.7473396716456696,AdvGARCH-BestSymmetric,validation
2021-10-13,2021-10-14,1.8582276241239155e-05,0.6702907469973358,AdvGARCH-BestSymmetric,validation
2021-10-14,2021-10-15,0.0037272440365911,0.6085186134948084,AdvGARCH-BestSymmetric,validation
2021-10-15,2021-10-18,0.0412074717223573,0.5548368248290887,AdvGARCH-BestSymmetric,validation
2021-10-18,2021-10-19,0.0002054205471957,0.5121753352045951,AdvGARCH-BestSymmetric,validation
2021-10-19,2021-10-20,0.012036644283499,0.472876903676734,AdvGARCH-BestSymmetric,validation
2021-10-20,2021-10-21,0.4224699907147212,0.44208423087348925,AdvGARCH-BestSymmetric,validation
2021-10-21,2021-10-22,0.1038627326357175,0.47663748851533144,AdvGARCH-BestSymmetric,validation
2021-10-22,2021-10-25,0.0766142772237032,0.4491910722155671,AdvGARCH-BestSymmetric,validation
2021-10-25,2021-10-26,0.2013151221701667,0.4296543053045565,AdvGARCH-BestSymmetric,validation
2021-10-26,2021-10-27,4.975421040294883,0.4228558645835789,AdvGARCH-BestSymmetric,validation
2021-10-27,2021-10-28,1.0980607841681207,1.0265357552695211,AdvGARCH-BestSymmetric,validation
2021-10-28,2021-10-29,0.1886851350804401,1.0132482782107377,AdvGARCH-BestSymmetric,validation
2021-10-29,2021-11-01,0.1351609140151505,0.8894108182307031,AdvGARCH-BestSymmetric,validation
2021-11-01,2021-11-02,0.8706925479870633,0.8132960439253161,AdvGARCH-BestSymmetric,validation
2021-11-02,2021-11-03,0.3174077865606339,0.8331405870852465,AdvGARCH-BestSymmetric,validation
2021-11-03,2021-11-04,0.0780251318950003,0.7896956748035917,AdvGARCH-BestSymmetric,validation
2021-11-04,2021-11-05,0.3164163905277483,0.7102104203051105,AdvGARCH-BestSymmetric,validation
2021-11-05,2021-11-08,0.5722632892702788,0.6750155318920864,AdvGARCH-BestSymmetric,validation
2021-11-08,2021-11-09,0.1717825777423685,0.6766710649252065,AdvGARCH-BestSymmetric,validation
2021-11-09,2021-11-10,0.0578685691569425,0.6364048562892284,AdvGARCH-BestSymmetric,validation
2021-11-10,2021-11-11,0.0332757244454099,0.5797705035597649,AdvGARCH-BestSymmetric,validation
2021-11-11,2021-11-12,0.5636350562840569,0.5360825399317105,AdvGARCH-BestSymmetric,validation
2021-11-12,2021-11-15,0.0470688863590858,0.5583963653826249,AdvGARCH-BestSymmetric,validation
2021-11-15,2021-11-16,0.4729748116245648,0.5125007850139661,AdvGARCH-BestSymmetric,validation
2021-11-16,2021-11-17,0.40826744424175,0.5413081586538574,AdvGARCH-BestSymmetric,validation
2021-11-17,2021-11-18,0.1670640675036151,0.5406866208458005,AdvGARCH-BestSymmetric,validation
2021-11-18,2021-11-19,1.4313283722317711,0.5193386797687054,AdvGARCH-BestSymmetric,validation
2021-11-19,2021-11-22,0.1237442583360642,0.6799385338741429,AdvGARCH-BestSymmetric,validation
2021-11-22,2021-11-23,1.2666258581863683,0.626027772762803,AdvGARCH-BestSymmetric,validation
2021-11-23,2021-11-24,2.923344781612152,0.7152334491051716,AdvGARCH-BestSymmetric,validation
2021-11-24,2021-11-25,0.6380046596767257,1.0047804097075217,AdvGARCH-BestSymmetric,validation
2021-11-25,2021-11-26,0.2701244946030526,0.9447013199473345,AdvGARCH-BestSymmetric,validation
2021-11-26,2021-11-29,0.3025648797186475,0.8666869704375523,AdvGARCH-BestSymmetric,validation
2021-11-29,2021-11-30,0.1865846491020368,0.8185947652859435,AdvGARCH-BestSymmetric,validation
2021-11-30,2021-12-01,0.2075014205290045,0.7610086100812082,AdvGARCH-BestSymmetric,validation
2021-12-01,2021-12-02,0.0447934240863952,0.7039686904792772,AdvGARCH-BestSymmetric,validation
2021-12-02,2021-12-03,7.012035907074128,0.6429018617683778,AdvGARCH-BestSymmetric,validation
2021-12-03,2021-12-06,4.334941271489592,1.5429767494854802,AdvGARCH-BestSymmetric,validation
2021-12-06,2021-12-07,5.38610884102854,1.9047194391813873,AdvGARCH-BestSymmetric,validation
2021-12-07,2021-12-08,0.1770242562530693,2.279748000208529,AdvGARCH-BestSymmetric,validation
2021-12-08,2021-12-09,1.070479018660655,1.9467966637697671,AdvGARCH-BestSymmetric,validation
2021-12-09,2021-12-10,0.0917573521914629,1.8020657759681196,AdvGARCH-BestSymmetric,validation
2021-12-10,2021-12-13,0.7430153759165636,1.5852391245153064,AdvGARCH-BestSymmetric,validation
2021-12-13,2021-12-14,0.0001656787526269,1.4711556280676175,AdvGARCH-BestSymmetric,validation
2021-12-14,2021-12-15,0.001241581482623,1.2865493559932122,AdvGARCH-BestSymmetric,validation
2021-12-15,2021-12-16,0.0056551081903051,1.130773195634017,AdvGARCH-BestSymmetric,validation
2021-12-16,2021-12-17,0.0462794489398934,1.0006210516688616,AdvGARCH-BestSymmetric,validation
2021-12-17,2021-12-20,0.0276816841350729,0.8930842391743279,AdvGARCH-BestSymmetric,validation
2021-12-20,2021-12-21,0.009100575448846,0.8032262029125304,AdvGARCH-BestSymmetric,validation
2021-12-21,2021-12-22,0.0052396015195704,0.7207228949864356,AdvGARCH-BestSymmetric,validation
2021-12-22,2021-12-23,1.992176913695392,0.6520667965224209,AdvGARCH-BestSymmetric,validation
2021-12-23,2021-12-24,1.8717637228671864,0.8727242731015549,AdvGARCH-BestSymmetric,validation
2021-12-24,2021-12-27,0.6385359851594573,0.9980122915949583,AdvGARCH-BestSymmetric,validation
2021-12-27,2021-12-28,0.1364517327618313,0.9402231932308465,AdvGARCH-BestSymmetric,validation
2021-12-28,2021-12-29,0.3307731842534792,0.840126873537176,AdvGARCH-BestSymmetric,validation
2021-12-29,2021-12-30,0.0001019075301841,0.8010077076429503,AdvGARCH-BestSymmetric,validation
2021-12-30,2021-12-31,0.6806292652244172,0.7166766082743284,AdvGARCH-BestSymmetric,validation
2021-12-31,2022-01-04,3.2605099137684044,0.7254805166955691,AdvGARCH-BestSymmetric,validation
2022-01-04,2022-01-05,0.0408421877386783,1.0606913249743486,AdvGARCH-BestSymmetric,validation
2022-01-05,2022-01-06,0.1583194148629771,0.9259609898505109,AdvGARCH-BestSymmetric,validation
2022-01-06,2022-01-07,3.466888916717849e-05,0.8260714163462266,AdvGARCH-BestSymmetric,validation
2022-01-07,2022-01-10,2.6694297971607823,0.7412316949284691,AdvGARCH-BestSymmetric,validation
2022-01-10,2022-01-11,0.5791412105719106,1.0410817390039309,AdvGARCH-BestSymmetric,validation
2022-01-11,2022-01-12,1.469449968423449,0.9919492773290874,AdvGARCH-BestSymmetric,validation
2022-01-12,2022-01-13,0.9252594386149106,1.0433838729603933,AdvGARCH-BestSymmetric,validation
2022-01-13,2022-01-14,4.021230809949571e-06,1.0495005865952498,AdvGARCH-BestSymmetric,validation
2022-01-14,2022-01-17,8.577861779061374,0.9187006859051017,AdvGARCH-BestSymmetric,validation
2022-01-17,2022-01-18,0.9241996120524796,1.9854360948484757,AdvGARCH-BestSymmetric,validation
2022-01-18,2022-01-19,0.0713962483719635,1.8082084963047163,AdvGARCH-BestSymmetric,validation
2022-01-19,2022-01-20,2.396694299563955,1.5332749985825673,AdvGARCH-BestSymmetric,validation
2022-01-20,2022-01-21,0.2669228311266386,1.6411560451058893,AdvGARCH-BestSymmetric,validation
2022-01-21,2022-01-24,5.19144957677216,1.4525456577126328,AdvGARCH-BestSymmetric,validation
2022-01-24,2022-01-25,7.461944120148481,1.9764339394773147,AdvGARCH-BestSymmetric,validation
2022-01-25,2022-01-26,0.0182472056354126,2.641885840763078,AdvGARCH-BestSymmetric,validation
2022-01-26,2022-01-27,0.5372614259470304,2.217698840905654,AdvGARCH-BestSymmetric,validation
2022-01-27,2022-01-28,0.3091208848418566,1.973509459779153,AdvGARCH-BestSymmetric,validation
2022-01-28,2022-02-07,1.5787299229773026,1.754260800946708,AdvGARCH-BestSymmetric,validation
2022-02-07,2022-02-08,0.0493284261128678,1.7224782581362685,AdvGARCH-BestSymmetric,validation
2022-02-08,2022-02-09,0.0852913112285084,1.4985465582013984,AdvGARCH-BestSymmetric,validation
2022-02-09,2022-02-10,0.0087647457494785,1.3145206416974353,AdvGARCH-BestSymmetric,validation
2022-02-10,2022-02-11,0.1140481407730615,1.1575066138086205,AdvGARCH-BestSymmetric,validation
2022-02-11,2022-02-14,4.003846034921644,1.0424307878649077,AdvGARCH-BestSymmetric,validation
2022-02-14,2022-02-15,1.9670652734045644,1.4781128961723384,AdvGARCH-BestSymmetric,validation
2022-02-15,2022-02-16,0.0018968880308684,1.5128663642688627,AdvGARCH-BestSymmetric,validation
2022-02-16,2022-02-17,1.122140769245723,1.2943213264045674,AdvGARCH-BestSymmetric,validation
2022-02-17,2022-02-18,0.0437252358911797,1.2683805591948711,AdvGARCH-BestSymmetric,validation
2022-02-18,2022-02-21,0.1583409064037323,1.1213486898084042,AdvGARCH-BestSymmetric,validation
2022-02-21,2022-02-22,0.2391227349223014,1.003184524063624,AdvGARCH-BestSymmetric,validation
2022-02-22,2022-02-23,0.3429157616051995,0.9285400999252945,AdvGARCH-BestSymmetric,validation
2022-02-23,2022-02-24,1.3469467288223498,0.8640683636530813,AdvGARCH-BestSymmetric,validation
2022-02-24,2022-02-25,0.0728442185423715,0.9619864804282859,AdvGARCH-BestSymmetric,validation
2022-02-25,2022-02-28,0.3435682703713377,0.852378765550007,AdvGARCH-BestSymmetric,validation
2022-02-28,2022-03-01,0.3350186274967215,0.8080416812480133,AdvGARCH-BestSymmetric,validation
2022-03-01,2022-03-02,0.7897102913909818,0.7605359983096573,AdvGARCH-BestSymmetric,validation
2022-03-02,2022-03-03,1.6972927621476632,0.7963642289294333,AdvGARCH-BestSymmetric,validation
2022-03-03,2022-03-04,0.0004806839941866,0.9172675876582258,AdvGARCH-BestSymmetric,validation
2022-03-04,2022-03-07,0.1747715827843937,0.8039507395203556,AdvGARCH-BestSymmetric,validation
2022-03-07,2022-03-08,2.9065282793306784,0.7423279896577445,AdvGARCH-BestSymmetric,validation
2022-03-08,2022-03-09,4.143903255486161e-06,1.0738899206769315,AdvGARCH-BestSymmetric,validation
2022-03-09,2022-03-10,0.1308186023197331,0.9317535673128907,AdvGARCH-BestSymmetric,validation
2022-03-10,2022-03-11,0.7249480262949388,0.8281205695051916,AdvGARCH-BestSymmetric,validation
2022-03-11,2022-03-14,1.940974298078772,0.8494691507033728,AdvGARCH-BestSymmetric,validation
2022-03-14,2022-03-15,0.2004736979473137,1.0291513457324668,AdvGARCH-BestSymmetric,validation
2022-03-15,2022-03-16,0.2048465635146144,0.9177065386387486,AdvGARCH-BestSymmetric,validation
2022-03-16,2022-03-17,0.0189446795575115,0.8292308269541988,AdvGARCH-BestSymmetric,validation
2022-03-17,2022-03-18,0.2804915592052127,0.7434464218651614,AdvGARCH-BestSymmetric,validation
2022-03-18,2022-03-21,3.042510301896478,0.700362934712762,AdvGARCH-BestSymmetric,validation
2022-03-21,2022-03-22,0.3468240297098041,1.0133469446791172,AdvGARCH-BestSymmetric,validation
2022-03-22,2022-03-23,0.0091785148718354,0.9196931011416409,AdvGARCH-BestSymmetric,validation
2022-03-23,2022-03-24,0.0739545064300968,0.8063849528154045,AdvGARCH-BestSymmetric,validation
2022-03-24,2022-03-25,0.0002565538581837,0.7367286791043968,AdvGARCH-BestSymmetric,validation
2022-03-25,2022-03-28,1.0559980128443454,0.6641526716822062,AdvGARCH-BestSymmetric,validation
2022-03-28,2022-03-29,0.9569197018395468,0.7540655725067665,AdvGARCH-BestSymmetric,validation
2022-03-29,2022-03-30,0.2354496444813368,0.7866947861808379,AdvGARCH-BestSymmetric,validation
2022-03-30,2022-03-31,0.0120931732563713,0.7326756390789205,AdvGARCH-BestSymmetric,validation
2022-03-31,2022-04-01,2.607401303697469,0.6555604883000846,AdvGARCH-BestSymmetric,validation
2022-04-01,2022-04-04,0.2950865363946971,0.9197898350735217,AdvGARCH-BestSymmetric,validation
2022-04-04,2022-04-05,0.09410156815978,0.8376913323833407,AdvGARCH-BestSymmetric,validation
2022-04-05,2022-04-06,0.0355827999144168,0.752582506058342,AdvGARCH-BestSymmetric,validation
2022-04-06,2022-04-07,1.845756746133211,0.6795097483249626,AdvGARCH-BestSymmetric,validation
2022-04-07,2022-04-08,1.8599564295348143,0.8760093782935007,AdvGARCH-BestSymmetric,validation
2022-04-08,2022-04-12,3.317796568560508,1.0332176843680232,AdvGARCH-BestSymmetric,validation
2022-04-12,2022-04-13,2.2412176347286983,1.3556761732141394,AdvGARCH-BestSymmetric,validation
2022-04-13,2022-04-14,0.1186709675031117,1.4396185501735812,AdvGARCH-BestSymmetric,validation
2022-04-14,2022-04-15,0.8563450026802516,1.254106723183132,AdvGARCH-BestSymmetric,validation
2022-04-15,2022-04-18,3.225139156963737,1.2205595926616304,AdvGARCH-BestSymmetric,validation
2022-04-18,2022-04-19,3.3937657292333743,1.5203902847842699,AdvGARCH-BestSymmetric,validation
2022-04-19,2022-04-20,2.4245124341762705,1.7782405574290925,AdvGARCH-BestSymmetric,validation
2022-04-20,2022-04-21,1.109638997468357,1.8530173896406252,AdvGARCH-BestSymmetric,validation
2022-04-21,2022-04-22,0.4305144066915168,1.7436028623337945,AdvGARCH-BestSymmetric,validation
2022-04-22,2022-04-25,25.802530842890924,1.5539545505763936,AdvGARCH-BestSymmetric,validation
2022-04-25,2022-04-26,5.262405488369011,4.830026070100693,AdvGARCH-BestSymmetric,validation
2022-04-26,2022-04-27,0.8508547277394044,4.657503199216923,AdvGARCH-BestSymmetric,validation
2022-04-27,2022-04-28,0.0422563925888465,3.944890494799253,AdvGARCH-BestSymmetric,validation
2022-04-28,2022-04-29,1.3536355027087716,3.391644167880795,AdvGARCH-BestSymmetric,validation
2022-04-29,2022-05-04,1.7811317821270536,3.097117405243911,AdvGARCH-BestSymmetric,validation
2022-05-04,2022-05-05,0.7846838850035229,2.921926884571121,AdvGARCH-BestSymmetric,validation
2022-05-05,2022-05-06,5.457913784856381,2.6029528918642604,AdvGARCH-BestSymmetric,validation
2022-05-06,2022-05-09,21.07246376843707,2.993099273200041,AdvGARCH-BestSymmetric,validation
2022-05-09,2022-05-10,3.4895974437640893,5.394300295551906,AdvGARCH-BestSymmetric,validation
2022-05-10,2022-05-11,0.3772893243323654,4.912345966139924,AdvGARCH-BestSymmetric,validation
2022-05-11,2022-05-12,24.369069377939013,4.141206971380394,AdvGARCH-BestSymmetric,validation
2022-05-12,2022-05-13,21.45200829300172,6.845094971533763,AdvGARCH-BestSymmetric,validation
2022-05-13,2022-05-16,0.8445825050431754,8.615940415783635,AdvGARCH-BestSymmetric,validation
2022-05-16,2022-05-17,22.10791922900586,7.243703015958266,AdvGARCH-BestSymmetric,validation
2022-05-17,2022-05-18,1.0072145297005026,8.978102898884364,AdvGARCH-BestSymmetric,validation
2022-05-18,2022-05-19,0.0050266870380628,7.6892045576967964,AdvGARCH-BestSymmetric,validation
2022-05-19,2022-05-20,0.0056143553761866,6.48231425513813,AdvGARCH-BestSymmetric,validation
2022-05-20,2022-05-23,3.1715419491716648,5.572647723580887,AdvGARCH-BestSymmetric,validation
2022-05-23,2022-05-24,1.4121508187671683,5.234831943917531,AdvGARCH-BestSymmetric,validation
2022-05-24,2022-05-25,7.852071042943518,4.6521886769037435,AdvGARCH-BestSymmetric,validation
2022-05-25,2022-05-26,0.0001218078083452,4.983936238865627,AdvGARCH-BestSymmetric,validation
2022-05-26,2022-05-27,1.747305868676365,4.234191477962497,AdvGARCH-BestSymmetric,validation
2022-05-27,2022-05-30,0.4313230278725308,3.8255417041192885,AdvGARCH-BestSymmetric,validation
2022-05-30,2022-05-31,0.0091927379819102,3.341948570858179,AdvGARCH-BestSymmetric,validation
2022-05-31,2022-06-01,0.2785076944454149,2.8797229131302724,AdvGARCH-BestSymmetric,validation
2022-06-01,2022-06-02,0.7094839787224755,2.521414219192327,AdvGARCH-BestSymmetric,validation
2022-06-02,2022-06-03,0.0024678908753368,2.2896574434755963,AdvGARCH-BestSymmetric,validation
2022-06-03,2022-06-06,0.0248021762794326,1.9838478489041051,AdvGARCH-BestSymmetric,validation
2022-06-06,2022-06-07,0.0107788521263349,1.725595146303945,AdvGARCH-BestSymmetric,validation
2022-06-07,2022-06-08,1.62365203625605,1.5083785876078486,AdvGARCH-BestSymmetric,validation
2022-06-08,2022-06-09,7.074018263381634e-05,1.5220856566305487,AdvGARCH-BestSymmetric,validation
2022-06-09,2022-06-10,3.350301019629325,1.324833849079347,AdvGARCH-BestSymmetric,validation
2022-06-10,2022-06-13,20.64588542406384,1.6237220085853135,AdvGARCH-BestSymmetric,validation
2022-06-13,2022-06-14,0.0708307718816595,4.18596738099247,AdvGARCH-BestSymmetric,validation
2022-06-14,2022-06-15,1.796441565238617,3.46196117037517,AdvGARCH-BestSymmetric,validation
2022-06-15,2022-06-16,3.432463040017097,3.1370896925626846,AdvGARCH-BestSymmetric,validation
2022-06-16,2022-06-17,2.4820888579092317,3.142459735276137,AdvGARCH-BestSymmetric,validation
2022-06-17,2022-06-20,9.47527051181594,3.037296575555893,AdvGARCH-BestSymmetric,validation
2022-06-20,2022-06-21,0.4543743324349223,3.884718949135662,AdvGARCH-BestSymmetric,validation
2022-06-21,2022-06-22,0.0746935567234301,3.3446994001781167,AdvGARCH-BestSymmetric,validation
2022-06-22,2022-06-23,2.766255864563167,2.85112932455949,AdvGARCH-BestSymmetric,validation
2022-06-23,2022-06-24,0.0820210424345146,2.8158695391911466,AdvGARCH-BestSymmetric,validation
2022-06-24,2022-06-27,2.1086071885158946,2.437120197757038,AdvGARCH-BestSymmetric,validation
2022-06-27,2022-06-28,1.593519408496492,2.362099902653397,AdvGARCH-BestSymmetric,validation
2022-06-28,2022-06-29,6.739655204912147e-07,2.234609821694162,AdvGARCH-BestSymmetric,validation
2022-06-29,2022-06-30,2.8779439800812714,1.9232150546783675,AdvGARCH-BestSymmetric,validation
2022-06-30,2022-07-01,0.0117704187689308,2.0711240542831426,AdvGARCH-BestSymmetric,validation
2022-07-01,2022-07-04,0.0792348201052211,1.784767001421471,AdvGARCH-BestSymmetric,validation
2022-07-04,2022-07-05,1.4358126528100246,1.5569965099265455,AdvGARCH-BestSymmetric,validation
2022-07-05,2022-07-06,7.389865614079536,1.5692956380413305,AdvGARCH-BestSymmetric,validation
2022-07-06,2022-07-07,2.1222407761584665,2.3753686537938035,AdvGARCH-BestSymmetric,validation
2022-07-07,2022-07-08,0.1707436242121409,2.2691232608710954,AdvGARCH-BestSymmetric,validation
2022-07-08,2022-07-11,1.896510687995091,1.938416597230635,AdvGARCH-BestSymmetric,validation
2022-07-11,2022-07-12,2.8101659729648394,1.950117939472599,AdvGARCH-BestSymmetric,validation
2022-07-12,2022-07-13,0.0058732050643028,2.0398271148154716,AdvGARCH-BestSymmetric,validation
2022-07-13,2022-07-14,0.4904420356514064,1.7507236361268705,AdvGARCH-BestSymmetric,validation
2022-07-14,2022-07-15,0.0611617161101388,1.5730598189114677,AdvGARCH-BestSymmetric,validation
2022-07-15,2022-07-18,0.0549065100896944,1.3877757029997702,AdvGARCH-BestSymmetric,validation
2022-07-18,2022-07-19,0.0244219525267298,1.2275433249281464,AdvGARCH-BestSymmetric,validation
2022-07-19,2022-07-20,1.7763769532234184,1.083589226117433,AdvGARCH-BestSymmetric,validation
2022-07-20,2022-07-21,0.1310065184317032,1.1788071440040817,AdvGARCH-BestSymmetric,validation
2022-07-21,2022-07-22,0.0961257253308801,1.043947578049865,AdvGARCH-BestSymmetric,validation
2022-07-22,2022-07-25,0.2759737706228845,0.9338557975324008,AdvGARCH-BestSymmetric,validation
2022-07-25,2022-07-26,0.0835304358694094,0.8749149883500121,AdvGARCH-BestSymmetric,validation
2022-07-26,2022-07-27,0.2525093111697122,0.7944479345848414,AdvGARCH-BestSymmetric,validation
2022-07-27,2022-07-28,2.02736513860254,0.7386174893403058,AdvGARCH-BestSymmetric,validation
2022-07-28,2022-07-29,0.0219851675662213,0.9153015325478423,AdvGARCH-BestSymmetric,validation
2022-07-29,2022-08-01,4.214166749504341,0.8084487895213027,AdvGARCH-BestSymmetric,validation
2022-08-01,2022-08-02,0.6898714562213188,1.2485173876909674,AdvGARCH-BestSymmetric,validation
2022-08-02,2022-08-03,0.4270040010021521,1.1575002394636715,AdvGARCH-BestSymmetric,validation
2022-08-03,2022-08-04,0.1229567831793093,1.047857283182661,AdvGARCH-BestSymmetric,validation
2022-08-04,2022-08-05,0.0126539977340546,0.9383045506953787,AdvGARCH-BestSymmetric,validation
2022-08-05,2022-08-08,0.1021359274837244,0.8379285245645586,AdvGARCH-BestSymmetric,validation
2022-08-08,2022-08-09,0.0278750471367201,0.7599083649674329,AdvGARCH-BestSymmetric,validation
2022-08-09,2022-08-10,0.0349139608846283,0.6852946631221216,AdvGARCH-BestSymmetric,validation
2022-08-10,2022-08-11,0.1247429178058028,0.6269306754051965,AdvGARCH-BestSymmetric,validation
2022-08-11,2022-08-12,0.6660254086755314,0.5911167341240979,AdvGARCH-BestSymmetric,validation
2022-08-12,2022-08-15,0.8759670360790162,0.6171683104092058,AdvGARCH-BestSymmetric,validation
2022-08-15,2022-08-16,0.0014782571055336,0.6624446085260572,AdvGARCH-BestSymmetric,validation
2022-08-16,2022-08-17,0.0021413807191485,0.5928026296345124,AdvGARCH-BestSymmetric,validation
2022-08-17,2022-08-18,0.0161573789935176,0.5376243351394517,AdvGARCH-BestSymmetric,validation
2022-08-18,2022-08-19,0.124159183844011,0.4987175946038949,AdvGARCH-BestSymmetric,validation
2022-08-19,2022-08-22,0.4785997007311449,0.4819787322827043,AdvGARCH-BestSymmetric,validation
2022-08-22,2022-08-23,0.6726558406784502,0.5175781931869305,AdvGARCH-BestSymmetric,validation
2022-08-23,2022-08-24,0.2484394846076955,0.5522939424062474,AdvGARCH-BestSymmetric,validation
2022-08-24,2022-08-25,0.8344386477124279,0.5274273876034451,AdvGARCH-BestSymmetric,validation
2022-08-25,2022-08-26,0.2408597797174897,0.5811576301741775,AdvGARCH-BestSymmetric,validation
2022-08-26,2022-08-29,0.8499464536320859,0.5640655967813677,AdvGARCH-BestSymmetric,validation
2022-08-29,2022-08-30,0.4538418356510164,0.635234072772012,AdvGARCH-BestSymmetric,validation
2022-08-30,2022-08-31,0.0076568491567018,0.6227195632479824,AdvGARCH-BestSymmetric,validation
2022-08-31,2022-09-05,0.061049351862573,0.5600991259850648,AdvGARCH-BestSymmetric,validation
2022-09-05,2022-09-06,1.532156699315195e-05,0.523257907233356,AdvGARCH-BestSymmetric,validation
2022-09-06,2022-09-07,7.377847328826583,0.4820489873399689,AdvGARCH-BestSymmetric,validation
2022-09-07,2022-09-08,0.478523332029774,1.4556913231313444,AdvGARCH-BestSymmetric,validation
2022-09-08,2022-09-09,1.3041739898741895,1.3011235696790642,AdvGARCH-BestSymmetric,validation
2022-09-09,2022-09-12,0.004521626169754,1.2623071306007965,AdvGARCH-BestSymmetric,validation
2022-09-12,2022-09-13,0.0095408682654198,1.1059436580609587,AdvGARCH-BestSymmetric,validation
2022-09-13,2022-09-14,0.3758397161006742,0.9773186076005578,AdvGARCH-BestSymmetric,validation
2022-09-14,2022-09-15,0.1547128388602677,0.9270887146491735,AdvGARCH-BestSymmetric,validation
2022-09-15,2022-09-16,0.6392848421140832,0.8397869992674613,AdvGARCH-BestSymmetric,validation
2022-09-16,2022-09-19,6.167092365627429,0.8435444515957334,AdvGARCH-BestSymmetric,validation
2022-09-19,2022-09-20,1.2403443891166936,1.596532915998864,AdvGARCH-BestSymmetric,validation
2022-09-20,2022-09-21,0.4759099851621189,1.5045138332145558,AdvGARCH-BestSymmetric,validation
2022-09-21,2022-09-22,0.1171234903128616,1.3512050724158655,AdvGARCH-BestSymmetric,validation
2022-09-22,2022-09-23,0.8922637492009945,1.193998425627048,AdvGARCH-BestSymmetric,validation
2022-09-23,2022-09-26,5.922583365191483,1.1823188321220337,AdvGARCH-BestSymmetric,validation
2022-09-26,2022-09-27,0.4452493243663706,1.8511184339591313,AdvGARCH-BestSymmetric,validation
2022-09-27,2022-09-28,3.9376181571955216,1.638155549236107,AdvGARCH-BestSymmetric,validation
2022-09-28,2022-09-29,2.391654578614972,1.9442440056366623,AdvGARCH-BestSymmetric,validation
2022-09-29,2022-09-30,0.2861665228807753,2.0041379610369185,AdvGARCH-BestSymmetric,validation
2022-09-30,2022-10-03,16.955331578512116,1.7412387844030983,AdvGARCH-BestSymmetric,validation
2022-10-03,2022-10-04,0.5881297526576773,3.8018430789591586,AdvGARCH-BestSymmetric,validation
2022-10-04,2022-10-05,5.7303230555022,3.2572020818489658,AdvGARCH-BestSymmetric,validation
2022-10-05,2022-10-06,7.453651936358921,3.4516490363371592,AdvGARCH-BestSymmetric,validation
2022-10-06,2022-10-07,13.391049366085785,3.9698020308000066,AdvGARCH-BestSymmetric,validation
2022-10-07,2022-10-10,0.3997049579355222,5.164874130152468,AdvGARCH-BestSymmetric,validation
2022-10-10,2022-10-11,12.54691927074426,4.363241689063875,AdvGARCH-BestSymmetric,validation
2022-10-11,2022-10-12,7.860720182392412,5.393359700000428,AdvGARCH-BestSymmetric,validation
2022-10-12,2022-10-13,2.4070722291092697,5.56769057711777,AdvGARCH-BestSymmetric,validation
2022-10-13,2022-10-14,1.0568030806874944,4.973774465846527,AdvGARCH-BestSymmetric,validation
2022-10-14,2022-10-17,0.9445652838308308,4.35903665958222,AdvGARCH-BestSymmetric,validation
2022-10-17,2022-10-18,1.304619909377935,3.87941600260034,AdvGARCH-BestSymmetric,validation
2022-10-18,2022-10-19,0.1143012847418557,3.4946518242368296,AdvGARCH-BestSymmetric,validation
2022-10-19,2022-10-20,0.0233897216248987,3.023857692927967,AdvGARCH-BestSymmetric,validation
2022-10-20,2022-10-21,13.823102148731785,2.613820341152727,AdvGARCH-BestSymmetric,validation
2022-10-21,2022-10-24,11.27142788246664,4.139134114263625,AdvGARCH-BestSymmetric,validation
2022-10-24,2022-10-25,0.2552819963060921,5.009021406168509,AdvGARCH-BestSymmetric,validation
2022-10-25,2022-10-26,0.2322552175172126,4.203250280871097,AdvGARCH-BestSymmetric,validation
2022-10-26,2022-10-27,17.476545289293156,3.592487269660054,AdvGARCH-BestSymmetric,validation
2022-10-27,2022-10-28,0.0040004302898497,5.367758976210277,AdvGARCH-BestSymmetric,validation
2022-10-28,2022-10-31,0.003185411598369,4.508794704377721,AdvGARCH-BestSymmetric,validation
2022-10-31,2022-11-01,0.3176638729946111,3.7943450814698267,AdvGARCH-BestSymmetric,validation
2022-11-01,2022-11-02,1.0542708806933592,3.316262496131688,AdvGARCH-BestSymmetric,validation
2022-11-02,2022-11-03,0.1094857130367321,3.0181080470288486,AdvGARCH-BestSymmetric,validation
2022-11-03,2022-11-04,5.049190747098641,2.61977394192235,AdvGARCH-BestSymmetric,validation
2022-11-04,2022-11-07,4.95903292212355,2.959110037415285,AdvGARCH-BestSymmetric,validation
2022-11-07,2022-11-08,0.4359307936718208,3.2098117743385033,AdvGARCH-BestSymmetric,validation
2022-11-08,2022-11-09,0.1604496978685764,2.764508576067964,AdvGARCH-BestSymmetric,validation
2022-11-09,2022-11-10,15.751336654060546,2.38443025173296,AdvGARCH-BestSymmetric,validation
2022-11-10,2022-11-11,0.5877644540297541,4.202667531951735,AdvGARCH-BestSymmetric,validation
2022-11-11,2022-11-14,2.025904181968848,3.587814136499036,AdvGARCH-BestSymmetric,validation
2022-11-14,2022-11-15,9.894366349346946,3.2962436212976987,AdvGARCH-BestSymmetric,validation
2022-11-15,2022-11-16,11.17558049000805,4.186544285694974,AdvGARCH-BestSymmetric,validation
2022-11-16,2022-11-17,7.602516501605635,4.973155208947088,AdvGARCH-BestSymmetric,validation
2022-11-17,2022-11-18,5.215358122437767e-05,5.13075485991041,AdvGARCH-BestSymmetric,validation
2022-11-18,2022-11-21,0.8090953049399706,4.315998652651666,AdvGARCH-BestSymmetric,validation
2022-11-21,2022-11-22,0.7954965643291928,3.805289135665328,AdvGARCH-BestSymmetric,validation
2022-11-22,2022-11-23,0.4158325821141256,3.397643305984351,AdvGARCH-BestSymmetric,validation
2022-11-23,2022-11-24,0.0326156098281846,2.987849199481884,AdvGARCH-BestSymmetric,validation
2022-11-24,2022-11-25,6.126390414606435,2.5794378827683406,AdvGARCH-BestSymmetric,validation
2022-11-25,2022-11-28,11.99171626886051,3.0149138392557533,AdvGARCH-BestSymmetric,validation
2022-11-28,2022-11-29,6.749510839154126,4.115399690910274,AdvGARCH-BestSymmetric,validation
2022-11-29,2022-11-30,2.4431488019656613,4.304212704253248,AdvGARCH-BestSymmetric,validation
2022-11-30,2022-12-01,1.3565007887137526,3.914141739806548,AdvGARCH-BestSymmetric,validation
2022-12-01,2022-12-02,17.084105039989844,3.5275082552899857,AdvGARCH-BestSymmetric,validation
2022-12-02,2022-12-05,1.5797254157342264,5.239576832697027,AdvGARCH-BestSymmetric,validation
2022-12-05,2022-12-06,17.637687522394646,4.588050872488709,AdvGARCH-BestSymmetric,validation
2022-12-06,2022-12-07,0.5388682275570345,6.24048635899147,AdvGARCH-BestSymmetric,validation
2022-12-07,2022-12-08,0.8269714352452323,5.326443189051607,AdvGARCH-BestSymmetric,validation
2022-12-08,2022-12-09,0.0148277116225318,4.586036651475863,AdvGARCH-BestSymmetric,validation
2022-12-09,2022-12-12,3.589507425464579,3.949370090191593,AdvGARCH-BestSymmetric,validation
2022-12-12,2022-12-13,2.1880754664799307,3.9022463046396454,AdvGARCH-BestSymmetric,validation
2022-12-13,2022-12-14,0.0807108309118899,3.6123663486731687,AdvGARCH-BestSymmetric,validation
2022-12-14,2022-12-15,0.2157077020057238,3.0924359730000726,AdvGARCH-BestSymmetric,validation
2022-12-15,2022-12-16,0.072617015649584,2.6878189451693526,AdvGARCH-BestSymmetric,validation
2022-12-16,2022-12-19,1.813928705292506,2.341869681094794,AdvGARCH-BestSymmetric,validation
2022-12-19,2022-12-20,2.1946973166474533,2.2886292844410225,AdvGARCH-BestSymmetric,validation
2022-12-20,2022-12-21,0.1732700004356016,2.2836942708776857,AdvGARCH-BestSymmetric,validation
2022-12-21,2022-12-22,0.1335316168500294,1.9873718542189749,AdvGARCH-BestSymmetric,validation
2022-12-22,2022-12-23,0.0493851739530653,1.7322110114578915,AdvGARCH-BestSymmetric,validation
2022-12-23,2022-12-26,12.275470581243656,1.522546523826001,AdvGARCH-BestSymmetric,validation
2022-12-26,2022-12-27,3.78693616836278,3.0006532352221478,AdvGARCH-BestSymmetric,validation
2022-12-27,2022-12-28,1.2053971949970186,2.9930462674155995,AdvGARCH-BestSymmetric,validation
2022-12-28,2022-12-29,0.3958340163318585,2.6483267991088844,AdvGARCH-BestSymmetric,validation
2022-12-29,2022-12-30,0.047616879962563,2.3359090847828856,AdvGARCH-BestSymmetric,validation
