date,target_date,actual_var,pred_var,model,split
2023-01-03,2023-01-04,0.0549535930877402,3.4762201657560174,Refit-OriginalARIMAGARCH-expanding_quarterly,test
2023-01-04,2023-01-05,0.8117646910153878,2.9924057326291713,Refit-OriginalARIMAGARCH-expanding_quarterly,test
2023-01-05,2023-01-06,0.172811729353928,2.6442907337662485,Refit-OriginalARIMAGARCH-expanding_quarterly,test
2023-01-06,2023-01-09,0.0692225607636781,2.329737770716358,Refit-OriginalARIMAGARCH-expanding_quarterly,test
2023-01-09,2023-01-10,0.0066603499297191,2.0291847259221085,Refit-OriginalARIMAGARCH-expanding_quarterly,test
2023-01-10,2023-01-11,0.0522271097766636,1.768170751089933,Refit-OriginalARIMAGARCH-expanding_quarterly,test
2023-01-11,2023-01-12,0.0035587018238326,1.5513337113642007,Refit-OriginalARIMAGARCH-expanding_quarterly,test
2023-01-12,2023-01-13,0.1275802197397324,1.3619501320356802,Refit-OriginalARIMAGARCH-expanding_quarterly,test
2023-01-13,2023-01-16,0.374758039143315,1.2145164465836147,Refit-OriginalARIMAGARCH-expanding_quarterly,test
2023-01-16,2023-01-17,4.022686466488597,1.1145093444513992,Refit-OriginalARIMAGARCH-expanding_quarterly,test
2023-01-17,2023-01-18,0.8349687871773404,1.443850600738934,Refit-OriginalARIMAGARCH-expanding_quarterly,test
2023-01-18,2023-01-19,0.7891600724610666,1.329002000880199,Refit-OriginalARIMAGARCH-expanding_quarterly,test
2023-01-19,2023-01-27,0.6572756271765033,1.233133535411884,Refit-OriginalARIMAGARCH-expanding_quarterly,test
2023-01-27,2023-01-30,1.7140630852404162,1.143565871456643,Refit-OriginalARIMAGARCH-expanding_quarterly,test
2023-01-30,2023-01-31,0.6050810133388357,1.271504407657218,Refit-OriginalARIMAGARCH-expanding_quarterly,test
2023-01-31,2023-02-01,10.368357126316685,1.2098298760434263,Refit-OriginalARIMAGARCH-expanding_quarterly,test
2023-02-01,2023-02-02,0.0226347776228954,2.378071219973473,Refit-OriginalARIMAGARCH-expanding_quarterly,test
2023-02-02,2023-02-03,0.0016679215067438,2.0822579226173437,Refit-OriginalARIMAGARCH-expanding_quarterly,test
2023-02-03,2023-02-06,1.256067923688864,1.8116990640517208,Refit-OriginalARIMAGARCH-expanding_quarterly,test
2023-02-06,2023-02-07,4.736232587067869,1.746341413183257,Refit-OriginalARIMAGARCH-expanding_quarterly,test
2023-02-07,2023-02-08,0.3561755878073738,2.1839109930566782,Refit-OriginalARIMAGARCH-expanding_quarterly,test
2023-02-08,2023-02-09,0.5879330834697908,1.9607013366350152,Refit-OriginalARIMAGARCH-expanding_quarterly,test
2023-02-09,2023-02-10,0.6787287097613596,1.7805560575176027,Refit-OriginalARIMAGARCH-expanding_quarterly,test
2023-02-10,2023-02-13,1.2216869517708149,1.626587357710385,Refit-OriginalARIMAGARCH-expanding_quarterly,test
2023-02-13,2023-02-14,0.2361888824871934,1.5589501402973407,Refit-OriginalARIMAGARCH-expanding_quarterly,test
2023-02-14,2023-02-15,0.8394668425834446,1.3843713086843938,Refit-OriginalARIMAGARCH-expanding_quarterly,test
2023-02-15,2023-02-16,0.9177621933014196,1.3423675297784576,Refit-OriginalARIMAGARCH-expanding_quarterly,test
2023-02-16,2023-02-17,0.0092805250097098,1.2827793681285926,Refit-OriginalARIMAGARCH-expanding_quarterly,test
2023-02-17,2023-02-20,6.512002780573765,1.134766477384714,Refit-OriginalARIMAGARCH-expanding_quarterly,test
2023-02-20,2023-02-21,0.1691390418565458,1.7547582081976958,Refit-OriginalARIMAGARCH-expanding_quarterly,test
2023-02-21,2023-02-22,6.846416409130559,1.5891819404779384,Refit-OriginalARIMAGARCH-expanding_quarterly,test
2023-02-22,2023-02-23,0.0034604047962046,2.2915397531870867,Refit-OriginalARIMAGARCH-expanding_quarterly,test
2023-02-23,2023-02-24,1.8150207850841689,1.9906359531572984,Refit-OriginalARIMAGARCH-expanding_quarterly,test
2023-02-24,2023-02-27,3.1577928002505518,1.9195762627363875,Refit-OriginalARIMAGARCH-expanding_quarterly,test
2023-02-27,2023-02-28,0.1124261928232939,2.0006849752843534,Refit-OriginalARIMAGARCH-expanding_quarterly,test
2023-02-28,2023-03-01,2.362077222441523,1.7747410283998026,Refit-OriginalARIMAGARCH-expanding_quarterly,test
2023-03-01,2023-03-02,0.0800566234507277,1.8583382351645639,Refit-OriginalARIMAGARCH-expanding_quarterly,test
2023-03-02,2023-03-03,1.5504718457013609,1.644451423215231,Refit-OriginalARIMAGARCH-expanding_quarterly,test
2023-03-03,2023-03-06,0.0551773612932756,1.6556199445142372,Refit-OriginalARIMAGARCH-expanding_quarterly,test
2023-03-06,2023-03-07,1.0659420423683896,1.461974912238456,Refit-OriginalARIMAGARCH-expanding_quarterly,test
2023-03-07,2023-03-08,1.180976964777076,1.4241140797532712,Refit-OriginalARIMAGARCH-expanding_quarterly,test
2023-03-08,2023-03-09,0.4136971055728827,1.3743515909950328,Refit-OriginalARIMAGARCH-expanding_quarterly,test
2023-03-09,2023-03-10,0.078265798957639,1.2395817647329808,Refit-OriginalARIMAGARCH-expanding_quarterly,test
2023-03-10,2023-03-13,0.0003608159625681,1.1195917884730773,Refit-OriginalARIMAGARCH-expanding_quarterly,test
2023-03-13,2023-03-14,1.4659340258862177,0.9966899708211039,Refit-OriginalARIMAGARCH-expanding_quarterly,test
2023-03-14,2023-03-15,4.404587524685249,1.0750742419240202,Refit-OriginalARIMAGARCH-expanding_quarterly,test
2023-03-15,2023-03-16,1.966140070411206,1.5508094619774284,Refit-OriginalARIMAGARCH-expanding_quarterly,test
2023-03-16,2023-03-17,0.0466583815583474,1.6583202212769463,Refit-OriginalARIMAGARCH-expanding_quarterly,test
2023-03-17,2023-03-20,4.542701346022625,1.456592187233651,Refit-OriginalARIMAGARCH-expanding_quarterly,test
2023-03-20,2023-03-21,0.8241032078763476,1.8315286792390761,Refit-OriginalARIMAGARCH-expanding_quarterly,test
2023-03-21,2023-03-22,0.6122377400151076,1.7525939838062135,Refit-OriginalARIMAGARCH-expanding_quarterly,test
2023-03-22,2023-03-23,0.1912107767600162,1.605599629783187,Refit-OriginalARIMAGARCH-expanding_quarterly,test
2023-03-23,2023-03-24,0.0261069358389794,1.4224040469322348,Refit-OriginalARIMAGARCH-expanding_quarterly,test
2023-03-24,2023-03-27,0.2706486133246383,1.2529616244650454,Refit-OriginalARIMAGARCH-expanding_quarterly,test
2023-03-27,2023-03-28,0.0375129464792075,1.134948266881239,Refit-OriginalARIMAGARCH-expanding_quarterly,test
2023-03-28,2023-03-29,0.0373680554186715,1.0111150549849839,Refit-OriginalARIMAGARCH-expanding_quarterly,test
2023-03-29,2023-03-30,0.0864260143113033,0.9067584365029547,Refit-OriginalARIMAGARCH-expanding_quarterly,test
2023-03-30,2023-03-31,0.2397323675517269,0.8233037496690616,Refit-OriginalARIMAGARCH-expanding_quarterly,test
2023-03-31,2023-04-03,1.8652562093058924,0.7687925845600277,Refit-OriginalARIMAGARCH-expanding_quarterly,test
2023-04-03,2023-04-04,0.0059186412860023,0.9041975797857706,Refit-OriginalARIMAGARCH-expanding_quarterly,test
2023-04-04,2023-04-05,0.0498269661847383,0.8220467858029709,Refit-OriginalARIMAGARCH-expanding_quarterly,test
2023-04-05,2023-04-06,0.8553042836437406,0.7479478342938092,Refit-OriginalARIMAGARCH-expanding_quarterly,test
2023-04-06,2023-04-07,0.0125702355791553,0.7983230848407836,Refit-OriginalARIMAGARCH-expanding_quarterly,test
2023-04-07,2023-04-10,0.1668068990512428,0.7256842225561423,Refit-OriginalARIMAGARCH-expanding_quarterly,test
2023-04-10,2023-04-11,0.1482607699784405,0.6812422115289621,Refit-OriginalARIMAGARCH-expanding_quarterly,test
2023-04-11,2023-04-12,8.743291732272662e-07,0.6470883056760804,Refit-OriginalARIMAGARCH-expanding_quarterly,test
2023-04-12,2023-04-13,0.2330177840007939,0.597130242545581,Refit-OriginalARIMAGARCH-expanding_quarterly,test
2023-04-13,2023-04-14,1.1617696349612645,0.5867431498657694,Refit-OriginalARIMAGARCH-expanding_quarterly,test
2023-04-14,2023-04-17,0.0076283447272982,0.6830648481448074,Refit-OriginalARIMAGARCH-expanding_quarterly,test
2023-04-17,2023-04-18,0.0131688449679895,0.6314258736027819,Refit-OriginalARIMAGARCH-expanding_quarterly,test
2023-04-18,2023-04-19,0.3296437026732272,0.5860557396368864,Refit-OriginalARIMAGARCH-expanding_quarterly,test
2023-04-19,2023-04-20,0.0006623405434785,0.5879704002232953,Refit-OriginalARIMAGARCH-expanding_quarterly,test
2023-04-20,2023-04-21,0.3673257523211698,0.5469545619103342,Refit-OriginalARIMAGARCH-expanding_quarterly,test
2023-04-21,2023-04-24,0.0221215519921837,0.5564356551858926,Refit-OriginalARIMAGARCH-expanding_quarterly,test
2023-04-24,2023-04-25,0.3932622485353985,0.5214484335418923,Refit-OriginalARIMAGARCH-expanding_quarterly,test
2023-04-25,2023-04-26,0.328691182889417,0.5355770320290304,Refit-OriginalARIMAGARCH-expanding_quarterly,test
2023-04-26,2023-04-27,0.0126510214171176,0.548827756687191,Refit-OriginalARIMAGARCH-expanding_quarterly,test
2023-04-27,2023-04-28,0.8257060505705139,0.5164556931853119,Refit-OriginalARIMAGARCH-expanding_quarterly,test
2023-04-28,2023-05-04,0.663351259487948,0.5796937530482813,Refit-OriginalARIMAGARCH-expanding_quarterly,test
2023-05-04,2023-05-05,0.0008313650023289,0.6419667781738043,Refit-OriginalARIMAGARCH-expanding_quarterly,test
2023-05-05,2023-05-08,1.5730813455266768,0.5926222325042659,Refit-OriginalARIMAGARCH-expanding_quarterly,test
2023-05-08,2023-05-09,0.0009810073041391,0.742116824157329,Refit-OriginalARIMAGARCH-expanding_quarterly,test
2023-05-09,2023-05-10,0.1807814295588449,0.6783354125752394,Refit-OriginalARIMAGARCH-expanding_quarterly,test
2023-05-10,2023-05-11,0.0116169732719969,0.6377598937233216,Refit-OriginalARIMAGARCH-expanding_quarterly,test
2023-05-11,2023-05-12,0.8480601097426534,0.5931965785565443,Refit-OriginalARIMAGARCH-expanding_quarterly,test
2023-05-12,2023-05-15,0.0124546383596074,0.6484219889319207,Refit-OriginalARIMAGARCH-expanding_quarterly,test
2023-05-15,2023-05-16,0.0003521278803455,0.6034134022527816,Refit-OriginalARIMAGARCH-expanding_quarterly,test
2023-05-16,2023-05-17,0.2647079940558091,0.5599653592778968,Refit-OriginalARIMAGARCH-expanding_quarterly,test
2023-05-17,2023-05-18,0.5467189046851431,0.5590266309083803,Refit-OriginalARIMAGARCH-expanding_quarterly,test
2023-05-18,2023-05-19,0.0134881726921275,0.5934637400880355,Refit-OriginalARIMAGARCH-expanding_quarterly,test
2023-05-19,2023-05-22,0.1115577260954784,0.5552048653860119,Refit-OriginalARIMAGARCH-expanding_quarterly,test
2023-05-22,2023-05-23,0.2010623455676166,0.5296898271458421,Refit-OriginalARIMAGARCH-expanding_quarterly,test
2023-05-23,2023-05-24,0.1456521231551851,0.5282880015090028,Refit-OriginalARIMAGARCH-expanding_quarterly,test
2023-05-24,2023-05-25,0.0713508401309495,0.5130104493651229,Refit-OriginalARIMAGARCH-expanding_quarterly,test
2023-05-25,2023-05-26,0.006683379548905,0.4935485860233446,Refit-OriginalARIMAGARCH-expanding_quarterly,test
2023-05-26,2023-05-29,1.1008741895280585,0.4678183075383874,Refit-OriginalARIMAGARCH-expanding_quarterly,test
2023-05-29,2023-05-30,0.0813274524532,0.5723218297003856,Refit-OriginalARIMAGARCH-expanding_quarterly,test
2023-05-30,2023-05-31,0.0715597269351419,0.5370599139416807,Refit-OriginalARIMAGARCH-expanding_quarterly,test
2023-05-31,2023-06-01,0.0894248931377806,0.5188928041708772,Refit-OriginalARIMAGARCH-expanding_quarterly,test
2023-06-01,2023-06-02,1.3176407801372392,0.4971194228215218,Refit-OriginalARIMAGARCH-expanding_quarterly,test
2023-06-02,2023-06-05,0.4068339428608296,0.6198989563884567,Refit-OriginalARIMAGARCH-expanding_quarterly,test
2023-06-05,2023-06-06,0.9043890866960916,0.6057195041542045,Refit-OriginalARIMAGARCH-expanding_quarterly,test
2023-06-06,2023-06-07,0.0123028566285396,0.6431774245795914,Refit-OriginalARIMAGARCH-expanding_quarterly,test
2023-06-07,2023-06-08,0.5529490855904797,0.5937608417398785,Refit-OriginalARIMAGARCH-expanding_quarterly,test
2023-06-08,2023-06-09,0.3161644467066298,0.632652973974926,Refit-OriginalARIMAGARCH-expanding_quarterly,test
2023-06-09,2023-06-12,0.5831574033164091,0.6268512905985408,Refit-OriginalARIMAGARCH-expanding_quarterly,test
2023-06-12,2023-06-13,0.3310759893352936,0.6445201615300383,Refit-OriginalARIMAGARCH-expanding_quarterly,test
2023-06-13,2023-06-14,0.2025223817587841,0.6223518722003709,Refit-OriginalARIMAGARCH-expanding_quarterly,test
2023-06-14,2023-06-15,0.0016224341258812,0.6146053660942906,Refit-OriginalARIMAGARCH-expanding_quarterly,test
2023-06-15,2023-06-16,0.024585211583996,0.5697642661238066,Refit-OriginalARIMAGARCH-expanding_quarterly,test
2023-06-16,2023-06-19,0.7822402072538185,0.5343264346449649,Refit-OriginalARIMAGARCH-expanding_quarterly,test
2023-06-19,2023-06-20,0.3250259985876756,0.5947299853135772,Refit-OriginalARIMAGARCH-expanding_quarterly,test
2023-06-20,2023-06-21,0.3653445181035127,0.6004626171046773,Refit-OriginalARIMAGARCH-expanding_quarterly,test
2023-06-21,2023-06-22,0.3717252672960691,0.5973675669067934,Refit-OriginalARIMAGARCH-expanding_quarterly,test
2023-06-22,2023-06-23,0.1309819466607628,0.5880188942566513,Refit-OriginalARIMAGARCH-expanding_quarterly,test
2023-06-23,2023-06-26,0.0549279663710728,0.554326016914278,Refit-OriginalARIMAGARCH-expanding_quarterly,test
2023-06-26,2023-06-27,0.0411962958640958,0.5208850421365065,Refit-OriginalARIMAGARCH-expanding_quarterly,test
2023-06-27,2023-06-28,0.1251516048900254,0.4922269200278036,Refit-OriginalARIMAGARCH-expanding_quarterly,test
2023-06-28,2023-06-29,1.3110715533307906,0.47667650784340504,Refit-OriginalARIMAGARCH-expanding_quarterly,test
2023-06-29,2023-06-30,0.2153197174085333,0.6280415662841007,Refit-OriginalARIMAGARCH-expanding_quarterly,test
2023-06-30,2023-07-03,0.2244859363593752,0.6005745265849177,Refit-OriginalARIMAGARCH-expanding_quarterly,test
2023-07-03,2023-07-04,0.331614557206894,0.5764562863481927,Refit-OriginalARIMAGARCH-expanding_quarterly,test
2023-07-04,2023-07-05,0.0534448088033697,0.5715783990528984,Refit-OriginalARIMAGARCH-expanding_quarterly,test
2023-07-05,2023-07-06,0.5521828368120864,0.5332447026131683,Refit-OriginalARIMAGARCH-expanding_quarterly,test
2023-07-06,2023-07-07,1.0955709924740076,0.5787914353962937,Refit-OriginalARIMAGARCH-expanding_quarterly,test
2023-07-07,2023-07-10,0.9169134777331625,0.674593297388869,Refit-OriginalARIMAGARCH-expanding_quarterly,test
2023-07-10,2023-07-11,0.057144157007868,0.7115531292513089,Refit-OriginalARIMAGARCH-expanding_quarterly,test
2023-07-11,2023-07-12,0.0444186703613796,0.6514792793077117,Refit-OriginalARIMAGARCH-expanding_quarterly,test
2023-07-12,2023-07-13,0.9358770339385756,0.6004056946535618,Refit-OriginalARIMAGARCH-expanding_quarterly,test
2023-07-13,2023-07-14,0.0652166185346891,0.6543098175557176,Refit-OriginalARIMAGARCH-expanding_quarterly,test
2023-07-14,2023-07-17,0.1632239943294482,0.6039467294654498,Refit-OriginalARIMAGARCH-expanding_quarterly,test
2023-07-17,2023-07-18,0.0066910598075562,0.5705634264728263,Refit-OriginalARIMAGARCH-expanding_quarterly,test
2023-07-18,2023-07-19,0.0089465157105592,0.5300112415476885,Refit-OriginalARIMAGARCH-expanding_quarterly,test
2023-07-19,2023-07-20,0.0002100775164203,0.4977641528939463,Refit-OriginalARIMAGARCH-expanding_quarterly,test
2023-07-20,2023-07-21,1.2319670859049314,0.4680881826344393,Refit-OriginalARIMAGARCH-expanding_quarterly,test
2023-07-21,2023-07-24,0.164526463877313,0.586208994536686,Refit-OriginalARIMAGARCH-expanding_quarterly,test
2023-07-24,2023-07-25,0.1884318549081098,0.5536006347348696,Refit-OriginalARIMAGARCH-expanding_quarterly,test
2023-07-25,2023-07-26,0.1699312574616927,0.5285093710957258,Refit-OriginalARIMAGARCH-expanding_quarterly,test
2023-07-26,2023-07-27,0.0856869950327944,0.5064321326055976,Refit-OriginalARIMAGARCH-expanding_quarterly,test
2023-07-27,2023-07-28,0.7393945741890614,0.4915803827233369,Refit-OriginalARIMAGARCH-expanding_quarterly,test
2023-07-28,2023-07-31,1.5705613280253743,0.5476518868979465,Refit-OriginalARIMAGARCH-expanding_quarterly,test
2023-07-31,2023-08-01,0.191513989792846,0.6740200467175059,Refit-OriginalARIMAGARCH-expanding_quarterly,test
2023-08-01,2023-08-02,0.0554319741987418,0.6608765805207062,Refit-OriginalARIMAGARCH-expanding_quarterly,test
2023-08-02,2023-08-03,0.6081005379926719,0.6110049110695335,Refit-OriginalARIMAGARCH-expanding_quarterly,test
2023-08-03,2023-08-04,1.5216082607669985,0.644195800928226,Refit-OriginalARIMAGARCH-expanding_quarterly,test
2023-08-04,2023-08-07,1.5663427455149326,0.7894247392844627,Refit-OriginalARIMAGARCH-expanding_quarterly,test
2023-08-07,2023-08-08,0.0042545072808971,0.8765429065036805,Refit-OriginalARIMAGARCH-expanding_quarterly,test
2023-08-08,2023-08-09,0.4429341513499315,0.7922213612442502,Refit-OriginalARIMAGARCH-expanding_quarterly,test
2023-08-09,2023-08-10,1.18855521360565,0.7898408732436806,Refit-OriginalARIMAGARCH-expanding_quarterly,test
2023-08-10,2023-08-11,0.8946457187409982,0.8541970658950117,Refit-OriginalARIMAGARCH-expanding_quarterly,test
2023-08-11,2023-08-14,0.1406576061529025,0.9046384610654867,Refit-OriginalARIMAGARCH-expanding_quarterly,test
2023-08-14,2023-08-15,0.0509990332423939,0.8280669140893862,Refit-OriginalARIMAGARCH-expanding_quarterly,test
2023-08-15,2023-08-16,0.5528693854620391,0.7610309737986125,Refit-OriginalARIMAGARCH-expanding_quarterly,test
2023-08-16,2023-08-17,0.6237080926504832,0.7518473700404492,Refit-OriginalARIMAGARCH-expanding_quarterly,test
2023-08-17,2023-08-18,21.187467781738864,0.7744414105837599,Refit-OriginalARIMAGARCH-expanding_quarterly,test
2023-08-18,2023-08-21,0.0225429724444894,3.221055200584781,Refit-OriginalARIMAGARCH-expanding_quarterly,test
2023-08-21,2023-08-22,0.0038263943505654,2.8250260033625576,Refit-OriginalARIMAGARCH-expanding_quarterly,test
2023-08-22,2023-08-23,0.4543048185096983,2.459310969721449,Refit-OriginalARIMAGARCH-expanding_quarterly,test
2023-08-23,2023-08-24,2.030960720400387,2.1904892503135462,Refit-OriginalARIMAGARCH-expanding_quarterly,test
2023-08-24,2023-08-25,0.2574822009117362,2.1562404783356173,Refit-OriginalARIMAGARCH-expanding_quarterly,test
2023-08-25,2023-08-28,2.3677711449578327,1.9289327981133741,Refit-OriginalARIMAGARCH-expanding_quarterly,test
2023-08-28,2023-08-29,0.0507403600472885,1.9604819725180496,Refit-OriginalARIMAGARCH-expanding_quarterly,test
2023-08-29,2023-08-30,0.521587233427783,1.7157020286053468,Refit-OriginalARIMAGARCH-expanding_quarterly,test
2023-08-30,2023-08-31,0.798611626583033,1.5535429482648364,Refit-OriginalARIMAGARCH-expanding_quarterly,test
2023-08-31,2023-09-05,0.790275250555677,1.4406906001177544,Refit-OriginalARIMAGARCH-expanding_quarterly,test
2023-09-05,2023-09-06,0.7194907575034776,1.3418392991161352,Refit-OriginalARIMAGARCH-expanding_quarterly,test
2023-09-06,2023-09-07,0.0359716287929884,1.247099047560552,Refit-OriginalARIMAGARCH-expanding_quarterly,test
2023-09-07,2023-09-08,0.0178548556372743,1.119932557412479,Refit-OriginalARIMAGARCH-expanding_quarterly,test
2023-09-08,2023-09-11,2.097389099277001,1.0024462474341866,Refit-OriginalARIMAGARCH-expanding_quarterly,test
2023-09-11,2023-09-12,3.1212396050656377,1.1523631434787112,Refit-OriginalARIMAGARCH-expanding_quarterly,test
2023-09-12,2023-09-13,0.3222528903899724,1.4501268568882275,Refit-OriginalARIMAGARCH-expanding_quarterly,test
2023-09-13,2023-09-14,1.4026151894519558,1.3343234592678834,Refit-OriginalARIMAGARCH-expanding_quarterly,test
2023-09-14,2023-09-15,0.0839016379792105,1.3584923085542764,Refit-OriginalARIMAGARCH-expanding_quarterly,test
2023-09-15,2023-09-18,1.6257299462595711,1.2173767917336205,Refit-OriginalARIMAGARCH-expanding_quarterly,test
2023-09-18,2023-09-19,0.000654584074098,1.2698162893476495,Refit-OriginalARIMAGARCH-expanding_quarterly,test
2023-09-19,2023-09-20,1.4369523878233037,1.1266854985585093,Refit-OriginalARIMAGARCH-expanding_quarterly,test
2023-09-20,2023-09-21,1.2021573804780938,1.183702643987073,Refit-OriginalARIMAGARCH-expanding_quarterly,test
2023-09-21,2023-09-22,2.67951003310709,1.2255767617139348,Refit-OriginalARIMAGARCH-expanding_quarterly,test
2023-09-22,2023-09-25,11.541216926620844,1.4045513908193494,Refit-OriginalARIMAGARCH-expanding_quarterly,test
2023-09-25,2023-09-26,1.7698314100181254,2.5067117219351074,Refit-OriginalARIMAGARCH-expanding_quarterly,test
2023-09-26,2023-09-27,1.922934467977144,2.293700576942269,Refit-OriginalARIMAGARCH-expanding_quarterly,test
2023-09-27,2023-09-28,0.0151639632836694,2.3235122432637745,Refit-OriginalARIMAGARCH-expanding_quarterly,test
2023-09-28,2023-09-29,0.02224231577349,2.0279168672424595,Refit-OriginalARIMAGARCH-expanding_quarterly,test
2023-09-29,2023-10-02,0.0090750098350391,1.7732411714114655,Refit-OriginalARIMAGARCH-expanding_quarterly,test
2023-10-02,2023-10-03,10.683716279206385,1.5563881137470539,Refit-OriginalARIMAGARCH-expanding_quarterly,test
2023-10-03,2023-10-04,0.8853176884286172,2.673821054681503,Refit-OriginalARIMAGARCH-expanding_quarterly,test
2023-10-04,2023-10-05,1.7375339257639013,2.4936400169988517,Refit-OriginalARIMAGARCH-expanding_quarterly,test
2023-10-05,2023-10-06,1.7072998751511268,2.3666407613340152,Refit-OriginalARIMAGARCH-expanding_quarterly,test
2023-10-06,2023-10-09,0.6060662073826656,2.297873185897102,Refit-OriginalARIMAGARCH-expanding_quarterly,test
2023-10-09,2023-10-10,0.3080349756366544,2.056247150568624,Refit-OriginalARIMAGARCH-expanding_quarterly,test
2023-10-10,2023-10-11,0.3851648462229108,1.8189500197213873,Refit-OriginalARIMAGARCH-expanding_quarterly,test
2023-10-11,2023-10-12,0.0048291522978458,1.6236644488249992,Refit-OriginalARIMAGARCH-expanding_quarterly,test
2023-10-12,2023-10-13,0.0732020168306359,1.428265655311112,Refit-OriginalARIMAGARCH-expanding_quarterly,test
2023-10-13,2023-10-16,1.3440806213781142,1.2671185129279916,Refit-OriginalARIMAGARCH-expanding_quarterly,test
2023-10-16,2023-10-17,3.052807721519015,1.300587600793517,Refit-OriginalARIMAGARCH-expanding_quarterly,test
2023-10-17,2023-10-18,2.691074109609036,1.4907205066942293,Refit-OriginalARIMAGARCH-expanding_quarterly,test
2023-10-18,2023-10-19,2.014426845995019,1.5728277310031076,Refit-OriginalARIMAGARCH-expanding_quarterly,test
2023-10-19,2023-10-20,3.37838828040453,1.5599775230755644,Refit-OriginalARIMAGARCH-expanding_quarterly,test
2023-10-20,2023-10-23,1.7351918672263549,1.8659199679220995,Refit-OriginalARIMAGARCH-expanding_quarterly,test
2023-10-23,2023-10-24,1.2652847100550173,1.8773181239824939,Refit-OriginalARIMAGARCH-expanding_quarterly,test
2023-10-24,2023-10-25,0.1475596920145903,1.8020476841824526,Refit-OriginalARIMAGARCH-expanding_quarterly,test
2023-10-25,2023-10-26,18.362010800338208,1.6080389374686888,Refit-OriginalARIMAGARCH-expanding_quarterly,test
2023-10-26,2023-10-27,0.2387716417217482,3.625072975180712,Refit-OriginalARIMAGARCH-expanding_quarterly,test
2023-10-27,2023-10-30,3.0025597858118136,3.2155438615509366,Refit-OriginalARIMAGARCH-expanding_quarterly,test
2023-10-30,2023-10-31,1.8839681619493045,3.093265972315006,Refit-OriginalARIMAGARCH-expanding_quarterly,test
2023-10-31,2023-11-01,1.230715501580414,2.8543960369349515,Refit-OriginalARIMAGARCH-expanding_quarterly,test
2023-11-01,2023-11-02,11.467731176476716,2.6633064862375946,Refit-OriginalARIMAGARCH-expanding_quarterly,test
2023-11-02,2023-11-03,0.0148189440021049,3.6587397057306377,Refit-OriginalARIMAGARCH-expanding_quarterly,test
2023-11-03,2023-11-06,1.4138672012584073,3.1680474602264077,Refit-OriginalARIMAGARCH-expanding_quarterly,test
2023-11-06,2023-11-07,0.7458390495009208,2.8609998744005596,Refit-OriginalARIMAGARCH-expanding_quarterly,test
2023-11-07,2023-11-08,9.129956144189087,2.6113982488246266,Refit-OriginalARIMAGARCH-expanding_quarterly,test
2023-11-08,2023-11-09,0.0017061233763225,3.377745154988717,Refit-OriginalARIMAGARCH-expanding_quarterly,test
2023-11-09,2023-11-10,1.2148681903111338,2.9281092045631705,Refit-OriginalARIMAGARCH-expanding_quarterly,test
2023-11-10,2023-11-13,0.0213882813414155,2.7228799359624203,Refit-OriginalARIMAGARCH-expanding_quarterly,test
2023-11-13,2023-11-14,0.7643879612116624,2.36646308131834,Refit-OriginalARIMAGARCH-expanding_quarterly,test
2023-11-14,2023-11-15,1.309101680363533,2.1636036809892225,Refit-OriginalARIMAGARCH-expanding_quarterly,test
2023-11-15,2023-11-16,0.0726677258555493,2.026182508001127,Refit-OriginalARIMAGARCH-expanding_quarterly,test
2023-11-16,2023-11-17,4.779742663796966,1.7724805751124206,Refit-OriginalARIMAGARCH-expanding_quarterly,test
2023-11-17,2023-11-20,0.0501991268589152,2.186300200713831,Refit-OriginalARIMAGARCH-expanding_quarterly,test
2023-11-20,2023-11-21,0.3772925570702379,1.923459892467134,Refit-OriginalARIMAGARCH-expanding_quarterly,test
2023-11-21,2023-11-22,0.0912767762573235,1.7371406164227934,Refit-OriginalARIMAGARCH-expanding_quarterly,test
2023-11-22,2023-11-23,5.291901747240125,1.5324498831896736,Refit-OriginalARIMAGARCH-expanding_quarterly,test
2023-11-23,2023-11-24,0.4250871900618609,2.0344589804048607,Refit-OriginalARIMAGARCH-expanding_quarterly,test
2023-11-24,2023-11-27,0.4781711175817431,1.8554112286988147,Refit-OriginalARIMAGARCH-expanding_quarterly,test
2023-11-27,2023-11-28,0.4557176520002135,1.6798482835183592,Refit-OriginalARIMAGARCH-expanding_quarterly,test
2023-11-28,2023-11-29,0.4496265629344425,1.5382457302883714,Refit-OriginalARIMAGARCH-expanding_quarterly,test
2023-11-29,2023-11-30,0.6229744807299576,1.3982870454611551,Refit-OriginalARIMAGARCH-expanding_quarterly,test
2023-11-30,2023-12-01,0.5347066481770756,1.3303560604382494,Refit-OriginalARIMAGARCH-expanding_quarterly,test
2023-12-01,2023-12-04,2.720585966130201,1.243068222693044,Refit-OriginalARIMAGARCH-expanding_quarterly,test
2023-12-04,2023-12-05,0.163386350982878,1.4073783648189186,Refit-OriginalARIMAGARCH-expanding_quarterly,test
2023-12-05,2023-12-06,0.8703691532467039,1.2845271032985701,Refit-OriginalARIMAGARCH-expanding_quarterly,test
2023-12-06,2023-12-07,0.193176184914791,1.2281586385105823,Refit-OriginalARIMAGARCH-expanding_quarterly,test
2023-12-07,2023-12-08,0.0690100099875838,1.1268482416547567,Refit-OriginalARIMAGARCH-expanding_quarterly,test
2023-12-08,2023-12-11,0.0088783019772855,1.0125774384200865,Refit-OriginalARIMAGARCH-expanding_quarterly,test
2023-12-11,2023-12-12,0.0357476055077411,0.9078437118661196,Refit-OriginalARIMAGARCH-expanding_quarterly,test
2023-12-12,2023-12-13,1.4355458045904153,0.8212622047983026,Refit-OriginalARIMAGARCH-expanding_quarterly,test
2023-12-13,2023-12-14,0.1339218193100039,0.9304875212563306,Refit-OriginalARIMAGARCH-expanding_quarterly,test
2023-12-14,2023-12-15,0.501011926570286,0.8479177668457071,Refit-OriginalARIMAGARCH-expanding_quarterly,test
2023-12-15,2023-12-18,0.9021057574713134,0.8178489640053762,Refit-OriginalARIMAGARCH-expanding_quarterly,test
2023-12-18,2023-12-19,0.163207316046184,0.8338242495285924,Refit-OriginalARIMAGARCH-expanding_quarterly,test
2023-12-19,2023-12-20,0.1648341022859622,0.7842288830928127,Refit-OriginalARIMAGARCH-expanding_quarterly,test
2023-12-20,2023-12-21,0.0229820728280408,0.7317651039884159,Refit-OriginalARIMAGARCH-expanding_quarterly,test
2023-12-21,2023-12-22,0.003263855536434,0.6691539909484451,Refit-OriginalARIMAGARCH-expanding_quarterly,test
2023-12-22,2023-12-25,1.728982548756669,0.6149026944840957,Refit-OriginalARIMAGARCH-expanding_quarterly,test
2023-12-25,2023-12-26,0.1679675706187517,0.763987672618769,Refit-OriginalARIMAGARCH-expanding_quarterly,test
2023-12-26,2023-12-27,0.0005368687109465,0.7046483917747678,Refit-OriginalARIMAGARCH-expanding_quarterly,test
2023-12-27,2023-12-28,0.3802432948523992,0.6473352200901775,Refit-OriginalARIMAGARCH-expanding_quarterly,test
2023-12-28,2023-12-29,0.0078393746118935,0.633936922830239,Refit-OriginalARIMAGARCH-expanding_quarterly,test
2023-12-29,2024-01-02,0.0250562134986935,0.5849219335370544,Refit-OriginalARIMAGARCH-expanding_quarterly,test
2024-01-02,2024-01-03,1.197029417048885,0.5438564488351406,Refit-OriginalARIMAGARCH-expanding_quarterly,test
2024-01-03,2024-01-04,0.3258526092006003,0.6388279214876277,Refit-OriginalARIMAGARCH-expanding_quarterly,test
2024-01-04,2024-01-05,0.1180208232703248,0.6135503242667694,Refit-OriginalARIMAGARCH-expanding_quarterly,test
2024-01-05,2024-01-08,0.2266269824272246,0.5734996930314409,Refit-OriginalARIMAGARCH-expanding_quarterly,test
2024-01-08,2024-01-09,0.0190450011331964,0.5510616603776043,Refit-OriginalARIMAGARCH-expanding_quarterly,test
2024-01-09,2024-01-10,0.0646665738710911,0.5196372108700971,Refit-OriginalARIMAGARCH-expanding_quarterly,test
2024-01-10,2024-01-11,0.0034252738431133,0.49320286026626375,Refit-OriginalARIMAGARCH-expanding_quarterly,test
2024-01-11,2024-01-12,0.4213826457560849,0.4647532860297304,Refit-OriginalARIMAGARCH-expanding_quarterly,test
2024-01-12,2024-01-15,0.0025242702278622,0.49589193412545424,Refit-OriginalARIMAGARCH-expanding_quarterly,test
2024-01-15,2024-01-16,0.6034028324453893,0.46708065168902013,Refit-OriginalARIMAGARCH-expanding_quarterly,test
2024-01-16,2024-01-17,0.0025743958188708,0.5165552446299057,Refit-OriginalARIMAGARCH-expanding_quarterly,test
2024-01-17,2024-01-18,0.3137503773939618,0.4864703032123222,Refit-OriginalARIMAGARCH-expanding_quarterly,test
2024-01-18,2024-01-19,1.120382144309341,0.48961024467557573,Refit-OriginalARIMAGARCH-expanding_quarterly,test
2024-01-19,2024-01-22,0.0132345962603059,0.576467207736761,Refit-OriginalARIMAGARCH-expanding_quarterly,test
2024-01-22,2024-01-23,0.2062692888507807,0.5357655211216762,Refit-OriginalARIMAGARCH-expanding_quarterly,test
2024-01-23,2024-01-24,0.1485757892019817,0.5355956611034564,Refit-OriginalARIMAGARCH-expanding_quarterly,test
2024-01-24,2024-01-25,0.0492420848338565,0.5187286858543834,Refit-OriginalARIMAGARCH-expanding_quarterly,test
2024-01-25,2024-01-26,0.2041467089523473,0.490673992015298,Refit-OriginalARIMAGARCH-expanding_quarterly,test
2024-01-26,2024-01-29,2.893888078905973e-06,0.4893792301446716,Refit-OriginalARIMAGARCH-expanding_quarterly,test
2024-01-29,2024-01-30,0.1130691080782245,0.46168441904952745,Refit-OriginalARIMAGARCH-expanding_quarterly,test
2024-01-30,2024-01-31,1.7132578057426455,0.4482571847957224,Refit-OriginalARIMAGARCH-expanding_quarterly,test
2024-01-31,2024-02-01,0.5554695483427156,0.6491154029164843,Refit-OriginalARIMAGARCH-expanding_quarterly,test
2024-02-01,2024-02-02,0.0016060494837953,0.6778636675336807,Refit-OriginalARIMAGARCH-expanding_quarterly,test
2024-02-02,2024-02-05,1.312405125307974,0.6228284675779399,Refit-OriginalARIMAGARCH-expanding_quarterly,test
2024-02-05,2024-02-06,0.041546270496195,0.7238982213395563,Refit-OriginalARIMAGARCH-expanding_quarterly,test
2024-02-06,2024-02-07,0.7090694435364681,0.662140800150192,Refit-OriginalARIMAGARCH-expanding_quarterly,test
2024-02-07,2024-02-15,0.10935700902328,0.67720527254567,Refit-OriginalARIMAGARCH-expanding_quarterly,test
2024-02-15,2024-02-16,0.3563698361907522,0.627211537512988,Refit-OriginalARIMAGARCH-expanding_quarterly,test
2024-02-16,2024-02-19,1.5735090531706803,0.6106793349712858,Refit-OriginalARIMAGARCH-expanding_quarterly,test
2024-02-19,2024-02-20,0.1719424828204338,0.7254386312901278,Refit-OriginalARIMAGARCH-expanding_quarterly,test
2024-02-20,2024-02-21,2.643713937948573e-06,0.6711289878174892,Refit-OriginalARIMAGARCH-expanding_quarterly,test
2024-02-21,2024-02-22,0.0493686905262693,0.618150407177439,Refit-OriginalARIMAGARCH-expanding_quarterly,test
2024-02-22,2024-02-23,1.5757517057356472,0.5803975031072977,Refit-OriginalARIMAGARCH-expanding_quarterly,test
2024-02-23,2024-02-26,0.9982359162312492,0.7276711587505144,Refit-OriginalARIMAGARCH-expanding_quarterly,test
2024-02-26,2024-02-27,1.16593097532243,0.8077435609712076,Refit-OriginalARIMAGARCH-expanding_quarterly,test
2024-02-27,2024-02-28,1.8813005066335944,0.8606945370158525,Refit-OriginalARIMAGARCH-expanding_quarterly,test
2024-02-28,2024-02-29,0.0210764395400896,0.9600981750849338,Refit-OriginalARIMAGARCH-expanding_quarterly,test
2024-02-29,2024-03-01,0.1954116660389362,0.8774466965838782,Refit-OriginalARIMAGARCH-expanding_quarterly,test
2024-03-01,2024-03-04,0.0617241173730905,0.8080625799842509,Refit-OriginalARIMAGARCH-expanding_quarterly,test
2024-03-04,2024-03-05,0.458465682898879,0.737358285280312,Refit-OriginalARIMAGARCH-expanding_quarterly,test
2024-03-05,2024-03-06,0.3277686759141466,0.7198933249722905,Refit-OriginalARIMAGARCH-expanding_quarterly,test
2024-03-06,2024-03-07,0.2049845962757557,0.7110401761164721,Refit-OriginalARIMAGARCH-expanding_quarterly,test
2024-03-07,2024-03-08,2.816444292658484,0.6744412473970955,Refit-OriginalARIMAGARCH-expanding_quarterly,test
2024-03-08,2024-03-11,0.912721979122844,0.9724277219459275,Refit-OriginalARIMAGARCH-expanding_quarterly,test
2024-03-11,2024-03-12,0.5879634369893775,0.9588992487995278,Refit-OriginalARIMAGARCH-expanding_quarterly,test
2024-03-12,2024-03-13,4.113946023612082,0.9562013839111756,Refit-OriginalARIMAGARCH-expanding_quarterly,test
2024-03-13,2024-03-14,0.2431894157728003,1.3423621756095643,Refit-OriginalARIMAGARCH-expanding_quarterly,test
2024-03-14,2024-03-15,0.0014420309906953,1.2491745345920269,Refit-OriginalARIMAGARCH-expanding_quarterly,test
2024-03-15,2024-03-18,2.60144510071112,1.1114660427392642,Refit-OriginalARIMAGARCH-expanding_quarterly,test
2024-03-18,2024-03-19,0.0078313418483015,1.3115869314168052,Refit-OriginalARIMAGARCH-expanding_quarterly,test
2024-03-19,2024-03-20,1.98300631416396,1.1630759224255156,Refit-OriginalARIMAGARCH-expanding_quarterly,test
2024-03-20,2024-03-21,1.659993462713211,1.2923022459186635,Refit-OriginalARIMAGARCH-expanding_quarterly,test
2024-03-21,2024-03-22,0.1769090471586793,1.3117450445726884,Refit-OriginalARIMAGARCH-expanding_quarterly,test
2024-03-22,2024-03-25,1.1957204376691162,1.1689851398452917,Refit-OriginalARIMAGARCH-expanding_quarterly,test
2024-03-25,2024-03-26,1.266685379522265,1.2212374915923743,Refit-OriginalARIMAGARCH-expanding_quarterly,test
2024-03-26,2024-03-27,0.0047070525559726,1.2476869530362282,Refit-OriginalARIMAGARCH-expanding_quarterly,test
2024-03-27,2024-03-28,0.3036574536281876,1.1083383799439885,Refit-OriginalARIMAGARCH-expanding_quarterly,test
2024-03-28,2024-03-29,0.22386593116756,1.0186742026440059,Refit-OriginalARIMAGARCH-expanding_quarterly,test
2024-03-29,2024-04-01,0.0401370314872093,0.9510169531424709,Refit-OriginalARIMAGARCH-expanding_quarterly,test
2024-04-01,2024-04-02,0.1847396233779287,0.8560594524332146,Refit-OriginalARIMAGARCH-expanding_quarterly,test
2024-04-02,2024-04-03,1.4814046434548742,0.7968622901375724,Refit-OriginalARIMAGARCH-expanding_quarterly,test
2024-04-03,2024-04-04,0.0642984527134782,0.9119778164944055,Refit-OriginalARIMAGARCH-expanding_quarterly,test
2024-04-04,2024-04-05,1.084676282740752,0.8264020835508135,Refit-OriginalARIMAGARCH-expanding_quarterly,test
2024-04-05,2024-04-08,0.1443776586599194,0.867176104575142,Refit-OriginalARIMAGARCH-expanding_quarterly,test
2024-04-08,2024-04-09,0.9848187145028622,0.7936650098534879,Refit-OriginalARIMAGARCH-expanding_quarterly,test
2024-04-09,2024-04-10,0.1141835151805207,0.849759510140407,Refit-OriginalARIMAGARCH-expanding_quarterly,test
2024-04-10,2024-04-11,0.0008184297224042,0.7894826605960198,Refit-OriginalARIMAGARCH-expanding_quarterly,test
2024-04-11,2024-04-12,2.1077713488695093,0.7177813430786201,Refit-OriginalARIMAGARCH-expanding_quarterly,test
2024-04-12,2024-04-15,23.166885904173803,0.8988414243793279,Refit-OriginalARIMAGARCH-expanding_quarterly,test
2024-04-15,2024-04-16,0.0058478365075764,3.716717438673527,Refit-OriginalARIMAGARCH-expanding_quarterly,test
2024-04-16,2024-04-17,3.543454497340081,3.2248577138462307,Refit-OriginalARIMAGARCH-expanding_quarterly,test
2024-04-17,2024-04-19,2.3528631494425456,3.1453289079122895,Refit-OriginalARIMAGARCH-expanding_quarterly,test
2024-04-19,2024-04-22,1.6893979231324006,2.9420350482744455,Refit-OriginalARIMAGARCH-expanding_quarterly,test
2024-04-22,2024-04-23,1.1727907466469314,2.8105927101590416,Refit-OriginalARIMAGARCH-expanding_quarterly,test
2024-04-23,2024-04-24,5.606024745553127,2.596226671738283,Refit-OriginalARIMAGARCH-expanding_quarterly,test
2024-04-24,2024-04-25,0.0028195309207452,2.9369710054447005,Refit-OriginalARIMAGARCH-expanding_quarterly,test
2024-04-25,2024-04-26,0.1420473024727117,2.5594976049423575,Refit-OriginalARIMAGARCH-expanding_quarterly,test
2024-04-26,2024-05-02,0.318006405977251,2.238375369511358,Refit-OriginalARIMAGARCH-expanding_quarterly,test
2024-05-02,2024-05-03,0.1468401316931458,1.982522505181921,Refit-OriginalARIMAGARCH-expanding_quarterly,test
2024-05-03,2024-05-06,2.785560071487252,1.7477606171696451,Refit-OriginalARIMAGARCH-expanding_quarterly,test
2024-05-06,2024-05-07,0.3206037518220124,1.8348146458866725,Refit-OriginalARIMAGARCH-expanding_quarterly,test
2024-05-07,2024-05-08,0.0214485793857184,1.627746204251937,Refit-OriginalARIMAGARCH-expanding_quarterly,test
2024-05-08,2024-05-09,0.0212146392864794,1.4334524036158425,Refit-OriginalARIMAGARCH-expanding_quarterly,test
2024-05-09,2024-05-10,0.0998826714071555,1.2733662616110557,Refit-OriginalARIMAGARCH-expanding_quarterly,test
2024-05-10,2024-05-13,0.1323509240296012,1.1438147652371686,Refit-OriginalARIMAGARCH-expanding_quarterly,test
2024-05-13,2024-05-14,0.0623260338672244,1.0347607808008388,Refit-OriginalARIMAGARCH-expanding_quarterly,test
2024-05-14,2024-05-15,0.7914504364695899,0.9355812274953345,Refit-OriginalARIMAGARCH-expanding_quarterly,test
2024-05-15,2024-05-16,1.3010619376829529,0.9305470326863344,Refit-OriginalARIMAGARCH-expanding_quarterly,test
2024-05-16,2024-05-20,0.4777373395090949,0.9648364061781723,Refit-OriginalARIMAGARCH-expanding_quarterly,test
2024-05-20,2024-05-21,0.0011865300373836,0.9003304346849345,Refit-OriginalARIMAGARCH-expanding_quarterly,test
2024-05-21,2024-05-22,0.6467920233357178,0.8155476292994529,Refit-OriginalARIMAGARCH-expanding_quarterly,test
2024-05-22,2024-05-23,1.2284567837418712,0.8281116355398506,Refit-OriginalARIMAGARCH-expanding_quarterly,test
2024-05-23,2024-05-24,2.256648937405396,0.9073718151036779,Refit-OriginalARIMAGARCH-expanding_quarterly,test
2024-05-24,2024-05-27,0.2066759953224523,1.1138122090160032,Refit-OriginalARIMAGARCH-expanding_quarterly,test
2024-05-27,2024-05-28,1.2149042841979667,1.0260440139377094,Refit-OriginalARIMAGARCH-expanding_quarterly,test
2024-05-28,2024-05-29,0.5065517433860525,1.0599207259071601,Refit-OriginalARIMAGARCH-expanding_quarterly,test
2024-05-29,2024-05-30,0.2478473182821189,1.0290520007960007,Refit-OriginalARIMAGARCH-expanding_quarterly,test
2024-05-30,2024-05-31,0.1324368158912983,0.9542210750198089,Refit-OriginalARIMAGARCH-expanding_quarterly,test
2024-05-31,2024-06-03,2.069054535054291,0.8707871002113953,Refit-OriginalARIMAGARCH-expanding_quarterly,test
2024-06-03,2024-06-04,0.0754175541972061,1.0466369486971023,Refit-OriginalARIMAGARCH-expanding_quarterly,test
2024-06-04,2024-06-05,0.0041789785238715,0.9396471788317988,Refit-OriginalARIMAGARCH-expanding_quarterly,test
2024-06-05,2024-06-06,0.003785773302666,0.8457526531309009,Refit-OriginalARIMAGARCH-expanding_quarterly,test
2024-06-06,2024-06-07,0.0977825492840672,0.7670706849904443,Refit-OriginalARIMAGARCH-expanding_quarterly,test
2024-06-07,2024-06-10,0.0574549317651925,0.7083587169495945,Refit-OriginalARIMAGARCH-expanding_quarterly,test
2024-06-10,2024-06-11,0.236389900130653,0.6524069035363252,Refit-OriginalARIMAGARCH-expanding_quarterly,test
2024-06-11,2024-06-12,1.4910702380739045,0.6350322093049329,Refit-OriginalARIMAGARCH-expanding_quarterly,test
2024-06-12,2024-06-13,0.0102965917651104,0.7627627937705087,Refit-OriginalARIMAGARCH-expanding_quarterly,test
2024-06-13,2024-06-14,2.8007247199637466,0.6944023214461958,Refit-OriginalARIMAGARCH-expanding_quarterly,test
2024-06-14,2024-06-17,0.1619251788207639,1.000141383604827,Refit-OriginalARIMAGARCH-expanding_quarterly,test
2024-06-17,2024-06-18,0.1371670063872054,0.9085282774777491,Refit-OriginalARIMAGARCH-expanding_quarterly,test
2024-06-18,2024-06-19,0.0005135905111872,0.8435828879569122,Refit-OriginalARIMAGARCH-expanding_quarterly,test
2024-06-19,2024-06-20,0.0383900740120223,0.763458782919871,Refit-OriginalARIMAGARCH-expanding_quarterly,test
2024-06-20,2024-06-21,0.0004769047173217,0.6976967253900207,Refit-OriginalARIMAGARCH-expanding_quarterly,test
2024-06-21,2024-06-24,4.841244218909869,0.6394091990867803,Refit-OriginalARIMAGARCH-expanding_quarterly,test
2024-06-24,2024-06-25,0.0377795857346046,1.1792131395917749,Refit-OriginalARIMAGARCH-expanding_quarterly,test
2024-06-25,2024-06-26,0.1382006989182143,1.0649081662273534,Refit-OriginalARIMAGARCH-expanding_quarterly,test
2024-06-26,2024-06-27,0.0291086660682599,0.974250031455901,Refit-OriginalARIMAGARCH-expanding_quarterly,test
2024-06-27,2024-06-28,1.2092769262564496,0.8802430388507356,Refit-OriginalARIMAGARCH-expanding_quarterly,test
2024-06-28,2024-07-01,0.5464740769679215,0.9485966678593982,Refit-OriginalARIMAGARCH-expanding_quarterly,test
2024-07-01,2024-07-02,1.4560329328950323,0.9352357639145317,Refit-OriginalARIMAGARCH-expanding_quarterly,test
2024-07-02,2024-07-03,0.3074231060441431,1.0074059730490794,Refit-OriginalARIMAGARCH-expanding_quarterly,test
2024-07-03,2024-07-04,0.0565502378458402,0.9244763437956146,Refit-OriginalARIMAGARCH-expanding_quarterly,test
2024-07-04,2024-07-05,0.0604238017679763,0.8343218477950833,Refit-OriginalARIMAGARCH-expanding_quarterly,test
2024-07-05,2024-07-08,0.001641913639604,0.7595175015742877,Refit-OriginalARIMAGARCH-expanding_quarterly,test
2024-07-08,2024-07-09,0.6204070574126203,0.6925483100716164,Refit-OriginalARIMAGARCH-expanding_quarterly,test
2024-07-09,2024-07-10,0.3628967539784848,0.7026498823747112,Refit-OriginalARIMAGARCH-expanding_quarterly,test
2024-07-10,2024-07-11,0.0277401860440043,0.700953331956361,Refit-OriginalARIMAGARCH-expanding_quarterly,test
2024-07-11,2024-07-12,0.0565767163705356,0.6462940682984749,Refit-OriginalARIMAGARCH-expanding_quarterly,test
2024-07-12,2024-07-15,0.0052765811391784,0.6023767945641352,Refit-OriginalARIMAGARCH-expanding_quarterly,test
2024-07-15,2024-07-16,0.011280250205691,0.5589932312452159,Refit-OriginalARIMAGARCH-expanding_quarterly,test
2024-07-16,2024-07-17,0.9643834972427656,0.5228196469845517,Refit-OriginalARIMAGARCH-expanding_quarterly,test
2024-07-17,2024-07-18,0.2066285309508605,0.611777101187696,Refit-OriginalARIMAGARCH-expanding_quarterly,test
2024-07-18,2024-07-19,0.5789189613600527,0.5969159491187552,Refit-OriginalARIMAGARCH-expanding_quarterly,test
2024-07-19,2024-07-22,0.6479469442933512,0.6259776885156356,Refit-OriginalARIMAGARCH-expanding_quarterly,test
2024-07-22,2024-07-23,3.3723820037131813,0.6498819989298332,Refit-OriginalARIMAGARCH-expanding_quarterly,test
2024-07-23,2024-07-24,0.2907489732326712,0.9725241477535995,Refit-OriginalARIMAGARCH-expanding_quarterly,test
2024-07-24,2024-07-25,0.1825373322670373,0.9340410334004254,Refit-OriginalARIMAGARCH-expanding_quarterly,test
2024-07-25,2024-07-26,0.5194428542577421,0.8606277828917287,Refit-OriginalARIMAGARCH-expanding_quarterly,test
2024-07-26,2024-07-29,0.1301982149615345,0.8417056045986492,Refit-OriginalARIMAGARCH-expanding_quarterly,test
2024-07-29,2024-07-30,0.0152800221232259,0.7720146004105194,Refit-OriginalARIMAGARCH-expanding_quarterly,test
2024-07-30,2024-07-31,0.2669893008576879,0.707986931836371,Refit-OriginalARIMAGARCH-expanding_quarterly,test
2024-07-31,2024-08-01,3.924859003099425,0.6756116575253575,Refit-OriginalARIMAGARCH-expanding_quarterly,test
2024-08-01,2024-08-02,0.6124804127570632,1.1165283667940944,Refit-OriginalARIMAGARCH-expanding_quarterly,test
2024-08-02,2024-08-05,16.028441731399298,1.0929100956167324,Refit-OriginalARIMAGARCH-expanding_quarterly,test
2024-08-05,2024-08-06,3.4304951964000674,2.8866474908171598,Refit-OriginalARIMAGARCH-expanding_quarterly,test
2024-08-06,2024-08-07,0.2131074887245232,3.051509796750317,Refit-OriginalARIMAGARCH-expanding_quarterly,test
2024-08-07,2024-08-08,0.389017827650505,2.6698659091672132,Refit-OriginalARIMAGARCH-expanding_quarterly,test
2024-08-08,2024-08-09,1.5873626468232618,2.3805732713811705,Refit-OriginalARIMAGARCH-expanding_quarterly,test
2024-08-09,2024-08-12,0.2928717413764615,2.251540669640246,Refit-OriginalARIMAGARCH-expanding_quarterly,test
2024-08-12,2024-08-13,0.0001294788177011,1.987514289374575,Refit-OriginalARIMAGARCH-expanding_quarterly,test
2024-08-13,2024-08-14,2.3780277347729983e-05,1.740204620461941,Refit-OriginalARIMAGARCH-expanding_quarterly,test
2024-08-14,2024-08-15,0.3071561671079922,1.5289214278394976,Refit-OriginalARIMAGARCH-expanding_quarterly,test
2024-08-15,2024-08-16,5.364467227292595,1.3881509721086969,Refit-OriginalARIMAGARCH-expanding_quarterly,test
2024-08-16,2024-08-19,0.5581057481573143,1.8803396922733535,Refit-OriginalARIMAGARCH-expanding_quarterly,test
2024-08-19,2024-08-20,0.7441049789899746,1.68566498531043,Refit-OriginalARIMAGARCH-expanding_quarterly,test
2024-08-20,2024-08-21,0.8093492360217696,1.537452290505206,Refit-OriginalARIMAGARCH-expanding_quarterly,test
2024-08-21,2024-08-22,0.0097920425309074,1.4206415952196978,Refit-OriginalARIMAGARCH-expanding_quarterly,test
2024-08-22,2024-08-23,0.039129459240867,1.2623245418075972,Refit-OriginalARIMAGARCH-expanding_quarterly,test
2024-08-23,2024-08-26,0.1707352129175375,1.1232882227480754,Refit-OriginalARIMAGARCH-expanding_quarterly,test
2024-08-26,2024-08-27,0.0017789790178368,1.0271127970074634,Refit-OriginalARIMAGARCH-expanding_quarterly,test
2024-08-27,2024-08-28,0.0047191862628622,0.9208783430275048,Refit-OriginalARIMAGARCH-expanding_quarterly,test
2024-08-28,2024-08-29,5.480696959213411e-06,0.8304528385659703,Refit-OriginalARIMAGARCH-expanding_quarterly,test
2024-08-29,2024-08-30,0.0350100605836961,0.7530372517831101,Refit-OriginalARIMAGARCH-expanding_quarterly,test
2024-08-30,2024-09-04,0.3975959773479832,0.6899875543264833,Refit-OriginalARIMAGARCH-expanding_quarterly,test
2024-09-04,2024-09-05,0.3560479520225069,0.6866138247773202,Refit-OriginalARIMAGARCH-expanding_quarterly,test
2024-09-05,2024-09-06,0.2046388013312271,0.6700252150547603,Refit-OriginalARIMAGARCH-expanding_quarterly,test
2024-09-06,2024-09-09,0.2403215208141221,0.646324247735028,Refit-OriginalARIMAGARCH-expanding_quarterly,test
2024-09-09,2024-09-10,0.9818980427278184,0.6273696539550752,Refit-OriginalARIMAGARCH-expanding_quarterly,test
2024-09-10,2024-09-11,0.0244199123086784,0.6963982707588581,Refit-OriginalARIMAGARCH-expanding_quarterly,test
2024-09-11,2024-09-12,0.0602484567361687,0.639660585925259,Refit-OriginalARIMAGARCH-expanding_quarterly,test
2024-09-12,2024-09-13,0.1369055643032899,0.6002072445724871,Refit-OriginalARIMAGARCH-expanding_quarterly,test
2024-09-13,2024-09-16,0.9992379796047328,0.575204764432407,Refit-OriginalARIMAGARCH-expanding_quarterly,test
2024-09-16,2024-09-17,2.484914926701652,0.6561290031567568,Refit-OriginalARIMAGARCH-expanding_quarterly,test
2024-09-17,2024-09-18,0.2223148391601984,0.9259371910019214,Refit-OriginalARIMAGARCH-expanding_quarterly,test
2024-09-18,2024-09-19,0.2523387575730195,0.8509516605754742,Refit-OriginalARIMAGARCH-expanding_quarterly,test
2024-09-19,2024-09-20,0.003666425548263,0.7879504383552355,Refit-OriginalARIMAGARCH-expanding_quarterly,test
2024-09-20,2024-09-23,0.0785444168047104,0.7170623934607773,Refit-OriginalARIMAGARCH-expanding_quarterly,test
2024-09-23,2024-09-24,0.447081172927798,0.6693081159720353,Refit-OriginalARIMAGARCH-expanding_quarterly,test
2024-09-24,2024-09-25,0.6692996014919499,0.6679183185684928,Refit-OriginalARIMAGARCH-expanding_quarterly,test
2024-09-25,2024-09-26,0.0967067651015831,0.6825480830844611,Refit-OriginalARIMAGARCH-expanding_quarterly,test
2024-09-26,2024-09-27,0.0019487643545271,0.631563184593916,Refit-OriginalARIMAGARCH-expanding_quarterly,test
2024-09-27,2024-09-30,0.0534118196752501,0.5857783264644731,Refit-OriginalARIMAGARCH-expanding_quarterly,test
2024-09-30,2024-10-01,0.1090419063191174,0.5532964641242882,Refit-OriginalARIMAGARCH-expanding_quarterly,test
2024-10-01,2024-10-02,0.1142301950532245,0.5293873000101891,Refit-OriginalARIMAGARCH-expanding_quarterly,test
2024-10-02,2024-10-03,0.5763536966008403,0.5131731180684389,Refit-OriginalARIMAGARCH-expanding_quarterly,test
2024-10-03,2024-10-04,0.3463758362975216,0.5543116828362715,Refit-OriginalARIMAGARCH-expanding_quarterly,test
2024-10-04,2024-10-07,0.0027820245719093,0.5533033458376426,Refit-OriginalARIMAGARCH-expanding_quarterly,test
2024-10-07,2024-10-08,0.0260164216385025,0.5166078928601306,Refit-OriginalARIMAGARCH-expanding_quarterly,test
2024-10-08,2024-10-09,0.5974680039460253,0.48933592121547836,Refit-OriginalARIMAGARCH-expanding_quarterly,test
2024-10-09,2024-10-10,0.1233539050383977,0.5293707017694276,Refit-OriginalARIMAGARCH-expanding_quarterly,test
2024-10-10,2024-10-11,0.0248646364370185,0.5043498501439357,Refit-OriginalARIMAGARCH-expanding_quarterly,test
2024-10-11,2024-10-14,0.0253573876734088,0.4756462657316283,Refit-OriginalARIMAGARCH-expanding_quarterly,test
2024-10-14,2024-10-15,0.1678954221921946,0.4566445916720309,Refit-OriginalARIMAGARCH-expanding_quarterly,test
2024-10-15,2024-10-16,0.0156181703703392,0.456930547746796,Refit-OriginalARIMAGARCH-expanding_quarterly,test
2024-10-16,2024-10-17,0.301088511662053,0.43630803106917787,Refit-OriginalARIMAGARCH-expanding_quarterly,test
2024-10-17,2024-10-18,0.0067941729317095,0.4550788172483632,Refit-OriginalARIMAGARCH-expanding_quarterly,test
2024-10-18,2024-10-21,0.1968037312439634,0.43559631327266496,Refit-OriginalARIMAGARCH-expanding_quarterly,test
2024-10-21,2024-10-22,0.6006392197446851,0.44556415545716865,Refit-OriginalARIMAGARCH-expanding_quarterly,test
2024-10-22,2024-10-23,0.0063207009295036,0.49697709684694547,Refit-OriginalARIMAGARCH-expanding_quarterly,test
2024-10-23,2024-10-24,1.1387581243922995,0.4712173476717705,Refit-OriginalARIMAGARCH-expanding_quarterly,test
2024-10-24,2024-10-25,0.1396414208283497,0.5818223630966347,Refit-OriginalARIMAGARCH-expanding_quarterly,test
2024-10-25,2024-10-28,0.0267355724555891,0.5525009323442279,Refit-OriginalARIMAGARCH-expanding_quarterly,test
2024-10-28,2024-10-29,0.310375295938392,0.5214216053725763,Refit-OriginalARIMAGARCH-expanding_quarterly,test
2024-10-29,2024-10-30,0.0624797327224918,0.5265698117250404,Refit-OriginalARIMAGARCH-expanding_quarterly,test
2024-10-30,2024-10-31,0.2150309186038439,0.506665971773184,Refit-OriginalARIMAGARCH-expanding_quarterly,test
2024-10-31,2024-11-01,0.5795854757810541,0.49929307806119283,Refit-OriginalARIMAGARCH-expanding_quarterly,test
2024-11-01,2024-11-04,0.6634669865085588,0.5515231897260409,Refit-OriginalARIMAGARCH-expanding_quarterly,test
2024-11-04,2024-11-05,0.0071101049569573,0.5916770546444228,Refit-OriginalARIMAGARCH-expanding_quarterly,test
2024-11-05,2024-11-06,1.532964136157592,0.5519547138449368,Refit-OriginalARIMAGARCH-expanding_quarterly,test
2024-11-06,2024-11-07,0.0147328555936719,0.7076066476831292,Refit-OriginalARIMAGARCH-expanding_quarterly,test
2024-11-07,2024-11-08,0.3276224769794669,0.6542220231637685,Refit-OriginalARIMAGARCH-expanding_quarterly,test
2024-11-08,2024-11-11,0.0320387972398517,0.6535264430135306,Refit-OriginalARIMAGARCH-expanding_quarterly,test
2024-11-11,2024-11-12,0.1943555469915317,0.6050808946298171,Refit-OriginalARIMAGARCH-expanding_quarterly,test
2024-11-12,2024-11-13,0.0095957977358447,0.5814506205367633,Refit-OriginalARIMAGARCH-expanding_quarterly,test
2024-11-13,2024-11-14,1.304380342114139,0.5423759816167998,Refit-OriginalARIMAGARCH-expanding_quarterly,test
2024-11-14,2024-11-15,1.1819027969632745,0.6687048888256741,Refit-OriginalARIMAGARCH-expanding_quarterly,test
2024-11-15,2024-11-18,0.0141759467193479,0.7415152920177142,Refit-OriginalARIMAGARCH-expanding_quarterly,test
2024-11-18,2024-11-19,0.9768103702203697,0.6762039998690226,Refit-OriginalARIMAGARCH-expanding_quarterly,test
2024-11-19,2024-11-20,0.8848644501514296,0.727231851120265,Refit-OriginalARIMAGARCH-expanding_quarterly,test
2024-11-20,2024-11-21,0.9302138287758972,0.7872962626298938,Refit-OriginalARIMAGARCH-expanding_quarterly,test
2024-11-21,2024-11-22,0.0003506766753295,0.8154041824663634,Refit-OriginalARIMAGARCH-expanding_quarterly,test
2024-11-22,2024-11-25,0.2872709111767263,0.7415430311192889,Refit-OriginalARIMAGARCH-expanding_quarterly,test
2024-11-25,2024-11-26,0.3599546809656788,0.700954142145604,Refit-OriginalARIMAGARCH-expanding_quarterly,test
2024-11-26,2024-11-27,0.0001659440969947,0.6755129128157326,Refit-OriginalARIMAGARCH-expanding_quarterly,test
2024-11-27,2024-11-28,0.0001270529950301,0.6214623367934334,Refit-OriginalARIMAGARCH-expanding_quarterly,test
2024-11-28,2024-11-29,0.4488915850595839,0.57463853863179,Refit-OriginalARIMAGARCH-expanding_quarterly,test
2024-11-29,2024-12-02,0.0035951954303536,0.5845137111159614,Refit-OriginalARIMAGARCH-expanding_quarterly,test
2024-12-02,2024-12-03,0.0121780282468158,0.5430770131609838,Refit-OriginalARIMAGARCH-expanding_quarterly,test
2024-12-03,2024-12-04,0.5723787875208138,0.5113950445182477,Refit-OriginalARIMAGARCH-expanding_quarterly,test
2024-12-04,2024-12-05,4.677770763753511,0.5555038902181425,Refit-OriginalARIMAGARCH-expanding_quarterly,test
2024-12-05,2024-12-06,0.0423127275118428,1.108567488913116,Refit-OriginalARIMAGARCH-expanding_quarterly,test
2024-12-06,2024-12-09,0.0846129168166276,0.9877986733067322,Refit-OriginalARIMAGARCH-expanding_quarterly,test
2024-12-09,2024-12-10,0.019333949066393,0.8881476582633511,Refit-OriginalARIMAGARCH-expanding_quarterly,test
2024-12-10,2024-12-11,0.0638388590450149,0.8068056015480931,Refit-OriginalARIMAGARCH-expanding_quarterly,test
2024-12-11,2024-12-12,0.0141789335558376,0.7405132546109339,Refit-OriginalARIMAGARCH-expanding_quarterly,test
2024-12-12,2024-12-13,0.1427917911928931,0.6769906697345522,Refit-OriginalARIMAGARCH-expanding_quarterly,test
2024-12-13,2024-12-16,0.0093280152446342,0.6387035855072773,Refit-OriginalARIMAGARCH-expanding_quarterly,test
2024-12-16,2024-12-17,0.0268721671219935,0.5904924598170102,Refit-OriginalARIMAGARCH-expanding_quarterly,test
2024-12-17,2024-12-18,0.1146807250456102,0.5519341994254763,Refit-OriginalARIMAGARCH-expanding_quarterly,test
2024-12-18,2024-12-19,0.8081531599464532,0.5284423161351955,Refit-OriginalARIMAGARCH-expanding_quarterly,test
2024-12-19,2024-12-20,0.0507615856480591,0.6036573866777595,Refit-OriginalARIMAGARCH-expanding_quarterly,test
2024-12-20,2024-12-23,0.1742376670775678,0.5673357891927668,Refit-OriginalARIMAGARCH-expanding_quarterly,test
2024-12-23,2024-12-24,0.0361915284275727,0.5492452654589974,Refit-OriginalARIMAGARCH-expanding_quarterly,test
2024-12-24,2024-12-25,1.1654410256024177,0.5203017871764456,Refit-OriginalARIMAGARCH-expanding_quarterly,test
2024-12-25,2024-12-26,0.0084412075502873,0.6208981856109128,Refit-OriginalARIMAGARCH-expanding_quarterly,test
2024-12-26,2024-12-27,0.0317475107765902,0.578525418003306,Refit-OriginalARIMAGARCH-expanding_quarterly,test
2024-12-27,2024-12-30,0.0600146339677672,0.5396257087871367,Refit-OriginalARIMAGARCH-expanding_quarterly,test
2024-12-30,2024-12-31,0.1703989127600233,0.5153753737051934,Refit-OriginalARIMAGARCH-expanding_quarterly,test
2024-12-31,2025-01-02,0.0533739456959429,0.5057623522473893,Refit-OriginalARIMAGARCH-expanding_quarterly,test
2025-01-02,2025-01-03,1.435132590022104,0.4714208547641657,Refit-OriginalARIMAGARCH-expanding_quarterly,test
2025-01-03,2025-01-06,0.4342211890889308,0.6221284167181118,Refit-OriginalARIMAGARCH-expanding_quarterly,test
2025-01-06,2025-01-07,0.037939050469307,0.6161963061658059,Refit-OriginalARIMAGARCH-expanding_quarterly,test
2025-01-07,2025-01-08,0.032117795831564,0.5775388300181427,Refit-OriginalARIMAGARCH-expanding_quarterly,test
2025-01-08,2025-01-09,0.1768543904547769,0.5399300269727648,Refit-OriginalARIMAGARCH-expanding_quarterly,test
2025-01-09,2025-01-10,1.525095444996381,0.5292976674780079,Refit-OriginalARIMAGARCH-expanding_quarterly,test
2025-01-10,2025-01-13,0.175796578127988,0.6790194875408202,Refit-OriginalARIMAGARCH-expanding_quarterly,test
2025-01-13,2025-01-14,0.2850878204367433,0.6531671744771601,Refit-OriginalARIMAGARCH-expanding_quarterly,test
2025-01-14,2025-01-15,0.3327205813226502,0.6330260089394947,Refit-OriginalARIMAGARCH-expanding_quarterly,test
2025-01-15,2025-01-16,0.2486834462527659,0.6246633995170396,Refit-OriginalARIMAGARCH-expanding_quarterly,test
2025-01-16,2025-01-17,0.293601545819197,0.5994552540013095,Refit-OriginalARIMAGARCH-expanding_quarterly,test
2025-01-17,2025-01-20,0.0012403693451998,0.5798613451943964,Refit-OriginalARIMAGARCH-expanding_quarterly,test
2025-01-20,2025-01-21,0.0768862836866478,0.5380990274491232,Refit-OriginalARIMAGARCH-expanding_quarterly,test
2025-01-21,2025-01-22,0.0818546593881995,0.5152610313804473,Refit-OriginalARIMAGARCH-expanding_quarterly,test
2025-01-22,2025-01-23,1.8682525367895249,0.49287904411695416,Refit-OriginalARIMAGARCH-expanding_quarterly,test
2025-01-23,2025-01-24,0.1843517308365074,0.6923441153197629,Refit-OriginalARIMAGARCH-expanding_quarterly,test
2025-01-24,2025-02-04,0.0008556873339296,0.6456963146626288,Refit-OriginalARIMAGARCH-expanding_quarterly,test
2025-02-04,2025-02-05,0.1513708695410532,0.5962944009705768,Refit-OriginalARIMAGARCH-expanding_quarterly,test
2025-02-05,2025-02-06,0.0216622352028634,0.5645955816469689,Refit-OriginalARIMAGARCH-expanding_quarterly,test
2025-02-06,2025-02-07,0.0853488617566438,0.5257607125620144,Refit-OriginalARIMAGARCH-expanding_quarterly,test
2025-02-07,2025-02-10,0.8849819273953393,0.4987074141592938,Refit-OriginalARIMAGARCH-expanding_quarterly,test
2025-02-10,2025-02-11,0.168100114678953,0.5876714543620283,Refit-OriginalARIMAGARCH-expanding_quarterly,test
2025-02-11,2025-02-12,0.0147578221185138,0.5681064736859778,Refit-OriginalARIMAGARCH-expanding_quarterly,test
2025-02-12,2025-02-13,0.0735271043646943,0.5297917695795676,Refit-OriginalARIMAGARCH-expanding_quarterly,test
2025-02-13,2025-02-14,0.2025383263760581,0.5026390809924116,Refit-OriginalARIMAGARCH-expanding_quarterly,test
2025-02-14,2025-02-17,0.0695132401561259,0.4912460855558529,Refit-OriginalARIMAGARCH-expanding_quarterly,test
2025-02-17,2025-02-18,0.1805870585568251,0.4752691233466954,Refit-OriginalARIMAGARCH-expanding_quarterly,test
2025-02-18,2025-02-19,0.6592497592052439,0.4675077993739606,Refit-OriginalARIMAGARCH-expanding_quarterly,test
2025-02-19,2025-02-20,0.1172593983298531,0.5119037314527625,Refit-OriginalARIMAGARCH-expanding_quarterly,test
2025-02-20,2025-02-21,0.0847684671072922,0.486853640348228,Refit-OriginalARIMAGARCH-expanding_quarterly,test
2025-02-21,2025-02-24,0.3605624100663593,0.4630968285746752,Refit-OriginalARIMAGARCH-expanding_quarterly,test
2025-02-24,2025-02-25,0.0115290687889239,0.4718809856850894,Refit-OriginalARIMAGARCH-expanding_quarterly,test
2025-02-25,2025-02-26,0.0002355760665946,0.44994836309747577,Refit-OriginalARIMAGARCH-expanding_quarterly,test
2025-02-26,2025-02-27,0.1374731263687118,0.42736852549085325,Refit-OriginalARIMAGARCH-expanding_quarterly,test
2025-02-27,2025-02-28,0.0348744922200793,0.42224360581056736,Refit-OriginalARIMAGARCH-expanding_quarterly,test
2025-02-28,2025-03-03,0.0940796554023008,0.40982526667720276,Refit-OriginalARIMAGARCH-expanding_quarterly,test
2025-03-03,2025-03-04,0.0375578625820462,0.40226647902058027,Refit-OriginalARIMAGARCH-expanding_quarterly,test
2025-03-04,2025-03-05,0.3028627512498273,0.3890668671555113,Refit-OriginalARIMAGARCH-expanding_quarterly,test
2025-03-05,2025-03-06,1.0612188848677555,0.41790396806386376,Refit-OriginalARIMAGARCH-expanding_quarterly,test
2025-03-06,2025-03-07,0.350731246280503,0.5283077397484681,Refit-OriginalARIMAGARCH-expanding_quarterly,test
2025-03-07,2025-03-10,0.1014325645495789,0.5254649624724154,Refit-OriginalARIMAGARCH-expanding_quarterly,test
2025-03-10,2025-03-11,0.0288133302998629,0.4966258053122028,Refit-OriginalARIMAGARCH-expanding_quarterly,test
2025-03-11,2025-03-12,0.0196658897235791,0.467471965640469,Refit-OriginalARIMAGARCH-expanding_quarterly,test
2025-03-12,2025-03-13,0.3743917074856848,0.44277996103057476,Refit-OriginalARIMAGARCH-expanding_quarterly,test
2025-03-13,2025-03-14,8.187247062994656e-05,0.4719312216468318,Refit-OriginalARIMAGARCH-expanding_quarterly,test
2025-03-14,2025-03-17,0.5767885171931181,0.4456945040486273,Refit-OriginalARIMAGARCH-expanding_quarterly,test
2025-03-17,2025-03-18,0.157344490226044,0.4934834699664759,Refit-OriginalARIMAGARCH-expanding_quarterly,test
2025-03-18,2025-03-19,0.2279894954046255,0.4903269797961713,Refit-OriginalARIMAGARCH-expanding_quarterly,test
2025-03-19,2025-03-20,0.0027940647092661,0.4922481299263657,Refit-OriginalARIMAGARCH-expanding_quarterly,test
2025-03-20,2025-03-21,0.0240132299745747,0.4631107656092327,Refit-OriginalARIMAGARCH-expanding_quarterly,test
2025-03-21,2025-03-24,0.4050748456224285,0.4405909326813768,Refit-OriginalARIMAGARCH-expanding_quarterly,test
2025-03-24,2025-03-25,0.0144479307849922,0.46706878320156214,Refit-OriginalARIMAGARCH-expanding_quarterly,test
2025-03-25,2025-03-26,0.1924355354900559,0.4418863869739225,Refit-OriginalARIMAGARCH-expanding_quarterly,test
2025-03-26,2025-03-27,0.0296122174159068,0.44992380913859564,Refit-OriginalARIMAGARCH-expanding_quarterly,test
2025-03-27,2025-03-28,0.2311977047112736,0.430631425736421,Refit-OriginalARIMAGARCH-expanding_quarterly,test
2025-03-28,2025-03-31,0.652593682196234,0.43675914861096404,Refit-OriginalARIMAGARCH-expanding_quarterly,test
2025-03-31,2025-04-01,0.6367477385533009,0.4882667454682083,Refit-OriginalARIMAGARCH-expanding_quarterly,test
2025-04-01,2025-04-02,0.0014400780515298,0.5266778906767189,Refit-OriginalARIMAGARCH-expanding_quarterly,test
2025-04-02,2025-04-03,47.7513682523715,0.4901544261290593,Refit-OriginalARIMAGARCH-expanding_quarterly,test
2025-04-03,2025-04-04,2.4680894659320427,6.187481545106541,Refit-OriginalARIMAGARCH-expanding_quarterly,test
2025-04-04,2025-04-08,44.20961209050503,5.4818588228893725,Refit-OriginalARIMAGARCH-expanding_quarterly,test
2025-04-08,2025-04-09,11.94996872052983,9.320175425347177,Refit-OriginalARIMAGARCH-expanding_quarterly,test
2025-04-09,2025-04-10,42.861963107094255,8.957247477214365,Refit-OriginalARIMAGARCH-expanding_quarterly,test
2025-04-10,2025-04-11,20.5039468602513,13.64534516305081,Refit-OriginalARIMAGARCH-expanding_quarterly,test
2025-04-11,2025-04-14,2.373686902735611,13.856810453460858,Refit-OriginalARIMAGARCH-expanding_quarterly,test
2025-04-14,2025-04-15,1.222393557661562,12.011205774935585,Refit-OriginalARIMAGARCH-expanding_quarterly,test
2025-04-15,2025-04-16,2.0585197770339483,10.628724170039764,Refit-OriginalARIMAGARCH-expanding_quarterly,test
2025-04-16,2025-04-17,0.3278654140280428,9.409381693848921,Refit-OriginalARIMAGARCH-expanding_quarterly,test
2025-04-17,2025-04-18,0.0235644272572965,8.168499946312966,Refit-OriginalARIMAGARCH-expanding_quarterly,test
2025-04-18,2025-04-21,0.9867147275211472,7.046631664437034,Refit-OriginalARIMAGARCH-expanding_quarterly,test
2025-04-21,2025-04-22,0.6837487157170882,6.208612254387564,Refit-OriginalARIMAGARCH-expanding_quarterly,test
2025-04-22,2025-04-23,1.3269747595182129,5.437414204345612,Refit-OriginalARIMAGARCH-expanding_quarterly,test
2025-04-23,2025-04-24,1.029521260921247,4.881753087570741,Refit-OriginalARIMAGARCH-expanding_quarterly,test
2025-04-24,2025-04-25,0.2299163958338018,4.33257249217591,Refit-OriginalARIMAGARCH-expanding_quarterly,test
2025-04-25,2025-04-28,0.0391566462219492,3.7665605068974806,Refit-OriginalARIMAGARCH-expanding_quarterly,test
2025-04-28,2025-04-29,0.0016617646152264,3.280767754141861,Refit-OriginalARIMAGARCH-expanding_quarterly,test
2025-04-29,2025-05-05,1.2432686189181044,2.852431425099056,Refit-OriginalARIMAGARCH-expanding_quarterly,test
2025-05-05,2025-05-06,0.0234403346988041,2.6285393456842203,Refit-OriginalARIMAGARCH-expanding_quarterly,test
2025-05-06,2025-05-07,0.4565410925067849,2.2927510139678944,Refit-OriginalARIMAGARCH-expanding_quarterly,test
2025-05-07,2025-05-08,2.377733233918144,2.045486352875554,Refit-OriginalARIMAGARCH-expanding_quarterly,test
2025-05-08,2025-05-09,0.0388387388391833,2.038824371597085,Refit-OriginalARIMAGARCH-expanding_quarterly,test
2025-05-09,2025-05-12,1.5662677776101377,1.802612476554846,Refit-OriginalARIMAGARCH-expanding_quarterly,test
2025-05-12,2025-05-13,0.6231348828577624,1.7446039619684055,Refit-OriginalARIMAGARCH-expanding_quarterly,test
2025-05-13,2025-05-14,1.5683566422405055,1.5862652379203426,Refit-OriginalARIMAGARCH-expanding_quarterly,test
2025-05-14,2025-05-15,0.0700077382080358,1.54733909620013,Refit-OriginalARIMAGARCH-expanding_quarterly,test
2025-05-15,2025-05-16,0.816128421348678,1.366350454618475,Refit-OriginalARIMAGARCH-expanding_quarterly,test
2025-05-16,2025-05-19,0.1541807515116988,1.3304868513326864,Refit-OriginalARIMAGARCH-expanding_quarterly,test
2025-05-19,2025-05-20,2.0864038037366446,1.1955512542641091,Refit-OriginalARIMAGARCH-expanding_quarterly,test
2025-05-20,2025-05-21,0.3586751908572574,1.3284299747053288,Refit-OriginalARIMAGARCH-expanding_quarterly,test
2025-05-21,2025-05-22,0.4879763310352334,1.206915330238333,Refit-OriginalARIMAGARCH-expanding_quarterly,test
2025-05-22,2025-05-23,0.0022258378145528,1.155509412969076,Refit-OriginalARIMAGARCH-expanding_quarterly,test
2025-05-23,2025-05-26,1.8600723156803831,1.0294405777304072,Refit-OriginalARIMAGARCH-expanding_quarterly,test
2025-05-26,2025-05-27,0.2984907987188625,1.1423974929810887,Refit-OriginalARIMAGARCH-expanding_quarterly,test
2025-05-27,2025-05-28,0.0236037331895616,1.0400371268787167,Refit-OriginalARIMAGARCH-expanding_quarterly,test
2025-05-28,2025-05-29,5.553699144539498e-07,0.9303965843800049,Refit-OriginalARIMAGARCH-expanding_quarterly,test
2025-05-29,2025-05-30,0.4795271728756022,0.837085038343255,Refit-OriginalARIMAGARCH-expanding_quarterly,test
2025-05-30,2025-06-02,0.0768775248909457,0.8180352074472054,Refit-OriginalARIMAGARCH-expanding_quarterly,test
2025-06-02,2025-06-03,0.6659991384313828,0.7513399918849636,Refit-OriginalARIMAGARCH-expanding_quarterly,test
2025-06-03,2025-06-04,0.0125760569530384,0.7593812565561475,Refit-OriginalARIMAGARCH-expanding_quarterly,test
2025-06-04,2025-06-05,0.0737636944522696,0.694478261378744,Refit-OriginalARIMAGARCH-expanding_quarterly,test
2025-06-05,2025-06-06,0.8339101934074882,0.6469836380467172,Refit-OriginalARIMAGARCH-expanding_quarterly,test
2025-06-06,2025-06-09,2.1415615006193414,0.6933857291813259,Refit-OriginalARIMAGARCH-expanding_quarterly,test
2025-06-09,2025-06-10,0.1857120921961249,0.8637453391061709,Refit-OriginalARIMAGARCH-expanding_quarterly,test
2025-06-10,2025-06-11,0.0061284527471124,0.8171415503147607,Refit-OriginalARIMAGARCH-expanding_quarterly,test
2025-06-11,2025-06-12,0.348758893746006,0.7395828337634014,Refit-OriginalARIMAGARCH-expanding_quarterly,test
2025-06-12,2025-06-13,0.3232043851233978,0.7108398168591578,Refit-OriginalARIMAGARCH-expanding_quarterly,test
2025-06-13,2025-06-16,2.90666722935662,0.6975882011432002,Refit-OriginalARIMAGARCH-expanding_quarterly,test
2025-06-16,2025-06-17,0.5089174637565245,0.9778849081120632,Refit-OriginalARIMAGARCH-expanding_quarterly,test
2025-06-17,2025-06-18,0.0040746855610125,0.9165359874682713,Refit-OriginalARIMAGARCH-expanding_quarterly,test
2025-06-18,2025-06-19,0.1490639362511987,0.829643066508952,Refit-OriginalARIMAGARCH-expanding_quarterly,test
2025-06-19,2025-06-20,0.0396634294929435,0.7612709167809751,Refit-OriginalARIMAGARCH-expanding_quarterly,test
2025-06-20,2025-06-23,0.4254396112184308,0.6987214115318502,Refit-OriginalARIMAGARCH-expanding_quarterly,test
2025-06-23,2025-06-24,0.3974954121903902,0.6850421762466686,Refit-OriginalARIMAGARCH-expanding_quarterly,test
2025-06-24,2025-06-25,2.141289912653593e-06,0.6632412729217818,Refit-OriginalARIMAGARCH-expanding_quarterly,test
2025-06-25,2025-06-26,0.0062490303873797,0.6084050806821746,Refit-OriginalARIMAGARCH-expanding_quarterly,test
2025-06-26,2025-06-27,0.1777576915183636,0.5625633443786642,Refit-OriginalARIMAGARCH-expanding_quarterly,test
2025-06-27,2025-06-30,0.1135910808511721,0.5397573664509556,Refit-OriginalARIMAGARCH-expanding_quarterly,test
2025-06-30,2025-07-01,0.0165236945249244,0.5112564861839073,Refit-OriginalARIMAGARCH-expanding_quarterly,test
2025-07-01,2025-07-02,0.2388288030529801,0.5169424536504419,Refit-OriginalARIMAGARCH-expanding_quarterly,test
2025-07-02,2025-07-03,0.0361488680610222,0.5157220678278067,Refit-OriginalARIMAGARCH-expanding_quarterly,test
2025-07-03,2025-07-04,0.1309520910154639,0.49867679310096064,Refit-OriginalARIMAGARCH-expanding_quarterly,test
2025-07-04,2025-07-07,1.1709559965363006,0.4903920468143099,Refit-OriginalARIMAGARCH-expanding_quarterly,test
2025-07-07,2025-07-08,0.904778187332118,0.6100492968734504,Refit-OriginalARIMAGARCH-expanding_quarterly,test
2025-07-08,2025-07-09,1.241559484315582,0.6570720248044758,Refit-OriginalARIMAGARCH-expanding_quarterly,test
2025-07-09,2025-07-10,0.9910271514632224,0.7281704912432251,Refit-OriginalARIMAGARCH-expanding_quarterly,test
2025-07-10,2025-07-11,0.6970381226212395,0.7552295373037201,Refit-OriginalARIMAGARCH-expanding_quarterly,test
2025-07-11,2025-07-14,0.7477170344432008,0.7470294786913563,Refit-OriginalARIMAGARCH-expanding_quarterly,test
2025-07-14,2025-07-15,0.4444265080916222,0.7490382617628362,Refit-OriginalARIMAGARCH-expanding_quarterly,test
2025-07-15,2025-07-16,0.1995824056263008,0.767074447783449,Refit-OriginalARIMAGARCH-expanding_quarterly,test
2025-07-16,2025-07-17,2.3820294026445814,0.7220998812879046,Refit-OriginalARIMAGARCH-expanding_quarterly,test
2025-07-17,2025-07-18,0.2369058350764768,0.9601939238905388,Refit-OriginalARIMAGARCH-expanding_quarterly,test
2025-07-18,2025-07-21,0.6726766922283197,0.8686582172307602,Refit-OriginalARIMAGARCH-expanding_quarterly,test
2025-07-21,2025-07-22,2.6753597330452594,0.9011909647590919,Refit-OriginalARIMAGARCH-expanding_quarterly,test
2025-07-22,2025-07-23,0.033610422134737,1.1680654455443886,Refit-OriginalARIMAGARCH-expanding_quarterly,test
2025-07-23,2025-07-24,0.3298066193429415,1.0262108941150607,Refit-OriginalARIMAGARCH-expanding_quarterly,test
2025-07-24,2025-07-25,0.4388880259346913,0.9395175011115757,Refit-OriginalARIMAGARCH-expanding_quarterly,test
2025-07-25,2025-07-28,2.898363616722053,0.8801011123803648,Refit-OriginalARIMAGARCH-expanding_quarterly,test
2025-07-28,2025-07-29,17.613558540836202,1.1302669445929066,Refit-OriginalARIMAGARCH-expanding_quarterly,test
2025-07-29,2025-07-30,0.8980946651524866,3.5653954353645645,Refit-OriginalARIMAGARCH-expanding_quarterly,test
2025-07-30,2025-07-31,0.1152726694915896,3.191813537245591,Refit-OriginalARIMAGARCH-expanding_quarterly,test
2025-07-31,2025-08-01,0.1152726694915833,2.7002595533222715,Refit-OriginalARIMAGARCH-expanding_quarterly,test
2025-08-01,2025-08-04,1.834710119502004,2.301890900466956,Refit-OriginalARIMAGARCH-expanding_quarterly,test
2025-08-04,2025-08-05,1.520412348936557,2.179201459001823,Refit-OriginalARIMAGARCH-expanding_quarterly,test
2025-08-05,2025-08-06,2.8972670658789563,2.012702215060932,Refit-OriginalARIMAGARCH-expanding_quarterly,test
2025-08-06,2025-08-07,0.2635664108766646,2.0242569943234066,Refit-OriginalARIMAGARCH-expanding_quarterly,test
2025-08-07,2025-08-08,0.039326859883716,1.740196140352488,Refit-OriginalARIMAGARCH-expanding_quarterly,test
2025-08-08,2025-08-11,0.9422556417684452,1.496564958472319,Refit-OriginalARIMAGARCH-expanding_quarterly,test
2025-08-11,2025-08-12,0.2369869845385009,1.4033774473042326,Refit-OriginalARIMAGARCH-expanding_quarterly,test
2025-08-12,2025-08-13,0.0440788772156527,1.237904144896303,Refit-OriginalARIMAGARCH-expanding_quarterly,test
2025-08-13,2025-08-14,3.200310161092739,1.084701432076757,Refit-OriginalARIMAGARCH-expanding_quarterly,test
2025-08-14,2025-08-15,0.4273067256056122,1.3500092081957464,Refit-OriginalARIMAGARCH-expanding_quarterly,test
2025-08-15,2025-08-18,0.1521280158050796,1.2693260470773946,Refit-OriginalARIMAGARCH-expanding_quarterly,test
2025-08-18,2025-08-19,1.174434797614126,1.1252789449542018,Refit-OriginalARIMAGARCH-expanding_quarterly,test
2025-08-19,2025-08-20,0.3749305014941085,1.133910184038537,Refit-OriginalARIMAGARCH-expanding_quarterly,test
2025-08-20,2025-08-21,1.989152286945736,1.029974139720751,Refit-OriginalARIMAGARCH-expanding_quarterly,test
2025-08-21,2025-08-22,6.511855987425645,1.1313705833298862,Refit-OriginalARIMAGARCH-expanding_quarterly,test
2025-08-22,2025-08-25,3.721774310323592,1.9872530386576222,Refit-OriginalARIMAGARCH-expanding_quarterly,test
2025-08-25,2025-08-26,10.672831463331164,2.1261563868244164,Refit-OriginalARIMAGARCH-expanding_quarterly,test
2025-08-26,2025-08-27,0.1033600134238672,3.4470004660735096,Refit-OriginalARIMAGARCH-expanding_quarterly,test
2025-08-27,2025-08-28,0.2196933006813634,2.9014671857218652,Refit-OriginalARIMAGARCH-expanding_quarterly,test
2025-08-28,2025-08-29,0.0064454873601164,2.4620140540072555,Refit-OriginalARIMAGARCH-expanding_quarterly,test
2025-08-29,2025-09-03,0.0029279074904991,2.0897773237414103,Refit-OriginalARIMAGARCH-expanding_quarterly,test
2025-09-03,2025-09-04,0.7878709714332047,1.78475543817377,Refit-OriginalARIMAGARCH-expanding_quarterly,test
2025-09-04,2025-09-05,3.0401082196490887,1.6323235603298951,Refit-OriginalARIMAGARCH-expanding_quarterly,test
2025-09-05,2025-09-08,6.650758234823594,1.8576069401273407,Refit-OriginalARIMAGARCH-expanding_quarterly,test
2025-09-08,2025-09-09,0.6150034620566089,2.4156307694160515,Refit-OriginalARIMAGARCH-expanding_quarterly,test
2025-09-09,2025-09-10,0.1311392104891743,2.1970524097342636,Refit-OriginalARIMAGARCH-expanding_quarterly,test
2025-09-10,2025-09-11,0.7707413531131861,1.892725943285009,Refit-OriginalARIMAGARCH-expanding_quarterly,test
2025-09-11,2025-09-12,0.3272182232185671,1.708160725589068,Refit-OriginalARIMAGARCH-expanding_quarterly,test
2025-09-12,2025-09-15,1.1076835127457196,1.4953307752660396,Refit-OriginalARIMAGARCH-expanding_quarterly,test
2025-09-15,2025-09-16,0.0564941879844652,1.4125962248678707,Refit-OriginalARIMAGARCH-expanding_quarterly,test
2025-09-16,2025-09-17,0.3510643230345384,1.2461567966851363,Refit-OriginalARIMAGARCH-expanding_quarterly,test
2025-09-17,2025-09-18,0.1204832995414096,1.144515278674281,Refit-OriginalARIMAGARCH-expanding_quarterly,test
2025-09-18,2025-09-19,0.1558113286329437,1.0197643035025992,Refit-OriginalARIMAGARCH-expanding_quarterly,test
2025-09-19,2025-09-22,2.1548992233102013,0.92083475867952,Refit-OriginalARIMAGARCH-expanding_quarterly,test
2025-09-22,2025-09-23,0.0024547743448737,1.0974925913380082,Refit-OriginalARIMAGARCH-expanding_quarterly,test
2025-09-23,2025-09-24,1.8183165781347828,0.9715816249052672,Refit-OriginalARIMAGARCH-expanding_quarterly,test
2025-09-24,2025-09-25,0.2696988542084727,1.1184135239717212,Refit-OriginalARIMAGARCH-expanding_quarterly,test
2025-09-25,2025-09-26,0.1049995667244043,1.005076766538775,Refit-OriginalARIMAGARCH-expanding_quarterly,test
2025-09-26,2025-09-29,0.1207157531709924,0.9193668102627554,Refit-OriginalARIMAGARCH-expanding_quarterly,test
2025-09-29,2025-09-30,0.0825092745825899,0.8347015557245897,Refit-OriginalARIMAGARCH-expanding_quarterly,test
2025-09-30,2025-10-01,0.0405610853854958,0.765889678401516,Refit-OriginalARIMAGARCH-expanding_quarterly,test
2025-10-01,2025-10-02,0.5533556929381476,0.6971730034240254,Refit-OriginalARIMAGARCH-expanding_quarterly,test
2025-10-02,2025-10-03,0.1745254722126338,0.7212155414635695,Refit-OriginalARIMAGARCH-expanding_quarterly,test
2025-10-03,2025-10-06,8.84404690494525,0.6782307408768821,Refit-OriginalARIMAGARCH-expanding_quarterly,test
2025-10-06,2025-10-07,0.3641027934298682,1.8485746534372498,Refit-OriginalARIMAGARCH-expanding_quarterly,test
2025-10-07,2025-10-08,0.5486921315455813,1.6804048995942416,Refit-OriginalARIMAGARCH-expanding_quarterly,test
2025-10-08,2025-10-09,1.1922218605244943,1.4998972485954776,Refit-OriginalARIMAGARCH-expanding_quarterly,test
2025-10-09,2025-10-10,3.220212549761636,1.4282037530665912,Refit-OriginalARIMAGARCH-expanding_quarterly,test
2025-10-10,2025-10-13,1.0007740943267542,1.6116333240905205,Refit-OriginalARIMAGARCH-expanding_quarterly,test
2025-10-13,2025-10-14,0.0530277849803774,1.4668616401044559,Refit-OriginalARIMAGARCH-expanding_quarterly,test
2025-10-14,2025-10-15,0.0312420838438003,1.2924940513713228,Refit-OriginalARIMAGARCH-expanding_quarterly,test
2025-10-15,2025-10-16,0.2550192069697773,1.1332662281779353,Refit-OriginalARIMAGARCH-expanding_quarterly,test
2025-10-16,2025-10-17,4.157221997254808,1.0290205449254322,Refit-OriginalARIMAGARCH-expanding_quarterly,test
2025-10-17,2025-10-20,31.687885302040943,1.5040290841920663,Refit-OriginalARIMAGARCH-expanding_quarterly,test
2025-10-20,2025-10-21,2.6780326889178614,5.399507736627449,Refit-OriginalARIMAGARCH-expanding_quarterly,test
2025-10-21,2025-10-22,0.8133878588699036,5.119008462252922,Refit-OriginalARIMAGARCH-expanding_quarterly,test
2025-10-22,2025-10-23,0.2587585559528909,4.387582920715434,Refit-OriginalARIMAGARCH-expanding_quarterly,test
2025-10-23,2025-10-24,0.053015415411533,3.6792314064209335,Refit-OriginalARIMAGARCH-expanding_quarterly,test
2025-10-24,2025-10-27,3.375069844215606,3.0983161547277356,Refit-OriginalARIMAGARCH-expanding_quarterly,test
2025-10-27,2025-10-28,2.814969211801454,3.0784094218052935,Refit-OriginalARIMAGARCH-expanding_quarterly,test
2025-10-28,2025-10-29,0.1002770987516237,3.0336453480030006,Refit-OriginalARIMAGARCH-expanding_quarterly,test
2025-10-29,2025-10-30,0.939332335111435,2.557268699601735,Refit-OriginalARIMAGARCH-expanding_quarterly,test
2025-10-30,2025-10-31,3.2700587697209347,2.3159347742033174,Refit-OriginalARIMAGARCH-expanding_quarterly,test
2025-10-31,2025-11-03,1.9349432702427485,2.3983755290699214,Refit-OriginalARIMAGARCH-expanding_quarterly,test
2025-11-03,2025-11-04,4.580450857721864,2.233641707976794,Refit-OriginalARIMAGARCH-expanding_quarterly,test
2025-11-04,2025-11-05,0.0309750452194787,2.6221775213129295,Refit-OriginalARIMAGARCH-expanding_quarterly,test
2025-11-05,2025-11-06,0.5520248822173379,2.2138650684598025,Refit-OriginalARIMAGARCH-expanding_quarterly,test
2025-11-06,2025-11-07,7.216601336017348,1.9806591874334625,Refit-OriginalARIMAGARCH-expanding_quarterly,test
2025-11-07,2025-11-10,1.3629185312754708,2.6678530759422205,Refit-OriginalARIMAGARCH-expanding_quarterly,test
2025-11-10,2025-11-11,0.6782053056730832,2.36849399321599,Refit-OriginalARIMAGARCH-expanding_quarterly,test
2025-11-11,2025-11-12,5.625713037940661,2.1449046041149784,Refit-OriginalARIMAGARCH-expanding_quarterly,test
2025-11-12,2025-11-13,0.000662589539105,2.5689961008063382,Refit-OriginalARIMAGARCH-expanding_quarterly,test
2025-11-13,2025-11-14,0.0605676682080504,2.1813282805420533,Refit-OriginalARIMAGARCH-expanding_quarterly,test
2025-11-14,2025-11-17,1.328575255573558,1.8545676969797078,Refit-OriginalARIMAGARCH-expanding_quarterly,test
2025-11-17,2025-11-18,0.1101519148224003,1.7441935537638837,Refit-OriginalARIMAGARCH-expanding_quarterly,test
2025-11-18,2025-11-19,0.4356481626659925,1.5010635918297988,Refit-OriginalARIMAGARCH-expanding_quarterly,test
2025-11-19,2025-11-20,0.1789267767214806,1.3749010118299079,Refit-OriginalARIMAGARCH-expanding_quarterly,test
2025-11-20,2025-11-21,0.0040999105070223,1.2176303549428993,Refit-OriginalARIMAGARCH-expanding_quarterly,test
2025-11-21,2025-11-24,0.6169476621587812,1.0656377622464683,Refit-OriginalARIMAGARCH-expanding_quarterly,test
2025-11-24,2025-11-25,0.2096602420348715,1.01734285338646,Refit-OriginalARIMAGARCH-expanding_quarterly,test
2025-11-25,2025-11-26,1.433673327817772,0.9423882436264811,Refit-OriginalARIMAGARCH-expanding_quarterly,test
2025-11-26,2025-11-27,0.0554068207335508,1.0274515848322943,Refit-OriginalARIMAGARCH-expanding_quarterly,test
2025-11-27,2025-11-28,0.1562015926240177,0.9104663106449457,Refit-OriginalARIMAGARCH-expanding_quarterly,test
2025-11-28,2025-12-01,0.39639182484541,0.8258155366564924,Refit-OriginalARIMAGARCH-expanding_quarterly,test
2025-12-01,2025-12-02,0.8106128656312585,0.7838506779431844,Refit-OriginalARIMAGARCH-expanding_quarterly,test
2025-12-02,2025-12-03,0.7276910420234725,0.7972575192268766,Refit-OriginalARIMAGARCH-expanding_quarterly,test
2025-12-03,2025-12-04,0.0994544592328996,0.7908448720954058,Refit-OriginalARIMAGARCH-expanding_quarterly,test
2025-12-04,2025-12-05,0.0550277452970135,0.7191608993861629,Refit-OriginalARIMAGARCH-expanding_quarterly,test
2025-12-05,2025-12-08,0.5051234930048776,0.6590029979263985,Refit-OriginalARIMAGARCH-expanding_quarterly,test
2025-12-08,2025-12-09,0.1408736793364905,0.6636365510677371,Refit-OriginalARIMAGARCH-expanding_quarterly,test
2025-12-09,2025-12-10,2.645907078453935,0.641055307079969,Refit-OriginalARIMAGARCH-expanding_quarterly,test
2025-12-10,2025-12-11,1.3806505812729413,0.9617140121555112,Refit-OriginalARIMAGARCH-expanding_quarterly,test
2025-12-11,2025-12-12,9.667324836347865,1.0059683541310769,Refit-OriginalARIMAGARCH-expanding_quarterly,test
2025-12-12,2025-12-15,0.0028567239256699,2.082308001287081,Refit-OriginalARIMAGARCH-expanding_quarterly,test
2025-12-15,2025-12-16,3.980584197891362,1.7800806083472915,Refit-OriginalARIMAGARCH-expanding_quarterly,test
2025-12-16,2025-12-17,0.1084209662548159,2.1221882826531244,Refit-OriginalARIMAGARCH-expanding_quarterly,test
2025-12-17,2025-12-18,0.0392718088641224,1.8379787496866569,Refit-OriginalARIMAGARCH-expanding_quarterly,test
2025-12-18,2025-12-19,2.613324440401082,1.573454268290677,Refit-OriginalARIMAGARCH-expanding_quarterly,test
2025-12-19,2025-12-22,7.313697947150696,1.6855247782228557,Refit-OriginalARIMAGARCH-expanding_quarterly,test
2025-12-22,2025-12-23,1.4374361396783522,2.3239858377061053,Refit-OriginalARIMAGARCH-expanding_quarterly,test
2025-12-23,2025-12-24,0.36034587773515,2.073646632843214,Refit-OriginalARIMAGARCH-expanding_quarterly,test
2025-12-24,2025-12-25,5.141409326470893,1.7810792246914795,Refit-OriginalARIMAGARCH-expanding_quarterly,test
2025-12-25,2025-12-26,0.5648889447832609,2.315974580137138,Refit-OriginalARIMAGARCH-expanding_quarterly,test
2025-12-26,2025-12-29,2.0655121585777008,2.0135524952939203,Refit-OriginalARIMAGARCH-expanding_quarterly,test
2025-12-29,2025-12-30,0.4690762256667201,2.0469709172327675,Refit-OriginalARIMAGARCH-expanding_quarterly,test
2025-12-30,2025-12-31,0.9813005407165244,1.790559668835841,Refit-OriginalARIMAGARCH-expanding_quarterly,test
2020-01-02,2020-01-03,0.0250907830256049,0.4011778655637897,Refit-OriginalARIMAGARCH-expanding_quarterly,validation
2020-01-03,2020-01-06,0.9476915195201792,0.3835092299842543,Refit-OriginalARIMAGARCH-expanding_quarterly,validation
2020-01-06,2020-01-07,0.104181316002117,0.4864709363608786,Refit-OriginalARIMAGARCH-expanding_quarterly,validation
2020-01-07,2020-01-08,1.0770730792986123,0.4674765018160548,Refit-OriginalARIMAGARCH-expanding_quarterly,validation
2020-01-08,2020-01-09,1.3693209243773992,0.5615839738979037,Refit-OriginalARIMAGARCH-expanding_quarterly,validation
2020-01-09,2020-01-10,0.7569453657796249,0.7055831421941474,Refit-OriginalARIMAGARCH-expanding_quarterly,validation
2020-01-10,2020-01-13,0.0779299678700735,0.7133547380830354,Refit-OriginalARIMAGARCH-expanding_quarterly,validation
2020-01-13,2020-01-14,0.0144073552388825,0.6647605098915604,Refit-OriginalARIMAGARCH-expanding_quarterly,validation
2020-01-14,2020-01-15,0.0033517503388054,0.6022238315615444,Refit-OriginalARIMAGARCH-expanding_quarterly,validation
2020-01-15,2020-01-16,0.483315508188739,0.5491309601382491,Refit-OriginalARIMAGARCH-expanding_quarterly,validation
2020-01-16,2020-01-17,0.2266955412354889,0.5611252038006339,Refit-OriginalARIMAGARCH-expanding_quarterly,validation
2020-01-17,2020-01-20,0.0011366961882311,0.5325485539329381,Refit-OriginalARIMAGARCH-expanding_quarterly,validation
2020-01-20,2020-01-21,0.620613610020936,0.49241920306912884,Refit-OriginalARIMAGARCH-expanding_quarterly,validation
2020-01-21,2020-01-22,0.2649229323580117,0.5183369206950366,Refit-OriginalARIMAGARCH-expanding_quarterly,validation
2020-01-22,2020-01-30,10.681729656091257,0.49925401650176204,Refit-OriginalARIMAGARCH-expanding_quarterly,validation
2020-01-30,2020-01-31,5.865133827993191,1.858363740135247,Refit-OriginalARIMAGARCH-expanding_quarterly,validation
2020-01-31,2020-02-03,0.8272024151231092,2.221211181351134,Refit-OriginalARIMAGARCH-expanding_quarterly,validation
2020-02-03,2020-02-04,0.0104658835251161,1.9585979270596539,Refit-OriginalARIMAGARCH-expanding_quarterly,validation
2020-02-04,2020-02-05,0.1175512507127237,1.7235856116385793,Refit-OriginalARIMAGARCH-expanding_quarterly,validation
2020-02-05,2020-02-06,1.8356018915555292,1.5105805935559415,Refit-OriginalARIMAGARCH-expanding_quarterly,validation
2020-02-06,2020-02-07,0.0553168362540114,1.5420021332753748,Refit-OriginalARIMAGARCH-expanding_quarterly,validation
2020-02-07,2020-02-10,1.14665654297727,1.3483951839769106,Refit-OriginalARIMAGARCH-expanding_quarterly,validation
2020-02-10,2020-02-11,0.1784472180385378,1.3561334652128447,Refit-OriginalARIMAGARCH-expanding_quarterly,validation
2020-02-11,2020-02-12,0.1033759850072604,1.2120929471219688,Refit-OriginalARIMAGARCH-expanding_quarterly,validation
2020-02-12,2020-02-13,0.0035645724311596,1.0809628759591217,Refit-OriginalARIMAGARCH-expanding_quarterly,validation
2020-02-13,2020-02-14,0.007095648592579,0.9558155926966032,Refit-OriginalARIMAGARCH-expanding_quarterly,validation
2020-02-14,2020-02-17,0.0819627293788475,0.8524591420638268,Refit-OriginalARIMAGARCH-expanding_quarterly,validation
2020-02-17,2020-02-18,0.5393743252289994,0.7740012496195051,Refit-OriginalARIMAGARCH-expanding_quarterly,validation
2020-02-18,2020-02-19,0.0079935084291448,0.7594630874894581,Refit-OriginalARIMAGARCH-expanding_quarterly,validation
2020-02-19,2020-02-20,1.007648372641439,0.6855024066145479,Refit-OriginalARIMAGARCH-expanding_quarterly,validation
2020-02-20,2020-02-21,0.2901840002942764,0.7493129138713481,Refit-OriginalARIMAGARCH-expanding_quarterly,validation
2020-02-21,2020-02-24,10.499319840007198,0.7231131945671875,Refit-OriginalARIMAGARCH-expanding_quarterly,validation
2020-02-24,2020-02-25,0.487607684946675,1.9808700129162813,Refit-OriginalARIMAGARCH-expanding_quarterly,validation
2020-02-25,2020-02-26,2.3027959637577347,1.830948788468779,Refit-OriginalARIMAGARCH-expanding_quarterly,validation
2020-02-26,2020-02-27,0.0757898564940438,1.8219724752806943,Refit-OriginalARIMAGARCH-expanding_quarterly,validation
2020-02-27,2020-02-28,3.3315279697661397,1.60949955040256,Refit-OriginalARIMAGARCH-expanding_quarterly,validation
2020-02-28,2020-03-02,0.0643087707016609,1.818777014908201,Refit-OriginalARIMAGARCH-expanding_quarterly,validation
2020-03-02,2020-03-03,0.4848687144344406,1.6033869760933195,Refit-OriginalARIMAGARCH-expanding_quarterly,validation
2020-03-03,2020-03-04,0.0194121329487549,1.4669817924579454,Refit-OriginalARIMAGARCH-expanding_quarterly,validation
2020-03-04,2020-03-05,0.1953921289983395,1.2874918871189909,Refit-OriginalARIMAGARCH-expanding_quarterly,validation
2020-03-05,2020-03-06,0.0439125584620563,1.1469323767482786,Refit-OriginalARIMAGARCH-expanding_quarterly,validation
2020-03-06,2020-03-09,42.01600464009923,1.022012004052867,Refit-OriginalARIMAGARCH-expanding_quarterly,validation
2020-03-09,2020-03-10,0.0577385447930077,6.087914429768723,Refit-OriginalARIMAGARCH-expanding_quarterly,validation
2020-03-10,2020-03-11,10.062685801317658,5.282213887379648,Refit-OriginalARIMAGARCH-expanding_quarterly,validation
2020-03-11,2020-03-12,28.39132734538161,5.483351257618045,Refit-OriginalARIMAGARCH-expanding_quarterly,validation
2020-03-12,2020-03-13,0.9522274265858316,7.613348454338034,Refit-OriginalARIMAGARCH-expanding_quarterly,validation
2020-03-13,2020-03-16,3.4010756349170417,6.5266784780765725,Refit-OriginalARIMAGARCH-expanding_quarterly,validation
2020-03-16,2020-03-17,0.0775702786503674,5.810898361107524,Refit-OriginalARIMAGARCH-expanding_quarterly,validation
2020-03-17,2020-03-18,0.0633870572758951,4.973981425999774,Refit-OriginalARIMAGARCH-expanding_quarterly,validation
2020-03-18,2020-03-19,8.691271441121467,4.276288042881038,Refit-OriginalARIMAGARCH-expanding_quarterly,validation
2020-03-19,2020-03-20,5.099806319623413,4.734790516504978,Refit-OriginalARIMAGARCH-expanding_quarterly,validation
2020-03-20,2020-03-23,39.324753398937766,4.579483004598307,Refit-OriginalARIMAGARCH-expanding_quarterly,validation
2020-03-23,2020-03-24,1.2394404253652411,8.238331526808274,Refit-OriginalARIMAGARCH-expanding_quarterly,validation
2020-03-24,2020-03-25,21.170767602446844,7.051085955244778,Refit-OriginalARIMAGARCH-expanding_quarterly,validation
2020-03-25,2020-03-26,0.3272592319629427,9.230508942264661,Refit-OriginalARIMAGARCH-expanding_quarterly,validation
2020-03-26,2020-03-27,0.0708281107928228,7.8976486363724705,Refit-OriginalARIMAGARCH-expanding_quarterly,validation
2020-03-27,2020-03-30,24.77812989942355,6.748487134108678,Refit-OriginalARIMAGARCH-expanding_quarterly,validation
2020-03-30,2020-03-31,0.0016614736162584,9.149569344727599,Refit-OriginalARIMAGARCH-expanding_quarterly,validation
2020-03-31,2020-04-01,6.951204185299923,7.834895434696061,Refit-OriginalARIMAGARCH-expanding_quarterly,validation
2020-04-01,2020-04-03,9.745314866975544,7.878255780602592,Refit-OriginalARIMAGARCH-expanding_quarterly,validation
2020-04-03,2020-04-06,23.61975403181723,7.88381752662874,Refit-OriginalARIMAGARCH-expanding_quarterly,validation
2020-04-06,2020-04-07,1.7959977540981795,9.005511965250804,Refit-OriginalARIMAGARCH-expanding_quarterly,validation
2020-04-07,2020-04-08,0.031670113685362,7.835943604948072,Refit-OriginalARIMAGARCH-expanding_quarterly,validation
2020-04-08,2020-04-09,2.664349091269905,6.801811409954912,Refit-OriginalARIMAGARCH-expanding_quarterly,validation
2020-04-09,2020-04-10,0.0991193599969613,6.132529476302012,Refit-OriginalARIMAGARCH-expanding_quarterly,validation
2020-04-10,2020-04-13,1.0616734405284087,5.345863907285715,Refit-OriginalARIMAGARCH-expanding_quarterly,validation
2020-04-13,2020-04-14,0.044657326796299,4.753087900343165,Refit-OriginalARIMAGARCH-expanding_quarterly,validation
2020-04-14,2020-04-15,1.6134694756828007,4.1323038317825995,Refit-OriginalARIMAGARCH-expanding_quarterly,validation
2020-04-15,2020-04-16,0.1995857905304535,3.763952515648796,Refit-OriginalARIMAGARCH-expanding_quarterly,validation
2020-04-16,2020-04-17,1.2849435357813008,3.2874602445078724,Refit-OriginalARIMAGARCH-expanding_quarterly,validation
2020-04-17,2020-04-20,0.4593979249949131,2.9856876378141317,Refit-OriginalARIMAGARCH-expanding_quarterly,validation
2020-04-20,2020-04-21,12.978873344019766,2.6367002197468556,Refit-OriginalARIMAGARCH-expanding_quarterly,validation
2020-04-21,2020-04-22,0.0733737116381983,3.9352212133381697,Refit-OriginalARIMAGARCH-expanding_quarterly,validation
2020-04-22,2020-04-23,0.4184349588364568,3.4597720832502934,Refit-OriginalARIMAGARCH-expanding_quarterly,validation
2020-04-23,2020-04-24,0.1258182196300893,3.096045615735673,Refit-OriginalARIMAGARCH-expanding_quarterly,validation
2020-04-24,2020-04-27,0.5795257679139346,2.7205650927510763,Refit-OriginalARIMAGARCH-expanding_quarterly,validation
2020-04-27,2020-04-28,0.2143187476000118,2.471792995622077,Refit-OriginalARIMAGARCH-expanding_quarterly,validation
2020-04-28,2020-04-29,0.0611792667418572,2.188796852388615,Refit-OriginalARIMAGARCH-expanding_quarterly,validation
2020-04-29,2020-05-04,0.7518344451734201,1.9331029454656612,Refit-OriginalARIMAGARCH-expanding_quarterly,validation
2020-05-04,2020-05-05,0.0490191944837796,1.7822246899832896,Refit-OriginalARIMAGARCH-expanding_quarterly,validation
2020-05-05,2020-05-06,5.6795185291388,1.579835487374387,Refit-OriginalARIMAGARCH-expanding_quarterly,validation
2020-05-06,2020-05-07,3.121729248484887,2.0582242920684113,Refit-OriginalARIMAGARCH-expanding_quarterly,validation
2020-05-07,2020-05-08,4.558766386917776,2.084841858810042,Refit-OriginalARIMAGARCH-expanding_quarterly,validation
2020-05-08,2020-05-11,3.1623544686065705,2.204893552790381,Refit-OriginalARIMAGARCH-expanding_quarterly,validation
2020-05-11,2020-05-12,0.7061476617266061,2.1564443354393443,Refit-OriginalARIMAGARCH-expanding_quarterly,validation
2020-05-12,2020-05-13,0.0176814396147646,1.9222756209985248,Refit-OriginalARIMAGARCH-expanding_quarterly,validation
2020-05-13,2020-05-14,0.0471790852184788,1.7069304759662296,Refit-OriginalARIMAGARCH-expanding_quarterly,validation
2020-05-14,2020-05-15,0.4188839500568042,1.5152443244363498,Refit-OriginalARIMAGARCH-expanding_quarterly,validation
2020-05-15,2020-05-18,1.4388117144550177,1.3859471919668924,Refit-OriginalARIMAGARCH-expanding_quarterly,validation
2020-05-18,2020-05-19,1.1212214832868546,1.4198690240682654,Refit-OriginalARIMAGARCH-expanding_quarterly,validation
2020-05-19,2020-05-20,0.6772038230630518,1.3697948046719035,Refit-OriginalARIMAGARCH-expanding_quarterly,validation
2020-05-20,2020-05-21,1.3105093570623978,1.2643816216887802,Refit-OriginalARIMAGARCH-expanding_quarterly,validation
2020-05-21,2020-05-22,1.3565460202551032,1.2275427497704248,Refit-OriginalARIMAGARCH-expanding_quarterly,validation
2020-05-22,2020-05-25,0.541812619677385,1.3055570677864763,Refit-OriginalARIMAGARCH-expanding_quarterly,validation
2020-05-25,2020-05-26,1.3635757531139376,1.2259595246552868,Refit-OriginalARIMAGARCH-expanding_quarterly,validation
2020-05-26,2020-05-27,1.8211114283606344,1.2411860733337161,Refit-OriginalARIMAGARCH-expanding_quarterly,validation
2020-05-27,2020-05-28,0.2069802660068541,1.352961885526812,Refit-OriginalARIMAGARCH-expanding_quarterly,validation
2020-05-28,2020-05-29,0.1273946587706487,1.2257351953143476,Refit-OriginalARIMAGARCH-expanding_quarterly,validation
2020-05-29,2020-06-01,2.6545527294324818,1.1051843717560577,Refit-OriginalARIMAGARCH-expanding_quarterly,validation
2020-06-01,2020-06-02,0.1948438272852952,1.288880604045112,Refit-OriginalARIMAGARCH-expanding_quarterly,validation
2020-06-02,2020-06-03,0.526391032778092,1.1944983414337056,Refit-OriginalARIMAGARCH-expanding_quarterly,validation
2020-06-03,2020-06-04,0.0956890209261397,1.1120222592857403,Refit-OriginalARIMAGARCH-expanding_quarterly,validation
2020-06-04,2020-06-05,0.068711754863941,0.9977823923543502,Refit-OriginalARIMAGARCH-expanding_quarterly,validation
2020-06-05,2020-06-08,2.3533534927844846,0.899322125724295,Refit-OriginalARIMAGARCH-expanding_quarterly,validation
2020-06-08,2020-06-09,0.0029663396470081,1.0560425774500832,Refit-OriginalARIMAGARCH-expanding_quarterly,validation
2020-06-09,2020-06-10,0.0192877721914381,0.9504510243253722,Refit-OriginalARIMAGARCH-expanding_quarterly,validation
2020-06-10,2020-06-11,14.20113167350128,0.8534392145194181,Refit-OriginalARIMAGARCH-expanding_quarterly,validation
2020-06-11,2020-06-12,0.1978991573902568,2.4733084848661284,Refit-OriginalARIMAGARCH-expanding_quarterly,validation
2020-06-12,2020-06-15,13.410151498832947,2.1670267762945556,Refit-OriginalARIMAGARCH-expanding_quarterly,validation
2020-06-15,2020-06-16,7.854033490557961,3.2408493994299024,Refit-OriginalARIMAGARCH-expanding_quarterly,validation
2020-06-16,2020-06-17,0.0390437911460607,4.080610904424974,Refit-OriginalARIMAGARCH-expanding_quarterly,validation
2020-06-17,2020-06-18,0.0094269529730988,3.5608221210252267,Refit-OriginalARIMAGARCH-expanding_quarterly,validation
2020-06-18,2020-06-19,2.3775972708277777,3.1038163290511855,Refit-OriginalARIMAGARCH-expanding_quarterly,validation
2020-06-19,2020-06-22,0.0977642075595444,2.938470690514098,Refit-OriginalARIMAGARCH-expanding_quarterly,validation
2020-06-22,2020-06-23,0.1254074833473004,2.570835307754321,Refit-OriginalARIMAGARCH-expanding_quarterly,validation
2020-06-23,2020-06-24,0.9656953175585764,2.2774426807426864,Refit-OriginalARIMAGARCH-expanding_quarterly,validation
2020-06-24,2020-06-25,0.3568032861992914,2.1187080456987917,Refit-OriginalARIMAGARCH-expanding_quarterly,validation
2020-06-25,2020-06-26,0.0935607015251472,1.8878779223434177,Refit-OriginalARIMAGARCH-expanding_quarterly,validation
2020-06-26,2020-06-29,7.240799310682349,1.665167533172253,Refit-OriginalARIMAGARCH-expanding_quarterly,validation
2020-06-29,2020-06-30,0.263950183757359,2.2584982266345115,Refit-OriginalARIMAGARCH-expanding_quarterly,validation
2020-06-30,2020-07-01,4.853797558668691,1.9879273079689275,Refit-OriginalARIMAGARCH-expanding_quarterly,validation
2020-07-01,2020-07-02,0.0173403520116891,2.40470680813622,Refit-OriginalARIMAGARCH-expanding_quarterly,validation
2020-07-02,2020-07-03,0.3830874038106421,2.117503419129719,Refit-OriginalARIMAGARCH-expanding_quarterly,validation
2020-07-03,2020-07-06,2.515298700046254,1.884244279188831,Refit-OriginalARIMAGARCH-expanding_quarterly,validation
2020-07-06,2020-07-07,0.0686927141453309,1.8985544232077798,Refit-OriginalARIMAGARCH-expanding_quarterly,validation
2020-07-07,2020-07-08,0.0156264509294999,1.6729645729133662,Refit-OriginalARIMAGARCH-expanding_quarterly,validation
2020-07-08,2020-07-09,1.8878106377661732,1.477977265236764,Refit-OriginalARIMAGARCH-expanding_quarterly,validation
2020-07-09,2020-07-10,0.3609627180509834,1.5008818275199916,Refit-OriginalARIMAGARCH-expanding_quarterly,validation
2020-07-10,2020-07-13,0.0819210906952639,1.3942446042682264,Refit-OriginalARIMAGARCH-expanding_quarterly,validation
2020-07-13,2020-07-14,0.0049340673468667,1.2498809647839884,Refit-OriginalARIMAGARCH-expanding_quarterly,validation
2020-07-14,2020-07-15,0.0429038013029008,1.1133254630497724,Refit-OriginalARIMAGARCH-expanding_quarterly,validation
2020-07-15,2020-07-16,0.6277983835430785,1.002238390648179,Refit-OriginalARIMAGARCH-expanding_quarterly,validation
2020-07-16,2020-07-17,0.3025848721746239,0.9660836019743345,Refit-OriginalARIMAGARCH-expanding_quarterly,validation
2020-07-17,2020-07-20,1.5014548821169582,0.918857226080563,Refit-OriginalARIMAGARCH-expanding_quarterly,validation
2020-07-20,2020-07-21,0.0011330265098316,1.0052677560023449,Refit-OriginalARIMAGARCH-expanding_quarterly,validation
2020-07-21,2020-07-22,0.5929839946327068,0.9050392483285175,Refit-OriginalARIMAGARCH-expanding_quarterly,validation
2020-07-22,2020-07-23,0.0380690415470228,0.8691739466000281,Refit-OriginalARIMAGARCH-expanding_quarterly,validation
2020-07-23,2020-07-24,10.714506391324338,0.7937613557203792,Refit-OriginalARIMAGARCH-expanding_quarterly,validation
2020-07-24,2020-07-27,29.71654662116303,1.945603614459785,Refit-OriginalARIMAGARCH-expanding_quarterly,validation
2020-07-27,2020-07-28,12.442241141417854,4.723753614313573,Refit-OriginalARIMAGARCH-expanding_quarterly,validation
2020-07-28,2020-07-29,7.88382185098053,6.190123050235499,Refit-OriginalARIMAGARCH-expanding_quarterly,validation
2020-07-29,2020-07-30,1.6712179001127756,6.227741314647611,Refit-OriginalARIMAGARCH-expanding_quarterly,validation
2020-07-30,2020-07-31,0.1173768950572407,5.63714595267755,Refit-OriginalARIMAGARCH-expanding_quarterly,validation
2020-07-31,2020-08-03,4.064809725455425,4.921041812835318,Refit-OriginalARIMAGARCH-expanding_quarterly,validation
2020-08-03,2020-08-04,2.475940854259596,4.754750461172504,Refit-OriginalARIMAGARCH-expanding_quarterly,validation
2020-08-04,2020-08-05,1.5093873640970836,4.335884320173536,Refit-OriginalARIMAGARCH-expanding_quarterly,validation
2020-08-05,2020-08-06,0.0712944062273411,3.87387126653687,Refit-OriginalARIMAGARCH-expanding_quarterly,validation
2020-08-06,2020-08-07,0.0285261487999524,3.375835657040589,Refit-OriginalARIMAGARCH-expanding_quarterly,validation
2020-08-07,2020-08-10,0.0426711422269859,2.9463416760664916,Refit-OriginalARIMAGARCH-expanding_quarterly,validation
2020-08-10,2020-08-11,0.0002025643928529,2.5784225940183734,Refit-OriginalARIMAGARCH-expanding_quarterly,validation
2020-08-11,2020-08-12,0.2065144883305979,2.258938217748095,Refit-OriginalARIMAGARCH-expanding_quarterly,validation
2020-08-12,2020-08-13,0.9127332835843408,2.0039148036002508,Refit-OriginalARIMAGARCH-expanding_quarterly,validation
2020-08-13,2020-08-14,0.255367280706292,1.8536018277764046,Refit-OriginalARIMAGARCH-expanding_quarterly,validation
2020-08-14,2020-08-17,0.0048129527023226,1.6814552935602285,Refit-OriginalARIMAGARCH-expanding_quarterly,validation
2020-08-17,2020-08-18,0.1923085427612989,1.4865614726276524,Refit-OriginalARIMAGARCH-expanding_quarterly,validation
2020-08-18,2020-08-19,0.3171223716823505,1.3385839562979094,Refit-OriginalARIMAGARCH-expanding_quarterly,validation
2020-08-19,2020-08-20,0.1246527755214606,1.2335088992088874,Refit-OriginalARIMAGARCH-expanding_quarterly,validation
2020-08-20,2020-08-21,0.5953479247893214,1.1170877931800407,Refit-OriginalARIMAGARCH-expanding_quarterly,validation
2020-08-21,2020-08-24,2.601992310993434,1.0646177870905933,Refit-OriginalARIMAGARCH-expanding_quarterly,validation
2020-08-24,2020-08-25,0.3897315001367304,1.2176347091340327,Refit-OriginalARIMAGARCH-expanding_quarterly,validation
2020-08-25,2020-08-26,0.0055335984725061,1.1040927345880551,Refit-OriginalARIMAGARCH-expanding_quarterly,validation
2020-08-26,2020-08-27,0.0201247832938772,0.9965179686745265,Refit-OriginalARIMAGARCH-expanding_quarterly,validation
2020-08-27,2020-08-28,0.2371438175251532,0.8949399884027364,Refit-OriginalARIMAGARCH-expanding_quarterly,validation
2020-08-28,2020-08-31,0.0919913483576587,0.8317787691376219,Refit-OriginalARIMAGARCH-expanding_quarterly,validation
2020-08-31,2020-09-01,1.2923697898915891,0.7591919408600823,Refit-OriginalARIMAGARCH-expanding_quarterly,validation
2020-09-01,2020-09-03,1.8585263119302429,0.8166279004048916,Refit-OriginalARIMAGARCH-expanding_quarterly,validation
2020-09-03,2020-09-04,0.0724558184717704,0.9035148812262649,Refit-OriginalARIMAGARCH-expanding_quarterly,validation
2020-09-04,2020-09-07,2.20557465755946,0.8431730239405576,Refit-OriginalARIMAGARCH-expanding_quarterly,validation
2020-09-07,2020-09-08,0.045178302752493,1.0507611926428382,Refit-OriginalARIMAGARCH-expanding_quarterly,validation
2020-09-08,2020-09-09,0.0084939812398233,0.9548596343043987,Refit-OriginalARIMAGARCH-expanding_quarterly,validation
2020-09-09,2020-09-10,0.003162773705203,0.8586337678302659,Refit-OriginalARIMAGARCH-expanding_quarterly,validation
2020-09-10,2020-09-11,0.0002847617108647,0.7758355238359362,Refit-OriginalARIMAGARCH-expanding_quarterly,validation
2020-09-11,2020-09-14,0.3943421427943259,0.7042759039107919,Refit-OriginalARIMAGARCH-expanding_quarterly,validation
2020-09-14,2020-09-15,0.0356225443834294,0.6853134373400486,Refit-OriginalARIMAGARCH-expanding_quarterly,validation
2020-09-15,2020-09-16,0.0182018998394976,0.6275448052569094,Refit-OriginalARIMAGARCH-expanding_quarterly,validation
2020-09-16,2020-09-17,0.1466259433788813,0.576749167106244,Refit-OriginalARIMAGARCH-expanding_quarterly,validation
2020-09-17,2020-09-18,0.5927837774192054,0.5548982168991122,Refit-OriginalARIMAGARCH-expanding_quarterly,validation
2020-09-18,2020-09-21,0.5973025247310948,0.584196605534758,Refit-OriginalARIMAGARCH-expanding_quarterly,validation
2020-09-21,2020-09-22,0.0372219865301334,0.5956682274619031,Refit-OriginalARIMAGARCH-expanding_quarterly,validation
2020-09-22,2020-09-23,0.4815094749114654,0.5611915606190827,Refit-OriginalARIMAGARCH-expanding_quarterly,validation
2020-09-23,2020-09-24,0.1853426709964717,0.5632137298152763,Refit-OriginalARIMAGARCH-expanding_quarterly,validation
2020-09-24,2020-09-25,0.0011645154128207,0.5514238879710068,Refit-OriginalARIMAGARCH-expanding_quarterly,validation
2020-09-25,2020-09-28,0.2158897933071618,0.5109028543920553,Refit-OriginalARIMAGARCH-expanding_quarterly,validation
2020-09-28,2020-09-29,0.8800033176965605,0.5002806702362752,Refit-OriginalARIMAGARCH-expanding_quarterly,validation
2020-09-29,2020-09-30,0.0184885133347586,0.5768642104490875,Refit-OriginalARIMAGARCH-expanding_quarterly,validation
2020-09-30,2020-10-01,0.9529808677190772,0.5364113305729056,Refit-OriginalARIMAGARCH-expanding_quarterly,validation
2020-10-01,2020-10-02,0.2100701799336074,0.6186496257878286,Refit-OriginalARIMAGARCH-expanding_quarterly,validation
2020-10-02,2020-10-05,0.2733808865752189,0.6036900197212623,Refit-OriginalARIMAGARCH-expanding_quarterly,validation
2020-10-05,2020-10-06,0.0117020561613317,0.5807442900527436,Refit-OriginalARIMAGARCH-expanding_quarterly,validation
2020-10-06,2020-10-07,0.194766708657986,0.5349563866739393,Refit-OriginalARIMAGARCH-expanding_quarterly,validation
2020-10-07,2020-10-08,0.0091636773062023,0.5150820354714406,Refit-OriginalARIMAGARCH-expanding_quarterly,validation
2020-10-08,2020-10-09,0.3136074736535195,0.482740645281058,Refit-OriginalARIMAGARCH-expanding_quarterly,validation
2020-10-09,2020-10-12,0.039147029875858,0.4840893192471438,Refit-OriginalARIMAGARCH-expanding_quarterly,validation
2020-10-12,2020-10-13,0.1886516440368795,0.4542230725587397,Refit-OriginalARIMAGARCH-expanding_quarterly,validation
2020-10-13,2020-10-14,1.2182219245675234,0.443182259291734,Refit-OriginalARIMAGARCH-expanding_quarterly,validation
2020-10-14,2020-10-15,0.0750977601457549,0.5420952280662387,Refit-OriginalARIMAGARCH-expanding_quarterly,validation
2020-10-15,2020-10-16,0.0032789630718449,0.5035668876909186,Refit-OriginalARIMAGARCH-expanding_quarterly,validation
2020-10-16,2020-10-19,0.0017086378411738,0.46963212533736043,Refit-OriginalARIMAGARCH-expanding_quarterly,validation
2020-10-19,2020-10-20,0.0059793113747856,0.4401917852124253,Refit-OriginalARIMAGARCH-expanding_quarterly,validation
2020-10-20,2020-10-21,0.3275908040251104,0.41542358905312676,Refit-OriginalARIMAGARCH-expanding_quarterly,validation
2020-10-21,2020-10-22,1.3246371755092925,0.4370128876218447,Refit-OriginalARIMAGARCH-expanding_quarterly,validation
2020-10-22,2020-10-23,1.4132948922636843,0.5810974829346687,Refit-OriginalARIMAGARCH-expanding_quarterly,validation
2020-10-23,2020-10-26,1.1970960361828058,0.6804806309680757,Refit-OriginalARIMAGARCH-expanding_quarterly,validation
2020-10-26,2020-10-27,0.2083430476879338,0.8211048931546882,Refit-OriginalARIMAGARCH-expanding_quarterly,validation
2020-10-27,2020-10-28,7.411979475736142,0.7685416453740799,Refit-OriginalARIMAGARCH-expanding_quarterly,validation
2020-10-28,2020-10-29,0.0458453997519621,1.5407399762079776,Refit-OriginalARIMAGARCH-expanding_quarterly,validation
2020-10-29,2020-10-30,0.4800476169952387,1.3537287156353945,Refit-OriginalARIMAGARCH-expanding_quarterly,validation
2020-10-30,2020-11-02,0.7800511650758589,1.2877510086724864,Refit-OriginalARIMAGARCH-expanding_quarterly,validation
2020-11-02,2020-11-03,0.0342682571944602,1.2294819356293567,Refit-OriginalARIMAGARCH-expanding_quarterly,validation
2020-11-03,2020-11-04,0.2152577372300542,1.0872815519526182,Refit-OriginalARIMAGARCH-expanding_quarterly,validation
2020-11-04,2020-11-05,0.045844571767648,0.9798095433061089,Refit-OriginalARIMAGARCH-expanding_quarterly,validation
2020-11-05,2020-11-06,0.003314082741207,0.8859644162977508,Refit-OriginalARIMAGARCH-expanding_quarterly,validation
2020-11-06,2020-11-09,2.10118385761475,0.7948659325131728,Refit-OriginalARIMAGARCH-expanding_quarterly,validation
2020-11-09,2020-11-10,8.938431274224163e-05,0.9654197119287258,Refit-OriginalARIMAGARCH-expanding_quarterly,validation
2020-11-10,2020-11-11,0.0011297213251294,0.8654926776872074,Refit-OriginalARIMAGARCH-expanding_quarterly,validation
2020-11-11,2020-11-12,0.5456632914405392,0.778193368520258,Refit-OriginalARIMAGARCH-expanding_quarterly,validation
2020-11-12,2020-11-13,0.5301286092359084,0.7584395016773118,Refit-OriginalARIMAGARCH-expanding_quarterly,validation
2020-11-13,2020-11-16,2.614940684665197,0.7376875427430647,Refit-OriginalARIMAGARCH-expanding_quarterly,validation
2020-11-16,2020-11-17,3.5600857195920512,1.0400345153830126,Refit-OriginalARIMAGARCH-expanding_quarterly,validation
2020-11-17,2020-11-18,0.2272651607739751,1.387199290792502,Refit-OriginalARIMAGARCH-expanding_quarterly,validation
2020-11-18,2020-11-19,0.9890184423772188,1.2386996406428536,Refit-OriginalARIMAGARCH-expanding_quarterly,validation
2020-11-19,2020-11-20,0.4666750014882298,1.1835436689401986,Refit-OriginalARIMAGARCH-expanding_quarterly,validation
2020-11-20,2020-11-23,0.1783704119345972,1.0747583462994477,Refit-OriginalARIMAGARCH-expanding_quarterly,validation
2020-11-23,2020-11-24,0.0248986125796567,0.9644579156184907,Refit-OriginalARIMAGARCH-expanding_quarterly,validation
2020-11-24,2020-11-25,0.1754782563587062,0.8617191104007588,Refit-OriginalARIMAGARCH-expanding_quarterly,validation
2020-11-25,2020-11-26,0.3614717362335366,0.7889955402520883,Refit-OriginalARIMAGARCH-expanding_quarterly,validation
2020-11-26,2020-11-27,0.1777363368777613,0.7461013248865567,Refit-OriginalARIMAGARCH-expanding_quarterly,validation
2020-11-27,2020-11-30,0.50308697006867,0.6878486788360472,Refit-OriginalARIMAGARCH-expanding_quarterly,validation
2020-11-30,2020-12-01,0.331272320082079,0.7071403101853754,Refit-OriginalARIMAGARCH-expanding_quarterly,validation
2020-12-01,2020-12-02,0.2902563684716866,0.6836394462682844,Refit-OriginalARIMAGARCH-expanding_quarterly,validation
2020-12-02,2020-12-03,0.290315397256232,0.6538365494663246,Refit-OriginalARIMAGARCH-expanding_quarterly,validation
2020-12-03,2020-12-04,0.0274172683613022,0.6219870855727834,Refit-OriginalARIMAGARCH-expanding_quarterly,validation
2020-12-04,2020-12-07,0.6850937253628709,0.570018472061943,Refit-OriginalARIMAGARCH-expanding_quarterly,validation
2020-12-07,2020-12-08,0.0048900250994697,0.5926970229347815,Refit-OriginalARIMAGARCH-expanding_quarterly,validation
2020-12-08,2020-12-09,0.9108272820038537,0.5491157205281814,Refit-OriginalARIMAGARCH-expanding_quarterly,validation
2020-12-09,2020-12-10,0.6307404981430905,0.6034939964445316,Refit-OriginalARIMAGARCH-expanding_quarterly,validation
2020-12-10,2020-12-11,2.1005332911557746,0.6563069071695224,Refit-OriginalARIMAGARCH-expanding_quarterly,validation
2020-12-11,2020-12-14,2.953190631516623,0.8542521953272413,Refit-OriginalARIMAGARCH-expanding_quarterly,validation
2020-12-14,2020-12-15,0.6927758012586854,1.0740618274351412,Refit-OriginalARIMAGARCH-expanding_quarterly,validation
2020-12-15,2020-12-16,1.2199074044400842,1.0969779282490815,Refit-OriginalARIMAGARCH-expanding_quarterly,validation
2020-12-16,2020-12-17,2.0641473967885817,1.0958241450218957,Refit-OriginalARIMAGARCH-expanding_quarterly,validation
2020-12-17,2020-12-18,2.192631063716555,1.2593510190306234,Refit-OriginalARIMAGARCH-expanding_quarterly,validation
2020-12-18,2020-12-21,1.6074554836667916,1.411179978578148,Refit-OriginalARIMAGARCH-expanding_quarterly,validation
2020-12-21,2020-12-22,0.0479545490733483,1.4084161956998271,Refit-OriginalARIMAGARCH-expanding_quarterly,validation
2020-12-22,2020-12-23,0.1771055150673424,1.2397477548686664,Refit-OriginalARIMAGARCH-expanding_quarterly,validation
2020-12-23,2020-12-24,1.124406225180995,1.1398829888380366,Refit-OriginalARIMAGARCH-expanding_quarterly,validation
2020-12-24,2020-12-25,2.4671237918391133,1.1511644406009331,Refit-OriginalARIMAGARCH-expanding_quarterly,validation
2020-12-25,2020-12-28,0.4034604996523059,1.368551153177429,Refit-OriginalARIMAGARCH-expanding_quarterly,validation
2020-12-28,2020-12-29,0.5549207078341868,1.2433398532587645,Refit-OriginalARIMAGARCH-expanding_quarterly,validation
2020-12-29,2020-12-30,0.0315106576863239,1.1398127802671068,Refit-OriginalARIMAGARCH-expanding_quarterly,validation
2020-12-30,2020-12-31,0.3307256931476,1.0274030734273738,Refit-OriginalARIMAGARCH-expanding_quarterly,validation
2020-12-31,2021-01-04,2.2278705339723945,0.9477466129612726,Refit-OriginalARIMAGARCH-expanding_quarterly,validation
2021-01-04,2021-01-05,1.1499318142027897,1.0868879499174877,Refit-OriginalARIMAGARCH-expanding_quarterly,validation
2021-01-05,2021-01-06,0.8776630886951989,1.0598355163501303,Refit-OriginalARIMAGARCH-expanding_quarterly,validation
2021-01-06,2021-01-07,1.3339004712332734,1.0001614863477655,Refit-OriginalARIMAGARCH-expanding_quarterly,validation
2021-01-07,2021-01-08,0.9288877612518626,0.9978148537993938,Refit-OriginalARIMAGARCH-expanding_quarterly,validation
2021-01-08,2021-01-11,2.138176540768584,0.9588925337883554,Refit-OriginalARIMAGARCH-expanding_quarterly,validation
2021-01-11,2021-01-12,0.3865727035398198,1.0503910028584353,Refit-OriginalARIMAGARCH-expanding_quarterly,validation
2021-01-12,2021-01-13,0.2744693433035448,0.9507550500795401,Refit-OriginalARIMAGARCH-expanding_quarterly,validation
2021-01-13,2021-01-14,0.0129409883939506,0.9116969761553396,Refit-OriginalARIMAGARCH-expanding_quarterly,validation
2021-01-14,2021-01-15,0.3260937940923989,0.816177528218396,Refit-OriginalARIMAGARCH-expanding_quarterly,validation
2021-01-15,2021-01-18,0.0358827142959493,0.7749148018828027,Refit-OriginalARIMAGARCH-expanding_quarterly,validation
2021-01-18,2021-01-19,27.541540391562137,0.7071750072725483,Refit-OriginalARIMAGARCH-expanding_quarterly,validation
2021-01-19,2021-01-20,0.1055259451193829,4.085165155327058,Refit-OriginalARIMAGARCH-expanding_quarterly,validation
2021-01-20,2021-01-21,6.600825920548621,3.585394474169377,Refit-OriginalARIMAGARCH-expanding_quarterly,validation
2021-01-21,2021-01-22,0.0486234498742934,4.105219393217608,Refit-OriginalARIMAGARCH-expanding_quarterly,validation
2021-01-22,2021-01-25,0.003916873597976,3.5268628914765867,Refit-OriginalARIMAGARCH-expanding_quarterly,validation
2021-01-25,2021-01-26,6.76157056018748,3.0507467965613695,Refit-OriginalARIMAGARCH-expanding_quarterly,validation
2021-01-26,2021-01-27,12.16950048366727,3.5342744027321324,Refit-OriginalARIMAGARCH-expanding_quarterly,validation
2021-01-27,2021-01-28,47.71522267260341,4.3270764490446165,Refit-OriginalARIMAGARCH-expanding_quarterly,validation
2021-01-28,2021-01-29,9.864460610625494,8.74683801892602,Refit-OriginalARIMAGARCH-expanding_quarterly,validation
2021-01-29,2021-02-01,4.068938921704016,9.493240426383316,Refit-OriginalARIMAGARCH-expanding_quarterly,validation
2021-02-01,2021-02-02,14.37888811066259,8.498886097323746,Refit-OriginalARIMAGARCH-expanding_quarterly,validation
2021-02-02,2021-02-03,10.698092971323405,9.08546952498583,Refit-OriginalARIMAGARCH-expanding_quarterly,validation
2021-02-03,2021-02-04,0.006553579964635,8.755119078279625,Refit-OriginalARIMAGARCH-expanding_quarterly,validation
2021-02-04,2021-02-05,1.728785632859906,7.497821361667025,Refit-OriginalARIMAGARCH-expanding_quarterly,validation
2021-02-05,2021-02-08,15.664350744194984,6.517445501448062,Refit-OriginalARIMAGARCH-expanding_quarterly,validation
2021-02-08,2021-02-09,8.346588799606792,7.687846547100444,Refit-OriginalARIMAGARCH-expanding_quarterly,validation
2021-02-09,2021-02-17,12.948351612917367,7.8146514627938455,Refit-OriginalARIMAGARCH-expanding_quarterly,validation
2021-02-17,2021-02-18,2.5487828873734144,8.222012882452619,Refit-OriginalARIMAGARCH-expanding_quarterly,validation
2021-02-18,2021-02-19,0.0056191882730801,7.182134427466149,Refit-OriginalARIMAGARCH-expanding_quarterly,validation
2021-02-19,2021-02-22,0.0171990965562516,6.1842215022006926,Refit-OriginalARIMAGARCH-expanding_quarterly,validation
2021-02-22,2021-02-23,0.04885188428266,5.291675426038332,Refit-OriginalARIMAGARCH-expanding_quarterly,validation
2021-02-23,2021-02-24,1.7852090551538884,4.538341775794692,Refit-OriginalARIMAGARCH-expanding_quarterly,validation
2021-02-24,2021-02-25,0.0863685922010339,4.119173717647233,Refit-OriginalARIMAGARCH-expanding_quarterly,validation
2021-02-25,2021-02-26,0.0678645793866586,3.55564828943788,Refit-OriginalARIMAGARCH-expanding_quarterly,validation
2021-02-26,2021-03-01,2.260340412751501,3.070284785981042,Refit-OriginalARIMAGARCH-expanding_quarterly,validation
2021-03-01,2021-03-02,0.0013754677373442,2.912206818283163,Refit-OriginalARIMAGARCH-expanding_quarterly,validation
2021-03-02,2021-03-03,0.0008207623047958,2.517135152179657,Refit-OriginalARIMAGARCH-expanding_quarterly,validation
2021-03-03,2021-03-04,2.448912301147324,2.1798283043989173,Refit-OriginalARIMAGARCH-expanding_quarterly,validation
2021-03-04,2021-03-05,0.0002116227550263,2.21707384278647,Refit-OriginalARIMAGARCH-expanding_quarterly,validation
2021-03-05,2021-03-08,0.001291980692468,1.9264283740821564,Refit-OriginalARIMAGARCH-expanding_quarterly,validation
2021-03-08,2021-03-09,0.2923761214947155,1.6771976139776612,Refit-OriginalARIMAGARCH-expanding_quarterly,validation
2021-03-09,2021-03-10,0.4837594769954144,1.498971510310285,Refit-OriginalARIMAGARCH-expanding_quarterly,validation
2021-03-10,2021-03-11,0.9815546422643948,1.3747988427124864,Refit-OriginalARIMAGARCH-expanding_quarterly,validation
2021-03-11,2021-03-12,0.0002069778164541,1.31524431116754,Refit-OriginalARIMAGARCH-expanding_quarterly,validation
2021-03-12,2021-03-15,0.0643027332166397,1.1614862983030554,Refit-OriginalARIMAGARCH-expanding_quarterly,validation
2021-03-15,2021-03-16,0.1553706585632092,1.029934905041433,Refit-OriginalARIMAGARCH-expanding_quarterly,validation
2021-03-16,2021-03-17,0.2737899242910557,0.9419570152256014,Refit-OriginalARIMAGARCH-expanding_quarterly,validation
2021-03-17,2021-03-18,1.5481332912326575,0.8758514855761685,Refit-OriginalARIMAGARCH-expanding_quarterly,validation
2021-03-18,2021-03-19,0.3310498706600423,0.959801114944411,Refit-OriginalARIMAGARCH-expanding_quarterly,validation
2021-03-19,2021-03-22,0.0010124742198036,0.9236240746989066,Refit-OriginalARIMAGARCH-expanding_quarterly,validation
2021-03-22,2021-03-23,0.8528859825364001,0.8258917556074409,Refit-OriginalARIMAGARCH-expanding_quarterly,validation
2021-03-23,2021-03-24,3.405784484981233,0.8507269234112768,Refit-OriginalARIMAGARCH-expanding_quarterly,validation
2021-03-24,2021-03-25,0.012314795662716,1.1413212457927866,Refit-OriginalARIMAGARCH-expanding_quarterly,validation
2021-03-25,2021-03-26,0.0058597397555957,1.0229607996927186,Refit-OriginalARIMAGARCH-expanding_quarterly,validation
2021-03-26,2021-03-29,1.3278733275984689,0.9101477550379801,Refit-OriginalARIMAGARCH-expanding_quarterly,validation
2021-03-29,2021-03-30,0.8177751702540456,0.9796573953874492,Refit-OriginalARIMAGARCH-expanding_quarterly,validation
2021-03-30,2021-03-31,0.1825736474519551,0.9420598089646177,Refit-OriginalARIMAGARCH-expanding_quarterly,validation
2021-03-31,2021-04-01,4.196908399032827,0.8480793080477366,Refit-OriginalARIMAGARCH-expanding_quarterly,validation
2021-04-01,2021-04-02,0.4682318073785952,1.2154657282768908,Refit-OriginalARIMAGARCH-expanding_quarterly,validation
2021-04-02,2021-04-05,0.8890694068712227,1.093994779345319,Refit-OriginalARIMAGARCH-expanding_quarterly,validation
2021-04-05,2021-04-06,0.0997492041629095,1.0321452819762476,Refit-OriginalARIMAGARCH-expanding_quarterly,validation
2021-04-06,2021-04-07,0.0380161793184628,0.9181964087782264,Refit-OriginalARIMAGARCH-expanding_quarterly,validation
2021-04-07,2021-04-08,0.3656617949695199,0.8211192363102136,Refit-OriginalARIMAGARCH-expanding_quarterly,validation
2021-04-08,2021-04-09,0.0685939299115526,0.7961882690862236,Refit-OriginalARIMAGARCH-expanding_quarterly,validation
2021-04-09,2021-04-12,2.801867566535839,0.7248707995436782,Refit-OriginalARIMAGARCH-expanding_quarterly,validation
2021-04-12,2021-04-13,0.1085685992002533,1.0283925424453266,Refit-OriginalARIMAGARCH-expanding_quarterly,validation
2021-04-13,2021-04-14,0.3626329687997453,0.9427344492593762,Refit-OriginalARIMAGARCH-expanding_quarterly,validation
2021-04-14,2021-04-15,0.4743671604836424,0.8707725167639491,Refit-OriginalARIMAGARCH-expanding_quarterly,validation
2021-04-15,2021-04-16,0.4720531246781877,0.8570623889063727,Refit-OriginalARIMAGARCH-expanding_quarterly,validation
2021-04-16,2021-04-19,3.0629959648129166,0.8254137971145087,Refit-OriginalARIMAGARCH-expanding_quarterly,validation
2021-04-19,2021-04-20,0.3708468135979464,1.1635356511414603,Refit-OriginalARIMAGARCH-expanding_quarterly,validation
2021-04-20,2021-04-22,10.511479982603742,1.0558775033314776,Refit-OriginalARIMAGARCH-expanding_quarterly,validation
2021-04-22,2021-04-23,2.7977982020669034,2.432542688383084,Refit-OriginalARIMAGARCH-expanding_quarterly,validation
2021-04-23,2021-04-26,7.069875969155051,2.537648118721813,Refit-OriginalARIMAGARCH-expanding_quarterly,validation
2021-04-26,2021-04-27,0.1068177702515163,3.0421475947123087,Refit-OriginalARIMAGARCH-expanding_quarterly,validation
2021-04-27,2021-04-28,0.6403727056381737,2.6394485150713476,Refit-OriginalARIMAGARCH-expanding_quarterly,validation
2021-04-28,2021-04-29,0.6353802562532533,2.3653674201602017,Refit-OriginalARIMAGARCH-expanding_quarterly,validation
2021-04-29,2021-05-04,0.0512876666991909,2.1041738338710867,Refit-OriginalARIMAGARCH-expanding_quarterly,validation
2021-05-04,2021-05-05,1.2974041483688885,1.8190429349904291,Refit-OriginalARIMAGARCH-expanding_quarterly,validation
2021-05-05,2021-05-06,0.2185486546328746,1.7097029486787458,Refit-OriginalARIMAGARCH-expanding_quarterly,validation
2021-05-06,2021-05-07,0.494132324659674,1.5353667129470534,Refit-OriginalARIMAGARCH-expanding_quarterly,validation
2021-05-07,2021-05-10,2.018769062145057,1.41253137304072,Refit-OriginalARIMAGARCH-expanding_quarterly,validation
2021-05-10,2021-05-11,0.0792094524228185,1.5122013634758862,Refit-OriginalARIMAGARCH-expanding_quarterly,validation
2021-05-11,2021-05-12,1.0683689670129952,1.3381561694434703,Refit-OriginalARIMAGARCH-expanding_quarterly,validation
2021-05-12,2021-05-13,0.3147510754643727,1.2856514758530555,Refit-OriginalARIMAGARCH-expanding_quarterly,validation
2021-05-13,2021-05-14,0.1194948927270032,1.1909213105603396,Refit-OriginalARIMAGARCH-expanding_quarterly,validation
2021-05-14,2021-05-17,0.3681093008020274,1.0624494352732166,Refit-OriginalARIMAGARCH-expanding_quarterly,validation
2021-05-17,2021-05-18,0.2298422025837693,0.9936883444274723,Refit-OriginalARIMAGARCH-expanding_quarterly,validation
2021-05-18,2021-05-19,0.6085100033578476,0.9100130597838091,Refit-OriginalARIMAGARCH-expanding_quarterly,validation
2021-05-19,2021-05-20,1.5332689494683411,0.9006757624031312,Refit-OriginalARIMAGARCH-expanding_quarterly,validation
2021-05-20,2021-05-21,0.1986664550105345,0.9817159610575044,Refit-OriginalARIMAGARCH-expanding_quarterly,validation
2021-05-21,2021-05-24,1.1845107713600658,0.881569513166,Refit-OriginalARIMAGARCH-expanding_quarterly,validation
2021-05-24,2021-05-25,0.6615170731155926,0.894633250289385,Refit-OriginalARIMAGARCH-expanding_quarterly,validation
2021-05-25,2021-05-26,0.3826692450882292,0.8519611075682869,Refit-OriginalARIMAGARCH-expanding_quarterly,validation
2021-05-26,2021-05-27,1.0043951904267852,0.7895428634753648,Refit-OriginalARIMAGARCH-expanding_quarterly,validation
2021-05-27,2021-05-28,1.65727162339538,0.8801289105486241,Refit-OriginalARIMAGARCH-expanding_quarterly,validation
2021-05-28,2021-05-31,0.3285055315434949,1.004399637806955,Refit-OriginalARIMAGARCH-expanding_quarterly,validation
2021-05-31,2021-06-01,0.5328741181290064,0.9237613659073067,Refit-OriginalARIMAGARCH-expanding_quarterly,validation
2021-06-01,2021-06-02,0.0501764701325494,0.8675216387974964,Refit-OriginalARIMAGARCH-expanding_quarterly,validation
2021-06-02,2021-06-03,3.01900451692919,0.7780479130952448,Refit-OriginalARIMAGARCH-expanding_quarterly,validation
2021-06-03,2021-06-04,0.5091916058927975,1.040699989339418,Refit-OriginalARIMAGARCH-expanding_quarterly,validation
2021-06-04,2021-06-07,1.2488833393722787,0.9554494850590507,Refit-OriginalARIMAGARCH-expanding_quarterly,validation
2021-06-07,2021-06-08,8.436942215340656,1.074530653479428,Refit-OriginalARIMAGARCH-expanding_quarterly,validation
2021-06-08,2021-06-09,0.9635770887636846,2.01231762140406,Refit-OriginalARIMAGARCH-expanding_quarterly,validation
2021-06-09,2021-06-10,0.4923594509595709,1.9591002308089438,Refit-OriginalARIMAGARCH-expanding_quarterly,validation
2021-06-10,2021-06-11,4.4320627369374535,1.7403551047323709,Refit-OriginalARIMAGARCH-expanding_quarterly,validation
2021-06-11,2021-06-14,0.5411007585268014,2.073964806627238,Refit-OriginalARIMAGARCH-expanding_quarterly,validation
2021-06-14,2021-06-15,0.1708389534964715,1.8262843915798788,Refit-OriginalARIMAGARCH-expanding_quarterly,validation
2021-06-15,2021-06-16,0.6335008462154236,1.5890452293447932,Refit-OriginalARIMAGARCH-expanding_quarterly,validation
2021-06-16,2021-06-17,0.0626639901398827,1.4987195820425785,Refit-OriginalARIMAGARCH-expanding_quarterly,validation
2021-06-17,2021-06-18,1.7005139602823875,1.3187875313247113,Refit-OriginalARIMAGARCH-expanding_quarterly,validation
2021-06-18,2021-06-21,0.1396997155457911,1.3755635168831233,Refit-OriginalARIMAGARCH-expanding_quarterly,validation
2021-06-21,2021-06-22,0.284425125779956,1.2400540429889662,Refit-OriginalARIMAGARCH-expanding_quarterly,validation
2021-06-22,2021-06-23,0.0505778800491605,1.1154134415553556,Refit-OriginalARIMAGARCH-expanding_quarterly,validation
2021-06-23,2021-06-24,0.042756846647676,0.9974192398877294,Refit-OriginalARIMAGARCH-expanding_quarterly,validation
2021-06-24,2021-06-25,0.5639250493998573,0.8912164219577132,Refit-OriginalARIMAGARCH-expanding_quarterly,validation
2021-06-25,2021-06-28,1.2596863062253096,0.8613814930892417,Refit-OriginalARIMAGARCH-expanding_quarterly,validation
2021-06-28,2021-06-29,0.0902656153029111,0.9027561672122717,Refit-OriginalARIMAGARCH-expanding_quarterly,validation
2021-06-29,2021-06-30,0.0111781207193246,0.8088050891165124,Refit-OriginalARIMAGARCH-expanding_quarterly,validation
2021-06-30,2021-07-01,0.3645273399631648,0.7361103845755607,Refit-OriginalARIMAGARCH-expanding_quarterly,validation
2021-07-01,2021-07-02,0.0505610286336511,0.7021102564191781,Refit-OriginalARIMAGARCH-expanding_quarterly,validation
2021-07-02,2021-07-05,0.4168242183273023,0.6415985614827031,Refit-OriginalARIMAGARCH-expanding_quarterly,validation
2021-07-05,2021-07-06,16.601013312283214,0.6565967018339188,Refit-OriginalARIMAGARCH-expanding_quarterly,validation
2021-07-06,2021-07-07,6.058281445881023,2.7163304860499196,Refit-OriginalARIMAGARCH-expanding_quarterly,validation
2021-07-07,2021-07-08,1.0078273448945338,3.359799745177429,Refit-OriginalARIMAGARCH-expanding_quarterly,validation
2021-07-08,2021-07-09,4.095422426959989,2.9814994669929766,Refit-OriginalARIMAGARCH-expanding_quarterly,validation
2021-07-09,2021-07-12,14.799235172407151,3.1057581244824535,Refit-OriginalARIMAGARCH-expanding_quarterly,validation
2021-07-12,2021-07-13,0.009141491530764,4.399216879481873,Refit-OriginalARIMAGARCH-expanding_quarterly,validation
2021-07-13,2021-07-14,1.871533753406208,3.7817529734757316,Refit-OriginalARIMAGARCH-expanding_quarterly,validation
2021-07-14,2021-07-15,1.185182208099543,3.374909997838815,Refit-OriginalARIMAGARCH-expanding_quarterly,validation
2021-07-15,2021-07-16,0.1728051567276786,3.0652275923986596,Refit-OriginalARIMAGARCH-expanding_quarterly,validation
2021-07-16,2021-07-19,19.26799845022637,2.6343431220675235,Refit-OriginalARIMAGARCH-expanding_quarterly,validation
2021-07-19,2021-07-20,5.600831490366748,4.867588715551195,Refit-OriginalARIMAGARCH-expanding_quarterly,validation
2021-07-20,2021-07-21,0.0386259132356042,5.04310641376072,Refit-OriginalARIMAGARCH-expanding_quarterly,validation
2021-07-21,2021-07-22,3.1842211341003503,4.279454907861722,Refit-OriginalARIMAGARCH-expanding_quarterly,validation
2021-07-22,2021-07-23,3.75891611125588,3.9932626490994436,Refit-OriginalARIMAGARCH-expanding_quarterly,validation
2021-07-23,2021-07-26,0.0932245335056029,4.010951845100755,Refit-OriginalARIMAGARCH-expanding_quarterly,validation
2021-07-26,2021-07-27,0.1095791578755464,3.4266004428991943,Refit-OriginalARIMAGARCH-expanding_quarterly,validation
2021-07-27,2021-07-28,0.0001201916445908,2.9420776896987295,Refit-OriginalARIMAGARCH-expanding_quarterly,validation
2021-07-28,2021-07-29,1.6539600353625152,2.516388372020028,Refit-OriginalARIMAGARCH-expanding_quarterly,validation
2021-07-29,2021-07-30,1.5967544948591652,2.3459914440964913,Refit-OriginalARIMAGARCH-expanding_quarterly,validation
2021-07-30,2021-08-02,0.1009987039707803,2.173016731705354,Refit-OriginalARIMAGARCH-expanding_quarterly,validation
2021-08-02,2021-08-03,1.8957198194932552,1.8724844541009524,Refit-OriginalARIMAGARCH-expanding_quarterly,validation
2021-08-03,2021-08-04,0.0297448118967559,1.8057158786083771,Refit-OriginalARIMAGARCH-expanding_quarterly,validation
2021-08-04,2021-08-05,0.6506576147304501,1.563711470048132,Refit-OriginalARIMAGARCH-expanding_quarterly,validation
2021-08-05,2021-08-06,0.0931307383293993,1.418116830339703,Refit-OriginalARIMAGARCH-expanding_quarterly,validation
2021-08-06,2021-08-09,1.8579420490159877,1.2630887138212399,Refit-OriginalARIMAGARCH-expanding_quarterly,validation
2021-08-09,2021-08-10,0.0356498511082493,1.327968703877629,Refit-OriginalARIMAGARCH-expanding_quarterly,validation
2021-08-10,2021-08-11,0.1163827824804467,1.1635023355203533,Refit-OriginalARIMAGARCH-expanding_quarterly,validation
2021-08-11,2021-08-12,0.1222953063583315,1.0542683196522358,Refit-OriginalARIMAGARCH-expanding_quarterly,validation
2021-08-12,2021-08-13,0.0871384784453648,0.9527131533103533,Refit-OriginalARIMAGARCH-expanding_quarterly,validation
2021-08-13,2021-08-16,1.0399916754691487,0.8624419632480684,Refit-OriginalARIMAGARCH-expanding_quarterly,validation
2021-08-16,2021-08-17,0.3314354435277737,0.8996420794076442,Refit-OriginalARIMAGARCH-expanding_quarterly,validation
2021-08-17,2021-08-18,0.0249180078972991,0.8700471558468508,Refit-OriginalARIMAGARCH-expanding_quarterly,validation
2021-08-18,2021-08-19,1.034084957658442,0.785512220924349,Refit-OriginalARIMAGARCH-expanding_quarterly,validation
2021-08-19,2021-08-20,11.285807091304966,0.8433449500674485,Refit-OriginalARIMAGARCH-expanding_quarterly,validation
2021-08-20,2021-08-23,5.411821632013326,2.27604968239205,Refit-OriginalARIMAGARCH-expanding_quarterly,validation
2021-08-23,2021-08-24,8.536462420535458e-05,2.535784843885389,Refit-OriginalARIMAGARCH-expanding_quarterly,validation
2021-08-24,2021-08-25,0.6870757170728501,2.195483228395157,Refit-OriginalARIMAGARCH-expanding_quarterly,validation
2021-08-25,2021-08-26,0.4170750420782061,2.024356525644694,Refit-OriginalARIMAGARCH-expanding_quarterly,validation
2021-08-26,2021-08-27,0.8540485329092148,1.8181888176450756,Refit-OriginalARIMAGARCH-expanding_quarterly,validation
2021-08-27,2021-08-30,1.2797402595336076,1.6684776000728185,Refit-OriginalARIMAGARCH-expanding_quarterly,validation
2021-08-30,2021-08-31,0.0627065630623478,1.5883656716923418,Refit-OriginalARIMAGARCH-expanding_quarterly,validation
2021-08-31,2021-09-01,0.0569056328666982,1.3821145780244726,Refit-OriginalARIMAGARCH-expanding_quarterly,validation
2021-09-01,2021-09-06,0.7669996218071843,1.209526921395723,Refit-OriginalARIMAGARCH-expanding_quarterly,validation
2021-09-06,2021-09-07,0.1115838258583112,1.1444670597219575,Refit-OriginalARIMAGARCH-expanding_quarterly,validation
2021-09-07,2021-09-08,0.3840242724271654,1.0354716062589826,Refit-OriginalARIMAGARCH-expanding_quarterly,validation
2021-09-08,2021-09-09,0.5999757427909345,0.9774753866874432,Refit-OriginalARIMAGARCH-expanding_quarterly,validation
2021-09-09,2021-09-10,0.009783360800291,0.953511914779325,Refit-OriginalARIMAGARCH-expanding_quarterly,validation
2021-09-10,2021-09-13,0.0834204953018611,0.8496886253573386,Refit-OriginalARIMAGARCH-expanding_quarterly,validation
2021-09-13,2021-09-14,0.0166539238245993,0.7804377466756216,Refit-OriginalARIMAGARCH-expanding_quarterly,validation
2021-09-14,2021-09-15,0.208411861391793,0.7074813355484998,Refit-OriginalARIMAGARCH-expanding_quarterly,validation
2021-09-15,2021-09-16,8.833374944135227e-06,0.6702649871899967,Refit-OriginalARIMAGARCH-expanding_quarterly,validation
2021-09-16,2021-09-17,0.2517625260662404,0.6122067340558385,Refit-OriginalARIMAGARCH-expanding_quarterly,validation
2021-09-17,2021-09-20,0.0255409488218125,0.5874295218855077,Refit-OriginalARIMAGARCH-expanding_quarterly,validation
2021-09-20,2021-09-21,0.6256621683862371,0.5501133123975852,Refit-OriginalARIMAGARCH-expanding_quarterly,validation
2021-09-21,2021-09-22,0.6493080782631847,0.6011158667768177,Refit-OriginalARIMAGARCH-expanding_quarterly,validation
2021-09-22,2021-09-23,0.023678455022373,0.6462744496565112,Refit-OriginalARIMAGARCH-expanding_quarterly,validation
2021-09-23,2021-09-24,0.0138313143395197,0.5933915080038858,Refit-OriginalARIMAGARCH-expanding_quarterly,validation
2021-09-24,2021-09-27,3.828272422415496,0.5530468618636037,Refit-OriginalARIMAGARCH-expanding_quarterly,validation
2021-09-27,2021-09-28,1.1555484032608674,1.0279799550363569,Refit-OriginalARIMAGARCH-expanding_quarterly,validation
2021-09-28,2021-09-29,5.575325206713305e-05,1.1053103101927988,Refit-OriginalARIMAGARCH-expanding_quarterly,validation
2021-09-29,2021-09-30,0.0451927678238876,0.97656172267953,Refit-OriginalARIMAGARCH-expanding_quarterly,validation
2021-09-30,2021-10-01,0.2869590069123234,0.8708264716575665,Refit-OriginalARIMAGARCH-expanding_quarterly,validation
2021-10-01,2021-10-04,0.1209217160727008,0.8340929798543832,Refit-OriginalARIMAGARCH-expanding_quarterly,validation
2021-10-04,2021-10-05,1.2548666056334208,0.7676064375215631,Refit-OriginalARIMAGARCH-expanding_quarterly,validation
2021-10-05,2021-10-06,0.363335054701863,0.8480861099165103,Refit-OriginalARIMAGARCH-expanding_quarterly,validation
2021-10-06,2021-10-07,0.0539799292056889,0.7906445684220172,Refit-OriginalARIMAGARCH-expanding_quarterly,validation
2021-10-07,2021-10-08,0.2422625428098201,0.7160347193182035,Refit-OriginalARIMAGARCH-expanding_quarterly,validation
2021-10-08,2021-10-11,2.384064119474745,0.671811975631074,Refit-OriginalARIMAGARCH-expanding_quarterly,validation
2021-10-11,2021-10-12,0.0025924711816483,0.8832856846500392,Refit-OriginalARIMAGARCH-expanding_quarterly,validation
2021-10-12,2021-10-13,0.043020201094552,0.7955859928090336,Refit-OriginalARIMAGARCH-expanding_quarterly,validation
2021-10-13,2021-10-14,1.8582276241239155e-05,0.7354996501822356,Refit-OriginalARIMAGARCH-expanding_quarterly,validation
2021-10-14,2021-10-15,0.0037272440365911,0.6694832461771643,Refit-OriginalARIMAGARCH-expanding_quarterly,validation
2021-10-15,2021-10-18,0.0412074717223573,0.6144399415190962,Refit-OriginalARIMAGARCH-expanding_quarterly,validation
2021-10-18,2021-10-19,0.0002054205471957,0.5716820798174596,Refit-OriginalARIMAGARCH-expanding_quarterly,validation
2021-10-19,2021-10-20,0.012036644283499,0.5325978299776969,Refit-OriginalARIMAGARCH-expanding_quarterly,validation
2021-10-20,2021-10-21,0.4224699907147212,0.5022557959947535,Refit-OriginalARIMAGARCH-expanding_quarterly,validation
2021-10-21,2021-10-22,0.1038627326357175,0.5304244648244111,Refit-OriginalARIMAGARCH-expanding_quarterly,validation
2021-10-22,2021-10-25,0.0766142772237032,0.5134413090051395,Refit-OriginalARIMAGARCH-expanding_quarterly,validation
2021-10-25,2021-10-26,0.2013151221701667,0.4934394806735369,Refit-OriginalARIMAGARCH-expanding_quarterly,validation
2021-10-26,2021-10-27,4.975421040294883,0.48929155336621755,Refit-OriginalARIMAGARCH-expanding_quarterly,validation
2021-10-27,2021-10-28,1.0980607841681207,1.0554425587384655,Refit-OriginalARIMAGARCH-expanding_quarterly,validation
2021-10-28,2021-10-29,0.1886851350804401,1.0187136423597463,Refit-OriginalARIMAGARCH-expanding_quarterly,validation
2021-10-29,2021-11-01,0.1351609140151505,0.9095425041971057,Refit-OriginalARIMAGARCH-expanding_quarterly,validation
2021-11-01,2021-11-02,0.8706925479870633,0.8510139776133024,Refit-OriginalARIMAGARCH-expanding_quarterly,validation
2021-11-02,2021-11-03,0.3174077865606339,0.870092287399441,Refit-OriginalARIMAGARCH-expanding_quarterly,validation
2021-11-03,2021-11-04,0.0780251318950003,0.8330593968973821,Refit-OriginalARIMAGARCH-expanding_quarterly,validation
2021-11-04,2021-11-05,0.3164163905277483,0.7583144053225227,Refit-OriginalARIMAGARCH-expanding_quarterly,validation
2021-11-05,2021-11-08,0.5722632892702788,0.7241593659976339,Refit-OriginalARIMAGARCH-expanding_quarterly,validation
2021-11-08,2021-11-09,0.1717825777423685,0.7168487584777581,Refit-OriginalARIMAGARCH-expanding_quarterly,validation
2021-11-09,2021-11-10,0.0578685691569425,0.692217903845754,Refit-OriginalARIMAGARCH-expanding_quarterly,validation
2021-11-10,2021-11-11,0.0332757244454099,0.6373505537541858,Refit-OriginalARIMAGARCH-expanding_quarterly,validation
2021-11-11,2021-11-12,0.5636350562840569,0.5924471370446595,Refit-OriginalARIMAGARCH-expanding_quarterly,validation
2021-11-12,2021-11-15,0.0470688863590858,0.6167840532781659,Refit-OriginalARIMAGARCH-expanding_quarterly,validation
2021-11-15,2021-11-16,0.4729748116245648,0.5719956196908852,Refit-OriginalARIMAGARCH-expanding_quarterly,validation
2021-11-16,2021-11-17,0.40826744424175,0.6098145028368545,Refit-OriginalARIMAGARCH-expanding_quarterly,validation
2021-11-17,2021-11-18,0.1670640675036151,0.6154506557445368,Refit-OriginalARIMAGARCH-expanding_quarterly,validation
2021-11-18,2021-11-19,1.4313283722317711,0.5929614412408876,Refit-OriginalARIMAGARCH-expanding_quarterly,validation
2021-11-19,2021-11-22,0.1237442583360642,0.7380958989837285,Refit-OriginalARIMAGARCH-expanding_quarterly,validation
2021-11-22,2021-11-23,1.2666258581863683,0.6804101845319802,Refit-OriginalARIMAGARCH-expanding_quarterly,validation
2021-11-23,2021-11-24,2.923344781612152,0.8097981304108053,Refit-OriginalARIMAGARCH-expanding_quarterly,validation
2021-11-24,2021-11-25,0.6380046596767257,1.0628683920276938,Refit-OriginalARIMAGARCH-expanding_quarterly,validation
2021-11-25,2021-11-26,0.2701244946030526,0.9801425328121414,Refit-OriginalARIMAGARCH-expanding_quarterly,validation
2021-11-26,2021-11-29,0.3025648797186475,0.9465576539847032,Refit-OriginalARIMAGARCH-expanding_quarterly,validation
2021-11-29,2021-11-30,0.1865846491020368,0.8922498924964786,Refit-OriginalARIMAGARCH-expanding_quarterly,validation
2021-11-30,2021-12-01,0.2075014205290045,0.8179748634440541,Refit-OriginalARIMAGARCH-expanding_quarterly,validation
2021-12-01,2021-12-02,0.0447934240863952,0.7721369081320262,Refit-OriginalARIMAGARCH-expanding_quarterly,validation
2021-12-02,2021-12-03,7.012035907074128,0.707603835647326,Refit-OriginalARIMAGARCH-expanding_quarterly,validation
2021-12-03,2021-12-06,4.334941271489592,1.5566346259745663,Refit-OriginalARIMAGARCH-expanding_quarterly,validation
2021-12-06,2021-12-07,5.38610884102854,1.8038640941255328,Refit-OriginalARIMAGARCH-expanding_quarterly,validation
2021-12-07,2021-12-08,0.1770242562530693,2.453001326106212,Refit-OriginalARIMAGARCH-expanding_quarterly,validation
2021-12-08,2021-12-09,1.070479018660655,2.1268271865501194,Refit-OriginalARIMAGARCH-expanding_quarterly,validation
2021-12-09,2021-12-10,0.0917573521914629,1.9173971022510168,Refit-OriginalARIMAGARCH-expanding_quarterly,validation
2021-12-10,2021-12-13,0.7430153759165636,1.6917577163974364,Refit-OriginalARIMAGARCH-expanding_quarterly,validation
2021-12-13,2021-12-14,0.0001656787526269,1.5503037529345223,Refit-OriginalARIMAGARCH-expanding_quarterly,validation
2021-12-14,2021-12-15,0.001241581482623,1.3533800004109704,Refit-OriginalARIMAGARCH-expanding_quarterly,validation
2021-12-15,2021-12-16,0.0056551081903051,1.188737845125613,Refit-OriginalARIMAGARCH-expanding_quarterly,validation
2021-12-16,2021-12-17,0.0462794489398934,1.049348089405145,Refit-OriginalARIMAGARCH-expanding_quarterly,validation
2021-12-17,2021-12-20,0.0276816841350729,0.9367934884319433,Refit-OriginalARIMAGARCH-expanding_quarterly,validation
2021-12-20,2021-12-21,0.009100575448846,0.8439546314360354,Refit-OriginalARIMAGARCH-expanding_quarterly,validation
2021-12-21,2021-12-22,0.0052396015195704,0.7607070722480638,Refit-OriginalARIMAGARCH-expanding_quarterly,validation
2021-12-22,2021-12-23,1.992176913695392,0.6917170212757084,Refit-OriginalARIMAGARCH-expanding_quarterly,validation
2021-12-23,2021-12-24,1.8717637228671864,0.8920168962212416,Refit-OriginalARIMAGARCH-expanding_quarterly,validation
2021-12-24,2021-12-27,0.6385359851594573,1.067872196530414,Refit-OriginalARIMAGARCH-expanding_quarterly,validation
2021-12-27,2021-12-28,0.1364517327618313,1.0196987548191556,Refit-OriginalARIMAGARCH-expanding_quarterly,validation
2021-12-28,2021-12-29,0.3307731842534792,0.9122146798034827,Refit-OriginalARIMAGARCH-expanding_quarterly,validation
2021-12-29,2021-12-30,0.0001019075301841,0.8830803758280333,Refit-OriginalARIMAGARCH-expanding_quarterly,validation
2021-12-30,2021-12-31,0.6806292652244172,0.7930056846400229,Refit-OriginalARIMAGARCH-expanding_quarterly,validation
2021-12-31,2022-01-04,3.2605099137684044,0.8063228961490904,Refit-OriginalARIMAGARCH-expanding_quarterly,validation
2022-01-04,2022-01-05,0.0408421877386783,1.092253399370159,Refit-OriginalARIMAGARCH-expanding_quarterly,validation
2022-01-05,2022-01-06,0.1583194148629771,0.9934294711483889,Refit-OriginalARIMAGARCH-expanding_quarterly,validation
2022-01-06,2022-01-07,3.466888916717849e-05,0.8935282274908057,Refit-OriginalARIMAGARCH-expanding_quarterly,validation
2022-01-07,2022-01-10,2.6694297971607823,0.8027714030066854,Refit-OriginalARIMAGARCH-expanding_quarterly,validation
2022-01-10,2022-01-11,0.5791412105719106,1.0763660793707581,Refit-OriginalARIMAGARCH-expanding_quarterly,validation
2022-01-11,2022-01-12,1.469449968423449,1.0090037746619687,Refit-OriginalARIMAGARCH-expanding_quarterly,validation
2022-01-12,2022-01-13,0.9252594386149106,1.1285225458189931,Refit-OriginalARIMAGARCH-expanding_quarterly,validation
2022-01-13,2022-01-14,4.021230809949571e-06,1.1306243687930235,Refit-OriginalARIMAGARCH-expanding_quarterly,validation
2022-01-14,2022-01-17,8.577861779061374,1.0006130719898527,Refit-OriginalARIMAGARCH-expanding_quarterly,validation
2022-01-17,2022-01-18,0.9241996120524796,1.9544097414055468,Refit-OriginalARIMAGARCH-expanding_quarterly,validation
2022-01-18,2022-01-19,0.0713962483719635,1.7550204512504162,Refit-OriginalARIMAGARCH-expanding_quarterly,validation
2022-01-19,2022-01-20,2.396694299563955,1.5550185714491296,Refit-OriginalARIMAGARCH-expanding_quarterly,validation
2022-01-20,2022-01-21,0.2669228311266386,1.6698241361246797,Refit-OriginalARIMAGARCH-expanding_quarterly,validation
2022-01-21,2022-01-24,5.19144957677216,1.464265442248268,Refit-OriginalARIMAGARCH-expanding_quarterly,validation
2022-01-24,2022-01-25,7.461944120148481,2.0438202497249707,Refit-OriginalARIMAGARCH-expanding_quarterly,validation
2022-01-25,2022-01-26,0.0182472056354126,2.773463143943386,Refit-OriginalARIMAGARCH-expanding_quarterly,validation
2022-01-26,2022-01-27,0.5372614259470304,2.3743808191784104,Refit-OriginalARIMAGARCH-expanding_quarterly,validation
2022-01-27,2022-01-28,0.3091208848418566,2.148628119749666,Refit-OriginalARIMAGARCH-expanding_quarterly,validation
2022-01-28,2022-02-07,1.5787299229773026,1.8867540132825114,Refit-OriginalARIMAGARCH-expanding_quarterly,validation
2022-02-07,2022-02-08,0.0493284261128678,1.8253612560886119,Refit-OriginalARIMAGARCH-expanding_quarterly,validation
2022-02-08,2022-02-09,0.0852913112285084,1.5818399894320478,Refit-OriginalARIMAGARCH-expanding_quarterly,validation
2022-02-09,2022-02-10,0.0087647457494785,1.3803270679419655,Refit-OriginalARIMAGARCH-expanding_quarterly,validation
2022-02-10,2022-02-11,0.1140481407730615,1.2092458800761483,Refit-OriginalARIMAGARCH-expanding_quarterly,validation
2022-02-11,2022-02-14,4.003846034921644,1.0850520996578141,Refit-OriginalARIMAGARCH-expanding_quarterly,validation
2022-02-14,2022-02-15,1.9670652734045644,1.4668056568350785,Refit-OriginalARIMAGARCH-expanding_quarterly,validation
2022-02-15,2022-02-16,0.0018968880308684,1.5868892323160368,Refit-OriginalARIMAGARCH-expanding_quarterly,validation
2022-02-16,2022-02-17,1.122140769245723,1.382352054068792,Refit-OriginalARIMAGARCH-expanding_quarterly,validation
2022-02-17,2022-02-18,0.0437252358911797,1.324651432789282,Refit-OriginalARIMAGARCH-expanding_quarterly,validation
2022-02-18,2022-02-21,0.1583409064037323,1.1788337612626065,Refit-OriginalARIMAGARCH-expanding_quarterly,validation
2022-02-21,2022-02-22,0.2391227349223014,1.0535240559734267,Refit-OriginalARIMAGARCH-expanding_quarterly,validation
2022-02-22,2022-02-23,0.3429157616051995,0.9735957506552055,Refit-OriginalARIMAGARCH-expanding_quarterly,validation
2022-02-23,2022-02-24,1.3469467288223498,0.9108441941075922,Refit-OriginalARIMAGARCH-expanding_quarterly,validation
2022-02-24,2022-02-25,0.0728442185423715,1.0006526085006497,Refit-OriginalARIMAGARCH-expanding_quarterly,validation
2022-02-25,2022-02-28,0.3435682703713377,0.903265685196907,Refit-OriginalARIMAGARCH-expanding_quarterly,validation
2022-02-28,2022-03-01,0.3350186274967215,0.851204863578248,Refit-OriginalARIMAGARCH-expanding_quarterly,validation
2022-03-01,2022-03-02,0.7897102913909818,0.8108087787259879,Refit-OriginalARIMAGARCH-expanding_quarterly,validation
2022-03-02,2022-03-03,1.6972927621476632,0.8436154133067855,Refit-OriginalARIMAGARCH-expanding_quarterly,validation
2022-03-03,2022-03-04,0.0004806839941866,0.9756631649036072,Refit-OriginalARIMAGARCH-expanding_quarterly,validation
2022-03-04,2022-03-07,0.1747715827843937,0.8714587297622616,Refit-OriginalARIMAGARCH-expanding_quarterly,validation
2022-03-07,2022-03-08,2.9065282793306784,0.8183826848585258,Refit-OriginalARIMAGARCH-expanding_quarterly,validation
2022-03-08,2022-03-09,4.143903255486161e-06,1.1098750239509698,Refit-OriginalARIMAGARCH-expanding_quarterly,validation
2022-03-09,2022-03-10,0.1308186023197331,0.9859198531152784,Refit-OriginalARIMAGARCH-expanding_quarterly,validation
2022-03-10,2022-03-11,0.7249480262949388,0.9048619183343974,Refit-OriginalARIMAGARCH-expanding_quarterly,validation
2022-03-11,2022-03-14,1.940974298078772,0.912791005581529,Refit-OriginalARIMAGARCH-expanding_quarterly,validation
2022-03-14,2022-03-15,0.2004736979473137,1.0602324959507323,Refit-OriginalARIMAGARCH-expanding_quarterly,validation
2022-03-15,2022-03-16,0.2048465635146144,0.9842569192449035,Refit-OriginalARIMAGARCH-expanding_quarterly,validation
2022-03-16,2022-03-17,0.0189446795575115,0.9079129398450001,Refit-OriginalARIMAGARCH-expanding_quarterly,validation
2022-03-17,2022-03-18,0.2804915592052127,0.8144365458275741,Refit-OriginalARIMAGARCH-expanding_quarterly,validation
2022-03-18,2022-03-21,3.042510301896478,0.7599129023510728,Refit-OriginalARIMAGARCH-expanding_quarterly,validation
2022-03-21,2022-03-22,0.3468240297098041,1.0320993546362636,Refit-OriginalARIMAGARCH-expanding_quarterly,validation
2022-03-22,2022-03-23,0.0091785148718354,0.935715142001307,Refit-OriginalARIMAGARCH-expanding_quarterly,validation
2022-03-23,2022-03-24,0.0739545064300968,0.8486420916873083,Refit-OriginalARIMAGARCH-expanding_quarterly,validation
2022-03-24,2022-03-25,0.0002565538581837,0.7799454177428382,Refit-OriginalARIMAGARCH-expanding_quarterly,validation
2022-03-25,2022-03-28,1.0559980128443454,0.7072200267482841,Refit-OriginalARIMAGARCH-expanding_quarterly,validation
2022-03-28,2022-03-29,0.9569197018395468,0.7799889098053051,Refit-OriginalARIMAGARCH-expanding_quarterly,validation
2022-03-29,2022-03-30,0.2354496444813368,0.840736259988377,Refit-OriginalARIMAGARCH-expanding_quarterly,validation
2022-03-30,2022-03-31,0.0120931732563713,0.7936469767576585,Refit-OriginalARIMAGARCH-expanding_quarterly,validation
2022-03-31,2022-04-01,2.607401303697469,0.7191198173318161,Refit-OriginalARIMAGARCH-expanding_quarterly,validation
2022-04-01,2022-04-04,0.2950865363946971,0.9693550739187204,Refit-OriginalARIMAGARCH-expanding_quarterly,validation
2022-04-04,2022-04-05,0.09410156815978,0.8846876541558214,Refit-OriginalARIMAGARCH-expanding_quarterly,validation
2022-04-05,2022-04-06,0.0355827999144168,0.8257020562124233,Refit-OriginalARIMAGARCH-expanding_quarterly,validation
2022-04-06,2022-04-07,1.845756746133211,0.748489616295659,Refit-OriginalARIMAGARCH-expanding_quarterly,validation
2022-04-07,2022-04-08,1.8599564295348143,0.9160639168339071,Refit-OriginalARIMAGARCH-expanding_quarterly,validation
2022-04-08,2022-04-12,3.317796568560508,1.026495221477476,Refit-OriginalARIMAGARCH-expanding_quarterly,validation
2022-04-12,2022-04-13,2.2412176347286983,1.2525213933961545,Refit-OriginalARIMAGARCH-expanding_quarterly,validation
2022-04-13,2022-04-14,0.1186709675031117,1.4678115216981573,Refit-OriginalARIMAGARCH-expanding_quarterly,validation
2022-04-14,2022-04-15,0.8563450026802516,1.3016989515643735,Refit-OriginalARIMAGARCH-expanding_quarterly,validation
2022-04-15,2022-04-18,3.225139156963737,1.274244418809461,Refit-OriginalARIMAGARCH-expanding_quarterly,validation
2022-04-18,2022-04-19,3.3937657292333743,1.502868237909899,Refit-OriginalARIMAGARCH-expanding_quarterly,validation
2022-04-19,2022-04-20,2.4245124341762705,1.650679876572527,Refit-OriginalARIMAGARCH-expanding_quarterly,validation
2022-04-20,2022-04-21,1.109638997468357,1.64904361805459,Refit-OriginalARIMAGARCH-expanding_quarterly,validation
2022-04-21,2022-04-22,0.4305144066915168,1.5204155831518174,Refit-OriginalARIMAGARCH-expanding_quarterly,validation
2022-04-22,2022-04-25,25.802530842890924,1.4104846145232226,Refit-OriginalARIMAGARCH-expanding_quarterly,validation
2022-04-25,2022-04-26,5.262405488369011,4.440027052382224,Refit-OriginalARIMAGARCH-expanding_quarterly,validation
2022-04-26,2022-04-27,0.8508547277394044,4.6288562025312,Refit-OriginalARIMAGARCH-expanding_quarterly,validation
2022-04-27,2022-04-28,0.0422563925888465,4.061790323054376,Refit-OriginalARIMAGARCH-expanding_quarterly,validation
2022-04-28,2022-04-29,1.3536355027087716,3.478589286292874,Refit-OriginalARIMAGARCH-expanding_quarterly,validation
2022-04-29,2022-05-04,1.7811317821270536,3.1000748726156977,Refit-OriginalARIMAGARCH-expanding_quarterly,validation
2022-05-04,2022-05-05,0.7846838850035229,2.910070603547697,Refit-OriginalARIMAGARCH-expanding_quarterly,validation
2022-05-05,2022-05-06,5.457913784856381,2.5925751869481357,Refit-OriginalARIMAGARCH-expanding_quarterly,validation
2022-05-06,2022-05-09,21.07246376843707,2.9152393864640795,Refit-OriginalARIMAGARCH-expanding_quarterly,validation
2022-05-09,2022-05-10,3.4895974437640893,4.96101176094518,Refit-OriginalARIMAGARCH-expanding_quarterly,validation
2022-05-10,2022-05-11,0.3772893243323654,4.892592455945812,Refit-OriginalARIMAGARCH-expanding_quarterly,validation
2022-05-11,2022-05-12,24.369069377939013,4.224336767268785,Refit-OriginalARIMAGARCH-expanding_quarterly,validation
2022-05-12,2022-05-13,21.45200829300172,6.821384714366189,Refit-OriginalARIMAGARCH-expanding_quarterly,validation
2022-05-13,2022-05-16,0.8445825050431754,8.105819905208822,Refit-OriginalARIMAGARCH-expanding_quarterly,validation
2022-05-16,2022-05-17,22.10791922900586,6.852532335580919,Refit-OriginalARIMAGARCH-expanding_quarterly,validation
2022-05-17,2022-05-18,1.0072145297005026,9.011446214899438,Refit-OriginalARIMAGARCH-expanding_quarterly,validation
2022-05-18,2022-05-19,0.0050266870380628,7.656784155855118,Refit-OriginalARIMAGARCH-expanding_quarterly,validation
2022-05-19,2022-05-20,0.0056143553761866,6.4876494962581726,Refit-OriginalARIMAGARCH-expanding_quarterly,validation
2022-05-20,2022-05-23,3.1715419491716648,5.496373015180553,Refit-OriginalARIMAGARCH-expanding_quarterly,validation
2022-05-23,2022-05-24,1.4121508187671683,5.051871106127914,Refit-OriginalARIMAGARCH-expanding_quarterly,validation
2022-05-24,2022-05-25,7.852071042943518,4.502511625413203,Refit-OriginalARIMAGARCH-expanding_quarterly,validation
2022-05-25,2022-05-26,0.0001218078083452,4.787466110728029,Refit-OriginalARIMAGARCH-expanding_quarterly,validation
2022-05-26,2022-05-27,1.747305868676365,4.077600562949835,Refit-OriginalARIMAGARCH-expanding_quarterly,validation
2022-05-27,2022-05-30,0.4313230278725308,3.6144679290645856,Refit-OriginalARIMAGARCH-expanding_quarterly,validation
2022-05-30,2022-05-31,0.0091927379819102,3.11308594750288,Refit-OriginalARIMAGARCH-expanding_quarterly,validation
2022-05-31,2022-06-01,0.2785076944454149,2.6701068215259873,Refit-OriginalARIMAGARCH-expanding_quarterly,validation
2022-06-01,2022-06-02,0.7094839787224755,2.316753976954264,Refit-OriginalARIMAGARCH-expanding_quarterly,validation
2022-06-02,2022-06-03,0.0024678908753368,2.0973942636726504,Refit-OriginalARIMAGARCH-expanding_quarterly,validation
2022-06-03,2022-06-06,0.0248021762794326,1.811930448307825,Refit-OriginalARIMAGARCH-expanding_quarterly,validation
2022-06-06,2022-06-07,0.0107788521263349,1.5765984340298906,Refit-OriginalARIMAGARCH-expanding_quarterly,validation
2022-06-07,2022-06-08,1.62365203625605,1.37609218654744,Refit-OriginalARIMAGARCH-expanding_quarterly,validation
2022-06-08,2022-06-09,7.074018263381634e-05,1.3905916011800619,Refit-OriginalARIMAGARCH-expanding_quarterly,validation
2022-06-09,2022-06-10,3.350301019629325,1.222554814047703,Refit-OriginalARIMAGARCH-expanding_quarterly,validation
2022-06-10,2022-06-13,20.64588542406384,1.5455458479265753,Refit-OriginalARIMAGARCH-expanding_quarterly,validation
2022-06-13,2022-06-14,0.0708307718816595,3.7753875843146254,Refit-OriginalARIMAGARCH-expanding_quarterly,validation
2022-06-14,2022-06-15,1.796441565238617,3.2845991956212677,Refit-OriginalARIMAGARCH-expanding_quarterly,validation
2022-06-15,2022-06-16,3.432463040017097,2.948832674885502,Refit-OriginalARIMAGARCH-expanding_quarterly,validation
2022-06-16,2022-06-17,2.4820888579092317,2.9895139881480906,Refit-OriginalARIMAGARCH-expanding_quarterly,validation
2022-06-17,2022-06-20,9.47527051181594,2.919210506202429,Refit-OriginalARIMAGARCH-expanding_quarterly,validation
2022-06-20,2022-06-21,0.4543743324349223,3.681400301703536,Refit-OriginalARIMAGARCH-expanding_quarterly,validation
2022-06-21,2022-06-22,0.0746935567234301,3.1558663121431336,Refit-OriginalARIMAGARCH-expanding_quarterly,validation
2022-06-22,2022-06-23,2.766255864563167,2.698517408962907,Refit-OriginalARIMAGARCH-expanding_quarterly,validation
2022-06-23,2022-06-24,0.0820210424345146,2.679363278309677,Refit-OriginalARIMAGARCH-expanding_quarterly,validation
2022-06-24,2022-06-27,2.1086071885158946,2.3248792017560405,Refit-OriginalARIMAGARCH-expanding_quarterly,validation
2022-06-27,2022-06-28,1.593519408496492,2.2195909317100937,Refit-OriginalARIMAGARCH-expanding_quarterly,validation
2022-06-28,2022-06-29,6.739655204912147e-07,2.067194122036976,Refit-OriginalARIMAGARCH-expanding_quarterly,validation
2022-06-29,2022-06-30,2.8779439800812714,1.7922353782235736,Refit-OriginalARIMAGARCH-expanding_quarterly,validation
2022-06-30,2022-07-01,0.0117704187689308,1.9665634267131482,Refit-OriginalARIMAGARCH-expanding_quarterly,validation
2022-07-01,2022-07-04,0.0792348201052211,1.7340469242845518,Refit-OriginalARIMAGARCH-expanding_quarterly,validation
2022-07-04,2022-07-05,1.4358126528100246,1.5139215523196703,Refit-OriginalARIMAGARCH-expanding_quarterly,validation
2022-07-05,2022-07-06,7.389865614079536,1.5038045832010354,Refit-OriginalARIMAGARCH-expanding_quarterly,validation
2022-07-06,2022-07-07,2.1222407761584665,2.1879963965704547,Refit-OriginalARIMAGARCH-expanding_quarterly,validation
2022-07-07,2022-07-08,0.1707436242121409,2.2662045695746076,Refit-OriginalARIMAGARCH-expanding_quarterly,validation
2022-07-08,2022-07-11,1.896510687995091,1.976314473895648,Refit-OriginalARIMAGARCH-expanding_quarterly,validation
2022-07-11,2022-07-12,2.8101659729648394,1.9990808195007144,Refit-OriginalARIMAGARCH-expanding_quarterly,validation
2022-07-12,2022-07-13,0.0058732050643028,2.1057202497059624,Refit-OriginalARIMAGARCH-expanding_quarterly,validation
2022-07-13,2022-07-14,0.4904420356514064,1.823472769761028,Refit-OriginalARIMAGARCH-expanding_quarterly,validation
2022-07-14,2022-07-15,0.0611617161101388,1.6283243811971198,Refit-OriginalARIMAGARCH-expanding_quarterly,validation
2022-07-15,2022-07-18,0.0549065100896944,1.434033783086224,Refit-OriginalARIMAGARCH-expanding_quarterly,validation
2022-07-18,2022-07-19,0.0244219525267298,1.2653228232873235,Refit-OriginalARIMAGARCH-expanding_quarterly,validation
2022-07-19,2022-07-20,1.7763769532234184,1.1179532179140295,Refit-OriginalARIMAGARCH-expanding_quarterly,validation
2022-07-20,2022-07-21,0.1310065184317032,1.2071365795918043,Refit-OriginalARIMAGARCH-expanding_quarterly,validation
2022-07-21,2022-07-22,0.0961257253308801,1.0715140062391724,Refit-OriginalARIMAGARCH-expanding_quarterly,validation
2022-07-22,2022-07-25,0.2759737706228845,0.9764521693416135,Refit-OriginalARIMAGARCH-expanding_quarterly,validation
2022-07-25,2022-07-26,0.0835304358694094,0.9100105268369402,Refit-OriginalARIMAGARCH-expanding_quarterly,validation
2022-07-26,2022-07-27,0.2525093111697122,0.8240704173225741,Refit-OriginalARIMAGARCH-expanding_quarterly,validation
2022-07-27,2022-07-28,2.02736513860254,0.7802269792970529,Refit-OriginalARIMAGARCH-expanding_quarterly,validation
2022-07-28,2022-07-29,0.0219851675662213,0.9441252457466289,Refit-OriginalARIMAGARCH-expanding_quarterly,validation
2022-07-29,2022-08-01,4.214166749504341,0.8583529718923958,Refit-OriginalARIMAGARCH-expanding_quarterly,validation
2022-08-01,2022-08-02,0.6898714562213188,1.25587087088747,Refit-OriginalARIMAGARCH-expanding_quarterly,validation
2022-08-02,2022-08-03,0.4270040010021521,1.1571522536909011,Refit-OriginalARIMAGARCH-expanding_quarterly,validation
2022-08-03,2022-08-04,0.1229567831793093,1.0496291528739563,Refit-OriginalARIMAGARCH-expanding_quarterly,validation
2022-08-04,2022-08-05,0.0126539977340546,0.93942436937258,Refit-OriginalARIMAGARCH-expanding_quarterly,validation
2022-08-05,2022-08-08,0.1021359274837244,0.8459928251982748,Refit-OriginalARIMAGARCH-expanding_quarterly,validation
2022-08-08,2022-08-09,0.0278750471367201,0.7730705070470503,Refit-OriginalARIMAGARCH-expanding_quarterly,validation
2022-08-09,2022-08-10,0.0349139608846283,0.7033423340186661,Refit-OriginalARIMAGARCH-expanding_quarterly,validation
2022-08-10,2022-08-11,0.1247429178058028,0.6502985956432331,Refit-OriginalARIMAGARCH-expanding_quarterly,validation
2022-08-11,2022-08-12,0.6660254086755314,0.6159643959137449,Refit-OriginalARIMAGARCH-expanding_quarterly,validation
2022-08-12,2022-08-15,0.8759670360790162,0.6567247877874867,Refit-OriginalARIMAGARCH-expanding_quarterly,validation
2022-08-15,2022-08-16,0.0014782571055336,0.6971848107945999,Refit-OriginalARIMAGARCH-expanding_quarterly,validation
2022-08-16,2022-08-17,0.0021413807191485,0.6393378592420697,Refit-OriginalARIMAGARCH-expanding_quarterly,validation
2022-08-17,2022-08-18,0.0161573789935176,0.5894142358733446,Refit-OriginalARIMAGARCH-expanding_quarterly,validation
2022-08-18,2022-08-19,0.124159183844011,0.5504832866488608,Refit-OriginalARIMAGARCH-expanding_quarterly,validation
2022-08-19,2022-08-22,0.4785997007311449,0.531332377267998,Refit-OriginalARIMAGARCH-expanding_quarterly,validation
2022-08-22,2022-08-23,0.6726558406784502,0.5566629795889106,Refit-OriginalARIMAGARCH-expanding_quarterly,validation
2022-08-23,2022-08-24,0.2484394846076955,0.6159564635729793,Refit-OriginalARIMAGARCH-expanding_quarterly,validation
2022-08-24,2022-08-25,0.8344386477124279,0.5940743293671066,Refit-OriginalARIMAGARCH-expanding_quarterly,validation
2022-08-25,2022-08-26,0.2408597797174897,0.6320777529443213,Refit-OriginalARIMAGARCH-expanding_quarterly,validation
2022-08-26,2022-08-29,0.8499464536320859,0.6328793461433244,Refit-OriginalARIMAGARCH-expanding_quarterly,validation
2022-08-29,2022-08-30,0.4538418356510164,0.6980766217153831,Refit-OriginalARIMAGARCH-expanding_quarterly,validation
2022-08-30,2022-08-31,0.0076568491567018,0.7100482338937485,Refit-OriginalARIMAGARCH-expanding_quarterly,validation
2022-08-31,2022-09-05,0.061049351862573,0.6490441947565558,Refit-OriginalARIMAGARCH-expanding_quarterly,validation
2022-09-05,2022-09-06,1.532156699315195e-05,0.6098534185778651,Refit-OriginalARIMAGARCH-expanding_quarterly,validation
2022-09-06,2022-09-07,7.377847328826583,0.5645008055359432,Refit-OriginalARIMAGARCH-expanding_quarterly,validation
2022-09-07,2022-09-08,0.478523332029774,1.4612279634338639,Refit-OriginalARIMAGARCH-expanding_quarterly,validation
2022-09-08,2022-09-09,1.3041739898741895,1.3081771038057926,Refit-OriginalARIMAGARCH-expanding_quarterly,validation
2022-09-09,2022-09-12,0.004521626169754,1.370814695691049,Refit-OriginalARIMAGARCH-expanding_quarterly,validation
2022-09-12,2022-09-13,0.0095408682654198,1.2031662278154271,Refit-OriginalARIMAGARCH-expanding_quarterly,validation
2022-09-13,2022-09-14,0.3758397161006742,1.0675600025939835,Refit-OriginalARIMAGARCH-expanding_quarterly,validation
2022-09-14,2022-09-15,0.1547128388602677,1.0006971708139676,Refit-OriginalARIMAGARCH-expanding_quarterly,validation
2022-09-15,2022-09-16,0.6392848421140832,0.9159894615441098,Refit-OriginalARIMAGARCH-expanding_quarterly,validation
2022-09-16,2022-09-19,6.167092365627429,0.9067263812539941,Refit-OriginalARIMAGARCH-expanding_quarterly,validation
2022-09-19,2022-09-20,1.2403443891166936,1.574707307745998,Refit-OriginalARIMAGARCH-expanding_quarterly,validation
2022-09-20,2022-09-21,0.4759099851621189,1.6005225739272468,Refit-OriginalARIMAGARCH-expanding_quarterly,validation
2022-09-21,2022-09-22,0.1171234903128616,1.4525556033963862,Refit-OriginalARIMAGARCH-expanding_quarterly,validation
2022-09-22,2022-09-23,0.8922637492009945,1.2848315535489885,Refit-OriginalARIMAGARCH-expanding_quarterly,validation
2022-09-23,2022-09-26,5.922583365191483,1.2516019140848176,Refit-OriginalARIMAGARCH-expanding_quarterly,validation
2022-09-26,2022-09-27,0.4452493243663706,1.8212732069687643,Refit-OriginalARIMAGARCH-expanding_quarterly,validation
2022-09-27,2022-09-28,3.9376181571955216,1.605022747726378,Refit-OriginalARIMAGARCH-expanding_quarterly,validation
2022-09-28,2022-09-29,2.391654578614972,1.8139514642027628,Refit-OriginalARIMAGARCH-expanding_quarterly,validation
2022-09-29,2022-09-30,0.2861665228807753,1.8074441723125796,Refit-OriginalARIMAGARCH-expanding_quarterly,validation
2022-09-30,2022-10-03,16.955331578512116,1.638719364609441,Refit-OriginalARIMAGARCH-expanding_quarterly,validation
2022-10-03,2022-10-04,0.5881297526576773,3.5102188082776107,Refit-OriginalARIMAGARCH-expanding_quarterly,validation
2022-10-04,2022-10-05,5.7303230555022,3.0238638486742797,Refit-OriginalARIMAGARCH-expanding_quarterly,validation
2022-10-05,2022-10-06,7.453651936358921,3.462330681224136,Refit-OriginalARIMAGARCH-expanding_quarterly,validation
2022-10-06,2022-10-07,13.391049366085785,3.9977421935114483,Refit-OriginalARIMAGARCH-expanding_quarterly,validation
2022-10-07,2022-10-10,0.3997049579355222,5.015379649903195,Refit-OriginalARIMAGARCH-expanding_quarterly,validation
2022-10-10,2022-10-11,12.54691927074426,4.395708674669112,Refit-OriginalARIMAGARCH-expanding_quarterly,validation
2022-10-11,2022-10-12,7.860720182392412,5.174374432499266,Refit-OriginalARIMAGARCH-expanding_quarterly,validation
2022-10-12,2022-10-13,2.4070722291092697,5.564805710430896,Refit-OriginalARIMAGARCH-expanding_quarterly,validation
2022-10-13,2022-10-14,1.0568030806874944,4.981809862900821,Refit-OriginalARIMAGARCH-expanding_quarterly,validation
2022-10-14,2022-10-17,0.9445652838308308,4.30003566409783,Refit-OriginalARIMAGARCH-expanding_quarterly,validation
2022-10-17,2022-10-18,1.304619909377935,3.839964043014575,Refit-OriginalARIMAGARCH-expanding_quarterly,validation
2022-10-18,2022-10-19,0.1143012847418557,3.438210730324467,Refit-OriginalARIMAGARCH-expanding_quarterly,validation
2022-10-19,2022-10-20,0.0233897216248987,2.956976369806255,Refit-OriginalARIMAGARCH-expanding_quarterly,validation
2022-10-20,2022-10-21,13.823102148731785,2.5380315462883463,Refit-OriginalARIMAGARCH-expanding_quarterly,validation
2022-10-21,2022-10-24,11.27142788246664,3.9115815343190192,Refit-OriginalARIMAGARCH-expanding_quarterly,validation
2022-10-24,2022-10-25,0.2552819963060921,4.490214738795243,Refit-OriginalARIMAGARCH-expanding_quarterly,validation
2022-10-25,2022-10-26,0.2322552175172126,3.818793982702629,Refit-OriginalARIMAGARCH-expanding_quarterly,validation
2022-10-26,2022-10-27,17.476545289293156,3.3181646384129775,Refit-OriginalARIMAGARCH-expanding_quarterly,validation
2022-10-27,2022-10-28,0.0040004302898497,4.98113410762692,Refit-OriginalARIMAGARCH-expanding_quarterly,validation
2022-10-28,2022-10-31,0.003185411598369,4.260187816371129,Refit-OriginalARIMAGARCH-expanding_quarterly,validation
2022-10-31,2022-11-01,0.3176638729946111,3.630472860565687,Refit-OriginalARIMAGARCH-expanding_quarterly,validation
2022-11-01,2022-11-02,1.0542708806933592,3.1307788044016807,Refit-OriginalARIMAGARCH-expanding_quarterly,validation
2022-11-02,2022-11-03,0.1094857130367321,2.82398961163756,Refit-OriginalARIMAGARCH-expanding_quarterly,validation
2022-11-03,2022-11-04,5.049190747098641,2.4325103688273275,Refit-OriginalARIMAGARCH-expanding_quarterly,validation
2022-11-04,2022-11-07,4.95903292212355,2.692914689337854,Refit-OriginalARIMAGARCH-expanding_quarterly,validation
2022-11-07,2022-11-08,0.4359307936718208,2.8255632922011595,Refit-OriginalARIMAGARCH-expanding_quarterly,validation
2022-11-08,2022-11-09,0.1604496978685764,2.5350804496292265,Refit-OriginalARIMAGARCH-expanding_quarterly,validation
2022-11-09,2022-11-10,15.751336654060546,2.2051837094383555,Refit-OriginalARIMAGARCH-expanding_quarterly,validation
2022-11-10,2022-11-11,0.5877644540297541,3.9587583297503457,Refit-OriginalARIMAGARCH-expanding_quarterly,validation
2022-11-11,2022-11-14,2.025904181968848,3.509610837291087,Refit-OriginalARIMAGARCH-expanding_quarterly,validation
2022-11-14,2022-11-15,9.894366349346946,3.2073769602872932,Refit-OriginalARIMAGARCH-expanding_quarterly,validation
2022-11-15,2022-11-16,11.17558049000805,3.908759022531311,Refit-OriginalARIMAGARCH-expanding_quarterly,validation
2022-11-16,2022-11-17,7.602516501605635,4.985916344413705,Refit-OriginalARIMAGARCH-expanding_quarterly,validation
2022-11-17,2022-11-18,5.215358122437767e-05,5.094092887984347,Refit-OriginalARIMAGARCH-expanding_quarterly,validation
2022-11-18,2022-11-21,0.8090953049399706,4.3466276233829015,Refit-OriginalARIMAGARCH-expanding_quarterly,validation
2022-11-21,2022-11-22,0.7954965643291928,3.852701240196761,Refit-OriginalARIMAGARCH-expanding_quarterly,validation
2022-11-22,2022-11-23,0.4158325821141256,3.3725676232672948,Refit-OriginalARIMAGARCH-expanding_quarterly,validation
2022-11-23,2022-11-24,0.0326156098281846,2.9159564827522355,Refit-OriginalARIMAGARCH-expanding_quarterly,validation
2022-11-24,2022-11-25,6.126390414606435,2.5079126295601815,Refit-OriginalARIMAGARCH-expanding_quarterly,validation
2022-11-25,2022-11-28,11.99171626886051,2.9188400025438748,Refit-OriginalARIMAGARCH-expanding_quarterly,validation
2022-11-28,2022-11-29,6.749510839154126,3.7911809326500077,Refit-OriginalARIMAGARCH-expanding_quarterly,validation
2022-11-29,2022-11-30,2.4431488019656613,3.8028968820854523,Refit-OriginalARIMAGARCH-expanding_quarterly,validation
2022-11-30,2022-12-01,1.3565007887137526,3.3970469067653473,Refit-OriginalARIMAGARCH-expanding_quarterly,validation
2022-12-01,2022-12-02,17.084105039989844,3.1728701221015045,Refit-OriginalARIMAGARCH-expanding_quarterly,validation
2022-12-02,2022-12-05,1.5797254157342264,4.841849731499639,Refit-OriginalARIMAGARCH-expanding_quarterly,validation
2022-12-05,2022-12-06,17.637687522394646,4.224845188140834,Refit-OriginalARIMAGARCH-expanding_quarterly,validation
2022-12-06,2022-12-07,0.5388682275570345,6.164067068595742,Refit-OriginalARIMAGARCH-expanding_quarterly,validation
2022-12-07,2022-12-08,0.8269714352452323,5.252681865865909,Refit-OriginalARIMAGARCH-expanding_quarterly,validation
2022-12-08,2022-12-09,0.0148277116225318,4.633619648789145,Refit-OriginalARIMAGARCH-expanding_quarterly,validation
2022-12-09,2022-12-12,3.589507425464579,3.940053531195475,Refit-OriginalARIMAGARCH-expanding_quarterly,validation
2022-12-12,2022-12-13,2.1880754664799307,3.853827197480398,Refit-OriginalARIMAGARCH-expanding_quarterly,validation
2022-12-13,2022-12-14,0.0807108309118899,3.6038232745703915,Refit-OriginalARIMAGARCH-expanding_quarterly,validation
2022-12-14,2022-12-15,0.2157077020057238,3.08269753583811,Refit-OriginalARIMAGARCH-expanding_quarterly,validation
2022-12-15,2022-12-16,0.072617015649584,2.65416563180643,Refit-OriginalARIMAGARCH-expanding_quarterly,validation
2022-12-16,2022-12-19,1.813928705292506,2.296368210827642,Refit-OriginalARIMAGARCH-expanding_quarterly,validation
2022-12-19,2022-12-20,2.1946973166474533,2.212912123820881,Refit-OriginalARIMAGARCH-expanding_quarterly,validation
2022-12-20,2022-12-21,0.1732700004356016,2.1450730294155806,Refit-OriginalARIMAGARCH-expanding_quarterly,validation
2022-12-21,2022-12-22,0.1335316168500294,1.859524866840372,Refit-OriginalARIMAGARCH-expanding_quarterly,validation
2022-12-22,2022-12-23,0.0493851739530653,1.6403290110732789,Refit-OriginalARIMAGARCH-expanding_quarterly,validation
2022-12-23,2022-12-26,12.275470581243656,1.4374273886833904,Refit-OriginalARIMAGARCH-expanding_quarterly,validation
2022-12-26,2022-12-27,3.78693616836278,2.817514612627008,Refit-OriginalARIMAGARCH-expanding_quarterly,validation
2022-12-27,2022-12-28,1.2053971949970186,3.0376398587482107,Refit-OriginalARIMAGARCH-expanding_quarterly,validation
2022-12-28,2022-12-29,0.3958340163318585,2.751596139372811,Refit-OriginalARIMAGARCH-expanding_quarterly,validation
2022-12-29,2022-12-30,0.047616879962563,2.446677297225774,Refit-OriginalARIMAGARCH-expanding_quarterly,validation
