date,target_date,actual_var,pred_var,model,split
2023-02-06,2023-02-07,4.736232587067869,1.8269426728737161,ComboMean-PoolB_GARCH_Neural,test
2023-02-07,2023-02-08,0.3561755878073738,2.140209338805712,ComboMean-PoolB_GARCH_Neural,test
2023-02-08,2023-02-09,0.5879330834697908,2.0117957114981504,ComboMean-PoolB_GARCH_Neural,test
2023-02-09,2023-02-10,0.6787287097613596,2.026982881243139,ComboMean-PoolB_GARCH_Neural,test
2023-02-10,2023-02-13,1.2216869517708149,2.057620879031174,ComboMean-PoolB_GARCH_Neural,test
2023-02-13,2023-02-14,0.2361888824871934,2.0685747449582426,ComboMean-PoolB_GARCH_Neural,test
2023-02-14,2023-02-15,0.8394668425834446,2.003726142323094,ComboMean-PoolB_GARCH_Neural,test
2023-02-15,2023-02-16,0.9177621933014196,1.8613603137344321,ComboMean-PoolB_GARCH_Neural,test
2023-02-16,2023-02-17,0.0092805250097098,1.7448566029344763,ComboMean-PoolB_GARCH_Neural,test
2023-02-17,2023-02-20,6.512002780573765,1.6242796496389529,ComboMean-PoolB_GARCH_Neural,test
2023-02-20,2023-02-21,0.1691390418565458,1.7128020345733799,ComboMean-PoolB_GARCH_Neural,test
2023-02-21,2023-02-22,6.846416409130559,1.656901757024131,ComboMean-PoolB_GARCH_Neural,test
2023-02-22,2023-02-23,0.0034604047962046,2.105356308865886,ComboMean-PoolB_GARCH_Neural,test
2023-02-23,2023-02-24,1.8150207850841689,1.9749463880759568,ComboMean-PoolB_GARCH_Neural,test
2023-02-24,2023-02-27,3.1577928002505518,2.193799762519998,ComboMean-PoolB_GARCH_Neural,test
2023-02-27,2023-02-28,0.1124261928232939,2.4209709611942807,ComboMean-PoolB_GARCH_Neural,test
2023-02-28,2023-03-01,2.362077222441523,2.2494162249254415,ComboMean-PoolB_GARCH_Neural,test
2023-03-01,2023-03-02,0.0800566234507277,2.1273052626327216,ComboMean-PoolB_GARCH_Neural,test
2023-03-02,2023-03-03,1.5504718457013609,1.9831522918863715,ComboMean-PoolB_GARCH_Neural,test
2023-03-03,2023-03-06,0.0551773612932756,2.0723039327025625,ComboMean-PoolB_GARCH_Neural,test
2023-03-06,2023-03-07,1.0659420423683896,1.9120791221067357,ComboMean-PoolB_GARCH_Neural,test
2023-03-07,2023-03-08,1.180976964777076,1.8113985532449548,ComboMean-PoolB_GARCH_Neural,test
2023-03-08,2023-03-09,0.4136971055728827,1.7128216476001028,ComboMean-PoolB_GARCH_Neural,test
2023-03-09,2023-03-10,0.078265798957639,1.6257970907064614,ComboMean-PoolB_GARCH_Neural,test
2023-03-10,2023-03-13,0.0003608159625681,1.5704405746691872,ComboMean-PoolB_GARCH_Neural,test
2023-03-13,2023-03-14,1.4659340258862177,1.5125129595499667,ComboMean-PoolB_GARCH_Neural,test
2023-03-14,2023-03-15,4.404587524685249,1.6314583294198395,ComboMean-PoolB_GARCH_Neural,test
2023-03-15,2023-03-16,1.966140070411206,1.6723515209838817,ComboMean-PoolB_GARCH_Neural,test
2023-03-16,2023-03-17,0.0466583815583474,1.8140968463306304,ComboMean-PoolB_GARCH_Neural,test
2023-03-17,2023-03-20,4.542701346022625,1.7587641885014762,ComboMean-PoolB_GARCH_Neural,test
2023-03-20,2023-03-21,0.8241032078763476,2.1212765061179395,ComboMean-PoolB_GARCH_Neural,test
2023-03-21,2023-03-22,0.6122377400151076,2.0643662445525908,ComboMean-PoolB_GARCH_Neural,test
2023-03-22,2023-03-23,0.1912107767600162,1.9172746040060429,ComboMean-PoolB_GARCH_Neural,test
2023-03-23,2023-03-24,0.0261069358389794,1.7775572767089376,ComboMean-PoolB_GARCH_Neural,test
2023-03-24,2023-03-27,0.2706486133246383,1.6582433842127622,ComboMean-PoolB_GARCH_Neural,test
2023-03-27,2023-03-28,0.0375129464792075,1.5802166794928123,ComboMean-PoolB_GARCH_Neural,test
2023-03-28,2023-03-29,0.0373680554186715,1.522735017497353,ComboMean-PoolB_GARCH_Neural,test
2023-03-29,2023-03-30,0.0864260143113033,1.4384055796504043,ComboMean-PoolB_GARCH_Neural,test
2023-03-30,2023-03-31,0.2397323675517269,1.404065983463033,ComboMean-PoolB_GARCH_Neural,test
2023-03-31,2023-04-03,1.8652562093058924,1.3738559486122714,ComboMean-PoolB_GARCH_Neural,test
2023-04-03,2023-04-04,0.0059186412860023,1.3907188359589402,ComboMean-PoolB_GARCH_Neural,test
2023-04-04,2023-04-05,0.0498269661847383,1.3759174381810277,ComboMean-PoolB_GARCH_Neural,test
2023-04-05,2023-04-06,0.8553042836437406,1.3537675715350852,ComboMean-PoolB_GARCH_Neural,test
2023-04-06,2023-04-07,0.0125702355791553,1.4698427182966851,ComboMean-PoolB_GARCH_Neural,test
2023-04-07,2023-04-10,0.1668068990512428,1.4054693943041456,ComboMean-PoolB_GARCH_Neural,test
2023-04-10,2023-04-11,0.1482607699784405,1.4329734918498,ComboMean-PoolB_GARCH_Neural,test
2023-04-11,2023-04-12,8.743291732272662e-07,1.3808531960902286,ComboMean-PoolB_GARCH_Neural,test
2023-04-12,2023-04-13,0.2330177840007939,1.3510480338541515,ComboMean-PoolB_GARCH_Neural,test
2023-04-13,2023-04-14,1.1617696349612645,1.3525246037061225,ComboMean-PoolB_GARCH_Neural,test
2023-04-14,2023-04-17,0.0076283447272982,1.4477085517869526,ComboMean-PoolB_GARCH_Neural,test
2023-04-17,2023-04-18,0.0131688449679895,1.3690129547868974,ComboMean-PoolB_GARCH_Neural,test
2023-04-18,2023-04-19,0.3296437026732272,1.3252475581670593,ComboMean-PoolB_GARCH_Neural,test
2023-04-19,2023-04-20,0.0006623405434785,1.329215874112211,ComboMean-PoolB_GARCH_Neural,test
2023-04-20,2023-04-21,0.3673257523211698,1.2627032096246311,ComboMean-PoolB_GARCH_Neural,test
2023-04-21,2023-04-24,0.0221215519921837,1.2817564776740598,ComboMean-PoolB_GARCH_Neural,test
2023-04-24,2023-04-25,0.3932622485353985,1.2467533886358935,ComboMean-PoolB_GARCH_Neural,test
2023-04-25,2023-04-26,0.328691182889417,1.2621980482611033,ComboMean-PoolB_GARCH_Neural,test
2023-04-26,2023-04-27,0.0126510214171176,1.220049903338211,ComboMean-PoolB_GARCH_Neural,test
2023-04-27,2023-04-28,0.8257060505705139,1.1985269649185157,ComboMean-PoolB_GARCH_Neural,test
2023-04-28,2023-05-04,0.663351259487948,1.1897416676187564,ComboMean-PoolB_GARCH_Neural,test
2023-05-04,2023-05-05,0.0008313650023289,1.2561276227390876,ComboMean-PoolB_GARCH_Neural,test
2023-05-05,2023-05-08,1.5730813455266768,1.216497779177647,ComboMean-PoolB_GARCH_Neural,test
2023-05-08,2023-05-09,0.0009810073041391,1.2236034286410045,ComboMean-PoolB_GARCH_Neural,test
2023-05-09,2023-05-10,0.1807814295588449,1.2050418214629608,ComboMean-PoolB_GARCH_Neural,test
2023-05-10,2023-05-11,0.0116169732719969,1.207040070680005,ComboMean-PoolB_GARCH_Neural,test
2023-05-11,2023-05-12,0.8480601097426534,1.2141885075304943,ComboMean-PoolB_GARCH_Neural,test
2023-05-12,2023-05-15,0.0124546383596074,1.220537135821119,ComboMean-PoolB_GARCH_Neural,test
2023-05-15,2023-05-16,0.0003521278803455,1.2430654638137348,ComboMean-PoolB_GARCH_Neural,test
2023-05-16,2023-05-17,0.2647079940558091,1.2108779038708126,ComboMean-PoolB_GARCH_Neural,test
2023-05-17,2023-05-18,0.5467189046851431,1.2613955736062263,ComboMean-PoolB_GARCH_Neural,test
2023-05-18,2023-05-19,0.0134881726921275,1.2302362601729946,ComboMean-PoolB_GARCH_Neural,test
2023-05-19,2023-05-22,0.1115577260954784,1.2378855883755875,ComboMean-PoolB_GARCH_Neural,test
2023-05-22,2023-05-23,0.2010623455676166,1.2170643586823997,ComboMean-PoolB_GARCH_Neural,test
2023-05-23,2023-05-24,0.1456521231551851,1.252109123892085,ComboMean-PoolB_GARCH_Neural,test
2023-05-24,2023-05-25,0.0713508401309495,1.2734979349061413,ComboMean-PoolB_GARCH_Neural,test
2023-05-25,2023-05-26,0.006683379548905,1.2450652981155783,ComboMean-PoolB_GARCH_Neural,test
2023-05-26,2023-05-29,1.1008741895280585,1.2271477501415946,ComboMean-PoolB_GARCH_Neural,test
2023-05-29,2023-05-30,0.0813274524532,1.2375970831740362,ComboMean-PoolB_GARCH_Neural,test
2023-05-30,2023-05-31,0.0715597269351419,1.2469949025920108,ComboMean-PoolB_GARCH_Neural,test
2023-05-31,2023-06-01,0.0894248931377806,1.274971229081289,ComboMean-PoolB_GARCH_Neural,test
2023-06-01,2023-06-02,1.3176407801372392,1.2545510341878514,ComboMean-PoolB_GARCH_Neural,test
2023-06-02,2023-06-05,0.4068339428608296,1.2973406809556118,ComboMean-PoolB_GARCH_Neural,test
2023-06-05,2023-06-06,0.9043890866960916,1.292201408710322,ComboMean-PoolB_GARCH_Neural,test
2023-06-06,2023-06-07,0.0123028566285396,1.2771462950435513,ComboMean-PoolB_GARCH_Neural,test
2023-06-07,2023-06-08,0.5529490855904797,1.3042560235955971,ComboMean-PoolB_GARCH_Neural,test
2023-06-08,2023-06-09,0.3161644467066298,1.4211839739881915,ComboMean-PoolB_GARCH_Neural,test
2023-06-09,2023-06-12,0.5831574033164091,1.347947712158259,ComboMean-PoolB_GARCH_Neural,test
2023-06-12,2023-06-13,0.3310759893352936,1.32571068596985,ComboMean-PoolB_GARCH_Neural,test
2023-06-13,2023-06-14,0.2025223817587841,1.3398737458291017,ComboMean-PoolB_GARCH_Neural,test
2023-06-14,2023-06-15,0.0016224341258812,1.3665705661731316,ComboMean-PoolB_GARCH_Neural,test
2023-06-15,2023-06-16,0.024585211583996,1.3234654921524023,ComboMean-PoolB_GARCH_Neural,test
2023-06-16,2023-06-19,0.7822402072538185,1.397939252384239,ComboMean-PoolB_GARCH_Neural,test
2023-06-19,2023-06-20,0.3250259985876756,1.4042242092640436,ComboMean-PoolB_GARCH_Neural,test
2023-06-20,2023-06-21,0.3653445181035127,1.3528233739132725,ComboMean-PoolB_GARCH_Neural,test
2023-06-21,2023-06-22,0.3717252672960691,1.3663871753822687,ComboMean-PoolB_GARCH_Neural,test
2023-06-22,2023-06-23,0.1309819466607628,1.3593656983103344,ComboMean-PoolB_GARCH_Neural,test
2023-06-23,2023-06-26,0.0549279663710728,1.355229836925897,ComboMean-PoolB_GARCH_Neural,test
2023-06-26,2023-06-27,0.0411962958640958,1.3632482120732679,ComboMean-PoolB_GARCH_Neural,test
2023-06-27,2023-06-28,0.1251516048900254,1.294270234879474,ComboMean-PoolB_GARCH_Neural,test
2023-06-28,2023-06-29,1.3110715533307906,1.3058046867339252,ComboMean-PoolB_GARCH_Neural,test
2023-06-29,2023-06-30,0.2153197174085333,1.4288323682282642,ComboMean-PoolB_GARCH_Neural,test
2023-06-30,2023-07-03,0.2244859363593752,1.392070030304096,ComboMean-PoolB_GARCH_Neural,test
2023-07-03,2023-07-04,0.331614557206894,1.3531643428914764,ComboMean-PoolB_GARCH_Neural,test
2023-07-04,2023-07-05,0.0534448088033697,1.3406677894680852,ComboMean-PoolB_GARCH_Neural,test
2023-07-05,2023-07-06,0.5521828368120864,1.3423403032256866,ComboMean-PoolB_GARCH_Neural,test
2023-07-06,2023-07-07,1.0955709924740076,1.4188005563536157,ComboMean-PoolB_GARCH_Neural,test
2023-07-07,2023-07-10,0.9169134777331625,1.37957047600317,ComboMean-PoolB_GARCH_Neural,test
2023-07-10,2023-07-11,0.057144157007868,1.3983032695306408,ComboMean-PoolB_GARCH_Neural,test
2023-07-11,2023-07-12,0.0444186703613796,1.394362656036769,ComboMean-PoolB_GARCH_Neural,test
2023-07-12,2023-07-13,0.9358770339385756,1.3534522807087863,ComboMean-PoolB_GARCH_Neural,test
2023-07-13,2023-07-14,0.0652166185346891,1.3559944950780054,ComboMean-PoolB_GARCH_Neural,test
2023-07-14,2023-07-17,0.1632239943294482,1.3892536806072235,ComboMean-PoolB_GARCH_Neural,test
2023-07-17,2023-07-18,0.0066910598075562,1.3581822769357332,ComboMean-PoolB_GARCH_Neural,test
2023-07-18,2023-07-19,0.0089465157105592,1.3314299492609787,ComboMean-PoolB_GARCH_Neural,test
2023-07-19,2023-07-20,0.0002100775164203,1.3369983573889686,ComboMean-PoolB_GARCH_Neural,test
2023-07-20,2023-07-21,1.2319670859049314,1.3119491474437925,ComboMean-PoolB_GARCH_Neural,test
2023-07-21,2023-07-24,0.164526463877313,1.3410031976861516,ComboMean-PoolB_GARCH_Neural,test
2023-07-24,2023-07-25,0.1884318549081098,1.3469813589919168,ComboMean-PoolB_GARCH_Neural,test
2023-07-25,2023-07-26,0.1699312574616927,1.334240148166865,ComboMean-PoolB_GARCH_Neural,test
2023-07-26,2023-07-27,0.0856869950327944,1.3170050540974922,ComboMean-PoolB_GARCH_Neural,test
2023-07-27,2023-07-28,0.7393945741890614,1.376909429233602,ComboMean-PoolB_GARCH_Neural,test
2023-07-28,2023-07-31,1.5705613280253743,1.3698863030578659,ComboMean-PoolB_GARCH_Neural,test
2023-07-31,2023-08-01,0.191513989792846,1.396448681571349,ComboMean-PoolB_GARCH_Neural,test
2023-08-01,2023-08-02,0.0554319741987418,1.4435550212903931,ComboMean-PoolB_GARCH_Neural,test
2023-08-02,2023-08-03,0.6081005379926719,1.3638371712917217,ComboMean-PoolB_GARCH_Neural,test
2023-08-03,2023-08-04,1.5216082607669985,1.4613043387577478,ComboMean-PoolB_GARCH_Neural,test
2023-08-04,2023-08-07,1.5663427455149326,1.465683661806757,ComboMean-PoolB_GARCH_Neural,test
2023-08-07,2023-08-08,0.0042545072808971,1.4628666399313852,ComboMean-PoolB_GARCH_Neural,test
2023-08-08,2023-08-09,0.4429341513499315,1.4438359111978358,ComboMean-PoolB_GARCH_Neural,test
2023-08-09,2023-08-10,1.18855521360565,1.481231459477939,ComboMean-PoolB_GARCH_Neural,test
2023-08-10,2023-08-11,0.8946457187409982,1.5757837193786044,ComboMean-PoolB_GARCH_Neural,test
2023-08-11,2023-08-14,0.1406576061529025,1.54638774838614,ComboMean-PoolB_GARCH_Neural,test
2023-08-14,2023-08-15,0.0509990332423939,1.5298567537220662,ComboMean-PoolB_GARCH_Neural,test
2023-08-15,2023-08-16,0.5528693854620391,1.4848929133347715,ComboMean-PoolB_GARCH_Neural,test
2023-08-16,2023-08-17,0.6237080926504832,1.4684728544955898,ComboMean-PoolB_GARCH_Neural,test
2023-08-17,2023-08-18,21.187467781738864,1.57279162243048,ComboMean-PoolB_GARCH_Neural,test
2023-08-18,2023-08-21,0.0225429724444894,2.4398318024198913,ComboMean-PoolB_GARCH_Neural,test
2023-08-21,2023-08-22,0.0038263943505654,2.1848292789180106,ComboMean-PoolB_GARCH_Neural,test
2023-08-22,2023-08-23,0.4543048185096983,2.051060722946946,ComboMean-PoolB_GARCH_Neural,test
2023-08-23,2023-08-24,2.030960720400387,2.0165092293130793,ComboMean-PoolB_GARCH_Neural,test
2023-08-24,2023-08-25,0.2574822009117362,1.9680208889154063,ComboMean-PoolB_GARCH_Neural,test
2023-08-25,2023-08-28,2.3677711449578327,1.9271499611772611,ComboMean-PoolB_GARCH_Neural,test
2023-08-28,2023-08-29,0.0507403600472885,1.8985006273573677,ComboMean-PoolB_GARCH_Neural,test
2023-08-29,2023-08-30,0.521587233427783,1.8291330631830458,ComboMean-PoolB_GARCH_Neural,test
2023-08-30,2023-08-31,0.798611626583033,1.7845481559832332,ComboMean-PoolB_GARCH_Neural,test
2023-08-31,2023-09-05,0.790275250555677,1.7518652128476013,ComboMean-PoolB_GARCH_Neural,test
2023-09-05,2023-09-06,0.7194907575034776,1.7088160847980531,ComboMean-PoolB_GARCH_Neural,test
2023-09-06,2023-09-07,0.0359716287929884,1.6863480629280345,ComboMean-PoolB_GARCH_Neural,test
2023-09-07,2023-09-08,0.0178548556372743,1.6729361666718447,ComboMean-PoolB_GARCH_Neural,test
2023-09-08,2023-09-11,2.097389099277001,1.6355083681837022,ComboMean-PoolB_GARCH_Neural,test
2023-09-11,2023-09-12,3.1212396050656377,1.8098466632977948,ComboMean-PoolB_GARCH_Neural,test
2023-09-12,2023-09-13,0.3222528903899724,1.7478092450196594,ComboMean-PoolB_GARCH_Neural,test
2023-09-13,2023-09-14,1.4026151894519558,1.7736706355411456,ComboMean-PoolB_GARCH_Neural,test
2023-09-14,2023-09-15,0.0839016379792105,1.861871964945693,ComboMean-PoolB_GARCH_Neural,test
2023-09-15,2023-09-18,1.6257299462595711,1.7592857384850369,ComboMean-PoolB_GARCH_Neural,test
2023-09-18,2023-09-19,0.000654584074098,1.8710824815126794,ComboMean-PoolB_GARCH_Neural,test
2023-09-19,2023-09-20,1.4369523878233037,1.7825976512332473,ComboMean-PoolB_GARCH_Neural,test
2023-09-20,2023-09-21,1.2021573804780938,1.7197282166805539,ComboMean-PoolB_GARCH_Neural,test
2023-09-21,2023-09-22,2.67951003310709,1.8279267224115676,ComboMean-PoolB_GARCH_Neural,test
2023-09-22,2023-09-25,11.541216926620844,2.0039248816522455,ComboMean-PoolB_GARCH_Neural,test
2023-09-25,2023-09-26,1.7698314100181254,2.588233360981987,ComboMean-PoolB_GARCH_Neural,test
2023-09-26,2023-09-27,1.922934467977144,2.5436966577389315,ComboMean-PoolB_GARCH_Neural,test
2023-09-27,2023-09-28,0.0151639632836694,2.3597918556495294,ComboMean-PoolB_GARCH_Neural,test
2023-09-28,2023-09-29,0.02224231577349,2.1664257712665713,ComboMean-PoolB_GARCH_Neural,test
2023-09-29,2023-10-02,0.0090750098350391,2.0157423351125603,ComboMean-PoolB_GARCH_Neural,test
2023-10-02,2023-10-03,10.683716279206385,1.902367570258067,ComboMean-PoolB_GARCH_Neural,test
2023-10-03,2023-10-04,0.8853176884286172,2.560705221020326,ComboMean-PoolB_GARCH_Neural,test
2023-10-04,2023-10-05,1.7375339257639013,2.3324214924045203,ComboMean-PoolB_GARCH_Neural,test
2023-10-05,2023-10-06,1.7072998751511268,2.4398730942954794,ComboMean-PoolB_GARCH_Neural,test
2023-10-06,2023-10-09,0.6060662073826656,2.2949742825200654,ComboMean-PoolB_GARCH_Neural,test
2023-10-09,2023-10-10,0.3080349756366544,2.108367616528574,ComboMean-PoolB_GARCH_Neural,test
2023-10-10,2023-10-11,0.3851648462229108,1.9771131055337925,ComboMean-PoolB_GARCH_Neural,test
2023-10-11,2023-10-12,0.0048291522978458,1.8707448356733702,ComboMean-PoolB_GARCH_Neural,test
2023-10-12,2023-10-13,0.0732020168306359,1.7923167141146625,ComboMean-PoolB_GARCH_Neural,test
2023-10-13,2023-10-16,1.3440806213781142,1.7198849480489682,ComboMean-PoolB_GARCH_Neural,test
2023-10-16,2023-10-17,3.052807721519015,1.8289028882203586,ComboMean-PoolB_GARCH_Neural,test
2023-10-17,2023-10-18,2.691074109609036,2.0522473139194704,ComboMean-PoolB_GARCH_Neural,test
2023-10-18,2023-10-19,2.014426845995019,2.20019162116747,ComboMean-PoolB_GARCH_Neural,test
2023-10-19,2023-10-20,3.37838828040453,2.278562872749335,ComboMean-PoolB_GARCH_Neural,test
2023-10-20,2023-10-23,1.7351918672263549,2.195794152061018,ComboMean-PoolB_GARCH_Neural,test
2023-10-23,2023-10-24,1.2652847100550173,2.2739510882019527,ComboMean-PoolB_GARCH_Neural,test
2023-10-24,2023-10-25,0.1475596920145903,2.1475173588313456,ComboMean-PoolB_GARCH_Neural,test
2023-10-25,2023-10-26,18.362010800338208,2.034077752374453,ComboMean-PoolB_GARCH_Neural,test
2023-10-26,2023-10-27,0.2387716417217482,2.9842839559666245,ComboMean-PoolB_GARCH_Neural,test
2023-10-27,2023-10-30,3.0025597858118136,2.6786283289808885,ComboMean-PoolB_GARCH_Neural,test
2023-10-30,2023-10-31,1.8839681619493045,2.9659583930931013,ComboMean-PoolB_GARCH_Neural,test
2023-10-31,2023-11-01,1.230715501580414,2.9167227971428207,ComboMean-PoolB_GARCH_Neural,test
2023-11-01,2023-11-02,11.467731176476716,2.6530326635450616,ComboMean-PoolB_GARCH_Neural,test
2023-11-02,2023-11-03,0.0148189440021049,2.6421505946865294,ComboMean-PoolB_GARCH_Neural,test
2023-11-03,2023-11-06,1.4138672012584073,2.290355733898681,ComboMean-PoolB_GARCH_Neural,test
2023-11-06,2023-11-07,0.7458390495009208,2.172124547920341,ComboMean-PoolB_GARCH_Neural,test
2023-11-07,2023-11-08,9.129956144189087,2.2000402527327036,ComboMean-PoolB_GARCH_Neural,test
2023-11-08,2023-11-09,0.0017061233763225,2.280024845308575,ComboMean-PoolB_GARCH_Neural,test
2023-11-09,2023-11-10,1.2148681903111338,2.0634622644510237,ComboMean-PoolB_GARCH_Neural,test
2023-11-10,2023-11-13,0.0213882813414155,2.1312545593198093,ComboMean-PoolB_GARCH_Neural,test
2023-11-13,2023-11-14,0.7643879612116624,2.0110410688926015,ComboMean-PoolB_GARCH_Neural,test
2023-11-14,2023-11-15,1.309101680363533,1.94475414195362,ComboMean-PoolB_GARCH_Neural,test
2023-11-15,2023-11-16,0.0726677258555493,1.8867567851987048,ComboMean-PoolB_GARCH_Neural,test
2023-11-16,2023-11-17,4.779742663796966,1.7675409756860305,ComboMean-PoolB_GARCH_Neural,test
2023-11-17,2023-11-20,0.0501991268589152,2.0784851152999395,ComboMean-PoolB_GARCH_Neural,test
2023-11-20,2023-11-21,0.3772925570702379,1.9290199815528255,ComboMean-PoolB_GARCH_Neural,test
2023-11-21,2023-11-22,0.0912767762573235,1.8429441518300473,ComboMean-PoolB_GARCH_Neural,test
2023-11-22,2023-11-23,5.291901747240125,1.7740581036487906,ComboMean-PoolB_GARCH_Neural,test
2023-11-23,2023-11-24,0.4250871900618609,2.0902123738932525,ComboMean-PoolB_GARCH_Neural,test
2023-11-24,2023-11-27,0.4781711175817431,1.9593400285379863,ComboMean-PoolB_GARCH_Neural,test
2023-11-27,2023-11-28,0.4557176520002135,1.931851419582436,ComboMean-PoolB_GARCH_Neural,test
2023-11-28,2023-11-29,0.4496265629344425,1.8452866253758389,ComboMean-PoolB_GARCH_Neural,test
2023-11-29,2023-11-30,0.6229744807299576,1.756757551920788,ComboMean-PoolB_GARCH_Neural,test
2023-11-30,2023-12-01,0.5347066481770756,1.7989957735680628,ComboMean-PoolB_GARCH_Neural,test
2023-12-01,2023-12-04,2.720585966130201,1.7201906693837756,ComboMean-PoolB_GARCH_Neural,test
2023-12-04,2023-12-05,0.163386350982878,1.765914882380811,ComboMean-PoolB_GARCH_Neural,test
2023-12-05,2023-12-06,0.8703691532467039,1.7215580440074292,ComboMean-PoolB_GARCH_Neural,test
2023-12-06,2023-12-07,0.193176184914791,1.6745227581641506,ComboMean-PoolB_GARCH_Neural,test
2023-12-07,2023-12-08,0.0690100099875838,1.752685377969348,ComboMean-PoolB_GARCH_Neural,test
2023-12-08,2023-12-11,0.0088783019772855,1.63323947955793,ComboMean-PoolB_GARCH_Neural,test
2023-12-11,2023-12-12,0.0357476055077411,1.5590796787086552,ComboMean-PoolB_GARCH_Neural,test
2023-12-12,2023-12-13,1.4355458045904153,1.4951671382181002,ComboMean-PoolB_GARCH_Neural,test
2023-12-13,2023-12-14,0.1339218193100039,1.6475290655572525,ComboMean-PoolB_GARCH_Neural,test
2023-12-14,2023-12-15,0.501011926570286,1.6038225121584484,ComboMean-PoolB_GARCH_Neural,test
2023-12-15,2023-12-18,0.9021057574713134,1.6407899701771762,ComboMean-PoolB_GARCH_Neural,test
2023-12-18,2023-12-19,0.163207316046184,1.6825661158676226,ComboMean-PoolB_GARCH_Neural,test
2023-12-19,2023-12-20,0.1648341022859622,1.6051615162234931,ComboMean-PoolB_GARCH_Neural,test
2023-12-20,2023-12-21,0.0229820728280408,1.524116843379815,ComboMean-PoolB_GARCH_Neural,test
2023-12-21,2023-12-22,0.003263855536434,1.4571824965403275,ComboMean-PoolB_GARCH_Neural,test
2023-12-22,2023-12-25,1.728982548756669,1.4091810877345319,ComboMean-PoolB_GARCH_Neural,test
2023-12-25,2023-12-26,0.1679675706187517,1.3915201361973126,ComboMean-PoolB_GARCH_Neural,test
2023-12-26,2023-12-27,0.0005368687109465,1.379682719752577,ComboMean-PoolB_GARCH_Neural,test
2023-12-27,2023-12-28,0.3802432948523992,1.3646113312442478,ComboMean-PoolB_GARCH_Neural,test
2023-12-28,2023-12-29,0.0078393746118935,1.34938291930409,ComboMean-PoolB_GARCH_Neural,test
2023-12-29,2024-01-02,0.0250562134986935,1.3426310974202977,ComboMean-PoolB_GARCH_Neural,test
2024-01-02,2024-01-03,1.197029417048885,1.3505928961543834,ComboMean-PoolB_GARCH_Neural,test
2024-01-03,2024-01-04,0.3258526092006003,1.3217876244536941,ComboMean-PoolB_GARCH_Neural,test
2024-01-04,2024-01-05,0.1180208232703248,1.4133044455404975,ComboMean-PoolB_GARCH_Neural,test
2024-01-05,2024-01-08,0.2266269824272246,1.3457506007175477,ComboMean-PoolB_GARCH_Neural,test
2024-01-08,2024-01-09,0.0190450011331964,1.3481566761650747,ComboMean-PoolB_GARCH_Neural,test
2024-01-09,2024-01-10,0.0646665738710911,1.3565413671780606,ComboMean-PoolB_GARCH_Neural,test
2024-01-10,2024-01-11,0.0034252738431133,1.3725240855642555,ComboMean-PoolB_GARCH_Neural,test
2024-01-11,2024-01-12,0.4213826457560849,1.3337750750939994,ComboMean-PoolB_GARCH_Neural,test
2024-01-12,2024-01-15,0.0025242702278622,1.4405026629795943,ComboMean-PoolB_GARCH_Neural,test
2024-01-15,2024-01-16,0.6034028324453893,1.3389596416357796,ComboMean-PoolB_GARCH_Neural,test
2024-01-16,2024-01-17,0.0025743958188708,1.3154762270129616,ComboMean-PoolB_GARCH_Neural,test
2024-01-17,2024-01-18,0.3137503773939618,1.3236742637804122,ComboMean-PoolB_GARCH_Neural,test
2024-01-18,2024-01-19,1.120382144309341,1.2845825362313543,ComboMean-PoolB_GARCH_Neural,test
2024-01-19,2024-01-22,0.0132345962603059,1.2898805166259195,ComboMean-PoolB_GARCH_Neural,test
2024-01-22,2024-01-23,0.2062692888507807,1.3146661233933936,ComboMean-PoolB_GARCH_Neural,test
2024-01-23,2024-01-24,0.1485757892019817,1.3241060931965967,ComboMean-PoolB_GARCH_Neural,test
2024-01-24,2024-01-25,0.0492420848338565,1.3573142306545125,ComboMean-PoolB_GARCH_Neural,test
2024-01-25,2024-01-26,0.2041467089523473,1.3414296084379713,ComboMean-PoolB_GARCH_Neural,test
2024-01-26,2024-01-29,2.893888078905973e-06,1.307259567718487,ComboMean-PoolB_GARCH_Neural,test
2024-01-29,2024-01-30,0.1130691080782245,1.2864481749448753,ComboMean-PoolB_GARCH_Neural,test
2024-01-30,2024-01-31,1.7132578057426455,1.2638754949886526,ComboMean-PoolB_GARCH_Neural,test
2024-01-31,2024-02-01,0.5554695483427156,1.4988225168888123,ComboMean-PoolB_GARCH_Neural,test
2024-02-01,2024-02-02,0.0016060494837953,1.3917035630742252,ComboMean-PoolB_GARCH_Neural,test
2024-02-02,2024-02-05,1.312405125307974,1.4112665951349497,ComboMean-PoolB_GARCH_Neural,test
2024-02-05,2024-02-06,0.041546270496195,1.402500708047195,ComboMean-PoolB_GARCH_Neural,test
2024-02-06,2024-02-07,0.7090694435364681,1.3519727115113258,ComboMean-PoolB_GARCH_Neural,test
2024-02-07,2024-02-15,0.10935700902328,1.3532924588666246,ComboMean-PoolB_GARCH_Neural,test
2024-02-15,2024-02-16,0.3563698361907522,1.375873047884943,ComboMean-PoolB_GARCH_Neural,test
2024-02-16,2024-02-19,1.5735090531706803,1.3648014453205408,ComboMean-PoolB_GARCH_Neural,test
2024-02-19,2024-02-20,0.1719424828204338,1.4045331726804178,ComboMean-PoolB_GARCH_Neural,test
2024-02-20,2024-02-21,2.643713937948573e-06,1.380958793459039,ComboMean-PoolB_GARCH_Neural,test
2024-02-21,2024-02-22,0.0493686905262693,1.3781922378382787,ComboMean-PoolB_GARCH_Neural,test
2024-02-22,2024-02-23,1.5757517057356472,1.375752947079586,ComboMean-PoolB_GARCH_Neural,test
2024-02-23,2024-02-26,0.9982359162312492,1.5963173025235258,ComboMean-PoolB_GARCH_Neural,test
2024-02-26,2024-02-27,1.16593097532243,1.4980341123518262,ComboMean-PoolB_GARCH_Neural,test
2024-02-27,2024-02-28,1.8813005066335944,1.4900096193926216,ComboMean-PoolB_GARCH_Neural,test
2024-02-28,2024-02-29,0.0210764395400896,1.4736962630637167,ComboMean-PoolB_GARCH_Neural,test
2024-02-29,2024-03-01,0.1954116660389362,1.4872306691742792,ComboMean-PoolB_GARCH_Neural,test
2024-03-01,2024-03-04,0.0617241173730905,1.4600381936049502,ComboMean-PoolB_GARCH_Neural,test
2024-03-04,2024-03-05,0.458465682898879,1.4770275818756735,ComboMean-PoolB_GARCH_Neural,test
2024-03-05,2024-03-06,0.3277686759141466,1.451251929769611,ComboMean-PoolB_GARCH_Neural,test
2024-03-06,2024-03-07,0.2049845962757557,1.4973013590299282,ComboMean-PoolB_GARCH_Neural,test
2024-03-07,2024-03-08,2.816444292658484,1.469668310840403,ComboMean-PoolB_GARCH_Neural,test
2024-03-08,2024-03-11,0.912721979122844,1.7007556572148734,ComboMean-PoolB_GARCH_Neural,test
2024-03-11,2024-03-12,0.5879634369893775,1.713964416368171,ComboMean-PoolB_GARCH_Neural,test
2024-03-12,2024-03-13,4.113946023612082,1.6353632821362993,ComboMean-PoolB_GARCH_Neural,test
2024-03-13,2024-03-14,0.2431894157728003,1.640003633025461,ComboMean-PoolB_GARCH_Neural,test
2024-03-14,2024-03-15,0.0014420309906953,1.6493881805545558,ComboMean-PoolB_GARCH_Neural,test
2024-03-15,2024-03-18,2.60144510071112,1.6110641121887772,ComboMean-PoolB_GARCH_Neural,test
2024-03-18,2024-03-19,0.0078313418483015,1.8549277428218773,ComboMean-PoolB_GARCH_Neural,test
2024-03-19,2024-03-20,1.98300631416396,1.7149882893508412,ComboMean-PoolB_GARCH_Neural,test
2024-03-20,2024-03-21,1.659993462713211,1.6916260206937488,ComboMean-PoolB_GARCH_Neural,test
2024-03-21,2024-03-22,0.1769090471586793,1.6900891836398029,ComboMean-PoolB_GARCH_Neural,test
2024-03-22,2024-03-25,1.1957204376691162,1.6442452147687145,ComboMean-PoolB_GARCH_Neural,test
2024-03-25,2024-03-26,1.266685379522265,1.7498967583473404,ComboMean-PoolB_GARCH_Neural,test
2024-03-26,2024-03-27,0.0047070525559726,1.6751294398849133,ComboMean-PoolB_GARCH_Neural,test
2024-03-27,2024-03-28,0.3036574536281876,1.6156369582487877,ComboMean-PoolB_GARCH_Neural,test
2024-03-28,2024-03-29,0.22386593116756,1.5931582721681639,ComboMean-PoolB_GARCH_Neural,test
2024-03-29,2024-04-01,0.0401370314872093,1.5930638873767715,ComboMean-PoolB_GARCH_Neural,test
2024-04-01,2024-04-02,0.1847396233779287,1.5777025384729695,ComboMean-PoolB_GARCH_Neural,test
2024-04-02,2024-04-03,1.4814046434548742,1.5612643621045714,ComboMean-PoolB_GARCH_Neural,test
2024-04-03,2024-04-04,0.0642984527134782,1.6869897084611938,ComboMean-PoolB_GARCH_Neural,test
2024-04-04,2024-04-05,1.084676282740752,1.6273870302773348,ComboMean-PoolB_GARCH_Neural,test
2024-04-05,2024-04-08,0.1443776586599194,1.721195271333683,ComboMean-PoolB_GARCH_Neural,test
2024-04-08,2024-04-09,0.9848187145028622,1.6527413326354736,ComboMean-PoolB_GARCH_Neural,test
2024-04-09,2024-04-10,0.1141835151805207,1.5738905980118636,ComboMean-PoolB_GARCH_Neural,test
2024-04-10,2024-04-11,0.0008184297224042,1.5519519306523692,ComboMean-PoolB_GARCH_Neural,test
2024-04-11,2024-04-12,2.1077713488695093,1.495531417539547,ComboMean-PoolB_GARCH_Neural,test
2024-04-12,2024-04-15,23.166885904173803,1.4946113615610814,ComboMean-PoolB_GARCH_Neural,test
2024-04-15,2024-04-16,0.0058478365075764,2.81995697612203,ComboMean-PoolB_GARCH_Neural,test
2024-04-16,2024-04-17,3.543454497340081,2.4177555593913755,ComboMean-PoolB_GARCH_Neural,test
2024-04-17,2024-04-19,2.3528631494425456,2.6786705114553495,ComboMean-PoolB_GARCH_Neural,test
2024-04-19,2024-04-22,1.6893979231324006,2.6985228739367413,ComboMean-PoolB_GARCH_Neural,test
2024-04-22,2024-04-23,1.1727907466469314,2.4518200793914873,ComboMean-PoolB_GARCH_Neural,test
2024-04-23,2024-04-24,5.606024745553127,2.434450043202533,ComboMean-PoolB_GARCH_Neural,test
2024-04-24,2024-04-25,0.0028195309207452,2.3519748158846783,ComboMean-PoolB_GARCH_Neural,test
2024-04-25,2024-04-26,0.1420473024727117,2.1268893287773603,ComboMean-PoolB_GARCH_Neural,test
2024-04-26,2024-05-02,0.318006405977251,1.9962630489822781,ComboMean-PoolB_GARCH_Neural,test
2024-05-02,2024-05-03,0.1468401316931458,1.878112225935737,ComboMean-PoolB_GARCH_Neural,test
2024-05-03,2024-05-06,2.785560071487252,1.7767918242181266,ComboMean-PoolB_GARCH_Neural,test
2024-05-06,2024-05-07,0.3206037518220124,1.7615640352897894,ComboMean-PoolB_GARCH_Neural,test
2024-05-07,2024-05-08,0.0214485793857184,1.6688935839114878,ComboMean-PoolB_GARCH_Neural,test
2024-05-08,2024-05-09,0.0212146392864794,1.6366749653265984,ComboMean-PoolB_GARCH_Neural,test
2024-05-09,2024-05-10,0.0998826714071555,1.5862049924846193,ComboMean-PoolB_GARCH_Neural,test
2024-05-10,2024-05-13,0.1323509240296012,1.5858093561100077,ComboMean-PoolB_GARCH_Neural,test
2024-05-13,2024-05-14,0.0623260338672244,1.5822806291751206,ComboMean-PoolB_GARCH_Neural,test
2024-05-14,2024-05-15,0.7914504364695899,1.5141351881478675,ComboMean-PoolB_GARCH_Neural,test
2024-05-15,2024-05-16,1.3010619376829529,1.5217084958381624,ComboMean-PoolB_GARCH_Neural,test
2024-05-16,2024-05-20,0.4777373395090949,1.521493080000224,ComboMean-PoolB_GARCH_Neural,test
2024-05-20,2024-05-21,0.0011865300373836,1.5097110841566974,ComboMean-PoolB_GARCH_Neural,test
2024-05-21,2024-05-22,0.6467920233357178,1.4622696488770914,ComboMean-PoolB_GARCH_Neural,test
2024-05-22,2024-05-23,1.2284567837418712,1.5592770196572552,ComboMean-PoolB_GARCH_Neural,test
2024-05-23,2024-05-24,2.256648937405396,1.5118148866484837,ComboMean-PoolB_GARCH_Neural,test
2024-05-24,2024-05-27,0.2066759953224523,1.7496723087300612,ComboMean-PoolB_GARCH_Neural,test
2024-05-27,2024-05-28,1.2149042841979667,1.5989139444164089,ComboMean-PoolB_GARCH_Neural,test
2024-05-28,2024-05-29,0.5065517433860525,1.5631775301479913,ComboMean-PoolB_GARCH_Neural,test
2024-05-29,2024-05-30,0.2478473182821189,1.6499459086584465,ComboMean-PoolB_GARCH_Neural,test
2024-05-30,2024-05-31,0.1324368158912983,1.6557594969318798,ComboMean-PoolB_GARCH_Neural,test
2024-05-31,2024-06-03,2.069054535054291,1.5997813521972728,ComboMean-PoolB_GARCH_Neural,test
2024-06-03,2024-06-04,0.0754175541972061,1.6078080947806608,ComboMean-PoolB_GARCH_Neural,test
2024-06-04,2024-06-05,0.0041789785238715,1.5372764231996863,ComboMean-PoolB_GARCH_Neural,test
2024-06-05,2024-06-06,0.003785773302666,1.5013218935556805,ComboMean-PoolB_GARCH_Neural,test
2024-06-06,2024-06-07,0.0977825492840672,1.4747189364276414,ComboMean-PoolB_GARCH_Neural,test
2024-06-07,2024-06-10,0.0574549317651925,1.4135054432399583,ComboMean-PoolB_GARCH_Neural,test
2024-06-10,2024-06-11,0.236389900130653,1.4153049491550962,ComboMean-PoolB_GARCH_Neural,test
2024-06-11,2024-06-12,1.4910702380739045,1.460102812053359,ComboMean-PoolB_GARCH_Neural,test
2024-06-12,2024-06-13,0.0102965917651104,1.4320504380951622,ComboMean-PoolB_GARCH_Neural,test
2024-06-13,2024-06-14,2.8007247199637466,1.4160405172769774,ComboMean-PoolB_GARCH_Neural,test
2024-06-14,2024-06-17,0.1619251788207639,1.6778260489889572,ComboMean-PoolB_GARCH_Neural,test
2024-06-17,2024-06-18,0.1371670063872054,1.6247648751880948,ComboMean-PoolB_GARCH_Neural,test
2024-06-18,2024-06-19,0.0005135905111872,1.5466869579015425,ComboMean-PoolB_GARCH_Neural,test
2024-06-19,2024-06-20,0.0383900740120223,1.5100169864573503,ComboMean-PoolB_GARCH_Neural,test
2024-06-20,2024-06-21,0.0004769047173217,1.4725876317159932,ComboMean-PoolB_GARCH_Neural,test
2024-06-21,2024-06-24,4.841244218909869,1.4202963051832298,ComboMean-PoolB_GARCH_Neural,test
2024-06-24,2024-06-25,0.0377795857346046,1.836384147943902,ComboMean-PoolB_GARCH_Neural,test
2024-06-25,2024-06-26,0.1382006989182143,1.6676358388531412,ComboMean-PoolB_GARCH_Neural,test
2024-06-26,2024-06-27,0.0291086660682599,1.5901430442151359,ComboMean-PoolB_GARCH_Neural,test
2024-06-27,2024-06-28,1.2092769262564496,1.544266477171165,ComboMean-PoolB_GARCH_Neural,test
2024-06-28,2024-07-01,0.5464740769679215,1.6689797988105053,ComboMean-PoolB_GARCH_Neural,test
2024-07-01,2024-07-02,1.4560329328950323,1.5765148059814162,ComboMean-PoolB_GARCH_Neural,test
2024-07-02,2024-07-03,0.3074231060441431,1.5337240444038676,ComboMean-PoolB_GARCH_Neural,test
2024-07-03,2024-07-04,0.0565502378458402,1.481611090063808,ComboMean-PoolB_GARCH_Neural,test
2024-07-04,2024-07-05,0.0604238017679763,1.433257348268575,ComboMean-PoolB_GARCH_Neural,test
2024-07-05,2024-07-08,0.001641913639604,1.408619311019083,ComboMean-PoolB_GARCH_Neural,test
2024-07-08,2024-07-09,0.6204070574126203,1.392670211042637,ComboMean-PoolB_GARCH_Neural,test
2024-07-09,2024-07-10,0.3628967539784848,1.3941979516163963,ComboMean-PoolB_GARCH_Neural,test
2024-07-10,2024-07-11,0.0277401860440043,1.4382040239835723,ComboMean-PoolB_GARCH_Neural,test
2024-07-11,2024-07-12,0.0565767163705356,1.4150940417417661,ComboMean-PoolB_GARCH_Neural,test
2024-07-12,2024-07-15,0.0052765811391784,1.3936099420260817,ComboMean-PoolB_GARCH_Neural,test
2024-07-15,2024-07-16,0.011280250205691,1.3648613556059523,ComboMean-PoolB_GARCH_Neural,test
2024-07-16,2024-07-17,0.9643834972427656,1.3289975860736951,ComboMean-PoolB_GARCH_Neural,test
2024-07-17,2024-07-18,0.2066285309508605,1.5292974774534884,ComboMean-PoolB_GARCH_Neural,test
2024-07-18,2024-07-19,0.5789189613600527,1.4181834505842235,ComboMean-PoolB_GARCH_Neural,test
2024-07-19,2024-07-22,0.6479469442933512,1.4937746766387399,ComboMean-PoolB_GARCH_Neural,test
2024-07-22,2024-07-23,3.3723820037131813,1.5698402695027305,ComboMean-PoolB_GARCH_Neural,test
2024-07-23,2024-07-24,0.2907489732326712,1.829908811199072,ComboMean-PoolB_GARCH_Neural,test
2024-07-24,2024-07-25,0.1825373322670373,1.712310194768375,ComboMean-PoolB_GARCH_Neural,test
2024-07-25,2024-07-26,0.5194428542577421,1.672571505535951,ComboMean-PoolB_GARCH_Neural,test
2024-07-26,2024-07-29,0.1301982149615345,1.5827356520972877,ComboMean-PoolB_GARCH_Neural,test
2024-07-29,2024-07-30,0.0152800221232259,1.505104600848544,ComboMean-PoolB_GARCH_Neural,test
2024-07-30,2024-07-31,0.2669893008576879,1.4767028880181277,ComboMean-PoolB_GARCH_Neural,test
2024-07-31,2024-08-01,3.924859003099425,1.4505112335223607,ComboMean-PoolB_GARCH_Neural,test
2024-08-01,2024-08-02,0.6124804127570632,1.7427916183786458,ComboMean-PoolB_GARCH_Neural,test
2024-08-02,2024-08-05,16.028441731399298,1.654020083906463,ComboMean-PoolB_GARCH_Neural,test
2024-08-05,2024-08-06,3.4304951964000674,2.5570520751707972,ComboMean-PoolB_GARCH_Neural,test
2024-08-06,2024-08-07,0.2131074887245232,2.4155005595209946,ComboMean-PoolB_GARCH_Neural,test
2024-08-07,2024-08-08,0.389017827650505,2.217795809677747,ComboMean-PoolB_GARCH_Neural,test
2024-08-08,2024-08-09,1.5873626468232618,2.1449249824823973,ComboMean-PoolB_GARCH_Neural,test
2024-08-09,2024-08-12,0.2928717413764615,2.0487426364794405,ComboMean-PoolB_GARCH_Neural,test
2024-08-12,2024-08-13,0.0001294788177011,1.9324594776298172,ComboMean-PoolB_GARCH_Neural,test
2024-08-13,2024-08-14,2.3780277347729983e-05,1.8262459205691637,ComboMean-PoolB_GARCH_Neural,test
2024-08-14,2024-08-15,0.3071561671079922,1.7412334134051433,ComboMean-PoolB_GARCH_Neural,test
2024-08-15,2024-08-16,5.364467227292595,1.7546658255135017,ComboMean-PoolB_GARCH_Neural,test
2024-08-16,2024-08-19,0.5581057481573143,1.8284164912243313,ComboMean-PoolB_GARCH_Neural,test
2024-08-19,2024-08-20,0.7441049789899746,1.6909370599908207,ComboMean-PoolB_GARCH_Neural,test
2024-08-20,2024-08-21,0.8093492360217696,1.6510682732611053,ComboMean-PoolB_GARCH_Neural,test
2024-08-21,2024-08-22,0.0097920425309074,1.6126906196699524,ComboMean-PoolB_GARCH_Neural,test
2024-08-22,2024-08-23,0.039129459240867,1.575257075580508,ComboMean-PoolB_GARCH_Neural,test
2024-08-23,2024-08-26,0.1707352129175375,1.536011803587527,ComboMean-PoolB_GARCH_Neural,test
2024-08-26,2024-08-27,0.0017789790178368,1.5536467787355115,ComboMean-PoolB_GARCH_Neural,test
2024-08-27,2024-08-28,0.0047191862628622,1.502200893711894,ComboMean-PoolB_GARCH_Neural,test
2024-08-28,2024-08-29,5.480696959213411e-06,1.469847915547295,ComboMean-PoolB_GARCH_Neural,test
2024-08-29,2024-08-30,0.0350100605836961,1.4145612965788956,ComboMean-PoolB_GARCH_Neural,test
2024-08-30,2024-09-04,0.3975959773479832,1.355475534286623,ComboMean-PoolB_GARCH_Neural,test
2024-09-04,2024-09-05,0.3560479520225069,1.3809940105559388,ComboMean-PoolB_GARCH_Neural,test
2024-09-05,2024-09-06,0.2046388013312271,1.4114291304696973,ComboMean-PoolB_GARCH_Neural,test
2024-09-06,2024-09-09,0.2403215208141221,1.3672951384154373,ComboMean-PoolB_GARCH_Neural,test
2024-09-09,2024-09-10,0.9818980427278184,1.377810755015937,ComboMean-PoolB_GARCH_Neural,test
2024-09-10,2024-09-11,0.0244199123086784,1.4687333108589602,ComboMean-PoolB_GARCH_Neural,test
2024-09-11,2024-09-12,0.0602484567361687,1.4309089641669006,ComboMean-PoolB_GARCH_Neural,test
2024-09-12,2024-09-13,0.1369055643032899,1.375468340208729,ComboMean-PoolB_GARCH_Neural,test
2024-09-13,2024-09-16,0.9992379796047328,1.3614402986470433,ComboMean-PoolB_GARCH_Neural,test
2024-09-16,2024-09-17,2.484914926701652,1.4400180754780476,ComboMean-PoolB_GARCH_Neural,test
2024-09-17,2024-09-18,0.2223148391601984,1.4234817187248319,ComboMean-PoolB_GARCH_Neural,test
2024-09-18,2024-09-19,0.2523387575730195,1.4145594841355067,ComboMean-PoolB_GARCH_Neural,test
2024-09-19,2024-09-20,0.003666425548263,1.3725345498525117,ComboMean-PoolB_GARCH_Neural,test
2024-09-20,2024-09-23,0.0785444168047104,1.4111228426394449,ComboMean-PoolB_GARCH_Neural,test
2024-09-23,2024-09-24,0.447081172927798,1.3723987225218766,ComboMean-PoolB_GARCH_Neural,test
2024-09-24,2024-09-25,0.6692996014919499,1.3430539438874776,ComboMean-PoolB_GARCH_Neural,test
2024-09-25,2024-09-26,0.0967067651015831,1.3985749249639672,ComboMean-PoolB_GARCH_Neural,test
2024-09-26,2024-09-27,0.0019487643545271,1.3929395547368628,ComboMean-PoolB_GARCH_Neural,test
2024-09-27,2024-09-30,0.0534118196752501,1.3842707073421283,ComboMean-PoolB_GARCH_Neural,test
2024-09-30,2024-10-01,0.1090419063191174,1.3610145810916794,ComboMean-PoolB_GARCH_Neural,test
2024-10-01,2024-10-02,0.1142301950532245,1.3793485989044023,ComboMean-PoolB_GARCH_Neural,test
2024-10-02,2024-10-03,0.5763536966008403,1.3560233654485647,ComboMean-PoolB_GARCH_Neural,test
2024-10-03,2024-10-04,0.3463758362975216,1.470992319102199,ComboMean-PoolB_GARCH_Neural,test
2024-10-04,2024-10-07,0.0027820245719093,1.4315344934658056,ComboMean-PoolB_GARCH_Neural,test
2024-10-07,2024-10-08,0.0260164216385025,1.3904853152656786,ComboMean-PoolB_GARCH_Neural,test
2024-10-08,2024-10-09,0.5974680039460253,1.3585368090176586,ComboMean-PoolB_GARCH_Neural,test
2024-10-09,2024-10-10,0.1233539050383977,1.3392355297106642,ComboMean-PoolB_GARCH_Neural,test
2024-10-10,2024-10-11,0.0248646364370185,1.3260930361623369,ComboMean-PoolB_GARCH_Neural,test
2024-10-11,2024-10-14,0.0253573876734088,1.2872383746861944,ComboMean-PoolB_GARCH_Neural,test
2024-10-14,2024-10-15,0.1678954221921946,1.2991420443855015,ComboMean-PoolB_GARCH_Neural,test
2024-10-15,2024-10-16,0.0156181703703392,1.3290950747681787,ComboMean-PoolB_GARCH_Neural,test
2024-10-16,2024-10-17,0.301088511662053,1.2965685993025395,ComboMean-PoolB_GARCH_Neural,test
2024-10-17,2024-10-18,0.0067941729317095,1.2804092375642935,ComboMean-PoolB_GARCH_Neural,test
2024-10-18,2024-10-21,0.1968037312439634,1.2687327763293084,ComboMean-PoolB_GARCH_Neural,test
2024-10-21,2024-10-22,0.6006392197446851,1.2908225916746359,ComboMean-PoolB_GARCH_Neural,test
2024-10-22,2024-10-23,0.0063207009295036,1.386373160572524,ComboMean-PoolB_GARCH_Neural,test
2024-10-23,2024-10-24,1.1387581243922995,1.3233388089209135,ComboMean-PoolB_GARCH_Neural,test
2024-10-24,2024-10-25,0.1396414208283497,1.4319596983911,ComboMean-PoolB_GARCH_Neural,test
2024-10-25,2024-10-28,0.0267355724555891,1.4145982396888472,ComboMean-PoolB_GARCH_Neural,test
2024-10-28,2024-10-29,0.310375295938392,1.362141848962287,ComboMean-PoolB_GARCH_Neural,test
2024-10-29,2024-10-30,0.0624797327224918,1.3142845622022132,ComboMean-PoolB_GARCH_Neural,test
2024-10-30,2024-10-31,0.2150309186038439,1.3061949108447715,ComboMean-PoolB_GARCH_Neural,test
2024-10-31,2024-11-01,0.5795854757810541,1.2744118028924734,ComboMean-PoolB_GARCH_Neural,test
2024-11-01,2024-11-04,0.6634669865085588,1.3235990585901942,ComboMean-PoolB_GARCH_Neural,test
2024-11-04,2024-11-05,0.0071101049569573,1.404781149296141,ComboMean-PoolB_GARCH_Neural,test
2024-11-05,2024-11-06,1.532964136157592,1.3509536739610115,ComboMean-PoolB_GARCH_Neural,test
2024-11-06,2024-11-07,0.0147328555936719,1.3247061510938056,ComboMean-PoolB_GARCH_Neural,test
2024-11-07,2024-11-08,0.3276224769794669,1.309016406322375,ComboMean-PoolB_GARCH_Neural,test
2024-11-08,2024-11-11,0.0320387972398517,1.342682504936858,ComboMean-PoolB_GARCH_Neural,test
2024-11-11,2024-11-12,0.1943555469915317,1.3744308093781816,ComboMean-PoolB_GARCH_Neural,test
2024-11-12,2024-11-13,0.0095957977358447,1.3694586081117657,ComboMean-PoolB_GARCH_Neural,test
2024-11-13,2024-11-14,1.304380342114139,1.3396354632643983,ComboMean-PoolB_GARCH_Neural,test
2024-11-14,2024-11-15,1.1819027969632745,1.4503590283727357,ComboMean-PoolB_GARCH_Neural,test
2024-11-15,2024-11-18,0.0141759467193479,1.5637083314615308,ComboMean-PoolB_GARCH_Neural,test
2024-11-18,2024-11-19,0.9768103702203697,1.4983127382128685,ComboMean-PoolB_GARCH_Neural,test
2024-11-19,2024-11-20,0.8848644501514296,1.5699333651464378,ComboMean-PoolB_GARCH_Neural,test
2024-11-20,2024-11-21,0.9302138287758972,1.530927231734258,ComboMean-PoolB_GARCH_Neural,test
2024-11-21,2024-11-22,0.0003506766753295,1.4699595924734676,ComboMean-PoolB_GARCH_Neural,test
2024-11-22,2024-11-25,0.2872709111767263,1.426875743435671,ComboMean-PoolB_GARCH_Neural,test
2024-11-25,2024-11-26,0.3599546809656788,1.3805882910957719,ComboMean-PoolB_GARCH_Neural,test
2024-11-26,2024-11-27,0.0001659440969947,1.3558581968147894,ComboMean-PoolB_GARCH_Neural,test
2024-11-27,2024-11-28,0.0001270529950301,1.3192292524051363,ComboMean-PoolB_GARCH_Neural,test
2024-11-28,2024-11-29,0.4488915850595839,1.2834602178179417,ComboMean-PoolB_GARCH_Neural,test
2024-11-29,2024-12-02,0.0035951954303536,1.248512563345876,ComboMean-PoolB_GARCH_Neural,test
2024-12-02,2024-12-03,0.0121780282468158,1.225394416110307,ComboMean-PoolB_GARCH_Neural,test
2024-12-03,2024-12-04,0.5723787875208138,1.2104390036095072,ComboMean-PoolB_GARCH_Neural,test
2024-12-04,2024-12-05,4.677770763753511,1.2715647121654134,ComboMean-PoolB_GARCH_Neural,test
2024-12-05,2024-12-06,0.0423127275118428,1.382000638459788,ComboMean-PoolB_GARCH_Neural,test
2024-12-06,2024-12-09,0.0846129168166276,1.3472225869646381,ComboMean-PoolB_GARCH_Neural,test
2024-12-09,2024-12-10,0.019333949066393,1.3341396403994628,ComboMean-PoolB_GARCH_Neural,test
2024-12-10,2024-12-11,0.0638388590450149,1.3259346991709127,ComboMean-PoolB_GARCH_Neural,test
2024-12-11,2024-12-12,0.0141789335558376,1.339274366566644,ComboMean-PoolB_GARCH_Neural,test
2024-12-12,2024-12-13,0.1427917911928931,1.3175607838769539,ComboMean-PoolB_GARCH_Neural,test
2024-12-13,2024-12-16,0.0093280152446342,1.3160889112015304,ComboMean-PoolB_GARCH_Neural,test
2024-12-16,2024-12-17,0.0268721671219935,1.2767360461706498,ComboMean-PoolB_GARCH_Neural,test
2024-12-17,2024-12-18,0.1146807250456102,1.2458806410986067,ComboMean-PoolB_GARCH_Neural,test
2024-12-18,2024-12-19,0.8081531599464532,1.2088232303890227,ComboMean-PoolB_GARCH_Neural,test
2024-12-19,2024-12-20,0.0507615856480591,1.3002271869509516,ComboMean-PoolB_GARCH_Neural,test
2024-12-20,2024-12-23,0.1742376670775678,1.2607019984901482,ComboMean-PoolB_GARCH_Neural,test
2024-12-23,2024-12-24,0.0361915284275727,1.2287661525726963,ComboMean-PoolB_GARCH_Neural,test
2024-12-24,2024-12-25,1.1654410256024177,1.221545055725568,ComboMean-PoolB_GARCH_Neural,test
2024-12-25,2024-12-26,0.0084412075502873,1.2615801067054242,ComboMean-PoolB_GARCH_Neural,test
2024-12-26,2024-12-27,0.0317475107765902,1.242277777394963,ComboMean-PoolB_GARCH_Neural,test
2024-12-27,2024-12-30,0.0600146339677672,1.2329626939459046,ComboMean-PoolB_GARCH_Neural,test
2024-12-30,2024-12-31,0.1703989127600233,1.2357742253501933,ComboMean-PoolB_GARCH_Neural,test
2024-12-31,2025-01-02,0.0533739456959429,1.2510486801261365,ComboMean-PoolB_GARCH_Neural,test
2025-01-02,2025-01-03,1.435132590022104,1.2097929470233886,ComboMean-PoolB_GARCH_Neural,test
2025-01-03,2025-01-06,0.4342211890889308,1.3111555354761841,ComboMean-PoolB_GARCH_Neural,test
2025-01-06,2025-01-07,0.037939050469307,1.3548083875855295,ComboMean-PoolB_GARCH_Neural,test
2025-01-07,2025-01-08,0.032117795831564,1.3193893930153497,ComboMean-PoolB_GARCH_Neural,test
2025-01-08,2025-01-09,0.1768543904547769,1.2843717969476023,ComboMean-PoolB_GARCH_Neural,test
2025-01-09,2025-01-10,1.525095444996381,1.2674890456747647,ComboMean-PoolB_GARCH_Neural,test
2025-01-10,2025-01-13,0.175796578127988,1.3713669952423186,ComboMean-PoolB_GARCH_Neural,test
2025-01-13,2025-01-14,0.2850878204367433,1.3346912025318503,ComboMean-PoolB_GARCH_Neural,test
2025-01-14,2025-01-15,0.3327205813226502,1.3444141892890247,ComboMean-PoolB_GARCH_Neural,test
2025-01-15,2025-01-16,0.2486834462527659,1.2959164407868609,ComboMean-PoolB_GARCH_Neural,test
2025-01-16,2025-01-17,0.293601545819197,1.2550732965007831,ComboMean-PoolB_GARCH_Neural,test
2025-01-17,2025-01-20,0.0012403693451998,1.2191558871834602,ComboMean-PoolB_GARCH_Neural,test
2025-01-20,2025-01-21,0.0768862836866478,1.1835804254734772,ComboMean-PoolB_GARCH_Neural,test
2025-01-21,2025-01-22,0.0818546593881995,1.1783194413521083,ComboMean-PoolB_GARCH_Neural,test
2025-01-22,2025-01-23,1.8682525367895249,1.1825888760174872,ComboMean-PoolB_GARCH_Neural,test
2025-01-23,2025-01-24,0.1843517308365074,1.1970425122631643,ComboMean-PoolB_GARCH_Neural,test
2025-01-24,2025-02-04,0.0008556873339296,1.198834740242976,ComboMean-PoolB_GARCH_Neural,test
2025-02-04,2025-02-05,0.1513708695410532,1.208511837654322,ComboMean-PoolB_GARCH_Neural,test
2025-02-05,2025-02-06,0.0216622352028634,1.200121056651179,ComboMean-PoolB_GARCH_Neural,test
2025-02-06,2025-02-07,0.0853488617566438,1.2004725806636136,ComboMean-PoolB_GARCH_Neural,test
2025-02-07,2025-02-10,0.8849819273953393,1.194102153314468,ComboMean-PoolB_GARCH_Neural,test
2025-02-10,2025-02-11,0.168100114678953,1.3192433075408236,ComboMean-PoolB_GARCH_Neural,test
2025-02-11,2025-02-12,0.0147578221185138,1.2795156211337304,ComboMean-PoolB_GARCH_Neural,test
2025-02-12,2025-02-13,0.0735271043646943,1.2660569417370038,ComboMean-PoolB_GARCH_Neural,test
2025-02-13,2025-02-14,0.2025383263760581,1.2380663409217365,ComboMean-PoolB_GARCH_Neural,test
2025-02-14,2025-02-17,0.0695132401561259,1.227211863607631,ComboMean-PoolB_GARCH_Neural,test
2025-02-17,2025-02-18,0.1805870585568251,1.2673634419063957,ComboMean-PoolB_GARCH_Neural,test
2025-02-18,2025-02-19,0.6592497592052439,1.240959595654787,ComboMean-PoolB_GARCH_Neural,test
2025-02-19,2025-02-20,0.1172593983298531,1.255999841324928,ComboMean-PoolB_GARCH_Neural,test
2025-02-20,2025-02-21,0.0847684671072922,1.2523185536368138,ComboMean-PoolB_GARCH_Neural,test
2025-02-21,2025-02-24,0.3605624100663593,1.2401949919023696,ComboMean-PoolB_GARCH_Neural,test
2025-02-24,2025-02-25,0.0115290687889239,1.2628891788603505,ComboMean-PoolB_GARCH_Neural,test
2025-02-25,2025-02-26,0.0002355760665946,1.282040978679212,ComboMean-PoolB_GARCH_Neural,test
2025-02-26,2025-02-27,0.1374731263687118,1.2558652407166968,ComboMean-PoolB_GARCH_Neural,test
2025-02-27,2025-02-28,0.0348744922200793,1.2742704793566575,ComboMean-PoolB_GARCH_Neural,test
2025-02-28,2025-03-03,0.0940796554023008,1.2709678303669418,ComboMean-PoolB_GARCH_Neural,test
2025-03-03,2025-03-04,0.0375578625820462,1.2618529947199975,ComboMean-PoolB_GARCH_Neural,test
2025-03-04,2025-03-05,0.3028627512498273,1.2846031274673133,ComboMean-PoolB_GARCH_Neural,test
2025-03-05,2025-03-06,1.0612188848677555,1.2974833775571752,ComboMean-PoolB_GARCH_Neural,test
2025-03-06,2025-03-07,0.350731246280503,1.3300327916853747,ComboMean-PoolB_GARCH_Neural,test
2025-03-07,2025-03-10,0.1014325645495789,1.3131506366977361,ComboMean-PoolB_GARCH_Neural,test
2025-03-10,2025-03-11,0.0288133302998629,1.3028759564700263,ComboMean-PoolB_GARCH_Neural,test
2025-03-11,2025-03-12,0.0196658897235791,1.2941583679071562,ComboMean-PoolB_GARCH_Neural,test
2025-03-12,2025-03-13,0.3743917074856848,1.2945240425497455,ComboMean-PoolB_GARCH_Neural,test
2025-03-13,2025-03-14,8.187247062994656e-05,1.3716827171308092,ComboMean-PoolB_GARCH_Neural,test
2025-03-14,2025-03-17,0.5767885171931181,1.345391068089174,ComboMean-PoolB_GARCH_Neural,test
2025-03-17,2025-03-18,0.157344490226044,1.3154312208674206,ComboMean-PoolB_GARCH_Neural,test
2025-03-18,2025-03-19,0.2279894954046255,1.3292266793138547,ComboMean-PoolB_GARCH_Neural,test
2025-03-19,2025-03-20,0.0027940647092661,1.3601509887996655,ComboMean-PoolB_GARCH_Neural,test
2025-03-20,2025-03-21,0.0240132299745747,1.3367793999630253,ComboMean-PoolB_GARCH_Neural,test
2025-03-21,2025-03-24,0.4050748456224285,1.3091441596472575,ComboMean-PoolB_GARCH_Neural,test
2025-03-24,2025-03-25,0.0144479307849922,1.3082785141620121,ComboMean-PoolB_GARCH_Neural,test
2025-03-25,2025-03-26,0.1924355354900559,1.3014321447290895,ComboMean-PoolB_GARCH_Neural,test
2025-03-26,2025-03-27,0.0296122174159068,1.3117623102582794,ComboMean-PoolB_GARCH_Neural,test
2025-03-27,2025-03-28,0.2311977047112736,1.2728298072314994,ComboMean-PoolB_GARCH_Neural,test
2025-03-28,2025-03-31,0.652593682196234,1.3054810105486718,ComboMean-PoolB_GARCH_Neural,test
2025-03-31,2025-04-01,0.6367477385533009,1.3780461988482555,ComboMean-PoolB_GARCH_Neural,test
2025-04-01,2025-04-02,0.0014400780515298,1.3103157737663467,ComboMean-PoolB_GARCH_Neural,test
2025-04-02,2025-04-03,47.7513682523715,1.3131149235668185,ComboMean-PoolB_GARCH_Neural,test
2025-04-03,2025-04-04,2.4680894659320427,3.377937472257531,ComboMean-PoolB_GARCH_Neural,test
2025-04-04,2025-04-08,44.20961209050503,3.155494018380751,ComboMean-PoolB_GARCH_Neural,test
2025-04-08,2025-04-09,11.94996872052983,4.900422331710276,ComboMean-PoolB_GARCH_Neural,test
2025-04-09,2025-04-10,42.861963107094255,4.959061956198622,ComboMean-PoolB_GARCH_Neural,test
2025-04-10,2025-04-11,20.5039468602513,5.2662459758835745,ComboMean-PoolB_GARCH_Neural,test
2025-04-11,2025-04-14,2.373686902735611,4.45082220230845,ComboMean-PoolB_GARCH_Neural,test
2025-04-14,2025-04-15,1.222393557661562,3.899454714946484,ComboMean-PoolB_GARCH_Neural,test
2025-04-15,2025-04-16,2.0585197770339483,3.6640517115204716,ComboMean-PoolB_GARCH_Neural,test
2025-04-16,2025-04-17,0.3278654140280428,3.6616690990807577,ComboMean-PoolB_GARCH_Neural,test
2025-04-17,2025-04-18,0.0235644272572965,3.3048707576603915,ComboMean-PoolB_GARCH_Neural,test
2025-04-18,2025-04-21,0.9867147275211472,2.949188409571651,ComboMean-PoolB_GARCH_Neural,test
2025-04-21,2025-04-22,0.6837487157170882,2.8614546032135983,ComboMean-PoolB_GARCH_Neural,test
2025-04-22,2025-04-23,1.3269747595182129,2.76268528090894,ComboMean-PoolB_GARCH_Neural,test
2025-04-23,2025-04-24,1.029521260921247,2.622612764948599,ComboMean-PoolB_GARCH_Neural,test
2025-04-24,2025-04-25,0.2299163958338018,2.4234175955316957,ComboMean-PoolB_GARCH_Neural,test
2025-04-25,2025-04-28,0.0391566462219492,2.2175316656021735,ComboMean-PoolB_GARCH_Neural,test
2025-04-28,2025-04-29,0.0016617646152264,2.075402029053387,ComboMean-PoolB_GARCH_Neural,test
2025-04-29,2025-05-05,1.2432686189181044,1.9435550874826717,ComboMean-PoolB_GARCH_Neural,test
2025-05-05,2025-05-06,0.0234403346988041,1.6718891002032794,ComboMean-PoolB_GARCH_Neural,test
2025-05-06,2025-05-07,0.4565410925067849,1.5889686273490908,ComboMean-PoolB_GARCH_Neural,test
2025-05-07,2025-05-08,2.377733233918144,1.5450268746904543,ComboMean-PoolB_GARCH_Neural,test
2025-05-08,2025-05-09,0.0388387388391833,1.546773656376559,ComboMean-PoolB_GARCH_Neural,test
2025-05-09,2025-05-12,1.5662677776101377,1.5164259772385735,ComboMean-PoolB_GARCH_Neural,test
2025-05-12,2025-05-13,0.6231348828577624,1.5320555014575956,ComboMean-PoolB_GARCH_Neural,test
2025-05-13,2025-05-14,1.5683566422405055,1.523171647789423,ComboMean-PoolB_GARCH_Neural,test
2025-05-14,2025-05-15,0.0700077382080358,1.5211071920124999,ComboMean-PoolB_GARCH_Neural,test
2025-05-15,2025-05-16,0.816128421348678,1.5236335766493725,ComboMean-PoolB_GARCH_Neural,test
2025-05-16,2025-05-19,0.1541807515116988,1.5929706333841098,ComboMean-PoolB_GARCH_Neural,test
2025-05-19,2025-05-20,2.0864038037366446,1.6048515872398177,ComboMean-PoolB_GARCH_Neural,test
2025-05-20,2025-05-21,0.3586751908572574,1.573371469851107,ComboMean-PoolB_GARCH_Neural,test
2025-05-21,2025-05-22,0.4879763310352334,1.558569313664366,ComboMean-PoolB_GARCH_Neural,test
2025-05-22,2025-05-23,0.0022258378145528,1.6259485396459694,ComboMean-PoolB_GARCH_Neural,test
2025-05-23,2025-05-26,1.8600723156803831,1.5047158887188172,ComboMean-PoolB_GARCH_Neural,test
2025-05-26,2025-05-27,0.2984907987188625,1.529852010671301,ComboMean-PoolB_GARCH_Neural,test
2025-05-27,2025-05-28,0.0236037331895616,1.5149875681557554,ComboMean-PoolB_GARCH_Neural,test
2025-05-28,2025-05-29,5.553699144539498e-07,1.4640884515797847,ComboMean-PoolB_GARCH_Neural,test
2025-05-29,2025-05-30,0.4795271728756022,1.4466135624260021,ComboMean-PoolB_GARCH_Neural,test
2025-05-30,2025-06-02,0.0768775248909457,1.5195183676074626,ComboMean-PoolB_GARCH_Neural,test
2025-06-02,2025-06-03,0.6659991384313828,1.4687965451351506,ComboMean-PoolB_GARCH_Neural,test
2025-06-03,2025-06-04,0.0125760569530384,1.4611707552835331,ComboMean-PoolB_GARCH_Neural,test
2025-06-04,2025-06-05,0.0737636944522696,1.4439395440681178,ComboMean-PoolB_GARCH_Neural,test
2025-06-05,2025-06-06,0.8339101934074882,1.4111248897955944,ComboMean-PoolB_GARCH_Neural,test
2025-06-06,2025-06-09,2.1415615006193414,1.534596363159296,ComboMean-PoolB_GARCH_Neural,test
2025-06-09,2025-06-10,0.1857120921961249,1.6712172320040197,ComboMean-PoolB_GARCH_Neural,test
2025-06-10,2025-06-11,0.0061284527471124,1.5961291567115035,ComboMean-PoolB_GARCH_Neural,test
2025-06-11,2025-06-12,0.348758893746006,1.5192092534545736,ComboMean-PoolB_GARCH_Neural,test
2025-06-12,2025-06-13,0.3232043851233978,1.5193440774259774,ComboMean-PoolB_GARCH_Neural,test
2025-06-13,2025-06-16,2.90666722935662,1.6129814375405902,ComboMean-PoolB_GARCH_Neural,test
2025-06-16,2025-06-17,0.5089174637565245,1.5039927735561232,ComboMean-PoolB_GARCH_Neural,test
2025-06-17,2025-06-18,0.0040746855610125,1.4681621545987242,ComboMean-PoolB_GARCH_Neural,test
2025-06-18,2025-06-19,0.1490639362511987,1.4670737133585874,ComboMean-PoolB_GARCH_Neural,test
2025-06-19,2025-06-20,0.0396634294929435,1.4225203797131591,ComboMean-PoolB_GARCH_Neural,test
2025-06-20,2025-06-23,0.4254396112184308,1.4647429131157197,ComboMean-PoolB_GARCH_Neural,test
2025-06-23,2025-06-24,0.3974954121903902,1.4190581868466454,ComboMean-PoolB_GARCH_Neural,test
2025-06-24,2025-06-25,2.141289912653593e-06,1.422682909780315,ComboMean-PoolB_GARCH_Neural,test
2025-06-25,2025-06-26,0.0062490303873797,1.385874464750135,ComboMean-PoolB_GARCH_Neural,test
2025-06-26,2025-06-27,0.1777576915183636,1.3507052879049126,ComboMean-PoolB_GARCH_Neural,test
2025-06-27,2025-06-30,0.1135910808511721,1.3417017580385273,ComboMean-PoolB_GARCH_Neural,test
2025-06-30,2025-07-01,0.0165236945249244,1.310938045787658,ComboMean-PoolB_GARCH_Neural,test
2025-07-01,2025-07-02,0.2388288030529801,1.3028724160620462,ComboMean-PoolB_GARCH_Neural,test
2025-07-02,2025-07-03,0.0361488680610222,1.3132006410133765,ComboMean-PoolB_GARCH_Neural,test
2025-07-03,2025-07-04,0.1309520910154639,1.4106653503241333,ComboMean-PoolB_GARCH_Neural,test
2025-07-04,2025-07-07,1.1709559965363006,1.3291692645528492,ComboMean-PoolB_GARCH_Neural,test
2025-07-07,2025-07-08,0.904778187332118,1.382986415431222,ComboMean-PoolB_GARCH_Neural,test
2025-07-08,2025-07-09,1.241559484315582,1.3720271964112576,ComboMean-PoolB_GARCH_Neural,test
2025-07-09,2025-07-10,0.9910271514632224,1.4120472309673366,ComboMean-PoolB_GARCH_Neural,test
2025-07-10,2025-07-11,0.6970381226212395,1.3609680498768235,ComboMean-PoolB_GARCH_Neural,test
2025-07-11,2025-07-14,0.7477170344432008,1.3909800401685144,ComboMean-PoolB_GARCH_Neural,test
2025-07-14,2025-07-15,0.4444265080916222,1.393453332336883,ComboMean-PoolB_GARCH_Neural,test
2025-07-15,2025-07-16,0.1995824056263008,1.4730342527993594,ComboMean-PoolB_GARCH_Neural,test
2025-07-16,2025-07-17,2.3820294026445814,1.4411197453574955,ComboMean-PoolB_GARCH_Neural,test
2025-07-17,2025-07-18,0.2369058350764768,1.460834834413412,ComboMean-PoolB_GARCH_Neural,test
2025-07-18,2025-07-21,0.6726766922283197,1.4553213806428904,ComboMean-PoolB_GARCH_Neural,test
2025-07-21,2025-07-22,2.6753597330452594,1.5241365582646251,ComboMean-PoolB_GARCH_Neural,test
2025-07-22,2025-07-23,0.033610422134737,1.4835505546283194,ComboMean-PoolB_GARCH_Neural,test
2025-07-23,2025-07-24,0.3298066193429415,1.499727270071863,ComboMean-PoolB_GARCH_Neural,test
2025-07-24,2025-07-25,0.4388880259346913,1.488026148037715,ComboMean-PoolB_GARCH_Neural,test
2025-07-25,2025-07-28,2.898363616722053,1.4794016066473794,ComboMean-PoolB_GARCH_Neural,test
2025-07-28,2025-07-29,17.613558540836202,1.5137842859384338,ComboMean-PoolB_GARCH_Neural,test
2025-07-29,2025-07-30,0.8980946651524866,2.476440967093608,ComboMean-PoolB_GARCH_Neural,test
2025-07-30,2025-07-31,0.1152726694915896,2.190060347725167,ComboMean-PoolB_GARCH_Neural,test
2025-07-31,2025-08-01,0.1152726694915833,2.1175935599714246,ComboMean-PoolB_GARCH_Neural,test
2025-08-01,2025-08-04,1.834710119502004,1.9829613954170973,ComboMean-PoolB_GARCH_Neural,test
2025-08-04,2025-08-05,1.520412348936557,1.8940982400940634,ComboMean-PoolB_GARCH_Neural,test
2025-08-05,2025-08-06,2.8972670658789563,1.9278062872462627,ComboMean-PoolB_GARCH_Neural,test
2025-08-06,2025-08-07,0.2635664108766646,1.8452323987134336,ComboMean-PoolB_GARCH_Neural,test
2025-08-07,2025-08-08,0.039326859883716,1.7971538981910733,ComboMean-PoolB_GARCH_Neural,test
2025-08-08,2025-08-11,0.9422556417684452,1.7712355056587072,ComboMean-PoolB_GARCH_Neural,test
2025-08-11,2025-08-12,0.2369869845385009,1.7490406929845317,ComboMean-PoolB_GARCH_Neural,test
2025-08-12,2025-08-13,0.0440788772156527,1.6953188985762428,ComboMean-PoolB_GARCH_Neural,test
2025-08-13,2025-08-14,3.200310161092739,1.6819751043735995,ComboMean-PoolB_GARCH_Neural,test
2025-08-14,2025-08-15,0.4273067256056122,1.69450505435,ComboMean-PoolB_GARCH_Neural,test
2025-08-15,2025-08-18,0.1521280158050796,1.722380891280858,ComboMean-PoolB_GARCH_Neural,test
2025-08-18,2025-08-19,1.174434797614126,1.6646170844702475,ComboMean-PoolB_GARCH_Neural,test
2025-08-19,2025-08-20,0.3749305014941085,1.6734418672203843,ComboMean-PoolB_GARCH_Neural,test
2025-08-20,2025-08-21,1.989152286945736,1.6651186644424152,ComboMean-PoolB_GARCH_Neural,test
2025-08-21,2025-08-22,6.511855987425645,1.6387293211069927,ComboMean-PoolB_GARCH_Neural,test
2025-08-22,2025-08-25,3.721774310323592,2.0254075405339447,ComboMean-PoolB_GARCH_Neural,test
2025-08-25,2025-08-26,10.672831463331164,2.193689996202198,ComboMean-PoolB_GARCH_Neural,test
2025-08-26,2025-08-27,0.1033600134238672,2.130349671898996,ComboMean-PoolB_GARCH_Neural,test
2025-08-27,2025-08-28,0.2196933006813634,1.9495637175375768,ComboMean-PoolB_GARCH_Neural,test
2025-08-28,2025-08-29,0.0064454873601164,1.8302222337411298,ComboMean-PoolB_GARCH_Neural,test
2025-08-29,2025-09-03,0.0029279074904991,1.7760954392412442,ComboMean-PoolB_GARCH_Neural,test
2025-09-03,2025-09-04,0.7878709714332047,1.7349293255270988,ComboMean-PoolB_GARCH_Neural,test
2025-09-04,2025-09-05,3.0401082196490887,1.7319364838090734,ComboMean-PoolB_GARCH_Neural,test
2025-09-05,2025-09-08,6.650758234823594,1.9460866973702793,ComboMean-PoolB_GARCH_Neural,test
2025-09-08,2025-09-09,0.6150034620566089,2.2941299403346855,ComboMean-PoolB_GARCH_Neural,test
2025-09-09,2025-09-10,0.1311392104891743,2.0686642174995713,ComboMean-PoolB_GARCH_Neural,test
2025-09-10,2025-09-11,0.7707413531131861,1.9098488302034742,ComboMean-PoolB_GARCH_Neural,test
2025-09-11,2025-09-12,0.3272182232185671,1.8522345325404515,ComboMean-PoolB_GARCH_Neural,test
2025-09-12,2025-09-15,1.1076835127457196,1.760958186469514,ComboMean-PoolB_GARCH_Neural,test
2025-09-15,2025-09-16,0.0564941879844652,1.7454467662629902,ComboMean-PoolB_GARCH_Neural,test
2025-09-16,2025-09-17,0.3510643230345384,1.7202489622971893,ComboMean-PoolB_GARCH_Neural,test
2025-09-17,2025-09-18,0.1204832995414096,1.7224090277230801,ComboMean-PoolB_GARCH_Neural,test
2025-09-18,2025-09-19,0.1558113286329437,1.6827233792318415,ComboMean-PoolB_GARCH_Neural,test
2025-09-19,2025-09-22,2.1548992233102013,1.664881166943927,ComboMean-PoolB_GARCH_Neural,test
2025-09-22,2025-09-23,0.0024547743448737,1.8462772629524418,ComboMean-PoolB_GARCH_Neural,test
2025-09-23,2025-09-24,1.8183165781347828,1.6545877994954017,ComboMean-PoolB_GARCH_Neural,test
2025-09-24,2025-09-25,0.2696988542084727,1.6582437598071094,ComboMean-PoolB_GARCH_Neural,test
2025-09-25,2025-09-26,0.1049995667244043,1.5980987768872004,ComboMean-PoolB_GARCH_Neural,test
2025-09-26,2025-09-29,0.1207157531709924,1.588621104439005,ComboMean-PoolB_GARCH_Neural,test
2025-09-29,2025-09-30,0.0825092745825899,1.5332962824241165,ComboMean-PoolB_GARCH_Neural,test
2025-09-30,2025-10-01,0.0405610853854958,1.5673648599137593,ComboMean-PoolB_GARCH_Neural,test
2025-10-01,2025-10-02,0.5533556929381476,1.4685015091291058,ComboMean-PoolB_GARCH_Neural,test
2025-10-02,2025-10-03,0.1745254722126338,1.5301230566323825,ComboMean-PoolB_GARCH_Neural,test
2025-10-03,2025-10-06,8.84404690494525,1.5362863518346863,ComboMean-PoolB_GARCH_Neural,test
2025-10-06,2025-10-07,0.3641027934298682,1.6260427742193817,ComboMean-PoolB_GARCH_Neural,test
2025-10-07,2025-10-08,0.5486921315455813,1.599124858009131,ComboMean-PoolB_GARCH_Neural,test
2025-10-08,2025-10-09,1.1922218605244943,1.5772046654438923,ComboMean-PoolB_GARCH_Neural,test
2025-10-09,2025-10-10,3.220212549761636,1.5678764827081828,ComboMean-PoolB_GARCH_Neural,test
2025-10-10,2025-10-13,1.0007740943267542,1.5825929749415995,ComboMean-PoolB_GARCH_Neural,test
2025-10-13,2025-10-14,0.0530277849803774,1.560527518052223,ComboMean-PoolB_GARCH_Neural,test
2025-10-14,2025-10-15,0.0312420838438003,1.5511655682229268,ComboMean-PoolB_GARCH_Neural,test
2025-10-15,2025-10-16,0.2550192069697773,1.5165601944464733,ComboMean-PoolB_GARCH_Neural,test
2025-10-16,2025-10-17,4.157221997254808,1.501010487094979,ComboMean-PoolB_GARCH_Neural,test
2025-10-17,2025-10-20,31.687885302040943,1.8101806137326912,ComboMean-PoolB_GARCH_Neural,test
2025-10-20,2025-10-21,2.6780326889178614,3.451031939850983,ComboMean-PoolB_GARCH_Neural,test
2025-10-21,2025-10-22,0.8133878588699036,2.8809719928323565,ComboMean-PoolB_GARCH_Neural,test
2025-10-22,2025-10-23,0.2587585559528909,2.534069615345396,ComboMean-PoolB_GARCH_Neural,test
2025-10-23,2025-10-24,0.053015415411533,2.254988971800413,ComboMean-PoolB_GARCH_Neural,test
2025-10-24,2025-10-27,3.375069844215606,2.055818279756936,ComboMean-PoolB_GARCH_Neural,test
2025-10-27,2025-10-28,2.814969211801454,2.311734842485704,ComboMean-PoolB_GARCH_Neural,test
2025-10-28,2025-10-29,0.1002770987516237,2.194156560750705,ComboMean-PoolB_GARCH_Neural,test
2025-10-29,2025-10-30,0.939332335111435,1.9973808334357253,ComboMean-PoolB_GARCH_Neural,test
2025-10-30,2025-10-31,3.2700587697209347,2.025269709095478,ComboMean-PoolB_GARCH_Neural,test
2025-10-31,2025-11-03,1.9349432702427485,2.2468481701753156,ComboMean-PoolB_GARCH_Neural,test
2025-11-03,2025-11-04,4.580450857721864,2.3148690613181753,ComboMean-PoolB_GARCH_Neural,test
2025-11-04,2025-11-05,0.0309750452194787,2.205195652877652,ComboMean-PoolB_GARCH_Neural,test
2025-11-05,2025-11-06,0.5520248822173379,1.9601375331615636,ComboMean-PoolB_GARCH_Neural,test
2025-11-06,2025-11-07,7.216601336017348,1.9415567031514855,ComboMean-PoolB_GARCH_Neural,test
2025-11-07,2025-11-10,1.3629185312754708,2.504643477343423,ComboMean-PoolB_GARCH_Neural,test
2025-11-10,2025-11-11,0.6782053056730832,2.465853772257125,ComboMean-PoolB_GARCH_Neural,test
2025-11-11,2025-11-12,5.625713037940661,2.2277546568530515,ComboMean-PoolB_GARCH_Neural,test
2025-11-12,2025-11-13,0.000662589539105,2.1749510801818452,ComboMean-PoolB_GARCH_Neural,test
2025-11-13,2025-11-14,0.0605676682080504,1.9039355579122335,ComboMean-PoolB_GARCH_Neural,test
2025-11-14,2025-11-17,1.328575255573558,1.791057065221637,ComboMean-PoolB_GARCH_Neural,test
2025-11-17,2025-11-18,0.1101519148224003,1.7746359305533224,ComboMean-PoolB_GARCH_Neural,test
2025-11-18,2025-11-19,0.4356481626659925,1.7047899649523965,ComboMean-PoolB_GARCH_Neural,test
2025-11-19,2025-11-20,0.1789267767214806,1.7464774145879318,ComboMean-PoolB_GARCH_Neural,test
2025-11-20,2025-11-21,0.0040999105070223,1.670061837789632,ComboMean-PoolB_GARCH_Neural,test
2025-11-21,2025-11-24,0.6169476621587812,1.6065488134287356,ComboMean-PoolB_GARCH_Neural,test
2025-11-24,2025-11-25,0.2096602420348715,1.5534168567987698,ComboMean-PoolB_GARCH_Neural,test
2025-11-25,2025-11-26,1.433673327817772,1.5826886320544264,ComboMean-PoolB_GARCH_Neural,test
2025-11-26,2025-11-27,0.0554068207335508,1.5584663519529443,ComboMean-PoolB_GARCH_Neural,test
2025-11-27,2025-11-28,0.1562015926240177,1.4840430039041,ComboMean-PoolB_GARCH_Neural,test
2025-11-28,2025-12-01,0.39639182484541,1.4539730893275828,ComboMean-PoolB_GARCH_Neural,test
2025-12-01,2025-12-02,0.8106128656312585,1.403631764760371,ComboMean-PoolB_GARCH_Neural,test
2025-12-02,2025-12-03,0.7276910420234725,1.4108137051675325,ComboMean-PoolB_GARCH_Neural,test
2025-12-03,2025-12-04,0.0994544592328996,1.4037041881258836,ComboMean-PoolB_GARCH_Neural,test
2025-12-04,2025-12-05,0.0550277452970135,1.3878619531095913,ComboMean-PoolB_GARCH_Neural,test
2025-12-05,2025-12-08,0.5051234930048776,1.3401779193314516,ComboMean-PoolB_GARCH_Neural,test
2025-12-08,2025-12-09,0.1408736793364905,1.3213264413008357,ComboMean-PoolB_GARCH_Neural,test
2025-12-09,2025-12-10,2.645907078453935,1.3971661526491297,ComboMean-PoolB_GARCH_Neural,test
2025-12-10,2025-12-11,1.3806505812729413,1.6042143614624682,ComboMean-PoolB_GARCH_Neural,test
2025-12-11,2025-12-12,9.667324836347865,1.7300572337631226,ComboMean-PoolB_GARCH_Neural,test
2025-12-12,2025-12-15,0.0028567239256699,2.4926171133431394,ComboMean-PoolB_GARCH_Neural,test
2025-12-15,2025-12-16,3.980584197891362,2.170351144160257,ComboMean-PoolB_GARCH_Neural,test
2025-12-16,2025-12-17,0.1084209662548159,2.0776169592067735,ComboMean-PoolB_GARCH_Neural,test
2025-12-17,2025-12-18,0.0392718088641224,1.9293083959053259,ComboMean-PoolB_GARCH_Neural,test
2025-12-18,2025-12-19,2.613324440401082,1.7918465214737442,ComboMean-PoolB_GARCH_Neural,test
2025-12-19,2025-12-22,7.313697947150696,1.7813957282355235,ComboMean-PoolB_GARCH_Neural,test
2025-12-22,2025-12-23,1.4374361396783522,1.8459706789756272,ComboMean-PoolB_GARCH_Neural,test
2025-12-23,2025-12-24,0.36034587773515,1.746116072947195,ComboMean-PoolB_GARCH_Neural,test
2025-12-24,2025-12-25,5.141409326470893,1.6692051123352991,ComboMean-PoolB_GARCH_Neural,test
2025-12-25,2025-12-26,0.5648889447832609,2.1144618242028472,ComboMean-PoolB_GARCH_Neural,test
2025-12-26,2025-12-29,2.0655121585777008,2.063156392216138,ComboMean-PoolB_GARCH_Neural,test
2025-12-29,2025-12-30,0.4690762256667201,1.9777543026240287,ComboMean-PoolB_GARCH_Neural,test
2025-12-30,2025-12-31,0.9813005407165244,1.840849652413799,ComboMean-PoolB_GARCH_Neural,test
2020-02-05,2020-02-06,1.8356018915555292,2.059508290924565,ComboMean-PoolB_GARCH_Neural,validation
2020-02-06,2020-02-07,0.0553168362540114,1.9099899938339213,ComboMean-PoolB_GARCH_Neural,validation
2020-02-07,2020-02-10,1.14665654297727,1.6263558552914887,ComboMean-PoolB_GARCH_Neural,validation
2020-02-10,2020-02-11,0.1784472180385378,1.6581046126210681,ComboMean-PoolB_GARCH_Neural,validation
2020-02-11,2020-02-12,0.1033759850072604,1.495738028882997,ComboMean-PoolB_GARCH_Neural,validation
2020-02-12,2020-02-13,0.0035645724311596,1.3426310948022622,ComboMean-PoolB_GARCH_Neural,validation
2020-02-13,2020-02-14,0.007095648592579,1.1658415343393778,ComboMean-PoolB_GARCH_Neural,validation
2020-02-14,2020-02-17,0.0819627293788475,1.021966744594945,ComboMean-PoolB_GARCH_Neural,validation
2020-02-17,2020-02-18,0.5393743252289994,0.9323587825962445,ComboMean-PoolB_GARCH_Neural,validation
2020-02-18,2020-02-19,0.0079935084291448,0.9220514834299514,ComboMean-PoolB_GARCH_Neural,validation
2020-02-19,2020-02-20,1.007648372641439,0.8518575489815046,ComboMean-PoolB_GARCH_Neural,validation
2020-02-20,2020-02-21,0.2901840002942764,0.8203532378053745,ComboMean-PoolB_GARCH_Neural,validation
2020-02-21,2020-02-24,10.499319840007198,0.8108721616491926,ComboMean-PoolB_GARCH_Neural,validation
2020-02-24,2020-02-25,0.487607684946675,1.5245580042924407,ComboMean-PoolB_GARCH_Neural,validation
2020-02-25,2020-02-26,2.3027959637577347,1.6308236025683829,ComboMean-PoolB_GARCH_Neural,validation
2020-02-26,2020-02-27,0.0757898564940438,2.004183629298221,ComboMean-PoolB_GARCH_Neural,validation
2020-02-27,2020-02-28,3.3315279697661397,1.885028435266426,ComboMean-PoolB_GARCH_Neural,validation
2020-02-28,2020-03-02,0.0643087707016609,2.2006321208037263,ComboMean-PoolB_GARCH_Neural,validation
2020-03-02,2020-03-03,0.4848687144344406,2.001224058018481,ComboMean-PoolB_GARCH_Neural,validation
2020-03-03,2020-03-04,0.0194121329487549,1.8082893919881948,ComboMean-PoolB_GARCH_Neural,validation
2020-03-04,2020-03-05,0.1953921289983395,1.6016279557030206,ComboMean-PoolB_GARCH_Neural,validation
2020-03-05,2020-03-06,0.0439125584620563,1.3900114316162304,ComboMean-PoolB_GARCH_Neural,validation
2020-03-06,2020-03-09,42.01600464009923,1.220547192203937,ComboMean-PoolB_GARCH_Neural,validation
2020-03-09,2020-03-10,0.0577385447930077,3.0595847642755505,ComboMean-PoolB_GARCH_Neural,validation
2020-03-10,2020-03-11,10.062685801317658,3.170318036715865,ComboMean-PoolB_GARCH_Neural,validation
2020-03-11,2020-03-12,28.39132734538161,3.749434712689613,ComboMean-PoolB_GARCH_Neural,validation
2020-03-12,2020-03-13,0.9522274265858316,4.532728432659825,ComboMean-PoolB_GARCH_Neural,validation
2020-03-13,2020-03-16,3.4010756349170417,4.410180321992639,ComboMean-PoolB_GARCH_Neural,validation
2020-03-16,2020-03-17,0.0775702786503674,4.366514343140919,ComboMean-PoolB_GARCH_Neural,validation
2020-03-17,2020-03-18,0.0633870572758951,3.908107182557752,ComboMean-PoolB_GARCH_Neural,validation
2020-03-18,2020-03-19,8.691271441121467,3.4216201208541035,ComboMean-PoolB_GARCH_Neural,validation
2020-03-19,2020-03-20,5.099806319623413,3.7541939799048434,ComboMean-PoolB_GARCH_Neural,validation
2020-03-20,2020-03-23,39.324753398937766,3.936521091194672,ComboMean-PoolB_GARCH_Neural,validation
2020-03-23,2020-03-24,1.2394404253652411,5.008836679587402,ComboMean-PoolB_GARCH_Neural,validation
2020-03-24,2020-03-25,21.170767602446844,4.7818594288563805,ComboMean-PoolB_GARCH_Neural,validation
2020-03-25,2020-03-26,0.3272592319629427,4.839957370291027,ComboMean-PoolB_GARCH_Neural,validation
2020-03-26,2020-03-27,0.0708281107928228,4.219087000006768,ComboMean-PoolB_GARCH_Neural,validation
2020-03-27,2020-03-30,24.77812989942355,3.579872969701692,ComboMean-PoolB_GARCH_Neural,validation
2020-03-30,2020-03-31,0.0016614736162584,4.590427150010318,ComboMean-PoolB_GARCH_Neural,validation
2020-03-31,2020-04-01,6.951204185299923,4.061016047106611,ComboMean-PoolB_GARCH_Neural,validation
2020-04-01,2020-04-03,9.745314866975544,4.18232259145258,ComboMean-PoolB_GARCH_Neural,validation
2020-04-03,2020-04-06,23.61975403181723,4.0467922670156025,ComboMean-PoolB_GARCH_Neural,validation
2020-04-06,2020-04-07,1.7959977540981795,4.185558505641826,ComboMean-PoolB_GARCH_Neural,validation
2020-04-07,2020-04-08,0.031670113685362,3.514985993056567,ComboMean-PoolB_GARCH_Neural,validation
2020-04-08,2020-04-09,2.664349091269905,3.057757302231621,ComboMean-PoolB_GARCH_Neural,validation
2020-04-09,2020-04-10,0.0991193599969613,2.9217826644945637,ComboMean-PoolB_GARCH_Neural,validation
2020-04-10,2020-04-13,1.0616734405284087,2.6531307810152716,ComboMean-PoolB_GARCH_Neural,validation
2020-04-13,2020-04-14,0.044657326796299,2.4869031571701288,ComboMean-PoolB_GARCH_Neural,validation
2020-04-14,2020-04-15,1.6134694756828007,2.1985475716491316,ComboMean-PoolB_GARCH_Neural,validation
2020-04-15,2020-04-16,0.1995857905304535,2.0875331017238734,ComboMean-PoolB_GARCH_Neural,validation
2020-04-16,2020-04-17,1.2849435357813008,1.8801378837283855,ComboMean-PoolB_GARCH_Neural,validation
2020-04-17,2020-04-20,0.4593979249949131,1.7639703718862405,ComboMean-PoolB_GARCH_Neural,validation
2020-04-20,2020-04-21,12.978873344019766,1.6082978417795033,ComboMean-PoolB_GARCH_Neural,validation
2020-04-21,2020-04-22,0.0733737116381983,2.4466019431746395,ComboMean-PoolB_GARCH_Neural,validation
2020-04-22,2020-04-23,0.4184349588364568,2.268852599663889,ComboMean-PoolB_GARCH_Neural,validation
2020-04-23,2020-04-24,0.1258182196300893,2.1256929687414163,ComboMean-PoolB_GARCH_Neural,validation
2020-04-24,2020-04-27,0.5795257679139346,1.9333195779137875,ComboMean-PoolB_GARCH_Neural,validation
2020-04-27,2020-04-28,0.2143187476000118,1.8597743190052707,ComboMean-PoolB_GARCH_Neural,validation
2020-04-28,2020-04-29,0.0611792667418572,1.7358789288246224,ComboMean-PoolB_GARCH_Neural,validation
2020-04-29,2020-05-04,0.7518344451734201,1.5799553171859744,ComboMean-PoolB_GARCH_Neural,validation
2020-05-04,2020-05-05,0.0490191944837796,1.5547118352523863,ComboMean-PoolB_GARCH_Neural,validation
2020-05-05,2020-05-06,5.6795185291388,1.4176210048916773,ComboMean-PoolB_GARCH_Neural,validation
2020-05-06,2020-05-07,3.121729248484887,1.5013350387427735,ComboMean-PoolB_GARCH_Neural,validation
2020-05-07,2020-05-08,4.558766386917776,1.4690223826041446,ComboMean-PoolB_GARCH_Neural,validation
2020-05-08,2020-05-11,3.1623544686065705,1.5089819293935762,ComboMean-PoolB_GARCH_Neural,validation
2020-05-11,2020-05-12,0.7061476617266061,1.4993329475482857,ComboMean-PoolB_GARCH_Neural,validation
2020-05-12,2020-05-13,0.0176814396147646,1.4212820401935877,ComboMean-PoolB_GARCH_Neural,validation
2020-05-13,2020-05-14,0.0471790852184788,1.364115309828482,ComboMean-PoolB_GARCH_Neural,validation
2020-05-14,2020-05-15,0.4188839500568042,1.3476395212165293,ComboMean-PoolB_GARCH_Neural,validation
2020-05-15,2020-05-18,1.4388117144550177,1.3950399911528977,ComboMean-PoolB_GARCH_Neural,validation
2020-05-18,2020-05-19,1.1212214832868546,1.373844220304095,ComboMean-PoolB_GARCH_Neural,validation
2020-05-19,2020-05-20,0.6772038230630518,1.327596547827885,ComboMean-PoolB_GARCH_Neural,validation
2020-05-20,2020-05-21,1.3105093570623978,1.2585647252479877,ComboMean-PoolB_GARCH_Neural,validation
2020-05-21,2020-05-22,1.3565460202551032,1.2049436325657013,ComboMean-PoolB_GARCH_Neural,validation
2020-05-22,2020-05-25,0.541812619677385,1.3106309215406806,ComboMean-PoolB_GARCH_Neural,validation
2020-05-25,2020-05-26,1.3635757531139376,1.2780254417537797,ComboMean-PoolB_GARCH_Neural,validation
2020-05-26,2020-05-27,1.8211114283606344,1.2580193068432948,ComboMean-PoolB_GARCH_Neural,validation
2020-05-27,2020-05-28,0.2069802660068541,1.4224272873358783,ComboMean-PoolB_GARCH_Neural,validation
2020-05-28,2020-05-29,0.1273946587706487,1.3715752008907078,ComboMean-PoolB_GARCH_Neural,validation
2020-05-29,2020-06-01,2.6545527294324818,1.3044820753492112,ComboMean-PoolB_GARCH_Neural,validation
2020-06-01,2020-06-02,0.1948438272852952,1.311002454478023,ComboMean-PoolB_GARCH_Neural,validation
2020-06-02,2020-06-03,0.526391032778092,1.3060970200803945,ComboMean-PoolB_GARCH_Neural,validation
2020-06-03,2020-06-04,0.0956890209261397,1.2509485036969052,ComboMean-PoolB_GARCH_Neural,validation
2020-06-04,2020-06-05,0.068711754863941,1.2104871505978645,ComboMean-PoolB_GARCH_Neural,validation
2020-06-05,2020-06-08,2.3533534927844846,1.1786742215381603,ComboMean-PoolB_GARCH_Neural,validation
2020-06-08,2020-06-09,0.0029663396470081,1.1996124112729847,ComboMean-PoolB_GARCH_Neural,validation
2020-06-09,2020-06-10,0.0192877721914381,1.1780726845997485,ComboMean-PoolB_GARCH_Neural,validation
2020-06-10,2020-06-11,14.20113167350128,1.15940449840603,ComboMean-PoolB_GARCH_Neural,validation
2020-06-11,2020-06-12,0.1978991573902568,1.9131152694403564,ComboMean-PoolB_GARCH_Neural,validation
2020-06-12,2020-06-15,13.410151498832947,1.8967052131060032,ComboMean-PoolB_GARCH_Neural,validation
2020-06-15,2020-06-16,7.854033490557961,2.8141892578938417,ComboMean-PoolB_GARCH_Neural,validation
2020-06-16,2020-06-17,0.0390437911460607,3.0430265260270337,ComboMean-PoolB_GARCH_Neural,validation
2020-06-17,2020-06-18,0.0094269529730988,2.8126845867730075,ComboMean-PoolB_GARCH_Neural,validation
2020-06-18,2020-06-19,2.3775972708277777,2.546576263212309,ComboMean-PoolB_GARCH_Neural,validation
2020-06-19,2020-06-22,0.0977642075595444,2.350580491059457,ComboMean-PoolB_GARCH_Neural,validation
2020-06-22,2020-06-23,0.1254074833473004,2.0739319453718723,ComboMean-PoolB_GARCH_Neural,validation
2020-06-23,2020-06-24,0.9656953175585764,1.8981984546302244,ComboMean-PoolB_GARCH_Neural,validation
2020-06-24,2020-06-25,0.3568032861992914,1.9417257834737462,ComboMean-PoolB_GARCH_Neural,validation
2020-06-25,2020-06-26,0.0935607015251472,1.930940092563858,ComboMean-PoolB_GARCH_Neural,validation
2020-06-26,2020-06-29,7.240799310682349,1.8109987076266516,ComboMean-PoolB_GARCH_Neural,validation
2020-06-29,2020-06-30,0.263950183757359,2.350680119866608,ComboMean-PoolB_GARCH_Neural,validation
2020-06-30,2020-07-01,4.853797558668691,2.23299211994001,ComboMean-PoolB_GARCH_Neural,validation
2020-07-01,2020-07-02,0.0173403520116891,2.270974230771145,ComboMean-PoolB_GARCH_Neural,validation
2020-07-02,2020-07-03,0.3830874038106421,2.0327562539391,ComboMean-PoolB_GARCH_Neural,validation
2020-07-03,2020-07-06,2.515298700046254,1.8207740061744648,ComboMean-PoolB_GARCH_Neural,validation
2020-07-06,2020-07-07,0.0686927141453309,1.700706571300419,ComboMean-PoolB_GARCH_Neural,validation
2020-07-07,2020-07-08,0.0156264509294999,1.5190010334802269,ComboMean-PoolB_GARCH_Neural,validation
2020-07-08,2020-07-09,1.8878106377661732,1.384205711606806,ComboMean-PoolB_GARCH_Neural,validation
2020-07-09,2020-07-10,0.3609627180509834,1.3529474378767068,ComboMean-PoolB_GARCH_Neural,validation
2020-07-10,2020-07-13,0.0819210906952639,1.3486558448047528,ComboMean-PoolB_GARCH_Neural,validation
2020-07-13,2020-07-14,0.0049340673468667,1.2782966520537897,ComboMean-PoolB_GARCH_Neural,validation
2020-07-14,2020-07-15,0.0429038013029008,1.1891764822207453,ComboMean-PoolB_GARCH_Neural,validation
2020-07-15,2020-07-16,0.6277983835430785,1.1068578430389562,ComboMean-PoolB_GARCH_Neural,validation
2020-07-16,2020-07-17,0.3025848721746239,1.0440168924211868,ComboMean-PoolB_GARCH_Neural,validation
2020-07-17,2020-07-20,1.5014548821169582,1.0274654025040346,ComboMean-PoolB_GARCH_Neural,validation
2020-07-20,2020-07-21,0.0011330265098316,1.1345054086722077,ComboMean-PoolB_GARCH_Neural,validation
2020-07-21,2020-07-22,0.5929839946327068,1.0778695696412548,ComboMean-PoolB_GARCH_Neural,validation
2020-07-22,2020-07-23,0.0380690415470228,1.1083577175728583,ComboMean-PoolB_GARCH_Neural,validation
2020-07-23,2020-07-24,10.714506391324338,1.0243920123428287,ComboMean-PoolB_GARCH_Neural,validation
2020-07-24,2020-07-27,29.71654662116303,1.7425018642927221,ComboMean-PoolB_GARCH_Neural,validation
2020-07-27,2020-07-28,12.442241141417854,3.284432497124934,ComboMean-PoolB_GARCH_Neural,validation
2020-07-28,2020-07-29,7.88382185098053,3.714507977692371,ComboMean-PoolB_GARCH_Neural,validation
2020-07-29,2020-07-30,1.6712179001127756,4.113880899181101,ComboMean-PoolB_GARCH_Neural,validation
2020-07-30,2020-07-31,0.1173768950572407,3.9892565767802806,ComboMean-PoolB_GARCH_Neural,validation
2020-07-31,2020-08-03,4.064809725455425,3.5403531114324664,ComboMean-PoolB_GARCH_Neural,validation
2020-08-03,2020-08-04,2.475940854259596,3.3899870778061683,ComboMean-PoolB_GARCH_Neural,validation
2020-08-04,2020-08-05,1.5093873640970836,3.0140846579122273,ComboMean-PoolB_GARCH_Neural,validation
2020-08-05,2020-08-06,0.0712944062273411,2.6534213554642454,ComboMean-PoolB_GARCH_Neural,validation
2020-08-06,2020-08-07,0.0285261487999524,2.3402793311058185,ComboMean-PoolB_GARCH_Neural,validation
2020-08-07,2020-08-10,0.0426711422269859,2.13307589206344,ComboMean-PoolB_GARCH_Neural,validation
2020-08-10,2020-08-11,0.0002025643928529,1.9524528066260605,ComboMean-PoolB_GARCH_Neural,validation
2020-08-11,2020-08-12,0.2065144883305979,1.7775453344912733,ComboMean-PoolB_GARCH_Neural,validation
2020-08-12,2020-08-13,0.9127332835843408,1.5890477676481163,ComboMean-PoolB_GARCH_Neural,validation
2020-08-13,2020-08-14,0.255367280706292,1.4618942880309418,ComboMean-PoolB_GARCH_Neural,validation
2020-08-14,2020-08-17,0.0048129527023226,1.384791595089836,ComboMean-PoolB_GARCH_Neural,validation
2020-08-17,2020-08-18,0.1923085427612989,1.273610501723053,ComboMean-PoolB_GARCH_Neural,validation
2020-08-18,2020-08-19,0.3171223716823505,1.2154225982555817,ComboMean-PoolB_GARCH_Neural,validation
2020-08-19,2020-08-20,0.1246527755214606,1.1595371752511285,ComboMean-PoolB_GARCH_Neural,validation
2020-08-20,2020-08-21,0.5953479247893214,1.119619805998491,ComboMean-PoolB_GARCH_Neural,validation
2020-08-21,2020-08-24,2.601992310993434,1.094498178395234,ComboMean-PoolB_GARCH_Neural,validation
2020-08-24,2020-08-25,0.3897315001367304,1.1162495724152968,ComboMean-PoolB_GARCH_Neural,validation
2020-08-25,2020-08-26,0.0055335984725061,1.0888648817470328,ComboMean-PoolB_GARCH_Neural,validation
2020-08-26,2020-08-27,0.0201247832938772,1.0563368118845582,ComboMean-PoolB_GARCH_Neural,validation
2020-08-27,2020-08-28,0.2371438175251532,1.012993144648939,ComboMean-PoolB_GARCH_Neural,validation
2020-08-28,2020-08-31,0.0919913483576587,1.0049959353689386,ComboMean-PoolB_GARCH_Neural,validation
2020-08-31,2020-09-01,1.2923697898915891,0.9789156303038942,ComboMean-PoolB_GARCH_Neural,validation
2020-09-01,2020-09-03,1.8585263119302429,0.9406438710159746,ComboMean-PoolB_GARCH_Neural,validation
2020-09-03,2020-09-04,0.0724558184717704,0.9521848498877261,ComboMean-PoolB_GARCH_Neural,validation
2020-09-04,2020-09-07,2.20557465755946,0.9614347391623724,ComboMean-PoolB_GARCH_Neural,validation
2020-09-07,2020-09-08,0.045178302752493,1.1704752750554095,ComboMean-PoolB_GARCH_Neural,validation
2020-09-08,2020-09-09,0.0084939812398233,1.1468395031232397,ComboMean-PoolB_GARCH_Neural,validation
2020-09-09,2020-09-10,0.003162773705203,1.1303040746330377,ComboMean-PoolB_GARCH_Neural,validation
2020-09-10,2020-09-11,0.0002847617108647,1.0825200849656549,ComboMean-PoolB_GARCH_Neural,validation
2020-09-11,2020-09-14,0.3943421427943259,1.017043823389635,ComboMean-PoolB_GARCH_Neural,validation
2020-09-14,2020-09-15,0.0356225443834294,0.9750378358957372,ComboMean-PoolB_GARCH_Neural,validation
2020-09-15,2020-09-16,0.0182018998394976,0.9417417551142874,ComboMean-PoolB_GARCH_Neural,validation
2020-09-16,2020-09-17,0.1466259433788813,0.873227962792021,ComboMean-PoolB_GARCH_Neural,validation
2020-09-17,2020-09-18,0.5927837774192054,0.8930950320410009,ComboMean-PoolB_GARCH_Neural,validation
2020-09-18,2020-09-21,0.5973025247310948,0.8649214093763645,ComboMean-PoolB_GARCH_Neural,validation
2020-09-21,2020-09-22,0.0372219865301334,0.8618431725210427,ComboMean-PoolB_GARCH_Neural,validation
2020-09-22,2020-09-23,0.4815094749114654,0.8665991111418432,ComboMean-PoolB_GARCH_Neural,validation
2020-09-23,2020-09-24,0.1853426709964717,0.8407441183055113,ComboMean-PoolB_GARCH_Neural,validation
2020-09-24,2020-09-25,0.0011645154128207,0.8692855038436041,ComboMean-PoolB_GARCH_Neural,validation
2020-09-25,2020-09-28,0.2158897933071618,0.8474029425127602,ComboMean-PoolB_GARCH_Neural,validation
2020-09-28,2020-09-29,0.8800033176965605,0.8453021901609786,ComboMean-PoolB_GARCH_Neural,validation
2020-09-29,2020-09-30,0.0184885133347586,0.9704601303342448,ComboMean-PoolB_GARCH_Neural,validation
2020-09-30,2020-10-01,0.9529808677190772,0.9280691916382229,ComboMean-PoolB_GARCH_Neural,validation
2020-10-01,2020-10-02,0.2100701799336074,0.9165216182193279,ComboMean-PoolB_GARCH_Neural,validation
2020-10-02,2020-10-05,0.2733808865752189,1.0028622044674462,ComboMean-PoolB_GARCH_Neural,validation
2020-10-05,2020-10-06,0.0117020561613317,0.9808208860719958,ComboMean-PoolB_GARCH_Neural,validation
2020-10-06,2020-10-07,0.194766708657986,0.9882728084861779,ComboMean-PoolB_GARCH_Neural,validation
2020-10-07,2020-10-08,0.0091636773062023,0.994593766489337,ComboMean-PoolB_GARCH_Neural,validation
2020-10-08,2020-10-09,0.3136074736535195,0.9877834507185108,ComboMean-PoolB_GARCH_Neural,validation
2020-10-09,2020-10-12,0.039147029875858,0.9403167192857596,ComboMean-PoolB_GARCH_Neural,validation
2020-10-12,2020-10-13,0.1886516440368795,0.9359884775994876,ComboMean-PoolB_GARCH_Neural,validation
2020-10-13,2020-10-14,1.2182219245675234,0.8847828738844674,ComboMean-PoolB_GARCH_Neural,validation
2020-10-14,2020-10-15,0.0750977601457549,0.8955286682647764,ComboMean-PoolB_GARCH_Neural,validation
2020-10-15,2020-10-16,0.0032789630718449,0.9148148908202847,ComboMean-PoolB_GARCH_Neural,validation
2020-10-16,2020-10-19,0.0017086378411738,0.9098221401867841,ComboMean-PoolB_GARCH_Neural,validation
2020-10-19,2020-10-20,0.0059793113747856,0.8886810941089007,ComboMean-PoolB_GARCH_Neural,validation
2020-10-20,2020-10-21,0.3275908040251104,0.8887351150726842,ComboMean-PoolB_GARCH_Neural,validation
2020-10-21,2020-10-22,1.3246371755092925,0.9200865743096416,ComboMean-PoolB_GARCH_Neural,validation
2020-10-22,2020-10-23,1.4132948922636843,0.9076624632820188,ComboMean-PoolB_GARCH_Neural,validation
2020-10-23,2020-10-26,1.1970960361828058,0.9383597092959614,ComboMean-PoolB_GARCH_Neural,validation
2020-10-26,2020-10-27,0.2083430476879338,1.080243606767909,ComboMean-PoolB_GARCH_Neural,validation
2020-10-27,2020-10-28,7.411979475736142,1.1352121681528904,ComboMean-PoolB_GARCH_Neural,validation
2020-10-28,2020-10-29,0.0458453997519621,1.6760175999947764,ComboMean-PoolB_GARCH_Neural,validation
2020-10-29,2020-10-30,0.4800476169952387,1.6771493241145137,ComboMean-PoolB_GARCH_Neural,validation
2020-10-30,2020-11-02,0.7800511650758589,1.6240188080171358,ComboMean-PoolB_GARCH_Neural,validation
2020-11-02,2020-11-03,0.0342682571944602,1.5723738066272501,ComboMean-PoolB_GARCH_Neural,validation
2020-11-03,2020-11-04,0.2152577372300542,1.4575909438037975,ComboMean-PoolB_GARCH_Neural,validation
2020-11-04,2020-11-05,0.045844571767648,1.358616951680939,ComboMean-PoolB_GARCH_Neural,validation
2020-11-05,2020-11-06,0.003314082741207,1.2921030383376981,ComboMean-PoolB_GARCH_Neural,validation
2020-11-06,2020-11-09,2.10118385761475,1.2167162399484286,ComboMean-PoolB_GARCH_Neural,validation
2020-11-09,2020-11-10,8.938431274224163e-05,1.2219810748051088,ComboMean-PoolB_GARCH_Neural,validation
2020-11-10,2020-11-11,0.0011297213251294,1.216602869836087,ComboMean-PoolB_GARCH_Neural,validation
2020-11-11,2020-11-12,0.5456632914405392,1.1725013206810568,ComboMean-PoolB_GARCH_Neural,validation
2020-11-12,2020-11-13,0.5301286092359084,1.1273000232503638,ComboMean-PoolB_GARCH_Neural,validation
2020-11-13,2020-11-16,2.614940684665197,1.1215900124469504,ComboMean-PoolB_GARCH_Neural,validation
2020-11-16,2020-11-17,3.5600857195920512,1.3368805133948034,ComboMean-PoolB_GARCH_Neural,validation
2020-11-17,2020-11-18,0.2272651607739751,1.383014343481861,ComboMean-PoolB_GARCH_Neural,validation
2020-11-18,2020-11-19,0.9890184423772188,1.3722093884625102,ComboMean-PoolB_GARCH_Neural,validation
2020-11-19,2020-11-20,0.4666750014882298,1.3778325625211274,ComboMean-PoolB_GARCH_Neural,validation
2020-11-20,2020-11-23,0.1783704119345972,1.3619569433108711,ComboMean-PoolB_GARCH_Neural,validation
2020-11-23,2020-11-24,0.0248986125796567,1.3349835383364521,ComboMean-PoolB_GARCH_Neural,validation
2020-11-24,2020-11-25,0.1754782563587062,1.3201745018736064,ComboMean-PoolB_GARCH_Neural,validation
2020-11-25,2020-11-26,0.3614717362335366,1.291437517483613,ComboMean-PoolB_GARCH_Neural,validation
2020-11-26,2020-11-27,0.1777363368777613,1.2688798855681809,ComboMean-PoolB_GARCH_Neural,validation
2020-11-27,2020-11-30,0.50308697006867,1.2378593515403233,ComboMean-PoolB_GARCH_Neural,validation
2020-11-30,2020-12-01,0.331272320082079,1.2811803127603796,ComboMean-PoolB_GARCH_Neural,validation
2020-12-01,2020-12-02,0.2902563684716866,1.2715969885487073,ComboMean-PoolB_GARCH_Neural,validation
2020-12-02,2020-12-03,0.290315397256232,1.253700533432598,ComboMean-PoolB_GARCH_Neural,validation
2020-12-03,2020-12-04,0.0274172683613022,1.2374033528318213,ComboMean-PoolB_GARCH_Neural,validation
2020-12-04,2020-12-07,0.6850937253628709,1.2213649652445497,ComboMean-PoolB_GARCH_Neural,validation
2020-12-07,2020-12-08,0.0048900250994697,1.1998622321902943,ComboMean-PoolB_GARCH_Neural,validation
2020-12-08,2020-12-09,0.9108272820038537,1.1953000812524022,ComboMean-PoolB_GARCH_Neural,validation
2020-12-09,2020-12-10,0.6307404981430905,1.1977981498603798,ComboMean-PoolB_GARCH_Neural,validation
2020-12-10,2020-12-11,2.1005332911557746,1.2742840257320474,ComboMean-PoolB_GARCH_Neural,validation
2020-12-11,2020-12-14,2.953190631516623,1.2760017335816936,ComboMean-PoolB_GARCH_Neural,validation
2020-12-14,2020-12-15,0.6927758012586854,1.2965566257303356,ComboMean-PoolB_GARCH_Neural,validation
2020-12-15,2020-12-16,1.2199074044400842,1.395015524539963,ComboMean-PoolB_GARCH_Neural,validation
2020-12-16,2020-12-17,2.0641473967885817,1.386905499255201,ComboMean-PoolB_GARCH_Neural,validation
2020-12-17,2020-12-18,2.192631063716555,1.5778277593789174,ComboMean-PoolB_GARCH_Neural,validation
2020-12-18,2020-12-21,1.6074554836667916,1.5791640136943637,ComboMean-PoolB_GARCH_Neural,validation
2020-12-21,2020-12-22,0.0479545490733483,1.5685960604685687,ComboMean-PoolB_GARCH_Neural,validation
2020-12-22,2020-12-23,0.1771055150673424,1.5362192586184236,ComboMean-PoolB_GARCH_Neural,validation
2020-12-23,2020-12-24,1.124406225180995,1.5498779421986895,ComboMean-PoolB_GARCH_Neural,validation
2020-12-24,2020-12-25,2.4671237918391133,1.638899026092121,ComboMean-PoolB_GARCH_Neural,validation
2020-12-25,2020-12-28,0.4034604996523059,1.6243738671316783,ComboMean-PoolB_GARCH_Neural,validation
2020-12-28,2020-12-29,0.5549207078341868,1.5819325395058401,ComboMean-PoolB_GARCH_Neural,validation
2020-12-29,2020-12-30,0.0315106576863239,1.5412782803852383,ComboMean-PoolB_GARCH_Neural,validation
2020-12-30,2020-12-31,0.3307256931476,1.5187954505667691,ComboMean-PoolB_GARCH_Neural,validation
2020-12-31,2021-01-04,2.2278705339723945,1.4751887524514868,ComboMean-PoolB_GARCH_Neural,validation
2021-01-04,2021-01-05,1.1499318142027897,1.4833253550834808,ComboMean-PoolB_GARCH_Neural,validation
2021-01-05,2021-01-06,0.8776630886951989,1.4700630207931384,ComboMean-PoolB_GARCH_Neural,validation
2021-01-06,2021-01-07,1.3339004712332734,1.4613611076854296,ComboMean-PoolB_GARCH_Neural,validation
2021-01-07,2021-01-08,0.9288877612518626,1.452279085535558,ComboMean-PoolB_GARCH_Neural,validation
2021-01-08,2021-01-11,2.138176540768584,1.4411624256615885,ComboMean-PoolB_GARCH_Neural,validation
2021-01-11,2021-01-12,0.3865727035398198,1.4456248250045802,ComboMean-PoolB_GARCH_Neural,validation
2021-01-12,2021-01-13,0.2744693433035448,1.4180226942971343,ComboMean-PoolB_GARCH_Neural,validation
2021-01-13,2021-01-14,0.0129409883939506,1.468621762054257,ComboMean-PoolB_GARCH_Neural,validation
2021-01-14,2021-01-15,0.3260937940923989,1.4451165781320845,ComboMean-PoolB_GARCH_Neural,validation
2021-01-15,2021-01-18,0.0358827142959493,1.4311164222806498,ComboMean-PoolB_GARCH_Neural,validation
2021-01-18,2021-01-19,27.541540391562137,1.422081021535217,ComboMean-PoolB_GARCH_Neural,validation
2021-01-19,2021-01-20,0.1055259451193829,2.674959427067773,ComboMean-PoolB_GARCH_Neural,validation
2021-01-20,2021-01-21,6.600825920548621,2.40522720861933,ComboMean-PoolB_GARCH_Neural,validation
2021-01-21,2021-01-22,0.0486234498742934,2.4657941562128705,ComboMean-PoolB_GARCH_Neural,validation
2021-01-22,2021-01-25,0.003916873597976,2.204029307554357,ComboMean-PoolB_GARCH_Neural,validation
2021-01-25,2021-01-26,6.76157056018748,2.0326874667126513,ComboMean-PoolB_GARCH_Neural,validation
2021-01-26,2021-01-27,12.16950048366727,2.501788477902563,ComboMean-PoolB_GARCH_Neural,validation
2021-01-27,2021-01-28,47.71522267260341,3.1857501721947816,ComboMean-PoolB_GARCH_Neural,validation
2021-01-28,2021-01-29,9.864460610625494,4.82738395880979,ComboMean-PoolB_GARCH_Neural,validation
2021-01-29,2021-02-01,4.068938921704016,4.567045930320125,ComboMean-PoolB_GARCH_Neural,validation
2021-02-01,2021-02-02,14.37888811066259,4.635636770380231,ComboMean-PoolB_GARCH_Neural,validation
2021-02-02,2021-02-03,10.698092971323405,4.591537020487357,ComboMean-PoolB_GARCH_Neural,validation
2021-02-03,2021-02-04,0.006553579964635,4.309405626026788,ComboMean-PoolB_GARCH_Neural,validation
2021-02-04,2021-02-05,1.728785632859906,3.7201250828974732,ComboMean-PoolB_GARCH_Neural,validation
2021-02-05,2021-02-08,15.664350744194984,3.4067669033884975,ComboMean-PoolB_GARCH_Neural,validation
2021-02-08,2021-02-09,8.346588799606792,4.223736428636694,ComboMean-PoolB_GARCH_Neural,validation
2021-02-09,2021-02-17,12.948351612917367,4.137568779022616,ComboMean-PoolB_GARCH_Neural,validation
2021-02-17,2021-02-18,2.5487828873734144,4.077588836666779,ComboMean-PoolB_GARCH_Neural,validation
2021-02-18,2021-02-19,0.0056191882730801,3.6010652787288953,ComboMean-PoolB_GARCH_Neural,validation
2021-02-19,2021-02-22,0.0171990965562516,3.0927189838989744,ComboMean-PoolB_GARCH_Neural,validation
2021-02-22,2021-02-23,0.04885188428266,2.7461818836780223,ComboMean-PoolB_GARCH_Neural,validation
2021-02-23,2021-02-24,1.7852090551538884,2.518014961426906,ComboMean-PoolB_GARCH_Neural,validation
2021-02-24,2021-02-25,0.0863685922010339,2.5792046705179157,ComboMean-PoolB_GARCH_Neural,validation
2021-02-25,2021-02-26,0.0678645793866586,2.3960043623856357,ComboMean-PoolB_GARCH_Neural,validation
2021-02-26,2021-03-01,2.260340412751501,2.2241995153369905,ComboMean-PoolB_GARCH_Neural,validation
2021-03-01,2021-03-02,0.0013754677373442,2.1290695520514777,ComboMean-PoolB_GARCH_Neural,validation
2021-03-02,2021-03-03,0.0008207623047958,1.9282030350818151,ComboMean-PoolB_GARCH_Neural,validation
2021-03-03,2021-03-04,2.448912301147324,1.7900834803291268,ComboMean-PoolB_GARCH_Neural,validation
2021-03-04,2021-03-05,0.0002116227550263,1.9883918708089832,ComboMean-PoolB_GARCH_Neural,validation
2021-03-05,2021-03-08,0.001291980692468,1.8889363603893354,ComboMean-PoolB_GARCH_Neural,validation
2021-03-08,2021-03-09,0.2923761214947155,1.7845783867174592,ComboMean-PoolB_GARCH_Neural,validation
2021-03-09,2021-03-10,0.4837594769954144,1.7573047856609612,ComboMean-PoolB_GARCH_Neural,validation
2021-03-10,2021-03-11,0.9815546422643948,1.692339373935385,ComboMean-PoolB_GARCH_Neural,validation
2021-03-11,2021-03-12,0.0002069778164541,1.6594100194841728,ComboMean-PoolB_GARCH_Neural,validation
2021-03-12,2021-03-15,0.0643027332166397,1.5885268821414187,ComboMean-PoolB_GARCH_Neural,validation
2021-03-15,2021-03-16,0.1553706585632092,1.5371009591020492,ComboMean-PoolB_GARCH_Neural,validation
2021-03-16,2021-03-17,0.2737899242910557,1.530935571346268,ComboMean-PoolB_GARCH_Neural,validation
2021-03-17,2021-03-18,1.5481332912326575,1.5008989037116258,ComboMean-PoolB_GARCH_Neural,validation
2021-03-18,2021-03-19,0.3310498706600423,1.4777154221444873,ComboMean-PoolB_GARCH_Neural,validation
2021-03-19,2021-03-22,0.0010124742198036,1.4914627320234735,ComboMean-PoolB_GARCH_Neural,validation
2021-03-22,2021-03-23,0.8528859825364001,1.4473380442043717,ComboMean-PoolB_GARCH_Neural,validation
2021-03-23,2021-03-24,3.405784484981233,1.514803898037787,ComboMean-PoolB_GARCH_Neural,validation
2021-03-24,2021-03-25,0.012314795662716,1.751501477643456,ComboMean-PoolB_GARCH_Neural,validation
2021-03-25,2021-03-26,0.0058597397555957,1.6461001268422502,ComboMean-PoolB_GARCH_Neural,validation
2021-03-26,2021-03-29,1.3278733275984689,1.5799531768123694,ComboMean-PoolB_GARCH_Neural,validation
2021-03-29,2021-03-30,0.8177751702540456,1.5470958133925448,ComboMean-PoolB_GARCH_Neural,validation
2021-03-30,2021-03-31,0.1825736474519551,1.528100551182987,ComboMean-PoolB_GARCH_Neural,validation
2021-03-31,2021-04-01,4.196908399032827,1.480825889466697,ComboMean-PoolB_GARCH_Neural,validation
2021-04-01,2021-04-02,0.4682318073785952,1.5141401805501058,ComboMean-PoolB_GARCH_Neural,validation
2021-04-02,2021-04-05,0.8890694068712227,1.4890096396163548,ComboMean-PoolB_GARCH_Neural,validation
2021-04-05,2021-04-06,0.0997492041629095,1.4876706512842006,ComboMean-PoolB_GARCH_Neural,validation
2021-04-06,2021-04-07,0.0380161793184628,1.4672962977617576,ComboMean-PoolB_GARCH_Neural,validation
2021-04-07,2021-04-08,0.3656617949695199,1.4416830238846274,ComboMean-PoolB_GARCH_Neural,validation
2021-04-08,2021-04-09,0.0685939299115526,1.4709249025105788,ComboMean-PoolB_GARCH_Neural,validation
2021-04-09,2021-04-12,2.801867566535839,1.4665202049390775,ComboMean-PoolB_GARCH_Neural,validation
2021-04-12,2021-04-13,0.1085685992002533,1.5130589776953007,ComboMean-PoolB_GARCH_Neural,validation
2021-04-13,2021-04-14,0.3626329687997453,1.5294050739598717,ComboMean-PoolB_GARCH_Neural,validation
2021-04-14,2021-04-15,0.4743671604836424,1.4813263869803523,ComboMean-PoolB_GARCH_Neural,validation
2021-04-15,2021-04-16,0.4720531246781877,1.5242179206419872,ComboMean-PoolB_GARCH_Neural,validation
2021-04-16,2021-04-19,3.0629959648129166,1.5866112090520326,ComboMean-PoolB_GARCH_Neural,validation
2021-04-19,2021-04-20,0.3708468135979464,1.5688518262442617,ComboMean-PoolB_GARCH_Neural,validation
2021-04-20,2021-04-22,10.511479982603742,1.5438097191427174,ComboMean-PoolB_GARCH_Neural,validation
2021-04-22,2021-04-23,2.7977982020669034,2.1515557949719923,ComboMean-PoolB_GARCH_Neural,validation
2021-04-23,2021-04-26,7.069875969155051,2.0741583216954003,ComboMean-PoolB_GARCH_Neural,validation
2021-04-26,2021-04-27,0.1068177702515163,2.564372480619591,ComboMean-PoolB_GARCH_Neural,validation
2021-04-27,2021-04-28,0.6403727056381737,2.3336096269260294,ComboMean-PoolB_GARCH_Neural,validation
2021-04-28,2021-04-29,0.6353802562532533,2.163283696852324,ComboMean-PoolB_GARCH_Neural,validation
2021-04-29,2021-05-04,0.0512876666991909,2.0485859523710594,ComboMean-PoolB_GARCH_Neural,validation
2021-05-04,2021-05-05,1.2974041483688885,1.9093280109013615,ComboMean-PoolB_GARCH_Neural,validation
2021-05-05,2021-05-06,0.2185486546328746,1.8717978265886845,ComboMean-PoolB_GARCH_Neural,validation
2021-05-06,2021-05-07,0.494132324659674,1.8264876267149828,ComboMean-PoolB_GARCH_Neural,validation
2021-05-07,2021-05-10,2.018769062145057,1.845315903042371,ComboMean-PoolB_GARCH_Neural,validation
2021-05-10,2021-05-11,0.0792094524228185,1.831396933622698,ComboMean-PoolB_GARCH_Neural,validation
2021-05-11,2021-05-12,1.0683689670129952,1.7555754490123467,ComboMean-PoolB_GARCH_Neural,validation
2021-05-12,2021-05-13,0.3147510754643727,1.7038414103207888,ComboMean-PoolB_GARCH_Neural,validation
2021-05-13,2021-05-14,0.1194948927270032,1.6860018808118855,ComboMean-PoolB_GARCH_Neural,validation
2021-05-14,2021-05-17,0.3681093008020274,1.6292583683015218,ComboMean-PoolB_GARCH_Neural,validation
2021-05-17,2021-05-18,0.2298422025837693,1.6380249688889654,ComboMean-PoolB_GARCH_Neural,validation
2021-05-18,2021-05-19,0.6085100033578476,1.6219405886564489,ComboMean-PoolB_GARCH_Neural,validation
2021-05-19,2021-05-20,1.5332689494683411,1.5847269076655002,ComboMean-PoolB_GARCH_Neural,validation
2021-05-20,2021-05-21,0.1986664550105345,1.58959607660054,ComboMean-PoolB_GARCH_Neural,validation
2021-05-21,2021-05-24,1.1845107713600658,1.5229528679195463,ComboMean-PoolB_GARCH_Neural,validation
2021-05-24,2021-05-25,0.6615170731155926,1.504452708088996,ComboMean-PoolB_GARCH_Neural,validation
2021-05-25,2021-05-26,0.3826692450882292,1.470752913773091,ComboMean-PoolB_GARCH_Neural,validation
2021-05-26,2021-05-27,1.0043951904267852,1.4360808047959661,ComboMean-PoolB_GARCH_Neural,validation
2021-05-27,2021-05-28,1.65727162339538,1.5222750740445274,ComboMean-PoolB_GARCH_Neural,validation
2021-05-28,2021-05-31,0.3285055315434949,1.5198572386450926,ComboMean-PoolB_GARCH_Neural,validation
2021-05-31,2021-06-01,0.5328741181290064,1.4711114509927876,ComboMean-PoolB_GARCH_Neural,validation
2021-06-01,2021-06-02,0.0501764701325494,1.4241603906806037,ComboMean-PoolB_GARCH_Neural,validation
2021-06-02,2021-06-03,3.01900451692919,1.400810054422462,ComboMean-PoolB_GARCH_Neural,validation
2021-06-03,2021-06-04,0.5091916058927975,1.4638405101168723,ComboMean-PoolB_GARCH_Neural,validation
2021-06-04,2021-06-07,1.2488833393722787,1.43960302544895,ComboMean-PoolB_GARCH_Neural,validation
2021-06-07,2021-06-08,8.436942215340656,1.5349888315092834,ComboMean-PoolB_GARCH_Neural,validation
2021-06-08,2021-06-09,0.9635770887636846,2.000405237000537,ComboMean-PoolB_GARCH_Neural,validation
2021-06-09,2021-06-10,0.4923594509595709,1.8781300000756902,ComboMean-PoolB_GARCH_Neural,validation
2021-06-10,2021-06-11,4.4320627369374535,1.853983524867393,ComboMean-PoolB_GARCH_Neural,validation
2021-06-11,2021-06-14,0.5411007585268014,1.8990417361467817,ComboMean-PoolB_GARCH_Neural,validation
2021-06-14,2021-06-15,0.1708389534964715,1.7772717555134163,ComboMean-PoolB_GARCH_Neural,validation
2021-06-15,2021-06-16,0.6335008462154236,1.699964844986717,ComboMean-PoolB_GARCH_Neural,validation
2021-06-16,2021-06-17,0.0626639901398827,1.745961517468348,ComboMean-PoolB_GARCH_Neural,validation
2021-06-17,2021-06-18,1.7005139602823875,1.6973373462993369,ComboMean-PoolB_GARCH_Neural,validation
2021-06-18,2021-06-21,0.1396997155457911,1.713932430814837,ComboMean-PoolB_GARCH_Neural,validation
2021-06-21,2021-06-22,0.284425125779956,1.6800721419558597,ComboMean-PoolB_GARCH_Neural,validation
2021-06-22,2021-06-23,0.0505778800491605,1.618290402625539,ComboMean-PoolB_GARCH_Neural,validation
2021-06-23,2021-06-24,0.042756846647676,1.5708621478927967,ComboMean-PoolB_GARCH_Neural,validation
2021-06-24,2021-06-25,0.5639250493998573,1.5033482667189448,ComboMean-PoolB_GARCH_Neural,validation
2021-06-25,2021-06-28,1.2596863062253096,1.4638170984457517,ComboMean-PoolB_GARCH_Neural,validation
2021-06-28,2021-06-29,0.0902656153029111,1.4661646170844522,ComboMean-PoolB_GARCH_Neural,validation
2021-06-29,2021-06-30,0.0111781207193246,1.4133027316252254,ComboMean-PoolB_GARCH_Neural,validation
2021-06-30,2021-07-01,0.3645273399631648,1.3735868014154828,ComboMean-PoolB_GARCH_Neural,validation
2021-07-01,2021-07-02,0.0505610286336511,1.3767291674307236,ComboMean-PoolB_GARCH_Neural,validation
2021-07-02,2021-07-05,0.4168242183273023,1.3485871569811274,ComboMean-PoolB_GARCH_Neural,validation
2021-07-05,2021-07-06,16.601013312283214,1.401529417309992,ComboMean-PoolB_GARCH_Neural,validation
2021-07-06,2021-07-07,6.058281445881023,2.3587317059370543,ComboMean-PoolB_GARCH_Neural,validation
2021-07-07,2021-07-08,1.0078273448945338,2.296438787686692,ComboMean-PoolB_GARCH_Neural,validation
2021-07-08,2021-07-09,4.095422426959989,2.2467127661861754,ComboMean-PoolB_GARCH_Neural,validation
2021-07-09,2021-07-12,14.799235172407151,2.4694957886489073,ComboMean-PoolB_GARCH_Neural,validation
2021-07-12,2021-07-13,0.009141491530764,3.212919471523148,ComboMean-PoolB_GARCH_Neural,validation
2021-07-13,2021-07-14,1.871533753406208,2.844365150613359,ComboMean-PoolB_GARCH_Neural,validation
2021-07-14,2021-07-15,1.185182208099543,2.83383310933129,ComboMean-PoolB_GARCH_Neural,validation
2021-07-15,2021-07-16,0.1728051567276786,2.620656963143789,ComboMean-PoolB_GARCH_Neural,validation
2021-07-16,2021-07-19,19.26799845022637,2.339631729063366,ComboMean-PoolB_GARCH_Neural,validation
2021-07-19,2021-07-20,5.600831490366748,3.4945047533878286,ComboMean-PoolB_GARCH_Neural,validation
2021-07-20,2021-07-21,0.0386259132356042,3.249282399618564,ComboMean-PoolB_GARCH_Neural,validation
2021-07-21,2021-07-22,3.1842211341003503,2.9042807142812332,ComboMean-PoolB_GARCH_Neural,validation
2021-07-22,2021-07-23,3.75891611125588,2.7178892918816464,ComboMean-PoolB_GARCH_Neural,validation
2021-07-23,2021-07-26,0.0932245335056029,2.84495102736517,ComboMean-PoolB_GARCH_Neural,validation
2021-07-26,2021-07-27,0.1095791578755464,2.543616859253751,ComboMean-PoolB_GARCH_Neural,validation
2021-07-27,2021-07-28,0.0001201916445908,2.2983432841048734,ComboMean-PoolB_GARCH_Neural,validation
2021-07-28,2021-07-29,1.6539600353625152,2.139933728197068,ComboMean-PoolB_GARCH_Neural,validation
2021-07-29,2021-07-30,1.5967544948591652,2.057744098083895,ComboMean-PoolB_GARCH_Neural,validation
2021-07-30,2021-08-02,0.1009987039707803,1.9875492047177812,ComboMean-PoolB_GARCH_Neural,validation
2021-08-02,2021-08-03,1.8957198194932552,1.8399569155876212,ComboMean-PoolB_GARCH_Neural,validation
2021-08-03,2021-08-04,0.0297448118967559,1.8386955394109046,ComboMean-PoolB_GARCH_Neural,validation
2021-08-04,2021-08-05,0.6506576147304501,1.7292301056369292,ComboMean-PoolB_GARCH_Neural,validation
2021-08-05,2021-08-06,0.0931307383293993,1.7025433543241202,ComboMean-PoolB_GARCH_Neural,validation
2021-08-06,2021-08-09,1.8579420490159877,1.6451044149965444,ComboMean-PoolB_GARCH_Neural,validation
2021-08-09,2021-08-10,0.0356498511082493,1.6669393042301304,ComboMean-PoolB_GARCH_Neural,validation
2021-08-10,2021-08-11,0.1163827824804467,1.5905721393952341,ComboMean-PoolB_GARCH_Neural,validation
2021-08-11,2021-08-12,0.1222953063583315,1.5845283200404148,ComboMean-PoolB_GARCH_Neural,validation
2021-08-12,2021-08-13,0.0871384784453648,1.566741958752909,ComboMean-PoolB_GARCH_Neural,validation
2021-08-13,2021-08-16,1.0399916754691487,1.5343195489778367,ComboMean-PoolB_GARCH_Neural,validation
2021-08-16,2021-08-17,0.3314354435277737,1.5355389665308532,ComboMean-PoolB_GARCH_Neural,validation
2021-08-17,2021-08-18,0.0249180078972991,1.527751013230619,ComboMean-PoolB_GARCH_Neural,validation
2021-08-18,2021-08-19,1.034084957658442,1.4629932351473354,ComboMean-PoolB_GARCH_Neural,validation
2021-08-19,2021-08-20,11.285807091304966,1.4513900410662528,ComboMean-PoolB_GARCH_Neural,validation
2021-08-20,2021-08-23,5.411821632013326,2.076572025138722,ComboMean-PoolB_GARCH_Neural,validation
2021-08-23,2021-08-24,8.536462420535458e-05,2.353568937608432,ComboMean-PoolB_GARCH_Neural,validation
2021-08-24,2021-08-25,0.6870757170728501,2.0974105497371562,ComboMean-PoolB_GARCH_Neural,validation
2021-08-25,2021-08-26,0.4170750420782061,2.0124263232142816,ComboMean-PoolB_GARCH_Neural,validation
2021-08-26,2021-08-27,0.8540485329092148,1.9468990491444313,ComboMean-PoolB_GARCH_Neural,validation
2021-08-27,2021-08-30,1.2797402595336076,1.8681022300199002,ComboMean-PoolB_GARCH_Neural,validation
2021-08-30,2021-08-31,0.0627065630623478,1.8370865135540164,ComboMean-PoolB_GARCH_Neural,validation
2021-08-31,2021-09-01,0.0569056328666982,1.7450242850733515,ComboMean-PoolB_GARCH_Neural,validation
2021-09-01,2021-09-06,0.7669996218071843,1.679730993484136,ComboMean-PoolB_GARCH_Neural,validation
2021-09-06,2021-09-07,0.1115838258583112,1.6933677237608475,ComboMean-PoolB_GARCH_Neural,validation
2021-09-07,2021-09-08,0.3840242724271654,1.6525978259249596,ComboMean-PoolB_GARCH_Neural,validation
2021-09-08,2021-09-09,0.5999757427909345,1.6335350176800767,ComboMean-PoolB_GARCH_Neural,validation
2021-09-09,2021-09-10,0.009783360800291,1.58515452111275,ComboMean-PoolB_GARCH_Neural,validation
2021-09-10,2021-09-13,0.0834204953018611,1.509171679270154,ComboMean-PoolB_GARCH_Neural,validation
2021-09-13,2021-09-14,0.0166539238245993,1.5034456798516374,ComboMean-PoolB_GARCH_Neural,validation
2021-09-14,2021-09-15,0.208411861391793,1.4575377565031338,ComboMean-PoolB_GARCH_Neural,validation
2021-09-15,2021-09-16,8.833374944135227e-06,1.4220967127105966,ComboMean-PoolB_GARCH_Neural,validation
2021-09-16,2021-09-17,0.2517625260662404,1.3751048026845782,ComboMean-PoolB_GARCH_Neural,validation
2021-09-17,2021-09-20,0.0255409488218125,1.3973751435816517,ComboMean-PoolB_GARCH_Neural,validation
2021-09-20,2021-09-21,0.6256621683862371,1.3975639646301306,ComboMean-PoolB_GARCH_Neural,validation
2021-09-21,2021-09-22,0.6493080782631847,1.4470594987244982,ComboMean-PoolB_GARCH_Neural,validation
2021-09-22,2021-09-23,0.023678455022373,1.4017047844467139,ComboMean-PoolB_GARCH_Neural,validation
2021-09-23,2021-09-24,0.0138313143395197,1.4087610311058456,ComboMean-PoolB_GARCH_Neural,validation
2021-09-24,2021-09-27,3.828272422415496,1.3500678275211146,ComboMean-PoolB_GARCH_Neural,validation
2021-09-27,2021-09-28,1.1555484032608674,1.6247434220257944,ComboMean-PoolB_GARCH_Neural,validation
2021-09-28,2021-09-29,5.575325206713305e-05,1.5622819391173137,ComboMean-PoolB_GARCH_Neural,validation
2021-09-29,2021-09-30,0.0451927678238876,1.4957047973302058,ComboMean-PoolB_GARCH_Neural,validation
2021-09-30,2021-10-01,0.2869590069123234,1.4402698779650518,ComboMean-PoolB_GARCH_Neural,validation
2021-10-01,2021-10-04,0.1209217160727008,1.4730168898706686,ComboMean-PoolB_GARCH_Neural,validation
2021-10-04,2021-10-05,1.2548666056334208,1.452230648001029,ComboMean-PoolB_GARCH_Neural,validation
2021-10-05,2021-10-06,0.363335054701863,1.426726627309112,ComboMean-PoolB_GARCH_Neural,validation
2021-10-06,2021-10-07,0.0539799292056889,1.3992246726009872,ComboMean-PoolB_GARCH_Neural,validation
2021-10-07,2021-10-08,0.2422625428098201,1.3816990234882667,ComboMean-PoolB_GARCH_Neural,validation
2021-10-08,2021-10-11,2.384064119474745,1.3561092263947412,ComboMean-PoolB_GARCH_Neural,validation
2021-10-11,2021-10-12,0.0025924711816483,1.3946950686005974,ComboMean-PoolB_GARCH_Neural,validation
2021-10-12,2021-10-13,0.043020201094552,1.3663002922089533,ComboMean-PoolB_GARCH_Neural,validation
2021-10-13,2021-10-14,1.8582276241239155e-05,1.3498319593313928,ComboMean-PoolB_GARCH_Neural,validation
2021-10-14,2021-10-15,0.0037272440365911,1.3363210533210317,ComboMean-PoolB_GARCH_Neural,validation
2021-10-15,2021-10-18,0.0412074717223573,1.32967135230221,ComboMean-PoolB_GARCH_Neural,validation
2021-10-18,2021-10-19,0.0002054205471957,1.3145585956363326,ComboMean-PoolB_GARCH_Neural,validation
2021-10-19,2021-10-20,0.012036644283499,1.2743186077546367,ComboMean-PoolB_GARCH_Neural,validation
2021-10-20,2021-10-21,0.4224699907147212,1.291639954140918,ComboMean-PoolB_GARCH_Neural,validation
2021-10-21,2021-10-22,0.1038627326357175,1.3302629509030597,ComboMean-PoolB_GARCH_Neural,validation
2021-10-22,2021-10-25,0.0766142772237032,1.3184095960957543,ComboMean-PoolB_GARCH_Neural,validation
2021-10-25,2021-10-26,0.2013151221701667,1.3364740221023406,ComboMean-PoolB_GARCH_Neural,validation
2021-10-26,2021-10-27,4.975421040294883,1.2936858524895796,ComboMean-PoolB_GARCH_Neural,validation
2021-10-27,2021-10-28,1.0980607841681207,1.3876297399070925,ComboMean-PoolB_GARCH_Neural,validation
2021-10-28,2021-10-29,0.1886851350804401,1.382103818269236,ComboMean-PoolB_GARCH_Neural,validation
2021-10-29,2021-11-01,0.1351609140151505,1.3866078153826886,ComboMean-PoolB_GARCH_Neural,validation
2021-11-01,2021-11-02,0.8706925479870633,1.4300407756106623,ComboMean-PoolB_GARCH_Neural,validation
2021-11-02,2021-11-03,0.3174077865606339,1.4265572591306035,ComboMean-PoolB_GARCH_Neural,validation
2021-11-03,2021-11-04,0.0780251318950003,1.5096495303663133,ComboMean-PoolB_GARCH_Neural,validation
2021-11-04,2021-11-05,0.3164163905277483,1.4244566958853098,ComboMean-PoolB_GARCH_Neural,validation
2021-11-05,2021-11-08,0.5722632892702788,1.4039952705248515,ComboMean-PoolB_GARCH_Neural,validation
2021-11-08,2021-11-09,0.1717825777423685,1.4199851431509785,ComboMean-PoolB_GARCH_Neural,validation
2021-11-09,2021-11-10,0.0578685691569425,1.439777689027871,ComboMean-PoolB_GARCH_Neural,validation
2021-11-10,2021-11-11,0.0332757244454099,1.4062324231337198,ComboMean-PoolB_GARCH_Neural,validation
2021-11-11,2021-11-12,0.5636350562840569,1.4306013878391335,ComboMean-PoolB_GARCH_Neural,validation
2021-11-12,2021-11-15,0.0470688863590858,1.394553044430442,ComboMean-PoolB_GARCH_Neural,validation
2021-11-15,2021-11-16,0.4729748116245648,1.4057881481110979,ComboMean-PoolB_GARCH_Neural,validation
2021-11-16,2021-11-17,0.40826744424175,1.465616334282215,ComboMean-PoolB_GARCH_Neural,validation
2021-11-17,2021-11-18,0.1670640675036151,1.404513151079318,ComboMean-PoolB_GARCH_Neural,validation
2021-11-18,2021-11-19,1.4313283722317711,1.445490376650718,ComboMean-PoolB_GARCH_Neural,validation
2021-11-19,2021-11-22,0.1237442583360642,1.5976543538325503,ComboMean-PoolB_GARCH_Neural,validation
2021-11-22,2021-11-23,1.2666258581863683,1.5516913946802189,ComboMean-PoolB_GARCH_Neural,validation
2021-11-23,2021-11-24,2.923344781612152,1.4976445859014826,ComboMean-PoolB_GARCH_Neural,validation
2021-11-24,2021-11-25,0.6380046596767257,1.5346446811158485,ComboMean-PoolB_GARCH_Neural,validation
2021-11-25,2021-11-26,0.2701244946030526,1.4945732904655922,ComboMean-PoolB_GARCH_Neural,validation
2021-11-26,2021-11-29,0.3025648797186475,1.5158072190706902,ComboMean-PoolB_GARCH_Neural,validation
2021-11-29,2021-11-30,0.1865846491020368,1.5340567381789212,ComboMean-PoolB_GARCH_Neural,validation
2021-11-30,2021-12-01,0.2075014205290045,1.5428488372362508,ComboMean-PoolB_GARCH_Neural,validation
2021-12-01,2021-12-02,0.0447934240863952,1.477741232151611,ComboMean-PoolB_GARCH_Neural,validation
2021-12-02,2021-12-03,7.012035907074128,1.4451825174842698,ComboMean-PoolB_GARCH_Neural,validation
2021-12-03,2021-12-06,4.334941271489592,1.8966551820408344,ComboMean-PoolB_GARCH_Neural,validation
2021-12-06,2021-12-07,5.38610884102854,2.112751528898151,ComboMean-PoolB_GARCH_Neural,validation
2021-12-07,2021-12-08,0.1770242562530693,2.0683115697492576,ComboMean-PoolB_GARCH_Neural,validation
2021-12-08,2021-12-09,1.070479018660655,1.9052028326185066,ComboMean-PoolB_GARCH_Neural,validation
2021-12-09,2021-12-10,0.0917573521914629,1.827077806799042,ComboMean-PoolB_GARCH_Neural,validation
2021-12-10,2021-12-13,0.7430153759165636,1.7751601378237716,ComboMean-PoolB_GARCH_Neural,validation
2021-12-13,2021-12-14,0.0001656787526269,1.757735372927407,ComboMean-PoolB_GARCH_Neural,validation
2021-12-14,2021-12-15,0.001241581482623,1.696142913916073,ComboMean-PoolB_GARCH_Neural,validation
2021-12-15,2021-12-16,0.0056551081903051,1.6451237846531308,ComboMean-PoolB_GARCH_Neural,validation
2021-12-16,2021-12-17,0.0462794489398934,1.6023383103902338,ComboMean-PoolB_GARCH_Neural,validation
2021-12-17,2021-12-20,0.0276816841350729,1.5767526388925936,ComboMean-PoolB_GARCH_Neural,validation
2021-12-20,2021-12-21,0.009100575448846,1.5311382225641688,ComboMean-PoolB_GARCH_Neural,validation
2021-12-21,2021-12-22,0.0052396015195704,1.477051368757339,ComboMean-PoolB_GARCH_Neural,validation
2021-12-22,2021-12-23,1.992176913695392,1.4713212603956458,ComboMean-PoolB_GARCH_Neural,validation
2021-12-23,2021-12-24,1.8717637228671864,1.6555568276013692,ComboMean-PoolB_GARCH_Neural,validation
2021-12-24,2021-12-27,0.6385359851594573,1.584533366439843,ComboMean-PoolB_GARCH_Neural,validation
2021-12-27,2021-12-28,0.1364517327618313,1.5227533799662,ComboMean-PoolB_GARCH_Neural,validation
2021-12-28,2021-12-29,0.3307731842534792,1.509093113562287,ComboMean-PoolB_GARCH_Neural,validation
2021-12-29,2021-12-30,0.0001019075301841,1.5222356675086923,ComboMean-PoolB_GARCH_Neural,validation
2021-12-30,2021-12-31,0.6806292652244172,1.4664492124946937,ComboMean-PoolB_GARCH_Neural,validation
2021-12-31,2022-01-04,3.2605099137684044,1.4699192201406774,ComboMean-PoolB_GARCH_Neural,validation
2022-01-04,2022-01-05,0.0408421877386783,1.4818779113184548,ComboMean-PoolB_GARCH_Neural,validation
2022-01-05,2022-01-06,0.1583194148629771,1.4651191869409013,ComboMean-PoolB_GARCH_Neural,validation
2022-01-06,2022-01-07,3.466888916717849e-05,1.4539919930635765,ComboMean-PoolB_GARCH_Neural,validation
2022-01-07,2022-01-10,2.6694297971607823,1.4142454706526129,ComboMean-PoolB_GARCH_Neural,validation
2022-01-10,2022-01-11,0.5791412105719106,1.6499420101628992,ComboMean-PoolB_GARCH_Neural,validation
2022-01-11,2022-01-12,1.469449968423449,1.664893673166182,ComboMean-PoolB_GARCH_Neural,validation
2022-01-12,2022-01-13,0.9252594386149106,1.6158425223184163,ComboMean-PoolB_GARCH_Neural,validation
2022-01-13,2022-01-14,4.021230809949571e-06,1.673438067920538,ComboMean-PoolB_GARCH_Neural,validation
2022-01-14,2022-01-17,8.577861779061374,1.5563795937331921,ComboMean-PoolB_GARCH_Neural,validation
2022-01-17,2022-01-18,0.9241996120524796,2.1142051074405406,ComboMean-PoolB_GARCH_Neural,validation
2022-01-18,2022-01-19,0.0713962483719635,2.0615426520070215,ComboMean-PoolB_GARCH_Neural,validation
2022-01-19,2022-01-20,2.396694299563955,1.8931164049075324,ComboMean-PoolB_GARCH_Neural,validation
2022-01-20,2022-01-21,0.2669228311266386,1.8629018318224124,ComboMean-PoolB_GARCH_Neural,validation
2022-01-21,2022-01-24,5.19144957677216,1.7545563773045503,ComboMean-PoolB_GARCH_Neural,validation
2022-01-24,2022-01-25,7.461944120148481,2.118690499750226,ComboMean-PoolB_GARCH_Neural,validation
2022-01-25,2022-01-26,0.0182472056354126,2.136893527682583,ComboMean-PoolB_GARCH_Neural,validation
2022-01-26,2022-01-27,0.5372614259470304,1.9291668032283145,ComboMean-PoolB_GARCH_Neural,validation
2022-01-27,2022-01-28,0.3091208848418566,1.937023036603896,ComboMean-PoolB_GARCH_Neural,validation
2022-01-28,2022-02-07,1.5787299229773026,1.8379845185356751,ComboMean-PoolB_GARCH_Neural,validation
2022-02-07,2022-02-08,0.0493284261128678,1.8097229574493898,ComboMean-PoolB_GARCH_Neural,validation
2022-02-08,2022-02-09,0.0852913112285084,1.7153031081643115,ComboMean-PoolB_GARCH_Neural,validation
2022-02-09,2022-02-10,0.0087647457494785,1.6588961650041214,ComboMean-PoolB_GARCH_Neural,validation
2022-02-10,2022-02-11,0.1140481407730615,1.5945077436389499,ComboMean-PoolB_GARCH_Neural,validation
2022-02-11,2022-02-14,4.003846034921644,1.5870290599774357,ComboMean-PoolB_GARCH_Neural,validation
2022-02-14,2022-02-15,1.9670652734045644,1.9087067815877072,ComboMean-PoolB_GARCH_Neural,validation
2022-02-15,2022-02-16,0.0018968880308684,1.8377977792926603,ComboMean-PoolB_GARCH_Neural,validation
2022-02-16,2022-02-17,1.122140769245723,1.7063172473452108,ComboMean-PoolB_GARCH_Neural,validation
2022-02-17,2022-02-18,0.0437252358911797,1.6724971933212074,ComboMean-PoolB_GARCH_Neural,validation
2022-02-18,2022-02-21,0.1583409064037323,1.5999772330551818,ComboMean-PoolB_GARCH_Neural,validation
2022-02-21,2022-02-22,0.2391227349223014,1.5721767970518452,ComboMean-PoolB_GARCH_Neural,validation
2022-02-22,2022-02-23,0.3429157616051995,1.6036018992860663,ComboMean-PoolB_GARCH_Neural,validation
2022-02-23,2022-02-24,1.3469467288223498,1.5470543862004773,ComboMean-PoolB_GARCH_Neural,validation
2022-02-24,2022-02-25,0.0728442185423715,1.7066843358651864,ComboMean-PoolB_GARCH_Neural,validation
2022-02-25,2022-02-28,0.3435682703713377,1.5945829227632027,ComboMean-PoolB_GARCH_Neural,validation
2022-02-28,2022-03-01,0.3350186274967215,1.5951321516653088,ComboMean-PoolB_GARCH_Neural,validation
2022-03-01,2022-03-02,0.7897102913909818,1.5459338659005426,ComboMean-PoolB_GARCH_Neural,validation
2022-03-02,2022-03-03,1.6972927621476632,1.6244337608993775,ComboMean-PoolB_GARCH_Neural,validation
2022-03-03,2022-03-04,0.0004806839941866,1.5875471258362077,ComboMean-PoolB_GARCH_Neural,validation
2022-03-04,2022-03-07,0.1747715827843937,1.5098433035322465,ComboMean-PoolB_GARCH_Neural,validation
2022-03-07,2022-03-08,2.9065282793306784,1.5249729677967154,ComboMean-PoolB_GARCH_Neural,validation
2022-03-08,2022-03-09,4.143903255486161e-06,1.745996267822457,ComboMean-PoolB_GARCH_Neural,validation
2022-03-09,2022-03-10,0.1308186023197331,1.6269761439903372,ComboMean-PoolB_GARCH_Neural,validation
2022-03-10,2022-03-11,0.7249480262949388,1.535089315619649,ComboMean-PoolB_GARCH_Neural,validation
2022-03-11,2022-03-14,1.940974298078772,1.6266960944660767,ComboMean-PoolB_GARCH_Neural,validation
2022-03-14,2022-03-15,0.2004736979473137,1.756996602137137,ComboMean-PoolB_GARCH_Neural,validation
2022-03-15,2022-03-16,0.2048465635146144,1.6284587063742002,ComboMean-PoolB_GARCH_Neural,validation
2022-03-16,2022-03-17,0.0189446795575115,1.549265809271629,ComboMean-PoolB_GARCH_Neural,validation
2022-03-17,2022-03-18,0.2804915592052127,1.4949751206412787,ComboMean-PoolB_GARCH_Neural,validation
2022-03-18,2022-03-21,3.042510301896478,1.465724822956222,ComboMean-PoolB_GARCH_Neural,validation
2022-03-21,2022-03-22,0.3468240297098041,1.4870664849740682,ComboMean-PoolB_GARCH_Neural,validation
2022-03-22,2022-03-23,0.0091785148718354,1.46750143934635,ComboMean-PoolB_GARCH_Neural,validation
2022-03-23,2022-03-24,0.0739545064300968,1.4297012621710605,ComboMean-PoolB_GARCH_Neural,validation
2022-03-24,2022-03-25,0.0002565538581837,1.4246541783140896,ComboMean-PoolB_GARCH_Neural,validation
2022-03-25,2022-03-28,1.0559980128443454,1.3902006273810905,ComboMean-PoolB_GARCH_Neural,validation
2022-03-28,2022-03-29,0.9569197018395468,1.5303367894524476,ComboMean-PoolB_GARCH_Neural,validation
2022-03-29,2022-03-30,0.2354496444813368,1.4617890869744528,ComboMean-PoolB_GARCH_Neural,validation
2022-03-30,2022-03-31,0.0120931732563713,1.492822761294061,ComboMean-PoolB_GARCH_Neural,validation
2022-03-31,2022-04-01,2.607401303697469,1.4148018372280013,ComboMean-PoolB_GARCH_Neural,validation
2022-04-01,2022-04-04,0.2950865363946971,1.4564033019302496,ComboMean-PoolB_GARCH_Neural,validation
2022-04-04,2022-04-05,0.09410156815978,1.4055152151594488,ComboMean-PoolB_GARCH_Neural,validation
2022-04-05,2022-04-06,0.0355827999144168,1.3933180203151734,ComboMean-PoolB_GARCH_Neural,validation
2022-04-06,2022-04-07,1.845756746133211,1.3993820108545536,ComboMean-PoolB_GARCH_Neural,validation
2022-04-07,2022-04-08,1.8599564295348143,1.5444073981615083,ComboMean-PoolB_GARCH_Neural,validation
2022-04-08,2022-04-12,3.317796568560508,1.6761969365106868,ComboMean-PoolB_GARCH_Neural,validation
2022-04-12,2022-04-13,2.2412176347286983,1.892663399417322,ComboMean-PoolB_GARCH_Neural,validation
2022-04-13,2022-04-14,0.1186709675031117,1.814151618397522,ComboMean-PoolB_GARCH_Neural,validation
2022-04-14,2022-04-15,0.8563450026802516,1.7271209355152037,ComboMean-PoolB_GARCH_Neural,validation
2022-04-15,2022-04-18,3.225139156963737,1.7740555479703688,ComboMean-PoolB_GARCH_Neural,validation
2022-04-18,2022-04-19,3.3937657292333743,2.005140171521279,ComboMean-PoolB_GARCH_Neural,validation
2022-04-19,2022-04-20,2.4245124341762705,2.2174056592791835,ComboMean-PoolB_GARCH_Neural,validation
2022-04-20,2022-04-21,1.109638997468357,2.3165098311601398,ComboMean-PoolB_GARCH_Neural,validation
2022-04-21,2022-04-22,0.4305144066915168,2.2604123779575653,ComboMean-PoolB_GARCH_Neural,validation
2022-04-22,2022-04-25,25.802530842890924,2.0559165156557446,ComboMean-PoolB_GARCH_Neural,validation
2022-04-25,2022-04-26,5.262405488369011,3.535543143205353,ComboMean-PoolB_GARCH_Neural,validation
2022-04-26,2022-04-27,0.8508547277394044,3.1421611633324877,ComboMean-PoolB_GARCH_Neural,validation
2022-04-27,2022-04-28,0.0422563925888465,2.7977908252486783,ComboMean-PoolB_GARCH_Neural,validation
2022-04-28,2022-04-29,1.3536355027087716,2.526833330821441,ComboMean-PoolB_GARCH_Neural,validation
2022-04-29,2022-05-04,1.7811317821270536,2.287907517209548,ComboMean-PoolB_GARCH_Neural,validation
2022-05-04,2022-05-05,0.7846838850035229,2.390013893656945,ComboMean-PoolB_GARCH_Neural,validation
2022-05-05,2022-05-06,5.457913784856381,2.2149522086707223,ComboMean-PoolB_GARCH_Neural,validation
2022-05-06,2022-05-09,21.07246376843707,2.6750419366287685,ComboMean-PoolB_GARCH_Neural,validation
2022-05-09,2022-05-10,3.4895974437640893,3.8716502722906707,ComboMean-PoolB_GARCH_Neural,validation
2022-05-10,2022-05-11,0.3772893243323654,3.4160446300388383,ComboMean-PoolB_GARCH_Neural,validation
2022-05-11,2022-05-12,24.369069377939013,3.0725585747737973,ComboMean-PoolB_GARCH_Neural,validation
2022-05-12,2022-05-13,21.45200829300172,4.382030872409525,ComboMean-PoolB_GARCH_Neural,validation
2022-05-13,2022-05-16,0.8445825050431754,5.066490012034821,ComboMean-PoolB_GARCH_Neural,validation
2022-05-16,2022-05-17,22.10791922900586,4.503248180356692,ComboMean-PoolB_GARCH_Neural,validation
2022-05-17,2022-05-18,1.0072145297005026,4.34186296618064,ComboMean-PoolB_GARCH_Neural,validation
2022-05-18,2022-05-19,0.0050266870380628,3.66846196065016,ComboMean-PoolB_GARCH_Neural,validation
2022-05-19,2022-05-20,0.0056143553761866,3.088449199560201,ComboMean-PoolB_GARCH_Neural,validation
2022-05-20,2022-05-23,3.1715419491716648,2.694072433621865,ComboMean-PoolB_GARCH_Neural,validation
2022-05-23,2022-05-24,1.4121508187671683,2.9284970340334207,ComboMean-PoolB_GARCH_Neural,validation
2022-05-24,2022-05-25,7.852071042943518,2.6293913317718394,ComboMean-PoolB_GARCH_Neural,validation
2022-05-25,2022-05-26,0.0001218078083452,2.541216302350616,ComboMean-PoolB_GARCH_Neural,validation
2022-05-26,2022-05-27,1.747305868676365,2.2420140850038237,ComboMean-PoolB_GARCH_Neural,validation
2022-05-27,2022-05-30,0.4313230278725308,2.082488477943062,ComboMean-PoolB_GARCH_Neural,validation
2022-05-30,2022-05-31,0.0091927379819102,1.951588278196847,ComboMean-PoolB_GARCH_Neural,validation
2022-05-31,2022-06-01,0.2785076944454149,1.840702355834453,ComboMean-PoolB_GARCH_Neural,validation
2022-06-01,2022-06-02,0.7094839787224755,1.7512235309590292,ComboMean-PoolB_GARCH_Neural,validation
2022-06-02,2022-06-03,0.0024678908753368,1.8013674999181557,ComboMean-PoolB_GARCH_Neural,validation
2022-06-03,2022-06-06,0.0248021762794326,1.722230292080686,ComboMean-PoolB_GARCH_Neural,validation
2022-06-06,2022-06-07,0.0107788521263349,1.6324868825329297,ComboMean-PoolB_GARCH_Neural,validation
2022-06-07,2022-06-08,1.62365203625605,1.5856040208953157,ComboMean-PoolB_GARCH_Neural,validation
2022-06-08,2022-06-09,7.074018263381634e-05,1.572951950413188,ComboMean-PoolB_GARCH_Neural,validation
2022-06-09,2022-06-10,3.350301019629325,1.4623058198977092,ComboMean-PoolB_GARCH_Neural,validation
2022-06-10,2022-06-13,20.64588542406384,1.7800146641171826,ComboMean-PoolB_GARCH_Neural,validation
2022-06-13,2022-06-14,0.0708307718816595,3.1397358336527397,ComboMean-PoolB_GARCH_Neural,validation
2022-06-14,2022-06-15,1.796441565238617,2.770326803133354,ComboMean-PoolB_GARCH_Neural,validation
2022-06-15,2022-06-16,3.432463040017097,2.76235494942088,ComboMean-PoolB_GARCH_Neural,validation
2022-06-16,2022-06-17,2.4820888579092317,2.5767888525870726,ComboMean-PoolB_GARCH_Neural,validation
2022-06-17,2022-06-20,9.47527051181594,2.59122573296887,ComboMean-PoolB_GARCH_Neural,validation
2022-06-20,2022-06-21,0.4543743324349223,3.2585326241305737,ComboMean-PoolB_GARCH_Neural,validation
2022-06-21,2022-06-22,0.0746935567234301,2.9504773460070046,ComboMean-PoolB_GARCH_Neural,validation
2022-06-22,2022-06-23,2.766255864563167,2.6779007438087152,ComboMean-PoolB_GARCH_Neural,validation
2022-06-23,2022-06-24,0.0820210424345146,2.56078152316105,ComboMean-PoolB_GARCH_Neural,validation
2022-06-24,2022-06-27,2.1086071885158946,2.329190719196485,ComboMean-PoolB_GARCH_Neural,validation
2022-06-27,2022-06-28,1.593519408496492,2.171466601938958,ComboMean-PoolB_GARCH_Neural,validation
2022-06-28,2022-06-29,6.739655204912147e-07,2.022928841302138,ComboMean-PoolB_GARCH_Neural,validation
2022-06-29,2022-06-30,2.8779439800812714,1.8751728788979336,ComboMean-PoolB_GARCH_Neural,validation
2022-06-30,2022-07-01,0.0117704187689308,2.1398436766478577,ComboMean-PoolB_GARCH_Neural,validation
2022-07-01,2022-07-04,0.0792348201052211,1.9928125437057491,ComboMean-PoolB_GARCH_Neural,validation
2022-07-04,2022-07-05,1.4358126528100246,1.8962144953968418,ComboMean-PoolB_GARCH_Neural,validation
2022-07-05,2022-07-06,7.389865614079536,1.9844716438239318,ComboMean-PoolB_GARCH_Neural,validation
2022-07-06,2022-07-07,2.1222407761584665,2.615087959936803,ComboMean-PoolB_GARCH_Neural,validation
2022-07-07,2022-07-08,0.1707436242121409,2.478968950673613,ComboMean-PoolB_GARCH_Neural,validation
2022-07-08,2022-07-11,1.896510687995091,2.197213801478669,ComboMean-PoolB_GARCH_Neural,validation
2022-07-11,2022-07-12,2.8101659729648394,2.2836096221762556,ComboMean-PoolB_GARCH_Neural,validation
2022-07-12,2022-07-13,0.0058732050643028,2.168899897590611,ComboMean-PoolB_GARCH_Neural,validation
2022-07-13,2022-07-14,0.4904420356514064,1.9537956164001815,ComboMean-PoolB_GARCH_Neural,validation
2022-07-14,2022-07-15,0.0611617161101388,1.840425070361381,ComboMean-PoolB_GARCH_Neural,validation
2022-07-15,2022-07-18,0.0549065100896944,1.7583500585269785,ComboMean-PoolB_GARCH_Neural,validation
2022-07-18,2022-07-19,0.0244219525267298,1.7044026194394268,ComboMean-PoolB_GARCH_Neural,validation
2022-07-19,2022-07-20,1.7763769532234184,1.6196376745222998,ComboMean-PoolB_GARCH_Neural,validation
2022-07-20,2022-07-21,0.1310065184317032,1.5936049010256461,ComboMean-PoolB_GARCH_Neural,validation
2022-07-21,2022-07-22,0.0961257253308801,1.5167169902593707,ComboMean-PoolB_GARCH_Neural,validation
2022-07-22,2022-07-25,0.2759737706228845,1.493479377564875,ComboMean-PoolB_GARCH_Neural,validation
2022-07-25,2022-07-26,0.0835304358694094,1.5009246573565922,ComboMean-PoolB_GARCH_Neural,validation
2022-07-26,2022-07-27,0.2525093111697122,1.470974504238273,ComboMean-PoolB_GARCH_Neural,validation
2022-07-27,2022-07-28,2.02736513860254,1.4102793762555454,ComboMean-PoolB_GARCH_Neural,validation
2022-07-28,2022-07-29,0.0219851675662213,1.416413937387727,ComboMean-PoolB_GARCH_Neural,validation
2022-07-29,2022-08-01,4.214166749504341,1.3866914259483398,ComboMean-PoolB_GARCH_Neural,validation
2022-08-01,2022-08-02,0.6898714562213188,1.4464208638007698,ComboMean-PoolB_GARCH_Neural,validation
2022-08-02,2022-08-03,0.4270040010021521,1.4347793068760677,ComboMean-PoolB_GARCH_Neural,validation
2022-08-03,2022-08-04,0.1229567831793093,1.4143677721167167,ComboMean-PoolB_GARCH_Neural,validation
2022-08-04,2022-08-05,0.0126539977340546,1.3955309996262508,ComboMean-PoolB_GARCH_Neural,validation
2022-08-05,2022-08-08,0.1021359274837244,1.3961136659030648,ComboMean-PoolB_GARCH_Neural,validation
2022-08-08,2022-08-09,0.0278750471367201,1.3769725439338742,ComboMean-PoolB_GARCH_Neural,validation
2022-08-09,2022-08-10,0.0349139608846283,1.3603592138870018,ComboMean-PoolB_GARCH_Neural,validation
2022-08-10,2022-08-11,0.1247429178058028,1.3518651259335048,ComboMean-PoolB_GARCH_Neural,validation
2022-08-11,2022-08-12,0.6660254086755314,1.397878540580986,ComboMean-PoolB_GARCH_Neural,validation
2022-08-12,2022-08-15,0.8759670360790162,1.3428461690997886,ComboMean-PoolB_GARCH_Neural,validation
2022-08-15,2022-08-16,0.0014782571055336,1.3311786234058824,ComboMean-PoolB_GARCH_Neural,validation
2022-08-16,2022-08-17,0.0021413807191485,1.3101136559796271,ComboMean-PoolB_GARCH_Neural,validation
2022-08-17,2022-08-18,0.0161573789935176,1.298163840543339,ComboMean-PoolB_GARCH_Neural,validation
2022-08-18,2022-08-19,0.124159183844011,1.2833593813397721,ComboMean-PoolB_GARCH_Neural,validation
2022-08-19,2022-08-22,0.4785997007311449,1.3028420740094675,ComboMean-PoolB_GARCH_Neural,validation
2022-08-22,2022-08-23,0.6726558406784502,1.3579381328807243,ComboMean-PoolB_GARCH_Neural,validation
2022-08-23,2022-08-24,0.2484394846076955,1.3338346372387284,ComboMean-PoolB_GARCH_Neural,validation
2022-08-24,2022-08-25,0.8344386477124279,1.3075683307178967,ComboMean-PoolB_GARCH_Neural,validation
2022-08-25,2022-08-26,0.2408597797174897,1.2989900594629018,ComboMean-PoolB_GARCH_Neural,validation
2022-08-26,2022-08-29,0.8499464536320859,1.3477858980254336,ComboMean-PoolB_GARCH_Neural,validation
2022-08-29,2022-08-30,0.4538418356510164,1.4735411392986812,ComboMean-PoolB_GARCH_Neural,validation
2022-08-30,2022-08-31,0.0076568491567018,1.4024469131616903,ComboMean-PoolB_GARCH_Neural,validation
2022-08-31,2022-09-05,0.061049351862573,1.3652309170930925,ComboMean-PoolB_GARCH_Neural,validation
2022-09-05,2022-09-06,1.532156699315195e-05,1.3500565958856292,ComboMean-PoolB_GARCH_Neural,validation
2022-09-06,2022-09-07,7.377847328826583,1.3141977795164848,ComboMean-PoolB_GARCH_Neural,validation
2022-09-07,2022-09-08,0.478523332029774,1.8882497364607538,ComboMean-PoolB_GARCH_Neural,validation
2022-09-08,2022-09-09,1.3041739898741895,1.8687604347740154,ComboMean-PoolB_GARCH_Neural,validation
2022-09-09,2022-09-12,0.004521626169754,1.7900044569324502,ComboMean-PoolB_GARCH_Neural,validation
2022-09-12,2022-09-13,0.0095408682654198,1.6901562650240327,ComboMean-PoolB_GARCH_Neural,validation
2022-09-13,2022-09-14,0.3758397161006742,1.6074743127938043,ComboMean-PoolB_GARCH_Neural,validation
2022-09-14,2022-09-15,0.1547128388602677,1.62590218630513,ComboMean-PoolB_GARCH_Neural,validation
2022-09-15,2022-09-16,0.6392848421140832,1.540950883701967,ComboMean-PoolB_GARCH_Neural,validation
2022-09-16,2022-09-19,6.167092365627429,1.6107950158116866,ComboMean-PoolB_GARCH_Neural,validation
2022-09-19,2022-09-20,1.2403443891166936,2.098431412659137,ComboMean-PoolB_GARCH_Neural,validation
2022-09-20,2022-09-21,0.4759099851621189,1.99090227475756,ComboMean-PoolB_GARCH_Neural,validation
2022-09-21,2022-09-22,0.1171234903128616,1.9843636365538466,ComboMean-PoolB_GARCH_Neural,validation
2022-09-22,2022-09-23,0.8922637492009945,1.83175733787679,ComboMean-PoolB_GARCH_Neural,validation
2022-09-23,2022-09-26,5.922583365191483,1.86469226511982,ComboMean-PoolB_GARCH_Neural,validation
2022-09-26,2022-09-27,0.4452493243663706,2.3262212637182884,ComboMean-PoolB_GARCH_Neural,validation
2022-09-27,2022-09-28,3.9376181571955216,2.236673052331432,ComboMean-PoolB_GARCH_Neural,validation
2022-09-28,2022-09-29,2.391654578614972,2.5575621114059657,ComboMean-PoolB_GARCH_Neural,validation
2022-09-29,2022-09-30,0.2861665228807753,2.6735658995504714,ComboMean-PoolB_GARCH_Neural,validation
2022-09-30,2022-10-03,16.955331578512116,2.347684171541308,ComboMean-PoolB_GARCH_Neural,validation
2022-10-03,2022-10-04,0.5881297526576773,3.4060248092220897,ComboMean-PoolB_GARCH_Neural,validation
2022-10-04,2022-10-05,5.7303230555022,3.1717450160023777,ComboMean-PoolB_GARCH_Neural,validation
2022-10-05,2022-10-06,7.453651936358921,3.104597712260027,ComboMean-PoolB_GARCH_Neural,validation
2022-10-06,2022-10-07,13.391049366085785,3.520140813240131,ComboMean-PoolB_GARCH_Neural,validation
2022-10-07,2022-10-10,0.3997049579355222,4.002713014593268,ComboMean-PoolB_GARCH_Neural,validation
2022-10-10,2022-10-11,12.54691927074426,3.5708694439256083,ComboMean-PoolB_GARCH_Neural,validation
2022-10-11,2022-10-12,7.860720182392412,4.213610694778623,ComboMean-PoolB_GARCH_Neural,validation
2022-10-12,2022-10-13,2.4070722291092697,3.9073386646534862,ComboMean-PoolB_GARCH_Neural,validation
2022-10-13,2022-10-14,1.0568030806874944,3.509632658467887,ComboMean-PoolB_GARCH_Neural,validation
2022-10-14,2022-10-17,0.9445652838308308,3.035345770265699,ComboMean-PoolB_GARCH_Neural,validation
2022-10-17,2022-10-18,1.304619909377935,2.8946891890956823,ComboMean-PoolB_GARCH_Neural,validation
2022-10-18,2022-10-19,0.1143012847418557,2.6334712816493075,ComboMean-PoolB_GARCH_Neural,validation
2022-10-19,2022-10-20,0.0233897216248987,2.4755634119823204,ComboMean-PoolB_GARCH_Neural,validation
2022-10-20,2022-10-21,13.823102148731785,2.2926119837207777,ComboMean-PoolB_GARCH_Neural,validation
2022-10-21,2022-10-24,11.27142788246664,3.1601037949371964,ComboMean-PoolB_GARCH_Neural,validation
2022-10-24,2022-10-25,0.2552819963060921,3.835290838574399,ComboMean-PoolB_GARCH_Neural,validation
2022-10-25,2022-10-26,0.2322552175172126,3.375160148637307,ComboMean-PoolB_GARCH_Neural,validation
2022-10-26,2022-10-27,17.476545289293156,3.091221613043377,ComboMean-PoolB_GARCH_Neural,validation
2022-10-27,2022-10-28,0.0040004302898497,3.16484406133099,ComboMean-PoolB_GARCH_Neural,validation
2022-10-28,2022-10-31,0.003185411598369,2.6325376897198742,ComboMean-PoolB_GARCH_Neural,validation
2022-10-31,2022-11-01,0.3176638729946111,2.2778448769727833,ComboMean-PoolB_GARCH_Neural,validation
2022-11-01,2022-11-02,1.0542708806933592,2.141992880548174,ComboMean-PoolB_GARCH_Neural,validation
2022-11-02,2022-11-03,0.1094857130367321,2.2467301730435474,ComboMean-PoolB_GARCH_Neural,validation
2022-11-03,2022-11-04,5.049190747098641,2.1421031801375703,ComboMean-PoolB_GARCH_Neural,validation
2022-11-04,2022-11-07,4.95903292212355,2.4965151381317097,ComboMean-PoolB_GARCH_Neural,validation
2022-11-07,2022-11-08,0.4359307936718208,2.885033454260709,ComboMean-PoolB_GARCH_Neural,validation
2022-11-08,2022-11-09,0.1604496978685764,2.5928705446359768,ComboMean-PoolB_GARCH_Neural,validation
2022-11-09,2022-11-10,15.751336654060546,2.3611389509496457,ComboMean-PoolB_GARCH_Neural,validation
2022-11-10,2022-11-11,0.5877644540297541,3.2901014112415217,ComboMean-PoolB_GARCH_Neural,validation
2022-11-11,2022-11-14,2.025904181968848,2.8947883774525276,ComboMean-PoolB_GARCH_Neural,validation
2022-11-14,2022-11-15,9.894366349346946,2.90780746214634,ComboMean-PoolB_GARCH_Neural,validation
2022-11-15,2022-11-16,11.17558049000805,3.5212583914809974,ComboMean-PoolB_GARCH_Neural,validation
2022-11-16,2022-11-17,7.602516501605635,3.2626121169593834,ComboMean-PoolB_GARCH_Neural,validation
2022-11-17,2022-11-18,5.215358122437767e-05,3.0906712728948875,ComboMean-PoolB_GARCH_Neural,validation
2022-11-18,2022-11-21,0.8090953049399706,2.561986870362056,ComboMean-PoolB_GARCH_Neural,validation
2022-11-21,2022-11-22,0.7954965643291928,2.514441930292763,ComboMean-PoolB_GARCH_Neural,validation
2022-11-22,2022-11-23,0.4158325821141256,2.442701641678473,ComboMean-PoolB_GARCH_Neural,validation
2022-11-23,2022-11-24,0.0326156098281846,2.444028245145497,ComboMean-PoolB_GARCH_Neural,validation
2022-11-24,2022-11-25,6.126390414606435,2.236199080926906,ComboMean-PoolB_GARCH_Neural,validation
2022-11-25,2022-11-28,11.99171626886051,2.256083785775119,ComboMean-PoolB_GARCH_Neural,validation
2022-11-28,2022-11-29,6.749510839154126,2.282555439708057,ComboMean-PoolB_GARCH_Neural,validation
2022-11-29,2022-11-30,2.4431488019656613,2.1263449756628887,ComboMean-PoolB_GARCH_Neural,validation
2022-11-30,2022-12-01,1.3565007887137526,1.988851500073295,ComboMean-PoolB_GARCH_Neural,validation
2022-12-01,2022-12-02,17.084105039989844,2.0972643035365577,ComboMean-PoolB_GARCH_Neural,validation
2022-12-02,2022-12-05,1.5797254157342264,2.3443217761585022,ComboMean-PoolB_GARCH_Neural,validation
2022-12-05,2022-12-06,17.637687522394646,2.10721127905236,ComboMean-PoolB_GARCH_Neural,validation
2022-12-06,2022-12-07,0.5388682275570345,3.0264095072546127,ComboMean-PoolB_GARCH_Neural,validation
2022-12-07,2022-12-08,0.8269714352452323,2.846345177912104,ComboMean-PoolB_GARCH_Neural,validation
2022-12-08,2022-12-09,0.0148277116225318,2.5958250949232644,ComboMean-PoolB_GARCH_Neural,validation
2022-12-09,2022-12-12,3.589507425464579,2.3665361607273847,ComboMean-PoolB_GARCH_Neural,validation
2022-12-12,2022-12-13,2.1880754664799307,2.5553257557663316,ComboMean-PoolB_GARCH_Neural,validation
2022-12-13,2022-12-14,0.0807108309118899,2.3953060416411707,ComboMean-PoolB_GARCH_Neural,validation
2022-12-14,2022-12-15,0.2157077020057238,2.187418187155861,ComboMean-PoolB_GARCH_Neural,validation
2022-12-15,2022-12-16,0.072617015649584,2.0493785520216066,ComboMean-PoolB_GARCH_Neural,validation
2022-12-16,2022-12-19,1.813928705292506,1.9369456111377255,ComboMean-PoolB_GARCH_Neural,validation
2022-12-19,2022-12-20,2.1946973166474533,2.057242361661225,ComboMean-PoolB_GARCH_Neural,validation
2022-12-20,2022-12-21,0.1732700004356016,2.146650376858723,ComboMean-PoolB_GARCH_Neural,validation
2022-12-21,2022-12-22,0.1335316168500294,2.0237501394367374,ComboMean-PoolB_GARCH_Neural,validation
2022-12-22,2022-12-23,0.0493851739530653,1.8873003774968604,ComboMean-PoolB_GARCH_Neural,validation
2022-12-23,2022-12-26,12.275470581243656,1.7859820019286143,ComboMean-PoolB_GARCH_Neural,validation
2022-12-26,2022-12-27,3.78693616836278,2.638190760231712,ComboMean-PoolB_GARCH_Neural,validation
2022-12-27,2022-12-28,1.2053971949970186,2.53661406405923,ComboMean-PoolB_GARCH_Neural,validation
2022-12-28,2022-12-29,0.3958340163318585,2.3646606969276798,ComboMean-PoolB_GARCH_Neural,validation
2022-12-29,2022-12-30,0.047616879962563,2.280242610353218,ComboMean-PoolB_GARCH_Neural,validation
