date,target_date,actual_var,pred_var,model,split
2023-02-06,2023-02-07,4.736232587067869,1.7796617387391707,ComboPair-GARCH11_HybridQLIKE,test
2023-02-07,2023-02-08,0.3561755878073738,2.1164104039216243,ComboPair-GARCH11_HybridQLIKE,test
2023-02-08,2023-02-09,0.5879330834697908,1.9189584551283247,ComboPair-GARCH11_HybridQLIKE,test
2023-02-09,2023-02-10,0.6787287097613596,1.8343602390346332,ComboPair-GARCH11_HybridQLIKE,test
2023-02-10,2023-02-13,1.2216869517708149,1.7685049227440444,ComboPair-GARCH11_HybridQLIKE,test
2023-02-13,2023-02-14,0.2361888824871934,1.7296743070963259,ComboPair-GARCH11_HybridQLIKE,test
2023-02-14,2023-02-15,0.8394668425834446,1.633725802884618,ComboPair-GARCH11_HybridQLIKE,test
2023-02-15,2023-02-16,0.9177621933014196,1.5291618897382433,ComboPair-GARCH11_HybridQLIKE,test
2023-02-16,2023-02-17,0.0092805250097098,1.4467611293313771,ComboPair-GARCH11_HybridQLIKE,test
2023-02-17,2023-02-20,6.512002780573765,1.327096422442485,ComboPair-GARCH11_HybridQLIKE,test
2023-02-20,2023-02-21,0.1691390418565458,1.7316064072369322,ComboPair-GARCH11_HybridQLIKE,test
2023-02-21,2023-02-22,6.846416409130559,1.6064422962467702,ComboPair-GARCH11_HybridQLIKE,test
2023-02-22,2023-02-23,0.0034604047962046,2.157084666258174,ComboPair-GARCH11_HybridQLIKE,test
2023-02-23,2023-02-24,1.8150207850841689,1.9485702291818003,ComboPair-GARCH11_HybridQLIKE,test
2023-02-24,2023-02-27,3.157792800250552,2.027909299080293,ComboPair-GARCH11_HybridQLIKE,test
2023-02-27,2023-02-28,0.1124261928232939,2.1854644757815316,ComboPair-GARCH11_HybridQLIKE,test
2023-02-28,2023-03-01,2.362077222441523,1.9835425336032253,ComboPair-GARCH11_HybridQLIKE,test
2023-03-01,2023-03-02,0.0800566234507277,1.9396874299552294,ComboPair-GARCH11_HybridQLIKE,test
2023-03-02,2023-03-03,1.5504718457013609,1.7600851907202593,ComboPair-GARCH11_HybridQLIKE,test
2023-03-03,2023-03-06,0.0551773612932756,1.770666966964285,ComboPair-GARCH11_HybridQLIKE,test
2023-03-06,2023-03-07,1.0659420423683896,1.612892182336508,ComboPair-GARCH11_HybridQLIKE,test
2023-03-07,2023-03-08,1.180976964777076,1.5334548656137152,ComboPair-GARCH11_HybridQLIKE,test
2023-03-08,2023-03-09,0.4136971055728827,1.4734016571537727,ComboPair-GARCH11_HybridQLIKE,test
2023-03-09,2023-03-10,0.078265798957639,1.3715758049730176,ComboPair-GARCH11_HybridQLIKE,test
2023-03-10,2023-03-13,0.0003608159625681,1.292240488853527,ComboPair-GARCH11_HybridQLIKE,test
2023-03-13,2023-03-14,1.4659340258862177,1.2149084542995854,ComboPair-GARCH11_HybridQLIKE,test
2023-03-14,2023-03-15,4.404587524685249,1.3030482075610839,ComboPair-GARCH11_HybridQLIKE,test
2023-03-15,2023-03-16,1.966140070411206,1.554051604008551,ComboPair-GARCH11_HybridQLIKE,test
2023-03-16,2023-03-17,0.0466583815583474,1.652357924285797,ComboPair-GARCH11_HybridQLIKE,test
2023-03-17,2023-03-20,4.542701346022625,1.5346293431571245,ComboPair-GARCH11_HybridQLIKE,test
2023-03-20,2023-03-21,0.8241032078763476,1.9171367958189682,ComboPair-GARCH11_HybridQLIKE,test
2023-03-21,2023-03-22,0.6122377400151076,1.81419262972389,ComboPair-GARCH11_HybridQLIKE,test
2023-03-22,2023-03-23,0.1912107767600162,1.670248301125457,ComboPair-GARCH11_HybridQLIKE,test
2023-03-23,2023-03-24,0.0261069358389794,1.5156335502112668,ComboPair-GARCH11_HybridQLIKE,test
2023-03-24,2023-03-27,0.2706486133246383,1.3784520122435815,ComboPair-GARCH11_HybridQLIKE,test
2023-03-27,2023-03-28,0.0375129464792075,1.2872221592417694,ComboPair-GARCH11_HybridQLIKE,test
2023-03-28,2023-03-29,0.0373680554186715,1.2083664286303226,ComboPair-GARCH11_HybridQLIKE,test
2023-03-29,2023-03-30,0.0864260143113033,1.1354373718236372,ComboPair-GARCH11_HybridQLIKE,test
2023-03-30,2023-03-31,0.2397323675517269,1.0780158254324468,ComboPair-GARCH11_HybridQLIKE,test
2023-03-31,2023-04-03,1.8652562093058924,1.0383579960581173,ComboPair-GARCH11_HybridQLIKE,test
2023-04-03,2023-04-04,0.0059186412860023,1.136605514184536,ComboPair-GARCH11_HybridQLIKE,test
2023-04-04,2023-04-05,0.0498269661847383,1.0884613285280702,ComboPair-GARCH11_HybridQLIKE,test
2023-04-05,2023-04-06,0.8553042836437406,1.0368111348580875,ComboPair-GARCH11_HybridQLIKE,test
2023-04-06,2023-04-07,0.0125702355791553,1.1033606219377508,ComboPair-GARCH11_HybridQLIKE,test
2023-04-07,2023-04-10,0.1668068990512428,1.0427247579471906,ComboPair-GARCH11_HybridQLIKE,test
2023-04-10,2023-04-11,0.1482607699784405,1.0310320030251447,ComboPair-GARCH11_HybridQLIKE,test
2023-04-11,2023-04-12,8.743291732272662e-07,0.9864918256559074,ComboPair-GARCH11_HybridQLIKE,test
2023-04-12,2023-04-13,0.2330177840007939,0.9553796468538769,ComboPair-GARCH11_HybridQLIKE,test
2023-04-13,2023-04-14,1.1617696349612645,0.944455021597888,ComboPair-GARCH11_HybridQLIKE,test
2023-04-14,2023-04-17,0.0076283447272982,1.0411049825251077,ComboPair-GARCH11_HybridQLIKE,test
2023-04-17,2023-04-18,0.0131688449679895,0.9927476556510292,ComboPair-GARCH11_HybridQLIKE,test
2023-04-18,2023-04-19,0.3296437026732272,0.9496870105808795,ComboPair-GARCH11_HybridQLIKE,test
2023-04-19,2023-04-20,0.0006623405434785,0.947485198902229,ComboPair-GARCH11_HybridQLIKE,test
2023-04-20,2023-04-21,0.3673257523211698,0.9053592539724241,ComboPair-GARCH11_HybridQLIKE,test
2023-04-21,2023-04-24,0.0221215519921837,0.9104945404614897,ComboPair-GARCH11_HybridQLIKE,test
2023-04-24,2023-04-25,0.3932622485353985,0.8811561780562288,ComboPair-GARCH11_HybridQLIKE,test
2023-04-25,2023-04-26,0.328691182889417,0.8957940725916065,ComboPair-GARCH11_HybridQLIKE,test
2023-04-26,2023-04-27,0.0126510214171176,0.8753078431294292,ComboPair-GARCH11_HybridQLIKE,test
2023-04-27,2023-04-28,0.8257060505705139,0.8503980357649452,ComboPair-GARCH11_HybridQLIKE,test
2023-04-28,2023-05-04,0.663351259487948,0.8783945054823745,ComboPair-GARCH11_HybridQLIKE,test
2023-05-04,2023-05-05,0.0008313650023289,0.9305749999981887,ComboPair-GARCH11_HybridQLIKE,test
2023-05-05,2023-05-08,1.5730813455266768,0.894765772777818,ComboPair-GARCH11_HybridQLIKE,test
2023-05-08,2023-05-09,0.0009810073041391,0.9742595571519617,ComboPair-GARCH11_HybridQLIKE,test
2023-05-09,2023-05-10,0.1807814295588449,0.9373689710581541,ComboPair-GARCH11_HybridQLIKE,test
2023-05-10,2023-05-11,0.0116169732719969,0.9160065088611853,ComboPair-GARCH11_HybridQLIKE,test
2023-05-11,2023-05-12,0.8480601097426534,0.8965654370670892,ComboPair-GARCH11_HybridQLIKE,test
2023-05-12,2023-05-15,0.0124546383596074,0.9289553045313979,ComboPair-GARCH11_HybridQLIKE,test
2023-05-15,2023-05-16,0.0003521278803455,0.9190142141131401,ComboPair-GARCH11_HybridQLIKE,test
2023-05-16,2023-05-17,0.2647079940558091,0.885902355890771,ComboPair-GARCH11_HybridQLIKE,test
2023-05-17,2023-05-18,0.5467189046851431,0.9050322881189206,ComboPair-GARCH11_HybridQLIKE,test
2023-05-18,2023-05-19,0.0134881726921275,0.9045530576710709,ComboPair-GARCH11_HybridQLIKE,test
2023-05-19,2023-05-22,0.1115577260954784,0.8929727306094117,ComboPair-GARCH11_HybridQLIKE,test
2023-05-22,2023-05-23,0.2010623455676166,0.8702402857359641,ComboPair-GARCH11_HybridQLIKE,test
2023-05-23,2023-05-24,0.1456521231551851,0.8815704287297546,ComboPair-GARCH11_HybridQLIKE,test
2023-05-24,2023-05-25,0.0713508401309495,0.8851665569568002,ComboPair-GARCH11_HybridQLIKE,test
2023-05-25,2023-05-26,0.006683379548905,0.861429265090788,ComboPair-GARCH11_HybridQLIKE,test
2023-05-26,2023-05-29,1.1008741895280585,0.8451647791181378,ComboPair-GARCH11_HybridQLIKE,test
2023-05-29,2023-05-30,0.0813274524532,0.9064565482286269,ComboPair-GARCH11_HybridQLIKE,test
2023-05-30,2023-05-31,0.0715597269351419,0.8944195067523498,ComboPair-GARCH11_HybridQLIKE,test
2023-05-31,2023-06-01,0.0894248931377806,0.8920070032793095,ComboPair-GARCH11_HybridQLIKE,test
2023-06-01,2023-06-02,1.3176407801372392,0.8738369852081846,ComboPair-GARCH11_HybridQLIKE,test
2023-06-02,2023-06-05,0.4068339428608296,0.9621161695390092,ComboPair-GARCH11_HybridQLIKE,test
2023-06-05,2023-06-06,0.9043890866960916,0.9569760981720615,ComboPair-GARCH11_HybridQLIKE,test
2023-06-06,2023-06-07,0.0123028566285396,0.978902365386489,ComboPair-GARCH11_HybridQLIKE,test
2023-06-07,2023-06-08,0.5529490855904797,0.9699259033639063,ComboPair-GARCH11_HybridQLIKE,test
2023-06-08,2023-06-09,0.3161644467066298,1.0268019514360025,ComboPair-GARCH11_HybridQLIKE,test
2023-06-09,2023-06-12,0.5831574033164091,0.9848663958919068,ComboPair-GARCH11_HybridQLIKE,test
2023-06-12,2023-06-13,0.3310759893352936,0.9843121695988231,ComboPair-GARCH11_HybridQLIKE,test
2023-06-13,2023-06-14,0.2025223817587841,0.9810451551215275,ComboPair-GARCH11_HybridQLIKE,test
2023-06-14,2023-06-15,0.0016224341258812,0.9776770870343756,ComboPair-GARCH11_HybridQLIKE,test
2023-06-15,2023-06-16,0.024585211583996,0.9422238256712842,ComboPair-GARCH11_HybridQLIKE,test
2023-06-16,2023-06-19,0.7822402072538185,0.9556736037250597,ComboPair-GARCH11_HybridQLIKE,test
2023-06-19,2023-06-20,0.3250259985876756,0.9861661688769189,ComboPair-GARCH11_HybridQLIKE,test
2023-06-20,2023-06-21,0.3653445181035127,0.9611973923912478,ComboPair-GARCH11_HybridQLIKE,test
2023-06-21,2023-06-22,0.3717252672960691,0.9642428183412955,ComboPair-GARCH11_HybridQLIKE,test
2023-06-22,2023-06-23,0.1309819466607628,0.9579057210100981,ComboPair-GARCH11_HybridQLIKE,test
2023-06-23,2023-06-26,0.0549279663710728,0.9413412770710325,ComboPair-GARCH11_HybridQLIKE,test
2023-06-26,2023-06-27,0.0411962958640958,0.9264955849714971,ComboPair-GARCH11_HybridQLIKE,test
2023-06-27,2023-06-28,0.1251516048900254,0.8869871675376809,ComboPair-GARCH11_HybridQLIKE,test
2023-06-28,2023-06-29,1.3110715533307906,0.8819653579569053,ComboPair-GARCH11_HybridQLIKE,test
2023-06-29,2023-06-30,0.2153197174085333,1.0056309403141501,ComboPair-GARCH11_HybridQLIKE,test
2023-06-30,2023-07-03,0.2244859363593752,0.9834580349387461,ComboPair-GARCH11_HybridQLIKE,test
2023-07-03,2023-07-04,0.331614557206894,0.9572424179370047,ComboPair-GARCH11_HybridQLIKE,test
2023-07-04,2023-07-05,0.0534448088033697,0.9498241616316092,ComboPair-GARCH11_HybridQLIKE,test
2023-07-05,2023-07-06,0.5521828368120864,0.9304095030336468,ComboPair-GARCH11_HybridQLIKE,test
2023-07-06,2023-07-07,1.0955709924740076,0.9709413816811108,ComboPair-GARCH11_HybridQLIKE,test
2023-07-07,2023-07-10,0.9169134777331625,1.0058400156403078,ComboPair-GARCH11_HybridQLIKE,test
2023-07-10,2023-07-11,0.057144157007868,1.0433668298612124,ComboPair-GARCH11_HybridQLIKE,test
2023-07-11,2023-07-12,0.0444186703613796,1.0170391255004803,ComboPair-GARCH11_HybridQLIKE,test
2023-07-12,2023-07-13,0.9358770339385756,0.9745738387719615,ComboPair-GARCH11_HybridQLIKE,test
2023-07-13,2023-07-14,0.0652166185346891,1.0038896692919168,ComboPair-GARCH11_HybridQLIKE,test
2023-07-14,2023-07-17,0.1632239943294482,0.9966348237074685,ComboPair-GARCH11_HybridQLIKE,test
2023-07-17,2023-07-18,0.0066910598075562,0.968093605036064,ComboPair-GARCH11_HybridQLIKE,test
2023-07-18,2023-07-19,0.0089465157105592,0.9399651609422606,ComboPair-GARCH11_HybridQLIKE,test
2023-07-19,2023-07-20,0.0002100775164203,0.9232582244766162,ComboPair-GARCH11_HybridQLIKE,test
2023-07-20,2023-07-21,1.2319670859049314,0.8970117929647916,ComboPair-GARCH11_HybridQLIKE,test
2023-07-21,2023-07-24,0.164526463877313,0.972165665671946,ComboPair-GARCH11_HybridQLIKE,test
2023-07-24,2023-07-25,0.1884318549081098,0.9619948837444067,ComboPair-GARCH11_HybridQLIKE,test
2023-07-25,2023-07-26,0.1699312574616927,0.9432447433877567,ComboPair-GARCH11_HybridQLIKE,test
2023-07-26,2023-07-27,0.0856869950327944,0.9259404283137869,ComboPair-GARCH11_HybridQLIKE,test
2023-07-27,2023-07-28,0.7393945741890614,0.9367960625281859,ComboPair-GARCH11_HybridQLIKE,test
2023-07-28,2023-07-31,1.5705613280253743,0.9640928153515294,ComboPair-GARCH11_HybridQLIKE,test
2023-07-31,2023-08-01,0.191513989792846,1.0652442959174282,ComboPair-GARCH11_HybridQLIKE,test
2023-08-01,2023-08-02,0.0554319741987418,1.0699965195010124,ComboPair-GARCH11_HybridQLIKE,test
2023-08-02,2023-08-03,0.6081005379926719,1.003546008751047,ComboPair-GARCH11_HybridQLIKE,test
2023-08-03,2023-08-04,1.5216082607669985,1.054048333647633,ComboPair-GARCH11_HybridQLIKE,test
2023-08-04,2023-08-07,1.5663427455149326,1.1304187756039916,ComboPair-GARCH11_HybridQLIKE,test
2023-08-07,2023-08-08,0.0042545072808971,1.1935372631071042,ComboPair-GARCH11_HybridQLIKE,test
2023-08-08,2023-08-09,0.4429341513499315,1.1409233726216352,ComboPair-GARCH11_HybridQLIKE,test
2023-08-09,2023-08-10,1.18855521360565,1.1341673740144678,ComboPair-GARCH11_HybridQLIKE,test
2023-08-10,2023-08-11,0.8946457187409982,1.2074157815743376,ComboPair-GARCH11_HybridQLIKE,test
2023-08-11,2023-08-14,0.1406576061529025,1.2044601179975396,ComboPair-GARCH11_HybridQLIKE,test
2023-08-14,2023-08-15,0.0509990332423939,1.1599661650415696,ComboPair-GARCH11_HybridQLIKE,test
2023-08-15,2023-08-16,0.5528693854620391,1.0968431611012972,ComboPair-GARCH11_HybridQLIKE,test
2023-08-16,2023-08-17,0.6237080926504832,1.0820065764728368,ComboPair-GARCH11_HybridQLIKE,test
2023-08-17,2023-08-18,21.187467781738864,1.1357337471242004,ComboPair-GARCH11_HybridQLIKE,test
2023-08-18,2023-08-21,0.0225429724444894,2.9707157919767555,ComboPair-GARCH11_HybridQLIKE,test
2023-08-21,2023-08-22,0.0038263943505654,2.5908796426547918,ComboPair-GARCH11_HybridQLIKE,test
2023-08-22,2023-08-23,0.4543048185096983,2.3207891131233316,ComboPair-GARCH11_HybridQLIKE,test
2023-08-23,2023-08-24,2.030960720400387,2.12623095990715,ComboPair-GARCH11_HybridQLIKE,test
2023-08-24,2023-08-25,0.2574822009117362,2.059774053052037,ComboPair-GARCH11_HybridQLIKE,test
2023-08-25,2023-08-28,2.3677711449578327,1.9058191507407591,ComboPair-GARCH11_HybridQLIKE,test
2023-08-28,2023-08-29,0.0507403600472885,1.9031187858270098,ComboPair-GARCH11_HybridQLIKE,test
2023-08-29,2023-08-30,0.521587233427783,1.75706717799568,ComboPair-GARCH11_HybridQLIKE,test
2023-08-30,2023-08-31,0.798611626583033,1.6457395816852567,ComboPair-GARCH11_HybridQLIKE,test
2023-08-31,2023-09-05,0.790275250555677,1.573331155767368,ComboPair-GARCH11_HybridQLIKE,test
2023-09-05,2023-09-06,0.7194907575034776,1.5156201271028242,ComboPair-GARCH11_HybridQLIKE,test
2023-09-06,2023-09-07,0.0359716287929884,1.4648784583414602,ComboPair-GARCH11_HybridQLIKE,test
2023-09-07,2023-09-08,0.0178548556372743,1.3911487151244495,ComboPair-GARCH11_HybridQLIKE,test
2023-09-08,2023-09-11,2.097389099277001,1.3096323165807464,ComboPair-GARCH11_HybridQLIKE,test
2023-09-11,2023-09-12,3.1212396050656377,1.4521021842238095,ComboPair-GARCH11_HybridQLIKE,test
2023-09-12,2023-09-13,0.3222528903899724,1.5631331063550373,ComboPair-GARCH11_HybridQLIKE,test
2023-09-13,2023-09-14,1.4026151894519558,1.508460995065308,ComboPair-GARCH11_HybridQLIKE,test
2023-09-14,2023-09-15,0.0839016379792105,1.5418729638118505,ComboPair-GARCH11_HybridQLIKE,test
2023-09-15,2023-09-18,1.6257299462595711,1.4258351977221166,ComboPair-GARCH11_HybridQLIKE,test
2023-09-18,2023-09-19,0.000654584074098,1.4934674207145548,ComboPair-GARCH11_HybridQLIKE,test
2023-09-19,2023-09-20,1.4369523878233037,1.3981964163383922,ComboPair-GARCH11_HybridQLIKE,test
2023-09-20,2023-09-21,1.2021573804780938,1.3849691262550636,ComboPair-GARCH11_HybridQLIKE,test
2023-09-21,2023-09-22,2.67951003310709,1.437127593598492,ComboPair-GARCH11_HybridQLIKE,test
2023-09-22,2023-09-25,11.541216926620844,1.6125516860781697,ComboPair-GARCH11_HybridQLIKE,test
2023-09-25,2023-09-26,1.7698314100181254,2.5989976850325536,ComboPair-GARCH11_HybridQLIKE,test
2023-09-26,2023-09-27,1.922934467977144,2.460624170670853,ComboPair-GARCH11_HybridQLIKE,test
2023-09-27,2023-09-28,0.0151639632836694,2.3185839262444765,ComboPair-GARCH11_HybridQLIKE,test
2023-09-28,2023-09-29,0.02224231577349,2.0862580124774635,ComboPair-GARCH11_HybridQLIKE,test
2023-09-29,2023-10-02,0.0090750098350391,1.8754493601331907,ComboPair-GARCH11_HybridQLIKE,test
2023-10-02,2023-10-03,10.683716279206385,1.7074978858412693,ComboPair-GARCH11_HybridQLIKE,test
2023-10-03,2023-10-04,0.8853176884286172,2.6374322973050406,ComboPair-GARCH11_HybridQLIKE,test
2023-10-04,2023-10-05,1.7375339257639013,2.3657229259433845,ComboPair-GARCH11_HybridQLIKE,test
2023-10-05,2023-10-06,1.7072998751511268,2.3494854825647415,ComboPair-GARCH11_HybridQLIKE,test
2023-10-06,2023-10-09,0.6060662073826656,2.2102610356994594,ComboPair-GARCH11_HybridQLIKE,test
2023-10-09,2023-10-10,0.3080349756366544,2.008076678233987,ComboPair-GARCH11_HybridQLIKE,test
2023-10-10,2023-10-11,0.3851648462229108,1.8335276445802784,ComboPair-GARCH11_HybridQLIKE,test
2023-10-11,2023-10-12,0.0048291522978458,1.6845792247039981,ComboPair-GARCH11_HybridQLIKE,test
2023-10-12,2023-10-13,0.0732020168306359,1.5604797811229036,ComboPair-GARCH11_HybridQLIKE,test
2023-10-13,2023-10-16,1.3440806213781142,1.4437730972864746,ComboPair-GARCH11_HybridQLIKE,test
2023-10-16,2023-10-17,3.052807721519015,1.494025072145825,ComboPair-GARCH11_HybridQLIKE,test
2023-10-17,2023-10-18,2.691074109609036,1.71554780722149,ComboPair-GARCH11_HybridQLIKE,test
2023-10-18,2023-10-19,2.014426845995019,1.8470017751899794,ComboPair-GARCH11_HybridQLIKE,test
2023-10-19,2023-10-20,3.37838828040453,1.904990051538268,ComboPair-GARCH11_HybridQLIKE,test
2023-10-20,2023-10-23,1.7351918672263549,1.9730317940924484,ComboPair-GARCH11_HybridQLIKE,test
2023-10-23,2023-10-24,1.2652847100550173,1.9896916163553042,ComboPair-GARCH11_HybridQLIKE,test
2023-10-24,2023-10-25,0.1475596920145903,1.876907968496906,ComboPair-GARCH11_HybridQLIKE,test
2023-10-25,2023-10-26,18.362010800338208,1.7247736873820838,ComboPair-GARCH11_HybridQLIKE,test
2023-10-26,2023-10-27,0.2387716417217482,3.3415751578240442,ComboPair-GARCH11_HybridQLIKE,test
2023-10-27,2023-10-30,3.0025597858118136,2.9070706046111927,ComboPair-GARCH11_HybridQLIKE,test
2023-10-30,2023-10-31,1.8839681619493045,2.9893617754447095,ComboPair-GARCH11_HybridQLIKE,test
2023-10-31,2023-11-01,1.230715501580414,2.8187735928438413,ComboPair-GARCH11_HybridQLIKE,test
2023-11-01,2023-11-02,11.467731176476716,2.5616456775625838,ComboPair-GARCH11_HybridQLIKE,test
2023-11-02,2023-11-03,0.0148189440021049,3.183538155438507,ComboPair-GARCH11_HybridQLIKE,test
2023-11-03,2023-11-06,1.4138672012584073,2.777211425081838,ComboPair-GARCH11_HybridQLIKE,test
2023-11-06,2023-11-07,0.7458390495009208,2.5524385051153176,ComboPair-GARCH11_HybridQLIKE,test
2023-11-07,2023-11-08,9.129956144189087,2.3872253940264114,ComboPair-GARCH11_HybridQLIKE,test
2023-11-08,2023-11-09,0.0017061233763225,2.8557755740412993,ComboPair-GARCH11_HybridQLIKE,test
2023-11-09,2023-11-10,1.2148681903111338,2.5489111992822338,ComboPair-GARCH11_HybridQLIKE,test
2023-11-10,2023-11-13,0.0213882813414155,2.4089460392261475,ComboPair-GARCH11_HybridQLIKE,test
2023-11-13,2023-11-14,0.7643879612116624,2.17230401540635,ComboPair-GARCH11_HybridQLIKE,test
2023-11-14,2023-11-15,1.309101680363533,2.019245829363036,ComboPair-GARCH11_HybridQLIKE,test
2023-11-15,2023-11-16,0.0726677258555493,1.9280812504404063,ComboPair-GARCH11_HybridQLIKE,test
2023-11-16,2023-11-17,4.779742663796966,1.7515230813379556,ComboPair-GARCH11_HybridQLIKE,test
2023-11-17,2023-11-20,0.0501991268589152,2.063064562883553,ComboPair-GARCH11_HybridQLIKE,test
2023-11-20,2023-11-21,0.3772925570702379,1.879037304629257,ComboPair-GARCH11_HybridQLIKE,test
2023-11-21,2023-11-22,0.0912767762573235,1.7308912995165247,ComboPair-GARCH11_HybridQLIKE,test
2023-11-22,2023-11-23,5.291901747240125,1.6000436169728143,ComboPair-GARCH11_HybridQLIKE,test
2023-11-23,2023-11-24,0.4250871900618609,1.9742146850639177,ComboPair-GARCH11_HybridQLIKE,test
2023-11-24,2023-11-27,0.4781711175817431,1.8220576369386208,ComboPair-GARCH11_HybridQLIKE,test
2023-11-27,2023-11-28,0.4557176520002135,1.715107777845301,ComboPair-GARCH11_HybridQLIKE,test
2023-11-28,2023-11-29,0.4496265629344425,1.5970782547269957,ComboPair-GARCH11_HybridQLIKE,test
2023-11-29,2023-11-30,0.6229744807299576,1.486942917652338,ComboPair-GARCH11_HybridQLIKE,test
2023-11-30,2023-12-01,0.5347066481770756,1.458993291325736,ComboPair-GARCH11_HybridQLIKE,test
2023-12-01,2023-12-04,2.720585966130201,1.3783209835818226,ComboPair-GARCH11_HybridQLIKE,test
2023-12-04,2023-12-05,0.163386350982878,1.5177774604110144,ComboPair-GARCH11_HybridQLIKE,test
2023-12-05,2023-12-06,0.8703691532467039,1.4269215963620048,ComboPair-GARCH11_HybridQLIKE,test
2023-12-06,2023-12-07,0.193176184914791,1.3808177967671695,ComboPair-GARCH11_HybridQLIKE,test
2023-12-07,2023-12-08,0.0690100099875838,1.3597973906843666,ComboPair-GARCH11_HybridQLIKE,test
2023-12-08,2023-12-11,0.0088783019772855,1.2565440307339006,ComboPair-GARCH11_HybridQLIKE,test
2023-12-11,2023-12-12,0.0357476055077411,1.1751358326967272,ComboPair-GARCH11_HybridQLIKE,test
2023-12-12,2023-12-13,1.4355458045904153,1.1056039704441525,ComboPair-GARCH11_HybridQLIKE,test
2023-12-13,2023-12-14,0.1339218193100039,1.2107958616951728,ComboPair-GARCH11_HybridQLIKE,test
2023-12-14,2023-12-15,0.501011926570286,1.1601493118077264,ComboPair-GARCH11_HybridQLIKE,test
2023-12-15,2023-12-18,0.9021057574713134,1.1611617861996144,ComboPair-GARCH11_HybridQLIKE,test
2023-12-18,2023-12-19,0.163207316046184,1.1961086456039056,ComboPair-GARCH11_HybridQLIKE,test
2023-12-19,2023-12-20,0.1648341022859622,1.1323491628078752,ComboPair-GARCH11_HybridQLIKE,test
2023-12-20,2023-12-21,0.0229820728280408,1.0715355501136552,ComboPair-GARCH11_HybridQLIKE,test
2023-12-21,2023-12-22,0.003263855536434,1.0176831270025684,ComboPair-GARCH11_HybridQLIKE,test
2023-12-22,2023-12-25,1.728982548756669,0.9702293298827485,ComboPair-GARCH11_HybridQLIKE,test
2023-12-25,2023-12-26,0.1679675706187517,1.0502153913666425,ComboPair-GARCH11_HybridQLIKE,test
2023-12-26,2023-12-27,0.0005368687109465,1.0225405185211098,ComboPair-GARCH11_HybridQLIKE,test
2023-12-27,2023-12-28,0.3802432948523992,0.9905576828533438,ComboPair-GARCH11_HybridQLIKE,test
2023-12-28,2023-12-29,0.0078393746118935,0.9753612615381042,ComboPair-GARCH11_HybridQLIKE,test
2023-12-29,2024-01-02,0.0250562134986935,0.9517279250016584,ComboPair-GARCH11_HybridQLIKE,test
2024-01-02,2024-01-03,1.197029417048885,0.9290539564498588,ComboPair-GARCH11_HybridQLIKE,test
2024-01-03,2024-01-04,0.3258526092006003,0.9830257550372421,ComboPair-GARCH11_HybridQLIKE,test
2024-01-04,2024-01-05,0.1180208232703248,1.008040872482872,ComboPair-GARCH11_HybridQLIKE,test
2024-01-05,2024-01-08,0.2266269824272246,0.9674025584267938,ComboPair-GARCH11_HybridQLIKE,test
2024-01-08,2024-01-09,0.0190450011331964,0.951344651813776,ComboPair-GARCH11_HybridQLIKE,test
2024-01-09,2024-01-10,0.0646665738710911,0.9337735744877897,ComboPair-GARCH11_HybridQLIKE,test
2024-01-10,2024-01-11,0.0034252738431133,0.919910215031738,ComboPair-GARCH11_HybridQLIKE,test
2024-01-11,2024-01-12,0.4213826457560849,0.8923007339797815,ComboPair-GARCH11_HybridQLIKE,test
2024-01-12,2024-01-15,0.0025242702278622,0.9378461133346765,ComboPair-GARCH11_HybridQLIKE,test
2024-01-15,2024-01-16,0.6034028324453893,0.8941914046190929,ComboPair-GARCH11_HybridQLIKE,test
2024-01-16,2024-01-17,0.0025743958188708,0.9066053106890823,ComboPair-GARCH11_HybridQLIKE,test
2024-01-17,2024-01-18,0.3137503773939618,0.8879402655800763,ComboPair-GARCH11_HybridQLIKE,test
2024-01-18,2024-01-19,1.120382144309341,0.877577097758949,ComboPair-GARCH11_HybridQLIKE,test
2024-01-19,2024-01-22,0.0132345962603059,0.9358251321081092,ComboPair-GARCH11_HybridQLIKE,test
2024-01-22,2024-01-23,0.2062692888507807,0.9199859820188583,ComboPair-GARCH11_HybridQLIKE,test
2024-01-23,2024-01-24,0.1485757892019817,0.9182462343509725,ComboPair-GARCH11_HybridQLIKE,test
2024-01-24,2024-01-25,0.0492420848338565,0.9182320879840594,ComboPair-GARCH11_HybridQLIKE,test
2024-01-25,2024-01-26,0.2041467089523473,0.9033363596910428,ComboPair-GARCH11_HybridQLIKE,test
2024-01-26,2024-01-29,2.893888078905973e-06,0.8816299919279609,ComboPair-GARCH11_HybridQLIKE,test
2024-01-29,2024-01-30,0.1130691080782245,0.857346577474615,ComboPair-GARCH11_HybridQLIKE,test
2024-01-30,2024-01-31,1.7132578057426455,0.8386696161957263,ComboPair-GARCH11_HybridQLIKE,test
2024-01-31,2024-02-01,0.5554695483427156,1.0224408918013346,ComboPair-GARCH11_HybridQLIKE,test
2024-02-01,2024-02-02,0.0016060494837953,1.0100851241940514,ComboPair-GARCH11_HybridQLIKE,test
2024-02-02,2024-02-05,1.312405125307974,0.9869555510605145,ComboPair-GARCH11_HybridQLIKE,test
2024-02-05,2024-02-06,0.041546270496195,1.0499315947139896,ComboPair-GARCH11_HybridQLIKE,test
2024-02-06,2024-02-07,0.7090694435364681,1.0065593673576712,ComboPair-GARCH11_HybridQLIKE,test
2024-02-07,2024-02-15,0.10935700902328,1.0139568517965039,ComboPair-GARCH11_HybridQLIKE,test
2024-02-15,2024-02-16,0.3563698361907522,0.9919004625002795,ComboPair-GARCH11_HybridQLIKE,test
2024-02-16,2024-02-19,1.5735090531706803,0.9842916730700364,ComboPair-GARCH11_HybridQLIKE,test
2024-02-19,2024-02-20,0.1719424828204338,1.0821214789980185,ComboPair-GARCH11_HybridQLIKE,test
2024-02-20,2024-02-21,2.643713937948573e-06,1.05035321768151,ComboPair-GARCH11_HybridQLIKE,test
2024-02-21,2024-02-22,0.0493686905262693,1.0170779132951613,ComboPair-GARCH11_HybridQLIKE,test
2024-02-22,2024-02-23,1.5757517057356472,0.9893031883413921,ComboPair-GARCH11_HybridQLIKE,test
2024-02-23,2024-02-26,0.9982359162312492,1.1569330963150095,ComboPair-GARCH11_HybridQLIKE,test
2024-02-26,2024-02-27,1.16593097532243,1.1519001089427867,ComboPair-GARCH11_HybridQLIKE,test
2024-02-27,2024-02-28,1.8813005066335944,1.183474559850538,ComboPair-GARCH11_HybridQLIKE,test
2024-02-28,2024-02-29,0.0210764395400896,1.25876936938712,ComboPair-GARCH11_HybridQLIKE,test
2024-02-29,2024-03-01,0.1954116660389362,1.2071207406740276,ComboPair-GARCH11_HybridQLIKE,test
2024-03-01,2024-03-04,0.0617241173730905,1.1537069300952032,ComboPair-GARCH11_HybridQLIKE,test
2024-03-04,2024-03-05,0.458465682898879,1.1211452460345748,ComboPair-GARCH11_HybridQLIKE,test
2024-03-05,2024-03-06,0.3277686759141466,1.0990470999948407,ComboPair-GARCH11_HybridQLIKE,test
2024-03-06,2024-03-07,0.2049845962757557,1.0950112151058493,ComboPair-GARCH11_HybridQLIKE,test
2024-03-07,2024-03-08,2.816444292658484,1.0608126782690417,ComboPair-GARCH11_HybridQLIKE,test
2024-03-08,2024-03-11,0.912721979122844,1.3176393671345878,ComboPair-GARCH11_HybridQLIKE,test
2024-03-11,2024-03-12,0.5879634369893775,1.3247129931680632,ComboPair-GARCH11_HybridQLIKE,test
2024-03-12,2024-03-13,4.113946023612082,1.2754102590289662,ComboPair-GARCH11_HybridQLIKE,test
2024-03-13,2024-03-14,0.2431894157728003,1.5129073028788689,ComboPair-GARCH11_HybridQLIKE,test
2024-03-14,2024-03-15,0.0014420309906953,1.446909537695399,ComboPair-GARCH11_HybridQLIKE,test
2024-03-15,2024-03-18,2.60144510071112,1.3585857334729328,ComboPair-GARCH11_HybridQLIKE,test
2024-03-18,2024-03-19,0.0078313418483015,1.560397683656677,ComboPair-GARCH11_HybridQLIKE,test
2024-03-19,2024-03-20,1.98300631416396,1.4320604869116704,ComboPair-GARCH11_HybridQLIKE,test
2024-03-20,2024-03-21,1.659993462713211,1.4656488433815573,ComboPair-GARCH11_HybridQLIKE,test
2024-03-21,2024-03-22,0.1769090471586793,1.497308116281431,ComboPair-GARCH11_HybridQLIKE,test
2024-03-22,2024-03-25,1.1957204376691162,1.4122129530430176,ComboPair-GARCH11_HybridQLIKE,test
2024-03-25,2024-03-26,1.266685379522265,1.447581665311195,ComboPair-GARCH11_HybridQLIKE,test
2024-03-26,2024-03-27,0.0047070525559726,1.4238730135038131,ComboPair-GARCH11_HybridQLIKE,test
2024-03-27,2024-03-28,0.3036574536281876,1.3360701080822546,ComboPair-GARCH11_HybridQLIKE,test
2024-03-28,2024-03-29,0.22386593116756,1.273288439347577,ComboPair-GARCH11_HybridQLIKE,test
2024-03-29,2024-04-01,0.0401370314872093,1.2277062974837134,ComboPair-GARCH11_HybridQLIKE,test
2024-04-01,2024-04-02,0.1847396233779287,1.1773541262336549,ComboPair-GARCH11_HybridQLIKE,test
2024-04-02,2024-04-03,1.4814046434548742,1.1367101270197972,ComboPair-GARCH11_HybridQLIKE,test
2024-04-03,2024-04-04,0.0642984527134782,1.237246576515372,ComboPair-GARCH11_HybridQLIKE,test
2024-04-04,2024-04-05,1.084676282740752,1.17544455568286,ComboPair-GARCH11_HybridQLIKE,test
2024-04-05,2024-04-08,0.1443776586599194,1.231900635447604,ComboPair-GARCH11_HybridQLIKE,test
2024-04-08,2024-04-09,0.9848187145028622,1.173772867181509,ComboPair-GARCH11_HybridQLIKE,test
2024-04-09,2024-04-10,0.1141835151805207,1.1630532596909724,ComboPair-GARCH11_HybridQLIKE,test
2024-04-10,2024-04-11,0.0008184297224042,1.1201159793389313,ComboPair-GARCH11_HybridQLIKE,test
2024-04-11,2024-04-12,2.1077713488695093,1.0638071890199479,ComboPair-GARCH11_HybridQLIKE,test
2024-04-12,2024-04-15,23.166885904173803,1.1670458825366548,ComboPair-GARCH11_HybridQLIKE,test
2024-04-15,2024-04-16,0.0058478365075764,3.281929693227,ComboPair-GARCH11_HybridQLIKE,test
2024-04-16,2024-04-17,3.543454497340081,2.832856675762686,ComboPair-GARCH11_HybridQLIKE,test
2024-04-17,2024-04-19,2.3528631494425456,2.924999959105406,ComboPair-GARCH11_HybridQLIKE,test
2024-04-19,2024-04-22,1.6893979231324006,2.8240903351540467,ComboPair-GARCH11_HybridQLIKE,test
2024-04-22,2024-04-23,1.1727907466469314,2.61066688203796,ComboPair-GARCH11_HybridQLIKE,test
2024-04-23,2024-04-24,5.606024745553127,2.472853393752419,ComboPair-GARCH11_HybridQLIKE,test
2024-04-24,2024-04-25,0.0028195309207452,2.6269206682016746,ComboPair-GARCH11_HybridQLIKE,test
2024-04-25,2024-04-26,0.1420473024727117,2.349650753786178,ComboPair-GARCH11_HybridQLIKE,test
2024-04-26,2024-05-02,0.318006405977251,2.1155307780054082,ComboPair-GARCH11_HybridQLIKE,test
2024-05-02,2024-05-03,0.1468401316931458,1.9294561670582069,ComboPair-GARCH11_HybridQLIKE,test
2024-05-03,2024-05-06,2.785560071487252,1.7627377056041356,ComboPair-GARCH11_HybridQLIKE,test
2024-05-06,2024-05-07,0.3206037518220124,1.8192454304872858,ComboPair-GARCH11_HybridQLIKE,test
2024-05-07,2024-05-08,0.0214485793857184,1.6776915521052995,ComboPair-GARCH11_HybridQLIKE,test
2024-05-08,2024-05-09,0.0212146392864794,1.5629286806851117,ComboPair-GARCH11_HybridQLIKE,test
2024-05-09,2024-05-10,0.0998826714071555,1.442127367823376,ComboPair-GARCH11_HybridQLIKE,test
2024-05-10,2024-05-13,0.1323509240296012,1.361643775054936,ComboPair-GARCH11_HybridQLIKE,test
2024-05-13,2024-05-14,0.0623260338672244,1.2946415691688626,ComboPair-GARCH11_HybridQLIKE,test
2024-05-14,2024-05-15,0.7914504364695899,1.2046509439250337,ComboPair-GARCH11_HybridQLIKE,test
2024-05-15,2024-05-16,1.3010619376829529,1.1959599920199295,ComboPair-GARCH11_HybridQLIKE,test
2024-05-16,2024-05-20,0.4777373395090949,1.2287550172091999,ComboPair-GARCH11_HybridQLIKE,test
2024-05-20,2024-05-21,0.0011865300373836,1.207421615857086,ComboPair-GARCH11_HybridQLIKE,test
2024-05-21,2024-05-22,0.6467920233357178,1.1408645238739181,ComboPair-GARCH11_HybridQLIKE,test
2024-05-22,2024-05-23,1.2284567837418712,1.1681362339556884,ComboPair-GARCH11_HybridQLIKE,test
2024-05-23,2024-05-24,2.256648937405396,1.195282886428311,ComboPair-GARCH11_HybridQLIKE,test
2024-05-24,2024-05-27,0.2066759953224523,1.3855762768439595,ComboPair-GARCH11_HybridQLIKE,test
2024-05-27,2024-05-28,1.2149042841979667,1.2845815335842476,ComboPair-GARCH11_HybridQLIKE,test
2024-05-28,2024-05-29,0.5065517433860525,1.2877061204828693,ComboPair-GARCH11_HybridQLIKE,test
2024-05-29,2024-05-30,0.2478473182821189,1.2895794071804234,ComboPair-GARCH11_HybridQLIKE,test
2024-05-30,2024-05-31,0.1324368158912983,1.2469111527045889,ComboPair-GARCH11_HybridQLIKE,test
2024-05-31,2024-06-03,2.069054535054291,1.188050845108028,ComboPair-GARCH11_HybridQLIKE,test
2024-06-03,2024-06-04,0.0754175541972061,1.2893401342929391,ComboPair-GARCH11_HybridQLIKE,test
2024-06-04,2024-06-05,0.0041789785238715,1.2167147223139063,ComboPair-GARCH11_HybridQLIKE,test
2024-06-05,2024-06-06,0.003785773302666,1.152215400172784,ComboPair-GARCH11_HybridQLIKE,test
2024-06-06,2024-06-07,0.0977825492840672,1.0999119103159218,ComboPair-GARCH11_HybridQLIKE,test
2024-06-07,2024-06-10,0.0574549317651925,1.0456984711551656,ComboPair-GARCH11_HybridQLIKE,test
2024-06-10,2024-06-11,0.236389900130653,1.0079745557813065,ComboPair-GARCH11_HybridQLIKE,test
2024-06-11,2024-06-12,1.4910702380739045,1.0022912809880342,ComboPair-GARCH11_HybridQLIKE,test
2024-06-12,2024-06-13,0.0102965917651104,1.07396702794366,ComboPair-GARCH11_HybridQLIKE,test
2024-06-13,2024-06-14,2.8007247199637466,1.034587215342553,ComboPair-GARCH11_HybridQLIKE,test
2024-06-14,2024-06-17,0.1619251788207639,1.2855929900086809,ComboPair-GARCH11_HybridQLIKE,test
2024-06-17,2024-06-18,0.1371670063872054,1.2278552514944834,ComboPair-GARCH11_HybridQLIKE,test
2024-06-18,2024-06-19,0.0005135905111872,1.1629236327020562,ComboPair-GARCH11_HybridQLIKE,test
2024-06-19,2024-06-20,0.0383900740120223,1.0997977373596783,ComboPair-GARCH11_HybridQLIKE,test
2024-06-20,2024-06-21,0.0004769047173217,1.04599513605916,ComboPair-GARCH11_HybridQLIKE,test
2024-06-21,2024-06-24,4.841244218909869,0.9984065876360428,ComboPair-GARCH11_HybridQLIKE,test
2024-06-24,2024-06-25,0.0377795857346046,1.4560778506782408,ComboPair-GARCH11_HybridQLIKE,test
2024-06-25,2024-06-26,0.1382006989182143,1.3476188334872248,ComboPair-GARCH11_HybridQLIKE,test
2024-06-26,2024-06-27,0.0291086660682599,1.2612438776476458,ComboPair-GARCH11_HybridQLIKE,test
2024-06-27,2024-06-28,1.2092769262564496,1.191618694473335,ComboPair-GARCH11_HybridQLIKE,test
2024-06-28,2024-07-01,0.5464740769679215,1.247779598903151,ComboPair-GARCH11_HybridQLIKE,test
2024-07-01,2024-07-02,1.4560329328950323,1.2104652302576806,ComboPair-GARCH11_HybridQLIKE,test
2024-07-02,2024-07-03,0.3074231060441431,1.2422363064070814,ComboPair-GARCH11_HybridQLIKE,test
2024-07-03,2024-07-04,0.0565502378458402,1.1866286416834164,ComboPair-GARCH11_HybridQLIKE,test
2024-07-04,2024-07-05,0.0604238017679763,1.1172171957332448,ComboPair-GARCH11_HybridQLIKE,test
2024-07-05,2024-07-08,0.001641913639604,1.0672041137166683,ComboPair-GARCH11_HybridQLIKE,test
2024-07-08,2024-07-09,0.6204070574126203,1.028488107730439,ComboPair-GARCH11_HybridQLIKE,test
2024-07-09,2024-07-10,0.3628967539784848,1.034639967086852,ComboPair-GARCH11_HybridQLIKE,test
2024-07-10,2024-07-11,0.0277401860440043,1.0392605297582675,ComboPair-GARCH11_HybridQLIKE,test
2024-07-11,2024-07-12,0.0565767163705356,1.0034349762766732,ComboPair-GARCH11_HybridQLIKE,test
2024-07-12,2024-07-15,0.0052765811391784,0.9783337733098476,ComboPair-GARCH11_HybridQLIKE,test
2024-07-15,2024-07-16,0.011280250205691,0.9474623710784857,ComboPair-GARCH11_HybridQLIKE,test
2024-07-16,2024-07-17,0.9643834972427656,0.899590630657046,ComboPair-GARCH11_HybridQLIKE,test
2024-07-17,2024-07-18,0.2066285309508605,1.0013984216966443,ComboPair-GARCH11_HybridQLIKE,test
2024-07-18,2024-07-19,0.5789189613600527,0.9699174069767766,ComboPair-GARCH11_HybridQLIKE,test
2024-07-19,2024-07-22,0.6479469442933512,0.9990811529100933,ComboPair-GARCH11_HybridQLIKE,test
2024-07-22,2024-07-23,3.3723820037131813,1.034313212445218,ComboPair-GARCH11_HybridQLIKE,test
2024-07-23,2024-07-24,0.2907489732326712,1.350807281949825,ComboPair-GARCH11_HybridQLIKE,test
2024-07-24,2024-07-25,0.1825373322670373,1.2764156319834399,ComboPair-GARCH11_HybridQLIKE,test
2024-07-25,2024-07-26,0.5194428542577421,1.2359705858689283,ComboPair-GARCH11_HybridQLIKE,test
2024-07-26,2024-07-29,0.1301982149615345,1.1838730167643674,ComboPair-GARCH11_HybridQLIKE,test
2024-07-29,2024-07-30,0.0152800221232259,1.110659010188014,ComboPair-GARCH11_HybridQLIKE,test
2024-07-30,2024-07-31,0.2669893008576879,1.0625078263366423,ComboPair-GARCH11_HybridQLIKE,test
2024-07-31,2024-08-01,3.924859003099425,1.031174308076423,ComboPair-GARCH11_HybridQLIKE,test
2024-08-01,2024-08-02,0.6124804127570632,1.395533566644879,ComboPair-GARCH11_HybridQLIKE,test
2024-08-02,2024-08-05,16.028441731399298,1.3376549351800855,ComboPair-GARCH11_HybridQLIKE,test
2024-08-05,2024-08-06,3.4304951964000674,2.8125188634753813,ComboPair-GARCH11_HybridQLIKE,test
2024-08-06,2024-08-07,0.2131074887245232,2.7175534499703313,ComboPair-GARCH11_HybridQLIKE,test
2024-08-07,2024-08-08,0.389017827650505,2.438393128167955,ComboPair-GARCH11_HybridQLIKE,test
2024-08-08,2024-08-09,1.5873626468232618,2.2268673482323362,ComboPair-GARCH11_HybridQLIKE,test
2024-08-09,2024-08-12,0.2928717413764615,2.1064576979168494,ComboPair-GARCH11_HybridQLIKE,test
2024-08-12,2024-08-13,0.0001294788177011,1.9218661154770278,ComboPair-GARCH11_HybridQLIKE,test
2024-08-13,2024-08-14,2.3780277347729983e-05,1.754955127287978,ComboPair-GARCH11_HybridQLIKE,test
2024-08-14,2024-08-15,0.3071561671079922,1.6074140175431924,ComboPair-GARCH11_HybridQLIKE,test
2024-08-15,2024-08-16,5.364467227292595,1.52734987431595,ComboPair-GARCH11_HybridQLIKE,test
2024-08-16,2024-08-19,0.5581057481573143,1.8371561387239488,ComboPair-GARCH11_HybridQLIKE,test
2024-08-19,2024-08-20,0.7441049789899746,1.6990560592431714,ComboPair-GARCH11_HybridQLIKE,test
2024-08-20,2024-08-21,0.8093492360217696,1.6057551145421727,ComboPair-GARCH11_HybridQLIKE,test
2024-08-21,2024-08-22,0.0097920425309074,1.5302525341937752,ComboPair-GARCH11_HybridQLIKE,test
2024-08-22,2024-08-23,0.039129459240867,1.4350315381328216,ComboPair-GARCH11_HybridQLIKE,test
2024-08-23,2024-08-26,0.1707352129175375,1.336501762120112,ComboPair-GARCH11_HybridQLIKE,test
2024-08-26,2024-08-27,0.0017789790178368,1.2780857871628721,ComboPair-GARCH11_HybridQLIKE,test
2024-08-27,2024-08-28,0.0047191862628622,1.2026934623036643,ComboPair-GARCH11_HybridQLIKE,test
2024-08-28,2024-08-29,5.480696959213411e-06,1.1367528541153151,ComboPair-GARCH11_HybridQLIKE,test
2024-08-29,2024-08-30,0.0350100605836961,1.0745070556977219,ComboPair-GARCH11_HybridQLIKE,test
2024-08-30,2024-09-04,0.3975959773479832,1.0129337984085158,ComboPair-GARCH11_HybridQLIKE,test
2024-09-04,2024-09-05,0.3560479520225069,1.016108274290993,ComboPair-GARCH11_HybridQLIKE,test
2024-09-05,2024-09-06,0.2046388013312271,1.0187505744859524,ComboPair-GARCH11_HybridQLIKE,test
2024-09-06,2024-09-09,0.2403215208141221,0.988198305742142,ComboPair-GARCH11_HybridQLIKE,test
2024-09-09,2024-09-10,0.9818980427278184,0.9851514996648989,ComboPair-GARCH11_HybridQLIKE,test
2024-09-10,2024-09-11,0.0244199123086784,1.0501117594251923,ComboPair-GARCH11_HybridQLIKE,test
2024-09-11,2024-09-12,0.0602484567361687,1.0133525743838743,ComboPair-GARCH11_HybridQLIKE,test
2024-09-12,2024-09-13,0.1369055643032899,0.9724291025409572,ComboPair-GARCH11_HybridQLIKE,test
2024-09-13,2024-09-16,0.9992379796047328,0.9482440248124391,ComboPair-GARCH11_HybridQLIKE,test
2024-09-16,2024-09-17,2.484914926701652,1.0185550078453018,ComboPair-GARCH11_HybridQLIKE,test
2024-09-17,2024-09-18,0.2223148391601984,1.157051548449427,ComboPair-GARCH11_HybridQLIKE,test
2024-09-18,2024-09-19,0.2523387575730195,1.1163994413125713,ComboPair-GARCH11_HybridQLIKE,test
2024-09-19,2024-09-20,0.003666425548263,1.073019407044309,ComboPair-GARCH11_HybridQLIKE,test
2024-09-20,2024-09-23,0.0785444168047104,1.039843313115817,ComboPair-GARCH11_HybridQLIKE,test
2024-09-23,2024-09-24,0.447081172927798,1.0156376652878338,ComboPair-GARCH11_HybridQLIKE,test
2024-09-24,2024-09-25,0.6692996014919499,0.9985004135489031,ComboPair-GARCH11_HybridQLIKE,test
2024-09-25,2024-09-26,0.0967067651015831,1.0214877046584725,ComboPair-GARCH11_HybridQLIKE,test
2024-09-26,2024-09-27,0.0019487643545271,0.9971642826758502,ComboPair-GARCH11_HybridQLIKE,test
2024-09-27,2024-09-30,0.0534118196752501,0.9689422736942019,ComboPair-GARCH11_HybridQLIKE,test
2024-09-30,2024-10-01,0.1090419063191174,0.9451155349758048,ComboPair-GARCH11_HybridQLIKE,test
2024-10-01,2024-10-02,0.1142301950532245,0.9273343867224686,ComboPair-GARCH11_HybridQLIKE,test
2024-10-02,2024-10-03,0.5763536966008403,0.9135879446539947,ComboPair-GARCH11_HybridQLIKE,test
2024-10-03,2024-10-04,0.3463758362975216,0.9647020315756598,ComboPair-GARCH11_HybridQLIKE,test
2024-10-04,2024-10-07,0.0027820245719093,0.9656624986859423,ComboPair-GARCH11_HybridQLIKE,test
2024-10-07,2024-10-08,0.0260164216385025,0.9359902558697034,ComboPair-GARCH11_HybridQLIKE,test
2024-10-08,2024-10-09,0.5974680039460253,0.8929911498314111,ComboPair-GARCH11_HybridQLIKE,test
2024-10-09,2024-10-10,0.1233539050383977,0.9051783546646395,ComboPair-GARCH11_HybridQLIKE,test
2024-10-10,2024-10-11,0.0248646364370185,0.8838217192802822,ComboPair-GARCH11_HybridQLIKE,test
2024-10-11,2024-10-14,0.0253573876734088,0.8682201588919981,ComboPair-GARCH11_HybridQLIKE,test
2024-10-14,2024-10-15,0.1678954221921946,0.849592013155583,ComboPair-GARCH11_HybridQLIKE,test
2024-10-15,2024-10-16,0.0156181703703392,0.8594366114057614,ComboPair-GARCH11_HybridQLIKE,test
2024-10-16,2024-10-17,0.301088511662053,0.8537071683140083,ComboPair-GARCH11_HybridQLIKE,test
2024-10-17,2024-10-18,0.0067941729317095,0.8449481043815035,ComboPair-GARCH11_HybridQLIKE,test
2024-10-18,2024-10-21,0.1968037312439634,0.8312531284977588,ComboPair-GARCH11_HybridQLIKE,test
2024-10-21,2024-10-22,0.6006392197446851,0.8426278077706302,ComboPair-GARCH11_HybridQLIKE,test
2024-10-22,2024-10-23,0.0063207009295036,0.8942104210373767,ComboPair-GARCH11_HybridQLIKE,test
2024-10-23,2024-10-24,1.1387581243922995,0.8807337346815982,ComboPair-GARCH11_HybridQLIKE,test
2024-10-24,2024-10-25,0.1396414208283497,0.9771962391363052,ComboPair-GARCH11_HybridQLIKE,test
2024-10-25,2024-10-28,0.0267355724555891,0.9652943644054883,ComboPair-GARCH11_HybridQLIKE,test
2024-10-28,2024-10-29,0.310375295938392,0.9385515234429063,ComboPair-GARCH11_HybridQLIKE,test
2024-10-29,2024-10-30,0.0624797327224918,0.905517768619255,ComboPair-GARCH11_HybridQLIKE,test
2024-10-30,2024-10-31,0.2150309186038439,0.8858153150655168,ComboPair-GARCH11_HybridQLIKE,test
2024-10-31,2024-11-01,0.5795854757810541,0.8729829377942913,ComboPair-GARCH11_HybridQLIKE,test
2024-11-01,2024-11-04,0.6634669865085588,0.9093040485571426,ComboPair-GARCH11_HybridQLIKE,test
2024-11-04,2024-11-05,0.0071101049569573,0.9675436754567848,ComboPair-GARCH11_HybridQLIKE,test
2024-11-05,2024-11-06,1.532964136157592,0.9536345171232474,ComboPair-GARCH11_HybridQLIKE,test
2024-11-06,2024-11-07,0.0147328555936719,1.0071257924737451,ComboPair-GARCH11_HybridQLIKE,test
2024-11-07,2024-11-08,0.3276224769794669,0.9728654901975086,ComboPair-GARCH11_HybridQLIKE,test
2024-11-08,2024-11-11,0.0320387972398517,0.9722895748661664,ComboPair-GARCH11_HybridQLIKE,test
2024-11-11,2024-11-12,0.1943555469915317,0.950592194291865,ComboPair-GARCH11_HybridQLIKE,test
2024-11-12,2024-11-13,0.0095957977358447,0.9560426606708192,ComboPair-GARCH11_HybridQLIKE,test
2024-11-13,2024-11-14,1.304380342114139,0.9190235003305853,ComboPair-GARCH11_HybridQLIKE,test
2024-11-14,2024-11-15,1.1819027969632745,1.0322806403526141,ComboPair-GARCH11_HybridQLIKE,test
2024-11-15,2024-11-18,0.0141759467193479,1.1168118776062426,ComboPair-GARCH11_HybridQLIKE,test
2024-11-18,2024-11-19,0.9768103702203697,1.074446599442381,ComboPair-GARCH11_HybridQLIKE,test
2024-11-19,2024-11-20,0.8848644501514296,1.1463088881301355,ComboPair-GARCH11_HybridQLIKE,test
2024-11-20,2024-11-21,0.9302138287758972,1.1343706509089038,ComboPair-GARCH11_HybridQLIKE,test
2024-11-21,2024-11-22,0.0003506766753295,1.1420278726785313,ComboPair-GARCH11_HybridQLIKE,test
2024-11-22,2024-11-25,0.2872709111767263,1.0844434658562858,ComboPair-GARCH11_HybridQLIKE,test
2024-11-25,2024-11-26,0.3599546809656788,1.038535710115269,ComboPair-GARCH11_HybridQLIKE,test
2024-11-26,2024-11-27,0.0001659440969947,1.0138213163525736,ComboPair-GARCH11_HybridQLIKE,test
2024-11-27,2024-11-28,0.0001270529950301,0.9732912433522211,ComboPair-GARCH11_HybridQLIKE,test
2024-11-28,2024-11-29,0.4488915850595839,0.9341525312373218,ComboPair-GARCH11_HybridQLIKE,test
2024-11-29,2024-12-02,0.0035951954303536,0.9187038746070485,ComboPair-GARCH11_HybridQLIKE,test
2024-12-02,2024-12-03,0.0121780282468158,0.896619247300997,ComboPair-GARCH11_HybridQLIKE,test
2024-12-03,2024-12-04,0.5723787875208138,0.8682313949682883,ComboPair-GARCH11_HybridQLIKE,test
2024-12-04,2024-12-05,4.677770763753511,0.9142641064698708,ComboPair-GARCH11_HybridQLIKE,test
2024-12-05,2024-12-06,0.0423127275118428,1.2782903330553053,ComboPair-GARCH11_HybridQLIKE,test
2024-12-06,2024-12-09,0.0846129168166276,1.2067928438362685,ComboPair-GARCH11_HybridQLIKE,test
2024-12-09,2024-12-10,0.019333949066393,1.1514111768724735,ComboPair-GARCH11_HybridQLIKE,test
2024-12-10,2024-12-11,0.0638388590450149,1.096106999256551,ComboPair-GARCH11_HybridQLIKE,test
2024-12-11,2024-12-12,0.0141789335558376,1.0605307396877568,ComboPair-GARCH11_HybridQLIKE,test
2024-12-12,2024-12-13,0.1427917911928931,1.015306900760507,ComboPair-GARCH11_HybridQLIKE,test
2024-12-13,2024-12-16,0.0093280152446342,0.9967380891376207,ComboPair-GARCH11_HybridQLIKE,test
2024-12-16,2024-12-17,0.0268721671219935,0.9531399563458587,ComboPair-GARCH11_HybridQLIKE,test
2024-12-17,2024-12-18,0.1146807250456102,0.9172854618281605,ComboPair-GARCH11_HybridQLIKE,test
2024-12-18,2024-12-19,0.8081531599464532,0.8831968660130509,ComboPair-GARCH11_HybridQLIKE,test
2024-12-19,2024-12-20,0.0507615856480591,0.9426689380332658,ComboPair-GARCH11_HybridQLIKE,test
2024-12-20,2024-12-23,0.1742376670775678,0.9252070555306774,ComboPair-GARCH11_HybridQLIKE,test
2024-12-23,2024-12-24,0.0361915284275727,0.9023187245806095,ComboPair-GARCH11_HybridQLIKE,test
2024-12-24,2024-12-25,1.1654410256024177,0.8692308498179915,ComboPair-GARCH11_HybridQLIKE,test
2024-12-25,2024-12-26,0.0084412075502873,0.9353264718473177,ComboPair-GARCH11_HybridQLIKE,test
2024-12-26,2024-12-27,0.0317475107765902,0.918134991915906,ComboPair-GARCH11_HybridQLIKE,test
2024-12-27,2024-12-30,0.0600146339677672,0.8854452829625945,ComboPair-GARCH11_HybridQLIKE,test
2024-12-30,2024-12-31,0.1703989127600233,0.8799163407042079,ComboPair-GARCH11_HybridQLIKE,test
2024-12-31,2025-01-02,0.0533739456959429,0.8824167187839058,ComboPair-GARCH11_HybridQLIKE,test
2025-01-02,2025-01-03,1.435132590022104,0.8581937574849614,ComboPair-GARCH11_HybridQLIKE,test
2025-01-03,2025-01-06,0.4342211890889308,0.980039833645614,ComboPair-GARCH11_HybridQLIKE,test
2025-01-06,2025-01-07,0.037939050469307,1.0009083668381966,ComboPair-GARCH11_HybridQLIKE,test
2025-01-07,2025-01-08,0.032117795831564,0.9636094535113395,ComboPair-GARCH11_HybridQLIKE,test
2025-01-08,2025-01-09,0.1768543904547769,0.9362294908782111,ComboPair-GARCH11_HybridQLIKE,test
2025-01-09,2025-01-10,1.525095444996381,0.9237010865701405,ComboPair-GARCH11_HybridQLIKE,test
2025-01-10,2025-01-13,0.175796578127988,1.0377303745045383,ComboPair-GARCH11_HybridQLIKE,test
2025-01-13,2025-01-14,0.2850878204367433,1.0045477665376943,ComboPair-GARCH11_HybridQLIKE,test
2025-01-14,2025-01-15,0.3327205813226502,1.0027473071403084,ComboPair-GARCH11_HybridQLIKE,test
2025-01-15,2025-01-16,0.2486834462527659,0.9625697559261408,ComboPair-GARCH11_HybridQLIKE,test
2025-01-16,2025-01-17,0.293601545819197,0.923970441552622,ComboPair-GARCH11_HybridQLIKE,test
2025-01-17,2025-01-20,0.0012403693451998,0.9050222557277944,ComboPair-GARCH11_HybridQLIKE,test
2025-01-20,2025-01-21,0.0768862836866478,0.8659317408217254,ComboPair-GARCH11_HybridQLIKE,test
2025-01-21,2025-01-22,0.0818546593881995,0.8462828291912434,ComboPair-GARCH11_HybridQLIKE,test
2025-01-22,2025-01-23,1.8682525367895249,0.8360008367438587,ComboPair-GARCH11_HybridQLIKE,test
2025-01-23,2025-01-24,0.1843517308365074,0.9616466200420563,ComboPair-GARCH11_HybridQLIKE,test
2025-01-24,2025-02-04,0.0008556873339296,0.9439832570124267,ComboPair-GARCH11_HybridQLIKE,test
2025-02-04,2025-02-05,0.1513708695410532,0.9170709516099784,ComboPair-GARCH11_HybridQLIKE,test
2025-02-05,2025-02-06,0.0216622352028634,0.9021170398146023,ComboPair-GARCH11_HybridQLIKE,test
2025-02-06,2025-02-07,0.0853488617566438,0.8825009078933462,ComboPair-GARCH11_HybridQLIKE,test
2025-02-07,2025-02-10,0.8849819273953393,0.8632160752441979,ComboPair-GARCH11_HybridQLIKE,test
2025-02-10,2025-02-11,0.168100114678953,0.9429462903223271,ComboPair-GARCH11_HybridQLIKE,test
2025-02-11,2025-02-12,0.0147578221185138,0.929376292183427,ComboPair-GARCH11_HybridQLIKE,test
2025-02-12,2025-02-13,0.0735271043646943,0.9088081571078426,ComboPair-GARCH11_HybridQLIKE,test
2025-02-13,2025-02-14,0.2025383263760581,0.8786821341479047,ComboPair-GARCH11_HybridQLIKE,test
2025-02-14,2025-02-17,0.0695132401561259,0.8622130142793099,ComboPair-GARCH11_HybridQLIKE,test
2025-02-17,2025-02-18,0.1805870585568251,0.8633810879148733,ComboPair-GARCH11_HybridQLIKE,test
2025-02-18,2025-02-19,0.6592497592052439,0.8580268747132536,ComboPair-GARCH11_HybridQLIKE,test
2025-02-19,2025-02-20,0.1172593983298531,0.8880002778229394,ComboPair-GARCH11_HybridQLIKE,test
2025-02-20,2025-02-21,0.0847684671072922,0.8766906653867514,ComboPair-GARCH11_HybridQLIKE,test
2025-02-21,2025-02-24,0.3605624100663593,0.8611282222893508,ComboPair-GARCH11_HybridQLIKE,test
2025-02-24,2025-02-25,0.0115290687889239,0.8717533429788309,ComboPair-GARCH11_HybridQLIKE,test
2025-02-25,2025-02-26,0.0002355760665946,0.8689729593802678,ComboPair-GARCH11_HybridQLIKE,test
2025-02-26,2025-02-27,0.1374731263687118,0.8501786431932276,ComboPair-GARCH11_HybridQLIKE,test
2025-02-27,2025-02-28,0.0348744922200793,0.850282254693717,ComboPair-GARCH11_HybridQLIKE,test
2025-02-28,2025-03-03,0.0940796554023008,0.8412510584493788,ComboPair-GARCH11_HybridQLIKE,test
2025-03-03,2025-03-04,0.0375578625820462,0.8354834784487803,ComboPair-GARCH11_HybridQLIKE,test
2025-03-04,2025-03-05,0.3028627512498273,0.8360609091879223,ComboPair-GARCH11_HybridQLIKE,test
2025-03-05,2025-03-06,1.0612188848677555,0.8553050532066235,ComboPair-GARCH11_HybridQLIKE,test
2025-03-06,2025-03-07,0.350731246280503,0.9359874518244753,ComboPair-GARCH11_HybridQLIKE,test
2025-03-07,2025-03-10,0.1014325645495789,0.9323696834280567,ComboPair-GARCH11_HybridQLIKE,test
2025-03-10,2025-03-11,0.0288133302998629,0.9126449892264537,ComboPair-GARCH11_HybridQLIKE,test
2025-03-11,2025-03-12,0.0196658897235791,0.8930850103164243,ComboPair-GARCH11_HybridQLIKE,test
2025-03-12,2025-03-13,0.3743917074856848,0.8764385944062358,ComboPair-GARCH11_HybridQLIKE,test
2025-03-13,2025-03-14,8.187247062994656e-05,0.9181108092975774,ComboPair-GARCH11_HybridQLIKE,test
2025-03-14,2025-03-17,0.5767885171931181,0.8984025340985385,ComboPair-GARCH11_HybridQLIKE,test
2025-03-17,2025-03-18,0.157344490226044,0.9116154806208553,ComboPair-GARCH11_HybridQLIKE,test
2025-03-18,2025-03-19,0.2279894954046255,0.9077671355769412,ComboPair-GARCH11_HybridQLIKE,test
2025-03-19,2025-03-20,0.0027940647092661,0.9132354422155382,ComboPair-GARCH11_HybridQLIKE,test
2025-03-20,2025-03-21,0.0240132299745747,0.8955239614302697,ComboPair-GARCH11_HybridQLIKE,test
2025-03-21,2025-03-24,0.4050748456224285,0.874955110298286,ComboPair-GARCH11_HybridQLIKE,test
2025-03-24,2025-03-25,0.0144479307849922,0.8818633115535576,ComboPair-GARCH11_HybridQLIKE,test
2025-03-25,2025-03-26,0.1924355354900559,0.8663979346538317,ComboPair-GARCH11_HybridQLIKE,test
2025-03-26,2025-03-27,0.0296122174159068,0.8678434368493807,ComboPair-GARCH11_HybridQLIKE,test
2025-03-27,2025-03-28,0.2311977047112736,0.8527707135891591,ComboPair-GARCH11_HybridQLIKE,test
2025-03-28,2025-03-31,0.652593682196234,0.8630160160309306,ComboPair-GARCH11_HybridQLIKE,test
2025-03-31,2025-04-01,0.6367477385533009,0.9198259852483845,ComboPair-GARCH11_HybridQLIKE,test
2025-04-01,2025-04-02,0.0014400780515298,0.9297515739495416,ComboPair-GARCH11_HybridQLIKE,test
2025-04-02,2025-04-03,47.7513682523715,0.9079713557781626,ComboPair-GARCH11_HybridQLIKE,test
2025-04-03,2025-04-04,2.4680894659320427,5.19329578598011,ComboPair-GARCH11_HybridQLIKE,test
2025-04-04,2025-04-08,44.20961209050503,4.594885777725498,ComboPair-GARCH11_HybridQLIKE,test
2025-04-08,2025-04-09,11.94996872052983,8.149515392477383,ComboPair-GARCH11_HybridQLIKE,test
2025-04-09,2025-04-10,42.861963107094255,7.854440593268022,ComboPair-GARCH11_HybridQLIKE,test
2025-04-10,2025-04-11,20.5039468602513,10.517087167879627,ComboPair-GARCH11_HybridQLIKE,test
2025-04-11,2025-04-14,2.373686902735611,10.472706531584059,ComboPair-GARCH11_HybridQLIKE,test
2025-04-14,2025-04-15,1.222393557661562,9.156237499808094,ComboPair-GARCH11_HybridQLIKE,test
2025-04-15,2025-04-16,2.0585197770339483,7.963832856168126,ComboPair-GARCH11_HybridQLIKE,test
2025-04-16,2025-04-17,0.3278654140280428,7.0646594198333315,ComboPair-GARCH11_HybridQLIKE,test
2025-04-17,2025-04-18,0.0235644272572965,6.105897800366165,ComboPair-GARCH11_HybridQLIKE,test
2025-04-18,2025-04-21,0.9867147275211472,5.268087379450391,ComboPair-GARCH11_HybridQLIKE,test
2025-04-21,2025-04-22,0.6837487157170882,4.688758461210089,ComboPair-GARCH11_HybridQLIKE,test
2025-04-22,2025-04-23,1.3269747595182129,4.160350398999615,ComboPair-GARCH11_HybridQLIKE,test
2025-04-23,2025-04-24,1.029521260921247,3.7760066111677064,ComboPair-GARCH11_HybridQLIKE,test
2025-04-24,2025-04-25,0.2299163958338018,3.389969347542745,ComboPair-GARCH11_HybridQLIKE,test
2025-04-25,2025-04-28,0.0391566462219492,2.9955486924373957,ComboPair-GARCH11_HybridQLIKE,test
2025-04-28,2025-04-29,0.0016617646152264,2.666313267091299,ComboPair-GARCH11_HybridQLIKE,test
2025-04-29,2025-05-05,1.2432686189181044,2.3722707714916904,ComboPair-GARCH11_HybridQLIKE,test
2025-05-05,2025-05-06,0.0234403346988041,2.203566410241095,ComboPair-GARCH11_HybridQLIKE,test
2025-05-06,2025-05-07,0.4565410925067849,1.9864460874669476,ComboPair-GARCH11_HybridQLIKE,test
2025-05-07,2025-05-08,2.377733233918144,1.8329533179256918,ComboPair-GARCH11_HybridQLIKE,test
2025-05-08,2025-05-09,0.0388387388391833,1.8457214781336062,ComboPair-GARCH11_HybridQLIKE,test
2025-05-09,2025-05-12,1.5662677776101377,1.7072930146653629,ComboPair-GARCH11_HybridQLIKE,test
2025-05-12,2025-05-13,0.6231348828577624,1.6869236027647978,ComboPair-GARCH11_HybridQLIKE,test
2025-05-13,2025-05-14,1.5683566422405055,1.6121635688798848,ComboPair-GARCH11_HybridQLIKE,test
2025-05-14,2025-05-15,0.0700077382080358,1.6122184029533497,ComboPair-GARCH11_HybridQLIKE,test
2025-05-15,2025-05-16,0.816128421348678,1.5189160945825264,ComboPair-GARCH11_HybridQLIKE,test
2025-05-16,2025-05-19,0.1541807515116988,1.4923024373576572,ComboPair-GARCH11_HybridQLIKE,test
2025-05-19,2025-05-20,2.0864038037366446,1.4183426197717401,ComboPair-GARCH11_HybridQLIKE,test
2025-05-20,2025-05-21,0.3586751908572574,1.4700713202970515,ComboPair-GARCH11_HybridQLIKE,test
2025-05-21,2025-05-22,0.4879763310352334,1.4080243109157624,ComboPair-GARCH11_HybridQLIKE,test
2025-05-22,2025-05-23,0.0022258378145528,1.381611306082369,ComboPair-GARCH11_HybridQLIKE,test
2025-05-23,2025-05-26,1.8600723156803831,1.272808431891448,ComboPair-GARCH11_HybridQLIKE,test
2025-05-26,2025-05-27,0.2984907987188625,1.3458602744191177,ComboPair-GARCH11_HybridQLIKE,test
2025-05-27,2025-05-28,0.0236037331895616,1.2973492604886436,ComboPair-GARCH11_HybridQLIKE,test
2025-05-28,2025-05-29,5.553699144539498e-07,1.221468012947125,ComboPair-GARCH11_HybridQLIKE,test
2025-05-29,2025-05-30,0.4795271728756022,1.1632181285253738,ComboPair-GARCH11_HybridQLIKE,test
2025-05-30,2025-06-02,0.0768775248909457,1.1649681595737573,ComboPair-GARCH11_HybridQLIKE,test
2025-06-02,2025-06-03,0.6659991384313828,1.1072120249733237,ComboPair-GARCH11_HybridQLIKE,test
2025-06-03,2025-06-04,0.0125760569530384,1.1095970282191763,ComboPair-GARCH11_HybridQLIKE,test
2025-06-04,2025-06-05,0.0737636944522696,1.06681444027638,ComboPair-GARCH11_HybridQLIKE,test
2025-06-05,2025-06-06,0.8339101934074882,1.0158673374311462,ComboPair-GARCH11_HybridQLIKE,test
2025-06-06,2025-06-09,2.1415615006193414,1.0808981526054988,ComboPair-GARCH11_HybridQLIKE,test
2025-06-09,2025-06-10,0.1857120921961249,1.2331595545866771,ComboPair-GARCH11_HybridQLIKE,test
2025-06-10,2025-06-11,0.0061284527471124,1.1762568340689104,ComboPair-GARCH11_HybridQLIKE,test
2025-06-11,2025-06-12,0.348758893746006,1.1100021735171193,ComboPair-GARCH11_HybridQLIKE,test
2025-06-12,2025-06-13,0.3232043851233978,1.0907757894961054,ComboPair-GARCH11_HybridQLIKE,test
2025-06-13,2025-06-16,2.90666722935662,1.112333356053247,ComboPair-GARCH11_HybridQLIKE,test
2025-06-16,2025-06-17,0.5089174637565245,1.2429928063875457,ComboPair-GARCH11_HybridQLIKE,test
2025-06-17,2025-06-18,0.0040746855610125,1.2128090344779752,ComboPair-GARCH11_HybridQLIKE,test
2025-06-18,2025-06-19,0.1490639362511987,1.1635983735070858,ComboPair-GARCH11_HybridQLIKE,test
2025-06-19,2025-06-20,0.0396634294929435,1.1071587890466625,ComboPair-GARCH11_HybridQLIKE,test
2025-06-20,2025-06-23,0.4254396112184308,1.084049263212575,ComboPair-GARCH11_HybridQLIKE,test
2025-06-23,2025-06-24,0.3974954121903902,1.060912529625209,ComboPair-GARCH11_HybridQLIKE,test
2025-06-24,2025-06-25,2.141289912653593e-06,1.0514831045317592,ComboPair-GARCH11_HybridQLIKE,test
2025-06-25,2025-06-26,0.0062490303873797,1.010896702634807,ComboPair-GARCH11_HybridQLIKE,test
2025-06-26,2025-06-27,0.1777576915183636,0.9686361201188962,ComboPair-GARCH11_HybridQLIKE,test
2025-06-27,2025-06-30,0.1135910808511721,0.9411349048909514,ComboPair-GARCH11_HybridQLIKE,test
2025-06-30,2025-07-01,0.0165236945249244,0.9143456378647145,ComboPair-GARCH11_HybridQLIKE,test
2025-07-01,2025-07-02,0.2388288030529801,0.8886399825446534,ComboPair-GARCH11_HybridQLIKE,test
2025-07-02,2025-07-03,0.0361488680610222,0.8882107184929603,ComboPair-GARCH11_HybridQLIKE,test
2025-07-03,2025-07-04,0.1309520910154639,0.9244760429119989,ComboPair-GARCH11_HybridQLIKE,test
2025-07-04,2025-07-07,1.1709559965363006,0.8851670212280232,ComboPair-GARCH11_HybridQLIKE,test
2025-07-07,2025-07-08,0.904778187332118,0.9894980569073211,ComboPair-GARCH11_HybridQLIKE,test
2025-07-08,2025-07-09,1.241559484315582,1.0300315326580134,ComboPair-GARCH11_HybridQLIKE,test
2025-07-09,2025-07-10,0.9910271514632224,1.1227526620020245,ComboPair-GARCH11_HybridQLIKE,test
2025-07-10,2025-07-11,0.6970381226212395,1.1267408498165032,ComboPair-GARCH11_HybridQLIKE,test
2025-07-11,2025-07-14,0.7477170344432008,1.148663911563021,ComboPair-GARCH11_HybridQLIKE,test
2025-07-14,2025-07-15,0.4444265080916222,1.1594389107021208,ComboPair-GARCH11_HybridQLIKE,test
2025-07-15,2025-07-16,0.1995824056263008,1.180256307427932,ComboPair-GARCH11_HybridQLIKE,test
2025-07-16,2025-07-17,2.3820294026445814,1.1342209195051471,ComboPair-GARCH11_HybridQLIKE,test
2025-07-17,2025-07-18,0.2369058350764768,1.2901443012296498,ComboPair-GARCH11_HybridQLIKE,test
2025-07-18,2025-07-21,0.6726766922283197,1.246400674220788,ComboPair-GARCH11_HybridQLIKE,test
2025-07-21,2025-07-22,2.6753597330452594,1.2551172180110672,ComboPair-GARCH11_HybridQLIKE,test
2025-07-22,2025-07-23,0.033610422134737,1.3868338320919236,ComboPair-GARCH11_HybridQLIKE,test
2025-07-23,2025-07-24,0.3298066193429415,1.3298689238169625,ComboPair-GARCH11_HybridQLIKE,test
2025-07-24,2025-07-25,0.4388880259346913,1.2791071662698315,ComboPair-GARCH11_HybridQLIKE,test
2025-07-25,2025-07-28,2.898363616722053,1.2490851792894802,ComboPair-GARCH11_HybridQLIKE,test
2025-07-28,2025-07-29,17.613558540836202,1.4372573464877396,ComboPair-GARCH11_HybridQLIKE,test
2025-07-29,2025-07-30,0.8980946651524866,2.8747950282542885,ComboPair-GARCH11_HybridQLIKE,test
2025-07-30,2025-07-31,0.1152726694915896,2.6040564251692286,ComboPair-GARCH11_HybridQLIKE,test
2025-07-31,2025-08-01,0.1152726694915833,2.3598300688403615,ComboPair-GARCH11_HybridQLIKE,test
2025-08-01,2025-08-04,1.834710119502004,2.1257694104516927,ComboPair-GARCH11_HybridQLIKE,test
2025-08-04,2025-08-05,1.520412348936557,2.038784119349273,ComboPair-GARCH11_HybridQLIKE,test
2025-08-05,2025-08-06,2.8972670658789563,2.0397898739671216,ComboPair-GARCH11_HybridQLIKE,test
2025-08-06,2025-08-07,0.2635664108766646,2.035190646538571,ComboPair-GARCH11_HybridQLIKE,test
2025-08-07,2025-08-08,0.039326859883716,1.8893053453494701,ComboPair-GARCH11_HybridQLIKE,test
2025-08-08,2025-08-11,0.9422556417684452,1.7575595341561252,ComboPair-GARCH11_HybridQLIKE,test
2025-08-11,2025-08-12,0.2369869845385009,1.6877000297935547,ComboPair-GARCH11_HybridQLIKE,test
2025-08-12,2025-08-13,0.0440788772156527,1.5782391923033385,ComboPair-GARCH11_HybridQLIKE,test
2025-08-13,2025-08-14,3.200310161092739,1.489576906176372,ComboPair-GARCH11_HybridQLIKE,test
2025-08-14,2025-08-15,0.4273067256056122,1.6383638276193553,ComboPair-GARCH11_HybridQLIKE,test
2025-08-15,2025-08-18,0.1521280158050796,1.56646256750128,ComboPair-GARCH11_HybridQLIKE,test
2025-08-18,2025-08-19,1.174434797614126,1.4586580976255215,ComboPair-GARCH11_HybridQLIKE,test
2025-08-19,2025-08-20,0.3749305014941085,1.4643691077922854,ComboPair-GARCH11_HybridQLIKE,test
2025-08-20,2025-08-21,1.989152286945736,1.4093564815230666,ComboPair-GARCH11_HybridQLIKE,test
2025-08-21,2025-08-22,6.511855987425645,1.4548962544208255,ComboPair-GARCH11_HybridQLIKE,test
2025-08-22,2025-08-25,3.721774310323592,1.9416302384523556,ComboPair-GARCH11_HybridQLIKE,test
2025-08-25,2025-08-26,10.672831463331164,2.095652734937178,ComboPair-GARCH11_HybridQLIKE,test
2025-08-26,2025-08-27,0.1033600134238672,2.7320204110108564,ComboPair-GARCH11_HybridQLIKE,test
2025-08-27,2025-08-28,0.2196933006813634,2.441962731063094,ComboPair-GARCH11_HybridQLIKE,test
2025-08-28,2025-08-29,0.0064454873601164,2.1954415985415534,ComboPair-GARCH11_HybridQLIKE,test
2025-08-29,2025-09-03,0.0029279074904991,2.002714352015838,ComboPair-GARCH11_HybridQLIKE,test
2025-09-03,2025-09-04,0.7878709714332047,1.8333130779917903,ComboPair-GARCH11_HybridQLIKE,test
2025-09-04,2025-09-05,3.0401082196490887,1.7526785635732745,ComboPair-GARCH11_HybridQLIKE,test
2025-09-05,2025-09-08,6.650758234823594,1.897984161952679,ComboPair-GARCH11_HybridQLIKE,test
2025-09-08,2025-09-09,0.6150034620566089,2.3242398788468983,ComboPair-GARCH11_HybridQLIKE,test
2025-09-09,2025-09-10,0.1311392104891743,2.114589196996781,ComboPair-GARCH11_HybridQLIKE,test
2025-09-10,2025-09-11,0.7707413531131861,1.9096150491464654,ComboPair-GARCH11_HybridQLIKE,test
2025-09-11,2025-09-12,0.3272182232185671,1.81048473129658,ComboPair-GARCH11_HybridQLIKE,test
2025-09-12,2025-09-15,1.1076835127457196,1.6730530732989357,ComboPair-GARCH11_HybridQLIKE,test
2025-09-15,2025-09-16,0.0564941879844652,1.6332814700384906,ComboPair-GARCH11_HybridQLIKE,test
2025-09-16,2025-09-17,0.3510643230345384,1.533727054415045,ComboPair-GARCH11_HybridQLIKE,test
2025-09-17,2025-09-18,0.1204832995414096,1.4537702087035278,ComboPair-GARCH11_HybridQLIKE,test
2025-09-18,2025-09-19,0.1558113286329437,1.3654497647547506,ComboPair-GARCH11_HybridQLIKE,test
2025-09-19,2025-09-22,2.1548992233102013,1.2957026783915553,ComboPair-GARCH11_HybridQLIKE,test
2025-09-22,2025-09-23,0.0024547743448737,1.437133703022407,ComboPair-GARCH11_HybridQLIKE,test
2025-09-23,2025-09-24,1.8183165781347828,1.311789984545173,ComboPair-GARCH11_HybridQLIKE,test
2025-09-24,2025-09-25,0.2696988542084727,1.3722516185380411,ComboPair-GARCH11_HybridQLIKE,test
2025-09-25,2025-09-26,0.1049995667244043,1.3042539318364548,ComboPair-GARCH11_HybridQLIKE,test
2025-09-26,2025-09-29,0.1207157531709924,1.2445729960203482,ComboPair-GARCH11_HybridQLIKE,test
2025-09-29,2025-09-30,0.0825092745825899,1.1761070109270544,ComboPair-GARCH11_HybridQLIKE,test
2025-09-30,2025-10-01,0.0405610853854958,1.1503092848871432,ComboPair-GARCH11_HybridQLIKE,test
2025-10-01,2025-10-02,0.5533556929381476,1.077075200858991,ComboPair-GARCH11_HybridQLIKE,test
2025-10-02,2025-10-03,0.1745254722126338,1.091148634693952,ComboPair-GARCH11_HybridQLIKE,test
2025-10-03,2025-10-06,8.84404690494525,1.0719870813844263,ComboPair-GARCH11_HybridQLIKE,test
2025-10-06,2025-10-07,0.3641027934298682,1.7507913769328851,ComboPair-GARCH11_HybridQLIKE,test
2025-10-07,2025-10-08,0.5486921315455813,1.6435512472714615,ComboPair-GARCH11_HybridQLIKE,test
2025-10-08,2025-10-09,1.1922218605244943,1.5579232253393602,ComboPair-GARCH11_HybridQLIKE,test
2025-10-09,2025-10-10,3.220212549761636,1.539728568635128,ComboPair-GARCH11_HybridQLIKE,test
2025-10-10,2025-10-13,1.0007740943267542,1.6825353697190675,ComboPair-GARCH11_HybridQLIKE,test
2025-10-13,2025-10-14,0.0530277849803774,1.6339399161480077,ComboPair-GARCH11_HybridQLIKE,test
2025-10-14,2025-10-15,0.0312420838438003,1.5270373945948283,ComboPair-GARCH11_HybridQLIKE,test
2025-10-15,2025-10-16,0.2550192069697773,1.4210546306741165,ComboPair-GARCH11_HybridQLIKE,test
2025-10-16,2025-10-17,4.157221997254808,1.3500603753674627,ComboPair-GARCH11_HybridQLIKE,test
2025-10-17,2025-10-20,31.687885302040943,1.6610537421623062,ComboPair-GARCH11_HybridQLIKE,test
2025-10-20,2025-10-21,2.6780326889178614,4.340835559674608,ComboPair-GARCH11_HybridQLIKE,test
2025-10-21,2025-10-22,0.8133878588699036,3.929675919998888,ComboPair-GARCH11_HybridQLIKE,test
2025-10-22,2025-10-23,0.2587585559528909,3.489045528249562,ComboPair-GARCH11_HybridQLIKE,test
2025-10-23,2025-10-24,0.053015415411533,3.0754138720848134,ComboPair-GARCH11_HybridQLIKE,test
2025-10-24,2025-10-27,3.375069844215606,2.7109414597268624,ComboPair-GARCH11_HybridQLIKE,test
2025-10-27,2025-10-28,2.814969211801454,2.760749194406657,ComboPair-GARCH11_HybridQLIKE,test
2025-10-28,2025-10-29,0.1002770987516237,2.6817357423799977,ComboPair-GARCH11_HybridQLIKE,test
2025-10-29,2025-10-30,0.939332335111435,2.3972681781780483,ComboPair-GARCH11_HybridQLIKE,test
2025-10-30,2025-10-31,3.2700587697209347,2.245098865239149,ComboPair-GARCH11_HybridQLIKE,test
2025-10-31,2025-11-03,1.9349432702427485,2.3459864931132026,ComboPair-GARCH11_HybridQLIKE,test
2025-11-03,2025-11-04,4.580450857721864,2.306499081000859,ComboPair-GARCH11_HybridQLIKE,test
2025-11-04,2025-11-05,0.0309750452194787,2.431456626451556,ComboPair-GARCH11_HybridQLIKE,test
2025-11-05,2025-11-06,0.5520248822173379,2.1645022986065117,ComboPair-GARCH11_HybridQLIKE,test
2025-11-06,2025-11-07,7.216601336017348,1.999354343065444,ComboPair-GARCH11_HybridQLIKE,test
2025-11-07,2025-11-10,1.3629185312754708,2.541272718718089,ComboPair-GARCH11_HybridQLIKE,test
2025-11-10,2025-11-11,0.6782053056730832,2.4159797389073674,ComboPair-GARCH11_HybridQLIKE,test
2025-11-11,2025-11-12,5.625713037940661,2.2066744409058154,ComboPair-GARCH11_HybridQLIKE,test
2025-11-12,2025-11-13,0.000662589539105,2.4294314854689647,ComboPair-GARCH11_HybridQLIKE,test
2025-11-13,2025-11-14,0.0605676682080504,2.137942367098134,ComboPair-GARCH11_HybridQLIKE,test
2025-11-14,2025-11-17,1.328575255573558,1.925571474756857,ComboPair-GARCH11_HybridQLIKE,test
2025-11-17,2025-11-18,0.1101519148224003,1.8581772133413543,ComboPair-GARCH11_HybridQLIKE,test
2025-11-18,2025-11-19,0.4356481626659925,1.7163050830541948,ComboPair-GARCH11_HybridQLIKE,test
2025-11-19,2025-11-20,0.1789267767214806,1.633279038603685,ComboPair-GARCH11_HybridQLIKE,test
2025-11-20,2025-11-21,0.0040999105070223,1.516381225743295,ComboPair-GARCH11_HybridQLIKE,test
2025-11-21,2025-11-24,0.6169476621587812,1.413774259357035,ComboPair-GARCH11_HybridQLIKE,test
2025-11-24,2025-11-25,0.2096602420348715,1.346701448177865,ComboPair-GARCH11_HybridQLIKE,test
2025-11-25,2025-11-26,1.433673327817772,1.2930001122017114,ComboPair-GARCH11_HybridQLIKE,test
2025-11-26,2025-11-27,0.0554068207335508,1.3160048014969465,ComboPair-GARCH11_HybridQLIKE,test
2025-11-27,2025-11-28,0.1562015926240177,1.231248758077896,ComboPair-GARCH11_HybridQLIKE,test
2025-11-28,2025-12-01,0.39639182484541,1.1666458956590027,ComboPair-GARCH11_HybridQLIKE,test
2025-12-01,2025-12-02,0.8106128656312585,1.121736704883662,ComboPair-GARCH11_HybridQLIKE,test
2025-12-02,2025-12-03,0.7276910420234725,1.129101059986953,ComboPair-GARCH11_HybridQLIKE,test
2025-12-03,2025-12-04,0.0994544592328996,1.1344092384093876,ComboPair-GARCH11_HybridQLIKE,test
2025-12-04,2025-12-05,0.0550277452970135,1.0967253342034575,ComboPair-GARCH11_HybridQLIKE,test
2025-12-05,2025-12-08,0.5051234930048776,1.0485953294656776,ComboPair-GARCH11_HybridQLIKE,test
2025-12-08,2025-12-09,0.1408736793364905,1.0356295698422235,ComboPair-GARCH11_HybridQLIKE,test
2025-12-09,2025-12-10,2.645907078453935,1.0413644892662048,ComboPair-GARCH11_HybridQLIKE,test
2025-12-10,2025-12-11,1.3806505812729413,1.26141130171087,ComboPair-GARCH11_HybridQLIKE,test
2025-12-11,2025-12-12,9.667324836347865,1.3349658882545317,ComboPair-GARCH11_HybridQLIKE,test
2025-12-12,2025-12-15,0.0028567239256699,2.215411481190564,ComboPair-GARCH11_HybridQLIKE,test
2025-12-15,2025-12-16,3.980584197891362,1.9734283030116244,ComboPair-GARCH11_HybridQLIKE,test
2025-12-16,2025-12-17,0.1084209662548159,2.0887208816017133,ComboPair-GARCH11_HybridQLIKE,test
2025-12-17,2025-12-18,0.0392718088641224,1.8942858540525456,ComboPair-GARCH11_HybridQLIKE,test
2025-12-18,2025-12-19,2.613324440401082,1.70435511180979,ComboPair-GARCH11_HybridQLIKE,test
2025-12-19,2025-12-22,7.313697947150696,1.7606072217865518,ComboPair-GARCH11_HybridQLIKE,test
2025-12-22,2025-12-23,1.4374361396783522,2.204050062963929,ComboPair-GARCH11_HybridQLIKE,test
2025-12-23,2025-12-24,0.36034587773515,2.0878160025565644,ComboPair-GARCH11_HybridQLIKE,test
2025-12-24,2025-12-25,5.141409326470893,1.912743188172887,ComboPair-GARCH11_HybridQLIKE,test
2025-12-25,2025-12-26,0.5648889447832609,2.2448265919755475,ComboPair-GARCH11_HybridQLIKE,test
2025-12-26,2025-12-29,2.0655121585777008,2.0926037144647345,ComboPair-GARCH11_HybridQLIKE,test
2025-12-29,2025-12-30,0.4690762256667201,2.0524015389031485,ComboPair-GARCH11_HybridQLIKE,test
2025-12-30,2025-12-31,0.9813005407165244,1.8816710001442163,ComboPair-GARCH11_HybridQLIKE,test
2020-02-05,2020-02-06,1.8356018915555288,1.910415780358242,ComboPair-GARCH11_HybridQLIKE,validation
2020-02-06,2020-02-07,0.0553168362540114,1.8158242696151092,ComboPair-GARCH11_HybridQLIKE,validation
2020-02-07,2020-02-10,1.14665654297727,1.5535365820066391,ComboPair-GARCH11_HybridQLIKE,validation
2020-02-10,2020-02-11,0.1784472180385378,1.5420959037735895,ComboPair-GARCH11_HybridQLIKE,validation
2020-02-11,2020-02-12,0.1033759850072604,1.3682199299100375,ComboPair-GARCH11_HybridQLIKE,validation
2020-02-12,2020-02-13,0.0035645724311596,1.2220621670611482,ComboPair-GARCH11_HybridQLIKE,validation
2020-02-13,2020-02-14,0.007095648592579,1.0771421314572014,ComboPair-GARCH11_HybridQLIKE,validation
2020-02-14,2020-02-17,0.0819627293788475,0.9535604631067991,ComboPair-GARCH11_HybridQLIKE,validation
2020-02-17,2020-02-18,0.5393743252289994,0.8771650842220537,ComboPair-GARCH11_HybridQLIKE,validation
2020-02-18,2020-02-19,0.0079935084291448,0.8605508224512723,ComboPair-GARCH11_HybridQLIKE,validation
2020-02-19,2020-02-20,1.007648372641439,0.7741057759574254,ComboPair-GARCH11_HybridQLIKE,validation
2020-02-20,2020-02-21,0.2901840002942764,0.777059524028047,ComboPair-GARCH11_HybridQLIKE,validation
2020-02-21,2020-02-24,10.499319840007198,0.748617753598316,ComboPair-GARCH11_HybridQLIKE,validation
2020-02-24,2020-02-25,0.487607684946675,1.8792313020969549,ComboPair-GARCH11_HybridQLIKE,validation
2020-02-25,2020-02-26,2.3027959637577347,1.8007438347073486,ComboPair-GARCH11_HybridQLIKE,validation
2020-02-26,2020-02-27,0.0757898564940438,2.0127896037508934,ComboPair-GARCH11_HybridQLIKE,validation
2020-02-27,2020-02-28,3.33152796976614,1.8095387387096058,ComboPair-GARCH11_HybridQLIKE,validation
2020-02-28,2020-03-02,0.0643087707016609,2.0800571148102507,ComboPair-GARCH11_HybridQLIKE,validation
2020-03-02,2020-03-03,0.4848687144344406,1.8369444927659622,ComboPair-GARCH11_HybridQLIKE,validation
2020-03-03,2020-03-04,0.0194121329487549,1.650609486451234,ComboPair-GARCH11_HybridQLIKE,validation
2020-03-04,2020-03-05,0.1953921289983395,1.4484296074178538,ComboPair-GARCH11_HybridQLIKE,validation
2020-03-05,2020-03-06,0.0439125584620563,1.2610968112678536,ComboPair-GARCH11_HybridQLIKE,validation
2020-03-06,2020-03-09,42.01600464009923,1.1178816712992354,ComboPair-GARCH11_HybridQLIKE,validation
2020-03-09,2020-03-10,0.0577385447930077,5.168323737211143,ComboPair-GARCH11_HybridQLIKE,validation
2020-03-10,2020-03-11,10.062685801317658,4.594009540113143,ComboPair-GARCH11_HybridQLIKE,validation
2020-03-11,2020-03-12,28.39132734538161,5.193150058476043,ComboPair-GARCH11_HybridQLIKE,validation
2020-03-12,2020-03-13,0.9522274265858316,7.206677049054944,ComboPair-GARCH11_HybridQLIKE,validation
2020-03-13,2020-03-16,3.4010756349170417,6.389369414433372,ComboPair-GARCH11_HybridQLIKE,validation
2020-03-16,2020-03-17,0.0775702786503674,5.938632376442379,ComboPair-GARCH11_HybridQLIKE,validation
2020-03-17,2020-03-18,0.0633870572758951,5.127104948027697,ComboPair-GARCH11_HybridQLIKE,validation
2020-03-18,2020-03-19,8.691271441121467,4.381769567253778,ComboPair-GARCH11_HybridQLIKE,validation
2020-03-19,2020-03-20,5.099806319623413,4.778057645684406,ComboPair-GARCH11_HybridQLIKE,validation
2020-03-20,2020-03-23,39.324753398937766,4.748492742916127,ComboPair-GARCH11_HybridQLIKE,validation
2020-03-23,2020-03-24,1.2394404253652411,7.861188708517781,ComboPair-GARCH11_HybridQLIKE,validation
2020-03-24,2020-03-25,21.170767602446844,6.88525505998943,ComboPair-GARCH11_HybridQLIKE,validation
2020-03-25,2020-03-26,0.3272592319629427,7.759920658467965,ComboPair-GARCH11_HybridQLIKE,validation
2020-03-26,2020-03-27,0.0708281107928228,6.590250156054081,ComboPair-GARCH11_HybridQLIKE,validation
2020-03-27,2020-03-30,24.77812989942355,5.560359688888681,ComboPair-GARCH11_HybridQLIKE,validation
2020-03-30,2020-03-31,0.0016614736162584,7.36685459285736,ComboPair-GARCH11_HybridQLIKE,validation
2020-03-31,2020-04-01,6.951204185299923,6.204562418326455,ComboPair-GARCH11_HybridQLIKE,validation
2020-04-01,2020-04-03,9.745314866975544,5.909868883865414,ComboPair-GARCH11_HybridQLIKE,validation
2020-04-03,2020-04-06,23.61975403181723,5.910532777478571,ComboPair-GARCH11_HybridQLIKE,validation
2020-04-06,2020-04-07,1.7959977540981795,7.122967729492595,ComboPair-GARCH11_HybridQLIKE,validation
2020-04-07,2020-04-08,0.031670113685362,6.159708420843532,ComboPair-GARCH11_HybridQLIKE,validation
2020-04-08,2020-04-09,2.664349091269905,5.272026665436804,ComboPair-GARCH11_HybridQLIKE,validation
2020-04-09,2020-04-10,0.0991193599969613,4.767383983221445,ComboPair-GARCH11_HybridQLIKE,validation
2020-04-10,2020-04-13,1.0616734405284087,4.140464589631287,ComboPair-GARCH11_HybridQLIKE,validation
2020-04-13,2020-04-14,0.044657326796299,3.6747543099810893,ComboPair-GARCH11_HybridQLIKE,validation
2020-04-14,2020-04-15,1.6134694756828007,3.1927468964958536,ComboPair-GARCH11_HybridQLIKE,validation
2020-04-15,2020-04-16,0.1995857905304535,2.9030673121912702,ComboPair-GARCH11_HybridQLIKE,validation
2020-04-16,2020-04-17,1.2849435357813008,2.5405659889535217,ComboPair-GARCH11_HybridQLIKE,validation
2020-04-17,2020-04-20,0.4593979249949131,2.320509982006123,ComboPair-GARCH11_HybridQLIKE,validation
2020-04-20,2020-04-21,12.978873344019766,2.0708297114708123,ComboPair-GARCH11_HybridQLIKE,validation
2020-04-21,2020-04-22,0.0733737116381983,3.2076241048962135,ComboPair-GARCH11_HybridQLIKE,validation
2020-04-22,2020-04-23,0.4184349588364568,2.7459192521157814,ComboPair-GARCH11_HybridQLIKE,validation
2020-04-23,2020-04-24,0.1258182196300893,2.4539268405433794,ComboPair-GARCH11_HybridQLIKE,validation
2020-04-24,2020-04-27,0.5795257679139346,2.1746925316143835,ComboPair-GARCH11_HybridQLIKE,validation
2020-04-27,2020-04-28,0.2143187476000118,1.9957093022970167,ComboPair-GARCH11_HybridQLIKE,validation
2020-04-28,2020-04-29,0.0611792667418572,1.788405709320954,ComboPair-GARCH11_HybridQLIKE,validation
2020-04-29,2020-05-04,0.7518344451734201,1.589522836411018,ComboPair-GARCH11_HybridQLIKE,validation
2020-05-04,2020-05-05,0.0490191944837796,1.5378109417878338,ComboPair-GARCH11_HybridQLIKE,validation
2020-05-05,2020-05-06,5.6795185291388,1.3743158655823848,ComboPair-GARCH11_HybridQLIKE,validation
2020-05-06,2020-05-07,3.121729248484887,1.6961504299010066,ComboPair-GARCH11_HybridQLIKE,validation
2020-05-07,2020-05-08,4.558766386917776,1.759464106181957,ComboPair-GARCH11_HybridQLIKE,validation
2020-05-08,2020-05-11,3.1623544686065705,1.9350375815382435,ComboPair-GARCH11_HybridQLIKE,validation
2020-05-11,2020-05-12,0.7061476617266061,1.9704371546552621,ComboPair-GARCH11_HybridQLIKE,validation
2020-05-12,2020-05-13,0.0176814396147646,1.811081774521406,ComboPair-GARCH11_HybridQLIKE,validation
2020-05-13,2020-05-14,0.0471790852184788,1.6450287693419003,ComboPair-GARCH11_HybridQLIKE,validation
2020-05-14,2020-05-15,0.4188839500568042,1.5128921325194942,ComboPair-GARCH11_HybridQLIKE,validation
2020-05-15,2020-05-18,1.4388117144550177,1.4549853789624185,ComboPair-GARCH11_HybridQLIKE,validation
2020-05-18,2020-05-19,1.1212214832868546,1.4291537382093027,ComboPair-GARCH11_HybridQLIKE,validation
2020-05-19,2020-05-20,0.6772038230630518,1.3770206488427934,ComboPair-GARCH11_HybridQLIKE,validation
2020-05-20,2020-05-21,1.3105093570623978,1.2891210684061338,ComboPair-GARCH11_HybridQLIKE,validation
2020-05-21,2020-05-22,1.3565460202551032,1.2599509050709727,ComboPair-GARCH11_HybridQLIKE,validation
2020-05-22,2020-05-25,0.541812619677385,1.3319865112649578,ComboPair-GARCH11_HybridQLIKE,validation
2020-05-25,2020-05-26,1.3635757531139376,1.2576716717687682,ComboPair-GARCH11_HybridQLIKE,validation
2020-05-26,2020-05-27,1.8211114283606344,1.2515691830553153,ComboPair-GARCH11_HybridQLIKE,validation
2020-05-27,2020-05-28,0.2069802660068541,1.3835330021221037,ComboPair-GARCH11_HybridQLIKE,validation
2020-05-28,2020-05-29,0.1273946587706487,1.28044583929021,ComboPair-GARCH11_HybridQLIKE,validation
2020-05-29,2020-06-01,2.6545527294324818,1.1799397842880412,ComboPair-GARCH11_HybridQLIKE,validation
2020-06-01,2020-06-02,0.1948438272852952,1.2875658100331073,ComboPair-GARCH11_HybridQLIKE,validation
2020-06-02,2020-06-03,0.526391032778092,1.2198773859134449,ComboPair-GARCH11_HybridQLIKE,validation
2020-06-03,2020-06-04,0.0956890209261397,1.1513200617607695,ComboPair-GARCH11_HybridQLIKE,validation
2020-06-04,2020-06-05,0.068711754863941,1.0775110760952096,ComboPair-GARCH11_HybridQLIKE,validation
2020-06-05,2020-06-08,2.3533534927844846,1.0176877408829315,ComboPair-GARCH11_HybridQLIKE,validation
2020-06-08,2020-06-09,0.0029663396470081,1.127697000543412,ComboPair-GARCH11_HybridQLIKE,validation
2020-06-09,2020-06-10,0.0192877721914381,1.0667920422530976,ComboPair-GARCH11_HybridQLIKE,validation
2020-06-10,2020-06-11,14.20113167350128,1.0110570122091973,ComboPair-GARCH11_HybridQLIKE,validation
2020-06-11,2020-06-12,0.1978991573902568,2.380281748867727,ComboPair-GARCH11_HybridQLIKE,validation
2020-06-12,2020-06-15,13.410151498832947,2.139801319869042,ComboPair-GARCH11_HybridQLIKE,validation
2020-06-15,2020-06-16,7.854033490557961,3.378117255547504,ComboPair-GARCH11_HybridQLIKE,validation
2020-06-16,2020-06-17,0.0390437911460607,3.6871784314822342,ComboPair-GARCH11_HybridQLIKE,validation
2020-06-17,2020-06-18,0.0094269529730988,3.26597317897718,ComboPair-GARCH11_HybridQLIKE,validation
2020-06-18,2020-06-19,2.3775972708277777,2.8647481595440136,ComboPair-GARCH11_HybridQLIKE,validation
2020-06-19,2020-06-22,0.0977642075595444,2.6611331352129604,ComboPair-GARCH11_HybridQLIKE,validation
2020-06-22,2020-06-23,0.1254074833473004,2.3110025026616827,ComboPair-GARCH11_HybridQLIKE,validation
2020-06-23,2020-06-24,0.9656953175585764,2.0321005908322007,ComboPair-GARCH11_HybridQLIKE,validation
2020-06-24,2020-06-25,0.3568032861992914,1.9447553679406646,ComboPair-GARCH11_HybridQLIKE,validation
2020-06-25,2020-06-26,0.0935607015251472,1.8249557508062808,ComboPair-GARCH11_HybridQLIKE,validation
2020-06-26,2020-06-29,7.240799310682349,1.6772970220297818,ComboPair-GARCH11_HybridQLIKE,validation
2020-06-29,2020-06-30,0.263950183757359,2.3504812536627346,ComboPair-GARCH11_HybridQLIKE,validation
2020-06-30,2020-07-01,4.853797558668691,2.139257491330759,ComboPair-GARCH11_HybridQLIKE,validation
2020-07-01,2020-07-02,0.0173403520116891,2.320000093850913,ComboPair-GARCH11_HybridQLIKE,validation
2020-07-02,2020-07-03,0.3830874038106421,2.055444122736835,ComboPair-GARCH11_HybridQLIKE,validation
2020-07-03,2020-07-06,2.515298700046254,1.8175256800698443,ComboPair-GARCH11_HybridQLIKE,validation
2020-07-06,2020-07-07,0.0686927141453309,1.777203790249166,ComboPair-GARCH11_HybridQLIKE,validation
2020-07-07,2020-07-08,0.0156264509294999,1.5701853042479188,ComboPair-GARCH11_HybridQLIKE,validation
2020-07-08,2020-07-09,1.8878106377661727,1.3946398305179208,ComboPair-GARCH11_HybridQLIKE,validation
2020-07-09,2020-07-10,0.3609627180509834,1.4002023933817664,ComboPair-GARCH11_HybridQLIKE,validation
2020-07-10,2020-07-13,0.0819210906952639,1.3313859652455458,ComboPair-GARCH11_HybridQLIKE,validation
2020-07-13,2020-07-14,0.0049340673468667,1.2199340763516575,ComboPair-GARCH11_HybridQLIKE,validation
2020-07-14,2020-07-15,0.0429038013029008,1.1081370953306342,ComboPair-GARCH11_HybridQLIKE,validation
2020-07-15,2020-07-16,0.6277983835430785,1.0119886224225645,ComboPair-GARCH11_HybridQLIKE,validation
2020-07-16,2020-07-17,0.3025848721746239,0.9685177359250366,ComboPair-GARCH11_HybridQLIKE,validation
2020-07-17,2020-07-20,1.5014548821169582,0.934849095122287,ComboPair-GARCH11_HybridQLIKE,validation
2020-07-20,2020-07-21,0.0011330265098316,1.0505309299088037,ComboPair-GARCH11_HybridQLIKE,validation
2020-07-21,2020-07-22,0.5929839946327068,0.9671864313016509,ComboPair-GARCH11_HybridQLIKE,validation
2020-07-22,2020-07-23,0.0380690415470228,0.9748452384640282,ComboPair-GARCH11_HybridQLIKE,validation
2020-07-23,2020-07-24,10.714506391324338,0.8823273427754166,ComboPair-GARCH11_HybridQLIKE,validation
2020-07-24,2020-07-27,29.71654662116303,2.0037254141382963,ComboPair-GARCH11_HybridQLIKE,validation
2020-07-27,2020-07-28,12.442241141417854,4.810057291150157,ComboPair-GARCH11_HybridQLIKE,validation
2020-07-28,2020-07-29,7.88382185098053,5.3664635643971526,ComboPair-GARCH11_HybridQLIKE,validation
2020-07-29,2020-07-30,1.6712179001127756,5.589076542116595,ComboPair-GARCH11_HybridQLIKE,validation
2020-07-30,2020-07-31,0.1173768950572407,5.03969398124622,ComboPair-GARCH11_HybridQLIKE,validation
2020-07-31,2020-08-03,4.064809725455425,4.319601719808507,ComboPair-GARCH11_HybridQLIKE,validation
2020-08-03,2020-08-04,2.475940854259596,4.03513250810007,ComboPair-GARCH11_HybridQLIKE,validation
2020-08-04,2020-08-05,1.5093873640970836,3.614658353973001,ComboPair-GARCH11_HybridQLIKE,validation
2020-08-05,2020-08-06,0.0712944062273411,3.2026641254492283,ComboPair-GARCH11_HybridQLIKE,validation
2020-08-06,2020-08-07,0.0285261487999524,2.7868193120224642,ComboPair-GARCH11_HybridQLIKE,validation
2020-08-07,2020-08-10,0.0426711422269859,2.4538377222574015,ComboPair-GARCH11_HybridQLIKE,validation
2020-08-10,2020-08-11,0.0002025643928529,2.1732682723403376,ComboPair-GARCH11_HybridQLIKE,validation
2020-08-11,2020-08-12,0.2065144883305979,1.9298557899247288,ComboPair-GARCH11_HybridQLIKE,validation
2020-08-12,2020-08-13,0.9127332835843408,1.7119777120075503,ComboPair-GARCH11_HybridQLIKE,validation
2020-08-13,2020-08-14,0.255367280706292,1.5757907547642491,ComboPair-GARCH11_HybridQLIKE,validation
2020-08-14,2020-08-17,0.0048129527023226,1.4423951849253496,ComboPair-GARCH11_HybridQLIKE,validation
2020-08-17,2020-08-18,0.1923085427612989,1.2891329710021782,ComboPair-GARCH11_HybridQLIKE,validation
2020-08-18,2020-08-19,0.3171223716823505,1.1831624013679356,ComboPair-GARCH11_HybridQLIKE,validation
2020-08-19,2020-08-20,0.1246527755214606,1.1091774010814133,ComboPair-GARCH11_HybridQLIKE,validation
2020-08-20,2020-08-21,0.5953479247893214,1.0432189171399249,ComboPair-GARCH11_HybridQLIKE,validation
2020-08-21,2020-08-24,2.601992310993434,1.0113219155678461,ComboPair-GARCH11_HybridQLIKE,validation
2020-08-24,2020-08-25,0.3897315001367304,1.1428561350639939,ComboPair-GARCH11_HybridQLIKE,validation
2020-08-25,2020-08-26,0.0055335984725061,1.078707835774774,ComboPair-GARCH11_HybridQLIKE,validation
2020-08-26,2020-08-27,0.0201247832938772,1.0008705647446237,ComboPair-GARCH11_HybridQLIKE,validation
2020-08-27,2020-08-28,0.2371438175251532,0.9260410050748648,ComboPair-GARCH11_HybridQLIKE,validation
2020-08-28,2020-08-31,0.0919913483576587,0.8910154071388404,ComboPair-GARCH11_HybridQLIKE,validation
2020-08-31,2020-09-01,1.2923697898915891,0.8497846437760723,ComboPair-GARCH11_HybridQLIKE,validation
2020-09-01,2020-09-03,1.8585263119302429,0.8819657063750946,ComboPair-GARCH11_HybridQLIKE,validation
2020-09-03,2020-09-04,0.0724558184717704,0.9668944523682773,ComboPair-GARCH11_HybridQLIKE,validation
2020-09-04,2020-09-07,2.20557465755946,0.9324002693810096,ComboPair-GARCH11_HybridQLIKE,validation
2020-09-07,2020-09-08,0.045178302752493,1.1427913309177857,ComboPair-GARCH11_HybridQLIKE,validation
2020-09-08,2020-09-09,0.0084939812398233,1.068912447762039,ComboPair-GARCH11_HybridQLIKE,validation
2020-09-09,2020-09-10,0.003162773705203,1.0104106534652324,ComboPair-GARCH11_HybridQLIKE,validation
2020-09-10,2020-09-11,0.0002847617108647,0.9411179332354589,ComboPair-GARCH11_HybridQLIKE,validation
2020-09-11,2020-09-14,0.3943421427943259,0.8671175035221875,ComboPair-GARCH11_HybridQLIKE,validation
2020-09-14,2020-09-15,0.0356225443834294,0.8347785089189985,ComboPair-GARCH11_HybridQLIKE,validation
2020-09-15,2020-09-16,0.0182018998394976,0.7883761535529885,ComboPair-GARCH11_HybridQLIKE,validation
2020-09-16,2020-09-17,0.1466259433788813,0.7259490367507238,ComboPair-GARCH11_HybridQLIKE,validation
2020-09-17,2020-09-18,0.5927837774192054,0.7236676244662043,ComboPair-GARCH11_HybridQLIKE,validation
2020-09-18,2020-09-21,0.5973025247310948,0.7200092795509105,ComboPair-GARCH11_HybridQLIKE,validation
2020-09-21,2020-09-22,0.0372219865301334,0.732045953132558,ComboPair-GARCH11_HybridQLIKE,validation
2020-09-22,2020-09-23,0.4815094749114654,0.7150750157908332,ComboPair-GARCH11_HybridQLIKE,validation
2020-09-23,2020-09-24,0.1853426709964717,0.7021868718419295,ComboPair-GARCH11_HybridQLIKE,validation
2020-09-24,2020-09-25,0.0011645154128207,0.7095809117052978,ComboPair-GARCH11_HybridQLIKE,validation
2020-09-25,2020-09-28,0.2158897933071618,0.676702117354717,ComboPair-GARCH11_HybridQLIKE,validation
2020-09-28,2020-09-29,0.8800033176965605,0.667729768213259,ComboPair-GARCH11_HybridQLIKE,validation
2020-09-29,2020-09-30,0.0184885133347586,0.779923469066542,ComboPair-GARCH11_HybridQLIKE,validation
2020-09-30,2020-10-01,0.9529808677190772,0.7326259097256653,ComboPair-GARCH11_HybridQLIKE,validation
2020-10-01,2020-10-02,0.2100701799336074,0.7642311444588417,ComboPair-GARCH11_HybridQLIKE,validation
2020-10-02,2020-10-05,0.2733808865752189,0.8014234533023608,ComboPair-GARCH11_HybridQLIKE,validation
2020-10-05,2020-10-06,0.0117020561613317,0.7801334349592137,ComboPair-GARCH11_HybridQLIKE,validation
2020-10-06,2020-10-07,0.194766708657986,0.7667912812097198,ComboPair-GARCH11_HybridQLIKE,validation
2020-10-07,2020-10-08,0.0091636773062023,0.7628627432881302,ComboPair-GARCH11_HybridQLIKE,validation
2020-10-08,2020-10-09,0.3136074736535195,0.7461943311556067,ComboPair-GARCH11_HybridQLIKE,validation
2020-10-09,2020-10-12,0.039147029875858,0.7240914956611064,ComboPair-GARCH11_HybridQLIKE,validation
2020-10-12,2020-10-13,0.1886516440368795,0.7096271921401831,ComboPair-GARCH11_HybridQLIKE,validation
2020-10-13,2020-10-14,1.2182219245675234,0.6799657256091458,ComboPair-GARCH11_HybridQLIKE,validation
2020-10-14,2020-10-15,0.0750977601457549,0.748661115721858,ComboPair-GARCH11_HybridQLIKE,validation
2020-10-15,2020-10-16,0.0032789630718449,0.7459209517471215,ComboPair-GARCH11_HybridQLIKE,validation
2020-10-16,2020-10-19,0.0017086378411738,0.7258751235351208,ComboPair-GARCH11_HybridQLIKE,validation
2020-10-19,2020-10-20,0.0059793113747856,0.6980282725431498,ComboPair-GARCH11_HybridQLIKE,validation
2020-10-20,2020-10-21,0.3275908040251104,0.6847475495703385,ComboPair-GARCH11_HybridQLIKE,validation
2020-10-21,2020-10-22,1.3246371755092925,0.7124314035768691,ComboPair-GARCH11_HybridQLIKE,validation
2020-10-22,2020-10-23,1.4132948922636843,0.7761645951097897,ComboPair-GARCH11_HybridQLIKE,validation
2020-10-23,2020-10-26,1.1970960361828058,0.8626534349386805,ComboPair-GARCH11_HybridQLIKE,validation
2020-10-26,2020-10-27,0.2083430476879338,0.9824717607474587,ComboPair-GARCH11_HybridQLIKE,validation
2020-10-27,2020-10-28,7.411979475736142,0.9796002402566435,ComboPair-GARCH11_HybridQLIKE,validation
2020-10-28,2020-10-29,0.0458453997519621,1.7441034526944155,ComboPair-GARCH11_HybridQLIKE,validation
2020-10-29,2020-10-30,0.4800476169952387,1.6248639387274029,ComboPair-GARCH11_HybridQLIKE,validation
2020-10-30,2020-11-02,0.7800511650758589,1.5295755823726584,ComboPair-GARCH11_HybridQLIKE,validation
2020-11-02,2020-11-03,0.0342682571944602,1.4424495745352983,ComboPair-GARCH11_HybridQLIKE,validation
2020-11-03,2020-11-04,0.2152577372300542,1.2905613562255582,ComboPair-GARCH11_HybridQLIKE,validation
2020-11-04,2020-11-05,0.045844571767648,1.1915796376547518,ComboPair-GARCH11_HybridQLIKE,validation
2020-11-05,2020-11-06,0.003314082741207,1.114894868109571,ComboPair-GARCH11_HybridQLIKE,validation
2020-11-06,2020-11-09,2.10118385761475,1.0358039837416002,ComboPair-GARCH11_HybridQLIKE,validation
2020-11-09,2020-11-10,8.938431274224163e-05,1.123162098275221,ComboPair-GARCH11_HybridQLIKE,validation
2020-11-10,2020-11-11,0.0011297213251294,1.0737965820483446,ComboPair-GARCH11_HybridQLIKE,validation
2020-11-11,2020-11-12,0.5456632914405392,1.0124879182554232,ComboPair-GARCH11_HybridQLIKE,validation
2020-11-12,2020-11-13,0.5301286092359084,0.975716389759996,ComboPair-GARCH11_HybridQLIKE,validation
2020-11-13,2020-11-16,2.614940684665197,0.9642871374132869,ComboPair-GARCH11_HybridQLIKE,validation
2020-11-16,2020-11-17,3.5600857195920512,1.209020485007989,ComboPair-GARCH11_HybridQLIKE,validation
2020-11-17,2020-11-18,0.2272651607739751,1.4054462590238188,ComboPair-GARCH11_HybridQLIKE,validation
2020-11-18,2020-11-19,0.9890184423772188,1.3250372538599025,ComboPair-GARCH11_HybridQLIKE,validation
2020-11-19,2020-11-20,0.4666750014882298,1.3022662648155388,ComboPair-GARCH11_HybridQLIKE,validation
2020-11-20,2020-11-23,0.1783704119345972,1.2457821883490747,ComboPair-GARCH11_HybridQLIKE,validation
2020-11-23,2020-11-24,0.0248986125796567,1.1815532939303623,ComboPair-GARCH11_HybridQLIKE,validation
2020-11-24,2020-11-25,0.1754782563587062,1.1247305346109113,ComboPair-GARCH11_HybridQLIKE,validation
2020-11-25,2020-11-26,0.3614717362335366,1.0776103680831455,ComboPair-GARCH11_HybridQLIKE,validation
2020-11-26,2020-11-27,0.1777363368777613,1.048841877749505,ComboPair-GARCH11_HybridQLIKE,validation
2020-11-27,2020-11-30,0.50308697006867,1.0066321008366486,ComboPair-GARCH11_HybridQLIKE,validation
2020-11-30,2020-12-01,0.331272320082079,1.0270037006436485,ComboPair-GARCH11_HybridQLIKE,validation
2020-12-01,2020-12-02,0.2902563684716866,1.0085648545201227,ComboPair-GARCH11_HybridQLIKE,validation
2020-12-02,2020-12-03,0.290315397256232,0.9837693352605226,ComboPair-GARCH11_HybridQLIKE,validation
2020-12-03,2020-12-04,0.0274172683613022,0.9619554358208758,ComboPair-GARCH11_HybridQLIKE,validation
2020-12-04,2020-12-07,0.6850937253628709,0.9261365695169154,ComboPair-GARCH11_HybridQLIKE,validation
2020-12-07,2020-12-08,0.0048900250994697,0.9334178542270262,ComboPair-GARCH11_HybridQLIKE,validation
2020-12-08,2020-12-09,0.9108272820038537,0.9078060899218097,ComboPair-GARCH11_HybridQLIKE,validation
2020-12-09,2020-12-10,0.6307404981430905,0.9423886077031649,ComboPair-GARCH11_HybridQLIKE,validation
2020-12-10,2020-12-11,2.1005332911557746,0.992159600133689,ComboPair-GARCH11_HybridQLIKE,validation
2020-12-11,2020-12-14,2.953190631516623,1.1028729366557015,ComboPair-GARCH11_HybridQLIKE,validation
2020-12-14,2020-12-15,0.6927758012586854,1.2654918817725256,ComboPair-GARCH11_HybridQLIKE,validation
2020-12-15,2020-12-16,1.2199074044400842,1.2872063374896072,ComboPair-GARCH11_HybridQLIKE,validation
2020-12-16,2020-12-17,2.0641473967885817,1.286408584485787,ComboPair-GARCH11_HybridQLIKE,validation
2020-12-17,2020-12-18,2.192631063716555,1.4409137776265344,ComboPair-GARCH11_HybridQLIKE,validation
2020-12-18,2020-12-21,1.6074554836667916,1.4982267656866073,ComboPair-GARCH11_HybridQLIKE,validation
2020-12-21,2020-12-22,0.0479545490733483,1.5007529472742402,ComboPair-GARCH11_HybridQLIKE,validation
2020-12-22,2020-12-23,0.1771055150673424,1.4021928367706409,ComboPair-GARCH11_HybridQLIKE,validation
2020-12-23,2020-12-24,1.124406225180995,1.3334353628781561,ComboPair-GARCH11_HybridQLIKE,validation
2020-12-24,2020-12-25,2.4671237918391133,1.3746185038757517,ComboPair-GARCH11_HybridQLIKE,validation
2020-12-25,2020-12-28,0.4034604996523059,1.4568121427967575,ComboPair-GARCH11_HybridQLIKE,validation
2020-12-28,2020-12-29,0.5549207078341868,1.3814205982252825,ComboPair-GARCH11_HybridQLIKE,validation
2020-12-29,2020-12-30,0.0315106576863239,1.3177462114690912,ComboPair-GARCH11_HybridQLIKE,validation
2020-12-30,2020-12-31,0.3307256931476,1.2513673030135388,ComboPair-GARCH11_HybridQLIKE,validation
2020-12-31,2021-01-04,2.2278705339723945,1.1956109992465387,ComboPair-GARCH11_HybridQLIKE,validation
2021-01-04,2021-01-05,1.1499318142027897,1.2868642568011008,ComboPair-GARCH11_HybridQLIKE,validation
2021-01-05,2021-01-06,0.8776630886951989,1.2894465100600234,ComboPair-GARCH11_HybridQLIKE,validation
2021-01-06,2021-01-07,1.3339004712332734,1.2730456852783334,ComboPair-GARCH11_HybridQLIKE,validation
2021-01-07,2021-01-08,0.9288877612518626,1.2917559688843971,ComboPair-GARCH11_HybridQLIKE,validation
2021-01-08,2021-01-11,2.138176540768584,1.2814999883380973,ComboPair-GARCH11_HybridQLIKE,validation
2021-01-11,2021-01-12,0.3865727035398198,1.3573410140841238,ComboPair-GARCH11_HybridQLIKE,validation
2021-01-12,2021-01-13,0.2744693433035448,1.2982763876566858,ComboPair-GARCH11_HybridQLIKE,validation
2021-01-13,2021-01-14,0.0129409883939506,1.2692848379559298,ComboPair-GARCH11_HybridQLIKE,validation
2021-01-14,2021-01-15,0.3260937940923989,1.2039374449555922,ComboPair-GARCH11_HybridQLIKE,validation
2021-01-15,2021-01-18,0.0358827142959493,1.1600934615485532,ComboPair-GARCH11_HybridQLIKE,validation
2021-01-18,2021-01-19,27.541540391562137,1.1154588352321007,ComboPair-GARCH11_HybridQLIKE,validation
2021-01-19,2021-01-20,0.1055259451193829,3.68523276308643,ComboPair-GARCH11_HybridQLIKE,validation
2021-01-20,2021-01-21,6.600825920548621,3.122064881759452,ComboPair-GARCH11_HybridQLIKE,validation
2021-01-21,2021-01-22,0.0486234498742934,3.300144295034472,ComboPair-GARCH11_HybridQLIKE,validation
2021-01-22,2021-01-25,0.003916873597976,2.899287498689199,ComboPair-GARCH11_HybridQLIKE,validation
2021-01-25,2021-01-26,6.76157056018748,2.5593730237997208,ComboPair-GARCH11_HybridQLIKE,validation
2021-01-26,2021-01-27,12.16950048366727,3.0122949088882094,ComboPair-GARCH11_HybridQLIKE,validation
2021-01-27,2021-01-28,47.71522267260341,3.900183291898121,ComboPair-GARCH11_HybridQLIKE,validation
2021-01-28,2021-01-29,9.864460610625494,7.780357898729365,ComboPair-GARCH11_HybridQLIKE,validation
2021-01-29,2021-02-01,4.068938921704016,7.380544844648007,ComboPair-GARCH11_HybridQLIKE,validation
2021-02-01,2021-02-02,14.37888811066259,6.815439496381632,ComboPair-GARCH11_HybridQLIKE,validation
2021-02-02,2021-02-03,10.698092971323405,7.04223299814745,ComboPair-GARCH11_HybridQLIKE,validation
2021-02-03,2021-02-04,0.006553579964635,6.895204793860182,ComboPair-GARCH11_HybridQLIKE,validation
2021-02-04,2021-02-05,1.728785632859906,5.912461861583624,ComboPair-GARCH11_HybridQLIKE,validation
2021-02-05,2021-02-08,15.664350744194984,5.229068092687693,ComboPair-GARCH11_HybridQLIKE,validation
2021-02-08,2021-02-09,8.346588799606792,6.092002378485473,ComboPair-GARCH11_HybridQLIKE,validation
2021-02-09,2021-02-17,12.948351612917367,5.891550566240445,ComboPair-GARCH11_HybridQLIKE,validation
2021-02-17,2021-02-18,2.5487828873734144,6.125202188509601,ComboPair-GARCH11_HybridQLIKE,validation
2021-02-18,2021-02-19,0.0056191882730801,5.421408343177589,ComboPair-GARCH11_HybridQLIKE,validation
2021-02-19,2021-02-22,0.0171990965562516,4.64854623062749,ComboPair-GARCH11_HybridQLIKE,validation
2021-02-22,2021-02-23,0.04885188428266,4.004829068197268,ComboPair-GARCH11_HybridQLIKE,validation
2021-02-23,2021-02-24,1.7852090551538884,3.4795724183350956,ComboPair-GARCH11_HybridQLIKE,validation
2021-02-24,2021-02-25,0.0863685922010339,3.2326530493459193,ComboPair-GARCH11_HybridQLIKE,validation
2021-02-25,2021-02-26,0.0678645793866586,2.8537076088093074,ComboPair-GARCH11_HybridQLIKE,validation
2021-02-26,2021-03-01,2.260340412751501,2.5362024142704644,ComboPair-GARCH11_HybridQLIKE,validation
2021-03-01,2021-03-02,0.0013754677373442,2.420701351122348,ComboPair-GARCH11_HybridQLIKE,validation
2021-03-02,2021-03-03,0.0008207623047958,2.158706880210469,ComboPair-GARCH11_HybridQLIKE,validation
2021-03-03,2021-03-04,2.448912301147324,1.9346482033921886,ComboPair-GARCH11_HybridQLIKE,validation
2021-03-04,2021-03-05,0.0002116227550263,2.0346538103472276,ComboPair-GARCH11_HybridQLIKE,validation
2021-03-05,2021-03-08,0.001291980692468,1.8697041958290135,ComboPair-GARCH11_HybridQLIKE,validation
2021-03-08,2021-03-09,0.2923761214947155,1.7252706639388071,ComboPair-GARCH11_HybridQLIKE,validation
2021-03-09,2021-03-10,0.4837594769954144,1.623290994077982,ComboPair-GARCH11_HybridQLIKE,validation
2021-03-10,2021-03-11,0.9815546422643948,1.5165150191555634,ComboPair-GARCH11_HybridQLIKE,validation
2021-03-11,2021-03-12,0.0002069778164541,1.466968371157858,ComboPair-GARCH11_HybridQLIKE,validation
2021-03-12,2021-03-15,0.0643027332166397,1.368261653434809,ComboPair-GARCH11_HybridQLIKE,validation
2021-03-15,2021-03-16,0.1553706585632092,1.2767791745618084,ComboPair-GARCH11_HybridQLIKE,validation
2021-03-16,2021-03-17,0.2737899242910557,1.2248134181265498,ComboPair-GARCH11_HybridQLIKE,validation
2021-03-17,2021-03-18,1.5481332912326575,1.1745112058828422,ComboPair-GARCH11_HybridQLIKE,validation
2021-03-18,2021-03-19,0.3310498706600423,1.214038881333065,ComboPair-GARCH11_HybridQLIKE,validation
2021-03-19,2021-03-22,0.0010124742198036,1.1925557130162268,ComboPair-GARCH11_HybridQLIKE,validation
2021-03-22,2021-03-23,0.8528859825364001,1.132920449088672,ComboPair-GARCH11_HybridQLIKE,validation
2021-03-23,2021-03-24,3.405784484981233,1.171783704398194,ComboPair-GARCH11_HybridQLIKE,validation
2021-03-24,2021-03-25,0.012314795662716,1.4738502579182824,ComboPair-GARCH11_HybridQLIKE,validation
2021-03-25,2021-03-26,0.0058597397555957,1.3604605175298985,ComboPair-GARCH11_HybridQLIKE,validation
2021-03-26,2021-03-29,1.3278733275984689,1.271066934065027,ComboPair-GARCH11_HybridQLIKE,validation
2021-03-29,2021-03-30,0.8177751702540456,1.274292946028547,ComboPair-GARCH11_HybridQLIKE,validation
2021-03-30,2021-03-31,0.1825736474519551,1.2470203504852906,ComboPair-GARCH11_HybridQLIKE,validation
2021-03-31,2021-04-01,4.196908399032827,1.1816888608013176,ComboPair-GARCH11_HybridQLIKE,validation
2021-04-01,2021-04-02,0.4682318073785952,1.4243514230345715,ComboPair-GARCH11_HybridQLIKE,validation
2021-04-02,2021-04-05,0.8890694068712227,1.3686123713475091,ComboPair-GARCH11_HybridQLIKE,validation
2021-04-05,2021-04-06,0.0997492041629095,1.3445154208317258,ComboPair-GARCH11_HybridQLIKE,validation
2021-04-06,2021-04-07,0.0380161793184628,1.277436848947651,ComboPair-GARCH11_HybridQLIKE,validation
2021-04-07,2021-04-08,0.3656617949695199,1.216844322072349,ComboPair-GARCH11_HybridQLIKE,validation
2021-04-08,2021-04-09,0.0685939299115526,1.1987075586268832,ComboPair-GARCH11_HybridQLIKE,validation
2021-04-09,2021-04-12,2.801867566535839,1.1522267781333062,ComboPair-GARCH11_HybridQLIKE,validation
2021-04-12,2021-04-13,0.1085685992002533,1.3054381632962426,ComboPair-GARCH11_HybridQLIKE,validation
2021-04-13,2021-04-14,0.3626329687997453,1.262555861516042,ComboPair-GARCH11_HybridQLIKE,validation
2021-04-14,2021-04-15,0.4743671604836424,1.202739874085395,ComboPair-GARCH11_HybridQLIKE,validation
2021-04-15,2021-04-16,0.4720531246781877,1.1982794701569017,ComboPair-GARCH11_HybridQLIKE,validation
2021-04-16,2021-04-19,3.0629959648129166,1.2068355853607353,ComboPair-GARCH11_HybridQLIKE,validation
2021-04-19,2021-04-20,0.3708468135979464,1.3520913946338124,ComboPair-GARCH11_HybridQLIKE,validation
2021-04-20,2021-04-22,10.511479982603742,1.2977048862836456,ComboPair-GARCH11_HybridQLIKE,validation
2021-04-22,2021-04-23,2.7977982020669034,2.2530959684087746,ComboPair-GARCH11_HybridQLIKE,validation
2021-04-23,2021-04-26,7.069875969155051,2.1983905107222848,ComboPair-GARCH11_HybridQLIKE,validation
2021-04-26,2021-04-27,0.1068177702515163,2.7435770752351663,ComboPair-GARCH11_HybridQLIKE,validation
2021-04-27,2021-04-28,0.6403727056381737,2.412518932441544,ComboPair-GARCH11_HybridQLIKE,validation
2021-04-28,2021-04-29,0.6353802562532533,2.187557772855644,ComboPair-GARCH11_HybridQLIKE,validation
2021-04-29,2021-05-04,0.0512876666991909,2.00396392744194,ComboPair-GARCH11_HybridQLIKE,validation
2021-05-04,2021-05-05,1.2974041483688885,1.8051136330782427,ComboPair-GARCH11_HybridQLIKE,validation
2021-05-05,2021-05-06,0.2185486546328746,1.7446368648920458,ComboPair-GARCH11_HybridQLIKE,validation
2021-05-06,2021-05-07,0.494132324659674,1.6346272680530356,ComboPair-GARCH11_HybridQLIKE,validation
2021-05-07,2021-05-10,2.018769062145057,1.5694117499696385,ComboPair-GARCH11_HybridQLIKE,validation
2021-05-10,2021-05-11,0.0792094524228185,1.603184946575431,ComboPair-GARCH11_HybridQLIKE,validation
2021-05-11,2021-05-12,1.0683689670129952,1.495518013053597,ComboPair-GARCH11_HybridQLIKE,validation
2021-05-12,2021-05-13,0.3147510754643727,1.4510994969532276,ComboPair-GARCH11_HybridQLIKE,validation
2021-05-13,2021-05-14,0.1194948927270032,1.3829650370010316,ComboPair-GARCH11_HybridQLIKE,validation
2021-05-14,2021-05-17,0.3681093008020274,1.2966188369437384,ComboPair-GARCH11_HybridQLIKE,validation
2021-05-17,2021-05-18,0.2298422025837693,1.2563766911604408,ComboPair-GARCH11_HybridQLIKE,validation
2021-05-18,2021-05-19,0.6085100033578476,1.2092053579444184,ComboPair-GARCH11_HybridQLIKE,validation
2021-05-19,2021-05-20,1.5332689494683411,1.1836060987721257,ComboPair-GARCH11_HybridQLIKE,validation
2021-05-20,2021-05-21,0.1986664550105345,1.237573747807816,ComboPair-GARCH11_HybridQLIKE,validation
2021-05-21,2021-05-24,1.1845107713600658,1.1729208072502901,ComboPair-GARCH11_HybridQLIKE,validation
2021-05-24,2021-05-25,0.6615170731155926,1.1954163283923913,ComboPair-GARCH11_HybridQLIKE,validation
2021-05-25,2021-05-26,0.3826692450882292,1.1778317247856531,ComboPair-GARCH11_HybridQLIKE,validation
2021-05-26,2021-05-27,1.0043951904267852,1.1455117594771682,ComboPair-GARCH11_HybridQLIKE,validation
2021-05-27,2021-05-28,1.65727162339538,1.2019984552501288,ComboPair-GARCH11_HybridQLIKE,validation
2021-05-28,2021-05-31,0.3285055315434949,1.264393616653908,ComboPair-GARCH11_HybridQLIKE,validation
2021-05-31,2021-06-01,0.5328741181290064,1.2130640757591737,ComboPair-GARCH11_HybridQLIKE,validation
2021-06-01,2021-06-02,0.0501764701325494,1.1720964189217684,ComboPair-GARCH11_HybridQLIKE,validation
2021-06-02,2021-06-03,3.01900451692919,1.1141514034930173,ComboPair-GARCH11_HybridQLIKE,validation
2021-06-03,2021-06-04,0.5091916058927975,1.3105769679630823,ComboPair-GARCH11_HybridQLIKE,validation
2021-06-04,2021-06-07,1.2488833393722787,1.2716680914055951,ComboPair-GARCH11_HybridQLIKE,validation
2021-06-07,2021-06-08,8.436942215340656,1.3263639438313821,ComboPair-GARCH11_HybridQLIKE,validation
2021-06-08,2021-06-09,0.9635770887636846,2.054557315103189,ComboPair-GARCH11_HybridQLIKE,validation
2021-06-09,2021-06-10,0.4923594509595709,1.9132538068505474,ComboPair-GARCH11_HybridQLIKE,validation
2021-06-10,2021-06-11,4.4320627369374535,1.78921171176304,ComboPair-GARCH11_HybridQLIKE,validation
2021-06-11,2021-06-14,0.5411007585268014,1.9851897381430157,ComboPair-GARCH11_HybridQLIKE,validation
2021-06-14,2021-06-15,0.1708389534964715,1.8145203166279,ComboPair-GARCH11_HybridQLIKE,validation
2021-06-15,2021-06-16,0.6335008462154236,1.6557947197722191,ComboPair-GARCH11_HybridQLIKE,validation
2021-06-16,2021-06-17,0.0626639901398827,1.5892080594544922,ComboPair-GARCH11_HybridQLIKE,validation
2021-06-17,2021-06-18,1.7005139602823875,1.4823468856102644,ComboPair-GARCH11_HybridQLIKE,validation
2021-06-18,2021-06-21,0.1396997155457911,1.515230781855913,ComboPair-GARCH11_HybridQLIKE,validation
2021-06-21,2021-06-22,0.284425125779956,1.428419078063152,ComboPair-GARCH11_HybridQLIKE,validation
2021-06-22,2021-06-23,0.0505778800491605,1.3431017801551346,ComboPair-GARCH11_HybridQLIKE,validation
2021-06-23,2021-06-24,0.042756846647676,1.2587407596885918,ComboPair-GARCH11_HybridQLIKE,validation
2021-06-24,2021-06-25,0.5639250493998573,1.1728084003822932,ComboPair-GARCH11_HybridQLIKE,validation
2021-06-25,2021-06-28,1.2596863062253096,1.1424812876042392,ComboPair-GARCH11_HybridQLIKE,validation
2021-06-28,2021-06-29,0.0902656153029111,1.1824863666468604,ComboPair-GARCH11_HybridQLIKE,validation
2021-06-29,2021-06-30,0.0111781207193246,1.1198764646454722,ComboPair-GARCH11_HybridQLIKE,validation
2021-06-30,2021-07-01,0.3645273399631648,1.0585184499413927,ComboPair-GARCH11_HybridQLIKE,validation
2021-07-01,2021-07-02,0.0505610286336511,1.0473858001731995,ComboPair-GARCH11_HybridQLIKE,validation
2021-07-02,2021-07-05,0.4168242183273023,1.0104898199984695,ComboPair-GARCH11_HybridQLIKE,validation
2021-07-05,2021-07-06,16.601013312283214,1.0330126492170135,ComboPair-GARCH11_HybridQLIKE,validation
2021-07-06,2021-07-07,6.058281445881023,2.607263709942032,ComboPair-GARCH11_HybridQLIKE,validation
2021-07-07,2021-07-08,1.0078273448945338,2.756265822027,ComboPair-GARCH11_HybridQLIKE,validation
2021-07-08,2021-07-09,4.095422426959989,2.5554950322547905,ComboPair-GARCH11_HybridQLIKE,validation
2021-07-09,2021-07-12,14.799235172407151,2.6971842225032576,ComboPair-GARCH11_HybridQLIKE,validation
2021-07-12,2021-07-13,0.009141491530764,3.832240807699711,ComboPair-GARCH11_HybridQLIKE,validation
2021-07-13,2021-07-14,1.871533753406208,3.330953955936538,ComboPair-GARCH11_HybridQLIKE,validation
2021-07-14,2021-07-15,1.185182208099543,3.1569386134676716,ComboPair-GARCH11_HybridQLIKE,validation
2021-07-15,2021-07-16,0.1728051567276786,2.866557284210352,ComboPair-GARCH11_HybridQLIKE,validation
2021-07-16,2021-07-19,19.26799845022637,2.5220812168047066,ComboPair-GARCH11_HybridQLIKE,validation
2021-07-19,2021-07-20,5.600831490366748,4.210474398565412,ComboPair-GARCH11_HybridQLIKE,validation
2021-07-20,2021-07-21,0.0386259132356042,4.022768382102909,ComboPair-GARCH11_HybridQLIKE,validation
2021-07-21,2021-07-22,3.1842211341003503,3.5435881557010482,ComboPair-GARCH11_HybridQLIKE,validation
2021-07-22,2021-07-23,3.75891611125588,3.3359383843350363,ComboPair-GARCH11_HybridQLIKE,validation
2021-07-23,2021-07-26,0.0932245335056029,3.3141430085547854,ComboPair-GARCH11_HybridQLIKE,validation
2021-07-26,2021-07-27,0.1095791578755464,2.8839193881164165,ComboPair-GARCH11_HybridQLIKE,validation
2021-07-27,2021-07-28,0.0001201916445908,2.543207274861486,ComboPair-GARCH11_HybridQLIKE,validation
2021-07-28,2021-07-29,1.6539600353625152,2.2856205402085927,ComboPair-GARCH11_HybridQLIKE,validation
2021-07-29,2021-07-30,1.5967544948591652,2.1538329319300393,ComboPair-GARCH11_HybridQLIKE,validation
2021-07-30,2021-08-02,0.1009987039707803,2.0442816992449573,ComboPair-GARCH11_HybridQLIKE,validation
2021-08-02,2021-08-03,1.8957198194932552,1.8440104478851764,ComboPair-GARCH11_HybridQLIKE,validation
2021-08-03,2021-08-04,0.0297448118967559,1.8300770056509856,ComboPair-GARCH11_HybridQLIKE,validation
2021-08-04,2021-08-05,0.6506576147304501,1.6734150080825825,ComboPair-GARCH11_HybridQLIKE,validation
2021-08-05,2021-08-06,0.0931307383293993,1.5876760830942844,ComboPair-GARCH11_HybridQLIKE,validation
2021-08-06,2021-08-09,1.857942049015988,1.4762877520548767,ComboPair-GARCH11_HybridQLIKE,validation
2021-08-09,2021-08-10,0.0356498511082493,1.5122308005909024,ComboPair-GARCH11_HybridQLIKE,validation
2021-08-10,2021-08-11,0.1163827824804467,1.4033912762555778,ComboPair-GARCH11_HybridQLIKE,validation
2021-08-11,2021-08-12,0.1222953063583315,1.3187563809754566,ComboPair-GARCH11_HybridQLIKE,validation
2021-08-12,2021-08-13,0.0871384784453648,1.2530007083554078,ComboPair-GARCH11_HybridQLIKE,validation
2021-08-13,2021-08-16,1.0399916754691487,1.1899089532885574,ComboPair-GARCH11_HybridQLIKE,validation
2021-08-16,2021-08-17,0.3314354435277737,1.2141004628322003,ComboPair-GARCH11_HybridQLIKE,validation
2021-08-17,2021-08-18,0.0249180078972991,1.1885734062310647,ComboPair-GARCH11_HybridQLIKE,validation
2021-08-18,2021-08-19,1.034084957658442,1.1184257573842238,ComboPair-GARCH11_HybridQLIKE,validation
2021-08-19,2021-08-20,11.285807091304966,1.1430511802701284,ComboPair-GARCH11_HybridQLIKE,validation
2021-08-20,2021-08-23,5.411821632013326,2.161270801996401,ComboPair-GARCH11_HybridQLIKE,validation
2021-08-23,2021-08-24,8.536462420535458e-05,2.4781995445855447,ComboPair-GARCH11_HybridQLIKE,validation
2021-08-24,2021-08-25,0.6870757170728501,2.1961331494617253,ComboPair-GARCH11_HybridQLIKE,validation
2021-08-25,2021-08-26,0.4170750420782061,2.0360039882175354,ComboPair-GARCH11_HybridQLIKE,validation
2021-08-26,2021-08-27,0.8540485329092148,1.8665007529349855,ComboPair-GARCH11_HybridQLIKE,validation
2021-08-27,2021-08-30,1.2797402595336076,1.7438545614517493,ComboPair-GARCH11_HybridQLIKE,validation
2021-08-30,2021-08-31,0.0627065630623478,1.6932937442860125,ComboPair-GARCH11_HybridQLIKE,validation
2021-08-31,2021-09-01,0.0569056328666982,1.5577207272908393,ComboPair-GARCH11_HybridQLIKE,validation
2021-09-01,2021-09-06,0.7669996218071843,1.4352628376423828,ComboPair-GARCH11_HybridQLIKE,validation
2021-09-06,2021-09-07,0.1115838258583112,1.410143861702804,ComboPair-GARCH11_HybridQLIKE,validation
2021-09-07,2021-09-08,0.3840242724271654,1.335774094109087,ComboPair-GARCH11_HybridQLIKE,validation
2021-09-08,2021-09-09,0.5999757427909345,1.2804361031947478,ComboPair-GARCH11_HybridQLIKE,validation
2021-09-09,2021-09-10,0.009783360800291,1.239267280103412,ComboPair-GARCH11_HybridQLIKE,validation
2021-09-10,2021-09-13,0.0834204953018611,1.1611723951508448,ComboPair-GARCH11_HybridQLIKE,validation
2021-09-13,2021-09-14,0.0166539238245993,1.119717853016787,ComboPair-GARCH11_HybridQLIKE,validation
2021-09-14,2021-09-15,0.208411861391793,1.066392235943251,ComboPair-GARCH11_HybridQLIKE,validation
2021-09-15,2021-09-16,8.833374944135227e-06,1.0300365063938262,ComboPair-GARCH11_HybridQLIKE,validation
2021-09-16,2021-09-17,0.2517625260662404,0.9870506524829512,ComboPair-GARCH11_HybridQLIKE,validation
2021-09-17,2021-09-20,0.0255409488218125,0.984092219467936,ComboPair-GARCH11_HybridQLIKE,validation
2021-09-20,2021-09-21,0.6256621683862371,0.9675176429531381,ComboPair-GARCH11_HybridQLIKE,validation
2021-09-21,2021-09-22,0.6493080782631847,1.0120334330088436,ComboPair-GARCH11_HybridQLIKE,validation
2021-09-22,2021-09-23,0.023678455022373,1.007781913234312,ComboPair-GARCH11_HybridQLIKE,validation
2021-09-23,2021-09-24,0.0138313143395197,0.9826364466954103,ComboPair-GARCH11_HybridQLIKE,validation
2021-09-24,2021-09-27,3.828272422415496,0.9461929553836983,ComboPair-GARCH11_HybridQLIKE,validation
2021-09-27,2021-09-28,1.1555484032608674,1.307800220707084,ComboPair-GARCH11_HybridQLIKE,validation
2021-09-28,2021-09-29,5.575325206713305e-05,1.2989775489547752,ComboPair-GARCH11_HybridQLIKE,validation
2021-09-29,2021-09-30,0.0451927678238876,1.2244740705341044,ComboPair-GARCH11_HybridQLIKE,validation
2021-09-30,2021-10-01,0.2869590069123234,1.1480715446197833,ComboPair-GARCH11_HybridQLIKE,validation
2021-10-01,2021-10-04,0.1209217160727008,1.1100505809493462,ComboPair-GARCH11_HybridQLIKE,validation
2021-10-04,2021-10-05,1.2548666056334208,1.0714580108834568,ComboPair-GARCH11_HybridQLIKE,validation
2021-10-05,2021-10-06,0.363335054701863,1.1136248920776857,ComboPair-GARCH11_HybridQLIKE,validation
2021-10-06,2021-10-07,0.0539799292056889,1.0797069928720089,ComboPair-GARCH11_HybridQLIKE,validation
2021-10-07,2021-10-08,0.2422625428098201,1.0374957458756746,ComboPair-GARCH11_HybridQLIKE,validation
2021-10-08,2021-10-11,2.384064119474745,1.006437522344605,ComboPair-GARCH11_HybridQLIKE,validation
2021-10-11,2021-10-12,0.0025924711816483,1.157500961165527,ComboPair-GARCH11_HybridQLIKE,validation
2021-10-12,2021-10-13,0.043020201094552,1.1077385656726935,ComboPair-GARCH11_HybridQLIKE,validation
2021-10-13,2021-10-14,1.8582276241239155e-05,1.058738863603228,ComboPair-GARCH11_HybridQLIKE,validation
2021-10-14,2021-10-15,0.0037272440365911,1.0144476254402266,ComboPair-GARCH11_HybridQLIKE,validation
2021-10-15,2021-10-18,0.0412074717223573,0.9825244719718564,ComboPair-GARCH11_HybridQLIKE,validation
2021-10-18,2021-10-19,0.0002054205471957,0.9483236813839826,ComboPair-GARCH11_HybridQLIKE,validation
2021-10-19,2021-10-20,0.012036644283499,0.9192589428583978,ComboPair-GARCH11_HybridQLIKE,validation
2021-10-20,2021-10-21,0.4224699907147212,0.9017221661561863,ComboPair-GARCH11_HybridQLIKE,validation
2021-10-21,2021-10-22,0.1038627326357175,0.9302214102661994,ComboPair-GARCH11_HybridQLIKE,validation
2021-10-22,2021-10-25,0.0766142772237032,0.9083457675497526,ComboPair-GARCH11_HybridQLIKE,validation
2021-10-25,2021-10-26,0.2013151221701667,0.9072982065490615,ComboPair-GARCH11_HybridQLIKE,validation
2021-10-26,2021-10-27,4.975421040294883,0.8905445551402593,ComboPair-GARCH11_HybridQLIKE,validation
2021-10-27,2021-10-28,1.0980607841681207,1.2690744850024598,ComboPair-GARCH11_HybridQLIKE,validation
2021-10-28,2021-10-29,0.1886851350804401,1.2798648251045013,ComboPair-GARCH11_HybridQLIKE,validation
2021-10-29,2021-11-01,0.1351609140151505,1.2276413241143478,ComboPair-GARCH11_HybridQLIKE,validation
2021-11-01,2021-11-02,0.8706925479870633,1.195145208936639,ComboPair-GARCH11_HybridQLIKE,validation
2021-11-02,2021-11-03,0.3174077865606339,1.1961651074996107,ComboPair-GARCH11_HybridQLIKE,validation
2021-11-03,2021-11-04,0.0780251318950003,1.2037172347277167,ComboPair-GARCH11_HybridQLIKE,validation
2021-11-04,2021-11-05,0.3164163905277483,1.1215053365845962,ComboPair-GARCH11_HybridQLIKE,validation
2021-11-05,2021-11-08,0.5722632892702788,1.0856520060708639,ComboPair-GARCH11_HybridQLIKE,validation
2021-11-08,2021-11-09,0.1717825777423685,1.0876958050998984,ComboPair-GARCH11_HybridQLIKE,validation
2021-11-09,2021-11-10,0.0578685691569425,1.0678220966085963,ComboPair-GARCH11_HybridQLIKE,validation
2021-11-10,2021-11-11,0.0332757244454099,1.0265500167036081,ComboPair-GARCH11_HybridQLIKE,validation
2021-11-11,2021-11-12,0.5636350562840569,1.0152399237384588,ComboPair-GARCH11_HybridQLIKE,validation
2021-11-12,2021-11-15,0.0470688863590858,1.0065959055061096,ComboPair-GARCH11_HybridQLIKE,validation
2021-11-15,2021-11-16,0.4729748116245648,0.9873435749966593,ComboPair-GARCH11_HybridQLIKE,validation
2021-11-16,2021-11-17,0.40826744424175,1.0152230193992182,ComboPair-GARCH11_HybridQLIKE,validation
2021-11-17,2021-11-18,0.1670640675036151,0.9910951112637741,ComboPair-GARCH11_HybridQLIKE,validation
2021-11-18,2021-11-19,1.4313283722317711,0.9961691217080004,ComboPair-GARCH11_HybridQLIKE,validation
2021-11-19,2021-11-22,0.1237442583360642,1.133985325509792,ComboPair-GARCH11_HybridQLIKE,validation
2021-11-22,2021-11-23,1.2666258581863683,1.0870198998864953,ComboPair-GARCH11_HybridQLIKE,validation
2021-11-23,2021-11-24,2.923344781612152,1.1117501703368262,ComboPair-GARCH11_HybridQLIKE,validation
2021-11-24,2021-11-25,0.6380046596767257,1.2950193074254313,ComboPair-GARCH11_HybridQLIKE,validation
2021-11-25,2021-11-26,0.2701244946030526,1.2630475617781385,ComboPair-GARCH11_HybridQLIKE,validation
2021-11-26,2021-11-29,0.3025648797186475,1.22739843761949,ComboPair-GARCH11_HybridQLIKE,validation
2021-11-29,2021-11-30,0.1865846491020368,1.195066489962828,ComboPair-GARCH11_HybridQLIKE,validation
2021-11-30,2021-12-01,0.2075014205290045,1.1649787741426412,ComboPair-GARCH11_HybridQLIKE,validation
2021-12-01,2021-12-02,0.0447934240863952,1.109997109476828,ComboPair-GARCH11_HybridQLIKE,validation
2021-12-02,2021-12-03,7.012035907074128,1.0592656861770937,ComboPair-GARCH11_HybridQLIKE,validation
2021-12-03,2021-12-06,4.334941271489592,1.694904036356951,ComboPair-GARCH11_HybridQLIKE,validation
2021-12-06,2021-12-07,5.38610884102854,1.9610696630664877,ComboPair-GARCH11_HybridQLIKE,validation
2021-12-07,2021-12-08,0.1770242562530693,2.1954676070628554,ComboPair-GARCH11_HybridQLIKE,validation
2021-12-08,2021-12-09,1.070479018660655,1.9787379922664172,ComboPair-GARCH11_HybridQLIKE,validation
2021-12-09,2021-12-10,0.0917573521914629,1.8586360207081314,ComboPair-GARCH11_HybridQLIKE,validation
2021-12-10,2021-12-13,0.7430153759165636,1.7047595908117494,ComboPair-GARCH11_HybridQLIKE,validation
2021-12-13,2021-12-14,0.0001656787526269,1.6313257341430893,ComboPair-GARCH11_HybridQLIKE,validation
2021-12-14,2021-12-15,0.001241581482623,1.5207289217202868,ComboPair-GARCH11_HybridQLIKE,validation
2021-12-15,2021-12-16,0.0056551081903051,1.4186474232300985,ComboPair-GARCH11_HybridQLIKE,validation
2021-12-16,2021-12-17,0.0462794489398934,1.3264692282426256,ComboPair-GARCH11_HybridQLIKE,validation
2021-12-17,2021-12-20,0.0276816841350729,1.2544218421409679,ComboPair-GARCH11_HybridQLIKE,validation
2021-12-20,2021-12-21,0.009100575448846,1.1878474276177773,ComboPair-GARCH11_HybridQLIKE,validation
2021-12-21,2021-12-22,0.0052396015195704,1.1246714800924957,ComboPair-GARCH11_HybridQLIKE,validation
2021-12-22,2021-12-23,1.992176913695392,1.0898608823070384,ComboPair-GARCH11_HybridQLIKE,validation
2021-12-23,2021-12-24,1.8717637228671864,1.2559982003255188,ComboPair-GARCH11_HybridQLIKE,validation
2021-12-24,2021-12-27,0.6385359851594573,1.3021312915811443,ComboPair-GARCH11_HybridQLIKE,validation
2021-12-27,2021-12-28,0.1364517327618313,1.2564126121750416,ComboPair-GARCH11_HybridQLIKE,validation
2021-12-28,2021-12-29,0.3307731842534792,1.201116739803163,ComboPair-GARCH11_HybridQLIKE,validation
2021-12-29,2021-12-30,0.0001019075301841,1.170329351975778,ComboPair-GARCH11_HybridQLIKE,validation
2021-12-30,2021-12-31,0.6806292652244172,1.1050562880149912,ComboPair-GARCH11_HybridQLIKE,validation
2021-12-31,2022-01-04,3.2605099137684044,1.1113951513508473,ComboPair-GARCH11_HybridQLIKE,validation
2022-01-04,2022-01-05,0.0408421877386783,1.3146258673735627,ComboPair-GARCH11_HybridQLIKE,validation
2022-01-05,2022-01-06,0.1583194148629771,1.2565135864801982,ComboPair-GARCH11_HybridQLIKE,validation
2022-01-06,2022-01-07,3.466888916717849e-05,1.2042760101983387,ComboPair-GARCH11_HybridQLIKE,validation
2022-01-07,2022-01-10,2.6694297971607823,1.1430717237767987,ComboPair-GARCH11_HybridQLIKE,validation
2022-01-10,2022-01-11,0.5791412105719106,1.3673001609288897,ComboPair-GARCH11_HybridQLIKE,validation
2022-01-11,2022-01-12,1.469449968423449,1.3421011732641437,ComboPair-GARCH11_HybridQLIKE,validation
2022-01-12,2022-01-13,0.9252594386149106,1.3619604423772054,ComboPair-GARCH11_HybridQLIKE,validation
2022-01-13,2022-01-14,4.021230809949571e-06,1.3717803669948117,ComboPair-GARCH11_HybridQLIKE,validation
2022-01-14,2022-01-17,8.577861779061374,1.2590776280889253,ComboPair-GARCH11_HybridQLIKE,validation
2022-01-17,2022-01-18,0.9241996120524796,2.0148490430102237,ComboPair-GARCH11_HybridQLIKE,validation
2022-01-18,2022-01-19,0.0713962483719635,1.908907433324827,ComboPair-GARCH11_HybridQLIKE,validation
2022-01-19,2022-01-20,2.396694299563955,1.7356117321492226,ComboPair-GARCH11_HybridQLIKE,validation
2022-01-20,2022-01-21,0.2669228311266386,1.7688119637505288,ComboPair-GARCH11_HybridQLIKE,validation
2022-01-21,2022-01-24,5.19144957677216,1.6230037907163573,ComboPair-GARCH11_HybridQLIKE,validation
2022-01-24,2022-01-25,7.461944120148481,2.0029759855653717,ComboPair-GARCH11_HybridQLIKE,validation
2022-01-25,2022-01-26,0.0182472056354126,2.402475654717507,ComboPair-GARCH11_HybridQLIKE,validation
2022-01-26,2022-01-27,0.5372614259470304,2.1427614593532844,ComboPair-GARCH11_HybridQLIKE,validation
2022-01-27,2022-01-28,0.3091208848418566,1.9836403782536438,ComboPair-GARCH11_HybridQLIKE,validation
2022-01-28,2022-02-07,1.5787299229773026,1.8132335775256014,ComboPair-GARCH11_HybridQLIKE,validation
2022-02-07,2022-02-08,0.0493284261128678,1.7816520191089706,ComboPair-GARCH11_HybridQLIKE,validation
2022-02-08,2022-02-09,0.0852913112285084,1.635693697295061,ComboPair-GARCH11_HybridQLIKE,validation
2022-02-09,2022-02-10,0.0087647457494785,1.5084426792294967,ComboPair-GARCH11_HybridQLIKE,validation
2022-02-10,2022-02-11,0.1140481407730615,1.3930805540738749,ComboPair-GARCH11_HybridQLIKE,validation
2022-02-11,2022-02-14,4.003846034921644,1.3089931059036068,ComboPair-GARCH11_HybridQLIKE,validation
2022-02-14,2022-02-15,1.9670652734045644,1.639694713821883,ComboPair-GARCH11_HybridQLIKE,validation
2022-02-15,2022-02-16,0.0018968880308684,1.6571650985478494,ComboPair-GARCH11_HybridQLIKE,validation
2022-02-16,2022-02-17,1.122140769245723,1.5131806149938307,ComboPair-GARCH11_HybridQLIKE,validation
2022-02-17,2022-02-18,0.0437252358911797,1.473140546897107,ComboPair-GARCH11_HybridQLIKE,validation
2022-02-18,2022-02-21,0.1583409064037323,1.3596500548803907,ComboPair-GARCH11_HybridQLIKE,validation
2022-02-21,2022-02-22,0.2391227349223014,1.2860766220188558,ComboPair-GARCH11_HybridQLIKE,validation
2022-02-22,2022-02-23,0.3429157616051995,1.2510413862289518,ComboPair-GARCH11_HybridQLIKE,validation
2022-02-23,2022-02-24,1.3469467288223498,1.1959989609825845,ComboPair-GARCH11_HybridQLIKE,validation
2022-02-24,2022-02-25,0.0728442185423715,1.2977157041669412,ComboPair-GARCH11_HybridQLIKE,validation
2022-02-25,2022-02-28,0.3435682703713377,1.207080102590742,ComboPair-GARCH11_HybridQLIKE,validation
2022-02-28,2022-03-01,0.3350186274967215,1.17797424130268,ComboPair-GARCH11_HybridQLIKE,validation
2022-03-01,2022-03-02,0.7897102913909818,1.1440066775163982,ComboPair-GARCH11_HybridQLIKE,validation
2022-03-02,2022-03-03,1.6972927621476632,1.1834644463474677,ComboPair-GARCH11_HybridQLIKE,validation
2022-03-03,2022-03-04,0.0004806839941866,1.2483193042543406,ComboPair-GARCH11_HybridQLIKE,validation
2022-03-04,2022-03-07,0.1747715827843937,1.1796050629762633,ComboPair-GARCH11_HybridQLIKE,validation
2022-03-07,2022-03-08,2.9065282793306784,1.1467587166549453,ComboPair-GARCH11_HybridQLIKE,validation
2022-03-08,2022-03-09,4.143903255486161e-06,1.3784133391535947,ComboPair-GARCH11_HybridQLIKE,validation
2022-03-09,2022-03-10,0.1308186023197331,1.279631775620131,ComboPair-GARCH11_HybridQLIKE,validation
2022-03-10,2022-03-11,0.7249480262949388,1.1949776938274659,ComboPair-GARCH11_HybridQLIKE,validation
2022-03-11,2022-03-14,1.940974298078772,1.2186020465679954,ComboPair-GARCH11_HybridQLIKE,validation
2022-03-14,2022-03-15,0.2004736979473137,1.3430257719592977,ComboPair-GARCH11_HybridQLIKE,validation
2022-03-15,2022-03-16,0.2048465635146144,1.2521660422032608,ComboPair-GARCH11_HybridQLIKE,validation
2022-03-16,2022-03-17,0.0189446795575115,1.1798129802782347,ComboPair-GARCH11_HybridQLIKE,validation
2022-03-17,2022-03-18,0.2804915592052127,1.1185978540915418,ComboPair-GARCH11_HybridQLIKE,validation
2022-03-18,2022-03-21,3.042510301896478,1.08387938471432,ComboPair-GARCH11_HybridQLIKE,validation
2022-03-21,2022-03-22,0.3468240297098041,1.269548095230029,ComboPair-GARCH11_HybridQLIKE,validation
2022-03-22,2022-03-23,0.0091785148718354,1.233675029894974,ComboPair-GARCH11_HybridQLIKE,validation
2022-03-23,2022-03-24,0.0739545064300968,1.1666274062621547,ComboPair-GARCH11_HybridQLIKE,validation
2022-03-24,2022-03-25,0.0002565538581837,1.1161873286783255,ComboPair-GARCH11_HybridQLIKE,validation
2022-03-25,2022-03-28,1.0559980128443454,1.0660154083834523,ComboPair-GARCH11_HybridQLIKE,validation
2022-03-28,2022-03-29,0.9569197018395468,1.1543858864839895,ComboPair-GARCH11_HybridQLIKE,validation
2022-03-29,2022-03-30,0.2354496444813368,1.150649408421223,ComboPair-GARCH11_HybridQLIKE,validation
2022-03-30,2022-03-31,0.0120931732563713,1.1346598158980314,ComboPair-GARCH11_HybridQLIKE,validation
2022-03-31,2022-04-01,2.607401303697469,1.0641932780984744,ComboPair-GARCH11_HybridQLIKE,validation
2022-04-01,2022-04-04,0.2950865363946971,1.2258113779163589,ComboPair-GARCH11_HybridQLIKE,validation
2022-04-04,2022-04-05,0.09410156815978,1.173160604334178,ComboPair-GARCH11_HybridQLIKE,validation
2022-04-05,2022-04-06,0.0355827999144168,1.1199755259755362,ComboPair-GARCH11_HybridQLIKE,validation
2022-04-06,2022-04-07,1.845756746133211,1.0827536928833408,ComboPair-GARCH11_HybridQLIKE,validation
2022-04-07,2022-04-08,1.8599564295348143,1.2256679921299691,ComboPair-GARCH11_HybridQLIKE,validation
2022-04-08,2022-04-12,3.317796568560508,1.3467443111679824,ComboPair-GARCH11_HybridQLIKE,validation
2022-04-12,2022-04-13,2.2412176347286983,1.600427307960168,ComboPair-GARCH11_HybridQLIKE,validation
2022-04-13,2022-04-14,0.1186709675031117,1.6376085548123123,ComboPair-GARCH11_HybridQLIKE,validation
2022-04-14,2022-04-15,0.8563450026802516,1.5061912451921886,ComboPair-GARCH11_HybridQLIKE,validation
2022-04-15,2022-04-18,3.225139156963737,1.4696925115427633,ComboPair-GARCH11_HybridQLIKE,validation
2022-04-18,2022-04-19,3.3937657292333743,1.692508256805721,ComboPair-GARCH11_HybridQLIKE,validation
2022-04-19,2022-04-20,2.4245124341762705,1.9118262108278528,ComboPair-GARCH11_HybridQLIKE,validation
2022-04-20,2022-04-21,1.109638997468357,1.992897222992707,ComboPair-GARCH11_HybridQLIKE,validation
2022-04-21,2022-04-22,0.4305144066915168,1.918962699782337,ComboPair-GARCH11_HybridQLIKE,validation
2022-04-22,2022-04-25,25.802530842890924,1.7618813639416557,ComboPair-GARCH11_HybridQLIKE,validation
2022-04-25,2022-04-26,5.262405488369011,4.138917762451596,ComboPair-GARCH11_HybridQLIKE,validation
2022-04-26,2022-04-27,0.8508547277394044,3.9020304841587663,ComboPair-GARCH11_HybridQLIKE,validation
2022-04-27,2022-04-28,0.0422563925888465,3.4942604210027044,ComboPair-GARCH11_HybridQLIKE,validation
2022-04-28,2022-04-29,1.3536355027087716,3.0893014352197907,ComboPair-GARCH11_HybridQLIKE,validation
2022-04-29,2022-05-04,1.7811317821270536,2.773112845728293,ComboPair-GARCH11_HybridQLIKE,validation
2022-05-04,2022-05-05,0.7846838850035229,2.6836007680742595,ComboPair-GARCH11_HybridQLIKE,validation
2022-05-05,2022-05-06,5.457913784856381,2.4239304929184615,ComboPair-GARCH11_HybridQLIKE,validation
2022-05-06,2022-05-09,21.07246376843707,2.8043490560212048,ComboPair-GARCH11_HybridQLIKE,validation
2022-05-09,2022-05-10,3.4895974437640893,4.55473249266783,ComboPair-GARCH11_HybridQLIKE,validation
2022-05-10,2022-05-11,0.3772893243323654,4.139816516255583,ComboPair-GARCH11_HybridQLIKE,validation
2022-05-11,2022-05-12,24.369069377939013,3.6898030030637714,ComboPair-GARCH11_HybridQLIKE,validation
2022-05-12,2022-05-13,21.45200829300172,5.673680574582581,ComboPair-GARCH11_HybridQLIKE,validation
2022-05-13,2022-05-16,0.8445825050431754,6.844458145010183,ComboPair-GARCH11_HybridQLIKE,validation
2022-05-16,2022-05-17,22.10791922900586,5.9666206228275716,ComboPair-GARCH11_HybridQLIKE,validation
2022-05-17,2022-05-18,1.0072145297005026,7.013078011610505,ComboPair-GARCH11_HybridQLIKE,validation
2022-05-18,2022-05-19,0.0050266870380628,6.0916496382338075,ComboPair-GARCH11_HybridQLIKE,validation
2022-05-19,2022-05-20,0.0056143553761866,5.200151659711285,ComboPair-GARCH11_HybridQLIKE,validation
2022-05-20,2022-05-23,3.1715419491716648,4.455736571125096,ComboPair-GARCH11_HybridQLIKE,validation
2022-05-23,2022-05-24,1.4121508187671683,4.234910740889653,ComboPair-GARCH11_HybridQLIKE,validation
2022-05-24,2022-05-25,7.852071042943518,3.7578596286418278,ComboPair-GARCH11_HybridQLIKE,validation
2022-05-25,2022-05-26,0.0001218078083452,3.92656641697645,ComboPair-GARCH11_HybridQLIKE,validation
2022-05-26,2022-05-27,1.747305868676365,3.406841942101704,ComboPair-GARCH11_HybridQLIKE,validation
2022-05-27,2022-05-30,0.4313230278725308,3.0904371812431966,ComboPair-GARCH11_HybridQLIKE,validation
2022-05-30,2022-05-31,0.0091927379819102,2.7514796644949886,ComboPair-GARCH11_HybridQLIKE,validation
2022-05-31,2022-06-01,0.2785076944454149,2.440530413683859,ComboPair-GARCH11_HybridQLIKE,validation
2022-06-01,2022-06-02,0.7094839787224755,2.20296680792318,ComboPair-GARCH11_HybridQLIKE,validation
2022-06-02,2022-06-03,0.0024678908753368,2.064361518605061,ComboPair-GARCH11_HybridQLIKE,validation
2022-06-03,2022-06-06,0.0248021762794326,1.8836525039244376,ComboPair-GARCH11_HybridQLIKE,validation
2022-06-06,2022-06-07,0.0107788521263349,1.7111146712814516,ComboPair-GARCH11_HybridQLIKE,validation
2022-06-07,2022-06-08,1.62365203625605,1.5826231318463004,ComboPair-GARCH11_HybridQLIKE,validation
2022-06-08,2022-06-09,7.074018263381634e-05,1.5704920092706813,ComboPair-GARCH11_HybridQLIKE,validation
2022-06-09,2022-06-10,3.350301019629325,1.4404236595387452,ComboPair-GARCH11_HybridQLIKE,validation
2022-06-10,2022-06-13,20.64588542406384,1.684131386041938,ComboPair-GARCH11_HybridQLIKE,validation
2022-06-13,2022-06-14,0.0708307718816595,3.6148844444055226,ComboPair-GARCH11_HybridQLIKE,validation
2022-06-14,2022-06-15,1.796441565238617,3.141191278098081,ComboPair-GARCH11_HybridQLIKE,validation
2022-06-15,2022-06-16,3.432463040017097,2.9932761163712156,ComboPair-GARCH11_HybridQLIKE,validation
2022-06-16,2022-06-17,2.482088857909232,2.8979339584065045,ComboPair-GARCH11_HybridQLIKE,validation
2022-06-17,2022-06-20,9.47527051181594,2.82186502437526,ComboPair-GARCH11_HybridQLIKE,validation
2022-06-20,2022-06-21,0.4543743324349223,3.5033351554454306,ComboPair-GARCH11_HybridQLIKE,validation
2022-06-21,2022-06-22,0.0746935567234301,3.08593295654863,ComboPair-GARCH11_HybridQLIKE,validation
2022-06-22,2022-06-23,2.766255864563167,2.7510982937438824,ComboPair-GARCH11_HybridQLIKE,validation
2022-06-23,2022-06-24,0.0820210424345146,2.6730421070595574,ComboPair-GARCH11_HybridQLIKE,validation
2022-06-24,2022-06-27,2.1086071885158946,2.3861711089186466,ComboPair-GARCH11_HybridQLIKE,validation
2022-06-27,2022-06-28,1.593519408496492,2.2591907122523343,ComboPair-GARCH11_HybridQLIKE,validation
2022-06-28,2022-06-29,6.739655204912147e-07,2.1299520272785024,ComboPair-GARCH11_HybridQLIKE,validation
2022-06-29,2022-06-30,2.8779439800812714,1.933789677992522,ComboPair-GARCH11_HybridQLIKE,validation
2022-06-30,2022-07-01,0.0117704187689308,2.063686665438903,ComboPair-GARCH11_HybridQLIKE,validation
2022-07-01,2022-07-04,0.0792348201052211,1.8726135233927907,ComboPair-GARCH11_HybridQLIKE,validation
2022-07-04,2022-07-05,1.4358126528100246,1.7233875897675641,ComboPair-GARCH11_HybridQLIKE,validation
2022-07-05,2022-07-06,7.389865614079536,1.7339152124467825,ComboPair-GARCH11_HybridQLIKE,validation
2022-07-06,2022-07-07,2.1222407761584665,2.3922382254509866,ComboPair-GARCH11_HybridQLIKE,validation
2022-07-07,2022-07-08,0.1707436242121409,2.2976095044329807,ComboPair-GARCH11_HybridQLIKE,validation
2022-07-08,2022-07-11,1.896510687995091,2.0517115581201635,ComboPair-GARCH11_HybridQLIKE,validation
2022-07-11,2022-07-12,2.8101659729648394,2.0572475715413807,ComboPair-GARCH11_HybridQLIKE,validation
2022-07-12,2022-07-13,0.0058732050643028,2.0470272707893327,ComboPair-GARCH11_HybridQLIKE,validation
2022-07-13,2022-07-14,0.4904420356514064,1.8413596614350225,ComboPair-GARCH11_HybridQLIKE,validation
2022-07-14,2022-07-15,0.0611617161101388,1.6997976842015392,ComboPair-GARCH11_HybridQLIKE,validation
2022-07-15,2022-07-18,0.0549065100896944,1.5681944908853784,ComboPair-GARCH11_HybridQLIKE,validation
2022-07-18,2022-07-19,0.0244219525267298,1.462365688809851,ComboPair-GARCH11_HybridQLIKE,validation
2022-07-19,2022-07-20,1.7763769532234184,1.3577960634188233,ComboPair-GARCH11_HybridQLIKE,validation
2022-07-20,2022-07-21,0.1310065184317032,1.3874497979755627,ComboPair-GARCH11_HybridQLIKE,validation
2022-07-21,2022-07-22,0.0961257253308801,1.2947980116777589,ComboPair-GARCH11_HybridQLIKE,validation
2022-07-22,2022-07-25,0.2759737706228845,1.2274174599655392,ComboPair-GARCH11_HybridQLIKE,validation
2022-07-25,2022-07-26,0.0835304358694094,1.1920045922809361,ComboPair-GARCH11_HybridQLIKE,validation
2022-07-26,2022-07-27,0.2525093111697122,1.1416793516357662,ComboPair-GARCH11_HybridQLIKE,validation
2022-07-27,2022-07-28,2.02736513860254,1.0854237582021762,ComboPair-GARCH11_HybridQLIKE,validation
2022-07-28,2022-07-29,0.0219851675662213,1.180150952602433,ComboPair-GARCH11_HybridQLIKE,validation
2022-07-29,2022-08-01,4.214166749504341,1.1191572236905194,ComboPair-GARCH11_HybridQLIKE,validation
2022-08-01,2022-08-02,0.6898714562213188,1.3882954095729052,ComboPair-GARCH11_HybridQLIKE,validation
2022-08-02,2022-08-03,0.4270040010021521,1.3475411964433226,ComboPair-GARCH11_HybridQLIKE,validation
2022-08-03,2022-08-04,0.1229567831793093,1.2924097367435556,ComboPair-GARCH11_HybridQLIKE,validation
2022-08-04,2022-08-05,0.0126539977340546,1.2267779469577191,ComboPair-GARCH11_HybridQLIKE,validation
2022-08-05,2022-08-08,0.1021359274837244,1.1770937683852953,ComboPair-GARCH11_HybridQLIKE,validation
2022-08-08,2022-08-09,0.0278750471367201,1.1228886574483492,ComboPair-GARCH11_HybridQLIKE,validation
2022-08-09,2022-08-10,0.0349139608846283,1.0767636191802619,ComboPair-GARCH11_HybridQLIKE,validation
2022-08-10,2022-08-11,0.1247429178058028,1.0373326302972878,ComboPair-GARCH11_HybridQLIKE,validation
2022-08-11,2022-08-12,0.6660254086755314,1.0202662752597371,ComboPair-GARCH11_HybridQLIKE,validation
2022-08-12,2022-08-15,0.8759670360790162,1.0161752146487268,ComboPair-GARCH11_HybridQLIKE,validation
2022-08-15,2022-08-16,0.0014782571055336,1.0368103564836948,ComboPair-GARCH11_HybridQLIKE,validation
2022-08-16,2022-08-17,0.0021413807191485,0.9983832015373579,ComboPair-GARCH11_HybridQLIKE,validation
2022-08-17,2022-08-18,0.0161573789935176,0.9540682599923189,ComboPair-GARCH11_HybridQLIKE,validation
2022-08-18,2022-08-19,0.124159183844011,0.92446321316516,ComboPair-GARCH11_HybridQLIKE,validation
2022-08-19,2022-08-22,0.4785997007311449,0.915011587134432,ComboPair-GARCH11_HybridQLIKE,validation
2022-08-22,2022-08-23,0.6726558406784502,0.9450985565173791,ComboPair-GARCH11_HybridQLIKE,validation
2022-08-23,2022-08-24,0.2484394846076955,0.9598382950169166,ComboPair-GARCH11_HybridQLIKE,validation
2022-08-24,2022-08-25,0.8344386477124279,0.9359923404205976,ComboPair-GARCH11_HybridQLIKE,validation
2022-08-25,2022-08-26,0.2408597797174897,0.961853692029669,ComboPair-GARCH11_HybridQLIKE,validation
2022-08-26,2022-08-29,0.8499464536320859,0.9621374015834805,ComboPair-GARCH11_HybridQLIKE,validation
2022-08-29,2022-08-30,0.4538418356510164,1.0315999357341032,ComboPair-GARCH11_HybridQLIKE,validation
2022-08-30,2022-08-31,0.0076568491567018,1.0282837368957087,ComboPair-GARCH11_HybridQLIKE,validation
2022-08-31,2022-09-05,0.061049351862573,0.9876191548642024,ComboPair-GARCH11_HybridQLIKE,validation
2022-09-05,2022-09-06,1.532156699315195e-05,0.95380991694869,ComboPair-GARCH11_HybridQLIKE,validation
2022-09-06,2022-09-07,7.377847328826583,0.9138680251311472,ComboPair-GARCH11_HybridQLIKE,validation
2022-09-07,2022-09-08,0.478523332029774,1.629807735620917,ComboPair-GARCH11_HybridQLIKE,validation
2022-09-08,2022-09-09,1.3041739898741895,1.5723713649621636,ComboPair-GARCH11_HybridQLIKE,validation
2022-09-09,2022-09-12,0.004521626169754,1.5416756776540779,ComboPair-GARCH11_HybridQLIKE,validation
2022-09-12,2022-09-13,0.0095408682654198,1.4344494716491685,ComboPair-GARCH11_HybridQLIKE,validation
2022-09-13,2022-09-14,0.3758397161006742,1.321354677319805,ComboPair-GARCH11_HybridQLIKE,validation
2022-09-14,2022-09-15,0.1547128388602677,1.2757234967682836,ComboPair-GARCH11_HybridQLIKE,validation
2022-09-15,2022-09-16,0.6392848421140832,1.210580557060401,ComboPair-GARCH11_HybridQLIKE,validation
2022-09-16,2022-09-19,6.167092365627429,1.215459837932221,ComboPair-GARCH11_HybridQLIKE,validation
2022-09-19,2022-09-20,1.2403443891166936,1.7770139646214376,ComboPair-GARCH11_HybridQLIKE,validation
2022-09-20,2022-09-21,0.4759099851621189,1.721202036417245,ComboPair-GARCH11_HybridQLIKE,validation
2022-09-21,2022-09-22,0.1171234903128616,1.6563690356604432,ComboPair-GARCH11_HybridQLIKE,validation
2022-09-22,2022-09-23,0.8922637492009945,1.5045542136477508,ComboPair-GARCH11_HybridQLIKE,validation
2022-09-23,2022-09-26,5.922583365191483,1.4785219196367918,ComboPair-GARCH11_HybridQLIKE,validation
2022-09-26,2022-09-27,0.4452493243663706,1.983929906186227,ComboPair-GARCH11_HybridQLIKE,validation
2022-09-27,2022-09-28,3.9376181571955216,1.8650115044813464,ComboPair-GARCH11_HybridQLIKE,validation
2022-09-28,2022-09-29,2.391654578614972,2.140444584416895,ComboPair-GARCH11_HybridQLIKE,validation
2022-09-29,2022-09-30,0.2861665228807753,2.2059798241581494,ComboPair-GARCH11_HybridQLIKE,validation
2022-09-30,2022-10-03,16.955331578512116,1.9716544025763365,ComboPair-GARCH11_HybridQLIKE,validation
2022-10-03,2022-10-04,0.5881297526576773,3.5188976878860623,ComboPair-GARCH11_HybridQLIKE,validation
2022-10-04,2022-10-05,5.7303230555022,3.130587864807996,ComboPair-GARCH11_HybridQLIKE,validation
2022-10-05,2022-10-06,7.453651936358921,3.2583618020181104,ComboPair-GARCH11_HybridQLIKE,validation
2022-10-06,2022-10-07,13.391049366085785,3.6918602292514846,ComboPair-GARCH11_HybridQLIKE,validation
2022-10-07,2022-10-10,0.3997049579355222,4.488765743732916,ComboPair-GARCH11_HybridQLIKE,validation
2022-10-10,2022-10-11,12.54691927074426,3.90201000003993,ComboPair-GARCH11_HybridQLIKE,validation
2022-10-11,2022-10-12,7.860720182392412,4.758314319002832,ComboPair-GARCH11_HybridQLIKE,validation
2022-10-12,2022-10-13,2.4070722291092697,4.738236212239778,ComboPair-GARCH11_HybridQLIKE,validation
2022-10-13,2022-10-14,1.0568030806874944,4.3057643502630825,ComboPair-GARCH11_HybridQLIKE,validation
2022-10-14,2022-10-17,0.9445652838308308,3.7672956869865084,ComboPair-GARCH11_HybridQLIKE,validation
2022-10-17,2022-10-18,1.304619909377935,3.406879439000142,ComboPair-GARCH11_HybridQLIKE,validation
2022-10-18,2022-10-19,0.1143012847418557,3.0403658137559813,ComboPair-GARCH11_HybridQLIKE,validation
2022-10-19,2022-10-20,0.0233897216248987,2.7263544289398833,ComboPair-GARCH11_HybridQLIKE,validation
2022-10-20,2022-10-21,13.823102148731785,2.420322506545184,ComboPair-GARCH11_HybridQLIKE,validation
2022-10-21,2022-10-24,11.27142788246664,3.600290650927012,ComboPair-GARCH11_HybridQLIKE,validation
2022-10-24,2022-10-25,0.2552819963060921,4.334877606441229,ComboPair-GARCH11_HybridQLIKE,validation
2022-10-25,2022-10-26,0.2322552175172126,3.724964766262315,ComboPair-GARCH11_HybridQLIKE,validation
2022-10-26,2022-10-27,17.476545289293156,3.32030882497466,ComboPair-GARCH11_HybridQLIKE,validation
2022-10-27,2022-10-28,0.0040004302898497,4.364483884480152,ComboPair-GARCH11_HybridQLIKE,validation
2022-10-28,2022-10-31,0.003185411598369,3.728381094053293,ComboPair-GARCH11_HybridQLIKE,validation
2022-10-31,2022-11-01,0.3176638729946111,3.189860284434517,ComboPair-GARCH11_HybridQLIKE,validation
2022-11-01,2022-11-02,1.0542708806933592,2.7963676622882145,ComboPair-GARCH11_HybridQLIKE,validation
2022-11-02,2022-11-03,0.1094857130367321,2.635587417311944,ComboPair-GARCH11_HybridQLIKE,validation
2022-11-03,2022-11-04,5.049190747098641,2.374976658830837,ComboPair-GARCH11_HybridQLIKE,validation
2022-11-04,2022-11-07,4.95903292212355,2.667683483752196,ComboPair-GARCH11_HybridQLIKE,validation
2022-11-07,2022-11-08,0.4359307936718208,2.9351072752150884,ComboPair-GARCH11_HybridQLIKE,validation
2022-11-08,2022-11-09,0.1604496978685764,2.5845140673613862,ComboPair-GARCH11_HybridQLIKE,validation
2022-11-09,2022-11-10,15.751336654060546,2.315519869196618,ComboPair-GARCH11_HybridQLIKE,validation
2022-11-10,2022-11-11,0.5877644540297541,3.679414029656159,ComboPair-GARCH11_HybridQLIKE,validation
2022-11-11,2022-11-14,2.025904181968848,3.1650061047265803,ComboPair-GARCH11_HybridQLIKE,validation
2022-11-14,2022-11-15,9.894366349346946,3.019633930103505,ComboPair-GARCH11_HybridQLIKE,validation
2022-11-15,2022-11-16,11.17558049000805,3.7125149555533534,ComboPair-GARCH11_HybridQLIKE,validation
2022-11-16,2022-11-17,7.602516501605635,4.022489889510818,ComboPair-GARCH11_HybridQLIKE,validation
2022-11-17,2022-11-18,5.215358122437767e-05,4.114623629160983,ComboPair-GARCH11_HybridQLIKE,validation
2022-11-18,2022-11-21,0.8090953049399706,3.49870231188529,ComboPair-GARCH11_HybridQLIKE,validation
2022-11-21,2022-11-22,0.7954965643291928,3.1693441648185243,ComboPair-GARCH11_HybridQLIKE,validation
2022-11-22,2022-11-23,0.4158325821141256,2.861872858833714,ComboPair-GARCH11_HybridQLIKE,validation
2022-11-23,2022-11-24,0.0326156098281846,2.6344016904080245,ComboPair-GARCH11_HybridQLIKE,validation
2022-11-24,2022-11-25,6.126390414606435,2.3611835706492443,ComboPair-GARCH11_HybridQLIKE,validation
2022-11-25,2022-11-28,11.99171626886051,2.575274224953392,ComboPair-GARCH11_HybridQLIKE,validation
2022-11-28,2022-11-29,6.749510839154126,3.211921720676236,ComboPair-GARCH11_HybridQLIKE,validation
2022-11-29,2022-11-30,2.4431488019656613,3.2987924114236797,ComboPair-GARCH11_HybridQLIKE,validation
2022-11-30,2022-12-01,1.3565007887137526,3.058006882811252,ComboPair-GARCH11_HybridQLIKE,validation
2022-12-01,2022-12-02,17.084105039989844,2.8319379232558326,ComboPair-GARCH11_HybridQLIKE,validation
2022-12-02,2022-12-05,1.5797254157342264,3.8910115543912593,ComboPair-GARCH11_HybridQLIKE,validation
2022-12-05,2022-12-06,17.637687522394646,3.4816069177689433,ComboPair-GARCH11_HybridQLIKE,validation
2022-12-06,2022-12-07,0.5388682275570345,4.786900187116749,ComboPair-GARCH11_HybridQLIKE,validation
2022-12-07,2022-12-08,0.8269714352452323,4.171168310818443,ComboPair-GARCH11_HybridQLIKE,validation
2022-12-08,2022-12-09,0.0148277116225318,3.652654910506212,ComboPair-GARCH11_HybridQLIKE,validation
2022-12-09,2022-12-12,3.589507425464579,3.2141871894279657,ComboPair-GARCH11_HybridQLIKE,validation
2022-12-12,2022-12-13,2.1880754664799307,3.194855141535045,ComboPair-GARCH11_HybridQLIKE,validation
2022-12-13,2022-12-14,0.0807108309118899,2.944150217701121,ComboPair-GARCH11_HybridQLIKE,validation
2022-12-14,2022-12-15,0.2157077020057238,2.6129499869896504,ComboPair-GARCH11_HybridQLIKE,validation
2022-12-15,2022-12-16,0.072617015649584,2.339587225570748,ComboPair-GARCH11_HybridQLIKE,validation
2022-12-16,2022-12-19,1.813928705292506,2.1028932359365653,ComboPair-GARCH11_HybridQLIKE,validation
2022-12-19,2022-12-20,2.1946973166474533,2.096718487963679,ComboPair-GARCH11_HybridQLIKE,validation
2022-12-20,2022-12-21,0.1732700004356016,2.1105620152697346,ComboPair-GARCH11_HybridQLIKE,validation
2022-12-21,2022-12-22,0.1335316168500294,1.9290230475749226,ComboPair-GARCH11_HybridQLIKE,validation
2022-12-22,2022-12-23,0.0493851739530653,1.7645104038808692,ComboPair-GARCH11_HybridQLIKE,validation
2022-12-23,2022-12-26,12.275470581243656,1.6314139281797158,ComboPair-GARCH11_HybridQLIKE,validation
2022-12-26,2022-12-27,3.78693616836278,2.772887141286486,ComboPair-GARCH11_HybridQLIKE,validation
2022-12-27,2022-12-28,1.2053971949970186,2.7140982845522412,ComboPair-GARCH11_HybridQLIKE,validation
2022-12-28,2022-12-29,0.3958340163318585,2.500042205993573,ComboPair-GARCH11_HybridQLIKE,validation
2022-12-29,2022-12-30,0.047616879962563,2.284848461568486,ComboPair-GARCH11_HybridQLIKE,validation
