date,target_date,actual_var,pred_var,model,split
2023-02-06,2023-02-07,4.736232587067869,1.5830362506471563,ComboPair-BestGARCHFamily_HybridQLIKE,test
2023-02-07,2023-02-08,0.3561755878073738,2.0698892450696817,ComboPair-BestGARCHFamily_HybridQLIKE,test
2023-02-08,2023-02-09,0.5879330834697908,1.8530283173523272,ComboPair-BestGARCHFamily_HybridQLIKE,test
2023-02-09,2023-02-10,0.6787287097613596,1.8056590227188627,ComboPair-BestGARCHFamily_HybridQLIKE,test
2023-02-10,2023-02-13,1.2216869517708149,1.7395229272923554,ComboPair-BestGARCHFamily_HybridQLIKE,test
2023-02-13,2023-02-14,0.2361888824871934,1.74898990324039,ComboPair-BestGARCHFamily_HybridQLIKE,test
2023-02-14,2023-02-15,0.8394668425834446,1.626085920034802,ComboPair-BestGARCHFamily_HybridQLIKE,test
2023-02-15,2023-02-16,0.9177621933014196,1.5411144097431366,ComboPair-BestGARCHFamily_HybridQLIKE,test
2023-02-16,2023-02-17,0.0092805250097098,1.461205636834742,ComboPair-BestGARCHFamily_HybridQLIKE,test
2023-02-17,2023-02-20,6.512002780573765,1.280879740555739,ComboPair-BestGARCHFamily_HybridQLIKE,test
2023-02-20,2023-02-21,0.1691390418565458,1.4917359351482693,ComboPair-BestGARCHFamily_HybridQLIKE,test
2023-02-21,2023-02-22,6.846416409130559,1.4644867000089294,ComboPair-BestGARCHFamily_HybridQLIKE,test
2023-02-22,2023-02-23,0.0034604047962046,2.112149714117,ComboPair-BestGARCHFamily_HybridQLIKE,test
2023-02-23,2023-02-24,1.8150207850841689,1.8103460039610872,ComboPair-BestGARCHFamily_HybridQLIKE,test
2023-02-24,2023-02-27,3.157792800250552,1.9312787234224293,ComboPair-BestGARCHFamily_HybridQLIKE,test
2023-02-27,2023-02-28,0.1124261928232939,2.1257939101678422,ComboPair-BestGARCHFamily_HybridQLIKE,test
2023-02-28,2023-03-01,2.362077222441523,1.8980334890460062,ComboPair-BestGARCHFamily_HybridQLIKE,test
2023-03-01,2023-03-02,0.0800566234507277,1.8634616714258412,ComboPair-BestGARCHFamily_HybridQLIKE,test
2023-03-02,2023-03-03,1.5504718457013609,1.6875020175766844,ComboPair-BestGARCHFamily_HybridQLIKE,test
2023-03-03,2023-03-06,0.0551773612932756,1.8125716679645612,ComboPair-BestGARCHFamily_HybridQLIKE,test
2023-03-06,2023-03-07,1.0659420423683896,1.5923799624879171,ComboPair-BestGARCHFamily_HybridQLIKE,test
2023-03-07,2023-03-08,1.180976964777076,1.531895203954594,ComboPair-BestGARCHFamily_HybridQLIKE,test
2023-03-08,2023-03-09,0.4136971055728827,1.4758956736605322,ComboPair-BestGARCHFamily_HybridQLIKE,test
2023-03-09,2023-03-10,0.078265798957639,1.337662558235475,ComboPair-BestGARCHFamily_HybridQLIKE,test
2023-03-10,2023-03-13,0.0003608159625681,1.2963298605764901,ComboPair-BestGARCHFamily_HybridQLIKE,test
2023-03-13,2023-03-14,1.4659340258862177,1.1721702029927903,ComboPair-BestGARCHFamily_HybridQLIKE,test
2023-03-14,2023-03-15,4.404587524685249,1.3061454131558141,ComboPair-BestGARCHFamily_HybridQLIKE,test
2023-03-15,2023-03-16,1.966140070411206,1.500033902730123,ComboPair-BestGARCHFamily_HybridQLIKE,test
2023-03-16,2023-03-17,0.0466583815583474,1.7276202016704207,ComboPair-BestGARCHFamily_HybridQLIKE,test
2023-03-17,2023-03-20,4.542701346022625,1.55734803579933,ComboPair-BestGARCHFamily_HybridQLIKE,test
2023-03-20,2023-03-21,0.8241032078763476,2.0121960244133534,ComboPair-BestGARCHFamily_HybridQLIKE,test
2023-03-21,2023-03-22,0.6122377400151076,1.9280267757523188,ComboPair-BestGARCHFamily_HybridQLIKE,test
2023-03-22,2023-03-23,0.1912107767600162,1.7740486921731282,ComboPair-BestGARCHFamily_HybridQLIKE,test
2023-03-23,2023-03-24,0.0261069358389794,1.5587184093890518,ComboPair-BestGARCHFamily_HybridQLIKE,test
2023-03-24,2023-03-27,0.2706486133246383,1.3565833062660186,ComboPair-BestGARCHFamily_HybridQLIKE,test
2023-03-27,2023-03-28,0.0375129464792075,1.239073060809213,ComboPair-BestGARCHFamily_HybridQLIKE,test
2023-03-28,2023-03-29,0.0373680554186715,1.1287958616850027,ComboPair-BestGARCHFamily_HybridQLIKE,test
2023-03-29,2023-03-30,0.0864260143113033,1.0376735410925737,ComboPair-BestGARCHFamily_HybridQLIKE,test
2023-03-30,2023-03-31,0.2397323675517269,0.9652553606835792,ComboPair-BestGARCHFamily_HybridQLIKE,test
2023-03-31,2023-04-03,1.8652562093058924,0.9216875003774798,ComboPair-BestGARCHFamily_HybridQLIKE,test
2023-04-03,2023-04-04,0.0059186412860023,0.9971954644590065,ComboPair-BestGARCHFamily_HybridQLIKE,test
2023-04-04,2023-04-05,0.0498269661847383,0.9536784061416523,ComboPair-BestGARCHFamily_HybridQLIKE,test
2023-04-05,2023-04-06,0.8553042836437406,0.8884714268029181,ComboPair-BestGARCHFamily_HybridQLIKE,test
2023-04-06,2023-04-07,0.0125702355791553,1.0203225653069434,ComboPair-BestGARCHFamily_HybridQLIKE,test
2023-04-07,2023-04-10,0.1668068990512428,0.9339714402429441,ComboPair-BestGARCHFamily_HybridQLIKE,test
2023-04-10,2023-04-11,0.1482607699784405,0.9239915745132815,ComboPair-BestGARCHFamily_HybridQLIKE,test
2023-04-11,2023-04-12,8.743291732272662e-07,0.8910406740015273,ComboPair-BestGARCHFamily_HybridQLIKE,test
2023-04-12,2023-04-13,0.2330177840007939,0.8402932079581482,ComboPair-BestGARCHFamily_HybridQLIKE,test
2023-04-13,2023-04-14,1.1617696349612645,0.8628271796098002,ComboPair-BestGARCHFamily_HybridQLIKE,test
2023-04-14,2023-04-17,0.0076283447272982,0.995298794535597,ComboPair-BestGARCHFamily_HybridQLIKE,test
2023-04-17,2023-04-18,0.0131688449679895,0.9311234301737058,ComboPair-BestGARCHFamily_HybridQLIKE,test
2023-04-18,2023-04-19,0.3296437026732272,0.8735941836912751,ComboPair-BestGARCHFamily_HybridQLIKE,test
2023-04-19,2023-04-20,0.0006623405434785,0.8974860880737117,ComboPair-BestGARCHFamily_HybridQLIKE,test
2023-04-20,2023-04-21,0.3673257523211698,0.8238920612655665,ComboPair-BestGARCHFamily_HybridQLIKE,test
2023-04-21,2023-04-24,0.0221215519921837,0.858670867703169,ComboPair-BestGARCHFamily_HybridQLIKE,test
2023-04-24,2023-04-25,0.3932622485353985,0.8045618533301109,ComboPair-BestGARCHFamily_HybridQLIKE,test
2023-04-25,2023-04-26,0.328691182889417,0.8359984537356805,ComboPair-BestGARCHFamily_HybridQLIKE,test
2023-04-26,2023-04-27,0.0126510214171176,0.8254416558396087,ComboPair-BestGARCHFamily_HybridQLIKE,test
2023-04-27,2023-04-28,0.8257060505705139,0.790338327183417,ComboPair-BestGARCHFamily_HybridQLIKE,test
2023-04-28,2023-05-04,0.663351259487948,0.8159214503574499,ComboPair-BestGARCHFamily_HybridQLIKE,test
2023-05-04,2023-05-05,0.0008313650023289,0.9188659244545542,ComboPair-BestGARCHFamily_HybridQLIKE,test
2023-05-05,2023-05-08,1.5730813455266768,0.8466425946713274,ComboPair-BestGARCHFamily_HybridQLIKE,test
2023-05-08,2023-05-09,0.0009810073041391,0.9122880847980912,ComboPair-BestGARCHFamily_HybridQLIKE,test
2023-05-09,2023-05-10,0.1807814295588449,0.8489265343255179,ComboPair-BestGARCHFamily_HybridQLIKE,test
2023-05-10,2023-05-11,0.0116169732719969,0.8208089826647043,ComboPair-BestGARCHFamily_HybridQLIKE,test
2023-05-11,2023-05-12,0.8480601097426534,0.8060510208745268,ComboPair-BestGARCHFamily_HybridQLIKE,test
2023-05-12,2023-05-15,0.0124546383596074,0.8379756955328603,ComboPair-BestGARCHFamily_HybridQLIKE,test
2023-05-15,2023-05-16,0.0003521278803455,0.8190262294841515,ComboPair-BestGARCHFamily_HybridQLIKE,test
2023-05-16,2023-05-17,0.2647079940558091,0.765616352177072,ComboPair-BestGARCHFamily_HybridQLIKE,test
2023-05-17,2023-05-18,0.5467189046851431,0.8149525001089806,ComboPair-BestGARCHFamily_HybridQLIKE,test
2023-05-18,2023-05-19,0.0134881726921275,0.8243997417274591,ComboPair-BestGARCHFamily_HybridQLIKE,test
2023-05-19,2023-05-22,0.1115577260954784,0.79914244465102,ComboPair-BestGARCHFamily_HybridQLIKE,test
2023-05-22,2023-05-23,0.2010623455676166,0.7739555139239235,ComboPair-BestGARCHFamily_HybridQLIKE,test
2023-05-23,2023-05-24,0.1456521231551851,0.8122590353489909,ComboPair-BestGARCHFamily_HybridQLIKE,test
2023-05-24,2023-05-25,0.0713508401309495,0.824357990839347,ComboPair-BestGARCHFamily_HybridQLIKE,test
2023-05-25,2023-05-26,0.006683379548905,0.7959726058187795,ComboPair-BestGARCHFamily_HybridQLIKE,test
2023-05-26,2023-05-29,1.1008741895280585,0.7569955174972997,ComboPair-BestGARCHFamily_HybridQLIKE,test
2023-05-29,2023-05-30,0.0813274524532,0.8079443899444843,ComboPair-BestGARCHFamily_HybridQLIKE,test
2023-05-30,2023-05-31,0.0715597269351419,0.7761982813259574,ComboPair-BestGARCHFamily_HybridQLIKE,test
2023-05-31,2023-06-01,0.0894248931377806,0.7924933707364524,ComboPair-BestGARCHFamily_HybridQLIKE,test
2023-06-01,2023-06-02,1.3176407801372392,0.7683193384139552,ComboPair-BestGARCHFamily_HybridQLIKE,test
2023-06-02,2023-06-05,0.4068339428608296,0.8406761223149195,ComboPair-BestGARCHFamily_HybridQLIKE,test
2023-06-05,2023-06-06,0.9043890866960916,0.8354200606738929,ComboPair-BestGARCHFamily_HybridQLIKE,test
2023-06-06,2023-06-07,0.0123028566285396,0.8477087996287445,ComboPair-BestGARCHFamily_HybridQLIKE,test
2023-06-07,2023-06-08,0.5529490855904797,0.8253290509841142,ComboPair-BestGARCHFamily_HybridQLIKE,test
2023-06-08,2023-06-09,0.3161644467066298,0.928177292149583,ComboPair-BestGARCHFamily_HybridQLIKE,test
2023-06-09,2023-06-12,0.5831574033164091,0.9043579108936708,ComboPair-BestGARCHFamily_HybridQLIKE,test
2023-06-12,2023-06-13,0.3310759893352936,0.9118345017234673,ComboPair-BestGARCHFamily_HybridQLIKE,test
2023-06-13,2023-06-14,0.2025223817587841,0.8999086034509516,ComboPair-BestGARCHFamily_HybridQLIKE,test
2023-06-14,2023-06-15,0.0016224341258812,0.9386426828630078,ComboPair-BestGARCHFamily_HybridQLIKE,test
2023-06-15,2023-06-16,0.024585211583996,0.8815472532159783,ComboPair-BestGARCHFamily_HybridQLIKE,test
2023-06-16,2023-06-19,0.7822402072538185,0.8688507866110831,ComboPair-BestGARCHFamily_HybridQLIKE,test
2023-06-19,2023-06-20,0.3250259985876756,0.925768389122687,ComboPair-BestGARCHFamily_HybridQLIKE,test
2023-06-20,2023-06-21,0.3653445181035127,0.9121311458191894,ComboPair-BestGARCHFamily_HybridQLIKE,test
2023-06-21,2023-06-22,0.3717252672960691,0.9069364859735747,ComboPair-BestGARCHFamily_HybridQLIKE,test
2023-06-22,2023-06-23,0.1309819466607628,0.8925595215628931,ComboPair-BestGARCHFamily_HybridQLIKE,test
2023-06-23,2023-06-26,0.0549279663710728,0.8572087200195133,ComboPair-BestGARCHFamily_HybridQLIKE,test
2023-06-26,2023-06-27,0.0411962958640958,0.8200960172356462,ComboPair-BestGARCHFamily_HybridQLIKE,test
2023-06-27,2023-06-28,0.1251516048900254,0.769811608134373,ComboPair-BestGARCHFamily_HybridQLIKE,test
2023-06-28,2023-06-29,1.3110715533307906,0.7605412090025043,ComboPair-BestGARCHFamily_HybridQLIKE,test
2023-06-29,2023-06-30,0.2153197174085333,0.9222149129134464,ComboPair-BestGARCHFamily_HybridQLIKE,test
2023-06-30,2023-07-03,0.2244859363593752,0.9117050439269625,ComboPair-BestGARCHFamily_HybridQLIKE,test
2023-07-03,2023-07-04,0.331614557206894,0.894415240969509,ComboPair-BestGARCHFamily_HybridQLIKE,test
2023-07-04,2023-07-05,0.0534448088033697,0.8907234191153228,ComboPair-BestGARCHFamily_HybridQLIKE,test
2023-07-05,2023-07-06,0.5521828368120864,0.8479926459807059,ComboPair-BestGARCHFamily_HybridQLIKE,test
2023-07-06,2023-07-07,1.0955709924740076,0.9396945407580184,ComboPair-BestGARCHFamily_HybridQLIKE,test
2023-07-07,2023-07-10,0.9169134777331625,0.9692136648858063,ComboPair-BestGARCHFamily_HybridQLIKE,test
2023-07-10,2023-07-11,0.057144157007868,0.9997397539070665,ComboPair-BestGARCHFamily_HybridQLIKE,test
2023-07-11,2023-07-12,0.0444186703613796,0.9428637675908182,ComboPair-BestGARCHFamily_HybridQLIKE,test
2023-07-12,2023-07-13,0.9358770339385756,0.8720535445274049,ComboPair-BestGARCHFamily_HybridQLIKE,test
2023-07-13,2023-07-14,0.0652166185346891,0.8909721177387493,ComboPair-BestGARCHFamily_HybridQLIKE,test
2023-07-14,2023-07-17,0.1632239943294482,0.864576970968106,ComboPair-BestGARCHFamily_HybridQLIKE,test
2023-07-17,2023-07-18,0.0066910598075562,0.8389700642302589,ComboPair-BestGARCHFamily_HybridQLIKE,test
2023-07-18,2023-07-19,0.0089465157105592,0.7928396477205788,ComboPair-BestGARCHFamily_HybridQLIKE,test
2023-07-19,2023-07-20,0.0002100775164203,0.7789069815791554,ComboPair-BestGARCHFamily_HybridQLIKE,test
2023-07-20,2023-07-21,1.2319670859049314,0.7405861370244557,ComboPair-BestGARCHFamily_HybridQLIKE,test
2023-07-21,2023-07-24,0.164526463877313,0.8088883387277948,ComboPair-BestGARCHFamily_HybridQLIKE,test
2023-07-24,2023-07-25,0.1884318549081098,0.7973048381841266,ComboPair-BestGARCHFamily_HybridQLIKE,test
2023-07-25,2023-07-26,0.1699312574616927,0.7769161631815181,ComboPair-BestGARCHFamily_HybridQLIKE,test
2023-07-26,2023-07-27,0.0856869950327944,0.7570049001921286,ComboPair-BestGARCHFamily_HybridQLIKE,test
2023-07-27,2023-07-28,0.7393945741890614,0.7851490934392626,ComboPair-BestGARCHFamily_HybridQLIKE,test
2023-07-28,2023-07-31,1.5705613280253743,0.820575752760889,ComboPair-BestGARCHFamily_HybridQLIKE,test
2023-07-31,2023-08-01,0.191513989792846,0.8972853102515147,ComboPair-BestGARCHFamily_HybridQLIKE,test
2023-08-01,2023-08-02,0.0554319741987418,0.951690337176135,ComboPair-BestGARCHFamily_HybridQLIKE,test
2023-08-02,2023-08-03,0.6081005379926719,0.8750394666084556,ComboPair-BestGARCHFamily_HybridQLIKE,test
2023-08-03,2023-08-04,1.5216082607669985,0.9687502509852415,ComboPair-BestGARCHFamily_HybridQLIKE,test
2023-08-04,2023-08-07,1.5663427455149326,1.0482238389035956,ComboPair-BestGARCHFamily_HybridQLIKE,test
2023-08-07,2023-08-08,0.0042545072808971,1.09921233306174,ComboPair-BestGARCHFamily_HybridQLIKE,test
2023-08-08,2023-08-09,0.4429341513499315,1.030591037330722,ComboPair-BestGARCHFamily_HybridQLIKE,test
2023-08-09,2023-08-10,1.18855521360565,1.097854103343068,ComboPair-BestGARCHFamily_HybridQLIKE,test
2023-08-10,2023-08-11,0.8946457187409982,1.2228982851017212,ComboPair-BestGARCHFamily_HybridQLIKE,test
2023-08-11,2023-08-14,0.1406576061529025,1.243274397923214,ComboPair-BestGARCHFamily_HybridQLIKE,test
2023-08-14,2023-08-15,0.0509990332423939,1.175600467395546,ComboPair-BestGARCHFamily_HybridQLIKE,test
2023-08-15,2023-08-16,0.5528693854620391,1.1108613592629761,ComboPair-BestGARCHFamily_HybridQLIKE,test
2023-08-16,2023-08-17,0.6237080926504832,1.0736312115922348,ComboPair-BestGARCHFamily_HybridQLIKE,test
2023-08-17,2023-08-18,21.187467781738864,1.1725024655136225,ComboPair-BestGARCHFamily_HybridQLIKE,test
2023-08-18,2023-08-21,0.0225429724444894,2.706796324859438,ComboPair-BestGARCHFamily_HybridQLIKE,test
2023-08-21,2023-08-22,0.0038263943505654,2.3245672128213415,ComboPair-BestGARCHFamily_HybridQLIKE,test
2023-08-22,2023-08-23,0.4543048185096983,2.010063448394182,ComboPair-BestGARCHFamily_HybridQLIKE,test
2023-08-23,2023-08-24,2.030960720400387,1.8492571020322945,ComboPair-BestGARCHFamily_HybridQLIKE,test
2023-08-24,2023-08-25,0.2574822009117362,1.8112999524088935,ComboPair-BestGARCHFamily_HybridQLIKE,test
2023-08-25,2023-08-28,2.3677711449578327,1.7457333624491627,ComboPair-BestGARCHFamily_HybridQLIKE,test
2023-08-28,2023-08-29,0.0507403600472885,1.7506446526206152,ComboPair-BestGARCHFamily_HybridQLIKE,test
2023-08-29,2023-08-30,0.521587233427783,1.5455175334990727,ComboPair-BestGARCHFamily_HybridQLIKE,test
2023-08-30,2023-08-31,0.798611626583033,1.4434730241870768,ComboPair-BestGARCHFamily_HybridQLIKE,test
2023-08-31,2023-09-05,0.790275250555677,1.373404571339937,ComboPair-BestGARCHFamily_HybridQLIKE,test
2023-09-05,2023-09-06,0.7194907575034776,1.319935191075943,ComboPair-BestGARCHFamily_HybridQLIKE,test
2023-09-06,2023-09-07,0.0359716287929884,1.2768294883031817,ComboPair-BestGARCHFamily_HybridQLIKE,test
2023-09-07,2023-09-08,0.0178548556372743,1.2238898657255195,ComboPair-BestGARCHFamily_HybridQLIKE,test
2023-09-08,2023-09-11,2.097389099277001,1.145869676169629,ComboPair-BestGARCHFamily_HybridQLIKE,test
2023-09-11,2023-09-12,3.1212396050656377,1.3670485264073138,ComboPair-BestGARCHFamily_HybridQLIKE,test
2023-09-12,2023-09-13,0.3222528903899724,1.477715116434997,ComboPair-BestGARCHFamily_HybridQLIKE,test
2023-09-13,2023-09-14,1.4026151894519558,1.4579523400852636,ComboPair-BestGARCHFamily_HybridQLIKE,test
2023-09-14,2023-09-15,0.0839016379792105,1.5748079087810518,ComboPair-BestGARCHFamily_HybridQLIKE,test
2023-09-15,2023-09-18,1.6257299462595711,1.4137768942990712,ComboPair-BestGARCHFamily_HybridQLIKE,test
2023-09-18,2023-09-19,0.000654584074098,1.5427779146245972,ComboPair-BestGARCHFamily_HybridQLIKE,test
2023-09-19,2023-09-20,1.4369523878233037,1.3838033839609938,ComboPair-BestGARCHFamily_HybridQLIKE,test
2023-09-20,2023-09-21,1.2021573804780938,1.3819024005542446,ComboPair-BestGARCHFamily_HybridQLIKE,test
2023-09-21,2023-09-22,2.67951003310709,1.5247359479511295,ComboPair-BestGARCHFamily_HybridQLIKE,test
2023-09-22,2023-09-25,11.541216926620844,1.7763863816475327,ComboPair-BestGARCHFamily_HybridQLIKE,test
2023-09-25,2023-09-26,1.7698314100181254,2.6713469174174023,ComboPair-BestGARCHFamily_HybridQLIKE,test
2023-09-26,2023-09-27,1.922934467977144,2.468189456431408,ComboPair-BestGARCHFamily_HybridQLIKE,test
2023-09-27,2023-09-28,0.0151639632836694,2.3970346214810068,ComboPair-BestGARCHFamily_HybridQLIKE,test
2023-09-28,2023-09-29,0.02224231577349,2.038837625377692,ComboPair-BestGARCHFamily_HybridQLIKE,test
2023-09-29,2023-10-02,0.0090750098350391,1.7305032221575078,ComboPair-BestGARCHFamily_HybridQLIKE,test
2023-10-02,2023-10-03,10.683716279206385,1.5161700745327715,ComboPair-BestGARCHFamily_HybridQLIKE,test
2023-10-03,2023-10-04,0.8853176884286172,2.4427290318011154,ComboPair-BestGARCHFamily_HybridQLIKE,test
2023-10-04,2023-10-05,1.7375339257639013,2.2591476110367212,ComboPair-BestGARCHFamily_HybridQLIKE,test
2023-10-05,2023-10-06,1.7072998751511268,2.3036626954948467,ComboPair-BestGARCHFamily_HybridQLIKE,test
2023-10-06,2023-10-09,0.6060662073826656,2.1837100804598957,ComboPair-BestGARCHFamily_HybridQLIKE,test
2023-10-09,2023-10-10,0.3080349756366544,1.9332861431955763,ComboPair-BestGARCHFamily_HybridQLIKE,test
2023-10-10,2023-10-11,0.3851648462229108,1.7109368904463917,ComboPair-BestGARCHFamily_HybridQLIKE,test
2023-10-11,2023-10-12,0.0048291522978458,1.5443333194051343,ComboPair-BestGARCHFamily_HybridQLIKE,test
2023-10-12,2023-10-13,0.0732020168306359,1.3705407325138008,ComboPair-BestGARCHFamily_HybridQLIKE,test
2023-10-13,2023-10-16,1.3440806213781142,1.2408832137125096,ComboPair-BestGARCHFamily_HybridQLIKE,test
2023-10-16,2023-10-17,3.052807721519015,1.3888033063747833,ComboPair-BestGARCHFamily_HybridQLIKE,test
2023-10-17,2023-10-18,2.691074109609036,1.672080859638898,ComboPair-BestGARCHFamily_HybridQLIKE,test
2023-10-18,2023-10-19,2.014426845995019,1.8405245484444777,ComboPair-BestGARCHFamily_HybridQLIKE,test
2023-10-19,2023-10-20,3.37838828040453,1.905577649056944,ComboPair-BestGARCHFamily_HybridQLIKE,test
2023-10-20,2023-10-23,1.7351918672263549,1.993700492348884,ComboPair-BestGARCHFamily_HybridQLIKE,test
2023-10-23,2023-10-24,1.2652847100550173,2.114247279672094,ComboPair-BestGARCHFamily_HybridQLIKE,test
2023-10-24,2023-10-25,0.1475596920145903,1.9702938339369556,ComboPair-BestGARCHFamily_HybridQLIKE,test
2023-10-25,2023-10-26,18.362010800338208,1.816693264537763,ComboPair-BestGARCHFamily_HybridQLIKE,test
2023-10-26,2023-10-27,0.2387716417217482,3.2719345397876802,ComboPair-BestGARCHFamily_HybridQLIKE,test
2023-10-27,2023-10-30,3.0025597858118136,2.823207517599788,ComboPair-BestGARCHFamily_HybridQLIKE,test
2023-10-30,2023-10-31,1.8839681619493045,2.941488941047571,ComboPair-BestGARCHFamily_HybridQLIKE,test
2023-10-31,2023-11-01,1.230715501580414,2.783918879793632,ComboPair-BestGARCHFamily_HybridQLIKE,test
2023-11-01,2023-11-02,11.467731176476716,2.5298952825002177,ComboPair-BestGARCHFamily_HybridQLIKE,test
2023-11-02,2023-11-03,0.0148189440021049,2.8392134940168274,ComboPair-BestGARCHFamily_HybridQLIKE,test
2023-11-03,2023-11-06,1.4138672012584073,2.3700727540978725,ComboPair-BestGARCHFamily_HybridQLIKE,test
2023-11-06,2023-11-07,0.7458390495009208,2.138100629928099,ComboPair-BestGARCHFamily_HybridQLIKE,test
2023-11-07,2023-11-08,9.129956144189087,2.15326476631153,ComboPair-BestGARCHFamily_HybridQLIKE,test
2023-11-08,2023-11-09,0.0017061233763225,2.446253940209371,ComboPair-BestGARCHFamily_HybridQLIKE,test
2023-11-09,2023-11-10,1.2148681903111338,2.0806376838874208,ComboPair-BestGARCHFamily_HybridQLIKE,test
2023-11-10,2023-11-13,0.0213882813414155,2.124653946028775,ComboPair-BestGARCHFamily_HybridQLIKE,test
2023-11-13,2023-11-14,0.7643879612116624,1.870318222954888,ComboPair-BestGARCHFamily_HybridQLIKE,test
2023-11-14,2023-11-15,1.309101680363533,1.7576720629338225,ComboPair-BestGARCHFamily_HybridQLIKE,test
2023-11-15,2023-11-16,0.0726677258555493,1.7151281562953744,ComboPair-BestGARCHFamily_HybridQLIKE,test
2023-11-16,2023-11-17,4.779742663796966,1.4997726011067987,ComboPair-BestGARCHFamily_HybridQLIKE,test
2023-11-17,2023-11-20,0.0501991268589152,2.009532050320961,ComboPair-BestGARCHFamily_HybridQLIKE,test
2023-11-20,2023-11-21,0.3772925570702379,1.7644575953009256,ComboPair-BestGARCHFamily_HybridQLIKE,test
2023-11-21,2023-11-22,0.0912767762573235,1.6411827169401947,ComboPair-BestGARCHFamily_HybridQLIKE,test
2023-11-22,2023-11-23,5.291901747240125,1.4927696882668637,ComboPair-BestGARCHFamily_HybridQLIKE,test
2023-11-23,2023-11-24,0.4250871900618609,2.001926850567761,ComboPair-BestGARCHFamily_HybridQLIKE,test
2023-11-24,2023-11-27,0.4781711175817431,1.8157078089999819,ComboPair-BestGARCHFamily_HybridQLIKE,test
2023-11-27,2023-11-28,0.4557176520002135,1.7211831725635236,ComboPair-BestGARCHFamily_HybridQLIKE,test
2023-11-28,2023-11-29,0.4496265629344425,1.6224771981008157,ComboPair-BestGARCHFamily_HybridQLIKE,test
2023-11-29,2023-11-30,0.6229744807299576,1.491408160789458,ComboPair-BestGARCHFamily_HybridQLIKE,test
2023-11-30,2023-12-01,0.5347066481770756,1.5513284369248646,ComboPair-BestGARCHFamily_HybridQLIKE,test
2023-12-01,2023-12-04,2.720585966130201,1.4418939159066984,ComboPair-BestGARCHFamily_HybridQLIKE,test
2023-12-04,2023-12-05,0.163386350982878,1.5375730778499905,ComboPair-BestGARCHFamily_HybridQLIKE,test
2023-12-05,2023-12-06,0.8703691532467039,1.4569795603592564,ComboPair-BestGARCHFamily_HybridQLIKE,test
2023-12-06,2023-12-07,0.193176184914791,1.388521874823005,ComboPair-BestGARCHFamily_HybridQLIKE,test
2023-12-07,2023-12-08,0.0690100099875838,1.402143663441133,ComboPair-BestGARCHFamily_HybridQLIKE,test
2023-12-08,2023-12-11,0.0088783019772855,1.2615403113268315,ComboPair-BestGARCHFamily_HybridQLIKE,test
2023-12-11,2023-12-12,0.0357476055077411,1.1383045416160278,ComboPair-BestGARCHFamily_HybridQLIKE,test
2023-12-12,2023-12-13,1.4355458045904153,1.042736306896392,ComboPair-BestGARCHFamily_HybridQLIKE,test
2023-12-13,2023-12-14,0.1339218193100039,1.219947404119007,ComboPair-BestGARCHFamily_HybridQLIKE,test
2023-12-14,2023-12-15,0.501011926570286,1.1569882004548535,ComboPair-BestGARCHFamily_HybridQLIKE,test
2023-12-15,2023-12-18,0.9021057574713134,1.1655966837880039,ComboPair-BestGARCHFamily_HybridQLIKE,test
2023-12-18,2023-12-19,0.163207316046184,1.2117432606728635,ComboPair-BestGARCHFamily_HybridQLIKE,test
2023-12-19,2023-12-20,0.1648341022859622,1.1434798337022871,ComboPair-BestGARCHFamily_HybridQLIKE,test
2023-12-20,2023-12-21,0.0229820728280408,1.0645954958185082,ComboPair-BestGARCHFamily_HybridQLIKE,test
2023-12-21,2023-12-22,0.003263855536434,0.9723536158751898,ComboPair-BestGARCHFamily_HybridQLIKE,test
2023-12-22,2023-12-25,1.728982548756669,0.8910128541546357,ComboPair-BestGARCHFamily_HybridQLIKE,test
2023-12-25,2023-12-26,0.1679675706187517,0.9513564087231731,ComboPair-BestGARCHFamily_HybridQLIKE,test
2023-12-26,2023-12-27,0.0005368687109465,0.9099959802594205,ComboPair-BestGARCHFamily_HybridQLIKE,test
2023-12-27,2023-12-28,0.3802432948523992,0.8709040976175975,ComboPair-BestGARCHFamily_HybridQLIKE,test
2023-12-28,2023-12-29,0.0078393746118935,0.8573628688039834,ComboPair-BestGARCHFamily_HybridQLIKE,test
2023-12-29,2024-01-02,0.0250562134986935,0.8086060532420336,ComboPair-BestGARCHFamily_HybridQLIKE,test
2024-01-02,2024-01-03,1.197029417048885,0.7772007619774441,ComboPair-BestGARCHFamily_HybridQLIKE,test
2024-01-03,2024-01-04,0.3258526092006003,0.825910749876033,ComboPair-BestGARCHFamily_HybridQLIKE,test
2024-01-04,2024-01-05,0.1180208232703248,0.8425846560960322,ComboPair-BestGARCHFamily_HybridQLIKE,test
2024-01-05,2024-01-08,0.2266269824272246,0.7996291902281143,ComboPair-BestGARCHFamily_HybridQLIKE,test
2024-01-08,2024-01-09,0.0190450011331964,0.7855889990710355,ComboPair-BestGARCHFamily_HybridQLIKE,test
2024-01-09,2024-01-10,0.0646665738710911,0.7770384104036636,ComboPair-BestGARCHFamily_HybridQLIKE,test
2024-01-10,2024-01-11,0.0034252738431133,0.7619092323028122,ComboPair-BestGARCHFamily_HybridQLIKE,test
2024-01-11,2024-01-12,0.4213826457560849,0.7221417484695294,ComboPair-BestGARCHFamily_HybridQLIKE,test
2024-01-12,2024-01-15,0.0025242702278622,0.7963902240620162,ComboPair-BestGARCHFamily_HybridQLIKE,test
2024-01-15,2024-01-16,0.6034028324453893,0.7426748552188306,ComboPair-BestGARCHFamily_HybridQLIKE,test
2024-01-16,2024-01-17,0.0025743958188708,0.766702959447788,ComboPair-BestGARCHFamily_HybridQLIKE,test
2024-01-17,2024-01-18,0.3137503773939618,0.7414937132494652,ComboPair-BestGARCHFamily_HybridQLIKE,test
2024-01-18,2024-01-19,1.120382144309341,0.7367978634553956,ComboPair-BestGARCHFamily_HybridQLIKE,test
2024-01-19,2024-01-22,0.0132345962603059,0.7789858003199843,ComboPair-BestGARCHFamily_HybridQLIKE,test
2024-01-22,2024-01-23,0.2062692888507807,0.748333450256808,ComboPair-BestGARCHFamily_HybridQLIKE,test
2024-01-23,2024-01-24,0.1485757892019817,0.7816071126865516,ComboPair-BestGARCHFamily_HybridQLIKE,test
2024-01-24,2024-01-25,0.0492420848338565,0.7982918742124685,ComboPair-BestGARCHFamily_HybridQLIKE,test
2024-01-25,2024-01-26,0.2041467089523473,0.778579217792244,ComboPair-BestGARCHFamily_HybridQLIKE,test
2024-01-26,2024-01-29,2.893888078905973e-06,0.7705761748577065,ComboPair-BestGARCHFamily_HybridQLIKE,test
2024-01-29,2024-01-30,0.1130691080782245,0.7294967326338123,ComboPair-BestGARCHFamily_HybridQLIKE,test
2024-01-30,2024-01-31,1.7132578057426455,0.7085878280572826,ComboPair-BestGARCHFamily_HybridQLIKE,test
2024-01-31,2024-02-01,0.5554695483427156,0.9279139499968861,ComboPair-BestGARCHFamily_HybridQLIKE,test
2024-02-01,2024-02-02,0.0016060494837953,0.9365249432311529,ComboPair-BestGARCHFamily_HybridQLIKE,test
2024-02-02,2024-02-05,1.312405125307974,0.8816439560880316,ComboPair-BestGARCHFamily_HybridQLIKE,test
2024-02-05,2024-02-06,0.041546270496195,0.9401371908049299,ComboPair-BestGARCHFamily_HybridQLIKE,test
2024-02-06,2024-02-07,0.7090694435364681,0.8706560697403709,ComboPair-BestGARCHFamily_HybridQLIKE,test
2024-02-07,2024-02-15,0.10935700902328,0.8757169462070504,ComboPair-BestGARCHFamily_HybridQLIKE,test
2024-02-15,2024-02-16,0.3563698361907522,0.8429740479568797,ComboPair-BestGARCHFamily_HybridQLIKE,test
2024-02-16,2024-02-19,1.5735090531706803,0.8420245192184312,ComboPair-BestGARCHFamily_HybridQLIKE,test
2024-02-19,2024-02-20,0.1719424828204338,0.9164154783891398,ComboPair-BestGARCHFamily_HybridQLIKE,test
2024-02-20,2024-02-21,2.643713937948573e-06,0.8766187489764266,ComboPair-BestGARCHFamily_HybridQLIKE,test
2024-02-21,2024-02-22,0.0493686905262693,0.8472790123417473,ComboPair-BestGARCHFamily_HybridQLIKE,test
2024-02-22,2024-02-23,1.5757517057356472,0.8379704602033922,ComboPair-BestGARCHFamily_HybridQLIKE,test
2024-02-23,2024-02-26,0.9982359162312492,1.0340828821622414,ComboPair-BestGARCHFamily_HybridQLIKE,test
2024-02-26,2024-02-27,1.16593097532243,1.0615113655849209,ComboPair-BestGARCHFamily_HybridQLIKE,test
2024-02-27,2024-02-28,1.8813005066335944,1.0943169925273208,ComboPair-BestGARCHFamily_HybridQLIKE,test
2024-02-28,2024-02-29,0.0210764395400896,1.1405348225144567,ComboPair-BestGARCHFamily_HybridQLIKE,test
2024-02-29,2024-03-01,0.1954116660389362,1.120064217825604,ComboPair-BestGARCHFamily_HybridQLIKE,test
2024-03-01,2024-03-04,0.0617241173730905,1.0495661041370221,ComboPair-BestGARCHFamily_HybridQLIKE,test
2024-03-04,2024-03-05,0.458465682898879,0.9976125333454409,ComboPair-BestGARCHFamily_HybridQLIKE,test
2024-03-05,2024-03-06,0.3277686759141466,0.9898562186110093,ComboPair-BestGARCHFamily_HybridQLIKE,test
2024-03-06,2024-03-07,0.2049845962757557,1.0303914279996886,ComboPair-BestGARCHFamily_HybridQLIKE,test
2024-03-07,2024-03-08,2.816444292658484,0.9867339588522407,ComboPair-BestGARCHFamily_HybridQLIKE,test
2024-03-08,2024-03-11,0.912721979122844,1.2947823920418382,ComboPair-BestGARCHFamily_HybridQLIKE,test
2024-03-11,2024-03-12,0.5879634369893775,1.3185282909590967,ComboPair-BestGARCHFamily_HybridQLIKE,test
2024-03-12,2024-03-13,4.113946023612082,1.2942384737715655,ComboPair-BestGARCHFamily_HybridQLIKE,test
2024-03-13,2024-03-14,0.2431894157728003,1.4503055053304101,ComboPair-BestGARCHFamily_HybridQLIKE,test
2024-03-14,2024-03-15,0.0014420309906953,1.450463763204965,ComboPair-BestGARCHFamily_HybridQLIKE,test
2024-03-15,2024-03-18,2.60144510071112,1.3326908770074266,ComboPair-BestGARCHFamily_HybridQLIKE,test
2024-03-18,2024-03-19,0.0078313418483015,1.6206986452386523,ComboPair-BestGARCHFamily_HybridQLIKE,test
2024-03-19,2024-03-20,1.98300631416396,1.4246309225131393,ComboPair-BestGARCHFamily_HybridQLIKE,test
2024-03-20,2024-03-21,1.659993462713211,1.476885158013477,ComboPair-BestGARCHFamily_HybridQLIKE,test
2024-03-21,2024-03-22,0.1769090471586793,1.4796150220446385,ComboPair-BestGARCHFamily_HybridQLIKE,test
2024-03-22,2024-03-25,1.1957204376691162,1.327365449228829,ComboPair-BestGARCHFamily_HybridQLIKE,test
2024-03-25,2024-03-26,1.266685379522265,1.4883750871768373,ComboPair-BestGARCHFamily_HybridQLIKE,test
2024-03-26,2024-03-27,0.0047070525559726,1.4698306843508064,ComboPair-BestGARCHFamily_HybridQLIKE,test
2024-03-27,2024-03-28,0.3036574536281876,1.3148996481802873,ComboPair-BestGARCHFamily_HybridQLIKE,test
2024-03-28,2024-03-29,0.22386593116756,1.2413094628433812,ComboPair-BestGARCHFamily_HybridQLIKE,test
2024-03-29,2024-04-01,0.0401370314872093,1.2439411556909765,ComboPair-BestGARCHFamily_HybridQLIKE,test
2024-04-01,2024-04-02,0.1847396233779287,1.175139835793885,ComboPair-BestGARCHFamily_HybridQLIKE,test
2024-04-02,2024-04-03,1.4814046434548742,1.1251296189402984,ComboPair-BestGARCHFamily_HybridQLIKE,test
2024-04-03,2024-04-04,0.0642984527134782,1.2654976412608079,ComboPair-BestGARCHFamily_HybridQLIKE,test
2024-04-04,2024-04-05,1.084676282740752,1.1695374925026836,ComboPair-BestGARCHFamily_HybridQLIKE,test
2024-04-05,2024-04-08,0.1443776586599194,1.2735966475149438,ComboPair-BestGARCHFamily_HybridQLIKE,test
2024-04-08,2024-04-09,0.9848187145028622,1.1846712780932893,ComboPair-BestGARCHFamily_HybridQLIKE,test
2024-04-09,2024-04-10,0.1141835151805207,1.1914076794596318,ComboPair-BestGARCHFamily_HybridQLIKE,test
2024-04-10,2024-04-11,0.0008184297224042,1.146121787320208,ComboPair-BestGARCHFamily_HybridQLIKE,test
2024-04-11,2024-04-12,2.1077713488695093,1.052571581740563,ComboPair-BestGARCHFamily_HybridQLIKE,test
2024-04-12,2024-04-15,23.166885904173803,1.1188608801089552,ComboPair-BestGARCHFamily_HybridQLIKE,test
2024-04-15,2024-04-16,0.0058478365075764,3.030013703005716,ComboPair-BestGARCHFamily_HybridQLIKE,test
2024-04-16,2024-04-17,3.543454497340081,2.4980208633113596,ComboPair-BestGARCHFamily_HybridQLIKE,test
2024-04-17,2024-04-19,2.3528631494425456,2.680029761211964,ComboPair-BestGARCHFamily_HybridQLIKE,test
2024-04-19,2024-04-22,1.6893979231324006,2.612935571758011,ComboPair-BestGARCHFamily_HybridQLIKE,test
2024-04-22,2024-04-23,1.1727907466469314,2.4567228603963613,ComboPair-BestGARCHFamily_HybridQLIKE,test
2024-04-23,2024-04-24,5.606024745553127,2.4237847280760265,ComboPair-BestGARCHFamily_HybridQLIKE,test
2024-04-24,2024-04-25,0.0028195309207452,2.5014168007781565,ComboPair-BestGARCHFamily_HybridQLIKE,test
2024-04-25,2024-04-26,0.1420473024727117,2.1631667884504004,ComboPair-BestGARCHFamily_HybridQLIKE,test
2024-04-26,2024-05-02,0.318006405977251,1.8731850039326468,ComboPair-BestGARCHFamily_HybridQLIKE,test
2024-05-02,2024-05-03,0.1468401316931458,1.673633606539554,ComboPair-BestGARCHFamily_HybridQLIKE,test
2024-05-03,2024-05-06,2.785560071487252,1.4954401605573029,ComboPair-BestGARCHFamily_HybridQLIKE,test
2024-05-06,2024-05-07,0.3206037518220124,1.5550092202068946,ComboPair-BestGARCHFamily_HybridQLIKE,test
2024-05-07,2024-05-08,0.0214485793857184,1.407642813987045,ComboPair-BestGARCHFamily_HybridQLIKE,test
2024-05-08,2024-05-09,0.0212146392864794,1.2698394160857216,ComboPair-BestGARCHFamily_HybridQLIKE,test
2024-05-09,2024-05-10,0.0998826714071555,1.183485179017279,ComboPair-BestGARCHFamily_HybridQLIKE,test
2024-05-10,2024-05-13,0.1323509240296012,1.1307700835014751,ComboPair-BestGARCHFamily_HybridQLIKE,test
2024-05-13,2024-05-14,0.0623260338672244,1.0818024004053846,ComboPair-BestGARCHFamily_HybridQLIKE,test
2024-05-14,2024-05-15,0.7914504364695899,1.0070126833405832,ComboPair-BestGARCHFamily_HybridQLIKE,test
2024-05-15,2024-05-16,1.3010619376829529,1.018113579720335,ComboPair-BestGARCHFamily_HybridQLIKE,test
2024-05-16,2024-05-20,0.4777373395090949,1.0498726765408204,ComboPair-BestGARCHFamily_HybridQLIKE,test
2024-05-20,2024-05-21,0.0011865300373836,1.0267858644542995,ComboPair-BestGARCHFamily_HybridQLIKE,test
2024-05-21,2024-05-22,0.6467920233357178,0.972792574714324,ComboPair-BestGARCHFamily_HybridQLIKE,test
2024-05-22,2024-05-23,1.2284567837418712,1.06526413258517,ComboPair-BestGARCHFamily_HybridQLIKE,test
2024-05-23,2024-05-24,2.256648937405396,1.1074631638571328,ComboPair-BestGARCHFamily_HybridQLIKE,test
2024-05-24,2024-05-27,0.2066759953224523,1.3619447631918498,ComboPair-BestGARCHFamily_HybridQLIKE,test
2024-05-27,2024-05-28,1.2149042841979667,1.2628860075387562,ComboPair-BestGARCHFamily_HybridQLIKE,test
2024-05-28,2024-05-29,0.5065517433860525,1.260945727573965,ComboPair-BestGARCHFamily_HybridQLIKE,test
2024-05-29,2024-05-30,0.2478473182821189,1.3137790243295973,ComboPair-BestGARCHFamily_HybridQLIKE,test
2024-05-30,2024-05-31,0.1324368158912983,1.2789599861604881,ComboPair-BestGARCHFamily_HybridQLIKE,test
2024-05-31,2024-06-03,2.069054535054291,1.208556076560026,ComboPair-BestGARCHFamily_HybridQLIKE,test
2024-06-03,2024-06-04,0.0754175541972061,1.294900069177881,ComboPair-BestGARCHFamily_HybridQLIKE,test
2024-06-04,2024-06-05,0.0041789785238715,1.181206096912391,ComboPair-BestGARCHFamily_HybridQLIKE,test
2024-06-05,2024-06-06,0.003785773302666,1.0798192656232648,ComboPair-BestGARCHFamily_HybridQLIKE,test
2024-06-06,2024-06-07,0.0977825492840672,1.0210719056118462,ComboPair-BestGARCHFamily_HybridQLIKE,test
2024-06-07,2024-06-10,0.0574549317651925,0.9591387408416835,ComboPair-BestGARCHFamily_HybridQLIKE,test
2024-06-10,2024-06-11,0.236389900130653,0.9133761564464582,ComboPair-BestGARCHFamily_HybridQLIKE,test
2024-06-11,2024-06-12,1.4910702380739045,0.9318244198900534,ComboPair-BestGARCHFamily_HybridQLIKE,test
2024-06-12,2024-06-13,0.0102965917651104,0.9873303994420355,ComboPair-BestGARCHFamily_HybridQLIKE,test
2024-06-13,2024-06-14,2.8007247199637466,0.9193956243746972,ComboPair-BestGARCHFamily_HybridQLIKE,test
2024-06-14,2024-06-17,0.1619251788207639,1.2190464738277078,ComboPair-BestGARCHFamily_HybridQLIKE,test
2024-06-17,2024-06-18,0.1371670063872054,1.1532052073777956,ComboPair-BestGARCHFamily_HybridQLIKE,test
2024-06-18,2024-06-19,0.0005135905111872,1.0948929468064583,ComboPair-BestGARCHFamily_HybridQLIKE,test
2024-06-19,2024-06-20,0.0383900740120223,1.0011352129426063,ComboPair-BestGARCHFamily_HybridQLIKE,test
2024-06-20,2024-06-21,0.0004769047173217,0.9319273616683443,ComboPair-BestGARCHFamily_HybridQLIKE,test
2024-06-21,2024-06-24,4.841244218909869,0.8789736999199487,ComboPair-BestGARCHFamily_HybridQLIKE,test
2024-06-24,2024-06-25,0.0377795857346046,1.3476496567704197,ComboPair-BestGARCHFamily_HybridQLIKE,test
2024-06-25,2024-06-26,0.1382006989182143,1.2449909918495345,ComboPair-BestGARCHFamily_HybridQLIKE,test
2024-06-26,2024-06-27,0.0291086660682599,1.171719817013971,ComboPair-BestGARCHFamily_HybridQLIKE,test
2024-06-27,2024-06-28,1.2092769262564496,1.0860865499642538,ComboPair-BestGARCHFamily_HybridQLIKE,test
2024-06-28,2024-07-01,0.5464740769679215,1.2229804049651292,ComboPair-BestGARCHFamily_HybridQLIKE,test
2024-07-01,2024-07-02,1.4560329328950323,1.1885240899532765,ComboPair-BestGARCHFamily_HybridQLIKE,test
2024-07-02,2024-07-03,0.3074231060441431,1.220005930524724,ComboPair-BestGARCHFamily_HybridQLIKE,test
2024-07-03,2024-07-04,0.0565502378458402,1.1511682497848432,ComboPair-BestGARCHFamily_HybridQLIKE,test
2024-07-04,2024-07-05,0.0604238017679763,1.0380544585303562,ComboPair-BestGARCHFamily_HybridQLIKE,test
2024-07-05,2024-07-08,0.001641913639604,0.9543314935303917,ComboPair-BestGARCHFamily_HybridQLIKE,test
2024-07-08,2024-07-09,0.6204070574126203,0.8890931344777326,ComboPair-BestGARCHFamily_HybridQLIKE,test
2024-07-09,2024-07-10,0.3628967539784848,0.9133248618671743,ComboPair-BestGARCHFamily_HybridQLIKE,test
2024-07-10,2024-07-11,0.0277401860440043,0.9609582016312194,ComboPair-BestGARCHFamily_HybridQLIKE,test
2024-07-11,2024-07-12,0.0565767163705356,0.9226293144391,ComboPair-BestGARCHFamily_HybridQLIKE,test
2024-07-12,2024-07-15,0.0052765811391784,0.8984723293085668,ComboPair-BestGARCHFamily_HybridQLIKE,test
2024-07-15,2024-07-16,0.011280250205691,0.8378843704655217,ComboPair-BestGARCHFamily_HybridQLIKE,test
2024-07-16,2024-07-17,0.9643834972427656,0.7842855774662851,ComboPair-BestGARCHFamily_HybridQLIKE,test
2024-07-17,2024-07-18,0.2066285309508605,0.9219520292488373,ComboPair-BestGARCHFamily_HybridQLIKE,test
2024-07-18,2024-07-19,0.5789189613600527,0.8945218937993926,ComboPair-BestGARCHFamily_HybridQLIKE,test
2024-07-19,2024-07-22,0.6479469442933512,0.9575868329146026,ComboPair-BestGARCHFamily_HybridQLIKE,test
2024-07-22,2024-07-23,3.3723820037131813,1.008716997808421,ComboPair-BestGARCHFamily_HybridQLIKE,test
2024-07-23,2024-07-24,0.2907489732326712,1.3301647381918853,ComboPair-BestGARCHFamily_HybridQLIKE,test
2024-07-24,2024-07-25,0.1825373322670373,1.273437730267688,ComboPair-BestGARCHFamily_HybridQLIKE,test
2024-07-25,2024-07-26,0.5194428542577421,1.2201192764348332,ComboPair-BestGARCHFamily_HybridQLIKE,test
2024-07-26,2024-07-29,0.1301982149615345,1.1783964729221863,ComboPair-BestGARCHFamily_HybridQLIKE,test
2024-07-29,2024-07-30,0.0152800221232259,1.0765326436458842,ComboPair-BestGARCHFamily_HybridQLIKE,test
2024-07-30,2024-07-31,0.2669893008576879,1.0221957465760205,ComboPair-BestGARCHFamily_HybridQLIKE,test
2024-07-31,2024-08-01,3.924859003099425,0.9841174537642001,ComboPair-BestGARCHFamily_HybridQLIKE,test
2024-08-01,2024-08-02,0.6124804127570632,1.3795392278228178,ComboPair-BestGARCHFamily_HybridQLIKE,test
2024-08-02,2024-08-05,16.028441731399298,1.3445922150391154,ComboPair-BestGARCHFamily_HybridQLIKE,test
2024-08-05,2024-08-06,3.4304951964000674,2.6600642816936864,ComboPair-BestGARCHFamily_HybridQLIKE,test
2024-08-06,2024-08-07,0.2131074887245232,2.639727874688057,ComboPair-BestGARCHFamily_HybridQLIKE,test
2024-08-07,2024-08-08,0.389017827650505,2.2884297159015583,ComboPair-BestGARCHFamily_HybridQLIKE,test
2024-08-08,2024-08-09,1.5873626468232618,2.1098453248595845,ComboPair-BestGARCHFamily_HybridQLIKE,test
2024-08-09,2024-08-12,0.2928717413764615,1.9808565088734191,ComboPair-BestGARCHFamily_HybridQLIKE,test
2024-08-12,2024-08-13,0.0001294788177011,1.7474039483450352,ComboPair-BestGARCHFamily_HybridQLIKE,test
2024-08-13,2024-08-14,2.3780277347729983e-05,1.5270651113260711,ComboPair-BestGARCHFamily_HybridQLIKE,test
2024-08-14,2024-08-15,0.3071561671079922,1.3487949216929906,ComboPair-BestGARCHFamily_HybridQLIKE,test
2024-08-15,2024-08-16,5.364467227292595,1.333358684307525,ComboPair-BestGARCHFamily_HybridQLIKE,test
2024-08-16,2024-08-19,0.5581057481573143,1.5473441661142373,ComboPair-BestGARCHFamily_HybridQLIKE,test
2024-08-19,2024-08-20,0.7441049789899746,1.4243591145084529,ComboPair-BestGARCHFamily_HybridQLIKE,test
2024-08-20,2024-08-21,0.8093492360217696,1.3449670228588846,ComboPair-BestGARCHFamily_HybridQLIKE,test
2024-08-21,2024-08-22,0.0097920425309074,1.2738386215206527,ComboPair-BestGARCHFamily_HybridQLIKE,test
2024-08-22,2024-08-23,0.039129459240867,1.203723912775148,ComboPair-BestGARCHFamily_HybridQLIKE,test
2024-08-23,2024-08-26,0.1707352129175375,1.1033094266990164,ComboPair-BestGARCHFamily_HybridQLIKE,test
2024-08-26,2024-08-27,0.0017789790178368,1.0827349872452754,ComboPair-BestGARCHFamily_HybridQLIKE,test
2024-08-27,2024-08-28,0.0047191862628622,0.9921743672246158,ComboPair-BestGARCHFamily_HybridQLIKE,test
2024-08-28,2024-08-29,5.480696959213411e-06,0.916976502192592,ComboPair-BestGARCHFamily_HybridQLIKE,test
2024-08-29,2024-08-30,0.0350100605836961,0.8494579542772573,ComboPair-BestGARCHFamily_HybridQLIKE,test
2024-08-30,2024-09-04,0.3975959773479832,0.7986781503479304,ComboPair-BestGARCHFamily_HybridQLIKE,test
2024-09-04,2024-09-05,0.3560479520225069,0.8506001300190649,ComboPair-BestGARCHFamily_HybridQLIKE,test
2024-09-05,2024-09-06,0.2046388013312271,0.8859667965142413,ComboPair-BestGARCHFamily_HybridQLIKE,test
2024-09-06,2024-09-09,0.2403215208141221,0.8713168825861184,ComboPair-BestGARCHFamily_HybridQLIKE,test
2024-09-09,2024-09-10,0.9818980427278184,0.8888796595861838,ComboPair-BestGARCHFamily_HybridQLIKE,test
2024-09-10,2024-09-11,0.0244199123086784,0.9927440330525521,ComboPair-BestGARCHFamily_HybridQLIKE,test
2024-09-11,2024-09-12,0.0602484567361687,0.9318974942425625,ComboPair-BestGARCHFamily_HybridQLIKE,test
2024-09-12,2024-09-13,0.1369055643032899,0.8875358356951562,ComboPair-BestGARCHFamily_HybridQLIKE,test
2024-09-13,2024-09-16,0.9992379796047328,0.8705293846048152,ComboPair-BestGARCHFamily_HybridQLIKE,test
2024-09-16,2024-09-17,2.484914926701652,0.9802172159223228,ComboPair-BestGARCHFamily_HybridQLIKE,test
2024-09-17,2024-09-18,0.2223148391601984,1.0856795149980718,ComboPair-BestGARCHFamily_HybridQLIKE,test
2024-09-18,2024-09-19,0.2523387575730195,1.0321979502979648,ComboPair-BestGARCHFamily_HybridQLIKE,test
2024-09-19,2024-09-20,0.003666425548263,0.9835218836993656,ComboPair-BestGARCHFamily_HybridQLIKE,test
2024-09-20,2024-09-23,0.0785444168047104,0.9304707938664281,ComboPair-BestGARCHFamily_HybridQLIKE,test
2024-09-23,2024-09-24,0.447081172927798,0.9260347024750579,ComboPair-BestGARCHFamily_HybridQLIKE,test
2024-09-24,2024-09-25,0.6692996014919499,0.9209079413159271,ComboPair-BestGARCHFamily_HybridQLIKE,test
2024-09-25,2024-09-26,0.0967067651015831,0.9455864218810961,ComboPair-BestGARCHFamily_HybridQLIKE,test
2024-09-26,2024-09-27,0.0019487643545271,0.8998322405949886,ComboPair-BestGARCHFamily_HybridQLIKE,test
2024-09-27,2024-09-30,0.0534118196752501,0.8710072536877367,ComboPair-BestGARCHFamily_HybridQLIKE,test
2024-09-30,2024-10-01,0.1090419063191174,0.8577716252012839,ComboPair-BestGARCHFamily_HybridQLIKE,test
2024-10-01,2024-10-02,0.1142301950532245,0.8388097039529003,ComboPair-BestGARCHFamily_HybridQLIKE,test
2024-10-02,2024-10-03,0.5763536966008403,0.8296859720343401,ComboPair-BestGARCHFamily_HybridQLIKE,test
2024-10-03,2024-10-04,0.3463758362975216,0.9078853190297225,ComboPair-BestGARCHFamily_HybridQLIKE,test
2024-10-04,2024-10-07,0.0027820245719093,0.9293641653356939,ComboPair-BestGARCHFamily_HybridQLIKE,test
2024-10-07,2024-10-08,0.0260164216385025,0.8638338138708983,ComboPair-BestGARCHFamily_HybridQLIKE,test
2024-10-08,2024-10-09,0.5974680039460253,0.8156922873986941,ComboPair-BestGARCHFamily_HybridQLIKE,test
2024-10-09,2024-10-10,0.1233539050383977,0.8307274043395905,ComboPair-BestGARCHFamily_HybridQLIKE,test
2024-10-10,2024-10-11,0.0248646364370185,0.7925973841815817,ComboPair-BestGARCHFamily_HybridQLIKE,test
2024-10-11,2024-10-14,0.0253573876734088,0.7516095045239738,ComboPair-BestGARCHFamily_HybridQLIKE,test
2024-10-14,2024-10-15,0.1678954221921946,0.7370984282162971,ComboPair-BestGARCHFamily_HybridQLIKE,test
2024-10-15,2024-10-16,0.0156181703703392,0.7565090382581994,ComboPair-BestGARCHFamily_HybridQLIKE,test
2024-10-16,2024-10-17,0.301088511662053,0.7342280531366449,ComboPair-BestGARCHFamily_HybridQLIKE,test
2024-10-17,2024-10-18,0.0067941729317095,0.7340978875181294,ComboPair-BestGARCHFamily_HybridQLIKE,test
2024-10-18,2024-10-21,0.1968037312439634,0.7150942377035703,ComboPair-BestGARCHFamily_HybridQLIKE,test
2024-10-21,2024-10-22,0.6006392197446851,0.7462897447171246,ComboPair-BestGARCHFamily_HybridQLIKE,test
2024-10-22,2024-10-23,0.0063207009295036,0.8226017179058537,ComboPair-BestGARCHFamily_HybridQLIKE,test
2024-10-23,2024-10-24,1.1387581243922995,0.7924207198552621,ComboPair-BestGARCHFamily_HybridQLIKE,test
2024-10-24,2024-10-25,0.1396414208283497,0.9094160278968197,ComboPair-BestGARCHFamily_HybridQLIKE,test
2024-10-25,2024-10-28,0.0267355724555891,0.8902776630574272,ComboPair-BestGARCHFamily_HybridQLIKE,test
2024-10-28,2024-10-29,0.310375295938392,0.8497766708475817,ComboPair-BestGARCHFamily_HybridQLIKE,test
2024-10-29,2024-10-30,0.0624797327224918,0.8271982895341473,ComboPair-BestGARCHFamily_HybridQLIKE,test
2024-10-30,2024-10-31,0.2150309186038439,0.8147256426881058,ComboPair-BestGARCHFamily_HybridQLIKE,test
2024-10-31,2024-11-01,0.5795854757810541,0.7972730814809512,ComboPair-BestGARCHFamily_HybridQLIKE,test
2024-11-01,2024-11-04,0.6634669865085588,0.8763600233940074,ComboPair-BestGARCHFamily_HybridQLIKE,test
2024-11-04,2024-11-05,0.0071101049569573,0.9526894548423601,ComboPair-BestGARCHFamily_HybridQLIKE,test
2024-11-05,2024-11-06,1.532964136157592,0.9109664855070007,ComboPair-BestGARCHFamily_HybridQLIKE,test
2024-11-06,2024-11-07,0.0147328555936719,0.9608987082305638,ComboPair-BestGARCHFamily_HybridQLIKE,test
2024-11-07,2024-11-08,0.3276224769794669,0.9221756557889103,ComboPair-BestGARCHFamily_HybridQLIKE,test
2024-11-08,2024-11-11,0.0320387972398517,0.9649663010985676,ComboPair-BestGARCHFamily_HybridQLIKE,test
2024-11-11,2024-11-12,0.1943555469915317,0.9261541007041398,ComboPair-BestGARCHFamily_HybridQLIKE,test
2024-11-12,2024-11-13,0.0095957977358447,0.9248919746973601,ComboPair-BestGARCHFamily_HybridQLIKE,test
2024-11-13,2024-11-14,1.304380342114139,0.8707166935327968,ComboPair-BestGARCHFamily_HybridQLIKE,test
2024-11-14,2024-11-15,1.1819027969632745,1.0200697210597638,ComboPair-BestGARCHFamily_HybridQLIKE,test
2024-11-15,2024-11-18,0.0141759467193479,1.1395373818281809,ComboPair-BestGARCHFamily_HybridQLIKE,test
2024-11-18,2024-11-19,0.9768103702203697,1.0382188341051546,ComboPair-BestGARCHFamily_HybridQLIKE,test
2024-11-19,2024-11-20,0.8848644501514296,1.1234192502956502,ComboPair-BestGARCHFamily_HybridQLIKE,test
2024-11-20,2024-11-21,0.9302138287758972,1.1333023687541175,ComboPair-BestGARCHFamily_HybridQLIKE,test
2024-11-21,2024-11-22,0.0003506766753295,1.1268976643918518,ComboPair-BestGARCHFamily_HybridQLIKE,test
2024-11-22,2024-11-25,0.2872709111767263,1.0523258674543925,ComboPair-BestGARCHFamily_HybridQLIKE,test
2024-11-25,2024-11-26,0.3599546809656788,0.9940160937242305,ComboPair-BestGARCHFamily_HybridQLIKE,test
2024-11-26,2024-11-27,0.0001659440969947,0.9624614569322119,ComboPair-BestGARCHFamily_HybridQLIKE,test
2024-11-27,2024-11-28,0.0001270529950301,0.896286729769911,ComboPair-BestGARCHFamily_HybridQLIKE,test
2024-11-28,2024-11-29,0.4488915850595839,0.834556981750687,ComboPair-BestGARCHFamily_HybridQLIKE,test
2024-11-29,2024-12-02,0.0035951954303536,0.8241939983939324,ComboPair-BestGARCHFamily_HybridQLIKE,test
2024-12-02,2024-12-03,0.0121780282468158,0.7777797710524883,ComboPair-BestGARCHFamily_HybridQLIKE,test
2024-12-03,2024-12-04,0.5723787875208138,0.7473315638917503,ComboPair-BestGARCHFamily_HybridQLIKE,test
2024-12-04,2024-12-05,4.677770763753511,0.8282556534006177,ComboPair-BestGARCHFamily_HybridQLIKE,test
2024-12-05,2024-12-06,0.0423127275118428,1.0567515693620464,ComboPair-BestGARCHFamily_HybridQLIKE,test
2024-12-06,2024-12-09,0.0846129168166276,0.9727933104959723,ComboPair-BestGARCHFamily_HybridQLIKE,test
2024-12-09,2024-12-10,0.019333949066393,0.91756506865487,ComboPair-BestGARCHFamily_HybridQLIKE,test
2024-12-10,2024-12-11,0.0638388590450149,0.8962809253302881,ComboPair-BestGARCHFamily_HybridQLIKE,test
2024-12-11,2024-12-12,0.0141789335558376,0.8814786209655581,ComboPair-BestGARCHFamily_HybridQLIKE,test
2024-12-12,2024-12-13,0.1427917911928931,0.8277203600576635,ComboPair-BestGARCHFamily_HybridQLIKE,test
2024-12-13,2024-12-16,0.0093280152446342,0.8263996149202226,ComboPair-BestGARCHFamily_HybridQLIKE,test
2024-12-16,2024-12-17,0.0268721671219935,0.7784848600645229,ComboPair-BestGARCHFamily_HybridQLIKE,test
2024-12-17,2024-12-18,0.1146807250456102,0.7546209118260725,ComboPair-BestGARCHFamily_HybridQLIKE,test
2024-12-18,2024-12-19,0.8081531599464532,0.73163915487375,ComboPair-BestGARCHFamily_HybridQLIKE,test
2024-12-19,2024-12-20,0.0507615856480591,0.8304341312783521,ComboPair-BestGARCHFamily_HybridQLIKE,test
2024-12-20,2024-12-23,0.1742376670775678,0.8090875686693328,ComboPair-BestGARCHFamily_HybridQLIKE,test
2024-12-23,2024-12-24,0.0361915284275727,0.7906821739633643,ComboPair-BestGARCHFamily_HybridQLIKE,test
2024-12-24,2024-12-25,1.1654410256024177,0.7634211707513094,ComboPair-BestGARCHFamily_HybridQLIKE,test
2024-12-25,2024-12-26,0.0084412075502873,0.8194935803534573,ComboPair-BestGARCHFamily_HybridQLIKE,test
2024-12-26,2024-12-27,0.0317475107765902,0.806716783446547,ComboPair-BestGARCHFamily_HybridQLIKE,test
2024-12-27,2024-12-30,0.0600146339677672,0.7612929075198286,ComboPair-BestGARCHFamily_HybridQLIKE,test
2024-12-30,2024-12-31,0.1703989127600233,0.7653018356290011,ComboPair-BestGARCHFamily_HybridQLIKE,test
2024-12-31,2025-01-02,0.0533739456959429,0.7805640981121141,ComboPair-BestGARCHFamily_HybridQLIKE,test
2025-01-02,2025-01-03,1.435132590022104,0.7546018655298704,ComboPair-BestGARCHFamily_HybridQLIKE,test
2025-01-03,2025-01-06,0.4342211890889308,0.9088432193722911,ComboPair-BestGARCHFamily_HybridQLIKE,test
2025-01-06,2025-01-07,0.037939050469307,0.9438940470934168,ComboPair-BestGARCHFamily_HybridQLIKE,test
2025-01-07,2025-01-08,0.032117795831564,0.8978985498545002,ComboPair-BestGARCHFamily_HybridQLIKE,test
2025-01-08,2025-01-09,0.1768543904547769,0.8576812175570119,ComboPair-BestGARCHFamily_HybridQLIKE,test
2025-01-09,2025-01-10,1.525095444996381,0.8618943832259449,ComboPair-BestGARCHFamily_HybridQLIKE,test
2025-01-10,2025-01-13,0.175796578127988,1.0235201530918026,ComboPair-BestGARCHFamily_HybridQLIKE,test
2025-01-13,2025-01-14,0.2850878204367433,0.9886055115353451,ComboPair-BestGARCHFamily_HybridQLIKE,test
2025-01-14,2025-01-15,0.3327205813226502,0.990286146969035,ComboPair-BestGARCHFamily_HybridQLIKE,test
2025-01-15,2025-01-16,0.2486834462527659,0.9600051130612781,ComboPair-BestGARCHFamily_HybridQLIKE,test
2025-01-16,2025-01-17,0.293601545819197,0.9077366466922798,ComboPair-BestGARCHFamily_HybridQLIKE,test
2025-01-17,2025-01-20,0.0012403693451998,0.8719003361178361,ComboPair-BestGARCHFamily_HybridQLIKE,test
2025-01-20,2025-01-21,0.0768862836866478,0.8098291609517211,ComboPair-BestGARCHFamily_HybridQLIKE,test
2025-01-21,2025-01-22,0.0818546593881995,0.7962560171562039,ComboPair-BestGARCHFamily_HybridQLIKE,test
2025-01-22,2025-01-23,1.8682525367895249,0.783695887457835,ComboPair-BestGARCHFamily_HybridQLIKE,test
2025-01-23,2025-01-24,0.1843517308365074,0.8812605393318397,ComboPair-BestGARCHFamily_HybridQLIKE,test
2025-01-24,2025-02-04,0.0008556873339296,0.851388306717544,ComboPair-BestGARCHFamily_HybridQLIKE,test
2025-02-04,2025-02-05,0.1513708695410532,0.8189288246594445,ComboPair-BestGARCHFamily_HybridQLIKE,test
2025-02-05,2025-02-06,0.0216622352028634,0.7937960669136739,ComboPair-BestGARCHFamily_HybridQLIKE,test
2025-02-06,2025-02-07,0.0853488617566438,0.756953592813616,ComboPair-BestGARCHFamily_HybridQLIKE,test
2025-02-07,2025-02-10,0.8849819273953393,0.7382887401951004,ComboPair-BestGARCHFamily_HybridQLIKE,test
2025-02-10,2025-02-11,0.168100114678953,0.8580003471022801,ComboPair-BestGARCHFamily_HybridQLIKE,test
2025-02-11,2025-02-12,0.0147578221185138,0.8442119640310278,ComboPair-BestGARCHFamily_HybridQLIKE,test
2025-02-12,2025-02-13,0.0735271043646943,0.8122947266319823,ComboPair-BestGARCHFamily_HybridQLIKE,test
2025-02-13,2025-02-14,0.2025383263760581,0.7814687731254872,ComboPair-BestGARCHFamily_HybridQLIKE,test
2025-02-14,2025-02-17,0.0695132401561259,0.7650600847592948,ComboPair-BestGARCHFamily_HybridQLIKE,test
2025-02-17,2025-02-18,0.1805870585568251,0.7791413866967672,ComboPair-BestGARCHFamily_HybridQLIKE,test
2025-02-18,2025-02-19,0.6592497592052439,0.7687288604875677,ComboPair-BestGARCHFamily_HybridQLIKE,test
2025-02-19,2025-02-20,0.1172593983298531,0.7955006557860482,ComboPair-BestGARCHFamily_HybridQLIKE,test
2025-02-20,2025-02-21,0.0847684671072922,0.773755707075265,ComboPair-BestGARCHFamily_HybridQLIKE,test
2025-02-21,2025-02-24,0.3605624100663593,0.7451928125949794,ComboPair-BestGARCHFamily_HybridQLIKE,test
2025-02-24,2025-02-25,0.0115290687889239,0.7500136191250133,ComboPair-BestGARCHFamily_HybridQLIKE,test
2025-02-25,2025-02-26,0.0002355760665946,0.7465196726210248,ComboPair-BestGARCHFamily_HybridQLIKE,test
2025-02-26,2025-02-27,0.1374731263687118,0.7125579348014041,ComboPair-BestGARCHFamily_HybridQLIKE,test
2025-02-27,2025-02-28,0.0348744922200793,0.7127640948267899,ComboPair-BestGARCHFamily_HybridQLIKE,test
2025-02-28,2025-03-03,0.0940796554023008,0.7097715743879754,ComboPair-BestGARCHFamily_HybridQLIKE,test
2025-03-03,2025-03-04,0.0375578625820462,0.7014379037017706,ComboPair-BestGARCHFamily_HybridQLIKE,test
2025-03-04,2025-03-05,0.3028627512498273,0.6910100965057536,ComboPair-BestGARCHFamily_HybridQLIKE,test
2025-03-05,2025-03-06,1.0612188848677555,0.7346762585777458,ComboPair-BestGARCHFamily_HybridQLIKE,test
2025-03-06,2025-03-07,0.350731246280503,0.8043461873647633,ComboPair-BestGARCHFamily_HybridQLIKE,test
2025-03-07,2025-03-10,0.1014325645495789,0.8016063283991892,ComboPair-BestGARCHFamily_HybridQLIKE,test
2025-03-10,2025-03-11,0.0288133302998629,0.7741510917497774,ComboPair-BestGARCHFamily_HybridQLIKE,test
2025-03-11,2025-03-12,0.0196658897235791,0.7386750301533203,ComboPair-BestGARCHFamily_HybridQLIKE,test
2025-03-12,2025-03-13,0.3743917074856848,0.7103718039176863,ComboPair-BestGARCHFamily_HybridQLIKE,test
2025-03-13,2025-03-14,8.187247062994656e-05,0.7759688943992055,ComboPair-BestGARCHFamily_HybridQLIKE,test
2025-03-14,2025-03-17,0.5767885171931181,0.7413879346314595,ComboPair-BestGARCHFamily_HybridQLIKE,test
2025-03-17,2025-03-18,0.157344490226044,0.7641758693339371,ComboPair-BestGARCHFamily_HybridQLIKE,test
2025-03-18,2025-03-19,0.2279894954046255,0.7872521962112351,ComboPair-BestGARCHFamily_HybridQLIKE,test
2025-03-19,2025-03-20,0.0027940647092661,0.8164224666230059,ComboPair-BestGARCHFamily_HybridQLIKE,test
2025-03-20,2025-03-21,0.0240132299745747,0.7783601591731266,ComboPair-BestGARCHFamily_HybridQLIKE,test
2025-03-21,2025-03-24,0.4050748456224285,0.7481459565548512,ComboPair-BestGARCHFamily_HybridQLIKE,test
2025-03-24,2025-03-25,0.0144479307849922,0.7653133526355655,ComboPair-BestGARCHFamily_HybridQLIKE,test
2025-03-25,2025-03-26,0.1924355354900559,0.7309043308699014,ComboPair-BestGARCHFamily_HybridQLIKE,test
2025-03-26,2025-03-27,0.0296122174159068,0.7622973088340876,ComboPair-BestGARCHFamily_HybridQLIKE,test
2025-03-27,2025-03-28,0.2311977047112736,0.7446030474997364,ComboPair-BestGARCHFamily_HybridQLIKE,test
2025-03-28,2025-03-31,0.652593682196234,0.7642373012868336,ComboPair-BestGARCHFamily_HybridQLIKE,test
2025-03-31,2025-04-01,0.6367477385533009,0.8338222995293598,ComboPair-BestGARCHFamily_HybridQLIKE,test
2025-04-01,2025-04-02,0.0014400780515298,0.8571186295161495,ComboPair-BestGARCHFamily_HybridQLIKE,test
2025-04-02,2025-04-03,47.7513682523715,0.8076160870654416,ComboPair-BestGARCHFamily_HybridQLIKE,test
2025-04-03,2025-04-04,2.4680894659320427,5.9803405872663475,ComboPair-BestGARCHFamily_HybridQLIKE,test
2025-04-04,2025-04-08,44.20961209050503,5.003006415036697,ComboPair-BestGARCHFamily_HybridQLIKE,test
2025-04-08,2025-04-09,11.94996872052983,7.721154838823129,ComboPair-BestGARCHFamily_HybridQLIKE,test
2025-04-09,2025-04-10,42.861963107094255,7.106243246434678,ComboPair-BestGARCHFamily_HybridQLIKE,test
2025-04-10,2025-04-11,20.5039468602513,8.560359916636655,ComboPair-BestGARCHFamily_HybridQLIKE,test
2025-04-11,2025-04-14,2.373686902735611,7.968346772414407,ComboPair-BestGARCHFamily_HybridQLIKE,test
2025-04-14,2025-04-15,1.222393557661562,6.293361451048775,ComboPair-BestGARCHFamily_HybridQLIKE,test
2025-04-15,2025-04-16,2.0585197770339483,5.7508395560520915,ComboPair-BestGARCHFamily_HybridQLIKE,test
2025-04-16,2025-04-17,0.3278654140280428,5.193425984359771,ComboPair-BestGARCHFamily_HybridQLIKE,test
2025-04-17,2025-04-18,0.0235644272572965,4.3308956093250375,ComboPair-BestGARCHFamily_HybridQLIKE,test
2025-04-18,2025-04-21,0.9867147275211472,3.521720289883443,ComboPair-BestGARCHFamily_HybridQLIKE,test
2025-04-21,2025-04-22,0.6837487157170882,3.254064085278623,ComboPair-BestGARCHFamily_HybridQLIKE,test
2025-04-22,2025-04-23,1.3269747595182129,2.9923979150393683,ComboPair-BestGARCHFamily_HybridQLIKE,test
2025-04-23,2025-04-24,1.029521260921247,2.7442803268085765,ComboPair-BestGARCHFamily_HybridQLIKE,test
2025-04-24,2025-04-25,0.2299163958338018,2.5006252176308776,ComboPair-BestGARCHFamily_HybridQLIKE,test
2025-04-25,2025-04-28,0.0391566462219492,2.1480321542220153,ComboPair-BestGARCHFamily_HybridQLIKE,test
2025-04-28,2025-04-29,0.0016617646152264,1.9478657899763183,ComboPair-BestGARCHFamily_HybridQLIKE,test
2025-04-29,2025-05-05,1.2432686189181044,1.7064323471151732,ComboPair-BestGARCHFamily_HybridQLIKE,test
2025-05-05,2025-05-06,0.0234403346988041,1.6536950715551915,ComboPair-BestGARCHFamily_HybridQLIKE,test
2025-05-06,2025-05-07,0.4565410925067849,1.458718097263977,ComboPair-BestGARCHFamily_HybridQLIKE,test
2025-05-07,2025-05-08,2.377733233918144,1.3592853815299646,ComboPair-BestGARCHFamily_HybridQLIKE,test
2025-05-08,2025-05-09,0.0388387388391833,1.3852956390408993,ComboPair-BestGARCHFamily_HybridQLIKE,test
2025-05-09,2025-05-12,1.5662677776101377,1.321064616923831,ComboPair-BestGARCHFamily_HybridQLIKE,test
2025-05-12,2025-05-13,0.6231348828577624,1.3482302077886426,ComboPair-BestGARCHFamily_HybridQLIKE,test
2025-05-13,2025-05-14,1.5683566422405055,1.2991763086978607,ComboPair-BestGARCHFamily_HybridQLIKE,test
2025-05-14,2025-05-15,0.0700077382080358,1.3118769379026352,ComboPair-BestGARCHFamily_HybridQLIKE,test
2025-05-15,2025-05-16,0.816128421348678,1.1957840592131626,ComboPair-BestGARCHFamily_HybridQLIKE,test
2025-05-16,2025-05-19,0.1541807515116988,1.2887254973720883,ComboPair-BestGARCHFamily_HybridQLIKE,test
2025-05-19,2025-05-20,2.0864038037366446,1.2320585157126605,ComboPair-BestGARCHFamily_HybridQLIKE,test
2025-05-20,2025-05-21,0.3586751908572574,1.3072239037677371,ComboPair-BestGARCHFamily_HybridQLIKE,test
2025-05-21,2025-05-22,0.4879763310352334,1.2476182100717748,ComboPair-BestGARCHFamily_HybridQLIKE,test
2025-05-22,2025-05-23,0.0022258378145528,1.3069335830392224,ComboPair-BestGARCHFamily_HybridQLIKE,test
2025-05-23,2025-05-26,1.8600723156803831,1.16443357650633,ComboPair-BestGARCHFamily_HybridQLIKE,test
2025-05-26,2025-05-27,0.2984907987188625,1.2341332625275085,ComboPair-BestGARCHFamily_HybridQLIKE,test
2025-05-27,2025-05-28,0.0236037331895616,1.1848458478558699,ComboPair-BestGARCHFamily_HybridQLIKE,test
2025-05-28,2025-05-29,5.553699144539498e-07,1.074000878127492,ComboPair-BestGARCHFamily_HybridQLIKE,test
2025-05-29,2025-05-30,0.4795271728756022,1.017889505508136,ComboPair-BestGARCHFamily_HybridQLIKE,test
2025-05-30,2025-06-02,0.0768775248909457,1.0749831274690287,ComboPair-BestGARCHFamily_HybridQLIKE,test
2025-06-02,2025-06-03,0.6659991384313828,1.0214052903048951,ComboPair-BestGARCHFamily_HybridQLIKE,test
2025-06-03,2025-06-04,0.0125760569530384,1.0375759843189412,ComboPair-BestGARCHFamily_HybridQLIKE,test
2025-06-04,2025-06-05,0.0737636944522696,0.99047336584113,ComboPair-BestGARCHFamily_HybridQLIKE,test
2025-06-05,2025-06-06,0.8339101934074882,0.9632498879502749,ComboPair-BestGARCHFamily_HybridQLIKE,test
2025-06-06,2025-06-09,2.1415615006193414,1.069660211095963,ComboPair-BestGARCHFamily_HybridQLIKE,test
2025-06-09,2025-06-10,0.1857120921961249,1.2394243589239147,ComboPair-BestGARCHFamily_HybridQLIKE,test
2025-06-10,2025-06-11,0.0061284527471124,1.1933683947426932,ComboPair-BestGARCHFamily_HybridQLIKE,test
2025-06-11,2025-06-12,0.348758893746006,1.0774634215564154,ComboPair-BestGARCHFamily_HybridQLIKE,test
2025-06-12,2025-06-13,0.3232043851233978,1.0499583260069962,ComboPair-BestGARCHFamily_HybridQLIKE,test
2025-06-13,2025-06-16,2.90666722935662,1.108537225364222,ComboPair-BestGARCHFamily_HybridQLIKE,test
2025-06-16,2025-06-17,0.5089174637565245,1.1932006004587206,ComboPair-BestGARCHFamily_HybridQLIKE,test
2025-06-17,2025-06-18,0.0040746855610125,1.1502257150753192,ComboPair-BestGARCHFamily_HybridQLIKE,test
2025-06-18,2025-06-19,0.1490639362511987,1.0873277886653505,ComboPair-BestGARCHFamily_HybridQLIKE,test
2025-06-19,2025-06-20,0.0396634294929435,1.011806734404073,ComboPair-BestGARCHFamily_HybridQLIKE,test
2025-06-20,2025-06-23,0.4254396112184308,0.99214766700074,ComboPair-BestGARCHFamily_HybridQLIKE,test
2025-06-23,2025-06-24,0.3974954121903902,0.982075318267905,ComboPair-BestGARCHFamily_HybridQLIKE,test
2025-06-24,2025-06-25,2.141289912653593e-06,0.9725772126696236,ComboPair-BestGARCHFamily_HybridQLIKE,test
2025-06-25,2025-06-26,0.0062490303873797,0.9180206444177718,ComboPair-BestGARCHFamily_HybridQLIKE,test
2025-06-26,2025-06-27,0.1777576915183636,0.8752564537068712,ComboPair-BestGARCHFamily_HybridQLIKE,test
2025-06-27,2025-06-30,0.1135910808511721,0.8472730205554735,ComboPair-BestGARCHFamily_HybridQLIKE,test
2025-06-30,2025-07-01,0.0165236945249244,0.8188748029438914,ComboPair-BestGARCHFamily_HybridQLIKE,test
2025-07-01,2025-07-02,0.2388288030529801,0.7749495115337777,ComboPair-BestGARCHFamily_HybridQLIKE,test
2025-07-02,2025-07-03,0.0361488680610222,0.7694689406514642,ComboPair-BestGARCHFamily_HybridQLIKE,test
2025-07-03,2025-07-04,0.1309520910154639,0.8060310611961266,ComboPair-BestGARCHFamily_HybridQLIKE,test
2025-07-04,2025-07-07,1.1709559965363006,0.7718131041481429,ComboPair-BestGARCHFamily_HybridQLIKE,test
2025-07-07,2025-07-08,0.904778187332118,0.8557446643196033,ComboPair-BestGARCHFamily_HybridQLIKE,test
2025-07-08,2025-07-09,1.241559484315582,0.8863321230863646,ComboPair-BestGARCHFamily_HybridQLIKE,test
2025-07-09,2025-07-10,0.9910271514632224,0.9489337718982542,ComboPair-BestGARCHFamily_HybridQLIKE,test
2025-07-10,2025-07-11,0.6970381226212395,0.9447371571463048,ComboPair-BestGARCHFamily_HybridQLIKE,test
2025-07-11,2025-07-14,0.7477170344432008,0.9606204821112876,ComboPair-BestGARCHFamily_HybridQLIKE,test
2025-07-14,2025-07-15,0.4444265080916222,0.9728428598314462,ComboPair-BestGARCHFamily_HybridQLIKE,test
2025-07-15,2025-07-16,0.1995824056263008,1.059403796393875,ComboPair-BestGARCHFamily_HybridQLIKE,test
2025-07-16,2025-07-17,2.3820294026445814,1.0151738286990712,ComboPair-BestGARCHFamily_HybridQLIKE,test
2025-07-17,2025-07-18,0.2369058350764768,1.1309029303884213,ComboPair-BestGARCHFamily_HybridQLIKE,test
2025-07-18,2025-07-21,0.6726766922283197,1.0815846401778546,ComboPair-BestGARCHFamily_HybridQLIKE,test
2025-07-21,2025-07-22,2.6753597330452594,1.175532114994255,ComboPair-BestGARCHFamily_HybridQLIKE,test
2025-07-22,2025-07-23,0.033610422134737,1.2648378302815368,ComboPair-BestGARCHFamily_HybridQLIKE,test
2025-07-23,2025-07-24,0.3298066193429415,1.1677559537731816,ComboPair-BestGARCHFamily_HybridQLIKE,test
2025-07-24,2025-07-25,0.4388880259346913,1.1279635889064825,ComboPair-BestGARCHFamily_HybridQLIKE,test
2025-07-25,2025-07-28,2.898363616722053,1.0963569490351777,ComboPair-BestGARCHFamily_HybridQLIKE,test
2025-07-28,2025-07-29,17.613558540836202,1.2171334701457974,ComboPair-BestGARCHFamily_HybridQLIKE,test
2025-07-29,2025-07-30,0.8980946651524866,2.6383676540494254,ComboPair-BestGARCHFamily_HybridQLIKE,test
2025-07-30,2025-07-31,0.1152726694915896,2.422065734016382,ComboPair-BestGARCHFamily_HybridQLIKE,test
2025-07-31,2025-08-01,0.1152726694915833,2.10847349258927,ComboPair-BestGARCHFamily_HybridQLIKE,test
2025-08-01,2025-08-04,1.834710119502004,1.871043307868387,ComboPair-BestGARCHFamily_HybridQLIKE,test
2025-08-04,2025-08-05,1.520412348936557,1.8027182630370975,ComboPair-BestGARCHFamily_HybridQLIKE,test
2025-08-05,2025-08-06,2.8972670658789563,1.7706804363690316,ComboPair-BestGARCHFamily_HybridQLIKE,test
2025-08-06,2025-08-07,0.2635664108766646,1.7464133859160802,ComboPair-BestGARCHFamily_HybridQLIKE,test
2025-08-07,2025-08-08,0.039326859883716,1.5744963617230676,ComboPair-BestGARCHFamily_HybridQLIKE,test
2025-08-08,2025-08-11,0.9422556417684452,1.408974207123145,ComboPair-BestGARCHFamily_HybridQLIKE,test
2025-08-11,2025-08-12,0.2369869845385009,1.3713097818243476,ComboPair-BestGARCHFamily_HybridQLIKE,test
2025-08-12,2025-08-13,0.0440788772156527,1.2765467389865104,ComboPair-BestGARCHFamily_HybridQLIKE,test
2025-08-13,2025-08-14,3.200310161092739,1.182800831744618,ComboPair-BestGARCHFamily_HybridQLIKE,test
2025-08-14,2025-08-15,0.4273067256056122,1.2989182717169,ComboPair-BestGARCHFamily_HybridQLIKE,test
2025-08-15,2025-08-18,0.1521280158050796,1.3472701175730821,ComboPair-BestGARCHFamily_HybridQLIKE,test
2025-08-18,2025-08-19,1.174434797614126,1.243184554729234,ComboPair-BestGARCHFamily_HybridQLIKE,test
2025-08-19,2025-08-20,0.3749305014941085,1.2637924430139154,ComboPair-BestGARCHFamily_HybridQLIKE,test
2025-08-20,2025-08-21,1.989152286945736,1.216089582319975,ComboPair-BestGARCHFamily_HybridQLIKE,test
2025-08-21,2025-08-22,6.511855987425645,1.252512148496828,ComboPair-BestGARCHFamily_HybridQLIKE,test
2025-08-22,2025-08-25,3.721774310323592,1.8798286671311328,ComboPair-BestGARCHFamily_HybridQLIKE,test
2025-08-25,2025-08-26,10.672831463331164,2.1273660296787753,ComboPair-BestGARCHFamily_HybridQLIKE,test
2025-08-26,2025-08-27,0.1033600134238672,2.549546325187951,ComboPair-BestGARCHFamily_HybridQLIKE,test
2025-08-27,2025-08-28,0.2196933006813634,2.176320316894833,ComboPair-BestGARCHFamily_HybridQLIKE,test
2025-08-28,2025-08-29,0.0064454873601164,1.8820236263836905,ComboPair-BestGARCHFamily_HybridQLIKE,test
2025-08-29,2025-09-03,0.0029279074904991,1.6927424872430354,ComboPair-BestGARCHFamily_HybridQLIKE,test
2025-09-03,2025-09-04,0.7878709714332047,1.516295734954229,ComboPair-BestGARCHFamily_HybridQLIKE,test
2025-09-04,2025-09-05,3.0401082196490887,1.4962221260567639,ComboPair-BestGARCHFamily_HybridQLIKE,test
2025-09-05,2025-09-08,6.650758234823594,1.7625947262243533,ComboPair-BestGARCHFamily_HybridQLIKE,test
2025-09-08,2025-09-09,0.6150034620566089,2.2918519669083377,ComboPair-BestGARCHFamily_HybridQLIKE,test
2025-09-09,2025-09-10,0.1311392104891743,2.092064710237686,ComboPair-BestGARCHFamily_HybridQLIKE,test
2025-09-10,2025-09-11,0.7707413531131861,1.8572293956509487,ComboPair-BestGARCHFamily_HybridQLIKE,test
2025-09-11,2025-09-12,0.3272182232185671,1.7646714176520957,ComboPair-BestGARCHFamily_HybridQLIKE,test
2025-09-12,2025-09-15,1.1076835127457196,1.5739954842402928,ComboPair-BestGARCHFamily_HybridQLIKE,test
2025-09-15,2025-09-16,0.0564941879844652,1.5014874431036784,ComboPair-BestGARCHFamily_HybridQLIKE,test
2025-09-16,2025-09-17,0.3510643230345384,1.4172897811878244,ComboPair-BestGARCHFamily_HybridQLIKE,test
2025-09-17,2025-09-18,0.1204832995414096,1.3678551582155647,ComboPair-BestGARCHFamily_HybridQLIKE,test
2025-09-18,2025-09-19,0.1558113286329437,1.2731341187122354,ComboPair-BestGARCHFamily_HybridQLIKE,test
2025-09-19,2025-09-22,2.1548992233102013,1.2124310009507269,ComboPair-BestGARCHFamily_HybridQLIKE,test
2025-09-22,2025-09-23,0.0024547743448737,1.4145726612719054,ComboPair-BestGARCHFamily_HybridQLIKE,test
2025-09-23,2025-09-24,1.8183165781347828,1.2578596494448506,ComboPair-BestGARCHFamily_HybridQLIKE,test
2025-09-24,2025-09-25,0.2696988542084727,1.3238674424163634,ComboPair-BestGARCHFamily_HybridQLIKE,test
2025-09-25,2025-09-26,0.1049995667244043,1.2357309427122272,ComboPair-BestGARCHFamily_HybridQLIKE,test
2025-09-26,2025-09-29,0.1207157531709924,1.2097036748271872,ComboPair-BestGARCHFamily_HybridQLIKE,test
2025-09-29,2025-09-30,0.0825092745825899,1.111880465519899,ComboPair-BestGARCHFamily_HybridQLIKE,test
2025-09-30,2025-10-01,0.0405610853854958,1.0821533316417526,ComboPair-BestGARCHFamily_HybridQLIKE,test
2025-10-01,2025-10-02,0.5533556929381476,1.002350837445617,ComboPair-BestGARCHFamily_HybridQLIKE,test
2025-10-02,2025-10-03,0.1745254722126338,1.056478231118499,ComboPair-BestGARCHFamily_HybridQLIKE,test
2025-10-03,2025-10-06,8.84404690494525,1.044275522615005,ComboPair-BestGARCHFamily_HybridQLIKE,test
2025-10-06,2025-10-07,0.3641027934298682,1.415544277076334,ComboPair-BestGARCHFamily_HybridQLIKE,test
2025-10-07,2025-10-08,0.5486921315455813,1.423982928253551,ComboPair-BestGARCHFamily_HybridQLIKE,test
2025-10-08,2025-10-09,1.1922218605244943,1.3490445739712418,ComboPair-BestGARCHFamily_HybridQLIKE,test
2025-10-09,2025-10-10,3.220212549761636,1.3273193154043113,ComboPair-BestGARCHFamily_HybridQLIKE,test
2025-10-10,2025-10-13,1.0007740943267542,1.4285795822341587,ComboPair-BestGARCHFamily_HybridQLIKE,test
2025-10-13,2025-10-14,0.0530277849803774,1.3875101447562654,ComboPair-BestGARCHFamily_HybridQLIKE,test
2025-10-14,2025-10-15,0.0312420838438003,1.3353237391602628,ComboPair-BestGARCHFamily_HybridQLIKE,test
2025-10-15,2025-10-16,0.2550192069697773,1.255593110904052,ComboPair-BestGARCHFamily_HybridQLIKE,test
2025-10-16,2025-10-17,4.157221997254808,1.19464898403542,ComboPair-BestGARCHFamily_HybridQLIKE,test
2025-10-17,2025-10-20,31.687885302040943,1.5600240062901238,ComboPair-BestGARCHFamily_HybridQLIKE,test
2025-10-20,2025-10-21,2.6780326889178614,3.7493173265566355,ComboPair-BestGARCHFamily_HybridQLIKE,test
2025-10-21,2025-10-22,0.8133878588699036,3.504514981820497,ComboPair-BestGARCHFamily_HybridQLIKE,test
2025-10-22,2025-10-23,0.2587585559528909,3.0816976212269926,ComboPair-BestGARCHFamily_HybridQLIKE,test
2025-10-23,2025-10-24,0.053015415411533,2.624450386599858,ComboPair-BestGARCHFamily_HybridQLIKE,test
2025-10-24,2025-10-27,3.375069844215606,2.307834803467051,ComboPair-BestGARCHFamily_HybridQLIKE,test
2025-10-27,2025-10-28,2.814969211801454,2.6236466030367076,ComboPair-BestGARCHFamily_HybridQLIKE,test
2025-10-28,2025-10-29,0.1002770987516237,2.5753615704055846,ComboPair-BestGARCHFamily_HybridQLIKE,test
2025-10-29,2025-10-30,0.939332335111435,2.2228279714687815,ComboPair-BestGARCHFamily_HybridQLIKE,test
2025-10-30,2025-10-31,3.2700587697209347,2.1635323024091626,ComboPair-BestGARCHFamily_HybridQLIKE,test
2025-10-31,2025-11-03,1.9349432702427485,2.4502359578896646,ComboPair-BestGARCHFamily_HybridQLIKE,test
2025-11-03,2025-11-04,4.580450857721864,2.4554895946529083,ComboPair-BestGARCHFamily_HybridQLIKE,test
2025-11-04,2025-11-05,0.0309750452194787,2.579155792121986,ComboPair-BestGARCHFamily_HybridQLIKE,test
2025-11-05,2025-11-06,0.5520248822173379,2.1729446561857904,ComboPair-BestGARCHFamily_HybridQLIKE,test
2025-11-06,2025-11-07,7.216601336017348,2.0876248395677726,ComboPair-BestGARCHFamily_HybridQLIKE,test
2025-11-07,2025-11-10,1.3629185312754708,2.801577463832877,ComboPair-BestGARCHFamily_HybridQLIKE,test
2025-11-10,2025-11-11,0.6782053056730832,2.6128559699223937,ComboPair-BestGARCHFamily_HybridQLIKE,test
2025-11-11,2025-11-12,5.625713037940661,2.4200540158016137,ComboPair-BestGARCHFamily_HybridQLIKE,test
2025-11-12,2025-11-13,0.000662589539105,2.5500250796398425,ComboPair-BestGARCHFamily_HybridQLIKE,test
2025-11-13,2025-11-14,0.0605676682080504,2.2059036248837733,ComboPair-BestGARCHFamily_HybridQLIKE,test
2025-11-14,2025-11-17,1.328575255573558,1.8829950468510401,ComboPair-BestGARCHFamily_HybridQLIKE,test
2025-11-17,2025-11-18,0.1101519148224003,1.7936939957872742,ComboPair-BestGARCHFamily_HybridQLIKE,test
2025-11-18,2025-11-19,0.4356481626659925,1.614331714890636,ComboPair-BestGARCHFamily_HybridQLIKE,test
2025-11-19,2025-11-20,0.1789267767214806,1.5749370417450033,ComboPair-BestGARCHFamily_HybridQLIKE,test
2025-11-20,2025-11-21,0.0040999105070223,1.4198790145623388,ComboPair-BestGARCHFamily_HybridQLIKE,test
2025-11-21,2025-11-24,0.6169476621587812,1.2953112865682206,ComboPair-BestGARCHFamily_HybridQLIKE,test
2025-11-24,2025-11-25,0.2096602420348715,1.25514499637648,ComboPair-BestGARCHFamily_HybridQLIKE,test
2025-11-25,2025-11-26,1.433673327817772,1.2240054977326655,ComboPair-BestGARCHFamily_HybridQLIKE,test
2025-11-26,2025-11-27,0.0554068207335508,1.243091942001613,ComboPair-BestGARCHFamily_HybridQLIKE,test
2025-11-27,2025-11-28,0.1562015926240177,1.1157635080732307,ComboPair-BestGARCHFamily_HybridQLIKE,test
2025-11-28,2025-12-01,0.39639182484541,1.043944401090349,ComboPair-BestGARCHFamily_HybridQLIKE,test
2025-12-01,2025-12-02,0.8106128656312585,1.0075064235162643,ComboPair-BestGARCHFamily_HybridQLIKE,test
2025-12-02,2025-12-03,0.7276910420234725,1.0155461013299487,ComboPair-BestGARCHFamily_HybridQLIKE,test
2025-12-03,2025-12-04,0.0994544592328996,1.014065236266149,ComboPair-BestGARCHFamily_HybridQLIKE,test
2025-12-04,2025-12-05,0.0550277452970135,0.9537088701454612,ComboPair-BestGARCHFamily_HybridQLIKE,test
2025-12-05,2025-12-08,0.5051234930048776,0.8918175631008023,ComboPair-BestGARCHFamily_HybridQLIKE,test
2025-12-08,2025-12-09,0.1408736793364905,0.8899711114857418,ComboPair-BestGARCHFamily_HybridQLIKE,test
2025-12-09,2025-12-10,2.645907078453935,0.9199775488675594,ComboPair-BestGARCHFamily_HybridQLIKE,test
2025-12-10,2025-12-11,1.3806505812729413,1.1861302325108798,ComboPair-BestGARCHFamily_HybridQLIKE,test
2025-12-11,2025-12-12,9.667324836347865,1.2973586305074951,ComboPair-BestGARCHFamily_HybridQLIKE,test
2025-12-12,2025-12-15,0.0028567239256699,2.059515543356667,ComboPair-BestGARCHFamily_HybridQLIKE,test
2025-12-15,2025-12-16,3.980584197891362,1.7965944720525893,ComboPair-BestGARCHFamily_HybridQLIKE,test
2025-12-16,2025-12-17,0.1084209662548159,1.9241918545607077,ComboPair-BestGARCHFamily_HybridQLIKE,test
2025-12-17,2025-12-18,0.0392718088641224,1.7562863568540326,ComboPair-BestGARCHFamily_HybridQLIKE,test
2025-12-18,2025-12-19,2.613324440401082,1.502661119484324,ComboPair-BestGARCHFamily_HybridQLIKE,test
2025-12-19,2025-12-22,7.313697947150696,1.5390010081015109,ComboPair-BestGARCHFamily_HybridQLIKE,test
2025-12-22,2025-12-23,1.4374361396783522,1.8054157003124187,ComboPair-BestGARCHFamily_HybridQLIKE,test
2025-12-23,2025-12-24,0.36034587773515,1.7012396432417842,ComboPair-BestGARCHFamily_HybridQLIKE,test
2025-12-24,2025-12-25,5.141409326470893,1.5064628910330742,ComboPair-BestGARCHFamily_HybridQLIKE,test
2025-12-25,2025-12-26,0.5648889447832609,2.0794381844832417,ComboPair-BestGARCHFamily_HybridQLIKE,test
2025-12-26,2025-12-29,2.0655121585777008,1.932117485656431,ComboPair-BestGARCHFamily_HybridQLIKE,test
2025-12-29,2025-12-30,0.4690762256667201,1.9628273136316017,ComboPair-BestGARCHFamily_HybridQLIKE,test
2025-12-30,2025-12-31,0.9813005407165244,1.7879631601242552,ComboPair-BestGARCHFamily_HybridQLIKE,test
2020-02-05,2020-02-06,1.8356018915555288,1.6800318865474348,ComboPair-BestGARCHFamily_HybridQLIKE,validation
2020-02-06,2020-02-07,0.0553168362540114,1.612123263294616,ComboPair-BestGARCHFamily_HybridQLIKE,validation
2020-02-07,2020-02-10,1.14665654297727,1.3263702946157605,ComboPair-BestGARCHFamily_HybridQLIKE,validation
2020-02-10,2020-02-11,0.1784472180385378,1.4288620178556075,ComboPair-BestGARCHFamily_HybridQLIKE,validation
2020-02-11,2020-02-12,0.1033759850072604,1.2757121536155078,ComboPair-BestGARCHFamily_HybridQLIKE,validation
2020-02-12,2020-02-13,0.0035645724311596,1.1307722080673699,ComboPair-BestGARCHFamily_HybridQLIKE,validation
2020-02-13,2020-02-14,0.007095648592579,0.9612450171337636,ComboPair-BestGARCHFamily_HybridQLIKE,validation
2020-02-14,2020-02-17,0.0819627293788475,0.8493206256441186,ComboPair-BestGARCHFamily_HybridQLIKE,validation
2020-02-17,2020-02-18,0.5393743252289994,0.7997270643749237,ComboPair-BestGARCHFamily_HybridQLIKE,validation
2020-02-18,2020-02-19,0.0079935084291448,0.8273649694746017,ComboPair-BestGARCHFamily_HybridQLIKE,validation
2020-02-19,2020-02-20,1.007648372641439,0.7339921568312917,ComboPair-BestGARCHFamily_HybridQLIKE,validation
2020-02-20,2020-02-21,0.2901840002942764,0.7531685153067228,ComboPair-BestGARCHFamily_HybridQLIKE,validation
2020-02-21,2020-02-24,10.499319840007198,0.7745955136347186,ComboPair-BestGARCHFamily_HybridQLIKE,validation
2020-02-24,2020-02-25,0.487607684946675,1.8100566332639352,ComboPair-BestGARCHFamily_HybridQLIKE,validation
2020-02-25,2020-02-26,2.3027959637577347,1.7504377825447328,ComboPair-BestGARCHFamily_HybridQLIKE,validation
2020-02-26,2020-02-27,0.0757898564940438,1.9835481660646477,ComboPair-BestGARCHFamily_HybridQLIKE,validation
2020-02-27,2020-02-28,3.33152796976614,1.7655414577077562,ComboPair-BestGARCHFamily_HybridQLIKE,validation
2020-02-28,2020-03-02,0.0643087707016609,2.1321036060880383,ComboPair-BestGARCHFamily_HybridQLIKE,validation
2020-03-02,2020-03-03,0.4848687144344406,1.8313236974646743,ComboPair-BestGARCHFamily_HybridQLIKE,validation
2020-03-03,2020-03-04,0.0194121329487549,1.6531346664124271,ComboPair-BestGARCHFamily_HybridQLIKE,validation
2020-03-04,2020-03-05,0.1953921289983395,1.406470481606386,ComboPair-BestGARCHFamily_HybridQLIKE,validation
2020-03-05,2020-03-06,0.0439125584620563,1.2167479901148328,ComboPair-BestGARCHFamily_HybridQLIKE,validation
2020-03-06,2020-03-09,42.01600464009923,1.0999195002953763,ComboPair-BestGARCHFamily_HybridQLIKE,validation
2020-03-09,2020-03-10,0.0577385447930077,4.672940957847238,ComboPair-BestGARCHFamily_HybridQLIKE,validation
2020-03-10,2020-03-11,10.062685801317658,4.010104678274363,ComboPair-BestGARCHFamily_HybridQLIKE,validation
2020-03-11,2020-03-12,28.39132734538161,4.6208968559596855,ComboPair-BestGARCHFamily_HybridQLIKE,validation
2020-03-12,2020-03-13,0.9522274265858316,6.313382231621757,ComboPair-BestGARCHFamily_HybridQLIKE,validation
2020-03-13,2020-03-16,3.4010756349170417,5.21805627300166,ComboPair-BestGARCHFamily_HybridQLIKE,validation
2020-03-16,2020-03-17,0.0775702786503674,4.863261079833547,ComboPair-BestGARCHFamily_HybridQLIKE,validation
2020-03-17,2020-03-18,0.0633870572758951,3.902799031665759,ComboPair-BestGARCHFamily_HybridQLIKE,validation
2020-03-18,2020-03-19,8.691271441121467,3.1963809702049524,ComboPair-BestGARCHFamily_HybridQLIKE,validation
2020-03-19,2020-03-20,5.099806319623413,3.9333310071883005,ComboPair-BestGARCHFamily_HybridQLIKE,validation
2020-03-20,2020-03-23,39.324753398937766,4.098552351047388,ComboPair-BestGARCHFamily_HybridQLIKE,validation
2020-03-23,2020-03-24,1.2394404253652411,6.660966235229173,ComboPair-BestGARCHFamily_HybridQLIKE,validation
2020-03-24,2020-03-25,21.170767602446844,5.328915505131826,ComboPair-BestGARCHFamily_HybridQLIKE,validation
2020-03-25,2020-03-26,0.3272592319629427,5.960060699394578,ComboPair-BestGARCHFamily_HybridQLIKE,validation
2020-03-26,2020-03-27,0.0708281107928228,4.682443728822872,ComboPair-BestGARCHFamily_HybridQLIKE,validation
2020-03-27,2020-03-30,24.77812989942355,3.7014542121735885,ComboPair-BestGARCHFamily_HybridQLIKE,validation
2020-03-30,2020-03-31,0.0016614736162584,5.9426498710637965,ComboPair-BestGARCHFamily_HybridQLIKE,validation
2020-03-31,2020-04-01,6.951204185299923,4.694274420320281,ComboPair-BestGARCHFamily_HybridQLIKE,validation
2020-04-01,2020-04-03,9.745314866975544,4.6245881037191205,ComboPair-BestGARCHFamily_HybridQLIKE,validation
2020-04-03,2020-04-06,23.61975403181723,4.570802191537315,ComboPair-BestGARCHFamily_HybridQLIKE,validation
2020-04-06,2020-04-07,1.7959977540981795,4.9643743349423675,ComboPair-BestGARCHFamily_HybridQLIKE,validation
2020-04-07,2020-04-08,0.031670113685362,3.9255928163772915,ComboPair-BestGARCHFamily_HybridQLIKE,validation
2020-04-08,2020-04-09,2.664349091269905,3.1910151866584884,ComboPair-BestGARCHFamily_HybridQLIKE,validation
2020-04-09,2020-04-10,0.0991193599969613,2.9499733800573154,ComboPair-BestGARCHFamily_HybridQLIKE,validation
2020-04-10,2020-04-13,1.0616734405284087,2.5122871267930047,ComboPair-BestGARCHFamily_HybridQLIKE,validation
2020-04-13,2020-04-14,0.044657326796299,2.2443727851653428,ComboPair-BestGARCHFamily_HybridQLIKE,validation
2020-04-14,2020-04-15,1.6134694756828007,1.8590024618884278,ComboPair-BestGARCHFamily_HybridQLIKE,validation
2020-04-15,2020-04-16,0.1995857905304535,1.7585864587230218,ComboPair-BestGARCHFamily_HybridQLIKE,validation
2020-04-16,2020-04-17,1.2849435357813008,1.525220166937986,ComboPair-BestGARCHFamily_HybridQLIKE,validation
2020-04-17,2020-04-20,0.4593979249949131,1.4492927283289567,ComboPair-BestGARCHFamily_HybridQLIKE,validation
2020-04-20,2020-04-21,12.978873344019766,1.2962071080755,ComboPair-BestGARCHFamily_HybridQLIKE,validation
2020-04-21,2020-04-22,0.0733737116381983,2.544859700249301,ComboPair-BestGARCHFamily_HybridQLIKE,validation
2020-04-22,2020-04-23,0.4184349588364568,2.144351273758748,ComboPair-BestGARCHFamily_HybridQLIKE,validation
2020-04-23,2020-04-24,0.1258182196300893,1.9427372997622385,ComboPair-BestGARCHFamily_HybridQLIKE,validation
2020-04-24,2020-04-27,0.5795257679139346,1.7001623234767873,ComboPair-BestGARCHFamily_HybridQLIKE,validation
2020-04-27,2020-04-28,0.2143187476000118,1.6748397161412298,ComboPair-BestGARCHFamily_HybridQLIKE,validation
2020-04-28,2020-04-29,0.0611792667418572,1.5501326846158086,ComboPair-BestGARCHFamily_HybridQLIKE,validation
2020-04-29,2020-05-04,0.7518344451734201,1.3560574111797488,ComboPair-BestGARCHFamily_HybridQLIKE,validation
2020-05-04,2020-05-05,0.0490191944837796,1.3574229089935042,ComboPair-BestGARCHFamily_HybridQLIKE,validation
2020-05-05,2020-05-06,5.6795185291388,1.2001320223753282,ComboPair-BestGARCHFamily_HybridQLIKE,validation
2020-05-06,2020-05-07,3.121729248484887,1.4017945513898924,ComboPair-BestGARCHFamily_HybridQLIKE,validation
2020-05-07,2020-05-08,4.558766386917776,1.4352269688960897,ComboPair-BestGARCHFamily_HybridQLIKE,validation
2020-05-08,2020-05-11,3.1623544686065705,1.5334471996979726,ComboPair-BestGARCHFamily_HybridQLIKE,validation
2020-05-11,2020-05-12,0.7061476617266061,1.5337794280467343,ComboPair-BestGARCHFamily_HybridQLIKE,validation
2020-05-12,2020-05-13,0.0176814396147646,1.3813781200554667,ComboPair-BestGARCHFamily_HybridQLIKE,validation
2020-05-13,2020-05-14,0.0471790852184788,1.2782345846548266,ComboPair-BestGARCHFamily_HybridQLIKE,validation
2020-05-14,2020-05-15,0.4188839500568042,1.1821281038424463,ComboPair-BestGARCHFamily_HybridQLIKE,validation
2020-05-15,2020-05-18,1.4388117144550177,1.1916592540570576,ComboPair-BestGARCHFamily_HybridQLIKE,validation
2020-05-18,2020-05-19,1.1212214832868546,1.2189669798071523,ComboPair-BestGARCHFamily_HybridQLIKE,validation
2020-05-19,2020-05-20,0.6772038230630518,1.1922104638782192,ComboPair-BestGARCHFamily_HybridQLIKE,validation
2020-05-20,2020-05-21,1.3105093570623978,1.115218810581881,ComboPair-BestGARCHFamily_HybridQLIKE,validation
2020-05-21,2020-05-22,1.3565460202551032,1.087867612931838,ComboPair-BestGARCHFamily_HybridQLIKE,validation
2020-05-22,2020-05-25,0.541812619677385,1.2918268101963648,ComboPair-BestGARCHFamily_HybridQLIKE,validation
2020-05-25,2020-05-26,1.3635757531139376,1.2299066913471774,ComboPair-BestGARCHFamily_HybridQLIKE,validation
2020-05-26,2020-05-27,1.8211114283606344,1.2308071106935605,ComboPair-BestGARCHFamily_HybridQLIKE,validation
2020-05-27,2020-05-28,0.2069802660068541,1.4596809148631775,ComboPair-BestGARCHFamily_HybridQLIKE,validation
2020-05-28,2020-05-29,0.1273946587706487,1.3213633034404642,ComboPair-BestGARCHFamily_HybridQLIKE,validation
2020-05-29,2020-06-01,2.6545527294324818,1.18429683185174,ComboPair-BestGARCHFamily_HybridQLIKE,validation
2020-06-01,2020-06-02,0.1948438272852952,1.2680903479584194,ComboPair-BestGARCHFamily_HybridQLIKE,validation
2020-06-02,2020-06-03,0.526391032778092,1.2402957082351755,ComboPair-BestGARCHFamily_HybridQLIKE,validation
2020-06-03,2020-06-04,0.0956890209261397,1.1541003555180864,ComboPair-BestGARCHFamily_HybridQLIKE,validation
2020-06-04,2020-06-05,0.068711754863941,1.037939504525129,ComboPair-BestGARCHFamily_HybridQLIKE,validation
2020-06-05,2020-06-08,2.3533534927844846,0.9574821292805162,ComboPair-BestGARCHFamily_HybridQLIKE,validation
2020-06-08,2020-06-09,0.0029663396470081,1.0449808809519308,ComboPair-BestGARCHFamily_HybridQLIKE,validation
2020-06-09,2020-06-10,0.0192877721914381,0.9861574969564084,ComboPair-BestGARCHFamily_HybridQLIKE,validation
2020-06-10,2020-06-11,14.20113167350128,0.8957974730000486,ComboPair-BestGARCHFamily_HybridQLIKE,validation
2020-06-11,2020-06-12,0.1978991573902568,2.154556203166214,ComboPair-BestGARCHFamily_HybridQLIKE,validation
2020-06-12,2020-06-15,13.410151498832947,1.8362957422821693,ComboPair-BestGARCHFamily_HybridQLIKE,validation
2020-06-15,2020-06-16,7.854033490557961,2.923398992373615,ComboPair-BestGARCHFamily_HybridQLIKE,validation
2020-06-16,2020-06-17,0.0390437911460607,3.244689201392849,ComboPair-BestGARCHFamily_HybridQLIKE,validation
2020-06-17,2020-06-18,0.0094269529730988,2.7735225513776305,ComboPair-BestGARCHFamily_HybridQLIKE,validation
2020-06-18,2020-06-19,2.3775972708277777,2.3053728284948605,ComboPair-BestGARCHFamily_HybridQLIKE,validation
2020-06-19,2020-06-22,0.0977642075595444,2.149671240181457,ComboPair-BestGARCHFamily_HybridQLIKE,validation
2020-06-22,2020-06-23,0.1254074833473004,1.7997540604092568,ComboPair-BestGARCHFamily_HybridQLIKE,validation
2020-06-23,2020-06-24,0.9656953175585764,1.5970440475760845,ComboPair-BestGARCHFamily_HybridQLIKE,validation
2020-06-24,2020-06-25,0.3568032861992914,1.6457144349131776,ComboPair-BestGARCHFamily_HybridQLIKE,validation
2020-06-25,2020-06-26,0.0935607015251472,1.5748566718334738,ComboPair-BestGARCHFamily_HybridQLIKE,validation
2020-06-26,2020-06-29,7.240799310682349,1.4156578653193401,ComboPair-BestGARCHFamily_HybridQLIKE,validation
2020-06-29,2020-06-30,0.263950183757359,2.089967624619507,ComboPair-BestGARCHFamily_HybridQLIKE,validation
2020-06-30,2020-07-01,4.853797558668691,1.8525738283690203,ComboPair-BestGARCHFamily_HybridQLIKE,validation
2020-07-01,2020-07-02,0.0173403520116891,2.0197380215098004,ComboPair-BestGARCHFamily_HybridQLIKE,validation
2020-07-02,2020-07-03,0.3830874038106421,1.7550246938826548,ComboPair-BestGARCHFamily_HybridQLIKE,validation
2020-07-03,2020-07-06,2.515298700046254,1.5390053057220991,ComboPair-BestGARCHFamily_HybridQLIKE,validation
2020-07-06,2020-07-07,0.0686927141453309,1.4991589604005384,ComboPair-BestGARCHFamily_HybridQLIKE,validation
2020-07-07,2020-07-08,0.0156264509294999,1.2755771752028986,ComboPair-BestGARCHFamily_HybridQLIKE,validation
2020-07-08,2020-07-09,1.8878106377661727,1.0982372144627708,ComboPair-BestGARCHFamily_HybridQLIKE,validation
2020-07-09,2020-07-10,0.3609627180509834,1.1313494773796733,ComboPair-BestGARCHFamily_HybridQLIKE,validation
2020-07-10,2020-07-13,0.0819210906952639,1.16463978020545,ComboPair-BestGARCHFamily_HybridQLIKE,validation
2020-07-13,2020-07-14,0.0049340673468667,1.0787416698412546,ComboPair-BestGARCHFamily_HybridQLIKE,validation
2020-07-14,2020-07-15,0.0429038013029008,0.9522101623042911,ComboPair-BestGARCHFamily_HybridQLIKE,validation
2020-07-15,2020-07-16,0.6277983835430785,0.8658519040479117,ComboPair-BestGARCHFamily_HybridQLIKE,validation
2020-07-16,2020-07-17,0.3025848721746239,0.8522885420679306,ComboPair-BestGARCHFamily_HybridQLIKE,validation
2020-07-17,2020-07-20,1.5014548821169582,0.8817464059569935,ComboPair-BestGARCHFamily_HybridQLIKE,validation
2020-07-20,2020-07-21,0.0011330265098316,1.0677195726032767,ComboPair-BestGARCHFamily_HybridQLIKE,validation
2020-07-21,2020-07-22,0.5929839946327068,0.9491704475874376,ComboPair-BestGARCHFamily_HybridQLIKE,validation
2020-07-22,2020-07-23,0.0380690415470228,0.9749349370941099,ComboPair-BestGARCHFamily_HybridQLIKE,validation
2020-07-23,2020-07-24,10.714506391324338,0.8781678199538593,ComboPair-BestGARCHFamily_HybridQLIKE,validation
2020-07-24,2020-07-27,29.71654662116303,1.9027366592094352,ComboPair-BestGARCHFamily_HybridQLIKE,validation
2020-07-27,2020-07-28,12.442241141417854,4.1773246115988245,ComboPair-BestGARCHFamily_HybridQLIKE,validation
2020-07-28,2020-07-29,7.88382185098053,4.68213748499911,ComboPair-BestGARCHFamily_HybridQLIKE,validation
2020-07-29,2020-07-30,1.6712179001127756,5.061296225273611,ComboPair-BestGARCHFamily_HybridQLIKE,validation
2020-07-30,2020-07-31,0.1173768950572407,4.482354181922272,ComboPair-BestGARCHFamily_HybridQLIKE,validation
2020-07-31,2020-08-03,4.064809725455425,3.7733522560209414,ComboPair-BestGARCHFamily_HybridQLIKE,validation
2020-08-03,2020-08-04,2.475940854259596,3.484927469958204,ComboPair-BestGARCHFamily_HybridQLIKE,validation
2020-08-04,2020-08-05,1.5093873640970836,3.0950200075341203,ComboPair-BestGARCHFamily_HybridQLIKE,validation
2020-08-05,2020-08-06,0.0712944062273411,2.692215205506414,ComboPair-BestGARCHFamily_HybridQLIKE,validation
2020-08-06,2020-08-07,0.0285261487999524,2.212238857945006,ComboPair-BestGARCHFamily_HybridQLIKE,validation
2020-08-07,2020-08-10,0.0426711422269859,1.8586301467191852,ComboPair-BestGARCHFamily_HybridQLIKE,validation
2020-08-10,2020-08-11,0.0002025643928529,1.5989665405054314,ComboPair-BestGARCHFamily_HybridQLIKE,validation
2020-08-11,2020-08-12,0.2065144883305979,1.371661941491249,ComboPair-BestGARCHFamily_HybridQLIKE,validation
2020-08-12,2020-08-13,0.9127332835843408,1.2272767146862118,ComboPair-BestGARCHFamily_HybridQLIKE,validation
2020-08-13,2020-08-14,0.255367280706292,1.1585110935476557,ComboPair-BestGARCHFamily_HybridQLIKE,validation
2020-08-14,2020-08-17,0.0048129527023226,1.1415180654568982,ComboPair-BestGARCHFamily_HybridQLIKE,validation
2020-08-17,2020-08-18,0.1923085427612989,0.9997194004503737,ComboPair-BestGARCHFamily_HybridQLIKE,validation
2020-08-18,2020-08-19,0.3171223716823505,0.950587429205213,ComboPair-BestGARCHFamily_HybridQLIKE,validation
2020-08-19,2020-08-20,0.1246527755214606,0.9181117668507608,ComboPair-BestGARCHFamily_HybridQLIKE,validation
2020-08-20,2020-08-21,0.5953479247893214,0.8918098223103791,ComboPair-BestGARCHFamily_HybridQLIKE,validation
2020-08-21,2020-08-24,2.601992310993434,0.88389803731112,ComboPair-BestGARCHFamily_HybridQLIKE,validation
2020-08-24,2020-08-25,0.3897315001367304,0.9817954313892261,ComboPair-BestGARCHFamily_HybridQLIKE,validation
2020-08-25,2020-08-26,0.0055335984725061,0.9212135414022953,ComboPair-BestGARCHFamily_HybridQLIKE,validation
2020-08-26,2020-08-27,0.0201247832938772,0.8658752581848329,ComboPair-BestGARCHFamily_HybridQLIKE,validation
2020-08-27,2020-08-28,0.2371438175251532,0.7746637728287942,ComboPair-BestGARCHFamily_HybridQLIKE,validation
2020-08-28,2020-08-31,0.0919913483576587,0.7555543344886231,ComboPair-BestGARCHFamily_HybridQLIKE,validation
2020-08-31,2020-09-01,1.2923697898915891,0.7210536854896727,ComboPair-BestGARCHFamily_HybridQLIKE,validation
2020-09-01,2020-09-03,1.8585263119302429,0.7573725755081624,ComboPair-BestGARCHFamily_HybridQLIKE,validation
2020-09-03,2020-09-04,0.0724558184717704,0.8144314293448183,ComboPair-BestGARCHFamily_HybridQLIKE,validation
2020-09-04,2020-09-07,2.20557465755946,0.8323421057389762,ComboPair-BestGARCHFamily_HybridQLIKE,validation
2020-09-07,2020-09-08,0.045178302752493,1.1163650105129395,ComboPair-BestGARCHFamily_HybridQLIKE,validation
2020-09-08,2020-09-09,0.0084939812398233,1.0300188742805103,ComboPair-BestGARCHFamily_HybridQLIKE,validation
2020-09-09,2020-09-10,0.003162773705203,0.9263089189098694,ComboPair-BestGARCHFamily_HybridQLIKE,validation
2020-09-10,2020-09-11,0.0002847617108647,0.830341366794237,ComboPair-BestGARCHFamily_HybridQLIKE,validation
2020-09-11,2020-09-14,0.3943421427943259,0.7473478075302289,ComboPair-BestGARCHFamily_HybridQLIKE,validation
2020-09-14,2020-09-15,0.0356225443834294,0.7274762885809297,ComboPair-BestGARCHFamily_HybridQLIKE,validation
2020-09-15,2020-09-16,0.0182018998394976,0.6745907663290858,ComboPair-BestGARCHFamily_HybridQLIKE,validation
2020-09-16,2020-09-17,0.1466259433788813,0.611082052561676,ComboPair-BestGARCHFamily_HybridQLIKE,validation
2020-09-17,2020-09-18,0.5927837774192054,0.636249620054579,ComboPair-BestGARCHFamily_HybridQLIKE,validation
2020-09-18,2020-09-21,0.5973025247310948,0.6440493639278515,ComboPair-BestGARCHFamily_HybridQLIKE,validation
2020-09-21,2020-09-22,0.0372219865301334,0.6599681552649297,ComboPair-BestGARCHFamily_HybridQLIKE,validation
2020-09-22,2020-09-23,0.4815094749114654,0.6536047857056473,ComboPair-BestGARCHFamily_HybridQLIKE,validation
2020-09-23,2020-09-24,0.1853426709964717,0.644910613324402,ComboPair-BestGARCHFamily_HybridQLIKE,validation
2020-09-24,2020-09-25,0.0011645154128207,0.6843326873710733,ComboPair-BestGARCHFamily_HybridQLIKE,validation
2020-09-25,2020-09-28,0.2158897933071618,0.6269876305494849,ComboPair-BestGARCHFamily_HybridQLIKE,validation
2020-09-28,2020-09-29,0.8800033176965605,0.6227870375850308,ComboPair-BestGARCHFamily_HybridQLIKE,validation
2020-09-29,2020-09-30,0.0184885133347586,0.7659731734476408,ComboPair-BestGARCHFamily_HybridQLIKE,validation
2020-09-30,2020-10-01,0.9529808677190772,0.7024142355349918,ComboPair-BestGARCHFamily_HybridQLIKE,validation
2020-10-01,2020-10-02,0.2100701799336074,0.7342080167760809,ComboPair-BestGARCHFamily_HybridQLIKE,validation
2020-10-02,2020-10-05,0.2733808865752189,0.7875219672997474,ComboPair-BestGARCHFamily_HybridQLIKE,validation
2020-10-05,2020-10-06,0.0117020561613317,0.7635950562811809,ComboPair-BestGARCHFamily_HybridQLIKE,validation
2020-10-06,2020-10-07,0.194766708657986,0.7127416353890155,ComboPair-BestGARCHFamily_HybridQLIKE,validation
2020-10-07,2020-10-08,0.0091636773062023,0.7036160383736908,ComboPair-BestGARCHFamily_HybridQLIKE,validation
2020-10-08,2020-10-09,0.3136074736535195,0.6776588973323237,ComboPair-BestGARCHFamily_HybridQLIKE,validation
2020-10-09,2020-10-12,0.039147029875858,0.6617394945839602,ComboPair-BestGARCHFamily_HybridQLIKE,validation
2020-10-12,2020-10-13,0.1886516440368795,0.6295577340972426,ComboPair-BestGARCHFamily_HybridQLIKE,validation
2020-10-13,2020-10-14,1.2182219245675234,0.6028093430077535,ComboPair-BestGARCHFamily_HybridQLIKE,validation
2020-10-14,2020-10-15,0.0750977601457549,0.6543479853454002,ComboPair-BestGARCHFamily_HybridQLIKE,validation
2020-10-15,2020-10-16,0.0032789630718449,0.6352542063295297,ComboPair-BestGARCHFamily_HybridQLIKE,validation
2020-10-16,2020-10-19,0.0017086378411738,0.6059968953296603,ComboPair-BestGARCHFamily_HybridQLIKE,validation
2020-10-19,2020-10-20,0.0059793113747856,0.5705554353697581,ComboPair-BestGARCHFamily_HybridQLIKE,validation
2020-10-20,2020-10-21,0.3275908040251104,0.5482923295104888,ComboPair-BestGARCHFamily_HybridQLIKE,validation
2020-10-21,2020-10-22,1.3246371755092925,0.5980221464443917,ComboPair-BestGARCHFamily_HybridQLIKE,validation
2020-10-22,2020-10-23,1.4132948922636843,0.6572004445624076,ComboPair-BestGARCHFamily_HybridQLIKE,validation
2020-10-23,2020-10-26,1.1970960361828058,0.7242247214055844,ComboPair-BestGARCHFamily_HybridQLIKE,validation
2020-10-26,2020-10-27,0.2083430476879338,0.9240482589820567,ComboPair-BestGARCHFamily_HybridQLIKE,validation
2020-10-27,2020-10-28,7.411979475736142,0.9414987436259112,ComboPair-BestGARCHFamily_HybridQLIKE,validation
2020-10-28,2020-10-29,0.0458453997519621,1.6443575436433013,ComboPair-BestGARCHFamily_HybridQLIKE,validation
2020-10-29,2020-10-30,0.4800476169952387,1.4642237320873868,ComboPair-BestGARCHFamily_HybridQLIKE,validation
2020-10-30,2020-11-02,0.7800511650758589,1.4172232055884468,ComboPair-BestGARCHFamily_HybridQLIKE,validation
2020-11-02,2020-11-03,0.0342682571944602,1.351045088175761,ComboPair-BestGARCHFamily_HybridQLIKE,validation
2020-11-03,2020-11-04,0.2152577372300542,1.1648762246454112,ComboPair-BestGARCHFamily_HybridQLIKE,validation
2020-11-04,2020-11-05,0.045844571767648,1.0565893515599927,ComboPair-BestGARCHFamily_HybridQLIKE,validation
2020-11-05,2020-11-06,0.003314082741207,0.9954851019727384,ComboPair-BestGARCHFamily_HybridQLIKE,validation
2020-11-06,2020-11-09,2.10118385761475,0.9031836730419519,ComboPair-BestGARCHFamily_HybridQLIKE,validation
2020-11-09,2020-11-10,8.938431274224163e-05,0.9814608056445506,ComboPair-BestGARCHFamily_HybridQLIKE,validation
2020-11-10,2020-11-11,0.0011297213251294,0.9341259161648882,ComboPair-BestGARCHFamily_HybridQLIKE,validation
2020-11-11,2020-11-12,0.5456632914405392,0.8662439280806349,ComboPair-BestGARCHFamily_HybridQLIKE,validation
2020-11-12,2020-11-13,0.5301286092359084,0.8470837053012175,ComboPair-BestGARCHFamily_HybridQLIKE,validation
2020-11-13,2020-11-16,2.614940684665197,0.8483306623395684,ComboPair-BestGARCHFamily_HybridQLIKE,validation
2020-11-16,2020-11-17,3.5600857195920512,1.1573955387720243,ComboPair-BestGARCHFamily_HybridQLIKE,validation
2020-11-17,2020-11-18,0.2272651607739751,1.303517945311257,ComboPair-BestGARCHFamily_HybridQLIKE,validation
2020-11-18,2020-11-19,0.9890184423772188,1.2017885948145017,ComboPair-BestGARCHFamily_HybridQLIKE,validation
2020-11-19,2020-11-20,0.4666750014882298,1.1882979329066137,ComboPair-BestGARCHFamily_HybridQLIKE,validation
2020-11-20,2020-11-23,0.1783704119345972,1.1213503723007925,ComboPair-BestGARCHFamily_HybridQLIKE,validation
2020-11-23,2020-11-24,0.0248986125796567,1.037708750299098,ComboPair-BestGARCHFamily_HybridQLIKE,validation
2020-11-24,2020-11-25,0.1754782563587062,0.9554869633277463,ComboPair-BestGARCHFamily_HybridQLIKE,validation
2020-11-25,2020-11-26,0.3614717362335366,0.9182128861688275,ComboPair-BestGARCHFamily_HybridQLIKE,validation
2020-11-26,2020-11-27,0.1777363368777613,0.9026028375920562,ComboPair-BestGARCHFamily_HybridQLIKE,validation
2020-11-27,2020-11-30,0.50308697006867,0.8607807676305079,ComboPair-BestGARCHFamily_HybridQLIKE,validation
2020-11-30,2020-12-01,0.331272320082079,0.9430140521080971,ComboPair-BestGARCHFamily_HybridQLIKE,validation
2020-12-01,2020-12-02,0.2902563684716866,0.9302312796923287,ComboPair-BestGARCHFamily_HybridQLIKE,validation
2020-12-02,2020-12-03,0.290315397256232,0.9088236786678023,ComboPair-BestGARCHFamily_HybridQLIKE,validation
2020-12-03,2020-12-04,0.0274172683613022,0.8865239524259898,ComboPair-BestGARCHFamily_HybridQLIKE,validation
2020-12-04,2020-12-07,0.6850937253628709,0.8224971247189578,ComboPair-BestGARCHFamily_HybridQLIKE,validation
2020-12-07,2020-12-08,0.0048900250994697,0.82690566598584,ComboPair-BestGARCHFamily_HybridQLIKE,validation
2020-12-08,2020-12-09,0.9108272820038537,0.7994244498932586,ComboPair-BestGARCHFamily_HybridQLIKE,validation
2020-12-09,2020-12-10,0.6307404981430905,0.836289123823747,ComboPair-BestGARCHFamily_HybridQLIKE,validation
2020-12-10,2020-12-11,2.1005332911557746,0.9412805654102012,ComboPair-BestGARCHFamily_HybridQLIKE,validation
2020-12-11,2020-12-14,2.953190631516623,1.0247013617550031,ComboPair-BestGARCHFamily_HybridQLIKE,validation
2020-12-14,2020-12-15,0.6927758012586854,1.1257618696332718,ComboPair-BestGARCHFamily_HybridQLIKE,validation
2020-12-15,2020-12-16,1.2199074044400842,1.2458482396456443,ComboPair-BestGARCHFamily_HybridQLIKE,validation
2020-12-16,2020-12-17,2.0641473967885817,1.2380612711468673,ComboPair-BestGARCHFamily_HybridQLIKE,validation
2020-12-17,2020-12-18,2.192631063716555,1.4988621396484163,ComboPair-BestGARCHFamily_HybridQLIKE,validation
2020-12-18,2020-12-21,1.6074554836667916,1.5546709212075476,ComboPair-BestGARCHFamily_HybridQLIKE,validation
2020-12-21,2020-12-22,0.0479545490733483,1.5368700683231329,ComboPair-BestGARCHFamily_HybridQLIKE,validation
2020-12-22,2020-12-23,0.1771055150673424,1.3553357939415038,ComboPair-BestGARCHFamily_HybridQLIKE,validation
2020-12-23,2020-12-24,1.124406225180995,1.3361665654365937,ComboPair-BestGARCHFamily_HybridQLIKE,validation
2020-12-24,2020-12-25,2.4671237918391133,1.447696936188107,ComboPair-BestGARCHFamily_HybridQLIKE,validation
2020-12-25,2020-12-28,0.4034604996523059,1.5278197865588705,ComboPair-BestGARCHFamily_HybridQLIKE,validation
2020-12-28,2020-12-29,0.5549207078341868,1.427812017744169,ComboPair-BestGARCHFamily_HybridQLIKE,validation
2020-12-29,2020-12-30,0.0315106576863239,1.331736189129044,ComboPair-BestGARCHFamily_HybridQLIKE,validation
2020-12-30,2020-12-31,0.3307256931476,1.2798352392394485,ComboPair-BestGARCHFamily_HybridQLIKE,validation
2020-12-31,2021-01-04,2.2278705339723945,1.1989087576547506,ComboPair-BestGARCHFamily_HybridQLIKE,validation
2021-01-04,2021-01-05,1.1499318142027897,1.2697495480584582,ComboPair-BestGARCHFamily_HybridQLIKE,validation
2021-01-05,2021-01-06,0.8776630886951989,1.2585822841956287,ComboPair-BestGARCHFamily_HybridQLIKE,validation
2021-01-06,2021-01-07,1.3339004712332734,1.2105674488117613,ComboPair-BestGARCHFamily_HybridQLIKE,validation
2021-01-07,2021-01-08,0.9288877612518626,1.194284696950763,ComboPair-BestGARCHFamily_HybridQLIKE,validation
2021-01-08,2021-01-11,2.138176540768584,1.1716827159501568,ComboPair-BestGARCHFamily_HybridQLIKE,validation
2021-01-11,2021-01-12,0.3865727035398198,1.226873872989169,ComboPair-BestGARCHFamily_HybridQLIKE,validation
2021-01-12,2021-01-13,0.2744693433035448,1.1529425673182494,ComboPair-BestGARCHFamily_HybridQLIKE,validation
2021-01-13,2021-01-14,0.0129409883939506,1.1980110227379233,ComboPair-BestGARCHFamily_HybridQLIKE,validation
2021-01-14,2021-01-15,0.3260937940923989,1.089442319469371,ComboPair-BestGARCHFamily_HybridQLIKE,validation
2021-01-15,2021-01-18,0.0358827142959493,1.0593932032277324,ComboPair-BestGARCHFamily_HybridQLIKE,validation
2021-01-18,2021-01-19,27.541540391562137,1.0039862768537893,ComboPair-BestGARCHFamily_HybridQLIKE,validation
2021-01-19,2021-01-20,0.1055259451193829,3.3309879646108755,ComboPair-BestGARCHFamily_HybridQLIKE,validation
2021-01-20,2021-01-21,6.600825920548621,2.7752943106154797,ComboPair-BestGARCHFamily_HybridQLIKE,validation
2021-01-21,2021-01-22,0.0486234498742934,2.951191121475781,ComboPair-BestGARCHFamily_HybridQLIKE,validation
2021-01-22,2021-01-25,0.003916873597976,2.4579704316097506,ComboPair-BestGARCHFamily_HybridQLIKE,validation
2021-01-25,2021-01-26,6.76157056018748,2.1285080055973613,ComboPair-BestGARCHFamily_HybridQLIKE,validation
2021-01-26,2021-01-27,12.16950048366727,2.8717589262936802,ComboPair-BestGARCHFamily_HybridQLIKE,validation
2021-01-27,2021-01-28,47.71522267260341,3.7555925538730524,ComboPair-BestGARCHFamily_HybridQLIKE,validation
2021-01-28,2021-01-29,9.864460610625494,6.592660379554737,ComboPair-BestGARCHFamily_HybridQLIKE,validation
2021-01-29,2021-02-01,4.068938921704016,6.435975072374091,ComboPair-BestGARCHFamily_HybridQLIKE,validation
2021-02-01,2021-02-02,14.37888811066259,5.971390878105383,ComboPair-BestGARCHFamily_HybridQLIKE,validation
2021-02-02,2021-02-03,10.698092971323405,5.91886046411685,ComboPair-BestGARCHFamily_HybridQLIKE,validation
2021-02-03,2021-02-04,0.006553579964635,5.457843718462486,ComboPair-BestGARCHFamily_HybridQLIKE,validation
2021-02-04,2021-02-05,1.728785632859906,4.406402443795141,ComboPair-BestGARCHFamily_HybridQLIKE,validation
2021-02-05,2021-02-08,15.664350744194984,3.7582668145997005,ComboPair-BestGARCHFamily_HybridQLIKE,validation
2021-02-08,2021-02-09,8.346588799606792,5.0572940147172485,ComboPair-BestGARCHFamily_HybridQLIKE,validation
2021-02-09,2021-02-17,12.948351612917367,4.905027367163144,ComboPair-BestGARCHFamily_HybridQLIKE,validation
2021-02-17,2021-02-18,2.5487828873734144,4.931133907968982,ComboPair-BestGARCHFamily_HybridQLIKE,validation
2021-02-18,2021-02-19,0.0056191882730801,4.161592739522188,ComboPair-BestGARCHFamily_HybridQLIKE,validation
2021-02-19,2021-02-22,0.0171990965562516,3.494539799665693,ComboPair-BestGARCHFamily_HybridQLIKE,validation
2021-02-22,2021-02-23,0.04885188428266,2.845090502539124,ComboPair-BestGARCHFamily_HybridQLIKE,validation
2021-02-23,2021-02-24,1.7852090551538884,2.35791495661813,ComboPair-BestGARCHFamily_HybridQLIKE,validation
2021-02-24,2021-02-25,0.0863685922010339,2.317245824293599,ComboPair-BestGARCHFamily_HybridQLIKE,validation
2021-02-25,2021-02-26,0.0678645793866586,1.999023914363974,ComboPair-BestGARCHFamily_HybridQLIKE,validation
2021-02-26,2021-03-01,2.260340412751501,1.7142767576910172,ComboPair-BestGARCHFamily_HybridQLIKE,validation
2021-03-01,2021-03-02,0.0013754677373442,1.7041287254801638,ComboPair-BestGARCHFamily_HybridQLIKE,validation
2021-03-02,2021-03-03,0.0008207623047958,1.4760606935385352,ComboPair-BestGARCHFamily_HybridQLIKE,validation
2021-03-03,2021-03-04,2.448912301147324,1.2956989681308406,ComboPair-BestGARCHFamily_HybridQLIKE,validation
2021-03-04,2021-03-05,0.0002116227550263,1.5916884844670505,ComboPair-BestGARCHFamily_HybridQLIKE,validation
2021-03-05,2021-03-08,0.001291980692468,1.4232829431140626,ComboPair-BestGARCHFamily_HybridQLIKE,validation
2021-03-08,2021-03-09,0.2923761214947155,1.2840738768670223,ComboPair-BestGARCHFamily_HybridQLIKE,validation
2021-03-09,2021-03-10,0.4837594769954144,1.2478401049726382,ComboPair-BestGARCHFamily_HybridQLIKE,validation
2021-03-10,2021-03-11,0.9815546422643948,1.1937858195367,ComboPair-BestGARCHFamily_HybridQLIKE,validation
2021-03-11,2021-03-12,0.0002069778164541,1.1768938229634016,ComboPair-BestGARCHFamily_HybridQLIKE,validation
2021-03-12,2021-03-15,0.0643027332166397,1.0884261413979746,ComboPair-BestGARCHFamily_HybridQLIKE,validation
2021-03-15,2021-03-16,0.1553706585632092,1.007998157390664,ComboPair-BestGARCHFamily_HybridQLIKE,validation
2021-03-16,2021-03-17,0.2737899242910557,1.0088899171071117,ComboPair-BestGARCHFamily_HybridQLIKE,validation
2021-03-17,2021-03-18,1.5481332912326575,0.9823201405962525,ComboPair-BestGARCHFamily_HybridQLIKE,validation
2021-03-18,2021-03-19,0.3310498706600423,1.0309841125980073,ComboPair-BestGARCHFamily_HybridQLIKE,validation
2021-03-19,2021-03-22,0.0010124742198036,1.0759346952421465,ComboPair-BestGARCHFamily_HybridQLIKE,validation
2021-03-22,2021-03-23,0.8528859825364001,0.9912493086235119,ComboPair-BestGARCHFamily_HybridQLIKE,validation
2021-03-23,2021-03-24,3.405784484981233,1.0943874244725154,ComboPair-BestGARCHFamily_HybridQLIKE,validation
2021-03-24,2021-03-25,0.012314795662716,1.4104061733949362,ComboPair-BestGARCHFamily_HybridQLIKE,validation
2021-03-25,2021-03-26,0.0058597397555957,1.2883688848451524,ComboPair-BestGARCHFamily_HybridQLIKE,validation
2021-03-26,2021-03-29,1.3278733275984689,1.152529672313448,ComboPair-BestGARCHFamily_HybridQLIKE,validation
2021-03-29,2021-03-30,0.8177751702540456,1.171184273089935,ComboPair-BestGARCHFamily_HybridQLIKE,validation
2021-03-30,2021-03-31,0.1825736474519551,1.1378770466855903,ComboPair-BestGARCHFamily_HybridQLIKE,validation
2021-03-31,2021-04-01,4.196908399032827,1.0523497966846658,ComboPair-BestGARCHFamily_HybridQLIKE,validation
2021-04-01,2021-04-02,0.4682318073785952,1.1945948197661234,ComboPair-BestGARCHFamily_HybridQLIKE,validation
2021-04-02,2021-04-05,0.8890694068712227,1.1382543480719014,ComboPair-BestGARCHFamily_HybridQLIKE,validation
2021-04-05,2021-04-06,0.0997492041629095,1.1224180358782232,ComboPair-BestGARCHFamily_HybridQLIKE,validation
2021-04-06,2021-04-07,0.0380161793184628,1.0384667471826068,ComboPair-BestGARCHFamily_HybridQLIKE,validation
2021-04-07,2021-04-08,0.3656617949695199,0.9691223188248363,ComboPair-BestGARCHFamily_HybridQLIKE,validation
2021-04-08,2021-04-09,0.0685939299115526,1.0085062346457128,ComboPair-BestGARCHFamily_HybridQLIKE,validation
2021-04-09,2021-04-12,2.801867566535839,0.9683655012261598,ComboPair-BestGARCHFamily_HybridQLIKE,validation
2021-04-12,2021-04-13,0.1085685992002533,1.092738721840584,ComboPair-BestGARCHFamily_HybridQLIKE,validation
2021-04-13,2021-04-14,0.3626329687997453,1.0944396112853112,ComboPair-BestGARCHFamily_HybridQLIKE,validation
2021-04-14,2021-04-15,0.4743671604836424,1.0454919009928891,ComboPair-BestGARCHFamily_HybridQLIKE,validation
2021-04-15,2021-04-16,0.4720531246781877,1.11189953058859,ComboPair-BestGARCHFamily_HybridQLIKE,validation
2021-04-16,2021-04-19,3.0629959648129166,1.1474133471929173,ComboPair-BestGARCHFamily_HybridQLIKE,validation
2021-04-19,2021-04-20,0.3708468135979464,1.2679104502568115,ComboPair-BestGARCHFamily_HybridQLIKE,validation
2021-04-20,2021-04-22,10.511479982603742,1.203815942937558,ComboPair-BestGARCHFamily_HybridQLIKE,validation
2021-04-22,2021-04-23,2.7977982020669034,2.181611983233168,ComboPair-BestGARCHFamily_HybridQLIKE,validation
2021-04-23,2021-04-26,7.069875969155051,2.1474407708951677,ComboPair-BestGARCHFamily_HybridQLIKE,validation
2021-04-26,2021-04-27,0.1068177702515163,2.783187606378659,ComboPair-BestGARCHFamily_HybridQLIKE,validation
2021-04-27,2021-04-28,0.6403727056381737,2.408044221884409,ComboPair-BestGARCHFamily_HybridQLIKE,validation
2021-04-28,2021-04-29,0.6353802562532533,2.1586898463192723,ComboPair-BestGARCHFamily_HybridQLIKE,validation
2021-04-29,2021-05-04,0.0512876666991909,1.9342551308292277,ComboPair-BestGARCHFamily_HybridQLIKE,validation
2021-05-04,2021-05-05,1.2974041483688885,1.6506682079490167,ComboPair-BestGARCHFamily_HybridQLIKE,validation
2021-05-05,2021-05-06,0.2185486546328746,1.5926682688533402,ComboPair-BestGARCHFamily_HybridQLIKE,validation
2021-05-06,2021-05-07,0.494132324659674,1.5312217202040734,ComboPair-BestGARCHFamily_HybridQLIKE,validation
2021-05-07,2021-05-10,2.018769062145057,1.5139581605981394,ComboPair-BestGARCHFamily_HybridQLIKE,validation
2021-05-10,2021-05-11,0.0792094524228185,1.5491513773808365,ComboPair-BestGARCHFamily_HybridQLIKE,validation
2021-05-11,2021-05-12,1.0683689670129952,1.4401493929703917,ComboPair-BestGARCHFamily_HybridQLIKE,validation
2021-05-12,2021-05-13,0.3147510754643727,1.4011486303930787,ComboPair-BestGARCHFamily_HybridQLIKE,validation
2021-05-13,2021-05-14,0.1194948927270032,1.3928587432862953,ComboPair-BestGARCHFamily_HybridQLIKE,validation
2021-05-14,2021-05-17,0.3681093008020274,1.2714873462928091,ComboPair-BestGARCHFamily_HybridQLIKE,validation
2021-05-17,2021-05-18,0.2298422025837693,1.2611867673066615,ComboPair-BestGARCHFamily_HybridQLIKE,validation
2021-05-18,2021-05-19,0.6085100033578476,1.2087596834101284,ComboPair-BestGARCHFamily_HybridQLIKE,validation
2021-05-19,2021-05-20,1.5332689494683411,1.1881651316272976,ComboPair-BestGARCHFamily_HybridQLIKE,validation
2021-05-20,2021-05-21,0.1986664550105345,1.2223933527769466,ComboPair-BestGARCHFamily_HybridQLIKE,validation
2021-05-21,2021-05-24,1.1845107713600658,1.1251200200258729,ComboPair-BestGARCHFamily_HybridQLIKE,validation
2021-05-24,2021-05-25,0.6615170731155926,1.1272024887747771,ComboPair-BestGARCHFamily_HybridQLIKE,validation
2021-05-25,2021-05-26,0.3826692450882292,1.0937963713270766,ComboPair-BestGARCHFamily_HybridQLIKE,validation
2021-05-26,2021-05-27,1.0043951904267852,1.0514815046993877,ComboPair-BestGARCHFamily_HybridQLIKE,validation
2021-05-27,2021-05-28,1.65727162339538,1.186304162741023,ComboPair-BestGARCHFamily_HybridQLIKE,validation
2021-05-28,2021-05-31,0.3285055315434949,1.239536144121078,ComboPair-BestGARCHFamily_HybridQLIKE,validation
2021-05-31,2021-06-01,0.5328741181290064,1.171289252551675,ComboPair-BestGARCHFamily_HybridQLIKE,validation
2021-06-01,2021-06-02,0.0501764701325494,1.1255183925432946,ComboPair-BestGARCHFamily_HybridQLIKE,validation
2021-06-02,2021-06-03,3.01900451692919,1.0256694594564757,ComboPair-BestGARCHFamily_HybridQLIKE,validation
2021-06-03,2021-06-04,0.5091916058927975,1.1506707382094998,ComboPair-BestGARCHFamily_HybridQLIKE,validation
2021-06-04,2021-06-07,1.2488833393722787,1.1076823064149224,ComboPair-BestGARCHFamily_HybridQLIKE,validation
2021-06-07,2021-06-08,8.436942215340656,1.2670115884516386,ComboPair-BestGARCHFamily_HybridQLIKE,validation
2021-06-08,2021-06-09,0.9635770887636846,1.9989818617708752,ComboPair-BestGARCHFamily_HybridQLIKE,validation
2021-06-09,2021-06-10,0.4923594509595709,1.9087381311460851,ComboPair-BestGARCHFamily_HybridQLIKE,validation
2021-06-10,2021-06-11,4.4320627369374535,1.7695822831589774,ComboPair-BestGARCHFamily_HybridQLIKE,validation
2021-06-11,2021-06-14,0.5411007585268014,1.9230278948753001,ComboPair-BestGARCHFamily_HybridQLIKE,validation
2021-06-14,2021-06-15,0.1708389534964715,1.6972100574538678,ComboPair-BestGARCHFamily_HybridQLIKE,validation
2021-06-15,2021-06-16,0.6335008462154236,1.4784938713341553,ComboPair-BestGARCHFamily_HybridQLIKE,validation
2021-06-16,2021-06-17,0.0626639901398827,1.5135155086657501,ComboPair-BestGARCHFamily_HybridQLIKE,validation
2021-06-17,2021-06-18,1.7005139602823875,1.3835484302899053,ComboPair-BestGARCHFamily_HybridQLIKE,validation
2021-06-18,2021-06-21,0.1396997155457911,1.4298168513489267,ComboPair-BestGARCHFamily_HybridQLIKE,validation
2021-06-21,2021-06-22,0.284425125779956,1.3741761416053777,ComboPair-BestGARCHFamily_HybridQLIKE,validation
2021-06-22,2021-06-23,0.0505778800491605,1.2668373701076665,ComboPair-BestGARCHFamily_HybridQLIKE,validation
2021-06-23,2021-06-24,0.042756846647676,1.1938219533584877,ComboPair-BestGARCHFamily_HybridQLIKE,validation
2021-06-24,2021-06-25,0.5639250493998573,1.0918686582303696,ComboPair-BestGARCHFamily_HybridQLIKE,validation
2021-06-25,2021-06-28,1.2596863062253096,1.0749378633413766,ComboPair-BestGARCHFamily_HybridQLIKE,validation
2021-06-28,2021-06-29,0.0902656153029111,1.1021831997296645,ComboPair-BestGARCHFamily_HybridQLIKE,validation
2021-06-29,2021-06-30,0.0111781207193246,1.0062253991912757,ComboPair-BestGARCHFamily_HybridQLIKE,validation
2021-06-30,2021-07-01,0.3645273399631648,0.9555573112815827,ComboPair-BestGARCHFamily_HybridQLIKE,validation
2021-07-01,2021-07-02,0.0505610286336511,0.9475413319829711,ComboPair-BestGARCHFamily_HybridQLIKE,validation
2021-07-02,2021-07-05,0.4168242183273023,0.8972679675483348,ComboPair-BestGARCHFamily_HybridQLIKE,validation
2021-07-05,2021-07-06,16.601013312283214,0.9580431630922837,ComboPair-BestGARCHFamily_HybridQLIKE,validation
2021-07-06,2021-07-07,6.058281445881023,2.3510963533137974,ComboPair-BestGARCHFamily_HybridQLIKE,validation
2021-07-07,2021-07-08,1.0078273448945338,2.52345555647189,ComboPair-BestGARCHFamily_HybridQLIKE,validation
2021-07-08,2021-07-09,4.095422426959989,2.386389544634318,ComboPair-BestGARCHFamily_HybridQLIKE,validation
2021-07-09,2021-07-12,14.799235172407151,2.640881527443645,ComboPair-BestGARCHFamily_HybridQLIKE,validation
2021-07-12,2021-07-13,0.009141491530764,3.799406157355924,ComboPair-BestGARCHFamily_HybridQLIKE,validation
2021-07-13,2021-07-14,1.871533753406208,3.147485750936114,ComboPair-BestGARCHFamily_HybridQLIKE,validation
2021-07-14,2021-07-15,1.185182208099543,2.947822623025076,ComboPair-BestGARCHFamily_HybridQLIKE,validation
2021-07-15,2021-07-16,0.1728051567276786,2.7143084289167065,ComboPair-BestGARCHFamily_HybridQLIKE,validation
2021-07-16,2021-07-19,19.26799845022637,2.2719453102936296,ComboPair-BestGARCHFamily_HybridQLIKE,validation
2021-07-19,2021-07-20,5.600831490366748,4.017553560896637,ComboPair-BestGARCHFamily_HybridQLIKE,validation
2021-07-20,2021-07-21,0.0386259132356042,3.8550114318890776,ComboPair-BestGARCHFamily_HybridQLIKE,validation
2021-07-21,2021-07-22,3.1842211341003503,3.1401785962253514,ComboPair-BestGARCHFamily_HybridQLIKE,validation
2021-07-22,2021-07-23,3.75891611125588,2.9731446562693056,ComboPair-BestGARCHFamily_HybridQLIKE,validation
2021-07-23,2021-07-26,0.0932245335056029,3.2865386259771014,ComboPair-BestGARCHFamily_HybridQLIKE,validation
2021-07-26,2021-07-27,0.1095791578755464,2.6839268566205345,ComboPair-BestGARCHFamily_HybridQLIKE,validation
2021-07-27,2021-07-28,0.0001201916445908,2.2822076132481395,ComboPair-BestGARCHFamily_HybridQLIKE,validation
2021-07-28,2021-07-29,1.6539600353625152,1.957616885763135,ComboPair-BestGARCHFamily_HybridQLIKE,validation
2021-07-29,2021-07-30,1.5967544948591652,1.8671783690419037,ComboPair-BestGARCHFamily_HybridQLIKE,validation
2021-07-30,2021-08-02,0.1009987039707803,1.7461066239838159,ComboPair-BestGARCHFamily_HybridQLIKE,validation
2021-08-02,2021-08-03,1.8957198194932552,1.5038777087751538,ComboPair-BestGARCHFamily_HybridQLIKE,validation
2021-08-03,2021-08-04,0.0297448118967559,1.5172884641725533,ComboPair-BestGARCHFamily_HybridQLIKE,validation
2021-08-04,2021-08-05,0.6506576147304501,1.3350461581875614,ComboPair-BestGARCHFamily_HybridQLIKE,validation
2021-08-05,2021-08-06,0.0931307383293993,1.2806371180686305,ComboPair-BestGARCHFamily_HybridQLIKE,validation
2021-08-06,2021-08-09,1.857942049015988,1.2359888314474894,ComboPair-BestGARCHFamily_HybridQLIKE,validation
2021-08-09,2021-08-10,0.0356498511082493,1.2878358001541481,ComboPair-BestGARCHFamily_HybridQLIKE,validation
2021-08-10,2021-08-11,0.1163827824804467,1.1600882784196185,ComboPair-BestGARCHFamily_HybridQLIKE,validation
2021-08-11,2021-08-12,0.1222953063583315,1.1216212112104342,ComboPair-BestGARCHFamily_HybridQLIKE,validation
2021-08-12,2021-08-13,0.0871384784453648,1.092711820640973,ComboPair-BestGARCHFamily_HybridQLIKE,validation
2021-08-13,2021-08-16,1.0399916754691487,1.0313401660870805,ComboPair-BestGARCHFamily_HybridQLIKE,validation
2021-08-16,2021-08-17,0.3314354435277737,1.0743909179786688,ComboPair-BestGARCHFamily_HybridQLIKE,validation
2021-08-17,2021-08-18,0.0249180078972991,1.1024432516769678,ComboPair-BestGARCHFamily_HybridQLIKE,validation
2021-08-18,2021-08-19,1.034084957658442,1.0332333020488653,ComboPair-BestGARCHFamily_HybridQLIKE,validation
2021-08-19,2021-08-20,11.285807091304966,1.0580870105033293,ComboPair-BestGARCHFamily_HybridQLIKE,validation
2021-08-20,2021-08-23,5.411821632013326,2.008050951936995,ComboPair-BestGARCHFamily_HybridQLIKE,validation
2021-08-23,2021-08-24,8.536462420535458e-05,2.3592551943704847,ComboPair-BestGARCHFamily_HybridQLIKE,validation
2021-08-24,2021-08-25,0.6870757170728501,2.020341819053011,ComboPair-BestGARCHFamily_HybridQLIKE,validation
2021-08-25,2021-08-26,0.4170750420782061,1.9084052617603082,ComboPair-BestGARCHFamily_HybridQLIKE,validation
2021-08-26,2021-08-27,0.8540485329092148,1.781925655219878,ComboPair-BestGARCHFamily_HybridQLIKE,validation
2021-08-27,2021-08-30,1.2797402595336076,1.6506873910607283,ComboPair-BestGARCHFamily_HybridQLIKE,validation
2021-08-30,2021-08-31,0.0627065630623478,1.5812588836014017,ComboPair-BestGARCHFamily_HybridQLIKE,validation
2021-08-31,2021-09-01,0.0569056328666982,1.4014827151733056,ComboPair-BestGARCHFamily_HybridQLIKE,validation
2021-09-01,2021-09-06,0.7669996218071843,1.2571053538503532,ComboPair-BestGARCHFamily_HybridQLIKE,validation
2021-09-06,2021-09-07,0.1115838258583112,1.237795674782658,ComboPair-BestGARCHFamily_HybridQLIKE,validation
2021-09-07,2021-09-08,0.3840242724271654,1.207193668604748,ComboPair-BestGARCHFamily_HybridQLIKE,validation
2021-09-08,2021-09-09,0.5999757427909345,1.2007255802238048,ComboPair-BestGARCHFamily_HybridQLIKE,validation
2021-09-09,2021-09-10,0.009783360800291,1.1783530766909764,ComboPair-BestGARCHFamily_HybridQLIKE,validation
2021-09-10,2021-09-13,0.0834204953018611,1.0642268614407726,ComboPair-BestGARCHFamily_HybridQLIKE,validation
2021-09-13,2021-09-14,0.0166539238245993,1.0338624199674442,ComboPair-BestGARCHFamily_HybridQLIKE,validation
2021-09-14,2021-09-15,0.208411861391793,0.9737646799693361,ComboPair-BestGARCHFamily_HybridQLIKE,validation
2021-09-15,2021-09-16,8.833374944135227e-06,0.9402225505245978,ComboPair-BestGARCHFamily_HybridQLIKE,validation
2021-09-16,2021-09-17,0.2517625260662404,0.8685413427115948,ComboPair-BestGARCHFamily_HybridQLIKE,validation
2021-09-17,2021-09-20,0.0255409488218125,0.8672756084447246,ComboPair-BestGARCHFamily_HybridQLIKE,validation
2021-09-20,2021-09-21,0.6256621683862371,0.8579347149501184,ComboPair-BestGARCHFamily_HybridQLIKE,validation
2021-09-21,2021-09-22,0.6493080782631847,0.9444409681493597,ComboPair-BestGARCHFamily_HybridQLIKE,validation
2021-09-22,2021-09-23,0.023678455022373,0.9541102081237964,ComboPair-BestGARCHFamily_HybridQLIKE,validation
2021-09-23,2021-09-24,0.0138313143395197,0.9037013616149965,ComboPair-BestGARCHFamily_HybridQLIKE,validation
2021-09-24,2021-09-27,3.828272422415496,0.8592417101644896,ComboPair-BestGARCHFamily_HybridQLIKE,validation
2021-09-27,2021-09-28,1.1555484032608674,1.2506163200341076,ComboPair-BestGARCHFamily_HybridQLIKE,validation
2021-09-28,2021-09-29,5.575325206713305e-05,1.2688382918533354,ComboPair-BestGARCHFamily_HybridQLIKE,validation
2021-09-29,2021-09-30,0.0451927678238876,1.1431034727320992,ComboPair-BestGARCHFamily_HybridQLIKE,validation
2021-09-30,2021-10-01,0.2869590069123234,1.0541816373020856,ComboPair-BestGARCHFamily_HybridQLIKE,validation
2021-10-01,2021-10-04,0.1209217160727008,1.0693922128679887,ComboPair-BestGARCHFamily_HybridQLIKE,validation
2021-10-04,2021-10-05,1.2548666056334208,1.0104289234455728,ComboPair-BestGARCHFamily_HybridQLIKE,validation
2021-10-05,2021-10-06,0.363335054701863,1.0526333506945509,ComboPair-BestGARCHFamily_HybridQLIKE,validation
2021-10-06,2021-10-07,0.0539799292056889,1.0170824761992692,ComboPair-BestGARCHFamily_HybridQLIKE,validation
2021-10-07,2021-10-08,0.2422625428098201,0.9413088302386794,ComboPair-BestGARCHFamily_HybridQLIKE,validation
2021-10-08,2021-10-11,2.384064119474745,0.8972970180043796,ComboPair-BestGARCHFamily_HybridQLIKE,validation
2021-10-11,2021-10-12,0.0025924711816483,1.0000990425234748,ComboPair-BestGARCHFamily_HybridQLIKE,validation
2021-10-12,2021-10-13,0.043020201094552,0.9358813597232372,ComboPair-BestGARCHFamily_HybridQLIKE,validation
2021-10-13,2021-10-14,1.8582276241239155e-05,0.9102040265898678,ComboPair-BestGARCHFamily_HybridQLIKE,validation
2021-10-14,2021-10-15,0.0037272440365911,0.8600965219313899,ComboPair-BestGARCHFamily_HybridQLIKE,validation
2021-10-15,2021-10-18,0.0412074717223573,0.8132169902214725,ComboPair-BestGARCHFamily_HybridQLIKE,validation
2021-10-18,2021-10-19,0.0002054205471957,0.7846272290605272,ComboPair-BestGARCHFamily_HybridQLIKE,validation
2021-10-19,2021-10-20,0.012036644283499,0.7461318152699735,ComboPair-BestGARCHFamily_HybridQLIKE,validation
2021-10-20,2021-10-21,0.4224699907147212,0.7351910584455851,ComboPair-BestGARCHFamily_HybridQLIKE,validation
2021-10-21,2021-10-22,0.1038627326357175,0.7983627726477859,ComboPair-BestGARCHFamily_HybridQLIKE,validation
2021-10-22,2021-10-25,0.0766142772237032,0.7847812388857796,ComboPair-BestGARCHFamily_HybridQLIKE,validation
2021-10-25,2021-10-26,0.2013151221701667,0.783590771605168,ComboPair-BestGARCHFamily_HybridQLIKE,validation
2021-10-26,2021-10-27,4.975421040294883,0.7735871106840193,ComboPair-BestGARCHFamily_HybridQLIKE,validation
2021-10-27,2021-10-28,1.0980607841681207,0.9764271664803856,ComboPair-BestGARCHFamily_HybridQLIKE,validation
2021-10-28,2021-10-29,0.1886851350804401,0.9902868505016931,ComboPair-BestGARCHFamily_HybridQLIKE,validation
2021-10-29,2021-11-01,0.1351609140151505,0.9406538747670431,ComboPair-BestGARCHFamily_HybridQLIKE,validation
2021-11-01,2021-11-02,0.8706925479870633,0.9753800836960684,ComboPair-BestGARCHFamily_HybridQLIKE,validation
2021-11-02,2021-11-03,0.3174077865606339,0.9986144165761144,ComboPair-BestGARCHFamily_HybridQLIKE,validation
2021-11-03,2021-11-04,0.0780251318950003,1.046261843515615,ComboPair-BestGARCHFamily_HybridQLIKE,validation
2021-11-04,2021-11-05,0.3164163905277483,0.9731452748036648,ComboPair-BestGARCHFamily_HybridQLIKE,validation
2021-11-05,2021-11-08,0.5722632892702788,0.9440511937611807,ComboPair-BestGARCHFamily_HybridQLIKE,validation
2021-11-08,2021-11-09,0.1717825777423685,0.9489005378875778,ComboPair-BestGARCHFamily_HybridQLIKE,validation
2021-11-09,2021-11-10,0.0578685691569425,0.9658955779550207,ComboPair-BestGARCHFamily_HybridQLIKE,validation
2021-11-10,2021-11-11,0.0332757244454099,0.9129246905719154,ComboPair-BestGARCHFamily_HybridQLIKE,validation
2021-11-11,2021-11-12,0.5636350562840569,0.899240324029287,ComboPair-BestGARCHFamily_HybridQLIKE,validation
2021-11-12,2021-11-15,0.0470688863590858,0.9034255229406553,ComboPair-BestGARCHFamily_HybridQLIKE,validation
2021-11-15,2021-11-16,0.4729748116245648,0.8658356237971412,ComboPair-BestGARCHFamily_HybridQLIKE,validation
2021-11-16,2021-11-17,0.40826744424175,0.9379075967283718,ComboPair-BestGARCHFamily_HybridQLIKE,validation
2021-11-17,2021-11-18,0.1670640675036151,0.9198721337728128,ComboPair-BestGARCHFamily_HybridQLIKE,validation
2021-11-18,2021-11-19,1.4313283722317711,0.9367251509364913,ComboPair-BestGARCHFamily_HybridQLIKE,validation
2021-11-19,2021-11-22,0.1237442583360642,1.0999476462087037,ComboPair-BestGARCHFamily_HybridQLIKE,validation
2021-11-22,2021-11-23,1.2666258581863683,1.0415440003781444,ComboPair-BestGARCHFamily_HybridQLIKE,validation
2021-11-23,2021-11-24,2.923344781612152,1.0749699874852252,ComboPair-BestGARCHFamily_HybridQLIKE,validation
2021-11-24,2021-11-25,0.6380046596767257,1.1986300993547032,ComboPair-BestGARCHFamily_HybridQLIKE,validation
2021-11-25,2021-11-26,0.2701244946030526,1.1494092182870443,ComboPair-BestGARCHFamily_HybridQLIKE,validation
2021-11-26,2021-11-29,0.3025648797186475,1.1959199318873648,ComboPair-BestGARCHFamily_HybridQLIKE,validation
2021-11-29,2021-11-30,0.1865846491020368,1.2025713771215236,ComboPair-BestGARCHFamily_HybridQLIKE,validation
2021-11-30,2021-12-01,0.2075014205290045,1.1531308883413658,ComboPair-BestGARCHFamily_HybridQLIKE,validation
2021-12-01,2021-12-02,0.0447934240863952,1.107829149829025,ComboPair-BestGARCHFamily_HybridQLIKE,validation
2021-12-02,2021-12-03,7.012035907074128,1.041512469373686,ComboPair-BestGARCHFamily_HybridQLIKE,validation
2021-12-03,2021-12-06,4.334941271489592,1.6873928848436506,ComboPair-BestGARCHFamily_HybridQLIKE,validation
2021-12-06,2021-12-07,5.38610884102854,1.996044716985485,ComboPair-BestGARCHFamily_HybridQLIKE,validation
2021-12-07,2021-12-08,0.1770242562530693,2.214994948046472,ComboPair-BestGARCHFamily_HybridQLIKE,validation
2021-12-08,2021-12-09,1.070479018660655,1.9441616612502206,ComboPair-BestGARCHFamily_HybridQLIKE,validation
2021-12-09,2021-12-10,0.0917573521914629,1.7951715133310508,ComboPair-BestGARCHFamily_HybridQLIKE,validation
2021-12-10,2021-12-13,0.7430153759165636,1.70767149482541,ComboPair-BestGARCHFamily_HybridQLIKE,validation
2021-12-13,2021-12-14,0.0001656787526269,1.6041175834656904,ComboPair-BestGARCHFamily_HybridQLIKE,validation
2021-12-14,2021-12-15,0.001241581482623,1.414794239433565,ComboPair-BestGARCHFamily_HybridQLIKE,validation
2021-12-15,2021-12-16,0.0056551081903051,1.259407164725861,ComboPair-BestGARCHFamily_HybridQLIKE,validation
2021-12-16,2021-12-17,0.0462794489398934,1.1377311363317348,ComboPair-BestGARCHFamily_HybridQLIKE,validation
2021-12-17,2021-12-20,0.0276816841350729,1.0503940718212295,ComboPair-BestGARCHFamily_HybridQLIKE,validation
2021-12-20,2021-12-21,0.009100575448846,0.9919038873101993,ComboPair-BestGARCHFamily_HybridQLIKE,validation
2021-12-21,2021-12-22,0.0052396015195704,0.9273156381460981,ComboPair-BestGARCHFamily_HybridQLIKE,validation
2021-12-22,2021-12-23,1.992176913695392,0.8886441847072776,ComboPair-BestGARCHFamily_HybridQLIKE,validation
2021-12-23,2021-12-24,1.8717637228671864,1.113158524660962,ComboPair-BestGARCHFamily_HybridQLIKE,validation
2021-12-24,2021-12-27,0.6385359851594573,1.1756412887240735,ComboPair-BestGARCHFamily_HybridQLIKE,validation
2021-12-27,2021-12-28,0.1364517327618313,1.1455980867508941,ComboPair-BestGARCHFamily_HybridQLIKE,validation
2021-12-28,2021-12-29,0.3307731842534792,1.0749764539439388,ComboPair-BestGARCHFamily_HybridQLIKE,validation
2021-12-29,2021-12-30,0.0001019075301841,1.1151659177143678,ComboPair-BestGARCHFamily_HybridQLIKE,validation
2021-12-30,2021-12-31,0.6806292652244172,1.0179732362578635,ComboPair-BestGARCHFamily_HybridQLIKE,validation
2021-12-31,2022-01-04,3.2605099137684044,1.037753800685865,ComboPair-BestGARCHFamily_HybridQLIKE,validation
2022-01-04,2022-01-05,0.0408421877386783,1.1808858549052985,ComboPair-BestGARCHFamily_HybridQLIKE,validation
2022-01-05,2022-01-06,0.1583194148629771,1.1577366424024569,ComboPair-BestGARCHFamily_HybridQLIKE,validation
2022-01-06,2022-01-07,3.466888916717849e-05,1.0760440401481133,ComboPair-BestGARCHFamily_HybridQLIKE,validation
2022-01-07,2022-01-10,2.6694297971607823,1.0051240516487387,ComboPair-BestGARCHFamily_HybridQLIKE,validation
2022-01-10,2022-01-11,0.5791412105719106,1.2661526800759528,ComboPair-BestGARCHFamily_HybridQLIKE,validation
2022-01-11,2022-01-12,1.469449968423449,1.2521621383367791,ComboPair-BestGARCHFamily_HybridQLIKE,validation
2022-01-12,2022-01-13,0.9252594386149106,1.294708245597006,ComboPair-BestGARCHFamily_HybridQLIKE,validation
2022-01-13,2022-01-14,4.021230809949571e-06,1.3781377209717145,ComboPair-BestGARCHFamily_HybridQLIKE,validation
2022-01-14,2022-01-17,8.577861779061374,1.2055161617438452,ComboPair-BestGARCHFamily_HybridQLIKE,validation
2022-01-17,2022-01-18,0.9241996120524796,1.9540496198222983,ComboPair-BestGARCHFamily_HybridQLIKE,validation
2022-01-18,2022-01-19,0.0713962483719635,1.841924003684168,ComboPair-BestGARCHFamily_HybridQLIKE,validation
2022-01-19,2022-01-20,2.396694299563955,1.6657139371447705,ComboPair-BestGARCHFamily_HybridQLIKE,validation
2022-01-20,2022-01-21,0.2669228311266386,1.7155702582263799,ComboPair-BestGARCHFamily_HybridQLIKE,validation
2022-01-21,2022-01-24,5.19144957677216,1.52331538260312,ComboPair-BestGARCHFamily_HybridQLIKE,validation
2022-01-24,2022-01-25,7.461944120148481,2.0838676878727442,ComboPair-BestGARCHFamily_HybridQLIKE,validation
2022-01-25,2022-01-26,0.0182472056354126,2.3256744143410706,ComboPair-BestGARCHFamily_HybridQLIKE,validation
2022-01-26,2022-01-27,0.5372614259470304,1.9574191270232637,ComboPair-BestGARCHFamily_HybridQLIKE,validation
2022-01-27,2022-01-28,0.3091208848418566,1.858888271850149,ComboPair-BestGARCHFamily_HybridQLIKE,validation
2022-01-28,2022-02-07,1.5787299229773026,1.6559344815561838,ComboPair-BestGARCHFamily_HybridQLIKE,validation
2022-02-07,2022-02-08,0.0493284261128678,1.6196064783589064,ComboPair-BestGARCHFamily_HybridQLIKE,validation
2022-02-08,2022-02-09,0.0852913112285084,1.4360243279119889,ComboPair-BestGARCHFamily_HybridQLIKE,validation
2022-02-09,2022-02-10,0.0087647457494785,1.2971152845765859,ComboPair-BestGARCHFamily_HybridQLIKE,validation
2022-02-10,2022-02-11,0.1140481407730615,1.16357732917039,ComboPair-BestGARCHFamily_HybridQLIKE,validation
2022-02-11,2022-02-14,4.003846034921644,1.126116696109069,ComboPair-BestGARCHFamily_HybridQLIKE,validation
2022-02-14,2022-02-15,1.9670652734045644,1.507843784447581,ComboPair-BestGARCHFamily_HybridQLIKE,validation
2022-02-15,2022-02-16,0.0018968880308684,1.5726672874688474,ComboPair-BestGARCHFamily_HybridQLIKE,validation
2022-02-16,2022-02-17,1.122140769245723,1.3782479326351953,ComboPair-BestGARCHFamily_HybridQLIKE,validation
2022-02-17,2022-02-18,0.0437252358911797,1.3514058631366095,ComboPair-BestGARCHFamily_HybridQLIKE,validation
2022-02-18,2022-02-21,0.1583409064037323,1.271995406121216,ComboPair-BestGARCHFamily_HybridQLIKE,validation
2022-02-21,2022-02-22,0.2391227349223014,1.1789721542769498,ComboPair-BestGARCHFamily_HybridQLIKE,validation
2022-02-22,2022-02-23,0.3429157616051995,1.17112669579194,ComboPair-BestGARCHFamily_HybridQLIKE,validation
2022-02-23,2022-02-24,1.3469467288223498,1.129132341807981,ComboPair-BestGARCHFamily_HybridQLIKE,validation
2022-02-24,2022-02-25,0.0728442185423715,1.2978238120005412,ComboPair-BestGARCHFamily_HybridQLIKE,validation
2022-02-25,2022-02-28,0.3435682703713377,1.184167573649498,ComboPair-BestGARCHFamily_HybridQLIKE,validation
2022-02-28,2022-03-01,0.3350186274967215,1.1785021706198329,ComboPair-BestGARCHFamily_HybridQLIKE,validation
2022-03-01,2022-03-02,0.7897102913909818,1.1457143746399512,ComboPair-BestGARCHFamily_HybridQLIKE,validation
2022-03-02,2022-03-03,1.6972927621476632,1.2289494289025553,ComboPair-BestGARCHFamily_HybridQLIKE,validation
2022-03-03,2022-03-04,0.0004806839941866,1.276563191502164,ComboPair-BestGARCHFamily_HybridQLIKE,validation
2022-03-04,2022-03-07,0.1747715827843937,1.1619824277993087,ComboPair-BestGARCHFamily_HybridQLIKE,validation
2022-03-07,2022-03-08,2.9065282793306784,1.1421542783423644,ComboPair-BestGARCHFamily_HybridQLIKE,validation
2022-03-08,2022-03-09,4.143903255486161e-06,1.4283573055269203,ComboPair-BestGARCHFamily_HybridQLIKE,validation
2022-03-09,2022-03-10,0.1308186023197331,1.2751730969869177,ComboPair-BestGARCHFamily_HybridQLIKE,validation
2022-03-10,2022-03-11,0.7249480262949388,1.1878237864624808,ComboPair-BestGARCHFamily_HybridQLIKE,validation
2022-03-11,2022-03-14,1.940974298078772,1.243846994776769,ComboPair-BestGARCHFamily_HybridQLIKE,validation
2022-03-14,2022-03-15,0.2004736979473137,1.4294395624761602,ComboPair-BestGARCHFamily_HybridQLIKE,validation
2022-03-15,2022-03-16,0.2048465635146144,1.3189558965780985,ComboPair-BestGARCHFamily_HybridQLIKE,validation
2022-03-16,2022-03-17,0.0189446795575115,1.2319518643755025,ComboPair-BestGARCHFamily_HybridQLIKE,validation
2022-03-17,2022-03-18,0.2804915592052127,1.1227894459471948,ComboPair-BestGARCHFamily_HybridQLIKE,validation
2022-03-18,2022-03-21,3.042510301896478,1.0646772898537875,ComboPair-BestGARCHFamily_HybridQLIKE,validation
2022-03-21,2022-03-22,0.3468240297098041,1.168761773334136,ComboPair-BestGARCHFamily_HybridQLIKE,validation
2022-03-22,2022-03-23,0.0091785148718354,1.1130581028838005,ComboPair-BestGARCHFamily_HybridQLIKE,validation
2022-03-23,2022-03-24,0.0739545064300968,1.0487498431092033,ComboPair-BestGARCHFamily_HybridQLIKE,validation
2022-03-24,2022-03-25,0.0002565538581837,1.019827399114218,ComboPair-BestGARCHFamily_HybridQLIKE,validation
2022-03-25,2022-03-28,1.0559980128443454,0.9380912821490782,ComboPair-BestGARCHFamily_HybridQLIKE,validation
2022-03-28,2022-03-29,0.9569197018395468,1.0646962654409515,ComboPair-BestGARCHFamily_HybridQLIKE,validation
2022-03-29,2022-03-30,0.2354496444813368,1.0866653733416705,ComboPair-BestGARCHFamily_HybridQLIKE,validation
2022-03-30,2022-03-31,0.0120931732563713,1.0977779254196385,ComboPair-BestGARCHFamily_HybridQLIKE,validation
2022-03-31,2022-04-01,2.607401303697469,0.9950838967979592,ComboPair-BestGARCHFamily_HybridQLIKE,validation
2022-04-01,2022-04-04,0.2950865363946971,1.1073593680999556,ComboPair-BestGARCHFamily_HybridQLIKE,validation
2022-04-04,2022-04-05,0.09410156815978,1.0481368798265804,ComboPair-BestGARCHFamily_HybridQLIKE,validation
2022-04-05,2022-04-06,0.0355827999144168,1.0300039403546877,ComboPair-BestGARCHFamily_HybridQLIKE,validation
2022-04-06,2022-04-07,1.845756746133211,0.9630394331813626,ComboPair-BestGARCHFamily_HybridQLIKE,validation
2022-04-07,2022-04-08,1.8599564295348143,1.166710788392388,ComboPair-BestGARCHFamily_HybridQLIKE,validation
2022-04-08,2022-04-12,3.317796568560508,1.3143647263949676,ComboPair-BestGARCHFamily_HybridQLIKE,validation
2022-04-12,2022-04-13,2.2412176347286983,1.5781513817006205,ComboPair-BestGARCHFamily_HybridQLIKE,validation
2022-04-13,2022-04-14,0.1186709675031117,1.6480389780858493,ComboPair-BestGARCHFamily_HybridQLIKE,validation
2022-04-14,2022-04-15,0.8563450026802516,1.5044515644618315,ComboPair-BestGARCHFamily_HybridQLIKE,validation
2022-04-15,2022-04-18,3.225139156963737,1.5347564947179353,ComboPair-BestGARCHFamily_HybridQLIKE,validation
2022-04-18,2022-04-19,3.3937657292333743,1.8389369318422233,ComboPair-BestGARCHFamily_HybridQLIKE,validation
2022-04-19,2022-04-20,2.4245124341762705,2.07247317312103,ComboPair-BestGARCHFamily_HybridQLIKE,validation
2022-04-20,2022-04-21,1.109638997468357,2.1217375950744994,ComboPair-BestGARCHFamily_HybridQLIKE,validation
2022-04-21,2022-04-22,0.4305144066915168,2.0050505784858923,ComboPair-BestGARCHFamily_HybridQLIKE,validation
2022-04-22,2022-04-25,25.802530842890924,1.8375801400785665,ComboPair-BestGARCHFamily_HybridQLIKE,validation
2022-04-25,2022-04-26,5.262405488369011,3.931512438574946,ComboPair-BestGARCHFamily_HybridQLIKE,validation
2022-04-26,2022-04-27,0.8508547277394044,3.759176499992461,ComboPair-BestGARCHFamily_HybridQLIKE,validation
2022-04-27,2022-04-28,0.0422563925888465,3.271510128514226,ComboPair-BestGARCHFamily_HybridQLIKE,validation
2022-04-28,2022-04-29,1.3536355027087716,2.744058485695631,ComboPair-BestGARCHFamily_HybridQLIKE,validation
2022-04-29,2022-05-04,1.7811317821270536,2.4182224159271266,ComboPair-BestGARCHFamily_HybridQLIKE,validation
2022-05-04,2022-05-05,0.7846838850035229,2.5554569086570353,ComboPair-BestGARCHFamily_HybridQLIKE,validation
2022-05-05,2022-05-06,5.457913784856381,2.300279535421099,ComboPair-BestGARCHFamily_HybridQLIKE,validation
2022-05-06,2022-05-09,21.07246376843707,2.779348912361692,ComboPair-BestGARCHFamily_HybridQLIKE,validation
2022-05-09,2022-05-10,3.4895974437640893,4.331033509626799,ComboPair-BestGARCHFamily_HybridQLIKE,validation
2022-05-10,2022-05-11,0.3772893243323654,3.9890744250394565,ComboPair-BestGARCHFamily_HybridQLIKE,validation
2022-05-11,2022-05-12,24.369069377939013,3.4157031795085375,ComboPair-BestGARCHFamily_HybridQLIKE,validation
2022-05-12,2022-05-13,21.45200829300172,5.313801882122183,ComboPair-BestGARCHFamily_HybridQLIKE,validation
2022-05-13,2022-05-16,0.8445825050431754,6.507524323364276,ComboPair-BestGARCHFamily_HybridQLIKE,validation
2022-05-16,2022-05-17,22.10791922900586,5.2230353925376525,ComboPair-BestGARCHFamily_HybridQLIKE,validation
2022-05-17,2022-05-18,1.0072145297005026,5.912362790722602,ComboPair-BestGARCHFamily_HybridQLIKE,validation
2022-05-18,2022-05-19,0.0050266870380628,4.84773501488863,ComboPair-BestGARCHFamily_HybridQLIKE,validation
2022-05-19,2022-05-20,0.0056143553761866,3.968016443083501,ComboPair-BestGARCHFamily_HybridQLIKE,validation
2022-05-20,2022-05-23,3.1715419491716648,3.3455978207593606,ComboPair-BestGARCHFamily_HybridQLIKE,validation
2022-05-23,2022-05-24,1.4121508187671683,3.390522184869443,ComboPair-BestGARCHFamily_HybridQLIKE,validation
2022-05-24,2022-05-25,7.852071042943518,3.099873595472225,ComboPair-BestGARCHFamily_HybridQLIKE,validation
2022-05-25,2022-05-26,0.0001218078083452,3.2231139393918697,ComboPair-BestGARCHFamily_HybridQLIKE,validation
2022-05-26,2022-05-27,1.747305868676365,2.740245410895972,ComboPair-BestGARCHFamily_HybridQLIKE,validation
2022-05-27,2022-05-30,0.4313230278725308,2.415718024868844,ComboPair-BestGARCHFamily_HybridQLIKE,validation
2022-05-30,2022-05-31,0.0091927379819102,2.0880249315973174,ComboPair-BestGARCHFamily_HybridQLIKE,validation
2022-05-31,2022-06-01,0.2785076944454149,1.7719139996859257,ComboPair-BestGARCHFamily_HybridQLIKE,validation
2022-06-01,2022-06-02,0.7094839787224755,1.6012314427068923,ComboPair-BestGARCHFamily_HybridQLIKE,validation
2022-06-02,2022-06-03,0.0024678908753368,1.6416496242091374,ComboPair-BestGARCHFamily_HybridQLIKE,validation
2022-06-03,2022-06-06,0.0248021762794326,1.4509118836742545,ComboPair-BestGARCHFamily_HybridQLIKE,validation
2022-06-06,2022-06-07,0.0107788521263349,1.3026111850878064,ComboPair-BestGARCHFamily_HybridQLIKE,validation
2022-06-07,2022-06-08,1.62365203625605,1.190426185256876,ComboPair-BestGARCHFamily_HybridQLIKE,validation
2022-06-08,2022-06-09,7.074018263381634e-05,1.22171484229041,ComboPair-BestGARCHFamily_HybridQLIKE,validation
2022-06-09,2022-06-10,3.350301019629325,1.128199765142076,ComboPair-BestGARCHFamily_HybridQLIKE,validation
2022-06-10,2022-06-13,20.64588542406384,1.4962903675596098,ComboPair-BestGARCHFamily_HybridQLIKE,validation
2022-06-13,2022-06-14,0.0708307718816595,3.1328498311349575,ComboPair-BestGARCHFamily_HybridQLIKE,validation
2022-06-14,2022-06-15,1.796441565238617,2.709889656712254,ComboPair-BestGARCHFamily_HybridQLIKE,validation
2022-06-15,2022-06-16,3.432463040017097,2.6022412485740385,ComboPair-BestGARCHFamily_HybridQLIKE,validation
2022-06-16,2022-06-17,2.482088857909232,2.5826659517106445,ComboPair-BestGARCHFamily_HybridQLIKE,validation
2022-06-17,2022-06-20,9.47527051181594,2.749641886246698,ComboPair-BestGARCHFamily_HybridQLIKE,validation
2022-06-20,2022-06-21,0.4543743324349223,3.5721541629555262,ComboPair-BestGARCHFamily_HybridQLIKE,validation
2022-06-21,2022-06-22,0.0746935567234301,2.9936569441079235,ComboPair-BestGARCHFamily_HybridQLIKE,validation
2022-06-22,2022-06-23,2.766255864563167,2.4950487304796667,ComboPair-BestGARCHFamily_HybridQLIKE,validation
2022-06-23,2022-06-24,0.0820210424345146,2.4709897677561834,ComboPair-BestGARCHFamily_HybridQLIKE,validation
2022-06-24,2022-06-27,2.1086071885158946,2.212871092958679,ComboPair-BestGARCHFamily_HybridQLIKE,validation
2022-06-27,2022-06-28,1.593519408496492,2.059917893573073,ComboPair-BestGARCHFamily_HybridQLIKE,validation
2022-06-28,2022-06-29,6.739655204912147e-07,1.922795405733009,ComboPair-BestGARCHFamily_HybridQLIKE,validation
2022-06-29,2022-06-30,2.8779439800812714,1.6708223901251826,ComboPair-BestGARCHFamily_HybridQLIKE,validation
2022-06-30,2022-07-01,0.0117704187689308,1.9564955856712771,ComboPair-BestGARCHFamily_HybridQLIKE,validation
2022-07-01,2022-07-04,0.0792348201052211,1.696626541702786,ComboPair-BestGARCHFamily_HybridQLIKE,validation
2022-07-04,2022-07-05,1.4358126528100246,1.5275498416318025,ComboPair-BestGARCHFamily_HybridQLIKE,validation
2022-07-05,2022-07-06,7.389865614079536,1.6012122218883502,ComboPair-BestGARCHFamily_HybridQLIKE,validation
2022-07-06,2022-07-07,2.1222407761584665,2.2661873112979642,ComboPair-BestGARCHFamily_HybridQLIKE,validation
2022-07-07,2022-07-08,0.1707436242121409,2.2220303412797042,ComboPair-BestGARCHFamily_HybridQLIKE,validation
2022-07-08,2022-07-11,1.896510687995091,1.9390583489390942,ComboPair-BestGARCHFamily_HybridQLIKE,validation
2022-07-11,2022-07-12,2.8101659729648394,2.05106226543074,ComboPair-BestGARCHFamily_HybridQLIKE,validation
2022-07-12,2022-07-13,0.0058732050643028,2.021369484209049,ComboPair-BestGARCHFamily_HybridQLIKE,validation
2022-07-13,2022-07-14,0.4904420356514064,1.7743827215961083,ComboPair-BestGARCHFamily_HybridQLIKE,validation
2022-07-14,2022-07-15,0.0611617161101388,1.6270270976971366,ComboPair-BestGARCHFamily_HybridQLIKE,validation
2022-07-15,2022-07-18,0.0549065100896944,1.489247339006631,ComboPair-BestGARCHFamily_HybridQLIKE,validation
2022-07-18,2022-07-19,0.0244219525267298,1.3749525543192662,ComboPair-BestGARCHFamily_HybridQLIKE,validation
2022-07-19,2022-07-20,1.7763769532234184,1.235060291779155,ComboPair-BestGARCHFamily_HybridQLIKE,validation
2022-07-20,2022-07-21,0.1310065184317032,1.275067793994821,ComboPair-BestGARCHFamily_HybridQLIKE,validation
2022-07-21,2022-07-22,0.0961257253308801,1.1640124828795835,ComboPair-BestGARCHFamily_HybridQLIKE,validation
2022-07-22,2022-07-25,0.2759737706228845,1.1343640735967138,ComboPair-BestGARCHFamily_HybridQLIKE,validation
2022-07-25,2022-07-26,0.0835304358694094,1.144192587706704,ComboPair-BestGARCHFamily_HybridQLIKE,validation
2022-07-26,2022-07-27,0.2525093111697122,1.0790459309171065,ComboPair-BestGARCHFamily_HybridQLIKE,validation
2022-07-27,2022-07-28,2.02736513860254,1.0397910715312912,ComboPair-BestGARCHFamily_HybridQLIKE,validation
2022-07-28,2022-07-29,0.0219851675662213,1.114362373881549,ComboPair-BestGARCHFamily_HybridQLIKE,validation
2022-07-29,2022-08-01,4.214166749504341,1.0715345148920306,ComboPair-BestGARCHFamily_HybridQLIKE,validation
2022-08-01,2022-08-02,0.6898714562213188,1.2230220912694743,ComboPair-BestGARCHFamily_HybridQLIKE,validation
2022-08-02,2022-08-03,0.4270040010021521,1.1744552222591054,ComboPair-BestGARCHFamily_HybridQLIKE,validation
2022-08-03,2022-08-04,0.1229567831793093,1.1217190245956776,ComboPair-BestGARCHFamily_HybridQLIKE,validation
2022-08-04,2022-08-05,0.0126539977340546,1.0407206063297234,ComboPair-BestGARCHFamily_HybridQLIKE,validation
2022-08-05,2022-08-08,0.1021359274837244,1.0049317281610972,ComboPair-BestGARCHFamily_HybridQLIKE,validation
2022-08-08,2022-08-09,0.0278750471367201,0.9543517031494162,ComboPair-BestGARCHFamily_HybridQLIKE,validation
2022-08-09,2022-08-10,0.0349139608846283,0.9023469761041589,ComboPair-BestGARCHFamily_HybridQLIKE,validation
2022-08-10,2022-08-11,0.1247429178058028,0.8732731018879125,ComboPair-BestGARCHFamily_HybridQLIKE,validation
2022-08-11,2022-08-12,0.6660254086755314,0.8808080760296144,ComboPair-BestGARCHFamily_HybridQLIKE,validation
2022-08-12,2022-08-15,0.8759670360790162,0.891727320457276,ComboPair-BestGARCHFamily_HybridQLIKE,validation
2022-08-15,2022-08-16,0.0014782571055336,0.9171799760841861,ComboPair-BestGARCHFamily_HybridQLIKE,validation
2022-08-16,2022-08-17,0.0021413807191485,0.8644794985831861,ComboPair-BestGARCHFamily_HybridQLIKE,validation
2022-08-17,2022-08-18,0.0161573789935176,0.8127026109408919,ComboPair-BestGARCHFamily_HybridQLIKE,validation
2022-08-18,2022-08-19,0.124159183844011,0.7903453774471445,ComboPair-BestGARCHFamily_HybridQLIKE,validation
2022-08-19,2022-08-22,0.4785997007311449,0.791029085413808,ComboPair-BestGARCHFamily_HybridQLIKE,validation
2022-08-22,2022-08-23,0.6726558406784502,0.8403229962068459,ComboPair-BestGARCHFamily_HybridQLIKE,validation
2022-08-23,2022-08-24,0.2484394846076955,0.8685631969268519,ComboPair-BestGARCHFamily_HybridQLIKE,validation
2022-08-24,2022-08-25,0.8344386477124279,0.8431149798935981,ComboPair-BestGARCHFamily_HybridQLIKE,validation
2022-08-25,2022-08-26,0.2408597797174897,0.862939545089447,ComboPair-BestGARCHFamily_HybridQLIKE,validation
2022-08-26,2022-08-29,0.8499464536320859,0.9094719872527905,ComboPair-BestGARCHFamily_HybridQLIKE,validation
2022-08-29,2022-08-30,0.4538418356510164,1.0228435252452261,ComboPair-BestGARCHFamily_HybridQLIKE,validation
2022-08-30,2022-08-31,0.0076568491567018,1.0244884274143993,ComboPair-BestGARCHFamily_HybridQLIKE,validation
2022-08-31,2022-09-05,0.061049351862573,0.9490031673555999,ComboPair-BestGARCHFamily_HybridQLIKE,validation
2022-09-05,2022-09-06,1.532156699315195e-05,0.9117288059507644,ComboPair-BestGARCHFamily_HybridQLIKE,validation
2022-09-06,2022-09-07,7.377847328826583,0.8480881213086292,ComboPair-BestGARCHFamily_HybridQLIKE,validation
2022-09-07,2022-09-08,0.478523332029774,1.52087639121443,ComboPair-BestGARCHFamily_HybridQLIKE,validation
2022-09-08,2022-09-09,1.3041739898741895,1.446495521839195,ComboPair-BestGARCHFamily_HybridQLIKE,validation
2022-09-09,2022-09-12,0.004521626169754,1.4722404911854188,ComboPair-BestGARCHFamily_HybridQLIKE,validation
2022-09-12,2022-09-13,0.0095408682654198,1.314571365830952,ComboPair-BestGARCHFamily_HybridQLIKE,validation
2022-09-13,2022-09-14,0.3758397161006742,1.2039914197576158,ComboPair-BestGARCHFamily_HybridQLIKE,validation
2022-09-14,2022-09-15,0.1547128388602677,1.2289029204972466,ComboPair-BestGARCHFamily_HybridQLIKE,validation
2022-09-15,2022-09-16,0.6392848421140832,1.1581347031816926,ComboPair-BestGARCHFamily_HybridQLIKE,validation
2022-09-16,2022-09-19,6.167092365627429,1.1878411700279425,ComboPair-BestGARCHFamily_HybridQLIKE,validation
2022-09-19,2022-09-20,1.2403443891166936,1.7333796596191422,ComboPair-BestGARCHFamily_HybridQLIKE,validation
2022-09-20,2022-09-21,0.4759099851621189,1.7078501386082838,ComboPair-BestGARCHFamily_HybridQLIKE,validation
2022-09-21,2022-09-22,0.1171234903128616,1.6622936146755638,ComboPair-BestGARCHFamily_HybridQLIKE,validation
2022-09-22,2022-09-23,0.8922637492009945,1.4933694377626145,ComboPair-BestGARCHFamily_HybridQLIKE,validation
2022-09-23,2022-09-26,5.922583365191483,1.5383651240138458,ComboPair-BestGARCHFamily_HybridQLIKE,validation
2022-09-26,2022-09-27,0.4452493243663706,2.088791619711622,ComboPair-BestGARCHFamily_HybridQLIKE,validation
2022-09-27,2022-09-28,3.9376181571955216,1.9039741248021274,ComboPair-BestGARCHFamily_HybridQLIKE,validation
2022-09-28,2022-09-29,2.391654578614972,2.179701470092209,ComboPair-BestGARCHFamily_HybridQLIKE,validation
2022-09-29,2022-09-30,0.2861665228807753,2.240229912302153,ComboPair-BestGARCHFamily_HybridQLIKE,validation
2022-09-30,2022-10-03,16.955331578512116,1.9962815337954178,ComboPair-BestGARCHFamily_HybridQLIKE,validation
2022-10-03,2022-10-04,0.5881297526576773,3.422765617336997,ComboPair-BestGARCHFamily_HybridQLIKE,validation
2022-10-04,2022-10-05,5.7303230555022,2.918567141027946,ComboPair-BestGARCHFamily_HybridQLIKE,validation
2022-10-05,2022-10-06,7.453651936358921,3.040880205803274,ComboPair-BestGARCHFamily_HybridQLIKE,validation
2022-10-06,2022-10-07,13.391049366085785,3.6452270540463285,ComboPair-BestGARCHFamily_HybridQLIKE,validation
2022-10-07,2022-10-10,0.3997049579355222,4.5406099251042065,ComboPair-BestGARCHFamily_HybridQLIKE,validation
2022-10-10,2022-10-11,12.54691927074426,3.814243991700501,ComboPair-BestGARCHFamily_HybridQLIKE,validation
2022-10-11,2022-10-12,7.860720182392412,4.658029978432652,ComboPair-BestGARCHFamily_HybridQLIKE,validation
2022-10-12,2022-10-13,2.4070722291092697,4.635229839838884,ComboPair-BestGARCHFamily_HybridQLIKE,validation
2022-10-13,2022-10-14,1.0568030806874944,4.050779371989343,ComboPair-BestGARCHFamily_HybridQLIKE,validation
2022-10-14,2022-10-17,0.9445652838308308,3.3579696737390106,ComboPair-BestGARCHFamily_HybridQLIKE,validation
2022-10-17,2022-10-18,1.304619909377935,3.1971722191374594,ComboPair-BestGARCHFamily_HybridQLIKE,validation
2022-10-18,2022-10-19,0.1143012847418557,2.8170518279399097,ComboPair-BestGARCHFamily_HybridQLIKE,validation
2022-10-19,2022-10-20,0.0233897216248987,2.4291037556121395,ComboPair-BestGARCHFamily_HybridQLIKE,validation
2022-10-20,2022-10-21,13.823102148731785,2.0557194185016963,ComboPair-BestGARCHFamily_HybridQLIKE,validation
2022-10-21,2022-10-24,11.27142788246664,3.3075995509476774,ComboPair-BestGARCHFamily_HybridQLIKE,validation
2022-10-24,2022-10-25,0.2552819963060921,4.0716821660562825,ComboPair-BestGARCHFamily_HybridQLIKE,validation
2022-10-25,2022-10-26,0.2322552175172126,3.223470419925648,ComboPair-BestGARCHFamily_HybridQLIKE,validation
2022-10-26,2022-10-27,17.476545289293156,2.8626979643126007,ComboPair-BestGARCHFamily_HybridQLIKE,validation
2022-10-27,2022-10-28,0.0040004302898497,3.4354863869652745,ComboPair-BestGARCHFamily_HybridQLIKE,validation
2022-10-28,2022-10-31,0.003185411598369,2.941817075348573,ComboPair-BestGARCHFamily_HybridQLIKE,validation
2022-10-31,2022-11-01,0.3176638729946111,2.4555453621842074,ComboPair-BestGARCHFamily_HybridQLIKE,validation
2022-11-01,2022-11-02,1.0542708806933592,2.0974829050850854,ComboPair-BestGARCHFamily_HybridQLIKE,validation
2022-11-02,2022-11-03,0.1094857130367321,2.061995567593029,ComboPair-BestGARCHFamily_HybridQLIKE,validation
2022-11-03,2022-11-04,5.049190747098641,1.807077641887759,ComboPair-BestGARCHFamily_HybridQLIKE,validation
2022-11-04,2022-11-07,4.95903292212355,2.290563756179426,ComboPair-BestGARCHFamily_HybridQLIKE,validation
2022-11-07,2022-11-08,0.4359307936718208,2.671186469400297,ComboPair-BestGARCHFamily_HybridQLIKE,validation
2022-11-08,2022-11-09,0.1604496978685764,2.383233491836658,ComboPair-BestGARCHFamily_HybridQLIKE,validation
2022-11-09,2022-11-10,15.751336654060546,2.106197775733964,ComboPair-BestGARCHFamily_HybridQLIKE,validation
2022-11-10,2022-11-11,0.5877644540297541,3.462022480747562,ComboPair-BestGARCHFamily_HybridQLIKE,validation
2022-11-11,2022-11-14,2.025904181968848,2.938572365155281,ComboPair-BestGARCHFamily_HybridQLIKE,validation
2022-11-14,2022-11-15,9.894366349346946,2.8889667010608924,ComboPair-BestGARCHFamily_HybridQLIKE,validation
2022-11-15,2022-11-16,11.17558049000805,3.5622862457289655,ComboPair-BestGARCHFamily_HybridQLIKE,validation
2022-11-16,2022-11-17,7.602516501605635,3.7552327607758693,ComboPair-BestGARCHFamily_HybridQLIKE,validation
2022-11-17,2022-11-18,5.215358122437767e-05,3.66854213989098,ComboPair-BestGARCHFamily_HybridQLIKE,validation
2022-11-18,2022-11-21,0.8090953049399706,3.008502921832729,ComboPair-BestGARCHFamily_HybridQLIKE,validation
2022-11-21,2022-11-22,0.7954965643291928,2.872341034029545,ComboPair-BestGARCHFamily_HybridQLIKE,validation
2022-11-22,2022-11-23,0.4158325821141256,2.6435323260541295,ComboPair-BestGARCHFamily_HybridQLIKE,validation
2022-11-23,2022-11-24,0.0326156098281846,2.3449979674406847,ComboPair-BestGARCHFamily_HybridQLIKE,validation
2022-11-24,2022-11-25,6.126390414606435,2.0463324440853237,ComboPair-BestGARCHFamily_HybridQLIKE,validation
2022-11-25,2022-11-28,11.99171626886051,2.1932120356744114,ComboPair-BestGARCHFamily_HybridQLIKE,validation
2022-11-28,2022-11-29,6.749510839154126,2.4722301914982006,ComboPair-BestGARCHFamily_HybridQLIKE,validation
2022-11-29,2022-11-30,2.4431488019656613,2.4381527468712934,ComboPair-BestGARCHFamily_HybridQLIKE,validation
2022-11-30,2022-12-01,1.3565007887137526,2.2029735416214584,ComboPair-BestGARCHFamily_HybridQLIKE,validation
2022-12-01,2022-12-02,17.084105039989844,2.305072647189244,ComboPair-BestGARCHFamily_HybridQLIKE,validation
2022-12-02,2022-12-05,1.5797254157342264,2.8906821063793258,ComboPair-BestGARCHFamily_HybridQLIKE,validation
2022-12-05,2022-12-06,17.637687522394646,2.531984610063067,ComboPair-BestGARCHFamily_HybridQLIKE,validation
2022-12-06,2022-12-07,0.5388682275570345,4.123348749807263,ComboPair-BestGARCHFamily_HybridQLIKE,validation
2022-12-07,2022-12-08,0.8269714352452323,3.4917078402803265,ComboPair-BestGARCHFamily_HybridQLIKE,validation
2022-12-08,2022-12-09,0.0148277116225318,3.0355867697358354,ComboPair-BestGARCHFamily_HybridQLIKE,validation
2022-12-09,2022-12-12,3.589507425464579,2.5544548254656787,ComboPair-BestGARCHFamily_HybridQLIKE,validation
2022-12-12,2022-12-13,2.1880754664799307,2.7718114117283577,ComboPair-BestGARCHFamily_HybridQLIKE,validation
2022-12-13,2022-12-14,0.0807108309118899,2.5375534705869707,ComboPair-BestGARCHFamily_HybridQLIKE,validation
2022-12-14,2022-12-15,0.2157077020057238,2.1272399366805175,ComboPair-BestGARCHFamily_HybridQLIKE,validation
2022-12-15,2022-12-16,0.072617015649584,1.882669801491208,ComboPair-BestGARCHFamily_HybridQLIKE,validation
2022-12-16,2022-12-19,1.813928705292506,1.6795628707250627,ComboPair-BestGARCHFamily_HybridQLIKE,validation
2022-12-19,2022-12-20,2.1946973166474533,1.856519036537076,ComboPair-BestGARCHFamily_HybridQLIKE,validation
2022-12-20,2022-12-21,0.1732700004356016,1.9903859570657567,ComboPair-BestGARCHFamily_HybridQLIKE,validation
2022-12-21,2022-12-22,0.1335316168500294,1.736504530624532,ComboPair-BestGARCHFamily_HybridQLIKE,validation
2022-12-22,2022-12-23,0.0493851739530653,1.5920698880403423,ComboPair-BestGARCHFamily_HybridQLIKE,validation
2022-12-23,2022-12-26,12.275470581243656,1.4456741075819826,ComboPair-BestGARCHFamily_HybridQLIKE,validation
2022-12-26,2022-12-27,3.78693616836278,2.5890192343583496,ComboPair-BestGARCHFamily_HybridQLIKE,validation
2022-12-27,2022-12-28,1.2053971949970186,2.576309791501197,ComboPair-BestGARCHFamily_HybridQLIKE,validation
2022-12-28,2022-12-29,0.3958340163318585,2.373557417176889,ComboPair-BestGARCHFamily_HybridQLIKE,validation
2022-12-29,2022-12-30,0.047616879962563,2.1798659812843177,ComboPair-BestGARCHFamily_HybridQLIKE,validation
