date,target_date,actual_var,pred_var,model,split
2023-01-03,2023-01-04,0.0549535930877402,3.36357142152312,Refit-OriginalGARCH-expanding_quarterly,test
2023-01-04,2023-01-05,0.8117646910153878,2.9014196042848526,Refit-OriginalGARCH-expanding_quarterly,test
2023-01-05,2023-01-06,0.172811729353928,2.5960594276489726,Refit-OriginalGARCH-expanding_quarterly,test
2023-01-06,2023-01-09,0.0692225607636781,2.2732380963643655,Refit-OriginalGARCH-expanding_quarterly,test
2023-01-09,2023-01-10,0.0066603499297191,1.9791944838702122,Refit-OriginalGARCH-expanding_quarterly,test
2023-01-10,2023-01-11,0.0522271097766636,1.726277777027048,Refit-OriginalGARCH-expanding_quarterly,test
2023-01-11,2023-01-12,0.0035587018238326,1.514130982529006,Refit-OriginalGARCH-expanding_quarterly,test
2023-01-12,2023-01-13,0.1275802197397324,1.330309216667991,Refit-OriginalGARCH-expanding_quarterly,test
2023-01-13,2023-01-16,0.374758039143315,1.1865573971885512,Refit-OriginalGARCH-expanding_quarterly,test
2023-01-16,2023-01-17,4.022686466488597,1.0924904714037553,Refit-OriginalGARCH-expanding_quarterly,test
2023-01-17,2023-01-18,0.8349687871773404,1.448782169921527,Refit-OriginalGARCH-expanding_quarterly,test
2023-01-18,2023-01-19,0.7891600724610666,1.36819969955652,Refit-OriginalGARCH-expanding_quarterly,test
2023-01-19,2023-01-27,0.6572756271765033,1.2945504973038087,Refit-OriginalGARCH-expanding_quarterly,test
2023-01-27,2023-01-30,1.7140630852404162,1.2167076964473582,Refit-OriginalGARCH-expanding_quarterly,test
2023-01-30,2023-01-31,0.6050810133388357,1.305829741399692,Refit-OriginalGARCH-expanding_quarterly,test
2023-01-31,2023-02-01,10.368357126316685,1.2201720380636372,Refit-OriginalGARCH-expanding_quarterly,test
2023-02-01,2023-02-02,0.0226347776228954,2.4025364712963206,Refit-OriginalGARCH-expanding_quarterly,test
2023-02-02,2023-02-03,0.0016679215067438,2.084241677181237,Refit-OriginalGARCH-expanding_quarterly,test
2023-02-03,2023-02-06,1.256067923688864,1.8141844131547535,Refit-OriginalGARCH-expanding_quarterly,test
2023-02-06,2023-02-07,4.736232587067869,1.7275484810222763,Refit-OriginalGARCH-expanding_quarterly,test
2023-02-07,2023-02-08,0.3561755878073738,2.1228176831063896,Refit-OriginalGARCH-expanding_quarterly,test
2023-02-08,2023-02-09,0.5879330834697908,1.8835080469441297,Refit-OriginalGARCH-expanding_quarterly,test
2023-02-09,2023-02-10,0.6787287097613596,1.7250286630091578,Refit-OriginalGARCH-expanding_quarterly,test
2023-02-10,2023-02-13,1.2216869517708149,1.602671659528343,Refit-OriginalGARCH-expanding_quarterly,test
2023-02-13,2023-02-14,0.2361888824871934,1.5694813764574251,Refit-OriginalGARCH-expanding_quarterly,test
2023-02-14,2023-02-15,0.8394668425834446,1.4122336371230326,Refit-OriginalGARCH-expanding_quarterly,test
2023-02-15,2023-02-16,0.9177621933014196,1.3377671016324284,Refit-OriginalGARCH-expanding_quarterly,test
2023-02-16,2023-02-17,0.0092805250097098,1.2839056307905032,Refit-OriginalGARCH-expanding_quarterly,test
2023-02-17,2023-02-20,6.512002780573765,1.1355666227762484,Refit-OriginalGARCH-expanding_quarterly,test
2023-02-20,2023-02-21,0.1691390418565458,1.787395509595725,Refit-OriginalGARCH-expanding_quarterly,test
2023-02-21,2023-02-22,6.846416409130559,1.58768045850198,Refit-OriginalGARCH-expanding_quarterly,test
2023-02-22,2023-02-23,0.0034604047962046,2.2707330216627075,Refit-OriginalGARCH-expanding_quarterly,test
2023-02-23,2023-02-24,1.8150207850841689,1.9725958411662154,Refit-OriginalGARCH-expanding_quarterly,test
2023-02-24,2023-02-27,3.1577928002505518,1.9591119672881852,Refit-OriginalGARCH-expanding_quarterly,test
2023-02-27,2023-02-28,0.1124261928232939,2.118914930013659,Refit-OriginalGARCH-expanding_quarterly,test
2023-02-28,2023-03-01,2.362077222441523,1.8529896916219653,Refit-OriginalGARCH-expanding_quarterly,test
2023-03-01,2023-03-02,0.0800566234507277,1.8926780749608043,Refit-OriginalGARCH-expanding_quarterly,test
2023-03-02,2023-03-03,1.5504718457013609,1.6643724810845923,Refit-OriginalGARCH-expanding_quarterly,test
2023-03-03,2023-03-06,0.0551773612932756,1.6640710463749007,Refit-OriginalGARCH-expanding_quarterly,test
2023-03-06,2023-03-07,1.0659420423683896,1.4617260126579463,Refit-OriginalGARCH-expanding_quarterly,test
2023-03-07,2023-03-08,1.180976964777076,1.406422514090662,Refit-OriginalGARCH-expanding_quarterly,test
2023-03-08,2023-03-09,0.4136971055728827,1.373203130984141,Refit-OriginalGARCH-expanding_quarterly,test
2023-03-09,2023-03-10,0.078265798957639,1.2550754317408632,Refit-OriginalGARCH-expanding_quarterly,test
2023-03-10,2023-03-13,0.0003608159625681,1.1239752537592276,Refit-OriginalGARCH-expanding_quarterly,test
2023-03-13,2023-03-14,1.4659340258862177,1.0002927775618533,Refit-OriginalGARCH-expanding_quarterly,test
2023-03-14,2023-03-15,4.404587524685249,1.09063822568729,Refit-OriginalGARCH-expanding_quarterly,test
2023-03-15,2023-03-16,1.966140070411206,1.4934579342401897,Refit-OriginalGARCH-expanding_quarterly,test
2023-03-16,2023-03-17,0.0466583815583474,1.5725601398704692,Refit-OriginalGARCH-expanding_quarterly,test
2023-03-17,2023-03-20,4.542701346022625,1.3882876198413916,Refit-OriginalGARCH-expanding_quarterly,test
2023-03-20,2023-03-21,0.8241032078763476,1.8109315379558861,Refit-OriginalGARCH-expanding_quarterly,test
2023-03-21,2023-03-22,0.6122377400151076,1.6737132436029862,Refit-OriginalGARCH-expanding_quarterly,test
2023-03-22,2023-03-23,0.1912107767600162,1.5326553242410899,Refit-OriginalGARCH-expanding_quarterly,test
2023-03-23,2023-03-24,0.0261069358389794,1.3649419170319326,Refit-OriginalGARCH-expanding_quarterly,test
2023-03-24,2023-03-27,0.2706486133246383,1.2055563927598598,Refit-OriginalGARCH-expanding_quarterly,test
2023-03-27,2023-03-28,0.0375129464792075,1.0967373279612234,Refit-OriginalGARCH-expanding_quarterly,test
2023-03-28,2023-03-29,0.0373680554186715,0.9793962732063131,Refit-OriginalGARCH-expanding_quarterly,test
2023-03-29,2023-03-30,0.0864260143113033,0.8799782143484634,Refit-OriginalGARCH-expanding_quarterly,test
2023-03-30,2023-03-31,0.2397323675517269,0.8006863591533467,Refit-OriginalGARCH-expanding_quarterly,test
2023-03-31,2023-04-03,1.8652562093058924,0.7502748604807083,Refit-OriginalGARCH-expanding_quarterly,test
2023-04-03,2023-04-04,0.0059186412860023,0.9006266721255168,Refit-OriginalGARCH-expanding_quarterly,test
2023-04-04,2023-04-05,0.0498269661847383,0.8136673590011811,Refit-OriginalGARCH-expanding_quarterly,test
2023-04-05,2023-04-06,0.8553042836437406,0.7417749884055658,Refit-OriginalGARCH-expanding_quarterly,test
2023-04-06,2023-04-07,0.0125702355791553,0.7917722261647596,Refit-OriginalGARCH-expanding_quarterly,test
2023-04-07,2023-04-10,0.1668068990512428,0.7224163502100638,Refit-OriginalGARCH-expanding_quarterly,test
2023-04-10,2023-04-11,0.1482607699784405,0.6856353203440995,Refit-OriginalGARCH-expanding_quarterly,test
2023-04-11,2023-04-12,8.743291732272662e-07,0.6431974677408528,Refit-OriginalGARCH-expanding_quarterly,test
2023-04-12,2023-04-13,0.2330177840007939,0.59343778763147,Refit-OriginalGARCH-expanding_quarterly,test
2023-04-13,2023-04-14,1.1617696349612645,0.5849880039093374,Refit-OriginalGARCH-expanding_quarterly,test
2023-04-14,2023-04-17,0.0076283447272982,0.6976614986202143,Refit-OriginalGARCH-expanding_quarterly,test
2023-04-17,2023-04-18,0.0131688449679895,0.6396327673359743,Refit-OriginalGARCH-expanding_quarterly,test
2023-04-18,2023-04-19,0.3296437026732272,0.5907110898521855,Refit-OriginalGARCH-expanding_quarterly,test
2023-04-19,2023-04-20,0.0006623405434785,0.5954734955314239,Refit-OriginalGARCH-expanding_quarterly,test
2023-04-20,2023-04-21,0.3673257523211698,0.5526826464501129,Refit-OriginalGARCH-expanding_quarterly,test
2023-04-21,2023-04-24,0.0221215519921837,0.5681236085891804,Refit-OriginalGARCH-expanding_quarterly,test
2023-04-24,2023-04-25,0.3932622485353985,0.534032035745252,Refit-OriginalGARCH-expanding_quarterly,test
2023-04-25,2023-04-26,0.328691182889417,0.5556790124097306,Refit-OriginalGARCH-expanding_quarterly,test
2023-04-26,2023-04-27,0.0126510214171176,0.5526770538880275,Refit-OriginalGARCH-expanding_quarterly,test
2023-04-27,2023-04-28,0.8257060505705139,0.5193500375136734,Refit-OriginalGARCH-expanding_quarterly,test
2023-04-28,2023-05-04,0.663351259487948,0.5785923660500005,Refit-OriginalGARCH-expanding_quarterly,test
2023-05-04,2023-05-05,0.0008313650023289,0.6285416920179734,Refit-OriginalGARCH-expanding_quarterly,test
2023-05-05,2023-05-08,1.5730813455266768,0.5814050428712263,Refit-OriginalGARCH-expanding_quarterly,test
2023-05-08,2023-05-09,0.0009810073041391,0.7184580400630313,Refit-OriginalGARCH-expanding_quarterly,test
2023-05-09,2023-05-10,0.1807814295588449,0.6571179091155159,Refit-OriginalGARCH-expanding_quarterly,test
2023-05-10,2023-05-11,0.0116169732719969,0.6224854099520238,Refit-OriginalGARCH-expanding_quarterly,test
2023-05-11,2023-05-12,0.8480601097426534,0.5784642867705163,Refit-OriginalGARCH-expanding_quarterly,test
2023-05-12,2023-05-15,0.0124546383596074,0.6313879156777557,Refit-OriginalGARCH-expanding_quarterly,test
2023-05-15,2023-05-16,0.0003521278803455,0.5861708656516047,Refit-OriginalGARCH-expanding_quarterly,test
2023-05-16,2023-05-17,0.2647079940558091,0.5448220033761222,Refit-OriginalGARCH-expanding_quarterly,test
2023-05-17,2023-05-18,0.5467189046851431,0.5479139017218357,Refit-OriginalGARCH-expanding_quarterly,test
2023-05-18,2023-05-19,0.0134881726921275,0.5707723538374805,Refit-OriginalGARCH-expanding_quarterly,test
2023-05-19,2023-05-22,0.1115577260954784,0.5348628727866123,Refit-OriginalGARCH-expanding_quarterly,test
2023-05-22,2023-05-23,0.2010623455676166,0.511239467955905,Refit-OriginalGARCH-expanding_quarterly,test
2023-05-23,2023-05-24,0.1456521231551851,0.5108916322959814,Refit-OriginalGARCH-expanding_quarterly,test
2023-05-24,2023-05-25,0.0713508401309495,0.503093797387839,Refit-OriginalGARCH-expanding_quarterly,test
2023-05-25,2023-05-26,0.006683379548905,0.48011092846136505,Refit-OriginalGARCH-expanding_quarterly,test
2023-05-26,2023-05-29,1.1008741895280585,0.45664145793071076,Refit-OriginalGARCH-expanding_quarterly,test
2023-05-29,2023-05-30,0.0813274524532,0.5572693364373783,Refit-OriginalGARCH-expanding_quarterly,test
2023-05-30,2023-05-31,0.0715597269351419,0.5271379352873612,Refit-OriginalGARCH-expanding_quarterly,test
2023-05-31,2023-06-01,0.0894248931377806,0.5065808184970391,Refit-OriginalGARCH-expanding_quarterly,test
2023-06-01,2023-06-02,1.3176407801372392,0.4849150016338512,Refit-OriginalGARCH-expanding_quarterly,test
2023-06-02,2023-06-05,0.4068339428608296,0.6065806676954094,Refit-OriginalGARCH-expanding_quarterly,test
2023-06-05,2023-06-06,0.9043890866960916,0.6047044973981909,Refit-OriginalGARCH-expanding_quarterly,test
2023-06-06,2023-06-07,0.0123028566285396,0.6601989696784003,Refit-OriginalGARCH-expanding_quarterly,test
2023-06-07,2023-06-08,0.5529490855904797,0.6081171239716066,Refit-OriginalGARCH-expanding_quarterly,test
2023-06-08,2023-06-09,0.3161644467066298,0.6393710342956338,Refit-OriginalGARCH-expanding_quarterly,test
2023-06-09,2023-06-12,0.5831574033164091,0.622360688743801,Refit-OriginalGARCH-expanding_quarterly,test
2023-06-12,2023-06-13,0.3310759893352936,0.6381713074380427,Refit-OriginalGARCH-expanding_quarterly,test
2023-06-13,2023-06-14,0.2025223817587841,0.6230106615645647,Refit-OriginalGARCH-expanding_quarterly,test
2023-06-14,2023-06-15,0.0016224341258812,0.6060228797558856,Refit-OriginalGARCH-expanding_quarterly,test
2023-06-15,2023-06-16,0.024585211583996,0.5625035486193809,Refit-OriginalGARCH-expanding_quarterly,test
2023-06-16,2023-06-19,0.7822402072538185,0.5296494957496581,Refit-OriginalGARCH-expanding_quarterly,test
2023-06-19,2023-06-20,0.3250259985876756,0.6022432108123776,Refit-OriginalGARCH-expanding_quarterly,test
2023-06-20,2023-06-21,0.3653445181035127,0.5918168646506418,Refit-OriginalGARCH-expanding_quarterly,test
2023-06-21,2023-06-22,0.3717252672960691,0.5874862505972317,Refit-OriginalGARCH-expanding_quarterly,test
2023-06-22,2023-06-23,0.1309819466607628,0.5845261058644797,Refit-OriginalGARCH-expanding_quarterly,test
2023-06-23,2023-06-26,0.0549279663710728,0.5554739023492932,Refit-OriginalGARCH-expanding_quarterly,test
2023-06-26,2023-06-27,0.0411962958640958,0.5229691465361384,Refit-OriginalGARCH-expanding_quarterly,test
2023-06-27,2023-06-28,0.1251516048900254,0.49404138374061424,Refit-OriginalGARCH-expanding_quarterly,test
2023-06-28,2023-06-29,1.3110715533307906,0.47800038956239344,Refit-OriginalGARCH-expanding_quarterly,test
2023-06-29,2023-06-30,0.2153197174085333,0.6257349879986327,Refit-OriginalGARCH-expanding_quarterly,test
2023-06-30,2023-07-03,0.2244859363593752,0.6100536036909725,Refit-OriginalGARCH-expanding_quarterly,test
2023-07-03,2023-07-04,0.331614557206894,0.5709752195958481,Refit-OriginalGARCH-expanding_quarterly,test
2023-07-04,2023-07-05,0.0534448088033697,0.5635928743666494,Refit-OriginalGARCH-expanding_quarterly,test
2023-07-05,2023-07-06,0.5521828368120864,0.5276635830999261,Refit-OriginalGARCH-expanding_quarterly,test
2023-07-06,2023-07-07,1.0955709924740076,0.5681762624289284,Refit-OriginalGARCH-expanding_quarterly,test
2023-07-07,2023-07-10,0.9169134777331625,0.6479717756059532,Refit-OriginalGARCH-expanding_quarterly,test
2023-07-10,2023-07-11,0.057144157007868,0.6955322798478673,Refit-OriginalGARCH-expanding_quarterly,test
2023-07-11,2023-07-12,0.0444186703613796,0.6406041442090015,Refit-OriginalGARCH-expanding_quarterly,test
2023-07-12,2023-07-13,0.9358770339385756,0.5925204850168282,Refit-OriginalGARCH-expanding_quarterly,test
2023-07-13,2023-07-14,0.0652166185346891,0.6503903818043124,Refit-OriginalGARCH-expanding_quarterly,test
2023-07-14,2023-07-17,0.1632239943294482,0.6028727956971976,Refit-OriginalGARCH-expanding_quarterly,test
2023-07-17,2023-07-18,0.0066910598075562,0.5724573792462124,Refit-OriginalGARCH-expanding_quarterly,test
2023-07-18,2023-07-19,0.0089465157105592,0.5312840664759195,Refit-OriginalGARCH-expanding_quarterly,test
2023-07-19,2023-07-20,0.0002100775164203,0.49842201569587513,Refit-OriginalGARCH-expanding_quarterly,test
2023-07-20,2023-07-21,1.2319670859049314,0.46841982064782267,Refit-OriginalGARCH-expanding_quarterly,test
2023-07-21,2023-07-24,0.164526463877313,0.5785770252108953,Refit-OriginalGARCH-expanding_quarterly,test
2023-07-24,2023-07-25,0.1884318549081098,0.5518646231156986,Refit-OriginalGARCH-expanding_quarterly,test
2023-07-25,2023-07-26,0.1699312574616927,0.5316303663535892,Refit-OriginalGARCH-expanding_quarterly,test
2023-07-26,2023-07-27,0.0856869950327944,0.5123818060628305,Refit-OriginalGARCH-expanding_quarterly,test
2023-07-27,2023-07-28,0.7393945741890614,0.493790397494207,Refit-OriginalGARCH-expanding_quarterly,test
2023-07-28,2023-07-31,1.5705613280253743,0.5436746194798607,Refit-OriginalGARCH-expanding_quarterly,test
2023-07-31,2023-08-01,0.191513989792846,0.6819893316219281,Refit-OriginalGARCH-expanding_quarterly,test
2023-08-01,2023-08-02,0.0554319741987418,0.6529172555799772,Refit-OriginalGARCH-expanding_quarterly,test
2023-08-02,2023-08-03,0.6081005379926719,0.6040752731677625,Refit-OriginalGARCH-expanding_quarterly,test
2023-08-03,2023-08-04,1.5216082607669985,0.6405359489003957,Refit-OriginalGARCH-expanding_quarterly,test
2023-08-04,2023-08-07,1.5663427455149326,0.7589622439293224,Refit-OriginalGARCH-expanding_quarterly,test
2023-08-07,2023-08-08,0.0042545072808971,0.8652044811754089,Refit-OriginalGARCH-expanding_quarterly,test
2023-08-08,2023-08-09,0.4429341513499315,0.7809788779449306,Refit-OriginalGARCH-expanding_quarterly,test
2023-08-09,2023-08-10,1.18855521360565,0.7702796585318789,Refit-OriginalGARCH-expanding_quarterly,test
2023-08-10,2023-08-11,0.8946457187409982,0.8558565479975222,Refit-OriginalGARCH-expanding_quarterly,test
2023-08-11,2023-08-14,0.1406576061529025,0.8703680558387337,Refit-OriginalGARCH-expanding_quarterly,test
2023-08-14,2023-08-15,0.0509990332423939,0.7983184185007556,Refit-OriginalGARCH-expanding_quarterly,test
2023-08-15,2023-08-16,0.5528693854620391,0.7328395355595052,Refit-OriginalGARCH-expanding_quarterly,test
2023-08-16,2023-08-17,0.6237080926504832,0.7264856701697808,Refit-OriginalGARCH-expanding_quarterly,test
2023-08-17,2023-08-18,21.187467781738864,0.7469829622035845,Refit-OriginalGARCH-expanding_quarterly,test
2023-08-18,2023-08-21,0.0225429724444894,3.2868907889036816,Refit-OriginalGARCH-expanding_quarterly,test
2023-08-21,2023-08-22,0.0038263943505654,2.8486431889574817,Refit-OriginalGARCH-expanding_quarterly,test
2023-08-22,2023-08-23,0.4543048185096983,2.4734311989111397,Refit-OriginalGARCH-expanding_quarterly,test
2023-08-23,2023-08-24,2.030960720400387,2.215914167380806,Refit-OriginalGARCH-expanding_quarterly,test
2023-08-24,2023-08-25,0.2574822009117362,2.16246737823439,Refit-OriginalGARCH-expanding_quarterly,test
2023-08-25,2023-08-28,2.3677711449578327,1.9249517015617308,Refit-OriginalGARCH-expanding_quarterly,test
2023-08-28,2023-08-29,0.0507403600472885,1.9535078555816536,Refit-OriginalGARCH-expanding_quarterly,test
2023-08-29,2023-08-30,0.521587233427783,1.7134173910161004,Refit-OriginalGARCH-expanding_quarterly,test
2023-08-30,2023-08-31,0.798611626583033,1.5596819880010757,Refit-OriginalGARCH-expanding_quarterly,test
2023-08-31,2023-09-05,0.790275250555677,1.4599551152801635,Refit-OriginalGARCH-expanding_quarterly,test
2023-09-05,2023-09-06,0.7194907575034776,1.373906257651461,Refit-OriginalGARCH-expanding_quarterly,test
2023-09-06,2023-09-07,0.0359716287929884,1.2924088123120303,Refit-OriginalGARCH-expanding_quarterly,test
2023-09-07,2023-09-08,0.0178548556372743,1.1522245911241982,Refit-OriginalGARCH-expanding_quarterly,test
2023-09-08,2023-09-11,2.097389099277001,1.0297862252332968,Refit-OriginalGARCH-expanding_quarterly,test
2023-09-11,2023-09-12,3.1212396050656377,1.1909214838723334,Refit-OriginalGARCH-expanding_quarterly,test
2023-09-12,2023-09-13,0.3222528903899724,1.4154165213185927,Refit-OriginalGARCH-expanding_quarterly,test
2023-09-13,2023-09-14,1.4026151894519558,1.2959858338651506,Refit-OriginalGARCH-expanding_quarterly,test
2023-09-14,2023-09-15,0.0839016379792105,1.3313150322013902,Refit-OriginalGARCH-expanding_quarterly,test
2023-09-15,2023-09-18,1.6257299462595711,1.185769077703923,Refit-OriginalGARCH-expanding_quarterly,test
2023-09-18,2023-09-19,0.000654584074098,1.2651945014034947,Refit-OriginalGARCH-expanding_quarterly,test
2023-09-19,2023-09-20,1.4369523878233037,1.1228851122855819,Refit-OriginalGARCH-expanding_quarterly,test
2023-09-20,2023-09-21,1.2021573804780938,1.1607384255667224,Refit-OriginalGARCH-expanding_quarterly,test
2023-09-21,2023-09-22,2.67951003310709,1.1907449250750712,Refit-OriginalGARCH-expanding_quarterly,test
2023-09-22,2023-09-25,11.541216926620844,1.40058728677519,Refit-OriginalGARCH-expanding_quarterly,test
2023-09-25,2023-09-26,1.7698314100181254,2.6679778829029046,Refit-OriginalGARCH-expanding_quarterly,test
2023-09-26,2023-09-27,1.922934467977144,2.5479613771333156,Refit-OriginalGARCH-expanding_quarterly,test
2023-09-27,2023-09-28,0.0151639632836694,2.433214477075542,Refit-OriginalGARCH-expanding_quarterly,test
2023-09-28,2023-09-29,0.02224231577349,2.1224100833332815,Refit-OriginalGARCH-expanding_quarterly,test
2023-09-29,2023-10-02,0.0090750098350391,1.854968406809043,Refit-OriginalGARCH-expanding_quarterly,test
2023-10-02,2023-10-03,10.683716279206385,1.6280238676232908,Refit-OriginalGARCH-expanding_quarterly,test
2023-10-03,2023-10-04,0.8853176884286172,2.7600634098003223,Refit-OriginalGARCH-expanding_quarterly,test
2023-10-04,2023-10-05,1.7375339257639013,2.492922947936581,Refit-OriginalGARCH-expanding_quarterly,test
2023-10-05,2023-10-06,1.7072998751511268,2.3949021749844084,Refit-OriginalGARCH-expanding_quarterly,test
2023-10-06,2023-10-09,0.6060662073826656,2.276446473879477,Refit-OriginalGARCH-expanding_quarterly,test
2023-10-09,2023-10-10,0.3080349756366544,2.0489092285368664,Refit-OriginalGARCH-expanding_quarterly,test
2023-10-10,2023-10-11,0.3851648462229108,1.8216526923164897,Refit-OriginalGARCH-expanding_quarterly,test
2023-10-11,2023-10-12,0.0048291522978458,1.6364510447398828,Refit-OriginalGARCH-expanding_quarterly,test
2023-10-12,2023-10-13,0.0732020168306359,1.4392554672660178,Refit-OriginalGARCH-expanding_quarterly,test
2023-10-13,2023-10-16,1.3440806213781142,1.2770101559621332,Refit-OriginalGARCH-expanding_quarterly,test
2023-10-16,2023-10-17,3.052807721519015,1.3090408130274096,Refit-OriginalGARCH-expanding_quarterly,test
2023-10-17,2023-10-18,2.691074109609036,1.5494771561803184,Refit-OriginalGARCH-expanding_quarterly,test
2023-10-18,2023-10-19,2.014426845995019,1.7095283225940654,Refit-OriginalGARCH-expanding_quarterly,test
2023-10-19,2023-10-20,3.37838828040453,1.7617037869076706,Refit-OriginalGARCH-expanding_quarterly,test
2023-10-20,2023-10-23,1.7351918672263549,1.9319408868597976,Refit-OriginalGARCH-expanding_quarterly,test
2023-10-23,2023-10-24,1.2652847100550173,1.916399239568273,Refit-OriginalGARCH-expanding_quarterly,test
2023-10-24,2023-10-25,0.1475596920145903,1.8173878797356158,Refit-OriginalGARCH-expanding_quarterly,test
2023-10-25,2023-10-26,18.362010800338208,1.6161144355407524,Refit-OriginalGARCH-expanding_quarterly,test
2023-10-26,2023-10-27,0.2387716417217482,3.6882854492962798,Refit-OriginalGARCH-expanding_quarterly,test
2023-10-27,2023-10-30,3.0025597858118136,3.211575447267275,Refit-OriginalGARCH-expanding_quarterly,test
2023-10-30,2023-10-31,1.8839681619493045,3.1650614769357253,Refit-OriginalGARCH-expanding_quarterly,test
2023-10-31,2023-11-01,1.230715501580414,2.9861805075585646,Refit-OriginalGARCH-expanding_quarterly,test
2023-11-01,2023-11-02,11.467731176476716,2.7253381390072415,Refit-OriginalGARCH-expanding_quarterly,test
2023-11-02,2023-11-03,0.0148189440021049,3.710816294434177,Refit-OriginalGARCH-expanding_quarterly,test
2023-11-03,2023-11-06,1.4138672012584073,3.208133717924851,Refit-OriginalGARCH-expanding_quarterly,test
2023-11-06,2023-11-07,0.7458390495009208,2.935688217488069,Refit-OriginalGARCH-expanding_quarterly,test
2023-11-07,2023-11-08,9.129956144189087,2.6472930717060885,Refit-OriginalGARCH-expanding_quarterly,test
2023-11-08,2023-11-09,0.0017061233763225,3.3666124528488743,Refit-OriginalGARCH-expanding_quarterly,test
2023-11-09,2023-11-10,1.2148681903111338,2.914092445111228,Refit-OriginalGARCH-expanding_quarterly,test
2023-11-10,2023-11-13,0.0213882813414155,2.6883057517391826,Refit-OriginalGARCH-expanding_quarterly,test
2023-11-13,2023-11-14,0.7643879612116624,2.340476436625469,Refit-OriginalGARCH-expanding_quarterly,test
2023-11-14,2023-11-15,1.309101680363533,2.1214503404504477,Refit-OriginalGARCH-expanding_quarterly,test
2023-11-15,2023-11-16,0.0726677258555493,1.9972398827158688,Refit-OriginalGARCH-expanding_quarterly,test
2023-11-16,2023-11-17,4.779742663796966,1.752611952707778,Refit-OriginalGARCH-expanding_quarterly,test
2023-11-17,2023-11-20,0.0501991268589152,2.141155983120192,Refit-OriginalGARCH-expanding_quarterly,test
2023-11-20,2023-11-21,0.3772925570702379,1.8731248315075313,Refit-OriginalGARCH-expanding_quarterly,test
2023-11-21,2023-11-22,0.0912767762573235,1.6794547567674671,Refit-OriginalGARCH-expanding_quarterly,test
2023-11-22,2023-11-23,5.291901747240125,1.4835730038484942,Refit-OriginalGARCH-expanding_quarterly,test
2023-11-23,2023-11-24,0.4250871900618609,1.974956855139947,Refit-OriginalGARCH-expanding_quarterly,test
2023-11-24,2023-11-27,0.4781711175817431,1.771577901001733,Refit-OriginalGARCH-expanding_quarterly,test
2023-11-27,2023-11-28,0.4557176520002135,1.6206064572714418,Refit-OriginalGARCH-expanding_quarterly,test
2023-11-28,2023-11-29,0.4496265629344425,1.4729317892758675,Refit-OriginalGARCH-expanding_quarterly,test
2023-11-29,2023-11-30,0.6229744807299576,1.346365438565157,Refit-OriginalGARCH-expanding_quarterly,test
2023-11-30,2023-12-01,0.5347066481770756,1.2767662171204992,Refit-OriginalGARCH-expanding_quarterly,test
2023-12-01,2023-12-04,2.720585966130201,1.1886848902353622,Refit-OriginalGARCH-expanding_quarterly,test
2023-12-04,2023-12-05,0.163386350982878,1.3663618741581678,Refit-OriginalGARCH-expanding_quarterly,test
2023-12-05,2023-12-06,0.8703691532467039,1.2337850554716936,Refit-OriginalGARCH-expanding_quarterly,test
2023-12-06,2023-12-07,0.193176184914791,1.1901368230130207,Refit-OriginalGARCH-expanding_quarterly,test
2023-12-07,2023-12-08,0.0690100099875838,1.0875758681042618,Refit-OriginalGARCH-expanding_quarterly,test
2023-12-08,2023-12-11,0.0088783019772855,0.9768083571543591,Refit-OriginalGARCH-expanding_quarterly,test
2023-12-11,2023-12-12,0.0357476055077411,0.8771362849329406,Refit-OriginalGARCH-expanding_quarterly,test
2023-12-12,2023-12-13,1.4355458045904153,0.7942828692093706,Refit-OriginalGARCH-expanding_quarterly,test
2023-12-13,2023-12-14,0.1339218193100039,0.9090352021228728,Refit-OriginalGARCH-expanding_quarterly,test
2023-12-14,2023-12-15,0.501011926570286,0.8399264474241125,Refit-OriginalGARCH-expanding_quarterly,test
2023-12-15,2023-12-18,0.9021057574713134,0.82936881650764,Refit-OriginalGARCH-expanding_quarterly,test
2023-12-18,2023-12-19,0.163207316046184,0.8716358271426222,Refit-OriginalGARCH-expanding_quarterly,test
2023-12-19,2023-12-20,0.1648341022859622,0.8024113139794743,Refit-OriginalGARCH-expanding_quarterly,test
2023-12-20,2023-12-21,0.0229820728280408,0.7435731316314118,Refit-OriginalGARCH-expanding_quarterly,test
2023-12-21,2023-12-22,0.003263855536434,0.6793329672070709,Refit-OriginalGARCH-expanding_quarterly,test
2023-12-22,2023-12-25,1.728982548756669,0.62331738210849,Refit-OriginalGARCH-expanding_quarterly,test
2023-12-25,2023-12-26,0.1679675706187517,0.7687741442327881,Refit-OriginalGARCH-expanding_quarterly,test
2023-12-26,2023-12-27,0.0005368687109465,0.7152313646685504,Refit-OriginalGARCH-expanding_quarterly,test
2023-12-27,2023-12-28,0.3802432948523992,0.6545460930399497,Refit-OriginalGARCH-expanding_quarterly,test
2023-12-28,2023-12-29,0.0078393746118935,0.6410032934514334,Refit-OriginalGARCH-expanding_quarterly,test
2023-12-29,2024-01-02,0.0250562134986935,0.5908212097800543,Refit-OriginalGARCH-expanding_quarterly,test
2024-01-02,2024-01-03,1.197029417048885,0.548558763251005,Refit-OriginalGARCH-expanding_quarterly,test
2024-01-03,2024-01-04,0.3258526092006003,0.6428379085778863,Refit-OriginalGARCH-expanding_quarterly,test
2024-01-04,2024-01-05,0.1180208232703248,0.6248478464252429,Refit-OriginalGARCH-expanding_quarterly,test
2024-01-05,2024-01-08,0.2266269824272246,0.5872040598922699,Refit-OriginalGARCH-expanding_quarterly,test
2024-01-08,2024-01-09,0.0190450011331964,0.5665623201036702,Refit-OriginalGARCH-expanding_quarterly,test
2024-01-09,2024-01-10,0.0646665738710911,0.5312106907148668,Refit-OriginalGARCH-expanding_quarterly,test
2024-01-10,2024-01-11,0.0034252738431133,0.5019247358602836,Refit-OriginalGARCH-expanding_quarterly,test
2024-01-11,2024-01-12,0.4213826457560849,0.47186836860338577,Refit-OriginalGARCH-expanding_quarterly,test
2024-01-12,2024-01-15,0.0025242702278622,0.5046685994782486,Refit-OriginalGARCH-expanding_quarterly,test
2024-01-15,2024-01-16,0.6034028324453893,0.47537472718910967,Refit-OriginalGARCH-expanding_quarterly,test
2024-01-16,2024-01-17,0.0025743958188708,0.5128273815844355,Refit-OriginalGARCH-expanding_quarterly,test
2024-01-17,2024-01-18,0.3137503773939618,0.482350021158472,Refit-OriginalGARCH-expanding_quarterly,test
2024-01-18,2024-01-19,1.120382144309341,0.4865448654597359,Refit-OriginalGARCH-expanding_quarterly,test
2024-01-19,2024-01-22,0.0132345962603059,0.5811250632425561,Refit-OriginalGARCH-expanding_quarterly,test
2024-01-22,2024-01-23,0.2062692888507807,0.5399816213998373,Refit-OriginalGARCH-expanding_quarterly,test
2024-01-23,2024-01-24,0.1485757892019817,0.5346986004897556,Refit-OriginalGARCH-expanding_quarterly,test
2024-01-24,2024-01-25,0.0492420848338565,0.5224598606384124,Refit-OriginalGARCH-expanding_quarterly,test
2024-01-25,2024-01-26,0.2041467089523473,0.49817618563046545,Refit-OriginalGARCH-expanding_quarterly,test
2024-01-26,2024-01-29,2.893888078905973e-06,0.4881624618653327,Refit-OriginalGARCH-expanding_quarterly,test
2024-01-29,2024-01-30,0.1130691080782245,0.4603764026706272,Refit-OriginalGARCH-expanding_quarterly,test
2024-01-30,2024-01-31,1.7132578057426455,0.44631953460981905,Refit-OriginalGARCH-expanding_quarterly,test
2024-01-31,2024-02-01,0.5554695483427156,0.6456637473449217,Refit-OriginalGARCH-expanding_quarterly,test
2024-02-01,2024-02-02,0.0016060494837953,0.6527823730598108,Refit-OriginalGARCH-expanding_quarterly,test
2024-02-02,2024-02-05,1.312405125307974,0.6015597107546875,Refit-OriginalGARCH-expanding_quarterly,test
2024-02-05,2024-02-06,0.041546270496195,0.7013212350930138,Refit-OriginalGARCH-expanding_quarterly,test
2024-02-06,2024-02-07,0.7090694435364681,0.6449280589507835,Refit-OriginalGARCH-expanding_quarterly,test
2024-02-07,2024-02-15,0.10935700902328,0.6694609325443761,Refit-OriginalGARCH-expanding_quarterly,test
2024-02-15,2024-02-16,0.3563698361907522,0.6243913621600184,Refit-OriginalGARCH-expanding_quarterly,test
2024-02-16,2024-02-19,1.5735090531706803,0.6124614681514338,Refit-OriginalGARCH-expanding_quarterly,test
2024-02-19,2024-02-20,0.1719424828204338,0.740696690074149,Refit-OriginalGARCH-expanding_quarterly,test
2024-02-20,2024-02-21,2.643713937948573e-06,0.6917211341901034,Refit-OriginalGARCH-expanding_quarterly,test
2024-02-21,2024-02-22,0.0493686905262693,0.6341513350635493,Refit-OriginalGARCH-expanding_quarterly,test
2024-02-22,2024-02-23,1.5757517057356472,0.5935226832729451,Refit-OriginalGARCH-expanding_quarterly,test
2024-02-23,2024-02-26,0.9982359162312492,0.7541665445223042,Refit-OriginalGARCH-expanding_quarterly,test
2024-02-26,2024-02-27,1.16593097532243,0.7955701968807287,Refit-OriginalGARCH-expanding_quarterly,test
2024-02-27,2024-02-28,1.8813005066335944,0.8500948164451576,Refit-OriginalGARCH-expanding_quarterly,test
2024-02-28,2024-02-29,0.0210764395400896,0.97909217966716,Refit-OriginalGARCH-expanding_quarterly,test
2024-02-29,2024-03-01,0.1954116660389362,0.883630101485594,Refit-OriginalGARCH-expanding_quarterly,test
2024-03-01,2024-03-04,0.0617241173730905,0.8162106839327771,Refit-OriginalGARCH-expanding_quarterly,test
2024-03-04,2024-03-05,0.458465682898879,0.7448856782993744,Refit-OriginalGARCH-expanding_quarterly,test
2024-03-05,2024-03-06,0.3277686759141466,0.7266209292813685,Refit-OriginalGARCH-expanding_quarterly,test
2024-03-06,2024-03-07,0.2049845962757557,0.7099639417628179,Refit-OriginalGARCH-expanding_quarterly,test
2024-03-07,2024-03-08,2.816444292658484,0.6690117110723504,Refit-OriginalGARCH-expanding_quarterly,test
2024-03-08,2024-03-11,0.912721979122844,0.972481593141828,Refit-OriginalGARCH-expanding_quarterly,test
2024-03-11,2024-03-12,0.5879634369893775,0.9945038898133544,Refit-OriginalGARCH-expanding_quarterly,test
2024-03-12,2024-03-13,4.113946023612082,0.9541644582728451,Refit-OriginalGARCH-expanding_quarterly,test
2024-03-13,2024-03-14,0.2431894157728003,1.328245905438327,Refit-OriginalGARCH-expanding_quarterly,test
2024-03-14,2024-03-15,0.0014420309906953,1.2123651922039647,Refit-OriginalGARCH-expanding_quarterly,test
2024-03-15,2024-03-18,2.60144510071112,1.079115813859057,Refit-OriginalGARCH-expanding_quarterly,test
2024-03-18,2024-03-19,0.0078313418483015,1.2959292286890314,Refit-OriginalGARCH-expanding_quarterly,test
2024-03-19,2024-03-20,1.98300631416396,1.151795305502439,Refit-OriginalGARCH-expanding_quarterly,test
2024-03-20,2024-03-21,1.659993462713211,1.2483726528123285,Refit-OriginalGARCH-expanding_quarterly,test
2024-03-21,2024-03-22,0.1769090471586793,1.2934267803421906,Refit-OriginalGARCH-expanding_quarterly,test
2024-03-22,2024-03-25,1.1957204376691162,1.1639993852764894,Refit-OriginalGARCH-expanding_quarterly,test
2024-03-25,2024-03-26,1.266685379522265,1.1935513682221668,Refit-OriginalGARCH-expanding_quarterly,test
2024-03-26,2024-03-27,0.0047070525559726,1.2013295451384183,Refit-OriginalGARCH-expanding_quarterly,test
2024-03-27,2024-03-28,0.3036574536281876,1.068841832088223,Refit-OriginalGARCH-expanding_quarterly,test
2024-03-28,2024-03-29,0.22386593116756,0.9860065868868616,Refit-OriginalGARCH-expanding_quarterly,test
2024-03-29,2024-04-01,0.0401370314872093,0.9177124660090593,Refit-OriginalGARCH-expanding_quarterly,test
2024-04-01,2024-04-02,0.1847396233779287,0.8320293602647236,Refit-OriginalGARCH-expanding_quarterly,test
2024-04-02,2024-04-03,1.4814046434548742,0.7704622872194391,Refit-OriginalGARCH-expanding_quarterly,test
2024-04-03,2024-04-04,0.0642984527134782,0.8932855926110953,Refit-OriginalGARCH-expanding_quarterly,test
2024-04-04,2024-04-05,1.084676282740752,0.8170823799037521,Refit-OriginalGARCH-expanding_quarterly,test
2024-04-05,2024-04-08,0.1443776586599194,0.8835982884128845,Refit-OriginalGARCH-expanding_quarterly,test
2024-04-08,2024-04-09,0.9848187145028622,0.8199483010814616,Refit-OriginalGARCH-expanding_quarterly,test
2024-04-09,2024-04-10,0.1141835151805207,0.8484758847123045,Refit-OriginalGARCH-expanding_quarterly,test
2024-04-10,2024-04-11,0.0008184297224042,0.7857913994705976,Refit-OriginalGARCH-expanding_quarterly,test
2024-04-11,2024-04-12,2.1077713488695093,0.7147800605745701,Refit-OriginalGARCH-expanding_quarterly,test
2024-04-12,2024-04-15,23.166885904173803,0.8867293902335551,Refit-OriginalGARCH-expanding_quarterly,test
2024-04-15,2024-04-16,0.0058478365075764,3.6248392958192777,Refit-OriginalGARCH-expanding_quarterly,test
2024-04-16,2024-04-17,3.543454497340081,3.142951310580369,Refit-OriginalGARCH-expanding_quarterly,test
2024-04-17,2024-04-19,2.3528631494425456,3.1757829332321466,Refit-OriginalGARCH-expanding_quarterly,test
2024-04-19,2024-04-22,1.6893979231324006,3.0574303326834347,Refit-OriginalGARCH-expanding_quarterly,test
2024-04-22,2024-04-23,1.1727907466469314,2.841361953452992,Refit-OriginalGARCH-expanding_quarterly,test
2024-04-23,2024-04-24,5.606024745553127,2.6250931089641503,Refit-OriginalGARCH-expanding_quarterly,test
2024-04-24,2024-04-25,0.0028195309207452,2.9255053979126573,Refit-OriginalGARCH-expanding_quarterly,test
2024-04-25,2024-04-26,0.1420473024727117,2.5444678060336217,Refit-OriginalGARCH-expanding_quarterly,test
2024-04-26,2024-05-02,0.318006405977251,2.2299197901131396,Refit-OriginalGARCH-expanding_quarterly,test
2024-05-02,2024-05-03,0.1468401316931458,1.9796575102870566,Refit-OriginalGARCH-expanding_quarterly,test
2024-05-03,2024-05-06,2.785560071487252,1.747582413560937,Refit-OriginalGARCH-expanding_quarterly,test
2024-05-06,2024-05-07,0.3206037518220124,1.8477342615161514,Refit-OriginalGARCH-expanding_quarterly,test
2024-05-07,2024-05-08,0.0214485793857184,1.653226055733942,Refit-OriginalGARCH-expanding_quarterly,test
2024-05-08,2024-05-09,0.0212146392864794,1.4565610183923525,Refit-OriginalGARCH-expanding_quarterly,test
2024-05-09,2024-05-10,0.0998826714071555,1.2920989186163947,Refit-OriginalGARCH-expanding_quarterly,test
2024-05-10,2024-05-13,0.1323509240296012,1.163041888168103,Refit-OriginalGARCH-expanding_quarterly,test
2024-05-13,2024-05-14,0.0623260338672244,1.0571927421849465,Refit-OriginalGARCH-expanding_quarterly,test
2024-05-14,2024-05-15,0.7914504364695899,0.950614512230125,Refit-OriginalGARCH-expanding_quarterly,test
2024-05-15,2024-05-16,1.3010619376829529,0.9384062594257541,Refit-OriginalGARCH-expanding_quarterly,test
2024-05-16,2024-05-20,0.4777373395090949,0.9855930547894647,Refit-OriginalGARCH-expanding_quarterly,test
2024-05-20,2024-05-21,0.0011865300373836,0.9333897089854772,Refit-OriginalGARCH-expanding_quarterly,test
2024-05-21,2024-05-22,0.6467920233357178,0.8410724209841419,Refit-OriginalGARCH-expanding_quarterly,test
2024-05-22,2024-05-23,1.2284567837418712,0.8488791755673912,Refit-OriginalGARCH-expanding_quarterly,test
2024-05-23,2024-05-24,2.256648937405396,0.9008070689240555,Refit-OriginalGARCH-expanding_quarterly,test
2024-05-24,2024-05-27,0.2066759953224523,1.1007844247250516,Refit-OriginalGARCH-expanding_quarterly,test
2024-05-27,2024-05-28,1.2149042841979667,1.002512037740209,Refit-OriginalGARCH-expanding_quarterly,test
2024-05-28,2024-05-29,0.5065517433860525,1.0306012337663697,Refit-OriginalGARCH-expanding_quarterly,test
2024-05-29,2024-05-30,0.2478473182821189,0.9930023902439142,Refit-OriginalGARCH-expanding_quarterly,test
2024-05-30,2024-05-31,0.1324368158912983,0.9273024063797717,Refit-OriginalGARCH-expanding_quarterly,test
2024-05-31,2024-06-03,2.069054535054291,0.8556819716183147,Refit-OriginalGARCH-expanding_quarterly,test
2024-06-03,2024-06-04,0.0754175541972061,1.0027303583639005,Refit-OriginalGARCH-expanding_quarterly,test
2024-06-04,2024-06-05,0.0041789785238715,0.9053037990095304,Refit-OriginalGARCH-expanding_quarterly,test
2024-06-05,2024-06-06,0.003785773302666,0.8161698620183401,Refit-OriginalGARCH-expanding_quarterly,test
2024-06-06,2024-06-07,0.0977825492840672,0.7415184811130838,Refit-OriginalGARCH-expanding_quarterly,test
2024-06-07,2024-06-10,0.0574549317651925,0.6841935609271192,Refit-OriginalGARCH-expanding_quarterly,test
2024-06-10,2024-06-11,0.236389900130653,0.6312997296294098,Refit-OriginalGARCH-expanding_quarterly,test
2024-06-11,2024-06-12,1.4910702380739045,0.616586333580498,Refit-OriginalGARCH-expanding_quarterly,test
2024-06-12,2024-06-13,0.0102965917651104,0.7321348901704796,Refit-OriginalGARCH-expanding_quarterly,test
2024-06-13,2024-06-14,2.8007247199637466,0.6684010852880258,Refit-OriginalGARCH-expanding_quarterly,test
2024-06-14,2024-06-17,0.1619251788207639,0.9691741548276629,Refit-OriginalGARCH-expanding_quarterly,test
2024-06-17,2024-06-18,0.1371670063872054,0.8954792160569164,Refit-OriginalGARCH-expanding_quarterly,test
2024-06-18,2024-06-19,0.0005135905111872,0.8197778756175432,Refit-OriginalGARCH-expanding_quarterly,test
2024-06-19,2024-06-20,0.0383900740120223,0.743150254793123,Refit-OriginalGARCH-expanding_quarterly,test
2024-06-20,2024-06-21,0.0004769047173217,0.6799769812819066,Refit-OriginalGARCH-expanding_quarterly,test
2024-06-21,2024-06-24,4.841244218909869,0.6241981760995278,Refit-OriginalGARCH-expanding_quarterly,test
2024-06-24,2024-06-25,0.0377795857346046,1.1814400560034184,Refit-OriginalGARCH-expanding_quarterly,test
2024-06-25,2024-06-26,0.1382006989182143,1.0545970620782907,Refit-OriginalGARCH-expanding_quarterly,test
2024-06-26,2024-06-27,0.0291086660682599,0.9559059096615581,Refit-OriginalGARCH-expanding_quarterly,test
2024-06-27,2024-06-28,1.2092769262564496,0.8653691735536464,Refit-OriginalGARCH-expanding_quarterly,test
2024-06-28,2024-07-01,0.5464740769679215,0.9404738018096188,Refit-OriginalGARCH-expanding_quarterly,test
2024-07-01,2024-07-02,1.4560329328950323,0.9068601078200172,Refit-OriginalGARCH-expanding_quarterly,test
2024-07-02,2024-07-03,0.3074231060441431,0.977801021980842,Refit-OriginalGARCH-expanding_quarterly,test
2024-07-03,2024-07-04,0.0565502378458402,0.9088255590889064,Refit-OriginalGARCH-expanding_quarterly,test
2024-07-04,2024-07-05,0.0604238017679763,0.8238528724044308,Refit-OriginalGARCH-expanding_quarterly,test
2024-07-05,2024-07-08,0.001641913639604,0.7517763133897927,Refit-OriginalGARCH-expanding_quarterly,test
2024-07-08,2024-07-09,0.6204070574126203,0.6857819983441668,Refit-OriginalGARCH-expanding_quarterly,test
2024-07-09,2024-07-10,0.3628967539784848,0.6944710636508744,Refit-OriginalGARCH-expanding_quarterly,test
2024-07-10,2024-07-11,0.0277401860440043,0.6878989822535215,Refit-OriginalGARCH-expanding_quarterly,test
2024-07-11,2024-07-12,0.0565767163705356,0.6369488615755584,Refit-OriginalGARCH-expanding_quarterly,test
2024-07-12,2024-07-15,0.0052765811391784,0.5978221458937614,Refit-OriginalGARCH-expanding_quarterly,test
2024-07-15,2024-07-16,0.011280250205691,0.5563326356489516,Refit-OriginalGARCH-expanding_quarterly,test
2024-07-16,2024-07-17,0.9643834972427656,0.5195159219277959,Refit-OriginalGARCH-expanding_quarterly,test
2024-07-17,2024-07-18,0.2066285309508605,0.6152553097852316,Refit-OriginalGARCH-expanding_quarterly,test
2024-07-18,2024-07-19,0.5789189613600527,0.5888955044535855,Refit-OriginalGARCH-expanding_quarterly,test
2024-07-19,2024-07-22,0.6479469442933512,0.6256382388529447,Refit-OriginalGARCH-expanding_quarterly,test
2024-07-22,2024-07-23,3.3723820037131813,0.6657500818333536,Refit-OriginalGARCH-expanding_quarterly,test
2024-07-23,2024-07-24,0.2907489732326712,1.0381921549958588,Refit-OriginalGARCH-expanding_quarterly,test
2024-07-24,2024-07-25,0.1825373322670373,0.9585021950736674,Refit-OriginalGARCH-expanding_quarterly,test
2024-07-25,2024-07-26,0.5194428542577421,0.8893121812174791,Refit-OriginalGARCH-expanding_quarterly,test
2024-07-26,2024-07-29,0.1301982149615345,0.8567261549352214,Refit-OriginalGARCH-expanding_quarterly,test
2024-07-29,2024-07-30,0.0152800221232259,0.786754352630066,Refit-OriginalGARCH-expanding_quarterly,test
2024-07-30,2024-07-31,0.2669893008576879,0.7192180694671709,Refit-OriginalGARCH-expanding_quarterly,test
2024-07-31,2024-08-01,3.924859003099425,0.6839941836017929,Refit-OriginalGARCH-expanding_quarterly,test
2024-08-01,2024-08-02,0.6124804127570632,1.1215579731534258,Refit-OriginalGARCH-expanding_quarterly,test
2024-08-02,2024-08-05,16.028441731399298,1.065102039807568,Refit-OriginalGARCH-expanding_quarterly,test
2024-08-05,2024-08-06,3.4304951964000674,2.918197322718906,Refit-OriginalGARCH-expanding_quarterly,test
2024-08-06,2024-08-07,0.2131074887245232,2.920839339606612,Refit-OriginalGARCH-expanding_quarterly,test
2024-08-07,2024-08-08,0.389017827650505,2.5551941483389187,Refit-OriginalGARCH-expanding_quarterly,test
2024-08-08,2024-08-09,1.5873626468232618,2.277626406938758,Refit-OriginalGARCH-expanding_quarterly,test
2024-08-09,2024-08-12,0.2928717413764615,2.161497827688407,Refit-OriginalGARCH-expanding_quarterly,test
2024-08-12,2024-08-13,0.0001294788177011,1.9163986133514725,Refit-OriginalGARCH-expanding_quarterly,test
2024-08-13,2024-08-14,2.3780277347729983e-05,1.678844145648386,Refit-OriginalGARCH-expanding_quarterly,test
2024-08-14,2024-08-15,0.3071561671079922,1.4765027089352492,Refit-OriginalGARCH-expanding_quarterly,test
2024-08-15,2024-08-16,5.364467227292595,1.3473666182968735,Refit-OriginalGARCH-expanding_quarterly,test
2024-08-16,2024-08-19,0.5581057481573143,1.8072793951286106,Refit-OriginalGARCH-expanding_quarterly,test
2024-08-19,2024-08-20,0.7441049789899746,1.6436371431727073,Refit-OriginalGARCH-expanding_quarterly,test
2024-08-20,2024-08-21,0.8093492360217696,1.5249682199964605,Refit-OriginalGARCH-expanding_quarterly,test
2024-08-21,2024-08-22,0.0097920425309074,1.431151595381308,Refit-OriginalGARCH-expanding_quarterly,test
2024-08-22,2024-08-23,0.039129459240867,1.2676399800753735,Refit-OriginalGARCH-expanding_quarterly,test
2024-08-23,2024-08-26,0.1707352129175375,1.1281581751613539,Refit-OriginalGARCH-expanding_quarterly,test
2024-08-26,2024-08-27,0.0017789790178368,1.0323701390244902,Refit-OriginalGARCH-expanding_quarterly,test
2024-08-27,2024-08-28,0.0047191862628622,0.9249966362637388,Refit-OriginalGARCH-expanding_quarterly,test
2024-08-28,2024-08-29,5.480696959213411e-06,0.8334869678777478,Refit-OriginalGARCH-expanding_quarterly,test
2024-08-29,2024-08-30,0.0350100605836961,0.7557099122567028,Refit-OriginalGARCH-expanding_quarterly,test
2024-08-30,2024-09-04,0.3975959773479832,0.6913526531277923,Refit-OriginalGARCH-expanding_quarterly,test
2024-09-04,2024-09-05,0.3560479520225069,0.6897298777719911,Refit-OriginalGARCH-expanding_quarterly,test
2024-09-05,2024-09-06,0.2046388013312271,0.6829689053174869,Refit-OriginalGARCH-expanding_quarterly,test
2024-09-06,2024-09-09,0.2403215208141221,0.6464128683152267,Refit-OriginalGARCH-expanding_quarterly,test
2024-09-09,2024-09-10,0.9818980427278184,0.630913793119854,Refit-OriginalGARCH-expanding_quarterly,test
2024-09-10,2024-09-11,0.0244199123086784,0.7124284228950973,Refit-OriginalGARCH-expanding_quarterly,test
2024-09-11,2024-09-12,0.0602484567361687,0.6573398576610932,Refit-OriginalGARCH-expanding_quarterly,test
2024-09-12,2024-09-13,0.1369055643032899,0.6098001633485338,Refit-OriginalGARCH-expanding_quarterly,test
2024-09-13,2024-09-16,0.9992379796047328,0.5858801406291713,Refit-OriginalGARCH-expanding_quarterly,test
2024-09-16,2024-09-17,2.484914926701652,0.6762140521279543,Refit-OriginalGARCH-expanding_quarterly,test
2024-09-17,2024-09-18,0.2223148391601984,0.8997213287252871,Refit-OriginalGARCH-expanding_quarterly,test
2024-09-18,2024-09-19,0.2523387575730195,0.8330858209017984,Refit-OriginalGARCH-expanding_quarterly,test
2024-09-19,2024-09-20,0.003666425548263,0.7794933893318069,Refit-OriginalGARCH-expanding_quarterly,test
2024-09-20,2024-09-23,0.0785444168047104,0.7094118251355861,Refit-OriginalGARCH-expanding_quarterly,test
2024-09-23,2024-09-24,0.447081172927798,0.6627394710365166,Refit-OriginalGARCH-expanding_quarterly,test
2024-09-24,2024-09-25,0.6692996014919499,0.6555405246965998,Refit-OriginalGARCH-expanding_quarterly,test
2024-09-25,2024-09-26,0.0967067651015831,0.6741669254496072,Refit-OriginalGARCH-expanding_quarterly,test
2024-09-26,2024-09-27,0.0019487643545271,0.6277129932226301,Refit-OriginalGARCH-expanding_quarterly,test
2024-09-27,2024-09-30,0.0534118196752501,0.5810733251053796,Refit-OriginalGARCH-expanding_quarterly,test
2024-09-30,2024-10-01,0.1090419063191174,0.549725793659812,Refit-OriginalGARCH-expanding_quarterly,test
2024-10-01,2024-10-02,0.1142301950532245,0.5225360616301902,Refit-OriginalGARCH-expanding_quarterly,test
2024-10-02,2024-10-03,0.5763536966008403,0.5086672245470059,Refit-OriginalGARCH-expanding_quarterly,test
2024-10-03,2024-10-04,0.3463758362975216,0.5583308026484652,Refit-OriginalGARCH-expanding_quarterly,test
2024-10-04,2024-10-07,0.0027820245719093,0.5703880045454375,Refit-OriginalGARCH-expanding_quarterly,test
2024-10-07,2024-10-08,0.0260164216385025,0.5322034566650281,Refit-OriginalGARCH-expanding_quarterly,test
2024-10-08,2024-10-09,0.5974680039460253,0.4999885017671295,Refit-OriginalGARCH-expanding_quarterly,test
2024-10-09,2024-10-10,0.1233539050383977,0.5346734661377198,Refit-OriginalGARCH-expanding_quarterly,test
2024-10-10,2024-10-11,0.0248646364370185,0.5115946146763964,Refit-OriginalGARCH-expanding_quarterly,test
2024-10-11,2024-10-14,0.0253573876734088,0.4824015890660513,Refit-OriginalGARCH-expanding_quarterly,test
2024-10-14,2024-10-15,0.1678954221921946,0.4615863461373408,Refit-OriginalGARCH-expanding_quarterly,test
2024-10-15,2024-10-16,0.0156181703703392,0.4643534932600786,Refit-OriginalGARCH-expanding_quarterly,test
2024-10-16,2024-10-17,0.301088511662053,0.444661239551248,Refit-OriginalGARCH-expanding_quarterly,test
2024-10-17,2024-10-18,0.0067941729317095,0.45440163554548024,Refit-OriginalGARCH-expanding_quarterly,test
2024-10-18,2024-10-21,0.1968037312439634,0.43461707116290643,Refit-OriginalGARCH-expanding_quarterly,test
2024-10-21,2024-10-22,0.6006392197446851,0.4453997960750766,Refit-OriginalGARCH-expanding_quarterly,test
2024-10-22,2024-10-23,0.0063207009295036,0.507785244500229,Refit-OriginalGARCH-expanding_quarterly,test
2024-10-23,2024-10-24,1.1387581243922995,0.4778738179031292,Refit-OriginalGARCH-expanding_quarterly,test
2024-10-24,2024-10-25,0.1396414208283497,0.6044419959885148,Refit-OriginalGARCH-expanding_quarterly,test
2024-10-25,2024-10-28,0.0267355724555891,0.5817151581275937,Refit-OriginalGARCH-expanding_quarterly,test
2024-10-28,2024-10-29,0.310375295938392,0.5420704313718842,Refit-OriginalGARCH-expanding_quarterly,test
2024-10-29,2024-10-30,0.0624797327224918,0.5381019161152097,Refit-OriginalGARCH-expanding_quarterly,test
2024-10-30,2024-10-31,0.2150309186038439,0.514495716519117,Refit-OriginalGARCH-expanding_quarterly,test
2024-10-31,2024-11-01,0.5795854757810541,0.5042432467880623,Refit-OriginalGARCH-expanding_quarterly,test
2024-11-01,2024-11-04,0.6634669865085588,0.5549956115318367,Refit-OriginalGARCH-expanding_quarterly,test
2024-11-04,2024-11-05,0.0071101049569573,0.6089354916281984,Refit-OriginalGARCH-expanding_quarterly,test
2024-11-05,2024-11-06,1.532964136157592,0.5637589864435532,Refit-OriginalGARCH-expanding_quarterly,test
2024-11-06,2024-11-07,0.0147328555936719,0.6969378836214228,Refit-OriginalGARCH-expanding_quarterly,test
2024-11-07,2024-11-08,0.3276224769794669,0.6419086431495855,Refit-OriginalGARCH-expanding_quarterly,test
2024-11-08,2024-11-11,0.0320387972398517,0.6388408248491477,Refit-OriginalGARCH-expanding_quarterly,test
2024-11-11,2024-11-12,0.1943555469915317,0.5954161442098749,Refit-OriginalGARCH-expanding_quarterly,test
2024-11-12,2024-11-13,0.0095957977358447,0.5815413830279846,Refit-OriginalGARCH-expanding_quarterly,test
2024-11-13,2024-11-14,1.304380342114139,0.5406436938698884,Refit-OriginalGARCH-expanding_quarterly,test
2024-11-14,2024-11-15,1.1819027969632745,0.6787984017762361,Refit-OriginalGARCH-expanding_quarterly,test
2024-11-15,2024-11-18,0.0141759467193479,0.7804691064172067,Refit-OriginalGARCH-expanding_quarterly,test
2024-11-18,2024-11-19,0.9768103702203697,0.7127070990417863,Refit-OriginalGARCH-expanding_quarterly,test
2024-11-19,2024-11-20,0.8848644501514296,0.7830680489484547,Refit-OriginalGARCH-expanding_quarterly,test
2024-11-20,2024-11-21,0.9302138287758972,0.8078461408016308,Refit-OriginalGARCH-expanding_quarterly,test
2024-11-21,2024-11-22,0.0003506766753295,0.8341026820880947,Refit-OriginalGARCH-expanding_quarterly,test
2024-11-22,2024-11-25,0.2872709111767263,0.7553090798554949,Refit-OriginalGARCH-expanding_quarterly,test
2024-11-25,2024-11-26,0.3599546809656788,0.7165301364877072,Refit-OriginalGARCH-expanding_quarterly,test
2024-11-26,2024-11-27,0.0001659440969947,0.6916768939191646,Refit-OriginalGARCH-expanding_quarterly,test
2024-11-27,2024-11-28,0.0001270529950301,0.6343347985216051,Refit-OriginalGARCH-expanding_quarterly,test
2024-11-28,2024-11-29,0.4488915850595839,0.5853652418538662,Refit-OriginalGARCH-expanding_quarterly,test
2024-11-29,2024-12-02,0.0035951954303536,0.5903175809827664,Refit-OriginalGARCH-expanding_quarterly,test
2024-12-02,2024-12-03,0.0121780282468158,0.5478296360764641,Refit-OriginalGARCH-expanding_quarterly,test
2024-12-03,2024-12-04,0.5723787875208138,0.514910554588574,Refit-OriginalGARCH-expanding_quarterly,test
2024-12-04,2024-12-05,4.677770763753511,0.563113546935551,Refit-OriginalGARCH-expanding_quarterly,test
2024-12-05,2024-12-06,0.0423127275118428,1.067788942516286,Refit-OriginalGARCH-expanding_quarterly,test
2024-12-06,2024-12-09,0.0846129168166276,0.9559884128007086,Refit-OriginalGARCH-expanding_quarterly,test
2024-12-09,2024-12-10,0.019333949066393,0.8652009708897495,Refit-OriginalGARCH-expanding_quarterly,test
2024-12-10,2024-12-11,0.0638388590450149,0.7854947035110471,Refit-OriginalGARCH-expanding_quarterly,test
2024-12-11,2024-12-12,0.0141789335558376,0.7246620470208345,Refit-OriginalGARCH-expanding_quarterly,test
2024-12-12,2024-12-13,0.1427917911928931,0.6653429584027162,Refit-OriginalGARCH-expanding_quarterly,test
2024-12-13,2024-12-16,0.0093280152446342,0.633838184767929,Refit-OriginalGARCH-expanding_quarterly,test
2024-12-16,2024-12-17,0.0268721671219935,0.5850134720865338,Refit-OriginalGARCH-expanding_quarterly,test
2024-12-17,2024-12-18,0.1146807250456102,0.5489173515601609,Refit-OriginalGARCH-expanding_quarterly,test
2024-12-18,2024-12-19,0.8081531599464532,0.5227827912756828,Refit-OriginalGARCH-expanding_quarterly,test
2024-12-19,2024-12-20,0.0507615856480591,0.6002462974722724,Refit-OriginalGARCH-expanding_quarterly,test
2024-12-20,2024-12-23,0.1742376670775678,0.5599619198361098,Refit-OriginalGARCH-expanding_quarterly,test
2024-12-23,2024-12-24,0.0361915284275727,0.5384360244633273,Refit-OriginalGARCH-expanding_quarterly,test
2024-12-24,2024-12-25,1.1654410256024177,0.5108443391145931,Refit-OriginalGARCH-expanding_quarterly,test
2024-12-25,2024-12-26,0.0084412075502873,0.6092457129783972,Refit-OriginalGARCH-expanding_quarterly,test
2024-12-26,2024-12-27,0.0317475107765902,0.5663533905991294,Refit-OriginalGARCH-expanding_quarterly,test
2024-12-27,2024-12-30,0.0600146339677672,0.5294620409829666,Refit-OriginalGARCH-expanding_quarterly,test
2024-12-30,2024-12-31,0.1703989127600233,0.5068015043034575,Refit-OriginalGARCH-expanding_quarterly,test
2024-12-31,2025-01-02,0.0533739456959429,0.5030707665423043,Refit-OriginalGARCH-expanding_quarterly,test
2025-01-02,2025-01-03,1.435132590022104,0.4650071614228709,Refit-OriginalGARCH-expanding_quarterly,test
2025-01-03,2025-01-06,0.4342211890889308,0.6258428739547455,Refit-OriginalGARCH-expanding_quarterly,test
2025-01-06,2025-01-07,0.037939050469307,0.6366433344415298,Refit-OriginalGARCH-expanding_quarterly,test
2025-01-07,2025-01-08,0.032117795831564,0.5885062839713978,Refit-OriginalGARCH-expanding_quarterly,test
2025-01-08,2025-01-09,0.1768543904547769,0.5469342050332313,Refit-OriginalGARCH-expanding_quarterly,test
2025-01-09,2025-01-10,1.525095444996381,0.5357186037424772,Refit-OriginalGARCH-expanding_quarterly,test
2025-01-10,2025-01-13,0.175796578127988,0.6973712531541727,Refit-OriginalGARCH-expanding_quarterly,test
2025-01-13,2025-01-14,0.2850878204367433,0.6542835011512864,Refit-OriginalGARCH-expanding_quarterly,test
2025-01-14,2025-01-15,0.3327205813226502,0.6415590770134242,Refit-OriginalGARCH-expanding_quarterly,test
2025-01-15,2025-01-16,0.2486834462527659,0.6237312507495022,Refit-OriginalGARCH-expanding_quarterly,test
2025-01-16,2025-01-17,0.293601545819197,0.599329092637668,Refit-OriginalGARCH-expanding_quarterly,test
2025-01-17,2025-01-20,0.0012403693451998,0.583419802701893,Refit-OriginalGARCH-expanding_quarterly,test
2025-01-20,2025-01-21,0.0768862836866478,0.5405344347270552,Refit-OriginalGARCH-expanding_quarterly,test
2025-01-21,2025-01-22,0.0818546593881995,0.5166184015776808,Refit-OriginalGARCH-expanding_quarterly,test
2025-01-22,2025-01-23,1.8682525367895249,0.4969204273142217,Refit-OriginalGARCH-expanding_quarterly,test
2025-01-23,2025-01-24,0.1843517308365074,0.6757534603926351,Refit-OriginalGARCH-expanding_quarterly,test
2025-01-24,2025-02-04,0.0008556873339296,0.6367601433872236,Refit-OriginalGARCH-expanding_quarterly,test
2025-02-04,2025-02-05,0.1513708695410532,0.5867134474018512,Refit-OriginalGARCH-expanding_quarterly,test
2025-02-05,2025-02-06,0.0216622352028634,0.5573274697504398,Refit-OriginalGARCH-expanding_quarterly,test
2025-02-06,2025-02-07,0.0853488617566438,0.5194557067211537,Refit-OriginalGARCH-expanding_quarterly,test
2025-02-07,2025-02-10,0.8849819273953393,0.49314992063400465,Refit-OriginalGARCH-expanding_quarterly,test
2025-02-10,2025-02-11,0.168100114678953,0.580835769928611,Refit-OriginalGARCH-expanding_quarterly,test
2025-02-11,2025-02-12,0.0147578221185138,0.5540847027369935,Refit-OriginalGARCH-expanding_quarterly,test
2025-02-12,2025-02-13,0.0735271043646943,0.5189321506487378,Refit-OriginalGARCH-expanding_quarterly,test
2025-02-13,2025-02-14,0.2025383263760581,0.49152366958733185,Refit-OriginalGARCH-expanding_quarterly,test
2025-02-14,2025-02-17,0.0695132401561259,0.4815978961807339,Refit-OriginalGARCH-expanding_quarterly,test
2025-02-17,2025-02-18,0.1805870585568251,0.46531652371985033,Refit-OriginalGARCH-expanding_quarterly,test
2025-02-18,2025-02-19,0.6592497592052439,0.45689930118002253,Refit-OriginalGARCH-expanding_quarterly,test
2025-02-19,2025-02-20,0.1172593983298531,0.5027794498545236,Refit-OriginalGARCH-expanding_quarterly,test
2025-02-20,2025-02-21,0.0847684671072922,0.48218580513834186,Refit-OriginalGARCH-expanding_quarterly,test
2025-02-21,2025-02-24,0.3605624100663593,0.46130808936898215,Refit-OriginalGARCH-expanding_quarterly,test
2025-02-24,2025-02-25,0.0115290687889239,0.47308764697099487,Refit-OriginalGARCH-expanding_quarterly,test
2025-02-25,2025-02-26,0.0002355760665946,0.4493094362575009,Refit-OriginalGARCH-expanding_quarterly,test
2025-02-26,2025-02-27,0.1374731263687118,0.42662342435551215,Refit-OriginalGARCH-expanding_quarterly,test
2025-02-27,2025-02-28,0.0348744922200793,0.41934395359760046,Refit-OriginalGARCH-expanding_quarterly,test
2025-02-28,2025-03-03,0.0940796554023008,0.40718800355775336,Refit-OriginalGARCH-expanding_quarterly,test
2025-03-03,2025-03-04,0.0375578625820462,0.39829064476714215,Refit-OriginalGARCH-expanding_quarterly,test
2025-03-04,2025-03-05,0.3028627512498273,0.3852062460007268,Refit-OriginalGARCH-expanding_quarterly,test
2025-03-05,2025-03-06,1.0612188848677555,0.41441386211754105,Refit-OriginalGARCH-expanding_quarterly,test
2025-03-06,2025-03-07,0.350731246280503,0.5123256579254827,Refit-OriginalGARCH-expanding_quarterly,test
2025-03-07,2025-03-10,0.1014325645495789,0.5155086785872599,Refit-OriginalGARCH-expanding_quarterly,test
2025-03-10,2025-03-11,0.0288133302998629,0.4914143102410902,Refit-OriginalGARCH-expanding_quarterly,test
2025-03-11,2025-03-12,0.0196658897235791,0.4638462765151161,Refit-OriginalGARCH-expanding_quarterly,test
2025-03-12,2025-03-13,0.3743917074856848,0.4395752690596096,Refit-OriginalGARCH-expanding_quarterly,test
2025-03-13,2025-03-14,8.187247062994656e-05,0.47007268097059307,Refit-OriginalGARCH-expanding_quarterly,test
2025-03-14,2025-03-17,0.5767885171931181,0.4442396986329002,Refit-OriginalGARCH-expanding_quarterly,test
2025-03-17,2025-03-18,0.157344490226044,0.4826806331173531,Refit-OriginalGARCH-expanding_quarterly,test
2025-03-18,2025-03-19,0.2279894954046255,0.4783078100273619,Refit-OriginalGARCH-expanding_quarterly,test
2025-03-19,2025-03-20,0.0027940647092661,0.48398611589589013,Refit-OriginalGARCH-expanding_quarterly,test
2025-03-20,2025-03-21,0.0240132299745747,0.4569314631263607,Refit-OriginalGARCH-expanding_quarterly,test
2025-03-21,2025-03-24,0.4050748456224285,0.4375747281712129,Refit-OriginalGARCH-expanding_quarterly,test
2025-03-24,2025-03-25,0.0144479307849922,0.4577820816695968,Refit-OriginalGARCH-expanding_quarterly,test
2025-03-25,2025-03-26,0.1924355354900559,0.4340061707445742,Refit-OriginalGARCH-expanding_quarterly,test
2025-03-26,2025-03-27,0.0296122174159068,0.44149278008249404,Refit-OriginalGARCH-expanding_quarterly,test
2025-03-27,2025-03-28,0.2311977047112736,0.42527679504362964,Refit-OriginalGARCH-expanding_quarterly,test
2025-03-28,2025-03-31,0.652593682196234,0.4391851799926052,Refit-OriginalGARCH-expanding_quarterly,test
2025-03-31,2025-04-01,0.6367477385533009,0.5053887475288891,Refit-OriginalGARCH-expanding_quarterly,test
2025-04-01,2025-04-02,0.0014400780515298,0.520165452367064,Refit-OriginalGARCH-expanding_quarterly,test
2025-04-02,2025-04-03,47.7513682523715,0.48436600161867466,Refit-OriginalGARCH-expanding_quarterly,test
2025-04-03,2025-04-04,2.4680894659320427,6.189216422037664,Refit-OriginalGARCH-expanding_quarterly,test
2025-04-04,2025-04-08,44.20961209050503,5.659498734224442,Refit-OriginalGARCH-expanding_quarterly,test
2025-04-08,2025-04-09,11.94996872052983,10.207548566576587,Refit-OriginalGARCH-expanding_quarterly,test
2025-04-09,2025-04-10,42.861963107094255,10.252360964644256,Refit-OriginalGARCH-expanding_quarterly,test
2025-04-10,2025-04-11,20.5039468602513,13.840064438374256,Refit-OriginalGARCH-expanding_quarterly,test
2025-04-11,2025-04-14,2.373686902735611,14.292721045126491,Refit-OriginalGARCH-expanding_quarterly,test
2025-04-14,2025-04-15,1.222393557661562,12.566948090945825,Refit-OriginalGARCH-expanding_quarterly,test
2025-04-15,2025-04-16,2.0585197770339483,10.979520633015566,Refit-OriginalGARCH-expanding_quarterly,test
2025-04-16,2025-04-17,0.3278654140280428,9.720093338256987,Refit-OriginalGARCH-expanding_quarterly,test
2025-04-17,2025-04-18,0.0235644272572965,8.411643560495564,Refit-OriginalGARCH-expanding_quarterly,test
2025-04-18,2025-04-21,0.9867147275211472,7.257518574643774,Refit-OriginalGARCH-expanding_quarterly,test
2025-04-21,2025-04-22,0.6837487157170882,6.394202052925903,Refit-OriginalGARCH-expanding_quarterly,test
2025-04-22,2025-04-23,1.3269747595182129,5.615599316824429,Refit-OriginalGARCH-expanding_quarterly,test
2025-04-23,2025-04-24,1.029521260921247,5.001318203087818,Refit-OriginalGARCH-expanding_quarterly,test
2025-04-24,2025-04-25,0.2299163958338018,4.440501628914893,Refit-OriginalGARCH-expanding_quarterly,test
2025-04-25,2025-04-28,0.0391566462219492,3.8705665616327645,Refit-OriginalGARCH-expanding_quarterly,test
2025-04-28,2025-04-29,0.0016617646152264,3.366544991534784,Refit-OriginalGARCH-expanding_quarterly,test
2025-04-29,2025-05-05,1.2432686189181044,2.927817102782359,Refit-OriginalGARCH-expanding_quarterly,test
2025-05-05,2025-05-06,0.0234403346988041,2.685378149983897,Refit-OriginalGARCH-expanding_quarterly,test
2025-05-06,2025-05-07,0.4565410925067849,2.3436844806300288,Refit-OriginalGARCH-expanding_quarterly,test
2025-05-07,2025-05-08,2.377733233918144,2.095878464485131,Refit-OriginalGARCH-expanding_quarterly,test
2025-05-08,2025-05-09,0.0388387388391833,2.10105577019665,Refit-OriginalGARCH-expanding_quarterly,test
2025-05-09,2025-05-12,1.5662677776101377,1.848045299138321,Refit-OriginalGARCH-expanding_quarterly,test
2025-05-12,2025-05-13,0.6231348828577624,1.7955292708868404,Refit-OriginalGARCH-expanding_quarterly,test
2025-05-13,2025-05-14,1.5683566422405055,1.6439479266825305,Refit-OriginalGARCH-expanding_quarterly,test
2025-05-14,2025-05-15,0.0700077382080358,1.6206272461571962,Refit-OriginalGARCH-expanding_quarterly,test
2025-05-15,2025-05-16,0.816128421348678,1.4342579443724368,Refit-OriginalGARCH-expanding_quarterly,test
2025-05-16,2025-05-19,0.1541807515116988,1.3759187579604244,Refit-OriginalGARCH-expanding_quarterly,test
2025-05-19,2025-05-20,2.0864038037366446,1.2416646939580545,Refit-OriginalGARCH-expanding_quarterly,test
2025-05-20,2025-05-21,0.3586751908572574,1.3346248086457773,Refit-OriginalGARCH-expanding_quarterly,test
2025-05-21,2025-05-22,0.4879763310352334,1.2192567829035557,Refit-OriginalGARCH-expanding_quarterly,test
2025-05-22,2025-05-23,0.0022258378145528,1.150230895338125,Refit-OriginalGARCH-expanding_quarterly,test
2025-05-23,2025-05-26,1.8600723156803831,1.0250267108633162,Refit-OriginalGARCH-expanding_quarterly,test
2025-05-26,2025-05-27,0.2984907987188625,1.1228194882304825,Refit-OriginalGARCH-expanding_quarterly,test
2025-05-27,2025-05-28,0.0236037331895616,1.0309657078211047,Refit-OriginalGARCH-expanding_quarterly,test
2025-05-28,2025-05-29,5.553699144539498e-07,0.9240131022896019,Refit-OriginalGARCH-expanding_quarterly,test
2025-05-29,2025-05-30,0.4795271728756022,0.831182333262209,Refit-OriginalGARCH-expanding_quarterly,test
2025-05-30,2025-06-02,0.0768775248909457,0.8161467678716767,Refit-OriginalGARCH-expanding_quarterly,test
2025-06-02,2025-06-03,0.6659991384313828,0.744587685429878,Refit-OriginalGARCH-expanding_quarterly,test
2025-06-03,2025-06-04,0.0125760569530384,0.7468904312241174,Refit-OriginalGARCH-expanding_quarterly,test
2025-06-04,2025-06-05,0.0737636944522696,0.6819379210843033,Refit-OriginalGARCH-expanding_quarterly,test
2025-06-05,2025-06-06,0.8339101934074882,0.6352510080646705,Refit-OriginalGARCH-expanding_quarterly,test
2025-06-06,2025-06-09,2.1415615006193414,0.6924920024999354,Refit-OriginalGARCH-expanding_quarterly,test
2025-06-09,2025-06-10,0.1857120921961249,0.9027482407080081,Refit-OriginalGARCH-expanding_quarterly,test
2025-06-10,2025-06-11,0.0061284527471124,0.8300603393103102,Refit-OriginalGARCH-expanding_quarterly,test
2025-06-11,2025-06-12,0.348758893746006,0.7521613881469071,Refit-OriginalGARCH-expanding_quarterly,test
2025-06-12,2025-06-13,0.3232043851233978,0.7183525127082042,Refit-OriginalGARCH-expanding_quarterly,test
2025-06-13,2025-06-16,2.90666722935662,0.69940489730864,Refit-OriginalGARCH-expanding_quarterly,test
2025-06-16,2025-06-17,0.5089174637565245,0.9635380794674786,Refit-OriginalGARCH-expanding_quarterly,test
2025-06-17,2025-06-18,0.0040746855610125,0.9173262685953398,Refit-OriginalGARCH-expanding_quarterly,test
2025-06-18,2025-06-19,0.1490639362511987,0.8266394977206225,Refit-OriginalGARCH-expanding_quarterly,test
2025-06-19,2025-06-20,0.0396634294929435,0.7609147163698411,Refit-OriginalGARCH-expanding_quarterly,test
2025-06-20,2025-06-23,0.4254396112184308,0.6981644159534482,Refit-OriginalGARCH-expanding_quarterly,test
2025-06-23,2025-06-24,0.3974954121903902,0.680404325493949,Refit-OriginalGARCH-expanding_quarterly,test
2025-06-24,2025-06-25,2.141289912653593e-06,0.6620994600269804,Refit-OriginalGARCH-expanding_quarterly,test
2025-06-25,2025-06-26,0.0062490303873797,0.6064372475481008,Refit-OriginalGARCH-expanding_quarterly,test
2025-06-26,2025-06-27,0.1777576915183636,0.5602888397077019,Refit-OriginalGARCH-expanding_quarterly,test
2025-06-27,2025-06-30,0.1135910808511721,0.5353520147365258,Refit-OriginalGARCH-expanding_quarterly,test
2025-06-30,2025-07-01,0.0165236945249244,0.5073065534743278,Refit-OriginalGARCH-expanding_quarterly,test
2025-07-01,2025-07-02,0.2388288030529801,0.5134884340420778,Refit-OriginalGARCH-expanding_quarterly,test
2025-07-02,2025-07-03,0.0361488680610222,0.5126526875814396,Refit-OriginalGARCH-expanding_quarterly,test
2025-07-03,2025-07-04,0.1309520910154639,0.4948967504228259,Refit-OriginalGARCH-expanding_quarterly,test
2025-07-04,2025-07-07,1.1709559965363006,0.4848532714241919,Refit-OriginalGARCH-expanding_quarterly,test
2025-07-07,2025-07-08,0.904778187332118,0.6042806216443481,Refit-OriginalGARCH-expanding_quarterly,test
2025-07-08,2025-07-09,1.241559484315582,0.6691713965070851,Refit-OriginalGARCH-expanding_quarterly,test
2025-07-09,2025-07-10,0.9910271514632224,0.7649806666639136,Refit-OriginalGARCH-expanding_quarterly,test
2025-07-10,2025-07-11,0.6970381226212395,0.8123235497930955,Refit-OriginalGARCH-expanding_quarterly,test
2025-07-11,2025-07-14,0.7477170344432008,0.814588937360072,Refit-OriginalGARCH-expanding_quarterly,test
2025-07-14,2025-07-15,0.4444265080916222,0.8227538258741076,Refit-OriginalGARCH-expanding_quarterly,test
2025-07-15,2025-07-16,0.1995824056263008,0.8114235469776458,Refit-OriginalGARCH-expanding_quarterly,test
2025-07-16,2025-07-17,2.3820294026445814,0.7534006586219135,Refit-OriginalGARCH-expanding_quarterly,test
2025-07-17,2025-07-18,0.2369058350764768,0.9796154842732034,Refit-OriginalGARCH-expanding_quarterly,test
2025-07-18,2025-07-21,0.6726766922283197,0.8962858461464764,Refit-OriginalGARCH-expanding_quarterly,test
2025-07-21,2025-07-22,2.6753597330452594,0.9045281221528634,Refit-OriginalGARCH-expanding_quarterly,test
2025-07-22,2025-07-23,0.033610422134737,1.141697161653847,Refit-OriginalGARCH-expanding_quarterly,test
2025-07-23,2025-07-24,0.3298066193429415,1.00716085002018,Refit-OriginalGARCH-expanding_quarterly,test
2025-07-24,2025-07-25,0.4388880259346913,0.9300394766954906,Refit-OriginalGARCH-expanding_quarterly,test
2025-07-25,2025-07-28,2.898363616722053,0.8797392396704191,Refit-OriginalGARCH-expanding_quarterly,test
2025-07-28,2025-07-29,17.613558540836202,1.1499375332656592,Refit-OriginalGARCH-expanding_quarterly,test
2025-07-29,2025-07-30,0.8980946651524866,3.412902505282033,Refit-OriginalGARCH-expanding_quarterly,test
2025-07-30,2025-07-31,0.1152726694915896,2.981261034067683,Refit-OriginalGARCH-expanding_quarterly,test
2025-07-31,2025-08-01,0.1152726694915833,2.5404989278672954,Refit-OriginalGARCH-expanding_quarterly,test
2025-08-01,2025-08-04,1.834710119502004,2.167667500764971,Refit-OriginalGARCH-expanding_quarterly,test
2025-08-04,2025-08-05,1.520412348936557,2.0743128746899826,Refit-OriginalGARCH-expanding_quarterly,test
2025-08-05,2025-08-06,2.8972670658789563,1.9574462212100492,Refit-OriginalGARCH-expanding_quarterly,test
2025-08-06,2025-08-07,0.2635664108766646,2.0372983182053255,Refit-OriginalGARCH-expanding_quarterly,test
2025-08-07,2025-08-08,0.039326859883716,1.7704521224795502,Refit-OriginalGARCH-expanding_quarterly,test
2025-08-08,2025-08-11,0.9422556417684452,1.5254883313038499,Refit-OriginalGARCH-expanding_quarterly,test
2025-08-11,2025-08-12,0.2369869845385009,1.4324899910843794,Refit-OriginalGARCH-expanding_quarterly,test
2025-08-12,2025-08-13,0.0440788772156527,1.2692418067786542,Refit-OriginalGARCH-expanding_quarterly,test
2025-08-13,2025-08-14,3.200310161092739,1.1131992070646222,Refit-OriginalGARCH-expanding_quarterly,test
2025-08-14,2025-08-15,0.4273067256056122,1.3810494242526674,Refit-OriginalGARCH-expanding_quarterly,test
2025-08-15,2025-08-18,0.1521280158050796,1.2687226960865345,Refit-OriginalGARCH-expanding_quarterly,test
2025-08-18,2025-08-19,1.174434797614126,1.1245102953177597,Refit-OriginalGARCH-expanding_quarterly,test
2025-08-19,2025-08-20,0.3749305014941085,1.1314829699345688,Refit-OriginalGARCH-expanding_quarterly,test
2025-08-20,2025-08-21,1.989152286945736,1.0378620810312977,Refit-OriginalGARCH-expanding_quarterly,test
2025-08-21,2025-08-22,6.511855987425645,1.1636128754317736,Refit-OriginalGARCH-expanding_quarterly,test
2025-08-22,2025-08-25,3.721774310323592,1.9255064767668952,Refit-OriginalGARCH-expanding_quarterly,test
2025-08-25,2025-08-26,10.672831463331164,2.173252187847499,Refit-OriginalGARCH-expanding_quarterly,test
2025-08-26,2025-08-27,0.1033600134238672,3.225216712608829,Refit-OriginalGARCH-expanding_quarterly,test
2025-08-27,2025-08-28,0.2196933006813634,2.73021817704336,Refit-OriginalGARCH-expanding_quarterly,test
2025-08-28,2025-08-29,0.0064454873601164,2.3358985692372,Refit-OriginalGARCH-expanding_quarterly,test
2025-08-29,2025-09-03,0.0029279074904991,1.988484499508192,Refit-OriginalGARCH-expanding_quarterly,test
2025-09-03,2025-09-04,0.7878709714332047,1.703869902204734,Refit-OriginalGARCH-expanding_quarterly,test
2025-09-04,2025-09-05,3.0401082196490887,1.5600864193000428,Refit-OriginalGARCH-expanding_quarterly,test
2025-09-05,2025-09-08,6.650758234823594,1.7790765637994963,Refit-OriginalGARCH-expanding_quarterly,test
2025-09-08,2025-09-09,0.6150034620566089,2.4511917230099094,Refit-OriginalGARCH-expanding_quarterly,test
2025-09-09,2025-09-10,0.1311392104891743,2.1540502424889922,Refit-OriginalGARCH-expanding_quarterly,test
2025-09-10,2025-09-11,0.7707413531131861,1.8512027904126622,Refit-OriginalGARCH-expanding_quarterly,test
2025-09-11,2025-09-12,0.3272182232185671,1.6792817756782839,Refit-OriginalGARCH-expanding_quarterly,test
2025-09-12,2025-09-15,1.1076835127457196,1.4832262825687528,Refit-OriginalGARCH-expanding_quarterly,test
2025-09-15,2025-09-16,0.0564941879844652,1.4184752935063798,Refit-OriginalGARCH-expanding_quarterly,test
2025-09-16,2025-09-17,0.3510643230345384,1.2442433757733053,Refit-OriginalGARCH-expanding_quarterly,test
2025-09-17,2025-09-18,0.1204832995414096,1.1450451002080857,Refit-OriginalGARCH-expanding_quarterly,test
2025-09-18,2025-09-19,0.1558113286329437,1.0291603171512143,Refit-OriginalGARCH-expanding_quarterly,test
2025-09-19,2025-09-22,2.1548992233102013,0.9391126434955502,Refit-OriginalGARCH-expanding_quarterly,test
2025-09-22,2025-09-23,0.0024547743448737,1.146103723004664,Refit-OriginalGARCH-expanding_quarterly,test
2025-09-23,2025-09-24,1.8183165781347828,1.0085935064234912,Refit-OriginalGARCH-expanding_quarterly,test
2025-09-24,2025-09-25,0.2696988542084727,1.1177149174698473,Refit-OriginalGARCH-expanding_quarterly,test
2025-09-25,2025-09-26,0.1049995667244043,1.0138950159190863,Refit-OriginalGARCH-expanding_quarterly,test
2025-09-26,2025-09-29,0.1207157531709924,0.9187651174128445,Refit-OriginalGARCH-expanding_quarterly,test
2025-09-29,2025-09-30,0.0825092745825899,0.8327625644831658,Refit-OriginalGARCH-expanding_quarterly,test
2025-09-30,2025-10-01,0.0405610853854958,0.766078968978514,Refit-OriginalGARCH-expanding_quarterly,test
2025-10-01,2025-10-02,0.5533556929381476,0.6961093846862311,Refit-OriginalGARCH-expanding_quarterly,test
2025-10-02,2025-10-03,0.1745254722126338,0.7243846151984695,Refit-OriginalGARCH-expanding_quarterly,test
2025-10-03,2025-10-06,8.84404690494525,0.6913953455943221,Refit-OriginalGARCH-expanding_quarterly,test
2025-10-06,2025-10-07,0.3641027934298682,1.7830247458028747,Refit-OriginalGARCH-expanding_quarterly,test
2025-10-07,2025-10-08,0.5486921315455813,1.5881450487922781,Refit-OriginalGARCH-expanding_quarterly,test
2025-10-08,2025-10-09,1.1922218605244943,1.4325561008547862,Refit-OriginalGARCH-expanding_quarterly,test
2025-10-09,2025-10-10,3.220212549761636,1.3864528591475889,Refit-OriginalGARCH-expanding_quarterly,test
2025-10-10,2025-10-13,1.0007740943267542,1.6117212210769198,Refit-OriginalGARCH-expanding_quarterly,test
2025-10-13,2025-10-14,0.0530277849803774,1.5089546388820378,Refit-OriginalGARCH-expanding_quarterly,test
2025-10-14,2025-10-15,0.0312420838438003,1.3156014062501598,Refit-OriginalGARCH-expanding_quarterly,test
2025-10-15,2025-10-16,0.2550192069697773,1.153248551526155,Refit-OriginalGARCH-expanding_quarterly,test
2025-10-16,2025-10-17,4.157221997254808,1.0398214253410047,Refit-OriginalGARCH-expanding_quarterly,test
2025-10-17,2025-10-20,31.687885302040943,1.5129417370253149,Refit-OriginalGARCH-expanding_quarterly,test
2025-10-20,2025-10-21,2.6780326889178614,5.674398910917583,Refit-OriginalGARCH-expanding_quarterly,test
2025-10-21,2025-10-22,0.8133878588699036,5.057874687399053,Refit-OriginalGARCH-expanding_quarterly,test
2025-10-22,2025-10-23,0.2587585559528909,4.311676239391959,Refit-OriginalGARCH-expanding_quarterly,test
2025-10-23,2025-10-24,0.053015415411533,3.630792437280521,Refit-OriginalGARCH-expanding_quarterly,test
2025-10-24,2025-10-27,3.375069844215606,3.055917487680997,Refit-OriginalGARCH-expanding_quarterly,test
2025-10-27,2025-10-28,2.814969211801454,3.0577926111858393,Refit-OriginalGARCH-expanding_quarterly,test
2025-10-28,2025-10-29,0.1002770987516237,2.929608853417597,Refit-OriginalGARCH-expanding_quarterly,test
2025-10-29,2025-10-30,0.939332335111435,2.47877973730451,Refit-OriginalGARCH-expanding_quarterly,test
2025-10-30,2025-10-31,3.2700587697209347,2.242114492955821,Refit-OriginalGARCH-expanding_quarterly,test
2025-10-31,2025-11-03,1.9349432702427485,2.375690943017279,Refit-OriginalGARCH-expanding_quarterly,test
2025-11-03,2025-11-04,4.580450857721864,2.2985144038695537,Refit-OriginalGARCH-expanding_quarterly,test
2025-11-04,2025-11-05,0.0309750452194787,2.538177604270363,Refit-OriginalGARCH-expanding_quarterly,test
2025-11-05,2025-11-06,0.5520248822173379,2.150534807627094,Refit-OriginalGARCH-expanding_quarterly,test
2025-11-06,2025-11-07,7.216601336017348,1.9171017974199887,Refit-OriginalGARCH-expanding_quarterly,test
2025-11-07,2025-11-10,1.3629185312754708,2.6556289390858634,Refit-OriginalGARCH-expanding_quarterly,test
2025-11-10,2025-11-11,0.6782053056730832,2.447422863033804,Refit-OriginalGARCH-expanding_quarterly,test
2025-11-11,2025-11-12,5.625713037940661,2.153548107578991,Refit-OriginalGARCH-expanding_quarterly,test
2025-11-12,2025-11-13,0.000662589539105,2.5568815953231687,Refit-OriginalGARCH-expanding_quarterly,test
2025-11-13,2025-11-14,0.0605676682080504,2.1648855720501343,Refit-OriginalGARCH-expanding_quarterly,test
2025-11-14,2025-11-17,1.328575255573558,1.8472810494239051,Refit-OriginalGARCH-expanding_quarterly,test
2025-11-17,2025-11-18,0.1101519148224003,1.7440883482670995,Refit-OriginalGARCH-expanding_quarterly,test
2025-11-18,2025-11-19,0.4356481626659925,1.5075225929242506,Refit-OriginalGARCH-expanding_quarterly,test
2025-11-19,2025-11-20,0.1789267767214806,1.3727137075997833,Refit-OriginalGARCH-expanding_quarterly,test
2025-11-20,2025-11-21,0.0040999105070223,1.2108101912695566,Refit-OriginalGARCH-expanding_quarterly,test
2025-11-21,2025-11-24,0.6169476621587812,1.061899494288334,Refit-OriginalGARCH-expanding_quarterly,test
2025-11-24,2025-11-25,0.2096602420348715,1.0094630067542851,Refit-OriginalGARCH-expanding_quarterly,test
2025-11-25,2025-11-26,1.433673327817772,0.9305773275660144,Refit-OriginalGARCH-expanding_quarterly,test
2025-11-26,2025-11-27,0.0554068207335508,1.0057196859032287,Refit-OriginalGARCH-expanding_quarterly,test
2025-11-27,2025-11-28,0.1562015926240177,0.8960083009220557,Refit-OriginalGARCH-expanding_quarterly,test
2025-11-28,2025-12-01,0.39639182484541,0.817177518582615,Refit-OriginalGARCH-expanding_quarterly,test
2025-12-01,2025-12-02,0.8106128656312585,0.7813542173917783,Refit-OriginalGARCH-expanding_quarterly,test
2025-12-02,2025-12-03,0.7276910420234725,0.8037496589808042,Refit-OriginalGARCH-expanding_quarterly,test
2025-12-03,2025-12-04,0.0994544592328996,0.8116467942086829,Refit-OriginalGARCH-expanding_quarterly,test
2025-12-04,2025-12-05,0.0550277452970135,0.7415493519823788,Refit-OriginalGARCH-expanding_quarterly,test
2025-12-05,2025-12-08,0.5051234930048776,0.6792986493435054,Refit-OriginalGARCH-expanding_quarterly,test
2025-12-08,2025-12-09,0.1408736793364905,0.6817035605393021,Refit-OriginalGARCH-expanding_quarterly,test
2025-12-09,2025-12-10,2.645907078453935,0.6511909463628464,Refit-OriginalGARCH-expanding_quarterly,test
2025-12-10,2025-12-11,1.3806505812729413,0.9837346155921279,Refit-OriginalGARCH-expanding_quarterly,test
2025-12-11,2025-12-12,9.667324836347865,1.0786568124893163,Refit-OriginalGARCH-expanding_quarterly,test
2025-12-12,2025-12-15,0.0028567239256699,2.3054312128882364,Refit-OriginalGARCH-expanding_quarterly,test
2025-12-15,2025-12-16,3.980584197891362,1.9593701417374787,Refit-OriginalGARCH-expanding_quarterly,test
2025-12-16,2025-12-17,0.1084209662548159,2.1812299533582005,Refit-OriginalGARCH-expanding_quarterly,test
2025-12-17,2025-12-18,0.0392718088641224,1.8760016447721353,Refit-OriginalGARCH-expanding_quarterly,test
2025-12-18,2025-12-19,2.613324440401082,1.6082015842585555,Refit-OriginalGARCH-expanding_quarterly,test
2025-12-19,2025-12-22,7.313697947150696,1.7143717493997506,Refit-OriginalGARCH-expanding_quarterly,test
2025-12-22,2025-12-23,1.4374361396783522,2.419527805674554,Refit-OriginalGARCH-expanding_quarterly,test
2025-12-23,2025-12-24,0.36034587773515,2.227431637751603,Refit-OriginalGARCH-expanding_quarterly,test
2025-12-24,2025-12-25,5.141409326470893,1.9336185759963356,Refit-OriginalGARCH-expanding_quarterly,test
2025-12-25,2025-12-26,0.5648889447832609,2.3824647188658,Refit-OriginalGARCH-expanding_quarterly,test
2025-12-26,2025-12-29,2.0655121585777008,2.109199053045527,Refit-OriginalGARCH-expanding_quarterly,test
2025-12-29,2025-12-30,0.4690762256667201,2.0540615286142407,Refit-OriginalGARCH-expanding_quarterly,test
2025-12-30,2025-12-31,0.9813005407165244,1.8048045163427706,Refit-OriginalGARCH-expanding_quarterly,test
2020-01-02,2020-01-03,0.0250907830256049,0.39135833704992595,Refit-OriginalGARCH-expanding_quarterly,validation
2020-01-03,2020-01-06,0.9476915195201792,0.3742671799996496,Refit-OriginalGARCH-expanding_quarterly,validation
2020-01-06,2020-01-07,0.104181316002117,0.48497221183090644,Refit-OriginalGARCH-expanding_quarterly,validation
2020-01-07,2020-01-08,1.0770730792986123,0.4581002104696447,Refit-OriginalGARCH-expanding_quarterly,validation
2020-01-08,2020-01-09,1.3693209243773992,0.5730302000857348,Refit-OriginalGARCH-expanding_quarterly,validation
2020-01-09,2020-01-10,0.7569453657796249,0.6821019453020815,Refit-OriginalGARCH-expanding_quarterly,validation
2020-01-10,2020-01-13,0.0779299678700735,0.7010256156123523,Refit-OriginalGARCH-expanding_quarterly,validation
2020-01-13,2020-01-14,0.0144073552388825,0.6447979343436961,Refit-OriginalGARCH-expanding_quarterly,validation
2020-01-14,2020-01-15,0.0033517503388054,0.5846139618755898,Refit-OriginalGARCH-expanding_quarterly,validation
2020-01-15,2020-01-16,0.483315508188739,0.5329098952737444,Refit-OriginalGARCH-expanding_quarterly,validation
2020-01-16,2020-01-17,0.2266955412354889,0.5421502700747644,Refit-OriginalGARCH-expanding_quarterly,validation
2020-01-17,2020-01-20,0.0011366961882311,0.520225681808637,Refit-OriginalGARCH-expanding_quarterly,validation
2020-01-20,2020-01-21,0.620613610020936,0.4790873724181827,Refit-OriginalGARCH-expanding_quarterly,validation
2020-01-21,2020-01-22,0.2649229323580117,0.5127236191908907,Refit-OriginalGARCH-expanding_quarterly,validation
2020-01-22,2020-01-30,10.681729656091257,0.49964473510142365,Refit-OriginalGARCH-expanding_quarterly,validation
2020-01-30,2020-01-31,5.865133827993191,1.8405120060250626,Refit-OriginalGARCH-expanding_quarterly,validation
2020-01-31,2020-02-03,0.8272024151231092,2.3623553853400043,Refit-OriginalGARCH-expanding_quarterly,validation
2020-02-03,2020-02-04,0.0104658835251161,2.154497865538225,Refit-OriginalGARCH-expanding_quarterly,validation
2020-02-04,2020-02-05,0.1175512507127237,1.8641617251993923,Refit-OriginalGARCH-expanding_quarterly,validation
2020-02-05,2020-02-06,1.8356018915555292,1.636544046260248,Refit-OriginalGARCH-expanding_quarterly,validation
2020-02-06,2020-02-07,0.0553168362540114,1.64018640813619,Refit-OriginalGARCH-expanding_quarterly,validation
2020-02-07,2020-02-10,1.14665654297727,1.4322826700819773,Refit-OriginalGARCH-expanding_quarterly,validation
2020-02-10,2020-02-11,0.1784472180385378,1.4080079701468726,Refit-OriginalGARCH-expanding_quarterly,validation
2020-02-11,2020-02-12,0.1033759850072604,1.2487999420267708,Refit-OriginalGARCH-expanding_quarterly,validation
2020-02-12,2020-02-13,0.0035645724311596,1.1055449021029269,Refit-OriginalGARCH-expanding_quarterly,validation
2020-02-13,2020-02-14,0.007095648592579,0.9745330549413499,Refit-OriginalGARCH-expanding_quarterly,validation
2020-02-14,2020-02-17,0.0819627293788475,0.8655472396263331,Refit-OriginalGARCH-expanding_quarterly,validation
2020-02-17,2020-02-18,0.5393743252289994,0.7848582161949538,Refit-OriginalGARCH-expanding_quarterly,validation
2020-02-18,2020-02-19,0.0079935084291448,0.7790238054794596,Refit-OriginalGARCH-expanding_quarterly,validation
2020-02-19,2020-02-20,1.007648372641439,0.6979453050790646,Refit-OriginalGARCH-expanding_quarterly,validation
2020-02-20,2020-02-21,0.2901840002942764,0.7444402569909587,Refit-OriginalGARCH-expanding_quarterly,validation
2020-02-21,2020-02-24,10.499319840007198,0.7112227307167829,Refit-OriginalGARCH-expanding_quarterly,validation
2020-02-24,2020-02-25,0.487607684946675,1.9966362933623563,Refit-OriginalGARCH-expanding_quarterly,validation
2020-02-25,2020-02-26,2.3027959637577347,1.7835224256142497,Refit-OriginalGARCH-expanding_quarterly,validation
2020-02-26,2020-02-27,0.0757898564940438,1.856125147984152,Refit-OriginalGARCH-expanding_quarterly,validation
2020-02-27,2020-02-28,3.3315279697661397,1.6174608607631298,Refit-OriginalGARCH-expanding_quarterly,validation
2020-02-28,2020-03-02,0.0643087707016609,1.8481140578570256,Refit-OriginalGARCH-expanding_quarterly,validation
2020-03-02,2020-03-03,0.4848687144344406,1.60947338504138,Refit-OriginalGARCH-expanding_quarterly,validation
2020-03-03,2020-03-04,0.0194121329487549,1.4549848581763913,Refit-OriginalGARCH-expanding_quarterly,validation
2020-03-04,2020-03-05,0.1953921289983395,1.275021752924733,Refit-OriginalGARCH-expanding_quarterly,validation
2020-03-05,2020-03-06,0.0439125584620563,1.137968066055366,Refit-OriginalGARCH-expanding_quarterly,validation
2020-03-06,2020-03-09,42.01600464009923,1.0101486417762704,Refit-OriginalGARCH-expanding_quarterly,validation
2020-03-09,2020-03-10,0.0577385447930077,6.247271490873875,Refit-OriginalGARCH-expanding_quarterly,validation
2020-03-10,2020-03-11,10.062685801317658,5.338165788632513,Refit-OriginalGARCH-expanding_quarterly,validation
2020-03-11,2020-03-12,28.39132734538161,5.86346637688717,Refit-OriginalGARCH-expanding_quarterly,validation
2020-03-12,2020-03-13,0.9522274265858316,8.636464646173529,Refit-OriginalGARCH-expanding_quarterly,validation
2020-03-13,2020-03-16,3.4010756349170417,7.489811178835037,Refit-OriginalGARCH-expanding_quarterly,validation
2020-03-16,2020-03-17,0.0775702786503674,6.835328605577063,Refit-OriginalGARCH-expanding_quarterly,validation
2020-03-17,2020-03-18,0.0633870572758951,5.8450745203757375,Refit-OriginalGARCH-expanding_quarterly,validation
2020-03-18,2020-03-19,8.691271441121467,4.997784411741685,Refit-OriginalGARCH-expanding_quarterly,validation
2020-03-19,2020-03-20,5.099806319623413,5.40003162853346,Refit-OriginalGARCH-expanding_quarterly,validation
2020-03-20,2020-03-23,39.324753398937766,5.281893912759702,Refit-OriginalGARCH-expanding_quarterly,validation
2020-03-23,2020-03-24,1.2394404253652411,9.528044533799083,Refit-OriginalGARCH-expanding_quarterly,validation
2020-03-24,2020-03-25,21.170767602446844,8.283297296115885,Refit-OriginalGARCH-expanding_quarterly,validation
2020-03-25,2020-03-26,0.3272592319629427,9.66772589143945,Refit-OriginalGARCH-expanding_quarterly,validation
2020-03-26,2020-03-27,0.0708281107928228,8.267940316686548,Refit-OriginalGARCH-expanding_quarterly,validation
2020-03-27,2020-03-30,24.77812989942355,7.052530347131437,Refit-OriginalGARCH-expanding_quarterly,validation
2020-03-30,2020-03-31,0.0016614736162584,9.186470377785696,Refit-OriginalGARCH-expanding_quarterly,validation
2020-03-31,2020-04-01,6.951204185299923,7.8250791028540005,Refit-OriginalGARCH-expanding_quarterly,validation
2020-04-01,2020-04-03,9.745314866975544,7.716276956563829,Refit-OriginalGARCH-expanding_quarterly,validation
2020-04-03,2020-04-06,23.61975403181723,7.804475654520974,Refit-OriginalGARCH-expanding_quarterly,validation
2020-04-06,2020-04-07,1.7959977540981795,9.51528673746473,Refit-OriginalGARCH-expanding_quarterly,validation
2020-04-07,2020-04-08,0.031670113685362,8.422771842037927,Refit-OriginalGARCH-expanding_quarterly,validation
2020-04-08,2020-04-09,2.664349091269905,7.2833310586845625,Refit-OriginalGARCH-expanding_quarterly,validation
2020-04-09,2020-04-10,0.0991193599969613,6.60299360356026,Refit-OriginalGARCH-expanding_quarterly,validation
2020-04-10,2020-04-13,1.0616734405284087,5.730008708743831,Refit-OriginalGARCH-expanding_quarterly,validation
2020-04-13,2020-04-14,0.044657326796299,5.081231994009412,Refit-OriginalGARCH-expanding_quarterly,validation
2020-04-14,2020-04-15,1.6134694756828007,4.4094060639232096,Refit-OriginalGARCH-expanding_quarterly,validation
2020-04-15,2020-04-16,0.1995857905304535,4.008423428402127,Refit-OriginalGARCH-expanding_quarterly,validation
2020-04-16,2020-04-17,1.2849435357813008,3.5026328437070298,Refit-OriginalGARCH-expanding_quarterly,validation
2020-04-17,2020-04-20,0.4593979249949131,3.1903562976108324,Refit-OriginalGARCH-expanding_quarterly,validation
2020-04-20,2020-04-21,12.978873344019766,2.8275648263668236,Refit-OriginalGARCH-expanding_quarterly,validation
2020-04-21,2020-04-22,0.0733737116381983,4.043473213268901,Refit-OriginalGARCH-expanding_quarterly,validation
2020-04-22,2020-04-23,0.4184349588364568,3.519363525168227,Refit-OriginalGARCH-expanding_quarterly,validation
2020-04-23,2020-04-24,0.1258182196300893,3.106059187513006,Refit-OriginalGARCH-expanding_quarterly,validation
2020-04-24,2020-04-27,0.5795257679139346,2.718264529540681,Refit-OriginalGARCH-expanding_quarterly,validation
2020-04-27,2020-04-28,0.2143187476000118,2.4486461289799206,Refit-OriginalGARCH-expanding_quarterly,validation
2020-04-28,2020-04-29,0.0611792667418572,2.1705162685841097,Refit-OriginalGARCH-expanding_quarterly,validation
2020-04-29,2020-05-04,0.7518344451734201,1.906572568258414,Refit-OriginalGARCH-expanding_quarterly,validation
2020-05-04,2020-05-05,0.0490191944837796,1.7716947963419034,Refit-OriginalGARCH-expanding_quarterly,validation
2020-05-05,2020-05-06,5.6795185291388,1.562201248692948,Refit-OriginalGARCH-expanding_quarterly,validation
2020-05-06,2020-05-07,3.121729248484887,2.032278209970114,Refit-OriginalGARCH-expanding_quarterly,validation
2020-05-07,2020-05-08,4.558766386917776,2.1380168616797315,Refit-OriginalGARCH-expanding_quarterly,validation
2020-05-08,2020-05-11,3.1623544686065705,2.396634311087339,Refit-OriginalGARCH-expanding_quarterly,validation
2020-05-11,2020-05-12,0.7061476617266061,2.456250265818043,Refit-OriginalGARCH-expanding_quarterly,validation
2020-05-12,2020-05-13,0.0176814396147646,2.223804130195533,Refit-OriginalGARCH-expanding_quarterly,validation
2020-05-13,2020-05-14,0.0471790852184788,1.9506821025347538,Refit-OriginalGARCH-expanding_quarterly,validation
2020-05-14,2020-05-15,0.4188839500568042,1.7199489148068738,Refit-OriginalGARCH-expanding_quarterly,validation
2020-05-15,2020-05-18,1.4388117144550177,1.5695220943914514,Refit-OriginalGARCH-expanding_quarterly,validation
2020-05-18,2020-05-19,1.1212214832868546,1.5447553086070425,Refit-OriginalGARCH-expanding_quarterly,validation
2020-05-19,2020-05-20,0.6772038230630518,1.486931734389995,Refit-OriginalGARCH-expanding_quarterly,validation
2020-05-20,2020-05-21,1.3105093570623978,1.386484872782873,Refit-OriginalGARCH-expanding_quarterly,validation
2020-05-21,2020-05-22,1.3565460202551032,1.372494419409479,Refit-OriginalGARCH-expanding_quarterly,validation
2020-05-22,2020-05-25,0.541812619677385,1.3867853171816702,Refit-OriginalGARCH-expanding_quarterly,validation
2020-05-25,2020-05-26,1.3635757531139376,1.284992520074163,Refit-OriginalGARCH-expanding_quarterly,validation
2020-05-26,2020-05-27,1.8211114283606344,1.291273142167667,Refit-OriginalGARCH-expanding_quarterly,validation
2020-05-27,2020-05-28,0.2069802660068541,1.3738367118891766,Refit-OriginalGARCH-expanding_quarterly,validation
2020-05-28,2020-05-29,0.1273946587706487,1.2365549810827745,Refit-OriginalGARCH-expanding_quarterly,validation
2020-05-29,2020-06-01,2.6545527294324818,1.1098502559717371,Refit-OriginalGARCH-expanding_quarterly,validation
2020-06-01,2020-06-02,0.1948438272852952,1.2899929332053506,Refit-OriginalGARCH-expanding_quarterly,validation
2020-06-02,2020-06-03,0.526391032778092,1.1710622990756678,Refit-OriginalGARCH-expanding_quarterly,validation
2020-06-03,2020-06-04,0.0956890209261397,1.0976380517224416,Refit-OriginalGARCH-expanding_quarterly,validation
2020-06-04,2020-06-05,0.068711754863941,0.9869793375893705,Refit-OriginalGARCH-expanding_quarterly,validation
2020-06-05,2020-06-08,2.3533534927844846,0.8889817924677139,Refit-OriginalGARCH-expanding_quarterly,validation
2020-06-08,2020-06-09,0.0029663396470081,1.064977132189677,Refit-OriginalGARCH-expanding_quarterly,validation
2020-06-09,2020-06-10,0.0192877721914381,0.9511304586512042,Refit-OriginalGARCH-expanding_quarterly,validation
2020-06-10,2020-06-11,14.20113167350128,0.8533691663447319,Refit-OriginalGARCH-expanding_quarterly,validation
2020-06-11,2020-06-12,0.1978991573902568,2.4917184528470253,Refit-OriginalGARCH-expanding_quarterly,validation
2020-06-12,2020-06-15,13.410151498832947,2.2054603741048813,Refit-OriginalGARCH-expanding_quarterly,validation
2020-06-15,2020-06-16,7.854033490557961,3.560038825368386,Refit-OriginalGARCH-expanding_quarterly,validation
2020-06-16,2020-06-17,0.0390437911460607,4.006194204471529,Refit-OriginalGARCH-expanding_quarterly,validation
2020-06-17,2020-06-18,0.0094269529730988,3.4874330185856413,Refit-OriginalGARCH-expanding_quarterly,validation
2020-06-18,2020-06-19,2.3775972708277777,3.034890001973348,Refit-OriginalGARCH-expanding_quarterly,validation
2020-06-19,2020-06-22,0.0977642075595444,2.91419896180341,Refit-OriginalGARCH-expanding_quarterly,validation
2020-06-22,2020-06-23,0.1254074833473004,2.550223792316613,Refit-OriginalGARCH-expanding_quarterly,validation
2020-06-23,2020-06-24,0.9656953175585764,2.246356880606793,Refit-OriginalGARCH-expanding_quarterly,validation
2020-06-24,2020-06-25,0.3568032861992914,2.0905426865800187,Refit-OriginalGARCH-expanding_quarterly,validation
2020-06-25,2020-06-26,0.0935607015251472,1.8805569493139924,Refit-OriginalGARCH-expanding_quarterly,validation
2020-06-26,2020-06-29,7.240799310682349,1.6659294809622296,Refit-OriginalGARCH-expanding_quarterly,validation
2020-06-29,2020-06-30,0.263950183757359,2.3530845413646704,Refit-OriginalGARCH-expanding_quarterly,validation
2020-06-30,2020-07-01,4.853797558668691,2.0946553507268404,Refit-OriginalGARCH-expanding_quarterly,validation
2020-07-01,2020-07-02,0.0173403520116891,2.3755777148355293,Refit-OriginalGARCH-expanding_quarterly,validation
2020-07-02,2020-07-03,0.3830874038106421,2.08383626687352,Refit-OriginalGARCH-expanding_quarterly,validation
2020-07-03,2020-07-06,2.515298700046254,1.8686618148054381,Refit-OriginalGARCH-expanding_quarterly,validation
2020-07-06,2020-07-07,0.0686927141453309,1.9240657274242086,Refit-OriginalGARCH-expanding_quarterly,validation
2020-07-07,2020-07-08,0.0156264509294999,1.6975074075842682,Refit-OriginalGARCH-expanding_quarterly,validation
2020-07-08,2020-07-09,1.8878106377661732,1.4974340340489873,Refit-OriginalGARCH-expanding_quarterly,validation
2020-07-09,2020-07-10,0.3609627180509834,1.5329078067600357,Refit-OriginalGARCH-expanding_quarterly,validation
2020-07-10,2020-07-13,0.0819210906952639,1.4025785910615303,Refit-OriginalGARCH-expanding_quarterly,validation
2020-07-13,2020-07-14,0.0049340673468667,1.2548988196278719,Refit-OriginalGARCH-expanding_quarterly,validation
2020-07-14,2020-07-15,0.0429038013029008,1.1167907041042135,Refit-OriginalGARCH-expanding_quarterly,validation
2020-07-15,2020-07-16,0.6277983835430785,0.9998189988503748,Refit-OriginalGARCH-expanding_quarterly,validation
2020-07-16,2020-07-17,0.3025848721746239,0.9622530123220527,Refit-OriginalGARCH-expanding_quarterly,validation
2020-07-17,2020-07-20,1.5014548821169582,0.9038922040449405,Refit-OriginalGARCH-expanding_quarterly,validation
2020-07-20,2020-07-21,0.0011330265098316,0.9998871057252142,Refit-OriginalGARCH-expanding_quarterly,validation
2020-07-21,2020-07-22,0.5929839946327068,0.8958188231546279,Refit-OriginalGARCH-expanding_quarterly,validation
2020-07-22,2020-07-23,0.0380690415470228,0.8826151651280585,Refit-OriginalGARCH-expanding_quarterly,validation
2020-07-23,2020-07-24,10.714506391324338,0.7977068293257167,Refit-OriginalGARCH-expanding_quarterly,validation
2020-07-24,2020-07-27,29.71654662116303,2.0042246193190962,Refit-OriginalGARCH-expanding_quarterly,validation
2020-07-27,2020-07-28,12.442241141417854,5.284919410924163,Refit-OriginalGARCH-expanding_quarterly,validation
2020-07-28,2020-07-29,7.88382185098053,6.009430554826146,Refit-OriginalGARCH-expanding_quarterly,validation
2020-07-29,2020-07-30,1.6712179001127756,6.15696175396766,Refit-OriginalGARCH-expanding_quarterly,validation
2020-07-30,2020-07-31,0.1173768950572407,5.520740652050162,Refit-OriginalGARCH-expanding_quarterly,validation
2020-07-31,2020-08-03,4.064809725455425,4.805802101888727,Refit-OriginalGARCH-expanding_quarterly,validation
2020-08-03,2020-08-04,2.475940854259596,4.6306688322455845,Refit-OriginalGARCH-expanding_quarterly,validation
2020-08-04,2020-08-05,1.5093873640970836,4.298007542177313,Refit-OriginalGARCH-expanding_quarterly,validation
2020-08-05,2020-08-06,0.0712944062273411,3.9015980541827036,Refit-OriginalGARCH-expanding_quarterly,validation
2020-08-06,2020-08-07,0.0285261487999524,3.4006699811682455,Refit-OriginalGARCH-expanding_quarterly,validation
2020-08-07,2020-08-10,0.0426711422269859,2.965185299459255,Refit-OriginalGARCH-expanding_quarterly,validation
2020-08-10,2020-08-11,0.0002025643928529,2.591495454412669,Refit-OriginalGARCH-expanding_quarterly,validation
2020-08-11,2020-08-12,0.2065144883305979,2.2667124700144914,Refit-OriginalGARCH-expanding_quarterly,validation
2020-08-12,2020-08-13,0.9127332835843408,2.0069644821321333,Refit-OriginalGARCH-expanding_quarterly,validation
2020-08-13,2020-08-14,0.255367280706292,1.861393405844257,Refit-OriginalGARCH-expanding_quarterly,validation
2020-08-14,2020-08-17,0.0048129527023226,1.6722418263943528,Refit-OriginalGARCH-expanding_quarterly,validation
2020-08-17,2020-08-18,0.1923085427612989,1.4761532310762457,Refit-OriginalGARCH-expanding_quarterly,validation
2020-08-18,2020-08-19,0.3171223716823505,1.332529142120141,Refit-OriginalGARCH-expanding_quarterly,validation
2020-08-19,2020-08-20,0.1246527755214606,1.2144778417296775,Refit-OriginalGARCH-expanding_quarterly,validation
2020-08-20,2020-08-21,0.5953479247893214,1.0985164772050018,Refit-OriginalGARCH-expanding_quarterly,validation
2020-08-21,2020-08-24,2.601992310993434,1.0436346939879657,Refit-OriginalGARCH-expanding_quarterly,validation
2020-08-24,2020-08-25,0.3897315001367304,1.2235101979938428,Refit-OriginalGARCH-expanding_quarterly,validation
2020-08-25,2020-08-26,0.0055335984725061,1.1285427569879447,Refit-OriginalGARCH-expanding_quarterly,validation
2020-08-26,2020-08-27,0.0201247832938772,1.0080895837660002,Refit-OriginalGARCH-expanding_quarterly,validation
2020-08-27,2020-08-28,0.2371438175251532,0.9041342983287302,Refit-OriginalGARCH-expanding_quarterly,validation
2020-08-28,2020-08-31,0.0919913483576587,0.8369051365535595,Refit-OriginalGARCH-expanding_quarterly,validation
2020-08-31,2020-09-01,1.2923697898915891,0.763682041655281,Refit-OriginalGARCH-expanding_quarterly,validation
2020-09-01,2020-09-03,1.8585263119302429,0.8335443665632262,Refit-OriginalGARCH-expanding_quarterly,validation
2020-09-03,2020-09-04,0.0724558184717704,0.9578869679569487,Refit-OriginalGARCH-expanding_quarterly,validation
2020-09-04,2020-09-07,2.20557465755946,0.8707042425232062,Refit-OriginalGARCH-expanding_quarterly,validation
2020-09-07,2020-09-08,0.045178302752493,1.0559789673592295,Refit-OriginalGARCH-expanding_quarterly,validation
2020-09-08,2020-09-09,0.0084939812398233,0.9476699629697624,Refit-OriginalGARCH-expanding_quarterly,validation
2020-09-09,2020-09-10,0.003162773705203,0.8528408891982493,Refit-OriginalGARCH-expanding_quarterly,validation
2020-09-10,2020-09-11,0.0002847617108647,0.7702360531988318,Refit-OriginalGARCH-expanding_quarterly,validation
2020-09-11,2020-09-14,0.3943421427943259,0.6981116890128336,Refit-OriginalGARCH-expanding_quarterly,validation
2020-09-14,2020-09-15,0.0356225443834294,0.6766152436894624,Refit-OriginalGARCH-expanding_quarterly,validation
2020-09-15,2020-09-16,0.0182018998394976,0.6200861285109671,Refit-OriginalGARCH-expanding_quarterly,validation
2020-09-16,2020-09-17,0.1466259433788813,0.5698521949481878,Refit-OriginalGARCH-expanding_quarterly,validation
2020-09-17,2020-09-18,0.5927837774192054,0.5462503168884204,Refit-OriginalGARCH-expanding_quarterly,validation
2020-09-18,2020-09-21,0.5973025247310948,0.5677795729495103,Refit-OriginalGARCH-expanding_quarterly,validation
2020-09-21,2020-09-22,0.0372219865301334,0.5868211769789683,Refit-OriginalGARCH-expanding_quarterly,validation
2020-09-22,2020-09-23,0.4815094749114654,0.5463670000139075,Refit-OriginalGARCH-expanding_quarterly,validation
2020-09-23,2020-09-24,0.1853426709964717,0.555547567203907,Refit-OriginalGARCH-expanding_quarterly,validation
2020-09-24,2020-09-25,0.0011645154128207,0.5388862596326648,Refit-OriginalGARCH-expanding_quarterly,validation
2020-09-25,2020-09-28,0.2158897933071618,0.4994501913663962,Refit-OriginalGARCH-expanding_quarterly,validation
2020-09-28,2020-09-29,0.8800033176965605,0.4861359804987542,Refit-OriginalGARCH-expanding_quarterly,validation
2020-09-29,2020-09-30,0.0184885133347586,0.5648977344862334,Refit-OriginalGARCH-expanding_quarterly,validation
2020-09-30,2020-10-01,0.9529808677190772,0.5223521381382629,Refit-OriginalGARCH-expanding_quarterly,validation
2020-10-01,2020-10-02,0.2100701799336074,0.5953762210017889,Refit-OriginalGARCH-expanding_quarterly,validation
2020-10-02,2020-10-05,0.2733808865752189,0.5770669638896265,Refit-OriginalGARCH-expanding_quarterly,validation
2020-10-05,2020-10-06,0.0117020561613317,0.5590281581033163,Refit-OriginalGARCH-expanding_quarterly,validation
2020-10-06,2020-10-07,0.194766708657986,0.5156031096563622,Refit-OriginalGARCH-expanding_quarterly,validation
2020-10-07,2020-10-08,0.0091636773062023,0.4978709833025178,Refit-OriginalGARCH-expanding_quarterly,validation
2020-10-08,2020-10-09,0.3136074736535195,0.4654266553706279,Refit-OriginalGARCH-expanding_quarterly,validation
2020-10-09,2020-10-12,0.039147029875858,0.46868983234504635,Refit-OriginalGARCH-expanding_quarterly,validation
2020-10-12,2020-10-13,0.1886516440368795,0.4412420069495627,Refit-OriginalGARCH-expanding_quarterly,validation
2020-10-13,2020-10-14,1.2182219245675234,0.43395179177845655,Refit-OriginalGARCH-expanding_quarterly,validation
2020-10-14,2020-10-15,0.0750977601457549,0.548373147720947,Refit-OriginalGARCH-expanding_quarterly,validation
2020-10-15,2020-10-16,0.0032789630718449,0.5126587073383971,Refit-OriginalGARCH-expanding_quarterly,validation
2020-10-16,2020-10-19,0.0017086378411738,0.47566300190179545,Refit-OriginalGARCH-expanding_quarterly,validation
2020-10-19,2020-10-20,0.0059793113747856,0.4441757780183131,Refit-OriginalGARCH-expanding_quarterly,validation
2020-10-20,2020-10-21,0.3275908040251104,0.41755103118482817,Refit-OriginalGARCH-expanding_quarterly,validation
2020-10-21,2020-10-22,1.3246371755092925,0.4416209320038822,Refit-OriginalGARCH-expanding_quarterly,validation
2020-10-22,2020-10-23,1.4132948922636843,0.5675932426926987,Refit-OriginalGARCH-expanding_quarterly,validation
2020-10-23,2020-10-26,1.1970960361828058,0.6853107688826015,Refit-OriginalGARCH-expanding_quarterly,validation
2020-10-26,2020-10-27,0.2083430476879338,0.7826167243404258,Refit-OriginalGARCH-expanding_quarterly,validation
2020-10-27,2020-10-28,7.411979475736142,0.7360565399727977,Refit-OriginalGARCH-expanding_quarterly,validation
2020-10-28,2020-10-29,0.0458453997519621,1.613505102013215,Refit-OriginalGARCH-expanding_quarterly,validation
2020-10-29,2020-10-30,0.4800476169952387,1.4199211575568182,Refit-OriginalGARCH-expanding_quarterly,validation
2020-10-30,2020-11-02,0.7800511650758589,1.299603153732248,Refit-OriginalGARCH-expanding_quarterly,validation
2020-11-02,2020-11-03,0.0342682571944602,1.232485186008891,Refit-OriginalGARCH-expanding_quarterly,validation
2020-11-03,2020-11-04,0.2152577372300542,1.0902792142663387,Refit-OriginalGARCH-expanding_quarterly,validation
2020-11-04,2020-11-05,0.045844571767648,0.9888606502981115,Refit-OriginalGARCH-expanding_quarterly,validation
2020-11-05,2020-11-06,0.003314082741207,0.8887425310960992,Refit-OriginalGARCH-expanding_quarterly,validation
2020-11-06,2020-11-09,2.10118385761475,0.7954743009936056,Refit-OriginalGARCH-expanding_quarterly,validation
2020-11-09,2020-11-10,8.938431274224163e-05,0.9616460373452997,Refit-OriginalGARCH-expanding_quarterly,validation
2020-11-10,2020-11-11,0.0011297213251294,0.8577742488673245,Refit-OriginalGARCH-expanding_quarterly,validation
2020-11-11,2020-11-12,0.5456632914405392,0.769120930750144,Refit-OriginalGARCH-expanding_quarterly,validation
2020-11-12,2020-11-13,0.5301286092359084,0.7538364884003708,Refit-OriginalGARCH-expanding_quarterly,validation
2020-11-13,2020-11-16,2.614940684665197,0.7390242419167445,Refit-OriginalGARCH-expanding_quarterly,validation
2020-11-16,2020-11-17,3.5600857195920512,1.0095976456558615,Refit-OriginalGARCH-expanding_quarterly,validation
2020-11-17,2020-11-18,0.2272651607739751,1.3200265652254124,Refit-OriginalGARCH-expanding_quarterly,validation
2020-11-18,2020-11-19,0.9890184423772188,1.1855853629910151,Refit-OriginalGARCH-expanding_quarterly,validation
2020-11-19,2020-11-20,0.4666750014882298,1.1602682508097641,Refit-OriginalGARCH-expanding_quarterly,validation
2020-11-20,2020-11-23,0.1783704119345972,1.0772463608937348,Refit-OriginalGARCH-expanding_quarterly,validation
2020-11-23,2020-11-24,0.0248986125796567,0.9736418131670076,Refit-OriginalGARCH-expanding_quarterly,validation
2020-11-24,2020-11-25,0.1754782563587062,0.8692923280867741,Refit-OriginalGARCH-expanding_quarterly,validation
2020-11-25,2020-11-26,0.3614717362335366,0.7964816219773432,Refit-OriginalGARCH-expanding_quarterly,validation
2020-11-26,2020-11-27,0.1777363368777613,0.7557102256836514,Refit-OriginalGARCH-expanding_quarterly,validation
2020-11-27,2020-11-30,0.50308697006867,0.7001466154920652,Refit-OriginalGARCH-expanding_quarterly,validation
2020-11-30,2020-12-01,0.331272320082079,0.7051321954951514,Refit-OriginalGARCH-expanding_quarterly,validation
2020-12-01,2020-12-02,0.2902563684716866,0.6745548149732846,Refit-OriginalGARCH-expanding_quarterly,validation
2020-12-02,2020-12-03,0.290315397256232,0.6438541213585117,Refit-OriginalGARCH-expanding_quarterly,validation
2020-12-03,2020-12-04,0.0274172683613022,0.6177539352400891,Refit-OriginalGARCH-expanding_quarterly,validation
2020-12-04,2020-12-07,0.6850937253628709,0.5668865650193794,Refit-OriginalGARCH-expanding_quarterly,validation
2020-12-07,2020-12-08,0.0048900250994697,0.5982149845375431,Refit-OriginalGARCH-expanding_quarterly,validation
2020-12-08,2020-12-09,0.9108272820038537,0.5499548860713005,Refit-OriginalGARCH-expanding_quarterly,validation
2020-12-09,2020-12-10,0.6307404981430905,0.610474274909801,Refit-OriginalGARCH-expanding_quarterly,validation
2020-12-10,2020-12-11,2.1005332911557746,0.6455988520150122,Refit-OriginalGARCH-expanding_quarterly,validation
2020-12-11,2020-12-14,2.953190631516623,0.8341182412785895,Refit-OriginalGARCH-expanding_quarterly,validation
2020-12-14,2020-12-15,0.6927758012586854,1.0973231410717164,Refit-OriginalGARCH-expanding_quarterly,validation
2020-12-15,2020-12-16,1.2199074044400842,1.067693354653275,Refit-OriginalGARCH-expanding_quarterly,validation
2020-12-16,2020-12-17,2.0641473967885817,1.0874885181616678,Refit-OriginalGARCH-expanding_quarterly,validation
2020-12-17,2020-12-18,2.192631063716555,1.235728873475753,Refit-OriginalGARCH-expanding_quarterly,validation
2020-12-18,2020-12-21,1.6074554836667916,1.3470357523441643,Refit-OriginalGARCH-expanding_quarterly,validation
2020-12-21,2020-12-22,0.0479545490733483,1.3713683863769266,Refit-OriginalGARCH-expanding_quarterly,validation
2020-12-22,2020-12-23,0.1771055150673424,1.2097220556265678,Refit-OriginalGARCH-expanding_quarterly,validation
2020-12-23,2020-12-24,1.124406225180995,1.0950060687731713,Refit-OriginalGARCH-expanding_quarterly,validation
2020-12-24,2020-12-25,2.4671237918391133,1.1216411018689183,Refit-OriginalGARCH-expanding_quarterly,validation
2020-12-25,2020-12-28,0.4034604996523059,1.2831084652387081,Refit-OriginalGARCH-expanding_quarterly,validation
2020-12-28,2020-12-29,0.5549207078341868,1.174371984941179,Refit-OriginalGARCH-expanding_quarterly,validation
2020-12-29,2020-12-30,0.0315106576863239,1.0995318107176728,Refit-OriginalGARCH-expanding_quarterly,validation
2020-12-30,2020-12-31,0.3307256931476,0.9806916337952547,Refit-OriginalGARCH-expanding_quarterly,validation
2020-12-31,2021-01-04,2.2278705339723945,0.9088193361897221,Refit-OriginalGARCH-expanding_quarterly,validation
2021-01-04,2021-01-05,1.1499318142027897,1.0656883905364607,Refit-OriginalGARCH-expanding_quarterly,validation
2021-01-05,2021-01-06,0.8776630886951989,1.0753664163484002,Refit-OriginalGARCH-expanding_quarterly,validation
2021-01-06,2021-01-07,1.3339004712332734,1.0510981142117175,Refit-OriginalGARCH-expanding_quarterly,validation
2021-01-07,2021-01-08,0.9288877612518626,1.0850577341097498,Refit-OriginalGARCH-expanding_quarterly,validation
2021-01-08,2021-01-11,2.138176540768584,1.0653979118876888,Refit-OriginalGARCH-expanding_quarterly,validation
2021-01-11,2021-01-12,0.3865727035398198,1.1942591976502355,Refit-OriginalGARCH-expanding_quarterly,validation
2021-01-12,2021-01-13,0.2744693433035448,1.0941539954716442,Refit-OriginalGARCH-expanding_quarterly,validation
2021-01-13,2021-01-14,0.0129409883939506,1.009819522364151,Refit-OriginalGARCH-expanding_quarterly,validation
2021-01-14,2021-01-15,0.3260937940923989,0.897441409002532,Refit-OriginalGARCH-expanding_quarterly,validation
2021-01-15,2021-01-18,0.0358827142959493,0.8357562227898477,Refit-OriginalGARCH-expanding_quarterly,validation
2021-01-18,2021-01-19,27.541540391562137,0.756714675828819,Refit-OriginalGARCH-expanding_quarterly,validation
2021-01-19,2021-01-20,0.1055259451193829,4.207732303292493,Refit-OriginalGARCH-expanding_quarterly,validation
2021-01-20,2021-01-21,6.600825920548621,3.6154800970782213,Refit-OriginalGARCH-expanding_quarterly,validation
2021-01-21,2021-01-22,0.0486234498742934,3.9008457545646857,Refit-OriginalGARCH-expanding_quarterly,validation
2021-01-22,2021-01-25,0.003916873597976,3.3496826883446698,Refit-OriginalGARCH-expanding_quarterly,validation
2021-01-25,2021-01-26,6.76157056018748,2.8807486921155574,Refit-OriginalGARCH-expanding_quarterly,validation
2021-01-26,2021-01-27,12.16950048366727,3.364239226460234,Refit-OriginalGARCH-expanding_quarterly,validation
2021-01-27,2021-01-28,47.71522267260341,4.464149559052828,Refit-OriginalGARCH-expanding_quarterly,validation
2021-01-28,2021-01-29,9.864460610625494,9.902646947365625,Refit-OriginalGARCH-expanding_quarterly,validation
2021-01-29,2021-02-01,4.068938921704016,9.62952483252426,Refit-OriginalGARCH-expanding_quarterly,validation
2021-02-01,2021-02-02,14.37888811066259,8.735921379661445,Refit-OriginalGARCH-expanding_quarterly,validation
2021-02-02,2021-02-03,10.698092971323405,9.199727450679536,Refit-OriginalGARCH-expanding_quarterly,validation
2021-02-03,2021-02-04,0.006553579964635,9.137075091366906,Refit-OriginalGARCH-expanding_quarterly,validation
2021-02-04,2021-02-05,1.728785632859906,7.782013283361161,Refit-OriginalGARCH-expanding_quarterly,validation
2021-02-05,2021-02-08,15.664350744194984,6.834667356123512,Refit-OriginalGARCH-expanding_quarterly,validation
2021-02-08,2021-02-09,8.346588799606792,7.848892925166785,Refit-OriginalGARCH-expanding_quarterly,validation
2021-02-09,2021-02-17,12.948351612917367,7.702303164364535,Refit-OriginalGARCH-expanding_quarterly,validation
2021-02-17,2021-02-18,2.5487828873734144,8.14693579311564,Refit-OriginalGARCH-expanding_quarterly,validation
2021-02-18,2021-02-19,0.0056191882730801,7.243196463039753,Refit-OriginalGARCH-expanding_quarterly,validation
2021-02-19,2021-02-22,0.0171990965562516,6.17948718932047,Refit-OriginalGARCH-expanding_quarterly,validation
2021-02-22,2021-02-23,0.04885188428266,5.277209315207254,Refit-OriginalGARCH-expanding_quarterly,validation
2021-02-23,2021-02-24,1.7852090551538884,4.51568321137994,Refit-OriginalGARCH-expanding_quarterly,validation
2021-02-24,2021-02-25,0.0863685922010339,4.108356520461732,Refit-OriginalGARCH-expanding_quarterly,validation
2021-02-25,2021-02-26,0.0678645793866586,3.5292820845799326,Refit-OriginalGARCH-expanding_quarterly,validation
2021-02-26,2021-03-01,2.260340412751501,3.0368228355717797,Refit-OriginalGARCH-expanding_quarterly,validation
2021-03-01,2021-03-02,0.0013754677373442,2.87915693095001,Refit-OriginalGARCH-expanding_quarterly,validation
2021-03-02,2021-03-03,0.0008207623047958,2.480560957440417,Refit-OriginalGARCH-expanding_quarterly,validation
2021-03-03,2021-03-04,2.448912301147324,2.142930173200304,Refit-OriginalGARCH-expanding_quarterly,validation
2021-03-04,2021-03-05,0.0002116227550263,2.1845352255238115,Refit-OriginalGARCH-expanding_quarterly,validation
2021-03-05,2021-03-08,0.001291980692468,1.8922562420054596,Refit-OriginalGARCH-expanding_quarterly,validation
2021-03-08,2021-03-09,0.2923761214947155,1.645430499042546,Refit-OriginalGARCH-expanding_quarterly,validation
2021-03-09,2021-03-10,0.4837594769954144,1.4792922317770165,Refit-OriginalGARCH-expanding_quarterly,validation
2021-03-10,2021-03-11,0.9815546422643948,1.3468846466896238,Refit-OriginalGARCH-expanding_quarterly,validation
2021-03-11,2021-03-12,0.0002069778164541,1.2934740752588723,Refit-OriginalGARCH-expanding_quarterly,validation
2021-03-12,2021-03-15,0.0643027332166397,1.1377657238956635,Refit-OriginalGARCH-expanding_quarterly,validation
2021-03-15,2021-03-16,0.1553706585632092,1.010504341422635,Refit-OriginalGARCH-expanding_quarterly,validation
2021-03-16,2021-03-17,0.2737899242910557,0.9223545148464691,Refit-OriginalGARCH-expanding_quarterly,validation
2021-03-17,2021-03-18,1.5481332912326575,0.850900508483902,Refit-OriginalGARCH-expanding_quarterly,validation
2021-03-18,2021-03-19,0.3310498706600423,0.941227982799023,Refit-OriginalGARCH-expanding_quarterly,validation
2021-03-19,2021-03-22,0.0010124742198036,0.8880271675637421,Refit-OriginalGARCH-expanding_quarterly,validation
2021-03-22,2021-03-23,0.8528859825364001,0.7938082287000721,Refit-OriginalGARCH-expanding_quarterly,validation
2021-03-23,2021-03-24,3.405784484981233,0.8330859788014477,Refit-OriginalGARCH-expanding_quarterly,validation
2021-03-24,2021-03-25,0.012314795662716,1.1986203838148182,Refit-OriginalGARCH-expanding_quarterly,validation
2021-03-25,2021-03-26,0.0058597397555957,1.0573397126633866,Refit-OriginalGARCH-expanding_quarterly,validation
2021-03-26,2021-03-29,1.3278733275984689,0.9392248804175795,Refit-OriginalGARCH-expanding_quarterly,validation
2021-03-29,2021-03-30,0.8177751702540456,0.9895613388919384,Refit-OriginalGARCH-expanding_quarterly,validation
2021-03-30,2021-03-31,0.1825736474519551,0.9713019787757264,Refit-OriginalGARCH-expanding_quarterly,validation
2021-03-31,2021-04-01,4.196908399032827,0.8821308443256983,Refit-OriginalGARCH-expanding_quarterly,validation
2021-04-01,2021-04-02,0.4682318073785952,1.3092406970873731,Refit-OriginalGARCH-expanding_quarterly,validation
2021-04-02,2021-04-05,0.8890694068712227,1.199742480841645,Refit-OriginalGARCH-expanding_quarterly,validation
2021-04-05,2021-04-06,0.0997492041629095,1.1588585903624729,Refit-OriginalGARCH-expanding_quarterly,validation
2021-04-06,2021-04-07,0.0380161793184628,1.0301212094646404,Refit-OriginalGARCH-expanding_quarterly,validation
2021-04-07,2021-04-08,0.3656617949695199,0.9153250461462514,Refit-OriginalGARCH-expanding_quarterly,validation
2021-04-08,2021-04-09,0.0685939299115526,0.8709707718088018,Refit-OriginalGARCH-expanding_quarterly,validation
2021-04-09,2021-04-12,2.801867566535839,0.7910198711986639,Refit-OriginalGARCH-expanding_quarterly,validation
2021-04-12,2021-04-13,0.1085685992002533,1.0533567205274308,Refit-OriginalGARCH-expanding_quarterly,validation
2021-04-13,2021-04-14,0.3626329687997453,0.9504565522621271,Refit-OriginalGARCH-expanding_quarterly,validation
2021-04-14,2021-04-15,0.4743671604836424,0.8852662038385856,Refit-OriginalGARCH-expanding_quarterly,validation
2021-04-15,2021-04-16,0.4720531246781877,0.8607755328215982,Refit-OriginalGARCH-expanding_quarterly,validation
2021-04-16,2021-04-19,3.0629959648129166,0.8398524509535243,Refit-OriginalGARCH-expanding_quarterly,validation
2021-04-19,2021-04-20,0.3708468135979464,1.1272652446652542,Refit-OriginalGARCH-expanding_quarterly,validation
2021-04-20,2021-04-22,10.511479982603742,1.0349876659353707,Refit-OriginalGARCH-expanding_quarterly,validation
2021-04-22,2021-04-23,2.7977982020669034,2.316100809431628,Refit-OriginalGARCH-expanding_quarterly,validation
2021-04-23,2021-04-26,7.069875969155051,2.335841821877142,Refit-OriginalGARCH-expanding_quarterly,validation
2021-04-26,2021-04-27,0.1068177702515163,2.958239351498485,Refit-OriginalGARCH-expanding_quarterly,validation
2021-04-27,2021-04-28,0.6403727056381737,2.544654779668427,Refit-OriginalGARCH-expanding_quarterly,validation
2021-04-28,2021-04-29,0.6353802562532533,2.259883699096885,Refit-OriginalGARCH-expanding_quarterly,validation
2021-04-29,2021-05-04,0.0512876666991909,2.019708841797747,Refit-OriginalGARCH-expanding_quarterly,validation
2021-05-04,2021-05-05,1.2974041483688885,1.749158138484817,Refit-OriginalGARCH-expanding_quarterly,validation
2021-05-05,2021-05-06,0.2185486546328746,1.6714486604261583,Refit-OriginalGARCH-expanding_quarterly,validation
2021-05-06,2021-05-07,0.494132324659674,1.486356966952255,Refit-OriginalGARCH-expanding_quarterly,validation
2021-05-07,2021-05-10,2.018769062145057,1.3691826303762724,Refit-OriginalGARCH-expanding_quarterly,validation
2021-05-10,2021-05-11,0.0792094524228185,1.4415980921630676,Refit-OriginalGARCH-expanding_quarterly,validation
2021-05-11,2021-05-12,1.0683689670129952,1.2726817266277897,Refit-OriginalGARCH-expanding_quarterly,validation
2021-05-12,2021-05-13,0.3147510754643727,1.2422877611888923,Refit-OriginalGARCH-expanding_quarterly,validation
2021-05-13,2021-05-14,0.1194948927270032,1.1389115178463136,Refit-OriginalGARCH-expanding_quarterly,validation
2021-05-14,2021-05-17,0.3681093008020274,1.0155260750149817,Refit-OriginalGARCH-expanding_quarterly,validation
2021-05-17,2021-05-18,0.2298422025837693,0.9556077123911038,Refit-OriginalGARCH-expanding_quarterly,validation
2021-05-18,2021-05-19,0.6085100033578476,0.8857527565599422,Refit-OriginalGARCH-expanding_quarterly,validation
2021-05-19,2021-05-20,1.5332689494683411,0.8604366118381744,Refit-OriginalGARCH-expanding_quarterly,validation
2021-05-20,2021-05-21,0.1986664550105345,0.9530766447760146,Refit-OriginalGARCH-expanding_quarterly,validation
2021-05-21,2021-05-24,1.1845107713600658,0.8681952030206246,Refit-OriginalGARCH-expanding_quarterly,validation
2021-05-24,2021-05-25,0.6615170731155926,0.9163518522367532,Refit-OriginalGARCH-expanding_quarterly,validation
2021-05-25,2021-05-26,0.3826692450882292,0.8926231545199526,Refit-OriginalGARCH-expanding_quarterly,validation
2021-05-26,2021-05-27,1.0043951904267852,0.839001757966042,Refit-OriginalGARCH-expanding_quarterly,validation
2021-05-27,2021-05-28,1.65727162339538,0.8942550794099483,Refit-OriginalGARCH-expanding_quarterly,validation
2021-05-28,2021-05-31,0.3285055315434949,0.9969570475181948,Refit-OriginalGARCH-expanding_quarterly,validation
2021-05-31,2021-06-01,0.5328741181290064,0.9203300439597346,Refit-OriginalGARCH-expanding_quarterly,validation
2021-06-01,2021-06-02,0.0501764701325494,0.880361703633626,Refit-OriginalGARCH-expanding_quarterly,validation
2021-06-02,2021-06-03,3.01900451692919,0.7905526221533522,Refit-OriginalGARCH-expanding_quarterly,validation
2021-06-03,2021-06-04,0.5091916058927975,1.080257837232467,Refit-OriginalGARCH-expanding_quarterly,validation
2021-06-04,2021-06-07,1.2488833393722787,1.0120429474102617,Refit-OriginalGARCH-expanding_quarterly,validation
2021-06-07,2021-06-08,8.436942215340656,1.0728644877016729,Refit-OriginalGARCH-expanding_quarterly,validation
2021-06-08,2021-06-09,0.9635770887636846,2.0755458944494096,Refit-OriginalGARCH-expanding_quarterly,validation
2021-06-09,2021-06-10,0.4923594509595709,1.904798614805931,Refit-OriginalGARCH-expanding_quarterly,validation
2021-06-10,2021-06-11,4.4320627369374535,1.7209579005255877,Refit-OriginalGARCH-expanding_quarterly,validation
2021-06-11,2021-06-14,0.5411007585268014,2.0411694578251427,Refit-OriginalGARCH-expanding_quarterly,validation
2021-06-14,2021-06-15,0.1708389534964715,1.824278676999416,Refit-OriginalGARCH-expanding_quarterly,validation
2021-06-15,2021-06-16,0.6335008462154236,1.5979071203658848,Refit-OriginalGARCH-expanding_quarterly,validation
2021-06-16,2021-06-17,0.0626639901398827,1.4821932188457687,Refit-OriginalGARCH-expanding_quarterly,validation
2021-06-17,2021-06-18,1.7005139602823875,1.2981425241296292,Refit-OriginalGARCH-expanding_quarterly,validation
2021-06-18,2021-06-21,0.1396997155457911,1.342119350687798,Refit-OriginalGARCH-expanding_quarterly,validation
2021-06-21,2021-06-22,0.284425125779956,1.1979532186014827,Refit-OriginalGARCH-expanding_quarterly,validation
2021-06-22,2021-06-23,0.0505778800491605,1.0842116454789799,Refit-OriginalGARCH-expanding_quarterly,validation
2021-06-23,2021-06-24,0.042756846647676,0.9676262296292104,Refit-OriginalGARCH-expanding_quarterly,validation
2021-06-24,2021-06-25,0.5639250493998573,0.8632179016866421,Refit-OriginalGARCH-expanding_quarterly,validation
2021-06-25,2021-06-28,1.2596863062253096,0.8360722370387369,Refit-OriginalGARCH-expanding_quarterly,validation
2021-06-28,2021-06-29,0.0902656153029111,0.8986300941498082,Refit-OriginalGARCH-expanding_quarterly,validation
2021-06-29,2021-06-30,0.0111781207193246,0.8101634698519413,Refit-OriginalGARCH-expanding_quarterly,validation
2021-06-30,2021-07-01,0.3645273399631648,0.7305163561838006,Refit-OriginalGARCH-expanding_quarterly,validation
2021-07-01,2021-07-02,0.0505610286336511,0.6966048329974185,Refit-OriginalGARCH-expanding_quarterly,validation
2021-07-02,2021-07-05,0.4168242183273023,0.6360205436702606,Refit-OriginalGARCH-expanding_quarterly,validation
2021-07-05,2021-07-06,16.601013312283214,0.6448890516065635,Refit-OriginalGARCH-expanding_quarterly,validation
2021-07-06,2021-07-07,6.058281445881023,2.812404920335127,Refit-OriginalGARCH-expanding_quarterly,validation
2021-07-07,2021-07-08,1.0078273448945338,3.163132758712811,Refit-OriginalGARCH-expanding_quarterly,validation
2021-07-08,2021-07-09,4.095422426959989,2.844407168228256,Refit-OriginalGARCH-expanding_quarterly,validation
2021-07-09,2021-07-12,14.799235172407151,2.99439999754763,Refit-OriginalGARCH-expanding_quarterly,validation
2021-07-12,2021-07-13,0.009141491530764,4.5426802298478295,Refit-OriginalGARCH-expanding_quarterly,validation
2021-07-13,2021-07-14,1.871533753406208,3.8550064157862782,Refit-OriginalGARCH-expanding_quarterly,validation
2021-07-14,2021-07-15,1.185182208099543,3.5418644686065885,Refit-OriginalGARCH-expanding_quarterly,validation
2021-07-15,2021-07-16,0.1728051567276786,3.1565450118693783,Refit-OriginalGARCH-expanding_quarterly,validation
2021-07-16,2021-07-19,19.26799845022637,2.7105928797805796,Refit-OriginalGARCH-expanding_quarterly,validation
2021-07-19,2021-07-20,5.600831490366748,4.895838582090989,Refit-OriginalGARCH-expanding_quarterly,validation
2021-07-20,2021-07-21,0.0386259132356042,4.850393574766718,Refit-OriginalGARCH-expanding_quarterly,validation
2021-07-21,2021-07-22,3.1842211341003503,4.120651421856984,Refit-OriginalGARCH-expanding_quarterly,validation
2021-07-22,2021-07-23,3.75891611125588,3.893150218214835,Refit-OriginalGARCH-expanding_quarterly,validation
2021-07-23,2021-07-26,0.0932245335056029,3.828048467394828,Refit-OriginalGARCH-expanding_quarterly,validation
2021-07-26,2021-07-27,0.1095791578755464,3.264351637002339,Refit-OriginalGARCH-expanding_quarterly,validation
2021-07-27,2021-07-28,0.0001201916445908,2.793815119593295,Refit-OriginalGARCH-expanding_quarterly,validation
2021-07-28,2021-07-29,1.6539600353625152,2.389594052688572,Refit-OriginalGARCH-expanding_quarterly,validation
2021-07-29,2021-07-30,1.5967544948591652,2.249597806648067,Refit-OriginalGARCH-expanding_quarterly,validation
2021-07-30,2021-08-02,0.1009987039707803,2.12512760250526,Refit-OriginalGARCH-expanding_quarterly,validation
2021-08-02,2021-08-03,1.8957198194932552,1.838313061580731,Refit-OriginalGARCH-expanding_quarterly,validation
2021-08-03,2021-08-04,0.0297448118967559,1.8180195472878584,Refit-OriginalGARCH-expanding_quarterly,validation
2021-08-04,2021-08-05,0.6506576147304501,1.573650406869566,Refit-OriginalGARCH-expanding_quarterly,validation
2021-08-05,2021-08-06,0.0931307383293993,1.441385566216128,Refit-OriginalGARCH-expanding_quarterly,validation
2021-08-06,2021-08-09,1.8579420490159877,1.2728196756877017,Refit-OriginalGARCH-expanding_quarterly,validation
2021-08-09,2021-08-10,0.0356498511082493,1.3394434318731792,Refit-OriginalGARCH-expanding_quarterly,validation
2021-08-10,2021-08-11,0.1163827824804467,1.1731990370249683,Refit-OriginalGARCH-expanding_quarterly,validation
2021-08-11,2021-08-12,0.1222953063583315,1.051629332344127,Refit-OriginalGARCH-expanding_quarterly,validation
2021-08-12,2021-08-13,0.0871384784453648,0.9506537184669834,Refit-OriginalGARCH-expanding_quarterly,validation
2021-08-13,2021-08-16,1.0399916754691487,0.8527127111455451,Refit-OriginalGARCH-expanding_quarterly,validation
2021-08-16,2021-08-17,0.3314354435277737,0.8852651169097272,Refit-OriginalGARCH-expanding_quarterly,validation
2021-08-17,2021-08-18,0.0249180078972991,0.8416329274728171,Refit-OriginalGARCH-expanding_quarterly,validation
2021-08-18,2021-08-19,1.034084957658442,0.7593790384029503,Refit-OriginalGARCH-expanding_quarterly,validation
2021-08-19,2021-08-20,11.285807091304966,0.8063283418192861,Refit-OriginalGARCH-expanding_quarterly,validation
2021-08-20,2021-08-23,5.411821632013326,2.2438336215111807,Refit-OriginalGARCH-expanding_quarterly,validation
2021-08-23,2021-08-24,8.536462420535458e-05,2.667196660895776,Refit-OriginalGARCH-expanding_quarterly,validation
2021-08-24,2021-08-25,0.6870757170728501,2.2837691995094307,Refit-OriginalGARCH-expanding_quarterly,validation
2021-08-25,2021-08-26,0.4170750420782061,2.040851433256973,Refit-OriginalGARCH-expanding_quarterly,validation
2021-08-26,2021-08-27,0.8540485329092148,1.822038308390343,Refit-OriginalGARCH-expanding_quarterly,validation
2021-08-27,2021-08-30,1.2797402595336076,1.6744801851976694,Refit-OriginalGARCH-expanding_quarterly,validation
2021-08-30,2021-08-31,0.0627065630623478,1.6036272710719208,Refit-OriginalGARCH-expanding_quarterly,validation
2021-08-31,2021-09-01,0.0569056328666982,1.3972583284682978,Refit-OriginalGARCH-expanding_quarterly,validation
2021-09-01,2021-09-06,0.7669996218071843,1.2237441318475137,Refit-OriginalGARCH-expanding_quarterly,validation
2021-09-06,2021-09-07,0.1115838258583112,1.1624541437212148,Refit-OriginalGARCH-expanding_quarterly,validation
2021-09-07,2021-09-08,0.3840242724271654,1.0419030663138964,Refit-OriginalGARCH-expanding_quarterly,validation
2021-09-08,2021-09-09,0.5999757427909345,0.9803448129652219,Refit-OriginalGARCH-expanding_quarterly,validation
2021-09-09,2021-09-10,0.009783360800291,0.938067823840225,Refit-OriginalGARCH-expanding_quarterly,validation
2021-09-10,2021-09-13,0.0834204953018611,0.834725217002335,Refit-OriginalGARCH-expanding_quarterly,validation
2021-09-13,2021-09-14,0.0166539238245993,0.763006631802523,Refit-OriginalGARCH-expanding_quarterly,validation
2021-09-14,2021-09-15,0.208411861391793,0.6920280137721504,Refit-OriginalGARCH-expanding_quarterly,validation
2021-09-15,2021-09-16,8.833374944135227e-06,0.6496602126180719,Refit-OriginalGARCH-expanding_quarterly,validation
2021-09-16,2021-09-17,0.2517625260662404,0.5930911771306291,Refit-OriginalGARCH-expanding_quarterly,validation
2021-09-17,2021-09-20,0.0255409488218125,0.5718088690372909,Refit-OriginalGARCH-expanding_quarterly,validation
2021-09-20,2021-09-21,0.6256621683862371,0.5334002304847281,Refit-OriginalGARCH-expanding_quarterly,validation
2021-09-21,2021-09-22,0.6493080782631847,0.588147160228366,Refit-OriginalGARCH-expanding_quarterly,validation
2021-09-22,2021-09-23,0.023678455022373,0.6154632409754783,Refit-OriginalGARCH-expanding_quarterly,validation
2021-09-23,2021-09-24,0.0138313143395197,0.5654830124020496,Refit-OriginalGARCH-expanding_quarterly,validation
2021-09-24,2021-09-27,3.828272422415496,0.5259983776942129,Refit-OriginalGARCH-expanding_quarterly,validation
2021-09-27,2021-09-28,1.1555484032608674,1.0159964767220575,Refit-OriginalGARCH-expanding_quarterly,validation
2021-09-28,2021-09-29,5.575325206713305e-05,1.03642488721708,Refit-OriginalGARCH-expanding_quarterly,validation
2021-09-29,2021-09-30,0.0451927678238876,0.917310596523953,Refit-OriginalGARCH-expanding_quarterly,validation
2021-09-30,2021-10-01,0.2869590069123234,0.8204161245249363,Refit-OriginalGARCH-expanding_quarterly,validation
2021-10-01,2021-10-04,0.1209217160727008,0.789821803755296,Refit-OriginalGARCH-expanding_quarterly,validation
2021-10-04,2021-10-05,1.2548666056334208,0.7249465539110641,Refit-OriginalGARCH-expanding_quarterly,validation
2021-10-05,2021-10-06,0.363335054701863,0.8060828681342207,Refit-OriginalGARCH-expanding_quarterly,validation
2021-10-06,2021-10-07,0.0539799292056889,0.7664524438552418,Refit-OriginalGARCH-expanding_quarterly,validation
2021-10-07,2021-10-08,0.2422625428098201,0.6982075721912009,Refit-OriginalGARCH-expanding_quarterly,validation
2021-10-08,2021-10-11,2.384064119474745,0.6618927535286901,Refit-OriginalGARCH-expanding_quarterly,validation
2021-10-11,2021-10-12,0.0025924711816483,0.8923959894221056,Refit-OriginalGARCH-expanding_quarterly,validation
2021-10-12,2021-10-13,0.043020201094552,0.7994333968749558,Refit-OriginalGARCH-expanding_quarterly,validation
2021-10-13,2021-10-14,1.8582276241239155e-05,0.729823998437174,Refit-OriginalGARCH-expanding_quarterly,validation
2021-10-14,2021-10-15,0.0037272440365911,0.6634930256262623,Refit-OriginalGARCH-expanding_quarterly,validation
2021-10-15,2021-10-18,0.0412074717223573,0.6075631765549676,Refit-OriginalGARCH-expanding_quarterly,validation
2021-10-18,2021-10-19,0.0002054205471957,0.5637346926336014,Refit-OriginalGARCH-expanding_quarterly,validation
2021-10-19,2021-10-20,0.012036644283499,0.5244050231463788,Refit-OriginalGARCH-expanding_quarterly,validation
2021-10-20,2021-10-21,0.4224699907147212,0.4941115290459289,Refit-OriginalGARCH-expanding_quarterly,validation
2021-10-21,2021-10-22,0.1038627326357175,0.527778795053593,Refit-OriginalGARCH-expanding_quarterly,validation
2021-10-22,2021-10-25,0.0766142772237032,0.5034035970487152,Refit-OriginalGARCH-expanding_quarterly,validation
2021-10-25,2021-10-26,0.2013151221701667,0.4868008639663083,Refit-OriginalGARCH-expanding_quarterly,validation
2021-10-26,2021-10-27,4.975421040294883,0.4799655058748876,Refit-OriginalGARCH-expanding_quarterly,validation
2021-10-27,2021-10-28,1.0980607841681207,1.0627584714774823,Refit-OriginalGARCH-expanding_quarterly,validation
2021-10-28,2021-10-29,0.1886851350804401,1.0701122106628298,Refit-OriginalGARCH-expanding_quarterly,validation
2021-10-29,2021-11-01,0.1351609140151505,0.9675210921947738,Refit-OriginalGARCH-expanding_quarterly,validation
2021-11-01,2021-11-02,0.8706925479870633,0.884468305950983,Refit-OriginalGARCH-expanding_quarterly,validation
2021-11-02,2021-11-03,0.3174077865606339,0.8929864903579999,Refit-OriginalGARCH-expanding_quarterly,validation
2021-11-03,2021-11-04,0.0780251318950003,0.8476720598292605,Refit-OriginalGARCH-expanding_quarterly,validation
2021-11-04,2021-11-05,0.3164163905277483,0.7687946962888565,Refit-OriginalGARCH-expanding_quarterly,validation
2021-11-05,2021-11-08,0.5722632892702788,0.7296873551176276,Refit-OriginalGARCH-expanding_quarterly,validation
2021-11-08,2021-11-09,0.1717825777423685,0.727240166070055,Refit-OriginalGARCH-expanding_quarterly,validation
2021-11-09,2021-11-10,0.0578685691569425,0.6882916095637782,Refit-OriginalGARCH-expanding_quarterly,validation
2021-11-10,2021-11-11,0.0332757244454099,0.6330812882827784,Refit-OriginalGARCH-expanding_quarterly,validation
2021-11-11,2021-11-12,0.5636350562840569,0.588818591205053,Refit-OriginalGARCH-expanding_quarterly,validation
2021-11-12,2021-11-15,0.0470688863590858,0.6081154761482892,Refit-OriginalGARCH-expanding_quarterly,validation
2021-11-15,2021-11-16,0.4729748116245648,0.5647765468740747,Refit-OriginalGARCH-expanding_quarterly,validation
2021-11-16,2021-11-17,0.40826744424175,0.5939350118689604,Refit-OriginalGARCH-expanding_quarterly,validation
2021-11-17,2021-11-18,0.1670640675036151,0.5939088214967189,Refit-OriginalGARCH-expanding_quarterly,validation
2021-11-18,2021-11-19,1.4313283722317711,0.5758455154176604,Refit-OriginalGARCH-expanding_quarterly,validation
2021-11-19,2021-11-22,0.1237442583360642,0.7319320593613539,Refit-OriginalGARCH-expanding_quarterly,validation
2021-11-22,2021-11-23,1.2666258581863683,0.6853186109403444,Refit-OriginalGARCH-expanding_quarterly,validation
2021-11-23,2021-11-24,2.923344781612152,0.7743016488901302,Refit-OriginalGARCH-expanding_quarterly,validation
2021-11-24,2021-11-25,0.6380046596767257,1.053542687360488,Refit-OriginalGARCH-expanding_quarterly,validation
2021-11-25,2021-11-26,0.2701244946030526,1.0066188566129606,Refit-OriginalGARCH-expanding_quarterly,validation
2021-11-26,2021-11-29,0.3025648797186475,0.936353874360279,Refit-OriginalGARCH-expanding_quarterly,validation
2021-11-29,2021-11-30,0.1865846491020368,0.8819672046374487,Refit-OriginalGARCH-expanding_quarterly,validation
2021-11-30,2021-12-01,0.2075014205290045,0.8201064463821376,Refit-OriginalGARCH-expanding_quarterly,validation
2021-12-01,2021-12-02,0.0447934240863952,0.760086020018383,Refit-OriginalGARCH-expanding_quarterly,validation
2021-12-02,2021-12-03,7.012035907074128,0.6971170548416273,Refit-OriginalGARCH-expanding_quarterly,validation
2021-12-03,2021-12-06,4.334941271489592,1.5647072190210718,Refit-OriginalGARCH-expanding_quarterly,validation
2021-12-06,2021-12-07,5.38610884102854,1.9428900277727257,Refit-OriginalGARCH-expanding_quarterly,validation
2021-12-07,2021-12-08,0.1770242562530693,2.3405389987232845,Refit-OriginalGARCH-expanding_quarterly,validation
2021-12-08,2021-12-09,1.070479018660655,2.0312078544287715,Refit-OriginalGARCH-expanding_quarterly,validation
2021-12-09,2021-12-10,0.0917573521914629,1.8786084629339068,Refit-OriginalGARCH-expanding_quarterly,validation
2021-12-10,2021-12-13,0.7430153759165636,1.6419029091160147,Refit-OriginalGARCH-expanding_quarterly,validation
2021-12-13,2021-12-14,0.0001656787526269,1.512498443308853,Refit-OriginalGARCH-expanding_quarterly,validation
2021-12-14,2021-12-15,0.001241581482623,1.3197398037081234,Refit-OriginalGARCH-expanding_quarterly,validation
2021-12-15,2021-12-16,0.0056551081903051,1.1585589940514682,Refit-OriginalGARCH-expanding_quarterly,validation
2021-12-16,2021-12-17,0.0462794489398934,1.0226553810771046,Refit-OriginalGARCH-expanding_quarterly,validation
2021-12-17,2021-12-20,0.0276816841350729,0.9122106944207317,Refit-OriginalGARCH-expanding_quarterly,validation
2021-12-20,2021-12-21,0.009100575448846,0.8219045204596739,Refit-OriginalGARCH-expanding_quarterly,validation
2021-12-21,2021-12-22,0.0052396015195704,0.7406285725180685,Refit-OriginalGARCH-expanding_quarterly,validation
2021-12-22,2021-12-23,1.992176913695392,0.6740491749223533,Refit-OriginalGARCH-expanding_quarterly,validation
2021-12-23,2021-12-24,1.8717637228671864,0.8885768625461135,Refit-OriginalGARCH-expanding_quarterly,validation
2021-12-24,2021-12-27,0.6385359851594573,1.0190873970295473,Refit-OriginalGARCH-expanding_quarterly,validation
2021-12-27,2021-12-28,0.1364517327618313,0.9777985181181267,Refit-OriginalGARCH-expanding_quarterly,validation
2021-12-28,2021-12-29,0.3307731842534792,0.8842500363517539,Refit-OriginalGARCH-expanding_quarterly,validation
2021-12-29,2021-12-30,0.0001019075301841,0.842200053187891,Refit-OriginalGARCH-expanding_quarterly,validation
2021-12-30,2021-12-31,0.6806292652244172,0.7575337076470748,Refit-OriginalGARCH-expanding_quarterly,validation
2021-12-31,2022-01-04,3.2605099137684044,0.7635999466882618,Refit-OriginalGARCH-expanding_quarterly,validation
2022-01-04,2022-01-05,0.0408421877386783,1.08186256736194,Refit-OriginalGARCH-expanding_quarterly,validation
2022-01-05,2022-01-06,0.1583194148629771,0.9666338469276801,Refit-OriginalGARCH-expanding_quarterly,validation
2022-01-06,2022-01-07,3.466888916717849e-05,0.8772073324149012,Refit-OriginalGARCH-expanding_quarterly,validation
2022-01-07,2022-01-10,2.6694297971607823,0.7876811612581218,Refit-OriginalGARCH-expanding_quarterly,validation
2022-01-10,2022-01-11,0.5791412105719106,1.073610478866791,Refit-OriginalGARCH-expanding_quarterly,validation
2022-01-11,2022-01-12,1.469449968423449,1.0355590915126398,Refit-OriginalGARCH-expanding_quarterly,validation
2022-01-12,2022-01-13,0.9252594386149106,1.0905915088346099,Refit-OriginalGARCH-expanding_quarterly,validation
2022-01-13,2022-01-14,4.021230809949571e-06,1.0964072430684701,Refit-OriginalGARCH-expanding_quarterly,validation
2022-01-14,2022-01-17,8.577861779061374,0.9709470563356793,Refit-OriginalGARCH-expanding_quarterly,validation
2022-01-17,2022-01-18,0.9241996120524796,1.9947624208906976,Refit-OriginalGARCH-expanding_quarterly,validation
2022-01-18,2022-01-19,0.0713962483719635,1.8524422369777853,Refit-OriginalGARCH-expanding_quarterly,validation
2022-01-19,2022-01-20,2.396694299563955,1.6087229897903386,Refit-OriginalGARCH-expanding_quarterly,validation
2022-01-20,2022-01-21,0.2669228311266386,1.6832747953458558,Refit-OriginalGARCH-expanding_quarterly,validation
2022-01-21,2022-01-24,5.19144957677216,1.4887667593081382,Refit-OriginalGARCH-expanding_quarterly,validation
2022-01-24,2022-01-25,7.461944120148481,1.9889370855114925,Refit-OriginalGARCH-expanding_quarterly,validation
2022-01-25,2022-01-26,0.0182472056354126,2.6290352319614283,Refit-OriginalGARCH-expanding_quarterly,validation
2022-01-26,2022-01-27,0.5372614259470304,2.2532094259136493,Refit-OriginalGARCH-expanding_quarterly,validation
2022-01-27,2022-01-28,0.3091208848418566,2.016388547305155,Refit-OriginalGARCH-expanding_quarterly,validation
2022-01-28,2022-02-07,1.5787299229773026,1.7721944191654304,Refit-OriginalGARCH-expanding_quarterly,validation
2022-02-07,2022-02-08,0.0493284261128678,1.719949719784048,Refit-OriginalGARCH-expanding_quarterly,validation
2022-02-08,2022-02-09,0.0852913112285084,1.4957131904456156,Refit-OriginalGARCH-expanding_quarterly,validation
2022-02-09,2022-02-10,0.0087647457494785,1.311817784210478,Refit-OriginalGARCH-expanding_quarterly,validation
2022-02-10,2022-02-11,0.1140481407730615,1.1509400022235214,Refit-OriginalGARCH-expanding_quarterly,validation
2022-02-11,2022-02-14,4.003846034921644,1.035509905157111,Refit-OriginalGARCH-expanding_quarterly,validation
2022-02-14,2022-02-15,1.9670652734045644,1.4552941463467288,Refit-OriginalGARCH-expanding_quarterly,validation
2022-02-15,2022-02-16,0.0018968880308684,1.5023131738221933,Refit-OriginalGARCH-expanding_quarterly,validation
2022-02-16,2022-02-17,1.122140769245723,1.311207972023349,Refit-OriginalGARCH-expanding_quarterly,validation
2022-02-17,2022-02-18,0.0437252358911797,1.2790320945556468,Refit-OriginalGARCH-expanding_quarterly,validation
2022-02-18,2022-02-21,0.1583409064037323,1.1319904087439805,Refit-OriginalGARCH-expanding_quarterly,validation
2022-02-21,2022-02-22,0.2391227349223014,1.0155008418486433,Refit-OriginalGARCH-expanding_quarterly,validation
2022-02-22,2022-02-23,0.3429157616051995,0.9401428449718453,Refit-OriginalGARCH-expanding_quarterly,validation
2022-02-23,2022-02-24,1.3469467288223498,0.8760073576134204,Refit-OriginalGARCH-expanding_quarterly,validation
2022-02-24,2022-02-25,0.0728442185423715,0.9731640073588241,Refit-OriginalGARCH-expanding_quarterly,validation
2022-02-25,2022-02-28,0.3435682703713377,0.8735123728901673,Refit-OriginalGARCH-expanding_quarterly,validation
2022-02-28,2022-03-01,0.3350186274967215,0.835957109381826,Refit-OriginalGARCH-expanding_quarterly,validation
2022-03-01,2022-03-02,0.7897102913909818,0.7879615886366174,Refit-OriginalGARCH-expanding_quarterly,validation
2022-03-02,2022-03-03,1.6972927621476632,0.8251157012537881,Refit-OriginalGARCH-expanding_quarterly,validation
2022-03-03,2022-03-04,0.0004806839941866,0.9423347439045775,Refit-OriginalGARCH-expanding_quarterly,validation
2022-03-04,2022-03-07,0.1747715827843937,0.8418351600783631,Refit-OriginalGARCH-expanding_quarterly,validation
2022-03-07,2022-03-08,2.9065282793306784,0.7857829562415289,Refit-OriginalGARCH-expanding_quarterly,validation
2022-03-08,2022-03-09,4.143903255486161e-06,1.1030906973651098,Refit-OriginalGARCH-expanding_quarterly,validation
2022-03-09,2022-03-10,0.1308186023197331,0.9764828144333112,Refit-OriginalGARCH-expanding_quarterly,validation
2022-03-10,2022-03-11,0.7249480262949388,0.8824320691398322,Refit-OriginalGARCH-expanding_quarterly,validation
2022-03-11,2022-03-14,1.940974298078772,0.8954002206354355,Refit-OriginalGARCH-expanding_quarterly,validation
2022-03-14,2022-03-15,0.2004736979473137,1.067947541216485,Refit-OriginalGARCH-expanding_quarterly,validation
2022-03-15,2022-03-16,0.2048465635146144,0.9666303850648055,Refit-OriginalGARCH-expanding_quarterly,validation
2022-03-16,2022-03-17,0.0189446795575115,0.8823876715987604,Refit-OriginalGARCH-expanding_quarterly,validation
2022-03-17,2022-03-18,0.2804915592052127,0.7925062572446528,Refit-OriginalGARCH-expanding_quarterly,validation
2022-03-18,2022-03-21,3.042510301896478,0.745349778520513,Refit-OriginalGARCH-expanding_quarterly,validation
2022-03-21,2022-03-22,0.3468240297098041,1.0406570986339365,Refit-OriginalGARCH-expanding_quarterly,validation
2022-03-22,2022-03-23,0.0091785148718354,0.9605217811655465,Refit-OriginalGARCH-expanding_quarterly,validation
2022-03-23,2022-03-24,0.0739545064300968,0.8597169168228068,Refit-OriginalGARCH-expanding_quarterly,validation
2022-03-24,2022-03-25,0.0002565538581837,0.7859851012744491,Refit-OriginalGARCH-expanding_quarterly,validation
2022-03-25,2022-03-28,1.0559980128443454,0.7111268229330524,Refit-OriginalGARCH-expanding_quarterly,validation
2022-03-28,2022-03-29,0.9569197018395468,0.796537431660609,Refit-OriginalGARCH-expanding_quarterly,validation
2022-03-29,2022-03-30,0.2354496444813368,0.82869044022365,Refit-OriginalGARCH-expanding_quarterly,validation
2022-03-30,2022-03-31,0.0120931732563713,0.7833925888175473,Refit-OriginalGARCH-expanding_quarterly,validation
2022-03-31,2022-04-01,2.607401303697469,0.7092123299095845,Refit-OriginalGARCH-expanding_quarterly,validation
2022-04-01,2022-04-04,0.2950865363946971,0.9550015742171936,Refit-OriginalGARCH-expanding_quarterly,validation
2022-04-04,2022-04-05,0.09410156815978,0.8840742513761385,Refit-OriginalGARCH-expanding_quarterly,validation
2022-04-05,2022-04-06,0.0355827999144168,0.8102964777988736,Refit-OriginalGARCH-expanding_quarterly,validation
2022-04-06,2022-04-07,1.845756746133211,0.7348388045015544,Refit-OriginalGARCH-expanding_quarterly,validation
2022-04-07,2022-04-08,1.8599564295348143,0.9177115530581487,Refit-OriginalGARCH-expanding_quarterly,validation
2022-04-08,2022-04-12,3.317796568560508,1.0728279058488444,Refit-OriginalGARCH-expanding_quarterly,validation
2022-04-12,2022-04-13,2.2412176347286983,1.39102278211827,Refit-OriginalGARCH-expanding_quarterly,validation
2022-04-13,2022-04-14,0.1186709675031117,1.4808354210440822,Refit-OriginalGARCH-expanding_quarterly,validation
2022-04-14,2022-04-15,0.8563450026802516,1.3140217231003009,Refit-OriginalGARCH-expanding_quarterly,validation
2022-04-15,2022-04-18,3.225139156963737,1.273873298202387,Refit-OriginalGARCH-expanding_quarterly,validation
2022-04-18,2022-04-19,3.3937657292333743,1.5476113582770197,Refit-OriginalGARCH-expanding_quarterly,validation
2022-04-19,2022-04-20,2.4245124341762705,1.798726668415481,Refit-OriginalGARCH-expanding_quarterly,validation
2022-04-20,2022-04-21,1.109638997468357,1.884325344433508,Refit-OriginalGARCH-expanding_quarterly,validation
2022-04-21,2022-04-22,0.4305144066915168,1.7851831119778918,Refit-OriginalGARCH-expanding_quarterly,validation
2022-04-22,2022-04-25,25.802530842890924,1.5953908326624493,Refit-OriginalGARCH-expanding_quarterly,validation
2022-04-25,2022-04-26,5.262405488369011,4.683099745427677,Refit-OriginalGARCH-expanding_quarterly,validation
2022-04-26,2022-04-27,0.8508547277394044,4.607860024970403,Refit-OriginalGARCH-expanding_quarterly,validation
2022-04-27,2022-04-28,0.0422563925888465,4.010395505941188,Refit-OriginalGARCH-expanding_quarterly,validation
2022-04-28,2022-04-29,1.3536355027087716,3.4228322208164967,Refit-OriginalGARCH-expanding_quarterly,validation
2022-04-29,2022-05-04,1.7811317821270536,3.0769990513842416,Refit-OriginalGARCH-expanding_quarterly,validation
2022-05-04,2022-05-05,0.7846838850035229,2.8723905183454703,Refit-OriginalGARCH-expanding_quarterly,validation
2022-05-05,2022-05-06,5.457913784856381,2.548009690943478,Refit-OriginalGARCH-expanding_quarterly,validation
2022-05-06,2022-05-09,21.07246376843707,2.9016958357586526,Refit-OriginalGARCH-expanding_quarterly,validation
2022-05-09,2022-05-10,3.4895974437640893,5.180058323951403,Refit-OriginalGARCH-expanding_quarterly,validation
2022-05-10,2022-05-11,0.3772893243323654,4.808037246137869,Refit-OriginalGARCH-expanding_quarterly,validation
2022-05-11,2022-05-12,24.369069377939013,4.122853627360177,Refit-OriginalGARCH-expanding_quarterly,validation
2022-05-12,2022-05-13,21.45200829300172,6.620343838310634,Refit-OriginalGARCH-expanding_quarterly,validation
2022-05-13,2022-05-16,0.8445825050431754,8.34482321173534,Refit-OriginalGARCH-expanding_quarterly,validation
2022-05-16,2022-05-17,22.10791922900586,7.165146857160111,Refit-OriginalGARCH-expanding_quarterly,validation
2022-05-17,2022-05-18,1.0072145297005026,8.76478001963169,Refit-OriginalGARCH-expanding_quarterly,validation
2022-05-18,2022-05-19,0.0050266870380628,7.513020950346939,Refit-OriginalGARCH-expanding_quarterly,validation
2022-05-19,2022-05-20,0.0056143553761866,6.350364181016929,Refit-OriginalGARCH-expanding_quarterly,validation
2022-05-20,2022-05-23,3.1715419491716648,5.3778183967476645,Refit-OriginalGARCH-expanding_quarterly,validation
2022-05-23,2022-05-24,1.4121508187671683,4.980414315602326,Refit-OriginalGARCH-expanding_quarterly,validation
2022-05-24,2022-05-25,7.852071042943518,4.389480886574926,Refit-OriginalGARCH-expanding_quarterly,validation
2022-05-25,2022-05-26,0.0001218078083452,4.679247181788019,Refit-OriginalGARCH-expanding_quarterly,validation
2022-05-26,2022-05-27,1.747305868676365,3.9754007476374467,Refit-OriginalGARCH-expanding_quarterly,validation
2022-05-27,2022-05-30,0.4313230278725308,3.5873613691362887,Refit-OriginalGARCH-expanding_quarterly,validation
2022-05-30,2022-05-31,0.0091927379819102,3.105969551800565,Refit-OriginalGARCH-expanding_quarterly,validation
2022-05-31,2022-06-01,0.2785076944454149,2.6592616812597605,Refit-OriginalGARCH-expanding_quarterly,validation
2022-06-01,2022-06-02,0.7094839787224755,2.310613139475272,Refit-OriginalGARCH-expanding_quarterly,validation
2022-06-02,2022-06-03,0.0024678908753368,2.0897328847081473,Refit-OriginalGARCH-expanding_quarterly,validation
2022-06-03,2022-06-06,0.0248021762794326,1.806079865988596,Refit-OriginalGARCH-expanding_quarterly,validation
2022-06-06,2022-06-07,0.0107788521263349,1.5684965577774004,Refit-OriginalGARCH-expanding_quarterly,validation
2022-06-07,2022-06-08,1.62365203625605,1.3682958552517812,Refit-OriginalGARCH-expanding_quarterly,validation
2022-06-08,2022-06-09,7.074018263381634e-05,1.3873690782408539,Refit-OriginalGARCH-expanding_quarterly,validation
2022-06-09,2022-06-10,3.350301019629325,1.21657290641654,Refit-OriginalGARCH-expanding_quarterly,validation
2022-06-10,2022-06-13,20.64588542406384,1.5156810795232318,Refit-OriginalGARCH-expanding_quarterly,validation
2022-06-13,2022-06-14,0.0708307718816595,3.9644225862282756,Refit-OriginalGARCH-expanding_quarterly,validation
2022-06-14,2022-06-15,1.796441565238617,3.381874968920518,Refit-OriginalGARCH-expanding_quarterly,validation
2022-06-15,2022-06-16,3.432463040017097,3.1299084500610723,Refit-OriginalGARCH-expanding_quarterly,validation
2022-06-16,2022-06-17,2.4820888579092317,3.082764127570675,Refit-OriginalGARCH-expanding_quarterly,validation
2022-06-17,2022-06-20,9.47527051181594,2.967970109787344,Refit-OriginalGARCH-expanding_quarterly,validation
2022-06-20,2022-06-21,0.4543743324349223,3.7656584542819305,Refit-OriginalGARCH-expanding_quarterly,validation
2022-06-21,2022-06-22,0.0746935567234301,3.275218871119279,Refit-OriginalGARCH-expanding_quarterly,validation
2022-06-22,2022-06-23,2.766255864563167,2.8115673194524273,Refit-OriginalGARCH-expanding_quarterly,validation
2022-06-23,2022-06-24,0.0820210424345146,2.735021467997126,Refit-OriginalGARCH-expanding_quarterly,validation
2022-06-24,2022-06-27,2.1086071885158946,2.3598870820885702,Refit-OriginalGARCH-expanding_quarterly,validation
2022-06-27,2022-06-28,1.593519408496492,2.2768669584897134,Refit-OriginalGARCH-expanding_quarterly,validation
2022-06-28,2022-06-29,6.739655204912147e-07,2.145264508278172,Refit-OriginalGARCH-expanding_quarterly,validation
2022-06-29,2022-06-30,2.8779439800812714,1.8516933265129616,Refit-OriginalGARCH-expanding_quarterly,validation
2022-06-30,2022-07-01,0.0117704187689308,1.98721218114728,Refit-OriginalGARCH-expanding_quarterly,validation
2022-07-01,2022-07-04,0.0792348201052211,1.760450753834581,Refit-OriginalGARCH-expanding_quarterly,validation
2022-07-04,2022-07-05,1.4358126528100246,1.544446176987355,Refit-OriginalGARCH-expanding_quarterly,validation
2022-07-05,2022-07-06,7.389865614079536,1.5463490220820408,Refit-OriginalGARCH-expanding_quarterly,validation
2022-07-06,2022-07-07,2.1222407761584665,2.322320337465291,Refit-OriginalGARCH-expanding_quarterly,validation
2022-07-07,2022-07-08,0.1707436242121409,2.254614543419904,Refit-OriginalGARCH-expanding_quarterly,validation
2022-07-08,2022-07-11,1.896510687995091,1.9628359716016808,Refit-OriginalGARCH-expanding_quarterly,validation
2022-07-11,2022-07-12,2.8101659729648394,1.9586413525953814,Refit-OriginalGARCH-expanding_quarterly,validation
2022-07-12,2022-07-13,0.0058732050643028,2.0335897193152497,Refit-OriginalGARCH-expanding_quarterly,validation
2022-07-13,2022-07-14,0.4904420356514064,1.7621709318348444,Refit-OriginalGARCH-expanding_quarterly,validation
2022-07-14,2022-07-15,0.0611617161101388,1.5860291253876033,Refit-OriginalGARCH-expanding_quarterly,validation
2022-07-15,2022-07-18,0.0549065100896944,1.3951454000358408,Refit-OriginalGARCH-expanding_quarterly,validation
2022-07-18,2022-07-19,0.0244219525267298,1.2337697019730929,Refit-OriginalGARCH-expanding_quarterly,validation
2022-07-19,2022-07-20,1.7763769532234184,1.0894815997053713,Refit-OriginalGARCH-expanding_quarterly,validation
2022-07-20,2022-07-21,0.1310065184317032,1.1761375640225438,Refit-OriginalGARCH-expanding_quarterly,validation
2022-07-21,2022-07-22,0.0961257253308801,1.052049282079904,Refit-OriginalGARCH-expanding_quarterly,validation
2022-07-22,2022-07-25,0.2759737706228845,0.9515865685782096,Refit-OriginalGARCH-expanding_quarterly,validation
2022-07-25,2022-07-26,0.0835304358694094,0.8926260036452087,Refit-OriginalGARCH-expanding_quarterly,validation
2022-07-26,2022-07-27,0.2525093111697122,0.8157474389074085,Refit-OriginalGARCH-expanding_quarterly,validation
2022-07-27,2022-07-28,2.02736513860254,0.7628663864553249,Refit-OriginalGARCH-expanding_quarterly,validation
2022-07-28,2022-07-29,0.0219851675662213,0.9323822901062779,Refit-OriginalGARCH-expanding_quarterly,validation
2022-07-29,2022-08-01,4.214166749504341,0.8396198338543487,Refit-OriginalGARCH-expanding_quarterly,validation
2022-08-01,2022-08-02,0.6898714562213188,1.266720597355639,Refit-OriginalGARCH-expanding_quarterly,validation
2022-08-02,2022-08-03,0.4270040010021521,1.193356047710989,Refit-OriginalGARCH-expanding_quarterly,validation
2022-08-03,2022-08-04,0.1229567831793093,1.100509881681162,Refit-OriginalGARCH-expanding_quarterly,validation
2022-08-04,2022-08-05,0.0126539977340546,0.9876073381182717,Refit-OriginalGARCH-expanding_quarterly,validation
2022-08-05,2022-08-08,0.1021359274837244,0.8844083189527047,Refit-OriginalGARCH-expanding_quarterly,validation
2022-08-08,2022-08-09,0.0278750471367201,0.8037302420183424,Refit-OriginalGARCH-expanding_quarterly,validation
2022-08-09,2022-08-10,0.0349139608846283,0.7283753855504325,Refit-OriginalGARCH-expanding_quarterly,validation
2022-08-10,2022-08-11,0.1247429178058028,0.6702831882462363,Refit-OriginalGARCH-expanding_quarterly,validation
2022-08-11,2022-08-12,0.6660254086755314,0.6349050488645711,Refit-OriginalGARCH-expanding_quarterly,validation
2022-08-12,2022-08-15,0.8759670360790162,0.659517445644233,Refit-OriginalGARCH-expanding_quarterly,validation
2022-08-15,2022-08-16,0.0014782571055336,0.7053774114005829,Refit-OriginalGARCH-expanding_quarterly,validation
2022-08-16,2022-08-17,0.0021413807191485,0.64394526694859,Refit-OriginalGARCH-expanding_quarterly,validation
2022-08-17,2022-08-18,0.0161573789935176,0.5923045936780176,Refit-OriginalGARCH-expanding_quarterly,validation
2022-08-18,2022-08-19,0.124159183844011,0.5528125705626068,Refit-OriginalGARCH-expanding_quarterly,validation
2022-08-19,2022-08-22,0.4785997007311449,0.5360962638283544,Refit-OriginalGARCH-expanding_quarterly,validation
2022-08-22,2022-08-23,0.6726558406784502,0.5712019834402612,Refit-OriginalGARCH-expanding_quarterly,validation
2022-08-23,2022-08-24,0.2484394846076955,0.6067719833238105,Refit-OriginalGARCH-expanding_quarterly,validation
2022-08-24,2022-08-25,0.8344386477124279,0.5867728120821989,Refit-OriginalGARCH-expanding_quarterly,validation
2022-08-25,2022-08-26,0.2408597797174897,0.6392462231351708,Refit-OriginalGARCH-expanding_quarterly,validation
2022-08-26,2022-08-29,0.8499464536320859,0.6252481741231568,Refit-OriginalGARCH-expanding_quarterly,validation
2022-08-29,2022-08-30,0.4538418356510164,0.6960848108915705,Refit-OriginalGARCH-expanding_quarterly,validation
2022-08-30,2022-08-31,0.0076568491567018,0.6857517479421893,Refit-OriginalGARCH-expanding_quarterly,validation
2022-08-31,2022-09-05,0.061049351862573,0.6276333976529076,Refit-OriginalGARCH-expanding_quarterly,validation
2022-09-05,2022-09-06,1.532156699315195e-05,0.5896743805219185,Refit-OriginalGARCH-expanding_quarterly,validation
2022-09-06,2022-09-07,7.377847328826583,0.5469445650362429,Refit-OriginalGARCH-expanding_quarterly,validation
2022-09-07,2022-09-08,0.478523332029774,1.4808493043073256,Refit-OriginalGARCH-expanding_quarterly,validation
2022-09-08,2022-09-09,1.3041739898741895,1.3651800067444297,Refit-OriginalGARCH-expanding_quarterly,validation
2022-09-09,2022-09-12,0.004521626169754,1.3502488859020474,Refit-OriginalGARCH-expanding_quarterly,validation
2022-09-12,2022-09-13,0.0095408682654198,1.1859402319520305,Refit-OriginalGARCH-expanding_quarterly,validation
2022-09-13,2022-09-14,0.3758397161006742,1.050514052651884,Refit-OriginalGARCH-expanding_quarterly,validation
2022-09-14,2022-09-15,0.1547128388602677,0.989518932555615,Refit-OriginalGARCH-expanding_quarterly,validation
2022-09-15,2022-09-16,0.6392848421140832,0.8978349532715465,Refit-OriginalGARCH-expanding_quarterly,validation
2022-09-16,2022-09-19,6.167092365627429,0.896931589830923,Refit-OriginalGARCH-expanding_quarterly,validation
2022-09-19,2022-09-20,1.2403443891166936,1.618453145996487,Refit-OriginalGARCH-expanding_quarterly,validation
2022-09-20,2022-09-21,0.4759099851621189,1.5553504088894852,Refit-OriginalGARCH-expanding_quarterly,validation
2022-09-21,2022-09-22,0.1171234903128616,1.4274372314396926,Refit-OriginalGARCH-expanding_quarterly,validation
2022-09-22,2022-09-23,0.8922637492009945,1.261726275865814,Refit-OriginalGARCH-expanding_quarterly,validation
2022-09-23,2022-09-26,5.922583365191483,1.236642501287686,Refit-OriginalGARCH-expanding_quarterly,validation
2022-09-26,2022-09-27,0.4452493243663706,1.872308230933883,Refit-OriginalGARCH-expanding_quarterly,validation
2022-09-27,2022-09-28,3.9376181571955216,1.6896456685741323,Refit-OriginalGARCH-expanding_quarterly,validation
2022-09-28,2022-09-29,2.391654578614972,1.9955661565037954,Refit-OriginalGARCH-expanding_quarterly,validation
2022-09-29,2022-09-30,0.2861665228807753,2.0510730481755433,Refit-OriginalGARCH-expanding_quarterly,validation
2022-09-30,2022-10-03,16.955331578512116,1.8049310431207222,Refit-OriginalGARCH-expanding_quarterly,validation
2022-10-03,2022-10-04,0.5881297526576773,3.740636391844041,Refit-OriginalGARCH-expanding_quarterly,validation
2022-10-04,2022-10-05,5.7303230555022,3.2765335777240088,Refit-OriginalGARCH-expanding_quarterly,validation
2022-10-05,2022-10-06,7.453651936358921,3.495629661953881,Refit-OriginalGARCH-expanding_quarterly,validation
2022-10-06,2022-10-07,13.391049366085785,3.957931270082837,Refit-OriginalGARCH-expanding_quarterly,validation
2022-10-07,2022-10-10,0.3997049579355222,5.103889455038205,Refit-OriginalGARCH-expanding_quarterly,validation
2022-10-10,2022-10-11,12.54691927074426,4.380340329103724,Refit-OriginalGARCH-expanding_quarterly,validation
2022-10-11,2022-10-12,7.860720182392412,5.350895359984104,Refit-OriginalGARCH-expanding_quarterly,validation
2022-10-12,2022-10-13,2.4070722291092697,5.4998820048228705,Refit-OriginalGARCH-expanding_quarterly,validation
2022-10-13,2022-10-14,1.0568030806874944,4.954137583246838,Refit-OriginalGARCH-expanding_quarterly,validation
2022-10-14,2022-10-17,0.9445652838308308,4.332512992032275,Refit-OriginalGARCH-expanding_quarterly,validation
2022-10-17,2022-10-18,1.304619909377935,3.8206588987092682,Refit-OriginalGARCH-expanding_quarterly,validation
2022-10-18,2022-10-19,0.1143012847418557,3.4108431103832837,Refit-OriginalGARCH-expanding_quarterly,validation
2022-10-19,2022-10-20,0.0233897216248987,2.934948689859548,Refit-OriginalGARCH-expanding_quarterly,validation
2022-10-20,2022-10-21,13.823102148731785,2.5218131004285773,Refit-OriginalGARCH-expanding_quarterly,validation
2022-10-21,2022-10-24,11.27142788246664,3.9534275800265206,Refit-OriginalGARCH-expanding_quarterly,validation
2022-10-24,2022-10-25,0.2552819963060921,4.829901382804433,Refit-OriginalGARCH-expanding_quarterly,validation
2022-10-25,2022-10-26,0.2322552175172126,4.145873542019641,Refit-OriginalGARCH-expanding_quarterly,validation
2022-10-26,2022-10-27,17.476545289293156,3.5569138119501384,Refit-OriginalGARCH-expanding_quarterly,validation
2022-10-27,2022-10-28,0.0040004302898497,5.1867424482956235,Refit-OriginalGARCH-expanding_quarterly,validation
2022-10-28,2022-10-31,0.003185411598369,4.408491551580879,Refit-OriginalGARCH-expanding_quarterly,validation
2022-10-31,2022-11-01,0.3176638729946111,3.75367108956942,Refit-OriginalGARCH-expanding_quarterly,validation
2022-11-01,2022-11-02,1.0542708806933592,3.237450455146092,Refit-OriginalGARCH-expanding_quarterly,validation
2022-11-02,2022-11-03,0.1094857130367321,2.9159012547416454,Refit-OriginalGARCH-expanding_quarterly,validation
2022-11-03,2022-11-04,5.049190747098641,2.5187933621013254,Refit-OriginalGARCH-expanding_quarterly,validation
2022-11-04,2022-11-07,4.95903292212355,2.82974898366694,Refit-OriginalGARCH-expanding_quarterly,validation
2022-11-07,2022-11-08,0.4359307936718208,3.07918960050125,Refit-OriginalGARCH-expanding_quarterly,validation
2022-11-08,2022-11-09,0.1604496978685764,2.684989564292333,Refit-OriginalGARCH-expanding_quarterly,validation
2022-11-09,2022-11-10,15.751336654060546,2.3225700594571492,Refit-OriginalGARCH-expanding_quarterly,validation
2022-11-10,2022-11-11,0.5877644540297541,4.031700883351354,Refit-OriginalGARCH-expanding_quarterly,validation
2022-11-11,2022-11-14,2.025904181968848,3.5023595221280917,Refit-OriginalGARCH-expanding_quarterly,validation
2022-11-14,2022-11-15,9.894366349346946,3.2652392351157196,Refit-OriginalGARCH-expanding_quarterly,validation
2022-11-15,2022-11-16,11.17558049000805,4.076490456910973,Refit-OriginalGARCH-expanding_quarterly,validation
2022-11-16,2022-11-17,7.602516501605635,4.84052553442567,Refit-OriginalGARCH-expanding_quarterly,validation
2022-11-17,2022-11-18,5.215358122437767e-05,5.039554301311581,Refit-OriginalGARCH-expanding_quarterly,validation
2022-11-18,2022-11-21,0.8090953049399706,4.283594668714457,Refit-OriginalGARCH-expanding_quarterly,validation
2022-11-21,2022-11-22,0.7954965643291928,3.761687639657357,Refit-OriginalGARCH-expanding_quarterly,validation
2022-11-22,2022-11-23,0.4158325821141256,3.3217879275140443,Refit-OriginalGARCH-expanding_quarterly,validation
2022-11-23,2022-11-24,0.0326156098281846,2.9018072804518233,Refit-OriginalGARCH-expanding_quarterly,validation
2022-11-24,2022-11-25,6.126390414606435,2.4911405507553894,Refit-OriginalGARCH-expanding_quarterly,validation
2022-11-25,2022-11-28,11.99171626886051,2.885188972229883,Refit-OriginalGARCH-expanding_quarterly,validation
2022-11-28,2022-11-29,6.749510839154126,3.9417234910265826,Refit-OriginalGARCH-expanding_quarterly,validation
2022-11-29,2022-11-30,2.4431488019656613,4.179722693922709,Refit-OriginalGARCH-expanding_quarterly,validation
2022-11-30,2022-12-01,1.3565007887137526,3.8503699118487438,Refit-OriginalGARCH-expanding_quarterly,validation
2022-12-01,2022-12-02,17.084105039989844,3.4700660493694047,Refit-OriginalGARCH-expanding_quarterly,validation
2022-12-02,2022-12-05,1.5797254157342264,5.065053894444242,Refit-OriginalGARCH-expanding_quarterly,validation
2022-12-05,2022-12-06,17.637687522394646,4.488629254096844,Refit-OriginalGARCH-expanding_quarterly,validation
2022-12-06,2022-12-07,0.5388682275570345,6.089944174909766,Refit-OriginalGARCH-expanding_quarterly,validation
2022-12-07,2022-12-08,0.8269714352452323,5.24199447430469,Refit-OriginalGARCH-expanding_quarterly,validation
2022-12-08,2022-12-09,0.0148277116225318,4.546668062454889,Refit-OriginalGARCH-expanding_quarterly,validation
2022-12-09,2022-12-12,3.589507425464579,3.8703370248975966,Refit-OriginalGARCH-expanding_quarterly,validation
2022-12-12,2022-12-13,2.1880754664799307,3.7764421344629913,Refit-OriginalGARCH-expanding_quarterly,validation
2022-12-13,2022-12-14,0.0807108309118899,3.480778711624321,Refit-OriginalGARCH-expanding_quarterly,validation
2022-12-14,2022-12-15,0.2157077020057238,2.9819428576542197,Refit-OriginalGARCH-expanding_quarterly,validation
2022-12-15,2022-12-16,0.072617015649584,2.5780187986598224,Refit-OriginalGARCH-expanding_quarterly,validation
2022-12-16,2022-12-19,1.813928705292506,2.229793053071209,Refit-OriginalGARCH-expanding_quarterly,validation
2022-12-19,2022-12-20,2.1946973166474533,2.1694443813254582,Refit-OriginalGARCH-expanding_quarterly,validation
2022-12-20,2022-12-21,0.1732700004356016,2.168293679464949,Refit-OriginalGARCH-expanding_quarterly,validation
2022-12-21,2022-12-22,0.1335316168500294,1.9002871679670172,Refit-OriginalGARCH-expanding_quarterly,validation
2022-12-22,2022-12-23,0.0493851739530653,1.6609142947593607,Refit-OriginalGARCH-expanding_quarterly,validation
2022-12-23,2022-12-26,12.275470581243656,1.4564688044213094,Refit-OriginalGARCH-expanding_quarterly,validation
2022-12-26,2022-12-27,3.78693616836278,2.8619429561904157,Refit-OriginalGARCH-expanding_quarterly,validation
2022-12-27,2022-12-28,1.2053971949970186,2.9085944854593135,Refit-OriginalGARCH-expanding_quarterly,validation
2022-12-28,2022-12-29,0.3958340163318585,2.633294161637319,Refit-OriginalGARCH-expanding_quarterly,validation
2022-12-29,2022-12-30,0.047616879962563,2.32116925877592,Refit-OriginalGARCH-expanding_quarterly,validation
