date,target_date,actual_var,pred_var,model,split
2023-02-06,2023-02-07,4.736232587067869,1.2618528151149773,Calibrated-LSTM-LogTarget-scale_mean,test
2023-02-07,2023-02-08,0.3561755878073738,2.0338897570070236,Calibrated-LSTM-LogTarget-scale_mean,test
2023-02-08,2023-02-09,0.5879330834697908,1.5625561465572446,Calibrated-LSTM-LogTarget-scale_mean,test
2023-02-09,2023-02-10,0.6787287097613596,1.5422180863623964,Calibrated-LSTM-LogTarget-scale_mean,test
2023-02-10,2023-02-13,1.2216869517708149,1.5942134443522966,Calibrated-LSTM-LogTarget-scale_mean,test
2023-02-13,2023-02-14,0.2361888824871934,1.6829089057641529,Calibrated-LSTM-LogTarget-scale_mean,test
2023-02-14,2023-02-15,0.8394668425834446,1.4487665143212662,Calibrated-LSTM-LogTarget-scale_mean,test
2023-02-15,2023-02-16,0.9177621933014196,1.3068896487127357,Calibrated-LSTM-LogTarget-scale_mean,test
2023-02-16,2023-02-17,0.0092805250097098,1.1191326203126521,Calibrated-LSTM-LogTarget-scale_mean,test
2023-02-17,2023-02-20,6.512002780573765,1.0962884885808644,Calibrated-LSTM-LogTarget-scale_mean,test
2023-02-20,2023-02-21,0.1691390418565458,1.199556456244721,Calibrated-LSTM-LogTarget-scale_mean,test
2023-02-21,2023-02-22,6.846416409130559,1.1843206207961745,Calibrated-LSTM-LogTarget-scale_mean,test
2023-02-22,2023-02-23,0.0034604047962046,1.9899213170764605,Calibrated-LSTM-LogTarget-scale_mean,test
2023-02-23,2023-02-24,1.8150207850841689,1.597790107589005,Calibrated-LSTM-LogTarget-scale_mean,test
2023-02-24,2023-02-27,3.1577928002505518,1.7309329121104622,Calibrated-LSTM-LogTarget-scale_mean,test
2023-02-27,2023-02-28,0.1124261928232939,2.0553565474490214,Calibrated-LSTM-LogTarget-scale_mean,test
2023-02-28,2023-03-01,2.362077222441523,1.6214593128845596,Calibrated-LSTM-LogTarget-scale_mean,test
2023-03-01,2023-03-02,0.0800566234507277,1.4397490227470064,Calibrated-LSTM-LogTarget-scale_mean,test
2023-03-02,2023-03-03,1.5504718457013609,1.2971732816070352,Calibrated-LSTM-LogTarget-scale_mean,test
2023-03-03,2023-03-06,0.0551773612932756,1.5093536763341844,Calibrated-LSTM-LogTarget-scale_mean,test
2023-03-06,2023-03-07,1.0659420423683896,1.3328184175542896,Calibrated-LSTM-LogTarget-scale_mean,test
2023-03-07,2023-03-08,1.180976964777076,1.183510795330903,Calibrated-LSTM-LogTarget-scale_mean,test
2023-03-08,2023-03-09,0.4136971055728827,1.0842536076592835,Calibrated-LSTM-LogTarget-scale_mean,test
2023-03-09,2023-03-10,0.078265798957639,1.064287997892152,Calibrated-LSTM-LogTarget-scale_mean,test
2023-03-10,2023-03-13,0.0003608159625681,1.019761504907566,Calibrated-LSTM-LogTarget-scale_mean,test
2023-03-13,2023-03-14,1.4659340258862177,1.0543867359498895,Calibrated-LSTM-LogTarget-scale_mean,test
2023-03-14,2023-03-15,4.404587524685249,1.1785947518072033,Calibrated-LSTM-LogTarget-scale_mean,test
2023-03-15,2023-03-16,1.966140070411206,1.1188122129392777,Calibrated-LSTM-LogTarget-scale_mean,test
2023-03-16,2023-03-17,0.0466583815583474,1.2722006011808855,Calibrated-LSTM-LogTarget-scale_mean,test
2023-03-17,2023-03-20,4.542701346022625,1.2599659474505622,Calibrated-LSTM-LogTarget-scale_mean,test
2023-03-20,2023-03-21,0.8241032078763476,1.8732471931347594,Calibrated-LSTM-LogTarget-scale_mean,test
2023-03-21,2023-03-22,0.6122377400151076,1.5520340674919129,Calibrated-LSTM-LogTarget-scale_mean,test
2023-03-22,2023-03-23,0.1912107767600162,1.358275493651019,Calibrated-LSTM-LogTarget-scale_mean,test
2023-03-23,2023-03-24,0.0261069358389794,1.2197875379042904,Calibrated-LSTM-LogTarget-scale_mean,test
2023-03-24,2023-03-27,0.2706486133246383,1.222661894499256,Calibrated-LSTM-LogTarget-scale_mean,test
2023-03-27,2023-03-28,0.0375129464792075,1.1009966646544047,Calibrated-LSTM-LogTarget-scale_mean,test
2023-03-28,2023-03-29,0.0373680554186715,1.081282924412571,Calibrated-LSTM-LogTarget-scale_mean,test
2023-03-29,2023-03-30,0.0864260143113033,0.9749334008284909,Calibrated-LSTM-LogTarget-scale_mean,test
2023-03-30,2023-03-31,0.2397323675517269,1.0361737476381718,Calibrated-LSTM-LogTarget-scale_mean,test
2023-03-31,2023-04-03,1.8652562093058924,1.0231535716237852,Calibrated-LSTM-LogTarget-scale_mean,test
2023-04-03,2023-04-04,0.0059186412860023,1.1361497350552292,Calibrated-LSTM-LogTarget-scale_mean,test
2023-04-04,2023-04-05,0.0498269661847383,1.1500933264972764,Calibrated-LSTM-LogTarget-scale_mean,test
2023-04-05,2023-04-06,0.8553042836437406,1.113684876511955,Calibrated-LSTM-LogTarget-scale_mean,test
2023-04-06,2023-04-07,0.0125702355791553,1.349544341368685,Calibrated-LSTM-LogTarget-scale_mean,test
2023-04-07,2023-04-10,0.1668068990512428,1.1284066125173005,Calibrated-LSTM-LogTarget-scale_mean,test
2023-04-10,2023-04-11,0.1482607699784405,1.2523043713065987,Calibrated-LSTM-LogTarget-scale_mean,test
2023-04-11,2023-04-12,8.743291732272662e-07,1.128474276374098,Calibrated-LSTM-LogTarget-scale_mean,test
2023-04-12,2023-04-13,0.2330177840007939,1.141935090389216,Calibrated-LSTM-LogTarget-scale_mean,test
2023-04-13,2023-04-14,1.1617696349612645,1.131954672480493,Calibrated-LSTM-LogTarget-scale_mean,test
2023-04-14,2023-04-17,0.0076283447272982,1.277963276731626,Calibrated-LSTM-LogTarget-scale_mean,test
2023-04-17,2023-04-18,0.0131688449679895,1.1073068890489237,Calibrated-LSTM-LogTarget-scale_mean,test
2023-04-18,2023-04-19,0.3296437026732272,1.1159886782381434,Calibrated-LSTM-LogTarget-scale_mean,test
2023-04-19,2023-04-20,0.0006623405434785,1.112448888676198,Calibrated-LSTM-LogTarget-scale_mean,test
2023-04-20,2023-04-21,0.3673257523211698,1.0569946857539112,Calibrated-LSTM-LogTarget-scale_mean,test
2023-04-21,2023-04-24,0.0221215519921837,1.1236251573006468,Calibrated-LSTM-LogTarget-scale_mean,test
2023-04-24,2023-04-25,0.3932622485353985,1.073582593859637,Calibrated-LSTM-LogTarget-scale_mean,test
2023-04-25,2023-04-26,0.328691182889417,1.0900932932357663,Calibrated-LSTM-LogTarget-scale_mean,test
2023-04-26,2023-04-27,0.0126510214171176,1.009689460997825,Calibrated-LSTM-LogTarget-scale_mean,test
2023-04-27,2023-04-28,0.8257060505705139,1.0282029614686268,Calibrated-LSTM-LogTarget-scale_mean,test
2023-04-28,2023-05-04,0.663351259487948,1.0226216793293335,Calibrated-LSTM-LogTarget-scale_mean,test
2023-05-04,2023-05-05,0.0008313650023289,1.0773085571015646,Calibrated-LSTM-LogTarget-scale_mean,test
2023-05-05,2023-05-08,1.5730813455266768,1.033595853578123,Calibrated-LSTM-LogTarget-scale_mean,test
2023-05-08,2023-05-09,0.0009810073041391,1.0508966339140615,Calibrated-LSTM-LogTarget-scale_mean,test
2023-05-09,2023-05-10,0.1807814295588449,1.013695409757544,Calibrated-LSTM-LogTarget-scale_mean,test
2023-05-10,2023-05-11,0.0116169732719969,1.0701641714301395,Calibrated-LSTM-LogTarget-scale_mean,test
2023-05-11,2023-05-12,0.8480601097426534,1.1016213247067153,Calibrated-LSTM-LogTarget-scale_mean,test
2023-05-12,2023-05-15,0.0124546383596074,1.0837900758694952,Calibrated-LSTM-LogTarget-scale_mean,test
2023-05-15,2023-05-16,0.0003521278803455,1.1605497553430064,Calibrated-LSTM-LogTarget-scale_mean,test
2023-05-16,2023-05-17,0.2647079940558091,1.0810236107729094,Calibrated-LSTM-LogTarget-scale_mean,test
2023-05-17,2023-05-18,0.5467189046851431,1.1823633393286987,Calibrated-LSTM-LogTarget-scale_mean,test
2023-05-18,2023-05-19,0.0134881726921275,1.0742153904846015,Calibrated-LSTM-LogTarget-scale_mean,test
2023-05-19,2023-05-22,0.1115577260954784,1.1283415083818904,Calibrated-LSTM-LogTarget-scale_mean,test
2023-05-22,2023-05-23,0.2010623455676166,1.101091693057679,Calibrated-LSTM-LogTarget-scale_mean,test
2023-05-23,2023-05-24,0.1456521231551851,1.1452243457355682,Calibrated-LSTM-LogTarget-scale_mean,test
2023-05-24,2023-05-25,0.0713508401309495,1.1701389235991,Calibrated-LSTM-LogTarget-scale_mean,test
2023-05-25,2023-05-26,0.006683379548905,1.1260691214097154,Calibrated-LSTM-LogTarget-scale_mean,test
2023-05-26,2023-05-29,1.1008741895280585,1.1173346184827493,Calibrated-LSTM-LogTarget-scale_mean,test
2023-05-29,2023-05-30,0.0813274524532,1.148655616531406,Calibrated-LSTM-LogTarget-scale_mean,test
2023-05-30,2023-05-31,0.0715597269351419,1.1989314306579713,Calibrated-LSTM-LogTarget-scale_mean,test
2023-05-31,2023-06-01,0.0894248931377806,1.2588714676283794,Calibrated-LSTM-LogTarget-scale_mean,test
2023-06-01,2023-06-02,1.3176407801372392,1.2289087248285329,Calibrated-LSTM-LogTarget-scale_mean,test
2023-06-02,2023-06-05,0.4068339428608296,1.325907292937702,Calibrated-LSTM-LogTarget-scale_mean,test
2023-06-05,2023-06-06,0.9043890866960916,1.2981394921814224,Calibrated-LSTM-LogTarget-scale_mean,test
2023-06-06,2023-06-07,0.0123028566285396,1.2258701772139264,Calibrated-LSTM-LogTarget-scale_mean,test
2023-06-07,2023-06-08,0.5529490855904797,1.3334210431788747,Calibrated-LSTM-LogTarget-scale_mean,test
2023-06-08,2023-06-09,0.3161644467066298,1.5757933841975238,Calibrated-LSTM-LogTarget-scale_mean,test
2023-06-09,2023-06-12,0.5831574033164091,1.333267182472564,Calibrated-LSTM-LogTarget-scale_mean,test
2023-06-12,2023-06-13,0.3310759893352936,1.2445638616039114,Calibrated-LSTM-LogTarget-scale_mean,test
2023-06-13,2023-06-14,0.2025223817587841,1.3203522305812583,Calibrated-LSTM-LogTarget-scale_mean,test
2023-06-14,2023-06-15,0.0016224341258812,1.3573044884339736,Calibrated-LSTM-LogTarget-scale_mean,test
2023-06-15,2023-06-16,0.024585211583996,1.2537048623736127,Calibrated-LSTM-LogTarget-scale_mean,test
2023-06-16,2023-06-19,0.7822402072538185,1.515804923320258,Calibrated-LSTM-LogTarget-scale_mean,test
2023-06-19,2023-06-20,0.3250259985876756,1.3517709612290214,Calibrated-LSTM-LogTarget-scale_mean,test
2023-06-20,2023-06-21,0.3653445181035127,1.232068185544014,Calibrated-LSTM-LogTarget-scale_mean,test
2023-06-21,2023-06-22,0.3717252672960691,1.3269371405374362,Calibrated-LSTM-LogTarget-scale_mean,test
2023-06-22,2023-06-23,0.1309819466607628,1.3438367413640497,Calibrated-LSTM-LogTarget-scale_mean,test
2023-06-23,2023-06-26,0.0549279663710728,1.3737311522450777,Calibrated-LSTM-LogTarget-scale_mean,test
2023-06-26,2023-06-27,0.0411962958640958,1.4182840456554027,Calibrated-LSTM-LogTarget-scale_mean,test
2023-06-27,2023-06-28,0.1251516048900254,1.2430528064060846,Calibrated-LSTM-LogTarget-scale_mean,test
2023-06-28,2023-06-29,1.3110715533307906,1.272929527270271,Calibrated-LSTM-LogTarget-scale_mean,test
2023-06-29,2023-06-30,0.2153197174085333,1.4438940424486393,Calibrated-LSTM-LogTarget-scale_mean,test
2023-06-30,2023-07-03,0.2244859363593752,1.2711632277303588,Calibrated-LSTM-LogTarget-scale_mean,test
2023-07-03,2023-07-04,0.331614557206894,1.2199120152256615,Calibrated-LSTM-LogTarget-scale_mean,test
2023-07-04,2023-07-05,0.0534448088033697,1.2463998785785388,Calibrated-LSTM-LogTarget-scale_mean,test
2023-07-05,2023-07-06,0.5521828368120864,1.3182235629242982,Calibrated-LSTM-LogTarget-scale_mean,test
2023-07-06,2023-07-07,1.0955709924740076,1.465376580514396,Calibrated-LSTM-LogTarget-scale_mean,test
2023-07-07,2023-07-10,0.9169134777331625,1.3128801944154862,Calibrated-LSTM-LogTarget-scale_mean,test
2023-07-10,2023-07-11,0.057144157007868,1.3721383492414105,Calibrated-LSTM-LogTarget-scale_mean,test
2023-07-11,2023-07-12,0.0444186703613796,1.4084349235855649,Calibrated-LSTM-LogTarget-scale_mean,test
2023-07-12,2023-07-13,0.9358770339385756,1.316595922987302,Calibrated-LSTM-LogTarget-scale_mean,test
2023-07-13,2023-07-14,0.0652166185346891,1.3086291480212782,Calibrated-LSTM-LogTarget-scale_mean,test
2023-07-14,2023-07-17,0.1632239943294482,1.4487514889394848,Calibrated-LSTM-LogTarget-scale_mean,test
2023-07-17,2023-07-18,0.0066910598075562,1.3611282607855748,Calibrated-LSTM-LogTarget-scale_mean,test
2023-07-18,2023-07-19,0.0089465157105592,1.3057488045536039,Calibrated-LSTM-LogTarget-scale_mean,test
2023-07-19,2023-07-20,0.0002100775164203,1.3368678454603102,Calibrated-LSTM-LogTarget-scale_mean,test
2023-07-20,2023-07-21,1.2319670859049314,1.297975467234296,Calibrated-LSTM-LogTarget-scale_mean,test
2023-07-21,2023-07-24,0.164526463877313,1.379085754411661,Calibrated-LSTM-LogTarget-scale_mean,test
2023-07-24,2023-07-25,0.1884318549081098,1.4415923222307359,Calibrated-LSTM-LogTarget-scale_mean,test
2023-07-25,2023-07-26,0.1699312574616927,1.4135909319240212,Calibrated-LSTM-LogTarget-scale_mean,test
2023-07-26,2023-07-27,0.0856869950327944,1.3568782036666858,Calibrated-LSTM-LogTarget-scale_mean,test
2023-07-27,2023-07-28,0.7393945741890614,1.5369758022350375,Calibrated-LSTM-LogTarget-scale_mean,test
2023-07-28,2023-07-31,1.5705613280253743,1.4917211586786152,Calibrated-LSTM-LogTarget-scale_mean,test
2023-07-31,2023-08-01,0.191513989792846,1.5432608496856564,Calibrated-LSTM-LogTarget-scale_mean,test
2023-08-01,2023-08-02,0.0554319741987418,1.6793542968163009,Calibrated-LSTM-LogTarget-scale_mean,test
2023-08-02,2023-08-03,0.6081005379926719,1.4557917468871546,Calibrated-LSTM-LogTarget-scale_mean,test
2023-08-03,2023-08-04,1.5216082607669985,1.6178923468061992,Calibrated-LSTM-LogTarget-scale_mean,test
2023-08-04,2023-08-07,1.5663427455149326,1.6349713955943244,Calibrated-LSTM-LogTarget-scale_mean,test
2023-08-07,2023-08-08,0.0042545072808971,1.6333003654516622,Calibrated-LSTM-LogTarget-scale_mean,test
2023-08-08,2023-08-09,0.4429341513499315,1.6578503195144874,Calibrated-LSTM-LogTarget-scale_mean,test
2023-08-09,2023-08-10,1.18855521360565,1.6628561516183127,Calibrated-LSTM-LogTarget-scale_mean,test
2023-08-10,2023-08-11,0.8946457187409982,1.7413761656809292,Calibrated-LSTM-LogTarget-scale_mean,test
2023-08-11,2023-08-14,0.1406576061529025,1.6624498340589984,Calibrated-LSTM-LogTarget-scale_mean,test
2023-08-14,2023-08-15,0.0509990332423939,1.682270659133165,Calibrated-LSTM-LogTarget-scale_mean,test
2023-08-15,2023-08-16,0.5528693854620391,1.573997255161006,Calibrated-LSTM-LogTarget-scale_mean,test
2023-08-16,2023-08-17,0.6237080926504832,1.5502446913962957,Calibrated-LSTM-LogTarget-scale_mean,test
2023-08-17,2023-08-18,21.187467781738864,1.7663242758532665,Calibrated-LSTM-LogTarget-scale_mean,test
2023-08-18,2023-08-21,0.0225429724444894,4.068592862842571,Calibrated-LSTM-LogTarget-scale_mean,test
2023-08-21,2023-08-22,0.0038263943505654,2.5087961961043965,Calibrated-LSTM-LogTarget-scale_mean,test
2023-08-22,2023-08-23,0.4543048185096983,2.228835051395616,Calibrated-LSTM-LogTarget-scale_mean,test
2023-08-23,2023-08-24,2.030960720400387,2.0730311104105654,Calibrated-LSTM-LogTarget-scale_mean,test
2023-08-24,2023-08-25,0.2574822009117362,2.077927850626434,Calibrated-LSTM-LogTarget-scale_mean,test
2023-08-25,2023-08-28,2.3677711449578327,1.8967096659555136,Calibrated-LSTM-LogTarget-scale_mean,test
2023-08-28,2023-08-29,0.0507403600472885,1.6740599044445756,Calibrated-LSTM-LogTarget-scale_mean,test
2023-08-29,2023-08-30,0.521587233427783,1.7275375662604986,Calibrated-LSTM-LogTarget-scale_mean,test
2023-08-30,2023-08-31,0.798611626583033,1.6419965497915228,Calibrated-LSTM-LogTarget-scale_mean,test
2023-08-31,2023-09-05,0.790275250555677,1.6149984493547813,Calibrated-LSTM-LogTarget-scale_mean,test
2023-09-05,2023-09-06,0.7194907575034776,1.6302242076424414,Calibrated-LSTM-LogTarget-scale_mean,test
2023-09-06,2023-09-07,0.0359716287929884,1.6480050281690684,Calibrated-LSTM-LogTarget-scale_mean,test
2023-09-07,2023-09-08,0.0178548556372743,1.7299074834792925,Calibrated-LSTM-LogTarget-scale_mean,test
2023-09-08,2023-09-11,2.097389099277001,1.6962664479316432,Calibrated-LSTM-LogTarget-scale_mean,test
2023-09-11,2023-09-12,3.1212396050656377,2.044926485265272,Calibrated-LSTM-LogTarget-scale_mean,test
2023-09-12,2023-09-13,0.3222528903899724,1.6524745929404694,Calibrated-LSTM-LogTarget-scale_mean,test
2023-09-13,2023-09-14,1.4026151894519558,1.9255103875762871,Calibrated-LSTM-LogTarget-scale_mean,test
2023-09-14,2023-09-15,0.0839016379792105,1.9547372506436829,Calibrated-LSTM-LogTarget-scale_mean,test
2023-09-15,2023-09-18,1.6257299462595711,1.7211734605875104,Calibrated-LSTM-LogTarget-scale_mean,test
2023-09-18,2023-09-19,0.000654584074098,1.778678010283752,Calibrated-LSTM-LogTarget-scale_mean,test
2023-09-19,2023-09-20,1.4369523878233037,1.7384756702525708,Calibrated-LSTM-LogTarget-scale_mean,test
2023-09-20,2023-09-21,1.2021573804780938,1.5551986729494838,Calibrated-LSTM-LogTarget-scale_mean,test
2023-09-21,2023-09-22,2.67951003310709,1.831042037521554,Calibrated-LSTM-LogTarget-scale_mean,test
2023-09-22,2023-09-25,11.541216926620844,2.2138942820700653,Calibrated-LSTM-LogTarget-scale_mean,test
2023-09-25,2023-09-26,1.7698314100181254,3.710354567455488,Calibrated-LSTM-LogTarget-scale_mean,test
2023-09-26,2023-09-27,1.922934467977144,2.7237699052334965,Calibrated-LSTM-LogTarget-scale_mean,test
2023-09-27,2023-09-28,0.0151639632836694,2.01087118269915,Calibrated-LSTM-LogTarget-scale_mean,test
2023-09-28,2023-09-29,0.02224231577349,1.7876213655837805,Calibrated-LSTM-LogTarget-scale_mean,test
2023-09-29,2023-10-02,0.0090750098350391,1.621460472643089,Calibrated-LSTM-LogTarget-scale_mean,test
2023-10-02,2023-10-03,10.683716279206385,1.405678715267389,Calibrated-LSTM-LogTarget-scale_mean,test
2023-10-03,2023-10-04,0.8853176884286172,3.3800323246409434,Calibrated-LSTM-LogTarget-scale_mean,test
2023-10-04,2023-10-05,1.7375339257639013,2.1317314384305277,Calibrated-LSTM-LogTarget-scale_mean,test
2023-10-05,2023-10-06,1.7072998751511268,2.155601390650997,Calibrated-LSTM-LogTarget-scale_mean,test
2023-10-06,2023-10-09,0.6060662073826656,1.898386752536064,Calibrated-LSTM-LogTarget-scale_mean,test
2023-10-09,2023-10-10,0.3080349756366544,1.699342634705592,Calibrated-LSTM-LogTarget-scale_mean,test
2023-10-10,2023-10-11,0.3851648462229108,1.5176618285872272,Calibrated-LSTM-LogTarget-scale_mean,test
2023-10-11,2023-10-12,0.0048291522978458,1.3224772412709367,Calibrated-LSTM-LogTarget-scale_mean,test
2023-10-12,2023-10-13,0.0732020168306359,1.3751267813400712,Calibrated-LSTM-LogTarget-scale_mean,test
2023-10-13,2023-10-16,1.3440806213781142,1.300848588194095,Calibrated-LSTM-LogTarget-scale_mean,test
2023-10-16,2023-10-17,3.052807721519015,1.484399729779027,Calibrated-LSTM-LogTarget-scale_mean,test
2023-10-17,2023-10-18,2.691074109609036,1.817988445390752,Calibrated-LSTM-LogTarget-scale_mean,test
2023-10-18,2023-10-19,2.014426845995019,2.1550864888529278,Calibrated-LSTM-LogTarget-scale_mean,test
2023-10-19,2023-10-20,3.37838828040453,1.8907658690627676,Calibrated-LSTM-LogTarget-scale_mean,test
2023-10-20,2023-10-23,1.7351918672263549,1.677686703200689,Calibrated-LSTM-LogTarget-scale_mean,test
2023-10-23,2023-10-24,1.2652847100550173,1.7819403997371568,Calibrated-LSTM-LogTarget-scale_mean,test
2023-10-24,2023-10-25,0.1475596920145903,1.5469479794895595,Calibrated-LSTM-LogTarget-scale_mean,test
2023-10-25,2023-10-26,18.362010800338208,1.4833229999975044,Calibrated-LSTM-LogTarget-scale_mean,test
2023-10-26,2023-10-27,0.2387716417217482,4.63901274923802,Calibrated-LSTM-LogTarget-scale_mean,test
2023-10-27,2023-10-30,3.0025597858118136,2.5533581463463846,Calibrated-LSTM-LogTarget-scale_mean,test
2023-10-30,2023-10-31,1.8839681619493045,2.6241107507487142,Calibrated-LSTM-LogTarget-scale_mean,test
2023-10-31,2023-11-01,1.230715501580414,2.7152907987621826,Calibrated-LSTM-LogTarget-scale_mean,test
2023-11-01,2023-11-02,11.467731176476716,2.1592088921126584,Calibrated-LSTM-LogTarget-scale_mean,test
2023-11-02,2023-11-03,0.0148189440021049,2.372665013032033,Calibrated-LSTM-LogTarget-scale_mean,test
2023-11-03,2023-11-06,1.4138672012584073,1.8872981665903288,Calibrated-LSTM-LogTarget-scale_mean,test
2023-11-06,2023-11-07,0.7458390495009208,1.6304191401855919,Calibrated-LSTM-LogTarget-scale_mean,test
2023-11-07,2023-11-08,9.129956144189087,1.6525453139817328,Calibrated-LSTM-LogTarget-scale_mean,test
2023-11-08,2023-11-09,0.0017061233763225,2.038253472713241,Calibrated-LSTM-LogTarget-scale_mean,test
2023-11-09,2023-11-10,1.2148681903111338,1.8048579318656195,Calibrated-LSTM-LogTarget-scale_mean,test
2023-11-10,2023-11-13,0.0213882813414155,1.9399360357050521,Calibrated-LSTM-LogTarget-scale_mean,test
2023-11-13,2023-11-14,0.7643879612116624,1.6634814799866027,Calibrated-LSTM-LogTarget-scale_mean,test
2023-11-14,2023-11-15,1.309101680363533,1.584878880064782,Calibrated-LSTM-LogTarget-scale_mean,test
2023-11-15,2023-11-16,0.0726677258555493,1.569575289939231,Calibrated-LSTM-LogTarget-scale_mean,test
2023-11-16,2023-11-17,4.779742663796966,1.3077385308979457,Calibrated-LSTM-LogTarget-scale_mean,test
2023-11-17,2023-11-20,0.0501991268589152,2.043760601783242,Calibrated-LSTM-LogTarget-scale_mean,test
2023-11-20,2023-11-21,0.3772925570702379,1.5606074755929993,Calibrated-LSTM-LogTarget-scale_mean,test
2023-11-21,2023-11-22,0.0912767762573235,1.3623002760709972,Calibrated-LSTM-LogTarget-scale_mean,test
2023-11-22,2023-11-23,5.291901747240125,1.5268620350440116,Calibrated-LSTM-LogTarget-scale_mean,test
2023-11-23,2023-11-24,0.4250871900618609,2.112422273794069,Calibrated-LSTM-LogTarget-scale_mean,test
2023-11-24,2023-11-27,0.4781711175817431,1.7093727596390582,Calibrated-LSTM-LogTarget-scale_mean,test
2023-11-27,2023-11-28,0.4557176520002135,1.4258619342282652,Calibrated-LSTM-LogTarget-scale_mean,test
2023-11-28,2023-11-29,0.4496265629344425,1.3750980942580167,Calibrated-LSTM-LogTarget-scale_mean,test
2023-11-29,2023-11-30,0.6229744807299576,1.2955422888573207,Calibrated-LSTM-LogTarget-scale_mean,test
2023-11-30,2023-12-01,0.5347066481770756,1.4225348025056461,Calibrated-LSTM-LogTarget-scale_mean,test
2023-12-01,2023-12-04,2.720585966130201,1.2620987832795507,Calibrated-LSTM-LogTarget-scale_mean,test
2023-12-04,2023-12-05,0.163386350982878,1.594351042912464,Calibrated-LSTM-LogTarget-scale_mean,test
2023-12-05,2023-12-06,0.8703691532467039,1.4580184545065173,Calibrated-LSTM-LogTarget-scale_mean,test
2023-12-06,2023-12-07,0.193176184914791,1.4184707141329997,Calibrated-LSTM-LogTarget-scale_mean,test
2023-12-07,2023-12-08,0.0690100099875838,1.8157885411017953,Calibrated-LSTM-LogTarget-scale_mean,test
2023-12-08,2023-12-11,0.0088783019772855,1.434118364029297,Calibrated-LSTM-LogTarget-scale_mean,test
2023-12-11,2023-12-12,0.0357476055077411,1.291741837887858,Calibrated-LSTM-LogTarget-scale_mean,test
2023-12-12,2023-12-13,1.4355458045904153,1.203739568793949,Calibrated-LSTM-LogTarget-scale_mean,test
2023-12-13,2023-12-14,0.1339218193100039,1.5135471582203153,Calibrated-LSTM-LogTarget-scale_mean,test
2023-12-14,2023-12-15,0.501011926570286,1.3427316707546777,Calibrated-LSTM-LogTarget-scale_mean,test
2023-12-15,2023-12-18,0.9021057574713134,1.4328141888577277,Calibrated-LSTM-LogTarget-scale_mean,test
2023-12-18,2023-12-19,0.163207316046184,1.3543730319885354,Calibrated-LSTM-LogTarget-scale_mean,test
2023-12-19,2023-12-20,0.1648341022859622,1.2797713674841724,Calibrated-LSTM-LogTarget-scale_mean,test
2023-12-20,2023-12-21,0.0229820728280408,1.1748056845053503,Calibrated-LSTM-LogTarget-scale_mean,test
2023-12-21,2023-12-22,0.003263855536434,1.1620185596832802,Calibrated-LSTM-LogTarget-scale_mean,test
2023-12-22,2023-12-25,1.728982548756669,1.1948829623137291,Calibrated-LSTM-LogTarget-scale_mean,test
2023-12-25,2023-12-26,0.1679675706187517,1.1687551504547398,Calibrated-LSTM-LogTarget-scale_mean,test
2023-12-26,2023-12-27,0.0005368687109465,1.1960746491103111,Calibrated-LSTM-LogTarget-scale_mean,test
2023-12-27,2023-12-28,0.3802432948523992,1.2170011795213131,Calibrated-LSTM-LogTarget-scale_mean,test
2023-12-28,2023-12-29,0.0078393746118935,1.2114872578329081,Calibrated-LSTM-LogTarget-scale_mean,test
2023-12-29,2024-01-02,0.0250562134986935,1.23898147983704,Calibrated-LSTM-LogTarget-scale_mean,test
2024-01-02,2024-01-03,1.197029417048885,1.3385015585411368,Calibrated-LSTM-LogTarget-scale_mean,test
2024-01-03,2024-01-04,0.3258526092006003,1.206529939128738,Calibrated-LSTM-LogTarget-scale_mean,test
2024-01-04,2024-01-05,0.1180208232703248,1.5498444585272424,Calibrated-LSTM-LogTarget-scale_mean,test
2024-01-05,2024-01-08,0.2266269824272246,1.3208150625599717,Calibrated-LSTM-LogTarget-scale_mean,test
2024-01-08,2024-01-09,0.0190450011331964,1.3422101166705138,Calibrated-LSTM-LogTarget-scale_mean,test
2024-01-09,2024-01-10,0.0646665738710911,1.373924404431761,Calibrated-LSTM-LogTarget-scale_mean,test
2024-01-10,2024-01-11,0.0034252738431133,1.4449747068508831,Calibrated-LSTM-LogTarget-scale_mean,test
2024-01-11,2024-01-12,0.4213826457560849,1.3395863800852132,Calibrated-LSTM-LogTarget-scale_mean,test
2024-01-12,2024-01-15,0.0025242702278622,1.5638193894775567,Calibrated-LSTM-LogTarget-scale_mean,test
2024-01-15,2024-01-16,0.6034028324453893,1.2341027463205274,Calibrated-LSTM-LogTarget-scale_mean,test
2024-01-16,2024-01-17,0.0025743958188708,1.1913011036138246,Calibrated-LSTM-LogTarget-scale_mean,test
2024-01-17,2024-01-18,0.3137503773939618,1.3084871950317165,Calibrated-LSTM-LogTarget-scale_mean,test
2024-01-18,2024-01-19,1.120382144309341,1.194314045379297,Calibrated-LSTM-LogTarget-scale_mean,test
2024-01-19,2024-01-22,0.0132345962603059,1.2079558445608056,Calibrated-LSTM-LogTarget-scale_mean,test
2024-01-22,2024-01-23,0.2062692888507807,1.3203826087944692,Calibrated-LSTM-LogTarget-scale_mean,test
2024-01-23,2024-01-24,0.1485757892019817,1.261041385065131,Calibrated-LSTM-LogTarget-scale_mean,test
2024-01-24,2024-01-25,0.0492420848338565,1.3086411601347308,Calibrated-LSTM-LogTarget-scale_mean,test
2024-01-25,2024-01-26,0.2041467089523473,1.2030134063761146,Calibrated-LSTM-LogTarget-scale_mean,test
2024-01-26,2024-01-29,2.893888078905973e-06,1.1712412853827123,Calibrated-LSTM-LogTarget-scale_mean,test
2024-01-29,2024-01-30,0.1130691080782245,1.2015654034496543,Calibrated-LSTM-LogTarget-scale_mean,test
2024-01-30,2024-01-31,1.7132578057426455,1.1854470828308046,Calibrated-LSTM-LogTarget-scale_mean,test
2024-01-31,2024-02-01,0.5554695483427156,1.6557052363830886,Calibrated-LSTM-LogTarget-scale_mean,test
2024-02-01,2024-02-02,0.0016060494837953,1.2835193100175228,Calibrated-LSTM-LogTarget-scale_mean,test
2024-02-02,2024-02-05,1.312405125307974,1.4605859647000285,Calibrated-LSTM-LogTarget-scale_mean,test
2024-02-05,2024-02-06,0.041546270496195,1.4005059873757888,Calibrated-LSTM-LogTarget-scale_mean,test
2024-02-06,2024-02-07,0.7090694435364681,1.2760476032230026,Calibrated-LSTM-LogTarget-scale_mean,test
2024-02-07,2024-02-15,0.10935700902328,1.2866553500826963,Calibrated-LSTM-LogTarget-scale_mean,test
2024-02-15,2024-02-16,0.3563698361907522,1.423200048295137,Calibrated-LSTM-LogTarget-scale_mean,test
2024-02-16,2024-02-19,1.5735090531706803,1.3682557547261582,Calibrated-LSTM-LogTarget-scale_mean,test
2024-02-19,2024-02-20,0.1719424828204338,1.4979541782800991,Calibrated-LSTM-LogTarget-scale_mean,test
2024-02-20,2024-02-21,2.643713937948573e-06,1.4379461341767257,Calibrated-LSTM-LogTarget-scale_mean,test
2024-02-21,2024-02-22,0.0493686905262693,1.5244275098748203,Calibrated-LSTM-LogTarget-scale_mean,test
2024-02-22,2024-02-23,1.5757517057356472,1.4602948727260177,Calibrated-LSTM-LogTarget-scale_mean,test
2024-02-23,2024-02-26,0.9982359162312492,1.9647164406774096,Calibrated-LSTM-LogTarget-scale_mean,test
2024-02-26,2024-02-27,1.16593097532243,1.5541324661389584,Calibrated-LSTM-LogTarget-scale_mean,test
2024-02-27,2024-02-28,1.8813005066335944,1.5828910485578505,Calibrated-LSTM-LogTarget-scale_mean,test
2024-02-28,2024-02-29,0.0210764395400896,1.5646241930080336,Calibrated-LSTM-LogTarget-scale_mean,test
2024-02-29,2024-03-01,0.1954116660389362,1.7553825377074137,Calibrated-LSTM-LogTarget-scale_mean,test
2024-03-01,2024-03-04,0.0617241173730905,1.633856731182553,Calibrated-LSTM-LogTarget-scale_mean,test
2024-03-04,2024-03-05,0.458465682898879,1.7775840344781593,Calibrated-LSTM-LogTarget-scale_mean,test
2024-03-05,2024-03-06,0.3277686759141466,1.6449235297275744,Calibrated-LSTM-LogTarget-scale_mean,test
2024-03-06,2024-03-07,0.2049845962757557,1.7550592640048819,Calibrated-LSTM-LogTarget-scale_mean,test
2024-03-07,2024-03-08,2.816444292658484,1.6989828952643342,Calibrated-LSTM-LogTarget-scale_mean,test
2024-03-08,2024-03-11,0.912721979122844,2.1201886796730895,Calibrated-LSTM-LogTarget-scale_mean,test
2024-03-11,2024-03-12,0.5879634369893775,1.8949924947713983,Calibrated-LSTM-LogTarget-scale_mean,test
2024-03-12,2024-03-13,4.113946023612082,1.6815747208129725,Calibrated-LSTM-LogTarget-scale_mean,test
2024-03-13,2024-03-14,0.2431894157728003,1.7335697159096626,Calibrated-LSTM-LogTarget-scale_mean,test
2024-03-14,2024-03-15,0.0014420309906953,1.9570814668568608,Calibrated-LSTM-LogTarget-scale_mean,test
2024-03-15,2024-03-18,2.60144510071112,1.9710231088623673,Calibrated-LSTM-LogTarget-scale_mean,test
2024-03-18,2024-03-19,0.0078313418483015,2.322582721472219,Calibrated-LSTM-LogTarget-scale_mean,test
2024-03-19,2024-03-20,1.98300631416396,1.8300212213155655,Calibrated-LSTM-LogTarget-scale_mean,test
2024-03-20,2024-03-21,1.659993462713211,1.7262332323697462,Calibrated-LSTM-LogTarget-scale_mean,test
2024-03-21,2024-03-22,0.1769090471586793,1.8810169791476155,Calibrated-LSTM-LogTarget-scale_mean,test
2024-03-22,2024-03-25,1.1957204376691162,1.974249691717565,Calibrated-LSTM-LogTarget-scale_mean,test
2024-03-25,2024-03-26,1.266685379522265,2.0386846841206165,Calibrated-LSTM-LogTarget-scale_mean,test
2024-03-26,2024-03-27,0.0047070525559726,1.6938049046535617,Calibrated-LSTM-LogTarget-scale_mean,test
2024-03-27,2024-03-28,0.3036574536281876,1.6829522398924535,Calibrated-LSTM-LogTarget-scale_mean,test
2024-03-28,2024-03-29,0.22386593116756,1.737277807244003,Calibrated-LSTM-LogTarget-scale_mean,test
2024-03-29,2024-04-01,0.0401370314872093,1.7129478206359094,Calibrated-LSTM-LogTarget-scale_mean,test
2024-04-01,2024-04-02,0.1847396233779287,1.7836967354600222,Calibrated-LSTM-LogTarget-scale_mean,test
2024-04-02,2024-04-03,1.4814046434548742,1.8355694565722975,Calibrated-LSTM-LogTarget-scale_mean,test
2024-04-03,2024-04-04,0.0642984527134782,1.9667912525434863,Calibrated-LSTM-LogTarget-scale_mean,test
2024-04-04,2024-04-05,1.084676282740752,1.865801072155009,Calibrated-LSTM-LogTarget-scale_mean,test
2024-04-05,2024-04-08,0.1443776586599194,1.967132890132117,Calibrated-LSTM-LogTarget-scale_mean,test
2024-04-08,2024-04-09,0.9848187145028622,1.7328992416202487,Calibrated-LSTM-LogTarget-scale_mean,test
2024-04-09,2024-04-10,0.1141835151805207,1.4910231731215848,Calibrated-LSTM-LogTarget-scale_mean,test
2024-04-10,2024-04-11,0.0008184297224042,1.5064111109132512,Calibrated-LSTM-LogTarget-scale_mean,test
2024-04-11,2024-04-12,2.1077713488695093,1.4962075322102601,Calibrated-LSTM-LogTarget-scale_mean,test
2024-04-12,2024-04-15,23.166885904173803,1.4684985797415613,Calibrated-LSTM-LogTarget-scale_mean,test
2024-04-15,2024-04-16,0.0058478365075764,5.029491057263991,Calibrated-LSTM-LogTarget-scale_mean,test
2024-04-16,2024-04-17,3.543454497340081,2.8891513562554425,Calibrated-LSTM-LogTarget-scale_mean,test
2024-04-17,2024-04-19,2.3528631494425456,2.864306200774911,Calibrated-LSTM-LogTarget-scale_mean,test
2024-04-19,2024-04-22,1.6893979231324006,3.0355060889646173,Calibrated-LSTM-LogTarget-scale_mean,test
2024-04-22,2024-04-23,1.1727907466469314,2.233213530160585,Calibrated-LSTM-LogTarget-scale_mean,test
2024-04-23,2024-04-24,5.606024745553127,2.179867902187081,Calibrated-LSTM-LogTarget-scale_mean,test
2024-04-24,2024-04-25,0.0028195309207452,2.1742277927611537,Calibrated-LSTM-LogTarget-scale_mean,test
2024-04-25,2024-04-26,0.1420473024727117,1.7159262033516043,Calibrated-LSTM-LogTarget-scale_mean,test
2024-04-26,2024-05-02,0.318006405977251,1.6239188972046539,Calibrated-LSTM-LogTarget-scale_mean,test
2024-05-02,2024-05-03,0.1468401316931458,1.4860220473926005,Calibrated-LSTM-LogTarget-scale_mean,test
2024-05-03,2024-05-06,2.785560071487252,1.4816471075517266,Calibrated-LSTM-LogTarget-scale_mean,test
2024-05-06,2024-05-07,0.3206037518220124,1.4227064271798355,Calibrated-LSTM-LogTarget-scale_mean,test
2024-05-07,2024-05-08,0.0214485793857184,1.346223081949352,Calibrated-LSTM-LogTarget-scale_mean,test
2024-05-08,2024-05-09,0.0212146392864794,1.5449443663723263,Calibrated-LSTM-LogTarget-scale_mean,test
2024-05-09,2024-05-10,0.0998826714071555,1.464202633613701,Calibrated-LSTM-LogTarget-scale_mean,test
2024-05-10,2024-05-13,0.1323509240296012,1.4477275397311444,Calibrated-LSTM-LogTarget-scale_mean,test
2024-05-13,2024-05-14,0.0623260338672244,1.451176908466387,Calibrated-LSTM-LogTarget-scale_mean,test
2024-05-14,2024-05-15,0.7914504364695899,1.312456909819498,Calibrated-LSTM-LogTarget-scale_mean,test
2024-05-15,2024-05-16,1.3010619376829529,1.486726553351333,Calibrated-LSTM-LogTarget-scale_mean,test
2024-05-16,2024-05-20,0.4777373395090949,1.5248455368115206,Calibrated-LSTM-LogTarget-scale_mean,test
2024-05-20,2024-05-21,0.0011865300373836,1.6299610953932844,Calibrated-LSTM-LogTarget-scale_mean,test
2024-05-21,2024-05-22,0.6467920233357178,1.6006541236724647,Calibrated-LSTM-LogTarget-scale_mean,test
2024-05-22,2024-05-23,1.2284567837418712,1.8184303934586088,Calibrated-LSTM-LogTarget-scale_mean,test
2024-05-23,2024-05-24,2.256648937405396,1.6072901925148908,Calibrated-LSTM-LogTarget-scale_mean,test
2024-05-24,2024-05-27,0.2066759953224523,2.0830828516370192,Calibrated-LSTM-LogTarget-scale_mean,test
2024-05-27,2024-05-28,1.2149042841979667,1.507661853320177,Calibrated-LSTM-LogTarget-scale_mean,test
2024-05-28,2024-05-29,0.5065517433860525,1.5763816498700802,Calibrated-LSTM-LogTarget-scale_mean,test
2024-05-29,2024-05-30,0.2478473182821189,1.8427389544521495,Calibrated-LSTM-LogTarget-scale_mean,test
2024-05-30,2024-05-31,0.1324368158912983,1.883241805175099,Calibrated-LSTM-LogTarget-scale_mean,test
2024-05-31,2024-06-03,2.069054535054291,1.570908625956065,Calibrated-LSTM-LogTarget-scale_mean,test
2024-06-03,2024-06-04,0.0754175541972061,1.7370835586238098,Calibrated-LSTM-LogTarget-scale_mean,test
2024-06-04,2024-06-05,0.0041789785238715,1.664624888104547,Calibrated-LSTM-LogTarget-scale_mean,test
2024-06-05,2024-06-06,0.003785773302666,1.72368176383034,Calibrated-LSTM-LogTarget-scale_mean,test
2024-06-06,2024-06-07,0.0977825492840672,1.6996428809848652,Calibrated-LSTM-LogTarget-scale_mean,test
2024-06-07,2024-06-10,0.0574549317651925,1.474426796623702,Calibrated-LSTM-LogTarget-scale_mean,test
2024-06-10,2024-06-11,0.236389900130653,1.5796480608286696,Calibrated-LSTM-LogTarget-scale_mean,test
2024-06-11,2024-06-12,1.4910702380739045,1.7326775979304263,Calibrated-LSTM-LogTarget-scale_mean,test
2024-06-12,2024-06-13,0.0102965917651104,1.5823031831189325,Calibrated-LSTM-LogTarget-scale_mean,test
2024-06-13,2024-06-14,2.8007247199637466,1.6839239395194288,Calibrated-LSTM-LogTarget-scale_mean,test
2024-06-14,2024-06-17,0.1619251788207639,2.0357172603316536,Calibrated-LSTM-LogTarget-scale_mean,test
2024-06-17,2024-06-18,0.1371670063872054,1.8635293154495922,Calibrated-LSTM-LogTarget-scale_mean,test
2024-06-18,2024-06-19,0.0005135905111872,1.6720479179070697,Calibrated-LSTM-LogTarget-scale_mean,test
2024-06-19,2024-06-20,0.0383900740120223,1.7827097525541262,Calibrated-LSTM-LogTarget-scale_mean,test
2024-06-20,2024-06-21,0.0004769047173217,1.7839855147563766,Calibrated-LSTM-LogTarget-scale_mean,test
2024-06-21,2024-06-24,4.841244218909869,1.643967475903911,Calibrated-LSTM-LogTarget-scale_mean,test
2024-06-24,2024-06-25,0.0377795857346046,2.219262248548499,Calibrated-LSTM-LogTarget-scale_mean,test
2024-06-25,2024-06-26,0.1382006989182143,1.6867205514271992,Calibrated-LSTM-LogTarget-scale_mean,test
2024-06-26,2024-06-27,0.0291086660682599,1.6220257603501647,Calibrated-LSTM-LogTarget-scale_mean,test
2024-06-27,2024-06-28,1.2092769262564496,1.501494041467664,Calibrated-LSTM-LogTarget-scale_mean,test
2024-06-28,2024-07-01,0.5464740769679215,1.8165120907604861,Calibrated-LSTM-LogTarget-scale_mean,test
2024-07-01,2024-07-02,1.4560329328950323,1.423864756495774,Calibrated-LSTM-LogTarget-scale_mean,test
2024-07-02,2024-07-03,0.3074231060441431,1.3644252967569839,Calibrated-LSTM-LogTarget-scale_mean,test
2024-07-03,2024-07-04,0.0565502378458402,1.3680027963588426,Calibrated-LSTM-LogTarget-scale_mean,test
2024-07-04,2024-07-05,0.0604238017679763,1.365857224118767,Calibrated-LSTM-LogTarget-scale_mean,test
2024-07-05,2024-07-08,0.001641913639604,1.4207592284880437,Calibrated-LSTM-LogTarget-scale_mean,test
2024-07-08,2024-07-09,0.6204070574126203,1.5164203250171233,Calibrated-LSTM-LogTarget-scale_mean,test
2024-07-09,2024-07-10,0.3628967539784848,1.5216148098492992,Calibrated-LSTM-LogTarget-scale_mean,test
2024-07-10,2024-07-11,0.0277401860440043,1.576254621512633,Calibrated-LSTM-LogTarget-scale_mean,test
2024-07-11,2024-07-12,0.0565767163705356,1.5313934853763569,Calibrated-LSTM-LogTarget-scale_mean,test
2024-07-12,2024-07-15,0.0052765811391784,1.4375250254032048,Calibrated-LSTM-LogTarget-scale_mean,test
2024-07-15,2024-07-16,0.011280250205691,1.3441677508399392,Calibrated-LSTM-LogTarget-scale_mean,test
2024-07-16,2024-07-17,0.9643834972427656,1.424320405943183,Calibrated-LSTM-LogTarget-scale_mean,test
2024-07-17,2024-07-18,0.2066285309508605,1.878988301358038,Calibrated-LSTM-LogTarget-scale_mean,test
2024-07-18,2024-07-19,0.5789189613600527,1.5053986302426279,Calibrated-LSTM-LogTarget-scale_mean,test
2024-07-19,2024-07-22,0.6479469442933512,1.6143003200081643,Calibrated-LSTM-LogTarget-scale_mean,test
2024-07-22,2024-07-23,3.3723820037131813,1.7175767274833595,Calibrated-LSTM-LogTarget-scale_mean,test
2024-07-23,2024-07-24,0.2907489732326712,1.8651637229483815,Calibrated-LSTM-LogTarget-scale_mean,test
2024-07-24,2024-07-25,0.1825373322670373,1.6376503966354923,Calibrated-LSTM-LogTarget-scale_mean,test
2024-07-25,2024-07-26,0.5194428542577421,1.4148769350501085,Calibrated-LSTM-LogTarget-scale_mean,test
2024-07-26,2024-07-29,0.1301982149615345,1.3402999104025914,Calibrated-LSTM-LogTarget-scale_mean,test
2024-07-29,2024-07-30,0.0152800221232259,1.3303000995933476,Calibrated-LSTM-LogTarget-scale_mean,test
2024-07-30,2024-07-31,0.2669893008576879,1.380788672079927,Calibrated-LSTM-LogTarget-scale_mean,test
2024-07-31,2024-08-01,3.924859003099425,1.3907609253723576,Calibrated-LSTM-LogTarget-scale_mean,test
2024-08-01,2024-08-02,0.6124804127570632,1.9330447788675007,Calibrated-LSTM-LogTarget-scale_mean,test
2024-08-02,2024-08-05,16.028441731399298,1.574307821888145,Calibrated-LSTM-LogTarget-scale_mean,test
2024-08-05,2024-08-06,3.4304951964000674,4.495407449439274,Calibrated-LSTM-LogTarget-scale_mean,test
2024-08-06,2024-08-07,0.2131074887245232,2.711495946685302,Calibrated-LSTM-LogTarget-scale_mean,test
2024-08-07,2024-08-08,0.389017827650505,2.084315642503926,Calibrated-LSTM-LogTarget-scale_mean,test
2024-08-08,2024-08-09,1.5873626468232618,2.106994974275597,Calibrated-LSTM-LogTarget-scale_mean,test
2024-08-09,2024-08-12,0.2928717413764615,1.9647998220815488,Calibrated-LSTM-LogTarget-scale_mean,test
2024-08-12,2024-08-13,0.0001294788177011,1.5465572628294455,Calibrated-LSTM-LogTarget-scale_mean,test
2024-08-13,2024-08-14,2.3780277347729983e-05,1.4157942719550227,Calibrated-LSTM-LogTarget-scale_mean,test
2024-08-14,2024-08-15,0.3071561671079922,1.356886614822396,Calibrated-LSTM-LogTarget-scale_mean,test
2024-08-15,2024-08-16,5.364467227292595,1.3933157971009593,Calibrated-LSTM-LogTarget-scale_mean,test
2024-08-16,2024-08-19,0.5581057481573143,1.7758351995621242,Calibrated-LSTM-LogTarget-scale_mean,test
2024-08-19,2024-08-20,0.7441049789899746,1.4187641241131432,Calibrated-LSTM-LogTarget-scale_mean,test
2024-08-20,2024-08-21,0.8093492360217696,1.4997134113231625,Calibrated-LSTM-LogTarget-scale_mean,test
2024-08-21,2024-08-22,0.0097920425309074,1.4544806927513694,Calibrated-LSTM-LogTarget-scale_mean,test
2024-08-22,2024-08-23,0.039129459240867,1.3771325891379884,Calibrated-LSTM-LogTarget-scale_mean,test
2024-08-23,2024-08-26,0.1707352129175375,1.3424922332275802,Calibrated-LSTM-LogTarget-scale_mean,test
2024-08-26,2024-08-27,0.0017789790178368,1.4568986834596833,Calibrated-LSTM-LogTarget-scale_mean,test
2024-08-27,2024-08-28,0.0047191862628622,1.3658862068981419,Calibrated-LSTM-LogTarget-scale_mean,test
2024-08-28,2024-08-29,5.480696959213411e-06,1.3777199397288842,Calibrated-LSTM-LogTarget-scale_mean,test
2024-08-29,2024-08-30,0.0350100605836961,1.2875515620999243,Calibrated-LSTM-LogTarget-scale_mean,test
2024-08-30,2024-09-04,0.3975959773479832,1.2282868545096537,Calibrated-LSTM-LogTarget-scale_mean,test
2024-09-04,2024-09-05,0.3560479520225069,1.3354855731076423,Calibrated-LSTM-LogTarget-scale_mean,test
2024-09-05,2024-09-06,0.2046388013312271,1.4008352580439754,Calibrated-LSTM-LogTarget-scale_mean,test
2024-09-06,2024-09-09,0.2403215208141221,1.2747602806165832,Calibrated-LSTM-LogTarget-scale_mean,test
2024-09-09,2024-09-10,0.9818980427278184,1.2577617452466763,Calibrated-LSTM-LogTarget-scale_mean,test
2024-09-10,2024-09-11,0.0244199123086784,1.4780076117048564,Calibrated-LSTM-LogTarget-scale_mean,test
2024-09-11,2024-09-12,0.0602484567361687,1.3456271825987864,Calibrated-LSTM-LogTarget-scale_mean,test
2024-09-12,2024-09-13,0.1369055643032899,1.2238897480362356,Calibrated-LSTM-LogTarget-scale_mean,test
2024-09-13,2024-09-16,0.9992379796047328,1.2570782188234455,Calibrated-LSTM-LogTarget-scale_mean,test
2024-09-16,2024-09-17,2.484914926701652,1.4028252177977747,Calibrated-LSTM-LogTarget-scale_mean,test
2024-09-17,2024-09-18,0.2223148391601984,1.275627069762366,Calibrated-LSTM-LogTarget-scale_mean,test
2024-09-18,2024-09-19,0.2523387575730195,1.379938102068787,Calibrated-LSTM-LogTarget-scale_mean,test
2024-09-19,2024-09-20,0.003666425548263,1.2772398423428564,Calibrated-LSTM-LogTarget-scale_mean,test
2024-09-20,2024-09-23,0.0785444168047104,1.6126859821658472,Calibrated-LSTM-LogTarget-scale_mean,test
2024-09-23,2024-09-24,0.447081172927798,1.3080127782298685,Calibrated-LSTM-LogTarget-scale_mean,test
2024-09-24,2024-09-25,0.6692996014919499,1.250536726393978,Calibrated-LSTM-LogTarget-scale_mean,test
2024-09-25,2024-09-26,0.0967067651015831,1.5180383685508114,Calibrated-LSTM-LogTarget-scale_mean,test
2024-09-26,2024-09-27,0.0019487643545271,1.5326390258348572,Calibrated-LSTM-LogTarget-scale_mean,test
2024-09-27,2024-09-30,0.0534118196752501,1.549128325547432,Calibrated-LSTM-LogTarget-scale_mean,test
2024-09-30,2024-10-01,0.1090419063191174,1.4161068793095473,Calibrated-LSTM-LogTarget-scale_mean,test
2024-10-01,2024-10-02,0.1142301950532245,1.5556583329269251,Calibrated-LSTM-LogTarget-scale_mean,test
2024-10-02,2024-10-03,0.5763536966008403,1.399808296298011,Calibrated-LSTM-LogTarget-scale_mean,test
2024-10-03,2024-10-04,0.3463758362975216,1.687430688808345,Calibrated-LSTM-LogTarget-scale_mean,test
2024-10-04,2024-10-07,0.0027820245719093,1.3842813454129512,Calibrated-LSTM-LogTarget-scale_mean,test
2024-10-07,2024-10-08,0.0260164216385025,1.2850936501743293,Calibrated-LSTM-LogTarget-scale_mean,test
2024-10-08,2024-10-09,0.5974680039460253,1.3768307191077414,Calibrated-LSTM-LogTarget-scale_mean,test
2024-10-09,2024-10-10,0.1233539050383977,1.3609812619436543,Calibrated-LSTM-LogTarget-scale_mean,test
2024-10-10,2024-10-11,0.0248646364370185,1.4086503538775716,Calibrated-LSTM-LogTarget-scale_mean,test
2024-10-11,2024-10-14,0.0253573876734088,1.2482481274404567,Calibrated-LSTM-LogTarget-scale_mean,test
2024-10-14,2024-10-15,0.1678954221921946,1.3908683624970481,Calibrated-LSTM-LogTarget-scale_mean,test
2024-10-15,2024-10-16,0.0156181703703392,1.4281077240584605,Calibrated-LSTM-LogTarget-scale_mean,test
2024-10-16,2024-10-17,0.301088511662053,1.2788337682822635,Calibrated-LSTM-LogTarget-scale_mean,test
2024-10-17,2024-10-18,0.0067941729317095,1.3170098664385375,Calibrated-LSTM-LogTarget-scale_mean,test
2024-10-18,2024-10-21,0.1968037312439634,1.3261878799615119,Calibrated-LSTM-LogTarget-scale_mean,test
2024-10-21,2024-10-22,0.6006392197446851,1.3389587812476391,Calibrated-LSTM-LogTarget-scale_mean,test
2024-10-22,2024-10-23,0.0063207009295036,1.5447388443966796,Calibrated-LSTM-LogTarget-scale_mean,test
2024-10-23,2024-10-24,1.1387581243922995,1.3501880077327602,Calibrated-LSTM-LogTarget-scale_mean,test
2024-10-24,2024-10-25,0.1396414208283497,1.491242169588467,Calibrated-LSTM-LogTarget-scale_mean,test
2024-10-25,2024-10-28,0.0267355724555891,1.3987637452840564,Calibrated-LSTM-LogTarget-scale_mean,test
2024-10-28,2024-10-29,0.310375295938392,1.2593163512691674,Calibrated-LSTM-LogTarget-scale_mean,test
2024-10-29,2024-10-30,0.0624797327224918,1.2712132350896326,Calibrated-LSTM-LogTarget-scale_mean,test
2024-10-30,2024-10-31,0.2150309186038439,1.2833627929590237,Calibrated-LSTM-LogTarget-scale_mean,test
2024-10-31,2024-11-01,0.5795854757810541,1.2142727168413976,Calibrated-LSTM-LogTarget-scale_mean,test
2024-11-01,2024-11-04,0.6634669865085588,1.382007270531867,Calibrated-LSTM-LogTarget-scale_mean,test
2024-11-04,2024-11-05,0.0071101049569573,1.4700868701492256,Calibrated-LSTM-LogTarget-scale_mean,test
2024-11-05,2024-11-06,1.532964136157592,1.2499194076718259,Calibrated-LSTM-LogTarget-scale_mean,test
2024-11-06,2024-11-07,0.0147328555936719,1.297844262198854,Calibrated-LSTM-LogTarget-scale_mean,test
2024-11-07,2024-11-08,0.3276224769794669,1.299528189816659,Calibrated-LSTM-LogTarget-scale_mean,test
2024-11-08,2024-11-11,0.0320387972398517,1.4022584232963202,Calibrated-LSTM-LogTarget-scale_mean,test
2024-11-11,2024-11-12,0.1943555469915317,1.5828516117264686,Calibrated-LSTM-LogTarget-scale_mean,test
2024-11-12,2024-11-13,0.0095957977358447,1.4367821729418122,Calibrated-LSTM-LogTarget-scale_mean,test
2024-11-13,2024-11-14,1.304380342114139,1.400389959617858,Calibrated-LSTM-LogTarget-scale_mean,test
2024-11-14,2024-11-15,1.1819027969632745,1.5144087708817289,Calibrated-LSTM-LogTarget-scale_mean,test
2024-11-15,2024-11-18,0.0141759467193479,1.6856604269547366,Calibrated-LSTM-LogTarget-scale_mean,test
2024-11-18,2024-11-19,0.9768103702203697,1.4949611240089662,Calibrated-LSTM-LogTarget-scale_mean,test
2024-11-19,2024-11-20,0.8848644501514296,1.5037804349544663,Calibrated-LSTM-LogTarget-scale_mean,test
2024-11-20,2024-11-21,0.9302138287758972,1.535770492424646,Calibrated-LSTM-LogTarget-scale_mean,test
2024-11-21,2024-11-22,0.0003506766753295,1.2898125830786569,Calibrated-LSTM-LogTarget-scale_mean,test
2024-11-22,2024-11-25,0.2872709111767263,1.3119191206513632,Calibrated-LSTM-LogTarget-scale_mean,test
2024-11-25,2024-11-26,0.3599546809656788,1.2203029798612597,Calibrated-LSTM-LogTarget-scale_mean,test
2024-11-26,2024-11-27,0.0001659440969947,1.2161968436683561,Calibrated-LSTM-LogTarget-scale_mean,test
2024-11-27,2024-11-28,0.0001270529950301,1.1652763402084003,Calibrated-LSTM-LogTarget-scale_mean,test
2024-11-28,2024-11-29,0.4488915850595839,1.197107397196671,Calibrated-LSTM-LogTarget-scale_mean,test
2024-11-29,2024-12-02,0.0035951954303536,1.1803141725646549,Calibrated-LSTM-LogTarget-scale_mean,test
2024-12-02,2024-12-03,0.0121780282468158,1.1686708609754022,Calibrated-LSTM-LogTarget-scale_mean,test
2024-12-03,2024-12-04,0.5723787875208138,1.2485283545233248,Calibrated-LSTM-LogTarget-scale_mean,test
2024-12-04,2024-12-05,4.677770763753511,1.350746153910173,Calibrated-LSTM-LogTarget-scale_mean,test
2024-12-05,2024-12-06,0.0423127275118428,1.5247977305361802,Calibrated-LSTM-LogTarget-scale_mean,test
2024-12-06,2024-12-09,0.0846129168166276,1.4084339161947268,Calibrated-LSTM-LogTarget-scale_mean,test
2024-12-09,2024-12-10,0.019333949066393,1.3460722370357325,Calibrated-LSTM-LogTarget-scale_mean,test
2024-12-10,2024-12-11,0.0638388590450149,1.3192502732829567,Calibrated-LSTM-LogTarget-scale_mean,test
2024-12-11,2024-12-12,0.0141789335558376,1.3545853604475722,Calibrated-LSTM-LogTarget-scale_mean,test
2024-12-12,2024-12-13,0.1427917911928931,1.2997787128726035,Calibrated-LSTM-LogTarget-scale_mean,test
2024-12-13,2024-12-16,0.0093280152446342,1.2466330262464849,Calibrated-LSTM-LogTarget-scale_mean,test
2024-12-16,2024-12-17,0.0268721671219935,1.2194108387414302,Calibrated-LSTM-LogTarget-scale_mean,test
2024-12-17,2024-12-18,0.1146807250456102,1.2173305508090337,Calibrated-LSTM-LogTarget-scale_mean,test
2024-12-18,2024-12-19,0.8081531599464532,1.1912968431965043,Calibrated-LSTM-LogTarget-scale_mean,test
2024-12-19,2024-12-20,0.0507615856480591,1.5074072012377007,Calibrated-LSTM-LogTarget-scale_mean,test
2024-12-20,2024-12-23,0.1742376670775678,1.2660400462597767,Calibrated-LSTM-LogTarget-scale_mean,test
2024-12-23,2024-12-24,0.0361915284275727,1.1923315777724213,Calibrated-LSTM-LogTarget-scale_mean,test
2024-12-24,2024-12-25,1.1654410256024177,1.3031115220693184,Calibrated-LSTM-LogTarget-scale_mean,test
2024-12-25,2024-12-26,0.0084412075502873,1.3899042124231735,Calibrated-LSTM-LogTarget-scale_mean,test
2024-12-26,2024-12-27,0.0317475107765902,1.2245153770442836,Calibrated-LSTM-LogTarget-scale_mean,test
2024-12-27,2024-12-30,0.0600146339677672,1.2884305814685306,Calibrated-LSTM-LogTarget-scale_mean,test
2024-12-30,2024-12-31,0.1703989127600233,1.2048182878933091,Calibrated-LSTM-LogTarget-scale_mean,test
2024-12-31,2025-01-02,0.0533739456959429,1.225400296746654,Calibrated-LSTM-LogTarget-scale_mean,test
2025-01-02,2025-01-03,1.435132590022104,1.1655190443441765,Calibrated-LSTM-LogTarget-scale_mean,test
2025-01-03,2025-01-06,0.4342211890889308,1.4214488917473267,Calibrated-LSTM-LogTarget-scale_mean,test
2025-01-06,2025-01-07,0.037939050469307,1.431867218686749,Calibrated-LSTM-LogTarget-scale_mean,test
2025-01-07,2025-01-08,0.032117795831564,1.3521724296970457,Calibrated-LSTM-LogTarget-scale_mean,test
2025-01-08,2025-01-09,0.1768543904547769,1.2261219938848973,Calibrated-LSTM-LogTarget-scale_mean,test
2025-01-09,2025-01-10,1.525095444996381,1.2362887719701179,Calibrated-LSTM-LogTarget-scale_mean,test
2025-01-10,2025-01-13,0.175796578127988,1.5106958232308036,Calibrated-LSTM-LogTarget-scale_mean,test
2025-01-13,2025-01-14,0.2850878204367433,1.3119694801486712,Calibrated-LSTM-LogTarget-scale_mean,test
2025-01-14,2025-01-15,0.3327205813226502,1.2818863832645189,Calibrated-LSTM-LogTarget-scale_mean,test
2025-01-15,2025-01-16,0.2486834462527659,1.241109567327887,Calibrated-LSTM-LogTarget-scale_mean,test
2025-01-16,2025-01-17,0.293601545819197,1.2047133021990277,Calibrated-LSTM-LogTarget-scale_mean,test
2025-01-17,2025-01-20,0.0012403693451998,1.1165471709710915,Calibrated-LSTM-LogTarget-scale_mean,test
2025-01-20,2025-01-21,0.0768862836866478,1.1296020213245455,Calibrated-LSTM-LogTarget-scale_mean,test
2025-01-21,2025-01-22,0.0818546593881995,1.1767051456135835,Calibrated-LSTM-LogTarget-scale_mean,test
2025-01-22,2025-01-23,1.8682525367895249,1.2190043203156353,Calibrated-LSTM-LogTarget-scale_mean,test
2025-01-23,2025-01-24,0.1843517308365074,1.196023035099948,Calibrated-LSTM-LogTarget-scale_mean,test
2025-01-24,2025-02-04,0.0008556873339296,1.1644821745348535,Calibrated-LSTM-LogTarget-scale_mean,test
2025-02-04,2025-02-05,0.1513708695410532,1.2588012372113726,Calibrated-LSTM-LogTarget-scale_mean,test
2025-02-05,2025-02-06,0.0216622352028634,1.1935530177255282,Calibrated-LSTM-LogTarget-scale_mean,test
2025-02-06,2025-02-07,0.0853488617566438,1.1974736376482158,Calibrated-LSTM-LogTarget-scale_mean,test
2025-02-07,2025-02-10,0.8849819273953393,1.179882429680639,Calibrated-LSTM-LogTarget-scale_mean,test
2025-02-10,2025-02-11,0.168100114678953,1.467513679923681,Calibrated-LSTM-LogTarget-scale_mean,test
2025-02-11,2025-02-12,0.0147578221185138,1.2740646306665866,Calibrated-LSTM-LogTarget-scale_mean,test
2025-02-12,2025-02-13,0.0735271043646943,1.2010958186031881,Calibrated-LSTM-LogTarget-scale_mean,test
2025-02-13,2025-02-14,0.2025383263760581,1.19138645718429,Calibrated-LSTM-LogTarget-scale_mean,test
2025-02-14,2025-02-17,0.0695132401561259,1.2787647108081588,Calibrated-LSTM-LogTarget-scale_mean,test
2025-02-17,2025-02-18,0.1805870585568251,1.368596368295653,Calibrated-LSTM-LogTarget-scale_mean,test
2025-02-18,2025-02-19,0.6592497592052439,1.237082947450367,Calibrated-LSTM-LogTarget-scale_mean,test
2025-02-19,2025-02-20,0.1172593983298531,1.2771723934486037,Calibrated-LSTM-LogTarget-scale_mean,test
2025-02-20,2025-02-21,0.0847684671072922,1.2721070315519876,Calibrated-LSTM-LogTarget-scale_mean,test
2025-02-21,2025-02-24,0.3605624100663593,1.2507327761754548,Calibrated-LSTM-LogTarget-scale_mean,test
2025-02-24,2025-02-25,0.0115290687889239,1.3483603146804006,Calibrated-LSTM-LogTarget-scale_mean,test
2025-02-25,2025-02-26,0.0002355760665946,1.410475696244941,Calibrated-LSTM-LogTarget-scale_mean,test
2025-02-26,2025-02-27,0.1374731263687118,1.335924565964602,Calibrated-LSTM-LogTarget-scale_mean,test
2025-02-27,2025-02-28,0.0348744922200793,1.390329768193731,Calibrated-LSTM-LogTarget-scale_mean,test
2025-02-28,2025-03-03,0.0940796554023008,1.380886449630476,Calibrated-LSTM-LogTarget-scale_mean,test
2025-03-03,2025-03-04,0.0375578625820462,1.3781767586043758,Calibrated-LSTM-LogTarget-scale_mean,test
2025-03-04,2025-03-05,0.3028627512498273,1.471827060626081,Calibrated-LSTM-LogTarget-scale_mean,test
2025-03-05,2025-03-06,1.0612188848677555,1.4410098643518987,Calibrated-LSTM-LogTarget-scale_mean,test
2025-03-06,2025-03-07,0.350731246280503,1.5113655424722827,Calibrated-LSTM-LogTarget-scale_mean,test
2025-03-07,2025-03-10,0.1014325645495789,1.4667558551404272,Calibrated-LSTM-LogTarget-scale_mean,test
2025-03-10,2025-03-11,0.0288133302998629,1.4758645548941973,Calibrated-LSTM-LogTarget-scale_mean,test
2025-03-11,2025-03-12,0.0196658897235791,1.4791698801101876,Calibrated-LSTM-LogTarget-scale_mean,test
2025-03-12,2025-03-13,0.3743917074856848,1.487043831805742,Calibrated-LSTM-LogTarget-scale_mean,test
2025-03-13,2025-03-14,8.187247062994656e-05,1.6604211205906108,Calibrated-LSTM-LogTarget-scale_mean,test
2025-03-14,2025-03-17,0.5767885171931181,1.611735792258113,Calibrated-LSTM-LogTarget-scale_mean,test
2025-03-17,2025-03-18,0.157344490226044,1.4670387912304879,Calibrated-LSTM-LogTarget-scale_mean,test
2025-03-18,2025-03-19,0.2279894954046255,1.4939082545738678,Calibrated-LSTM-LogTarget-scale_mean,test
2025-03-19,2025-03-20,0.0027940647092661,1.591581594664801,Calibrated-LSTM-LogTarget-scale_mean,test
2025-03-20,2025-03-21,0.0240132299745747,1.5376408579913847,Calibrated-LSTM-LogTarget-scale_mean,test
2025-03-21,2025-03-24,0.4050748456224285,1.4322624249195275,Calibrated-LSTM-LogTarget-scale_mean,test
2025-03-24,2025-03-25,0.0144479307849922,1.4307702609943909,Calibrated-LSTM-LogTarget-scale_mean,test
2025-03-25,2025-03-26,0.1924355354900559,1.4536493634125027,Calibrated-LSTM-LogTarget-scale_mean,test
2025-03-26,2025-03-27,0.0296122174159068,1.4402555962965498,Calibrated-LSTM-LogTarget-scale_mean,test
2025-03-27,2025-03-28,0.2311977047112736,1.318728407707346,Calibrated-LSTM-LogTarget-scale_mean,test
2025-03-28,2025-03-31,0.652593682196234,1.393147883968834,Calibrated-LSTM-LogTarget-scale_mean,test
2025-03-31,2025-04-01,0.6367477385533009,1.5351990288951367,Calibrated-LSTM-LogTarget-scale_mean,test
2025-04-01,2025-04-02,0.0014400780515298,1.3215086695280487,Calibrated-LSTM-LogTarget-scale_mean,test
2025-04-02,2025-04-03,47.7513682523715,1.4340226294916947,Calibrated-LSTM-LogTarget-scale_mean,test
2025-04-03,2025-04-04,2.4680894659320427,6.800967021392191,Calibrated-LSTM-LogTarget-scale_mean,test
2025-04-04,2025-04-08,44.20961209050503,3.735092284526994,Calibrated-LSTM-LogTarget-scale_mean,test
2025-04-08,2025-04-09,11.94996872052983,8.169113693919206,Calibrated-LSTM-LogTarget-scale_mean,test
2025-04-09,2025-04-10,42.861963107094255,6.4447633882437625,Calibrated-LSTM-LogTarget-scale_mean,test
2025-04-10,2025-04-11,20.5039468602513,7.789359226788077,Calibrated-LSTM-LogTarget-scale_mean,test
2025-04-11,2025-04-14,2.373686902735611,5.382879795866789,Calibrated-LSTM-LogTarget-scale_mean,test
2025-04-14,2025-04-15,1.222393557661562,4.159484291153566,Calibrated-LSTM-LogTarget-scale_mean,test
2025-04-15,2025-04-16,2.0585197770339483,4.170991483752436,Calibrated-LSTM-LogTarget-scale_mean,test
2025-04-16,2025-04-17,0.3278654140280428,3.963316501975771,Calibrated-LSTM-LogTarget-scale_mean,test
2025-04-17,2025-04-18,0.0235644272572965,3.2132735886476067,Calibrated-LSTM-LogTarget-scale_mean,test
2025-04-18,2025-04-21,0.9867147275211472,3.0832447680614967,Calibrated-LSTM-LogTarget-scale_mean,test
2025-04-21,2025-04-22,0.6837487157170882,2.784803534119033,Calibrated-LSTM-LogTarget-scale_mean,test
2025-04-22,2025-04-23,1.3269747595182129,3.0721014977186587,Calibrated-LSTM-LogTarget-scale_mean,test
2025-04-23,2025-04-24,1.029521260921247,2.1265646715239583,Calibrated-LSTM-LogTarget-scale_mean,test
2025-04-24,2025-04-25,0.2299163958338018,1.7533794092201342,Calibrated-LSTM-LogTarget-scale_mean,test
2025-04-25,2025-04-28,0.0391566462219492,1.6371307950671814,Calibrated-LSTM-LogTarget-scale_mean,test
2025-04-28,2025-04-29,0.0016617646152264,1.3630402037246903,Calibrated-LSTM-LogTarget-scale_mean,test
2025-04-29,2025-05-05,1.2432686189181044,1.3161201351493503,Calibrated-LSTM-LogTarget-scale_mean,test
2025-05-05,2025-05-06,0.0234403346988041,1.3041171344722269,Calibrated-LSTM-LogTarget-scale_mean,test
2025-05-06,2025-05-07,0.4565410925067849,1.403090803864015,Calibrated-LSTM-LogTarget-scale_mean,test
2025-05-07,2025-05-08,2.377733233918144,1.3827396051043002,Calibrated-LSTM-LogTarget-scale_mean,test
2025-05-08,2025-05-09,0.0388387388391833,1.4312595138968334,Calibrated-LSTM-LogTarget-scale_mean,test
2025-05-09,2025-05-12,1.5662677776101377,1.3728350140985681,Calibrated-LSTM-LogTarget-scale_mean,test
2025-05-12,2025-05-13,0.6231348828577624,1.4216222495847666,Calibrated-LSTM-LogTarget-scale_mean,test
2025-05-13,2025-05-14,1.5683566422405055,1.4915845937742296,Calibrated-LSTM-LogTarget-scale_mean,test
2025-05-14,2025-05-15,0.0700077382080358,1.5121278487589085,Calibrated-LSTM-LogTarget-scale_mean,test
2025-05-15,2025-05-16,0.816128421348678,1.6391173743445127,Calibrated-LSTM-LogTarget-scale_mean,test
2025-05-16,2025-05-19,0.1541807515116988,1.5941566218924874,Calibrated-LSTM-LogTarget-scale_mean,test
2025-05-19,2025-05-20,2.0864038037366446,1.6020396426218726,Calibrated-LSTM-LogTarget-scale_mean,test
2025-05-20,2025-05-21,0.3586751908572574,1.5451757033793396,Calibrated-LSTM-LogTarget-scale_mean,test
2025-05-21,2025-05-22,0.4879763310352334,1.6576483527669161,Calibrated-LSTM-LogTarget-scale_mean,test
2025-05-22,2025-05-23,0.0022258378145528,1.7902580899908735,Calibrated-LSTM-LogTarget-scale_mean,test
2025-05-23,2025-05-26,1.8600723156803831,1.42671512893088,Calibrated-LSTM-LogTarget-scale_mean,test
2025-05-26,2025-05-27,0.2984907987188625,1.602026083240258,Calibrated-LSTM-LogTarget-scale_mean,test
2025-05-27,2025-05-28,0.0236037331895616,1.6891973728257972,Calibrated-LSTM-LogTarget-scale_mean,test
2025-05-28,2025-05-29,5.553699144539498e-07,1.6288799440771837,Calibrated-LSTM-LogTarget-scale_mean,test
2025-05-29,2025-05-30,0.4795271728756022,1.6212065053256461,Calibrated-LSTM-LogTarget-scale_mean,test
2025-05-30,2025-06-02,0.0768775248909457,1.7067436650410257,Calibrated-LSTM-LogTarget-scale_mean,test
2025-06-02,2025-06-03,0.6659991384313828,1.5808936489771737,Calibrated-LSTM-LogTarget-scale_mean,test
2025-06-03,2025-06-04,0.0125760569530384,1.6565751010438947,Calibrated-LSTM-LogTarget-scale_mean,test
2025-06-04,2025-06-05,0.0737636944522696,1.6482905056615775,Calibrated-LSTM-LogTarget-scale_mean,test
2025-06-05,2025-06-06,0.8339101934074882,1.5163559717656792,Calibrated-LSTM-LogTarget-scale_mean,test
2025-06-06,2025-06-09,2.1415615006193414,1.6907304787955466,Calibrated-LSTM-LogTarget-scale_mean,test
2025-06-09,2025-06-10,0.1857120921961249,1.6785611128370748,Calibrated-LSTM-LogTarget-scale_mean,test
2025-06-10,2025-06-11,0.0061284527471124,1.5490924998859532,Calibrated-LSTM-LogTarget-scale_mean,test
2025-06-11,2025-06-12,0.348758893746006,1.3914240841510557,Calibrated-LSTM-LogTarget-scale_mean,test
2025-06-12,2025-06-13,0.3232043851233978,1.5740762515207904,Calibrated-LSTM-LogTarget-scale_mean,test
2025-06-13,2025-06-16,2.90666722935662,1.8772847123823506,Calibrated-LSTM-LogTarget-scale_mean,test
2025-06-16,2025-06-17,0.5089174637565245,1.544519724739455,Calibrated-LSTM-LogTarget-scale_mean,test
2025-06-17,2025-06-18,0.0040746855610125,1.499149467185499,Calibrated-LSTM-LogTarget-scale_mean,test
2025-06-18,2025-06-19,0.1490639362511987,1.5558374869094773,Calibrated-LSTM-LogTarget-scale_mean,test
2025-06-19,2025-06-20,0.0396634294929435,1.4466901725299721,Calibrated-LSTM-LogTarget-scale_mean,test
2025-06-20,2025-06-23,0.4254396112184308,1.6247308071411841,Calibrated-LSTM-LogTarget-scale_mean,test
2025-06-23,2025-06-24,0.3974954121903902,1.5004859388611653,Calibrated-LSTM-LogTarget-scale_mean,test
2025-06-24,2025-06-25,2.141289912653593e-06,1.604168742203301,Calibrated-LSTM-LogTarget-scale_mean,test
2025-06-25,2025-06-26,0.0062490303873797,1.5310722199285691,Calibrated-LSTM-LogTarget-scale_mean,test
2025-06-26,2025-06-27,0.1777576915183636,1.4071034463836574,Calibrated-LSTM-LogTarget-scale_mean,test
2025-06-27,2025-06-30,0.1135910808511721,1.4461896109207166,Calibrated-LSTM-LogTarget-scale_mean,test
2025-06-30,2025-07-01,0.0165236945249244,1.4034942965218502,Calibrated-LSTM-LogTarget-scale_mean,test
2025-07-01,2025-07-02,0.2388288030529801,1.4739911386292557,Calibrated-LSTM-LogTarget-scale_mean,test
2025-07-02,2025-07-03,0.0361488680610222,1.5261068548591077,Calibrated-LSTM-LogTarget-scale_mean,test
2025-07-03,2025-07-04,0.1309520910154639,1.9037768363722336,Calibrated-LSTM-LogTarget-scale_mean,test
2025-07-04,2025-07-07,1.1709559965363006,1.5592745182333267,Calibrated-LSTM-LogTarget-scale_mean,test
2025-07-07,2025-07-08,0.904778187332118,1.7095586108258634,Calibrated-LSTM-LogTarget-scale_mean,test
2025-07-08,2025-07-09,1.241559484315582,1.7009019804911423,Calibrated-LSTM-LogTarget-scale_mean,test
2025-07-09,2025-07-10,0.9910271514632224,1.856876053875703,Calibrated-LSTM-LogTarget-scale_mean,test
2025-07-10,2025-07-11,0.6970381226212395,1.6625453593079194,Calibrated-LSTM-LogTarget-scale_mean,test
2025-07-11,2025-07-14,0.7477170344432008,1.7826372862178326,Calibrated-LSTM-LogTarget-scale_mean,test
2025-07-14,2025-07-15,0.4444265080916222,1.784765963035634,Calibrated-LSTM-LogTarget-scale_mean,test
2025-07-15,2025-07-16,0.1995824056263008,1.9721703031898536,Calibrated-LSTM-LogTarget-scale_mean,test
2025-07-16,2025-07-17,2.3820294026445814,1.856196391309391,Calibrated-LSTM-LogTarget-scale_mean,test
2025-07-17,2025-07-18,0.2369058350764768,1.8978631541942792,Calibrated-LSTM-LogTarget-scale_mean,test
2025-07-18,2025-07-21,0.6726766922283197,1.995658483546148,Calibrated-LSTM-LogTarget-scale_mean,test
2025-07-21,2025-07-22,2.6753597330452594,2.0550990500823305,Calibrated-LSTM-LogTarget-scale_mean,test
2025-07-22,2025-07-23,0.033610422134737,1.851312189447466,Calibrated-LSTM-LogTarget-scale_mean,test
2025-07-23,2025-07-24,0.3298066193429415,2.0551884722477642,Calibrated-LSTM-LogTarget-scale_mean,test
2025-07-24,2025-07-25,0.4388880259346913,2.013117242874161,Calibrated-LSTM-LogTarget-scale_mean,test
2025-07-25,2025-07-28,2.898363616722053,2.0051929464364426,Calibrated-LSTM-LogTarget-scale_mean,test
2025-07-28,2025-07-29,17.613558540836202,2.0697850783824228,Calibrated-LSTM-LogTarget-scale_mean,test
2025-07-29,2025-07-30,0.8980946651524866,2.639488898314082,Calibrated-LSTM-LogTarget-scale_mean,test
2025-07-30,2025-07-31,0.1152726694915896,2.209276865615269,Calibrated-LSTM-LogTarget-scale_mean,test
2025-07-31,2025-08-01,0.1152726694915833,2.236194517580766,Calibrated-LSTM-LogTarget-scale_mean,test
2025-08-01,2025-08-04,1.834710119502004,2.125671249648677,Calibrated-LSTM-LogTarget-scale_mean,test
2025-08-04,2025-08-05,1.520412348936557,2.042585643180973,Calibrated-LSTM-LogTarget-scale_mean,test
2025-08-05,2025-08-06,2.8972670658789563,2.3096092229417904,Calibrated-LSTM-LogTarget-scale_mean,test
2025-08-06,2025-08-07,0.2635664108766646,1.9333051901049714,Calibrated-LSTM-LogTarget-scale_mean,test
2025-08-07,2025-08-08,0.039326859883716,2.0855315112287576,Calibrated-LSTM-LogTarget-scale_mean,test
2025-08-08,2025-08-11,0.9422556417684452,2.1969106061171675,Calibrated-LSTM-LogTarget-scale_mean,test
2025-08-11,2025-08-12,0.2369869845385009,2.0503616947252135,Calibrated-LSTM-LogTarget-scale_mean,test
2025-08-12,2025-08-13,0.0440788772156527,2.1049669723207907,Calibrated-LSTM-LogTarget-scale_mean,test
2025-08-13,2025-08-14,3.200310161092739,2.1908212947183268,Calibrated-LSTM-LogTarget-scale_mean,test
2025-08-14,2025-08-15,0.4273067256056122,2.03328054990287,Calibrated-LSTM-LogTarget-scale_mean,test
2025-08-15,2025-08-18,0.1521280158050796,2.222256402617426,Calibrated-LSTM-LogTarget-scale_mean,test
2025-08-18,2025-08-19,1.174434797614126,2.065390418787265,Calibrated-LSTM-LogTarget-scale_mean,test
2025-08-19,2025-08-20,0.3749305014941085,2.0619812056940723,Calibrated-LSTM-LogTarget-scale_mean,test
2025-08-20,2025-08-21,1.989152286945736,2.151024265633267,Calibrated-LSTM-LogTarget-scale_mean,test
2025-08-21,2025-08-22,6.511855987425645,1.9841451772302516,Calibrated-LSTM-LogTarget-scale_mean,test
2025-08-22,2025-08-25,3.721774310323592,2.335829432556176,Calibrated-LSTM-LogTarget-scale_mean,test
2025-08-25,2025-08-26,10.672831463331164,2.284381597712937,Calibrated-LSTM-LogTarget-scale_mean,test
2025-08-26,2025-08-27,0.1033600134238672,2.077098936292177,Calibrated-LSTM-LogTarget-scale_mean,test
2025-08-27,2025-08-28,0.2196933006813634,2.1537720432480243,Calibrated-LSTM-LogTarget-scale_mean,test
2025-08-28,2025-08-29,0.0064454873601164,2.0381758424794523,Calibrated-LSTM-LogTarget-scale_mean,test
2025-08-29,2025-09-03,0.0029279074904991,2.1804999745680758,Calibrated-LSTM-LogTarget-scale_mean,test
2025-09-03,2025-09-04,0.7878709714332047,2.069555625119715,Calibrated-LSTM-LogTarget-scale_mean,test
2025-09-04,2025-09-05,3.0401082196490887,1.9324268458863816,Calibrated-LSTM-LogTarget-scale_mean,test
2025-09-05,2025-09-08,6.650758234823594,2.29175945677153,Calibrated-LSTM-LogTarget-scale_mean,test
2025-09-08,2025-09-09,0.6150034620566089,2.4654424852408754,Calibrated-LSTM-LogTarget-scale_mean,test
2025-09-09,2025-09-10,0.1311392104891743,1.9527882877231577,Calibrated-LSTM-LogTarget-scale_mean,test
2025-09-10,2025-09-11,0.7707413531131861,1.8899501084493517,Calibrated-LSTM-LogTarget-scale_mean,test
2025-09-11,2025-09-12,0.3272182232185671,2.0419603215242303,Calibrated-LSTM-LogTarget-scale_mean,test
2025-09-12,2025-09-15,1.1076835127457196,1.9992831007500371,Calibrated-LSTM-LogTarget-scale_mean,test
2025-09-15,2025-09-16,0.0564941879844652,1.8903079181061535,Calibrated-LSTM-LogTarget-scale_mean,test
2025-09-16,2025-09-17,0.3510643230345384,2.0858894228497733,Calibrated-LSTM-LogTarget-scale_mean,test
2025-09-17,2025-09-18,0.1204832995414096,2.020667891365071,Calibrated-LSTM-LogTarget-scale_mean,test
2025-09-18,2025-09-19,0.1558113286329437,1.927794274136409,Calibrated-LSTM-LogTarget-scale_mean,test
2025-09-19,2025-09-22,2.1548992233102013,1.9777988801791793,Calibrated-LSTM-LogTarget-scale_mean,test
2025-09-22,2025-09-23,0.0024547743448737,2.18268908280356,Calibrated-LSTM-LogTarget-scale_mean,test
2025-09-23,2025-09-24,1.8183165781347828,1.7642417802411465,Calibrated-LSTM-LogTarget-scale_mean,test
2025-09-24,2025-09-25,0.2696988542084727,1.8276583783294365,Calibrated-LSTM-LogTarget-scale_mean,test
2025-09-25,2025-09-26,0.1049995667244043,1.8321540609767186,Calibrated-LSTM-LogTarget-scale_mean,test
2025-09-26,2025-09-29,0.1207157531709924,1.9140096315878452,Calibrated-LSTM-LogTarget-scale_mean,test
2025-09-29,2025-09-30,0.0825092745825899,1.800516583281591,Calibrated-LSTM-LogTarget-scale_mean,test
2025-09-30,2025-10-01,0.0405610853854958,1.9876199823300345,Calibrated-LSTM-LogTarget-scale_mean,test
2025-10-01,2025-10-02,0.5533556929381476,1.6935630250174107,Calibrated-LSTM-LogTarget-scale_mean,test
2025-10-02,2025-10-03,0.1745254722126338,1.771584357777156,Calibrated-LSTM-LogTarget-scale_mean,test
2025-10-03,2025-10-06,8.84404690494525,1.829299050866069,Calibrated-LSTM-LogTarget-scale_mean,test
2025-10-06,2025-10-07,0.3641027934298682,1.9041617789069152,Calibrated-LSTM-LogTarget-scale_mean,test
2025-10-07,2025-10-08,0.5486921315455813,1.877511648938142,Calibrated-LSTM-LogTarget-scale_mean,test
2025-10-08,2025-10-09,1.1922218605244943,2.0309259230361394,Calibrated-LSTM-LogTarget-scale_mean,test
2025-10-09,2025-10-10,3.220212549761636,1.992996601429755,Calibrated-LSTM-LogTarget-scale_mean,test
2025-10-10,2025-10-13,1.0007740943267542,1.9034282763249664,Calibrated-LSTM-LogTarget-scale_mean,test
2025-10-13,2025-10-14,0.0530277849803774,2.011092091773266,Calibrated-LSTM-LogTarget-scale_mean,test
2025-10-14,2025-10-15,0.0312420838438003,2.3101318524846124,Calibrated-LSTM-LogTarget-scale_mean,test
2025-10-15,2025-10-16,0.2550192069697773,2.1759267866309906,Calibrated-LSTM-LogTarget-scale_mean,test
2025-10-16,2025-10-17,4.157221997254808,2.0760795306275996,Calibrated-LSTM-LogTarget-scale_mean,test
2025-10-17,2025-10-20,31.687885302040943,2.4642295494240845,Calibrated-LSTM-LogTarget-scale_mean,test
2025-10-20,2025-10-21,2.6780326889178614,5.3236338167981065,Calibrated-LSTM-LogTarget-scale_mean,test
2025-10-21,2025-10-22,0.8133878588699036,2.8169639310642642,Calibrated-LSTM-LogTarget-scale_mean,test
2025-10-22,2025-10-23,0.2587585559528909,2.3965138130851664,Calibrated-LSTM-LogTarget-scale_mean,test
2025-10-23,2025-10-24,0.053015415411533,2.3236216444849465,Calibrated-LSTM-LogTarget-scale_mean,test
2025-10-24,2025-10-27,3.375069844215606,2.5234283211265343,Calibrated-LSTM-LogTarget-scale_mean,test
2025-10-27,2025-10-28,2.814969211801454,2.624325352935329,Calibrated-LSTM-LogTarget-scale_mean,test
2025-10-28,2025-10-29,0.1002770987516237,2.1697902311984905,Calibrated-LSTM-LogTarget-scale_mean,test
2025-10-29,2025-10-30,0.939332335111435,1.9803995032914061,Calibrated-LSTM-LogTarget-scale_mean,test
2025-10-30,2025-10-31,3.2700587697209347,2.097061574015171,Calibrated-LSTM-LogTarget-scale_mean,test
2025-10-31,2025-11-03,1.9349432702427485,2.5059948601795985,Calibrated-LSTM-LogTarget-scale_mean,test
2025-11-03,2025-11-04,4.580450857721864,2.5336768238102256,Calibrated-LSTM-LogTarget-scale_mean,test
2025-11-04,2025-11-05,0.0309750452194787,2.257003766596549,Calibrated-LSTM-LogTarget-scale_mean,test
2025-11-05,2025-11-06,0.5520248822173379,1.8322027670073606,Calibrated-LSTM-LogTarget-scale_mean,test
2025-11-06,2025-11-07,7.216601336017348,1.88987868982048,Calibrated-LSTM-LogTarget-scale_mean,test
2025-11-07,2025-11-10,1.3629185312754708,3.0956757235673327,Calibrated-LSTM-LogTarget-scale_mean,test
2025-11-10,2025-11-11,0.6782053056730832,2.616701959254467,Calibrated-LSTM-LogTarget-scale_mean,test
2025-11-11,2025-11-12,5.625713037940661,2.041914680663252,Calibrated-LSTM-LogTarget-scale_mean,test
2025-11-12,2025-11-13,0.000662589539105,2.14648475035487,Calibrated-LSTM-LogTarget-scale_mean,test
2025-11-13,2025-11-14,0.0605676682080504,1.9525271142367375,Calibrated-LSTM-LogTarget-scale_mean,test
2025-11-14,2025-11-17,1.328575255573558,1.783295754271596,Calibrated-LSTM-LogTarget-scale_mean,test
2025-11-17,2025-11-18,0.1101519148224003,1.6226396028423458,Calibrated-LSTM-LogTarget-scale_mean,test
2025-11-18,2025-11-19,0.4356481626659925,1.6893572666047838,Calibrated-LSTM-LogTarget-scale_mean,test
2025-11-19,2025-11-20,0.1789267767214806,1.7798097886925786,Calibrated-LSTM-LogTarget-scale_mean,test
2025-11-20,2025-11-21,0.0040999105070223,1.5565544947379504,Calibrated-LSTM-LogTarget-scale_mean,test
2025-11-21,2025-11-24,0.6169476621587812,1.639072824200452,Calibrated-LSTM-LogTarget-scale_mean,test
2025-11-24,2025-11-25,0.2096602420348715,1.4334034156251234,Calibrated-LSTM-LogTarget-scale_mean,test
2025-11-25,2025-11-26,1.433673327817772,1.7514950700230378,Calibrated-LSTM-LogTarget-scale_mean,test
2025-11-26,2025-11-27,0.0554068207335508,1.5864746492998791,Calibrated-LSTM-LogTarget-scale_mean,test
2025-11-27,2025-11-28,0.1562015926240177,1.535461853738731,Calibrated-LSTM-LogTarget-scale_mean,test
2025-11-28,2025-12-01,0.39639182484541,1.544282042682269,Calibrated-LSTM-LogTarget-scale_mean,test
2025-12-01,2025-12-02,0.8106128656312585,1.4276054232161688,Calibrated-LSTM-LogTarget-scale_mean,test
2025-12-02,2025-12-03,0.7276910420234725,1.501588373238127,Calibrated-LSTM-LogTarget-scale_mean,test
2025-12-03,2025-12-04,0.0994544592328996,1.565307556696681,Calibrated-LSTM-LogTarget-scale_mean,test
2025-12-04,2025-12-05,0.0550277452970135,1.6234710004603763,Calibrated-LSTM-LogTarget-scale_mean,test
2025-12-05,2025-12-08,0.5051234930048776,1.5165107134088889,Calibrated-LSTM-LogTarget-scale_mean,test
2025-12-08,2025-12-09,0.1408736793364905,1.4117422042255299,Calibrated-LSTM-LogTarget-scale_mean,test
2025-12-09,2025-12-10,2.645907078453935,1.7497424913182236,Calibrated-LSTM-LogTarget-scale_mean,test
2025-12-10,2025-12-11,1.3806505812729413,1.7805381046520716,Calibrated-LSTM-LogTarget-scale_mean,test
2025-12-11,2025-12-12,9.667324836347865,1.804245056962967,Calibrated-LSTM-LogTarget-scale_mean,test
2025-12-12,2025-12-15,0.0028567239256699,3.3553370675256184,Calibrated-LSTM-LogTarget-scale_mean,test
2025-12-15,2025-12-16,3.980584197891362,2.071506295051159,Calibrated-LSTM-LogTarget-scale_mean,test
2025-12-16,2025-12-17,0.1084209662548159,2.1198166699179,Calibrated-LSTM-LogTarget-scale_mean,test
2025-12-17,2025-12-18,0.0392718088641224,1.7941002696459938,Calibrated-LSTM-LogTarget-scale_mean,test
2025-12-18,2025-12-19,2.613324440401082,1.6951079740422457,Calibrated-LSTM-LogTarget-scale_mean,test
2025-12-19,2025-12-22,7.313697947150696,1.7308598681273546,Calibrated-LSTM-LogTarget-scale_mean,test
2025-12-22,2025-12-23,1.4374361396783522,1.7667203878891953,Calibrated-LSTM-LogTarget-scale_mean,test
2025-12-23,2025-12-24,0.36034587773515,1.6604828782791976,Calibrated-LSTM-LogTarget-scale_mean,test
2025-12-24,2025-12-25,5.141409326470893,1.637681827863739,Calibrated-LSTM-LogTarget-scale_mean,test
2025-12-25,2025-12-26,0.5648889447832609,2.4211292937110596,Calibrated-LSTM-LogTarget-scale_mean,test
2025-12-26,2025-12-29,2.0655121585777008,2.383789515640857,Calibrated-LSTM-LogTarget-scale_mean,test
2025-12-29,2025-12-30,0.4690762256667201,1.7749865012333694,Calibrated-LSTM-LogTarget-scale_mean,test
2025-12-30,2025-12-31,0.9813005407165244,1.7061392932857387,Calibrated-LSTM-LogTarget-scale_mean,test
2020-02-05,2020-02-06,1.8356018915555292,3.1679207970002294,Calibrated-LSTM-LogTarget-scale_mean,validation
2020-02-06,2020-02-07,0.0553168362540114,2.090380029266271,Calibrated-LSTM-LogTarget-scale_mean,validation
2020-02-07,2020-02-10,1.14665654297727,1.755578204759169,Calibrated-LSTM-LogTarget-scale_mean,validation
2020-02-10,2020-02-11,0.1784472180385378,2.061710343818088,Calibrated-LSTM-LogTarget-scale_mean,validation
2020-02-11,2020-02-12,0.1033759850072604,1.7694699259979947,Calibrated-LSTM-LogTarget-scale_mean,validation
2020-02-12,2020-02-13,0.0035645724311596,1.4808906344949404,Calibrated-LSTM-LogTarget-scale_mean,validation
2020-02-13,2020-02-14,0.007095648592579,1.3857712799438804,Calibrated-LSTM-LogTarget-scale_mean,validation
2020-02-14,2020-02-17,0.0819627293788475,1.3054599363884056,Calibrated-LSTM-LogTarget-scale_mean,validation
2020-02-17,2020-02-18,0.5393743252289994,1.2585652136908516,Calibrated-LSTM-LogTarget-scale_mean,validation
2020-02-18,2020-02-19,0.0079935084291448,1.2788363599157033,Calibrated-LSTM-LogTarget-scale_mean,validation
2020-02-19,2020-02-20,1.007648372641439,1.203556193666876,Calibrated-LSTM-LogTarget-scale_mean,validation
2020-02-20,2020-02-21,0.2901840002942764,1.0033914998587747,Calibrated-LSTM-LogTarget-scale_mean,validation
2020-02-21,2020-02-24,10.499319840007198,1.0529152736828113,Calibrated-LSTM-LogTarget-scale_mean,validation
2020-02-24,2020-02-25,0.487607684946675,2.295796245052365,Calibrated-LSTM-LogTarget-scale_mean,validation
2020-02-25,2020-02-26,2.3027959637577347,2.3061293750363974,Calibrated-LSTM-LogTarget-scale_mean,validation
2020-02-26,2020-02-27,0.0757898564940438,3.3186649097598315,Calibrated-LSTM-LogTarget-scale_mean,validation
2020-02-27,2020-02-28,3.3315279697661397,3.1466890881962297,Calibrated-LSTM-LogTarget-scale_mean,validation
2020-02-28,2020-03-02,0.0643087707016609,4.042447669351169,Calibrated-LSTM-LogTarget-scale_mean,validation
2020-03-02,2020-03-03,0.4848687144344406,3.417727273207021,Calibrated-LSTM-LogTarget-scale_mean,validation
2020-03-03,2020-03-04,0.0194121329487549,2.520879591024697,Calibrated-LSTM-LogTarget-scale_mean,validation
2020-03-04,2020-03-05,0.1953921289983395,2.305655887642999,Calibrated-LSTM-LogTarget-scale_mean,validation
2020-03-05,2020-03-06,0.0439125584620563,1.8211551117167468,Calibrated-LSTM-LogTarget-scale_mean,validation
2020-03-06,2020-03-09,42.01600464009923,1.6237160315138506,Calibrated-LSTM-LogTarget-scale_mean,validation
2020-03-09,2020-03-10,0.0577385447930077,9.99042314246814,Calibrated-LSTM-LogTarget-scale_mean,validation
2020-03-10,2020-03-11,10.062685801317658,10.87192228226778,Calibrated-LSTM-LogTarget-scale_mean,validation
2020-03-11,2020-03-12,28.39132734538161,10.132690083357952,Calibrated-LSTM-LogTarget-scale_mean,validation
2020-03-12,2020-03-13,0.9522274265858316,14.741191591042046,Calibrated-LSTM-LogTarget-scale_mean,validation
2020-03-13,2020-03-16,3.4010756349170417,16.289911179566705,Calibrated-LSTM-LogTarget-scale_mean,validation
2020-03-16,2020-03-17,0.0775702786503674,12.57079656120597,Calibrated-LSTM-LogTarget-scale_mean,validation
2020-03-17,2020-03-18,0.0633870572758951,9.410425937844899,Calibrated-LSTM-LogTarget-scale_mean,validation
2020-03-18,2020-03-19,8.691271441121467,6.686536082540415,Calibrated-LSTM-LogTarget-scale_mean,validation
2020-03-19,2020-03-20,5.099806319623413,8.335803876138854,Calibrated-LSTM-LogTarget-scale_mean,validation
2020-03-20,2020-03-23,39.324753398937766,9.364260390878032,Calibrated-LSTM-LogTarget-scale_mean,validation
2020-03-23,2020-03-24,1.2394404253652411,16.45043838397995,Calibrated-LSTM-LogTarget-scale_mean,validation
2020-03-24,2020-03-25,21.170767602446844,18.727752867850977,Calibrated-LSTM-LogTarget-scale_mean,validation
2020-03-25,2020-03-26,0.3272592319629427,9.946573555274195,Calibrated-LSTM-LogTarget-scale_mean,validation
2020-03-26,2020-03-27,0.0708281107928228,11.01482870746539,Calibrated-LSTM-LogTarget-scale_mean,validation
2020-03-27,2020-03-30,24.77812989942355,7.60957474157566,Calibrated-LSTM-LogTarget-scale_mean,validation
2020-03-30,2020-03-31,0.0016614736162584,12.305470113117122,Calibrated-LSTM-LogTarget-scale_mean,validation
2020-03-31,2020-04-01,6.951204185299923,12.10519247797576,Calibrated-LSTM-LogTarget-scale_mean,validation
2020-04-01,2020-04-03,9.745314866975544,7.82451669259269,Calibrated-LSTM-LogTarget-scale_mean,validation
2020-04-03,2020-04-06,23.61975403181723,6.206838512187022,Calibrated-LSTM-LogTarget-scale_mean,validation
2020-04-06,2020-04-07,1.7959977540981795,6.193046345601481,Calibrated-LSTM-LogTarget-scale_mean,validation
2020-04-07,2020-04-08,0.031670113685362,3.7235366135132257,Calibrated-LSTM-LogTarget-scale_mean,validation
2020-04-08,2020-04-09,2.664349091269905,2.5357978656005256,Calibrated-LSTM-LogTarget-scale_mean,validation
2020-04-09,2020-04-10,0.0991193599969613,1.812401309108221,Calibrated-LSTM-LogTarget-scale_mean,validation
2020-04-10,2020-04-13,1.0616734405284087,1.2461599410185806,Calibrated-LSTM-LogTarget-scale_mean,validation
2020-04-13,2020-04-14,0.044657326796299,0.9709734432627622,Calibrated-LSTM-LogTarget-scale_mean,validation
2020-04-14,2020-04-15,1.6134694756828007,0.8991530181593709,Calibrated-LSTM-LogTarget-scale_mean,validation
2020-04-15,2020-04-16,0.1995857905304535,0.81113622515076,Calibrated-LSTM-LogTarget-scale_mean,validation
2020-04-16,2020-04-17,1.2849435357813008,0.8170158913590665,Calibrated-LSTM-LogTarget-scale_mean,validation
2020-04-17,2020-04-20,0.4593979249949131,0.8175234815587483,Calibrated-LSTM-LogTarget-scale_mean,validation
2020-04-20,2020-04-21,12.978873344019766,0.8312381666867745,Calibrated-LSTM-LogTarget-scale_mean,validation
2020-04-21,2020-04-22,0.0733737116381983,1.4023433442839337,Calibrated-LSTM-LogTarget-scale_mean,validation
2020-04-22,2020-04-23,0.4184349588364568,1.2391491285314526,Calibrated-LSTM-LogTarget-scale_mean,validation
2020-04-23,2020-04-24,0.1258182196300893,1.0873996599219589,Calibrated-LSTM-LogTarget-scale_mean,validation
2020-04-24,2020-04-27,0.5795257679139346,1.0244536150855734,Calibrated-LSTM-LogTarget-scale_mean,validation
2020-04-27,2020-04-28,0.2143187476000118,1.0836692826104315,Calibrated-LSTM-LogTarget-scale_mean,validation
2020-04-28,2020-04-29,0.0611792667418572,1.1237631307310747,Calibrated-LSTM-LogTarget-scale_mean,validation
2020-04-29,2020-05-04,0.7518344451734201,1.110636071813459,Calibrated-LSTM-LogTarget-scale_mean,validation
2020-05-04,2020-05-05,0.0490191944837796,1.1642618926362196,Calibrated-LSTM-LogTarget-scale_mean,validation
2020-05-05,2020-05-06,5.6795185291388,1.1803285245027877,Calibrated-LSTM-LogTarget-scale_mean,validation
2020-05-06,2020-05-07,3.121729248484887,0.9010915524063172,Calibrated-LSTM-LogTarget-scale_mean,validation
2020-05-07,2020-05-08,4.558766386917776,0.8844677172789942,Calibrated-LSTM-LogTarget-scale_mean,validation
2020-05-08,2020-05-11,3.1623544686065705,0.9083602892214758,Calibrated-LSTM-LogTarget-scale_mean,validation
2020-05-11,2020-05-12,0.7061476617266061,0.9453703963976338,Calibrated-LSTM-LogTarget-scale_mean,validation
2020-05-12,2020-05-13,0.0176814396147646,0.8938647835124761,Calibrated-LSTM-LogTarget-scale_mean,validation
2020-05-13,2020-05-14,0.0471790852184788,0.8793207776856908,Calibrated-LSTM-LogTarget-scale_mean,validation
2020-05-14,2020-05-15,0.4188839500568042,0.8896877363961504,Calibrated-LSTM-LogTarget-scale_mean,validation
2020-05-15,2020-05-18,1.4388117144550177,0.9289893405528853,Calibrated-LSTM-LogTarget-scale_mean,validation
2020-05-18,2020-05-19,1.1212214832868546,0.9306062819854808,Calibrated-LSTM-LogTarget-scale_mean,validation
2020-05-19,2020-05-20,0.6772038230630518,0.9301913594939433,Calibrated-LSTM-LogTarget-scale_mean,validation
2020-05-20,2020-05-21,1.3105093570623978,0.9230434372177696,Calibrated-LSTM-LogTarget-scale_mean,validation
2020-05-21,2020-05-22,1.3565460202551032,0.9493662605991496,Calibrated-LSTM-LogTarget-scale_mean,validation
2020-05-22,2020-05-25,0.541812619677385,0.989573005470293,Calibrated-LSTM-LogTarget-scale_mean,validation
2020-05-25,2020-05-26,1.3635757531139376,0.9994604643887435,Calibrated-LSTM-LogTarget-scale_mean,validation
2020-05-26,2020-05-27,1.8211114283606344,0.9865983643381124,Calibrated-LSTM-LogTarget-scale_mean,validation
2020-05-27,2020-05-28,0.2069802660068541,1.074629092492234,Calibrated-LSTM-LogTarget-scale_mean,validation
2020-05-28,2020-05-29,0.1273946587706487,1.07585204505765,Calibrated-LSTM-LogTarget-scale_mean,validation
2020-05-29,2020-06-01,2.6545527294324818,1.0854365306610894,Calibrated-LSTM-LogTarget-scale_mean,validation
2020-06-01,2020-06-02,0.1948438272852952,1.0245216406314643,Calibrated-LSTM-LogTarget-scale_mean,validation
2020-06-02,2020-06-03,0.526391032778092,1.0014693586192474,Calibrated-LSTM-LogTarget-scale_mean,validation
2020-06-03,2020-06-04,0.0956890209261397,0.9673680882721973,Calibrated-LSTM-LogTarget-scale_mean,validation
2020-06-04,2020-06-05,0.068711754863941,0.9589557818637962,Calibrated-LSTM-LogTarget-scale_mean,validation
2020-06-05,2020-06-08,2.3533534927844846,0.9590464390887717,Calibrated-LSTM-LogTarget-scale_mean,validation
2020-06-08,2020-06-09,0.0029663396470081,0.9109099658800279,Calibrated-LSTM-LogTarget-scale_mean,validation
2020-06-09,2020-06-10,0.0192877721914381,0.9077641594719338,Calibrated-LSTM-LogTarget-scale_mean,validation
2020-06-10,2020-06-11,14.20113167350128,0.9320234697695632,Calibrated-LSTM-LogTarget-scale_mean,validation
2020-06-11,2020-06-12,0.1978991573902568,2.127646784757593,Calibrated-LSTM-LogTarget-scale_mean,validation
2020-06-12,2020-06-15,13.410151498832947,1.8516840955432372,Calibrated-LSTM-LogTarget-scale_mean,validation
2020-06-15,2020-06-16,7.854033490557961,3.575919664852175,Calibrated-LSTM-LogTarget-scale_mean,validation
2020-06-16,2020-06-17,0.0390437911460607,3.462226591455257,Calibrated-LSTM-LogTarget-scale_mean,validation
2020-06-17,2020-06-18,0.0094269529730988,2.8188387006283904,Calibrated-LSTM-LogTarget-scale_mean,validation
2020-06-18,2020-06-19,2.3775972708277777,2.427621133227335,Calibrated-LSTM-LogTarget-scale_mean,validation
2020-06-19,2020-06-22,0.0977642075595444,1.7379394095026697,Calibrated-LSTM-LogTarget-scale_mean,validation
2020-06-22,2020-06-23,0.1254074833473004,1.2956613680955589,Calibrated-LSTM-LogTarget-scale_mean,validation
2020-06-23,2020-06-24,0.9656953175585764,1.1209967222014128,Calibrated-LSTM-LogTarget-scale_mean,validation
2020-06-24,2020-06-25,0.3568032861992914,1.089094830870818,Calibrated-LSTM-LogTarget-scale_mean,validation
2020-06-25,2020-06-26,0.0935607015251472,1.0895498510142803,Calibrated-LSTM-LogTarget-scale_mean,validation
2020-06-26,2020-06-29,7.240799310682349,1.0880225718897563,Calibrated-LSTM-LogTarget-scale_mean,validation
2020-06-29,2020-06-30,0.263950183757359,1.8715894150819965,Calibrated-LSTM-LogTarget-scale_mean,validation
2020-06-30,2020-07-01,4.853797558668691,1.696477569065296,Calibrated-LSTM-LogTarget-scale_mean,validation
2020-07-01,2020-07-02,0.0173403520116891,1.3154787529271692,Calibrated-LSTM-LogTarget-scale_mean,validation
2020-07-02,2020-07-03,0.3830874038106421,1.3210389803180147,Calibrated-LSTM-LogTarget-scale_mean,validation
2020-07-03,2020-07-06,2.515298700046254,1.1961416650990147,Calibrated-LSTM-LogTarget-scale_mean,validation
2020-07-06,2020-07-07,0.0686927141453309,0.959369811059915,Calibrated-LSTM-LogTarget-scale_mean,validation
2020-07-07,2020-07-08,0.0156264509294999,0.9307583889325224,Calibrated-LSTM-LogTarget-scale_mean,validation
2020-07-08,2020-07-09,1.8878106377661732,0.9075831356241998,Calibrated-LSTM-LogTarget-scale_mean,validation
2020-07-09,2020-07-10,0.3609627180509834,0.8941035030461003,Calibrated-LSTM-LogTarget-scale_mean,validation
2020-07-10,2020-07-13,0.0819210906952639,0.8991904273397691,Calibrated-LSTM-LogTarget-scale_mean,validation
2020-07-13,2020-07-14,0.0049340673468667,0.9339436878475292,Calibrated-LSTM-LogTarget-scale_mean,validation
2020-07-14,2020-07-15,0.0429038013029008,0.9979340733735331,Calibrated-LSTM-LogTarget-scale_mean,validation
2020-07-15,2020-07-16,0.6277983835430785,1.0244983135888979,Calibrated-LSTM-LogTarget-scale_mean,validation
2020-07-16,2020-07-17,0.3025848721746239,0.9768546833329856,Calibrated-LSTM-LogTarget-scale_mean,validation
2020-07-17,2020-07-20,1.5014548821169582,1.0410895474298365,Calibrated-LSTM-LogTarget-scale_mean,validation
2020-07-20,2020-07-21,0.0011330265098316,1.1395678090659547,Calibrated-LSTM-LogTarget-scale_mean,validation
2020-07-21,2020-07-22,0.5929839946327068,1.176938023811435,Calibrated-LSTM-LogTarget-scale_mean,validation
2020-07-22,2020-07-23,0.0380690415470228,1.2375903544247517,Calibrated-LSTM-LogTarget-scale_mean,validation
2020-07-23,2020-07-24,10.714506391324338,1.240043736647932,Calibrated-LSTM-LogTarget-scale_mean,validation
2020-07-24,2020-07-27,29.71654662116303,2.3446318515002447,Calibrated-LSTM-LogTarget-scale_mean,validation
2020-07-27,2020-07-28,12.442241141417854,8.525701166521625,Calibrated-LSTM-LogTarget-scale_mean,validation
2020-07-28,2020-07-29,7.88382185098053,7.3071180639360485,Calibrated-LSTM-LogTarget-scale_mean,validation
2020-07-29,2020-07-30,1.6712179001127756,7.930956353445581,Calibrated-LSTM-LogTarget-scale_mean,validation
2020-07-30,2020-07-31,0.1173768950572407,8.361909558354197,Calibrated-LSTM-LogTarget-scale_mean,validation
2020-07-31,2020-08-03,4.064809725455425,6.805300988026345,Calibrated-LSTM-LogTarget-scale_mean,validation
2020-08-03,2020-08-04,2.475940854259596,4.472984932644084,Calibrated-LSTM-LogTarget-scale_mean,validation
2020-08-04,2020-08-05,1.5093873640970836,3.1874369675232557,Calibrated-LSTM-LogTarget-scale_mean,validation
2020-08-05,2020-08-06,0.0712944062273411,1.9605888064178028,Calibrated-LSTM-LogTarget-scale_mean,validation
2020-08-06,2020-08-07,0.0285261487999524,1.5318802579146387,Calibrated-LSTM-LogTarget-scale_mean,validation
2020-08-07,2020-08-10,0.0426711422269859,1.303238443485127,Calibrated-LSTM-LogTarget-scale_mean,validation
2020-08-10,2020-08-11,0.0002025643928529,1.0593735343731037,Calibrated-LSTM-LogTarget-scale_mean,validation
2020-08-11,2020-08-12,0.2065144883305979,1.003692612447628,Calibrated-LSTM-LogTarget-scale_mean,validation
2020-08-12,2020-08-13,0.9127332835843408,0.951578542578814,Calibrated-LSTM-LogTarget-scale_mean,validation
2020-08-13,2020-08-14,0.255367280706292,0.8857446339891974,Calibrated-LSTM-LogTarget-scale_mean,validation
2020-08-14,2020-08-17,0.0048129527023226,0.9248102031065482,Calibrated-LSTM-LogTarget-scale_mean,validation
2020-08-17,2020-08-18,0.1923085427612989,0.918179092483697,Calibrated-LSTM-LogTarget-scale_mean,validation
2020-08-18,2020-08-19,0.3171223716823505,0.9454097284477793,Calibrated-LSTM-LogTarget-scale_mean,validation
2020-08-19,2020-08-20,0.1246527755214606,0.924915273487701,Calibrated-LSTM-LogTarget-scale_mean,validation
2020-08-20,2020-08-21,0.5953479247893214,0.9746419618172237,Calibrated-LSTM-LogTarget-scale_mean,validation
2020-08-21,2020-08-24,2.601992310993434,0.9160795135695284,Calibrated-LSTM-LogTarget-scale_mean,validation
2020-08-24,2020-08-25,0.3897315001367304,0.8929321508113879,Calibrated-LSTM-LogTarget-scale_mean,validation
2020-08-25,2020-08-26,0.0055335984725061,0.9017849906056247,Calibrated-LSTM-LogTarget-scale_mean,validation
2020-08-26,2020-08-27,0.0201247832938772,0.920886187988678,Calibrated-LSTM-LogTarget-scale_mean,validation
2020-08-27,2020-08-28,0.2371438175251532,0.939254368233139,Calibrated-LSTM-LogTarget-scale_mean,validation
2020-08-28,2020-08-31,0.0919913483576587,0.9665598074245743,Calibrated-LSTM-LogTarget-scale_mean,validation
2020-08-31,2020-09-01,1.2923697898915891,0.9720041565809784,Calibrated-LSTM-LogTarget-scale_mean,validation
2020-09-01,2020-09-03,1.8585263119302429,0.9088572366467418,Calibrated-LSTM-LogTarget-scale_mean,validation
2020-09-03,2020-09-04,0.0724558184717704,0.8851583868063755,Calibrated-LSTM-LogTarget-scale_mean,validation
2020-09-04,2020-09-07,2.20557465755946,0.9264175513990274,Calibrated-LSTM-LogTarget-scale_mean,validation
2020-09-07,2020-09-08,0.045178302752493,1.0872958327330826,Calibrated-LSTM-LogTarget-scale_mean,validation
2020-09-08,2020-09-09,0.0084939812398233,1.0803699319356646,Calibrated-LSTM-LogTarget-scale_mean,validation
2020-09-09,2020-09-10,0.003162773705203,1.1766834033148763,Calibrated-LSTM-LogTarget-scale_mean,validation
2020-09-10,2020-09-11,0.0002847617108647,1.206086593998085,Calibrated-LSTM-LogTarget-scale_mean,validation
2020-09-11,2020-09-14,0.3943421427943259,1.1983910147902912,Calibrated-LSTM-LogTarget-scale_mean,validation
2020-09-14,2020-09-15,0.0356225443834294,1.059655444845842,Calibrated-LSTM-LogTarget-scale_mean,validation
2020-09-15,2020-09-16,0.0182018998394976,1.026355144731408,Calibrated-LSTM-LogTarget-scale_mean,validation
2020-09-16,2020-09-17,0.1466259433788813,1.0148067974521202,Calibrated-LSTM-LogTarget-scale_mean,validation
2020-09-17,2020-09-18,0.5927837774192054,1.0358385643957482,Calibrated-LSTM-LogTarget-scale_mean,validation
2020-09-18,2020-09-21,0.5973025247310948,0.9595042002867114,Calibrated-LSTM-LogTarget-scale_mean,validation
2020-09-21,2020-09-22,0.0372219865301334,0.9485472395132567,Calibrated-LSTM-LogTarget-scale_mean,validation
2020-09-22,2020-09-23,0.4815094749114654,0.961745036318093,Calibrated-LSTM-LogTarget-scale_mean,validation
2020-09-23,2020-09-24,0.1853426709964717,0.9207529269033973,Calibrated-LSTM-LogTarget-scale_mean,validation
2020-09-24,2020-09-25,0.0011645154128207,0.9577216161815176,Calibrated-LSTM-LogTarget-scale_mean,validation
2020-09-25,2020-09-28,0.2158897933071618,0.9716637844555673,Calibrated-LSTM-LogTarget-scale_mean,validation
2020-09-28,2020-09-29,0.8800033176965605,0.9471891564357153,Calibrated-LSTM-LogTarget-scale_mean,validation
2020-09-29,2020-09-30,0.0184885133347586,0.9989156438068066,Calibrated-LSTM-LogTarget-scale_mean,validation
2020-09-30,2020-10-01,0.9529808677190772,0.979603156442383,Calibrated-LSTM-LogTarget-scale_mean,validation
2020-10-01,2020-10-02,0.2100701799336074,0.9366666674202819,Calibrated-LSTM-LogTarget-scale_mean,validation
2020-10-02,2020-10-05,0.2733808865752189,0.9949758117641503,Calibrated-LSTM-LogTarget-scale_mean,validation
2020-10-05,2020-10-06,0.0117020561613317,0.9488741975515401,Calibrated-LSTM-LogTarget-scale_mean,validation
2020-10-06,2020-10-07,0.194766708657986,0.9671590370291588,Calibrated-LSTM-LogTarget-scale_mean,validation
2020-10-07,2020-10-08,0.0091636773062023,0.9445237455451314,Calibrated-LSTM-LogTarget-scale_mean,validation
2020-10-08,2020-10-09,0.3136074736535195,0.9520415916361465,Calibrated-LSTM-LogTarget-scale_mean,validation
2020-10-09,2020-10-12,0.039147029875858,0.9157186614921782,Calibrated-LSTM-LogTarget-scale_mean,validation
2020-10-12,2020-10-13,0.1886516440368795,0.9256146869423761,Calibrated-LSTM-LogTarget-scale_mean,validation
2020-10-13,2020-10-14,1.2182219245675234,0.903744712942685,Calibrated-LSTM-LogTarget-scale_mean,validation
2020-10-14,2020-10-15,0.0750977601457549,0.8770779104932666,Calibrated-LSTM-LogTarget-scale_mean,validation
2020-10-15,2020-10-16,0.0032789630718449,0.9131792561392327,Calibrated-LSTM-LogTarget-scale_mean,validation
2020-10-16,2020-10-19,0.0017086378411738,0.9253973389696143,Calibrated-LSTM-LogTarget-scale_mean,validation
2020-10-19,2020-10-20,0.0059793113747856,0.9315098578338283,Calibrated-LSTM-LogTarget-scale_mean,validation
2020-10-20,2020-10-21,0.3275908040251104,0.9602342338814283,Calibrated-LSTM-LogTarget-scale_mean,validation
2020-10-21,2020-10-22,1.3246371755092925,0.9843507813798716,Calibrated-LSTM-LogTarget-scale_mean,validation
2020-10-22,2020-10-23,1.4132948922636843,0.9271049489468488,Calibrated-LSTM-LogTarget-scale_mean,validation
2020-10-23,2020-10-26,1.1970960361828058,0.9311021911667432,Calibrated-LSTM-LogTarget-scale_mean,validation
2020-10-26,2020-10-27,0.2083430476879338,1.0489557634191842,Calibrated-LSTM-LogTarget-scale_mean,validation
2020-10-27,2020-10-28,7.411979475736142,1.129096758902909,Calibrated-LSTM-LogTarget-scale_mean,validation
2020-10-28,2020-10-29,0.0458453997519621,2.257069148108257,Calibrated-LSTM-LogTarget-scale_mean,validation
2020-10-29,2020-10-30,0.4800476169952387,2.0081206632800774,Calibrated-LSTM-LogTarget-scale_mean,validation
2020-10-30,2020-11-02,0.7800511650758589,1.6563957996822989,Calibrated-LSTM-LogTarget-scale_mean,validation
2020-11-02,2020-11-03,0.0342682571944602,1.4553248151333604,Calibrated-LSTM-LogTarget-scale_mean,validation
2020-11-03,2020-11-04,0.2152577372300542,1.4333215688325025,Calibrated-LSTM-LogTarget-scale_mean,validation
2020-11-04,2020-11-05,0.045844571767648,1.2886923303552311,Calibrated-LSTM-LogTarget-scale_mean,validation
2020-11-05,2020-11-06,0.003314082741207,1.2596956170815448,Calibrated-LSTM-LogTarget-scale_mean,validation
2020-11-06,2020-11-09,2.10118385761475,1.2533073796926884,Calibrated-LSTM-LogTarget-scale_mean,validation
2020-11-09,2020-11-10,8.938431274224163e-05,1.076030201229846,Calibrated-LSTM-LogTarget-scale_mean,validation
2020-11-10,2020-11-11,0.0011297213251294,1.077658315669131,Calibrated-LSTM-LogTarget-scale_mean,validation
2020-11-11,2020-11-12,0.5456632914405392,1.0640605388724464,Calibrated-LSTM-LogTarget-scale_mean,validation
2020-11-12,2020-11-13,0.5301286092359084,1.00499021167895,Calibrated-LSTM-LogTarget-scale_mean,validation
2020-11-13,2020-11-16,2.614940684665197,0.9969602417185249,Calibrated-LSTM-LogTarget-scale_mean,validation
2020-11-16,2020-11-17,3.5600857195920512,1.246026249727587,Calibrated-LSTM-LogTarget-scale_mean,validation
2020-11-17,2020-11-18,0.2272651607739751,1.0753009610231972,Calibrated-LSTM-LogTarget-scale_mean,validation
2020-11-18,2020-11-19,0.9890184423772188,1.0465905765681163,Calibrated-LSTM-LogTarget-scale_mean,validation
2020-11-19,2020-11-20,0.4666750014882298,1.034354022262246,Calibrated-LSTM-LogTarget-scale_mean,validation
2020-11-20,2020-11-23,0.1783704119345972,1.0030870098575513,Calibrated-LSTM-LogTarget-scale_mean,validation
2020-11-23,2020-11-24,0.0248986125796567,0.9901219368982629,Calibrated-LSTM-LogTarget-scale_mean,validation
2020-11-24,2020-11-25,0.1754782563587062,1.044154044641075,Calibrated-LSTM-LogTarget-scale_mean,validation
2020-11-25,2020-11-26,0.3614717362335366,0.9968005242416634,Calibrated-LSTM-LogTarget-scale_mean,validation
2020-11-26,2020-11-27,0.1777363368777613,0.9742436401287599,Calibrated-LSTM-LogTarget-scale_mean,validation
2020-11-27,2020-11-30,0.50308697006867,0.9660153021377847,Calibrated-LSTM-LogTarget-scale_mean,validation
2020-11-30,2020-12-01,0.331272320082079,1.0920619807041378,Calibrated-LSTM-LogTarget-scale_mean,validation
2020-12-01,2020-12-02,0.2902563684716866,1.1043318879377795,Calibrated-LSTM-LogTarget-scale_mean,validation
2020-12-02,2020-12-03,0.290315397256232,1.0446242845201,Calibrated-LSTM-LogTarget-scale_mean,validation
2020-12-03,2020-12-04,0.0274172683613022,1.0298002023467403,Calibrated-LSTM-LogTarget-scale_mean,validation
2020-12-04,2020-12-07,0.6850937253628709,1.054664301959787,Calibrated-LSTM-LogTarget-scale_mean,validation
2020-12-07,2020-12-08,0.0048900250994697,1.000143517559856,Calibrated-LSTM-LogTarget-scale_mean,validation
2020-12-08,2020-12-09,0.9108272820038537,1.0310004063330123,Calibrated-LSTM-LogTarget-scale_mean,validation
2020-12-09,2020-12-10,0.6307404981430905,1.0341629177658485,Calibrated-LSTM-LogTarget-scale_mean,validation
2020-12-10,2020-12-11,2.1005332911557746,1.1498634297344443,Calibrated-LSTM-LogTarget-scale_mean,validation
2020-12-11,2020-12-14,2.953190631516623,1.0117787377855167,Calibrated-LSTM-LogTarget-scale_mean,validation
2020-12-14,2020-12-15,0.6927758012586854,1.0644568792827673,Calibrated-LSTM-LogTarget-scale_mean,validation
2020-12-15,2020-12-16,1.2199074044400842,1.2418668676197855,Calibrated-LSTM-LogTarget-scale_mean,validation
2020-12-16,2020-12-17,2.0641473967885817,1.1624240884597417,Calibrated-LSTM-LogTarget-scale_mean,validation
2020-12-17,2020-12-18,2.192631063716555,1.5015139097160384,Calibrated-LSTM-LogTarget-scale_mean,validation
2020-12-18,2020-12-21,1.6074554836667916,1.3355000605948661,Calibrated-LSTM-LogTarget-scale_mean,validation
2020-12-21,2020-12-22,0.0479545490733483,1.32789227816749,Calibrated-LSTM-LogTarget-scale_mean,validation
2020-12-22,2020-12-23,0.1771055150673424,1.3200555681980293,Calibrated-LSTM-LogTarget-scale_mean,validation
2020-12-23,2020-12-24,1.124406225180995,1.400759445463157,Calibrated-LSTM-LogTarget-scale_mean,validation
2020-12-24,2020-12-25,2.4671237918391133,1.4884662125869725,Calibrated-LSTM-LogTarget-scale_mean,validation
2020-12-25,2020-12-28,0.4034604996523059,1.3352962949959608,Calibrated-LSTM-LogTarget-scale_mean,validation
2020-12-28,2020-12-29,0.5549207078341868,1.318189305868252,Calibrated-LSTM-LogTarget-scale_mean,validation
2020-12-29,2020-12-30,0.0315106576863239,1.2635909638014236,Calibrated-LSTM-LogTarget-scale_mean,validation
2020-12-30,2020-12-31,0.3307256931476,1.2841584281204426,Calibrated-LSTM-LogTarget-scale_mean,validation
2020-12-31,2021-01-04,2.2278705339723945,1.1573323677430933,Calibrated-LSTM-LogTarget-scale_mean,validation
2021-01-04,2021-01-05,1.1499318142027897,1.255259990666891,Calibrated-LSTM-LogTarget-scale_mean,validation
2021-01-05,2021-01-06,0.8776630886951989,1.2320063531502574,Calibrated-LSTM-LogTarget-scale_mean,validation
2021-01-06,2021-01-07,1.3339004712332734,1.2461287451010554,Calibrated-LSTM-LogTarget-scale_mean,validation
2021-01-07,2021-01-08,0.9288877612518626,1.211963650420761,Calibrated-LSTM-LogTarget-scale_mean,validation
2021-01-08,2021-01-11,2.138176540768584,1.2296886310574073,Calibrated-LSTM-LogTarget-scale_mean,validation
2021-01-11,2021-01-12,0.3865727035398198,1.2253087085705785,Calibrated-LSTM-LogTarget-scale_mean,validation
2021-01-12,2021-01-13,0.2744693433035448,1.1888656393471324,Calibrated-LSTM-LogTarget-scale_mean,validation
2021-01-13,2021-01-14,0.0129409883939506,1.3193616229429699,Calibrated-LSTM-LogTarget-scale_mean,validation
2021-01-14,2021-01-15,0.3260937940923989,1.3237680913717427,Calibrated-LSTM-LogTarget-scale_mean,validation
2021-01-15,2021-01-18,0.0358827142959493,1.3235560178227284,Calibrated-LSTM-LogTarget-scale_mean,validation
2021-01-18,2021-01-19,27.541540391562137,1.3470564033967622,Calibrated-LSTM-LogTarget-scale_mean,validation
2021-01-19,2021-01-20,0.1055259451193829,5.3109538707664035,Calibrated-LSTM-LogTarget-scale_mean,validation
2021-01-20,2021-01-21,6.600825920548621,2.9998184354060076,Calibrated-LSTM-LogTarget-scale_mean,validation
2021-01-21,2021-01-22,0.0486234498742934,2.701757421130344,Calibrated-LSTM-LogTarget-scale_mean,validation
2021-01-22,2021-01-25,0.003916873597976,2.2814182342704776,Calibrated-LSTM-LogTarget-scale_mean,validation
2021-01-25,2021-01-26,6.76157056018748,2.2072413237641677,Calibrated-LSTM-LogTarget-scale_mean,validation
2021-01-26,2021-01-27,12.16950048366727,3.2638643912367287,Calibrated-LSTM-LogTarget-scale_mean,validation
2021-01-27,2021-01-28,47.71522267260341,5.263637956213476,Calibrated-LSTM-LogTarget-scale_mean,validation
2021-01-28,2021-01-29,9.864460610625494,11.233887168909769,Calibrated-LSTM-LogTarget-scale_mean,validation
2021-01-29,2021-02-01,4.068938921704016,6.495807414869935,Calibrated-LSTM-LogTarget-scale_mean,validation
2021-02-01,2021-02-02,14.37888811066259,5.226173644788748,Calibrated-LSTM-LogTarget-scale_mean,validation
2021-02-02,2021-02-03,10.698092971323405,5.396666790492803,Calibrated-LSTM-LogTarget-scale_mean,validation
2021-02-03,2021-02-04,0.006553579964635,4.8974900888540445,Calibrated-LSTM-LogTarget-scale_mean,validation
2021-02-04,2021-02-05,1.728785632859906,2.986794163736042,Calibrated-LSTM-LogTarget-scale_mean,validation
2021-02-05,2021-02-08,15.664350744194984,2.371735346492846,Calibrated-LSTM-LogTarget-scale_mean,validation
2021-02-08,2021-02-09,8.346588799606792,5.748597941047204,Calibrated-LSTM-LogTarget-scale_mean,validation
2021-02-09,2021-02-17,12.948351612917367,4.495607878388408,Calibrated-LSTM-LogTarget-scale_mean,validation
2021-02-17,2021-02-18,2.5487828873734144,4.475452294932517,Calibrated-LSTM-LogTarget-scale_mean,validation
2021-02-18,2021-02-19,0.0056191882730801,2.6873395499058446,Calibrated-LSTM-LogTarget-scale_mean,validation
2021-02-19,2021-02-22,0.0171990965562516,1.9912905306620987,Calibrated-LSTM-LogTarget-scale_mean,validation
2021-02-22,2021-02-23,0.04885188428266,1.7517890773374425,Calibrated-LSTM-LogTarget-scale_mean,validation
2021-02-23,2021-02-24,1.7852090551538884,1.6355094185453587,Calibrated-LSTM-LogTarget-scale_mean,validation
2021-02-24,2021-02-25,0.0863685922010339,1.8447997469145647,Calibrated-LSTM-LogTarget-scale_mean,validation
2021-02-25,2021-02-26,0.0678645793866586,1.6177181965529652,Calibrated-LSTM-LogTarget-scale_mean,validation
2021-02-26,2021-03-01,2.260340412751501,1.5982263467052678,Calibrated-LSTM-LogTarget-scale_mean,validation
2021-03-01,2021-03-02,0.0013754677373442,1.5657403400783705,Calibrated-LSTM-LogTarget-scale_mean,validation
2021-03-02,2021-03-03,0.0008207623047958,1.4287415117549174,Calibrated-LSTM-LogTarget-scale_mean,validation
2021-03-03,2021-03-04,2.448912301147324,1.3787762242556103,Calibrated-LSTM-LogTarget-scale_mean,validation
2021-03-04,2021-03-05,0.0002116227550263,1.686984982838818,Calibrated-LSTM-LogTarget-scale_mean,validation
2021-03-05,2021-03-08,0.001291980692468,1.5162970439365289,Calibrated-LSTM-LogTarget-scale_mean,validation
2021-03-08,2021-03-09,0.2923761214947155,1.4636312796737758,Calibrated-LSTM-LogTarget-scale_mean,validation
2021-03-09,2021-03-10,0.4837594769954144,1.4473734435921384,Calibrated-LSTM-LogTarget-scale_mean,validation
2021-03-10,2021-03-11,0.9815546422643948,1.3366821957125652,Calibrated-LSTM-LogTarget-scale_mean,validation
2021-03-11,2021-03-12,0.0002069778164541,1.2832723797790282,Calibrated-LSTM-LogTarget-scale_mean,validation
2021-03-12,2021-03-15,0.0643027332166397,1.3022813229318104,Calibrated-LSTM-LogTarget-scale_mean,validation
2021-03-15,2021-03-16,0.1553706585632092,1.3014077473736099,Calibrated-LSTM-LogTarget-scale_mean,validation
2021-03-16,2021-03-17,0.2737899242910557,1.3285970455246665,Calibrated-LSTM-LogTarget-scale_mean,validation
2021-03-17,2021-03-18,1.5481332912326575,1.298519769339696,Calibrated-LSTM-LogTarget-scale_mean,validation
2021-03-18,2021-03-19,0.3310498706600423,1.2197586016550852,Calibrated-LSTM-LogTarget-scale_mean,validation
2021-03-19,2021-03-22,0.0010124742198036,1.3461747776426052,Calibrated-LSTM-LogTarget-scale_mean,validation
2021-03-22,2021-03-23,0.8528859825364001,1.3469634298339799,Calibrated-LSTM-LogTarget-scale_mean,validation
2021-03-23,2021-03-24,3.405784484981233,1.452939746918327,Calibrated-LSTM-LogTarget-scale_mean,validation
2021-03-24,2021-03-25,0.012314795662716,1.841615676674449,Calibrated-LSTM-LogTarget-scale_mean,validation
2021-03-25,2021-03-26,0.0058597397555957,1.5246166983032587,Calibrated-LSTM-LogTarget-scale_mean,validation
2021-03-26,2021-03-29,1.3278733275984689,1.4908566364638067,Calibrated-LSTM-LogTarget-scale_mean,validation
2021-03-29,2021-03-30,0.8177751702540456,1.3606688204609407,Calibrated-LSTM-LogTarget-scale_mean,validation
2021-03-30,2021-03-31,0.1825736474519551,1.4207267102608914,Calibrated-LSTM-LogTarget-scale_mean,validation
2021-03-31,2021-04-01,4.196908399032827,1.3203311393831727,Calibrated-LSTM-LogTarget-scale_mean,validation
2021-04-01,2021-04-02,0.4682318073785952,1.3069546161723598,Calibrated-LSTM-LogTarget-scale_mean,validation
2021-04-02,2021-04-05,0.8890694068712227,1.254594574347399,Calibrated-LSTM-LogTarget-scale_mean,validation
2021-04-05,2021-04-06,0.0997492041629095,1.2601712871051893,Calibrated-LSTM-LogTarget-scale_mean,validation
2021-04-06,2021-04-07,0.0380161793184628,1.3088160502743746,Calibrated-LSTM-LogTarget-scale_mean,validation
2021-04-07,2021-04-08,0.3656617949695199,1.3368311915361306,Calibrated-LSTM-LogTarget-scale_mean,validation
2021-04-08,2021-04-09,0.0685939299115526,1.3388136978631904,Calibrated-LSTM-LogTarget-scale_mean,validation
2021-04-09,2021-04-12,2.801867566535839,1.3638197144806667,Calibrated-LSTM-LogTarget-scale_mean,validation
2021-04-12,2021-04-13,0.1085685992002533,1.4909159974504875,Calibrated-LSTM-LogTarget-scale_mean,validation
2021-04-13,2021-04-14,0.3626329687997453,1.6278458882184161,Calibrated-LSTM-LogTarget-scale_mean,validation
2021-04-14,2021-04-15,0.4743671604836424,1.4826844423783587,Calibrated-LSTM-LogTarget-scale_mean,validation
2021-04-15,2021-04-16,0.4720531246781877,1.5893492651137593,Calibrated-LSTM-LogTarget-scale_mean,validation
2021-04-16,2021-04-19,3.0629959648129166,1.7179827969241097,Calibrated-LSTM-LogTarget-scale_mean,validation
2021-04-19,2021-04-20,0.3708468135979464,1.5139055324123822,Calibrated-LSTM-LogTarget-scale_mean,validation
2021-04-20,2021-04-22,10.511479982603742,1.5794661650694,Calibrated-LSTM-LogTarget-scale_mean,validation
2021-04-22,2021-04-23,2.7977982020669034,3.2243405909655003,Calibrated-LSTM-LogTarget-scale_mean,validation
2021-04-23,2021-04-26,7.069875969155051,2.352761250064548,Calibrated-LSTM-LogTarget-scale_mean,validation
2021-04-26,2021-04-27,0.1068177702515163,3.4495394738787435,Calibrated-LSTM-LogTarget-scale_mean,validation
2021-04-27,2021-04-28,0.6403727056381737,2.4037609075224515,Calibrated-LSTM-LogTarget-scale_mean,validation
2021-04-28,2021-04-29,0.6353802562532533,2.1338219825995153,Calibrated-LSTM-LogTarget-scale_mean,validation
2021-04-29,2021-05-04,0.0512876666991909,2.012166297768439,Calibrated-LSTM-LogTarget-scale_mean,validation
2021-05-04,2021-05-05,1.2974041483688885,1.902125372438991,Calibrated-LSTM-LogTarget-scale_mean,validation
2021-05-05,2021-05-06,0.2185486546328746,1.605450315835522,Calibrated-LSTM-LogTarget-scale_mean,validation
2021-05-06,2021-05-07,0.494132324659674,1.6660463161379409,Calibrated-LSTM-LogTarget-scale_mean,validation
2021-05-07,2021-05-10,2.018769062145057,1.854157790721557,Calibrated-LSTM-LogTarget-scale_mean,validation
2021-05-10,2021-05-11,0.0792094524228185,1.7300980422228827,Calibrated-LSTM-LogTarget-scale_mean,validation
2021-05-11,2021-05-12,1.0683689670129952,1.8056494485468155,Calibrated-LSTM-LogTarget-scale_mean,validation
2021-05-12,2021-05-13,0.3147510754643727,1.663795620728562,Calibrated-LSTM-LogTarget-scale_mean,validation
2021-05-13,2021-05-14,0.1194948927270032,1.8041484873801883,Calibrated-LSTM-LogTarget-scale_mean,validation
2021-05-14,2021-05-17,0.3681093008020274,1.7567099437589655,Calibrated-LSTM-LogTarget-scale_mean,validation
2021-05-17,2021-05-18,0.2298422025837693,1.8400216450654312,Calibrated-LSTM-LogTarget-scale_mean,validation
2021-05-18,2021-05-19,0.6085100033578476,1.8219333593871183,Calibrated-LSTM-LogTarget-scale_mean,validation
2021-05-19,2021-05-20,1.5332689494683411,1.7031896740416959,Calibrated-LSTM-LogTarget-scale_mean,validation
2021-05-20,2021-05-21,0.1986664550105345,1.6746247644205932,Calibrated-LSTM-LogTarget-scale_mean,validation
2021-05-21,2021-05-24,1.1845107713600658,1.6947182207656317,Calibrated-LSTM-LogTarget-scale_mean,validation
2021-05-24,2021-05-25,0.6615170731155926,1.6348413999379998,Calibrated-LSTM-LogTarget-scale_mean,validation
2021-05-25,2021-05-26,0.3826692450882292,1.5151467832995589,Calibrated-LSTM-LogTarget-scale_mean,validation
2021-05-26,2021-05-27,1.0043951904267852,1.509893559824664,Calibrated-LSTM-LogTarget-scale_mean,validation
2021-05-27,2021-05-28,1.65727162339538,1.7680215910292159,Calibrated-LSTM-LogTarget-scale_mean,validation
2021-05-28,2021-05-31,0.3285055315434949,1.6894591715436973,Calibrated-LSTM-LogTarget-scale_mean,validation
2021-05-31,2021-06-01,0.5328741181290064,1.701481373964828,Calibrated-LSTM-LogTarget-scale_mean,validation
2021-06-01,2021-06-02,0.0501764701325494,1.6271906985392546,Calibrated-LSTM-LogTarget-scale_mean,validation
2021-06-02,2021-06-03,3.01900451692919,1.746015496246098,Calibrated-LSTM-LogTarget-scale_mean,validation
2021-06-03,2021-06-04,0.5091916058927975,1.6701446637854402,Calibrated-LSTM-LogTarget-scale_mean,validation
2021-06-04,2021-06-07,1.2488833393722787,1.7147318172676984,Calibrated-LSTM-LogTarget-scale_mean,validation
2021-06-07,2021-06-08,8.436942215340656,1.9691100189424988,Calibrated-LSTM-LogTarget-scale_mean,validation
2021-06-08,2021-06-09,0.9635770887636846,2.7695393407022917,Calibrated-LSTM-LogTarget-scale_mean,validation
2021-06-09,2021-06-10,0.4923594509595709,2.139651857729371,Calibrated-LSTM-LogTarget-scale_mean,validation
2021-06-10,2021-06-11,4.4320627369374535,2.124754520329617,Calibrated-LSTM-LogTarget-scale_mean,validation
2021-06-11,2021-06-14,0.5411007585268014,1.9613618721685098,Calibrated-LSTM-LogTarget-scale_mean,validation
2021-06-14,2021-06-15,0.1708389534964715,1.9257174426440964,Calibrated-LSTM-LogTarget-scale_mean,validation
2021-06-15,2021-06-16,0.6335008462154236,1.8381083932548794,Calibrated-LSTM-LogTarget-scale_mean,validation
2021-06-16,2021-06-17,0.0626639901398827,1.957083333276132,Calibrated-LSTM-LogTarget-scale_mean,validation
2021-06-17,2021-06-18,1.7005139602823875,1.8198369320282457,Calibrated-LSTM-LogTarget-scale_mean,validation
2021-06-18,2021-06-21,0.1396997155457911,1.6795901426604445,Calibrated-LSTM-LogTarget-scale_mean,validation
2021-06-21,2021-06-22,0.284425125779956,1.7411135863790914,Calibrated-LSTM-LogTarget-scale_mean,validation
2021-06-22,2021-06-23,0.0505778800491605,1.6977974692165079,Calibrated-LSTM-LogTarget-scale_mean,validation
2021-06-23,2021-06-24,0.042756846647676,1.7010230345025648,Calibrated-LSTM-LogTarget-scale_mean,validation
2021-06-24,2021-06-25,0.5639250493998573,1.5846227085825346,Calibrated-LSTM-LogTarget-scale_mean,validation
2021-06-25,2021-06-28,1.2596863062253096,1.4956466893532043,Calibrated-LSTM-LogTarget-scale_mean,validation
2021-06-28,2021-06-29,0.0902656153029111,1.5707268003122903,Calibrated-LSTM-LogTarget-scale_mean,validation
2021-06-29,2021-06-30,0.0111781207193246,1.5638169659959718,Calibrated-LSTM-LogTarget-scale_mean,validation
2021-06-30,2021-07-01,0.3645273399631648,1.5660324758302737,Calibrated-LSTM-LogTarget-scale_mean,validation
2021-07-01,2021-07-02,0.0505610286336511,1.6599008241001845,Calibrated-LSTM-LogTarget-scale_mean,validation
2021-07-02,2021-07-05,0.4168242183273023,1.6739742938929252,Calibrated-LSTM-LogTarget-scale_mean,validation
2021-07-05,2021-07-06,16.601013312283214,1.8338083879300697,Calibrated-LSTM-LogTarget-scale_mean,validation
2021-07-06,2021-07-07,6.058281445881023,4.52447414418287,Calibrated-LSTM-LogTarget-scale_mean,validation
2021-07-07,2021-07-08,1.0078273448945338,2.9934298180638,Calibrated-LSTM-LogTarget-scale_mean,validation
2021-07-08,2021-07-09,4.095422426959989,2.5149022873187907,Calibrated-LSTM-LogTarget-scale_mean,validation
2021-07-09,2021-07-12,14.799235172407151,3.214818234202547,Calibrated-LSTM-LogTarget-scale_mean,validation
2021-07-12,2021-07-13,0.009141491530764,5.875307589521882,Calibrated-LSTM-LogTarget-scale_mean,validation
2021-07-13,2021-07-14,1.871533753406208,3.0659556556170933,Calibrated-LSTM-LogTarget-scale_mean,validation
2021-07-14,2021-07-15,1.185182208099543,2.997000928257996,Calibrated-LSTM-LogTarget-scale_mean,validation
2021-07-15,2021-07-16,0.1728051567276786,2.4456640578143802,Calibrated-LSTM-LogTarget-scale_mean,validation
2021-07-16,2021-07-19,19.26799845022637,2.138497101327732,Calibrated-LSTM-LogTarget-scale_mean,validation
2021-07-19,2021-07-20,5.600831490366748,7.776473999348631,Calibrated-LSTM-LogTarget-scale_mean,validation
2021-07-20,2021-07-21,0.0386259132356042,4.500085023489645,Calibrated-LSTM-LogTarget-scale_mean,validation
2021-07-21,2021-07-22,3.1842211341003503,2.8170593022288632,Calibrated-LSTM-LogTarget-scale_mean,validation
2021-07-22,2021-07-23,3.75891611125588,2.756310367918442,Calibrated-LSTM-LogTarget-scale_mean,validation
2021-07-23,2021-07-26,0.0932245335056029,3.4404364665492055,Calibrated-LSTM-LogTarget-scale_mean,validation
2021-07-26,2021-07-27,0.1095791578755464,2.3643587485202064,Calibrated-LSTM-LogTarget-scale_mean,validation
2021-07-27,2021-07-28,0.0001201916445908,2.096922209652305,Calibrated-LSTM-LogTarget-scale_mean,validation
2021-07-28,2021-07-29,1.6539600353625152,1.770121209145503,Calibrated-LSTM-LogTarget-scale_mean,validation
2021-07-29,2021-07-30,1.5967544948591652,1.8368644341557885,Calibrated-LSTM-LogTarget-scale_mean,validation
2021-07-30,2021-08-02,0.1009987039707803,1.7768493014326778,Calibrated-LSTM-LogTarget-scale_mean,validation
2021-08-02,2021-08-03,1.8957198194932552,1.6714815360399642,Calibrated-LSTM-LogTarget-scale_mean,validation
2021-08-03,2021-08-04,0.0297448118967559,1.6135890275552072,Calibrated-LSTM-LogTarget-scale_mean,validation
2021-08-04,2021-08-05,0.6506576147304501,1.644670396794815,Calibrated-LSTM-LogTarget-scale_mean,validation
2021-08-05,2021-08-06,0.0931307383293993,1.520786624320909,Calibrated-LSTM-LogTarget-scale_mean,validation
2021-08-06,2021-08-09,1.8579420490159877,1.706230006593319,Calibrated-LSTM-LogTarget-scale_mean,validation
2021-08-09,2021-08-10,0.0356498511082493,1.5922645841792116,Calibrated-LSTM-LogTarget-scale_mean,validation
2021-08-10,2021-08-11,0.1163827824804467,1.6697857308926196,Calibrated-LSTM-LogTarget-scale_mean,validation
2021-08-11,2021-08-12,0.1222953063583315,1.8632407649258071,Calibrated-LSTM-LogTarget-scale_mean,validation
2021-08-12,2021-08-13,0.0871384784453648,1.8215926179666966,Calibrated-LSTM-LogTarget-scale_mean,validation
2021-08-13,2021-08-16,1.0399916754691487,1.8091726525181029,Calibrated-LSTM-LogTarget-scale_mean,validation
2021-08-16,2021-08-17,0.3314354435277737,1.74269484993556,Calibrated-LSTM-LogTarget-scale_mean,validation
2021-08-17,2021-08-18,0.0249180078972991,1.836956623390891,Calibrated-LSTM-LogTarget-scale_mean,validation
2021-08-18,2021-08-19,1.034084957658442,1.7942371538596067,Calibrated-LSTM-LogTarget-scale_mean,validation
2021-08-19,2021-08-20,11.285807091304966,1.672821671971165,Calibrated-LSTM-LogTarget-scale_mean,validation
2021-08-20,2021-08-23,5.411821632013326,2.9121035370710264,Calibrated-LSTM-LogTarget-scale_mean,validation
2021-08-23,2021-08-24,8.536462420535458e-05,2.927518240795298,Calibrated-LSTM-LogTarget-scale_mean,validation
2021-08-24,2021-08-25,0.6870757170728501,2.310505310400698,Calibrated-LSTM-LogTarget-scale_mean,validation
2021-08-25,2021-08-26,0.4170750420782061,1.9213819748330052,Calibrated-LSTM-LogTarget-scale_mean,validation
2021-08-26,2021-08-27,0.8540485329092148,2.0163634579090757,Calibrated-LSTM-LogTarget-scale_mean,validation
2021-08-27,2021-08-30,1.2797402595336076,1.9257257069447562,Calibrated-LSTM-LogTarget-scale_mean,validation
2021-08-30,2021-08-31,0.0627065630623478,1.7151014339364377,Calibrated-LSTM-LogTarget-scale_mean,validation
2021-08-31,2021-09-01,0.0569056328666982,1.7673422165059354,Calibrated-LSTM-LogTarget-scale_mean,validation
2021-09-01,2021-09-06,0.7669996218071843,1.7491009997388847,Calibrated-LSTM-LogTarget-scale_mean,validation
2021-09-06,2021-09-07,0.1115838258583112,1.766475887192912,Calibrated-LSTM-LogTarget-scale_mean,validation
2021-09-07,2021-09-08,0.3840242724271654,1.8801662009056794,Calibrated-LSTM-LogTarget-scale_mean,validation
2021-09-08,2021-09-09,0.5999757427909345,1.7607972592084038,Calibrated-LSTM-LogTarget-scale_mean,validation
2021-09-09,2021-09-10,0.009783360800291,1.6189918738717815,Calibrated-LSTM-LogTarget-scale_mean,validation
2021-09-10,2021-09-13,0.0834204953018611,1.5986299262847425,Calibrated-LSTM-LogTarget-scale_mean,validation
2021-09-13,2021-09-14,0.0166539238245993,1.7464951196029264,Calibrated-LSTM-LogTarget-scale_mean,validation
2021-09-14,2021-09-15,0.208411861391793,1.6596380660967225,Calibrated-LSTM-LogTarget-scale_mean,validation
2021-09-15,2021-09-16,8.833374944135227e-06,1.5318970585282214,Calibrated-LSTM-LogTarget-scale_mean,validation
2021-09-16,2021-09-17,0.2517625260662404,1.4981656201523867,Calibrated-LSTM-LogTarget-scale_mean,validation
2021-09-17,2021-09-20,0.0255409488218125,1.6595094722961308,Calibrated-LSTM-LogTarget-scale_mean,validation
2021-09-20,2021-09-21,0.6256621683862371,1.7120610085159127,Calibrated-LSTM-LogTarget-scale_mean,validation
2021-09-21,2021-09-22,0.6493080782631847,1.7713410843862154,Calibrated-LSTM-LogTarget-scale_mean,validation
2021-09-22,2021-09-23,0.023678455022373,1.536514518977938,Calibrated-LSTM-LogTarget-scale_mean,validation
2021-09-23,2021-09-24,0.0138313143395197,1.7076649757059452,Calibrated-LSTM-LogTarget-scale_mean,validation
2021-09-24,2021-09-27,3.828272422415496,1.5068998224653045,Calibrated-LSTM-LogTarget-scale_mean,validation
2021-09-27,2021-09-28,1.1555484032608674,2.000405368799911,Calibrated-LSTM-LogTarget-scale_mean,validation
2021-09-28,2021-09-29,5.575325206713305e-05,1.6269581376318376,Calibrated-LSTM-LogTarget-scale_mean,validation
2021-09-29,2021-09-30,0.0451927678238876,1.59083005667695,Calibrated-LSTM-LogTarget-scale_mean,validation
2021-09-30,2021-10-01,0.2869590069123234,1.482484375143241,Calibrated-LSTM-LogTarget-scale_mean,validation
2021-10-01,2021-10-04,0.1209217160727008,1.7625354870326704,Calibrated-LSTM-LogTarget-scale_mean,validation
2021-10-04,2021-10-05,1.2548666056334208,1.7629294884571736,Calibrated-LSTM-LogTarget-scale_mean,validation
2021-10-05,2021-10-06,0.363335054701863,1.5178358830250345,Calibrated-LSTM-LogTarget-scale_mean,validation
2021-10-06,2021-10-07,0.0539799292056889,1.5090341562802176,Calibrated-LSTM-LogTarget-scale_mean,validation
2021-10-07,2021-10-08,0.2422625428098201,1.571435870761045,Calibrated-LSTM-LogTarget-scale_mean,validation
2021-10-08,2021-10-11,2.384064119474745,1.4644096604709917,Calibrated-LSTM-LogTarget-scale_mean,validation
2021-10-11,2021-10-12,0.0025924711816483,1.4989148359711646,Calibrated-LSTM-LogTarget-scale_mean,validation
2021-10-12,2021-10-13,0.043020201094552,1.5691537923068397,Calibrated-LSTM-LogTarget-scale_mean,validation
2021-10-13,2021-10-14,1.8582276241239155e-05,1.5580550647962519,Calibrated-LSTM-LogTarget-scale_mean,validation
2021-10-14,2021-10-15,0.0037272440365911,1.6718308685402106,Calibrated-LSTM-LogTarget-scale_mean,validation
2021-10-15,2021-10-18,0.0412074717223573,1.687630449949507,Calibrated-LSTM-LogTarget-scale_mean,validation
2021-10-18,2021-10-19,0.0002054205471957,1.636979942405964,Calibrated-LSTM-LogTarget-scale_mean,validation
2021-10-19,2021-10-20,0.012036644283499,1.5421713900002434,Calibrated-LSTM-LogTarget-scale_mean,validation
2021-10-20,2021-10-21,0.4224699907147212,1.6249293443574535,Calibrated-LSTM-LogTarget-scale_mean,validation
2021-10-21,2021-10-22,0.1038627326357175,1.637021703588226,Calibrated-LSTM-LogTarget-scale_mean,validation
2021-10-22,2021-10-25,0.0766142772237032,1.5928100095660815,Calibrated-LSTM-LogTarget-scale_mean,validation
2021-10-25,2021-10-26,0.2013151221701667,1.729208123088245,Calibrated-LSTM-LogTarget-scale_mean,validation
2021-10-26,2021-10-27,4.975421040294883,1.5667876145037538,Calibrated-LSTM-LogTarget-scale_mean,validation
2021-10-27,2021-10-28,1.0980607841681207,1.6309274737260064,Calibrated-LSTM-LogTarget-scale_mean,validation
2021-10-28,2021-10-29,0.1886851350804401,1.6024651981480644,Calibrated-LSTM-LogTarget-scale_mean,validation
2021-10-29,2021-11-01,0.1351609140151505,1.7414359521151512,Calibrated-LSTM-LogTarget-scale_mean,validation
2021-11-01,2021-11-02,0.8706925479870633,1.951192695412232,Calibrated-LSTM-LogTarget-scale_mean,validation
2021-11-02,2021-11-03,0.3174077865606339,1.779580659986396,Calibrated-LSTM-LogTarget-scale_mean,validation
2021-11-03,2021-11-04,0.0780251318950003,2.081601512090916,Calibrated-LSTM-LogTarget-scale_mean,validation
2021-11-04,2021-11-05,0.3164163905277483,1.8215971781385374,Calibrated-LSTM-LogTarget-scale_mean,validation
2021-11-05,2021-11-08,0.5722632892702788,1.7281233547412034,Calibrated-LSTM-LogTarget-scale_mean,validation
2021-11-08,2021-11-09,0.1717825777423685,1.7661027782359509,Calibrated-LSTM-LogTarget-scale_mean,validation
2021-11-09,2021-11-10,0.0578685691569425,1.8751840549198038,Calibrated-LSTM-LogTarget-scale_mean,validation
2021-11-10,2021-11-11,0.0332757244454099,1.8345308077225506,Calibrated-LSTM-LogTarget-scale_mean,validation
2021-11-11,2021-11-12,0.5636350562840569,2.011045342847777,Calibrated-LSTM-LogTarget-scale_mean,validation
2021-11-12,2021-11-15,0.0470688863590858,1.7375988413748593,Calibrated-LSTM-LogTarget-scale_mean,validation
2021-11-15,2021-11-16,0.4729748116245648,1.8957681706375242,Calibrated-LSTM-LogTarget-scale_mean,validation
2021-11-16,2021-11-17,0.40826744424175,1.9878114413107575,Calibrated-LSTM-LogTarget-scale_mean,validation
2021-11-17,2021-11-18,0.1670640675036151,1.751072103466672,Calibrated-LSTM-LogTarget-scale_mean,validation
2021-11-18,2021-11-19,1.4313283722317711,1.9911091803439478,Calibrated-LSTM-LogTarget-scale_mean,validation
2021-11-19,2021-11-22,0.1237442583360642,2.1922455052909076,Calibrated-LSTM-LogTarget-scale_mean,validation
2021-11-22,2021-11-23,1.2666258581863683,2.0595800840455345,Calibrated-LSTM-LogTarget-scale_mean,validation
2021-11-23,2021-11-24,2.923344781612152,1.7581729055680406,Calibrated-LSTM-LogTarget-scale_mean,validation
2021-11-24,2021-11-25,0.6380046596767257,1.8323530431002444,Calibrated-LSTM-LogTarget-scale_mean,validation
2021-11-25,2021-11-26,0.2701244946030526,1.819927181919279,Calibrated-LSTM-LogTarget-scale_mean,validation
2021-11-26,2021-11-29,0.3025648797186475,2.0260236495698276,Calibrated-LSTM-LogTarget-scale_mean,validation
2021-11-29,2021-11-30,0.1865846491020368,2.0243421550383403,Calibrated-LSTM-LogTarget-scale_mean,validation
2021-11-30,2021-12-01,0.2075014205290045,2.080008154821145,Calibrated-LSTM-LogTarget-scale_mean,validation
2021-12-01,2021-12-02,0.0447934240863952,1.7954802837152095,Calibrated-LSTM-LogTarget-scale_mean,validation
2021-12-02,2021-12-03,7.012035907074128,1.7183963369092228,Calibrated-LSTM-LogTarget-scale_mean,validation
2021-12-03,2021-12-06,4.334941271489592,2.399020452736069,Calibrated-LSTM-LogTarget-scale_mean,validation
2021-12-06,2021-12-07,5.38610884102854,2.4608785702307303,Calibrated-LSTM-LogTarget-scale_mean,validation
2021-12-07,2021-12-08,0.1770242562530693,1.9915113066123453,Calibrated-LSTM-LogTarget-scale_mean,validation
2021-12-08,2021-12-09,1.070479018660655,1.8978133814035225,Calibrated-LSTM-LogTarget-scale_mean,validation
2021-12-09,2021-12-10,0.0917573521914629,1.8145668255183838,Calibrated-LSTM-LogTarget-scale_mean,validation
2021-12-10,2021-12-13,0.7430153759165636,1.9743584259080034,Calibrated-LSTM-LogTarget-scale_mean,validation
2021-12-13,2021-12-14,0.0001656787526269,1.8456589438043005,Calibrated-LSTM-LogTarget-scale_mean,validation
2021-12-14,2021-12-15,0.001241581482623,1.8857428220836185,Calibrated-LSTM-LogTarget-scale_mean,validation
2021-12-15,2021-12-16,0.0056551081903051,1.8481616029435064,Calibrated-LSTM-LogTarget-scale_mean,validation
2021-12-16,2021-12-17,0.0462794489398934,1.854442060742159,Calibrated-LSTM-LogTarget-scale_mean,validation
2021-12-17,2021-12-20,0.0276816841350729,1.9945084445786099,Calibrated-LSTM-LogTarget-scale_mean,validation
2021-12-20,2021-12-21,0.009100575448846,1.8880886990745684,Calibrated-LSTM-LogTarget-scale_mean,validation
2021-12-21,2021-12-22,0.0052396015195704,1.858386986265156,Calibrated-LSTM-LogTarget-scale_mean,validation
2021-12-22,2021-12-23,1.992176913695392,1.9677506614878129,Calibrated-LSTM-LogTarget-scale_mean,validation
2021-12-23,2021-12-24,1.8717637228671864,2.25309266608288,Calibrated-LSTM-LogTarget-scale_mean,validation
2021-12-24,2021-12-27,0.6385359851594573,1.8452259958265458,Calibrated-LSTM-LogTarget-scale_mean,validation
2021-12-27,2021-12-28,0.1364517327618313,1.7029700032165678,Calibrated-LSTM-LogTarget-scale_mean,validation
2021-12-28,2021-12-29,0.3307731842534792,1.8842624337964453,Calibrated-LSTM-LogTarget-scale_mean,validation
2021-12-29,2021-12-30,0.0001019075301841,1.9271543567545273,Calibrated-LSTM-LogTarget-scale_mean,validation
2021-12-30,2021-12-31,0.6806292652244172,1.8137091300224077,Calibrated-LSTM-LogTarget-scale_mean,validation
2021-12-31,2022-01-04,3.2605099137684044,1.7624680428174042,Calibrated-LSTM-LogTarget-scale_mean,validation
2022-01-04,2022-01-05,0.0408421877386783,1.7228115750023074,Calibrated-LSTM-LogTarget-scale_mean,validation
2022-01-05,2022-01-06,0.1583194148629771,1.9715572550137166,Calibrated-LSTM-LogTarget-scale_mean,validation
2022-01-06,2022-01-07,3.466888916717849e-05,1.9799043831484608,Calibrated-LSTM-LogTarget-scale_mean,validation
2022-01-07,2022-01-10,2.6694297971607823,1.965238335336758,Calibrated-LSTM-LogTarget-scale_mean,validation
2022-01-10,2022-01-11,0.5791412105719106,2.3065193707533793,Calibrated-LSTM-LogTarget-scale_mean,validation
2022-01-11,2022-01-12,1.469449968423449,2.1636952276245363,Calibrated-LSTM-LogTarget-scale_mean,validation
2022-01-12,2022-01-13,0.9252594386149106,1.9927020193957516,Calibrated-LSTM-LogTarget-scale_mean,validation
2022-01-13,2022-01-14,4.021230809949571e-06,2.095484860026561,Calibrated-LSTM-LogTarget-scale_mean,validation
2022-01-14,2022-01-17,8.577861779061374,1.8573478253110351,Calibrated-LSTM-LogTarget-scale_mean,validation
2022-01-17,2022-01-18,0.9241996120524796,2.74160921985107,Calibrated-LSTM-LogTarget-scale_mean,validation
2022-01-18,2022-01-19,0.0713962483719635,2.327702207919395,Calibrated-LSTM-LogTarget-scale_mean,validation
2022-01-19,2022-01-20,2.396694299563955,1.887413361647538,Calibrated-LSTM-LogTarget-scale_mean,validation
2022-01-20,2022-01-21,0.2669228311266386,1.917019931613505,Calibrated-LSTM-LogTarget-scale_mean,validation
2022-01-21,2022-01-24,5.19144957677216,1.9185185088448486,Calibrated-LSTM-LogTarget-scale_mean,validation
2022-01-24,2022-01-25,7.461944120148481,2.4969845830765083,Calibrated-LSTM-LogTarget-scale_mean,validation
2022-01-25,2022-01-26,0.0182472056354126,2.191014435678071,Calibrated-LSTM-LogTarget-scale_mean,validation
2022-01-26,2022-01-27,0.5372614259470304,1.982197847842679,Calibrated-LSTM-LogTarget-scale_mean,validation
2022-01-27,2022-01-28,0.3091208848418566,1.86742144382081,Calibrated-LSTM-LogTarget-scale_mean,validation
2022-01-28,2022-02-07,1.5787299229773026,1.9071099841676273,Calibrated-LSTM-LogTarget-scale_mean,validation
2022-02-07,2022-02-08,0.0493284261128678,1.6685206251992895,Calibrated-LSTM-LogTarget-scale_mean,validation
2022-02-08,2022-02-09,0.0852913112285084,1.7792315076010363,Calibrated-LSTM-LogTarget-scale_mean,validation
2022-02-09,2022-02-10,0.0087647457494785,1.8561368690575535,Calibrated-LSTM-LogTarget-scale_mean,validation
2022-02-10,2022-02-11,0.1140481407730615,1.743532680810899,Calibrated-LSTM-LogTarget-scale_mean,validation
2022-02-11,2022-02-14,4.003846034921644,1.7176846347067007,Calibrated-LSTM-LogTarget-scale_mean,validation
2022-02-14,2022-02-15,1.9670652734045644,2.328033824599897,Calibrated-LSTM-LogTarget-scale_mean,validation
2022-02-15,2022-02-16,0.0018968880308684,1.783641451677746,Calibrated-LSTM-LogTarget-scale_mean,validation
2022-02-16,2022-02-17,1.122140769245723,1.7839804107400261,Calibrated-LSTM-LogTarget-scale_mean,validation
2022-02-17,2022-02-18,0.0437252358911797,1.7040243566152489,Calibrated-LSTM-LogTarget-scale_mean,validation
2022-02-18,2022-02-21,0.1583409064037323,1.8894205032691558,Calibrated-LSTM-LogTarget-scale_mean,validation
2022-02-21,2022-02-22,0.2391227349223014,1.813526657132236,Calibrated-LSTM-LogTarget-scale_mean,validation
2022-02-22,2022-02-23,0.3429157616051995,1.9813265782443954,Calibrated-LSTM-LogTarget-scale_mean,validation
2022-02-23,2022-02-24,1.3469467288223498,1.7547550853969625,Calibrated-LSTM-LogTarget-scale_mean,validation
2022-02-24,2022-02-25,0.0728442185423715,2.184724119550973,Calibrated-LSTM-LogTarget-scale_mean,validation
2022-02-25,2022-02-28,0.3435682703713377,1.8995183900964225,Calibrated-LSTM-LogTarget-scale_mean,validation
2022-02-28,2022-03-01,0.3350186274967215,1.8856043515576284,Calibrated-LSTM-LogTarget-scale_mean,validation
2022-03-01,2022-03-02,0.7897102913909818,1.8363794767317687,Calibrated-LSTM-LogTarget-scale_mean,validation
2022-03-02,2022-03-03,1.6972927621476632,2.053551193553799,Calibrated-LSTM-LogTarget-scale_mean,validation
2022-03-03,2022-03-04,0.0004806839941866,1.874401606891,Calibrated-LSTM-LogTarget-scale_mean,validation
2022-03-04,2022-03-07,0.1747715827843937,1.9291262589724876,Calibrated-LSTM-LogTarget-scale_mean,validation
2022-03-07,2022-03-08,2.9065282793306784,2.0259881463164993,Calibrated-LSTM-LogTarget-scale_mean,validation
2022-03-08,2022-03-09,4.143903255486161e-06,2.3146741752987006,Calibrated-LSTM-LogTarget-scale_mean,validation
2022-03-09,2022-03-10,0.1308186023197331,2.107393121696643,Calibrated-LSTM-LogTarget-scale_mean,validation
2022-03-10,2022-03-11,0.7249480262949388,1.7757856633752482,Calibrated-LSTM-LogTarget-scale_mean,validation
2022-03-11,2022-03-14,1.940974298078772,2.0029710088963677,Calibrated-LSTM-LogTarget-scale_mean,validation
2022-03-14,2022-03-15,0.2004736979473137,2.1055779540124533,Calibrated-LSTM-LogTarget-scale_mean,validation
2022-03-15,2022-03-16,0.2048465635146144,1.7841250301912892,Calibrated-LSTM-LogTarget-scale_mean,validation
2022-03-16,2022-03-17,0.0189446795575115,1.6178539665685168,Calibrated-LSTM-LogTarget-scale_mean,validation
2022-03-17,2022-03-18,0.2804915592052127,1.6905952436271663,Calibrated-LSTM-LogTarget-scale_mean,validation
2022-03-18,2022-03-21,3.042510301896478,1.7080359196815675,Calibrated-LSTM-LogTarget-scale_mean,validation
2022-03-21,2022-03-22,0.3468240297098041,1.575456418736873,Calibrated-LSTM-LogTarget-scale_mean,validation
2022-03-22,2022-03-23,0.0091785148718354,1.698979047112236,Calibrated-LSTM-LogTarget-scale_mean,validation
2022-03-23,2022-03-24,0.0739545064300968,1.7577124954250145,Calibrated-LSTM-LogTarget-scale_mean,validation
2022-03-24,2022-03-25,0.0002565538581837,1.7946112860211485,Calibrated-LSTM-LogTarget-scale_mean,validation
2022-03-25,2022-03-28,1.0559980128443454,1.7810429226076778,Calibrated-LSTM-LogTarget-scale_mean,validation
2022-03-28,2022-03-29,0.9569197018395468,2.01495154268983,Calibrated-LSTM-LogTarget-scale_mean,validation
2022-03-29,2022-03-30,0.2354496444813368,1.6860758343166677,Calibrated-LSTM-LogTarget-scale_mean,validation
2022-03-30,2022-03-31,0.0120931732563713,1.8943835642994236,Calibrated-LSTM-LogTarget-scale_mean,validation
2022-03-31,2022-04-01,2.607401303697469,1.7005392755836966,Calibrated-LSTM-LogTarget-scale_mean,validation
2022-04-01,2022-04-04,0.2950865363946971,1.7271409741771155,Calibrated-LSTM-LogTarget-scale_mean,validation
2022-04-04,2022-04-05,0.09410156815978,1.7178736422503667,Calibrated-LSTM-LogTarget-scale_mean,validation
2022-04-05,2022-04-06,0.0355827999144168,1.7077911934819234,Calibrated-LSTM-LogTarget-scale_mean,validation
2022-04-06,2022-04-07,1.845756746133211,1.8658246489115955,Calibrated-LSTM-LogTarget-scale_mean,validation
2022-04-07,2022-04-08,1.8599564295348143,2.0497234855823625,Calibrated-LSTM-LogTarget-scale_mean,validation
2022-04-08,2022-04-12,3.317796568560508,2.040766813900985,Calibrated-LSTM-LogTarget-scale_mean,validation
2022-04-12,2022-04-13,2.2412176347286983,2.1627543652381216,Calibrated-LSTM-LogTarget-scale_mean,validation
2022-04-13,2022-04-14,0.1186709675031117,1.870990681347996,Calibrated-LSTM-LogTarget-scale_mean,validation
2022-04-14,2022-04-15,0.8563450026802516,1.812618025308094,Calibrated-LSTM-LogTarget-scale_mean,validation
2022-04-15,2022-04-18,3.225139156963737,2.0376817024251968,Calibrated-LSTM-LogTarget-scale_mean,validation
2022-04-18,2022-04-19,3.3937657292333743,2.4220233183097877,Calibrated-LSTM-LogTarget-scale_mean,validation
2022-04-19,2022-04-20,2.4245124341762705,2.550201202233583,Calibrated-LSTM-LogTarget-scale_mean,validation
2022-04-20,2022-04-21,1.109638997468357,2.352111067897904,Calibrated-LSTM-LogTarget-scale_mean,validation
2022-04-21,2022-04-22,0.4305144066915168,2.1516696485993467,Calibrated-LSTM-LogTarget-scale_mean,validation
2022-04-22,2022-04-25,25.802530842890924,2.0103774313923193,Calibrated-LSTM-LogTarget-scale_mean,validation
2022-04-25,2022-04-26,5.262405488369011,6.969675300450089,Calibrated-LSTM-LogTarget-scale_mean,validation
2022-04-26,2022-04-27,0.8508547277394044,4.1078371663786575,Calibrated-LSTM-LogTarget-scale_mean,validation
2022-04-27,2022-04-28,0.0422563925888465,2.7264672130580916,Calibrated-LSTM-LogTarget-scale_mean,validation
2022-04-28,2022-04-29,1.3536355027087716,2.3159388349882737,Calibrated-LSTM-LogTarget-scale_mean,validation
2022-04-29,2022-05-04,1.7811317821270536,2.4821259852818978,Calibrated-LSTM-LogTarget-scale_mean,validation
2022-05-04,2022-05-05,0.7846838850035229,2.433907828536688,Calibrated-LSTM-LogTarget-scale_mean,validation
2022-05-05,2022-05-06,5.457913784856381,1.992868191568548,Calibrated-LSTM-LogTarget-scale_mean,validation
2022-05-06,2022-05-09,21.07246376843707,3.210263252751366,Calibrated-LSTM-LogTarget-scale_mean,validation
2022-05-09,2022-05-10,3.4895974437640893,9.206139463992443,Calibrated-LSTM-LogTarget-scale_mean,validation
2022-05-10,2022-05-11,0.3772893243323654,4.723027826078605,Calibrated-LSTM-LogTarget-scale_mean,validation
2022-05-11,2022-05-12,24.369069377939013,2.829430614097702,Calibrated-LSTM-LogTarget-scale_mean,validation
2022-05-12,2022-05-13,21.45200829300172,10.099348740788821,Calibrated-LSTM-LogTarget-scale_mean,validation
2022-05-13,2022-05-16,0.8445825050431754,12.305173797560867,Calibrated-LSTM-LogTarget-scale_mean,validation
2022-05-16,2022-05-17,22.10791922900586,5.92565045050986,Calibrated-LSTM-LogTarget-scale_mean,validation
2022-05-17,2022-05-18,1.0072145297005026,6.4370146122259655,Calibrated-LSTM-LogTarget-scale_mean,validation
2022-05-18,2022-05-19,0.0050266870380628,4.291820811019264,Calibrated-LSTM-LogTarget-scale_mean,validation
2022-05-19,2022-05-20,0.0056143553761866,3.0713634638406155,Calibrated-LSTM-LogTarget-scale_mean,validation
2022-05-20,2022-05-23,3.1715419491716648,2.578003591578681,Calibrated-LSTM-LogTarget-scale_mean,validation
2022-05-23,2022-05-24,1.4121508187671683,2.8421203433479216,Calibrated-LSTM-LogTarget-scale_mean,validation
2022-05-24,2022-05-25,7.852071042943518,2.212569816220056,Calibrated-LSTM-LogTarget-scale_mean,validation
2022-05-25,2022-05-26,0.0001218078083452,2.5832724720816995,Calibrated-LSTM-LogTarget-scale_mean,validation
2022-05-26,2022-05-27,1.747305868676365,2.000282562111413,Calibrated-LSTM-LogTarget-scale_mean,validation
2022-05-27,2022-05-30,0.4313230278725308,1.9541659621251828,Calibrated-LSTM-LogTarget-scale_mean,validation
2022-05-30,2022-05-31,0.0091927379819102,1.6134809277742501,Calibrated-LSTM-LogTarget-scale_mean,validation
2022-05-31,2022-06-01,0.2785076944454149,1.5917523620111276,Calibrated-LSTM-LogTarget-scale_mean,validation
2022-06-01,2022-06-02,0.7094839787224755,1.475702877857504,Calibrated-LSTM-LogTarget-scale_mean,validation
2022-06-02,2022-06-03,0.0024678908753368,1.629295342980752,Calibrated-LSTM-LogTarget-scale_mean,validation
2022-06-03,2022-06-06,0.0248021762794326,1.4134600032491655,Calibrated-LSTM-LogTarget-scale_mean,validation
2022-06-06,2022-06-07,0.0107788521263349,1.4972043717508698,Calibrated-LSTM-LogTarget-scale_mean,validation
2022-06-07,2022-06-08,1.62365203625605,1.5171717970759293,Calibrated-LSTM-LogTarget-scale_mean,validation
2022-06-08,2022-06-09,7.074018263381634e-05,1.3887958604402684,Calibrated-LSTM-LogTarget-scale_mean,validation
2022-06-09,2022-06-10,3.350301019629325,1.291682246048429,Calibrated-LSTM-LogTarget-scale_mean,validation
2022-06-10,2022-06-13,20.64588542406384,1.855037931283636,Calibrated-LSTM-LogTarget-scale_mean,validation
2022-06-13,2022-06-14,0.0708307718816595,5.894415852082771,Calibrated-LSTM-LogTarget-scale_mean,validation
2022-06-14,2022-06-15,1.796441565238617,3.205581739336369,Calibrated-LSTM-LogTarget-scale_mean,validation
2022-06-15,2022-06-16,3.432463040017097,3.0383121661337675,Calibrated-LSTM-LogTarget-scale_mean,validation
2022-06-16,2022-06-17,2.4820888579092317,2.6635350476510666,Calibrated-LSTM-LogTarget-scale_mean,validation
2022-06-17,2022-06-20,9.47527051181594,2.9583937773511213,Calibrated-LSTM-LogTarget-scale_mean,validation
2022-06-20,2022-06-21,0.4543743324349223,4.642799117466702,Calibrated-LSTM-LogTarget-scale_mean,validation
2022-06-21,2022-06-22,0.0746935567234301,3.079561348115665,Calibrated-LSTM-LogTarget-scale_mean,validation
2022-06-22,2022-06-23,2.766255864563167,2.3675524720669596,Calibrated-LSTM-LogTarget-scale_mean,validation
2022-06-23,2022-06-24,0.0820210424345146,2.0305061559313726,Calibrated-LSTM-LogTarget-scale_mean,validation
2022-06-24,2022-06-27,2.1086071885158946,1.801189814851734,Calibrated-LSTM-LogTarget-scale_mean,validation
2022-06-27,2022-06-28,1.593519408496492,1.6509722400817521,Calibrated-LSTM-LogTarget-scale_mean,validation
2022-06-28,2022-06-29,6.739655204912147e-07,1.4729296846660345,Calibrated-LSTM-LogTarget-scale_mean,validation
2022-06-29,2022-06-30,2.8779439800812714,1.331137370036131,Calibrated-LSTM-LogTarget-scale_mean,validation
2022-06-30,2022-07-01,0.0117704187689308,1.8118735634015593,Calibrated-LSTM-LogTarget-scale_mean,validation
2022-07-01,2022-07-04,0.0792348201052211,1.5627554694687278,Calibrated-LSTM-LogTarget-scale_mean,validation
2022-07-04,2022-07-05,1.4358126528100246,1.422944395639323,Calibrated-LSTM-LogTarget-scale_mean,validation
2022-07-05,2022-07-06,7.389865614079536,1.6589220243094431,Calibrated-LSTM-LogTarget-scale_mean,validation
2022-07-06,2022-07-07,2.1222407761584665,2.9303319068201654,Calibrated-LSTM-LogTarget-scale_mean,validation
2022-07-07,2022-07-08,0.1707436242121409,2.0158541797692022,Calibrated-LSTM-LogTarget-scale_mean,validation
2022-07-08,2022-07-11,1.896510687995091,1.6674627958325297,Calibrated-LSTM-LogTarget-scale_mean,validation
2022-07-11,2022-07-12,2.8101659729648394,1.9426524469043451,Calibrated-LSTM-LogTarget-scale_mean,validation
2022-07-12,2022-07-13,0.0058732050643028,1.7540592711707441,Calibrated-LSTM-LogTarget-scale_mean,validation
2022-07-13,2022-07-14,0.4904420356514064,1.503760178190684,Calibrated-LSTM-LogTarget-scale_mean,validation
2022-07-14,2022-07-15,0.0611617161101388,1.3270812532944272,Calibrated-LSTM-LogTarget-scale_mean,validation
2022-07-15,2022-07-18,0.0549065100896944,1.343737742752069,Calibrated-LSTM-LogTarget-scale_mean,validation
2022-07-18,2022-07-19,0.0244219525267298,1.28203630135917,Calibrated-LSTM-LogTarget-scale_mean,validation
2022-07-19,2022-07-20,1.7763769532234184,1.2264267860747426,Calibrated-LSTM-LogTarget-scale_mean,validation
2022-07-20,2022-07-21,0.1310065184317032,1.2521592734092784,Calibrated-LSTM-LogTarget-scale_mean,validation
2022-07-21,2022-07-22,0.0961257253308801,1.1698181372747372,Calibrated-LSTM-LogTarget-scale_mean,validation
2022-07-22,2022-07-25,0.2759737706228845,1.1707621977789502,Calibrated-LSTM-LogTarget-scale_mean,validation
2022-07-25,2022-07-26,0.0835304358694094,1.1993073791050137,Calibrated-LSTM-LogTarget-scale_mean,validation
2022-07-26,2022-07-27,0.2525093111697122,1.2104579768574097,Calibrated-LSTM-LogTarget-scale_mean,validation
2022-07-27,2022-07-28,2.02736513860254,1.148603310299491,Calibrated-LSTM-LogTarget-scale_mean,validation
2022-07-28,2022-07-29,0.0219851675662213,1.2581570409947602,Calibrated-LSTM-LogTarget-scale_mean,validation
2022-07-29,2022-08-01,4.214166749504341,1.2540819896902926,Calibrated-LSTM-LogTarget-scale_mean,validation
2022-08-01,2022-08-02,0.6898714562213188,1.3130331111688822,Calibrated-LSTM-LogTarget-scale_mean,validation
2022-08-02,2022-08-03,0.4270040010021521,1.3065173555411522,Calibrated-LSTM-LogTarget-scale_mean,validation
2022-08-03,2022-08-04,0.1229567831793093,1.2872541364942613,Calibrated-LSTM-LogTarget-scale_mean,validation
2022-08-04,2022-08-05,0.0126539977340546,1.2903951485727678,Calibrated-LSTM-LogTarget-scale_mean,validation
2022-08-05,2022-08-08,0.1021359274837244,1.2872582797226817,Calibrated-LSTM-LogTarget-scale_mean,validation
2022-08-08,2022-08-09,0.0278750471367201,1.2720607800633459,Calibrated-LSTM-LogTarget-scale_mean,validation
2022-08-09,2022-08-10,0.0349139608846283,1.2783190520551557,Calibrated-LSTM-LogTarget-scale_mean,validation
2022-08-10,2022-08-11,0.1247429178058028,1.2387460714190834,Calibrated-LSTM-LogTarget-scale_mean,validation
2022-08-11,2022-08-12,0.6660254086755314,1.4240474062034847,Calibrated-LSTM-LogTarget-scale_mean,validation
2022-08-12,2022-08-15,0.8759670360790162,1.188253266701424,Calibrated-LSTM-LogTarget-scale_mean,validation
2022-08-15,2022-08-16,0.0014782571055336,1.2360976386314477,Calibrated-LSTM-LogTarget-scale_mean,validation
2022-08-16,2022-08-17,0.0021413807191485,1.2613414751623173,Calibrated-LSTM-LogTarget-scale_mean,validation
2022-08-17,2022-08-18,0.0161573789935176,1.3459482038300767,Calibrated-LSTM-LogTarget-scale_mean,validation
2022-08-18,2022-08-19,0.124159183844011,1.314514523308923,Calibrated-LSTM-LogTarget-scale_mean,validation
2022-08-19,2022-08-22,0.4785997007311449,1.3429059940470518,Calibrated-LSTM-LogTarget-scale_mean,validation
2022-08-22,2022-08-23,0.6726558406784502,1.3699631002628114,Calibrated-LSTM-LogTarget-scale_mean,validation
2022-08-23,2022-08-24,0.2484394846076955,1.2640302824460354,Calibrated-LSTM-LogTarget-scale_mean,validation
2022-08-24,2022-08-25,0.8344386477124279,1.2549929140786147,Calibrated-LSTM-LogTarget-scale_mean,validation
2022-08-25,2022-08-26,0.2408597797174897,1.2596140788082821,Calibrated-LSTM-LogTarget-scale_mean,validation
2022-08-26,2022-08-29,0.8499464536320859,1.384890235123423,Calibrated-LSTM-LogTarget-scale_mean,validation
2022-08-29,2022-08-30,0.4538418356510164,1.6400074585284428,Calibrated-LSTM-LogTarget-scale_mean,validation
2022-08-30,2022-08-31,0.0076568491567018,1.3132157894265608,Calibrated-LSTM-LogTarget-scale_mean,validation
2022-08-31,2022-09-05,0.061049351862573,1.3128241659183053,Calibrated-LSTM-LogTarget-scale_mean,validation
2022-09-05,2022-09-06,1.532156699315195e-05,1.327059580013896,Calibrated-LSTM-LogTarget-scale_mean,validation
2022-09-06,2022-09-07,7.377847328826583,1.36990822841742,Calibrated-LSTM-LogTarget-scale_mean,validation
2022-09-07,2022-09-08,0.478523332029774,2.3968813772292186,Calibrated-LSTM-LogTarget-scale_mean,validation
2022-09-08,2022-09-09,1.3041739898741895,1.8387994072167633,Calibrated-LSTM-LogTarget-scale_mean,validation
2022-09-09,2022-09-12,0.004521626169754,1.6111420158219911,Calibrated-LSTM-LogTarget-scale_mean,validation
2022-09-12,2022-09-13,0.0095408682654198,1.4618274126049597,Calibrated-LSTM-LogTarget-scale_mean,validation
2022-09-13,2022-09-14,0.3758397161006742,1.4785167187591515,Calibrated-LSTM-LogTarget-scale_mean,validation
2022-09-14,2022-09-15,0.1547128388602677,1.6106239128965143,Calibrated-LSTM-LogTarget-scale_mean,validation
2022-09-15,2022-09-16,0.6392848421140832,1.3556581681796702,Calibrated-LSTM-LogTarget-scale_mean,validation
2022-09-16,2022-09-19,6.167092365627429,1.6007287332345566,Calibrated-LSTM-LogTarget-scale_mean,validation
2022-09-19,2022-09-20,1.2403443891166936,2.510769050971625,Calibrated-LSTM-LogTarget-scale_mean,validation
2022-09-20,2022-09-21,0.4759099851621189,1.7744931305395177,Calibrated-LSTM-LogTarget-scale_mean,validation
2022-09-21,2022-09-22,0.1171234903128616,1.7547157594123044,Calibrated-LSTM-LogTarget-scale_mean,validation
2022-09-22,2022-09-23,0.8922637492009945,1.6323139006447303,Calibrated-LSTM-LogTarget-scale_mean,validation
2022-09-23,2022-09-26,5.922583365191483,1.7589842081229354,Calibrated-LSTM-LogTarget-scale_mean,validation
2022-09-26,2022-09-27,0.4452493243663706,2.9404852318995136,Calibrated-LSTM-LogTarget-scale_mean,validation
2022-09-27,2022-09-28,3.9376181571955216,2.106436689827594,Calibrated-LSTM-LogTarget-scale_mean,validation
2022-09-28,2022-09-29,2.391654578614972,2.8073495621013103,Calibrated-LSTM-LogTarget-scale_mean,validation
2022-09-29,2022-09-30,0.2861665228807753,2.734943074547683,Calibrated-LSTM-LogTarget-scale_mean,validation
2022-09-30,2022-10-03,16.955331578512116,2.0877921462868874,Calibrated-LSTM-LogTarget-scale_mean,validation
2022-10-03,2022-10-04,0.5881297526576773,6.114419149870268,Calibrated-LSTM-LogTarget-scale_mean,validation
2022-10-04,2022-10-05,5.7303230555022,3.8710901046104627,Calibrated-LSTM-LogTarget-scale_mean,validation
2022-10-05,2022-10-06,7.453651936358921,2.949746148499973,Calibrated-LSTM-LogTarget-scale_mean,validation
2022-10-06,2022-10-07,13.391049366085785,4.2335448835164575,Calibrated-LSTM-LogTarget-scale_mean,validation
2022-10-07,2022-10-10,0.3997049579355222,5.983821583408681,Calibrated-LSTM-LogTarget-scale_mean,validation
2022-10-10,2022-10-11,12.54691927074426,3.461276618316896,Calibrated-LSTM-LogTarget-scale_mean,validation
2022-10-11,2022-10-12,7.860720182392412,5.541944240082462,Calibrated-LSTM-LogTarget-scale_mean,validation
2022-10-12,2022-10-13,2.4070722291092697,4.300799486235167,Calibrated-LSTM-LogTarget-scale_mean,validation
2022-10-13,2022-10-14,1.0568030806874944,3.153727157203819,Calibrated-LSTM-LogTarget-scale_mean,validation
2022-10-14,2022-10-17,0.9445652838308308,2.3273965796539176,Calibrated-LSTM-LogTarget-scale_mean,validation
2022-10-17,2022-10-18,1.304619909377935,2.185803256264237,Calibrated-LSTM-LogTarget-scale_mean,validation
2022-10-18,2022-10-19,0.1143012847418557,1.810658583024073,Calibrated-LSTM-LogTarget-scale_mean,validation
2022-10-19,2022-10-20,0.0233897216248987,1.5772436835896382,Calibrated-LSTM-LogTarget-scale_mean,validation
2022-10-20,2022-10-21,13.823102148731785,1.517220268592441,Calibrated-LSTM-LogTarget-scale_mean,validation
2022-10-21,2022-10-24,11.27142788246664,3.9518315076516415,Calibrated-LSTM-LogTarget-scale_mean,validation
2022-10-24,2022-10-25,0.2552819963060921,5.713025601320026,Calibrated-LSTM-LogTarget-scale_mean,validation
2022-10-25,2022-10-26,0.2322552175172126,3.021511287447187,Calibrated-LSTM-LogTarget-scale_mean,validation
2022-10-26,2022-10-27,17.476545289293156,2.0655886303510065,Calibrated-LSTM-LogTarget-scale_mean,validation
2022-10-27,2022-10-28,0.0040004302898497,3.258203868439007,Calibrated-LSTM-LogTarget-scale_mean,validation
2022-10-28,2022-10-31,0.003185411598369,2.0668200609517915,Calibrated-LSTM-LogTarget-scale_mean,validation
2022-10-31,2022-11-01,0.3176638729946111,1.6167818095735471,Calibrated-LSTM-LogTarget-scale_mean,validation
2022-11-01,2022-11-02,1.0542708806933592,1.4707356061615866,Calibrated-LSTM-LogTarget-scale_mean,validation
2022-11-02,2022-11-03,0.1094857130367321,1.5386726391882644,Calibrated-LSTM-LogTarget-scale_mean,validation
2022-11-03,2022-11-04,5.049190747098641,1.3671858532823051,Calibrated-LSTM-LogTarget-scale_mean,validation
2022-11-04,2022-11-07,4.95903292212355,1.9888890974037408,Calibrated-LSTM-LogTarget-scale_mean,validation
2022-11-07,2022-11-08,0.4359307936718208,2.2464412132361757,Calibrated-LSTM-LogTarget-scale_mean,validation
2022-11-08,2022-11-09,0.1604496978685764,1.6624230800458226,Calibrated-LSTM-LogTarget-scale_mean,validation
2022-11-09,2022-11-10,15.751336654060546,1.4272098006287846,Calibrated-LSTM-LogTarget-scale_mean,validation
2022-11-10,2022-11-11,0.5877644540297541,3.511025043828686,Calibrated-LSTM-LogTarget-scale_mean,validation
2022-11-11,2022-11-14,2.025904181968848,2.3383248642787273,Calibrated-LSTM-LogTarget-scale_mean,validation
2022-11-14,2022-11-15,9.894366349346946,2.1124159782943277,Calibrated-LSTM-LogTarget-scale_mean,validation
2022-11-15,2022-11-16,11.17558049000805,3.3418247765442426,Calibrated-LSTM-LogTarget-scale_mean,validation
2022-11-16,2022-11-17,7.602516501605635,3.025782581427314,Calibrated-LSTM-LogTarget-scale_mean,validation
2022-11-17,2022-11-18,5.215358122437767e-05,2.6118043309315575,Calibrated-LSTM-LogTarget-scale_mean,validation
2022-11-18,2022-11-21,0.8090953049399706,1.9275095593437839,Calibrated-LSTM-LogTarget-scale_mean,validation
2022-11-21,2022-11-22,0.7954965643291928,1.8799189981464601,Calibrated-LSTM-LogTarget-scale_mean,validation
2022-11-22,2022-11-23,0.4158325821141256,2.004827252208539,Calibrated-LSTM-LogTarget-scale_mean,validation
2022-11-23,2022-11-24,0.0326156098281846,1.6362151596798955,Calibrated-LSTM-LogTarget-scale_mean,validation
2022-11-24,2022-11-25,6.126390414606435,1.3736260213715379,Calibrated-LSTM-LogTarget-scale_mean,validation
2022-11-25,2022-11-28,11.99171626886051,1.3959725439610955,Calibrated-LSTM-LogTarget-scale_mean,validation
2022-11-28,2022-11-29,6.749510839154126,1.7184954865949738,Calibrated-LSTM-LogTarget-scale_mean,validation
2022-11-29,2022-11-30,2.4431488019656613,1.5681688685579627,Calibrated-LSTM-LogTarget-scale_mean,validation
2022-11-30,2022-12-01,1.3565007887137526,1.3271117863266881,Calibrated-LSTM-LogTarget-scale_mean,validation
2022-12-01,2022-12-02,17.084105039989844,1.5364143299991087,Calibrated-LSTM-LogTarget-scale_mean,validation
2022-12-02,2022-12-05,1.5797254157342264,1.6806732964227173,Calibrated-LSTM-LogTarget-scale_mean,validation
2022-12-05,2022-12-06,17.637687522394646,1.397725305613469,Calibrated-LSTM-LogTarget-scale_mean,validation
2022-12-06,2022-12-07,0.5388682275570345,2.8771989898426975,Calibrated-LSTM-LogTarget-scale_mean,validation
2022-12-07,2022-12-08,0.8269714352452323,2.333847413156331,Calibrated-LSTM-LogTarget-scale_mean,validation
2022-12-08,2022-12-09,0.0148277116225318,1.8883417033803427,Calibrated-LSTM-LogTarget-scale_mean,validation
2022-12-09,2022-12-12,3.589507425464579,1.6332880991090197,Calibrated-LSTM-LogTarget-scale_mean,validation
2022-12-12,2022-12-13,2.1880754664799307,1.9441675851981974,Calibrated-LSTM-LogTarget-scale_mean,validation
2022-12-13,2022-12-14,0.0807108309118899,1.5472111557655792,Calibrated-LSTM-LogTarget-scale_mean,validation
2022-12-14,2022-12-15,0.2157077020057238,1.3708549124437188,Calibrated-LSTM-LogTarget-scale_mean,validation
2022-12-15,2022-12-16,0.072617015649584,1.2939249153651085,Calibrated-LSTM-LogTarget-scale_mean,validation
2022-12-16,2022-12-19,1.813928705292506,1.3566582381075005,Calibrated-LSTM-LogTarget-scale_mean,validation
2022-12-19,2022-12-20,2.1946973166474533,1.5300097861831745,Calibrated-LSTM-LogTarget-scale_mean,validation
2022-12-20,2022-12-21,0.1732700004356016,1.5925062341276204,Calibrated-LSTM-LogTarget-scale_mean,validation
2022-12-21,2022-12-22,0.1335316168500294,1.3800705320878899,Calibrated-LSTM-LogTarget-scale_mean,validation
2022-12-22,2022-12-23,0.0493851739530653,1.21177382207417,Calibrated-LSTM-LogTarget-scale_mean,validation
2022-12-23,2022-12-26,12.275470581243656,1.1203657501029998,Calibrated-LSTM-LogTarget-scale_mean,validation
2022-12-26,2022-12-27,3.78693616836278,2.617146504654395,Calibrated-LSTM-LogTarget-scale_mean,validation
2022-12-27,2022-12-28,1.2053971949970186,2.117808641913574,Calibrated-LSTM-LogTarget-scale_mean,validation
2022-12-28,2022-12-29,0.3958340163318585,1.667877695169422,Calibrated-LSTM-LogTarget-scale_mean,validation
2022-12-29,2022-12-30,0.047616879962563,1.5467359218630334,Calibrated-LSTM-LogTarget-scale_mean,validation
