date,target_date,actual_var,pred_var,model,split
2023-02-06,2023-02-07,4.736232587067869,1.941800581453995,Calibrated-LSTM-scale_qlike,test
2023-02-07,2023-02-08,0.3561755878073738,2.078049065389239,Calibrated-LSTM-scale_qlike,test
2023-02-08,2023-02-09,0.5879330834697908,2.042470229324385,Calibrated-LSTM-scale_qlike,test
2023-02-09,2023-02-10,0.6787287097613596,2.0357965224617685,Calibrated-LSTM-scale_qlike,test
2023-02-10,2023-02-13,1.2216869517708149,2.061852402168317,Calibrated-LSTM-scale_qlike,test
2023-02-13,2023-02-14,0.2361888824871934,2.0424465546853496,Calibrated-LSTM-scale_qlike,test
2023-02-14,2023-02-15,0.8394668425834446,1.9673451157083777,Calibrated-LSTM-scale_qlike,test
2023-02-15,2023-02-16,0.9177621933014196,1.9120074526553865,Calibrated-LSTM-scale_qlike,test
2023-02-16,2023-02-17,0.0092805250097098,1.8493515172849055,Calibrated-LSTM-scale_qlike,test
2023-02-17,2023-02-20,6.512002780573765,1.8180164605834561,Calibrated-LSTM-scale_qlike,test
2023-02-20,2023-02-21,0.1691390418565458,1.8923046690218024,Calibrated-LSTM-scale_qlike,test
2023-02-21,2023-02-22,6.846416409130559,1.832763219357224,Calibrated-LSTM-scale_qlike,test
2023-02-22,2023-02-23,0.0034604047962046,1.9784938643688201,Calibrated-LSTM-scale_qlike,test
2023-02-23,2023-02-24,1.8150207850841689,1.9891529358907911,Calibrated-LSTM-scale_qlike,test
2023-02-24,2023-02-27,3.1577928002505518,2.0617552960217638,Calibrated-LSTM-scale_qlike,test
2023-02-27,2023-02-28,0.1124261928232939,2.157368870275284,Calibrated-LSTM-scale_qlike,test
2023-02-28,2023-03-01,2.362077222441523,2.1258275633286767,Calibrated-LSTM-scale_qlike,test
2023-03-01,2023-03-02,0.0800566234507277,2.0899467084223398,Calibrated-LSTM-scale_qlike,test
2023-03-02,2023-03-03,1.5504718457013609,2.041846395898045,Calibrated-LSTM-scale_qlike,test
2023-03-03,2023-03-06,0.0551773612932756,2.1145458621755706,Calibrated-LSTM-scale_qlike,test
2023-03-06,2023-03-07,1.0659420423683896,2.0243410735340457,Calibrated-LSTM-scale_qlike,test
2023-03-07,2023-03-08,1.180976964777076,1.9484250664682206,Calibrated-LSTM-scale_qlike,test
2023-03-08,2023-03-09,0.4136971055728827,1.8793862076546908,Calibrated-LSTM-scale_qlike,test
2023-03-09,2023-03-10,0.078265798957639,1.830677176021632,Calibrated-LSTM-scale_qlike,test
2023-03-10,2023-03-13,0.0003608159625681,1.7674535843343866,Calibrated-LSTM-scale_qlike,test
2023-03-13,2023-03-14,1.4659340258862177,1.7320551837952902,Calibrated-LSTM-scale_qlike,test
2023-03-14,2023-03-15,4.404587524685249,1.7624829801770856,Calibrated-LSTM-scale_qlike,test
2023-03-15,2023-03-16,1.966140070411206,1.818426285973316,Calibrated-LSTM-scale_qlike,test
2023-03-16,2023-03-17,0.0466583815583474,1.8942570910896173,Calibrated-LSTM-scale_qlike,test
2023-03-17,2023-03-20,4.542701346022625,1.9165330538518315,Calibrated-LSTM-scale_qlike,test
2023-03-20,2023-03-21,0.8241032078763476,2.0686087696350235,Calibrated-LSTM-scale_qlike,test
2023-03-21,2023-03-22,0.6122377400151076,2.095426651706464,Calibrated-LSTM-scale_qlike,test
2023-03-22,2023-03-23,0.1912107767600162,2.0175192998611897,Calibrated-LSTM-scale_qlike,test
2023-03-23,2023-03-24,0.0261069358389794,1.965362598760433,Calibrated-LSTM-scale_qlike,test
2023-03-24,2023-03-27,0.2706486133246383,1.9173204696710562,Calibrated-LSTM-scale_qlike,test
2023-03-27,2023-03-28,0.0375129464792075,1.7975575598059828,Calibrated-LSTM-scale_qlike,test
2023-03-28,2023-03-29,0.0373680554186715,1.740952434156937,Calibrated-LSTM-scale_qlike,test
2023-03-29,2023-03-30,0.0864260143113033,1.6378071145695376,Calibrated-LSTM-scale_qlike,test
2023-03-30,2023-03-31,0.2397323675517269,1.6248360874784653,Calibrated-LSTM-scale_qlike,test
2023-03-31,2023-04-03,1.8652562093058924,1.586660798911014,Calibrated-LSTM-scale_qlike,test
2023-04-03,2023-04-04,0.0059186412860023,1.600661605922625,Calibrated-LSTM-scale_qlike,test
2023-04-04,2023-04-05,0.0498269661847383,1.5995221468833902,Calibrated-LSTM-scale_qlike,test
2023-04-05,2023-04-06,0.8553042836437406,1.578564206115849,Calibrated-LSTM-scale_qlike,test
2023-04-06,2023-04-07,0.0125702355791553,1.6462116114271887,Calibrated-LSTM-scale_qlike,test
2023-04-07,2023-04-10,0.1668068990512428,1.5861330015910442,Calibrated-LSTM-scale_qlike,test
2023-04-10,2023-04-11,0.1482607699784405,1.6232545680888757,Calibrated-LSTM-scale_qlike,test
2023-04-11,2023-04-12,8.743291732272662e-07,1.5727928106370435,Calibrated-LSTM-scale_qlike,test
2023-04-12,2023-04-13,0.2330177840007939,1.57221659399882,Calibrated-LSTM-scale_qlike,test
2023-04-13,2023-04-14,1.1617696349612645,1.5428859900690548,Calibrated-LSTM-scale_qlike,test
2023-04-14,2023-04-17,0.0076283447272982,1.6031388826999076,Calibrated-LSTM-scale_qlike,test
2023-04-17,2023-04-18,0.0131688449679895,1.5206577778499804,Calibrated-LSTM-scale_qlike,test
2023-04-18,2023-04-19,0.3296437026732272,1.5112228322966768,Calibrated-LSTM-scale_qlike,test
2023-04-19,2023-04-20,0.0006623405434785,1.493868519353419,Calibrated-LSTM-scale_qlike,test
2023-04-20,2023-04-21,0.3673257523211698,1.4621494519815104,Calibrated-LSTM-scale_qlike,test
2023-04-21,2023-04-24,0.0221215519921837,1.468575712051946,Calibrated-LSTM-scale_qlike,test
2023-04-24,2023-04-25,0.3932622485353985,1.4433562025029678,Calibrated-LSTM-scale_qlike,test
2023-04-25,2023-04-26,0.328691182889417,1.4340503305466665,Calibrated-LSTM-scale_qlike,test
2023-04-26,2023-04-27,0.0126510214171176,1.4092565632352614,Calibrated-LSTM-scale_qlike,test
2023-04-27,2023-04-28,0.8257060505705139,1.4192885912103452,Calibrated-LSTM-scale_qlike,test
2023-04-28,2023-05-04,0.663351259487948,1.4235508287668965,Calibrated-LSTM-scale_qlike,test
2023-05-04,2023-05-05,0.0008313650023289,1.4455671730298552,Calibrated-LSTM-scale_qlike,test
2023-05-05,2023-05-08,1.5730813455266768,1.4350298185786328,Calibrated-LSTM-scale_qlike,test
2023-05-08,2023-05-09,0.0009810073041391,1.457549215482343,Calibrated-LSTM-scale_qlike,test
2023-05-09,2023-05-10,0.1807814295588449,1.451972701071757,Calibrated-LSTM-scale_qlike,test
2023-05-10,2023-05-11,0.0116169732719969,1.4770870791728141,Calibrated-LSTM-scale_qlike,test
2023-05-11,2023-05-12,0.8480601097426534,1.4874435968332111,Calibrated-LSTM-scale_qlike,test
2023-05-12,2023-05-15,0.0124546383596074,1.4803149891380516,Calibrated-LSTM-scale_qlike,test
2023-05-15,2023-05-16,0.0003521278803455,1.51338966366604,Calibrated-LSTM-scale_qlike,test
2023-05-16,2023-05-17,0.2647079940558091,1.486568972739121,Calibrated-LSTM-scale_qlike,test
2023-05-17,2023-05-18,0.5467189046851431,1.5151786370959928,Calibrated-LSTM-scale_qlike,test
2023-05-18,2023-05-19,0.0134881726921275,1.472239128371421,Calibrated-LSTM-scale_qlike,test
2023-05-19,2023-05-22,0.1115577260954784,1.5014785113756364,Calibrated-LSTM-scale_qlike,test
2023-05-22,2023-05-23,0.2010623455676166,1.4792622033535912,Calibrated-LSTM-scale_qlike,test
2023-05-23,2023-05-24,0.1456521231551851,1.4952229227142937,Calibrated-LSTM-scale_qlike,test
2023-05-24,2023-05-25,0.0713508401309495,1.5060562770309733,Calibrated-LSTM-scale_qlike,test
2023-05-25,2023-05-26,0.006683379548905,1.4879976101376493,Calibrated-LSTM-scale_qlike,test
2023-05-26,2023-05-29,1.1008741895280585,1.483883439391338,Calibrated-LSTM-scale_qlike,test
2023-05-29,2023-05-30,0.0813274524532,1.495343435989837,Calibrated-LSTM-scale_qlike,test
2023-05-30,2023-05-31,0.0715597269351419,1.5124375954137481,Calibrated-LSTM-scale_qlike,test
2023-05-31,2023-06-01,0.0894248931377806,1.5301537156936806,Calibrated-LSTM-scale_qlike,test
2023-06-01,2023-06-02,1.3176407801372392,1.516592561442014,Calibrated-LSTM-scale_qlike,test
2023-06-02,2023-06-05,0.4068339428608296,1.5393199474061785,Calibrated-LSTM-scale_qlike,test
2023-06-05,2023-06-06,0.9043890866960916,1.5291013311742885,Calibrated-LSTM-scale_qlike,test
2023-06-06,2023-06-07,0.0123028566285396,1.5023543392649321,Calibrated-LSTM-scale_qlike,test
2023-06-07,2023-06-08,0.5529490855904797,1.5567599973190513,Calibrated-LSTM-scale_qlike,test
2023-06-08,2023-06-09,0.3161644467066298,1.6359770783475855,Calibrated-LSTM-scale_qlike,test
2023-06-09,2023-06-12,0.5831574033164091,1.541465244216871,Calibrated-LSTM-scale_qlike,test
2023-06-12,2023-06-13,0.3310759893352936,1.513069052876388,Calibrated-LSTM-scale_qlike,test
2023-06-13,2023-06-14,0.2025223817587841,1.5502601719860756,Calibrated-LSTM-scale_qlike,test
2023-06-14,2023-06-15,0.0016224341258812,1.5588105955736014,Calibrated-LSTM-scale_qlike,test
2023-06-15,2023-06-16,0.024585211583996,1.5272692886269945,Calibrated-LSTM-scale_qlike,test
2023-06-16,2023-06-19,0.7822402072538185,1.6239494254323228,Calibrated-LSTM-scale_qlike,test
2023-06-19,2023-06-20,0.3250259985876756,1.5521796903182812,Calibrated-LSTM-scale_qlike,test
2023-06-20,2023-06-21,0.3653445181035127,1.5101280474350574,Calibrated-LSTM-scale_qlike,test
2023-06-21,2023-06-22,0.3717252672960691,1.5565693964115608,Calibrated-LSTM-scale_qlike,test
2023-06-22,2023-06-23,0.1309819466607628,1.5589369940701474,Calibrated-LSTM-scale_qlike,test
2023-06-23,2023-06-26,0.0549279663710728,1.5717836289900158,Calibrated-LSTM-scale_qlike,test
2023-06-26,2023-06-27,0.0411962958640958,1.5898932565470263,Calibrated-LSTM-scale_qlike,test
2023-06-27,2023-06-28,0.1251516048900254,1.5006920318415713,Calibrated-LSTM-scale_qlike,test
2023-06-28,2023-06-29,1.3110715533307906,1.526071378642796,Calibrated-LSTM-scale_qlike,test
2023-06-29,2023-06-30,0.2153197174085333,1.580918829537224,Calibrated-LSTM-scale_qlike,test
2023-06-30,2023-07-03,0.2244859363593752,1.5294046875659995,Calibrated-LSTM-scale_qlike,test
2023-07-03,2023-07-04,0.331614557206894,1.5104768805345201,Calibrated-LSTM-scale_qlike,test
2023-07-04,2023-07-05,0.0534448088033697,1.532364017445454,Calibrated-LSTM-scale_qlike,test
2023-07-05,2023-07-06,0.5521828368120864,1.56244458578806,Calibrated-LSTM-scale_qlike,test
2023-07-06,2023-07-07,1.0955709924740076,1.5967100812840387,Calibrated-LSTM-scale_qlike,test
2023-07-07,2023-07-10,0.9169134777331625,1.5540233695525592,Calibrated-LSTM-scale_qlike,test
2023-07-10,2023-07-11,0.057144157007868,1.5815984388080717,Calibrated-LSTM-scale_qlike,test
2023-07-11,2023-07-12,0.0444186703613796,1.604438045236366,Calibrated-LSTM-scale_qlike,test
2023-07-12,2023-07-13,0.9358770339385756,1.5675371745261548,Calibrated-LSTM-scale_qlike,test
2023-07-13,2023-07-14,0.0652166185346891,1.5579712828055303,Calibrated-LSTM-scale_qlike,test
2023-07-14,2023-07-17,0.1632239943294482,1.6182069210384415,Calibrated-LSTM-scale_qlike,test
2023-07-17,2023-07-18,0.0066910598075562,1.5737728336891004,Calibrated-LSTM-scale_qlike,test
2023-07-18,2023-07-19,0.0089465157105592,1.555790005893704,Calibrated-LSTM-scale_qlike,test
2023-07-19,2023-07-20,0.0002100775164203,1.5695207615142819,Calibrated-LSTM-scale_qlike,test
2023-07-20,2023-07-21,1.2319670859049314,1.544906894708543,Calibrated-LSTM-scale_qlike,test
2023-07-21,2023-07-24,0.164526463877313,1.572340451149933,Calibrated-LSTM-scale_qlike,test
2023-07-24,2023-07-25,0.1884318549081098,1.6058316388189213,Calibrated-LSTM-scale_qlike,test
2023-07-25,2023-07-26,0.1699312574616927,1.584677078167864,Calibrated-LSTM-scale_qlike,test
2023-07-26,2023-07-27,0.0856869950327944,1.565131189176025,Calibrated-LSTM-scale_qlike,test
2023-07-27,2023-07-28,0.7393945741890614,1.6451641758436402,Calibrated-LSTM-scale_qlike,test
2023-07-28,2023-07-31,1.5705613280253743,1.6138749971150115,Calibrated-LSTM-scale_qlike,test
2023-07-31,2023-08-01,0.191513989792846,1.6511479742986528,Calibrated-LSTM-scale_qlike,test
2023-08-01,2023-08-02,0.0554319741987418,1.7200804978690565,Calibrated-LSTM-scale_qlike,test
2023-08-02,2023-08-03,0.6081005379926719,1.5873351917359726,Calibrated-LSTM-scale_qlike,test
2023-08-03,2023-08-04,1.5216082607669985,1.642382071369396,Calibrated-LSTM-scale_qlike,test
2023-08-04,2023-08-07,1.5663427455149326,1.6638226002592,Calibrated-LSTM-scale_qlike,test
2023-08-07,2023-08-08,0.0042545072808971,1.6713588932638546,Calibrated-LSTM-scale_qlike,test
2023-08-08,2023-08-09,0.4429341513499315,1.688733804480624,Calibrated-LSTM-scale_qlike,test
2023-08-09,2023-08-10,1.18855521360565,1.6602106796235032,Calibrated-LSTM-scale_qlike,test
2023-08-10,2023-08-11,0.8946457187409982,1.6754354788487593,Calibrated-LSTM-scale_qlike,test
2023-08-11,2023-08-14,0.1406576061529025,1.6672891291851129,Calibrated-LSTM-scale_qlike,test
2023-08-14,2023-08-15,0.0509990332423939,1.6929964433022433,Calibrated-LSTM-scale_qlike,test
2023-08-15,2023-08-16,0.5528693854620391,1.6396475836832687,Calibrated-LSTM-scale_qlike,test
2023-08-16,2023-08-17,0.6237080926504832,1.631447865765525,Calibrated-LSTM-scale_qlike,test
2023-08-17,2023-08-18,21.187467781738864,1.7313005379566515,Calibrated-LSTM-scale_qlike,test
2023-08-18,2023-08-21,0.0225429724444894,2.0583884145878373,Calibrated-LSTM-scale_qlike,test
2023-08-21,2023-08-22,0.0038263943505654,1.8692486469666179,Calibrated-LSTM-scale_qlike,test
2023-08-22,2023-08-23,0.4543048185096983,1.8609919494091614,Calibrated-LSTM-scale_qlike,test
2023-08-23,2023-08-24,2.030960720400387,1.845752704641443,Calibrated-LSTM-scale_qlike,test
2023-08-24,2023-08-25,0.2574822009117362,1.9279586754094706,Calibrated-LSTM-scale_qlike,test
2023-08-25,2023-08-28,2.3677711449578327,1.8626467665512454,Calibrated-LSTM-scale_qlike,test
2023-08-28,2023-08-29,0.0507403600472885,1.8565460662063054,Calibrated-LSTM-scale_qlike,test
2023-08-29,2023-08-30,0.521587233427783,1.8777743258749253,Calibrated-LSTM-scale_qlike,test
2023-08-30,2023-08-31,0.798611626583033,1.8388910719717928,Calibrated-LSTM-scale_qlike,test
2023-08-31,2023-09-05,0.790275250555677,1.8239744443190684,Calibrated-LSTM-scale_qlike,test
2023-09-05,2023-09-06,0.7194907575034776,1.7630482289034393,Calibrated-LSTM-scale_qlike,test
2023-09-06,2023-09-07,0.0359716287929884,1.7662679798122858,Calibrated-LSTM-scale_qlike,test
2023-09-07,2023-09-08,0.0178548556372743,1.7935387563909277,Calibrated-LSTM-scale_qlike,test
2023-09-08,2023-09-11,2.097389099277001,1.754957521329278,Calibrated-LSTM-scale_qlike,test
2023-09-11,2023-09-12,3.1212396050656377,1.8816191140053173,Calibrated-LSTM-scale_qlike,test
2023-09-12,2023-09-13,0.3222528903899724,1.735507133423718,Calibrated-LSTM-scale_qlike,test
2023-09-13,2023-09-14,1.4026151894519558,1.853831508018575,Calibrated-LSTM-scale_qlike,test
2023-09-14,2023-09-15,0.0839016379792105,1.8390724437827097,Calibrated-LSTM-scale_qlike,test
2023-09-15,2023-09-18,1.6257299462595711,1.7646758937758946,Calibrated-LSTM-scale_qlike,test
2023-09-18,2023-09-19,0.000654584074098,1.766733313536608,Calibrated-LSTM-scale_qlike,test
2023-09-19,2023-09-20,1.4369523878233037,1.7675993773092389,Calibrated-LSTM-scale_qlike,test
2023-09-20,2023-09-21,1.2021573804780938,1.7182548755628566,Calibrated-LSTM-scale_qlike,test
2023-09-21,2023-09-22,2.67951003310709,1.7899218868193876,Calibrated-LSTM-scale_qlike,test
2023-09-22,2023-09-25,11.541216926620844,1.9378796867156298,Calibrated-LSTM-scale_qlike,test
2023-09-25,2023-09-26,1.7698314100181254,2.0149156245873607,Calibrated-LSTM-scale_qlike,test
2023-09-26,2023-09-27,1.922934467977144,1.9404123380723517,Calibrated-LSTM-scale_qlike,test
2023-09-27,2023-09-28,0.0151639632836694,1.9084388686470772,Calibrated-LSTM-scale_qlike,test
2023-09-28,2023-09-29,0.02224231577349,1.8928792805997527,Calibrated-LSTM-scale_qlike,test
2023-09-29,2023-10-02,0.0090750098350391,1.8925911722806408,Calibrated-LSTM-scale_qlike,test
2023-10-02,2023-10-03,10.683716279206385,1.8509480172370485,Calibrated-LSTM-scale_qlike,test
2023-10-03,2023-10-04,0.8853176884286172,2.1205824938645894,Calibrated-LSTM-scale_qlike,test
2023-10-04,2023-10-05,1.7375339257639013,2.053823221904644,Calibrated-LSTM-scale_qlike,test
2023-10-05,2023-10-06,1.7072998751511268,2.095088786518871,Calibrated-LSTM-scale_qlike,test
2023-10-06,2023-10-09,0.6060662073826656,2.1412233014730715,Calibrated-LSTM-scale_qlike,test
2023-10-09,2023-10-10,0.3080349756366544,2.098841551193576,Calibrated-LSTM-scale_qlike,test
2023-10-10,2023-10-11,0.3851648462229108,2.0213096496973018,Calibrated-LSTM-scale_qlike,test
2023-10-11,2023-10-12,0.0048291522978458,1.9597196081035153,Calibrated-LSTM-scale_qlike,test
2023-10-12,2023-10-13,0.0732020168306359,1.9246901039173019,Calibrated-LSTM-scale_qlike,test
2023-10-13,2023-10-16,1.3440806213781142,1.861779900248477,Calibrated-LSTM-scale_qlike,test
2023-10-16,2023-10-17,3.052807721519015,1.8921409528738953,Calibrated-LSTM-scale_qlike,test
2023-10-17,2023-10-18,2.691074109609036,1.9726305791893504,Calibrated-LSTM-scale_qlike,test
2023-10-18,2023-10-19,2.014426845995019,1.9889512333164083,Calibrated-LSTM-scale_qlike,test
2023-10-19,2023-10-20,3.37838828040453,1.9608509080863596,Calibrated-LSTM-scale_qlike,test
2023-10-20,2023-10-23,1.7351918672263549,2.011352792045032,Calibrated-LSTM-scale_qlike,test
2023-10-23,2023-10-24,1.2652847100550173,2.036871511580014,Calibrated-LSTM-scale_qlike,test
2023-10-24,2023-10-25,0.1475596920145903,2.0700113248041068,Calibrated-LSTM-scale_qlike,test
2023-10-25,2023-10-26,18.362010800338208,2.039848363367456,Calibrated-LSTM-scale_qlike,test
2023-10-26,2023-10-27,0.2387716417217482,2.2029787980300615,Calibrated-LSTM-scale_qlike,test
2023-10-27,2023-10-30,3.0025597858118136,2.174059223285361,Calibrated-LSTM-scale_qlike,test
2023-10-30,2023-10-31,1.8839681619493045,2.2755335413729174,Calibrated-LSTM-scale_qlike,test
2023-10-31,2023-11-01,1.230715501580414,2.266193160620734,Calibrated-LSTM-scale_qlike,test
2023-11-01,2023-11-02,11.467731176476716,2.24207391988931,Calibrated-LSTM-scale_qlike,test
2023-11-02,2023-11-03,0.0148189440021049,2.3578857063808654,Calibrated-LSTM-scale_qlike,test
2023-11-03,2023-11-06,1.4138672012584073,2.214527340453654,Calibrated-LSTM-scale_qlike,test
2023-11-06,2023-11-07,0.7458390495009208,2.192148787588952,Calibrated-LSTM-scale_qlike,test
2023-11-07,2023-11-08,9.129956144189087,2.184451453536846,Calibrated-LSTM-scale_qlike,test
2023-11-08,2023-11-09,0.0017061233763225,2.2868470762214494,Calibrated-LSTM-scale_qlike,test
2023-11-09,2023-11-10,1.2148681903111338,2.154311899229185,Calibrated-LSTM-scale_qlike,test
2023-11-10,2023-11-13,0.0213882813414155,2.10006741597754,Calibrated-LSTM-scale_qlike,test
2023-11-13,2023-11-14,0.7643879612116624,2.0728577654443177,Calibrated-LSTM-scale_qlike,test
2023-11-14,2023-11-15,1.309101680363533,2.0758783551242144,Calibrated-LSTM-scale_qlike,test
2023-11-15,2023-11-16,0.0726677258555493,2.0438075120423416,Calibrated-LSTM-scale_qlike,test
2023-11-16,2023-11-17,4.779742663796966,1.9531016770854068,Calibrated-LSTM-scale_qlike,test
2023-11-17,2023-11-20,0.0501991268589152,2.043975775861024,Calibrated-LSTM-scale_qlike,test
2023-11-20,2023-11-21,0.3772925570702379,1.9861389002070113,Calibrated-LSTM-scale_qlike,test
2023-11-21,2023-11-22,0.0912767762573235,1.9499660580859017,Calibrated-LSTM-scale_qlike,test
2023-11-22,2023-11-23,5.291901747240125,1.9363645098173492,Calibrated-LSTM-scale_qlike,test
2023-11-23,2023-11-24,0.4250871900618609,1.9895848308594128,Calibrated-LSTM-scale_qlike,test
2023-11-24,2023-11-27,0.4781711175817431,1.9619197444735559,Calibrated-LSTM-scale_qlike,test
2023-11-27,2023-11-28,0.4557176520002135,1.8963785795062513,Calibrated-LSTM-scale_qlike,test
2023-11-28,2023-11-29,0.4496265629344425,1.9109301897017537,Calibrated-LSTM-scale_qlike,test
2023-11-29,2023-11-30,0.6229744807299576,1.8849302195947362,Calibrated-LSTM-scale_qlike,test
2023-11-30,2023-12-01,0.5347066481770756,1.861272032426905,Calibrated-LSTM-scale_qlike,test
2023-12-01,2023-12-04,2.720585966130201,1.8110447475300415,Calibrated-LSTM-scale_qlike,test
2023-12-04,2023-12-05,0.163386350982878,1.872383597191009,Calibrated-LSTM-scale_qlike,test
2023-12-05,2023-12-06,0.8703691532467039,1.8066430034847092,Calibrated-LSTM-scale_qlike,test
2023-12-06,2023-12-07,0.193176184914791,1.7811440796931015,Calibrated-LSTM-scale_qlike,test
2023-12-07,2023-12-08,0.0690100099875838,1.8768563651534478,Calibrated-LSTM-scale_qlike,test
2023-12-08,2023-12-11,0.0088783019772855,1.7137581654513365,Calibrated-LSTM-scale_qlike,test
2023-12-11,2023-12-12,0.0357476055077411,1.6684618932250252,Calibrated-LSTM-scale_qlike,test
2023-12-12,2023-12-13,1.4355458045904153,1.6277797680202521,Calibrated-LSTM-scale_qlike,test
2023-12-13,2023-12-14,0.1339218193100039,1.700190724713598,Calibrated-LSTM-scale_qlike,test
2023-12-14,2023-12-15,0.501011926570286,1.6697482152792944,Calibrated-LSTM-scale_qlike,test
2023-12-15,2023-12-18,0.9021057574713134,1.6818498347221658,Calibrated-LSTM-scale_qlike,test
2023-12-18,2023-12-19,0.163207316046184,1.6609623828516404,Calibrated-LSTM-scale_qlike,test
2023-12-19,2023-12-20,0.1648341022859622,1.6548013589914177,Calibrated-LSTM-scale_qlike,test
2023-12-20,2023-12-21,0.0229820728280408,1.609082822158126,Calibrated-LSTM-scale_qlike,test
2023-12-21,2023-12-22,0.003263855536434,1.579947634316672,Calibrated-LSTM-scale_qlike,test
2023-12-22,2023-12-25,1.728982548756669,1.5783988849076682,Calibrated-LSTM-scale_qlike,test
2023-12-25,2023-12-26,0.1679675706187517,1.5697995069817974,Calibrated-LSTM-scale_qlike,test
2023-12-26,2023-12-27,0.0005368687109465,1.5810452280337701,Calibrated-LSTM-scale_qlike,test
2023-12-27,2023-12-28,0.3802432948523992,1.5866396656174115,Calibrated-LSTM-scale_qlike,test
2023-12-28,2023-12-29,0.0078393746118935,1.567144202269168,Calibrated-LSTM-scale_qlike,test
2023-12-29,2024-01-02,0.0250562134986935,1.5747483090703822,Calibrated-LSTM-scale_qlike,test
2024-01-02,2024-01-03,1.197029417048885,1.589879747289724,Calibrated-LSTM-scale_qlike,test
2024-01-03,2024-01-04,0.3258526092006003,1.5316980511869318,Calibrated-LSTM-scale_qlike,test
2024-01-04,2024-01-05,0.1180208232703248,1.6851689656129527,Calibrated-LSTM-scale_qlike,test
2024-01-05,2024-01-08,0.2266269824272246,1.5641555800397202,Calibrated-LSTM-scale_qlike,test
2024-01-08,2024-01-09,0.0190450011331964,1.5692012207648123,Calibrated-LSTM-scale_qlike,test
2024-01-09,2024-01-10,0.0646665738710911,1.5766727763384314,Calibrated-LSTM-scale_qlike,test
2024-01-10,2024-01-11,0.0034252738431133,1.6061950512158696,Calibrated-LSTM-scale_qlike,test
2024-01-11,2024-01-12,0.4213826457560849,1.5586310963330037,Calibrated-LSTM-scale_qlike,test
2024-01-12,2024-01-15,0.0025242702278622,1.6526117892681782,Calibrated-LSTM-scale_qlike,test
2024-01-15,2024-01-16,0.6034028324453893,1.504998809820715,Calibrated-LSTM-scale_qlike,test
2024-01-16,2024-01-17,0.0025743958188708,1.4855635362327315,Calibrated-LSTM-scale_qlike,test
2024-01-17,2024-01-18,0.3137503773939618,1.5396829585380583,Calibrated-LSTM-scale_qlike,test
2024-01-18,2024-01-19,1.120382144309341,1.4796583857311254,Calibrated-LSTM-scale_qlike,test
2024-01-19,2024-01-22,0.0132345962603059,1.4923110758679332,Calibrated-LSTM-scale_qlike,test
2024-01-22,2024-01-23,0.2062692888507807,1.555311564177148,Calibrated-LSTM-scale_qlike,test
2024-01-23,2024-01-24,0.1485757892019817,1.5125633251351802,Calibrated-LSTM-scale_qlike,test
2024-01-24,2024-01-25,0.0492420848338565,1.5396980728556346,Calibrated-LSTM-scale_qlike,test
2024-01-25,2024-01-26,0.2041467089523473,1.4964178900879908,Calibrated-LSTM-scale_qlike,test
2024-01-26,2024-01-29,2.893888078905973e-06,1.4774480839793518,Calibrated-LSTM-scale_qlike,test
2024-01-29,2024-01-30,0.1130691080782245,1.4990607555834998,Calibrated-LSTM-scale_qlike,test
2024-01-30,2024-01-31,1.7132578057426455,1.4822979073510645,Calibrated-LSTM-scale_qlike,test
2024-01-31,2024-02-01,0.5554695483427156,1.6539829120069032,Calibrated-LSTM-scale_qlike,test
2024-02-01,2024-02-02,0.0016060494837953,1.5315094566047835,Calibrated-LSTM-scale_qlike,test
2024-02-02,2024-02-05,1.312405125307974,1.6121626653131236,Calibrated-LSTM-scale_qlike,test
2024-02-05,2024-02-06,0.041546270496195,1.5845126932448426,Calibrated-LSTM-scale_qlike,test
2024-02-06,2024-02-07,0.7090694435364681,1.56023588909656,Calibrated-LSTM-scale_qlike,test
2024-02-07,2024-02-15,0.10935700902328,1.5612007978310412,Calibrated-LSTM-scale_qlike,test
2024-02-15,2024-02-16,0.3563698361907522,1.6172604704971074,Calibrated-LSTM-scale_qlike,test
2024-02-16,2024-02-19,1.5735090531706803,1.5863660028407622,Calibrated-LSTM-scale_qlike,test
2024-02-19,2024-02-20,0.1719424828204338,1.6488861768631013,Calibrated-LSTM-scale_qlike,test
2024-02-20,2024-02-21,2.643713937948573e-06,1.6145978092582238,Calibrated-LSTM-scale_qlike,test
2024-02-21,2024-02-22,0.0493686905262693,1.6331706304591915,Calibrated-LSTM-scale_qlike,test
2024-02-22,2024-02-23,1.5757517057356472,1.5984064962382136,Calibrated-LSTM-scale_qlike,test
2024-02-23,2024-02-26,0.9982359162312492,1.825456851236763,Calibrated-LSTM-scale_qlike,test
2024-02-26,2024-02-27,1.16593097532243,1.6281695301566919,Calibrated-LSTM-scale_qlike,test
2024-02-27,2024-02-28,1.8813005066335944,1.6579799133532416,Calibrated-LSTM-scale_qlike,test
2024-02-28,2024-02-29,0.0210764395400896,1.6520282161037012,Calibrated-LSTM-scale_qlike,test
2024-02-29,2024-03-01,0.1954116660389362,1.744753484394873,Calibrated-LSTM-scale_qlike,test
2024-03-01,2024-03-04,0.0617241173730905,1.678648809516511,Calibrated-LSTM-scale_qlike,test
2024-03-04,2024-03-05,0.458465682898879,1.7547588951204194,Calibrated-LSTM-scale_qlike,test
2024-03-05,2024-03-06,0.3277686759141466,1.6784841570834443,Calibrated-LSTM-scale_qlike,test
2024-03-06,2024-03-07,0.2049845962757557,1.7182586207034949,Calibrated-LSTM-scale_qlike,test
2024-03-07,2024-03-08,2.816444292658484,1.6978417190031807,Calibrated-LSTM-scale_qlike,test
2024-03-08,2024-03-11,0.912721979122844,1.874987673729906,Calibrated-LSTM-scale_qlike,test
2024-03-11,2024-03-12,0.5879634369893775,1.7412076387404398,Calibrated-LSTM-scale_qlike,test
2024-03-12,2024-03-13,4.113946023612082,1.6700129164694162,Calibrated-LSTM-scale_qlike,test
2024-03-13,2024-03-14,0.2431894157728003,1.7281833771502928,Calibrated-LSTM-scale_qlike,test
2024-03-14,2024-03-15,0.0014420309906953,1.817083920564493,Calibrated-LSTM-scale_qlike,test
2024-03-15,2024-03-18,2.60144510071112,1.8101388247606154,Calibrated-LSTM-scale_qlike,test
2024-03-18,2024-03-19,0.0078313418483015,1.9992910315989552,Calibrated-LSTM-scale_qlike,test
2024-03-19,2024-03-20,1.98300631416396,1.74362271943212,Calibrated-LSTM-scale_qlike,test
2024-03-20,2024-03-21,1.659993462713211,1.732544058403625,Calibrated-LSTM-scale_qlike,test
2024-03-21,2024-03-22,0.1769090471586793,1.8338727172713516,Calibrated-LSTM-scale_qlike,test
2024-03-22,2024-03-25,1.1957204376691162,1.8597454863516862,Calibrated-LSTM-scale_qlike,test
2024-03-25,2024-03-26,1.266685379522265,1.8525754145994584,Calibrated-LSTM-scale_qlike,test
2024-03-26,2024-03-27,0.0047070525559726,1.7126788961723616,Calibrated-LSTM-scale_qlike,test
2024-03-27,2024-03-28,0.3036574536281876,1.7137129562536297,Calibrated-LSTM-scale_qlike,test
2024-03-28,2024-03-29,0.22386593116756,1.7327801360188673,Calibrated-LSTM-scale_qlike,test
2024-03-29,2024-04-01,0.0401370314872093,1.707900230472779,Calibrated-LSTM-scale_qlike,test
2024-04-01,2024-04-02,0.1847396233779287,1.7290011553596931,Calibrated-LSTM-scale_qlike,test
2024-04-02,2024-04-03,1.4814046434548742,1.7714008288122436,Calibrated-LSTM-scale_qlike,test
2024-04-03,2024-04-04,0.0642984527134782,1.7908633884248781,Calibrated-LSTM-scale_qlike,test
2024-04-04,2024-04-05,1.084676282740752,1.7420111051624008,Calibrated-LSTM-scale_qlike,test
2024-04-05,2024-04-08,0.1443776586599194,1.7796981878966314,Calibrated-LSTM-scale_qlike,test
2024-04-08,2024-04-09,0.9848187145028622,1.6784108593309497,Calibrated-LSTM-scale_qlike,test
2024-04-09,2024-04-10,0.1141835151805207,1.623139271259222,Calibrated-LSTM-scale_qlike,test
2024-04-10,2024-04-11,0.0008184297224042,1.6354583763691664,Calibrated-LSTM-scale_qlike,test
2024-04-11,2024-04-12,2.1077713488695093,1.644241934961433,Calibrated-LSTM-scale_qlike,test
2024-04-12,2024-04-15,23.166885904173803,1.644031404555545,Calibrated-LSTM-scale_qlike,test
2024-04-15,2024-04-16,0.0058478365075764,2.135064551448236,Calibrated-LSTM-scale_qlike,test
2024-04-16,2024-04-17,3.543454497340081,2.032696214788283,Calibrated-LSTM-scale_qlike,test
2024-04-17,2024-04-19,2.3528631494425456,2.012614770685152,Calibrated-LSTM-scale_qlike,test
2024-04-19,2024-04-22,1.6893979231324006,2.0791253920577124,Calibrated-LSTM-scale_qlike,test
2024-04-22,2024-04-23,1.1727907466469314,2.058660606059236,Calibrated-LSTM-scale_qlike,test
2024-04-23,2024-04-24,5.606024745553127,2.0517258093921136,Calibrated-LSTM-scale_qlike,test
2024-04-24,2024-04-25,0.0028195309207452,2.141195480428329,Calibrated-LSTM-scale_qlike,test
2024-04-25,2024-04-26,0.1420473024727117,2.107970465254713,Calibrated-LSTM-scale_qlike,test
2024-04-26,2024-05-02,0.318006405977251,2.093921640189916,Calibrated-LSTM-scale_qlike,test
2024-05-02,2024-05-03,0.1468401316931458,2.0595777642505766,Calibrated-LSTM-scale_qlike,test
2024-05-03,2024-05-06,2.785560071487252,1.99355120230553,Calibrated-LSTM-scale_qlike,test
2024-05-06,2024-05-07,0.3206037518220124,1.9589263070632872,Calibrated-LSTM-scale_qlike,test
2024-05-07,2024-05-08,0.0214485793857184,1.8915583159945777,Calibrated-LSTM-scale_qlike,test
2024-05-08,2024-05-09,0.0212146392864794,1.9012955478994096,Calibrated-LSTM-scale_qlike,test
2024-05-09,2024-05-10,0.0998826714071555,1.8411459141461584,Calibrated-LSTM-scale_qlike,test
2024-05-10,2024-05-13,0.1323509240296012,1.816691884592666,Calibrated-LSTM-scale_qlike,test
2024-05-13,2024-05-14,0.0623260338672244,1.777104811759558,Calibrated-LSTM-scale_qlike,test
2024-05-14,2024-05-15,0.7914504364695899,1.720598263562316,Calibrated-LSTM-scale_qlike,test
2024-05-15,2024-05-16,1.3010619376829529,1.7685657573489704,Calibrated-LSTM-scale_qlike,test
2024-05-16,2024-05-20,0.4777373395090949,1.7672544231054372,Calibrated-LSTM-scale_qlike,test
2024-05-20,2024-05-21,0.0011865300373836,1.7653711523844104,Calibrated-LSTM-scale_qlike,test
2024-05-21,2024-05-22,0.6467920233357178,1.73375039495426,Calibrated-LSTM-scale_qlike,test
2024-05-22,2024-05-23,1.2284567837418712,1.7726079678930151,Calibrated-LSTM-scale_qlike,test
2024-05-23,2024-05-24,2.256648937405396,1.6927859128963558,Calibrated-LSTM-scale_qlike,test
2024-05-24,2024-05-27,0.2066759953224523,1.8964374317162833,Calibrated-LSTM-scale_qlike,test
2024-05-27,2024-05-28,1.2149042841979667,1.6709116164676108,Calibrated-LSTM-scale_qlike,test
2024-05-28,2024-05-29,0.5065517433860525,1.6889670732403874,Calibrated-LSTM-scale_qlike,test
2024-05-29,2024-05-30,0.2478473182821189,1.7665544830711237,Calibrated-LSTM-scale_qlike,test
2024-05-30,2024-05-31,0.1324368158912983,1.7692972635686648,Calibrated-LSTM-scale_qlike,test
2024-05-31,2024-06-03,2.069054535054291,1.664490706598087,Calibrated-LSTM-scale_qlike,test
2024-06-03,2024-06-04,0.0754175541972061,1.7365093598095598,Calibrated-LSTM-scale_qlike,test
2024-06-04,2024-06-05,0.0041789785238715,1.7042891123672192,Calibrated-LSTM-scale_qlike,test
2024-06-05,2024-06-06,0.003785773302666,1.7148509439876143,Calibrated-LSTM-scale_qlike,test
2024-06-06,2024-06-07,0.0977825492840672,1.700937077740823,Calibrated-LSTM-scale_qlike,test
2024-06-07,2024-06-10,0.0574549317651925,1.6197529953469894,Calibrated-LSTM-scale_qlike,test
2024-06-10,2024-06-11,0.236389900130653,1.6533297862305696,Calibrated-LSTM-scale_qlike,test
2024-06-11,2024-06-12,1.4910702380739045,1.6878531614105072,Calibrated-LSTM-scale_qlike,test
2024-06-12,2024-06-13,0.0102965917651104,1.6338957164377914,Calibrated-LSTM-scale_qlike,test
2024-06-13,2024-06-14,2.8007247199637466,1.6755966536512334,Calibrated-LSTM-scale_qlike,test
2024-06-14,2024-06-17,0.1619251788207639,1.8161555269512368,Calibrated-LSTM-scale_qlike,test
2024-06-17,2024-06-18,0.1371670063872054,1.704028022562713,Calibrated-LSTM-scale_qlike,test
2024-06-18,2024-06-19,0.0005135905111872,1.668356761777104,Calibrated-LSTM-scale_qlike,test
2024-06-19,2024-06-20,0.0383900740120223,1.7135022920927196,Calibrated-LSTM-scale_qlike,test
2024-06-20,2024-06-21,0.0004769047173217,1.7138333357741502,Calibrated-LSTM-scale_qlike,test
2024-06-21,2024-06-24,4.841244218909869,1.6650552865493267,Calibrated-LSTM-scale_qlike,test
2024-06-24,2024-06-25,0.0377795857346046,1.890921374576003,Calibrated-LSTM-scale_qlike,test
2024-06-25,2024-06-26,0.1382006989182143,1.699793204785836,Calibrated-LSTM-scale_qlike,test
2024-06-26,2024-06-27,0.0291086660682599,1.703381985802588,Calibrated-LSTM-scale_qlike,test
2024-06-27,2024-06-28,1.2092769262564496,1.675633168772458,Calibrated-LSTM-scale_qlike,test
2024-06-28,2024-07-01,0.5464740769679215,1.7567858187359338,Calibrated-LSTM-scale_qlike,test
2024-07-01,2024-07-02,1.4560329328950323,1.6528381027667565,Calibrated-LSTM-scale_qlike,test
2024-07-02,2024-07-03,0.3074231060441431,1.6758978699625795,Calibrated-LSTM-scale_qlike,test
2024-07-03,2024-07-04,0.0565502378458402,1.693895143300438,Calibrated-LSTM-scale_qlike,test
2024-07-04,2024-07-05,0.0604238017679763,1.6954519180108096,Calibrated-LSTM-scale_qlike,test
2024-07-05,2024-07-08,0.001641913639604,1.7060354179448984,Calibrated-LSTM-scale_qlike,test
2024-07-08,2024-07-09,0.6204070574126203,1.7076697705684944,Calibrated-LSTM-scale_qlike,test
2024-07-09,2024-07-10,0.3628967539784848,1.6969953172189012,Calibrated-LSTM-scale_qlike,test
2024-07-10,2024-07-11,0.0277401860440043,1.6880821500095413,Calibrated-LSTM-scale_qlike,test
2024-07-11,2024-07-12,0.0565767163705356,1.67854795822932,Calibrated-LSTM-scale_qlike,test
2024-07-12,2024-07-15,0.0052765811391784,1.625840721454718,Calibrated-LSTM-scale_qlike,test
2024-07-15,2024-07-16,0.011280250205691,1.592899935704552,Calibrated-LSTM-scale_qlike,test
2024-07-16,2024-07-17,0.9643834972427656,1.6173907478893148,Calibrated-LSTM-scale_qlike,test
2024-07-17,2024-07-18,0.2066285309508605,1.8066320355728396,Calibrated-LSTM-scale_qlike,test
2024-07-18,2024-07-19,0.5789189613600527,1.6164497813039154,Calibrated-LSTM-scale_qlike,test
2024-07-19,2024-07-22,0.6479469442933512,1.6468624633681344,Calibrated-LSTM-scale_qlike,test
2024-07-22,2024-07-23,3.3723820037131813,1.6672177040029377,Calibrated-LSTM-scale_qlike,test
2024-07-23,2024-07-24,0.2907489732326712,1.6946384199621387,Calibrated-LSTM-scale_qlike,test
2024-07-24,2024-07-25,0.1825373322670373,1.690523179175645,Calibrated-LSTM-scale_qlike,test
2024-07-25,2024-07-26,0.5194428542577421,1.633961657664032,Calibrated-LSTM-scale_qlike,test
2024-07-26,2024-07-29,0.1301982149615345,1.6326761381398993,Calibrated-LSTM-scale_qlike,test
2024-07-29,2024-07-30,0.0152800221232259,1.6455500590844188,Calibrated-LSTM-scale_qlike,test
2024-07-30,2024-07-31,0.2669893008576879,1.6537528533676868,Calibrated-LSTM-scale_qlike,test
2024-07-31,2024-08-01,3.924859003099425,1.6436189040652294,Calibrated-LSTM-scale_qlike,test
2024-08-01,2024-08-02,0.6124804127570632,1.7724473281106323,Calibrated-LSTM-scale_qlike,test
2024-08-02,2024-08-05,16.028441731399298,1.716081490197376,Calibrated-LSTM-scale_qlike,test
2024-08-05,2024-08-06,3.4304951964000674,2.096855289104993,Calibrated-LSTM-scale_qlike,test
2024-08-06,2024-08-07,0.2131074887245232,2.0717248604011993,Calibrated-LSTM-scale_qlike,test
2024-08-07,2024-08-08,0.389017827650505,2.0657583163441284,Calibrated-LSTM-scale_qlike,test
2024-08-08,2024-08-09,1.5873626468232618,2.091149433587359,Calibrated-LSTM-scale_qlike,test
2024-08-09,2024-08-12,0.2928717413764615,2.119905158429129,Calibrated-LSTM-scale_qlike,test
2024-08-12,2024-08-13,0.0001294788177011,2.0304376274732783,Calibrated-LSTM-scale_qlike,test
2024-08-13,2024-08-14,2.3780277347729983e-05,1.9883827744695075,Calibrated-LSTM-scale_qlike,test
2024-08-14,2024-08-15,0.3071561671079922,1.9566463189446353,Calibrated-LSTM-scale_qlike,test
2024-08-15,2024-08-16,5.364467227292595,1.9388405827994264,Calibrated-LSTM-scale_qlike,test
2024-08-16,2024-08-19,0.5581057481573143,2.0314520255661956,Calibrated-LSTM-scale_qlike,test
2024-08-19,2024-08-20,0.7441049789899746,1.8904024050875383,Calibrated-LSTM-scale_qlike,test
2024-08-20,2024-08-21,0.8093492360217696,1.8644718538373541,Calibrated-LSTM-scale_qlike,test
2024-08-21,2024-08-22,0.0097920425309074,1.8245974752152716,Calibrated-LSTM-scale_qlike,test
2024-08-22,2024-08-23,0.039129459240867,1.7948314986862919,Calibrated-LSTM-scale_qlike,test
2024-08-23,2024-08-26,0.1707352129175375,1.7585639580090395,Calibrated-LSTM-scale_qlike,test
2024-08-26,2024-08-27,0.0017789790178368,1.7667405363078388,Calibrated-LSTM-scale_qlike,test
2024-08-27,2024-08-28,0.0047191862628622,1.7426598170229814,Calibrated-LSTM-scale_qlike,test
2024-08-28,2024-08-29,5.480696959213411e-06,1.736793187967942,Calibrated-LSTM-scale_qlike,test
2024-08-29,2024-08-30,0.0350100605836961,1.6885773111039477,Calibrated-LSTM-scale_qlike,test
2024-08-30,2024-09-04,0.3975959773479832,1.6308625537857513,Calibrated-LSTM-scale_qlike,test
2024-09-04,2024-09-05,0.3560479520225069,1.623250287928146,Calibrated-LSTM-scale_qlike,test
2024-09-05,2024-09-06,0.2046388013312271,1.6319858284672273,Calibrated-LSTM-scale_qlike,test
2024-09-06,2024-09-09,0.2403215208141221,1.5882880625184013,Calibrated-LSTM-scale_qlike,test
2024-09-09,2024-09-10,0.9818980427278184,1.5654623666124778,Calibrated-LSTM-scale_qlike,test
2024-09-10,2024-09-11,0.0244199123086784,1.6365978354084012,Calibrated-LSTM-scale_qlike,test
2024-09-11,2024-09-12,0.0602484567361687,1.6082124782247653,Calibrated-LSTM-scale_qlike,test
2024-09-12,2024-09-13,0.1369055643032899,1.5508873492879858,Calibrated-LSTM-scale_qlike,test
2024-09-13,2024-09-16,0.9992379796047328,1.5445345207250676,Calibrated-LSTM-scale_qlike,test
2024-09-16,2024-09-17,2.484914926701652,1.587954076226469,Calibrated-LSTM-scale_qlike,test
2024-09-17,2024-09-18,0.2223148391601984,1.6007704825111846,Calibrated-LSTM-scale_qlike,test
2024-09-18,2024-09-19,0.2523387575730195,1.6481701862260518,Calibrated-LSTM-scale_qlike,test
2024-09-19,2024-09-20,0.003666425548263,1.6115685255018446,Calibrated-LSTM-scale_qlike,test
2024-09-20,2024-09-23,0.0785444168047104,1.7182194304818148,Calibrated-LSTM-scale_qlike,test
2024-09-23,2024-09-24,0.447081172927798,1.5933537664969133,Calibrated-LSTM-scale_qlike,test
2024-09-24,2024-09-25,0.6692996014919499,1.568651086356035,Calibrated-LSTM-scale_qlike,test
2024-09-25,2024-09-26,0.0967067651015831,1.6656541077864035,Calibrated-LSTM-scale_qlike,test
2024-09-26,2024-09-27,0.0019487643545271,1.6596284440092541,Calibrated-LSTM-scale_qlike,test
2024-09-27,2024-09-30,0.0534118196752501,1.6577735293530607,Calibrated-LSTM-scale_qlike,test
2024-09-30,2024-10-01,0.1090419063191174,1.5919881277141232,Calibrated-LSTM-scale_qlike,test
2024-10-01,2024-10-02,0.1142301950532245,1.6352227000189923,Calibrated-LSTM-scale_qlike,test
2024-10-02,2024-10-03,0.5763536966008403,1.5630230762616706,Calibrated-LSTM-scale_qlike,test
2024-10-03,2024-10-04,0.3463758362975216,1.6818442170112085,Calibrated-LSTM-scale_qlike,test
2024-10-04,2024-10-07,0.0027820245719093,1.551393344539239,Calibrated-LSTM-scale_qlike,test
2024-10-07,2024-10-08,0.0260164216385025,1.5386969165099753,Calibrated-LSTM-scale_qlike,test
2024-10-08,2024-10-09,0.5974680039460253,1.5685999919373252,Calibrated-LSTM-scale_qlike,test
2024-10-09,2024-10-10,0.1233539050383977,1.5522409501187238,Calibrated-LSTM-scale_qlike,test
2024-10-10,2024-10-11,0.0248646364370185,1.5735419725197473,Calibrated-LSTM-scale_qlike,test
2024-10-11,2024-10-14,0.0253573876734088,1.5136777719851517,Calibrated-LSTM-scale_qlike,test
2024-10-14,2024-10-15,0.1678954221921946,1.5708480126055284,Calibrated-LSTM-scale_qlike,test
2024-10-15,2024-10-16,0.0156181703703392,1.562794087662637,Calibrated-LSTM-scale_qlike,test
2024-10-16,2024-10-17,0.301088511662053,1.5036159166399836,Calibrated-LSTM-scale_qlike,test
2024-10-17,2024-10-18,0.0067941729317095,1.5236896029517926,Calibrated-LSTM-scale_qlike,test
2024-10-18,2024-10-21,0.1968037312439634,1.5256230318063695,Calibrated-LSTM-scale_qlike,test
2024-10-21,2024-10-22,0.6006392197446851,1.5186513187529544,Calibrated-LSTM-scale_qlike,test
2024-10-22,2024-10-23,0.0063207009295036,1.5827837758201273,Calibrated-LSTM-scale_qlike,test
2024-10-23,2024-10-24,1.1387581243922995,1.5271012923183573,Calibrated-LSTM-scale_qlike,test
2024-10-24,2024-10-25,0.1396414208283497,1.56066912161541,Calibrated-LSTM-scale_qlike,test
2024-10-25,2024-10-28,0.0267355724555891,1.545358050400448,Calibrated-LSTM-scale_qlike,test
2024-10-28,2024-10-29,0.310375295938392,1.4999174565045352,Calibrated-LSTM-scale_qlike,test
2024-10-29,2024-10-30,0.0624797327224918,1.5120034266097389,Calibrated-LSTM-scale_qlike,test
2024-10-30,2024-10-31,0.2150309186038439,1.5175430246340318,Calibrated-LSTM-scale_qlike,test
2024-10-31,2024-11-01,0.5795854757810541,1.491432840388227,Calibrated-LSTM-scale_qlike,test
2024-11-01,2024-11-04,0.6634669865085588,1.542456636445866,Calibrated-LSTM-scale_qlike,test
2024-11-04,2024-11-05,0.0071101049569573,1.5834902698505582,Calibrated-LSTM-scale_qlike,test
2024-11-05,2024-11-06,1.532964136157592,1.5095611936484299,Calibrated-LSTM-scale_qlike,test
2024-11-06,2024-11-07,0.0147328555936719,1.5495666521928564,Calibrated-LSTM-scale_qlike,test
2024-11-07,2024-11-08,0.3276224769794669,1.5586924898884686,Calibrated-LSTM-scale_qlike,test
2024-11-08,2024-11-11,0.0320387972398517,1.5822375203070111,Calibrated-LSTM-scale_qlike,test
2024-11-11,2024-11-12,0.1943555469915317,1.654122150985638,Calibrated-LSTM-scale_qlike,test
2024-11-12,2024-11-13,0.0095957977358447,1.5936218115626049,Calibrated-LSTM-scale_qlike,test
2024-11-13,2024-11-14,1.304380342114139,1.59883812369679,Calibrated-LSTM-scale_qlike,test
2024-11-14,2024-11-15,1.1819027969632745,1.6106141834141654,Calibrated-LSTM-scale_qlike,test
2024-11-15,2024-11-18,0.0141759467193479,1.6670713760079943,Calibrated-LSTM-scale_qlike,test
2024-11-18,2024-11-19,0.9768103702203697,1.6378871000731725,Calibrated-LSTM-scale_qlike,test
2024-11-19,2024-11-20,0.8848644501514296,1.6223368748774436,Calibrated-LSTM-scale_qlike,test
2024-11-20,2024-11-21,0.9302138287758972,1.6674936406149743,Calibrated-LSTM-scale_qlike,test
2024-11-21,2024-11-22,0.0003506766753295,1.6014710913206116,Calibrated-LSTM-scale_qlike,test
2024-11-22,2024-11-25,0.2872709111767263,1.6268282347880516,Calibrated-LSTM-scale_qlike,test
2024-11-25,2024-11-26,0.3599546809656788,1.5877410044751483,Calibrated-LSTM-scale_qlike,test
2024-11-26,2024-11-27,0.0001659440969947,1.584053378496547,Calibrated-LSTM-scale_qlike,test
2024-11-27,2024-11-28,0.0001270529950301,1.553787291937317,Calibrated-LSTM-scale_qlike,test
2024-11-28,2024-11-29,0.4488915850595839,1.5538921558751921,Calibrated-LSTM-scale_qlike,test
2024-11-29,2024-12-02,0.0035951954303536,1.5152544761939206,Calibrated-LSTM-scale_qlike,test
2024-12-02,2024-12-03,0.0121780282468158,1.5157188736330829,Calibrated-LSTM-scale_qlike,test
2024-12-03,2024-12-04,0.5723787875208138,1.5221385797074016,Calibrated-LSTM-scale_qlike,test
2024-12-04,2024-12-05,4.677770763753511,1.5408637478793386,Calibrated-LSTM-scale_qlike,test
2024-12-05,2024-12-06,0.0423127275118428,1.6546526234060637,Calibrated-LSTM-scale_qlike,test
2024-12-06,2024-12-09,0.0846129168166276,1.6349327191295615,Calibrated-LSTM-scale_qlike,test
2024-12-09,2024-12-10,0.019333949066393,1.6337734643469521,Calibrated-LSTM-scale_qlike,test
2024-12-10,2024-12-11,0.0638388590450149,1.6239632021996713,Calibrated-LSTM-scale_qlike,test
2024-12-11,2024-12-12,0.0141789335558376,1.6343983678134746,Calibrated-LSTM-scale_qlike,test
2024-12-12,2024-12-13,0.1427917911928931,1.6025800542146484,Calibrated-LSTM-scale_qlike,test
2024-12-13,2024-12-16,0.0093280152446342,1.5609335552954862,Calibrated-LSTM-scale_qlike,test
2024-12-16,2024-12-17,0.0268721671219935,1.5516294221544813,Calibrated-LSTM-scale_qlike,test
2024-12-17,2024-12-18,0.1146807250456102,1.5346968387981124,Calibrated-LSTM-scale_qlike,test
2024-12-18,2024-12-19,0.8081531599464532,1.5176256852381225,Calibrated-LSTM-scale_qlike,test
2024-12-19,2024-12-20,0.0507615856480591,1.5913867651316131,Calibrated-LSTM-scale_qlike,test
2024-12-20,2024-12-23,0.1742376670775678,1.5185508687308316,Calibrated-LSTM-scale_qlike,test
2024-12-23,2024-12-24,0.0361915284275727,1.4836000124980244,Calibrated-LSTM-scale_qlike,test
2024-12-24,2024-12-25,1.1654410256024177,1.52896383101085,Calibrated-LSTM-scale_qlike,test
2024-12-25,2024-12-26,0.0084412075502873,1.5760696749406256,Calibrated-LSTM-scale_qlike,test
2024-12-26,2024-12-27,0.0317475107765902,1.531274850294792,Calibrated-LSTM-scale_qlike,test
2024-12-27,2024-12-30,0.0600146339677672,1.5537404776793369,Calibrated-LSTM-scale_qlike,test
2024-12-30,2024-12-31,0.1703989127600233,1.514555204934721,Calibrated-LSTM-scale_qlike,test
2024-12-31,2025-01-02,0.0533739456959429,1.5105028290089433,Calibrated-LSTM-scale_qlike,test
2025-01-02,2025-01-03,1.435132590022104,1.4892296276526622,Calibrated-LSTM-scale_qlike,test
2025-01-03,2025-01-06,0.4342211890889308,1.5535350299643156,Calibrated-LSTM-scale_qlike,test
2025-01-06,2025-01-07,0.037939050469307,1.5773407489222957,Calibrated-LSTM-scale_qlike,test
2025-01-07,2025-01-08,0.032117795831564,1.5703337245428615,Calibrated-LSTM-scale_qlike,test
2025-01-08,2025-01-09,0.1768543904547769,1.5132341065745234,Calibrated-LSTM-scale_qlike,test
2025-01-09,2025-01-10,1.525095444996381,1.4928538537504565,Calibrated-LSTM-scale_qlike,test
2025-01-10,2025-01-13,0.175796578127988,1.5569634387087306,Calibrated-LSTM-scale_qlike,test
2025-01-13,2025-01-14,0.2850878204367433,1.5313208620226353,Calibrated-LSTM-scale_qlike,test
2025-01-14,2025-01-15,0.3327205813226502,1.5052534793841266,Calibrated-LSTM-scale_qlike,test
2025-01-15,2025-01-16,0.2486834462527659,1.5042529918135807,Calibrated-LSTM-scale_qlike,test
2025-01-16,2025-01-17,0.293601545819197,1.4977740322641622,Calibrated-LSTM-scale_qlike,test
2025-01-17,2025-01-20,0.0012403693451998,1.4667162497249777,Calibrated-LSTM-scale_qlike,test
2025-01-20,2025-01-21,0.0768862836866478,1.4683238513440133,Calibrated-LSTM-scale_qlike,test
2025-01-21,2025-01-22,0.0818546593881995,1.4566885019106237,Calibrated-LSTM-scale_qlike,test
2025-01-22,2025-01-23,1.8682525367895249,1.456466736082821,Calibrated-LSTM-scale_qlike,test
2025-01-23,2025-01-24,0.1843517308365074,1.481636087498249,Calibrated-LSTM-scale_qlike,test
2025-01-24,2025-02-04,0.0008556873339296,1.4955682781831638,Calibrated-LSTM-scale_qlike,test
2025-02-04,2025-02-05,0.1513708695410532,1.5442638005589195,Calibrated-LSTM-scale_qlike,test
2025-02-05,2025-02-06,0.0216622352028634,1.5124385316989077,Calibrated-LSTM-scale_qlike,test
2025-02-06,2025-02-07,0.0853488617566438,1.517817623695841,Calibrated-LSTM-scale_qlike,test
2025-02-07,2025-02-10,0.8849819273953393,1.5048895319670872,Calibrated-LSTM-scale_qlike,test
2025-02-10,2025-02-11,0.168100114678953,1.5899784584965502,Calibrated-LSTM-scale_qlike,test
2025-02-11,2025-02-12,0.0147578221185138,1.5511588719842704,Calibrated-LSTM-scale_qlike,test
2025-02-12,2025-02-13,0.0735271043646943,1.5279307072147412,Calibrated-LSTM-scale_qlike,test
2025-02-13,2025-02-14,0.2025383263760581,1.5185500662006948,Calibrated-LSTM-scale_qlike,test
2025-02-14,2025-02-17,0.0695132401561259,1.540590352612735,Calibrated-LSTM-scale_qlike,test
2025-02-17,2025-02-18,0.1805870585568251,1.5692666269709616,Calibrated-LSTM-scale_qlike,test
2025-02-18,2025-02-19,0.6592497592052439,1.515708842006373,Calibrated-LSTM-scale_qlike,test
2025-02-19,2025-02-20,0.1172593983298531,1.5324591172666646,Calibrated-LSTM-scale_qlike,test
2025-02-20,2025-02-21,0.0847684671072922,1.5363306564016168,Calibrated-LSTM-scale_qlike,test
2025-02-21,2025-02-24,0.3605624100663593,1.5264033586093855,Calibrated-LSTM-scale_qlike,test
2025-02-24,2025-02-25,0.0115290687889239,1.5487984970969149,Calibrated-LSTM-scale_qlike,test
2025-02-25,2025-02-26,0.0002355760665946,1.576752761842066,Calibrated-LSTM-scale_qlike,test
2025-02-26,2025-02-27,0.1374731263687118,1.5424007268463358,Calibrated-LSTM-scale_qlike,test
2025-02-27,2025-02-28,0.0348744922200793,1.5629644915616845,Calibrated-LSTM-scale_qlike,test
2025-02-28,2025-03-03,0.0940796554023008,1.5437108572946636,Calibrated-LSTM-scale_qlike,test
2025-03-03,2025-03-04,0.0375578625820462,1.5463628181317233,Calibrated-LSTM-scale_qlike,test
2025-03-04,2025-03-05,0.3028627512498273,1.5933097610944118,Calibrated-LSTM-scale_qlike,test
2025-03-05,2025-03-06,1.0612188848677555,1.5474386097801052,Calibrated-LSTM-scale_qlike,test
2025-03-06,2025-03-07,0.350731246280503,1.6056078666657767,Calibrated-LSTM-scale_qlike,test
2025-03-07,2025-03-10,0.1014325645495789,1.5818866808822063,Calibrated-LSTM-scale_qlike,test
2025-03-10,2025-03-11,0.0288133302998629,1.5840085705639086,Calibrated-LSTM-scale_qlike,test
2025-03-11,2025-03-12,0.0196658897235791,1.5843055067145253,Calibrated-LSTM-scale_qlike,test
2025-03-12,2025-03-13,0.3743917074856848,1.5839014327906458,Calibrated-LSTM-scale_qlike,test
2025-03-13,2025-03-14,8.187247062994656e-05,1.671013939060053,Calibrated-LSTM-scale_qlike,test
2025-03-14,2025-03-17,0.5767885171931181,1.6451243168468457,Calibrated-LSTM-scale_qlike,test
2025-03-17,2025-03-18,0.157344490226044,1.5680784811034274,Calibrated-LSTM-scale_qlike,test
2025-03-18,2025-03-19,0.2279894954046255,1.577512624126594,Calibrated-LSTM-scale_qlike,test
2025-03-19,2025-03-20,0.0027940647092661,1.611129140251946,Calibrated-LSTM-scale_qlike,test
2025-03-20,2025-03-21,0.0240132299745747,1.5956429837121386,Calibrated-LSTM-scale_qlike,test
2025-03-21,2025-03-24,0.4050748456224285,1.5514116689773625,Calibrated-LSTM-scale_qlike,test
2025-03-24,2025-03-25,0.0144479307849922,1.55405493573794,Calibrated-LSTM-scale_qlike,test
2025-03-25,2025-03-26,0.1924355354900559,1.5755981884852548,Calibrated-LSTM-scale_qlike,test
2025-03-26,2025-03-27,0.0296122174159068,1.5516579119743377,Calibrated-LSTM-scale_qlike,test
2025-03-27,2025-03-28,0.2311977047112736,1.5063130866747496,Calibrated-LSTM-scale_qlike,test
2025-03-28,2025-03-31,0.652593682196234,1.534326203629933,Calibrated-LSTM-scale_qlike,test
2025-03-31,2025-04-01,0.6367477385533009,1.5741964358463085,Calibrated-LSTM-scale_qlike,test
2025-04-01,2025-04-02,0.0014400780515298,1.5167882450403707,Calibrated-LSTM-scale_qlike,test
2025-04-02,2025-04-03,47.7513682523715,1.5839820870693941,Calibrated-LSTM-scale_qlike,test
2025-04-03,2025-04-04,2.4680894659320427,2.2867130536886044,Calibrated-LSTM-scale_qlike,test
2025-04-04,2025-04-08,44.20961209050503,2.205969159074806,Calibrated-LSTM-scale_qlike,test
2025-04-08,2025-04-09,11.94996872052983,2.5743489500597105,Calibrated-LSTM-scale_qlike,test
2025-04-09,2025-04-10,42.861963107094255,2.435448906552475,Calibrated-LSTM-scale_qlike,test
2025-04-10,2025-04-11,20.5039468602513,3.4985514834314957,Calibrated-LSTM-scale_qlike,test
2025-04-11,2025-04-14,2.373686902735611,2.538549685717282,Calibrated-LSTM-scale_qlike,test
2025-04-14,2025-04-15,1.222393557661562,2.608439895250935,Calibrated-LSTM-scale_qlike,test
2025-04-15,2025-04-16,2.0585197770339483,2.5798591219789877,Calibrated-LSTM-scale_qlike,test
2025-04-16,2025-04-17,0.3278654140280428,2.680436746393691,Calibrated-LSTM-scale_qlike,test
2025-04-17,2025-04-18,0.0235644272572965,2.633051086956218,Calibrated-LSTM-scale_qlike,test
2025-04-18,2025-04-21,0.9867147275211472,2.4368166854156295,Calibrated-LSTM-scale_qlike,test
2025-04-21,2025-04-22,0.6837487157170882,2.3718489282310697,Calibrated-LSTM-scale_qlike,test
2025-04-22,2025-04-23,1.3269747595182129,2.258202368048604,Calibrated-LSTM-scale_qlike,test
2025-04-23,2025-04-24,1.029521260921247,2.202694702361634,Calibrated-LSTM-scale_qlike,test
2025-04-24,2025-04-25,0.2299163958338018,2.1122169197185734,Calibrated-LSTM-scale_qlike,test
2025-04-25,2025-04-28,0.0391566462219492,2.0291383311817976,Calibrated-LSTM-scale_qlike,test
2025-04-28,2025-04-29,0.0016617646152264,1.8986702043118868,Calibrated-LSTM-scale_qlike,test
2025-04-29,2025-05-05,1.2432686189181044,1.8535040757227603,Calibrated-LSTM-scale_qlike,test
2025-05-05,2025-05-06,0.0234403346988041,1.8841604594385213,Calibrated-LSTM-scale_qlike,test
2025-05-06,2025-05-07,0.4565410925067849,1.853764095487084,Calibrated-LSTM-scale_qlike,test
2025-05-07,2025-05-08,2.377733233918144,1.8464915673873916,Calibrated-LSTM-scale_qlike,test
2025-05-08,2025-05-09,0.0388387388391833,1.9075831040112015,Calibrated-LSTM-scale_qlike,test
2025-05-09,2025-05-12,1.5662677776101377,1.8217308375666177,Calibrated-LSTM-scale_qlike,test
2025-05-12,2025-05-13,0.6231348828577624,1.8570266480032265,Calibrated-LSTM-scale_qlike,test
2025-05-13,2025-05-14,1.5683566422405055,1.8022574437971361,Calibrated-LSTM-scale_qlike,test
2025-05-14,2025-05-15,0.0700077382080358,1.769315855516834,Calibrated-LSTM-scale_qlike,test
2025-05-15,2025-05-16,0.816128421348678,1.785465035704662,Calibrated-LSTM-scale_qlike,test
2025-05-16,2025-05-19,0.1541807515116988,1.7162421299797592,Calibrated-LSTM-scale_qlike,test
2025-05-19,2025-05-20,2.0864038037366446,1.7091390694939543,Calibrated-LSTM-scale_qlike,test
2025-05-20,2025-05-21,0.3586751908572574,1.6935037761037246,Calibrated-LSTM-scale_qlike,test
2025-05-21,2025-05-22,0.4879763310352334,1.7299397143546824,Calibrated-LSTM-scale_qlike,test
2025-05-22,2025-05-23,0.0022258378145528,1.7780507272808008,Calibrated-LSTM-scale_qlike,test
2025-05-23,2025-05-26,1.8600723156803831,1.6485138028796256,Calibrated-LSTM-scale_qlike,test
2025-05-26,2025-05-27,0.2984907987188625,1.696500022369472,Calibrated-LSTM-scale_qlike,test
2025-05-27,2025-05-28,0.0236037331895616,1.7384280756116288,Calibrated-LSTM-scale_qlike,test
2025-05-28,2025-05-29,5.553699144539498e-07,1.691347912646231,Calibrated-LSTM-scale_qlike,test
2025-05-29,2025-05-30,0.4795271728756022,1.6825899012633192,Calibrated-LSTM-scale_qlike,test
2025-05-30,2025-06-02,0.0768775248909457,1.6933308308592443,Calibrated-LSTM-scale_qlike,test
2025-06-02,2025-06-03,0.6659991384313828,1.65327294034588,Calibrated-LSTM-scale_qlike,test
2025-06-03,2025-06-04,0.0125760569530384,1.6980824780442212,Calibrated-LSTM-scale_qlike,test
2025-06-04,2025-06-05,0.0737636944522696,1.6838811722534324,Calibrated-LSTM-scale_qlike,test
2025-06-05,2025-06-06,0.8339101934074882,1.6105650953207977,Calibrated-LSTM-scale_qlike,test
2025-06-06,2025-06-09,2.1415615006193414,1.6741224057899293,Calibrated-LSTM-scale_qlike,test
2025-06-09,2025-06-10,0.1857120921961249,1.6528695351971143,Calibrated-LSTM-scale_qlike,test
2025-06-10,2025-06-11,0.0061284527471124,1.6469282708393518,Calibrated-LSTM-scale_qlike,test
2025-06-11,2025-06-12,0.348758893746006,1.6033637248932349,Calibrated-LSTM-scale_qlike,test
2025-06-12,2025-06-13,0.3232043851233978,1.6704619320809566,Calibrated-LSTM-scale_qlike,test
2025-06-13,2025-06-16,2.90666722935662,1.7974208621726808,Calibrated-LSTM-scale_qlike,test
2025-06-16,2025-06-17,0.5089174637565245,1.651499348743549,Calibrated-LSTM-scale_qlike,test
2025-06-17,2025-06-18,0.0040746855610125,1.6545914973606444,Calibrated-LSTM-scale_qlike,test
2025-06-18,2025-06-19,0.1490639362511987,1.6777348614457175,Calibrated-LSTM-scale_qlike,test
2025-06-19,2025-06-20,0.0396634294929435,1.6348611601923633,Calibrated-LSTM-scale_qlike,test
2025-06-20,2025-06-23,0.4254396112184308,1.6826640015459506,Calibrated-LSTM-scale_qlike,test
2025-06-23,2025-06-24,0.3974954121903902,1.6229841154327738,Calibrated-LSTM-scale_qlike,test
2025-06-24,2025-06-25,2.141289912653593e-06,1.674039878940862,Calibrated-LSTM-scale_qlike,test
2025-06-25,2025-06-26,0.0062490303873797,1.6347632515156736,Calibrated-LSTM-scale_qlike,test
2025-06-26,2025-06-27,0.1777576915183636,1.5913899752521607,Calibrated-LSTM-scale_qlike,test
2025-06-27,2025-06-30,0.1135910808511721,1.5936322444543833,Calibrated-LSTM-scale_qlike,test
2025-06-30,2025-07-01,0.0165236945249244,1.563231065322125,Calibrated-LSTM-scale_qlike,test
2025-07-01,2025-07-02,0.2388288030529801,1.590577012223581,Calibrated-LSTM-scale_qlike,test
2025-07-02,2025-07-03,0.0361488680610222,1.608871756732147,Calibrated-LSTM-scale_qlike,test
2025-07-03,2025-07-04,0.1309520910154639,1.8141175016688302,Calibrated-LSTM-scale_qlike,test
2025-07-04,2025-07-07,1.1709559965363006,1.610356571240252,Calibrated-LSTM-scale_qlike,test
2025-07-07,2025-07-08,0.904778187332118,1.7337388920222991,Calibrated-LSTM-scale_qlike,test
2025-07-08,2025-07-09,1.241559484315582,1.7283021516105395,Calibrated-LSTM-scale_qlike,test
2025-07-09,2025-07-10,0.9910271514632224,1.8237608375476566,Calibrated-LSTM-scale_qlike,test
2025-07-10,2025-07-11,0.6970381226212395,1.7102650192758864,Calibrated-LSTM-scale_qlike,test
2025-07-11,2025-07-14,0.7477170344432008,1.7757637839009632,Calibrated-LSTM-scale_qlike,test
2025-07-14,2025-07-15,0.4444265080916222,1.768922883259847,Calibrated-LSTM-scale_qlike,test
2025-07-15,2025-07-16,0.1995824056263008,1.835429759491769,Calibrated-LSTM-scale_qlike,test
2025-07-16,2025-07-17,2.3820294026445814,1.7718020938806442,Calibrated-LSTM-scale_qlike,test
2025-07-17,2025-07-18,0.2369058350764768,1.8308281854423736,Calibrated-LSTM-scale_qlike,test
2025-07-18,2025-07-21,0.6726766922283197,1.8570663732449981,Calibrated-LSTM-scale_qlike,test
2025-07-21,2025-07-22,2.6753597330452594,1.8619547180632772,Calibrated-LSTM-scale_qlike,test
2025-07-22,2025-07-23,0.033610422134737,1.7969834832481242,Calibrated-LSTM-scale_qlike,test
2025-07-23,2025-07-24,0.3298066193429415,1.8901097490976515,Calibrated-LSTM-scale_qlike,test
2025-07-24,2025-07-25,0.4388880259346913,1.8646522893631117,Calibrated-LSTM-scale_qlike,test
2025-07-25,2025-07-28,2.898363616722053,1.8716377791838752,Calibrated-LSTM-scale_qlike,test
2025-07-28,2025-07-29,17.613558540836202,1.9405941111483371,Calibrated-LSTM-scale_qlike,test
2025-07-29,2025-07-30,0.8980946651524866,2.214145737373605,Calibrated-LSTM-scale_qlike,test
2025-07-30,2025-07-31,0.1152726694915896,2.0151808607975736,Calibrated-LSTM-scale_qlike,test
2025-07-31,2025-08-01,0.1152726694915833,2.0270719498345575,Calibrated-LSTM-scale_qlike,test
2025-08-01,2025-08-04,1.834710119502004,1.9816758963612369,Calibrated-LSTM-scale_qlike,test
2025-08-04,2025-08-05,1.520412348936557,1.9175046503374522,Calibrated-LSTM-scale_qlike,test
2025-08-05,2025-08-06,2.8972670658789563,2.135290597436768,Calibrated-LSTM-scale_qlike,test
2025-08-06,2025-08-07,0.2635664108766646,1.9627844706959592,Calibrated-LSTM-scale_qlike,test
2025-08-07,2025-08-08,0.039326859883716,2.006898081010671,Calibrated-LSTM-scale_qlike,test
2025-08-08,2025-08-11,0.9422556417684452,2.0496162251725085,Calibrated-LSTM-scale_qlike,test
2025-08-11,2025-08-12,0.2369869845385009,2.0087019012481546,Calibrated-LSTM-scale_qlike,test
2025-08-12,2025-08-13,0.0440788772156527,1.982768407387469,Calibrated-LSTM-scale_qlike,test
2025-08-13,2025-08-14,3.200310161092739,2.0415590901090694,Calibrated-LSTM-scale_qlike,test
2025-08-14,2025-08-15,0.4273067256056122,2.021774448401532,Calibrated-LSTM-scale_qlike,test
2025-08-15,2025-08-18,0.1521280158050796,2.0734857452763644,Calibrated-LSTM-scale_qlike,test
2025-08-18,2025-08-19,1.174434797614126,1.982446191537543,Calibrated-LSTM-scale_qlike,test
2025-08-19,2025-08-20,0.3749305014941085,2.022752732638293,Calibrated-LSTM-scale_qlike,test
2025-08-20,2025-08-21,1.989152286945736,2.088577592008957,Calibrated-LSTM-scale_qlike,test
2025-08-21,2025-08-22,6.511855987425645,2.001089234125481,Calibrated-LSTM-scale_qlike,test
2025-08-22,2025-08-25,3.721774310323592,2.1312562784390687,Calibrated-LSTM-scale_qlike,test
2025-08-25,2025-08-26,10.672831463331164,2.0367151519583606,Calibrated-LSTM-scale_qlike,test
2025-08-26,2025-08-27,0.1033600134238672,1.977857992990428,Calibrated-LSTM-scale_qlike,test
2025-08-27,2025-08-28,0.2196933006813634,2.0432427983360792,Calibrated-LSTM-scale_qlike,test
2025-08-28,2025-08-29,0.0064454873601164,1.940358434798163,Calibrated-LSTM-scale_qlike,test
2025-08-29,2025-09-03,0.0029279074904991,2.031708166434858,Calibrated-LSTM-scale_qlike,test
2025-09-03,2025-09-04,0.7878709714332047,1.9717764196137484,Calibrated-LSTM-scale_qlike,test
2025-09-04,2025-09-05,3.0401082196490887,1.9535385209898726,Calibrated-LSTM-scale_qlike,test
2025-09-05,2025-09-08,6.650758234823594,2.064830323995941,Calibrated-LSTM-scale_qlike,test
2025-09-08,2025-09-09,0.6150034620566089,2.123142029980894,Calibrated-LSTM-scale_qlike,test
2025-09-09,2025-09-10,0.1311392104891743,1.9126295472664303,Calibrated-LSTM-scale_qlike,test
2025-09-10,2025-09-11,0.7707413531131861,1.851735031791205,Calibrated-LSTM-scale_qlike,test
2025-09-11,2025-09-12,0.3272182232185671,1.9563028360460843,Calibrated-LSTM-scale_qlike,test
2025-09-12,2025-09-15,1.1076835127457196,1.9101079975766009,Calibrated-LSTM-scale_qlike,test
2025-09-15,2025-09-16,0.0564941879844652,1.9104148315989045,Calibrated-LSTM-scale_qlike,test
2025-09-16,2025-09-17,0.3510643230345384,1.9758412347566465,Calibrated-LSTM-scale_qlike,test
2025-09-17,2025-09-18,0.1204832995414096,1.9001637128964741,Calibrated-LSTM-scale_qlike,test
2025-09-18,2025-09-19,0.1558113286329437,1.8491960939484116,Calibrated-LSTM-scale_qlike,test
2025-09-19,2025-09-22,2.1548992233102013,1.8613802402403503,Calibrated-LSTM-scale_qlike,test
2025-09-22,2025-09-23,0.0024547743448737,1.9462064719050336,Calibrated-LSTM-scale_qlike,test
2025-09-23,2025-09-24,1.8183165781347828,1.7542450083228212,Calibrated-LSTM-scale_qlike,test
2025-09-24,2025-09-25,0.2696988542084727,1.7989532934689028,Calibrated-LSTM-scale_qlike,test
2025-09-25,2025-09-26,0.1049995667244043,1.79411443800906,Calibrated-LSTM-scale_qlike,test
2025-09-26,2025-09-29,0.1207157531709924,1.8001261912638378,Calibrated-LSTM-scale_qlike,test
2025-09-29,2025-09-30,0.0825092745825899,1.739144868778815,Calibrated-LSTM-scale_qlike,test
2025-09-30,2025-10-01,0.0405610853854958,1.8472946325442836,Calibrated-LSTM-scale_qlike,test
2025-10-01,2025-10-02,0.5533556929381476,1.679878018176045,Calibrated-LSTM-scale_qlike,test
2025-10-02,2025-10-03,0.1745254722126338,1.6975211082135286,Calibrated-LSTM-scale_qlike,test
2025-10-03,2025-10-06,8.84404690494525,1.7344027182004567,Calibrated-LSTM-scale_qlike,test
2025-10-06,2025-10-07,0.3641027934298682,1.8406397851398824,Calibrated-LSTM-scale_qlike,test
2025-10-07,2025-10-08,0.5486921315455813,1.7853692671083372,Calibrated-LSTM-scale_qlike,test
2025-10-08,2025-10-09,1.1922218605244943,1.8770559276474656,Calibrated-LSTM-scale_qlike,test
2025-10-09,2025-10-10,3.220212549761636,1.8850413700186832,Calibrated-LSTM-scale_qlike,test
2025-10-10,2025-10-13,1.0007740943267542,1.8814616843434815,Calibrated-LSTM-scale_qlike,test
2025-10-13,2025-10-14,0.0530277849803774,1.943069381600278,Calibrated-LSTM-scale_qlike,test
2025-10-14,2025-10-15,0.0312420838438003,2.030872331297379,Calibrated-LSTM-scale_qlike,test
2025-10-15,2025-10-16,0.2550192069697773,1.9546882791658629,Calibrated-LSTM-scale_qlike,test
2025-10-16,2025-10-17,4.157221997254808,1.947034950516258,Calibrated-LSTM-scale_qlike,test
2025-10-17,2025-10-20,31.687885302040943,2.0685006955766014,Calibrated-LSTM-scale_qlike,test
2025-10-20,2025-10-21,2.6780326889178614,2.4437992326258917,Calibrated-LSTM-scale_qlike,test
2025-10-21,2025-10-22,0.8133878588699036,2.2830401407625107,Calibrated-LSTM-scale_qlike,test
2025-10-22,2025-10-23,0.2587585559528909,2.1424495675221036,Calibrated-LSTM-scale_qlike,test
2025-10-23,2025-10-24,0.053015415411533,2.1298756590937247,Calibrated-LSTM-scale_qlike,test
2025-10-24,2025-10-27,3.375069844215606,2.2088737831499348,Calibrated-LSTM-scale_qlike,test
2025-10-27,2025-10-28,2.814969211801454,2.249982051857349,Calibrated-LSTM-scale_qlike,test
2025-10-28,2025-10-29,0.1002770987516237,2.20220301889782,Calibrated-LSTM-scale_qlike,test
2025-10-29,2025-10-30,0.939332335111435,2.141694787928442,Calibrated-LSTM-scale_qlike,test
2025-10-30,2025-10-31,3.2700587697209347,2.109018569613376,Calibrated-LSTM-scale_qlike,test
2025-10-31,2025-11-03,1.9349432702427485,2.1483240881234886,Calibrated-LSTM-scale_qlike,test
2025-11-03,2025-11-04,4.580450857721864,2.143983603878599,Calibrated-LSTM-scale_qlike,test
2025-11-04,2025-11-05,0.0309750452194787,2.170207479893784,Calibrated-LSTM-scale_qlike,test
2025-11-05,2025-11-06,0.5520248822173379,2.0063977034703755,Calibrated-LSTM-scale_qlike,test
2025-11-06,2025-11-07,7.216601336017348,1.9787659220851959,Calibrated-LSTM-scale_qlike,test
2025-11-07,2025-11-10,1.3629185312754708,2.1984067838407055,Calibrated-LSTM-scale_qlike,test
2025-11-10,2025-11-11,0.6782053056730832,2.161682068495522,Calibrated-LSTM-scale_qlike,test
2025-11-11,2025-11-12,5.625713037940661,2.1024241794792795,Calibrated-LSTM-scale_qlike,test
2025-11-12,2025-11-13,0.000662589539105,2.1726402162484737,Calibrated-LSTM-scale_qlike,test
2025-11-13,2025-11-14,0.0605676682080504,2.1197437161166093,Calibrated-LSTM-scale_qlike,test
2025-11-14,2025-11-17,1.328575255573558,2.0572223382990646,Calibrated-LSTM-scale_qlike,test
2025-11-17,2025-11-18,0.1101519148224003,2.0168780782818856,Calibrated-LSTM-scale_qlike,test
2025-11-18,2025-11-19,0.4356481626659925,1.983101724904287,Calibrated-LSTM-scale_qlike,test
2025-11-19,2025-11-20,0.1789267767214806,1.9484431233962987,Calibrated-LSTM-scale_qlike,test
2025-11-20,2025-11-21,0.0040999105070223,1.8866458952721945,Calibrated-LSTM-scale_qlike,test
2025-11-21,2025-11-24,0.6169476621587812,1.8771236076890025,Calibrated-LSTM-scale_qlike,test
2025-11-24,2025-11-25,0.2096602420348715,1.77896347155639,Calibrated-LSTM-scale_qlike,test
2025-11-25,2025-11-26,1.433673327817772,1.8326678520259678,Calibrated-LSTM-scale_qlike,test
2025-11-26,2025-11-27,0.0554068207335508,1.7586870126300158,Calibrated-LSTM-scale_qlike,test
2025-11-27,2025-11-28,0.1562015926240177,1.7370499976117182,Calibrated-LSTM-scale_qlike,test
2025-11-28,2025-12-01,0.39639182484541,1.725943248028435,Calibrated-LSTM-scale_qlike,test
2025-12-01,2025-12-02,0.8106128656312585,1.671472451278212,Calibrated-LSTM-scale_qlike,test
2025-12-02,2025-12-03,0.7276910420234725,1.6910767912150146,Calibrated-LSTM-scale_qlike,test
2025-12-03,2025-12-04,0.0994544592328996,1.6927241180758223,Calibrated-LSTM-scale_qlike,test
2025-12-04,2025-12-05,0.0550277452970135,1.706948162220487,Calibrated-LSTM-scale_qlike,test
2025-12-05,2025-12-08,0.5051234930048776,1.6395036632787356,Calibrated-LSTM-scale_qlike,test
2025-12-08,2025-12-09,0.1408736793364905,1.5971112125974165,Calibrated-LSTM-scale_qlike,test
2025-12-09,2025-12-10,2.645907078453935,1.7317618590302895,Calibrated-LSTM-scale_qlike,test
2025-12-10,2025-12-11,1.3806505812729413,1.6729638197824344,Calibrated-LSTM-scale_qlike,test
2025-12-11,2025-12-12,9.667324836347865,1.7264457656490952,Calibrated-LSTM-scale_qlike,test
2025-12-12,2025-12-15,0.0028567239256699,1.9850050588787338,Calibrated-LSTM-scale_qlike,test
2025-12-15,2025-12-16,3.980584197891362,1.8932488457277497,Calibrated-LSTM-scale_qlike,test
2025-12-16,2025-12-17,0.1084209662548159,1.9302509689902203,Calibrated-LSTM-scale_qlike,test
2025-12-17,2025-12-18,0.0392718088641224,1.9102178104503198,Calibrated-LSTM-scale_qlike,test
2025-12-18,2025-12-19,2.613324440401082,1.9292658632472968,Calibrated-LSTM-scale_qlike,test
2025-12-19,2025-12-22,7.313697947150696,1.9457232150076562,Calibrated-LSTM-scale_qlike,test
2025-12-22,2025-12-23,1.4374361396783522,1.9875668688304262,Calibrated-LSTM-scale_qlike,test
2025-12-23,2025-12-24,0.36034587773515,1.9647504020210764,Calibrated-LSTM-scale_qlike,test
2025-12-24,2025-12-25,5.141409326470893,1.9352048537696713,Calibrated-LSTM-scale_qlike,test
2025-12-25,2025-12-26,0.5648889447832609,2.113273718153718,Calibrated-LSTM-scale_qlike,test
2025-12-26,2025-12-29,2.0655121585777008,2.1388074182512535,Calibrated-LSTM-scale_qlike,test
2025-12-29,2025-12-30,0.4690762256667201,2.00777310636983,Calibrated-LSTM-scale_qlike,test
2025-12-30,2025-12-31,0.9813005407165244,2.0137032690607,Calibrated-LSTM-scale_qlike,test
2020-02-05,2020-02-06,1.8356018915555292,2.06553721929144,Calibrated-LSTM-scale_qlike,validation
2020-02-06,2020-02-07,0.0553168362540114,1.9996723671689587,Calibrated-LSTM-scale_qlike,validation
2020-02-07,2020-02-10,1.14665654297727,1.8172647573553193,Calibrated-LSTM-scale_qlike,validation
2020-02-10,2020-02-11,0.1784472180385378,1.8742957589969607,Calibrated-LSTM-scale_qlike,validation
2020-02-11,2020-02-12,0.1033759850072604,1.7329478648174585,Calibrated-LSTM-scale_qlike,validation
2020-02-12,2020-02-13,0.0035645724311596,1.6029700838611336,Calibrated-LSTM-scale_qlike,validation
2020-02-13,2020-02-14,0.007095648592579,1.4374906434881105,Calibrated-LSTM-scale_qlike,validation
2020-02-14,2020-02-17,0.0819627293788475,1.2475611862122788,Calibrated-LSTM-scale_qlike,validation
2020-02-17,2020-02-18,0.5393743252289994,1.0751950341028302,Calibrated-LSTM-scale_qlike,validation
2020-02-18,2020-02-19,0.0079935084291448,1.0294068777801708,Calibrated-LSTM-scale_qlike,validation
2020-02-19,2020-02-20,1.007648372641439,0.9502923868541246,Calibrated-LSTM-scale_qlike,validation
2020-02-20,2020-02-21,0.2901840002942764,0.9059544693661766,Calibrated-LSTM-scale_qlike,validation
2020-02-21,2020-02-24,10.499319840007198,0.920408304640012,Calibrated-LSTM-scale_qlike,validation
2020-02-24,2020-02-25,0.487607684946675,1.4596708376539995,Calibrated-LSTM-scale_qlike,validation
2020-02-25,2020-02-26,2.3027959637577347,1.6986146892799432,Calibrated-LSTM-scale_qlike,validation
2020-02-26,2020-02-27,0.0757898564940438,2.0836568784751606,Calibrated-LSTM-scale_qlike,validation
2020-02-27,2020-02-28,3.3315279697661397,2.073939174803657,Calibrated-LSTM-scale_qlike,validation
2020-02-28,2020-03-02,0.0643087707016609,2.3240181320777173,Calibrated-LSTM-scale_qlike,validation
2020-03-02,2020-03-03,0.4848687144344406,2.213578616076932,Calibrated-LSTM-scale_qlike,validation
2020-03-03,2020-03-04,0.0194121329487549,2.032897917362666,Calibrated-LSTM-scale_qlike,validation
2020-03-04,2020-03-05,0.1953921289983395,1.8466233160848495,Calibrated-LSTM-scale_qlike,validation
2020-03-05,2020-03-06,0.0439125584620563,1.6760349688609497,Calibrated-LSTM-scale_qlike,validation
2020-03-06,2020-03-09,42.01600464009923,1.4738321506929712,Calibrated-LSTM-scale_qlike,validation
2020-03-09,2020-03-10,0.0577385447930077,3.0170251085393525,Calibrated-LSTM-scale_qlike,validation
2020-03-10,2020-03-11,10.062685801317658,3.5114112263435993,Calibrated-LSTM-scale_qlike,validation
2020-03-11,2020-03-12,28.39132734538161,3.905810114403782,Calibrated-LSTM-scale_qlike,validation
2020-03-12,2020-03-13,0.9522274265858316,4.276348711456681,Calibrated-LSTM-scale_qlike,validation
2020-03-13,2020-03-16,3.4010756349170417,4.6278344405317835,Calibrated-LSTM-scale_qlike,validation
2020-03-16,2020-03-17,0.0775702786503674,4.734998429779215,Calibrated-LSTM-scale_qlike,validation
2020-03-17,2020-03-18,0.0633870572758951,4.475692114747237,Calibrated-LSTM-scale_qlike,validation
2020-03-18,2020-03-19,8.691271441121467,4.176058660340998,Calibrated-LSTM-scale_qlike,validation
2020-03-19,2020-03-20,5.099806319623413,4.36271807481941,Calibrated-LSTM-scale_qlike,validation
2020-03-20,2020-03-23,39.324753398937766,4.555739413202292,Calibrated-LSTM-scale_qlike,validation
2020-03-23,2020-03-24,1.2394404253652411,4.7344997910542155,Calibrated-LSTM-scale_qlike,validation
2020-03-24,2020-03-25,21.170767602446844,4.965189753978181,Calibrated-LSTM-scale_qlike,validation
2020-03-25,2020-03-26,0.3272592319629427,5.037462942998042,Calibrated-LSTM-scale_qlike,validation
2020-03-26,2020-03-27,0.0708281107928228,4.771532811726953,Calibrated-LSTM-scale_qlike,validation
2020-03-27,2020-03-30,24.77812989942355,4.386250933530879,Calibrated-LSTM-scale_qlike,validation
2020-03-30,2020-03-31,0.0016614736162584,5.058482812341141,Calibrated-LSTM-scale_qlike,validation
2020-03-31,2020-04-01,6.951204185299923,4.676695685380789,Calibrated-LSTM-scale_qlike,validation
2020-04-01,2020-04-03,9.745314866975544,4.675165527919955,Calibrated-LSTM-scale_qlike,validation
2020-04-03,2020-04-06,23.61975403181723,4.608155331537235,Calibrated-LSTM-scale_qlike,validation
2020-04-06,2020-04-07,1.7959977540981795,4.6710581786798056,Calibrated-LSTM-scale_qlike,validation
2020-04-07,2020-04-08,0.031670113685362,4.006274849579241,Calibrated-LSTM-scale_qlike,validation
2020-04-08,2020-04-09,2.664349091269905,3.6483670068394103,Calibrated-LSTM-scale_qlike,validation
2020-04-09,2020-04-10,0.0991193599969613,3.4962554447101075,Calibrated-LSTM-scale_qlike,validation
2020-04-10,2020-04-13,1.0616734405284087,3.1272828514641526,Calibrated-LSTM-scale_qlike,validation
2020-04-13,2020-04-14,0.044657326796299,3.1447464422610385,Calibrated-LSTM-scale_qlike,validation
2020-04-14,2020-04-15,1.6134694756828007,2.814987611579556,Calibrated-LSTM-scale_qlike,validation
2020-04-15,2020-04-16,0.1995857905304535,2.7133474372637267,Calibrated-LSTM-scale_qlike,validation
2020-04-16,2020-04-17,1.2849435357813008,2.5254178850888036,Calibrated-LSTM-scale_qlike,validation
2020-04-17,2020-04-20,0.4593979249949131,2.372028962491759,Calibrated-LSTM-scale_qlike,validation
2020-04-20,2020-04-21,12.978873344019766,2.082841374101147,Calibrated-LSTM-scale_qlike,validation
2020-04-21,2020-04-22,0.0733737116381983,2.69690600235108,Calibrated-LSTM-scale_qlike,validation
2020-04-22,2020-04-23,0.4184349588364568,2.8974887796829027,Calibrated-LSTM-scale_qlike,validation
2020-04-23,2020-04-24,0.1258182196300893,2.845776680277934,Calibrated-LSTM-scale_qlike,validation
2020-04-24,2020-04-27,0.5795257679139346,2.7200616718982507,Calibrated-LSTM-scale_qlike,validation
2020-04-27,2020-04-28,0.2143187476000118,2.692613536159376,Calibrated-LSTM-scale_qlike,validation
2020-04-28,2020-04-29,0.0611792667418572,2.521103215563315,Calibrated-LSTM-scale_qlike,validation
2020-04-29,2020-05-04,0.7518344451734201,2.2591394557383424,Calibrated-LSTM-scale_qlike,validation
2020-05-04,2020-05-05,0.0490191944837796,2.141754175158565,Calibrated-LSTM-scale_qlike,validation
2020-05-05,2020-05-06,5.6795185291388,1.984985129380337,Calibrated-LSTM-scale_qlike,validation
2020-05-06,2020-05-07,3.121729248484887,2.0460430934934237,Calibrated-LSTM-scale_qlike,validation
2020-05-07,2020-05-08,4.558766386917776,2.0357474343684014,Calibrated-LSTM-scale_qlike,validation
2020-05-08,2020-05-11,3.1623544686065705,2.033463968619156,Calibrated-LSTM-scale_qlike,validation
2020-05-11,2020-05-12,0.7061476617266061,1.9652752567305445,Calibrated-LSTM-scale_qlike,validation
2020-05-12,2020-05-13,0.0176814396147646,1.7789785858739662,Calibrated-LSTM-scale_qlike,validation
2020-05-13,2020-05-14,0.0471790852184788,1.727032281424074,Calibrated-LSTM-scale_qlike,validation
2020-05-14,2020-05-15,0.4188839500568042,1.7054468958445774,Calibrated-LSTM-scale_qlike,validation
2020-05-15,2020-05-18,1.4388117144550177,1.713786655271193,Calibrated-LSTM-scale_qlike,validation
2020-05-18,2020-05-19,1.1212214832868546,1.6700906281376628,Calibrated-LSTM-scale_qlike,validation
2020-05-19,2020-05-20,0.6772038230630518,1.6258221295065485,Calibrated-LSTM-scale_qlike,validation
2020-05-20,2020-05-21,1.3105093570623978,1.5598835783665046,Calibrated-LSTM-scale_qlike,validation
2020-05-21,2020-05-22,1.3565460202551032,1.4760250642917807,Calibrated-LSTM-scale_qlike,validation
2020-05-22,2020-05-25,0.541812619677385,1.5445196739175362,Calibrated-LSTM-scale_qlike,validation
2020-05-25,2020-05-26,1.3635757531139376,1.5227792662666142,Calibrated-LSTM-scale_qlike,validation
2020-05-26,2020-05-27,1.8211114283606344,1.4973402647252212,Calibrated-LSTM-scale_qlike,validation
2020-05-27,2020-05-28,0.2069802660068541,1.6189100711933024,Calibrated-LSTM-scale_qlike,validation
2020-05-28,2020-05-29,0.1273946587706487,1.614341935899607,Calibrated-LSTM-scale_qlike,validation
2020-05-29,2020-06-01,2.6545527294324818,1.5694479987818786,Calibrated-LSTM-scale_qlike,validation
2020-06-01,2020-06-02,0.1948438272852952,1.5599948625454743,Calibrated-LSTM-scale_qlike,validation
2020-06-02,2020-06-03,0.526391032778092,1.5618891011783707,Calibrated-LSTM-scale_qlike,validation
2020-06-03,2020-06-04,0.0956890209261397,1.505580510414873,Calibrated-LSTM-scale_qlike,validation
2020-06-04,2020-06-05,0.068711754863941,1.487616542077692,Calibrated-LSTM-scale_qlike,validation
2020-06-05,2020-06-08,2.3533534927844846,1.4591236458557242,Calibrated-LSTM-scale_qlike,validation
2020-06-08,2020-06-09,0.0029663396470081,1.4485172738127365,Calibrated-LSTM-scale_qlike,validation
2020-06-09,2020-06-10,0.0192877721914381,1.4440660404089687,Calibrated-LSTM-scale_qlike,validation
2020-06-10,2020-06-11,14.20113167350128,1.4423914275235101,Calibrated-LSTM-scale_qlike,validation
2020-06-11,2020-06-12,0.1978991573902568,1.8213236872772143,Calibrated-LSTM-scale_qlike,validation
2020-06-12,2020-06-15,13.410151498832947,1.8685949861701932,Calibrated-LSTM-scale_qlike,validation
2020-06-15,2020-06-16,7.854033490557961,2.2790884823689006,Calibrated-LSTM-scale_qlike,validation
2020-06-16,2020-06-17,0.0390437911460607,2.7080502033407474,Calibrated-LSTM-scale_qlike,validation
2020-06-17,2020-06-18,0.0094269529730988,2.7223660034310533,Calibrated-LSTM-scale_qlike,validation
2020-06-18,2020-06-19,2.3775972708277777,2.796488756906196,Calibrated-LSTM-scale_qlike,validation
2020-06-19,2020-06-22,0.0977642075595444,2.652404101205179,Calibrated-LSTM-scale_qlike,validation
2020-06-22,2020-06-23,0.1254074833473004,2.4331611606425003,Calibrated-LSTM-scale_qlike,validation
2020-06-23,2020-06-24,0.9656953175585764,2.184865826597481,Calibrated-LSTM-scale_qlike,validation
2020-06-24,2020-06-25,0.3568032861992914,2.1682997320035846,Calibrated-LSTM-scale_qlike,validation
2020-06-25,2020-06-26,0.0935607015251472,2.1501284433810635,Calibrated-LSTM-scale_qlike,validation
2020-06-26,2020-06-29,7.240799310682349,2.0479959168263075,Calibrated-LSTM-scale_qlike,validation
2020-06-29,2020-06-30,0.263950183757359,2.28774269985412,Calibrated-LSTM-scale_qlike,validation
2020-06-30,2020-07-01,4.853797558668691,2.260737560750759,Calibrated-LSTM-scale_qlike,validation
2020-07-01,2020-07-02,0.0173403520116891,2.4269003555352686,Calibrated-LSTM-scale_qlike,validation
2020-07-02,2020-07-03,0.3830874038106421,2.4316850402108767,Calibrated-LSTM-scale_qlike,validation
2020-07-03,2020-07-06,2.515298700046254,2.421098597666287,Calibrated-LSTM-scale_qlike,validation
2020-07-06,2020-07-07,0.0686927141453309,2.3576559152516947,Calibrated-LSTM-scale_qlike,validation
2020-07-07,2020-07-08,0.0156264509294999,2.1171062008220116,Calibrated-LSTM-scale_qlike,validation
2020-07-08,2020-07-09,1.8878106377661732,1.9675310351900699,Calibrated-LSTM-scale_qlike,validation
2020-07-09,2020-07-10,0.3609627180509834,1.8214087554717149,Calibrated-LSTM-scale_qlike,validation
2020-07-10,2020-07-13,0.0819210906952639,1.7957808918381277,Calibrated-LSTM-scale_qlike,validation
2020-07-13,2020-07-14,0.0049340673468667,1.6794264612190717,Calibrated-LSTM-scale_qlike,validation
2020-07-14,2020-07-15,0.0429038013029008,1.5683961492825775,Calibrated-LSTM-scale_qlike,validation
2020-07-15,2020-07-16,0.6277983835430785,1.4349812655053558,Calibrated-LSTM-scale_qlike,validation
2020-07-16,2020-07-17,0.3025848721746239,1.3262717369694685,Calibrated-LSTM-scale_qlike,validation
2020-07-17,2020-07-20,1.5014548821169582,1.2847180640361295,Calibrated-LSTM-scale_qlike,validation
2020-07-20,2020-07-21,0.0011330265098316,1.3500828061283605,Calibrated-LSTM-scale_qlike,validation
2020-07-21,2020-07-22,0.5929839946327068,1.306327659274753,Calibrated-LSTM-scale_qlike,validation
2020-07-22,2020-07-23,0.0380690415470228,1.2924190094738508,Calibrated-LSTM-scale_qlike,validation
2020-07-23,2020-07-24,10.714506391324338,1.217503222468526,Calibrated-LSTM-scale_qlike,validation
2020-07-24,2020-07-27,29.71654662116303,1.6947699011495514,Calibrated-LSTM-scale_qlike,validation
2020-07-27,2020-07-28,12.442241141417854,2.7336359341421526,Calibrated-LSTM-scale_qlike,validation
2020-07-28,2020-07-29,7.88382185098053,3.4500042953760257,Calibrated-LSTM-scale_qlike,validation
2020-07-29,2020-07-30,1.6712179001127756,3.7857588287095503,Calibrated-LSTM-scale_qlike,validation
2020-07-30,2020-07-31,0.1173768950572407,4.246461686632068,Calibrated-LSTM-scale_qlike,validation
2020-07-31,2020-08-03,4.064809725455425,4.094405231572158,Calibrated-LSTM-scale_qlike,validation
2020-08-03,2020-08-04,2.475940854259596,4.036757084255317,Calibrated-LSTM-scale_qlike,validation
2020-08-04,2020-08-05,1.5093873640970836,3.777767501117329,Calibrated-LSTM-scale_qlike,validation
2020-08-05,2020-08-06,0.0712944062273411,3.3925011385038992,Calibrated-LSTM-scale_qlike,validation
2020-08-06,2020-08-07,0.0285261487999524,3.086089782072283,Calibrated-LSTM-scale_qlike,validation
2020-08-07,2020-08-10,0.0426711422269859,2.8442296696842266,Calibrated-LSTM-scale_qlike,validation
2020-08-10,2020-08-11,0.0002025643928529,2.541693196263132,Calibrated-LSTM-scale_qlike,validation
2020-08-11,2020-08-12,0.2065144883305979,2.339887898022916,Calibrated-LSTM-scale_qlike,validation
2020-08-12,2020-08-13,0.9127332835843408,2.0444944778394434,Calibrated-LSTM-scale_qlike,validation
2020-08-13,2020-08-14,0.255367280706292,1.8329999657475804,Calibrated-LSTM-scale_qlike,validation
2020-08-14,2020-08-17,0.0048129527023226,1.7201872343772509,Calibrated-LSTM-scale_qlike,validation
2020-08-17,2020-08-18,0.1923085427612989,1.6058736378960805,Calibrated-LSTM-scale_qlike,validation
2020-08-18,2020-08-19,0.3171223716823505,1.5115917286495597,Calibrated-LSTM-scale_qlike,validation
2020-08-19,2020-08-20,0.1246527755214606,1.4158583098956108,Calibrated-LSTM-scale_qlike,validation
2020-08-20,2020-08-21,0.5953479247893214,1.3398849219250046,Calibrated-LSTM-scale_qlike,validation
2020-08-21,2020-08-24,2.601992310993434,1.279662659194373,Calibrated-LSTM-scale_qlike,validation
2020-08-24,2020-08-25,0.3897315001367304,1.3370811491370669,Calibrated-LSTM-scale_qlike,validation
2020-08-25,2020-08-26,0.0055335984725061,1.336209868918546,Calibrated-LSTM-scale_qlike,validation
2020-08-26,2020-08-27,0.0201247832938772,1.3263247039584973,Calibrated-LSTM-scale_qlike,validation
2020-08-27,2020-08-28,0.2371438175251532,1.2979424231403855,Calibrated-LSTM-scale_qlike,validation
2020-08-28,2020-08-31,0.0919913483576587,1.2869577918929187,Calibrated-LSTM-scale_qlike,validation
2020-08-31,2020-09-01,1.2923697898915891,1.2639924557431925,Calibrated-LSTM-scale_qlike,validation
2020-09-01,2020-09-03,1.8585263119302429,1.2025360354171832,Calibrated-LSTM-scale_qlike,validation
2020-09-03,2020-09-04,0.0724558184717704,1.1948209119470448,Calibrated-LSTM-scale_qlike,validation
2020-09-04,2020-09-07,2.20557465755946,1.2145283770064268,Calibrated-LSTM-scale_qlike,validation
2020-09-07,2020-09-08,0.045178302752493,1.3594437851540555,Calibrated-LSTM-scale_qlike,validation
2020-09-08,2020-09-09,0.0084939812398233,1.3593589844696001,Calibrated-LSTM-scale_qlike,validation
2020-09-09,2020-09-10,0.003162773705203,1.3637757090774854,Calibrated-LSTM-scale_qlike,validation
2020-09-10,2020-09-11,0.0002847617108647,1.3403819555897303,Calibrated-LSTM-scale_qlike,validation
2020-09-11,2020-09-14,0.3943421427943259,1.302871295730573,Calibrated-LSTM-scale_qlike,validation
2020-09-14,2020-09-15,0.0356225443834294,1.261180122633795,Calibrated-LSTM-scale_qlike,validation
2020-09-15,2020-09-16,0.0182018998394976,1.2538498123642532,Calibrated-LSTM-scale_qlike,validation
2020-09-16,2020-09-17,0.1466259433788813,1.2077827099415441,Calibrated-LSTM-scale_qlike,validation
2020-09-17,2020-09-18,0.5927837774192054,1.2169538905898856,Calibrated-LSTM-scale_qlike,validation
2020-09-18,2020-09-21,0.5973025247310948,1.1745242560122284,Calibrated-LSTM-scale_qlike,validation
2020-09-21,2020-09-22,0.0372219865301334,1.1658567967797522,Calibrated-LSTM-scale_qlike,validation
2020-09-22,2020-09-23,0.4815094749114654,1.1855534276822872,Calibrated-LSTM-scale_qlike,validation
2020-09-23,2020-09-24,0.1853426709964717,1.1572528711831063,Calibrated-LSTM-scale_qlike,validation
2020-09-24,2020-09-25,0.0011645154128207,1.1840056145584432,Calibrated-LSTM-scale_qlike,validation
2020-09-25,2020-09-28,0.2158897933071618,1.1831760659070363,Calibrated-LSTM-scale_qlike,validation
2020-09-28,2020-09-29,0.8800033176965605,1.1881153713890025,Calibrated-LSTM-scale_qlike,validation
2020-09-29,2020-09-30,0.0184885133347586,1.2656773677654065,Calibrated-LSTM-scale_qlike,validation
2020-09-30,2020-10-01,0.9529808677190772,1.2512015966678318,Calibrated-LSTM-scale_qlike,validation
2020-10-01,2020-10-02,0.2100701799336074,1.2381146039719917,Calibrated-LSTM-scale_qlike,validation
2020-10-02,2020-10-05,0.2733808865752189,1.3212132557621874,Calibrated-LSTM-scale_qlike,validation
2020-10-05,2020-10-06,0.0117020561613317,1.3046824724943107,Calibrated-LSTM-scale_qlike,validation
2020-10-06,2020-10-07,0.194766708657986,1.3340276557215611,Calibrated-LSTM-scale_qlike,validation
2020-10-07,2020-10-08,0.0091636773062023,1.337955371966089,Calibrated-LSTM-scale_qlike,validation
2020-10-08,2020-10-09,0.3136074736535195,1.3396813467803028,Calibrated-LSTM-scale_qlike,validation
2020-10-09,2020-10-12,0.039147029875858,1.293397962485726,Calibrated-LSTM-scale_qlike,validation
2020-10-12,2020-10-13,0.1886516440368795,1.3026970129358644,Calibrated-LSTM-scale_qlike,validation
2020-10-13,2020-10-14,1.2182219245675234,1.2533064994616387,Calibrated-LSTM-scale_qlike,validation
2020-10-14,2020-10-15,0.0750977601457549,1.2486539647485566,Calibrated-LSTM-scale_qlike,validation
2020-10-15,2020-10-16,0.0032789630718449,1.2789589740194212,Calibrated-LSTM-scale_qlike,validation
2020-10-16,2020-10-19,0.0017086378411738,1.2829706884182677,Calibrated-LSTM-scale_qlike,validation
2020-10-19,2020-10-20,0.0059793113747856,1.272425977440791,Calibrated-LSTM-scale_qlike,validation
2020-10-20,2020-10-21,0.3275908040251104,1.275240985650644,Calibrated-LSTM-scale_qlike,validation
2020-10-21,2020-10-22,1.3246371755092925,1.2828805375329002,Calibrated-LSTM-scale_qlike,validation
2020-10-22,2020-10-23,1.4132948922636843,1.2569248403384297,Calibrated-LSTM-scale_qlike,validation
2020-10-23,2020-10-26,1.1970960361828058,1.2837734860651144,Calibrated-LSTM-scale_qlike,validation
2020-10-26,2020-10-27,0.2083430476879338,1.3807967045039256,Calibrated-LSTM-scale_qlike,validation
2020-10-27,2020-10-28,7.411979475736142,1.4333145441662427,Calibrated-LSTM-scale_qlike,validation
2020-10-28,2020-10-29,0.0458453997519621,1.756118247417138,Calibrated-LSTM-scale_qlike,validation
2020-10-29,2020-10-30,0.4800476169952387,1.8009213648743854,Calibrated-LSTM-scale_qlike,validation
2020-10-30,2020-11-02,0.7800511650758589,1.7750805632445001,Calibrated-LSTM-scale_qlike,validation
2020-11-02,2020-11-03,0.0342682571944602,1.7657032661060232,Calibrated-LSTM-scale_qlike,validation
2020-11-03,2020-11-04,0.2152577372300542,1.7526439606999027,Calibrated-LSTM-scale_qlike,validation
2020-11-04,2020-11-05,0.045844571767648,1.6550550922696696,Calibrated-LSTM-scale_qlike,validation
2020-11-05,2020-11-06,0.003314082741207,1.593925569219384,Calibrated-LSTM-scale_qlike,validation
2020-11-06,2020-11-09,2.10118385761475,1.5513744850810238,Calibrated-LSTM-scale_qlike,validation
2020-11-09,2020-11-10,8.938431274224163e-05,1.5240659895859523,Calibrated-LSTM-scale_qlike,validation
2020-11-10,2020-11-11,0.0011297213251294,1.551741375108565,Calibrated-LSTM-scale_qlike,validation
2020-11-11,2020-11-12,0.5456632914405392,1.5069266209643342,Calibrated-LSTM-scale_qlike,validation
2020-11-12,2020-11-13,0.5301286092359084,1.451959325569477,Calibrated-LSTM-scale_qlike,validation
2020-11-13,2020-11-16,2.614940684665197,1.4421863810735573,Calibrated-LSTM-scale_qlike,validation
2020-11-16,2020-11-17,3.5600857195920512,1.5827516746146553,Calibrated-LSTM-scale_qlike,validation
2020-11-17,2020-11-18,0.2272651607739751,1.6448521253754471,Calibrated-LSTM-scale_qlike,validation
2020-11-18,2020-11-19,0.9890184423772188,1.6687677909621692,Calibrated-LSTM-scale_qlike,validation
2020-11-19,2020-11-20,0.4666750014882298,1.6787964750616828,Calibrated-LSTM-scale_qlike,validation
2020-11-20,2020-11-23,0.1783704119345972,1.6828639653050368,Calibrated-LSTM-scale_qlike,validation
2020-11-23,2020-11-24,0.0248986125796567,1.6378667693097066,Calibrated-LSTM-scale_qlike,validation
2020-11-24,2020-11-25,0.1754782563587062,1.6219527304519614,Calibrated-LSTM-scale_qlike,validation
2020-11-25,2020-11-26,0.3614717362335366,1.5517805653302454,Calibrated-LSTM-scale_qlike,validation
2020-11-26,2020-11-27,0.1777363368777613,1.5231532453103636,Calibrated-LSTM-scale_qlike,validation
2020-11-27,2020-11-30,0.50308697006867,1.508207459062669,Calibrated-LSTM-scale_qlike,validation
2020-11-30,2020-12-01,0.331272320082079,1.5241213641653915,Calibrated-LSTM-scale_qlike,validation
2020-12-01,2020-12-02,0.2902563684716866,1.5225814425878927,Calibrated-LSTM-scale_qlike,validation
2020-12-02,2020-12-03,0.290315397256232,1.4925914263957223,Calibrated-LSTM-scale_qlike,validation
2020-12-03,2020-12-04,0.0274172683613022,1.4841469367862545,Calibrated-LSTM-scale_qlike,validation
2020-12-04,2020-12-07,0.6850937253628709,1.4894919212523736,Calibrated-LSTM-scale_qlike,validation
2020-12-07,2020-12-08,0.0048900250994697,1.4577717838402826,Calibrated-LSTM-scale_qlike,validation
2020-12-08,2020-12-09,0.9108272820038537,1.4663571174887589,Calibrated-LSTM-scale_qlike,validation
2020-12-09,2020-12-10,0.6307404981430905,1.4610239034646466,Calibrated-LSTM-scale_qlike,validation
2020-12-10,2020-12-11,2.1005332911557746,1.5197129323689196,Calibrated-LSTM-scale_qlike,validation
2020-12-11,2020-12-14,2.953190631516623,1.5137577574887862,Calibrated-LSTM-scale_qlike,validation
2020-12-14,2020-12-15,0.6927758012586854,1.543322967728543,Calibrated-LSTM-scale_qlike,validation
2020-12-15,2020-12-16,1.2199074044400842,1.614042725913603,Calibrated-LSTM-scale_qlike,validation
2020-12-16,2020-12-17,2.0641473967885817,1.609746782091306,Calibrated-LSTM-scale_qlike,validation
2020-12-17,2020-12-18,2.192631063716555,1.718995610879124,Calibrated-LSTM-scale_qlike,validation
2020-12-18,2020-12-21,1.6074554836667916,1.7345842237663964,Calibrated-LSTM-scale_qlike,validation
2020-12-21,2020-12-22,0.0479545490733483,1.7412466952070973,Calibrated-LSTM-scale_qlike,validation
2020-12-22,2020-12-23,0.1771055150673424,1.7314503435821877,Calibrated-LSTM-scale_qlike,validation
2020-12-23,2020-12-24,1.124406225180995,1.736774328509727,Calibrated-LSTM-scale_qlike,validation
2020-12-24,2020-12-25,2.4671237918391133,1.7522984714760097,Calibrated-LSTM-scale_qlike,validation
2020-12-25,2020-12-28,0.4034604996523059,1.7553920913983556,Calibrated-LSTM-scale_qlike,validation
2020-12-28,2020-12-29,0.5549207078341868,1.7394626707129883,Calibrated-LSTM-scale_qlike,validation
2020-12-29,2020-12-30,0.0315106576863239,1.711900174429619,Calibrated-LSTM-scale_qlike,validation
2020-12-30,2020-12-31,0.3307256931476,1.7163230517685533,Calibrated-LSTM-scale_qlike,validation
2020-12-31,2021-01-04,2.2278705339723945,1.6521382964874656,Calibrated-LSTM-scale_qlike,validation
2021-01-04,2021-01-05,1.1499318142027897,1.6784487120024023,Calibrated-LSTM-scale_qlike,validation
2021-01-05,2021-01-06,0.8776630886951989,1.6607483748151604,Calibrated-LSTM-scale_qlike,validation
2021-01-06,2021-01-07,1.3339004712332734,1.6542603199241905,Calibrated-LSTM-scale_qlike,validation
2021-01-07,2021-01-08,0.9288877612518626,1.6325516122136723,Calibrated-LSTM-scale_qlike,validation
2021-01-08,2021-01-11,2.138176540768584,1.6102840760178945,Calibrated-LSTM-scale_qlike,validation
2021-01-11,2021-01-12,0.3865727035398198,1.59762964706579,Calibrated-LSTM-scale_qlike,validation
2021-01-12,2021-01-13,0.2744693433035448,1.5736862941893486,Calibrated-LSTM-scale_qlike,validation
2021-01-13,2021-01-14,0.0129409883939506,1.6235992547826321,Calibrated-LSTM-scale_qlike,validation
2021-01-14,2021-01-15,0.3260937940923989,1.6323755906036672,Calibrated-LSTM-scale_qlike,validation
2021-01-15,2021-01-18,0.0358827142959493,1.6108997503878437,Calibrated-LSTM-scale_qlike,validation
2021-01-18,2021-01-19,27.541540391562137,1.6163546814827043,Calibrated-LSTM-scale_qlike,validation
2021-01-19,2021-01-20,0.1055259451193829,2.2300497446046403,Calibrated-LSTM-scale_qlike,validation
2021-01-20,2021-01-21,6.600825920548621,2.1746234019715325,Calibrated-LSTM-scale_qlike,validation
2021-01-21,2021-01-22,0.0486234498742934,2.204726307402946,Calibrated-LSTM-scale_qlike,validation
2021-01-22,2021-01-25,0.003916873597976,2.1593666352958274,Calibrated-LSTM-scale_qlike,validation
2021-01-25,2021-01-26,6.76157056018748,2.1504301947125,Calibrated-LSTM-scale_qlike,validation
2021-01-26,2021-01-27,12.16950048366727,2.264773752318778,Calibrated-LSTM-scale_qlike,validation
2021-01-27,2021-01-28,47.71522267260341,2.4457204897733935,Calibrated-LSTM-scale_qlike,validation
2021-01-28,2021-01-29,9.864460610625494,2.997562415171695,Calibrated-LSTM-scale_qlike,validation
2021-01-29,2021-02-01,4.068938921704016,3.086359432198248,Calibrated-LSTM-scale_qlike,validation
2021-02-01,2021-02-02,14.37888811066259,2.9374218767599944,Calibrated-LSTM-scale_qlike,validation
2021-02-02,2021-02-03,10.698092971323405,3.3343457921405983,Calibrated-LSTM-scale_qlike,validation
2021-02-03,2021-02-04,0.006553579964635,3.3225962159177382,Calibrated-LSTM-scale_qlike,validation
2021-02-04,2021-02-05,1.728785632859906,3.1210712682053114,Calibrated-LSTM-scale_qlike,validation
2021-02-05,2021-02-08,15.664350744194984,3.096613627266202,Calibrated-LSTM-scale_qlike,validation
2021-02-08,2021-02-09,8.346588799606792,3.426550887148101,Calibrated-LSTM-scale_qlike,validation
2021-02-09,2021-02-17,12.948351612917367,3.5497111745923,Calibrated-LSTM-scale_qlike,validation
2021-02-17,2021-02-18,2.5487828873734144,3.6601131054316784,Calibrated-LSTM-scale_qlike,validation
2021-02-18,2021-02-19,0.0056191882730801,3.190975923281427,Calibrated-LSTM-scale_qlike,validation
2021-02-19,2021-02-22,0.0171990965562516,2.896599576291327,Calibrated-LSTM-scale_qlike,validation
2021-02-22,2021-02-23,0.04885188428266,2.6677655980637374,Calibrated-LSTM-scale_qlike,validation
2021-02-23,2021-02-24,1.7852090551538884,2.5179893986325252,Calibrated-LSTM-scale_qlike,validation
2021-02-24,2021-02-25,0.0863685922010339,2.4687303663457127,Calibrated-LSTM-scale_qlike,validation
2021-02-25,2021-02-26,0.0678645793866586,2.353678308383663,Calibrated-LSTM-scale_qlike,validation
2021-02-26,2021-03-01,2.260340412751501,2.2540300138673746,Calibrated-LSTM-scale_qlike,validation
2021-03-01,2021-03-02,0.0013754677373442,2.227956879762885,Calibrated-LSTM-scale_qlike,validation
2021-03-02,2021-03-03,0.0008207623047958,2.1224954582006776,Calibrated-LSTM-scale_qlike,validation
2021-03-03,2021-03-04,2.448912301147324,2.0201288603560217,Calibrated-LSTM-scale_qlike,validation
2021-03-04,2021-03-05,0.0002116227550263,2.0739442574945235,Calibrated-LSTM-scale_qlike,validation
2021-03-05,2021-03-08,0.001291980692468,2.037705340392151,Calibrated-LSTM-scale_qlike,validation
2021-03-08,2021-03-09,0.2923761214947155,1.9802588956496916,Calibrated-LSTM-scale_qlike,validation
2021-03-09,2021-03-10,0.4837594769954144,1.9378458466948614,Calibrated-LSTM-scale_qlike,validation
2021-03-10,2021-03-11,0.9815546422643948,1.8971318877946621,Calibrated-LSTM-scale_qlike,validation
2021-03-11,2021-03-12,0.0002069778164541,1.8582674933497438,Calibrated-LSTM-scale_qlike,validation
2021-03-12,2021-03-15,0.0643027332166397,1.811858914353826,Calibrated-LSTM-scale_qlike,validation
2021-03-15,2021-03-16,0.1553706585632092,1.7520845971945525,Calibrated-LSTM-scale_qlike,validation
2021-03-16,2021-03-17,0.2737899242910557,1.7135480363105173,Calibrated-LSTM-scale_qlike,validation
2021-03-17,2021-03-18,1.5481332912326575,1.6869167424958829,Calibrated-LSTM-scale_qlike,validation
2021-03-18,2021-03-19,0.3310498706600423,1.6353410732141704,Calibrated-LSTM-scale_qlike,validation
2021-03-19,2021-03-22,0.0010124742198036,1.670524395676604,Calibrated-LSTM-scale_qlike,validation
2021-03-22,2021-03-23,0.8528859825364001,1.687535225721311,Calibrated-LSTM-scale_qlike,validation
2021-03-23,2021-03-24,3.405784484981233,1.686361124131171,Calibrated-LSTM-scale_qlike,validation
2021-03-24,2021-03-25,0.012314795662716,1.7714871008019497,Calibrated-LSTM-scale_qlike,validation
2021-03-25,2021-03-26,0.0058597397555957,1.756314332280563,Calibrated-LSTM-scale_qlike,validation
2021-03-26,2021-03-29,1.3278733275984689,1.7355349544684602,Calibrated-LSTM-scale_qlike,validation
2021-03-29,2021-03-30,0.8177751702540456,1.694667712312132,Calibrated-LSTM-scale_qlike,validation
2021-03-30,2021-03-31,0.1825736474519551,1.7129896090903265,Calibrated-LSTM-scale_qlike,validation
2021-03-31,2021-04-01,4.196908399032827,1.6712711499688975,Calibrated-LSTM-scale_qlike,validation
2021-04-01,2021-04-02,0.4682318073785952,1.6753338250314311,Calibrated-LSTM-scale_qlike,validation
2021-04-02,2021-04-05,0.8890694068712227,1.66552115529374,Calibrated-LSTM-scale_qlike,validation
2021-04-05,2021-04-06,0.0997492041629095,1.6637146599558004,Calibrated-LSTM-scale_qlike,validation
2021-04-06,2021-04-07,0.0380161793184628,1.6749515531762682,Calibrated-LSTM-scale_qlike,validation
2021-04-07,2021-04-08,0.3656617949695199,1.6517140255551432,Calibrated-LSTM-scale_qlike,validation
2021-04-08,2021-04-09,0.0685939299115526,1.6322208360422872,Calibrated-LSTM-scale_qlike,validation
2021-04-09,2021-04-12,2.801867566535839,1.6463400162490767,Calibrated-LSTM-scale_qlike,validation
2021-04-12,2021-04-13,0.1085685992002533,1.6847286440778946,Calibrated-LSTM-scale_qlike,validation
2021-04-13,2021-04-14,0.3626329687997453,1.7269655376676971,Calibrated-LSTM-scale_qlike,validation
2021-04-14,2021-04-15,0.4743671604836424,1.6765570147149391,Calibrated-LSTM-scale_qlike,validation
2021-04-15,2021-04-16,0.4720531246781877,1.6854288516222535,Calibrated-LSTM-scale_qlike,validation
2021-04-16,2021-04-19,3.0629959648129166,1.7277639213987914,Calibrated-LSTM-scale_qlike,validation
2021-04-19,2021-04-20,0.3708468135979464,1.6814791995539864,Calibrated-LSTM-scale_qlike,validation
2021-04-20,2021-04-22,10.511479982603742,1.7120950554978391,Calibrated-LSTM-scale_qlike,validation
2021-04-22,2021-04-23,2.7977982020669034,2.003969916051529,Calibrated-LSTM-scale_qlike,validation
2021-04-23,2021-04-26,7.069875969155051,1.9703891125172646,Calibrated-LSTM-scale_qlike,validation
2021-04-26,2021-04-27,0.1068177702515163,2.1695622456637955,Calibrated-LSTM-scale_qlike,validation
2021-04-27,2021-04-28,0.6403727056381737,2.1498689586368305,Calibrated-LSTM-scale_qlike,validation
2021-04-28,2021-04-29,0.6353802562532533,2.1388625253206475,Calibrated-LSTM-scale_qlike,validation
2021-04-29,2021-05-04,0.0512876666991909,2.098415273935912,Calibrated-LSTM-scale_qlike,validation
2021-05-04,2021-05-05,1.2974041483688885,2.0939081309326135,Calibrated-LSTM-scale_qlike,validation
2021-05-05,2021-05-06,0.2185486546328746,1.9954412945327198,Calibrated-LSTM-scale_qlike,validation
2021-05-06,2021-05-07,0.494132324659674,1.9847990761436216,Calibrated-LSTM-scale_qlike,validation
2021-05-07,2021-05-10,2.018769062145057,2.005071388664289,Calibrated-LSTM-scale_qlike,validation
2021-05-10,2021-05-11,0.0792094524228185,1.9695960789870826,Calibrated-LSTM-scale_qlike,validation
2021-05-11,2021-05-12,1.0683689670129952,1.957653761776366,Calibrated-LSTM-scale_qlike,validation
2021-05-12,2021-05-13,0.3147510754643727,1.8788815499536655,Calibrated-LSTM-scale_qlike,validation
2021-05-13,2021-05-14,0.1194948927270032,1.8876899869801729,Calibrated-LSTM-scale_qlike,validation
2021-05-14,2021-05-17,0.3681093008020274,1.8674512469702287,Calibrated-LSTM-scale_qlike,validation
2021-05-17,2021-05-18,0.2298422025837693,1.8652925746572562,Calibrated-LSTM-scale_qlike,validation
2021-05-18,2021-05-19,0.6085100033578476,1.8482402805554812,Calibrated-LSTM-scale_qlike,validation
2021-05-19,2021-05-20,1.5332689494683411,1.8153404238422925,Calibrated-LSTM-scale_qlike,validation
2021-05-20,2021-05-21,0.1986664550105345,1.8200500719501103,Calibrated-LSTM-scale_qlike,validation
2021-05-21,2021-05-24,1.1845107713600658,1.8031502585743275,Calibrated-LSTM-scale_qlike,validation
2021-05-24,2021-05-25,0.6615170731155926,1.7695103353199855,Calibrated-LSTM-scale_qlike,validation
2021-05-25,2021-05-26,0.3826692450882292,1.7211081377092305,Calibrated-LSTM-scale_qlike,validation
2021-05-26,2021-05-27,1.0043951904267852,1.6995375989372645,Calibrated-LSTM-scale_qlike,validation
2021-05-27,2021-05-28,1.65727162339538,1.7621936680627688,Calibrated-LSTM-scale_qlike,validation
2021-05-28,2021-05-31,0.3285055315434949,1.764912773921274,Calibrated-LSTM-scale_qlike,validation
2021-05-31,2021-06-01,0.5328741181290064,1.7584281966608974,Calibrated-LSTM-scale_qlike,validation
2021-06-01,2021-06-02,0.0501764701325494,1.7133704096402387,Calibrated-LSTM-scale_qlike,validation
2021-06-02,2021-06-03,3.01900451692919,1.7727114942806628,Calibrated-LSTM-scale_qlike,validation
2021-06-03,2021-06-04,0.5091916058927975,1.792707201414179,Calibrated-LSTM-scale_qlike,validation
2021-06-04,2021-06-07,1.2488833393722787,1.7968010413970248,Calibrated-LSTM-scale_qlike,validation
2021-06-07,2021-06-08,8.436942215340656,1.8421062752098638,Calibrated-LSTM-scale_qlike,validation
2021-06-08,2021-06-09,0.9635770887636846,2.072187652780088,Calibrated-LSTM-scale_qlike,validation
2021-06-09,2021-06-10,0.4923594509595709,1.9677033116594367,Calibrated-LSTM-scale_qlike,validation
2021-06-10,2021-06-11,4.4320627369374535,1.9468182673793217,Calibrated-LSTM-scale_qlike,validation
2021-06-11,2021-06-14,0.5411007585268014,1.9946348855002574,Calibrated-LSTM-scale_qlike,validation
2021-06-14,2021-06-15,0.1708389534964715,1.9850867831976649,Calibrated-LSTM-scale_qlike,validation
2021-06-15,2021-06-16,0.6335008462154236,1.942463872612061,Calibrated-LSTM-scale_qlike,validation
2021-06-16,2021-06-17,0.0626639901398827,1.9698626527475231,Calibrated-LSTM-scale_qlike,validation
2021-06-17,2021-06-18,1.7005139602823875,1.9446273601058544,Calibrated-LSTM-scale_qlike,validation
2021-06-18,2021-06-21,0.1396997155457911,1.9282015745308756,Calibrated-LSTM-scale_qlike,validation
2021-06-21,2021-06-22,0.284425125779956,1.932517180341524,Calibrated-LSTM-scale_qlike,validation
2021-06-22,2021-06-23,0.0505778800491605,1.8776182337633176,Calibrated-LSTM-scale_qlike,validation
2021-06-23,2021-06-24,0.042756846647676,1.8535730933145251,Calibrated-LSTM-scale_qlike,validation
2021-06-24,2021-06-25,0.5639250493998573,1.7940570571042787,Calibrated-LSTM-scale_qlike,validation
2021-06-25,2021-06-28,1.2596863062253096,1.7358726859010312,Calibrated-LSTM-scale_qlike,validation
2021-06-28,2021-06-29,0.0902656153029111,1.770651265664471,Calibrated-LSTM-scale_qlike,validation
2021-06-29,2021-06-30,0.0111781207193246,1.7522249062134696,Calibrated-LSTM-scale_qlike,validation
2021-06-30,2021-07-01,0.3645273399631648,1.7130590279471598,Calibrated-LSTM-scale_qlike,validation
2021-07-01,2021-07-02,0.0505610286336511,1.7481566134399786,Calibrated-LSTM-scale_qlike,validation
2021-07-02,2021-07-05,0.4168242183273023,1.727127916265376,Calibrated-LSTM-scale_qlike,validation
2021-07-05,2021-07-06,16.601013312283214,1.76957360144577,Calibrated-LSTM-scale_qlike,validation
2021-07-06,2021-07-07,6.058281445881023,2.1826868235210433,Calibrated-LSTM-scale_qlike,validation
2021-07-07,2021-07-08,1.0078273448945338,2.15591134179183,Calibrated-LSTM-scale_qlike,validation
2021-07-08,2021-07-09,4.095422426959989,2.0992279694544456,Calibrated-LSTM-scale_qlike,validation
2021-07-09,2021-07-12,14.799235172407151,2.235310062141327,Calibrated-LSTM-scale_qlike,validation
2021-07-12,2021-07-13,0.009141491530764,2.4880146305129545,Calibrated-LSTM-scale_qlike,validation
2021-07-13,2021-07-14,1.871533753406208,2.348523657314989,Calibrated-LSTM-scale_qlike,validation
2021-07-14,2021-07-15,1.185182208099543,2.333261674193394,Calibrated-LSTM-scale_qlike,validation
2021-07-15,2021-07-16,0.1728051567276786,2.31057066959543,Calibrated-LSTM-scale_qlike,validation
2021-07-16,2021-07-19,19.26799845022637,2.253340907989908,Calibrated-LSTM-scale_qlike,validation
2021-07-19,2021-07-20,5.600831490366748,2.722310093831523,Calibrated-LSTM-scale_qlike,validation
2021-07-20,2021-07-21,0.0386259132356042,2.768312458823196,Calibrated-LSTM-scale_qlike,validation
2021-07-21,2021-07-22,3.1842211341003503,2.5977828300543058,Calibrated-LSTM-scale_qlike,validation
2021-07-22,2021-07-23,3.75891611125588,2.6334710777278105,Calibrated-LSTM-scale_qlike,validation
2021-07-23,2021-07-26,0.0932245335056029,2.7063903035077965,Calibrated-LSTM-scale_qlike,validation
2021-07-26,2021-07-27,0.1095791578755464,2.4668968524931674,Calibrated-LSTM-scale_qlike,validation
2021-07-27,2021-07-28,0.0001201916445908,2.318642517711378,Calibrated-LSTM-scale_qlike,validation
2021-07-28,2021-07-29,1.6539600353625152,2.2189016647193114,Calibrated-LSTM-scale_qlike,validation
2021-07-29,2021-07-30,1.5967544948591652,2.2368576077551245,Calibrated-LSTM-scale_qlike,validation
2021-07-30,2021-08-02,0.1009987039707803,2.210123322572935,Calibrated-LSTM-scale_qlike,validation
2021-08-02,2021-08-03,1.8957198194932552,2.095504898394802,Calibrated-LSTM-scale_qlike,validation
2021-08-03,2021-08-04,0.0297448118967559,2.0644009703727524,Calibrated-LSTM-scale_qlike,validation
2021-08-04,2021-08-05,0.6506576147304501,1.9898642451020425,Calibrated-LSTM-scale_qlike,validation
2021-08-05,2021-08-06,0.0931307383293993,1.9260423671978117,Calibrated-LSTM-scale_qlike,validation
2021-08-06,2021-08-09,1.8579420490159877,1.8873115940206715,Calibrated-LSTM-scale_qlike,validation
2021-08-09,2021-08-10,0.0356498511082493,1.8654853156451112,Calibrated-LSTM-scale_qlike,validation
2021-08-10,2021-08-11,0.1163827824804467,1.8329832463697304,Calibrated-LSTM-scale_qlike,validation
2021-08-11,2021-08-12,0.1222953063583315,1.82984642357502,Calibrated-LSTM-scale_qlike,validation
2021-08-12,2021-08-13,0.0871384784453648,1.803147583473872,Calibrated-LSTM-scale_qlike,validation
2021-08-13,2021-08-16,1.0399916754691487,1.7943550632950775,Calibrated-LSTM-scale_qlike,validation
2021-08-16,2021-08-17,0.3314354435277737,1.762075027357545,Calibrated-LSTM-scale_qlike,validation
2021-08-17,2021-08-18,0.0249180078972991,1.7562362193472476,Calibrated-LSTM-scale_qlike,validation
2021-08-18,2021-08-19,1.034084957658442,1.7229885995747785,Calibrated-LSTM-scale_qlike,validation
2021-08-19,2021-08-20,11.285807091304966,1.7148098811956145,Calibrated-LSTM-scale_qlike,validation
2021-08-20,2021-08-23,5.411821632013326,2.0731521602495007,Calibrated-LSTM-scale_qlike,validation
2021-08-23,2021-08-24,8.536462420535458e-05,2.049681363868612,Calibrated-LSTM-scale_qlike,validation
2021-08-24,2021-08-25,0.6870757170728501,1.9577875167991663,Calibrated-LSTM-scale_qlike,validation
2021-08-25,2021-08-26,0.4170750420782061,1.9047682295563713,Calibrated-LSTM-scale_qlike,validation
2021-08-26,2021-08-27,0.8540485329092148,1.9162001376000817,Calibrated-LSTM-scale_qlike,validation
2021-08-27,2021-08-30,1.2797402595336076,1.9556038322969302,Calibrated-LSTM-scale_qlike,validation
2021-08-30,2021-08-31,0.0627065630623478,1.9313699635109667,Calibrated-LSTM-scale_qlike,validation
2021-08-31,2021-09-01,0.0569056328666982,1.9499493387080518,Calibrated-LSTM-scale_qlike,validation
2021-09-01,2021-09-06,0.7669996218071843,1.9252183025023402,Calibrated-LSTM-scale_qlike,validation
2021-09-06,2021-09-07,0.1115838258583112,1.9613558332974301,Calibrated-LSTM-scale_qlike,validation
2021-09-07,2021-09-08,0.3840242724271654,1.9357860193437382,Calibrated-LSTM-scale_qlike,validation
2021-09-08,2021-09-09,0.5999757427909345,1.8224319813961365,Calibrated-LSTM-scale_qlike,validation
2021-09-09,2021-09-10,0.009783360800291,1.7897225918354152,Calibrated-LSTM-scale_qlike,validation
2021-09-10,2021-09-13,0.0834204953018611,1.773876768039298,Calibrated-LSTM-scale_qlike,validation
2021-09-13,2021-09-14,0.0166539238245993,1.816651624330803,Calibrated-LSTM-scale_qlike,validation
2021-09-14,2021-09-15,0.208411861391793,1.7758344065530018,Calibrated-LSTM-scale_qlike,validation
2021-09-15,2021-09-16,8.833374944135227e-06,1.7132866789959658,Calibrated-LSTM-scale_qlike,validation
2021-09-16,2021-09-17,0.2517625260662404,1.6821510510335118,Calibrated-LSTM-scale_qlike,validation
2021-09-17,2021-09-20,0.0255409488218125,1.7496974713026372,Calibrated-LSTM-scale_qlike,validation
2021-09-20,2021-09-21,0.6256621683862371,1.7528500771900377,Calibrated-LSTM-scale_qlike,validation
2021-09-21,2021-09-22,0.6493080782631847,1.7160812226873308,Calibrated-LSTM-scale_qlike,validation
2021-09-22,2021-09-23,0.023678455022373,1.638171998271737,Calibrated-LSTM-scale_qlike,validation
2021-09-23,2021-09-24,0.0138313143395197,1.7015646563078017,Calibrated-LSTM-scale_qlike,validation
2021-09-24,2021-09-27,3.828272422415496,1.5989443251848934,Calibrated-LSTM-scale_qlike,validation
2021-09-27,2021-09-28,1.1555484032608674,1.7315610927410663,Calibrated-LSTM-scale_qlike,validation
2021-09-28,2021-09-29,5.575325206713305e-05,1.681859063818739,Calibrated-LSTM-scale_qlike,validation
2021-09-29,2021-09-30,0.0451927678238876,1.699849248140389,Calibrated-LSTM-scale_qlike,validation
2021-09-30,2021-10-01,0.2869590069123234,1.6613113497061263,Calibrated-LSTM-scale_qlike,validation
2021-10-01,2021-10-04,0.1209217160727008,1.7406007922019953,Calibrated-LSTM-scale_qlike,validation
2021-10-04,2021-10-05,1.2548666056334208,1.7493677651714346,Calibrated-LSTM-scale_qlike,validation
2021-10-05,2021-10-06,0.363335054701863,1.6801082105702843,Calibrated-LSTM-scale_qlike,validation
2021-10-06,2021-10-07,0.0539799292056889,1.684574959556697,Calibrated-LSTM-scale_qlike,validation
2021-10-07,2021-10-08,0.2422625428098201,1.7107451998077392,Calibrated-LSTM-scale_qlike,validation
2021-10-08,2021-10-11,2.384064119474745,1.6636535339103806,Calibrated-LSTM-scale_qlike,validation
2021-10-11,2021-10-12,0.0025924711816483,1.6783775543302726,Calibrated-LSTM-scale_qlike,validation
2021-10-12,2021-10-13,0.043020201094552,1.6950923845095227,Calibrated-LSTM-scale_qlike,validation
2021-10-13,2021-10-14,1.8582276241239155e-05,1.6638268804199297,Calibrated-LSTM-scale_qlike,validation
2021-10-14,2021-10-15,0.0037272440365911,1.7045897936584737,Calibrated-LSTM-scale_qlike,validation
2021-10-15,2021-10-18,0.0412074717223573,1.7109871626439848,Calibrated-LSTM-scale_qlike,validation
2021-10-18,2021-10-19,0.0002054205471957,1.6944891493566938,Calibrated-LSTM-scale_qlike,validation
2021-10-19,2021-10-20,0.012036644283499,1.6336694029392136,Calibrated-LSTM-scale_qlike,validation
2021-10-20,2021-10-21,0.4224699907147212,1.6918531053673473,Calibrated-LSTM-scale_qlike,validation
2021-10-21,2021-10-22,0.1038627326357175,1.6619726345388504,Calibrated-LSTM-scale_qlike,validation
2021-10-22,2021-10-25,0.0766142772237032,1.6684055823604262,Calibrated-LSTM-scale_qlike,validation
2021-10-25,2021-10-26,0.2013151221701667,1.7112276541749798,Calibrated-LSTM-scale_qlike,validation
2021-10-26,2021-10-27,4.975421040294883,1.611315193488661,Calibrated-LSTM-scale_qlike,validation
2021-10-27,2021-10-28,1.0980607841681207,1.7122934141966515,Calibrated-LSTM-scale_qlike,validation
2021-10-28,2021-10-29,0.1886851350804401,1.7013051715635692,Calibrated-LSTM-scale_qlike,validation
2021-10-29,2021-11-01,0.1351609140151505,1.7661492053520391,Calibrated-LSTM-scale_qlike,validation
2021-11-01,2021-11-02,0.8706925479870633,1.8426320662044915,Calibrated-LSTM-scale_qlike,validation
2021-11-02,2021-11-03,0.3174077865606339,1.767254021840369,Calibrated-LSTM-scale_qlike,validation
2021-11-03,2021-11-04,0.0780251318950003,1.939655418398325,Calibrated-LSTM-scale_qlike,validation
2021-11-04,2021-11-05,0.3164163905277483,1.7591852500899465,Calibrated-LSTM-scale_qlike,validation
2021-11-05,2021-11-08,0.5722632892702788,1.727739577984642,Calibrated-LSTM-scale_qlike,validation
2021-11-08,2021-11-09,0.1717825777423685,1.7831228515004076,Calibrated-LSTM-scale_qlike,validation
2021-11-09,2021-11-10,0.0578685691569425,1.8039644253981124,Calibrated-LSTM-scale_qlike,validation
2021-11-10,2021-11-11,0.0332757244454099,1.7723214646341772,Calibrated-LSTM-scale_qlike,validation
2021-11-11,2021-11-12,0.5636350562840569,1.8740876361814836,Calibrated-LSTM-scale_qlike,validation
2021-11-12,2021-11-15,0.0470688863590858,1.7144709459678389,Calibrated-LSTM-scale_qlike,validation
2021-11-15,2021-11-16,0.4729748116245648,1.8302965092267427,Calibrated-LSTM-scale_qlike,validation
2021-11-16,2021-11-17,0.40826744424175,1.8375520504385396,Calibrated-LSTM-scale_qlike,validation
2021-11-17,2021-11-18,0.1670640675036151,1.6910289069168523,Calibrated-LSTM-scale_qlike,validation
2021-11-18,2021-11-19,1.4313283722317711,1.827137750608293,Calibrated-LSTM-scale_qlike,validation
2021-11-19,2021-11-22,0.1237442583360642,1.9640687864248867,Calibrated-LSTM-scale_qlike,validation
2021-11-22,2021-11-23,1.2666258581863683,1.8791409009428752,Calibrated-LSTM-scale_qlike,validation
2021-11-23,2021-11-24,2.923344781612152,1.7154074986374859,Calibrated-LSTM-scale_qlike,validation
2021-11-24,2021-11-25,0.6380046596767257,1.8513396519438075,Calibrated-LSTM-scale_qlike,validation
2021-11-25,2021-11-26,0.2701244946030526,1.810094953113137,Calibrated-LSTM-scale_qlike,validation
2021-11-26,2021-11-29,0.3025648797186475,1.873022812444971,Calibrated-LSTM-scale_qlike,validation
2021-11-29,2021-11-30,0.1865846491020368,1.8717247199486953,Calibrated-LSTM-scale_qlike,validation
2021-11-30,2021-12-01,0.2075014205290045,1.919356488628121,Calibrated-LSTM-scale_qlike,validation
2021-12-01,2021-12-02,0.0447934240863952,1.7916974847470601,Calibrated-LSTM-scale_qlike,validation
2021-12-02,2021-12-03,7.012035907074128,1.7556192074270704,Calibrated-LSTM-scale_qlike,validation
2021-12-03,2021-12-06,4.334941271489592,2.0239283055336843,Calibrated-LSTM-scale_qlike,validation
2021-12-06,2021-12-07,5.38610884102854,2.0401129308025543,Calibrated-LSTM-scale_qlike,validation
2021-12-07,2021-12-08,0.1770242562530693,1.9343365161616524,Calibrated-LSTM-scale_qlike,validation
2021-12-08,2021-12-09,1.070479018660655,1.9455061306056518,Calibrated-LSTM-scale_qlike,validation
2021-12-09,2021-12-10,0.0917573521914629,1.9335058974700632,Calibrated-LSTM-scale_qlike,validation
2021-12-10,2021-12-13,0.7430153759165636,1.9972655792886915,Calibrated-LSTM-scale_qlike,validation
2021-12-13,2021-12-14,0.0001656787526269,1.9792375422955892,Calibrated-LSTM-scale_qlike,validation
2021-12-14,2021-12-15,0.001241581482623,1.9970388645250454,Calibrated-LSTM-scale_qlike,validation
2021-12-15,2021-12-16,0.0056551081903051,1.9665843171386899,Calibrated-LSTM-scale_qlike,validation
2021-12-16,2021-12-17,0.0462794489398934,1.9567032985843478,Calibrated-LSTM-scale_qlike,validation
2021-12-17,2021-12-20,0.0276816841350729,1.9814886393293167,Calibrated-LSTM-scale_qlike,validation
2021-12-20,2021-12-21,0.009100575448846,1.8991982691419023,Calibrated-LSTM-scale_qlike,validation
2021-12-21,2021-12-22,0.0052396015195704,1.8458760267724648,Calibrated-LSTM-scale_qlike,validation
2021-12-22,2021-12-23,1.992176913695392,1.88954891428705,Calibrated-LSTM-scale_qlike,validation
2021-12-23,2021-12-24,1.8717637228671864,1.9987245790773964,Calibrated-LSTM-scale_qlike,validation
2021-12-24,2021-12-27,0.6385359851594573,1.8028296477846755,Calibrated-LSTM-scale_qlike,validation
2021-12-27,2021-12-28,0.1364517327618313,1.748084786992735,Calibrated-LSTM-scale_qlike,validation
2021-12-28,2021-12-29,0.3307731842534792,1.820862366203576,Calibrated-LSTM-scale_qlike,validation
2021-12-29,2021-12-30,0.0001019075301841,1.7917654322986427,Calibrated-LSTM-scale_qlike,validation
2021-12-30,2021-12-31,0.6806292652244172,1.7667690261276952,Calibrated-LSTM-scale_qlike,validation
2021-12-31,2022-01-04,3.2605099137684044,1.7697869407071363,Calibrated-LSTM-scale_qlike,validation
2022-01-04,2022-01-05,0.0408421877386783,1.7752766481079247,Calibrated-LSTM-scale_qlike,validation
2022-01-05,2022-01-06,0.1583194148629771,1.8719415368406542,Calibrated-LSTM-scale_qlike,validation
2022-01-06,2022-01-07,3.466888916717849e-05,1.899859152709558,Calibrated-LSTM-scale_qlike,validation
2022-01-07,2022-01-10,2.6694297971607823,1.8527507674343495,Calibrated-LSTM-scale_qlike,validation
2022-01-10,2022-01-11,0.5791412105719106,2.0170099607343666,Calibrated-LSTM-scale_qlike,validation
2022-01-11,2022-01-12,1.469449968423449,1.9586769877007877,Calibrated-LSTM-scale_qlike,validation
2022-01-12,2022-01-13,0.9252594386149106,1.9350621371603436,Calibrated-LSTM-scale_qlike,validation
2022-01-13,2022-01-14,4.021230809949571e-06,1.9166177207812642,Calibrated-LSTM-scale_qlike,validation
2022-01-14,2022-01-17,8.577861779061374,1.8177771728476666,Calibrated-LSTM-scale_qlike,validation
2022-01-17,2022-01-18,0.9241996120524796,2.0847576823128064,Calibrated-LSTM-scale_qlike,validation
2022-01-18,2022-01-19,0.0713962483719635,1.9579161891311,Calibrated-LSTM-scale_qlike,validation
2022-01-19,2022-01-20,2.396694299563955,1.8875979635244864,Calibrated-LSTM-scale_qlike,validation
2022-01-20,2022-01-21,0.2669228311266386,1.966021208492701,Calibrated-LSTM-scale_qlike,validation
2022-01-21,2022-01-24,5.19144957677216,1.9762316656682,Calibrated-LSTM-scale_qlike,validation
2022-01-24,2022-01-25,7.461944120148481,2.1055549832979636,Calibrated-LSTM-scale_qlike,validation
2022-01-25,2022-01-26,0.0182472056354126,2.096701203318727,Calibrated-LSTM-scale_qlike,validation
2022-01-26,2022-01-27,0.5372614259470304,2.091797342917803,Calibrated-LSTM-scale_qlike,validation
2022-01-27,2022-01-28,0.3091208848418566,2.03156451354037,Calibrated-LSTM-scale_qlike,validation
2022-01-28,2022-02-07,1.5787299229773026,2.082055028322105,Calibrated-LSTM-scale_qlike,validation
2022-02-07,2022-02-08,0.0493284261128678,2.0069669648474133,Calibrated-LSTM-scale_qlike,validation
2022-02-08,2022-02-09,0.0852913112285084,2.0128861596264134,Calibrated-LSTM-scale_qlike,validation
2022-02-09,2022-02-10,0.0087647457494785,2.0004007970231283,Calibrated-LSTM-scale_qlike,validation
2022-02-10,2022-02-11,0.1140481407730615,1.9276131861855774,Calibrated-LSTM-scale_qlike,validation
2022-02-11,2022-02-14,4.003846034921644,1.8933898235217808,Calibrated-LSTM-scale_qlike,validation
2022-02-14,2022-02-15,1.9670652734045644,2.0273129763856432,Calibrated-LSTM-scale_qlike,validation
2022-02-15,2022-02-16,0.0018968880308684,1.928912883742127,Calibrated-LSTM-scale_qlike,validation
2022-02-16,2022-02-17,1.122140769245723,1.9291735722815646,Calibrated-LSTM-scale_qlike,validation
2022-02-17,2022-02-18,0.0437252358911797,1.8990647816291477,Calibrated-LSTM-scale_qlike,validation
2022-02-18,2022-02-21,0.1583409064037323,1.9278350857684028,Calibrated-LSTM-scale_qlike,validation
2022-02-21,2022-02-22,0.2391227349223014,1.9004138347891104,Calibrated-LSTM-scale_qlike,validation
2022-02-22,2022-02-23,0.3429157616051995,1.9311005808950468,Calibrated-LSTM-scale_qlike,validation
2022-02-23,2022-02-24,1.3469467288223498,1.8437134755638311,Calibrated-LSTM-scale_qlike,validation
2022-02-24,2022-02-25,0.0728442185423715,1.9843592896286544,Calibrated-LSTM-scale_qlike,validation
2022-02-25,2022-02-28,0.3435682703713377,1.871727261294128,Calibrated-LSTM-scale_qlike,validation
2022-02-28,2022-03-01,0.3350186274967215,1.8356529966248225,Calibrated-LSTM-scale_qlike,validation
2022-03-01,2022-03-02,0.7897102913909818,1.840599123612951,Calibrated-LSTM-scale_qlike,validation
2022-03-02,2022-03-03,1.6972927621476632,1.8906786092096206,Calibrated-LSTM-scale_qlike,validation
2022-03-03,2022-03-04,0.0004806839941866,1.8761720744568016,Calibrated-LSTM-scale_qlike,validation
2022-03-04,2022-03-07,0.1747715827843937,1.8704825370519496,Calibrated-LSTM-scale_qlike,validation
2022-03-07,2022-03-08,2.9065282793306784,1.8854240431389147,Calibrated-LSTM-scale_qlike,validation
2022-03-08,2022-03-09,4.143903255486161e-06,1.960173572650899,Calibrated-LSTM-scale_qlike,validation
2022-03-09,2022-03-10,0.1308186023197331,1.9044445424011944,Calibrated-LSTM-scale_qlike,validation
2022-03-10,2022-03-11,0.7249480262949388,1.791638498782005,Calibrated-LSTM-scale_qlike,validation
2022-03-11,2022-03-14,1.940974298078772,1.8794062709081107,Calibrated-LSTM-scale_qlike,validation
2022-03-14,2022-03-15,0.2004736979473137,1.9029463523908097,Calibrated-LSTM-scale_qlike,validation
2022-03-15,2022-03-16,0.2048465635146144,1.8100351646179453,Calibrated-LSTM-scale_qlike,validation
2022-03-16,2022-03-17,0.0189446795575115,1.764359830657018,Calibrated-LSTM-scale_qlike,validation
2022-03-17,2022-03-18,0.2804915592052127,1.8057618253945018,Calibrated-LSTM-scale_qlike,validation
2022-03-18,2022-03-21,3.042510301896478,1.8173626660320088,Calibrated-LSTM-scale_qlike,validation
2022-03-21,2022-03-22,0.3468240297098041,1.8048905451759811,Calibrated-LSTM-scale_qlike,validation
2022-03-22,2022-03-23,0.0091785148718354,1.849657415022049,Calibrated-LSTM-scale_qlike,validation
2022-03-23,2022-03-24,0.0739545064300968,1.8263568887851855,Calibrated-LSTM-scale_qlike,validation
2022-03-24,2022-03-25,0.0002565538581837,1.8170737551827603,Calibrated-LSTM-scale_qlike,validation
2022-03-25,2022-03-28,1.0559980128443454,1.8058784597743833,Calibrated-LSTM-scale_qlike,validation
2022-03-28,2022-03-29,0.9569197018395468,1.8975457258352058,Calibrated-LSTM-scale_qlike,validation
2022-03-29,2022-03-30,0.2354496444813368,1.7683064063597609,Calibrated-LSTM-scale_qlike,validation
2022-03-30,2022-03-31,0.0120931732563713,1.8507009717099363,Calibrated-LSTM-scale_qlike,validation
2022-03-31,2022-04-01,2.607401303697469,1.7608288318101155,Calibrated-LSTM-scale_qlike,validation
2022-04-01,2022-04-04,0.2950865363946971,1.8378534005049083,Calibrated-LSTM-scale_qlike,validation
2022-04-04,2022-04-05,0.09410156815978,1.7885345797229038,Calibrated-LSTM-scale_qlike,validation
2022-04-05,2022-04-06,0.0355827999144168,1.7658348810484585,Calibrated-LSTM-scale_qlike,validation
2022-04-06,2022-04-07,1.845756746133211,1.846953022216052,Calibrated-LSTM-scale_qlike,validation
2022-04-07,2022-04-08,1.8599564295348143,1.8647425740035017,Calibrated-LSTM-scale_qlike,validation
2022-04-08,2022-04-12,3.317796568560508,1.8765796260112741,Calibrated-LSTM-scale_qlike,validation
2022-04-12,2022-04-13,2.2412176347286983,1.9155088916422502,Calibrated-LSTM-scale_qlike,validation
2022-04-13,2022-04-14,0.1186709675031117,1.88923030982274,Calibrated-LSTM-scale_qlike,validation
2022-04-14,2022-04-15,0.8563450026802516,1.8645986535989687,Calibrated-LSTM-scale_qlike,validation
2022-04-15,2022-04-18,3.225139156963737,1.9336891418512994,Calibrated-LSTM-scale_qlike,validation
2022-04-18,2022-04-19,3.3937657292333743,2.039759817542362,Calibrated-LSTM-scale_qlike,validation
2022-04-19,2022-04-20,2.4245124341762705,2.0473579053675497,Calibrated-LSTM-scale_qlike,validation
2022-04-20,2022-04-21,1.109638997468357,2.0178482034622554,Calibrated-LSTM-scale_qlike,validation
2022-04-21,2022-04-22,0.4305144066915168,1.9919864022937905,Calibrated-LSTM-scale_qlike,validation
2022-04-22,2022-04-25,25.802530842890924,1.996211723464049,Calibrated-LSTM-scale_qlike,validation
2022-04-25,2022-04-26,5.262405488369011,2.481563893273346,Calibrated-LSTM-scale_qlike,validation
2022-04-26,2022-04-27,0.8508547277394044,2.4568424874292765,Calibrated-LSTM-scale_qlike,validation
2022-04-27,2022-04-28,0.0422563925888465,2.34533199496093,Calibrated-LSTM-scale_qlike,validation
2022-04-28,2022-04-29,1.3536355027087716,2.328967335431371,Calibrated-LSTM-scale_qlike,validation
2022-04-29,2022-05-04,1.7811317821270536,2.361135150904774,Calibrated-LSTM-scale_qlike,validation
2022-05-04,2022-05-05,0.7846838850035229,2.341015452865122,Calibrated-LSTM-scale_qlike,validation
2022-05-05,2022-05-06,5.457913784856381,2.27720547915792,Calibrated-LSTM-scale_qlike,validation
2022-05-06,2022-05-09,21.07246376843707,2.4676153844756503,Calibrated-LSTM-scale_qlike,validation
2022-05-09,2022-05-10,3.4895974437640893,2.991002266323436,Calibrated-LSTM-scale_qlike,validation
2022-05-10,2022-05-11,0.3772893243323654,2.847932543735427,Calibrated-LSTM-scale_qlike,validation
2022-05-11,2022-05-12,24.369069377939013,2.7418278942685745,Calibrated-LSTM-scale_qlike,validation
2022-05-12,2022-05-13,21.45200829300172,3.547572164267679,Calibrated-LSTM-scale_qlike,validation
2022-05-13,2022-05-16,0.8445825050431754,3.6279581304404633,Calibrated-LSTM-scale_qlike,validation
2022-05-16,2022-05-17,22.10791922900586,3.327201133842703,Calibrated-LSTM-scale_qlike,validation
2022-05-17,2022-05-18,1.0072145297005026,3.7576828468936516,Calibrated-LSTM-scale_qlike,validation
2022-05-18,2022-05-19,0.0050266870380628,3.369758504467135,Calibrated-LSTM-scale_qlike,validation
2022-05-19,2022-05-20,0.0056143553761866,3.1896742193995355,Calibrated-LSTM-scale_qlike,validation
2022-05-20,2022-05-23,3.1715419491716648,3.026654935160876,Calibrated-LSTM-scale_qlike,validation
2022-05-23,2022-05-24,1.4121508187671683,3.144038878190425,Calibrated-LSTM-scale_qlike,validation
2022-05-24,2022-05-25,7.852071042943518,2.899359209921741,Calibrated-LSTM-scale_qlike,validation
2022-05-25,2022-05-26,0.0001218078083452,3.0301997107751264,Calibrated-LSTM-scale_qlike,validation
2022-05-26,2022-05-27,1.747305868676365,2.73135781859382,Calibrated-LSTM-scale_qlike,validation
2022-05-27,2022-05-30,0.4313230278725308,2.5616601460667465,Calibrated-LSTM-scale_qlike,validation
2022-05-30,2022-05-31,0.0091927379819102,2.3673001874156805,Calibrated-LSTM-scale_qlike,validation
2022-05-31,2022-06-01,0.2785076944454149,2.1989615996752807,Calibrated-LSTM-scale_qlike,validation
2022-06-01,2022-06-02,0.7094839787224755,2.127682210474824,Calibrated-LSTM-scale_qlike,validation
2022-06-02,2022-06-03,0.0024678908753368,2.1094341464692152,Calibrated-LSTM-scale_qlike,validation
2022-06-03,2022-06-06,0.0248021762794326,2.0761956220382967,Calibrated-LSTM-scale_qlike,validation
2022-06-06,2022-06-07,0.0107788521263349,2.024941098566327,Calibrated-LSTM-scale_qlike,validation
2022-06-07,2022-06-08,1.62365203625605,1.9854499280845674,Calibrated-LSTM-scale_qlike,validation
2022-06-08,2022-06-09,7.074018263381634e-05,1.970334005447871,Calibrated-LSTM-scale_qlike,validation
2022-06-09,2022-06-10,3.350301019629325,1.8700289737696345,Calibrated-LSTM-scale_qlike,validation
2022-06-10,2022-06-13,20.64588542406384,1.983190270729381,Calibrated-LSTM-scale_qlike,validation
2022-06-13,2022-06-14,0.0708307718816595,2.468765677671732,Calibrated-LSTM-scale_qlike,validation
2022-06-14,2022-06-15,1.796441565238617,2.369953887068036,Calibrated-LSTM-scale_qlike,validation
2022-06-15,2022-06-16,3.432463040017097,2.3106511901191564,Calibrated-LSTM-scale_qlike,validation
2022-06-16,2022-06-17,2.4820888579092317,2.345127617286091,Calibrated-LSTM-scale_qlike,validation
2022-06-17,2022-06-20,9.47527051181594,2.327166190294343,Calibrated-LSTM-scale_qlike,validation
2022-06-20,2022-06-21,0.4543743324349223,2.542447039571634,Calibrated-LSTM-scale_qlike,validation
2022-06-21,2022-06-22,0.0746935567234301,2.422961002603757,Calibrated-LSTM-scale_qlike,validation
2022-06-22,2022-06-23,2.766255864563167,2.317323158166476,Calibrated-LSTM-scale_qlike,validation
2022-06-23,2022-06-24,0.0820210424345146,2.3795291416402575,Calibrated-LSTM-scale_qlike,validation
2022-06-24,2022-06-27,2.1086071885158946,2.329037958083409,Calibrated-LSTM-scale_qlike,validation
2022-06-27,2022-06-28,1.593519408496492,2.270056273189249,Calibrated-LSTM-scale_qlike,validation
2022-06-28,2022-06-29,6.739655204912147e-07,2.183037529190825,Calibrated-LSTM-scale_qlike,validation
2022-06-29,2022-06-30,2.8779439800812714,2.0791247232825985,Calibrated-LSTM-scale_qlike,validation
2022-06-30,2022-07-01,0.0117704187689308,2.1700299869785282,Calibrated-LSTM-scale_qlike,validation
2022-07-01,2022-07-04,0.0792348201052211,2.126773880114988,Calibrated-LSTM-scale_qlike,validation
2022-07-04,2022-07-05,1.4358126528100246,2.04222398632741,Calibrated-LSTM-scale_qlike,validation
2022-07-05,2022-07-06,7.389865614079536,2.034289905884947,Calibrated-LSTM-scale_qlike,validation
2022-07-06,2022-07-07,2.1222407761584665,2.2823598627165493,Calibrated-LSTM-scale_qlike,validation
2022-07-07,2022-07-08,0.1707436242121409,2.331151554953698,Calibrated-LSTM-scale_qlike,validation
2022-07-08,2022-07-11,1.896510687995091,2.226417760715523,Calibrated-LSTM-scale_qlike,validation
2022-07-11,2022-07-12,2.8101659729648394,2.227348428164167,Calibrated-LSTM-scale_qlike,validation
2022-07-12,2022-07-13,0.0058732050643028,2.266023024231732,Calibrated-LSTM-scale_qlike,validation
2022-07-13,2022-07-14,0.4904420356514064,2.124351576652076,Calibrated-LSTM-scale_qlike,validation
2022-07-14,2022-07-15,0.0611617161101388,2.0508140014016845,Calibrated-LSTM-scale_qlike,validation
2022-07-15,2022-07-18,0.0549065100896944,2.026853126617256,Calibrated-LSTM-scale_qlike,validation
2022-07-18,2022-07-19,0.0244219525267298,1.972724475215356,Calibrated-LSTM-scale_qlike,validation
2022-07-19,2022-07-20,1.7763769532234184,1.9082046636021541,Calibrated-LSTM-scale_qlike,validation
2022-07-20,2022-07-21,0.1310065184317032,1.8586227466903016,Calibrated-LSTM-scale_qlike,validation
2022-07-21,2022-07-22,0.0961257253308801,1.790695659626287,Calibrated-LSTM-scale_qlike,validation
2022-07-22,2022-07-25,0.2759737706228845,1.769243494049499,Calibrated-LSTM-scale_qlike,validation
2022-07-25,2022-07-26,0.0835304358694094,1.746585125677099,Calibrated-LSTM-scale_qlike,validation
2022-07-26,2022-07-27,0.2525093111697122,1.720358039541367,Calibrated-LSTM-scale_qlike,validation
2022-07-27,2022-07-28,2.02736513860254,1.6675154426836907,Calibrated-LSTM-scale_qlike,validation
2022-07-28,2022-07-29,0.0219851675662213,1.698243251581627,Calibrated-LSTM-scale_qlike,validation
2022-07-29,2022-08-01,4.214166749504341,1.6907925617915645,Calibrated-LSTM-scale_qlike,validation
2022-08-01,2022-08-02,0.6898714562213188,1.7325839174004194,Calibrated-LSTM-scale_qlike,validation
2022-08-02,2022-08-03,0.4270040010021521,1.7142554666261076,Calibrated-LSTM-scale_qlike,validation
2022-08-03,2022-08-04,0.1229567831793093,1.6744272334868913,Calibrated-LSTM-scale_qlike,validation
2022-08-04,2022-08-05,0.0126539977340546,1.667502468446479,Calibrated-LSTM-scale_qlike,validation
2022-08-05,2022-08-08,0.1021359274837244,1.6622013556278388,Calibrated-LSTM-scale_qlike,validation
2022-08-08,2022-08-09,0.0278750471367201,1.6283982512456803,Calibrated-LSTM-scale_qlike,validation
2022-08-09,2022-08-10,0.0349139608846283,1.6142396133071648,Calibrated-LSTM-scale_qlike,validation
2022-08-10,2022-08-11,0.1247429178058028,1.5874462084048966,Calibrated-LSTM-scale_qlike,validation
2022-08-11,2022-08-12,0.6660254086755314,1.6380046707382137,Calibrated-LSTM-scale_qlike,validation
2022-08-12,2022-08-15,0.8759670360790162,1.5451364183276681,Calibrated-LSTM-scale_qlike,validation
2022-08-15,2022-08-16,0.0014782571055336,1.553036658749362,Calibrated-LSTM-scale_qlike,validation
2022-08-16,2022-08-17,0.0021413807191485,1.5671027382120999,Calibrated-LSTM-scale_qlike,validation
2022-08-17,2022-08-18,0.0161573789935176,1.5867974965443157,Calibrated-LSTM-scale_qlike,validation
2022-08-18,2022-08-19,0.124159183844011,1.5602217110641434,Calibrated-LSTM-scale_qlike,validation
2022-08-19,2022-08-22,0.4785997007311449,1.5645642016343748,Calibrated-LSTM-scale_qlike,validation
2022-08-22,2022-08-23,0.6726558406784502,1.5673402871325932,Calibrated-LSTM-scale_qlike,validation
2022-08-23,2022-08-24,0.2484394846076955,1.5465820426140928,Calibrated-LSTM-scale_qlike,validation
2022-08-24,2022-08-25,0.8344386477124279,1.554151373109379,Calibrated-LSTM-scale_qlike,validation
2022-08-25,2022-08-26,0.2408597797174897,1.5563916359862595,Calibrated-LSTM-scale_qlike,validation
2022-08-26,2022-08-29,0.8499464536320859,1.6026085440345048,Calibrated-LSTM-scale_qlike,validation
2022-08-29,2022-08-30,0.4538418356510164,1.659797109093005,Calibrated-LSTM-scale_qlike,validation
2022-08-30,2022-08-31,0.0076568491567018,1.5662735908257615,Calibrated-LSTM-scale_qlike,validation
2022-08-31,2022-09-05,0.061049351862573,1.5821108543004196,Calibrated-LSTM-scale_qlike,validation
2022-09-05,2022-09-06,1.532156699315195e-05,1.5741167178527198,Calibrated-LSTM-scale_qlike,validation
2022-09-06,2022-09-07,7.377847328826583,1.5959149076734918,Calibrated-LSTM-scale_qlike,validation
2022-09-07,2022-09-08,0.478523332029774,1.839621106886236,Calibrated-LSTM-scale_qlike,validation
2022-09-08,2022-09-09,1.3041739898741895,1.786955869188793,Calibrated-LSTM-scale_qlike,validation
2022-09-09,2022-09-12,0.004521626169754,1.7778578525379232,Calibrated-LSTM-scale_qlike,validation
2022-09-12,2022-09-13,0.0095408682654198,1.7676345548802355,Calibrated-LSTM-scale_qlike,validation
2022-09-13,2022-09-14,0.3758397161006742,1.7840702383269018,Calibrated-LSTM-scale_qlike,validation
2022-09-14,2022-09-15,0.1547128388602677,1.787267250881872,Calibrated-LSTM-scale_qlike,validation
2022-09-15,2022-09-16,0.6392848421140832,1.7085046694208132,Calibrated-LSTM-scale_qlike,validation
2022-09-16,2022-09-19,6.167092365627429,1.7675342386131352,Calibrated-LSTM-scale_qlike,validation
2022-09-19,2022-09-20,1.2403443891166936,1.9493271103419851,Calibrated-LSTM-scale_qlike,validation
2022-09-20,2022-09-21,0.4759099851621189,1.9238114671725273,Calibrated-LSTM-scale_qlike,validation
2022-09-21,2022-09-22,0.1171234903128616,1.9465962340414733,Calibrated-LSTM-scale_qlike,validation
2022-09-22,2022-09-23,0.8922637492009945,1.933870914927285,Calibrated-LSTM-scale_qlike,validation
2022-09-23,2022-09-26,5.922583365191483,1.9373866657015884,Calibrated-LSTM-scale_qlike,validation
2022-09-26,2022-09-27,0.4452493243663706,2.106333303775638,Calibrated-LSTM-scale_qlike,validation
2022-09-27,2022-09-28,3.9376181571955216,2.026148103892077,Calibrated-LSTM-scale_qlike,validation
2022-09-28,2022-09-29,2.391654578614972,2.1569361727765246,Calibrated-LSTM-scale_qlike,validation
2022-09-29,2022-09-30,0.2861665228807753,2.1694531015651903,Calibrated-LSTM-scale_qlike,validation
2022-09-30,2022-10-03,16.955331578512116,2.1130181123051472,Calibrated-LSTM-scale_qlike,validation
2022-10-03,2022-10-04,0.5881297526576773,2.47873818466167,Calibrated-LSTM-scale_qlike,validation
2022-10-04,2022-10-05,5.7303230555022,2.4255280290013386,Calibrated-LSTM-scale_qlike,validation
2022-10-05,2022-10-06,7.453651936358921,2.509944301521139,Calibrated-LSTM-scale_qlike,validation
2022-10-06,2022-10-07,13.391049366085785,2.6066970673038483,Calibrated-LSTM-scale_qlike,validation
2022-10-07,2022-10-10,0.3997049579355222,2.584844171678751,Calibrated-LSTM-scale_qlike,validation
2022-10-10,2022-10-11,12.54691927074426,2.5869714115613656,Calibrated-LSTM-scale_qlike,validation
2022-10-11,2022-10-12,7.860720182392412,2.749933716160312,Calibrated-LSTM-scale_qlike,validation
2022-10-12,2022-10-13,2.4070722291092697,2.996198381449179,Calibrated-LSTM-scale_qlike,validation
2022-10-13,2022-10-14,1.0568030806874944,3.025848124863345,Calibrated-LSTM-scale_qlike,validation
2022-10-14,2022-10-17,0.9445652838308308,2.835598993083021,Calibrated-LSTM-scale_qlike,validation
2022-10-17,2022-10-18,1.304619909377935,2.8187916044279935,Calibrated-LSTM-scale_qlike,validation
2022-10-18,2022-10-19,0.1143012847418557,2.663174323151097,Calibrated-LSTM-scale_qlike,validation
2022-10-19,2022-10-20,0.0233897216248987,2.5974925816548295,Calibrated-LSTM-scale_qlike,validation
2022-10-20,2022-10-21,13.823102148731785,2.48170353351715,Calibrated-LSTM-scale_qlike,validation
2022-10-21,2022-10-24,11.27142788246664,2.748699157299866,Calibrated-LSTM-scale_qlike,validation
2022-10-24,2022-10-25,0.2552819963060921,2.9869401262809943,Calibrated-LSTM-scale_qlike,validation
2022-10-25,2022-10-26,0.2322552175172126,2.6076638486086483,Calibrated-LSTM-scale_qlike,validation
2022-10-26,2022-10-27,17.476545289293156,2.613451160935168,Calibrated-LSTM-scale_qlike,validation
2022-10-27,2022-10-28,0.0040004302898497,3.108900631170675,Calibrated-LSTM-scale_qlike,validation
2022-10-28,2022-10-31,0.003185411598369,2.753421779644895,Calibrated-LSTM-scale_qlike,validation
2022-10-31,2022-11-01,0.3176638729946111,2.444732842685037,Calibrated-LSTM-scale_qlike,validation
2022-11-01,2022-11-02,1.0542708806933592,2.318441617667131,Calibrated-LSTM-scale_qlike,validation
2022-11-02,2022-11-03,0.1094857130367321,2.374089324862973,Calibrated-LSTM-scale_qlike,validation
2022-11-03,2022-11-04,5.049190747098641,2.3320894451735725,Calibrated-LSTM-scale_qlike,validation
2022-11-04,2022-11-07,4.95903292212355,2.3086467373474724,Calibrated-LSTM-scale_qlike,validation
2022-11-07,2022-11-08,0.4359307936718208,2.4812289706962547,Calibrated-LSTM-scale_qlike,validation
2022-11-08,2022-11-09,0.1604496978685764,2.316003263601484,Calibrated-LSTM-scale_qlike,validation
2022-11-09,2022-11-10,15.751336654060546,2.2254939147730424,Calibrated-LSTM-scale_qlike,validation
2022-11-10,2022-11-11,0.5877644540297541,2.5020530226859727,Calibrated-LSTM-scale_qlike,validation
2022-11-11,2022-11-14,2.025904181968848,2.3960085629793793,Calibrated-LSTM-scale_qlike,validation
2022-11-14,2022-11-15,9.894366349346946,2.3061562188229328,Calibrated-LSTM-scale_qlike,validation
2022-11-15,2022-11-16,11.17558049000805,2.507521730548182,Calibrated-LSTM-scale_qlike,validation
2022-11-16,2022-11-17,7.602516501605635,2.4750117697264558,Calibrated-LSTM-scale_qlike,validation
2022-11-17,2022-11-18,5.215358122437767e-05,2.636717579641217,Calibrated-LSTM-scale_qlike,validation
2022-11-18,2022-11-21,0.8090953049399706,2.2497562733788623,Calibrated-LSTM-scale_qlike,validation
2022-11-21,2022-11-22,0.7954965643291928,2.345629733641683,Calibrated-LSTM-scale_qlike,validation
2022-11-22,2022-11-23,0.4158325821141256,2.1278219844736506,Calibrated-LSTM-scale_qlike,validation
2022-11-23,2022-11-24,0.0326156098281846,2.219455009248636,Calibrated-LSTM-scale_qlike,validation
2022-11-24,2022-11-25,6.126390414606435,2.123033688412426,Calibrated-LSTM-scale_qlike,validation
2022-11-25,2022-11-28,11.99171626886051,2.251503381486679,Calibrated-LSTM-scale_qlike,validation
2022-11-28,2022-11-29,6.749510839154126,2.2830818723296242,Calibrated-LSTM-scale_qlike,validation
2022-11-29,2022-11-30,2.4431488019656613,2.1432222702888204,Calibrated-LSTM-scale_qlike,validation
2022-11-30,2022-12-01,1.3565007887137526,2.010001063784613,Calibrated-LSTM-scale_qlike,validation
2022-12-01,2022-12-02,17.084105039989844,1.9055216715998047,Calibrated-LSTM-scale_qlike,validation
2022-12-02,2022-12-05,1.5797254157342264,2.1130591750971464,Calibrated-LSTM-scale_qlike,validation
2022-12-05,2022-12-06,17.637687522394646,2.023208436000974,Calibrated-LSTM-scale_qlike,validation
2022-12-06,2022-12-07,0.5388682275570345,2.0485128799894294,Calibrated-LSTM-scale_qlike,validation
2022-12-07,2022-12-08,0.8269714352452323,2.181746124445689,Calibrated-LSTM-scale_qlike,validation
2022-12-08,2022-12-09,0.0148277116225318,2.1458609893786225,Calibrated-LSTM-scale_qlike,validation
2022-12-09,2022-12-12,3.589507425464579,2.0842787055761582,Calibrated-LSTM-scale_qlike,validation
2022-12-12,2022-12-13,2.1880754664799307,2.1411406408689806,Calibrated-LSTM-scale_qlike,validation
2022-12-13,2022-12-14,0.0807108309118899,2.186490548859435,Calibrated-LSTM-scale_qlike,validation
2022-12-14,2022-12-15,0.2157077020057238,2.106126652265412,Calibrated-LSTM-scale_qlike,validation
2022-12-15,2022-12-16,0.072617015649584,2.0921315967197813,Calibrated-LSTM-scale_qlike,validation
2022-12-16,2022-12-19,1.813928705292506,2.044657926477305,Calibrated-LSTM-scale_qlike,validation
2022-12-19,2022-12-20,2.1946973166474533,2.0191457609384402,Calibrated-LSTM-scale_qlike,validation
2022-12-20,2022-12-21,0.1732700004356016,1.9620885433123296,Calibrated-LSTM-scale_qlike,validation
2022-12-21,2022-12-22,0.1335316168500294,1.9016842399956673,Calibrated-LSTM-scale_qlike,validation
2022-12-22,2022-12-23,0.0493851739530653,1.854386725118219,Calibrated-LSTM-scale_qlike,validation
2022-12-23,2022-12-26,12.275470581243656,1.8437812893603909,Calibrated-LSTM-scale_qlike,validation
2022-12-26,2022-12-27,3.78693616836278,2.179174550377332,Calibrated-LSTM-scale_qlike,validation
2022-12-27,2022-12-28,1.2053971949970186,2.2899924593376193,Calibrated-LSTM-scale_qlike,validation
2022-12-28,2022-12-29,0.3958340163318585,2.259248599836947,Calibrated-LSTM-scale_qlike,validation
2022-12-29,2022-12-30,0.047616879962563,2.271834947482447,Calibrated-LSTM-scale_qlike,validation
