date,target_date,actual_var,pred_var,model,split
2023-01-03,2023-01-04,0.0549535930877402,2.5083514982802315,ComboStack-PoolB_GARCH_Neural,test
2023-01-04,2023-01-05,0.8117646910153878,2.1779016263107174,ComboStack-PoolB_GARCH_Neural,test
2023-01-05,2023-01-06,0.172811729353928,2.0096992033912375,ComboStack-PoolB_GARCH_Neural,test
2023-01-06,2023-01-09,0.0692225607636781,1.879584319191188,ComboStack-PoolB_GARCH_Neural,test
2023-01-09,2023-01-10,0.0066603499297191,1.7103538746996025,ComboStack-PoolB_GARCH_Neural,test
2023-01-10,2023-01-11,0.0522271097766636,1.54386051367291,ComboStack-PoolB_GARCH_Neural,test
2023-01-11,2023-01-12,0.0035587018238326,1.4035798621537636,ComboStack-PoolB_GARCH_Neural,test
2023-01-12,2023-01-13,0.1275802197397324,1.2708516770755292,ComboStack-PoolB_GARCH_Neural,test
2023-01-13,2023-01-16,0.374758039143315,1.1834503751942556,ComboStack-PoolB_GARCH_Neural,test
2023-01-16,2023-01-17,4.022686466488597,1.1305811556586451,ComboStack-PoolB_GARCH_Neural,test
2023-01-17,2023-01-18,0.8349687871773404,1.2210007246184886,ComboStack-PoolB_GARCH_Neural,test
2023-01-18,2023-01-19,0.7891600724610666,1.1929068437843793,ComboStack-PoolB_GARCH_Neural,test
2023-01-19,2023-01-27,0.6572756271765033,1.167231917449254,ComboStack-PoolB_GARCH_Neural,test
2023-01-27,2023-01-30,1.7140630852404162,1.1391058719390124,ComboStack-PoolB_GARCH_Neural,test
2023-01-30,2023-01-31,0.6050810133388357,1.3707151362067478,ComboStack-PoolB_GARCH_Neural,test
2023-01-31,2023-02-01,10.368357126316685,1.3157536633833935,ComboStack-PoolB_GARCH_Neural,test
2023-02-01,2023-02-02,0.0226347776228954,2.3130027034373386,ComboStack-PoolB_GARCH_Neural,test
2023-02-02,2023-02-03,0.0016679215067438,2.0362018210729897,ComboStack-PoolB_GARCH_Neural,test
2023-02-03,2023-02-06,1.256067923688864,1.8119599728734364,ComboStack-PoolB_GARCH_Neural,test
2023-02-06,2023-02-07,4.736232587067869,1.738773892068709,ComboStack-PoolB_GARCH_Neural,test
2023-02-07,2023-02-08,0.3561755878073738,2.271898599191249,ComboStack-PoolB_GARCH_Neural,test
2023-02-08,2023-02-09,0.5879330834697908,2.057341084522989,ComboStack-PoolB_GARCH_Neural,test
2023-02-09,2023-02-10,0.6787287097613596,2.0529540942923896,ComboStack-PoolB_GARCH_Neural,test
2023-02-10,2023-02-13,1.2216869517708149,2.061256409787952,ComboStack-PoolB_GARCH_Neural,test
2023-02-13,2023-02-14,0.2361888824871934,2.1403662998275794,ComboStack-PoolB_GARCH_Neural,test
2023-02-14,2023-02-15,0.8394668425834446,2.032564420539895,ComboStack-PoolB_GARCH_Neural,test
2023-02-15,2023-02-16,0.9177621933014196,1.8798437485876884,ComboStack-PoolB_GARCH_Neural,test
2023-02-16,2023-02-17,0.0092805250097098,1.7584150912111607,ComboStack-PoolB_GARCH_Neural,test
2023-02-17,2023-02-20,6.512002780573765,1.567439945658847,ComboStack-PoolB_GARCH_Neural,test
2023-02-20,2023-02-21,0.1691390418565458,1.6833267133226921,ComboStack-PoolB_GARCH_Neural,test
2023-02-21,2023-02-22,6.846416409130559,1.6068303103333867,ComboStack-PoolB_GARCH_Neural,test
2023-02-22,2023-02-23,0.0034604047962046,2.3313634516768382,ComboStack-PoolB_GARCH_Neural,test
2023-02-23,2023-02-24,1.8150207850841689,2.051058266961788,ComboStack-PoolB_GARCH_Neural,test
2023-02-24,2023-02-27,3.1577928002505518,2.268720972783888,ComboStack-PoolB_GARCH_Neural,test
2023-02-27,2023-02-28,0.1124261928232939,2.614101543515757,ComboStack-PoolB_GARCH_Neural,test
2023-02-28,2023-03-01,2.362077222441523,2.3171568782623986,ComboStack-PoolB_GARCH_Neural,test
2023-03-01,2023-03-02,0.0800566234507277,2.2172282470245523,ComboStack-PoolB_GARCH_Neural,test
2023-03-02,2023-03-03,1.5504718457013609,2.0334721984753217,ComboStack-PoolB_GARCH_Neural,test
2023-03-03,2023-03-06,0.0551773612932756,2.1780584642196112,ComboStack-PoolB_GARCH_Neural,test
2023-03-06,2023-03-07,1.0659420423683896,1.9374014993614386,ComboStack-PoolB_GARCH_Neural,test
2023-03-07,2023-03-08,1.180976964777076,1.8268665054610518,ComboStack-PoolB_GARCH_Neural,test
2023-03-08,2023-03-09,0.4136971055728827,1.7322826321081348,ComboStack-PoolB_GARCH_Neural,test
2023-03-09,2023-03-10,0.078265798957639,1.60209605924874,ComboStack-PoolB_GARCH_Neural,test
2023-03-10,2023-03-13,0.0003608159625681,1.505335014890808,ComboStack-PoolB_GARCH_Neural,test
2023-03-13,2023-03-14,1.4659340258862177,1.3606948403942334,ComboStack-PoolB_GARCH_Neural,test
2023-03-14,2023-03-15,4.404587524685249,1.5378793232696277,ComboStack-PoolB_GARCH_Neural,test
2023-03-15,2023-03-16,1.966140070411206,1.6113024366891262,ComboStack-PoolB_GARCH_Neural,test
2023-03-16,2023-03-17,0.0466583815583474,1.8486934277228755,ComboStack-PoolB_GARCH_Neural,test
2023-03-17,2023-03-20,4.542701346022625,1.706516663855979,ComboStack-PoolB_GARCH_Neural,test
2023-03-20,2023-03-21,0.8241032078763476,2.207098563536533,ComboStack-PoolB_GARCH_Neural,test
2023-03-21,2023-03-22,0.6122377400151076,2.0637087018313593,ComboStack-PoolB_GARCH_Neural,test
2023-03-22,2023-03-23,0.1912107767600162,1.9082892581825224,ComboStack-PoolB_GARCH_Neural,test
2023-03-23,2023-03-24,0.0261069358389794,1.7362422578777879,ComboStack-PoolB_GARCH_Neural,test
2023-03-24,2023-03-27,0.2706486133246383,1.5560785295163935,ComboStack-PoolB_GARCH_Neural,test
2023-03-27,2023-03-28,0.0375129464792075,1.443122103379126,ComboStack-PoolB_GARCH_Neural,test
2023-03-28,2023-03-29,0.0373680554186715,1.322678223045561,ComboStack-PoolB_GARCH_Neural,test
2023-03-29,2023-03-30,0.0864260143113033,1.217278009114171,ComboStack-PoolB_GARCH_Neural,test
2023-03-30,2023-03-31,0.2397323675517269,1.137683887095002,ComboStack-PoolB_GARCH_Neural,test
2023-03-31,2023-04-03,1.8652562093058924,1.0848152282839225,ComboStack-PoolB_GARCH_Neural,test
2023-04-03,2023-04-04,0.0059186412860023,1.121056512652204,ComboStack-PoolB_GARCH_Neural,test
2023-04-04,2023-04-05,0.0498269661847383,1.054121807305115,ComboStack-PoolB_GARCH_Neural,test
2023-04-05,2023-04-06,0.8553042836437406,0.9946179128100665,ComboStack-PoolB_GARCH_Neural,test
2023-04-06,2023-04-07,0.0125702355791553,1.1183204387197812,ComboStack-PoolB_GARCH_Neural,test
2023-04-07,2023-04-10,0.1668068990512428,1.0552139714275148,ComboStack-PoolB_GARCH_Neural,test
2023-04-10,2023-04-11,0.1482607699784405,1.0570942553059608,ComboStack-PoolB_GARCH_Neural,test
2023-04-11,2023-04-12,8.743291732272662e-07,1.007209944144483,ComboStack-PoolB_GARCH_Neural,test
2023-04-12,2023-04-13,0.2330177840007939,0.9412728795762482,ComboStack-PoolB_GARCH_Neural,test
2023-04-13,2023-04-14,1.1617696349612645,0.9640152844464277,ComboStack-PoolB_GARCH_Neural,test
2023-04-14,2023-04-17,0.0076283447272982,1.1173852812179832,ComboStack-PoolB_GARCH_Neural,test
2023-04-17,2023-04-18,0.0131688449679895,1.0411462313629263,ComboStack-PoolB_GARCH_Neural,test
2023-04-18,2023-04-19,0.3296437026732272,0.9733290636064986,ComboStack-PoolB_GARCH_Neural,test
2023-04-19,2023-04-20,0.0006623405434785,1.0075878399004745,ComboStack-PoolB_GARCH_Neural,test
2023-04-20,2023-04-21,0.3673257523211698,0.9378999490680617,ComboStack-PoolB_GARCH_Neural,test
2023-04-21,2023-04-24,0.0221215519921837,0.9785977243520446,ComboStack-PoolB_GARCH_Neural,test
2023-04-24,2023-04-25,0.3932622485353985,0.9362216949076791,ComboStack-PoolB_GARCH_Neural,test
2023-04-25,2023-04-26,0.328691182889417,0.9841654202113199,ComboStack-PoolB_GARCH_Neural,test
2023-04-26,2023-04-27,0.0126510214171176,0.9536130371330727,ComboStack-PoolB_GARCH_Neural,test
2023-04-27,2023-04-28,0.8257060505705139,0.9084726582844305,ComboStack-PoolB_GARCH_Neural,test
2023-04-28,2023-05-04,0.663351259487948,0.9098494077614598,ComboStack-PoolB_GARCH_Neural,test
2023-05-04,2023-05-05,0.0008313650023289,1.0118451909039303,ComboStack-PoolB_GARCH_Neural,test
2023-05-05,2023-05-08,1.5730813455266768,0.9447967604732279,ComboStack-PoolB_GARCH_Neural,test
2023-05-08,2023-05-09,0.0009810073041391,0.972881193327941,ComboStack-PoolB_GARCH_Neural,test
2023-05-09,2023-05-10,0.1807814295588449,0.9124722932210003,ComboStack-PoolB_GARCH_Neural,test
2023-05-10,2023-05-11,0.0116169732719969,0.8835753539293254,ComboStack-PoolB_GARCH_Neural,test
2023-05-11,2023-05-12,0.8480601097426534,0.8517303245101429,ComboStack-PoolB_GARCH_Neural,test
2023-05-12,2023-05-15,0.0124546383596074,0.864450949833243,ComboStack-PoolB_GARCH_Neural,test
2023-05-15,2023-05-16,0.0003521278803455,0.8425259473262515,ComboStack-PoolB_GARCH_Neural,test
2023-05-16,2023-05-17,0.2647079940558091,0.7955474073608138,ComboStack-PoolB_GARCH_Neural,test
2023-05-17,2023-05-18,0.5467189046851431,0.8434908070232656,ComboStack-PoolB_GARCH_Neural,test
2023-05-18,2023-05-19,0.0134881726921275,0.8405020574064446,ComboStack-PoolB_GARCH_Neural,test
2023-05-19,2023-05-22,0.1115577260954784,0.8191401158900338,ComboStack-PoolB_GARCH_Neural,test
2023-05-22,2023-05-23,0.2010623455676166,0.7927644430111774,ComboStack-PoolB_GARCH_Neural,test
2023-05-23,2023-05-24,0.1456521231551851,0.8283574247717671,ComboStack-PoolB_GARCH_Neural,test
2023-05-24,2023-05-25,0.0713508401309495,0.8497697801423586,ComboStack-PoolB_GARCH_Neural,test
2023-05-25,2023-05-26,0.006683379548905,0.8169496855543079,ComboStack-PoolB_GARCH_Neural,test
2023-05-26,2023-05-29,1.1008741895280585,0.7871329472700319,ComboStack-PoolB_GARCH_Neural,test
2023-05-29,2023-05-30,0.0813274524532,0.811575454417373,ComboStack-PoolB_GARCH_Neural,test
2023-05-30,2023-05-31,0.0715597269351419,0.792178991791225,ComboStack-PoolB_GARCH_Neural,test
2023-05-31,2023-06-01,0.0894248931377806,0.7982593657345358,ComboStack-PoolB_GARCH_Neural,test
2023-06-01,2023-06-02,1.3176407801372392,0.7696245581236028,ComboStack-PoolB_GARCH_Neural,test
2023-06-02,2023-06-05,0.4068339428608296,0.8153895899156371,ComboStack-PoolB_GARCH_Neural,test
2023-06-05,2023-06-06,0.9043890866960916,0.8107914796628752,ComboStack-PoolB_GARCH_Neural,test
2023-06-06,2023-06-07,0.0123028566285396,0.8249559068952599,ComboStack-PoolB_GARCH_Neural,test
2023-06-07,2023-06-08,0.5529490855904797,0.8019085324385977,ComboStack-PoolB_GARCH_Neural,test
2023-06-08,2023-06-09,0.3161644467066298,0.9123434076739803,ComboStack-PoolB_GARCH_Neural,test
2023-06-09,2023-06-12,0.5831574033164091,0.8759919155563021,ComboStack-PoolB_GARCH_Neural,test
2023-06-12,2023-06-13,0.3310759893352936,0.873941983732381,ComboStack-PoolB_GARCH_Neural,test
2023-06-13,2023-06-14,0.2025223817587841,0.8679908738224755,ComboStack-PoolB_GARCH_Neural,test
2023-06-14,2023-06-15,0.0016224341258812,0.897977629444375,ComboStack-PoolB_GARCH_Neural,test
2023-06-15,2023-06-16,0.024585211583996,0.8502571141670598,ComboStack-PoolB_GARCH_Neural,test
2023-06-16,2023-06-19,0.7822402072538185,0.8529734823150115,ComboStack-PoolB_GARCH_Neural,test
2023-06-19,2023-06-20,0.3250259985876756,0.9478492799466123,ComboStack-PoolB_GARCH_Neural,test
2023-06-20,2023-06-21,0.3653445181035127,0.9217604622558007,ComboStack-PoolB_GARCH_Neural,test
2023-06-21,2023-06-22,0.3717252672960691,0.9110859054891551,ComboStack-PoolB_GARCH_Neural,test
2023-06-22,2023-06-23,0.1309819466607628,0.8986015505104266,ComboStack-PoolB_GARCH_Neural,test
2023-06-23,2023-06-26,0.0549279663710728,0.8722806584722853,ComboStack-PoolB_GARCH_Neural,test
2023-06-26,2023-06-27,0.0411962958640958,0.8455746290365562,ComboStack-PoolB_GARCH_Neural,test
2023-06-27,2023-06-28,0.1251516048900254,0.7992852275966518,ComboStack-PoolB_GARCH_Neural,test
2023-06-28,2023-06-29,1.3110715533307906,0.783204549939145,ComboStack-PoolB_GARCH_Neural,test
2023-06-29,2023-06-30,0.2153197174085333,0.9684909405278563,ComboStack-PoolB_GARCH_Neural,test
2023-06-30,2023-07-03,0.2244859363593752,0.9858014570615187,ComboStack-PoolB_GARCH_Neural,test
2023-07-03,2023-07-04,0.331614557206894,0.9453850274108535,ComboStack-PoolB_GARCH_Neural,test
2023-07-04,2023-07-05,0.0534448088033697,0.921505303355227,ComboStack-PoolB_GARCH_Neural,test
2023-07-05,2023-07-06,0.5521828368120864,0.8819024087646359,ComboStack-PoolB_GARCH_Neural,test
2023-07-06,2023-07-07,1.0955709924740076,0.9748700894710385,ComboStack-PoolB_GARCH_Neural,test
2023-07-07,2023-07-10,0.9169134777331625,0.9771524822668235,ComboStack-PoolB_GARCH_Neural,test
2023-07-10,2023-07-11,0.057144157007868,0.993393949021824,ComboStack-PoolB_GARCH_Neural,test
2023-07-11,2023-07-12,0.0444186703613796,0.9495362530496065,ComboStack-PoolB_GARCH_Neural,test
2023-07-12,2023-07-13,0.9358770339385756,0.8970266193528184,ComboStack-PoolB_GARCH_Neural,test
2023-07-13,2023-07-14,0.0652166185346891,0.9084783910681944,ComboStack-PoolB_GARCH_Neural,test
2023-07-14,2023-07-17,0.1632239943294482,0.892156928725583,ComboStack-PoolB_GARCH_Neural,test
2023-07-17,2023-07-18,0.0066910598075562,0.8575302449614933,ComboStack-PoolB_GARCH_Neural,test
2023-07-18,2023-07-19,0.0089465157105592,0.814259584289468,ComboStack-PoolB_GARCH_Neural,test
2023-07-19,2023-07-20,0.0002100775164203,0.7911852717562694,ComboStack-PoolB_GARCH_Neural,test
2023-07-20,2023-07-21,1.2319670859049314,0.7512854439695158,ComboStack-PoolB_GARCH_Neural,test
2023-07-21,2023-07-24,0.164526463877313,0.7951185279906277,ComboStack-PoolB_GARCH_Neural,test
2023-07-24,2023-07-25,0.1884318549081098,0.7890459336008582,ComboStack-PoolB_GARCH_Neural,test
2023-07-25,2023-07-26,0.1699312574616927,0.7745326369364376,ComboStack-PoolB_GARCH_Neural,test
2023-07-26,2023-07-27,0.0856869950327944,0.7578614015016303,ComboStack-PoolB_GARCH_Neural,test
2023-07-27,2023-07-28,0.7393945741890614,0.7907794782193196,ComboStack-PoolB_GARCH_Neural,test
2023-07-28,2023-07-31,1.5705613280253743,0.8042283382795432,ComboStack-PoolB_GARCH_Neural,test
2023-07-31,2023-08-01,0.191513989792846,0.856801520250799,ComboStack-PoolB_GARCH_Neural,test
2023-08-01,2023-08-02,0.0554319741987418,0.8985619001815512,ComboStack-PoolB_GARCH_Neural,test
2023-08-02,2023-08-03,0.6081005379926719,0.8398672459170786,ComboStack-PoolB_GARCH_Neural,test
2023-08-03,2023-08-04,1.5216082607669985,0.9496493841140944,ComboStack-PoolB_GARCH_Neural,test
2023-08-04,2023-08-07,1.5663427455149326,0.9862437783054259,ComboStack-PoolB_GARCH_Neural,test
2023-08-07,2023-08-08,0.0042545072808971,1.017641664714662,ComboStack-PoolB_GARCH_Neural,test
2023-08-08,2023-08-09,0.4429341513499315,0.9591427120041345,ComboStack-PoolB_GARCH_Neural,test
2023-08-09,2023-08-10,1.18855521360565,1.0217709352063389,ComboStack-PoolB_GARCH_Neural,test
2023-08-10,2023-08-11,0.8946457187409982,1.1875586475653657,ComboStack-PoolB_GARCH_Neural,test
2023-08-11,2023-08-14,0.1406576061529025,1.1708783228660289,ComboStack-PoolB_GARCH_Neural,test
2023-08-14,2023-08-15,0.0509990332423939,1.1152752075073744,ComboStack-PoolB_GARCH_Neural,test
2023-08-15,2023-08-16,0.5528693854620391,1.0644223799423589,ComboStack-PoolB_GARCH_Neural,test
2023-08-16,2023-08-17,0.6237080926504832,1.0433797318732325,ComboStack-PoolB_GARCH_Neural,test
2023-08-17,2023-08-18,21.187467781738864,1.1529600530078676,ComboStack-PoolB_GARCH_Neural,test
2023-08-18,2023-08-21,0.0225429724444894,3.0036338812794448,ComboStack-PoolB_GARCH_Neural,test
2023-08-21,2023-08-22,0.0038263943505654,2.563831194909609,ComboStack-PoolB_GARCH_Neural,test
2023-08-22,2023-08-23,0.4543048185096983,2.230888893689869,ComboStack-PoolB_GARCH_Neural,test
2023-08-23,2023-08-24,2.030960720400387,2.150771276329051,ComboStack-PoolB_GARCH_Neural,test
2023-08-24,2023-08-25,0.2574822009117362,2.060356905462849,ComboStack-PoolB_GARCH_Neural,test
2023-08-25,2023-08-28,2.3677711449578327,1.9606295834021825,ComboStack-PoolB_GARCH_Neural,test
2023-08-28,2023-08-29,0.0507403600472885,1.9099429449941883,ComboStack-PoolB_GARCH_Neural,test
2023-08-29,2023-08-30,0.521587233427783,1.7242323254247616,ComboStack-PoolB_GARCH_Neural,test
2023-08-30,2023-08-31,0.798611626583033,1.6111182444589833,ComboStack-PoolB_GARCH_Neural,test
2023-08-31,2023-09-05,0.790275250555677,1.5361412294618497,ComboStack-PoolB_GARCH_Neural,test
2023-09-05,2023-09-06,0.7194907575034776,1.4771319980067625,ComboStack-PoolB_GARCH_Neural,test
2023-09-06,2023-09-07,0.0359716287929884,1.4199360898934839,ComboStack-PoolB_GARCH_Neural,test
2023-09-07,2023-09-08,0.0178548556372743,1.3472028807228187,ComboStack-PoolB_GARCH_Neural,test
2023-09-08,2023-09-11,2.097389099277001,1.2615313092646456,ComboStack-PoolB_GARCH_Neural,test
2023-09-11,2023-09-12,3.1212396050656377,1.5478425126996638,ComboStack-PoolB_GARCH_Neural,test
2023-09-12,2023-09-13,0.3222528903899724,1.5432163044904899,ComboStack-PoolB_GARCH_Neural,test
2023-09-13,2023-09-14,1.4026151894519558,1.5544746334979527,ComboStack-PoolB_GARCH_Neural,test
2023-09-14,2023-09-15,0.0839016379792105,1.726936487633462,ComboStack-PoolB_GARCH_Neural,test
2023-09-15,2023-09-18,1.6257299462595711,1.5701367982396959,ComboStack-PoolB_GARCH_Neural,test
2023-09-18,2023-09-19,0.000654584074098,1.7752817794141473,ComboStack-PoolB_GARCH_Neural,test
2023-09-19,2023-09-20,1.4369523878233037,1.596742027186832,ComboStack-PoolB_GARCH_Neural,test
2023-09-20,2023-09-21,1.2021573804780938,1.5365385573955093,ComboStack-PoolB_GARCH_Neural,test
2023-09-21,2023-09-22,2.67951003310709,1.6941474475577556,ComboStack-PoolB_GARCH_Neural,test
2023-09-22,2023-09-25,11.541216926620844,2.0338052169053427,ComboStack-PoolB_GARCH_Neural,test
2023-09-25,2023-09-26,1.7698314100181254,3.192265476748714,ComboStack-PoolB_GARCH_Neural,test
2023-09-26,2023-09-27,1.922934467977144,3.225653732349671,ComboStack-PoolB_GARCH_Neural,test
2023-09-27,2023-09-28,0.0151639632836694,2.9291042949202994,ComboStack-PoolB_GARCH_Neural,test
2023-09-28,2023-09-29,0.02224231577349,2.5614906193980875,ComboStack-PoolB_GARCH_Neural,test
2023-09-29,2023-10-02,0.0090750098350391,2.2399083610876134,ComboStack-PoolB_GARCH_Neural,test
2023-10-02,2023-10-03,10.683716279206385,1.9707779132766334,ComboStack-PoolB_GARCH_Neural,test
2023-10-03,2023-10-04,0.8853176884286172,3.088450590588197,ComboStack-PoolB_GARCH_Neural,test
2023-10-04,2023-10-05,1.7375339257639013,2.7320498674713942,ComboStack-PoolB_GARCH_Neural,test
2023-10-05,2023-10-06,1.7072998751511268,2.8685798203947614,ComboStack-PoolB_GARCH_Neural,test
2023-10-06,2023-10-09,0.6060662073826656,2.6138966778482584,ComboStack-PoolB_GARCH_Neural,test
2023-10-09,2023-10-10,0.3080349756366544,2.34596134039977,ComboStack-PoolB_GARCH_Neural,test
2023-10-10,2023-10-11,0.3851648462229108,2.099757495113878,ComboStack-PoolB_GARCH_Neural,test
2023-10-11,2023-10-12,0.0048291522978458,1.905551993131665,ComboStack-PoolB_GARCH_Neural,test
2023-10-12,2023-10-13,0.0732020168306359,1.6996045805365854,ComboStack-PoolB_GARCH_Neural,test
2023-10-13,2023-10-16,1.3440806213781142,1.544292433436016,ComboStack-PoolB_GARCH_Neural,test
2023-10-16,2023-10-17,3.052807721519015,1.724603244901202,ComboStack-PoolB_GARCH_Neural,test
2023-10-17,2023-10-18,2.691074109609036,2.1150293423070066,ComboStack-PoolB_GARCH_Neural,test
2023-10-18,2023-10-19,2.014426845995019,2.423415555616712,ComboStack-PoolB_GARCH_Neural,test
2023-10-19,2023-10-20,3.37838828040453,2.622002799604493,ComboStack-PoolB_GARCH_Neural,test
2023-10-20,2023-10-23,1.7351918672263549,2.4797070732845414,ComboStack-PoolB_GARCH_Neural,test
2023-10-23,2023-10-24,1.2652847100550173,2.6331140018983614,ComboStack-PoolB_GARCH_Neural,test
2023-10-24,2023-10-25,0.1475596920145903,2.4046598786761884,ComboStack-PoolB_GARCH_Neural,test
2023-10-25,2023-10-26,18.362010800338208,2.214627356045239,ComboStack-PoolB_GARCH_Neural,test
2023-10-26,2023-10-27,0.2387716417217482,3.959987433308433,ComboStack-PoolB_GARCH_Neural,test
2023-10-27,2023-10-30,3.0025597858118136,3.367626467659232,ComboStack-PoolB_GARCH_Neural,test
2023-10-30,2023-10-31,1.8839681619493045,3.651175712821191,ComboStack-PoolB_GARCH_Neural,test
2023-10-31,2023-11-01,1.230715501580414,3.6486826801078127,ComboStack-PoolB_GARCH_Neural,test
2023-11-01,2023-11-02,11.467731176476716,3.203561522056331,ComboStack-PoolB_GARCH_Neural,test
2023-11-02,2023-11-03,0.0148189440021049,3.1193741920838303,ComboStack-PoolB_GARCH_Neural,test
2023-11-03,2023-11-06,1.4138672012584073,2.6535681971611917,ComboStack-PoolB_GARCH_Neural,test
2023-11-06,2023-11-07,0.7458390495009208,2.4029476404157224,ComboStack-PoolB_GARCH_Neural,test
2023-11-07,2023-11-08,9.129956144189087,2.4035592422396004,ComboStack-PoolB_GARCH_Neural,test
2023-11-08,2023-11-09,0.0017061233763225,2.395254327519289,ComboStack-PoolB_GARCH_Neural,test
2023-11-09,2023-11-10,1.2148681903111338,2.0851072486157642,ComboStack-PoolB_GARCH_Neural,test
2023-11-10,2023-11-13,0.0213882813414155,2.2067788268622466,ComboStack-PoolB_GARCH_Neural,test
2023-11-13,2023-11-14,0.7643879612116624,1.9822227497549594,ComboStack-PoolB_GARCH_Neural,test
2023-11-14,2023-11-15,1.309101680363533,1.8333661588464505,ComboStack-PoolB_GARCH_Neural,test
2023-11-15,2023-11-16,0.0726677258555493,1.7315327270232086,ComboStack-PoolB_GARCH_Neural,test
2023-11-16,2023-11-17,4.779742663796966,1.5690664801647944,ComboStack-PoolB_GARCH_Neural,test
2023-11-17,2023-11-20,0.0501991268589152,2.159142453020117,ComboStack-PoolB_GARCH_Neural,test
2023-11-20,2023-11-21,0.3772925570702379,1.9200170020716636,ComboStack-PoolB_GARCH_Neural,test
2023-11-21,2023-11-22,0.0912767762573235,1.7557819474817684,ComboStack-PoolB_GARCH_Neural,test
2023-11-22,2023-11-23,5.291901747240125,1.5940938273696044,ComboStack-PoolB_GARCH_Neural,test
2023-11-23,2023-11-24,0.4250871900618609,2.233517243353763,ComboStack-PoolB_GARCH_Neural,test
2023-11-24,2023-11-27,0.4781711175817431,2.0100654915298817,ComboStack-PoolB_GARCH_Neural,test
2023-11-27,2023-11-28,0.4557176520002135,1.9997873528586767,ComboStack-PoolB_GARCH_Neural,test
2023-11-28,2023-11-29,0.4496265629344425,1.8186119711151785,ComboStack-PoolB_GARCH_Neural,test
2023-11-29,2023-11-30,0.6229744807299576,1.6698632101129387,ComboStack-PoolB_GARCH_Neural,test
2023-11-30,2023-12-01,0.5347066481770756,1.732822060144433,ComboStack-PoolB_GARCH_Neural,test
2023-12-01,2023-12-04,2.720585966130201,1.6108786906381334,ComboStack-PoolB_GARCH_Neural,test
2023-12-04,2023-12-05,0.163386350982878,1.5799629303095473,ComboStack-PoolB_GARCH_Neural,test
2023-12-05,2023-12-06,0.8703691532467039,1.5420017452139991,ComboStack-PoolB_GARCH_Neural,test
2023-12-06,2023-12-07,0.193176184914791,1.4570754684766478,ComboStack-PoolB_GARCH_Neural,test
2023-12-07,2023-12-08,0.0690100099875838,1.4711689622250743,ComboStack-PoolB_GARCH_Neural,test
2023-12-08,2023-12-11,0.0088783019772855,1.3480407069526539,ComboStack-PoolB_GARCH_Neural,test
2023-12-11,2023-12-12,0.0357476055077411,1.2450863690160003,ComboStack-PoolB_GARCH_Neural,test
2023-12-12,2023-12-13,1.4355458045904153,1.1623120909589475,ComboStack-PoolB_GARCH_Neural,test
2023-12-13,2023-12-14,0.1339218193100039,1.3967360334850556,ComboStack-PoolB_GARCH_Neural,test
2023-12-14,2023-12-15,0.501011926570286,1.3757935229697382,ComboStack-PoolB_GARCH_Neural,test
2023-12-15,2023-12-18,0.9021057574713134,1.448732856986374,ComboStack-PoolB_GARCH_Neural,test
2023-12-18,2023-12-19,0.163207316046184,1.5856826672053308,ComboStack-PoolB_GARCH_Neural,test
2023-12-19,2023-12-20,0.1648341022859622,1.4621758811349614,ComboStack-PoolB_GARCH_Neural,test
2023-12-20,2023-12-21,0.0229820728280408,1.353806936463975,ComboStack-PoolB_GARCH_Neural,test
2023-12-21,2023-12-22,0.003263855536434,1.2514658200159454,ComboStack-PoolB_GARCH_Neural,test
2023-12-22,2023-12-25,1.728982548756669,1.1590425204742485,ComboStack-PoolB_GARCH_Neural,test
2023-12-25,2023-12-26,0.1679675706187517,1.143977022829957,ComboStack-PoolB_GARCH_Neural,test
2023-12-26,2023-12-27,0.0005368687109465,1.0958193670089167,ComboStack-PoolB_GARCH_Neural,test
2023-12-27,2023-12-28,0.3802432948523992,1.0386600476249204,ComboStack-PoolB_GARCH_Neural,test
2023-12-28,2023-12-29,0.0078393746118935,1.007073521900638,ComboStack-PoolB_GARCH_Neural,test
2023-12-29,2024-01-02,0.0250562134986935,0.9641548310738988,ComboStack-PoolB_GARCH_Neural,test
2024-01-02,2024-01-03,1.197029417048885,0.9299228000997726,ComboStack-PoolB_GARCH_Neural,test
2024-01-03,2024-01-04,0.3258526092006003,0.9295392895042476,ComboStack-PoolB_GARCH_Neural,test
2024-01-04,2024-01-05,0.1180208232703248,0.9529718236484082,ComboStack-PoolB_GARCH_Neural,test
2024-01-05,2024-01-08,0.2266269824272246,0.9028554432652156,ComboStack-PoolB_GARCH_Neural,test
2024-01-08,2024-01-09,0.0190450011331964,0.8894016800599449,ComboStack-PoolB_GARCH_Neural,test
2024-01-09,2024-01-10,0.0646665738710911,0.8867910385803282,ComboStack-PoolB_GARCH_Neural,test
2024-01-10,2024-01-11,0.0034252738431133,0.8737155819106384,ComboStack-PoolB_GARCH_Neural,test
2024-01-11,2024-01-12,0.4213826457560849,0.836501814632829,ComboStack-PoolB_GARCH_Neural,test
2024-01-12,2024-01-15,0.0025242702278622,0.9573182456085374,ComboStack-PoolB_GARCH_Neural,test
2024-01-15,2024-01-16,0.6034028324453893,0.9034327134340003,ComboStack-PoolB_GARCH_Neural,test
2024-01-16,2024-01-17,0.0025743958188708,0.8916929904196731,ComboStack-PoolB_GARCH_Neural,test
2024-01-17,2024-01-18,0.3137503773939618,0.8731616825592871,ComboStack-PoolB_GARCH_Neural,test
2024-01-18,2024-01-19,1.120382144309341,0.8533833291616075,ComboStack-PoolB_GARCH_Neural,test
2024-01-19,2024-01-22,0.0132345962603059,0.8620814225918758,ComboStack-PoolB_GARCH_Neural,test
2024-01-22,2024-01-23,0.2062692888507807,0.8502957723653277,ComboStack-PoolB_GARCH_Neural,test
2024-01-23,2024-01-24,0.1485757892019817,0.9039196357640971,ComboStack-PoolB_GARCH_Neural,test
2024-01-24,2024-01-25,0.0492420848338565,0.9480563310303223,ComboStack-PoolB_GARCH_Neural,test
2024-01-25,2024-01-26,0.2041467089523473,0.9484322473660809,ComboStack-PoolB_GARCH_Neural,test
2024-01-26,2024-01-29,2.893888078905973e-06,0.916711032907697,ComboStack-PoolB_GARCH_Neural,test
2024-01-29,2024-01-30,0.1130691080782245,0.8802976444761494,ComboStack-PoolB_GARCH_Neural,test
2024-01-30,2024-01-31,1.7132578057426455,0.8534168639890947,ComboStack-PoolB_GARCH_Neural,test
2024-01-31,2024-02-01,0.5554695483427156,1.1542235081466214,ComboStack-PoolB_GARCH_Neural,test
2024-02-01,2024-02-02,0.0016060494837953,1.0628151919712183,ComboStack-PoolB_GARCH_Neural,test
2024-02-02,2024-02-05,1.312405125307974,1.0221754076569793,ComboStack-PoolB_GARCH_Neural,test
2024-02-05,2024-02-06,0.041546270496195,1.014397043325339,ComboStack-PoolB_GARCH_Neural,test
2024-02-06,2024-02-07,0.7090694435364681,0.9638606431702553,ComboStack-PoolB_GARCH_Neural,test
2024-02-07,2024-02-15,0.10935700902328,0.9476257117381518,ComboStack-PoolB_GARCH_Neural,test
2024-02-15,2024-02-16,0.3563698361907522,0.9304243578930534,ComboStack-PoolB_GARCH_Neural,test
2024-02-16,2024-02-19,1.5735090531706803,0.9105650400352352,ComboStack-PoolB_GARCH_Neural,test
2024-02-19,2024-02-20,0.1719424828204338,0.9428535864518469,ComboStack-PoolB_GARCH_Neural,test
2024-02-20,2024-02-21,2.643713937948573e-06,0.9136099454142335,ComboStack-PoolB_GARCH_Neural,test
2024-02-21,2024-02-22,0.0493686905262693,0.8810012053287348,ComboStack-PoolB_GARCH_Neural,test
2024-02-22,2024-02-23,1.5757517057356472,0.8821479521206055,ComboStack-PoolB_GARCH_Neural,test
2024-02-23,2024-02-26,0.9982359162312492,1.1805769133558388,ComboStack-PoolB_GARCH_Neural,test
2024-02-26,2024-02-27,1.16593097532243,1.1240640430427278,ComboStack-PoolB_GARCH_Neural,test
2024-02-27,2024-02-28,1.8813005066335944,1.1125204302245004,ComboStack-PoolB_GARCH_Neural,test
2024-02-28,2024-02-29,0.0210764395400896,1.1107699350465765,ComboStack-PoolB_GARCH_Neural,test
2024-02-29,2024-03-01,0.1954116660389362,1.0889724751751888,ComboStack-PoolB_GARCH_Neural,test
2024-03-01,2024-03-04,0.0617241173730905,1.0317638031806566,ComboStack-PoolB_GARCH_Neural,test
2024-03-04,2024-03-05,0.458465682898879,1.002743577369262,ComboStack-PoolB_GARCH_Neural,test
2024-03-05,2024-03-06,0.3277686759141466,0.975144960273256,ComboStack-PoolB_GARCH_Neural,test
2024-03-06,2024-03-07,0.2049845962757557,1.0494828248786876,ComboStack-PoolB_GARCH_Neural,test
2024-03-07,2024-03-08,2.816444292658484,1.0096490136413254,ComboStack-PoolB_GARCH_Neural,test
2024-03-08,2024-03-11,0.912721979122844,1.4201815674846867,ComboStack-PoolB_GARCH_Neural,test
2024-03-11,2024-03-12,0.5879634369893775,1.5336130454890955,ComboStack-PoolB_GARCH_Neural,test
2024-03-12,2024-03-13,4.113946023612082,1.426921824078781,ComboStack-PoolB_GARCH_Neural,test
2024-03-13,2024-03-14,0.2431894157728003,1.4515696513955605,ComboStack-PoolB_GARCH_Neural,test
2024-03-14,2024-03-15,0.0014420309906953,1.456433007577755,ComboStack-PoolB_GARCH_Neural,test
2024-03-15,2024-03-18,2.60144510071112,1.3343103978452635,ComboStack-PoolB_GARCH_Neural,test
2024-03-18,2024-03-19,0.0078313418483015,1.7340766930575255,ComboStack-PoolB_GARCH_Neural,test
2024-03-19,2024-03-20,1.98300631416396,1.5405237046784936,ComboStack-PoolB_GARCH_Neural,test
2024-03-20,2024-03-21,1.659993462713211,1.4905337544257677,ComboStack-PoolB_GARCH_Neural,test
2024-03-21,2024-03-22,0.1769090471586793,1.4613809478197584,ComboStack-PoolB_GARCH_Neural,test
2024-03-22,2024-03-25,1.1957204376691162,1.3639547027318772,ComboStack-PoolB_GARCH_Neural,test
2024-03-25,2024-03-26,1.266685379522265,1.5470140166631934,ComboStack-PoolB_GARCH_Neural,test
2024-03-26,2024-03-27,0.0047070525559726,1.4642707065734006,ComboStack-PoolB_GARCH_Neural,test
2024-03-27,2024-03-28,0.3036574536281876,1.3341228042911948,ComboStack-PoolB_GARCH_Neural,test
2024-03-28,2024-03-29,0.22386593116756,1.2581006486022477,ComboStack-PoolB_GARCH_Neural,test
2024-03-29,2024-04-01,0.0401370314872093,1.267797104887451,ComboStack-PoolB_GARCH_Neural,test
2024-04-01,2024-04-02,0.1847396233779287,1.2040890750496551,ComboStack-PoolB_GARCH_Neural,test
2024-04-02,2024-04-03,1.4814046434548742,1.1456777740476072,ComboStack-PoolB_GARCH_Neural,test
2024-04-03,2024-04-04,0.0642984527134782,1.3987242735822911,ComboStack-PoolB_GARCH_Neural,test
2024-04-04,2024-04-05,1.084676282740752,1.3246248769725473,ComboStack-PoolB_GARCH_Neural,test
2024-04-05,2024-04-08,0.1443776586599194,1.5100374399707488,ComboStack-PoolB_GARCH_Neural,test
2024-04-08,2024-04-09,0.9848187145028622,1.4447972226969565,ComboStack-PoolB_GARCH_Neural,test
2024-04-09,2024-04-10,0.1141835151805207,1.3646002555918293,ComboStack-PoolB_GARCH_Neural,test
2024-04-10,2024-04-11,0.0008184297224042,1.3191499778468445,ComboStack-PoolB_GARCH_Neural,test
2024-04-11,2024-04-12,2.1077713488695093,1.2001786987693492,ComboStack-PoolB_GARCH_Neural,test
2024-04-12,2024-04-15,23.166885904173803,1.207158542403464,ComboStack-PoolB_GARCH_Neural,test
2024-04-15,2024-04-16,0.0058478365075764,3.9381438204241594,ComboStack-PoolB_GARCH_Neural,test
2024-04-16,2024-04-17,3.543454497340081,3.173194697536235,ComboStack-PoolB_GARCH_Neural,test
2024-04-17,2024-04-19,2.3528631494425456,3.5124128567724062,ComboStack-PoolB_GARCH_Neural,test
2024-04-19,2024-04-22,1.6893979231324006,3.5732052879436034,ComboStack-PoolB_GARCH_Neural,test
2024-04-22,2024-04-23,1.1727907466469314,3.0715113293063516,ComboStack-PoolB_GARCH_Neural,test
2024-04-23,2024-04-24,5.606024745553127,3.00570526314687,ComboStack-PoolB_GARCH_Neural,test
2024-04-24,2024-04-25,0.0028195309207452,2.787961424047361,ComboStack-PoolB_GARCH_Neural,test
2024-04-25,2024-04-26,0.1420473024727117,2.3467114030109237,ComboStack-PoolB_GARCH_Neural,test
2024-04-26,2024-05-02,0.318006405977251,2.0284108936661744,ComboStack-PoolB_GARCH_Neural,test
2024-05-02,2024-05-03,0.1468401316931458,1.7365247615016153,ComboStack-PoolB_GARCH_Neural,test
2024-05-03,2024-05-06,2.785560071487252,1.546179721883366,ComboStack-PoolB_GARCH_Neural,test
2024-05-06,2024-05-07,0.3206037518220124,1.498225792665477,ComboStack-PoolB_GARCH_Neural,test
2024-05-07,2024-05-08,0.0214485793857184,1.3706611203897237,ComboStack-PoolB_GARCH_Neural,test
2024-05-08,2024-05-09,0.0212146392864794,1.2536109850223114,ComboStack-PoolB_GARCH_Neural,test
2024-05-09,2024-05-10,0.0998826714071555,1.1775643663015742,ComboStack-PoolB_GARCH_Neural,test
2024-05-10,2024-05-13,0.1323509240296012,1.170255673580221,ComboStack-PoolB_GARCH_Neural,test
2024-05-13,2024-05-14,0.0623260338672244,1.176672768373931,ComboStack-PoolB_GARCH_Neural,test
2024-05-14,2024-05-15,0.7914504364695899,1.0918349841958233,ComboStack-PoolB_GARCH_Neural,test
2024-05-15,2024-05-16,1.3010619376829529,1.0650379993734498,ComboStack-PoolB_GARCH_Neural,test
2024-05-16,2024-05-20,0.4777373395090949,1.0619722962547942,ComboStack-PoolB_GARCH_Neural,test
2024-05-20,2024-05-21,0.0011865300373836,1.0411329146452006,ComboStack-PoolB_GARCH_Neural,test
2024-05-21,2024-05-22,0.6467920233357178,0.9823040951784335,ComboStack-PoolB_GARCH_Neural,test
2024-05-22,2024-05-23,1.2284567837418712,1.145581060637725,ComboStack-PoolB_GARCH_Neural,test
2024-05-23,2024-05-24,2.256648937405396,1.1239290221569944,ComboStack-PoolB_GARCH_Neural,test
2024-05-24,2024-05-27,0.2066759953224523,1.5518443048373147,ComboStack-PoolB_GARCH_Neural,test
2024-05-27,2024-05-28,1.2149042841979667,1.3897373567628781,ComboStack-PoolB_GARCH_Neural,test
2024-05-28,2024-05-29,0.5065517433860525,1.3254555246660225,ComboStack-PoolB_GARCH_Neural,test
2024-05-29,2024-05-30,0.2478473182821189,1.4305412723040263,ComboStack-PoolB_GARCH_Neural,test
2024-05-30,2024-05-31,0.1324368158912983,1.4353911339973464,ComboStack-PoolB_GARCH_Neural,test
2024-05-31,2024-06-03,2.069054535054291,1.3846419151377907,ComboStack-PoolB_GARCH_Neural,test
2024-06-03,2024-06-04,0.0754175541972061,1.341305281381543,ComboStack-PoolB_GARCH_Neural,test
2024-06-04,2024-06-05,0.0041789785238715,1.2269059532027162,ComboStack-PoolB_GARCH_Neural,test
2024-06-05,2024-06-06,0.003785773302666,1.1257796915475358,ComboStack-PoolB_GARCH_Neural,test
2024-06-06,2024-06-07,0.0977825492840672,1.0591650824117662,ComboStack-PoolB_GARCH_Neural,test
2024-06-07,2024-06-10,0.0574549317651925,0.9988883760501979,ComboStack-PoolB_GARCH_Neural,test
2024-06-10,2024-06-11,0.236389900130653,0.9541297893554148,ComboStack-PoolB_GARCH_Neural,test
2024-06-11,2024-06-12,1.4910702380739045,1.025953993541621,ComboStack-PoolB_GARCH_Neural,test
2024-06-12,2024-06-13,0.0102965917651104,1.020148788756913,ComboStack-PoolB_GARCH_Neural,test
2024-06-13,2024-06-14,2.8007247199637466,0.9710748198641452,ComboStack-PoolB_GARCH_Neural,test
2024-06-14,2024-06-17,0.1619251788207639,1.4706596240556093,ComboStack-PoolB_GARCH_Neural,test
2024-06-17,2024-06-18,0.1371670063872054,1.4239107613804465,ComboStack-PoolB_GARCH_Neural,test
2024-06-18,2024-06-19,0.0005135905111872,1.2965783033751608,ComboStack-PoolB_GARCH_Neural,test
2024-06-19,2024-06-20,0.0383900740120223,1.1830373258311995,ComboStack-PoolB_GARCH_Neural,test
2024-06-20,2024-06-21,0.0004769047173217,1.098192947117992,ComboStack-PoolB_GARCH_Neural,test
2024-06-21,2024-06-24,4.841244218909869,1.02146110966257,ComboStack-PoolB_GARCH_Neural,test
2024-06-24,2024-06-25,0.0377795857346046,1.7956684487578682,ComboStack-PoolB_GARCH_Neural,test
2024-06-25,2024-06-26,0.1382006989182143,1.563305782025233,ComboStack-PoolB_GARCH_Neural,test
2024-06-26,2024-06-27,0.0291086660682599,1.411299870445652,ComboStack-PoolB_GARCH_Neural,test
2024-06-27,2024-06-28,1.2092769262564496,1.317178991542943,ComboStack-PoolB_GARCH_Neural,test
2024-06-28,2024-07-01,0.5464740769679215,1.541408809435355,ComboStack-PoolB_GARCH_Neural,test
2024-07-01,2024-07-02,1.4560329328950323,1.406078172187672,ComboStack-PoolB_GARCH_Neural,test
2024-07-02,2024-07-03,0.3074231060441431,1.336176047763027,ComboStack-PoolB_GARCH_Neural,test
2024-07-03,2024-07-04,0.0565502378458402,1.2365420839561048,ComboStack-PoolB_GARCH_Neural,test
2024-07-04,2024-07-05,0.0604238017679763,1.135682068750929,ComboStack-PoolB_GARCH_Neural,test
2024-07-05,2024-07-08,0.001641913639604,1.056268403998443,ComboStack-PoolB_GARCH_Neural,test
2024-07-08,2024-07-09,0.6204070574126203,0.9850654683402678,ComboStack-PoolB_GARCH_Neural,test
2024-07-09,2024-07-10,0.3628967539784848,0.967435446431298,ComboStack-PoolB_GARCH_Neural,test
2024-07-10,2024-07-11,0.0277401860440043,1.0691441135912179,ComboStack-PoolB_GARCH_Neural,test
2024-07-11,2024-07-12,0.0565767163705356,1.0355749622977437,ComboStack-PoolB_GARCH_Neural,test
2024-07-12,2024-07-15,0.0052765811391784,1.0240678724535464,ComboStack-PoolB_GARCH_Neural,test
2024-07-15,2024-07-16,0.011280250205691,0.9754614480766657,ComboStack-PoolB_GARCH_Neural,test
2024-07-16,2024-07-17,0.9643834972427656,0.9174683067071351,ComboStack-PoolB_GARCH_Neural,test
2024-07-17,2024-07-18,0.2066285309508605,1.1624270715187388,ComboStack-PoolB_GARCH_Neural,test
2024-07-18,2024-07-19,0.5789189613600527,1.0797143935963174,ComboStack-PoolB_GARCH_Neural,test
2024-07-19,2024-07-22,0.6479469442933512,1.2188075163321157,ComboStack-PoolB_GARCH_Neural,test
2024-07-22,2024-07-23,3.3723820037131813,1.358991371074184,ComboStack-PoolB_GARCH_Neural,test
2024-07-23,2024-07-24,0.2907489732326712,1.9225880486597513,ComboStack-PoolB_GARCH_Neural,test
2024-07-24,2024-07-25,0.1825373322670373,1.6899062296373875,ComboStack-PoolB_GARCH_Neural,test
2024-07-25,2024-07-26,0.5194428542577421,1.6190509661228194,ComboStack-PoolB_GARCH_Neural,test
2024-07-26,2024-07-29,0.1301982149615345,1.4650194742187326,ComboStack-PoolB_GARCH_Neural,test
2024-07-29,2024-07-30,0.0152800221232259,1.3248071453506727,ComboStack-PoolB_GARCH_Neural,test
2024-07-30,2024-07-31,0.2669893008576879,1.22903858211695,ComboStack-PoolB_GARCH_Neural,test
2024-07-31,2024-08-01,3.924859003099425,1.146979524024919,ComboStack-PoolB_GARCH_Neural,test
2024-08-01,2024-08-02,0.6124804127570632,1.6111591543598065,ComboStack-PoolB_GARCH_Neural,test
2024-08-02,2024-08-05,16.028441731399298,1.4962093587628433,ComboStack-PoolB_GARCH_Neural,test
2024-08-05,2024-08-06,3.4304951964000674,3.0620003556101194,ComboStack-PoolB_GARCH_Neural,test
2024-08-06,2024-08-07,0.2131074887245232,2.781678900189363,ComboStack-PoolB_GARCH_Neural,test
2024-08-07,2024-08-08,0.389017827650505,2.425491192689567,ComboStack-PoolB_GARCH_Neural,test
2024-08-08,2024-08-09,1.5873626468232618,2.2938988843742187,ComboStack-PoolB_GARCH_Neural,test
2024-08-09,2024-08-12,0.2928717413764615,2.1056687562173466,ComboStack-PoolB_GARCH_Neural,test
2024-08-12,2024-08-13,0.0001294788177011,1.8880172802579527,ComboStack-PoolB_GARCH_Neural,test
2024-08-13,2024-08-14,2.3780277347729983e-05,1.6645208523278185,ComboStack-PoolB_GARCH_Neural,test
2024-08-14,2024-08-15,0.3071561671079922,1.4840947464338246,ComboStack-PoolB_GARCH_Neural,test
2024-08-15,2024-08-16,5.364467227292595,1.480156618193979,ComboStack-PoolB_GARCH_Neural,test
2024-08-16,2024-08-19,0.5581057481573143,1.5415035258632668,ComboStack-PoolB_GARCH_Neural,test
2024-08-19,2024-08-20,0.7441049789899746,1.4325655115278404,ComboStack-PoolB_GARCH_Neural,test
2024-08-20,2024-08-21,0.8093492360217696,1.3590823458245944,ComboStack-PoolB_GARCH_Neural,test
2024-08-21,2024-08-22,0.0097920425309074,1.2970271233270012,ComboStack-PoolB_GARCH_Neural,test
2024-08-22,2024-08-23,0.039129459240867,1.211827898741157,ComboStack-PoolB_GARCH_Neural,test
2024-08-23,2024-08-26,0.1707352129175375,1.1278143457446512,ComboStack-PoolB_GARCH_Neural,test
2024-08-26,2024-08-27,0.0017789790178368,1.133308692121236,ComboStack-PoolB_GARCH_Neural,test
2024-08-27,2024-08-28,0.0047191862628622,1.0520378530357757,ComboStack-PoolB_GARCH_Neural,test
2024-08-28,2024-08-29,5.480696959213411e-06,0.9870449797747587,ComboStack-PoolB_GARCH_Neural,test
2024-08-29,2024-08-30,0.0350100605836961,0.9244248594414763,ComboStack-PoolB_GARCH_Neural,test
2024-08-30,2024-09-04,0.3975959773479832,0.8725090646708482,ComboStack-PoolB_GARCH_Neural,test
2024-09-04,2024-09-05,0.3560479520225069,0.9501502977231437,ComboStack-PoolB_GARCH_Neural,test
2024-09-05,2024-09-06,0.2046388013312271,1.0201212891525044,ComboStack-PoolB_GARCH_Neural,test
2024-09-06,2024-09-09,0.2403215208141221,0.9805486527834038,ComboStack-PoolB_GARCH_Neural,test
2024-09-09,2024-09-10,0.9818980427278184,1.0226664470323956,ComboStack-PoolB_GARCH_Neural,test
2024-09-10,2024-09-11,0.0244199123086784,1.1868296055747798,ComboStack-PoolB_GARCH_Neural,test
2024-09-11,2024-09-12,0.0602484567361687,1.1298539370257084,ComboStack-PoolB_GARCH_Neural,test
2024-09-12,2024-09-13,0.1369055643032899,1.0542147861568805,ComboStack-PoolB_GARCH_Neural,test
2024-09-13,2024-09-16,0.9992379796047328,1.054869232278861,ComboStack-PoolB_GARCH_Neural,test
2024-09-16,2024-09-17,2.484914926701652,1.2182517304766831,ComboStack-PoolB_GARCH_Neural,test
2024-09-17,2024-09-18,0.2223148391601984,1.227319883439696,ComboStack-PoolB_GARCH_Neural,test
2024-09-18,2024-09-19,0.2523387575730195,1.1614464735689922,ComboStack-PoolB_GARCH_Neural,test
2024-09-19,2024-09-20,0.003666425548263,1.1013893510537844,ComboStack-PoolB_GARCH_Neural,test
2024-09-20,2024-09-23,0.0785444168047104,1.03977826538076,ComboStack-PoolB_GARCH_Neural,test
2024-09-23,2024-09-24,0.447081172927798,1.02519001770925,ComboStack-PoolB_GARCH_Neural,test
2024-09-24,2024-09-25,0.6692996014919499,0.993050697319737,ComboStack-PoolB_GARCH_Neural,test
2024-09-25,2024-09-26,0.0967067651015831,0.9991337368560052,ComboStack-PoolB_GARCH_Neural,test
2024-09-26,2024-09-27,0.0019487643545271,0.9618236899777912,ComboStack-PoolB_GARCH_Neural,test
2024-09-27,2024-09-30,0.0534118196752501,0.920079237662816,ComboStack-PoolB_GARCH_Neural,test
2024-09-30,2024-10-01,0.1090419063191174,0.9100740625551826,ComboStack-PoolB_GARCH_Neural,test
2024-10-01,2024-10-02,0.1142301950532245,0.8904915986672963,ComboStack-PoolB_GARCH_Neural,test
2024-10-02,2024-10-03,0.5763536966008403,0.9000238528206567,ComboStack-PoolB_GARCH_Neural,test
2024-10-03,2024-10-04,0.3463758362975216,1.0322193367389954,ComboStack-PoolB_GARCH_Neural,test
2024-10-04,2024-10-07,0.0027820245719093,1.077857299530299,ComboStack-PoolB_GARCH_Neural,test
2024-10-07,2024-10-08,0.0260164216385025,1.014809066090186,ComboStack-PoolB_GARCH_Neural,test
2024-10-08,2024-10-09,0.5974680039460253,0.9537393351354159,ComboStack-PoolB_GARCH_Neural,test
2024-10-09,2024-10-10,0.1233539050383977,0.9363815543028302,ComboStack-PoolB_GARCH_Neural,test
2024-10-10,2024-10-11,0.0248646364370185,0.9042680968492927,ComboStack-PoolB_GARCH_Neural,test
2024-10-11,2024-10-14,0.0253573876734088,0.8583928877740781,ComboStack-PoolB_GARCH_Neural,test
2024-10-14,2024-10-15,0.1678954221921946,0.8508498795277836,ComboStack-PoolB_GARCH_Neural,test
2024-10-15,2024-10-16,0.0156181703703392,0.8921400797258918,ComboStack-PoolB_GARCH_Neural,test
2024-10-16,2024-10-17,0.301088511662053,0.8653600122835909,ComboStack-PoolB_GARCH_Neural,test
2024-10-17,2024-10-18,0.0067941729317095,0.851447688708769,ComboStack-PoolB_GARCH_Neural,test
2024-10-18,2024-10-21,0.1968037312439634,0.8286326329562221,ComboStack-PoolB_GARCH_Neural,test
2024-10-21,2024-10-22,0.6006392197446851,0.8735552238920898,ComboStack-PoolB_GARCH_Neural,test
2024-10-22,2024-10-23,0.0063207009295036,0.99975446221198,ComboStack-PoolB_GARCH_Neural,test
2024-10-23,2024-10-24,1.1387581243922995,0.9396393351063601,ComboStack-PoolB_GARCH_Neural,test
2024-10-24,2024-10-25,0.1396414208283497,1.135288752935338,ComboStack-PoolB_GARCH_Neural,test
2024-10-25,2024-10-28,0.0267355724555891,1.133308389936106,ComboStack-PoolB_GARCH_Neural,test
2024-10-28,2024-10-29,0.310375295938392,1.0543733674445432,ComboStack-PoolB_GARCH_Neural,test
2024-10-29,2024-10-30,0.0624797327224918,1.0068290421930732,ComboStack-PoolB_GARCH_Neural,test
2024-10-30,2024-10-31,0.2150309186038439,0.9927260080085013,ComboStack-PoolB_GARCH_Neural,test
2024-10-31,2024-11-01,0.5795854757810541,0.9493625664932117,ComboStack-PoolB_GARCH_Neural,test
2024-11-01,2024-11-04,0.6634669865085588,1.0121397985195608,ComboStack-PoolB_GARCH_Neural,test
2024-11-04,2024-11-05,0.0071101049569573,1.1316322172055027,ComboStack-PoolB_GARCH_Neural,test
2024-11-05,2024-11-06,1.532964136157592,1.0453025983741335,ComboStack-PoolB_GARCH_Neural,test
2024-11-06,2024-11-07,0.0147328555936719,1.0516611215469531,ComboStack-PoolB_GARCH_Neural,test
2024-11-07,2024-11-08,0.3276224769794669,1.0024260242181096,ComboStack-PoolB_GARCH_Neural,test
2024-11-08,2024-11-11,0.0320387972398517,1.0506119451918867,ComboStack-PoolB_GARCH_Neural,test
2024-11-11,2024-11-12,0.1943555469915317,1.0182004509448368,ComboStack-PoolB_GARCH_Neural,test
2024-11-12,2024-11-13,0.0095957977358447,1.0396864849992862,ComboStack-PoolB_GARCH_Neural,test
2024-11-13,2024-11-14,1.304380342114139,0.9719532059159482,ComboStack-PoolB_GARCH_Neural,test
2024-11-14,2024-11-15,1.1819027969632745,1.170236922473345,ComboStack-PoolB_GARCH_Neural,test
2024-11-15,2024-11-18,0.0141759467193479,1.3523823919471831,ComboStack-PoolB_GARCH_Neural,test
2024-11-18,2024-11-19,0.9768103702203697,1.252438783607887,ComboStack-PoolB_GARCH_Neural,test
2024-11-19,2024-11-20,0.8848644501514296,1.3894283275787997,ComboStack-PoolB_GARCH_Neural,test
2024-11-20,2024-11-21,0.9302138287758972,1.3315514794315735,ComboStack-PoolB_GARCH_Neural,test
2024-11-21,2024-11-22,0.0003506766753295,1.2803572603324234,ComboStack-PoolB_GARCH_Neural,test
2024-11-22,2024-11-25,0.2872709111767263,1.1711397278290905,ComboStack-PoolB_GARCH_Neural,test
2024-11-25,2024-11-26,0.3599546809656788,1.1052426571684535,ComboStack-PoolB_GARCH_Neural,test
2024-11-26,2024-11-27,0.0001659440969947,1.0581177725286857,ComboStack-PoolB_GARCH_Neural,test
2024-11-27,2024-11-28,0.0001270529950301,0.9814878929647519,ComboStack-PoolB_GARCH_Neural,test
2024-11-28,2024-11-29,0.4488915850595839,0.9134456730868905,ComboStack-PoolB_GARCH_Neural,test
2024-11-29,2024-12-02,0.0035951954303536,0.8894913996648055,ComboStack-PoolB_GARCH_Neural,test
2024-12-02,2024-12-03,0.0121780282468158,0.8327754522672064,ComboStack-PoolB_GARCH_Neural,test
2024-12-03,2024-12-04,0.5723787875208138,0.8022350063925213,ComboStack-PoolB_GARCH_Neural,test
2024-12-04,2024-12-05,4.677770763753511,0.9009160061688286,ComboStack-PoolB_GARCH_Neural,test
2024-12-05,2024-12-06,0.0423127275118428,1.0328388712477543,ComboStack-PoolB_GARCH_Neural,test
2024-12-06,2024-12-09,0.0846129168166276,0.9726500292198255,ComboStack-PoolB_GARCH_Neural,test
2024-12-09,2024-12-10,0.019333949066393,0.9322372410899058,ComboStack-PoolB_GARCH_Neural,test
2024-12-10,2024-12-11,0.0638388590450149,0.8983227968574841,ComboStack-PoolB_GARCH_Neural,test
2024-12-11,2024-12-12,0.0141789335558376,0.8914569401857813,ComboStack-PoolB_GARCH_Neural,test
2024-12-12,2024-12-13,0.1427917911928931,0.8562585679933825,ComboStack-PoolB_GARCH_Neural,test
2024-12-13,2024-12-16,0.0093280152446342,0.8736671652512829,ComboStack-PoolB_GARCH_Neural,test
2024-12-16,2024-12-17,0.0268721671219935,0.8271235415368404,ComboStack-PoolB_GARCH_Neural,test
2024-12-17,2024-12-18,0.1146807250456102,0.8039671006189726,ComboStack-PoolB_GARCH_Neural,test
2024-12-18,2024-12-19,0.8081531599464532,0.7781613455444796,ComboStack-PoolB_GARCH_Neural,test
2024-12-19,2024-12-20,0.0507615856480591,0.9080776004318776,ComboStack-PoolB_GARCH_Neural,test
2024-12-20,2024-12-23,0.1742376670775678,0.8673223956858019,ComboStack-PoolB_GARCH_Neural,test
2024-12-23,2024-12-24,0.0361915284275727,0.8375262248163888,ComboStack-PoolB_GARCH_Neural,test
2024-12-24,2024-12-25,1.1654410256024177,0.8230645780662234,ComboStack-PoolB_GARCH_Neural,test
2024-12-25,2024-12-26,0.0084412075502873,0.8526443540842189,ComboStack-PoolB_GARCH_Neural,test
2024-12-26,2024-12-27,0.0317475107765902,0.8255598485419143,ComboStack-PoolB_GARCH_Neural,test
2024-12-27,2024-12-30,0.0600146339677672,0.7897130160206998,ComboStack-PoolB_GARCH_Neural,test
2024-12-30,2024-12-31,0.1703989127600233,0.7907387187844267,ComboStack-PoolB_GARCH_Neural,test
2024-12-31,2025-01-02,0.0533739456959429,0.818059872425496,ComboStack-PoolB_GARCH_Neural,test
2025-01-02,2025-01-03,1.435132590022104,0.7626225239868428,ComboStack-PoolB_GARCH_Neural,test
2025-01-03,2025-01-06,0.4342211890889308,0.9454871275973815,ComboStack-PoolB_GARCH_Neural,test
2025-01-06,2025-01-07,0.037939050469307,1.0157727244682955,ComboStack-PoolB_GARCH_Neural,test
2025-01-07,2025-01-08,0.032117795831564,0.9624159197472338,ComboStack-PoolB_GARCH_Neural,test
2025-01-08,2025-01-09,0.1768543904547769,0.9098007538923227,ComboStack-PoolB_GARCH_Neural,test
2025-01-09,2025-01-10,1.525095444996381,0.9185143874325226,ComboStack-PoolB_GARCH_Neural,test
2025-01-10,2025-01-13,0.175796578127988,1.111868409941505,ComboStack-PoolB_GARCH_Neural,test
2025-01-13,2025-01-14,0.2850878204367433,1.0565842871882034,ComboStack-PoolB_GARCH_Neural,test
2025-01-14,2025-01-15,0.3327205813226502,1.0830156354811316,ComboStack-PoolB_GARCH_Neural,test
2025-01-15,2025-01-16,0.2486834462527659,1.0308491408196767,ComboStack-PoolB_GARCH_Neural,test
2025-01-16,2025-01-17,0.293601545819197,0.9791026752826126,ComboStack-PoolB_GARCH_Neural,test
2025-01-17,2025-01-20,0.0012403693451998,0.9353025173381346,ComboStack-PoolB_GARCH_Neural,test
2025-01-20,2025-01-21,0.0768862836866478,0.8754480134840164,ComboStack-PoolB_GARCH_Neural,test
2025-01-21,2025-01-22,0.0818546593881995,0.8666379243595398,ComboStack-PoolB_GARCH_Neural,test
2025-01-22,2025-01-23,1.8682525367895249,0.8661435809613427,ComboStack-PoolB_GARCH_Neural,test
2025-01-23,2025-01-24,0.1843517308365074,0.8900494199228901,ComboStack-PoolB_GARCH_Neural,test
2025-01-24,2025-02-04,0.0008556873339296,0.8679961621277762,ComboStack-PoolB_GARCH_Neural,test
2025-02-04,2025-02-05,0.1513708695410532,0.8229547273952236,ComboStack-PoolB_GARCH_Neural,test
2025-02-05,2025-02-06,0.0216622352028634,0.7954556388092633,ComboStack-PoolB_GARCH_Neural,test
2025-02-06,2025-02-07,0.0853488617566438,0.7684731099961972,ComboStack-PoolB_GARCH_Neural,test
2025-02-07,2025-02-10,0.8849819273953393,0.7430516493985477,ComboStack-PoolB_GARCH_Neural,test
2025-02-10,2025-02-11,0.168100114678953,0.8898017134307441,ComboStack-PoolB_GARCH_Neural,test
2025-02-11,2025-02-12,0.0147578221185138,0.8602164437404125,ComboStack-PoolB_GARCH_Neural,test
2025-02-12,2025-02-13,0.0735271043646943,0.8368812015902063,ComboStack-PoolB_GARCH_Neural,test
2025-02-13,2025-02-14,0.2025383263760581,0.7992412906922026,ComboStack-PoolB_GARCH_Neural,test
2025-02-14,2025-02-17,0.0695132401561259,0.776599306140865,ComboStack-PoolB_GARCH_Neural,test
2025-02-17,2025-02-18,0.1805870585568251,0.7912699814330904,ComboStack-PoolB_GARCH_Neural,test
2025-02-18,2025-02-19,0.6592497592052439,0.7693600561124035,ComboStack-PoolB_GARCH_Neural,test
2025-02-19,2025-02-20,0.1172593983298531,0.7684675724834129,ComboStack-PoolB_GARCH_Neural,test
2025-02-20,2025-02-21,0.0847684671072922,0.7522494661163248,ComboStack-PoolB_GARCH_Neural,test
2025-02-21,2025-02-24,0.3605624100663593,0.731132134028641,ComboStack-PoolB_GARCH_Neural,test
2025-02-24,2025-02-25,0.0115290687889239,0.7301354862509852,ComboStack-PoolB_GARCH_Neural,test
2025-02-25,2025-02-26,0.0002355760665946,0.7267811103746935,ComboStack-PoolB_GARCH_Neural,test
2025-02-26,2025-02-27,0.1374731263687118,0.6976219227973319,ComboStack-PoolB_GARCH_Neural,test
2025-02-27,2025-02-28,0.0348744922200793,0.6934147197523525,ComboStack-PoolB_GARCH_Neural,test
2025-02-28,2025-03-03,0.0940796554023008,0.695636010064919,ComboStack-PoolB_GARCH_Neural,test
2025-03-03,2025-03-04,0.0375578625820462,0.6678051601503181,ComboStack-PoolB_GARCH_Neural,test
2025-03-04,2025-03-05,0.3028627512498273,0.662975253823614,ComboStack-PoolB_GARCH_Neural,test
2025-03-05,2025-03-06,1.0612188848677555,0.7077885468775413,ComboStack-PoolB_GARCH_Neural,test
2025-03-06,2025-03-07,0.350731246280503,0.7375876685036609,ComboStack-PoolB_GARCH_Neural,test
2025-03-07,2025-03-10,0.1014325645495789,0.7303011221926474,ComboStack-PoolB_GARCH_Neural,test
2025-03-10,2025-03-11,0.0288133302998629,0.7170193829996387,ComboStack-PoolB_GARCH_Neural,test
2025-03-11,2025-03-12,0.0196658897235791,0.6984747175621802,ComboStack-PoolB_GARCH_Neural,test
2025-03-12,2025-03-13,0.3743917074856848,0.6820585243110049,ComboStack-PoolB_GARCH_Neural,test
2025-03-13,2025-03-14,8.187247062994656e-05,0.75462428750581,ComboStack-PoolB_GARCH_Neural,test
2025-03-14,2025-03-17,0.5767885171931181,0.7249421320356054,ComboStack-PoolB_GARCH_Neural,test
2025-03-17,2025-03-18,0.157344490226044,0.7185120335666006,ComboStack-PoolB_GARCH_Neural,test
2025-03-18,2025-03-19,0.2279894954046255,0.7464160324292104,ComboStack-PoolB_GARCH_Neural,test
2025-03-19,2025-03-20,0.0027940647092661,0.7867917993595752,ComboStack-PoolB_GARCH_Neural,test
2025-03-20,2025-03-21,0.0240132299745747,0.7576776767041502,ComboStack-PoolB_GARCH_Neural,test
2025-03-21,2025-03-24,0.4050748456224285,0.7387046877408497,ComboStack-PoolB_GARCH_Neural,test
2025-03-24,2025-03-25,0.0144479307849922,0.7344844175853973,ComboStack-PoolB_GARCH_Neural,test
2025-03-25,2025-03-26,0.1924355354900559,0.7141681288286571,ComboStack-PoolB_GARCH_Neural,test
2025-03-26,2025-03-27,0.0296122174159068,0.7416116113303985,ComboStack-PoolB_GARCH_Neural,test
2025-03-27,2025-03-28,0.2311977047112736,0.7261424551116069,ComboStack-PoolB_GARCH_Neural,test
2025-03-28,2025-03-31,0.652593682196234,0.7661822108042644,ComboStack-PoolB_GARCH_Neural,test
2025-03-31,2025-04-01,0.6367477385533009,0.8643594814599165,ComboStack-PoolB_GARCH_Neural,test
2025-04-01,2025-04-02,0.0014400780515298,0.8199765561621151,ComboStack-PoolB_GARCH_Neural,test
2025-04-02,2025-04-03,47.7513682523715,0.7915155819494211,ComboStack-PoolB_GARCH_Neural,test
2025-04-03,2025-04-04,2.4680894659320427,5.377584064979556,ComboStack-PoolB_GARCH_Neural,test
2025-04-04,2025-04-08,44.20961209050503,5.178627542281815,ComboStack-PoolB_GARCH_Neural,test
2025-04-08,2025-04-09,11.94996872052983,8.646223209621759,ComboStack-PoolB_GARCH_Neural,test
2025-04-09,2025-04-10,42.861963107094255,9.133453314659226,ComboStack-PoolB_GARCH_Neural,test
2025-04-10,2025-04-11,20.5039468602513,8.952310648399925,ComboStack-PoolB_GARCH_Neural,test
2025-04-11,2025-04-14,2.373686902735611,8.13186544500317,ComboStack-PoolB_GARCH_Neural,test
2025-04-14,2025-04-15,1.222393557661562,6.969681030204978,ComboStack-PoolB_GARCH_Neural,test
2025-04-15,2025-04-16,2.0585197770339483,6.33012898499606,ComboStack-PoolB_GARCH_Neural,test
2025-04-16,2025-04-17,0.3278654140280428,5.999632696554322,ComboStack-PoolB_GARCH_Neural,test
2025-04-17,2025-04-18,0.0235644272572965,5.094374507499582,ComboStack-PoolB_GARCH_Neural,test
2025-04-18,2025-04-21,0.9867147275211472,4.289338742413779,ComboStack-PoolB_GARCH_Neural,test
2025-04-21,2025-04-22,0.6837487157170882,4.050334180964786,ComboStack-PoolB_GARCH_Neural,test
2025-04-22,2025-04-23,1.3269747595182129,3.730322625220669,ComboStack-PoolB_GARCH_Neural,test
2025-04-23,2025-04-24,1.029521260921247,3.3487201940745663,ComboStack-PoolB_GARCH_Neural,test
2025-04-24,2025-04-25,0.2299163958338018,2.9912796288031513,ComboStack-PoolB_GARCH_Neural,test
2025-04-25,2025-04-28,0.0391566462219492,2.6301706444080786,ComboStack-PoolB_GARCH_Neural,test
2025-04-28,2025-04-29,0.0016617646152264,2.359702846578042,ComboStack-PoolB_GARCH_Neural,test
2025-04-29,2025-05-05,1.2432686189181044,2.0809033261256173,ComboStack-PoolB_GARCH_Neural,test
2025-05-05,2025-05-06,0.0234403346988041,1.3035856415233762,ComboStack-PoolB_GARCH_Neural,test
2025-05-06,2025-05-07,0.4565410925067849,1.183204992887348,ComboStack-PoolB_GARCH_Neural,test
2025-05-07,2025-05-08,2.377733233918144,1.109637566264853,ComboStack-PoolB_GARCH_Neural,test
2025-05-08,2025-05-09,0.0388387388391833,1.0679382895889866,ComboStack-PoolB_GARCH_Neural,test
2025-05-09,2025-05-12,1.5662677776101377,1.0532541072088464,ComboStack-PoolB_GARCH_Neural,test
2025-05-12,2025-05-13,0.6231348828577624,1.0170644364724568,ComboStack-PoolB_GARCH_Neural,test
2025-05-13,2025-05-14,1.5683566422405055,0.9803282942098723,ComboStack-PoolB_GARCH_Neural,test
2025-05-14,2025-05-15,0.0700077382080358,0.9587206735783069,ComboStack-PoolB_GARCH_Neural,test
2025-05-15,2025-05-16,0.816128421348678,0.92777932363397,ComboStack-PoolB_GARCH_Neural,test
2025-05-16,2025-05-19,0.1541807515116988,1.112276340745787,ComboStack-PoolB_GARCH_Neural,test
2025-05-19,2025-05-20,2.0864038037366446,1.139272803146755,ComboStack-PoolB_GARCH_Neural,test
2025-05-20,2025-05-21,0.3586751908572574,1.0882354905298754,ComboStack-PoolB_GARCH_Neural,test
2025-05-21,2025-05-22,0.4879763310352334,1.036986003131951,ComboStack-PoolB_GARCH_Neural,test
2025-05-22,2025-05-23,0.0022258378145528,1.1613039351466594,ComboStack-PoolB_GARCH_Neural,test
2025-05-23,2025-05-26,1.8600723156803831,1.0659818173673368,ComboStack-PoolB_GARCH_Neural,test
2025-05-26,2025-05-27,0.2984907987188625,1.0315311988903386,ComboStack-PoolB_GARCH_Neural,test
2025-05-27,2025-05-28,0.0236037331895616,0.9892900729337148,ComboStack-PoolB_GARCH_Neural,test
2025-05-28,2025-05-29,5.553699144539498e-07,0.9358954166150383,ComboStack-PoolB_GARCH_Neural,test
2025-05-29,2025-05-30,0.4795271728756022,0.8931283571224343,ComboStack-PoolB_GARCH_Neural,test
2025-05-30,2025-06-02,0.0768775248909457,1.0177465094905305,ComboStack-PoolB_GARCH_Neural,test
2025-06-02,2025-06-03,0.6659991384313828,0.9557280155098458,ComboStack-PoolB_GARCH_Neural,test
2025-06-03,2025-06-04,0.0125760569530384,0.9280381935424525,ComboStack-PoolB_GARCH_Neural,test
2025-06-04,2025-06-05,0.0737636944522696,0.907458448560704,ComboStack-PoolB_GARCH_Neural,test
2025-06-05,2025-06-06,0.8339101934074882,0.9099507978257073,ComboStack-PoolB_GARCH_Neural,test
2025-06-06,2025-06-09,2.1415615006193414,1.1127930683950424,ComboStack-PoolB_GARCH_Neural,test
2025-06-09,2025-06-10,0.1857120921961249,1.4841578520085084,ComboStack-PoolB_GARCH_Neural,test
2025-06-10,2025-06-11,0.0061284527471124,1.341460085051689,ComboStack-PoolB_GARCH_Neural,test
2025-06-11,2025-06-12,0.348758893746006,1.23840278183056,ComboStack-PoolB_GARCH_Neural,test
2025-06-12,2025-06-13,0.3232043851233978,1.1567820891740945,ComboStack-PoolB_GARCH_Neural,test
2025-06-13,2025-06-16,2.90666722935662,1.2513487379899564,ComboStack-PoolB_GARCH_Neural,test
2025-06-16,2025-06-17,0.5089174637565245,1.1553464131693107,ComboStack-PoolB_GARCH_Neural,test
2025-06-17,2025-06-18,0.0040746855610125,1.083142190187005,ComboStack-PoolB_GARCH_Neural,test
2025-06-18,2025-06-19,0.1490639362511987,1.035071416358163,ComboStack-PoolB_GARCH_Neural,test
2025-06-19,2025-06-20,0.0396634294929435,0.9694856864675836,ComboStack-PoolB_GARCH_Neural,test
2025-06-20,2025-06-23,0.4254396112184308,0.9782055216817103,ComboStack-PoolB_GARCH_Neural,test
2025-06-23,2025-06-24,0.3974954121903902,0.9244360125177511,ComboStack-PoolB_GARCH_Neural,test
2025-06-24,2025-06-25,2.141289912653593e-06,0.9021877037853809,ComboStack-PoolB_GARCH_Neural,test
2025-06-25,2025-06-26,0.0062490303873797,0.8561878245214489,ComboStack-PoolB_GARCH_Neural,test
2025-06-26,2025-06-27,0.1777576915183636,0.8302805545982617,ComboStack-PoolB_GARCH_Neural,test
2025-06-27,2025-06-30,0.1135910808511721,0.8048160397389215,ComboStack-PoolB_GARCH_Neural,test
2025-06-30,2025-07-01,0.0165236945249244,0.7755576601566572,ComboStack-PoolB_GARCH_Neural,test
2025-07-01,2025-07-02,0.2388288030529801,0.7434636259335389,ComboStack-PoolB_GARCH_Neural,test
2025-07-02,2025-07-03,0.0361488680610222,0.733585134640325,ComboStack-PoolB_GARCH_Neural,test
2025-07-03,2025-07-04,0.1309520910154639,0.787377757228573,ComboStack-PoolB_GARCH_Neural,test
2025-07-04,2025-07-07,1.1709559965363006,0.7411083417359401,ComboStack-PoolB_GARCH_Neural,test
2025-07-07,2025-07-08,0.904778187332118,0.7624096321513204,ComboStack-PoolB_GARCH_Neural,test
2025-07-08,2025-07-09,1.241559484315582,0.7537329317858366,ComboStack-PoolB_GARCH_Neural,test
2025-07-09,2025-07-10,0.9910271514632224,0.7717259372196436,ComboStack-PoolB_GARCH_Neural,test
2025-07-10,2025-07-11,0.6970381226212395,0.7395503400390784,ComboStack-PoolB_GARCH_Neural,test
2025-07-11,2025-07-14,0.7477170344432008,0.7492063207235506,ComboStack-PoolB_GARCH_Neural,test
2025-07-14,2025-07-15,0.4444265080916222,0.7456925817805,ComboStack-PoolB_GARCH_Neural,test
2025-07-15,2025-07-16,0.1995824056263008,0.8744274682570305,ComboStack-PoolB_GARCH_Neural,test
2025-07-16,2025-07-17,2.3820294026445814,0.8416787665206317,ComboStack-PoolB_GARCH_Neural,test
2025-07-17,2025-07-18,0.2369058350764768,0.8440144841429601,ComboStack-PoolB_GARCH_Neural,test
2025-07-18,2025-07-21,0.6726766922283197,0.8306224966226642,ComboStack-PoolB_GARCH_Neural,test
2025-07-21,2025-07-22,2.6753597330452594,0.982193241537948,ComboStack-PoolB_GARCH_Neural,test
2025-07-22,2025-07-23,0.033610422134737,0.9428491067605997,ComboStack-PoolB_GARCH_Neural,test
2025-07-23,2025-07-24,0.3298066193429415,0.9259563322238471,ComboStack-PoolB_GARCH_Neural,test
2025-07-24,2025-07-25,0.4388880259346913,0.896442615339379,ComboStack-PoolB_GARCH_Neural,test
2025-07-25,2025-07-28,2.898363616722053,0.8741218779932396,ComboStack-PoolB_GARCH_Neural,test
2025-07-28,2025-07-29,17.613558540836202,0.8829271022948819,ComboStack-PoolB_GARCH_Neural,test
2025-07-29,2025-07-30,0.8980946651524866,3.4339248201984436,ComboStack-PoolB_GARCH_Neural,test
2025-07-30,2025-07-31,0.1152726694915896,2.841601526264301,ComboStack-PoolB_GARCH_Neural,test
2025-07-31,2025-08-01,0.1152726694915833,2.540505505248495,ComboStack-PoolB_GARCH_Neural,test
2025-08-01,2025-08-04,1.834710119502004,2.1210370759403254,ComboStack-PoolB_GARCH_Neural,test
2025-08-04,2025-08-05,1.520412348936557,1.9065067268796696,ComboStack-PoolB_GARCH_Neural,test
2025-08-05,2025-08-06,2.8972670658789563,1.8107216342569787,ComboStack-PoolB_GARCH_Neural,test
2025-08-06,2025-08-07,0.2635664108766646,1.6806526291549235,ComboStack-PoolB_GARCH_Neural,test
2025-08-07,2025-08-08,0.039326859883716,1.522156138918918,ComboStack-PoolB_GARCH_Neural,test
2025-08-08,2025-08-11,0.9422556417684452,1.3823718707669892,ComboStack-PoolB_GARCH_Neural,test
2025-08-11,2025-08-12,0.2369869845385009,1.3131312949959386,ComboStack-PoolB_GARCH_Neural,test
2025-08-12,2025-08-13,0.0440788772156527,1.2253025889418228,ComboStack-PoolB_GARCH_Neural,test
2025-08-13,2025-08-14,3.200310161092739,1.1514560680718633,ComboStack-PoolB_GARCH_Neural,test
2025-08-14,2025-08-15,0.4273067256056122,1.1853220406264464,ComboStack-PoolB_GARCH_Neural,test
2025-08-15,2025-08-18,0.1521280158050796,1.2731343298027569,ComboStack-PoolB_GARCH_Neural,test
2025-08-18,2025-08-19,1.174434797614126,1.174109433354613,ComboStack-PoolB_GARCH_Neural,test
2025-08-19,2025-08-20,0.3749305014941085,1.1636165028410521,ComboStack-PoolB_GARCH_Neural,test
2025-08-20,2025-08-21,1.989152286945736,1.1291729581662144,ComboStack-PoolB_GARCH_Neural,test
2025-08-21,2025-08-22,6.511855987425645,1.1233467901524454,ComboStack-PoolB_GARCH_Neural,test
2025-08-22,2025-08-25,3.721774310323592,2.069505114692161,ComboStack-PoolB_GARCH_Neural,test
2025-08-25,2025-08-26,10.672831463331164,2.5652442857833844,ComboStack-PoolB_GARCH_Neural,test
2025-08-26,2025-08-27,0.1033600134238672,2.4539222148230317,ComboStack-PoolB_GARCH_Neural,test
2025-08-27,2025-08-28,0.2196933006813634,2.0717598282223744,ComboStack-PoolB_GARCH_Neural,test
2025-08-28,2025-08-29,0.0064454873601164,1.7763304474249964,ComboStack-PoolB_GARCH_Neural,test
2025-08-29,2025-09-03,0.0029279074904991,1.5466283468142419,ComboStack-PoolB_GARCH_Neural,test
2025-09-03,2025-09-04,0.7878709714332047,1.3857885942667991,ComboStack-PoolB_GARCH_Neural,test
2025-09-04,2025-09-05,3.0401082196490887,1.3171412112654053,ComboStack-PoolB_GARCH_Neural,test
2025-09-05,2025-09-08,6.650758234823594,1.8165292705562885,ComboStack-PoolB_GARCH_Neural,test
2025-09-08,2025-09-09,0.6150034620566089,2.737142869018082,ComboStack-PoolB_GARCH_Neural,test
2025-09-09,2025-09-10,0.1311392104891743,2.3061586905186227,ComboStack-PoolB_GARCH_Neural,test
2025-09-10,2025-09-11,0.7707413531131861,1.9553561047791113,ComboStack-PoolB_GARCH_Neural,test
2025-09-11,2025-09-12,0.3272182232185671,1.7557895992939396,ComboStack-PoolB_GARCH_Neural,test
2025-09-12,2025-09-15,1.1076835127457196,1.55487524007373,ComboStack-PoolB_GARCH_Neural,test
2025-09-15,2025-09-16,0.0564941879844652,1.4567230897977703,ComboStack-PoolB_GARCH_Neural,test
2025-09-16,2025-09-17,0.3510643230345384,1.3631583469726878,ComboStack-PoolB_GARCH_Neural,test
2025-09-17,2025-09-18,0.1204832995414096,1.3808261274740072,ComboStack-PoolB_GARCH_Neural,test
2025-09-18,2025-09-19,0.1558113286329437,1.3232292101584857,ComboStack-PoolB_GARCH_Neural,test
2025-09-19,2025-09-22,2.1548992233102013,1.286533748063532,ComboStack-PoolB_GARCH_Neural,test
2025-09-22,2025-09-23,0.0024547743448737,1.662610341996878,ComboStack-PoolB_GARCH_Neural,test
2025-09-23,2025-09-24,1.8183165781347828,1.4356365705671452,ComboStack-PoolB_GARCH_Neural,test
2025-09-24,2025-09-25,0.2696988542084727,1.3867885318253101,ComboStack-PoolB_GARCH_Neural,test
2025-09-25,2025-09-26,0.1049995667244043,1.2698724227614797,ComboStack-PoolB_GARCH_Neural,test
2025-09-26,2025-09-29,0.1207157531709924,1.2245440287662748,ComboStack-PoolB_GARCH_Neural,test
2025-09-29,2025-09-30,0.0825092745825899,1.1216768841953235,ComboStack-PoolB_GARCH_Neural,test
2025-09-30,2025-10-01,0.0405610853854958,1.1082999622465672,ComboStack-PoolB_GARCH_Neural,test
2025-10-01,2025-10-02,0.5533556929381476,1.0047331693691703,ComboStack-PoolB_GARCH_Neural,test
2025-10-02,2025-10-03,0.1745254722126338,1.1228972119885159,ComboStack-PoolB_GARCH_Neural,test
2025-10-03,2025-10-06,8.84404690494525,1.1330973179449138,ComboStack-PoolB_GARCH_Neural,test
2025-10-06,2025-10-07,0.3641027934298682,1.2951573734676776,ComboStack-PoolB_GARCH_Neural,test
2025-10-07,2025-10-08,0.5486921315455813,1.3214635811494873,ComboStack-PoolB_GARCH_Neural,test
2025-10-08,2025-10-09,1.1922218605244943,1.2353005158105388,ComboStack-PoolB_GARCH_Neural,test
2025-10-09,2025-10-10,3.220212549761636,1.2012211168271245,ComboStack-PoolB_GARCH_Neural,test
2025-10-10,2025-10-13,1.0007740943267542,1.230937990534219,ComboStack-PoolB_GARCH_Neural,test
2025-10-13,2025-10-14,0.0530277849803774,1.1879754086699945,ComboStack-PoolB_GARCH_Neural,test
2025-10-14,2025-10-15,0.0312420838438003,1.1338037831074055,ComboStack-PoolB_GARCH_Neural,test
2025-10-15,2025-10-16,0.2550192069697773,1.0661230560636017,ComboStack-PoolB_GARCH_Neural,test
2025-10-16,2025-10-17,4.157221997254808,1.015128166354029,ComboStack-PoolB_GARCH_Neural,test
2025-10-17,2025-10-20,31.687885302040943,1.6626969473061213,ComboStack-PoolB_GARCH_Neural,test
2025-10-20,2025-10-21,2.6780326889178614,5.738141214615613,ComboStack-PoolB_GARCH_Neural,test
2025-10-21,2025-10-22,0.8133878588699036,4.537596507952972,ComboStack-PoolB_GARCH_Neural,test
2025-10-22,2025-10-23,0.2587585559528909,3.5978476426988455,ComboStack-PoolB_GARCH_Neural,test
2025-10-23,2025-10-24,0.053015415411533,2.882239123159595,ComboStack-PoolB_GARCH_Neural,test
2025-10-24,2025-10-27,3.375069844215606,2.397081874936977,ComboStack-PoolB_GARCH_Neural,test
2025-10-27,2025-10-28,2.814969211801454,2.8231212594976016,ComboStack-PoolB_GARCH_Neural,test
2025-10-28,2025-10-29,0.1002770987516237,2.494758265423858,ComboStack-PoolB_GARCH_Neural,test
2025-10-29,2025-10-30,0.939332335111435,2.082919093343122,ComboStack-PoolB_GARCH_Neural,test
2025-10-30,2025-10-31,3.2700587697209347,2.1166904259480357,ComboStack-PoolB_GARCH_Neural,test
2025-10-31,2025-11-03,1.9349432702427485,2.5603365829035094,ComboStack-PoolB_GARCH_Neural,test
2025-11-03,2025-11-04,4.580450857721864,2.7878921092819176,ComboStack-PoolB_GARCH_Neural,test
2025-11-04,2025-11-05,0.0309750452194787,2.5193187457517285,ComboStack-PoolB_GARCH_Neural,test
2025-11-05,2025-11-06,0.5520248822173379,2.046011614459698,ComboStack-PoolB_GARCH_Neural,test
2025-11-06,2025-11-07,7.216601336017348,1.986265790419345,ComboStack-PoolB_GARCH_Neural,test
2025-11-07,2025-11-10,1.3629185312754708,3.1224919406295286,ComboStack-PoolB_GARCH_Neural,test
2025-11-10,2025-11-11,0.6782053056730832,3.0487105454089063,ComboStack-PoolB_GARCH_Neural,test
2025-11-11,2025-11-12,5.625713037940661,2.5172476636783463,ComboStack-PoolB_GARCH_Neural,test
2025-11-12,2025-11-13,0.000662589539105,2.3409879670086444,ComboStack-PoolB_GARCH_Neural,test
2025-11-13,2025-11-14,0.0605676682080504,1.8982487491205506,ComboStack-PoolB_GARCH_Neural,test
2025-11-14,2025-11-17,1.328575255573558,1.6104975069270442,ComboStack-PoolB_GARCH_Neural,test
2025-11-17,2025-11-18,0.1101519148224003,1.5045677683910657,ComboStack-PoolB_GARCH_Neural,test
2025-11-18,2025-11-19,0.4356481626659925,1.3394771536255434,ComboStack-PoolB_GARCH_Neural,test
2025-11-19,2025-11-20,0.1789267767214806,1.4019147504216372,ComboStack-PoolB_GARCH_Neural,test
2025-11-20,2025-11-21,0.0040999105070223,1.270781220964624,ComboStack-PoolB_GARCH_Neural,test
2025-11-21,2025-11-24,0.6169476621587812,1.1547647748679992,ComboStack-PoolB_GARCH_Neural,test
2025-11-24,2025-11-25,0.2096602420348715,1.0974409872126152,ComboStack-PoolB_GARCH_Neural,test
2025-11-25,2025-11-26,1.433673327817772,1.124229715854737,ComboStack-PoolB_GARCH_Neural,test
2025-11-26,2025-11-27,0.0554068207335508,1.1121245990833177,ComboStack-PoolB_GARCH_Neural,test
2025-11-27,2025-11-28,0.1562015926240177,1.0176330935950983,ComboStack-PoolB_GARCH_Neural,test
2025-11-28,2025-12-01,0.39639182484541,0.9554641392791761,ComboStack-PoolB_GARCH_Neural,test
2025-12-01,2025-12-02,0.8106128656312585,0.9149700931700115,ComboStack-PoolB_GARCH_Neural,test
2025-12-02,2025-12-03,0.7276910420234725,0.9155196203899032,ComboStack-PoolB_GARCH_Neural,test
2025-12-03,2025-12-04,0.0994544592328996,0.9111136549326131,ComboStack-PoolB_GARCH_Neural,test
2025-12-04,2025-12-05,0.0550277452970135,0.8720239426283634,ComboStack-PoolB_GARCH_Neural,test
2025-12-05,2025-12-08,0.5051234930048776,0.8259741815107726,ComboStack-PoolB_GARCH_Neural,test
2025-12-08,2025-12-09,0.1408736793364905,0.8254798654232027,ComboStack-PoolB_GARCH_Neural,test
2025-12-09,2025-12-10,2.645907078453935,0.8823210214030676,ComboStack-PoolB_GARCH_Neural,test
2025-12-10,2025-12-11,1.3806505812729413,1.3950087168864855,ComboStack-PoolB_GARCH_Neural,test
2025-12-11,2025-12-12,9.667324836347865,1.66146155450611,ComboStack-PoolB_GARCH_Neural,test
2025-12-12,2025-12-15,0.0028567239256699,3.184871047553372,ComboStack-PoolB_GARCH_Neural,test
2025-12-15,2025-12-16,3.980584197891362,2.5075964653418916,ComboStack-PoolB_GARCH_Neural,test
2025-12-16,2025-12-17,0.1084209662548159,2.2706521316470054,ComboStack-PoolB_GARCH_Neural,test
2025-12-17,2025-12-18,0.0392718088641224,1.9878627180515478,ComboStack-PoolB_GARCH_Neural,test
2025-12-18,2025-12-19,2.613324440401082,1.6741765321454491,ComboStack-PoolB_GARCH_Neural,test
2025-12-19,2025-12-22,7.313697947150696,1.5838193727757939,ComboStack-PoolB_GARCH_Neural,test
2025-12-22,2025-12-23,1.4374361396783522,1.665056111202568,ComboStack-PoolB_GARCH_Neural,test
2025-12-23,2025-12-24,0.36034587773515,1.5234263527207668,ComboStack-PoolB_GARCH_Neural,test
2025-12-24,2025-12-25,5.141409326470893,1.3688214401116736,ComboStack-PoolB_GARCH_Neural,test
2025-12-25,2025-12-26,0.5648889447832609,2.2357404402157277,ComboStack-PoolB_GARCH_Neural,test
2025-12-26,2025-12-29,2.0655121585777008,2.142995244642487,ComboStack-PoolB_GARCH_Neural,test
2025-12-29,2025-12-30,0.4690762256667201,1.9404646788112538,ComboStack-PoolB_GARCH_Neural,test
2025-12-30,2025-12-31,0.9813005407165244,1.6818364235755294,ComboStack-PoolB_GARCH_Neural,test
2020-01-02,2020-01-03,0.0250907830256049,0.3813345639066257,ComboStack-PoolB_GARCH_Neural,validation
2020-01-03,2020-01-06,0.9476915195201792,0.366480681145562,ComboStack-PoolB_GARCH_Neural,validation
2020-01-06,2020-01-07,0.104181316002117,0.4516637347568576,ComboStack-PoolB_GARCH_Neural,validation
2020-01-07,2020-01-08,1.0770730792986123,0.42963489182561093,ComboStack-PoolB_GARCH_Neural,validation
2020-01-08,2020-01-09,1.3693209243773992,0.5311999015080757,ComboStack-PoolB_GARCH_Neural,validation
2020-01-09,2020-01-10,0.7569453657796249,0.5689165492606715,ComboStack-PoolB_GARCH_Neural,validation
2020-01-10,2020-01-13,0.0779299678700735,0.5850050575614982,ComboStack-PoolB_GARCH_Neural,validation
2020-01-13,2020-01-14,0.0144073552388825,0.5641323914725764,ComboStack-PoolB_GARCH_Neural,validation
2020-01-14,2020-01-15,0.0033517503388054,0.5172180597450113,ComboStack-PoolB_GARCH_Neural,validation
2020-01-15,2020-01-16,0.483315508188739,0.4713397663695624,ComboStack-PoolB_GARCH_Neural,validation
2020-01-16,2020-01-17,0.2266955412354889,0.4768177290252077,ComboStack-PoolB_GARCH_Neural,validation
2020-01-17,2020-01-20,0.0011366961882311,0.4648319934041004,ComboStack-PoolB_GARCH_Neural,validation
2020-01-20,2020-01-21,0.620613610020936,0.42599918274618953,ComboStack-PoolB_GARCH_Neural,validation
2020-01-21,2020-01-22,0.2649229323580117,0.44068814057242955,ComboStack-PoolB_GARCH_Neural,validation
2020-01-22,2020-01-30,10.681729656091257,0.4351032574433322,ComboStack-PoolB_GARCH_Neural,validation
2020-01-30,2020-01-31,5.865133827993191,1.1326414284362563,ComboStack-PoolB_GARCH_Neural,validation
2020-01-31,2020-02-03,0.8272024151231092,1.7539469879896215,ComboStack-PoolB_GARCH_Neural,validation
2020-02-03,2020-02-04,0.0104658835251161,1.7487604555858585,ComboStack-PoolB_GARCH_Neural,validation
2020-02-04,2020-02-05,0.1175512507127237,1.6113243279118432,ComboStack-PoolB_GARCH_Neural,validation
2020-02-05,2020-02-06,1.8356018915555292,1.5093045427547591,ComboStack-PoolB_GARCH_Neural,validation
2020-02-06,2020-02-07,0.0553168362540114,1.5049592691818003,ComboStack-PoolB_GARCH_Neural,validation
2020-02-07,2020-02-10,1.14665654297727,1.3404186046331166,ComboStack-PoolB_GARCH_Neural,validation
2020-02-10,2020-02-11,0.1784472180385378,1.4096955981262291,ComboStack-PoolB_GARCH_Neural,validation
2020-02-11,2020-02-12,0.1033759850072604,1.2909396831367497,ComboStack-PoolB_GARCH_Neural,validation
2020-02-12,2020-02-13,0.0035645724311596,1.1828666932647312,ComboStack-PoolB_GARCH_Neural,validation
2020-02-13,2020-02-14,0.007095648592579,1.0457713875844306,ComboStack-PoolB_GARCH_Neural,validation
2020-02-14,2020-02-17,0.0819627293788475,0.9273421813612042,ComboStack-PoolB_GARCH_Neural,validation
2020-02-17,2020-02-18,0.5393743252289994,0.8530542012944939,ComboStack-PoolB_GARCH_Neural,validation
2020-02-18,2020-02-19,0.0079935084291448,0.8743261242304403,ComboStack-PoolB_GARCH_Neural,validation
2020-02-19,2020-02-20,1.007648372641439,0.7759428348846384,ComboStack-PoolB_GARCH_Neural,validation
2020-02-20,2020-02-21,0.2901840002942764,0.779696084765956,ComboStack-PoolB_GARCH_Neural,validation
2020-02-21,2020-02-24,10.499319840007198,0.7755741448262534,ComboStack-PoolB_GARCH_Neural,validation
2020-02-24,2020-02-25,0.487607684946675,1.479687741473631,ComboStack-PoolB_GARCH_Neural,validation
2020-02-25,2020-02-26,2.3027959637577347,1.4609743825125188,ComboStack-PoolB_GARCH_Neural,validation
2020-02-26,2020-02-27,0.0757898564940438,1.7023258685830496,ComboStack-PoolB_GARCH_Neural,validation
2020-02-27,2020-02-28,3.3315279697661397,1.5594266483161658,ComboStack-PoolB_GARCH_Neural,validation
2020-02-28,2020-03-02,0.0643087707016609,1.8361463838858638,ComboStack-PoolB_GARCH_Neural,validation
2020-03-02,2020-03-03,0.4848687144344406,1.6361956358466574,ComboStack-PoolB_GARCH_Neural,validation
2020-03-03,2020-03-04,0.0194121329487549,1.5295635577653195,ComboStack-PoolB_GARCH_Neural,validation
2020-03-04,2020-03-05,0.1953921289983395,1.378329776163012,ComboStack-PoolB_GARCH_Neural,validation
2020-03-05,2020-03-06,0.0439125584620563,1.2641006765459044,ComboStack-PoolB_GARCH_Neural,validation
2020-03-06,2020-03-09,42.01600464009923,1.1447833257634037,ComboStack-PoolB_GARCH_Neural,validation
2020-03-09,2020-03-10,0.0577385447930077,3.2504825824733787,ComboStack-PoolB_GARCH_Neural,validation
2020-03-10,2020-03-11,10.062685801317658,2.909892312085014,ComboStack-PoolB_GARCH_Neural,validation
2020-03-11,2020-03-12,28.39132734538161,3.592866847073954,ComboStack-PoolB_GARCH_Neural,validation
2020-03-12,2020-03-13,0.9522274265858316,5.1011563031232345,ComboStack-PoolB_GARCH_Neural,validation
2020-03-13,2020-03-16,3.4010756349170417,4.721737208468578,ComboStack-PoolB_GARCH_Neural,validation
2020-03-16,2020-03-17,0.0775702786503674,4.724579645666084,ComboStack-PoolB_GARCH_Neural,validation
2020-03-17,2020-03-18,0.0633870572758951,4.160945164559899,ComboStack-PoolB_GARCH_Neural,validation
2020-03-18,2020-03-19,8.691271441121467,3.6408622906535575,ComboStack-PoolB_GARCH_Neural,validation
2020-03-19,2020-03-20,5.099806319623413,4.167611865686118,ComboStack-PoolB_GARCH_Neural,validation
2020-03-20,2020-03-23,39.324753398937766,4.375822041283267,ComboStack-PoolB_GARCH_Neural,validation
2020-03-23,2020-03-24,1.2394404253652411,6.3969691236355635,ComboStack-PoolB_GARCH_Neural,validation
2020-03-24,2020-03-25,21.170767602446844,5.83663212231352,ComboStack-PoolB_GARCH_Neural,validation
2020-03-25,2020-03-26,0.3272592319629427,6.259901777613672,ComboStack-PoolB_GARCH_Neural,validation
2020-03-26,2020-03-27,0.0708281107928228,5.455782737804663,ComboStack-PoolB_GARCH_Neural,validation
2020-03-27,2020-03-30,24.77812989942355,4.680001607280829,ComboStack-PoolB_GARCH_Neural,validation
2020-03-30,2020-03-31,0.0016614736162584,6.147304341156767,ComboStack-PoolB_GARCH_Neural,validation
2020-03-31,2020-04-01,6.951204185299923,5.201159438282321,ComboStack-PoolB_GARCH_Neural,validation
2020-04-01,2020-04-03,9.745314866975544,5.893381352542935,ComboStack-PoolB_GARCH_Neural,validation
2020-04-03,2020-04-06,23.61975403181723,5.757993784825594,ComboStack-PoolB_GARCH_Neural,validation
2020-04-06,2020-04-07,1.7959977540981795,6.1338958757463535,ComboStack-PoolB_GARCH_Neural,validation
2020-04-07,2020-04-08,0.031670113685362,5.467508331797711,ComboStack-PoolB_GARCH_Neural,validation
2020-04-08,2020-04-09,2.664349091269905,4.677161499308381,ComboStack-PoolB_GARCH_Neural,validation
2020-04-09,2020-04-10,0.0991193599969613,4.343512483318471,ComboStack-PoolB_GARCH_Neural,validation
2020-04-10,2020-04-13,1.0616734405284087,3.847241974374508,ComboStack-PoolB_GARCH_Neural,validation
2020-04-13,2020-04-14,0.044657326796299,3.500815472308073,ComboStack-PoolB_GARCH_Neural,validation
2020-04-14,2020-04-15,1.6134694756828007,3.050962796037597,ComboStack-PoolB_GARCH_Neural,validation
2020-04-15,2020-04-16,0.1995857905304535,2.848722076457952,ComboStack-PoolB_GARCH_Neural,validation
2020-04-16,2020-04-17,1.2849435357813008,2.5322213872903263,ComboStack-PoolB_GARCH_Neural,validation
2020-04-17,2020-04-20,0.4593979249949131,2.3641999620028042,ComboStack-PoolB_GARCH_Neural,validation
2020-04-20,2020-04-21,12.978873344019766,2.147847557736155,ComboStack-PoolB_GARCH_Neural,validation
2020-04-21,2020-04-22,0.0733737116381983,3.219236469995932,ComboStack-PoolB_GARCH_Neural,validation
2020-04-22,2020-04-23,0.4184349588364568,2.790935108980553,ComboStack-PoolB_GARCH_Neural,validation
2020-04-23,2020-04-24,0.1258182196300893,2.5371762565362515,ComboStack-PoolB_GARCH_Neural,validation
2020-04-24,2020-04-27,0.5795257679139346,2.2745524369158705,ComboStack-PoolB_GARCH_Neural,validation
2020-04-27,2020-04-28,0.2143187476000118,2.219531554913092,ComboStack-PoolB_GARCH_Neural,validation
2020-04-28,2020-04-29,0.0611792667418572,2.0667347048021663,ComboStack-PoolB_GARCH_Neural,validation
2020-04-29,2020-05-04,0.7518344451734201,1.8425583737294584,ComboStack-PoolB_GARCH_Neural,validation
2020-05-04,2020-05-05,0.0490191944837796,1.7898253915607245,ComboStack-PoolB_GARCH_Neural,validation
2020-05-05,2020-05-06,5.6795185291388,1.6002670546320614,ComboStack-PoolB_GARCH_Neural,validation
2020-05-06,2020-05-07,3.121729248484887,1.734655254363717,ComboStack-PoolB_GARCH_Neural,validation
2020-05-07,2020-05-08,4.558766386917776,1.753401550148493,ComboStack-PoolB_GARCH_Neural,validation
2020-05-08,2020-05-11,3.1623544686065705,1.8276321891563194,ComboStack-PoolB_GARCH_Neural,validation
2020-05-11,2020-05-12,0.7061476617266061,1.852382202408928,ComboStack-PoolB_GARCH_Neural,validation
2020-05-12,2020-05-13,0.0176814396147646,1.7438040110104118,ComboStack-PoolB_GARCH_Neural,validation
2020-05-13,2020-05-14,0.0471790852184788,1.5873450875141144,ComboStack-PoolB_GARCH_Neural,validation
2020-05-14,2020-05-15,0.4188839500568042,1.475546923326636,ComboStack-PoolB_GARCH_Neural,validation
2020-05-15,2020-05-18,1.4388117144550177,1.4720564329076358,ComboStack-PoolB_GARCH_Neural,validation
2020-05-18,2020-05-19,1.1212214832868546,1.4523514101398771,ComboStack-PoolB_GARCH_Neural,validation
2020-05-19,2020-05-20,0.6772038230630518,1.4122004546779658,ComboStack-PoolB_GARCH_Neural,validation
2020-05-20,2020-05-21,1.3105093570623978,1.3481742961295933,ComboStack-PoolB_GARCH_Neural,validation
2020-05-21,2020-05-22,1.3565460202551032,1.319893973708984,ComboStack-PoolB_GARCH_Neural,validation
2020-05-22,2020-05-25,0.541812619677385,1.4534238335773086,ComboStack-PoolB_GARCH_Neural,validation
2020-05-25,2020-05-26,1.3635757531139376,1.3798204250903081,ComboStack-PoolB_GARCH_Neural,validation
2020-05-26,2020-05-27,1.8211114283606344,1.361568147328976,ComboStack-PoolB_GARCH_Neural,validation
2020-05-27,2020-05-28,0.2069802660068541,1.5431753764160758,ComboStack-PoolB_GARCH_Neural,validation
2020-05-28,2020-05-29,0.1273946587706487,1.4337465507249325,ComboStack-PoolB_GARCH_Neural,validation
2020-05-29,2020-06-01,2.6545527294324818,1.3220862835176699,ComboStack-PoolB_GARCH_Neural,validation
2020-06-01,2020-06-02,0.1948438272852952,1.3508170418765797,ComboStack-PoolB_GARCH_Neural,validation
2020-06-02,2020-06-03,0.526391032778092,1.30532651080156,ComboStack-PoolB_GARCH_Neural,validation
2020-06-03,2020-06-04,0.0956890209261397,1.2443936817773125,ComboStack-PoolB_GARCH_Neural,validation
2020-06-04,2020-06-05,0.068711754863941,1.154640041371131,ComboStack-PoolB_GARCH_Neural,validation
2020-06-05,2020-06-08,2.3533534927844846,1.0731536409551419,ComboStack-PoolB_GARCH_Neural,validation
2020-06-08,2020-06-09,0.0029663396470081,1.1154178550260172,ComboStack-PoolB_GARCH_Neural,validation
2020-06-09,2020-06-10,0.0192877721914381,1.0339584540142912,ComboStack-PoolB_GARCH_Neural,validation
2020-06-10,2020-06-11,14.20113167350128,0.9609327585933016,ComboStack-PoolB_GARCH_Neural,validation
2020-06-11,2020-06-12,0.1978991573902568,1.9600640006683938,ComboStack-PoolB_GARCH_Neural,validation
2020-06-12,2020-06-15,13.410151498832947,1.8329954829441735,ComboStack-PoolB_GARCH_Neural,validation
2020-06-15,2020-06-16,7.854033490557961,2.9051327542287644,ComboStack-PoolB_GARCH_Neural,validation
2020-06-16,2020-06-17,0.0390437911460607,3.041488594749568,ComboStack-PoolB_GARCH_Neural,validation
2020-06-17,2020-06-18,0.0094269529730988,2.7371003278335877,ComboStack-PoolB_GARCH_Neural,validation
2020-06-18,2020-06-19,2.3775972708277777,2.41944723551098,ComboStack-PoolB_GARCH_Neural,validation
2020-06-19,2020-06-22,0.0977642075595444,2.3280026687200883,ComboStack-PoolB_GARCH_Neural,validation
2020-06-22,2020-06-23,0.1254074833473004,2.073666490978237,ComboStack-PoolB_GARCH_Neural,validation
2020-06-23,2020-06-24,0.9656953175585764,1.9175895207942952,ComboStack-PoolB_GARCH_Neural,validation
2020-06-24,2020-06-25,0.3568032861992914,1.9691442312018883,ComboStack-PoolB_GARCH_Neural,validation
2020-06-25,2020-06-26,0.0935607015251472,1.8998203042848132,ComboStack-PoolB_GARCH_Neural,validation
2020-06-26,2020-06-29,7.240799310682349,1.7612580057852636,ComboStack-PoolB_GARCH_Neural,validation
2020-06-29,2020-06-30,0.263950183757359,2.395272467849031,ComboStack-PoolB_GARCH_Neural,validation
2020-06-30,2020-07-01,4.853797558668691,2.2224829076451624,ComboStack-PoolB_GARCH_Neural,validation
2020-07-01,2020-07-02,0.0173403520116891,2.3000665030736602,ComboStack-PoolB_GARCH_Neural,validation
2020-07-02,2020-07-03,0.3830874038106421,2.069995962535013,ComboStack-PoolB_GARCH_Neural,validation
2020-07-03,2020-07-06,2.515298700046254,1.9093789939208563,ComboStack-PoolB_GARCH_Neural,validation
2020-07-06,2020-07-07,0.0686927141453309,1.8877993296927222,ComboStack-PoolB_GARCH_Neural,validation
2020-07-07,2020-07-08,0.0156264509294999,1.692315309630606,ComboStack-PoolB_GARCH_Neural,validation
2020-07-08,2020-07-09,1.8878106377661732,1.5128994806850216,ComboStack-PoolB_GARCH_Neural,validation
2020-07-09,2020-07-10,0.3609627180509834,1.511138657850023,ComboStack-PoolB_GARCH_Neural,validation
2020-07-10,2020-07-13,0.0819210906952639,1.4894389883281594,ComboStack-PoolB_GARCH_Neural,validation
2020-07-13,2020-07-14,0.0049340673468667,1.3882187888179516,ComboStack-PoolB_GARCH_Neural,validation
2020-07-14,2020-07-15,0.0429038013029008,1.2568794826599665,ComboStack-PoolB_GARCH_Neural,validation
2020-07-15,2020-07-16,0.6277983835430785,1.140688293448177,ComboStack-PoolB_GARCH_Neural,validation
2020-07-16,2020-07-17,0.3025848721746239,1.0881434855210748,ComboStack-PoolB_GARCH_Neural,validation
2020-07-17,2020-07-20,1.5014548821169582,1.0717093603096388,ComboStack-PoolB_GARCH_Neural,validation
2020-07-20,2020-07-21,0.0011330265098316,1.211271535648578,ComboStack-PoolB_GARCH_Neural,validation
2020-07-21,2020-07-22,0.5929839946327068,1.09543286011564,ComboStack-PoolB_GARCH_Neural,validation
2020-07-22,2020-07-23,0.0380690415470228,1.1292537594218914,ComboStack-PoolB_GARCH_Neural,validation
2020-07-23,2020-07-24,10.714506391324338,1.0298038141752728,ComboStack-PoolB_GARCH_Neural,validation
2020-07-24,2020-07-27,29.71654662116303,1.798795595006308,ComboStack-PoolB_GARCH_Neural,validation
2020-07-27,2020-07-28,12.442241141417854,3.684891579197878,ComboStack-PoolB_GARCH_Neural,validation
2020-07-28,2020-07-29,7.88382185098053,3.961486794799005,ComboStack-PoolB_GARCH_Neural,validation
2020-07-29,2020-07-30,1.6712179001127756,4.588385198589192,ComboStack-PoolB_GARCH_Neural,validation
2020-07-30,2020-07-31,0.1173768950572407,4.284092745025195,ComboStack-PoolB_GARCH_Neural,validation
2020-07-31,2020-08-03,4.064809725455425,3.8238300693854503,ComboStack-PoolB_GARCH_Neural,validation
2020-08-03,2020-08-04,2.475940854259596,3.8749041097116983,ComboStack-PoolB_GARCH_Neural,validation
2020-08-04,2020-08-05,1.5093873640970836,3.6014747150359865,ComboStack-PoolB_GARCH_Neural,validation
2020-08-05,2020-08-06,0.0712944062273411,3.2977830783314883,ComboStack-PoolB_GARCH_Neural,validation
2020-08-06,2020-08-07,0.0285261487999524,2.8941718272538863,ComboStack-PoolB_GARCH_Neural,validation
2020-08-07,2020-08-10,0.0426711422269859,2.550553289965629,ComboStack-PoolB_GARCH_Neural,validation
2020-08-10,2020-08-11,0.0002025643928529,2.2631287919043293,ComboStack-PoolB_GARCH_Neural,validation
2020-08-11,2020-08-12,0.2065144883305979,1.9940698728721427,ComboStack-PoolB_GARCH_Neural,validation
2020-08-12,2020-08-13,0.9127332835843408,1.7936154672550824,ComboStack-PoolB_GARCH_Neural,validation
2020-08-13,2020-08-14,0.255367280706292,1.6845714819884932,ComboStack-PoolB_GARCH_Neural,validation
2020-08-14,2020-08-17,0.0048129527023226,1.607353562507467,ComboStack-PoolB_GARCH_Neural,validation
2020-08-17,2020-08-18,0.1923085427612989,1.4342276596019845,ComboStack-PoolB_GARCH_Neural,validation
2020-08-18,2020-08-19,0.3171223716823505,1.360733731158449,ComboStack-PoolB_GARCH_Neural,validation
2020-08-19,2020-08-20,0.1246527755214606,1.2648696034623728,ComboStack-PoolB_GARCH_Neural,validation
2020-08-20,2020-08-21,0.5953479247893214,1.1962600527185636,ComboStack-PoolB_GARCH_Neural,validation
2020-08-21,2020-08-24,2.601992310993434,1.1499499406949667,ComboStack-PoolB_GARCH_Neural,validation
2020-08-24,2020-08-25,0.3897315001367304,1.210750256456819,ComboStack-PoolB_GARCH_Neural,validation
2020-08-25,2020-08-26,0.0055335984725061,1.1528995839366973,ComboStack-PoolB_GARCH_Neural,validation
2020-08-26,2020-08-27,0.0201247832938772,1.0608641043499567,ComboStack-PoolB_GARCH_Neural,validation
2020-08-27,2020-08-28,0.2371438175251532,0.974928885539856,ComboStack-PoolB_GARCH_Neural,validation
2020-08-28,2020-08-31,0.0919913483576587,0.9347912650228573,ComboStack-PoolB_GARCH_Neural,validation
2020-08-31,2020-09-01,1.2923697898915891,0.8832045197539374,ComboStack-PoolB_GARCH_Neural,validation
2020-09-01,2020-09-03,1.8585263119302429,0.8647813496247709,ComboStack-PoolB_GARCH_Neural,validation
2020-09-03,2020-09-04,0.0724558184717704,0.9063155510690656,ComboStack-PoolB_GARCH_Neural,validation
2020-09-04,2020-09-07,2.20557465755946,0.8844278513597169,ComboStack-PoolB_GARCH_Neural,validation
2020-09-07,2020-09-08,0.045178302752493,1.1240167579899634,ComboStack-PoolB_GARCH_Neural,validation
2020-09-08,2020-09-09,0.0084939812398233,1.048268828894885,ComboStack-PoolB_GARCH_Neural,validation
2020-09-09,2020-09-10,0.003162773705203,0.980811219712346,ComboStack-PoolB_GARCH_Neural,validation
2020-09-10,2020-09-11,0.0002847617108647,0.9036136585118953,ComboStack-PoolB_GARCH_Neural,validation
2020-09-11,2020-09-14,0.3943421427943259,0.8219784877331537,ComboStack-PoolB_GARCH_Neural,validation
2020-09-14,2020-09-15,0.0356225443834294,0.795149184342258,ComboStack-PoolB_GARCH_Neural,validation
2020-09-15,2020-09-16,0.0182018998394976,0.7481465663135294,ComboStack-PoolB_GARCH_Neural,validation
2020-09-16,2020-09-17,0.1466259433788813,0.6911189511198514,ComboStack-PoolB_GARCH_Neural,validation
2020-09-17,2020-09-18,0.5927837774192054,0.6983708819383959,ComboStack-PoolB_GARCH_Neural,validation
2020-09-18,2020-09-21,0.5973025247310948,0.6929314449005548,ComboStack-PoolB_GARCH_Neural,validation
2020-09-21,2020-09-22,0.0372219865301334,0.6972307020939406,ComboStack-PoolB_GARCH_Neural,validation
2020-09-22,2020-09-23,0.4815094749114654,0.6803142371581703,ComboStack-PoolB_GARCH_Neural,validation
2020-09-23,2020-09-24,0.1853426709964717,0.6709042645451455,ComboStack-PoolB_GARCH_Neural,validation
2020-09-24,2020-09-25,0.0011645154128207,0.6917297046575586,ComboStack-PoolB_GARCH_Neural,validation
2020-09-25,2020-09-28,0.2158897933071618,0.6468477824730502,ComboStack-PoolB_GARCH_Neural,validation
2020-09-28,2020-09-29,0.8800033176965605,0.6349679338889117,ComboStack-PoolB_GARCH_Neural,validation
2020-09-29,2020-09-30,0.0184885133347586,0.7534653838358703,ComboStack-PoolB_GARCH_Neural,validation
2020-09-30,2020-10-01,0.9529808677190772,0.7039821185688531,ComboStack-PoolB_GARCH_Neural,validation
2020-10-01,2020-10-02,0.2100701799336074,0.7180614969051424,ComboStack-PoolB_GARCH_Neural,validation
2020-10-02,2020-10-05,0.2733808865752189,0.7590098619053453,ComboStack-PoolB_GARCH_Neural,validation
2020-10-05,2020-10-06,0.0117020561613317,0.7379667203618525,ComboStack-PoolB_GARCH_Neural,validation
2020-10-06,2020-10-07,0.194766708657986,0.7056762717892615,ComboStack-PoolB_GARCH_Neural,validation
2020-10-07,2020-10-08,0.0091636773062023,0.6938432170456335,ComboStack-PoolB_GARCH_Neural,validation
2020-10-08,2020-10-09,0.3136074736535195,0.6673960131624224,ComboStack-PoolB_GARCH_Neural,validation
2020-10-09,2020-10-12,0.039147029875858,0.6522699838497377,ComboStack-PoolB_GARCH_Neural,validation
2020-10-12,2020-10-13,0.1886516440368795,0.6296911286818557,ComboStack-PoolB_GARCH_Neural,validation
2020-10-13,2020-10-14,1.2182219245675234,0.608860614888941,ComboStack-PoolB_GARCH_Neural,validation
2020-10-14,2020-10-15,0.0750977601457549,0.6408794035988763,ComboStack-PoolB_GARCH_Neural,validation
2020-10-15,2020-10-16,0.0032789630718449,0.6299545181781648,ComboStack-PoolB_GARCH_Neural,validation
2020-10-16,2020-10-19,0.0017086378411738,0.6013530319052631,ComboStack-PoolB_GARCH_Neural,validation
2020-10-19,2020-10-20,0.0059793113747856,0.5710379967646966,ComboStack-PoolB_GARCH_Neural,validation
2020-10-20,2020-10-21,0.3275908040251104,0.5508042233058971,ComboStack-PoolB_GARCH_Neural,validation
2020-10-21,2020-10-22,1.3246371755092925,0.5947583488370267,ComboStack-PoolB_GARCH_Neural,validation
2020-10-22,2020-10-23,1.4132948922636843,0.6244010168101806,ComboStack-PoolB_GARCH_Neural,validation
2020-10-23,2020-10-26,1.1970960361828058,0.6697838324801856,ComboStack-PoolB_GARCH_Neural,validation
2020-10-26,2020-10-27,0.2083430476879338,0.8158789030342106,ComboStack-PoolB_GARCH_Neural,validation
2020-10-27,2020-10-28,7.411979475736142,0.8432238191857545,ComboStack-PoolB_GARCH_Neural,validation
2020-10-28,2020-10-29,0.0458453997519621,1.4611609655359912,ComboStack-PoolB_GARCH_Neural,validation
2020-10-29,2020-10-30,0.4800476169952387,1.3886256711899039,ComboStack-PoolB_GARCH_Neural,validation
2020-10-30,2020-11-02,0.7800511650758589,1.3327304286871726,ComboStack-PoolB_GARCH_Neural,validation
2020-11-02,2020-11-03,0.0342682571944602,1.3296435232542596,ComboStack-PoolB_GARCH_Neural,validation
2020-11-03,2020-11-04,0.2152577372300542,1.203883475980966,ComboStack-PoolB_GARCH_Neural,validation
2020-11-04,2020-11-05,0.045844571767648,1.120499238027049,ComboStack-PoolB_GARCH_Neural,validation
2020-11-05,2020-11-06,0.003314082741207,1.0534933890855984,ComboStack-PoolB_GARCH_Neural,validation
2020-11-06,2020-11-09,2.10118385761475,0.960917967111394,ComboStack-PoolB_GARCH_Neural,validation
2020-11-09,2020-11-10,8.938431274224163e-05,1.0067040696750513,ComboStack-PoolB_GARCH_Neural,validation
2020-11-10,2020-11-11,0.0011297213251294,0.9316864936086489,ComboStack-PoolB_GARCH_Neural,validation
2020-11-11,2020-11-12,0.5456632914405392,0.8573858129369842,ComboStack-PoolB_GARCH_Neural,validation
2020-11-12,2020-11-13,0.5301286092359084,0.8399932059934474,ComboStack-PoolB_GARCH_Neural,validation
2020-11-13,2020-11-16,2.614940684665197,0.8328639056240092,ComboStack-PoolB_GARCH_Neural,validation
2020-11-16,2020-11-17,3.5600857195920512,1.1108243122323904,ComboStack-PoolB_GARCH_Neural,validation
2020-11-17,2020-11-18,0.2272651607739751,1.2096787071962232,ComboStack-PoolB_GARCH_Neural,validation
2020-11-18,2020-11-19,0.9890184423772188,1.1525494192723054,ComboStack-PoolB_GARCH_Neural,validation
2020-11-19,2020-11-20,0.4666750014882298,1.1427033229128891,ComboStack-PoolB_GARCH_Neural,validation
2020-11-20,2020-11-23,0.1783704119345972,1.1067724093189444,ComboStack-PoolB_GARCH_Neural,validation
2020-11-23,2020-11-24,0.0248986125796567,1.047444786440364,ComboStack-PoolB_GARCH_Neural,validation
2020-11-24,2020-11-25,0.1754782563587062,0.9755641853376246,ComboStack-PoolB_GARCH_Neural,validation
2020-11-25,2020-11-26,0.3614717362335366,0.9333138310480754,ComboStack-PoolB_GARCH_Neural,validation
2020-11-26,2020-11-27,0.1777363368777613,0.9126212900504806,ComboStack-PoolB_GARCH_Neural,validation
2020-11-27,2020-11-30,0.50308697006867,0.8758282986141959,ComboStack-PoolB_GARCH_Neural,validation
2020-11-30,2020-12-01,0.331272320082079,0.9369196008453855,ComboStack-PoolB_GARCH_Neural,validation
2020-12-01,2020-12-02,0.2902563684716866,0.912915146640926,ComboStack-PoolB_GARCH_Neural,validation
2020-12-02,2020-12-03,0.290315397256232,0.8869167479082339,ComboStack-PoolB_GARCH_Neural,validation
2020-12-03,2020-12-04,0.0274172683613022,0.8630981532419855,ComboStack-PoolB_GARCH_Neural,validation
2020-12-04,2020-12-07,0.6850937253628709,0.8150783328012066,ComboStack-PoolB_GARCH_Neural,validation
2020-12-07,2020-12-08,0.0048900250994697,0.8129999594902293,ComboStack-PoolB_GARCH_Neural,validation
2020-12-08,2020-12-09,0.9108272820038537,0.7764740958702583,ComboStack-PoolB_GARCH_Neural,validation
2020-12-09,2020-12-10,0.6307404981430905,0.7922537705047572,ComboStack-PoolB_GARCH_Neural,validation
2020-12-10,2020-12-11,2.1005332911557746,0.8816445948689153,ComboStack-PoolB_GARCH_Neural,validation
2020-12-11,2020-12-14,2.953190631516623,0.9329616517543428,ComboStack-PoolB_GARCH_Neural,validation
2020-12-14,2020-12-15,0.6927758012586854,1.0098632323398977,ComboStack-PoolB_GARCH_Neural,validation
2020-12-15,2020-12-16,1.2199074044400842,1.105272082649097,ComboStack-PoolB_GARCH_Neural,validation
2020-12-16,2020-12-17,2.0641473967885817,1.10681858845261,ComboStack-PoolB_GARCH_Neural,validation
2020-12-17,2020-12-18,2.192631063716555,1.3444340480911396,ComboStack-PoolB_GARCH_Neural,validation
2020-12-18,2020-12-21,1.6074554836667916,1.366233991183931,ComboStack-PoolB_GARCH_Neural,validation
2020-12-21,2020-12-22,0.0479545490733483,1.3656571796690247,ComboStack-PoolB_GARCH_Neural,validation
2020-12-22,2020-12-23,0.1771055150673424,1.2618387909226232,ComboStack-PoolB_GARCH_Neural,validation
2020-12-23,2020-12-24,1.124406225180995,1.2321335454474336,ComboStack-PoolB_GARCH_Neural,validation
2020-12-24,2020-12-25,2.4671237918391133,1.354814359465182,ComboStack-PoolB_GARCH_Neural,validation
2020-12-25,2020-12-28,0.4034604996523059,1.3833448478203414,ComboStack-PoolB_GARCH_Neural,validation
2020-12-28,2020-12-29,0.5549207078341868,1.3143772851063782,ComboStack-PoolB_GARCH_Neural,validation
2020-12-29,2020-12-30,0.0315106576863239,1.2587473645411804,ComboStack-PoolB_GARCH_Neural,validation
2020-12-30,2020-12-31,0.3307256931476,1.183980662533248,ComboStack-PoolB_GARCH_Neural,validation
2020-12-31,2021-01-04,2.2278705339723945,1.1268969185606388,ComboStack-PoolB_GARCH_Neural,validation
2021-01-04,2021-01-05,1.1499318142027897,1.1688223644385465,ComboStack-PoolB_GARCH_Neural,validation
2021-01-05,2021-01-06,0.8776630886951989,1.1669936238413954,ComboStack-PoolB_GARCH_Neural,validation
2021-01-06,2021-01-07,1.3339004712332734,1.1517245443046358,ComboStack-PoolB_GARCH_Neural,validation
2021-01-07,2021-01-08,0.9288877612518626,1.1578217658656538,ComboStack-PoolB_GARCH_Neural,validation
2021-01-08,2021-01-11,2.138176540768584,1.1483458509890014,ComboStack-PoolB_GARCH_Neural,validation
2021-01-11,2021-01-12,0.3865727035398198,1.1861993052769753,ComboStack-PoolB_GARCH_Neural,validation
2021-01-12,2021-01-13,0.2744693433035448,1.1404467947755421,ComboStack-PoolB_GARCH_Neural,validation
2021-01-13,2021-01-14,0.0129409883939506,1.1567741034365533,ComboStack-PoolB_GARCH_Neural,validation
2021-01-14,2021-01-15,0.3260937940923989,1.072059506993077,ComboStack-PoolB_GARCH_Neural,validation
2021-01-15,2021-01-18,0.0358827142959493,1.032573589962348,ComboStack-PoolB_GARCH_Neural,validation
2021-01-18,2021-01-19,27.541540391562137,0.9884546375622673,ComboStack-PoolB_GARCH_Neural,validation
2021-01-19,2021-01-20,0.1055259451193829,3.1064884947195175,ComboStack-PoolB_GARCH_Neural,validation
2021-01-20,2021-01-21,6.600825920548621,2.6585402700263514,ComboStack-PoolB_GARCH_Neural,validation
2021-01-21,2021-01-22,0.0486234498742934,2.7260834960373317,ComboStack-PoolB_GARCH_Neural,validation
2021-01-22,2021-01-25,0.003916873597976,2.396763085649849,ComboStack-PoolB_GARCH_Neural,validation
2021-01-25,2021-01-26,6.76157056018748,2.108789663648672,ComboStack-PoolB_GARCH_Neural,validation
2021-01-26,2021-01-27,12.16950048366727,2.7684962150828496,ComboStack-PoolB_GARCH_Neural,validation
2021-01-27,2021-01-28,47.71522267260341,3.8460138508903348,ComboStack-PoolB_GARCH_Neural,validation
2021-01-28,2021-01-29,9.864460610625494,7.377025930555399,ComboStack-PoolB_GARCH_Neural,validation
2021-01-29,2021-02-01,4.068938921704016,6.854549801674851,ComboStack-PoolB_GARCH_Neural,validation
2021-02-01,2021-02-02,14.37888811066259,7.084329978724512,ComboStack-PoolB_GARCH_Neural,validation
2021-02-02,2021-02-03,10.698092971323405,7.112710066940792,ComboStack-PoolB_GARCH_Neural,validation
2021-02-03,2021-02-04,0.006553579964635,6.951849994680931,ComboStack-PoolB_GARCH_Neural,validation
2021-02-04,2021-02-05,1.728785632859906,5.79195825152705,ComboStack-PoolB_GARCH_Neural,validation
2021-02-05,2021-02-08,15.664350744194984,5.189335646981937,ComboStack-PoolB_GARCH_Neural,validation
2021-02-08,2021-02-09,8.346588799606792,6.56985939353197,ComboStack-PoolB_GARCH_Neural,validation
2021-02-09,2021-02-17,12.948351612917367,6.302789501841827,ComboStack-PoolB_GARCH_Neural,validation
2021-02-17,2021-02-18,2.5487828873734144,6.358459329769136,ComboStack-PoolB_GARCH_Neural,validation
2021-02-18,2021-02-19,0.0056191882730801,5.737382119123049,ComboStack-PoolB_GARCH_Neural,validation
2021-02-19,2021-02-22,0.0171990965562516,4.8270374981286555,ComboStack-PoolB_GARCH_Neural,validation
2021-02-22,2021-02-23,0.04885188428266,4.089044507723749,ComboStack-PoolB_GARCH_Neural,validation
2021-02-23,2021-02-24,1.7852090551538884,3.5068121525739997,ComboStack-PoolB_GARCH_Neural,validation
2021-02-24,2021-02-25,0.0863685922010339,3.5004414840704654,ComboStack-PoolB_GARCH_Neural,validation
2021-02-25,2021-02-26,0.0678645793866586,3.034451309168062,ComboStack-PoolB_GARCH_Neural,validation
2021-02-26,2021-03-01,2.260340412751501,2.6432352776155206,ComboStack-PoolB_GARCH_Neural,validation
2021-03-01,2021-03-02,0.0013754677373442,2.3955294258138,ComboStack-PoolB_GARCH_Neural,validation
2021-03-02,2021-03-03,0.0008207623047958,2.0657005027926942,ComboStack-PoolB_GARCH_Neural,validation
2021-03-03,2021-03-04,2.448912301147324,1.7960782612646264,ComboStack-PoolB_GARCH_Neural,validation
2021-03-04,2021-03-05,0.0002116227550263,2.0606960162976486,ComboStack-PoolB_GARCH_Neural,validation
2021-03-05,2021-03-08,0.001291980692468,1.8110542562349823,ComboStack-PoolB_GARCH_Neural,validation
2021-03-08,2021-03-09,0.2923761214947155,1.611546045066579,ComboStack-PoolB_GARCH_Neural,validation
2021-03-09,2021-03-10,0.4837594769954144,1.5683442541816248,ComboStack-PoolB_GARCH_Neural,validation
2021-03-10,2021-03-11,0.9815546422643948,1.4806581965093757,ComboStack-PoolB_GARCH_Neural,validation
2021-03-11,2021-03-12,0.0002069778164541,1.446993257986907,ComboStack-PoolB_GARCH_Neural,validation
2021-03-12,2021-03-15,0.0643027332166397,1.2998316238055976,ComboStack-PoolB_GARCH_Neural,validation
2021-03-15,2021-03-16,0.1553706585632092,1.197042486845942,ComboStack-PoolB_GARCH_Neural,validation
2021-03-16,2021-03-17,0.2737899242910557,1.167166053433962,ComboStack-PoolB_GARCH_Neural,validation
2021-03-17,2021-03-18,1.5481332912326575,1.117209182485121,ComboStack-PoolB_GARCH_Neural,validation
2021-03-18,2021-03-19,0.3310498706600423,1.149008706641938,ComboStack-PoolB_GARCH_Neural,validation
2021-03-19,2021-03-22,0.0010124742198036,1.1629334220536418,ComboStack-PoolB_GARCH_Neural,validation
2021-03-22,2021-03-23,0.8528859825364001,1.0659495690396255,ComboStack-PoolB_GARCH_Neural,validation
2021-03-23,2021-03-24,3.405784484981233,1.1608225247552726,ComboStack-PoolB_GARCH_Neural,validation
2021-03-24,2021-03-25,0.012314795662716,1.5124145644855653,ComboStack-PoolB_GARCH_Neural,validation
2021-03-25,2021-03-26,0.0058597397555957,1.3664236006764294,ComboStack-PoolB_GARCH_Neural,validation
2021-03-26,2021-03-29,1.3278733275984689,1.2438340132036538,ComboStack-PoolB_GARCH_Neural,validation
2021-03-29,2021-03-30,0.8177751702540456,1.2526992724746484,ComboStack-PoolB_GARCH_Neural,validation
2021-03-30,2021-03-31,0.1825736474519551,1.2367686617125695,ComboStack-PoolB_GARCH_Neural,validation
2021-03-31,2021-04-01,4.196908399032827,1.16671827816347,ComboStack-PoolB_GARCH_Neural,validation
2021-04-01,2021-04-02,0.4682318073785952,1.2782150155953391,ComboStack-PoolB_GARCH_Neural,validation
2021-04-02,2021-04-05,0.8890694068712227,1.23428654396349,ComboStack-PoolB_GARCH_Neural,validation
2021-04-05,2021-04-06,0.0997492041629095,1.2220240169530094,ComboStack-PoolB_GARCH_Neural,validation
2021-04-06,2021-04-07,0.0380161793184628,1.1431720010421498,ComboStack-PoolB_GARCH_Neural,validation
2021-04-07,2021-04-08,0.3656617949695199,1.0621320209337082,ComboStack-PoolB_GARCH_Neural,validation
2021-04-08,2021-04-09,0.0685939299115526,1.0959942124788897,ComboStack-PoolB_GARCH_Neural,validation
2021-04-09,2021-04-12,2.801867566535839,1.0542677757367929,ComboStack-PoolB_GARCH_Neural,validation
2021-04-12,2021-04-13,0.1085685992002533,1.154304537533036,ComboStack-PoolB_GARCH_Neural,validation
2021-04-13,2021-04-14,0.3626329687997453,1.127711859688949,ComboStack-PoolB_GARCH_Neural,validation
2021-04-14,2021-04-15,0.4743671604836424,1.0780991986194381,ComboStack-PoolB_GARCH_Neural,validation
2021-04-15,2021-04-16,0.4720531246781877,1.1305448445898172,ComboStack-PoolB_GARCH_Neural,validation
2021-04-16,2021-04-19,3.0629959648129166,1.1880481794255906,ComboStack-PoolB_GARCH_Neural,validation
2021-04-19,2021-04-20,0.3708468135979464,1.269294627557147,ComboStack-PoolB_GARCH_Neural,validation
2021-04-20,2021-04-22,10.511479982603742,1.2184056299009896,ComboStack-PoolB_GARCH_Neural,validation
2021-04-22,2021-04-23,2.7977982020669034,2.2055928853202706,ComboStack-PoolB_GARCH_Neural,validation
2021-04-23,2021-04-26,7.069875969155051,2.1628734002612724,ComboStack-PoolB_GARCH_Neural,validation
2021-04-26,2021-04-27,0.1068177702515163,2.9142863032762,ComboStack-PoolB_GARCH_Neural,validation
2021-04-27,2021-04-28,0.6403727056381737,2.5120208207519057,ComboStack-PoolB_GARCH_Neural,validation
2021-04-28,2021-04-29,0.6353802562532533,2.2754117781600436,ComboStack-PoolB_GARCH_Neural,validation
2021-04-29,2021-05-04,0.0512876666991909,2.0751301219622125,ComboStack-PoolB_GARCH_Neural,validation
2021-05-04,2021-05-05,1.2974041483688885,1.826617782717819,ComboStack-PoolB_GARCH_Neural,validation
2021-05-05,2021-05-06,0.2185486546328746,1.7537572798004177,ComboStack-PoolB_GARCH_Neural,validation
2021-05-06,2021-05-07,0.494132324659674,1.6605900037980281,ComboStack-PoolB_GARCH_Neural,validation
2021-05-07,2021-05-10,2.018769062145057,1.6501752981747786,ComboStack-PoolB_GARCH_Neural,validation
2021-05-10,2021-05-11,0.0792094524228185,1.6544919347644769,ComboStack-PoolB_GARCH_Neural,validation
2021-05-11,2021-05-12,1.0683689670129952,1.5187437182010153,ComboStack-PoolB_GARCH_Neural,validation
2021-05-12,2021-05-13,0.3147510754643727,1.4730942525867192,ComboStack-PoolB_GARCH_Neural,validation
2021-05-13,2021-05-14,0.1194948927270032,1.4341661725225539,ComboStack-PoolB_GARCH_Neural,validation
2021-05-14,2021-05-17,0.3681093008020274,1.3114141510515787,ComboStack-PoolB_GARCH_Neural,validation
2021-05-17,2021-05-18,0.2298422025837693,1.3114833408375735,ComboStack-PoolB_GARCH_Neural,validation
2021-05-18,2021-05-19,0.6085100033578476,1.28189482756166,ComboStack-PoolB_GARCH_Neural,validation
2021-05-19,2021-05-20,1.5332689494683411,1.2414821844415314,ComboStack-PoolB_GARCH_Neural,validation
2021-05-20,2021-05-21,0.1986664550105345,1.2730463119194946,ComboStack-PoolB_GARCH_Neural,validation
2021-05-21,2021-05-24,1.1845107713600658,1.179109664326676,ComboStack-PoolB_GARCH_Neural,validation
2021-05-24,2021-05-25,0.6615170731155926,1.1874445995327165,ComboStack-PoolB_GARCH_Neural,validation
2021-05-25,2021-05-26,0.3826692450882292,1.1643120179831836,ComboStack-PoolB_GARCH_Neural,validation
2021-05-26,2021-05-27,1.0043951904267852,1.1221125635346343,ComboStack-PoolB_GARCH_Neural,validation
2021-05-27,2021-05-28,1.65727162339538,1.250580868864504,ComboStack-PoolB_GARCH_Neural,validation
2021-05-28,2021-05-31,0.3285055315434949,1.2849943307922564,ComboStack-PoolB_GARCH_Neural,validation
2021-05-31,2021-06-01,0.5328741181290064,1.211724621843749,ComboStack-PoolB_GARCH_Neural,validation
2021-06-01,2021-06-02,0.0501764701325494,1.1540538608680544,ComboStack-PoolB_GARCH_Neural,validation
2021-06-02,2021-06-03,3.01900451692919,1.0672728287316617,ComboStack-PoolB_GARCH_Neural,validation
2021-06-03,2021-06-04,0.5091916058927975,1.1801704866376839,ComboStack-PoolB_GARCH_Neural,validation
2021-06-04,2021-06-07,1.2488833393722787,1.144094322112517,ComboStack-PoolB_GARCH_Neural,validation
2021-06-07,2021-06-08,8.436942215340656,1.3097465778289856,ComboStack-PoolB_GARCH_Neural,validation
2021-06-08,2021-06-09,0.9635770887636846,2.181209019274161,ComboStack-PoolB_GARCH_Neural,validation
2021-06-09,2021-06-10,0.4923594509595709,2.0189297576170797,ComboStack-PoolB_GARCH_Neural,validation
2021-06-10,2021-06-11,4.4320627369374535,1.9444732175637345,ComboStack-PoolB_GARCH_Neural,validation
2021-06-11,2021-06-14,0.5411007585268014,2.0312291466391144,ComboStack-PoolB_GARCH_Neural,validation
2021-06-14,2021-06-15,0.1708389534964715,1.8391695541687223,ComboStack-PoolB_GARCH_Neural,validation
2021-06-15,2021-06-16,0.6335008462154236,1.6440978904494257,ComboStack-PoolB_GARCH_Neural,validation
2021-06-16,2021-06-17,0.0626639901398827,1.6619345291261836,ComboStack-PoolB_GARCH_Neural,validation
2021-06-17,2021-06-18,1.7005139602823875,1.4900670598545114,ComboStack-PoolB_GARCH_Neural,validation
2021-06-18,2021-06-21,0.1396997155457911,1.5063894231339676,ComboStack-PoolB_GARCH_Neural,validation
2021-06-21,2021-06-22,0.284425125779956,1.4222035184528254,ComboStack-PoolB_GARCH_Neural,validation
2021-06-22,2021-06-23,0.0505778800491605,1.3245271643220442,ComboStack-PoolB_GARCH_Neural,validation
2021-06-23,2021-06-24,0.042756846647676,1.2269819179925163,ComboStack-PoolB_GARCH_Neural,validation
2021-06-24,2021-06-25,0.5639250493998573,1.1177717790817339,ComboStack-PoolB_GARCH_Neural,validation
2021-06-25,2021-06-28,1.2596863062253096,1.0883244254953732,ComboStack-PoolB_GARCH_Neural,validation
2021-06-28,2021-06-29,0.0902656153029111,1.1106000432787155,ComboStack-PoolB_GARCH_Neural,validation
2021-06-29,2021-06-30,0.0111781207193246,1.0318395830382021,ComboStack-PoolB_GARCH_Neural,validation
2021-06-30,2021-07-01,0.3645273399631648,0.9552382520186757,ComboStack-PoolB_GARCH_Neural,validation
2021-07-01,2021-07-02,0.0505610286336511,0.9352410027946125,ComboStack-PoolB_GARCH_Neural,validation
2021-07-02,2021-07-05,0.4168242183273023,0.885308460955903,ComboStack-PoolB_GARCH_Neural,validation
2021-07-05,2021-07-06,16.601013312283214,0.9535657485807674,ComboStack-PoolB_GARCH_Neural,validation
2021-07-06,2021-07-07,6.058281445881023,2.6297957297864722,ComboStack-PoolB_GARCH_Neural,validation
2021-07-07,2021-07-08,1.0078273448945338,2.6665377617501074,ComboStack-PoolB_GARCH_Neural,validation
2021-07-08,2021-07-09,4.095422426959989,2.598588630619462,ComboStack-PoolB_GARCH_Neural,validation
2021-07-09,2021-07-12,14.799235172407151,3.0006735954331467,ComboStack-PoolB_GARCH_Neural,validation
2021-07-12,2021-07-13,0.009141491530764,4.4766227826926075,ComboStack-PoolB_GARCH_Neural,validation
2021-07-13,2021-07-14,1.871533753406208,3.624834874869582,ComboStack-PoolB_GARCH_Neural,validation
2021-07-14,2021-07-15,1.185182208099543,3.577954929658107,ComboStack-PoolB_GARCH_Neural,validation
2021-07-15,2021-07-16,0.1728051567276786,3.1534939444249446,ComboStack-PoolB_GARCH_Neural,validation
2021-07-16,2021-07-19,19.26799845022637,2.681027020200745,ComboStack-PoolB_GARCH_Neural,validation
2021-07-19,2021-07-20,5.600831490366748,4.6249819464848025,ComboStack-PoolB_GARCH_Neural,validation
2021-07-20,2021-07-21,0.0386259132356042,4.265203415908351,ComboStack-PoolB_GARCH_Neural,validation
2021-07-21,2021-07-22,3.1842211341003503,3.566323386526462,ComboStack-PoolB_GARCH_Neural,validation
2021-07-22,2021-07-23,3.75891611125588,3.29284448303685,ComboStack-PoolB_GARCH_Neural,validation
2021-07-23,2021-07-26,0.0932245335056029,3.587506433409253,ComboStack-PoolB_GARCH_Neural,validation
2021-07-26,2021-07-27,0.1095791578755464,2.982898346997244,ComboStack-PoolB_GARCH_Neural,validation
2021-07-27,2021-07-28,0.0001201916445908,2.51340914391501,ComboStack-PoolB_GARCH_Neural,validation
2021-07-28,2021-07-29,1.6539600353625152,2.1339521337276572,ComboStack-PoolB_GARCH_Neural,validation
2021-07-29,2021-07-30,1.5967544948591652,2.0076368276527337,ComboStack-PoolB_GARCH_Neural,validation
2021-07-30,2021-08-02,0.1009987039707803,1.8926357441131108,ComboStack-PoolB_GARCH_Neural,validation
2021-08-02,2021-08-03,1.8957198194932552,1.6598796854478155,ComboStack-PoolB_GARCH_Neural,validation
2021-08-03,2021-08-04,0.0297448118967559,1.6421832935496707,ComboStack-PoolB_GARCH_Neural,validation
2021-08-04,2021-08-05,0.6506576147304501,1.4542016629925314,ComboStack-PoolB_GARCH_Neural,validation
2021-08-05,2021-08-06,0.0931307383293993,1.39041114695884,ComboStack-PoolB_GARCH_Neural,validation
2021-08-06,2021-08-09,1.8579420490159877,1.3046000481785178,ComboStack-PoolB_GARCH_Neural,validation
2021-08-09,2021-08-10,0.0356498511082493,1.3397028273548086,ComboStack-PoolB_GARCH_Neural,validation
2021-08-10,2021-08-11,0.1163827824804467,1.2104793454278377,ComboStack-PoolB_GARCH_Neural,validation
2021-08-11,2021-08-12,0.1222953063583315,1.1605740540472582,ComboStack-PoolB_GARCH_Neural,validation
2021-08-12,2021-08-13,0.0871384784453648,1.1278429474566993,ComboStack-PoolB_GARCH_Neural,validation
2021-08-13,2021-08-16,1.0399916754691487,1.0551408272484735,ComboStack-PoolB_GARCH_Neural,validation
2021-08-16,2021-08-17,0.3314354435277737,1.0820902004770783,ComboStack-PoolB_GARCH_Neural,validation
2021-08-17,2021-08-18,0.0249180078972991,1.110385119082889,ComboStack-PoolB_GARCH_Neural,validation
2021-08-18,2021-08-19,1.034084957658442,1.0366518263857205,ComboStack-PoolB_GARCH_Neural,validation
2021-08-19,2021-08-20,11.285807091304966,1.0572418099145047,ComboStack-PoolB_GARCH_Neural,validation
2021-08-20,2021-08-23,5.411821632013326,2.227003256584794,ComboStack-PoolB_GARCH_Neural,validation
2021-08-23,2021-08-24,8.536462420535458e-05,2.8259240643848482,ComboStack-PoolB_GARCH_Neural,validation
2021-08-24,2021-08-25,0.6870757170728501,2.3500214702306166,ComboStack-PoolB_GARCH_Neural,validation
2021-08-25,2021-08-26,0.4170750420782061,2.1339562972274817,ComboStack-PoolB_GARCH_Neural,validation
2021-08-26,2021-08-27,0.8540485329092148,2.0137352532298665,ComboStack-PoolB_GARCH_Neural,validation
2021-08-27,2021-08-30,1.2797402595336076,1.8559085644352429,ComboStack-PoolB_GARCH_Neural,validation
2021-08-30,2021-08-31,0.0627065630623478,1.7760837695381542,ComboStack-PoolB_GARCH_Neural,validation
2021-08-31,2021-09-01,0.0569056328666982,1.5738448877296365,ComboStack-PoolB_GARCH_Neural,validation
2021-09-01,2021-09-06,0.7669996218071843,1.4254537519680004,ComboStack-PoolB_GARCH_Neural,validation
2021-09-06,2021-09-07,0.1115838258583112,1.3845930540816256,ComboStack-PoolB_GARCH_Neural,validation
2021-09-07,2021-09-08,0.3840242724271654,1.3139025270215754,ComboStack-PoolB_GARCH_Neural,validation
2021-09-08,2021-09-09,0.5999757427909345,1.327561513499137,ComboStack-PoolB_GARCH_Neural,validation
2021-09-09,2021-09-10,0.009783360800291,1.2766096520053332,ComboStack-PoolB_GARCH_Neural,validation
2021-09-10,2021-09-13,0.0834204953018611,1.1548194885827878,ComboStack-PoolB_GARCH_Neural,validation
2021-09-13,2021-09-14,0.0166539238245993,1.1118598044543337,ComboStack-PoolB_GARCH_Neural,validation
2021-09-14,2021-09-15,0.208411861391793,1.0430125091825981,ComboStack-PoolB_GARCH_Neural,validation
2021-09-15,2021-09-16,8.833374944135227e-06,1.001852696353003,ComboStack-PoolB_GARCH_Neural,validation
2021-09-16,2021-09-17,0.2517625260662404,0.920050377271262,ComboStack-PoolB_GARCH_Neural,validation
2021-09-17,2021-09-20,0.0255409488218125,0.9039691008929258,ComboStack-PoolB_GARCH_Neural,validation
2021-09-20,2021-09-21,0.6256621683862371,0.8785017075806428,ComboStack-PoolB_GARCH_Neural,validation
2021-09-21,2021-09-22,0.6493080782631847,0.9885004214117596,ComboStack-PoolB_GARCH_Neural,validation
2021-09-22,2021-09-23,0.023678455022373,0.9819466790787312,ComboStack-PoolB_GARCH_Neural,validation
2021-09-23,2021-09-24,0.0138313143395197,0.9390562784578127,ComboStack-PoolB_GARCH_Neural,validation
2021-09-24,2021-09-27,3.828272422415496,0.8860063180606215,ComboStack-PoolB_GARCH_Neural,validation
2021-09-27,2021-09-28,1.1555484032608674,1.3442812297465334,ComboStack-PoolB_GARCH_Neural,validation
2021-09-28,2021-09-29,5.575325206713305e-05,1.3244225855560823,ComboStack-PoolB_GARCH_Neural,validation
2021-09-29,2021-09-30,0.0451927678238876,1.200478981073444,ComboStack-PoolB_GARCH_Neural,validation
2021-09-30,2021-10-01,0.2869590069123234,1.1036858080169474,ComboStack-PoolB_GARCH_Neural,validation
2021-10-01,2021-10-04,0.1209217160727008,1.1504425228461561,ComboStack-PoolB_GARCH_Neural,validation
2021-10-04,2021-10-05,1.2548666056334208,1.0807520784483904,ComboStack-PoolB_GARCH_Neural,validation
2021-10-05,2021-10-06,0.363335054701863,1.1029696850843362,ComboStack-PoolB_GARCH_Neural,validation
2021-10-06,2021-10-07,0.0539799292056889,1.0667609325470124,ComboStack-PoolB_GARCH_Neural,validation
2021-10-07,2021-10-08,0.2422625428098201,1.0047792898137988,ComboStack-PoolB_GARCH_Neural,validation
2021-10-08,2021-10-11,2.384064119474745,0.9710931954916315,ComboStack-PoolB_GARCH_Neural,validation
2021-10-11,2021-10-12,0.0025924711816483,1.0525862656154366,ComboStack-PoolB_GARCH_Neural,validation
2021-10-12,2021-10-13,0.043020201094552,0.9816108787488852,ComboStack-PoolB_GARCH_Neural,validation
2021-10-13,2021-10-14,1.8582276241239155e-05,0.9523039120951254,ComboStack-PoolB_GARCH_Neural,validation
2021-10-14,2021-10-15,0.0037272440365911,0.8943420197827849,ComboStack-PoolB_GARCH_Neural,validation
2021-10-15,2021-10-18,0.0412074717223573,0.8515885321157606,ComboStack-PoolB_GARCH_Neural,validation
2021-10-18,2021-10-19,0.0002054205471957,0.8178121283244424,ComboStack-PoolB_GARCH_Neural,validation
2021-10-19,2021-10-20,0.012036644283499,0.7760271156619614,ComboStack-PoolB_GARCH_Neural,validation
2021-10-20,2021-10-21,0.4224699907147212,0.7656797097843475,ComboStack-PoolB_GARCH_Neural,validation
2021-10-21,2021-10-22,0.1038627326357175,0.8501905608296069,ComboStack-PoolB_GARCH_Neural,validation
2021-10-22,2021-10-25,0.0766142772237032,0.8307461197784012,ComboStack-PoolB_GARCH_Neural,validation
2021-10-25,2021-10-26,0.2013151221701667,0.8428354166797876,ComboStack-PoolB_GARCH_Neural,validation
2021-10-26,2021-10-27,4.975421040294883,0.8278462904456424,ComboStack-PoolB_GARCH_Neural,validation
2021-10-27,2021-10-28,1.0980607841681207,0.998085340915398,ComboStack-PoolB_GARCH_Neural,validation
2021-10-28,2021-10-29,0.1886851350804401,1.0241553498229286,ComboStack-PoolB_GARCH_Neural,validation
2021-10-29,2021-11-01,0.1351609140151505,0.9972366589984218,ComboStack-PoolB_GARCH_Neural,validation
2021-11-01,2021-11-02,0.8706925479870633,1.0337938589287727,ComboStack-PoolB_GARCH_Neural,validation
2021-11-02,2021-11-03,0.3174077865606339,1.0315027123172444,ComboStack-PoolB_GARCH_Neural,validation
2021-11-03,2021-11-04,0.0780251318950003,1.1210000428008953,ComboStack-PoolB_GARCH_Neural,validation
2021-11-04,2021-11-05,0.3164163905277483,1.0327274429755655,ComboStack-PoolB_GARCH_Neural,validation
2021-11-05,2021-11-08,0.5722632892702788,1.0010931466358632,ComboStack-PoolB_GARCH_Neural,validation
2021-11-08,2021-11-09,0.1717825777423685,1.0030684903220393,ComboStack-PoolB_GARCH_Neural,validation
2021-11-09,2021-11-10,0.0578685691569425,1.0305486382775313,ComboStack-PoolB_GARCH_Neural,validation
2021-11-10,2021-11-11,0.0332757244454099,0.9758881691296089,ComboStack-PoolB_GARCH_Neural,validation
2021-11-11,2021-11-12,0.5636350562840569,0.9709522348404107,ComboStack-PoolB_GARCH_Neural,validation
2021-11-12,2021-11-15,0.0470688863590858,0.9512341335524724,ComboStack-PoolB_GARCH_Neural,validation
2021-11-15,2021-11-16,0.4729748116245648,0.9237180165307,ComboStack-PoolB_GARCH_Neural,validation
2021-11-16,2021-11-17,0.40826744424175,1.0245417910183505,ComboStack-PoolB_GARCH_Neural,validation
2021-11-17,2021-11-18,0.1670640675036151,0.9887297471172216,ComboStack-PoolB_GARCH_Neural,validation
2021-11-18,2021-11-19,1.4313283722317711,1.0302024447145839,ComboStack-PoolB_GARCH_Neural,validation
2021-11-19,2021-11-22,0.1237442583360642,1.2904887357461443,ComboStack-PoolB_GARCH_Neural,validation
2021-11-22,2021-11-23,1.2666258581863683,1.2444506513149893,ComboStack-PoolB_GARCH_Neural,validation
2021-11-23,2021-11-24,2.923344781612152,1.2166354402020574,ComboStack-PoolB_GARCH_Neural,validation
2021-11-24,2021-11-25,0.6380046596767257,1.2961656539623128,ComboStack-PoolB_GARCH_Neural,validation
2021-11-25,2021-11-26,0.2701244946030526,1.2435914264072891,ComboStack-PoolB_GARCH_Neural,validation
2021-11-26,2021-11-29,0.3025648797186475,1.261568439928316,ComboStack-PoolB_GARCH_Neural,validation
2021-11-29,2021-11-30,0.1865846491020368,1.279524826969941,ComboStack-PoolB_GARCH_Neural,validation
2021-11-30,2021-12-01,0.2075014205290045,1.2708084490577547,ComboStack-PoolB_GARCH_Neural,validation
2021-12-01,2021-12-02,0.0447934240863952,1.1650627405721674,ComboStack-PoolB_GARCH_Neural,validation
2021-12-02,2021-12-03,7.012035907074128,1.109284115809125,ComboStack-PoolB_GARCH_Neural,validation
2021-12-03,2021-12-06,4.334941271489592,1.9772961735058157,ComboStack-PoolB_GARCH_Neural,validation
2021-12-06,2021-12-07,5.38610884102854,2.511702936555392,ComboStack-PoolB_GARCH_Neural,validation
2021-12-07,2021-12-08,0.1770242562530693,2.4284546665319966,ComboStack-PoolB_GARCH_Neural,validation
2021-12-08,2021-12-09,1.070479018660655,2.0855202518608476,ComboStack-PoolB_GARCH_Neural,validation
2021-12-09,2021-12-10,0.0917573521914629,1.8967864747287262,ComboStack-PoolB_GARCH_Neural,validation
2021-12-10,2021-12-13,0.7430153759165636,1.7156499898723216,ComboStack-PoolB_GARCH_Neural,validation
2021-12-13,2021-12-14,0.0001656787526269,1.5977975918238378,ComboStack-PoolB_GARCH_Neural,validation
2021-12-14,2021-12-15,0.001241581482623,1.414728440963398,ComboStack-PoolB_GARCH_Neural,validation
2021-12-15,2021-12-16,0.0056551081903051,1.2750628214114013,ComboStack-PoolB_GARCH_Neural,validation
2021-12-16,2021-12-17,0.0462794489398934,1.1600147928812827,ComboStack-PoolB_GARCH_Neural,validation
2021-12-17,2021-12-20,0.0276816841350729,1.0808061136814278,ComboStack-PoolB_GARCH_Neural,validation
2021-12-20,2021-12-21,0.009100575448846,1.029392722002258,ComboStack-PoolB_GARCH_Neural,validation
2021-12-21,2021-12-22,0.0052396015195704,0.9561213186436868,ComboStack-PoolB_GARCH_Neural,validation
2021-12-22,2021-12-23,1.992176913695392,0.9101053252095668,ComboStack-PoolB_GARCH_Neural,validation
2021-12-23,2021-12-24,1.8717637228671864,1.2340794954377992,ComboStack-PoolB_GARCH_Neural,validation
2021-12-24,2021-12-27,0.6385359851594573,1.2460303844791112,ComboStack-PoolB_GARCH_Neural,validation
2021-12-27,2021-12-28,0.1364517327618313,1.197953723268394,ComboStack-PoolB_GARCH_Neural,validation
2021-12-28,2021-12-29,0.3307731842534792,1.1196337635898743,ComboStack-PoolB_GARCH_Neural,validation
2021-12-29,2021-12-30,0.0001019075301841,1.1553101802873982,ComboStack-PoolB_GARCH_Neural,validation
2021-12-30,2021-12-31,0.6806292652244172,1.0493677045597116,ComboStack-PoolB_GARCH_Neural,validation
2021-12-31,2022-01-04,3.2605099137684044,1.04673776592801,ComboStack-PoolB_GARCH_Neural,validation
2022-01-04,2022-01-05,0.0408421877386783,1.1228993925994024,ComboStack-PoolB_GARCH_Neural,validation
2022-01-05,2022-01-06,0.1583194148629771,1.074129314655642,ComboStack-PoolB_GARCH_Neural,validation
2022-01-06,2022-01-07,3.466888916717849e-05,1.0259143216919073,ComboStack-PoolB_GARCH_Neural,validation
2022-01-07,2022-01-10,2.6694297971607823,0.9538419724500827,ComboStack-PoolB_GARCH_Neural,validation
2022-01-10,2022-01-11,0.5791412105719106,1.3673246862695805,ComboStack-PoolB_GARCH_Neural,validation
2022-01-11,2022-01-12,1.469449968423449,1.4387256398659471,ComboStack-PoolB_GARCH_Neural,validation
2022-01-12,2022-01-13,0.9252594386149106,1.4022450909401132,ComboStack-PoolB_GARCH_Neural,validation
2022-01-13,2022-01-14,4.021230809949571e-06,1.529912225735801,ComboStack-PoolB_GARCH_Neural,validation
2022-01-14,2022-01-17,8.577861779061374,1.3410386414460636,ComboStack-PoolB_GARCH_Neural,validation
2022-01-17,2022-01-18,0.9241996120524796,2.4008893293390585,ComboStack-PoolB_GARCH_Neural,validation
2022-01-18,2022-01-19,0.0713962483719635,2.367048130918082,ComboStack-PoolB_GARCH_Neural,validation
2022-01-19,2022-01-20,2.396694299563955,2.0231287229217605,ComboStack-PoolB_GARCH_Neural,validation
2022-01-20,2022-01-21,0.2669228311266386,1.909967126825318,ComboStack-PoolB_GARCH_Neural,validation
2022-01-21,2022-01-24,5.19144957677216,1.6900735450386808,ComboStack-PoolB_GARCH_Neural,validation
2022-01-24,2022-01-25,7.461944120148481,2.3629772655884267,ComboStack-PoolB_GARCH_Neural,validation
2022-01-25,2022-01-26,0.0182472056354126,2.345974935924895,ComboStack-PoolB_GARCH_Neural,validation
2022-01-26,2022-01-27,0.5372614259470304,1.9738066669287118,ComboStack-PoolB_GARCH_Neural,validation
2022-01-27,2022-01-28,0.3091208848418566,1.9316855986498225,ComboStack-PoolB_GARCH_Neural,validation
2022-01-28,2022-02-07,1.5787299229773026,1.7084505476998069,ComboStack-PoolB_GARCH_Neural,validation
2022-02-07,2022-02-08,0.0493284261128678,1.5912723585228232,ComboStack-PoolB_GARCH_Neural,validation
2022-02-08,2022-02-09,0.0852913112285084,1.41923935183909,ComboStack-PoolB_GARCH_Neural,validation
2022-02-09,2022-02-10,0.0087647457494785,1.2865309097642799,ComboStack-PoolB_GARCH_Neural,validation
2022-02-10,2022-02-11,0.1140481407730615,1.1675565919741986,ComboStack-PoolB_GARCH_Neural,validation
2022-02-11,2022-02-14,4.003846034921644,1.1455644247382615,ComboStack-PoolB_GARCH_Neural,validation
2022-02-14,2022-02-15,1.9670652734045644,1.7001180681741694,ComboStack-PoolB_GARCH_Neural,validation
2022-02-15,2022-02-16,0.0018968880308684,1.6216883289056534,ComboStack-PoolB_GARCH_Neural,validation
2022-02-16,2022-02-17,1.122140769245723,1.431292009765112,ComboStack-PoolB_GARCH_Neural,validation
2022-02-17,2022-02-18,0.0437252358911797,1.3599749770676564,ComboStack-PoolB_GARCH_Neural,validation
2022-02-18,2022-02-21,0.1583409064037323,1.259839893963811,ComboStack-PoolB_GARCH_Neural,validation
2022-02-21,2022-02-22,0.2391227349223014,1.1727275543158833,ComboStack-PoolB_GARCH_Neural,validation
2022-02-22,2022-02-23,0.3429157616051995,1.1943294317447206,ComboStack-PoolB_GARCH_Neural,validation
2022-02-23,2022-02-24,1.3469467288223498,1.1312665183427695,ComboStack-PoolB_GARCH_Neural,validation
2022-02-24,2022-02-25,0.0728442185423715,1.3691866638817751,ComboStack-PoolB_GARCH_Neural,validation
2022-02-25,2022-02-28,0.3435682703713377,1.2396487785845365,ComboStack-PoolB_GARCH_Neural,validation
2022-02-28,2022-03-01,0.3350186274967215,1.2750193670441003,ComboStack-PoolB_GARCH_Neural,validation
2022-03-01,2022-03-02,0.7897102913909818,1.1918222794992201,ComboStack-PoolB_GARCH_Neural,validation
2022-03-02,2022-03-03,1.6972927621476632,1.3265082043826926,ComboStack-PoolB_GARCH_Neural,validation
2022-03-03,2022-03-04,0.0004806839941866,1.3051140313915182,ComboStack-PoolB_GARCH_Neural,validation
2022-03-04,2022-03-07,0.1747715827843937,1.1693610067275177,ComboStack-PoolB_GARCH_Neural,validation
2022-03-07,2022-03-08,2.9065282793306784,1.1721791060230684,ComboStack-PoolB_GARCH_Neural,validation
2022-03-08,2022-03-09,4.143903255486161e-06,1.6034759441292536,ComboStack-PoolB_GARCH_Neural,validation
2022-03-09,2022-03-10,0.1308186023197331,1.4004447963072668,ComboStack-PoolB_GARCH_Neural,validation
2022-03-10,2022-03-11,0.7249480262949388,1.2722008605102428,ComboStack-PoolB_GARCH_Neural,validation
2022-03-11,2022-03-14,1.940974298078772,1.3885427880333352,ComboStack-PoolB_GARCH_Neural,validation
2022-03-14,2022-03-15,0.2004736979473137,1.6800938439775521,ComboStack-PoolB_GARCH_Neural,validation
2022-03-15,2022-03-16,0.2048465635146144,1.4986378768154467,ComboStack-PoolB_GARCH_Neural,validation
2022-03-16,2022-03-17,0.0189446795575115,1.3607236220687138,ComboStack-PoolB_GARCH_Neural,validation
2022-03-17,2022-03-18,0.2804915592052127,1.226364455657814,ComboStack-PoolB_GARCH_Neural,validation
2022-03-18,2022-03-21,3.042510301896478,1.1500993369828225,ComboStack-PoolB_GARCH_Neural,validation
2022-03-21,2022-03-22,0.3468240297098041,1.197981225539797,ComboStack-PoolB_GARCH_Neural,validation
2022-03-22,2022-03-23,0.0091785148718354,1.138894779155811,ComboStack-PoolB_GARCH_Neural,validation
2022-03-23,2022-03-24,0.0739545064300968,1.0574205108502666,ComboStack-PoolB_GARCH_Neural,validation
2022-03-24,2022-03-25,0.0002565538581837,1.0366386332606183,ComboStack-PoolB_GARCH_Neural,validation
2022-03-25,2022-03-28,1.0559980128443454,0.9625725379133554,ComboStack-PoolB_GARCH_Neural,validation
2022-03-28,2022-03-29,0.9569197018395468,1.1716903563703256,ComboStack-PoolB_GARCH_Neural,validation
2022-03-29,2022-03-30,0.2354496444813368,1.1314486662387013,ComboStack-PoolB_GARCH_Neural,validation
2022-03-30,2022-03-31,0.0120931732563713,1.1622297142291633,ComboStack-PoolB_GARCH_Neural,validation
2022-03-31,2022-04-01,2.607401303697469,1.0599416427512816,ComboStack-PoolB_GARCH_Neural,validation
2022-04-01,2022-04-04,0.2950865363946971,1.1060573275502754,ComboStack-PoolB_GARCH_Neural,validation
2022-04-04,2022-04-05,0.09410156815978,1.046218691345739,ComboStack-PoolB_GARCH_Neural,validation
2022-04-05,2022-04-06,0.0355827999144168,1.0327984273144342,ComboStack-PoolB_GARCH_Neural,validation
2022-04-06,2022-04-07,1.845756746133211,0.9809772673363144,ComboStack-PoolB_GARCH_Neural,validation
2022-04-07,2022-04-08,1.8599564295348143,1.2563866086022997,ComboStack-PoolB_GARCH_Neural,validation
2022-04-08,2022-04-12,3.317796568560508,1.525146778770524,ComboStack-PoolB_GARCH_Neural,validation
2022-04-12,2022-04-13,2.2412176347286983,1.9703635723749227,ComboStack-PoolB_GARCH_Neural,validation
2022-04-13,2022-04-14,0.1186709675031117,1.8556245882245437,ComboStack-PoolB_GARCH_Neural,validation
2022-04-14,2022-04-15,0.8563450026802516,1.6942167251375841,ComboStack-PoolB_GARCH_Neural,validation
2022-04-15,2022-04-18,3.225139156963737,1.749376516953627,ComboStack-PoolB_GARCH_Neural,validation
2022-04-18,2022-04-19,3.3937657292333743,2.154194130265867,ComboStack-PoolB_GARCH_Neural,validation
2022-04-19,2022-04-20,2.4245124341762705,2.5554658795549052,ComboStack-PoolB_GARCH_Neural,validation
2022-04-20,2022-04-21,1.109638997468357,2.7626401459821275,ComboStack-PoolB_GARCH_Neural,validation
2022-04-21,2022-04-22,0.4305144066915168,2.6995377103745852,ComboStack-PoolB_GARCH_Neural,validation
2022-04-22,2022-04-25,25.802530842890924,2.3220386207784407,ComboStack-PoolB_GARCH_Neural,validation
2022-04-25,2022-04-26,5.262405488369011,4.958125695844364,ComboStack-PoolB_GARCH_Neural,validation
2022-04-26,2022-04-27,0.8508547277394044,4.208227752617446,ComboStack-PoolB_GARCH_Neural,validation
2022-04-27,2022-04-28,0.0422563925888465,3.501903090739081,ComboStack-PoolB_GARCH_Neural,validation
2022-04-28,2022-04-29,1.3536355027087716,2.9362126952078134,ComboStack-PoolB_GARCH_Neural,validation
2022-04-29,2022-05-04,1.7811317821270536,2.5522259492025348,ComboStack-PoolB_GARCH_Neural,validation
2022-05-04,2022-05-05,0.7846838850035229,2.6557572240146845,ComboStack-PoolB_GARCH_Neural,validation
2022-05-05,2022-05-06,5.457913784856381,2.290796601480373,ComboStack-PoolB_GARCH_Neural,validation
2022-05-06,2022-05-09,21.07246376843707,2.9585209755384017,ComboStack-PoolB_GARCH_Neural,validation
2022-05-09,2022-05-10,3.4895974437640893,5.09458883805066,ComboStack-PoolB_GARCH_Neural,validation
2022-05-10,2022-05-11,0.3772893243323654,4.242720762512745,ComboStack-PoolB_GARCH_Neural,validation
2022-05-11,2022-05-12,24.369069377939013,3.4956526845578706,ComboStack-PoolB_GARCH_Neural,validation
2022-05-12,2022-05-13,21.45200829300172,5.93206699991509,ComboStack-PoolB_GARCH_Neural,validation
2022-05-13,2022-05-16,0.8445825050431754,7.632320041024252,ComboStack-PoolB_GARCH_Neural,validation
2022-05-16,2022-05-17,22.10791922900586,6.261190650675049,ComboStack-PoolB_GARCH_Neural,validation
2022-05-17,2022-05-18,1.0072145297005026,5.710117851461831,ComboStack-PoolB_GARCH_Neural,validation
2022-05-18,2022-05-19,0.0050266870380628,4.596277547929311,ComboStack-PoolB_GARCH_Neural,validation
2022-05-19,2022-05-20,0.0056143553761866,3.6354015999008897,ComboStack-PoolB_GARCH_Neural,validation
2022-05-20,2022-05-23,3.1715419491716648,2.946904776593086,ComboStack-PoolB_GARCH_Neural,validation
2022-05-23,2022-05-24,1.4121508187671683,3.230471750005007,ComboStack-PoolB_GARCH_Neural,validation
2022-05-24,2022-05-25,7.852071042943518,2.7780557697755475,ComboStack-PoolB_GARCH_Neural,validation
2022-05-25,2022-05-26,0.0001218078083452,2.67691362075713,ComboStack-PoolB_GARCH_Neural,validation
2022-05-26,2022-05-27,1.747305868676365,2.2339405011146702,ComboStack-PoolB_GARCH_Neural,validation
2022-05-27,2022-05-30,0.4313230278725308,2.021733634326096,ComboStack-PoolB_GARCH_Neural,validation
2022-05-30,2022-05-31,0.0091927379819102,1.797387808235864,ComboStack-PoolB_GARCH_Neural,validation
2022-05-31,2022-06-01,0.2785076944454149,1.569037206726827,ComboStack-PoolB_GARCH_Neural,validation
2022-06-01,2022-06-02,0.7094839787224755,1.376986915923903,ComboStack-PoolB_GARCH_Neural,validation
2022-06-02,2022-06-03,0.0024678908753368,1.474614419481807,ComboStack-PoolB_GARCH_Neural,validation
2022-06-03,2022-06-06,0.0248021762794326,1.3198449665945398,ComboStack-PoolB_GARCH_Neural,validation
2022-06-06,2022-06-07,0.0107788521263349,1.1870688883226794,ComboStack-PoolB_GARCH_Neural,validation
2022-06-07,2022-06-08,1.62365203625605,1.0881830797048828,ComboStack-PoolB_GARCH_Neural,validation
2022-06-08,2022-06-09,7.074018263381634e-05,1.0961403347826288,ComboStack-PoolB_GARCH_Neural,validation
2022-06-09,2022-06-10,3.350301019629325,1.003859822640783,ComboStack-PoolB_GARCH_Neural,validation
2022-06-10,2022-06-13,20.64588542406384,1.5073456433802446,ComboStack-PoolB_GARCH_Neural,validation
2022-06-13,2022-06-14,0.0708307718816595,3.940067650657351,ComboStack-PoolB_GARCH_Neural,validation
2022-06-14,2022-06-15,1.796441565238617,3.143124015725885,ComboStack-PoolB_GARCH_Neural,validation
2022-06-15,2022-06-16,3.432463040017097,3.164489736642413,ComboStack-PoolB_GARCH_Neural,validation
2022-06-16,2022-06-17,2.4820888579092317,2.81510938226843,ComboStack-PoolB_GARCH_Neural,validation
2022-06-17,2022-06-20,9.47527051181594,2.99881434221223,ComboStack-PoolB_GARCH_Neural,validation
2022-06-20,2022-06-21,0.4543743324349223,4.08291610214928,ComboStack-PoolB_GARCH_Neural,validation
2022-06-21,2022-06-22,0.0746935567234301,3.522086444295161,ComboStack-PoolB_GARCH_Neural,validation
2022-06-22,2022-06-23,2.766255864563167,2.954361620147953,ComboStack-PoolB_GARCH_Neural,validation
2022-06-23,2022-06-24,0.0820210424345146,2.6506266057775134,ComboStack-PoolB_GARCH_Neural,validation
2022-06-24,2022-06-27,2.1086071885158946,2.3133045691884844,ComboStack-PoolB_GARCH_Neural,validation
2022-06-27,2022-06-28,1.593519408496492,2.0994225297578923,ComboStack-PoolB_GARCH_Neural,validation
2022-06-28,2022-06-29,6.739655204912147e-07,1.9049947886617984,ComboStack-PoolB_GARCH_Neural,validation
2022-06-29,2022-06-30,2.8779439800812714,1.635299237624304,ComboStack-PoolB_GARCH_Neural,validation
2022-06-30,2022-07-01,0.0117704187689308,2.0574898668987176,ComboStack-PoolB_GARCH_Neural,validation
2022-07-01,2022-07-04,0.0792348201052211,1.751357697161296,ComboStack-PoolB_GARCH_Neural,validation
2022-07-04,2022-07-05,1.4358126528100246,1.6095286188998192,ComboStack-PoolB_GARCH_Neural,validation
2022-07-05,2022-07-06,7.389865614079536,1.809201571232573,ComboStack-PoolB_GARCH_Neural,validation
2022-07-06,2022-07-07,2.1222407761584665,2.7914180786784812,ComboStack-PoolB_GARCH_Neural,validation
2022-07-07,2022-07-08,0.1707436242121409,2.47447605563137,ComboStack-PoolB_GARCH_Neural,validation
2022-07-08,2022-07-11,1.896510687995091,2.106178561933713,ComboStack-PoolB_GARCH_Neural,validation
2022-07-11,2022-07-12,2.8101659729648394,2.3199438577701197,ComboStack-PoolB_GARCH_Neural,validation
2022-07-12,2022-07-13,0.0058732050643028,2.1312777895526818,ComboStack-PoolB_GARCH_Neural,validation
2022-07-13,2022-07-14,0.4904420356514064,1.82455114883709,ComboStack-PoolB_GARCH_Neural,validation
2022-07-14,2022-07-15,0.0611617161101388,1.636492501328771,ComboStack-PoolB_GARCH_Neural,validation
2022-07-15,2022-07-18,0.0549065100896944,1.4997503611952252,ComboStack-PoolB_GARCH_Neural,validation
2022-07-18,2022-07-19,0.0244219525267298,1.3956640790282517,ComboStack-PoolB_GARCH_Neural,validation
2022-07-19,2022-07-20,1.7763769532234184,1.2633739941869784,ComboStack-PoolB_GARCH_Neural,validation
2022-07-20,2022-07-21,0.1310065184317032,1.2450618198178856,ComboStack-PoolB_GARCH_Neural,validation
2022-07-21,2022-07-22,0.0961257253308801,1.1521887111327582,ComboStack-PoolB_GARCH_Neural,validation
2022-07-22,2022-07-25,0.2759737706228845,1.1275199292109572,ComboStack-PoolB_GARCH_Neural,validation
2022-07-25,2022-07-26,0.0835304358694094,1.1643796325926905,ComboStack-PoolB_GARCH_Neural,validation
2022-07-26,2022-07-27,0.2525093111697122,1.1351865123508444,ComboStack-PoolB_GARCH_Neural,validation
2022-07-27,2022-07-28,2.02736513860254,1.070166755577725,ComboStack-PoolB_GARCH_Neural,validation
2022-07-28,2022-07-29,0.0219851675662213,1.0897907495788246,ComboStack-PoolB_GARCH_Neural,validation
2022-07-29,2022-08-01,4.214166749504341,1.0353174341019449,ComboStack-PoolB_GARCH_Neural,validation
2022-08-01,2022-08-02,0.6898714562213188,1.1246798668778715,ComboStack-PoolB_GARCH_Neural,validation
2022-08-02,2022-08-03,0.4270040010021521,1.0986509545808525,ComboStack-PoolB_GARCH_Neural,validation
2022-08-03,2022-08-04,0.1229567831793093,1.0590122256837458,ComboStack-PoolB_GARCH_Neural,validation
2022-08-04,2022-08-05,0.0126539977340546,1.0053051939666586,ComboStack-PoolB_GARCH_Neural,validation
2022-08-05,2022-08-08,0.1021359274837244,0.9679687727973518,ComboStack-PoolB_GARCH_Neural,validation
2022-08-08,2022-08-09,0.0278750471367201,0.9259380224736087,ComboStack-PoolB_GARCH_Neural,validation
2022-08-09,2022-08-10,0.0349139608846283,0.8851512769974119,ComboStack-PoolB_GARCH_Neural,validation
2022-08-10,2022-08-11,0.1247429178058028,0.8761551737943488,ComboStack-PoolB_GARCH_Neural,validation
2022-08-11,2022-08-12,0.6660254086755314,0.9056597511711343,ComboStack-PoolB_GARCH_Neural,validation
2022-08-12,2022-08-15,0.8759670360790162,0.8994806750707012,ComboStack-PoolB_GARCH_Neural,validation
2022-08-15,2022-08-16,0.0014782571055336,0.9062996746965162,ComboStack-PoolB_GARCH_Neural,validation
2022-08-16,2022-08-17,0.0021413807191485,0.859995336063579,ComboStack-PoolB_GARCH_Neural,validation
2022-08-17,2022-08-18,0.0161573789935176,0.8165056012615616,ComboStack-PoolB_GARCH_Neural,validation
2022-08-18,2022-08-19,0.124159183844011,0.8008430582231414,ComboStack-PoolB_GARCH_Neural,validation
2022-08-19,2022-08-22,0.4785997007311449,0.8366696513281041,ComboStack-PoolB_GARCH_Neural,validation
2022-08-22,2022-08-23,0.6726558406784502,0.9460713914853784,ComboStack-PoolB_GARCH_Neural,validation
2022-08-23,2022-08-24,0.2484394846076955,0.937910808050083,ComboStack-PoolB_GARCH_Neural,validation
2022-08-24,2022-08-25,0.8344386477124279,0.9116852993257647,ComboStack-PoolB_GARCH_Neural,validation
2022-08-25,2022-08-26,0.2408597797174897,0.9143929103169288,ComboStack-PoolB_GARCH_Neural,validation
2022-08-26,2022-08-29,0.8499464536320859,0.9739215833081085,ComboStack-PoolB_GARCH_Neural,validation
2022-08-29,2022-08-30,0.4538418356510164,1.15259291703561,ComboStack-PoolB_GARCH_Neural,validation
2022-08-30,2022-08-31,0.0076568491567018,1.0948979112532555,ComboStack-PoolB_GARCH_Neural,validation
2022-08-31,2022-09-05,0.061049351862573,1.0183978741459812,ComboStack-PoolB_GARCH_Neural,validation
2022-09-05,2022-09-06,1.532156699315195e-05,0.998393345359485,ComboStack-PoolB_GARCH_Neural,validation
2022-09-06,2022-09-07,7.377847328826583,0.9274494967334415,ComboStack-PoolB_GARCH_Neural,validation
2022-09-07,2022-09-08,0.478523332029774,1.9593266182825881,ComboStack-PoolB_GARCH_Neural,validation
2022-09-08,2022-09-09,1.3041739898741895,1.9101847512213526,ComboStack-PoolB_GARCH_Neural,validation
2022-09-09,2022-09-12,0.004521626169754,1.7454800041387224,ComboStack-PoolB_GARCH_Neural,validation
2022-09-12,2022-09-13,0.0095408682654198,1.5279508498144976,ComboStack-PoolB_GARCH_Neural,validation
2022-09-13,2022-09-14,0.3758397161006742,1.3716034230926977,ComboStack-PoolB_GARCH_Neural,validation
2022-09-14,2022-09-15,0.1547128388602677,1.3937519775358465,ComboStack-PoolB_GARCH_Neural,validation
2022-09-15,2022-09-16,0.6392848421140832,1.2764090681236948,ComboStack-PoolB_GARCH_Neural,validation
2022-09-16,2022-09-19,6.167092365627429,1.377417323192878,ComboStack-PoolB_GARCH_Neural,validation
2022-09-19,2022-09-20,1.2403443891166936,2.2420284008422993,ComboStack-PoolB_GARCH_Neural,validation
2022-09-20,2022-09-21,0.4759099851621189,2.0057996487390386,ComboStack-PoolB_GARCH_Neural,validation
2022-09-21,2022-09-22,0.1171234903128616,1.9644723043866748,ComboStack-PoolB_GARCH_Neural,validation
2022-09-22,2022-09-23,0.8922637492009945,1.7010730468039037,ComboStack-PoolB_GARCH_Neural,validation
2022-09-23,2022-09-26,5.922583365191483,1.7883563274992667,ComboStack-PoolB_GARCH_Neural,validation
2022-09-26,2022-09-27,0.4452493243663706,2.6010244990256264,ComboStack-PoolB_GARCH_Neural,validation
2022-09-27,2022-09-28,3.9376181571955216,2.4169217231042888,ComboStack-PoolB_GARCH_Neural,validation
2022-09-28,2022-09-29,2.391654578614972,2.910262470444613,ComboStack-PoolB_GARCH_Neural,validation
2022-09-29,2022-09-30,0.2861665228807753,3.0833535155729157,ComboStack-PoolB_GARCH_Neural,validation
2022-09-30,2022-10-03,16.955331578512116,2.547542818966757,ComboStack-PoolB_GARCH_Neural,validation
2022-10-03,2022-10-04,0.5881297526576773,4.1658264014408175,ComboStack-PoolB_GARCH_Neural,validation
2022-10-04,2022-10-05,5.7303230555022,3.719513393867488,ComboStack-PoolB_GARCH_Neural,validation
2022-10-05,2022-10-06,7.453651936358921,3.46222497974811,ComboStack-PoolB_GARCH_Neural,validation
2022-10-06,2022-10-07,13.391049366085785,4.203919407097035,ComboStack-PoolB_GARCH_Neural,validation
2022-10-07,2022-10-10,0.3997049579355222,5.358168286801525,ComboStack-PoolB_GARCH_Neural,validation
2022-10-10,2022-10-11,12.54691927074426,4.395610588521377,ComboStack-PoolB_GARCH_Neural,validation
2022-10-11,2022-10-12,7.860720182392412,5.553785103151926,ComboStack-PoolB_GARCH_Neural,validation
2022-10-12,2022-10-13,2.4070722291092697,4.939064507509392,ComboStack-PoolB_GARCH_Neural,validation
2022-10-13,2022-10-14,1.0568030806874944,4.2801267157436556,ComboStack-PoolB_GARCH_Neural,validation
2022-10-14,2022-10-17,0.9445652838308308,3.6467250733672643,ComboStack-PoolB_GARCH_Neural,validation
2022-10-17,2022-10-18,1.304619909377935,3.4503725113729233,ComboStack-PoolB_GARCH_Neural,validation
2022-10-18,2022-10-19,0.1143012847418557,3.008687686860341,ComboStack-PoolB_GARCH_Neural,validation
2022-10-19,2022-10-20,0.0233897216248987,2.683565624092295,ComboStack-PoolB_GARCH_Neural,validation
2022-10-20,2022-10-21,13.823102148731785,2.3397303773149503,ComboStack-PoolB_GARCH_Neural,validation
2022-10-21,2022-10-24,11.27142788246664,3.7122354208421937,ComboStack-PoolB_GARCH_Neural,validation
2022-10-24,2022-10-25,0.2552819963060921,4.7824486040577225,ComboStack-PoolB_GARCH_Neural,validation
2022-10-25,2022-10-26,0.2322552175172126,4.038162915986205,ComboStack-PoolB_GARCH_Neural,validation
2022-10-26,2022-10-27,17.476545289293156,3.4158004000510953,ComboStack-PoolB_GARCH_Neural,validation
2022-10-27,2022-10-28,0.0040004302898497,3.501343603277717,ComboStack-PoolB_GARCH_Neural,validation
2022-10-28,2022-10-31,0.003185411598369,2.938784245754771,ComboStack-PoolB_GARCH_Neural,validation
2022-10-31,2022-11-01,0.3176638729946111,2.4590176388516283,ComboStack-PoolB_GARCH_Neural,validation
2022-11-01,2022-11-02,1.0542708806933592,2.248139520756344,ComboStack-PoolB_GARCH_Neural,validation
2022-11-02,2022-11-03,0.1094857130367321,2.320230468884031,ComboStack-PoolB_GARCH_Neural,validation
2022-11-03,2022-11-04,5.049190747098641,2.115041365636755,ComboStack-PoolB_GARCH_Neural,validation
2022-11-04,2022-11-07,4.95903292212355,2.6862579549505883,ComboStack-PoolB_GARCH_Neural,validation
2022-11-07,2022-11-08,0.4359307936718208,3.2236314833273094,ComboStack-PoolB_GARCH_Neural,validation
2022-11-08,2022-11-09,0.1604496978685764,2.783703707679921,ComboStack-PoolB_GARCH_Neural,validation
2022-11-09,2022-11-10,15.751336654060546,2.4271399776018723,ComboStack-PoolB_GARCH_Neural,validation
2022-11-10,2022-11-11,0.5877644540297541,4.000052378485454,ComboStack-PoolB_GARCH_Neural,validation
2022-11-11,2022-11-14,2.025904181968848,3.3727913634816957,ComboStack-PoolB_GARCH_Neural,validation
2022-11-14,2022-11-15,9.894366349346946,3.4257723757856815,ComboStack-PoolB_GARCH_Neural,validation
2022-11-15,2022-11-16,11.17558049000805,4.4333318887379,ComboStack-PoolB_GARCH_Neural,validation
2022-11-16,2022-11-17,7.602516501605635,4.117772887922087,ComboStack-PoolB_GARCH_Neural,validation
2022-11-17,2022-11-18,5.215358122437767e-05,3.8612105147832168,ComboStack-PoolB_GARCH_Neural,validation
2022-11-18,2022-11-21,0.8090953049399706,3.1644300286268887,ComboStack-PoolB_GARCH_Neural,validation
2022-11-21,2022-11-22,0.7954965643291928,3.0427187071453314,ComboStack-PoolB_GARCH_Neural,validation
2022-11-22,2022-11-23,0.4158325821141256,2.864876785071392,ComboStack-PoolB_GARCH_Neural,validation
2022-11-23,2022-11-24,0.0326156098281846,2.7020421264082373,ComboStack-PoolB_GARCH_Neural,validation
2022-11-24,2022-11-25,6.126390414606435,2.3325670941389864,ComboStack-PoolB_GARCH_Neural,validation
2022-11-25,2022-11-28,11.99171626886051,2.303869408849758,ComboStack-PoolB_GARCH_Neural,validation
2022-11-28,2022-11-29,6.749510839154126,2.408881334476471,ComboStack-PoolB_GARCH_Neural,validation
2022-11-29,2022-11-30,2.4431488019656613,2.352220474257231,ComboStack-PoolB_GARCH_Neural,validation
2022-11-30,2022-12-01,1.3565007887137526,2.1912590971367267,ComboStack-PoolB_GARCH_Neural,validation
2022-12-01,2022-12-02,17.084105039989844,2.412497268095952,ComboStack-PoolB_GARCH_Neural,validation
2022-12-02,2022-12-05,1.5797254157342264,2.6872204687254557,ComboStack-PoolB_GARCH_Neural,validation
2022-12-05,2022-12-06,17.637687522394646,2.4454141288240256,ComboStack-PoolB_GARCH_Neural,validation
2022-12-06,2022-12-07,0.5388682275570345,4.174059596268711,ComboStack-PoolB_GARCH_Neural,validation
2022-12-07,2022-12-08,0.8269714352452323,3.764656440011174,ComboStack-PoolB_GARCH_Neural,validation
2022-12-08,2022-12-09,0.0148277116225318,3.269004393844291,ComboStack-PoolB_GARCH_Neural,validation
2022-12-09,2022-12-12,3.589507425464579,2.780219615346523,ComboStack-PoolB_GARCH_Neural,validation
2022-12-12,2022-12-13,2.1880754664799307,3.117152835373912,ComboStack-PoolB_GARCH_Neural,validation
2022-12-13,2022-12-14,0.0807108309118899,2.831591617072025,ComboStack-PoolB_GARCH_Neural,validation
2022-12-14,2022-12-15,0.2157077020057238,2.4603424891822314,ComboStack-PoolB_GARCH_Neural,validation
2022-12-15,2022-12-16,0.072617015649584,2.183763433813505,ComboStack-PoolB_GARCH_Neural,validation
2022-12-16,2022-12-19,1.813928705292506,1.973405899103536,ComboStack-PoolB_GARCH_Neural,validation
2022-12-19,2022-12-20,2.1946973166474533,2.1694255327011565,ComboStack-PoolB_GARCH_Neural,validation
2022-12-20,2022-12-21,0.1732700004356016,2.3792652801154635,ComboStack-PoolB_GARCH_Neural,validation
2022-12-21,2022-12-22,0.1335316168500294,2.187731014714267,ComboStack-PoolB_GARCH_Neural,validation
2022-12-22,2022-12-23,0.0493851739530653,1.9482965981991711,ComboStack-PoolB_GARCH_Neural,validation
2022-12-23,2022-12-26,12.275470581243656,1.7827867603241416,ComboStack-PoolB_GARCH_Neural,validation
2022-12-26,2022-12-27,3.78693616836278,3.0339318908418114,ComboStack-PoolB_GARCH_Neural,validation
2022-12-27,2022-12-28,1.2053971949970186,2.837120365729671,ComboStack-PoolB_GARCH_Neural,validation
2022-12-28,2022-12-29,0.3958340163318585,2.585462633093468,ComboStack-PoolB_GARCH_Neural,validation
2022-12-29,2022-12-30,0.047616879962563,2.46278440544085,ComboStack-PoolB_GARCH_Neural,validation
