date,target_date,actual_var,pred_var,model,split
2023-01-03,2023-01-04,0.0549535930877402,2.9675103363829916,ComboPair-GARCH11_HybridQLIKE,test
2023-01-04,2023-01-05,0.8117646910153878,2.6034354858294186,ComboPair-GARCH11_HybridQLIKE,test
2023-01-05,2023-01-06,0.172811729353928,2.3741535450322444,ComboPair-GARCH11_HybridQLIKE,test
2023-01-06,2023-01-09,0.0692225607636781,2.146181164752841,ComboPair-GARCH11_HybridQLIKE,test
2023-01-09,2023-01-10,0.0066603499297191,1.970011611345278,ComboPair-GARCH11_HybridQLIKE,test
2023-01-10,2023-01-11,0.0522271097766636,1.7909374724740452,ComboPair-GARCH11_HybridQLIKE,test
2023-01-11,2023-01-12,0.0035587018238326,1.6305009050549888,ComboPair-GARCH11_HybridQLIKE,test
2023-01-12,2023-01-13,0.1275802197397324,1.4925601895851117,ComboPair-GARCH11_HybridQLIKE,test
2023-01-13,2023-01-16,0.374758039143315,1.378197142048323,ComboPair-GARCH11_HybridQLIKE,test
2023-01-16,2023-01-17,4.022686466488597,1.29751333320578,ComboPair-GARCH11_HybridQLIKE,test
2023-01-17,2023-01-18,0.8349687871773404,1.5160498808780623,ComboPair-GARCH11_HybridQLIKE,test
2023-01-18,2023-01-19,0.7891600724610666,1.4504316155181223,ComboPair-GARCH11_HybridQLIKE,test
2023-01-19,2023-01-27,0.6572756271765033,1.3929667747522319,ComboPair-GARCH11_HybridQLIKE,test
2023-01-27,2023-01-30,1.7140630852404162,1.3363979593512971,ComboPair-GARCH11_HybridQLIKE,test
2023-01-30,2023-01-31,0.6050810133388357,1.4259520307897053,ComboPair-GARCH11_HybridQLIKE,test
2023-01-31,2023-02-01,10.368357126316685,1.3657694920740668,ComboPair-GARCH11_HybridQLIKE,test
2023-02-01,2023-02-02,0.0226347776228954,2.22330269224377,ComboPair-GARCH11_HybridQLIKE,test
2023-02-02,2023-02-03,0.0016679215067438,2.0130816772428934,ComboPair-GARCH11_HybridQLIKE,test
2023-02-03,2023-02-06,1.256067923688864,1.8436355922395826,ComboPair-GARCH11_HybridQLIKE,test
2023-02-06,2023-02-07,4.736232587067869,1.7835233508206985,ComboPair-GARCH11_HybridQLIKE,test
2023-02-07,2023-02-08,0.3561755878073738,2.0898212606454094,ComboPair-GARCH11_HybridQLIKE,test
2023-02-08,2023-02-09,0.5879330834697908,1.9194783268400557,ComboPair-GARCH11_HybridQLIKE,test
2023-02-09,2023-02-10,0.6787287097613596,1.8336901636180682,ComboPair-GARCH11_HybridQLIKE,test
2023-02-10,2023-02-13,1.2216869517708149,1.7607711008751479,ComboPair-GARCH11_HybridQLIKE,test
2023-02-13,2023-02-14,0.2361888824871934,1.7170515215280884,ComboPair-GARCH11_HybridQLIKE,test
2023-02-14,2023-02-15,0.8394668425834446,1.624251537309209,ComboPair-GARCH11_HybridQLIKE,test
2023-02-15,2023-02-16,0.9177621933014196,1.5347752525273974,ComboPair-GARCH11_HybridQLIKE,test
2023-02-16,2023-02-17,0.0092805250097098,1.468381867837694,ComboPair-GARCH11_HybridQLIKE,test
2023-02-17,2023-02-20,6.512002780573765,1.3555488426771651,ComboPair-GARCH11_HybridQLIKE,test
2023-02-20,2023-02-21,0.1691390418565458,1.7645915580509886,ComboPair-GARCH11_HybridQLIKE,test
2023-02-21,2023-02-22,6.846416409130559,1.6336574551861318,ComboPair-GARCH11_HybridQLIKE,test
2023-02-22,2023-02-23,0.0034604047962046,2.1422417447627367,ComboPair-GARCH11_HybridQLIKE,test
2023-02-23,2023-02-24,1.8150207850841689,1.946567805180107,ComboPair-GARCH11_HybridQLIKE,test
2023-02-24,2023-02-27,3.157792800250552,1.999931939785402,ComboPair-GARCH11_HybridQLIKE,test
2023-02-27,2023-02-28,0.1124261928232939,2.1389448863573985,ComboPair-GARCH11_HybridQLIKE,test
2023-02-28,2023-03-01,2.362077222441523,1.9636180956035,ComboPair-GARCH11_HybridQLIKE,test
2023-03-01,2023-03-02,0.0800566234507277,1.9497384777572009,ComboPair-GARCH11_HybridQLIKE,test
2023-03-02,2023-03-03,1.5504718457013609,1.7932540072867267,ComboPair-GARCH11_HybridQLIKE,test
2023-03-03,2023-03-06,0.0551773612932756,1.802354608108084,ComboPair-GARCH11_HybridQLIKE,test
2023-03-06,2023-03-07,1.0659420423683896,1.6425094323021758,ComboPair-GARCH11_HybridQLIKE,test
2023-03-07,2023-03-08,1.180976964777076,1.5754792336614298,ComboPair-GARCH11_HybridQLIKE,test
2023-03-08,2023-03-09,0.4136971055728827,1.518334719945597,ComboPair-GARCH11_HybridQLIKE,test
2023-03-09,2023-03-10,0.078265798957639,1.413354464793574,ComboPair-GARCH11_HybridQLIKE,test
2023-03-10,2023-03-13,0.0003608159625681,1.326042580928875,ComboPair-GARCH11_HybridQLIKE,test
2023-03-13,2023-03-14,1.4659340258862177,1.239491376758234,ComboPair-GARCH11_HybridQLIKE,test
2023-03-14,2023-03-15,4.404587524685249,1.3107913754382812,ComboPair-GARCH11_HybridQLIKE,test
2023-03-15,2023-03-16,1.966140070411206,1.5660206696747498,ComboPair-GARCH11_HybridQLIKE,test
2023-03-16,2023-03-17,0.0466583815583474,1.653253680768875,ComboPair-GARCH11_HybridQLIKE,test
2023-03-17,2023-03-20,4.542701346022625,1.5389971417239425,ComboPair-GARCH11_HybridQLIKE,test
2023-03-20,2023-03-21,0.8241032078763476,1.8738795474173262,ComboPair-GARCH11_HybridQLIKE,test
2023-03-21,2023-03-22,0.6122377400151076,1.7866043814710213,ComboPair-GARCH11_HybridQLIKE,test
2023-03-22,2023-03-23,0.1912107767600162,1.6694509697922968,ComboPair-GARCH11_HybridQLIKE,test
2023-03-23,2023-03-24,0.0261069358389794,1.538170614763574,ComboPair-GARCH11_HybridQLIKE,test
2023-03-24,2023-03-27,0.2706486133246383,1.4067612800029048,ComboPair-GARCH11_HybridQLIKE,test
2023-03-27,2023-03-28,0.0375129464792075,1.313648999070261,ComboPair-GARCH11_HybridQLIKE,test
2023-03-28,2023-03-29,0.0373680554186715,1.229364322440595,ComboPair-GARCH11_HybridQLIKE,test
2023-03-29,2023-03-30,0.0864260143113033,1.15228555450186,ComboPair-GARCH11_HybridQLIKE,test
2023-03-30,2023-03-31,0.2397323675517269,1.0914886805235418,ComboPair-GARCH11_HybridQLIKE,test
2023-03-31,2023-04-03,1.8652562093058924,1.0489542415853848,ComboPair-GARCH11_HybridQLIKE,test
2023-04-03,2023-04-04,0.0059186412860023,1.1424188147941245,ComboPair-GARCH11_HybridQLIKE,test
2023-04-04,2023-04-05,0.0498269661847383,1.090242243788385,ComboPair-GARCH11_HybridQLIKE,test
2023-04-05,2023-04-06,0.8553042836437406,1.0387595689725437,ComboPair-GARCH11_HybridQLIKE,test
2023-04-06,2023-04-07,0.0125702355791553,1.0917416977968206,ComboPair-GARCH11_HybridQLIKE,test
2023-04-07,2023-04-10,0.1668068990512428,1.0439280565159161,ComboPair-GARCH11_HybridQLIKE,test
2023-04-10,2023-04-11,0.1482607699784405,1.0206593941250743,ComboPair-GARCH11_HybridQLIKE,test
2023-04-11,2023-04-12,8.743291732272662e-07,0.983066388443917,ComboPair-GARCH11_HybridQLIKE,test
2023-04-12,2023-04-13,0.2330177840007939,0.9504888473314771,ComboPair-GARCH11_HybridQLIKE,test
2023-04-13,2023-04-14,1.1617696349612645,0.9420218467493315,ComboPair-GARCH11_HybridQLIKE,test
2023-04-14,2023-04-17,0.0076283447272982,1.0295035404264903,ComboPair-GARCH11_HybridQLIKE,test
2023-04-17,2023-04-18,0.0131688449679895,0.9893815071791969,ComboPair-GARCH11_HybridQLIKE,test
2023-04-18,2023-04-19,0.3296437026732272,0.9485386198109211,ComboPair-GARCH11_HybridQLIKE,test
2023-04-19,2023-04-20,0.0006623405434785,0.944186141418556,ComboPair-GARCH11_HybridQLIKE,test
2023-04-20,2023-04-21,0.3673257523211698,0.9095360017713439,ComboPair-GARCH11_HybridQLIKE,test
2023-04-21,2023-04-24,0.0221215519921837,0.9102352304543944,ComboPair-GARCH11_HybridQLIKE,test
2023-04-24,2023-04-25,0.3932622485353985,0.8838462012400514,ComboPair-GARCH11_HybridQLIKE,test
2023-04-25,2023-04-26,0.328691182889417,0.8939911274545825,ComboPair-GARCH11_HybridQLIKE,test
2023-04-26,2023-04-27,0.0126510214171176,0.8813574642346234,ComboPair-GARCH11_HybridQLIKE,test
2023-04-27,2023-04-28,0.8257060505705139,0.8580598015787728,ComboPair-GARCH11_HybridQLIKE,test
2023-04-28,2023-05-04,0.663351259487948,0.8852382452303758,ComboPair-GARCH11_HybridQLIKE,test
2023-05-04,2023-05-05,0.0008313650023289,0.9337904858094224,ComboPair-GARCH11_HybridQLIKE,test
2023-05-05,2023-05-08,1.5730813455266768,0.9044745230257734,ComboPair-GARCH11_HybridQLIKE,test
2023-05-08,2023-05-09,0.0009810073041391,0.9837893980981591,ComboPair-GARCH11_HybridQLIKE,test
2023-05-09,2023-05-10,0.1807814295588449,0.951200187155032,ComboPair-GARCH11_HybridQLIKE,test
2023-05-10,2023-05-11,0.0116169732719969,0.9260557208400977,ComboPair-GARCH11_HybridQLIKE,test
2023-05-11,2023-05-12,0.8480601097426534,0.9043632206802943,ComboPair-GARCH11_HybridQLIKE,test
2023-05-12,2023-05-15,0.0124546383596074,0.9336613117736007,ComboPair-GARCH11_HybridQLIKE,test
2023-05-15,2023-05-16,0.0003521278803455,0.9207463548926353,ComboPair-GARCH11_HybridQLIKE,test
2023-05-16,2023-05-17,0.2647079940558091,0.8907767998986447,ComboPair-GARCH11_HybridQLIKE,test
2023-05-17,2023-05-18,0.5467189046851431,0.9031638374772888,ComboPair-GARCH11_HybridQLIKE,test
2023-05-18,2023-05-19,0.0134881726921275,0.9066520292763717,ComboPair-GARCH11_HybridQLIKE,test
2023-05-19,2023-05-22,0.1115577260954784,0.8936478128161378,ComboPair-GARCH11_HybridQLIKE,test
2023-05-22,2023-05-23,0.2010623455676166,0.8697911349352592,ComboPair-GARCH11_HybridQLIKE,test
2023-05-23,2023-05-24,0.1456521231551851,0.8780946315533935,ComboPair-GARCH11_HybridQLIKE,test
2023-05-24,2023-05-25,0.0713508401309495,0.8804396463656748,ComboPair-GARCH11_HybridQLIKE,test
2023-05-25,2023-05-26,0.006683379548905,0.8586767404764537,ComboPair-GARCH11_HybridQLIKE,test
2023-05-26,2023-05-29,1.1008741895280585,0.8435273501191907,ComboPair-GARCH11_HybridQLIKE,test
2023-05-29,2023-05-30,0.0813274524532,0.8993987682012372,ComboPair-GARCH11_HybridQLIKE,test
2023-05-30,2023-05-31,0.0715597269351419,0.8857320582507628,ComboPair-GARCH11_HybridQLIKE,test
2023-05-31,2023-06-01,0.0894248931377806,0.8798527698236516,ComboPair-GARCH11_HybridQLIKE,test
2023-06-01,2023-06-02,1.3176407801372392,0.8620400696770262,ComboPair-GARCH11_HybridQLIKE,test
2023-06-02,2023-06-05,0.4068339428608296,0.9512894447713243,ComboPair-GARCH11_HybridQLIKE,test
2023-06-05,2023-06-06,0.9043890866960916,0.9427031580132176,ComboPair-GARCH11_HybridQLIKE,test
2023-06-06,2023-06-07,0.0123028566285396,0.966846598804,ComboPair-GARCH11_HybridQLIKE,test
2023-06-07,2023-06-08,0.5529490855904797,0.953963547034942,ComboPair-GARCH11_HybridQLIKE,test
2023-06-08,2023-06-09,0.3161644467066298,1.0128227012433604,ComboPair-GARCH11_HybridQLIKE,test
2023-06-09,2023-06-12,0.5831574033164091,0.9666635009658358,ComboPair-GARCH11_HybridQLIKE,test
2023-06-12,2023-06-13,0.3310759893352936,0.9683080900185161,ComboPair-GARCH11_HybridQLIKE,test
2023-06-13,2023-06-14,0.2025223817587841,0.9645856662528141,ComboPair-GARCH11_HybridQLIKE,test
2023-06-14,2023-06-15,0.0016224341258812,0.9593139748231481,ComboPair-GARCH11_HybridQLIKE,test
2023-06-15,2023-06-16,0.024585211583996,0.929147633530705,ComboPair-GARCH11_HybridQLIKE,test
2023-06-16,2023-06-19,0.7822402072538185,0.943180285405739,ComboPair-GARCH11_HybridQLIKE,test
2023-06-19,2023-06-20,0.3250259985876756,0.9669108883822289,ComboPair-GARCH11_HybridQLIKE,test
2023-06-20,2023-06-21,0.3653445181035127,0.947439484046979,ComboPair-GARCH11_HybridQLIKE,test
2023-06-21,2023-06-22,0.3717252672960691,0.9475967013693259,ComboPair-GARCH11_HybridQLIKE,test
2023-06-22,2023-06-23,0.1309819466607628,0.943414151014218,ComboPair-GARCH11_HybridQLIKE,test
2023-06-23,2023-06-26,0.0549279663710728,0.9265489241562223,ComboPair-GARCH11_HybridQLIKE,test
2023-06-26,2023-06-27,0.0411962958640958,0.9147140235968327,ComboPair-GARCH11_HybridQLIKE,test
2023-06-27,2023-06-28,0.1251516048900254,0.8737819253806985,ComboPair-GARCH11_HybridQLIKE,test
2023-06-28,2023-06-29,1.3110715533307906,0.8651046583032799,ComboPair-GARCH11_HybridQLIKE,test
2023-06-29,2023-06-30,0.2153197174085333,0.9890894235332969,ComboPair-GARCH11_HybridQLIKE,test
2023-06-30,2023-07-03,0.2244859363593752,0.972815351432734,ComboPair-GARCH11_HybridQLIKE,test
2023-07-03,2023-07-04,0.331614557206894,0.9501086181456686,ComboPair-GARCH11_HybridQLIKE,test
2023-07-04,2023-07-05,0.0534448088033697,0.9362192107267631,ComboPair-GARCH11_HybridQLIKE,test
2023-07-05,2023-07-06,0.5521828368120864,0.9140201092271892,ComboPair-GARCH11_HybridQLIKE,test
2023-07-06,2023-07-07,1.0955709924740076,0.9592299570919536,ComboPair-GARCH11_HybridQLIKE,test
2023-07-07,2023-07-10,0.9169134777331625,0.9909473600292695,ComboPair-GARCH11_HybridQLIKE,test
2023-07-10,2023-07-11,0.057144157007868,1.0338218016515262,ComboPair-GARCH11_HybridQLIKE,test
2023-07-11,2023-07-12,0.0444186703613796,1.0043891363723674,ComboPair-GARCH11_HybridQLIKE,test
2023-07-12,2023-07-13,0.9358770339385756,0.9604906976834757,ComboPair-GARCH11_HybridQLIKE,test
2023-07-13,2023-07-14,0.0652166185346891,0.9913166595625313,ComboPair-GARCH11_HybridQLIKE,test
2023-07-14,2023-07-17,0.1632239943294482,0.9900487250365091,ComboPair-GARCH11_HybridQLIKE,test
2023-07-17,2023-07-18,0.0066910598075562,0.9520500552599869,ComboPair-GARCH11_HybridQLIKE,test
2023-07-18,2023-07-19,0.0089465157105592,0.9217999421121519,ComboPair-GARCH11_HybridQLIKE,test
2023-07-19,2023-07-20,0.0002100775164203,0.9057171854865954,ComboPair-GARCH11_HybridQLIKE,test
2023-07-20,2023-07-21,1.2319670859049314,0.8788872125814907,ComboPair-GARCH11_HybridQLIKE,test
2023-07-21,2023-07-24,0.164526463877313,0.9624247467972054,ComboPair-GARCH11_HybridQLIKE,test
2023-07-24,2023-07-25,0.1884318549081098,0.9533642623111485,ComboPair-GARCH11_HybridQLIKE,test
2023-07-25,2023-07-26,0.1699312574616927,0.9320823550630191,ComboPair-GARCH11_HybridQLIKE,test
2023-07-26,2023-07-27,0.0856869950327944,0.9090260308356832,ComboPair-GARCH11_HybridQLIKE,test
2023-07-27,2023-07-28,0.7393945741890614,0.9320942693343687,ComboPair-GARCH11_HybridQLIKE,test
2023-07-28,2023-07-31,1.5705613280253743,0.9570057873249486,ComboPair-GARCH11_HybridQLIKE,test
2023-07-31,2023-08-01,0.191513989792846,1.0591646340712675,ComboPair-GARCH11_HybridQLIKE,test
2023-08-01,2023-08-02,0.0554319741987418,1.0624365166972098,ComboPair-GARCH11_HybridQLIKE,test
2023-08-02,2023-08-03,0.6081005379926719,0.990128895923746,ComboPair-GARCH11_HybridQLIKE,test
2023-08-03,2023-08-04,1.5216082607669985,1.0427648227242472,ComboPair-GARCH11_HybridQLIKE,test
2023-08-04,2023-08-07,1.5663427455149326,1.1225772660233795,ComboPair-GARCH11_HybridQLIKE,test
2023-08-07,2023-08-08,0.0042545072808971,1.187963829469485,ComboPair-GARCH11_HybridQLIKE,test
2023-08-08,2023-08-09,0.4429341513499315,1.1349269069386516,ComboPair-GARCH11_HybridQLIKE,test
2023-08-09,2023-08-10,1.18855521360565,1.1257794567342707,ComboPair-GARCH11_HybridQLIKE,test
2023-08-10,2023-08-11,0.8946457187409982,1.1963500660229611,ComboPair-GARCH11_HybridQLIKE,test
2023-08-11,2023-08-14,0.1406576061529025,1.196115718068493,ComboPair-GARCH11_HybridQLIKE,test
2023-08-14,2023-08-15,0.0509990332423939,1.1517437638994492,ComboPair-GARCH11_HybridQLIKE,test
2023-08-15,2023-08-16,0.5528693854620391,1.0888276238393344,ComboPair-GARCH11_HybridQLIKE,test
2023-08-16,2023-08-17,0.6237080926504832,1.0766883639636815,ComboPair-GARCH11_HybridQLIKE,test
2023-08-17,2023-08-18,21.187467781738864,1.126130890488153,ComboPair-GARCH11_HybridQLIKE,test
2023-08-18,2023-08-21,0.0225429724444894,2.9400631378057653,ComboPair-GARCH11_HybridQLIKE,test
2023-08-21,2023-08-22,0.0038263943505654,2.5706535455478576,ComboPair-GARCH11_HybridQLIKE,test
2023-08-22,2023-08-23,0.4543048185096983,2.306189396459971,ComboPair-GARCH11_HybridQLIKE,test
2023-08-23,2023-08-24,2.030960720400387,2.11306122423706,ComboPair-GARCH11_HybridQLIKE,test
2023-08-24,2023-08-25,0.2574822009117362,2.0602375149279526,ComboPair-GARCH11_HybridQLIKE,test
2023-08-25,2023-08-28,2.3677711449578327,1.8980892091342374,ComboPair-GARCH11_HybridQLIKE,test
2023-08-28,2023-08-29,0.0507403600472885,1.902069320885985,ComboPair-GARCH11_HybridQLIKE,test
2023-08-29,2023-08-30,0.521587233427783,1.7506818933334332,ComboPair-GARCH11_HybridQLIKE,test
2023-08-30,2023-08-31,0.798611626583033,1.636153998475265,ComboPair-GARCH11_HybridQLIKE,test
2023-08-31,2023-09-05,0.790275250555677,1.563780536642002,ComboPair-GARCH11_HybridQLIKE,test
2023-09-05,2023-09-06,0.7194907575034776,1.5001113859624586,ComboPair-GARCH11_HybridQLIKE,test
2023-09-06,2023-09-07,0.0359716287929884,1.4502036815489339,ComboPair-GARCH11_HybridQLIKE,test
2023-09-07,2023-09-08,0.0178548556372743,1.3704720903495167,ComboPair-GARCH11_HybridQLIKE,test
2023-09-08,2023-09-11,2.097389099277001,1.2845657799157837,ComboPair-GARCH11_HybridQLIKE,test
2023-09-11,2023-09-12,3.1212396050656377,1.4293118595358516,ComboPair-GARCH11_HybridQLIKE,test
2023-09-12,2023-09-13,0.3222528903899724,1.5405403829854392,ComboPair-GARCH11_HybridQLIKE,test
2023-09-13,2023-09-14,1.4026151894519558,1.483570071565247,ComboPair-GARCH11_HybridQLIKE,test
2023-09-14,2023-09-15,0.0839016379792105,1.50932332029531,ComboPair-GARCH11_HybridQLIKE,test
2023-09-15,2023-09-18,1.6257299462595711,1.3984404201857243,ComboPair-GARCH11_HybridQLIKE,test
2023-09-18,2023-09-19,0.000654584074098,1.4627932790691232,ComboPair-GARCH11_HybridQLIKE,test
2023-09-19,2023-09-20,1.4369523878233037,1.3660776905617198,ComboPair-GARCH11_HybridQLIKE,test
2023-09-20,2023-09-21,1.2021573804780938,1.3638599982567112,ComboPair-GARCH11_HybridQLIKE,test
2023-09-21,2023-09-22,2.67951003310709,1.4036848221637082,ComboPair-GARCH11_HybridQLIKE,test
2023-09-22,2023-09-25,11.541216926620844,1.5836755662261037,ComboPair-GARCH11_HybridQLIKE,test
2023-09-25,2023-09-26,1.7698314100181254,2.529443940239615,ComboPair-GARCH11_HybridQLIKE,test
2023-09-26,2023-09-27,1.922934467977144,2.4010246757367715,ComboPair-GARCH11_HybridQLIKE,test
2023-09-27,2023-09-28,0.0151639632836694,2.2807310071427613,ComboPair-GARCH11_HybridQLIKE,test
2023-09-28,2023-09-29,0.02224231577349,2.0606000070014656,ComboPair-GARCH11_HybridQLIKE,test
2023-09-29,2023-10-02,0.0090750098350391,1.8663404650697903,ComboPair-GARCH11_HybridQLIKE,test
2023-10-02,2023-10-03,10.683716279206385,1.7042708009661625,ComboPair-GARCH11_HybridQLIKE,test
2023-10-03,2023-10-04,0.8853176884286172,2.5814581356801325,ComboPair-GARCH11_HybridQLIKE,test
2023-10-04,2023-10-05,1.7375339257639013,2.334901626390467,ComboPair-GARCH11_HybridQLIKE,test
2023-10-05,2023-10-06,1.7072998751511268,2.30493097483235,ComboPair-GARCH11_HybridQLIKE,test
2023-10-06,2023-10-09,0.6060662073826656,2.1862479694076504,ComboPair-GARCH11_HybridQLIKE,test
2023-10-09,2023-10-10,0.3080349756366544,2.0071449980315035,ComboPair-GARCH11_HybridQLIKE,test
2023-10-10,2023-10-11,0.3851648462229108,1.8294410190042592,ComboPair-GARCH11_HybridQLIKE,test
2023-10-11,2023-10-12,0.0048291522978458,1.6857553614360996,ComboPair-GARCH11_HybridQLIKE,test
2023-10-12,2023-10-13,0.0732020168306359,1.5486849517543124,ComboPair-GARCH11_HybridQLIKE,test
2023-10-13,2023-10-16,1.3440806213781142,1.4291862313845276,ComboPair-GARCH11_HybridQLIKE,test
2023-10-16,2023-10-17,3.052807721519015,1.469885793018704,ComboPair-GARCH11_HybridQLIKE,test
2023-10-17,2023-10-18,2.691074109609036,1.6790992927599726,ComboPair-GARCH11_HybridQLIKE,test
2023-10-18,2023-10-19,2.014426845995019,1.8029305061546403,ComboPair-GARCH11_HybridQLIKE,test
2023-10-19,2023-10-20,3.37838828040453,1.8575876815622243,ComboPair-GARCH11_HybridQLIKE,test
2023-10-20,2023-10-23,1.7351918672263549,1.944838975927623,ComboPair-GARCH11_HybridQLIKE,test
2023-10-23,2023-10-24,1.2652847100550173,1.9548064721216005,ComboPair-GARCH11_HybridQLIKE,test
2023-10-24,2023-10-25,0.1475596920145903,1.8647936224695316,ComboPair-GARCH11_HybridQLIKE,test
2023-10-25,2023-10-26,18.362010800338208,1.714574229975086,ComboPair-GARCH11_HybridQLIKE,test
2023-10-26,2023-10-27,0.2387716417217482,3.25024379509974,ComboPair-GARCH11_HybridQLIKE,test
2023-10-27,2023-10-30,3.0025597858118136,2.855324844170366,ComboPair-GARCH11_HybridQLIKE,test
2023-10-30,2023-10-31,1.8839681619493045,2.9198982363211745,ComboPair-GARCH11_HybridQLIKE,test
2023-10-31,2023-11-01,1.230715501580414,2.7627282513521423,ComboPair-GARCH11_HybridQLIKE,test
2023-11-01,2023-11-02,11.467731176476716,2.5325045733412397,ComboPair-GARCH11_HybridQLIKE,test
2023-11-02,2023-11-03,0.0148189440021049,3.180151646020019,ComboPair-GARCH11_HybridQLIKE,test
2023-11-03,2023-11-06,1.4138672012584073,2.7991276059309134,ComboPair-GARCH11_HybridQLIKE,test
2023-11-06,2023-11-07,0.7458390495009208,2.590290881814765,ComboPair-GARCH11_HybridQLIKE,test
2023-11-07,2023-11-08,9.129956144189087,2.4165896759191883,ComboPair-GARCH11_HybridQLIKE,test
2023-11-08,2023-11-09,0.0017061233763225,2.8839121075400636,ComboPair-GARCH11_HybridQLIKE,test
2023-11-09,2023-11-10,1.2148681903111338,2.5606001767621684,ComboPair-GARCH11_HybridQLIKE,test
2023-11-10,2023-11-13,0.0213882813414155,2.418674774911496,ComboPair-GARCH11_HybridQLIKE,test
2023-11-13,2023-11-14,0.7643879612116624,2.178563128956536,ComboPair-GARCH11_HybridQLIKE,test
2023-11-14,2023-11-15,1.309101680363533,2.0254943869306326,ComboPair-GARCH11_HybridQLIKE,test
2023-11-15,2023-11-16,0.0726677258555493,1.9349530282133096,ComboPair-GARCH11_HybridQLIKE,test
2023-11-16,2023-11-17,4.779742663796966,1.7563317695017129,ComboPair-GARCH11_HybridQLIKE,test
2023-11-17,2023-11-20,0.0501991268589152,2.0566874142553178,ComboPair-GARCH11_HybridQLIKE,test
2023-11-20,2023-11-21,0.3772925570702379,1.870561393011978,ComboPair-GARCH11_HybridQLIKE,test
2023-11-21,2023-11-22,0.0912767762573235,1.7294013622110742,ComboPair-GARCH11_HybridQLIKE,test
2023-11-22,2023-11-23,5.291901747240125,1.5870640141590937,ComboPair-GARCH11_HybridQLIKE,test
2023-11-23,2023-11-24,0.4250871900618609,1.9573715091758561,ComboPair-GARCH11_HybridQLIKE,test
2023-11-24,2023-11-27,0.4781711175817431,1.800464227161933,ComboPair-GARCH11_HybridQLIKE,test
2023-11-27,2023-11-28,0.4557176520002135,1.7095557482356207,ComboPair-GARCH11_HybridQLIKE,test
2023-11-28,2023-11-29,0.4496265629344425,1.5876828878198759,ComboPair-GARCH11_HybridQLIKE,test
2023-11-29,2023-11-30,0.6229744807299576,1.4848366862013036,ComboPair-GARCH11_HybridQLIKE,test
2023-11-30,2023-12-01,0.5347066481770756,1.4497721607162235,ComboPair-GARCH11_HybridQLIKE,test
2023-12-01,2023-12-04,2.720585966130201,1.3734918510249075,ComboPair-GARCH11_HybridQLIKE,test
2023-12-04,2023-12-05,0.163386350982878,1.505151503875675,ComboPair-GARCH11_HybridQLIKE,test
2023-12-05,2023-12-06,0.8703691532467039,1.41400991900147,ComboPair-GARCH11_HybridQLIKE,test
2023-12-06,2023-12-07,0.193176184914791,1.3717895110253635,ComboPair-GARCH11_HybridQLIKE,test
2023-12-07,2023-12-08,0.0690100099875838,1.3399653279631139,ComboPair-GARCH11_HybridQLIKE,test
2023-12-08,2023-12-11,0.0088783019772855,1.2381140361507708,ComboPair-GARCH11_HybridQLIKE,test
2023-12-11,2023-12-12,0.0357476055077411,1.162041741281322,ComboPair-GARCH11_HybridQLIKE,test
2023-12-12,2023-12-13,1.4355458045904153,1.0960570229649045,ComboPair-GARCH11_HybridQLIKE,test
2023-12-13,2023-12-14,0.1339218193100039,1.188938385460737,ComboPair-GARCH11_HybridQLIKE,test
2023-12-14,2023-12-15,0.501011926570286,1.1447812197476375,ComboPair-GARCH11_HybridQLIKE,test
2023-12-15,2023-12-18,0.9021057574713134,1.1409609316597433,ComboPair-GARCH11_HybridQLIKE,test
2023-12-18,2023-12-19,0.163207316046184,1.173432517454873,ComboPair-GARCH11_HybridQLIKE,test
2023-12-19,2023-12-20,0.1648341022859622,1.1192815656570727,ComboPair-GARCH11_HybridQLIKE,test
2023-12-20,2023-12-21,0.0229820728280408,1.0647348687610398,ComboPair-GARCH11_HybridQLIKE,test
2023-12-21,2023-12-22,0.003263855536434,1.0136585021780444,ComboPair-GARCH11_HybridQLIKE,test
2023-12-22,2023-12-25,1.728982548756669,0.9670092127906159,ComboPair-GARCH11_HybridQLIKE,test
2023-12-25,2023-12-26,0.1679675706187517,1.0477398674179732,ComboPair-GARCH11_HybridQLIKE,test
2023-12-26,2023-12-27,0.0005368687109465,1.0183356492507851,ComboPair-GARCH11_HybridQLIKE,test
2023-12-27,2023-12-28,0.3802432948523992,0.9839669111782339,ComboPair-GARCH11_HybridQLIKE,test
2023-12-28,2023-12-29,0.0078393746118935,0.9670460261617462,ComboPair-GARCH11_HybridQLIKE,test
2023-12-29,2024-01-02,0.0250562134986935,0.941736541449107,ComboPair-GARCH11_HybridQLIKE,test
2024-01-02,2024-01-03,1.197029417048885,0.9169357718833608,ComboPair-GARCH11_HybridQLIKE,test
2024-01-03,2024-01-04,0.3258526092006003,0.9683249012126267,ComboPair-GARCH11_HybridQLIKE,test
2024-01-04,2024-01-05,0.1180208232703248,1.0126297208353043,ComboPair-GARCH11_HybridQLIKE,test
2024-01-05,2024-01-08,0.2266269824272246,0.948785852293905,ComboPair-GARCH11_HybridQLIKE,test
2024-01-08,2024-01-09,0.0190450011331964,0.9371988006785221,ComboPair-GARCH11_HybridQLIKE,test
2024-01-09,2024-01-10,0.0646665738710911,0.9213620754643523,ComboPair-GARCH11_HybridQLIKE,test
2024-01-10,2024-01-11,0.0034252738431133,0.9137633370276639,ComboPair-GARCH11_HybridQLIKE,test
2024-01-11,2024-01-12,0.4213826457560849,0.878183296378692,ComboPair-GARCH11_HybridQLIKE,test
2024-01-12,2024-01-15,0.0025242702278622,0.9352283548221796,ComboPair-GARCH11_HybridQLIKE,test
2024-01-15,2024-01-16,0.6034028324453893,0.8800497258089732,ComboPair-GARCH11_HybridQLIKE,test
2024-01-16,2024-01-17,0.0025743958188708,0.8914643600093033,ComboPair-GARCH11_HybridQLIKE,test
2024-01-17,2024-01-18,0.3137503773939618,0.8803690392216625,ComboPair-GARCH11_HybridQLIKE,test
2024-01-18,2024-01-19,1.120382144309341,0.8664040700051192,ComboPair-GARCH11_HybridQLIKE,test
2024-01-19,2024-01-22,0.0132345962603059,0.9232590901616982,ComboPair-GARCH11_HybridQLIKE,test
2024-01-22,2024-01-23,0.2062692888507807,0.91683187111035,ComboPair-GARCH11_HybridQLIKE,test
2024-01-23,2024-01-24,0.1485757892019817,0.9102060386474662,ComboPair-GARCH11_HybridQLIKE,test
2024-01-24,2024-01-25,0.0492420848338565,0.910968862667058,ComboPair-GARCH11_HybridQLIKE,test
2024-01-25,2024-01-26,0.2041467089523473,0.8931090728753994,ComboPair-GARCH11_HybridQLIKE,test
2024-01-26,2024-01-29,2.893888078905973e-06,0.8717301074656043,ComboPair-GARCH11_HybridQLIKE,test
2024-01-29,2024-01-30,0.1130691080782245,0.8549995194168301,ComboPair-GARCH11_HybridQLIKE,test
2024-01-30,2024-01-31,1.7132578057426455,0.8342759074898242,ComboPair-GARCH11_HybridQLIKE,test
2024-01-31,2024-02-01,0.5554695483427156,1.0250425034155617,ComboPair-GARCH11_HybridQLIKE,test
2024-02-01,2024-02-02,0.0016060494837953,0.9959904674881951,ComboPair-GARCH11_HybridQLIKE,test
2024-02-02,2024-02-05,1.312405125307974,0.9837328471267986,ComboPair-GARCH11_HybridQLIKE,test
2024-02-05,2024-02-06,0.041546270496195,1.0382935613239443,ComboPair-GARCH11_HybridQLIKE,test
2024-02-06,2024-02-07,0.7090694435364681,0.9932826115478872,ComboPair-GARCH11_HybridQLIKE,test
2024-02-07,2024-02-15,0.10935700902328,0.9991307864946088,ComboPair-GARCH11_HybridQLIKE,test
2024-02-15,2024-02-16,0.3563698361907522,0.9901237195650988,ComboPair-GARCH11_HybridQLIKE,test
2024-02-16,2024-02-19,1.5735090531706803,0.9759246174155105,ComboPair-GARCH11_HybridQLIKE,test
2024-02-19,2024-02-20,0.1719424828204338,1.0842674309843312,ComboPair-GARCH11_HybridQLIKE,test
2024-02-20,2024-02-21,2.643713937948573e-06,1.0434561138950413,ComboPair-GARCH11_HybridQLIKE,test
2024-02-21,2024-02-22,0.0493686905262693,1.0137910390008802,ComboPair-GARCH11_HybridQLIKE,test
2024-02-22,2024-02-23,1.5757517057356472,0.9792643237288128,ComboPair-GARCH11_HybridQLIKE,test
2024-02-23,2024-02-26,0.9982359162312492,1.1585249635234902,ComboPair-GARCH11_HybridQLIKE,test
2024-02-26,2024-02-27,1.16593097532243,1.1334149562213818,ComboPair-GARCH11_HybridQLIKE,test
2024-02-27,2024-02-28,1.8813005066335944,1.1718855095575695,ComboPair-GARCH11_HybridQLIKE,test
2024-02-28,2024-02-29,0.0210764395400896,1.249307745956868,ComboPair-GARCH11_HybridQLIKE,test
2024-02-29,2024-03-01,0.1954116660389362,1.206498062870988,ComboPair-GARCH11_HybridQLIKE,test
2024-03-01,2024-03-04,0.0617241173730905,1.145407883340366,ComboPair-GARCH11_HybridQLIKE,test
2024-03-04,2024-03-05,0.458465682898879,1.120507547861052,ComboPair-GARCH11_HybridQLIKE,test
2024-03-05,2024-03-06,0.3277686759141466,1.0898242587320235,ComboPair-GARCH11_HybridQLIKE,test
2024-03-06,2024-03-07,0.2049845962757557,1.0929650651367482,ComboPair-GARCH11_HybridQLIKE,test
2024-03-07,2024-03-08,2.816444292658484,1.0574324273382554,ComboPair-GARCH11_HybridQLIKE,test
2024-03-08,2024-03-11,0.912721979122844,1.3218131943059137,ComboPair-GARCH11_HybridQLIKE,test
2024-03-11,2024-03-12,0.5879634369893775,1.3056129231683686,ComboPair-GARCH11_HybridQLIKE,test
2024-03-12,2024-03-13,4.113946023612082,1.2468105557170461,ComboPair-GARCH11_HybridQLIKE,test
2024-03-13,2024-03-14,0.2431894157728003,1.4986227636561518,ComboPair-GARCH11_HybridQLIKE,test
2024-03-14,2024-03-15,0.0014420309906953,1.4331853834614665,ComboPair-GARCH11_HybridQLIKE,test
2024-03-15,2024-03-18,2.60144510071112,1.339727282821764,ComboPair-GARCH11_HybridQLIKE,test
2024-03-18,2024-03-19,0.0078313418483015,1.5545883050327145,ComboPair-GARCH11_HybridQLIKE,test
2024-03-19,2024-03-20,1.98300631416396,1.3937222012270847,ComboPair-GARCH11_HybridQLIKE,test
2024-03-20,2024-03-21,1.659993462713211,1.4412933543659778,ComboPair-GARCH11_HybridQLIKE,test
2024-03-21,2024-03-22,0.1769090471586793,1.4892683378104379,ComboPair-GARCH11_HybridQLIKE,test
2024-03-22,2024-03-25,1.1957204376691162,1.4047270507335998,ComboPair-GARCH11_HybridQLIKE,test
2024-03-25,2024-03-26,1.266685379522265,1.4307337329724803,ComboPair-GARCH11_HybridQLIKE,test
2024-03-26,2024-03-27,0.0047070525559726,1.4030488135888808,ComboPair-GARCH11_HybridQLIKE,test
2024-03-27,2024-03-28,0.3036574536281876,1.3107491847538548,ComboPair-GARCH11_HybridQLIKE,test
2024-03-28,2024-03-29,0.22386593116756,1.250002192094159,ComboPair-GARCH11_HybridQLIKE,test
2024-03-29,2024-04-01,0.0401370314872093,1.199308868494303,ComboPair-GARCH11_HybridQLIKE,test
2024-04-01,2024-04-02,0.1847396233779287,1.1517665496059233,ComboPair-GARCH11_HybridQLIKE,test
2024-04-02,2024-04-03,1.4814046434548742,1.1193414050578219,ComboPair-GARCH11_HybridQLIKE,test
2024-04-03,2024-04-04,0.0642984527134782,1.213560578790839,ComboPair-GARCH11_HybridQLIKE,test
2024-04-04,2024-04-05,1.084676282740752,1.152493387860976,ComboPair-GARCH11_HybridQLIKE,test
2024-04-05,2024-04-08,0.1443776586599194,1.2120488376284664,ComboPair-GARCH11_HybridQLIKE,test
2024-04-08,2024-04-09,0.9848187145028622,1.1493662254597836,ComboPair-GARCH11_HybridQLIKE,test
2024-04-09,2024-04-10,0.1141835151805207,1.1409675989949428,ComboPair-GARCH11_HybridQLIKE,test
2024-04-10,2024-04-11,0.0008184297224042,1.0966314214718813,ComboPair-GARCH11_HybridQLIKE,test
2024-04-11,2024-04-12,2.1077713488695093,1.0441867883527571,ComboPair-GARCH11_HybridQLIKE,test
2024-04-12,2024-04-15,23.166885904173803,1.1517921121852446,ComboPair-GARCH11_HybridQLIKE,test
2024-04-15,2024-04-16,0.0058478365075764,3.1772055006076765,ComboPair-GARCH11_HybridQLIKE,test
2024-04-16,2024-04-17,3.543454497340081,2.780797323364767,ComboPair-GARCH11_HybridQLIKE,test
2024-04-17,2024-04-19,2.3528631494425456,2.8475092002095317,ComboPair-GARCH11_HybridQLIKE,test
2024-04-19,2024-04-22,1.6893979231324006,2.7546542499298954,ComboPair-GARCH11_HybridQLIKE,test
2024-04-22,2024-04-23,1.1727907466469314,2.575083290576779,ComboPair-GARCH11_HybridQLIKE,test
2024-04-23,2024-04-24,5.606024745553127,2.437167747218453,ComboPair-GARCH11_HybridQLIKE,test
2024-04-24,2024-04-25,0.0028195309207452,2.619989017563094,ComboPair-GARCH11_HybridQLIKE,test
2024-04-25,2024-04-26,0.1420473024727117,2.3471070540448142,ComboPair-GARCH11_HybridQLIKE,test
2024-04-26,2024-05-02,0.318006405977251,2.1092789660242075,ComboPair-GARCH11_HybridQLIKE,test
2024-05-02,2024-05-03,0.1468401316931458,1.9212452815334573,ComboPair-GARCH11_HybridQLIKE,test
2024-05-03,2024-05-06,2.785560071487252,1.7468028031745546,ComboPair-GARCH11_HybridQLIKE,test
2024-05-06,2024-05-07,0.3206037518220124,1.8109052863298762,ComboPair-GARCH11_HybridQLIKE,test
2024-05-07,2024-05-08,0.0214485793857184,1.6628728718188919,ComboPair-GARCH11_HybridQLIKE,test
2024-05-08,2024-05-09,0.0212146392864794,1.534598384407112,ComboPair-GARCH11_HybridQLIKE,test
2024-05-09,2024-05-10,0.0998826714071555,1.4113577216556208,ComboPair-GARCH11_HybridQLIKE,test
2024-05-10,2024-05-13,0.1323509240296012,1.3298421042652173,ComboPair-GARCH11_HybridQLIKE,test
2024-05-13,2024-05-14,0.0623260338672244,1.2632874636962979,ComboPair-GARCH11_HybridQLIKE,test
2024-05-14,2024-05-15,0.7914504364695899,1.1784701878329622,ComboPair-GARCH11_HybridQLIKE,test
2024-05-15,2024-05-16,1.3010619376829529,1.1672331162379166,ComboPair-GARCH11_HybridQLIKE,test
2024-05-16,2024-05-20,0.4777373395090949,1.203167732644228,ComboPair-GARCH11_HybridQLIKE,test
2024-05-20,2024-05-21,0.0011865300373836,1.1830151410283658,ComboPair-GARCH11_HybridQLIKE,test
2024-05-21,2024-05-22,0.6467920233357178,1.1180090274673629,ComboPair-GARCH11_HybridQLIKE,test
2024-05-22,2024-05-23,1.2284567837418712,1.1446988233626556,ComboPair-GARCH11_HybridQLIKE,test
2024-05-23,2024-05-24,2.256648937405396,1.172573588294461,ComboPair-GARCH11_HybridQLIKE,test
2024-05-24,2024-05-27,0.2066759953224523,1.3650694657019917,ComboPair-GARCH11_HybridQLIKE,test
2024-05-27,2024-05-28,1.2149042841979667,1.2526420091720927,ComboPair-GARCH11_HybridQLIKE,test
2024-05-28,2024-05-29,0.5065517433860525,1.264079244605489,ComboPair-GARCH11_HybridQLIKE,test
2024-05-29,2024-05-30,0.2478473182821189,1.265560082400913,ComboPair-GARCH11_HybridQLIKE,test
2024-05-30,2024-05-31,0.1324368158912983,1.220803036793105,ComboPair-GARCH11_HybridQLIKE,test
2024-05-31,2024-06-03,2.069054535054291,1.1525444416618302,ComboPair-GARCH11_HybridQLIKE,test
2024-06-03,2024-06-04,0.0754175541972061,1.2664107460082559,ComboPair-GARCH11_HybridQLIKE,test
2024-06-04,2024-06-05,0.0041789785238715,1.1875653986120478,ComboPair-GARCH11_HybridQLIKE,test
2024-06-05,2024-06-06,0.003785773302666,1.119580140544488,ComboPair-GARCH11_HybridQLIKE,test
2024-06-06,2024-06-07,0.0977825492840672,1.067583733817509,ComboPair-GARCH11_HybridQLIKE,test
2024-06-07,2024-06-10,0.0574549317651925,1.0165550721549976,ComboPair-GARCH11_HybridQLIKE,test
2024-06-10,2024-06-11,0.236389900130653,0.9831903186349291,ComboPair-GARCH11_HybridQLIKE,test
2024-06-11,2024-06-12,1.4910702380739045,0.9846784362824523,ComboPair-GARCH11_HybridQLIKE,test
2024-06-12,2024-06-13,0.0102965917651104,1.0531246366911422,ComboPair-GARCH11_HybridQLIKE,test
2024-06-13,2024-06-14,2.8007247199637466,1.0207486142301874,ComboPair-GARCH11_HybridQLIKE,test
2024-06-14,2024-06-17,0.1619251788207639,1.2716719854749132,ComboPair-GARCH11_HybridQLIKE,test
2024-06-17,2024-06-18,0.1371670063872054,1.1966086668406288,ComboPair-GARCH11_HybridQLIKE,test
2024-06-18,2024-06-19,0.0005135905111872,1.1309636638967429,ComboPair-GARCH11_HybridQLIKE,test
2024-06-19,2024-06-20,0.0383900740120223,1.0784528729912397,ComboPair-GARCH11_HybridQLIKE,test
2024-06-20,2024-06-21,0.0004769047173217,1.029142906225557,ComboPair-GARCH11_HybridQLIKE,test
2024-06-21,2024-06-24,4.841244218909869,0.9817307219858658,ComboPair-GARCH11_HybridQLIKE,test
2024-06-24,2024-06-25,0.0377795857346046,1.4326603420760982,ComboPair-GARCH11_HybridQLIKE,test
2024-06-25,2024-06-26,0.1382006989182143,1.309172693197918,ComboPair-GARCH11_HybridQLIKE,test
2024-06-26,2024-06-27,0.0291086660682599,1.234577296016939,ComboPair-GARCH11_HybridQLIKE,test
2024-06-27,2024-06-28,1.2092769262564496,1.1676464335213392,ComboPair-GARCH11_HybridQLIKE,test
2024-06-28,2024-07-01,0.5464740769679215,1.2175116331095415,ComboPair-GARCH11_HybridQLIKE,test
2024-07-01,2024-07-02,1.4560329328950323,1.1805866258456017,ComboPair-GARCH11_HybridQLIKE,test
2024-07-02,2024-07-03,0.3074231060441431,1.2234190366049877,ComboPair-GARCH11_HybridQLIKE,test
2024-07-03,2024-07-04,0.0565502378458402,1.1705421586817075,ComboPair-GARCH11_HybridQLIKE,test
2024-07-04,2024-07-05,0.0604238017679763,1.104271138413604,ComboPair-GARCH11_HybridQLIKE,test
2024-07-05,2024-07-08,0.001641913639604,1.0490559179731074,ComboPair-GARCH11_HybridQLIKE,test
2024-07-08,2024-07-09,0.6204070574126203,1.0047089419856574,ComboPair-GARCH11_HybridQLIKE,test
2024-07-09,2024-07-10,0.3628967539784848,1.0118821448116904,ComboPair-GARCH11_HybridQLIKE,test
2024-07-10,2024-07-11,0.0277401860440043,1.01784206557446,ComboPair-GARCH11_HybridQLIKE,test
2024-07-11,2024-07-12,0.0565767163705356,0.9846994006007087,ComboPair-GARCH11_HybridQLIKE,test
2024-07-12,2024-07-15,0.0052765811391784,0.9573582431622951,ComboPair-GARCH11_HybridQLIKE,test
2024-07-15,2024-07-16,0.011280250205691,0.9301068336639351,ComboPair-GARCH11_HybridQLIKE,test
2024-07-16,2024-07-17,0.9643834972427656,0.8954002810781887,ComboPair-GARCH11_HybridQLIKE,test
2024-07-17,2024-07-18,0.2066285309508605,1.0053137733259014,ComboPair-GARCH11_HybridQLIKE,test
2024-07-18,2024-07-19,0.5789189613600527,0.9591665768032844,ComboPair-GARCH11_HybridQLIKE,test
2024-07-19,2024-07-22,0.6479469442933512,0.993942851060728,ComboPair-GARCH11_HybridQLIKE,test
2024-07-22,2024-07-23,3.3723820037131813,1.0323983655480924,ComboPair-GARCH11_HybridQLIKE,test
2024-07-23,2024-07-24,0.2907489732326712,1.3040372695711322,ComboPair-GARCH11_HybridQLIKE,test
2024-07-24,2024-07-25,0.1825373322670373,1.2412686743475603,ComboPair-GARCH11_HybridQLIKE,test
2024-07-25,2024-07-26,0.5194428542577421,1.1954642348748181,ComboPair-GARCH11_HybridQLIKE,test
2024-07-26,2024-07-29,0.1301982149615345,1.1558416675822385,ComboPair-GARCH11_HybridQLIKE,test
2024-07-29,2024-07-30,0.0152800221232259,1.099826569334895,ComboPair-GARCH11_HybridQLIKE,test
2024-07-30,2024-07-31,0.2669893008576879,1.0506497445190153,ComboPair-GARCH11_HybridQLIKE,test
2024-07-31,2024-08-01,3.924859003099425,1.0177739262729104,ComboPair-GARCH11_HybridQLIKE,test
2024-08-01,2024-08-02,0.6124804127570632,1.3684286405355652,ComboPair-GARCH11_HybridQLIKE,test
2024-08-02,2024-08-05,16.028441731399298,1.3075085509408886,ComboPair-GARCH11_HybridQLIKE,test
2024-08-05,2024-08-06,3.4304951964000674,2.703717391288339,ComboPair-GARCH11_HybridQLIKE,test
2024-08-06,2024-08-07,0.2131074887245232,2.6459203017769717,ComboPair-GARCH11_HybridQLIKE,test
2024-08-07,2024-08-08,0.389017827650505,2.3929409864061753,ComboPair-GARCH11_HybridQLIKE,test
2024-08-08,2024-08-09,1.5873626468232618,2.193756944217749,ComboPair-GARCH11_HybridQLIKE,test
2024-08-09,2024-08-12,0.2928717413764615,2.0877486582287395,ComboPair-GARCH11_HybridQLIKE,test
2024-08-12,2024-08-13,0.0001294788177011,1.9095115269684217,ComboPair-GARCH11_HybridQLIKE,test
2024-08-13,2024-08-14,2.3780277347729983e-05,1.7380054319392384,ComboPair-GARCH11_HybridQLIKE,test
2024-08-14,2024-08-15,0.3071561671079922,1.5896283968538003,ComboPair-GARCH11_HybridQLIKE,test
2024-08-15,2024-08-16,5.364467227292595,1.5019070773703782,ComboPair-GARCH11_HybridQLIKE,test
2024-08-16,2024-08-19,0.5581057481573143,1.8251113036333115,ComboPair-GARCH11_HybridQLIKE,test
2024-08-19,2024-08-20,0.7441049789899746,1.6861486376542736,ComboPair-GARCH11_HybridQLIKE,test
2024-08-20,2024-08-21,0.8093492360217696,1.5944574177133304,ComboPair-GARCH11_HybridQLIKE,test
2024-08-21,2024-08-22,0.0097920425309074,1.5173338056037635,ComboPair-GARCH11_HybridQLIKE,test
2024-08-22,2024-08-23,0.039129459240867,1.4132126141826262,ComboPair-GARCH11_HybridQLIKE,test
2024-08-23,2024-08-26,0.1707352129175375,1.3157754032295785,ComboPair-GARCH11_HybridQLIKE,test
2024-08-26,2024-08-27,0.0017789790178368,1.2528470169163666,ComboPair-GARCH11_HybridQLIKE,test
2024-08-27,2024-08-28,0.0047191862628622,1.177907097271468,ComboPair-GARCH11_HybridQLIKE,test
2024-08-28,2024-08-29,5.480696959213411e-06,1.1160228235786636,ComboPair-GARCH11_HybridQLIKE,test
2024-08-29,2024-08-30,0.0350100605836961,1.057820842681212,ComboPair-GARCH11_HybridQLIKE,test
2024-08-30,2024-09-04,0.3975959773479832,0.9960886615276412,ComboPair-GARCH11_HybridQLIKE,test
2024-09-04,2024-09-05,0.3560479520225069,0.9981900153855823,ComboPair-GARCH11_HybridQLIKE,test
2024-09-05,2024-09-06,0.2046388013312271,0.9998379253312892,ComboPair-GARCH11_HybridQLIKE,test
2024-09-06,2024-09-09,0.2403215208141221,0.9736861244600985,ComboPair-GARCH11_HybridQLIKE,test
2024-09-09,2024-09-10,0.9818980427278184,0.9668798448206148,ComboPair-GARCH11_HybridQLIKE,test
2024-09-10,2024-09-11,0.0244199123086784,1.0298290855894379,ComboPair-GARCH11_HybridQLIKE,test
2024-09-11,2024-09-12,0.0602484567361687,0.9972572043296293,ComboPair-GARCH11_HybridQLIKE,test
2024-09-12,2024-09-13,0.1369055643032899,0.9534202395686975,ComboPair-GARCH11_HybridQLIKE,test
2024-09-13,2024-09-16,0.9992379796047328,0.9306739881627353,ComboPair-GARCH11_HybridQLIKE,test
2024-09-16,2024-09-17,2.484914926701652,0.9974186762870744,ComboPair-GARCH11_HybridQLIKE,test
2024-09-17,2024-09-18,0.2223148391601984,1.1452954799813333,ComboPair-GARCH11_HybridQLIKE,test
2024-09-18,2024-09-19,0.2523387575730195,1.1064697247255046,ComboPair-GARCH11_HybridQLIKE,test
2024-09-19,2024-09-20,0.003666425548263,1.0652086892231878,ComboPair-GARCH11_HybridQLIKE,test
2024-09-20,2024-09-23,0.0785444168047104,1.0385062498032864,ComboPair-GARCH11_HybridQLIKE,test
2024-09-23,2024-09-24,0.447081172927798,1.0009254210156018,ComboPair-GARCH11_HybridQLIKE,test
2024-09-24,2024-09-25,0.6692996014919499,0.9849136957048936,ComboPair-GARCH11_HybridQLIKE,test
2024-09-25,2024-09-26,0.0967067651015831,1.0232495523929237,ComboPair-GARCH11_HybridQLIKE,test
2024-09-26,2024-09-27,0.0019487643545271,0.9969929670058368,ComboPair-GARCH11_HybridQLIKE,test
2024-09-27,2024-09-30,0.0534118196752501,0.9693505774318423,ComboPair-GARCH11_HybridQLIKE,test
2024-09-30,2024-10-01,0.1090419063191174,0.9390973314788719,ComboPair-GARCH11_HybridQLIKE,test
2024-10-01,2024-10-02,0.1142301950532245,0.932681471721553,ComboPair-GARCH11_HybridQLIKE,test
2024-10-02,2024-10-03,0.5763536966008403,0.9059188772711824,ComboPair-GARCH11_HybridQLIKE,test
2024-10-03,2024-10-04,0.3463758362975216,0.9689784144987861,ComboPair-GARCH11_HybridQLIKE,test
2024-10-04,2024-10-07,0.0027820245719093,0.9514986648293597,ComboPair-GARCH11_HybridQLIKE,test
2024-10-07,2024-10-08,0.0260164216385025,0.9255412099731732,ComboPair-GARCH11_HybridQLIKE,test
2024-10-08,2024-10-09,0.5974680039460253,0.8925274376159875,ComboPair-GARCH11_HybridQLIKE,test
2024-10-09,2024-10-10,0.1233539050383977,0.903509841843442,ComboPair-GARCH11_HybridQLIKE,test
2024-10-10,2024-10-11,0.0248646364370185,0.8885157519493496,ComboPair-GARCH11_HybridQLIKE,test
2024-10-11,2024-10-14,0.0253573876734088,0.8581305588057859,ComboPair-GARCH11_HybridQLIKE,test
2024-10-14,2024-10-15,0.1678954221921946,0.8514025936476026,ComboPair-GARCH11_HybridQLIKE,test
2024-10-15,2024-10-16,0.0156181703703392,0.8594139974035335,ComboPair-GARCH11_HybridQLIKE,test
2024-10-16,2024-10-17,0.301088511662053,0.8395601906509681,ComboPair-GARCH11_HybridQLIKE,test
2024-10-17,2024-10-18,0.0067941729317095,0.8430836591720003,ComboPair-GARCH11_HybridQLIKE,test
2024-10-18,2024-10-21,0.1968037312439634,0.833118908851305,ComboPair-GARCH11_HybridQLIKE,test
2024-10-21,2024-10-22,0.6006392197446851,0.8392682932957615,ComboPair-GARCH11_HybridQLIKE,test
2024-10-22,2024-10-23,0.0063207009295036,0.8962022056099781,ComboPair-GARCH11_HybridQLIKE,test
2024-10-23,2024-10-24,1.1387581243922995,0.87157239349126,ComboPair-GARCH11_HybridQLIKE,test
2024-10-24,2024-10-25,0.1396414208283497,0.9659643398748305,ComboPair-GARCH11_HybridQLIKE,test
2024-10-25,2024-10-28,0.0267355724555891,0.9506965252884381,ComboPair-GARCH11_HybridQLIKE,test
2024-10-28,2024-10-29,0.310375295938392,0.9171742818314257,ComboPair-GARCH11_HybridQLIKE,test
2024-10-29,2024-10-30,0.0624797327224918,0.8991634426095045,ComboPair-GARCH11_HybridQLIKE,test
2024-10-30,2024-10-31,0.2150309186038439,0.883423738298549,ComboPair-GARCH11_HybridQLIKE,test
2024-10-31,2024-11-01,0.5795854757810541,0.8643924124055735,ComboPair-GARCH11_HybridQLIKE,test
2024-11-01,2024-11-04,0.6634669865085588,0.9076821823309464,ComboPair-GARCH11_HybridQLIKE,test
2024-11-04,2024-11-05,0.0071101049569573,0.9645182390554177,ComboPair-GARCH11_HybridQLIKE,test
2024-11-05,2024-11-06,1.532964136157592,0.9299365031023277,ComboPair-GARCH11_HybridQLIKE,test
2024-11-06,2024-11-07,0.0147328555936719,1.0045439576806543,ComboPair-GARCH11_HybridQLIKE,test
2024-11-07,2024-11-08,0.3276224769794669,0.9742169063085009,ComboPair-GARCH11_HybridQLIKE,test
2024-11-08,2024-11-11,0.0320387972398517,0.9709507174538283,ComboPair-GARCH11_HybridQLIKE,test
2024-11-11,2024-11-12,0.1943555469915317,0.9548700792520396,ComboPair-GARCH11_HybridQLIKE,test
2024-11-12,2024-11-13,0.0095957977358447,0.9491086735301636,ComboPair-GARCH11_HybridQLIKE,test
2024-11-13,2024-11-14,1.304380342114139,0.9195809646917763,ComboPair-GARCH11_HybridQLIKE,test
2024-11-14,2024-11-15,1.1819027969632745,1.020507840860732,ComboPair-GARCH11_HybridQLIKE,test
2024-11-15,2024-11-18,0.0141759467193479,1.1064767779091298,ComboPair-GARCH11_HybridQLIKE,test
2024-11-18,2024-11-19,0.9768103702203697,1.0608682262486402,ComboPair-GARCH11_HybridQLIKE,test
2024-11-19,2024-11-20,0.8848644501514296,1.1084801267909477,ComboPair-GARCH11_HybridQLIKE,test
2024-11-20,2024-11-21,0.9302138287758972,1.1183688661074207,ComboPair-GARCH11_HybridQLIKE,test
2024-11-21,2024-11-22,0.0003506766753295,1.1238370357720981,ComboPair-GARCH11_HybridQLIKE,test
2024-11-22,2024-11-25,0.2872709111767263,1.0744447807347495,ComboPair-GARCH11_HybridQLIKE,test
2024-11-25,2024-11-26,0.3599546809656788,1.0318932850549967,ComboPair-GARCH11_HybridQLIKE,test
2024-11-26,2024-11-27,0.0001659440969947,1.0065373545796548,ComboPair-GARCH11_HybridQLIKE,test
2024-11-27,2024-11-28,0.0001270529950301,0.9665853155034052,ComboPair-GARCH11_HybridQLIKE,test
2024-11-28,2024-11-29,0.4488915850595839,0.9284855957934437,ComboPair-GARCH11_HybridQLIKE,test
2024-11-29,2024-12-02,0.0035951954303536,0.9129622128200153,ComboPair-GARCH11_HybridQLIKE,test
2024-12-02,2024-12-03,0.0121780282468158,0.8918254126147177,ComboPair-GARCH11_HybridQLIKE,test
2024-12-03,2024-12-04,0.5723787875208138,0.8659518451311757,ComboPair-GARCH11_HybridQLIKE,test
2024-12-04,2024-12-05,4.677770763753511,0.9086311337525855,ComboPair-GARCH11_HybridQLIKE,test
2024-12-05,2024-12-06,0.0423127275118428,1.2767182426679609,ComboPair-GARCH11_HybridQLIKE,test
2024-12-06,2024-12-09,0.0846129168166276,1.1988468175110425,ComboPair-GARCH11_HybridQLIKE,test
2024-12-09,2024-12-10,0.019333949066393,1.1420343768122014,ComboPair-GARCH11_HybridQLIKE,test
2024-12-10,2024-12-11,0.0638388590450149,1.0872998050236105,ComboPair-GARCH11_HybridQLIKE,test
2024-12-11,2024-12-12,0.0141789335558376,1.0494455811012549,ComboPair-GARCH11_HybridQLIKE,test
2024-12-12,2024-12-13,0.1427917911928931,1.0031767416208737,ComboPair-GARCH11_HybridQLIKE,test
2024-12-13,2024-12-16,0.0093280152446342,0.9819449852042864,ComboPair-GARCH11_HybridQLIKE,test
2024-12-16,2024-12-17,0.0268721671219935,0.9426418439057493,ComboPair-GARCH11_HybridQLIKE,test
2024-12-17,2024-12-18,0.1146807250456102,0.9084491447657826,ComboPair-GARCH11_HybridQLIKE,test
2024-12-18,2024-12-19,0.8081531599464532,0.8808771784081468,ComboPair-GARCH11_HybridQLIKE,test
2024-12-19,2024-12-20,0.0507615856480591,0.9449763590022753,ComboPair-GARCH11_HybridQLIKE,test
2024-12-20,2024-12-23,0.1742376670775678,0.9170084783650738,ComboPair-GARCH11_HybridQLIKE,test
2024-12-23,2024-12-24,0.0361915284275727,0.8908801700552342,ComboPair-GARCH11_HybridQLIKE,test
2024-12-24,2024-12-25,1.1654410256024177,0.8731242967402937,ComboPair-GARCH11_HybridQLIKE,test
2024-12-25,2024-12-26,0.0084412075502873,0.941145571988843,ComboPair-GARCH11_HybridQLIKE,test
2024-12-26,2024-12-27,0.0317475107765902,0.9206583724338655,ComboPair-GARCH11_HybridQLIKE,test
2024-12-27,2024-12-30,0.0600146339677672,0.8897825401094298,ComboPair-GARCH11_HybridQLIKE,test
2024-12-30,2024-12-31,0.1703989127600233,0.8762468641951136,ComboPair-GARCH11_HybridQLIKE,test
2024-12-31,2025-01-02,0.0533739456959429,0.8727740581660774,ComboPair-GARCH11_HybridQLIKE,test
2025-01-02,2025-01-03,1.435132590022104,0.8441020631299505,ComboPair-GARCH11_HybridQLIKE,test
2025-01-03,2025-01-06,0.4342211890889308,0.9697213398025353,ComboPair-GARCH11_HybridQLIKE,test
2025-01-06,2025-01-07,0.037939050469307,0.9904727141053475,ComboPair-GARCH11_HybridQLIKE,test
2025-01-07,2025-01-08,0.032117795831564,0.9591444397688926,ComboPair-GARCH11_HybridQLIKE,test
2025-01-08,2025-01-09,0.1768543904547769,0.9238953467627631,ComboPair-GARCH11_HybridQLIKE,test
2025-01-09,2025-01-10,1.525095444996381,0.9013032107843129,ComboPair-GARCH11_HybridQLIKE,test
2025-01-10,2025-01-13,0.175796578127988,1.0229392732872684,ComboPair-GARCH11_HybridQLIKE,test
2025-01-13,2025-01-14,0.2850878204367433,0.9945178724241535,ComboPair-GARCH11_HybridQLIKE,test
2025-01-14,2025-01-15,0.3327205813226502,0.9830057004279671,ComboPair-GARCH11_HybridQLIKE,test
2025-01-15,2025-01-16,0.2486834462527659,0.9580341881656733,ComboPair-GARCH11_HybridQLIKE,test
2025-01-16,2025-01-17,0.293601545819197,0.9275477513994999,ComboPair-GARCH11_HybridQLIKE,test
2025-01-17,2025-01-20,0.0012403693451998,0.9032444279880788,ComboPair-GARCH11_HybridQLIKE,test
2025-01-20,2025-01-21,0.0768862836866478,0.8689860497130218,ComboPair-GARCH11_HybridQLIKE,test
2025-01-21,2025-01-22,0.0818546593881995,0.8482371045608876,ComboPair-GARCH11_HybridQLIKE,test
2025-01-22,2025-01-23,1.8682525367895249,0.8394781776805196,ComboPair-GARCH11_HybridQLIKE,test
2025-01-23,2025-01-24,0.1843517308365074,0.9660425400802795,ComboPair-GARCH11_HybridQLIKE,test
2025-01-24,2025-02-04,0.0008556873339296,0.9514232220221159,ComboPair-GARCH11_HybridQLIKE,test
2025-02-04,2025-02-05,0.1513708695410532,0.9283007647088859,ComboPair-GARCH11_HybridQLIKE,test
2025-02-05,2025-02-06,0.0216622352028634,0.9046632846742977,ComboPair-GARCH11_HybridQLIKE,test
2025-02-06,2025-02-07,0.0853488617566438,0.8858751089526876,ComboPair-GARCH11_HybridQLIKE,test
2025-02-07,2025-02-10,0.8849819273953393,0.8631457715656853,ComboPair-GARCH11_HybridQLIKE,test
2025-02-10,2025-02-11,0.168100114678953,0.9475240820131535,ComboPair-GARCH11_HybridQLIKE,test
2025-02-11,2025-02-12,0.0147578221185138,0.9307280003571787,ComboPair-GARCH11_HybridQLIKE,test
2025-02-12,2025-02-13,0.0735271043646943,0.9090890380358823,ComboPair-GARCH11_HybridQLIKE,test
2025-02-13,2025-02-14,0.2025383263760581,0.8786716616118178,ComboPair-GARCH11_HybridQLIKE,test
2025-02-14,2025-02-17,0.0695132401561259,0.8659144090756814,ComboPair-GARCH11_HybridQLIKE,test
2025-02-17,2025-02-18,0.1805870585568251,0.8678488136686575,ComboPair-GARCH11_HybridQLIKE,test
2025-02-18,2025-02-19,0.6592497592052439,0.8565502471249816,ComboPair-GARCH11_HybridQLIKE,test
2025-02-19,2025-02-20,0.1172593983298531,0.8868484657463707,ComboPair-GARCH11_HybridQLIKE,test
2025-02-20,2025-02-21,0.0847684671072922,0.876956818007067,ComboPair-GARCH11_HybridQLIKE,test
2025-02-21,2025-02-24,0.3605624100663593,0.859468429627684,ComboPair-GARCH11_HybridQLIKE,test
2025-02-24,2025-02-25,0.0115290687889239,0.8731881221460063,ComboPair-GARCH11_HybridQLIKE,test
2025-02-25,2025-02-26,0.0002355760665946,0.8695847474147068,ComboPair-GARCH11_HybridQLIKE,test
2025-02-26,2025-02-27,0.1374731263687118,0.8454804799222773,ComboPair-GARCH11_HybridQLIKE,test
2025-02-27,2025-02-28,0.0348744922200793,0.8480860261895361,ComboPair-GARCH11_HybridQLIKE,test
2025-02-28,2025-03-03,0.0940796554023008,0.8385424266954573,ComboPair-GARCH11_HybridQLIKE,test
2025-03-03,2025-03-04,0.0375578625820462,0.8316598345259745,ComboPair-GARCH11_HybridQLIKE,test
2025-03-04,2025-03-05,0.3028627512498273,0.8352898217798566,ComboPair-GARCH11_HybridQLIKE,test
2025-03-05,2025-03-06,1.0612188848677555,0.8506795718395125,ComboPair-GARCH11_HybridQLIKE,test
2025-03-06,2025-03-07,0.350731246280503,0.9346345753996859,ComboPair-GARCH11_HybridQLIKE,test
2025-03-07,2025-03-10,0.1014325645495789,0.9296655995085316,ComboPair-GARCH11_HybridQLIKE,test
2025-03-10,2025-03-11,0.0288133302998629,0.9136826464873484,ComboPair-GARCH11_HybridQLIKE,test
2025-03-11,2025-03-12,0.0196658897235791,0.8943175986075926,ComboPair-GARCH11_HybridQLIKE,test
2025-03-12,2025-03-13,0.3743917074856848,0.8790993695908671,ComboPair-GARCH11_HybridQLIKE,test
2025-03-13,2025-03-14,8.187247062994656e-05,0.9227005338382879,ComboPair-GARCH11_HybridQLIKE,test
2025-03-14,2025-03-17,0.5767885171931181,0.900244490475568,ComboPair-GARCH11_HybridQLIKE,test
2025-03-17,2025-03-18,0.157344490226044,0.9080397562575283,ComboPair-GARCH11_HybridQLIKE,test
2025-03-18,2025-03-19,0.2279894954046255,0.9086383170649786,ComboPair-GARCH11_HybridQLIKE,test
2025-03-19,2025-03-20,0.0027940647092661,0.9191342754903795,ComboPair-GARCH11_HybridQLIKE,test
2025-03-20,2025-03-21,0.0240132299745747,0.8959609707648339,ComboPair-GARCH11_HybridQLIKE,test
2025-03-21,2025-03-24,0.4050748456224285,0.8695043847428661,ComboPair-GARCH11_HybridQLIKE,test
2025-03-24,2025-03-25,0.0144479307849922,0.879530314231475,ComboPair-GARCH11_HybridQLIKE,test
2025-03-25,2025-03-26,0.1924355354900559,0.867368959882332,ComboPair-GARCH11_HybridQLIKE,test
2025-03-26,2025-03-27,0.0296122174159068,0.8671638068082582,ComboPair-GARCH11_HybridQLIKE,test
2025-03-27,2025-03-28,0.2311977047112736,0.844233927748171,ComboPair-GARCH11_HybridQLIKE,test
2025-03-28,2025-03-31,0.652593682196234,0.8592857904678812,ComboPair-GARCH11_HybridQLIKE,test
2025-03-31,2025-04-01,0.6367477385533009,0.9186853550031757,ComboPair-GARCH11_HybridQLIKE,test
2025-04-01,2025-04-02,0.0014400780515298,0.9195399333531518,ComboPair-GARCH11_HybridQLIKE,test
2025-04-02,2025-04-03,47.7513682523715,0.9113528584064889,ComboPair-GARCH11_HybridQLIKE,test
2025-04-03,2025-04-04,2.4680894659320427,5.074209448890572,ComboPair-GARCH11_HybridQLIKE,test
2025-04-04,2025-04-08,44.20961209050503,4.555571209682743,ComboPair-GARCH11_HybridQLIKE,test
2025-04-08,2025-04-09,11.94996872052983,7.9673410794089925,ComboPair-GARCH11_HybridQLIKE,test
2025-04-09,2025-04-10,42.861963107094255,7.730914401556596,ComboPair-GARCH11_HybridQLIKE,test
2025-04-10,2025-04-11,20.5039468602513,10.317159945150896,ComboPair-GARCH11_HybridQLIKE,test
2025-04-11,2025-04-14,2.373686902735611,10.368157826959884,ComboPair-GARCH11_HybridQLIKE,test
2025-04-14,2025-04-15,1.222393557661562,9.103729038332723,ComboPair-GARCH11_HybridQLIKE,test
2025-04-15,2025-04-16,2.0585197770339483,7.943845582951878,ComboPair-GARCH11_HybridQLIKE,test
2025-04-16,2025-04-17,0.3278654140280428,7.070736661730915,ComboPair-GARCH11_HybridQLIKE,test
2025-04-17,2025-04-18,0.0235644272572965,6.1432550472419285,ComboPair-GARCH11_HybridQLIKE,test
2025-04-18,2025-04-21,0.9867147275211472,5.308279137129376,ComboPair-GARCH11_HybridQLIKE,test
2025-04-21,2025-04-22,0.6837487157170882,4.727027069064932,ComboPair-GARCH11_HybridQLIKE,test
2025-04-22,2025-04-23,1.3269747595182129,4.138326613885327,ComboPair-GARCH11_HybridQLIKE,test
2025-04-23,2025-04-24,1.029521260921247,3.756647481500424,ComboPair-GARCH11_HybridQLIKE,test
2025-04-24,2025-04-25,0.2299163958338018,3.3732142077150167,ComboPair-GARCH11_HybridQLIKE,test
2025-04-25,2025-04-28,0.0391566462219492,2.9804197163307515,ComboPair-GARCH11_HybridQLIKE,test
2025-04-28,2025-04-29,0.0016617646152264,2.662092542985464,ComboPair-GARCH11_HybridQLIKE,test
2025-04-29,2025-05-05,1.2432686189181044,2.373936113345786,ComboPair-GARCH11_HybridQLIKE,test
2025-05-05,2025-05-06,0.0234403346988041,2.2115245780324617,ComboPair-GARCH11_HybridQLIKE,test
2025-05-06,2025-05-07,0.4565410925067849,1.9829020727746411,ComboPair-GARCH11_HybridQLIKE,test
2025-05-07,2025-05-08,2.377733233918144,1.8333573658916955,ComboPair-GARCH11_HybridQLIKE,test
2025-05-08,2025-05-09,0.0388387388391833,1.8496807226232759,ComboPair-GARCH11_HybridQLIKE,test
2025-05-09,2025-05-12,1.5662677776101377,1.705446009774921,ComboPair-GARCH11_HybridQLIKE,test
2025-05-12,2025-05-13,0.6231348828577624,1.682835224812222,ComboPair-GARCH11_HybridQLIKE,test
2025-05-13,2025-05-14,1.5683566422405055,1.5978055550115529,ComboPair-GARCH11_HybridQLIKE,test
2025-05-14,2025-05-15,0.0700077382080358,1.596124785275661,ComboPair-GARCH11_HybridQLIKE,test
2025-05-15,2025-05-16,0.816128421348678,1.4955978455953285,ComboPair-GARCH11_HybridQLIKE,test
2025-05-16,2025-05-19,0.1541807515116988,1.4678913729712897,ComboPair-GARCH11_HybridQLIKE,test
2025-05-19,2025-05-20,2.0864038037366446,1.390106618041775,ComboPair-GARCH11_HybridQLIKE,test
2025-05-20,2025-05-21,0.3586751908572574,1.4478386685865412,ComboPair-GARCH11_HybridQLIKE,test
2025-05-21,2025-05-22,0.4879763310352334,1.381759816258246,ComboPair-GARCH11_HybridQLIKE,test
2025-05-22,2025-05-23,0.0022258378145528,1.3522075122705708,ComboPair-GARCH11_HybridQLIKE,test
2025-05-23,2025-05-26,1.8600723156803831,1.2516265802660056,ComboPair-GARCH11_HybridQLIKE,test
2025-05-26,2025-05-27,0.2984907987188625,1.322413142308522,ComboPair-GARCH11_HybridQLIKE,test
2025-05-27,2025-05-28,0.0236037331895616,1.2717091542874717,ComboPair-GARCH11_HybridQLIKE,test
2025-05-28,2025-05-29,5.553699144539498e-07,1.1962252372684903,ComboPair-GARCH11_HybridQLIKE,test
2025-05-29,2025-05-30,0.4795271728756022,1.1387200711599563,ComboPair-GARCH11_HybridQLIKE,test
2025-05-30,2025-06-02,0.0768775248909457,1.1349701849395868,ComboPair-GARCH11_HybridQLIKE,test
2025-06-02,2025-06-03,0.6659991384313828,1.0837911367878226,ComboPair-GARCH11_HybridQLIKE,test
2025-06-03,2025-06-04,0.0125760569530384,1.0969829210872186,ComboPair-GARCH11_HybridQLIKE,test
2025-06-04,2025-06-05,0.0737636944522696,1.0512725291511968,ComboPair-GARCH11_HybridQLIKE,test
2025-06-05,2025-06-06,0.8339101934074882,0.9988059489385621,ComboPair-GARCH11_HybridQLIKE,test
2025-06-06,2025-06-09,2.1415615006193414,1.0689470279373776,ComboPair-GARCH11_HybridQLIKE,test
2025-06-09,2025-06-10,0.1857120921961249,1.2113801425555033,ComboPair-GARCH11_HybridQLIKE,test
2025-06-10,2025-06-11,0.0061284527471124,1.1529851065069598,ComboPair-GARCH11_HybridQLIKE,test
2025-06-11,2025-06-12,0.348758893746006,1.0915259078482502,ComboPair-GARCH11_HybridQLIKE,test
2025-06-12,2025-06-13,0.3232043851233978,1.0776779847113305,ComboPair-GARCH11_HybridQLIKE,test
2025-06-13,2025-06-16,2.90666722935662,1.106114338547601,ComboPair-GARCH11_HybridQLIKE,test
2025-06-16,2025-06-17,0.5089174637565245,1.2406141638284942,ComboPair-GARCH11_HybridQLIKE,test
2025-06-17,2025-06-18,0.0040746855610125,1.2044769011848238,ComboPair-GARCH11_HybridQLIKE,test
2025-06-18,2025-06-19,0.1490639362511987,1.1520439952359829,ComboPair-GARCH11_HybridQLIKE,test
2025-06-19,2025-06-20,0.0396634294929435,1.0899227470239574,ComboPair-GARCH11_HybridQLIKE,test
2025-06-20,2025-06-23,0.4254396112184308,1.0708493616317645,ComboPair-GARCH11_HybridQLIKE,test
2025-06-23,2025-06-24,0.3974954121903902,1.0388221124785264,ComboPair-GARCH11_HybridQLIKE,test
2025-06-24,2025-06-25,2.141289912653593e-06,1.043548218314642,ComboPair-GARCH11_HybridQLIKE,test
2025-06-25,2025-06-26,0.0062490303873797,0.9940940817470508,ComboPair-GARCH11_HybridQLIKE,test
2025-06-26,2025-06-27,0.1777576915183636,0.9505777962587278,ComboPair-GARCH11_HybridQLIKE,test
2025-06-27,2025-06-30,0.1135910808511721,0.9321543088254302,ComboPair-GARCH11_HybridQLIKE,test
2025-06-30,2025-07-01,0.0165236945249244,0.9029989579387958,ComboPair-GARCH11_HybridQLIKE,test
2025-07-01,2025-07-02,0.2388288030529801,0.8890591760508941,ComboPair-GARCH11_HybridQLIKE,test
2025-07-02,2025-07-03,0.0361488680610222,0.8935358987850899,ComboPair-GARCH11_HybridQLIKE,test
2025-07-03,2025-07-04,0.1309520910154639,0.9355040406441614,ComboPair-GARCH11_HybridQLIKE,test
2025-07-04,2025-07-07,1.1709559965363006,0.8837115890514333,ComboPair-GARCH11_HybridQLIKE,test
2025-07-07,2025-07-08,0.904778187332118,0.998650636214877,ComboPair-GARCH11_HybridQLIKE,test
2025-07-08,2025-07-09,1.241559484315582,1.0387592858203976,ComboPair-GARCH11_HybridQLIKE,test
2025-07-09,2025-07-10,0.9910271514632224,1.1341593399633736,ComboPair-GARCH11_HybridQLIKE,test
2025-07-10,2025-07-11,0.6970381226212395,1.1287497826454063,ComboPair-GARCH11_HybridQLIKE,test
2025-07-11,2025-07-14,0.7477170344432008,1.1569702598868428,ComboPair-GARCH11_HybridQLIKE,test
2025-07-14,2025-07-15,0.4444265080916222,1.168000438431155,ComboPair-GARCH11_HybridQLIKE,test
2025-07-15,2025-07-16,0.1995824056263008,1.185545647447158,ComboPair-GARCH11_HybridQLIKE,test
2025-07-16,2025-07-17,2.3820294026445814,1.1364532386217396,ComboPair-GARCH11_HybridQLIKE,test
2025-07-17,2025-07-18,0.2369058350764768,1.294676030450994,ComboPair-GARCH11_HybridQLIKE,test
2025-07-18,2025-07-21,0.6726766922283197,1.25340041720556,ComboPair-GARCH11_HybridQLIKE,test
2025-07-21,2025-07-22,2.6753597330452594,1.2595787687236526,ComboPair-GARCH11_HybridQLIKE,test
2025-07-22,2025-07-23,0.033610422134737,1.3877623413273057,ComboPair-GARCH11_HybridQLIKE,test
2025-07-23,2025-07-24,0.3298066193429415,1.3367126218417125,ComboPair-GARCH11_HybridQLIKE,test
2025-07-24,2025-07-25,0.4388880259346913,1.2876852998529005,ComboPair-GARCH11_HybridQLIKE,test
2025-07-25,2025-07-28,2.898363616722053,1.2576380285822353,ComboPair-GARCH11_HybridQLIKE,test
2025-07-28,2025-07-29,17.613558540836202,1.452076026774147,ComboPair-GARCH11_HybridQLIKE,test
2025-07-29,2025-07-30,0.8980946651524866,2.8910166111438453,ComboPair-GARCH11_HybridQLIKE,test
2025-07-30,2025-07-31,0.1152726694915896,2.6116251064093103,ComboPair-GARCH11_HybridQLIKE,test
2025-07-31,2025-08-01,0.1152726694915833,2.3654795639651782,ComboPair-GARCH11_HybridQLIKE,test
2025-08-01,2025-08-04,1.834710119502004,2.131482158025545,ComboPair-GARCH11_HybridQLIKE,test
2025-08-04,2025-08-05,1.520412348936557,2.0502442865188435,ComboPair-GARCH11_HybridQLIKE,test
2025-08-05,2025-08-06,2.8972670658789563,2.075243038544606,ComboPair-GARCH11_HybridQLIKE,test
2025-08-06,2025-08-07,0.2635664108766646,2.0543434130047116,ComboPair-GARCH11_HybridQLIKE,test
2025-08-07,2025-08-08,0.039326859883716,1.9071932714511548,ComboPair-GARCH11_HybridQLIKE,test
2025-08-08,2025-08-11,0.9422556417684452,1.7754517160294467,ComboPair-GARCH11_HybridQLIKE,test
2025-08-11,2025-08-12,0.2369869845385009,1.7020217861564697,ComboPair-GARCH11_HybridQLIKE,test
2025-08-12,2025-08-13,0.0440788772156527,1.5919823306166316,ComboPair-GARCH11_HybridQLIKE,test
2025-08-13,2025-08-14,3.200310161092739,1.5070403399188947,ComboPair-GARCH11_HybridQLIKE,test
2025-08-14,2025-08-15,0.4273067256056122,1.6542047275636609,ComboPair-GARCH11_HybridQLIKE,test
2025-08-15,2025-08-18,0.1521280158050796,1.5898895055582258,ComboPair-GARCH11_HybridQLIKE,test
2025-08-18,2025-08-19,1.174434797614126,1.47187285268381,ComboPair-GARCH11_HybridQLIKE,test
2025-08-19,2025-08-20,0.3749305014941085,1.480865980694202,ComboPair-GARCH11_HybridQLIKE,test
2025-08-20,2025-08-21,1.989152286945736,1.4368450946517286,ComboPair-GARCH11_HybridQLIKE,test
2025-08-21,2025-08-22,6.511855987425645,1.4774602721935004,ComboPair-GARCH11_HybridQLIKE,test
2025-08-22,2025-08-25,3.721774310323592,1.9603356064943478,ComboPair-GARCH11_HybridQLIKE,test
2025-08-25,2025-08-26,10.672831463331164,2.095877957047927,ComboPair-GARCH11_HybridQLIKE,test
2025-08-26,2025-08-27,0.1033600134238672,2.711576435085411,ComboPair-GARCH11_HybridQLIKE,test
2025-08-27,2025-08-28,0.2196933006813634,2.448387277304854,ComboPair-GARCH11_HybridQLIKE,test
2025-08-28,2025-08-29,0.0064454873601164,2.1882259377310826,ComboPair-GARCH11_HybridQLIKE,test
2025-08-29,2025-09-03,0.0029279074904991,1.9923583072465507,ComboPair-GARCH11_HybridQLIKE,test
2025-09-03,2025-09-04,0.7878709714332047,1.804435080593414,ComboPair-GARCH11_HybridQLIKE,test
2025-09-04,2025-09-05,3.0401082196490887,1.7281489217065906,ComboPair-GARCH11_HybridQLIKE,test
2025-09-05,2025-09-08,6.650758234823594,1.8905151992833065,ComboPair-GARCH11_HybridQLIKE,test
2025-09-08,2025-09-09,0.6150034620566089,2.324250059320226,ComboPair-GARCH11_HybridQLIKE,test
2025-09-09,2025-09-10,0.1311392104891743,2.0994186645318007,ComboPair-GARCH11_HybridQLIKE,test
2025-09-10,2025-09-11,0.7707413531131861,1.8945213291872065,ComboPair-GARCH11_HybridQLIKE,test
2025-09-11,2025-09-12,0.3272182232185671,1.7934119523563794,ComboPair-GARCH11_HybridQLIKE,test
2025-09-12,2025-09-15,1.1076835127457196,1.644333999764924,ComboPair-GARCH11_HybridQLIKE,test
2025-09-15,2025-09-16,0.0564941879844652,1.605373955466347,ComboPair-GARCH11_HybridQLIKE,test
2025-09-16,2025-09-17,0.3510643230345384,1.496192817507086,ComboPair-GARCH11_HybridQLIKE,test
2025-09-17,2025-09-18,0.1204832995414096,1.4113750878443816,ComboPair-GARCH11_HybridQLIKE,test
2025-09-18,2025-09-19,0.1558113286329437,1.3225866341852925,ComboPair-GARCH11_HybridQLIKE,test
2025-09-19,2025-09-22,2.1548992233102013,1.2458139364214929,ComboPair-GARCH11_HybridQLIKE,test
2025-09-22,2025-09-23,0.0024547743448737,1.3964390132717357,ComboPair-GARCH11_HybridQLIKE,test
2025-09-23,2025-09-24,1.8183165781347828,1.280184454760017,ComboPair-GARCH11_HybridQLIKE,test
2025-09-24,2025-09-25,0.2696988542084727,1.3545284575559093,ComboPair-GARCH11_HybridQLIKE,test
2025-09-25,2025-09-26,0.1049995667244043,1.2799731274407793,ComboPair-GARCH11_HybridQLIKE,test
2025-09-26,2025-09-29,0.1207157531709924,1.2081557322740863,ComboPair-GARCH11_HybridQLIKE,test
2025-09-29,2025-09-30,0.0825092745825899,1.1358683563135594,ComboPair-GARCH11_HybridQLIKE,test
2025-09-30,2025-10-01,0.0405610853854958,1.1076462590311253,ComboPair-GARCH11_HybridQLIKE,test
2025-10-01,2025-10-02,0.5533556929381476,1.032027148786466,ComboPair-GARCH11_HybridQLIKE,test
2025-10-02,2025-10-03,0.1745254722126338,1.047425170681806,ComboPair-GARCH11_HybridQLIKE,test
2025-10-03,2025-10-06,8.84404690494525,1.0266245194432795,ComboPair-GARCH11_HybridQLIKE,test
2025-10-06,2025-10-07,0.3641027934298682,1.728370678528573,ComboPair-GARCH11_HybridQLIKE,test
2025-10-07,2025-10-08,0.5486921315455813,1.603767167481346,ComboPair-GARCH11_HybridQLIKE,test
2025-10-08,2025-10-09,1.1922218605244943,1.5137348808607531,ComboPair-GARCH11_HybridQLIKE,test
2025-10-09,2025-10-10,3.220212549761636,1.4991609679080469,ComboPair-GARCH11_HybridQLIKE,test
2025-10-10,2025-10-13,1.0007740943267542,1.6492415085683256,ComboPair-GARCH11_HybridQLIKE,test
2025-10-13,2025-10-14,0.0530277849803774,1.5949064793728005,ComboPair-GARCH11_HybridQLIKE,test
2025-10-14,2025-10-15,0.0312420838438003,1.4739411776777902,ComboPair-GARCH11_HybridQLIKE,test
2025-10-15,2025-10-16,0.2550192069697773,1.3549988381040023,ComboPair-GARCH11_HybridQLIKE,test
2025-10-16,2025-10-17,4.157221997254808,1.285476871167481,ComboPair-GARCH11_HybridQLIKE,test
2025-10-17,2025-10-20,31.687885302040943,1.598251862517912,ComboPair-GARCH11_HybridQLIKE,test
2025-10-20,2025-10-21,2.6780326889178614,4.249452293225634,ComboPair-GARCH11_HybridQLIKE,test
2025-10-21,2025-10-22,0.8133878588699036,3.889881033886675,ComboPair-GARCH11_HybridQLIKE,test
2025-10-22,2025-10-23,0.2587585559528909,3.449618516044438,ComboPair-GARCH11_HybridQLIKE,test
2025-10-23,2025-10-24,0.053015415411533,3.0315775466777852,ComboPair-GARCH11_HybridQLIKE,test
2025-10-24,2025-10-27,3.375069844215606,2.655849911760859,ComboPair-GARCH11_HybridQLIKE,test
2025-10-27,2025-10-28,2.814969211801454,2.6944989297620343,ComboPair-GARCH11_HybridQLIKE,test
2025-10-28,2025-10-29,0.1002770987516237,2.636252558519219,ComboPair-GARCH11_HybridQLIKE,test
2025-10-29,2025-10-30,0.939332335111435,2.3513723513614897,ComboPair-GARCH11_HybridQLIKE,test
2025-10-30,2025-10-31,3.2700587697209347,2.19362459799481,ComboPair-GARCH11_HybridQLIKE,test
2025-10-31,2025-11-03,1.9349432702427485,2.28414946365611,ComboPair-GARCH11_HybridQLIKE,test
2025-11-03,2025-11-04,4.580450857721864,2.2541389456840104,ComboPair-GARCH11_HybridQLIKE,test
2025-11-04,2025-11-05,0.0309750452194787,2.4070951710110347,ComboPair-GARCH11_HybridQLIKE,test
2025-11-05,2025-11-06,0.5520248822173379,2.1301639793049065,ComboPair-GARCH11_HybridQLIKE,test
2025-11-06,2025-11-07,7.216601336017348,1.9596807464448844,ComboPair-GARCH11_HybridQLIKE,test
2025-11-07,2025-11-10,1.3629185312754708,2.4863841960931197,ComboPair-GARCH11_HybridQLIKE,test
2025-11-10,2025-11-11,0.6782053056730832,2.3611101586385073,ComboPair-GARCH11_HybridQLIKE,test
2025-11-11,2025-11-12,5.625713037940661,2.1629377088997424,ComboPair-GARCH11_HybridQLIKE,test
2025-11-12,2025-11-13,0.000662589539105,2.3998579197474528,ComboPair-GARCH11_HybridQLIKE,test
2025-11-13,2025-11-14,0.0605676682080504,2.105467658541005,ComboPair-GARCH11_HybridQLIKE,test
2025-11-14,2025-11-17,1.328575255573558,1.88673876854386,ComboPair-GARCH11_HybridQLIKE,test
2025-11-17,2025-11-18,0.1101519148224003,1.8277168199125522,ComboPair-GARCH11_HybridQLIKE,test
2025-11-18,2025-11-19,0.4356481626659925,1.674383020418773,ComboPair-GARCH11_HybridQLIKE,test
2025-11-19,2025-11-20,0.1789267767214806,1.5888647627190569,ComboPair-GARCH11_HybridQLIKE,test
2025-11-20,2025-11-21,0.0040999105070223,1.4780081011438382,ComboPair-GARCH11_HybridQLIKE,test
2025-11-21,2025-11-24,0.6169476621587812,1.3757338776870367,ComboPair-GARCH11_HybridQLIKE,test
2025-11-24,2025-11-25,0.2096602420348715,1.316079669212869,ComboPair-GARCH11_HybridQLIKE,test
2025-11-25,2025-11-26,1.433673327817772,1.253028444673559,ComboPair-GARCH11_HybridQLIKE,test
2025-11-26,2025-11-27,0.0554068207335508,1.284358841881239,ComboPair-GARCH11_HybridQLIKE,test
2025-11-27,2025-11-28,0.1562015926240177,1.1933002510073547,ComboPair-GARCH11_HybridQLIKE,test
2025-11-28,2025-12-01,0.39639182484541,1.1255711488118498,ComboPair-GARCH11_HybridQLIKE,test
2025-12-01,2025-12-02,0.8106128656312585,1.0793800111390026,ComboPair-GARCH11_HybridQLIKE,test
2025-12-02,2025-12-03,0.7276910420234725,1.0886269193428795,ComboPair-GARCH11_HybridQLIKE,test
2025-12-03,2025-12-04,0.0994544592328996,1.0880900457614535,ComboPair-GARCH11_HybridQLIKE,test
2025-12-04,2025-12-05,0.0550277452970135,1.0446509614350556,ComboPair-GARCH11_HybridQLIKE,test
2025-12-05,2025-12-08,0.5051234930048776,0.9916862332246803,ComboPair-GARCH11_HybridQLIKE,test
2025-12-08,2025-12-09,0.1408736793364905,0.9884767466324611,ComboPair-GARCH11_HybridQLIKE,test
2025-12-09,2025-12-10,2.645907078453935,0.9886610133140565,ComboPair-GARCH11_HybridQLIKE,test
2025-12-10,2025-12-11,1.3806505812729413,1.2106604321983117,ComboPair-GARCH11_HybridQLIKE,test
2025-12-11,2025-12-12,9.667324836347865,1.289156762354263,ComboPair-GARCH11_HybridQLIKE,test
2025-12-12,2025-12-15,0.0028567239256699,2.138868924904706,ComboPair-GARCH11_HybridQLIKE,test
2025-12-15,2025-12-16,3.980584197891362,1.9075052321040318,ComboPair-GARCH11_HybridQLIKE,test
2025-12-16,2025-12-17,0.1084209662548159,2.0369430777038557,ComboPair-GARCH11_HybridQLIKE,test
2025-12-17,2025-12-18,0.0392718088641224,1.8521749937047978,ComboPair-GARCH11_HybridQLIKE,test
2025-12-18,2025-12-19,2.613324440401082,1.67819863865,ComboPair-GARCH11_HybridQLIKE,test
2025-12-19,2025-12-22,7.313697947150696,1.7239573509140542,ComboPair-GARCH11_HybridQLIKE,test
2025-12-22,2025-12-23,1.4374361396783522,2.183344774315324,ComboPair-GARCH11_HybridQLIKE,test
2025-12-23,2025-12-24,0.36034587773515,2.046099718996765,ComboPair-GARCH11_HybridQLIKE,test
2025-12-24,2025-12-25,5.141409326470893,1.8677232158485155,ComboPair-GARCH11_HybridQLIKE,test
2025-12-25,2025-12-26,0.5648889447832609,2.1773160348008647,ComboPair-GARCH11_HybridQLIKE,test
2025-12-26,2025-12-29,2.0655121585777008,2.018026448486875,ComboPair-GARCH11_HybridQLIKE,test
2025-12-29,2025-12-30,0.4690762256667201,1.9999683461731985,ComboPair-GARCH11_HybridQLIKE,test
2025-12-30,2025-12-31,0.9813005407165244,1.82423961224291,ComboPair-GARCH11_HybridQLIKE,test
2020-01-02,2020-01-03,0.0250907830256049,0.41616874492042766,ComboPair-GARCH11_HybridQLIKE,validation
2020-01-03,2020-01-06,0.9476915195201792,0.4060563649097708,ComboPair-GARCH11_HybridQLIKE,validation
2020-01-06,2020-01-07,0.104181316002117,0.4814252270621284,ComboPair-GARCH11_HybridQLIKE,validation
2020-01-07,2020-01-08,1.0770730792986123,0.46039673507793544,ComboPair-GARCH11_HybridQLIKE,validation
2020-01-08,2020-01-09,1.3693209243773992,0.5473546521640293,ComboPair-GARCH11_HybridQLIKE,validation
2020-01-09,2020-01-10,0.7569453657796249,0.6145317865018571,ComboPair-GARCH11_HybridQLIKE,validation
2020-01-10,2020-01-13,0.0779299678700735,0.633921334625039,ComboPair-GARCH11_HybridQLIKE,validation
2020-01-13,2020-01-14,0.0144073552388825,0.6014627396070209,ComboPair-GARCH11_HybridQLIKE,validation
2020-01-14,2020-01-15,0.0033517503388054,0.5629349757745403,ComboPair-GARCH11_HybridQLIKE,validation
2020-01-15,2020-01-16,0.483315508188739,0.527966300901082,ComboPair-GARCH11_HybridQLIKE,validation
2020-01-16,2020-01-17,0.2266955412354889,0.53290706476984,ComboPair-GARCH11_HybridQLIKE,validation
2020-01-17,2020-01-20,0.0011366961882311,0.5165019135908036,ComboPair-GARCH11_HybridQLIKE,validation
2020-01-20,2020-01-21,0.620613610020936,0.48852237126008313,ComboPair-GARCH11_HybridQLIKE,validation
2020-01-21,2020-01-22,0.2649229323580117,0.5079428341295166,ComboPair-GARCH11_HybridQLIKE,validation
2020-01-22,2020-01-30,10.681729656091257,0.4978303457559665,ComboPair-GARCH11_HybridQLIKE,validation
2020-01-30,2020-01-31,5.865133827993191,1.4792191342427088,ComboPair-GARCH11_HybridQLIKE,validation
2020-01-31,2020-02-03,0.8272024151231092,2.121266354449686,ComboPair-GARCH11_HybridQLIKE,validation
2020-02-03,2020-02-04,0.0104658835251161,2.1503181498739568,ComboPair-GARCH11_HybridQLIKE,validation
2020-02-04,2020-02-05,0.1175512507127237,2.0006382696906075,ComboPair-GARCH11_HybridQLIKE,validation
2020-02-05,2020-02-06,1.8356018915555288,1.8357816455888027,ComboPair-GARCH11_HybridQLIKE,validation
2020-02-06,2020-02-07,0.0553168362540114,1.792547118030484,ComboPair-GARCH11_HybridQLIKE,validation
2020-02-07,2020-02-10,1.14665654297727,1.5834147274629533,ComboPair-GARCH11_HybridQLIKE,validation
2020-02-10,2020-02-11,0.1784472180385378,1.5759900790646508,ComboPair-GARCH11_HybridQLIKE,validation
2020-02-11,2020-02-12,0.1033759850072604,1.4233188211682772,ComboPair-GARCH11_HybridQLIKE,validation
2020-02-12,2020-02-13,0.0035645724311596,1.295754065645514,ComboPair-GARCH11_HybridQLIKE,validation
2020-02-13,2020-02-14,0.007095648592579,1.1558596791123072,ComboPair-GARCH11_HybridQLIKE,validation
2020-02-14,2020-02-17,0.0819627293788475,1.026840344584155,ComboPair-GARCH11_HybridQLIKE,validation
2020-02-17,2020-02-18,0.5393743252289994,0.9243040970356219,ComboPair-GARCH11_HybridQLIKE,validation
2020-02-18,2020-02-19,0.0079935084291448,0.9093679861570981,ComboPair-GARCH11_HybridQLIKE,validation
2020-02-19,2020-02-20,1.007648372641439,0.8134967184117634,ComboPair-GARCH11_HybridQLIKE,validation
2020-02-20,2020-02-21,0.2901840002942764,0.8145081865475019,ComboPair-GARCH11_HybridQLIKE,validation
2020-02-21,2020-02-24,10.499319840007198,0.7845749767752721,ComboPair-GARCH11_HybridQLIKE,validation
2020-02-24,2020-02-25,0.487607684946675,1.836105648830048,ComboPair-GARCH11_HybridQLIKE,validation
2020-02-25,2020-02-26,2.3027959637577347,1.7743774101468017,ComboPair-GARCH11_HybridQLIKE,validation
2020-02-26,2020-02-27,0.0757898564940438,1.9576381411959618,ComboPair-GARCH11_HybridQLIKE,validation
2020-02-27,2020-02-28,3.33152796976614,1.7919810104190477,ComboPair-GARCH11_HybridQLIKE,validation
2020-02-28,2020-03-02,0.0643087707016609,2.028298670501016,ComboPair-GARCH11_HybridQLIKE,validation
2020-03-02,2020-03-03,0.4848687144344406,1.818390413233339,ComboPair-GARCH11_HybridQLIKE,validation
2020-03-03,2020-03-04,0.0194121329487549,1.6593304804469007,ComboPair-GARCH11_HybridQLIKE,validation
2020-03-04,2020-03-05,0.1953921289983395,1.4897770991590342,ComboPair-GARCH11_HybridQLIKE,validation
2020-03-05,2020-03-06,0.0439125584620563,1.3412913620204934,ComboPair-GARCH11_HybridQLIKE,validation
2020-03-06,2020-03-09,42.01600464009923,1.198559043516414,ComboPair-GARCH11_HybridQLIKE,validation
2020-03-09,2020-03-10,0.0577385447930077,5.065046340055381,ComboPair-GARCH11_HybridQLIKE,validation
2020-03-10,2020-03-11,10.062685801317658,4.47842244866722,ComboPair-GARCH11_HybridQLIKE,validation
2020-03-11,2020-03-12,28.39132734538161,4.997000041691375,ComboPair-GARCH11_HybridQLIKE,validation
2020-03-12,2020-03-13,0.9522274265858316,6.927584379567945,ComboPair-GARCH11_HybridQLIKE,validation
2020-03-13,2020-03-16,3.4010756349170417,6.14551403342141,ComboPair-GARCH11_HybridQLIKE,validation
2020-03-16,2020-03-17,0.0775702786503674,5.736514432678646,ComboPair-GARCH11_HybridQLIKE,validation
2020-03-17,2020-03-18,0.0633870572758951,5.032786951525774,ComboPair-GARCH11_HybridQLIKE,validation
2020-03-18,2020-03-19,8.691271441121467,4.403752964260767,ComboPair-GARCH11_HybridQLIKE,validation
2020-03-19,2020-03-20,5.099806319623413,4.759063969975635,ComboPair-GARCH11_HybridQLIKE,validation
2020-03-20,2020-03-23,39.324753398937766,4.71013797654726,ComboPair-GARCH11_HybridQLIKE,validation
2020-03-23,2020-03-24,1.2394404253652411,7.631080137465229,ComboPair-GARCH11_HybridQLIKE,validation
2020-03-24,2020-03-25,21.170767602446844,6.710174450667836,ComboPair-GARCH11_HybridQLIKE,validation
2020-03-25,2020-03-26,0.3272592319629427,7.646031369565683,ComboPair-GARCH11_HybridQLIKE,validation
2020-03-26,2020-03-27,0.0708281107928228,6.639391133913578,ComboPair-GARCH11_HybridQLIKE,validation
2020-03-27,2020-03-30,24.77812989942355,5.712933775077952,ComboPair-GARCH11_HybridQLIKE,validation
2020-03-30,2020-03-31,0.0016614736162584,7.378624388275145,ComboPair-GARCH11_HybridQLIKE,validation
2020-03-31,2020-04-01,6.951204185299923,6.33918298946293,ComboPair-GARCH11_HybridQLIKE,validation
2020-04-01,2020-04-03,9.745314866975544,6.053169226425228,ComboPair-GARCH11_HybridQLIKE,validation
2020-04-03,2020-04-06,23.61975403181723,6.033561127354975,ComboPair-GARCH11_HybridQLIKE,validation
2020-04-06,2020-04-07,1.7959977540981795,7.183130571766307,ComboPair-GARCH11_HybridQLIKE,validation
2020-04-07,2020-04-08,0.031670113685362,6.270436422438076,ComboPair-GARCH11_HybridQLIKE,validation
2020-04-08,2020-04-09,2.664349091269905,5.407435388791144,ComboPair-GARCH11_HybridQLIKE,validation
2020-04-09,2020-04-10,0.0991193599969613,4.909741088238153,ComboPair-GARCH11_HybridQLIKE,validation
2020-04-10,2020-04-13,1.0616734405284087,4.301838651931015,ComboPair-GARCH11_HybridQLIKE,validation
2020-04-13,2020-04-14,0.044657326796299,3.8334536615302377,ComboPair-GARCH11_HybridQLIKE,validation
2020-04-14,2020-04-15,1.6134694756828007,3.3456755885982856,ComboPair-GARCH11_HybridQLIKE,validation
2020-04-15,2020-04-16,0.1995857905304535,3.051945803116105,ComboPair-GARCH11_HybridQLIKE,validation
2020-04-16,2020-04-17,1.2849435357813008,2.6821409081773075,ComboPair-GARCH11_HybridQLIKE,validation
2020-04-17,2020-04-20,0.4593979249949131,2.4470026134415175,ComboPair-GARCH11_HybridQLIKE,validation
2020-04-20,2020-04-21,12.978873344019766,2.17997035196802,ComboPair-GARCH11_HybridQLIKE,validation
2020-04-21,2020-04-22,0.0733737116381983,3.300561312118198,ComboPair-GARCH11_HybridQLIKE,validation
2020-04-22,2020-04-23,0.4184349588364568,2.846248943287428,ComboPair-GARCH11_HybridQLIKE,validation
2020-04-23,2020-04-24,0.1258182196300893,2.5571410269733565,ComboPair-GARCH11_HybridQLIKE,validation
2020-04-24,2020-04-27,0.5795257679139346,2.286745705394825,ComboPair-GARCH11_HybridQLIKE,validation
2020-04-27,2020-04-28,0.2143187476000118,2.135082235207936,ComboPair-GARCH11_HybridQLIKE,validation
2020-04-28,2020-04-29,0.0611792667418572,1.9366960275716099,ComboPair-GARCH11_HybridQLIKE,validation
2020-04-29,2020-05-04,0.7518344451734201,1.7303990580678175,ComboPair-GARCH11_HybridQLIKE,validation
2020-05-04,2020-05-05,0.0490191944837796,1.6689469955884169,ComboPair-GARCH11_HybridQLIKE,validation
2020-05-05,2020-05-06,5.6795185291388,1.5043441253365657,ComboPair-GARCH11_HybridQLIKE,validation
2020-05-06,2020-05-07,3.121729248484887,1.8419875461424615,ComboPair-GARCH11_HybridQLIKE,validation
2020-05-07,2020-05-08,4.558766386917776,1.8952166708506122,ComboPair-GARCH11_HybridQLIKE,validation
2020-05-08,2020-05-11,3.1623544686065705,2.060635124062581,ComboPair-GARCH11_HybridQLIKE,validation
2020-05-11,2020-05-12,0.7061476617266061,2.099807146673008,ComboPair-GARCH11_HybridQLIKE,validation
2020-05-12,2020-05-13,0.0176814396147646,1.9358308747296884,ComboPair-GARCH11_HybridQLIKE,validation
2020-05-13,2020-05-14,0.0471790852184788,1.7649923377909207,ComboPair-GARCH11_HybridQLIKE,validation
2020-05-14,2020-05-15,0.4188839500568042,1.628738367079507,ComboPair-GARCH11_HybridQLIKE,validation
2020-05-15,2020-05-18,1.4388117144550177,1.5528075861748665,ComboPair-GARCH11_HybridQLIKE,validation
2020-05-18,2020-05-19,1.1212214832868546,1.5302171744790627,ComboPair-GARCH11_HybridQLIKE,validation
2020-05-19,2020-05-20,0.6772038230630518,1.4769418276605424,ComboPair-GARCH11_HybridQLIKE,validation
2020-05-20,2020-05-21,1.3105093570623978,1.3943180271864226,ComboPair-GARCH11_HybridQLIKE,validation
2020-05-21,2020-05-22,1.3565460202551032,1.3620569636685373,ComboPair-GARCH11_HybridQLIKE,validation
2020-05-22,2020-05-25,0.541812619677385,1.4171719138967176,ComboPair-GARCH11_HybridQLIKE,validation
2020-05-25,2020-05-26,1.3635757531139376,1.340365194937332,ComboPair-GARCH11_HybridQLIKE,validation
2020-05-26,2020-05-27,1.8211114283606344,1.3357370390333274,ComboPair-GARCH11_HybridQLIKE,validation
2020-05-27,2020-05-28,0.2069802660068541,1.4451802742320892,ComboPair-GARCH11_HybridQLIKE,validation
2020-05-28,2020-05-29,0.1273946587706487,1.3503004087253294,ComboPair-GARCH11_HybridQLIKE,validation
2020-05-29,2020-06-01,2.6545527294324818,1.254397888660066,ComboPair-GARCH11_HybridQLIKE,validation
2020-06-01,2020-06-02,0.1948438272852952,1.3588121419632677,ComboPair-GARCH11_HybridQLIKE,validation
2020-06-02,2020-06-03,0.526391032778092,1.2837761698356402,ComboPair-GARCH11_HybridQLIKE,validation
2020-06-03,2020-06-04,0.0956890209261397,1.2216106808956724,ComboPair-GARCH11_HybridQLIKE,validation
2020-06-04,2020-06-05,0.068711754863941,1.1448292056346994,ComboPair-GARCH11_HybridQLIKE,validation
2020-06-05,2020-06-08,2.3533534927844846,1.0782753675785643,ComboPair-GARCH11_HybridQLIKE,validation
2020-06-08,2020-06-09,0.0029663396470081,1.1837397551935278,ComboPair-GARCH11_HybridQLIKE,validation
2020-06-09,2020-06-10,0.0192877721914381,1.1213700187183229,ComboPair-GARCH11_HybridQLIKE,validation
2020-06-10,2020-06-11,14.20113167350128,1.058789246210357,ComboPair-GARCH11_HybridQLIKE,validation
2020-06-11,2020-06-12,0.1978991573902568,2.3530431831843623,ComboPair-GARCH11_HybridQLIKE,validation
2020-06-12,2020-06-15,13.410151498832947,2.1229622745828634,ComboPair-GARCH11_HybridQLIKE,validation
2020-06-15,2020-06-16,7.854033490557961,3.26125209746645,ComboPair-GARCH11_HybridQLIKE,validation
2020-06-16,2020-06-17,0.0390437911460607,3.5750561222743182,ComboPair-GARCH11_HybridQLIKE,validation
2020-06-17,2020-06-18,0.0094269529730988,3.218433873290229,ComboPair-GARCH11_HybridQLIKE,validation
2020-06-18,2020-06-19,2.3775972708277777,2.876692191259407,ComboPair-GARCH11_HybridQLIKE,validation
2020-06-19,2020-06-22,0.0977642075595444,2.721175146950784,ComboPair-GARCH11_HybridQLIKE,validation
2020-06-22,2020-06-23,0.1254074833473004,2.4128942289171,ComboPair-GARCH11_HybridQLIKE,validation
2020-06-23,2020-06-24,0.9656953175585764,2.180853953726259,ComboPair-GARCH11_HybridQLIKE,validation
2020-06-24,2020-06-25,0.3568032861992914,2.1039624497354033,ComboPair-GARCH11_HybridQLIKE,validation
2020-06-25,2020-06-26,0.0935607015251472,1.960293336017081,ComboPair-GARCH11_HybridQLIKE,validation
2020-06-26,2020-06-29,7.240799310682349,1.8003631314486508,ComboPair-GARCH11_HybridQLIKE,validation
2020-06-29,2020-06-30,0.263950183757359,2.407126658955245,ComboPair-GARCH11_HybridQLIKE,validation
2020-06-30,2020-07-01,4.853797558668691,2.1720046527191563,ComboPair-GARCH11_HybridQLIKE,validation
2020-07-01,2020-07-02,0.0173403520116891,2.359583693418326,ComboPair-GARCH11_HybridQLIKE,validation
2020-07-02,2020-07-03,0.3830874038106421,2.1233389510563843,ComboPair-GARCH11_HybridQLIKE,validation
2020-07-03,2020-07-06,2.515298700046254,1.9266156268166705,ComboPair-GARCH11_HybridQLIKE,validation
2020-07-06,2020-07-07,0.0686927141453309,1.913148991169271,ComboPair-GARCH11_HybridQLIKE,validation
2020-07-07,2020-07-08,0.0156264509294999,1.7027822142477662,ComboPair-GARCH11_HybridQLIKE,validation
2020-07-08,2020-07-09,1.8878106377661727,1.5267993973971934,ComboPair-GARCH11_HybridQLIKE,validation
2020-07-09,2020-07-10,0.3609627180509834,1.5340024767805853,ComboPair-GARCH11_HybridQLIKE,validation
2020-07-10,2020-07-13,0.0819210906952639,1.4585318993504652,ComboPair-GARCH11_HybridQLIKE,validation
2020-07-13,2020-07-14,0.0049340673468667,1.341171956343189,ComboPair-GARCH11_HybridQLIKE,validation
2020-07-14,2020-07-15,0.0429038013029008,1.2276251021608495,ComboPair-GARCH11_HybridQLIKE,validation
2020-07-15,2020-07-16,0.6277983835430785,1.1156505410627013,ComboPair-GARCH11_HybridQLIKE,validation
2020-07-16,2020-07-17,0.3025848721746239,1.0523387465146363,ComboPair-GARCH11_HybridQLIKE,validation
2020-07-17,2020-07-20,1.5014548821169582,1.0020913717908355,ComboPair-GARCH11_HybridQLIKE,validation
2020-07-20,2020-07-21,0.0011330265098316,1.102843292102865,ComboPair-GARCH11_HybridQLIKE,validation
2020-07-21,2020-07-22,0.5929839946327068,1.0222334188352205,ComboPair-GARCH11_HybridQLIKE,validation
2020-07-22,2020-07-23,0.0380690415470228,1.0188934762646262,ComboPair-GARCH11_HybridQLIKE,validation
2020-07-23,2020-07-24,10.714506391324338,0.9382555671005965,ComboPair-GARCH11_HybridQLIKE,validation
2020-07-24,2020-07-27,29.71654662116303,1.9700825797133235,ComboPair-GARCH11_HybridQLIKE,validation
2020-07-27,2020-07-28,12.442241141417854,4.620171186089579,ComboPair-GARCH11_HybridQLIKE,validation
2020-07-28,2020-07-29,7.88382185098053,5.139081524373349,ComboPair-GARCH11_HybridQLIKE,validation
2020-07-29,2020-07-30,1.6712179001127756,5.351097046591235,ComboPair-GARCH11_HybridQLIKE,validation
2020-07-30,2020-07-31,0.1173768950572407,4.882616621093021,ComboPair-GARCH11_HybridQLIKE,validation
2020-07-31,2020-08-03,4.064809725455425,4.2829481772898905,ComboPair-GARCH11_HybridQLIKE,validation
2020-08-03,2020-08-04,2.475940854259596,4.08139750224451,ComboPair-GARCH11_HybridQLIKE,validation
2020-08-04,2020-08-05,1.5093873640970836,3.7274725181346833,ComboPair-GARCH11_HybridQLIKE,validation
2020-08-05,2020-08-06,0.0712944062273411,3.3438445096083163,ComboPair-GARCH11_HybridQLIKE,validation
2020-08-06,2020-08-07,0.0285261487999524,2.9337095231278107,ComboPair-GARCH11_HybridQLIKE,validation
2020-08-07,2020-08-10,0.0426711422269859,2.599413066819932,ComboPair-GARCH11_HybridQLIKE,validation
2020-08-10,2020-08-11,0.0002025643928529,2.3123541492820188,ComboPair-GARCH11_HybridQLIKE,validation
2020-08-11,2020-08-12,0.2065144883305979,2.0634421668301703,ComboPair-GARCH11_HybridQLIKE,validation
2020-08-12,2020-08-13,0.9127332835843408,1.828794804903058,ComboPair-GARCH11_HybridQLIKE,validation
2020-08-13,2020-08-14,0.255367280706292,1.6873077430416843,ComboPair-GARCH11_HybridQLIKE,validation
2020-08-14,2020-08-17,0.0048129527023226,1.5481147691519577,ComboPair-GARCH11_HybridQLIKE,validation
2020-08-17,2020-08-18,0.1923085427612989,1.3916485850349236,ComboPair-GARCH11_HybridQLIKE,validation
2020-08-18,2020-08-19,0.3171223716823505,1.2755377632873386,ComboPair-GARCH11_HybridQLIKE,validation
2020-08-19,2020-08-20,0.1246527755214606,1.1770943844474258,ComboPair-GARCH11_HybridQLIKE,validation
2020-08-20,2020-08-21,0.5953479247893214,1.0896498446549547,ComboPair-GARCH11_HybridQLIKE,validation
2020-08-21,2020-08-24,2.601992310993434,1.05198280948493,ComboPair-GARCH11_HybridQLIKE,validation
2020-08-24,2020-08-25,0.3897315001367304,1.1982393702801346,ComboPair-GARCH11_HybridQLIKE,validation
2020-08-25,2020-08-26,0.0055335984725061,1.1355174220613187,ComboPair-GARCH11_HybridQLIKE,validation
2020-08-26,2020-08-27,0.0201247832938772,1.0624198289372047,ComboPair-GARCH11_HybridQLIKE,validation
2020-08-27,2020-08-28,0.2371438175251532,0.9906200866102042,ComboPair-GARCH11_HybridQLIKE,validation
2020-08-28,2020-08-31,0.0919913483576587,0.9524895277557532,ComboPair-GARCH11_HybridQLIKE,validation
2020-08-31,2020-09-01,1.2923697898915891,0.9084216667481793,ComboPair-GARCH11_HybridQLIKE,validation
2020-09-01,2020-09-03,1.8585263119302429,0.9429498291282379,ComboPair-GARCH11_HybridQLIKE,validation
2020-09-03,2020-09-04,0.0724558184717704,1.0311702893128574,ComboPair-GARCH11_HybridQLIKE,validation
2020-09-04,2020-09-07,2.20557465755946,0.990502984396421,ComboPair-GARCH11_HybridQLIKE,validation
2020-09-07,2020-09-08,0.045178302752493,1.1815350414356691,ComboPair-GARCH11_HybridQLIKE,validation
2020-09-08,2020-09-09,0.0084939812398233,1.1151078057999877,ComboPair-GARCH11_HybridQLIKE,validation
2020-09-09,2020-09-10,0.003162773705203,1.058939342611274,ComboPair-GARCH11_HybridQLIKE,validation
2020-09-10,2020-09-11,0.0002847617108647,0.9913048295596165,ComboPair-GARCH11_HybridQLIKE,validation
2020-09-11,2020-09-14,0.3943421427943259,0.9210661264641584,ComboPair-GARCH11_HybridQLIKE,validation
2020-09-14,2020-09-15,0.0356225443834294,0.8874171052153088,ComboPair-GARCH11_HybridQLIKE,validation
2020-09-15,2020-09-16,0.0182018998394976,0.8448460291271003,ComboPair-GARCH11_HybridQLIKE,validation
2020-09-16,2020-09-17,0.1466259433788813,0.7896912333106296,ComboPair-GARCH11_HybridQLIKE,validation
2020-09-17,2020-09-18,0.5927837774192054,0.7797065823004479,ComboPair-GARCH11_HybridQLIKE,validation
2020-09-18,2020-09-21,0.5973025247310948,0.7796139898914104,ComboPair-GARCH11_HybridQLIKE,validation
2020-09-21,2020-09-22,0.0372219865301334,0.791779337980199,ComboPair-GARCH11_HybridQLIKE,validation
2020-09-22,2020-09-23,0.4815094749114654,0.7731542823389901,ComboPair-GARCH11_HybridQLIKE,validation
2020-09-23,2020-09-24,0.1853426709964717,0.7645829511437636,ComboPair-GARCH11_HybridQLIKE,validation
2020-09-24,2020-09-25,0.0011645154128207,0.767833663532538,ComboPair-GARCH11_HybridQLIKE,validation
2020-09-25,2020-09-28,0.2158897933071618,0.7367773408006093,ComboPair-GARCH11_HybridQLIKE,validation
2020-09-28,2020-09-29,0.8800033176965605,0.7275379628505577,ComboPair-GARCH11_HybridQLIKE,validation
2020-09-29,2020-09-30,0.0184885133347586,0.8265354754923995,ComboPair-GARCH11_HybridQLIKE,validation
2020-09-30,2020-10-01,0.9529808677190772,0.7859690031208986,ComboPair-GARCH11_HybridQLIKE,validation
2020-10-01,2020-10-02,0.2100701799336074,0.8218565454788919,ComboPair-GARCH11_HybridQLIKE,validation
2020-10-02,2020-10-05,0.2733808865752189,0.8485484888267291,ComboPair-GARCH11_HybridQLIKE,validation
2020-10-05,2020-10-06,0.0117020561613317,0.8270972935636447,ComboPair-GARCH11_HybridQLIKE,validation
2020-10-06,2020-10-07,0.194766708657986,0.8120470316274292,ComboPair-GARCH11_HybridQLIKE,validation
2020-10-07,2020-10-08,0.0091636773062023,0.8040830625592179,ComboPair-GARCH11_HybridQLIKE,validation
2020-10-08,2020-10-09,0.3136074736535195,0.7871974391802039,ComboPair-GARCH11_HybridQLIKE,validation
2020-10-09,2020-10-12,0.039147029875858,0.7708425239604382,ComboPair-GARCH11_HybridQLIKE,validation
2020-10-12,2020-10-13,0.1886516440368795,0.7561422337299198,ComboPair-GARCH11_HybridQLIKE,validation
2020-10-13,2020-10-14,1.2182219245675234,0.7325409442866668,ComboPair-GARCH11_HybridQLIKE,validation
2020-10-14,2020-10-15,0.0750977601457549,0.801117423133052,ComboPair-GARCH11_HybridQLIKE,validation
2020-10-15,2020-10-16,0.0032789630718449,0.7915817514888664,ComboPair-GARCH11_HybridQLIKE,validation
2020-10-16,2020-10-19,0.0017086378411738,0.7708252928599957,ComboPair-GARCH11_HybridQLIKE,validation
2020-10-19,2020-10-20,0.0059793113747856,0.7467506410219247,ComboPair-GARCH11_HybridQLIKE,validation
2020-10-20,2020-10-21,0.3275908040251104,0.7326143410570785,ComboPair-GARCH11_HybridQLIKE,validation
2020-10-21,2020-10-22,1.3246371755092925,0.7562023486490431,ComboPair-GARCH11_HybridQLIKE,validation
2020-10-22,2020-10-23,1.4132948922636843,0.8229489602869442,ComboPair-GARCH11_HybridQLIKE,validation
2020-10-23,2020-10-26,1.1970960361828058,0.9045892662470454,ComboPair-GARCH11_HybridQLIKE,validation
2020-10-26,2020-10-27,0.2083430476879338,1.0078352417922278,ComboPair-GARCH11_HybridQLIKE,validation
2020-10-27,2020-10-28,7.411979475736142,1.0024419679902556,ComboPair-GARCH11_HybridQLIKE,validation
2020-10-28,2020-10-29,0.0458453997519621,1.6931107134938235,ComboPair-GARCH11_HybridQLIKE,validation
2020-10-29,2020-10-30,0.4800476169952387,1.600990394988084,ComboPair-GARCH11_HybridQLIKE,validation
2020-10-30,2020-11-02,0.7800511650758589,1.5208377321834492,ComboPair-GARCH11_HybridQLIKE,validation
2020-11-02,2020-11-03,0.0342682571944602,1.461877297227788,ComboPair-GARCH11_HybridQLIKE,validation
2020-11-03,2020-11-04,0.2152577372300542,1.335882862487384,ComboPair-GARCH11_HybridQLIKE,validation
2020-11-04,2020-11-05,0.045844571767648,1.2365204609713258,ComboPair-GARCH11_HybridQLIKE,validation
2020-11-05,2020-11-06,0.003314082741207,1.1569758546093574,ComboPair-GARCH11_HybridQLIKE,validation
2020-11-06,2020-11-09,2.10118385761475,1.0791808109815908,ComboPair-GARCH11_HybridQLIKE,validation
2020-11-09,2020-11-10,8.938431274224163e-05,1.172964514838255,ComboPair-GARCH11_HybridQLIKE,validation
2020-11-10,2020-11-11,0.0011297213251294,1.1126862822226764,ComboPair-GARCH11_HybridQLIKE,validation
2020-11-11,2020-11-12,0.5456632914405392,1.0439048589445101,ComboPair-GARCH11_HybridQLIKE,validation
2020-11-12,2020-11-13,0.5301286092359084,1.0112824157323623,ComboPair-GARCH11_HybridQLIKE,validation
2020-11-13,2020-11-16,2.614940684665197,0.9948451215269801,ComboPair-GARCH11_HybridQLIKE,validation
2020-11-16,2020-11-17,3.5600857195920512,1.2193105653169032,ComboPair-GARCH11_HybridQLIKE,validation
2020-11-17,2020-11-18,0.2272651607739751,1.4276556291600797,ComboPair-GARCH11_HybridQLIKE,validation
2020-11-18,2020-11-19,0.9890184423772188,1.3514999756845485,ComboPair-GARCH11_HybridQLIKE,validation
2020-11-19,2020-11-20,0.4666750014882298,1.3274991938068563,ComboPair-GARCH11_HybridQLIKE,validation
2020-11-20,2020-11-23,0.1783704119345972,1.273019335441894,ComboPair-GARCH11_HybridQLIKE,validation
2020-11-23,2020-11-24,0.0248986125796567,1.201122833954166,ComboPair-GARCH11_HybridQLIKE,validation
2020-11-24,2020-11-25,0.1754782563587062,1.1337297392465313,ComboPair-GARCH11_HybridQLIKE,validation
2020-11-25,2020-11-26,0.3614717362335366,1.0829332953197026,ComboPair-GARCH11_HybridQLIKE,validation
2020-11-26,2020-11-27,0.1777363368777613,1.0548996766119623,ComboPair-GARCH11_HybridQLIKE,validation
2020-11-27,2020-11-30,0.50308697006867,1.0122892730397126,ComboPair-GARCH11_HybridQLIKE,validation
2020-11-30,2020-12-01,0.331272320082079,1.0269307266770502,ComboPair-GARCH11_HybridQLIKE,validation
2020-12-01,2020-12-02,0.2902563684716866,1.0077450760777398,ComboPair-GARCH11_HybridQLIKE,validation
2020-12-02,2020-12-03,0.290315397256232,0.9830607910062197,ComboPair-GARCH11_HybridQLIKE,validation
2020-12-03,2020-12-04,0.0274172683613022,0.9608430522168262,ComboPair-GARCH11_HybridQLIKE,validation
2020-12-04,2020-12-07,0.6850937253628709,0.9247157676389398,ComboPair-GARCH11_HybridQLIKE,validation
2020-12-07,2020-12-08,0.0048900250994697,0.9294542705192168,ComboPair-GARCH11_HybridQLIKE,validation
2020-12-08,2020-12-09,0.9108272820038537,0.9071003411253467,ComboPair-GARCH11_HybridQLIKE,validation
2020-12-09,2020-12-10,0.6307404981430905,0.9387470857724703,ComboPair-GARCH11_HybridQLIKE,validation
2020-12-10,2020-12-11,2.1005332911557746,0.9867518078039006,ComboPair-GARCH11_HybridQLIKE,validation
2020-12-11,2020-12-14,2.953190631516623,1.1011184322134866,ComboPair-GARCH11_HybridQLIKE,validation
2020-12-14,2020-12-15,0.6927758012586854,1.2678276328291966,ComboPair-GARCH11_HybridQLIKE,validation
2020-12-15,2020-12-16,1.2199074044400842,1.2835528827090286,ComboPair-GARCH11_HybridQLIKE,validation
2020-12-16,2020-12-17,2.0641473967885817,1.2844706646306692,ComboPair-GARCH11_HybridQLIKE,validation
2020-12-17,2020-12-18,2.192631063716555,1.424934606827279,ComboPair-GARCH11_HybridQLIKE,validation
2020-12-18,2020-12-21,1.6074554836667916,1.4855031767431257,ComboPair-GARCH11_HybridQLIKE,validation
2020-12-21,2020-12-22,0.0479545490733483,1.4962321912679997,ComboPair-GARCH11_HybridQLIKE,validation
2020-12-22,2020-12-23,0.1771055150673424,1.3994829950424306,ComboPair-GARCH11_HybridQLIKE,validation
2020-12-23,2020-12-24,1.124406225180995,1.3279581013348822,ComboPair-GARCH11_HybridQLIKE,validation
2020-12-24,2020-12-25,2.4671237918391133,1.360719779558201,ComboPair-GARCH11_HybridQLIKE,validation
2020-12-25,2020-12-28,0.4034604996523059,1.4495353156998183,ComboPair-GARCH11_HybridQLIKE,validation
2020-12-28,2020-12-29,0.5549207078341868,1.3775876082941758,ComboPair-GARCH11_HybridQLIKE,validation
2020-12-29,2020-12-30,0.0315106576863239,1.3176810814737452,ComboPair-GARCH11_HybridQLIKE,validation
2020-12-30,2020-12-31,0.3307256931476,1.2492888175246473,ComboPair-GARCH11_HybridQLIKE,validation
2020-12-31,2021-01-04,2.2278705339723945,1.190368723054827,ComboPair-GARCH11_HybridQLIKE,validation
2021-01-04,2021-01-05,1.1499318142027897,1.2833512007612908,ComboPair-GARCH11_HybridQLIKE,validation
2021-01-05,2021-01-06,0.8776630886951989,1.2875534009768477,ComboPair-GARCH11_HybridQLIKE,validation
2021-01-06,2021-01-07,1.3339004712332734,1.2695835316051611,ComboPair-GARCH11_HybridQLIKE,validation
2021-01-07,2021-01-08,0.9288877612518626,1.2870478337563758,ComboPair-GARCH11_HybridQLIKE,validation
2021-01-08,2021-01-11,2.138176540768584,1.275906444093331,ComboPair-GARCH11_HybridQLIKE,validation
2021-01-11,2021-01-12,0.3865727035398198,1.355282472309374,ComboPair-GARCH11_HybridQLIKE,validation
2021-01-12,2021-01-13,0.2744693433035448,1.2923744251379936,ComboPair-GARCH11_HybridQLIKE,validation
2021-01-13,2021-01-14,0.0129409883939506,1.259534364456632,ComboPair-GARCH11_HybridQLIKE,validation
2021-01-14,2021-01-15,0.3260937940923989,1.1899713793103743,ComboPair-GARCH11_HybridQLIKE,validation
2021-01-15,2021-01-18,0.0358827142959493,1.144012819802032,ComboPair-GARCH11_HybridQLIKE,validation
2021-01-18,2021-01-19,27.541540391562137,1.0964612375377039,ComboPair-GARCH11_HybridQLIKE,validation
2021-01-19,2021-01-20,0.1055259451193829,3.5642363355504196,ComboPair-GARCH11_HybridQLIKE,validation
2021-01-20,2021-01-21,6.600825920548621,3.053272252517509,ComboPair-GARCH11_HybridQLIKE,validation
2021-01-21,2021-01-22,0.0486234498742934,3.246347419557635,ComboPair-GARCH11_HybridQLIKE,validation
2021-01-22,2021-01-25,0.003916873597976,2.88016181061318,ComboPair-GARCH11_HybridQLIKE,validation
2021-01-25,2021-01-26,6.76157056018748,2.5637370255506666,ComboPair-GARCH11_HybridQLIKE,validation
2021-01-26,2021-01-27,12.16950048366727,2.9709807957481034,ComboPair-GARCH11_HybridQLIKE,validation
2021-01-27,2021-01-28,47.71522267260341,3.7895556764463083,ComboPair-GARCH11_HybridQLIKE,validation
2021-01-28,2021-01-29,9.864460610625494,7.562016619699519,ComboPair-GARCH11_HybridQLIKE,validation
2021-01-29,2021-02-01,4.068938921704016,7.2143553767410555,ComboPair-GARCH11_HybridQLIKE,validation
2021-02-01,2021-02-02,14.37888811066259,6.694356284482828,ComboPair-GARCH11_HybridQLIKE,validation
2021-02-02,2021-02-03,10.698092971323405,6.95536936117693,ComboPair-GARCH11_HybridQLIKE,validation
2021-02-03,2021-02-04,0.006553579964635,6.876427578379378,ComboPair-GARCH11_HybridQLIKE,validation
2021-02-04,2021-02-05,1.728785632859906,5.945225962612067,ComboPair-GARCH11_HybridQLIKE,validation
2021-02-05,2021-02-08,15.664350744194984,5.27362059770402,ComboPair-GARCH11_HybridQLIKE,validation
2021-02-08,2021-02-09,8.346588799606792,6.134875439188751,ComboPair-GARCH11_HybridQLIKE,validation
2021-02-09,2021-02-17,12.948351612917367,5.920591868444577,ComboPair-GARCH11_HybridQLIKE,validation
2021-02-17,2021-02-18,2.5487828873734144,6.181492612379687,ComboPair-GARCH11_HybridQLIKE,validation
2021-02-18,2021-02-19,0.0056191882730801,5.5280936120565265,ComboPair-GARCH11_HybridQLIKE,validation
2021-02-19,2021-02-22,0.0171990965562516,4.804437649084521,ComboPair-GARCH11_HybridQLIKE,validation
2021-02-22,2021-02-23,0.04885188428266,4.184198327077883,ComboPair-GARCH11_HybridQLIKE,validation
2021-02-23,2021-02-24,1.7852090551538884,3.6559105247289096,ComboPair-GARCH11_HybridQLIKE,validation
2021-02-24,2021-02-25,0.0863685922010339,3.3910224951467005,ComboPair-GARCH11_HybridQLIKE,validation
2021-02-25,2021-02-26,0.0678645793866586,2.9779256137512475,ComboPair-GARCH11_HybridQLIKE,validation
2021-02-26,2021-03-01,2.260340412751501,2.6260271921120326,ComboPair-GARCH11_HybridQLIKE,validation
2021-03-01,2021-03-02,0.0013754677373442,2.481346722797839,ComboPair-GARCH11_HybridQLIKE,validation
2021-03-02,2021-03-03,0.0008207623047958,2.2008838301883435,ComboPair-GARCH11_HybridQLIKE,validation
2021-03-03,2021-03-04,2.448912301147324,1.9651213224126507,ComboPair-GARCH11_HybridQLIKE,validation
2021-03-04,2021-03-05,0.0002116227550263,2.049353078688292,ComboPair-GARCH11_HybridQLIKE,validation
2021-03-05,2021-03-08,0.001291980692468,1.8660433977561985,ComboPair-GARCH11_HybridQLIKE,validation
2021-03-08,2021-03-09,0.2923761214947155,1.7090213350871073,ComboPair-GARCH11_HybridQLIKE,validation
2021-03-09,2021-03-10,0.4837594769954144,1.6086325310767307,ComboPair-GARCH11_HybridQLIKE,validation
2021-03-10,2021-03-11,0.9815546422643948,1.5043793525467533,ComboPair-GARCH11_HybridQLIKE,validation
2021-03-11,2021-03-12,0.0002069778164541,1.4568640427639221,ComboPair-GARCH11_HybridQLIKE,validation
2021-03-12,2021-03-15,0.0643027332166397,1.3538367154713233,ComboPair-GARCH11_HybridQLIKE,validation
2021-03-15,2021-03-16,0.1553706585632092,1.26037359213383,ComboPair-GARCH11_HybridQLIKE,validation
2021-03-16,2021-03-17,0.2737899242910557,1.2072420463328029,ComboPair-GARCH11_HybridQLIKE,validation
2021-03-17,2021-03-18,1.5481332912326575,1.155840301246459,ComboPair-GARCH11_HybridQLIKE,validation
2021-03-18,2021-03-19,0.3310498706600423,1.1984248724295614,ComboPair-GARCH11_HybridQLIKE,validation
2021-03-19,2021-03-22,0.0010124742198036,1.1718900614563972,ComboPair-GARCH11_HybridQLIKE,validation
2021-03-22,2021-03-23,0.8528859825364001,1.1152905812965423,ComboPair-GARCH11_HybridQLIKE,validation
2021-03-23,2021-03-24,3.405784484981233,1.148641193745652,ComboPair-GARCH11_HybridQLIKE,validation
2021-03-24,2021-03-25,0.012314795662716,1.4251719909161766,ComboPair-GARCH11_HybridQLIKE,validation
2021-03-25,2021-03-26,0.0058597397555957,1.3287973679346377,ComboPair-GARCH11_HybridQLIKE,validation
2021-03-26,2021-03-29,1.3278733275984689,1.2437797607938479,ComboPair-GARCH11_HybridQLIKE,validation
2021-03-29,2021-03-30,0.8177751702540456,1.2572792054889963,ComboPair-GARCH11_HybridQLIKE,validation
2021-03-30,2021-03-31,0.1825736474519551,1.2387228892140048,ComboPair-GARCH11_HybridQLIKE,validation
2021-03-31,2021-04-01,4.196908399032827,1.1761173881565115,ComboPair-GARCH11_HybridQLIKE,validation
2021-04-01,2021-04-02,0.4682318073785952,1.4255393257235514,ComboPair-GARCH11_HybridQLIKE,validation
2021-04-02,2021-04-05,0.8890694068712227,1.3653247877579553,ComboPair-GARCH11_HybridQLIKE,validation
2021-04-05,2021-04-06,0.0997492041629095,1.337535037435577,ComboPair-GARCH11_HybridQLIKE,validation
2021-04-06,2021-04-07,0.0380161793184628,1.2637678945752453,ComboPair-GARCH11_HybridQLIKE,validation
2021-04-07,2021-04-08,0.3656617949695199,1.19447344123014,ComboPair-GARCH11_HybridQLIKE,validation
2021-04-08,2021-04-09,0.0685939299115526,1.1730396230170659,ComboPair-GARCH11_HybridQLIKE,validation
2021-04-09,2021-04-12,2.801867566535839,1.1263632439211937,ComboPair-GARCH11_HybridQLIKE,validation
2021-04-12,2021-04-13,0.1085685992002533,1.290856345907708,ComboPair-GARCH11_HybridQLIKE,validation
2021-04-13,2021-04-14,0.3626329687997453,1.2440780938101246,ComboPair-GARCH11_HybridQLIKE,validation
2021-04-14,2021-04-15,0.4743671604836424,1.1796759700383828,ComboPair-GARCH11_HybridQLIKE,validation
2021-04-15,2021-04-16,0.4720531246781877,1.1729582547657427,ComboPair-GARCH11_HybridQLIKE,validation
2021-04-16,2021-04-19,3.0629959648129166,1.1823856766273675,ComboPair-GARCH11_HybridQLIKE,validation
2021-04-19,2021-04-20,0.3708468135979464,1.33178080794291,ComboPair-GARCH11_HybridQLIKE,validation
2021-04-20,2021-04-22,10.511479982603742,1.2800795246026613,ComboPair-GARCH11_HybridQLIKE,validation
2021-04-22,2021-04-23,2.7977982020669034,2.1684638578130713,ComboPair-GARCH11_HybridQLIKE,validation
2021-04-23,2021-04-26,7.069875969155051,2.146585294648295,ComboPair-GARCH11_HybridQLIKE,validation
2021-04-26,2021-04-27,0.1068177702515163,2.648168766729154,ComboPair-GARCH11_HybridQLIKE,validation
2021-04-27,2021-04-28,0.6403727056381737,2.35495369634993,ComboPair-GARCH11_HybridQLIKE,validation
2021-04-28,2021-04-29,0.6353802562532533,2.152464930276756,ComboPair-GARCH11_HybridQLIKE,validation
2021-04-29,2021-05-04,0.0512876666991909,1.9741792420686333,ComboPair-GARCH11_HybridQLIKE,validation
2021-05-04,2021-05-05,1.2974041483688885,1.778622205656673,ComboPair-GARCH11_HybridQLIKE,validation
2021-05-05,2021-05-06,0.2185486546328746,1.7133995427999895,ComboPair-GARCH11_HybridQLIKE,validation
2021-05-06,2021-05-07,0.494132324659674,1.594642833209972,ComboPair-GARCH11_HybridQLIKE,validation
2021-05-07,2021-05-10,2.018769062145057,1.5211928142415652,ComboPair-GARCH11_HybridQLIKE,validation
2021-05-10,2021-05-11,0.0792094524228185,1.5638585291292944,ComboPair-GARCH11_HybridQLIKE,validation
2021-05-11,2021-05-12,1.0683689670129952,1.4424129925305258,ComboPair-GARCH11_HybridQLIKE,validation
2021-05-12,2021-05-13,0.3147510754643727,1.4072865365669514,ComboPair-GARCH11_HybridQLIKE,validation
2021-05-13,2021-05-14,0.1194948927270032,1.324532165897745,ComboPair-GARCH11_HybridQLIKE,validation
2021-05-14,2021-05-17,0.3681093008020274,1.237462359492414,ComboPair-GARCH11_HybridQLIKE,validation
2021-05-17,2021-05-18,0.2298422025837693,1.1934470966436865,ComboPair-GARCH11_HybridQLIKE,validation
2021-05-18,2021-05-19,0.6085100033578476,1.1464610146636263,ComboPair-GARCH11_HybridQLIKE,validation
2021-05-19,2021-05-20,1.5332689494683411,1.1284011052857212,ComboPair-GARCH11_HybridQLIKE,validation
2021-05-20,2021-05-21,0.1986664550105345,1.1962431957066806,ComboPair-GARCH11_HybridQLIKE,validation
2021-05-21,2021-05-24,1.1845107713600658,1.1194437404949955,ComboPair-GARCH11_HybridQLIKE,validation
2021-05-24,2021-05-25,0.6615170731155926,1.1449803025344658,ComboPair-GARCH11_HybridQLIKE,validation
2021-05-25,2021-05-26,0.3826692450882292,1.1311479543674863,ComboPair-GARCH11_HybridQLIKE,validation
2021-05-26,2021-05-27,1.0043951904267852,1.0994063567691146,ComboPair-GARCH11_HybridQLIKE,validation
2021-05-27,2021-05-28,1.65727162339538,1.1433677324889748,ComboPair-GARCH11_HybridQLIKE,validation
2021-05-28,2021-05-31,0.3285055315434949,1.2148119578137284,ComboPair-GARCH11_HybridQLIKE,validation
2021-05-31,2021-06-01,0.5328741181290064,1.1552669835598484,ComboPair-GARCH11_HybridQLIKE,validation
2021-06-01,2021-06-02,0.0501764701325494,1.118012028519928,ComboPair-GARCH11_HybridQLIKE,validation
2021-06-02,2021-06-03,3.01900451692919,1.0637414546671813,ComboPair-GARCH11_HybridQLIKE,validation
2021-06-03,2021-06-04,0.5091916058927975,1.2613884673203062,ComboPair-GARCH11_HybridQLIKE,validation
2021-06-04,2021-06-07,1.2488833393722787,1.218572333444322,ComboPair-GARCH11_HybridQLIKE,validation
2021-06-07,2021-06-08,8.436942215340656,1.2717420745057442,ComboPair-GARCH11_HybridQLIKE,validation
2021-06-08,2021-06-09,0.9635770887636846,1.9610018110195557,ComboPair-GARCH11_HybridQLIKE,validation
2021-06-09,2021-06-10,0.4923594509595709,1.8422445464345167,ComboPair-GARCH11_HybridQLIKE,validation
2021-06-10,2021-06-11,4.4320627369374535,1.7149910544144071,ComboPair-GARCH11_HybridQLIKE,validation
2021-06-11,2021-06-14,0.5411007585268014,1.9350386820917613,ComboPair-GARCH11_HybridQLIKE,validation
2021-06-14,2021-06-15,0.1708389534964715,1.7640608840259713,ComboPair-GARCH11_HybridQLIKE,validation
2021-06-15,2021-06-16,0.6335008462154236,1.6072139182852503,ComboPair-GARCH11_HybridQLIKE,validation
2021-06-16,2021-06-17,0.0626639901398827,1.540332107687524,ComboPair-GARCH11_HybridQLIKE,validation
2021-06-17,2021-06-18,1.7005139602823875,1.427971934486073,ComboPair-GARCH11_HybridQLIKE,validation
2021-06-18,2021-06-21,0.1396997155457911,1.4777468631890733,ComboPair-GARCH11_HybridQLIKE,validation
2021-06-21,2021-06-22,0.284425125779956,1.381482756804607,ComboPair-GARCH11_HybridQLIKE,validation
2021-06-22,2021-06-23,0.0505778800491605,1.3003388688354018,ComboPair-GARCH11_HybridQLIKE,validation
2021-06-23,2021-06-24,0.042756846647676,1.2129020520031215,ComboPair-GARCH11_HybridQLIKE,validation
2021-06-24,2021-06-25,0.5639250493998573,1.1316596364872584,ComboPair-GARCH11_HybridQLIKE,validation
2021-06-25,2021-06-28,1.2596863062253096,1.1035783194359805,ComboPair-GARCH11_HybridQLIKE,validation
2021-06-28,2021-06-29,0.0902656153029111,1.140166431086634,ComboPair-GARCH11_HybridQLIKE,validation
2021-06-29,2021-06-30,0.0111781207193246,1.0743692481919198,ComboPair-GARCH11_HybridQLIKE,validation
2021-06-30,2021-07-01,0.3645273399631648,1.0141350075395066,ComboPair-GARCH11_HybridQLIKE,validation
2021-07-01,2021-07-02,0.0505610286336511,0.9945332470440034,ComboPair-GARCH11_HybridQLIKE,validation
2021-07-02,2021-07-05,0.4168242183273023,0.9593685731837418,ComboPair-GARCH11_HybridQLIKE,validation
2021-07-05,2021-07-06,16.601013312283214,0.9770822970060149,ComboPair-GARCH11_HybridQLIKE,validation
2021-07-06,2021-07-07,6.058281445881023,2.4730321664010773,ComboPair-GARCH11_HybridQLIKE,validation
2021-07-07,2021-07-08,1.0078273448945338,2.6760289221742477,ComboPair-GARCH11_HybridQLIKE,validation
2021-07-08,2021-07-09,4.095422426959989,2.478299757424926,ComboPair-GARCH11_HybridQLIKE,validation
2021-07-09,2021-07-12,14.799235172407151,2.604147964282585,ComboPair-GARCH11_HybridQLIKE,validation
2021-07-12,2021-07-13,0.009141491530764,3.697513174700291,ComboPair-GARCH11_HybridQLIKE,validation
2021-07-13,2021-07-14,1.871533753406208,3.236489928054916,ComboPair-GARCH11_HybridQLIKE,validation
2021-07-14,2021-07-15,1.185182208099543,3.0624724994234818,ComboPair-GARCH11_HybridQLIKE,validation
2021-07-15,2021-07-16,0.1728051567276786,2.791630836342005,ComboPair-GARCH11_HybridQLIKE,validation
2021-07-16,2021-07-19,19.26799845022637,2.4799106087610356,ComboPair-GARCH11_HybridQLIKE,validation
2021-07-19,2021-07-20,5.600831490366748,4.080031242799879,ComboPair-GARCH11_HybridQLIKE,validation
2021-07-20,2021-07-21,0.0386259132356042,3.9592684307402997,ComboPair-GARCH11_HybridQLIKE,validation
2021-07-21,2021-07-22,3.1842211341003503,3.516641110374815,ComboPair-GARCH11_HybridQLIKE,validation
2021-07-22,2021-07-23,3.75891611125588,3.3257149360585165,ComboPair-GARCH11_HybridQLIKE,validation
2021-07-23,2021-07-26,0.0932245335056029,3.3195427482970645,ComboPair-GARCH11_HybridQLIKE,validation
2021-07-26,2021-07-27,0.1095791578755464,2.901134151280937,ComboPair-GARCH11_HybridQLIKE,validation
2021-07-27,2021-07-28,0.0001201916445908,2.539356427378804,ComboPair-GARCH11_HybridQLIKE,validation
2021-07-28,2021-07-29,1.6539600353625152,2.2873753367135667,ComboPair-GARCH11_HybridQLIKE,validation
2021-07-29,2021-07-30,1.5967544948591652,2.1458504812063914,ComboPair-GARCH11_HybridQLIKE,validation
2021-07-30,2021-08-02,0.1009987039707803,2.01330660778759,ComboPair-GARCH11_HybridQLIKE,validation
2021-08-02,2021-08-03,1.8957198194932552,1.80278395357289,ComboPair-GARCH11_HybridQLIKE,validation
2021-08-03,2021-08-04,0.0297448118967559,1.7853377473616485,ComboPair-GARCH11_HybridQLIKE,validation
2021-08-04,2021-08-05,0.6506576147304501,1.619487121596529,ComboPair-GARCH11_HybridQLIKE,validation
2021-08-05,2021-08-06,0.0931307383293993,1.5354028155867314,ComboPair-GARCH11_HybridQLIKE,validation
2021-08-06,2021-08-09,1.857942049015988,1.4154628869521086,ComboPair-GARCH11_HybridQLIKE,validation
2021-08-09,2021-08-10,0.0356498511082493,1.4619931270698605,ComboPair-GARCH11_HybridQLIKE,validation
2021-08-10,2021-08-11,0.1163827824804467,1.3422233208570182,ComboPair-GARCH11_HybridQLIKE,validation
2021-08-11,2021-08-12,0.1222953063583315,1.251230010688515,ComboPair-GARCH11_HybridQLIKE,validation
2021-08-12,2021-08-13,0.0871384784453648,1.185686000122528,ComboPair-GARCH11_HybridQLIKE,validation
2021-08-13,2021-08-16,1.0399916754691487,1.1216519671473524,ComboPair-GARCH11_HybridQLIKE,validation
2021-08-16,2021-08-17,0.3314354435277737,1.1541926747939466,ComboPair-GARCH11_HybridQLIKE,validation
2021-08-17,2021-08-18,0.0249180078972991,1.120177773725648,ComboPair-GARCH11_HybridQLIKE,validation
2021-08-18,2021-08-19,1.034084957658442,1.0551503188370894,ComboPair-GARCH11_HybridQLIKE,validation
2021-08-19,2021-08-20,11.285807091304966,1.0856754929093648,ComboPair-GARCH11_HybridQLIKE,validation
2021-08-20,2021-08-23,5.411821632013326,2.07604154822748,ComboPair-GARCH11_HybridQLIKE,validation
2021-08-23,2021-08-24,8.536462420535458e-05,2.392081251777012,ComboPair-GARCH11_HybridQLIKE,validation
2021-08-24,2021-08-25,0.6870757170728501,2.1187323041724953,ComboPair-GARCH11_HybridQLIKE,validation
2021-08-25,2021-08-26,0.4170750420782061,1.9702666275016694,ComboPair-GARCH11_HybridQLIKE,validation
2021-08-26,2021-08-27,0.8540485329092148,1.802121776113086,ComboPair-GARCH11_HybridQLIKE,validation
2021-08-27,2021-08-30,1.2797402595336076,1.685367450121717,ComboPair-GARCH11_HybridQLIKE,validation
2021-08-30,2021-08-31,0.0627065630623478,1.6464889764389512,ComboPair-GARCH11_HybridQLIKE,validation
2021-08-31,2021-09-01,0.0569056328666982,1.5056238656899636,ComboPair-GARCH11_HybridQLIKE,validation
2021-09-01,2021-09-06,0.7669996218071843,1.3845419254242888,ComboPair-GARCH11_HybridQLIKE,validation
2021-09-06,2021-09-07,0.1115838258583112,1.3593642865933222,ComboPair-GARCH11_HybridQLIKE,validation
2021-09-07,2021-09-08,0.3840242724271654,1.2719207050843526,ComboPair-GARCH11_HybridQLIKE,validation
2021-09-08,2021-09-09,0.5999757427909345,1.223770754188095,ComboPair-GARCH11_HybridQLIKE,validation
2021-09-09,2021-09-10,0.009783360800291,1.1914925301091337,ComboPair-GARCH11_HybridQLIKE,validation
2021-09-10,2021-09-13,0.0834204953018611,1.114817529123013,ComboPair-GARCH11_HybridQLIKE,validation
2021-09-13,2021-09-14,0.0166539238245993,1.0659870671700769,ComboPair-GARCH11_HybridQLIKE,validation
2021-09-14,2021-09-15,0.208411861391793,1.0203038980449965,ComboPair-GARCH11_HybridQLIKE,validation
2021-09-15,2021-09-16,8.833374944135227e-06,0.9908633384498717,ComboPair-GARCH11_HybridQLIKE,validation
2021-09-16,2021-09-17,0.2517625260662404,0.9445715427188521,ComboPair-GARCH11_HybridQLIKE,validation
2021-09-17,2021-09-20,0.0255409488218125,0.9347688692768195,ComboPair-GARCH11_HybridQLIKE,validation
2021-09-20,2021-09-21,0.6256621683862371,0.9175275134823131,ComboPair-GARCH11_HybridQLIKE,validation
2021-09-21,2021-09-22,0.6493080782631847,0.9651135507113278,ComboPair-GARCH11_HybridQLIKE,validation
2021-09-22,2021-09-23,0.023678455022373,0.9679763042465037,ComboPair-GARCH11_HybridQLIKE,validation
2021-09-23,2021-09-24,0.0138313143395197,0.9580030808258883,ComboPair-GARCH11_HybridQLIKE,validation
2021-09-24,2021-09-27,3.828272422415496,0.9147213989586037,ComboPair-GARCH11_HybridQLIKE,validation
2021-09-27,2021-09-28,1.1555484032608674,1.2543165199548256,ComboPair-GARCH11_HybridQLIKE,validation
2021-09-28,2021-09-29,5.575325206713305e-05,1.2572109054306053,ComboPair-GARCH11_HybridQLIKE,validation
2021-09-29,2021-09-30,0.0451927678238876,1.191953549847001,ComboPair-GARCH11_HybridQLIKE,validation
2021-09-30,2021-10-01,0.2869590069123234,1.1157086126530018,ComboPair-GARCH11_HybridQLIKE,validation
2021-10-01,2021-10-04,0.1209217160727008,1.0772348682589925,ComboPair-GARCH11_HybridQLIKE,validation
2021-10-04,2021-10-05,1.2548666056334208,1.0319803049279517,ComboPair-GARCH11_HybridQLIKE,validation
2021-10-05,2021-10-06,0.363335054701863,1.0848753605701935,ComboPair-GARCH11_HybridQLIKE,validation
2021-10-06,2021-10-07,0.0539799292056889,1.0571045897080988,ComboPair-GARCH11_HybridQLIKE,validation
2021-10-07,2021-10-08,0.2422625428098201,1.0158119218133272,ComboPair-GARCH11_HybridQLIKE,validation
2021-10-08,2021-10-11,2.384064119474745,0.9859778167534031,ComboPair-GARCH11_HybridQLIKE,validation
2021-10-11,2021-10-12,0.0025924711816483,1.1382402566481624,ComboPair-GARCH11_HybridQLIKE,validation
2021-10-12,2021-10-13,0.043020201094552,1.088440143336115,ComboPair-GARCH11_HybridQLIKE,validation
2021-10-13,2021-10-14,1.8582276241239155e-05,1.039885962144488,ComboPair-GARCH11_HybridQLIKE,validation
2021-10-14,2021-10-15,0.0037272440365911,1.0025356371818648,ComboPair-GARCH11_HybridQLIKE,validation
2021-10-15,2021-10-18,0.0412074717223573,0.9722115273212064,ComboPair-GARCH11_HybridQLIKE,validation
2021-10-18,2021-10-19,0.0002054205471957,0.9358418369587811,ComboPair-GARCH11_HybridQLIKE,validation
2021-10-19,2021-10-20,0.012036644283499,0.9023570206324457,ComboPair-GARCH11_HybridQLIKE,validation
2021-10-20,2021-10-21,0.4224699907147212,0.8894612880700963,ComboPair-GARCH11_HybridQLIKE,validation
2021-10-21,2021-10-22,0.1038627326357175,0.9068302290356544,ComboPair-GARCH11_HybridQLIKE,validation
2021-10-22,2021-10-25,0.0766142772237032,0.8916869667093748,ComboPair-GARCH11_HybridQLIKE,validation
2021-10-25,2021-10-26,0.2013151221701667,0.8869923763088118,ComboPair-GARCH11_HybridQLIKE,validation
2021-10-26,2021-10-27,4.975421040294883,0.8725940858848118,ComboPair-GARCH11_HybridQLIKE,validation
2021-10-27,2021-10-28,1.0980607841681207,1.259630468784274,ComboPair-GARCH11_HybridQLIKE,validation
2021-10-28,2021-10-29,0.1886851350804401,1.267535145376947,ComboPair-GARCH11_HybridQLIKE,validation
2021-10-29,2021-11-01,0.1351609140151505,1.2170682349915756,ComboPair-GARCH11_HybridQLIKE,validation
2021-11-01,2021-11-02,0.8706925479870633,1.193281639915414,ComboPair-GARCH11_HybridQLIKE,validation
2021-11-02,2021-11-03,0.3174077865606339,1.1792033124079817,ComboPair-GARCH11_HybridQLIKE,validation
2021-11-03,2021-11-04,0.0780251318950003,1.2008073300093178,ComboPair-GARCH11_HybridQLIKE,validation
2021-11-04,2021-11-05,0.3164163905277483,1.1056086526532454,ComboPair-GARCH11_HybridQLIKE,validation
2021-11-05,2021-11-08,0.5722632892702788,1.067701703708422,ComboPair-GARCH11_HybridQLIKE,validation
2021-11-08,2021-11-09,0.1717825777423685,1.072000018623763,ComboPair-GARCH11_HybridQLIKE,validation
2021-11-09,2021-11-10,0.0578685691569425,1.0535921313986354,ComboPair-GARCH11_HybridQLIKE,validation
2021-11-10,2021-11-11,0.0332757244454099,1.0107526341104531,ComboPair-GARCH11_HybridQLIKE,validation
2021-11-11,2021-11-12,0.5636350562840569,1.0091083164443762,ComboPair-GARCH11_HybridQLIKE,validation
2021-11-12,2021-11-15,0.0470688863590858,0.9855332989330046,ComboPair-GARCH11_HybridQLIKE,validation
2021-11-15,2021-11-16,0.4729748116245648,0.9750311269719095,ComboPair-GARCH11_HybridQLIKE,validation
2021-11-16,2021-11-17,0.40826744424175,0.9999553969283625,ComboPair-GARCH11_HybridQLIKE,validation
2021-11-17,2021-11-18,0.1670640675036151,0.9675613199601396,ComboPair-GARCH11_HybridQLIKE,validation
2021-11-18,2021-11-19,1.4313283722317711,0.9837502376690752,ComboPair-GARCH11_HybridQLIKE,validation
2021-11-19,2021-11-22,0.1237442583360642,1.1239768354241901,ComboPair-GARCH11_HybridQLIKE,validation
2021-11-22,2021-11-23,1.2666258581863683,1.071111449998266,ComboPair-GARCH11_HybridQLIKE,validation
2021-11-23,2021-11-24,2.923344781612152,1.0863293615447118,ComboPair-GARCH11_HybridQLIKE,validation
2021-11-24,2021-11-25,0.6380046596767257,1.286850812724046,ComboPair-GARCH11_HybridQLIKE,validation
2021-11-25,2021-11-26,0.2701244946030526,1.2462720610037548,ComboPair-GARCH11_HybridQLIKE,validation
2021-11-26,2021-11-29,0.3025648797186475,1.2065808717015214,ComboPair-GARCH11_HybridQLIKE,validation
2021-11-29,2021-11-30,0.1865846491020368,1.1677874110024096,ComboPair-GARCH11_HybridQLIKE,validation
2021-11-30,2021-12-01,0.2075014205290045,1.1359133976224847,ComboPair-GARCH11_HybridQLIKE,validation
2021-12-01,2021-12-02,0.0447934240863952,1.0727082470100158,ComboPair-GARCH11_HybridQLIKE,validation
2021-12-02,2021-12-03,7.012035907074128,1.0261058818329163,ComboPair-GARCH11_HybridQLIKE,validation
2021-12-03,2021-12-06,4.334941271489592,1.6383122037191644,ComboPair-GARCH11_HybridQLIKE,validation
2021-12-06,2021-12-07,5.38610884102854,1.9087504165359546,ComboPair-GARCH11_HybridQLIKE,validation
2021-12-07,2021-12-08,0.1770242562530693,2.1535335698542983,ComboPair-GARCH11_HybridQLIKE,validation
2021-12-08,2021-12-09,1.070479018660655,1.942461961725951,ComboPair-GARCH11_HybridQLIKE,validation
2021-12-09,2021-12-10,0.0917573521914629,1.8269215515137192,ComboPair-GARCH11_HybridQLIKE,validation
2021-12-10,2021-12-13,0.7430153759165636,1.6592018892240723,ComboPair-GARCH11_HybridQLIKE,validation
2021-12-13,2021-12-14,0.0001656787526269,1.5854069178150407,ComboPair-GARCH11_HybridQLIKE,validation
2021-12-14,2021-12-15,0.001241581482623,1.4686921416013445,ComboPair-GARCH11_HybridQLIKE,validation
2021-12-15,2021-12-16,0.0056551081903051,1.366187152110027,ComboPair-GARCH11_HybridQLIKE,validation
2021-12-16,2021-12-17,0.0462794489398934,1.2744435882317917,ComboPair-GARCH11_HybridQLIKE,validation
2021-12-17,2021-12-20,0.0276816841350729,1.2005628824661327,ComboPair-GARCH11_HybridQLIKE,validation
2021-12-20,2021-12-21,0.009100575448846,1.1327754478566536,ComboPair-GARCH11_HybridQLIKE,validation
2021-12-21,2021-12-22,0.0052396015195704,1.0665771514506042,ComboPair-GARCH11_HybridQLIKE,validation
2021-12-22,2021-12-23,1.992176913695392,1.0223764021644448,ComboPair-GARCH11_HybridQLIKE,validation
2021-12-23,2021-12-24,1.8717637228671864,1.195578676609546,ComboPair-GARCH11_HybridQLIKE,validation
2021-12-24,2021-12-27,0.6385359851594573,1.2660343789586928,ComboPair-GARCH11_HybridQLIKE,validation
2021-12-27,2021-12-28,0.1364517327618313,1.2272323715439382,ComboPair-GARCH11_HybridQLIKE,validation
2021-12-28,2021-12-29,0.3307731842534792,1.1587743988569654,ComboPair-GARCH11_HybridQLIKE,validation
2021-12-29,2021-12-30,0.0001019075301841,1.1188655989907774,ComboPair-GARCH11_HybridQLIKE,validation
2021-12-30,2021-12-31,0.6806292652244172,1.0527546904197762,ComboPair-GARCH11_HybridQLIKE,validation
2021-12-31,2022-01-04,3.2605099137684044,1.0671126792172108,ComboPair-GARCH11_HybridQLIKE,validation
2022-01-04,2022-01-05,0.0408421877386783,1.2835797629424106,ComboPair-GARCH11_HybridQLIKE,validation
2022-01-05,2022-01-06,0.1583194148629771,1.2040571538992504,ComboPair-GARCH11_HybridQLIKE,validation
2022-01-06,2022-01-07,3.466888916717849e-05,1.1505414692590077,ComboPair-GARCH11_HybridQLIKE,validation
2022-01-07,2022-01-10,2.6694297971607823,1.0892748900232128,ComboPair-GARCH11_HybridQLIKE,validation
2022-01-10,2022-01-11,0.5791412105719106,1.3130340240442002,ComboPair-GARCH11_HybridQLIKE,validation
2022-01-11,2022-01-12,1.469449968423449,1.2883059249941087,ComboPair-GARCH11_HybridQLIKE,validation
2022-01-12,2022-01-13,0.9252594386149106,1.3256151929627613,ComboPair-GARCH11_HybridQLIKE,validation
2022-01-13,2022-01-14,4.021230809949571e-06,1.3248957408446809,ComboPair-GARCH11_HybridQLIKE,validation
2022-01-14,2022-01-17,8.577861779061374,1.2179906980523805,ComboPair-GARCH11_HybridQLIKE,validation
2022-01-17,2022-01-18,0.9241996120524796,1.950837981818665,ComboPair-GARCH11_HybridQLIKE,validation
2022-01-18,2022-01-19,0.0713962483719635,1.8503658314285412,ComboPair-GARCH11_HybridQLIKE,validation
2022-01-19,2022-01-20,2.396694299563955,1.6878855480195076,ComboPair-GARCH11_HybridQLIKE,validation
2022-01-20,2022-01-21,0.2669228311266386,1.7315662848488564,ComboPair-GARCH11_HybridQLIKE,validation
2022-01-21,2022-01-24,5.19144957677216,1.5842854479352904,ComboPair-GARCH11_HybridQLIKE,validation
2022-01-24,2022-01-25,7.461944120148481,1.9437508316423366,ComboPair-GARCH11_HybridQLIKE,validation
2022-01-25,2022-01-26,0.0182472056354126,2.362898897763314,ComboPair-GARCH11_HybridQLIKE,validation
2022-01-26,2022-01-27,0.5372614259470304,2.0935675764110853,ComboPair-GARCH11_HybridQLIKE,validation
2022-01-27,2022-01-28,0.3091208848418566,1.9373137171437196,ComboPair-GARCH11_HybridQLIKE,validation
2022-01-28,2022-02-07,1.5787299229773026,1.760121213710294,ComboPair-GARCH11_HybridQLIKE,validation
2022-02-07,2022-02-08,0.0493284261128678,1.7343860841648175,ComboPair-GARCH11_HybridQLIKE,validation
2022-02-08,2022-02-09,0.0852913112285084,1.5817375641678484,ComboPair-GARCH11_HybridQLIKE,validation
2022-02-09,2022-02-10,0.0087647457494785,1.4509107800157057,ComboPair-GARCH11_HybridQLIKE,validation
2022-02-10,2022-02-11,0.1140481407730615,1.3382231987176583,ComboPair-GARCH11_HybridQLIKE,validation
2022-02-11,2022-02-14,4.003846034921644,1.2560996222648435,ComboPair-GARCH11_HybridQLIKE,validation
2022-02-14,2022-02-15,1.9670652734045644,1.5578774206547685,ComboPair-GARCH11_HybridQLIKE,validation
2022-02-15,2022-02-16,0.0018968880308684,1.5939563337563607,ComboPair-GARCH11_HybridQLIKE,validation
2022-02-16,2022-02-17,1.122140769245723,1.4530197337129316,ComboPair-GARCH11_HybridQLIKE,validation
2022-02-17,2022-02-18,0.0437252358911797,1.4214726420432864,ComboPair-GARCH11_HybridQLIKE,validation
2022-02-18,2022-02-21,0.1583409064037323,1.3022461208784681,ComboPair-GARCH11_HybridQLIKE,validation
2022-02-21,2022-02-22,0.2391227349223014,1.2286133575535239,ComboPair-GARCH11_HybridQLIKE,validation
2022-02-22,2022-02-23,0.3429157616051995,1.1831753052295775,ComboPair-GARCH11_HybridQLIKE,validation
2022-02-23,2022-02-24,1.3469467288223498,1.1378937425720927,ComboPair-GARCH11_HybridQLIKE,validation
2022-02-24,2022-02-25,0.0728442185423715,1.2276097938657327,ComboPair-GARCH11_HybridQLIKE,validation
2022-02-25,2022-02-28,0.3435682703713377,1.141626126197996,ComboPair-GARCH11_HybridQLIKE,validation
2022-02-28,2022-03-01,0.3350186274967215,1.11470234923191,ComboPair-GARCH11_HybridQLIKE,validation
2022-03-01,2022-03-02,0.7897102913909818,1.085066284783778,ComboPair-GARCH11_HybridQLIKE,validation
2022-03-02,2022-03-03,1.6972927621476632,1.1145709302837776,ComboPair-GARCH11_HybridQLIKE,validation
2022-03-03,2022-03-04,0.0004806839941866,1.1959958853986734,ComboPair-GARCH11_HybridQLIKE,validation
2022-03-04,2022-03-07,0.1747715827843937,1.114874192252539,ComboPair-GARCH11_HybridQLIKE,validation
2022-03-07,2022-03-08,2.9065282793306784,1.0812913888217697,ComboPair-GARCH11_HybridQLIKE,validation
2022-03-08,2022-03-09,4.143903255486161e-06,1.3073932306922145,ComboPair-GARCH11_HybridQLIKE,validation
2022-03-09,2022-03-10,0.1308186023197331,1.210456961395888,ComboPair-GARCH11_HybridQLIKE,validation
2022-03-10,2022-03-11,0.7249480262949388,1.1369152417496,ComboPair-GARCH11_HybridQLIKE,validation
2022-03-11,2022-03-14,1.940974298078772,1.156068989832003,ComboPair-GARCH11_HybridQLIKE,validation
2022-03-14,2022-03-15,0.2004736979473137,1.280292527063363,ComboPair-GARCH11_HybridQLIKE,validation
2022-03-15,2022-03-16,0.2048465635146144,1.2008194481080305,ComboPair-GARCH11_HybridQLIKE,validation
2022-03-16,2022-03-17,0.0189446795575115,1.1394581681330016,ComboPair-GARCH11_HybridQLIKE,validation
2022-03-17,2022-03-18,0.2804915592052127,1.074849230958836,ComboPair-GARCH11_HybridQLIKE,validation
2022-03-18,2022-03-21,3.042510301896478,1.03902413578625,ComboPair-GARCH11_HybridQLIKE,validation
2022-03-21,2022-03-22,0.3468240297098041,1.2440814325846892,ComboPair-GARCH11_HybridQLIKE,validation
2022-03-22,2022-03-23,0.0091785148718354,1.1976076573344727,ComboPair-GARCH11_HybridQLIKE,validation
2022-03-23,2022-03-24,0.0739545064300968,1.118149369143243,ComboPair-GARCH11_HybridQLIKE,validation
2022-03-24,2022-03-25,0.0002565538581837,1.0667409783422508,ComboPair-GARCH11_HybridQLIKE,validation
2022-03-25,2022-03-28,1.0559980128443454,1.0171609023676746,ComboPair-GARCH11_HybridQLIKE,validation
2022-03-28,2022-03-29,0.9569197018395468,1.1004876652296407,ComboPair-GARCH11_HybridQLIKE,validation
2022-03-29,2022-03-30,0.2354496444813368,1.0994266906592296,ComboPair-GARCH11_HybridQLIKE,validation
2022-03-30,2022-03-31,0.0120931732563713,1.0809086691046659,ComboPair-GARCH11_HybridQLIKE,validation
2022-03-31,2022-04-01,2.607401303697469,1.0140703435186251,ComboPair-GARCH11_HybridQLIKE,validation
2022-04-01,2022-04-04,0.2950865363946971,1.1935910142994153,ComboPair-GARCH11_HybridQLIKE,validation
2022-04-04,2022-04-05,0.09410156815978,1.1289943731787824,ComboPair-GARCH11_HybridQLIKE,validation
2022-04-05,2022-04-06,0.0355827999144168,1.0802957960370294,ComboPair-GARCH11_HybridQLIKE,validation
2022-04-06,2022-04-07,1.845756746133211,1.0455745208443088,ComboPair-GARCH11_HybridQLIKE,validation
2022-04-07,2022-04-08,1.8599564295348143,1.1701249568611858,ComboPair-GARCH11_HybridQLIKE,validation
2022-04-08,2022-04-12,3.317796568560508,1.2813302639267716,ComboPair-GARCH11_HybridQLIKE,validation
2022-04-12,2022-04-13,2.2412176347286983,1.5315503977505123,ComboPair-GARCH11_HybridQLIKE,validation
2022-04-13,2022-04-14,0.1186709675031117,1.5864112465103866,ComboPair-GARCH11_HybridQLIKE,validation
2022-04-14,2022-04-15,0.8563450026802516,1.4525850032507366,ComboPair-GARCH11_HybridQLIKE,validation
2022-04-15,2022-04-18,3.225139156963737,1.4096540045580523,ComboPair-GARCH11_HybridQLIKE,validation
2022-04-18,2022-04-19,3.3937657292333743,1.6139904800780445,ComboPair-GARCH11_HybridQLIKE,validation
2022-04-19,2022-04-20,2.4245124341762705,1.8303449150038018,ComboPair-GARCH11_HybridQLIKE,validation
2022-04-20,2022-04-21,1.109638997468357,1.9177891120880135,ComboPair-GARCH11_HybridQLIKE,validation
2022-04-21,2022-04-22,0.4305144066915168,1.8550199812764776,ComboPair-GARCH11_HybridQLIKE,validation
2022-04-22,2022-04-25,25.802530842890924,1.7143077617421012,ComboPair-GARCH11_HybridQLIKE,validation
2022-04-25,2022-04-26,5.262405488369011,3.9826001827053497,ComboPair-GARCH11_HybridQLIKE,validation
2022-04-26,2022-04-27,0.8508547277394044,3.818761138398421,ComboPair-GARCH11_HybridQLIKE,validation
2022-04-27,2022-04-28,0.0422563925888465,3.4409122373708074,ComboPair-GARCH11_HybridQLIKE,validation
2022-04-28,2022-04-29,1.3536355027087716,3.061375562417056,ComboPair-GARCH11_HybridQLIKE,validation
2022-04-29,2022-05-04,1.7811317821270536,2.7819762829040435,ComboPair-GARCH11_HybridQLIKE,validation
2022-05-04,2022-05-05,0.7846838850035229,2.6773153271524763,ComboPair-GARCH11_HybridQLIKE,validation
2022-05-05,2022-05-06,5.457913784856381,2.400933888475865,ComboPair-GARCH11_HybridQLIKE,validation
2022-05-06,2022-05-09,21.07246376843707,2.737340763346187,ComboPair-GARCH11_HybridQLIKE,validation
2022-05-09,2022-05-10,3.4895974437640893,4.407395342094099,ComboPair-GARCH11_HybridQLIKE,validation
2022-05-10,2022-05-11,0.3772893243323654,4.063802677010741,ComboPair-GARCH11_HybridQLIKE,validation
2022-05-11,2022-05-12,24.369069377939013,3.63421870349941,ComboPair-GARCH11_HybridQLIKE,validation
2022-05-12,2022-05-13,21.45200829300172,5.527214772389893,ComboPair-GARCH11_HybridQLIKE,validation
2022-05-13,2022-05-16,0.8445825050431754,6.6409451426145525,ComboPair-GARCH11_HybridQLIKE,validation
2022-05-16,2022-05-17,22.10791922900586,5.812249683095973,ComboPair-GARCH11_HybridQLIKE,validation
2022-05-17,2022-05-18,1.0072145297005026,6.87468090210199,ComboPair-GARCH11_HybridQLIKE,validation
2022-05-18,2022-05-19,0.0050266870380628,6.036620508251813,ComboPair-GARCH11_HybridQLIKE,validation
2022-05-19,2022-05-20,0.0056143553761866,5.217273463471813,ComboPair-GARCH11_HybridQLIKE,validation
2022-05-20,2022-05-23,3.1715419491716648,4.501505976490086,ComboPair-GARCH11_HybridQLIKE,validation
2022-05-23,2022-05-24,1.4121508187671683,4.295235552825078,ComboPair-GARCH11_HybridQLIKE,validation
2022-05-24,2022-05-25,7.852071042943518,3.832803349936231,ComboPair-GARCH11_HybridQLIKE,validation
2022-05-25,2022-05-26,0.0001218078083452,4.008234591243266,ComboPair-GARCH11_HybridQLIKE,validation
2022-05-26,2022-05-27,1.747305868676365,3.5083634579479566,ComboPair-GARCH11_HybridQLIKE,validation
2022-05-27,2022-05-30,0.4313230278725308,3.1896684243767415,ComboPair-GARCH11_HybridQLIKE,validation
2022-05-30,2022-05-31,0.0091927379819102,2.8393458277487724,ComboPair-GARCH11_HybridQLIKE,validation
2022-05-31,2022-06-01,0.2785076944454149,2.4900194886293088,ComboPair-GARCH11_HybridQLIKE,validation
2022-06-01,2022-06-02,0.7094839787224755,2.224630145869118,ComboPair-GARCH11_HybridQLIKE,validation
2022-06-02,2022-06-03,0.0024678908753368,2.0738220155075267,ComboPair-GARCH11_HybridQLIKE,validation
2022-06-03,2022-06-06,0.0248021762794326,1.8733734802771291,ComboPair-GARCH11_HybridQLIKE,validation
2022-06-06,2022-06-07,0.0107788521263349,1.6868048692260929,ComboPair-GARCH11_HybridQLIKE,validation
2022-06-07,2022-06-08,1.62365203625605,1.544080652569643,ComboPair-GARCH11_HybridQLIKE,validation
2022-06-08,2022-06-09,7.074018263381634e-05,1.5449609676485196,ComboPair-GARCH11_HybridQLIKE,validation
2022-06-09,2022-06-10,3.350301019629325,1.4151194255108828,ComboPair-GARCH11_HybridQLIKE,validation
2022-06-10,2022-06-13,20.64588542406384,1.6481818816664804,ComboPair-GARCH11_HybridQLIKE,validation
2022-06-13,2022-06-14,0.0708307718816595,3.4867458307046557,ComboPair-GARCH11_HybridQLIKE,validation
2022-06-14,2022-06-15,1.796441565238617,3.0409275513868077,ComboPair-GARCH11_HybridQLIKE,validation
2022-06-15,2022-06-16,3.432463040017097,2.903091642379821,ComboPair-GARCH11_HybridQLIKE,validation
2022-06-16,2022-06-17,2.482088857909232,2.8468136295033064,ComboPair-GARCH11_HybridQLIKE,validation
2022-06-17,2022-06-20,9.47527051181594,2.7767155430787205,ComboPair-GARCH11_HybridQLIKE,validation
2022-06-20,2022-06-21,0.4543743324349223,3.4062636746943933,ComboPair-GARCH11_HybridQLIKE,validation
2022-06-21,2022-06-22,0.0746935567234301,3.0267419322451943,ComboPair-GARCH11_HybridQLIKE,validation
2022-06-22,2022-06-23,2.766255864563167,2.706668538533006,ComboPair-GARCH11_HybridQLIKE,validation
2022-06-23,2022-06-24,0.0820210424345146,2.655258906318743,ComboPair-GARCH11_HybridQLIKE,validation
2022-06-24,2022-06-27,2.1086071885158946,2.3892496172957216,ComboPair-GARCH11_HybridQLIKE,validation
2022-06-27,2022-06-28,1.593519408496492,2.2857811906725916,ComboPair-GARCH11_HybridQLIKE,validation
2022-06-28,2022-06-29,6.739655204912147e-07,2.1507872421317895,ComboPair-GARCH11_HybridQLIKE,validation
2022-06-29,2022-06-30,2.8779439800812714,1.9297273770720356,ComboPair-GARCH11_HybridQLIKE,validation
2022-06-30,2022-07-01,0.0117704187689308,2.0595476354591966,ComboPair-GARCH11_HybridQLIKE,validation
2022-07-01,2022-07-04,0.0792348201052211,1.851069054989928,ComboPair-GARCH11_HybridQLIKE,validation
2022-07-04,2022-07-05,1.4358126528100246,1.7012867000847944,ComboPair-GARCH11_HybridQLIKE,validation
2022-07-05,2022-07-06,7.389865614079536,1.7043961790147755,ComboPair-GARCH11_HybridQLIKE,validation
2022-07-06,2022-07-07,2.1222407761584665,2.3213969011216102,ComboPair-GARCH11_HybridQLIKE,validation
2022-07-07,2022-07-08,0.1707436242121409,2.245275362701719,ComboPair-GARCH11_HybridQLIKE,validation
2022-07-08,2022-07-11,1.896510687995091,2.0227103102373203,ComboPair-GARCH11_HybridQLIKE,validation
2022-07-11,2022-07-12,2.8101659729648394,2.0340570374265434,ComboPair-GARCH11_HybridQLIKE,validation
2022-07-12,2022-07-13,0.0058732050643028,2.04591976880569,ComboPair-GARCH11_HybridQLIKE,validation
2022-07-13,2022-07-14,0.4904420356514064,1.8392846806992436,ComboPair-GARCH11_HybridQLIKE,validation
2022-07-14,2022-07-15,0.0611617161101388,1.6975193443387155,ComboPair-GARCH11_HybridQLIKE,validation
2022-07-15,2022-07-18,0.0549065100896944,1.55733067414725,ComboPair-GARCH11_HybridQLIKE,validation
2022-07-18,2022-07-19,0.0244219525267298,1.4496602077574523,ComboPair-GARCH11_HybridQLIKE,validation
2022-07-19,2022-07-20,1.7763769532234184,1.3504510188059387,ComboPair-GARCH11_HybridQLIKE,validation
2022-07-20,2022-07-21,0.1310065184317032,1.3845320492859112,ComboPair-GARCH11_HybridQLIKE,validation
2022-07-21,2022-07-22,0.0961257253308801,1.2912175308637788,ComboPair-GARCH11_HybridQLIKE,validation
2022-07-22,2022-07-25,0.2759737706228845,1.2207061915405515,ComboPair-GARCH11_HybridQLIKE,validation
2022-07-25,2022-07-26,0.0835304358694094,1.1810720156245944,ComboPair-GARCH11_HybridQLIKE,validation
2022-07-26,2022-07-27,0.2525093111697122,1.130150758333993,ComboPair-GARCH11_HybridQLIKE,validation
2022-07-27,2022-07-28,2.02736513860254,1.0790369297796298,ComboPair-GARCH11_HybridQLIKE,validation
2022-07-28,2022-07-29,0.0219851675662213,1.1757093456039893,ComboPair-GARCH11_HybridQLIKE,validation
2022-07-29,2022-08-01,4.214166749504341,1.1129380392918682,ComboPair-GARCH11_HybridQLIKE,validation
2022-08-01,2022-08-02,0.6898714562213188,1.389525869978255,ComboPair-GARCH11_HybridQLIKE,validation
2022-08-02,2022-08-03,0.4270040010021521,1.3485141409413848,ComboPair-GARCH11_HybridQLIKE,validation
2022-08-03,2022-08-04,0.1229567831793093,1.2876771100669961,ComboPair-GARCH11_HybridQLIKE,validation
2022-08-04,2022-08-05,0.0126539977340546,1.2161150276748058,ComboPair-GARCH11_HybridQLIKE,validation
2022-08-05,2022-08-08,0.1021359274837244,1.1609013917716782,ComboPair-GARCH11_HybridQLIKE,validation
2022-08-08,2022-08-09,0.0278750471367201,1.103758212921677,ComboPair-GARCH11_HybridQLIKE,validation
2022-08-09,2022-08-10,0.0349139608846283,1.0565516245322821,ComboPair-GARCH11_HybridQLIKE,validation
2022-08-10,2022-08-11,0.1247429178058028,1.0188655020204629,ComboPair-GARCH11_HybridQLIKE,validation
2022-08-11,2022-08-12,0.6660254086755314,0.9998746620147267,ComboPair-GARCH11_HybridQLIKE,validation
2022-08-12,2022-08-15,0.8759670360790162,0.9982772332434686,ComboPair-GARCH11_HybridQLIKE,validation
2022-08-15,2022-08-16,0.0014782571055336,1.01825001846337,ComboPair-GARCH11_HybridQLIKE,validation
2022-08-16,2022-08-17,0.0021413807191485,0.9821798934318893,ComboPair-GARCH11_HybridQLIKE,validation
2022-08-17,2022-08-18,0.0161573789935176,0.9432556794068392,ComboPair-GARCH11_HybridQLIKE,validation
2022-08-18,2022-08-19,0.124159183844011,0.9134223229483325,ComboPair-GARCH11_HybridQLIKE,validation
2022-08-19,2022-08-22,0.4785997007311449,0.9070310974035969,ComboPair-GARCH11_HybridQLIKE,validation
2022-08-22,2022-08-23,0.6726558406784502,0.9342581048000023,ComboPair-GARCH11_HybridQLIKE,validation
2022-08-23,2022-08-24,0.2484394846076955,0.94774314168516,ComboPair-GARCH11_HybridQLIKE,validation
2022-08-24,2022-08-25,0.8344386477124279,0.9318989139546094,ComboPair-GARCH11_HybridQLIKE,validation
2022-08-25,2022-08-26,0.2408597797174897,0.9571893245923064,ComboPair-GARCH11_HybridQLIKE,validation
2022-08-26,2022-08-29,0.8499464536320859,0.961695969584274,ComboPair-GARCH11_HybridQLIKE,validation
2022-08-29,2022-08-30,0.4538418356510164,1.0357787279723387,ComboPair-GARCH11_HybridQLIKE,validation
2022-08-30,2022-08-31,0.0076568491567018,1.00937029499927,ComboPair-GARCH11_HybridQLIKE,validation
2022-08-31,2022-09-05,0.061049351862573,0.9771595947083338,ComboPair-GARCH11_HybridQLIKE,validation
2022-09-05,2022-09-06,1.532156699315195e-05,0.9447304367774865,ComboPair-GARCH11_HybridQLIKE,validation
2022-09-06,2022-09-07,7.377847328826583,0.9127707870673348,ComboPair-GARCH11_HybridQLIKE,validation
2022-09-07,2022-09-08,0.478523332029774,1.594741679369391,ComboPair-GARCH11_HybridQLIKE,validation
2022-09-08,2022-09-09,1.3041739898741895,1.5193793727269798,ComboPair-GARCH11_HybridQLIKE,validation
2022-09-09,2022-09-12,0.004521626169754,1.4994094399183298,ComboPair-GARCH11_HybridQLIKE,validation
2022-09-12,2022-09-13,0.0095408682654198,1.402264656242369,ComboPair-GARCH11_HybridQLIKE,validation
2022-09-13,2022-09-14,0.3758397161006742,1.3032109459641377,ComboPair-GARCH11_HybridQLIKE,validation
2022-09-14,2022-09-15,0.1547128388602677,1.2505863226387974,ComboPair-GARCH11_HybridQLIKE,validation
2022-09-15,2022-09-16,0.6392848421140832,1.1889339501382512,ComboPair-GARCH11_HybridQLIKE,validation
2022-09-16,2022-09-19,6.167092365627429,1.186175956744782,ComboPair-GARCH11_HybridQLIKE,validation
2022-09-19,2022-09-20,1.2403443891166936,1.7090406548661123,ComboPair-GARCH11_HybridQLIKE,validation
2022-09-20,2022-09-21,0.4759099851621189,1.6672623005278102,ComboPair-GARCH11_HybridQLIKE,validation
2022-09-21,2022-09-22,0.1171234903128616,1.6059442333571292,ComboPair-GARCH11_HybridQLIKE,validation
2022-09-22,2022-09-23,0.8922637492009945,1.4701719180392305,ComboPair-GARCH11_HybridQLIKE,validation
2022-09-23,2022-09-26,5.922583365191483,1.443961131959027,ComboPair-GARCH11_HybridQLIKE,validation
2022-09-26,2022-09-27,0.4452493243663706,1.909058616456155,ComboPair-GARCH11_HybridQLIKE,validation
2022-09-27,2022-09-28,3.9376181571955216,1.802135148833306,ComboPair-GARCH11_HybridQLIKE,validation
2022-09-28,2022-09-29,2.391654578614972,2.0447877722258854,ComboPair-GARCH11_HybridQLIKE,validation
2022-09-29,2022-09-30,0.2861665228807753,2.1081468106236034,ComboPair-GARCH11_HybridQLIKE,validation
2022-09-30,2022-10-03,16.955331578512116,1.9055483334883543,ComboPair-GARCH11_HybridQLIKE,validation
2022-10-03,2022-10-04,0.5881297526576773,3.368845271561447,ComboPair-GARCH11_HybridQLIKE,validation
2022-10-04,2022-10-05,5.7303230555022,3.009283853463087,ComboPair-GARCH11_HybridQLIKE,validation
2022-10-05,2022-10-06,7.453651936358921,3.173115107930128,ComboPair-GARCH11_HybridQLIKE,validation
2022-10-06,2022-10-07,13.391049366085785,3.6020875637508443,ComboPair-GARCH11_HybridQLIKE,validation
2022-10-07,2022-10-10,0.3997049579355222,4.367479089260565,ComboPair-GARCH11_HybridQLIKE,validation
2022-10-10,2022-10-11,12.54691927074426,3.826724398424024,ComboPair-GARCH11_HybridQLIKE,validation
2022-10-11,2022-10-12,7.860720182392412,4.626697571623529,ComboPair-GARCH11_HybridQLIKE,validation
2022-10-12,2022-10-13,2.4070722291092697,4.651041876779116,ComboPair-GARCH11_HybridQLIKE,validation
2022-10-13,2022-10-14,1.0568030806874944,4.29300279316088,ComboPair-GARCH11_HybridQLIKE,validation
2022-10-14,2022-10-17,0.9445652838308308,3.8178961441779755,ComboPair-GARCH11_HybridQLIKE,validation
2022-10-17,2022-10-18,1.304619909377935,3.5025145551004533,ComboPair-GARCH11_HybridQLIKE,validation
2022-10-18,2022-10-19,0.1143012847418557,3.1524418936014094,ComboPair-GARCH11_HybridQLIKE,validation
2022-10-19,2022-10-20,0.0233897216248987,2.8480972854424165,ComboPair-GARCH11_HybridQLIKE,validation
2022-10-20,2022-10-21,13.823102148731785,2.541528718588946,ComboPair-GARCH11_HybridQLIKE,validation
2022-10-21,2022-10-24,11.27142788246664,3.599337191187327,ComboPair-GARCH11_HybridQLIKE,validation
2022-10-24,2022-10-25,0.2552819963060921,4.27475740533039,ComboPair-GARCH11_HybridQLIKE,validation
2022-10-25,2022-10-26,0.2322552175172126,3.674926237819932,ComboPair-GARCH11_HybridQLIKE,validation
2022-10-26,2022-10-27,17.476545289293156,3.2884104814115798,ComboPair-GARCH11_HybridQLIKE,validation
2022-10-27,2022-10-28,0.0040004302898497,4.359299186375294,ComboPair-GARCH11_HybridQLIKE,validation
2022-10-28,2022-10-31,0.003185411598369,3.815136751249338,ComboPair-GARCH11_HybridQLIKE,validation
2022-10-31,2022-11-01,0.3176638729946111,3.3057662249672015,ComboPair-GARCH11_HybridQLIKE,validation
2022-11-01,2022-11-02,1.0542708806933592,2.9124730399623173,ComboPair-GARCH11_HybridQLIKE,validation
2022-11-02,2022-11-03,0.1094857130367321,2.7435318104699027,ComboPair-GARCH11_HybridQLIKE,validation
2022-11-03,2022-11-04,5.049190747098641,2.47029363513966,ComboPair-GARCH11_HybridQLIKE,validation
2022-11-04,2022-11-07,4.95903292212355,2.7055288092221668,ComboPair-GARCH11_HybridQLIKE,validation
2022-11-07,2022-11-08,0.4359307936718208,2.9212166869315497,ComboPair-GARCH11_HybridQLIKE,validation
2022-11-08,2022-11-09,0.1604496978685764,2.60314583558801,ComboPair-GARCH11_HybridQLIKE,validation
2022-11-09,2022-11-10,15.751336654060546,2.3495775579096914,ComboPair-GARCH11_HybridQLIKE,validation
2022-11-10,2022-11-11,0.5877644540297541,3.598840590058075,ComboPair-GARCH11_HybridQLIKE,validation
2022-11-11,2022-11-14,2.025904181968848,3.140201131124285,ComboPair-GARCH11_HybridQLIKE,validation
2022-11-14,2022-11-15,9.894366349346946,3.0004707745477797,ComboPair-GARCH11_HybridQLIKE,validation
2022-11-15,2022-11-16,11.17558049000805,3.637969023737252,ComboPair-GARCH11_HybridQLIKE,validation
2022-11-16,2022-11-17,7.602516501605635,3.9721814950787504,ComboPair-GARCH11_HybridQLIKE,validation
2022-11-17,2022-11-18,5.215358122437767e-05,4.124450706549746,ComboPair-GARCH11_HybridQLIKE,validation
2022-11-18,2022-11-21,0.8090953049399706,3.5721238438009544,ComboPair-GARCH11_HybridQLIKE,validation
2022-11-21,2022-11-22,0.7954965643291928,3.2855632800757872,ComboPair-GARCH11_HybridQLIKE,validation
2022-11-22,2022-11-23,0.4158325821141256,2.9322503457779123,ComboPair-GARCH11_HybridQLIKE,validation
2022-11-23,2022-11-24,0.0326156098281846,2.7141026968205306,ComboPair-GARCH11_HybridQLIKE,validation
2022-11-24,2022-11-25,6.126390414606435,2.4329214024802224,ComboPair-GARCH11_HybridQLIKE,validation
2022-11-25,2022-11-28,11.99171626886051,2.644804896788338,ComboPair-GARCH11_HybridQLIKE,validation
2022-11-28,2022-11-29,6.749510839154126,3.284460096530728,ComboPair-GARCH11_HybridQLIKE,validation
2022-11-29,2022-11-30,2.4431488019656613,3.368290413952824,ComboPair-GARCH11_HybridQLIKE,validation
2022-11-30,2022-12-01,1.3565007887137526,3.1319471599108613,ComboPair-GARCH11_HybridQLIKE,validation
2022-12-01,2022-12-02,17.084105039989844,2.8918846808108403,ComboPair-GARCH11_HybridQLIKE,validation
2022-12-02,2022-12-05,1.5797254157342264,3.945166957766885,ComboPair-GARCH11_HybridQLIKE,validation
2022-12-05,2022-12-06,17.637687522394646,3.550896220594871,ComboPair-GARCH11_HybridQLIKE,validation
2022-12-06,2022-12-07,0.5388682275570345,4.7858277326642344,ComboPair-GARCH11_HybridQLIKE,validation
2022-12-07,2022-12-08,0.8269714352452323,4.224947579083214,ComboPair-GARCH11_HybridQLIKE,validation
2022-12-08,2022-12-09,0.0148277116225318,3.739033514679872,ComboPair-GARCH11_HybridQLIKE,validation
2022-12-09,2022-12-12,3.589507425464579,3.3012056196609674,ComboPair-GARCH11_HybridQLIKE,validation
2022-12-12,2022-12-13,2.1880754664799307,3.250900816812755,ComboPair-GARCH11_HybridQLIKE,validation
2022-12-13,2022-12-14,0.0807108309118899,3.0095696055185037,ComboPair-GARCH11_HybridQLIKE,validation
2022-12-14,2022-12-15,0.2157077020057238,2.690255661542568,ComboPair-GARCH11_HybridQLIKE,validation
2022-12-15,2022-12-16,0.072617015649584,2.422237064495156,ComboPair-GARCH11_HybridQLIKE,validation
2022-12-16,2022-12-19,1.813928705292506,2.1727013673929405,ComboPair-GARCH11_HybridQLIKE,validation
2022-12-19,2022-12-20,2.1946973166474533,2.145969031081202,ComboPair-GARCH11_HybridQLIKE,validation
2022-12-20,2022-12-21,0.1732700004356016,2.131741739009359,ComboPair-GARCH11_HybridQLIKE,validation
2022-12-21,2022-12-22,0.1335316168500294,1.947984679826662,ComboPair-GARCH11_HybridQLIKE,validation
2022-12-22,2022-12-23,0.0493851739530653,1.7820206928346503,ComboPair-GARCH11_HybridQLIKE,validation
2022-12-23,2022-12-26,12.275470581243656,1.6507944201516853,ComboPair-GARCH11_HybridQLIKE,validation
2022-12-26,2022-12-27,3.78693616836278,2.6990279741874867,ComboPair-GARCH11_HybridQLIKE,validation
2022-12-27,2022-12-28,1.2053971949970186,2.6686261156298174,ComboPair-GARCH11_HybridQLIKE,validation
2022-12-28,2022-12-29,0.3958340163318585,2.492920464221875,ComboPair-GARCH11_HybridQLIKE,validation
2022-12-29,2022-12-30,0.047616879962563,2.320294700086247,ComboPair-GARCH11_HybridQLIKE,validation
