date,target_date,actual_var,pred_var,model,split
2023-02-06,2023-02-07,4.736232587067869,1.9339787664604458,Calibrated-LSTM-LogTarget-Small-scale_mean,test
2023-02-07,2023-02-08,0.3561755878073738,2.3082872461618433,Calibrated-LSTM-LogTarget-Small-scale_mean,test
2023-02-08,2023-02-09,0.5879330834697908,2.01167238174469,Calibrated-LSTM-LogTarget-Small-scale_mean,test
2023-02-09,2023-02-10,0.6787287097613596,1.8599051646060523,Calibrated-LSTM-LogTarget-Small-scale_mean,test
2023-02-10,2023-02-13,1.2216869517708149,1.878330579990321,Calibrated-LSTM-LogTarget-Small-scale_mean,test
2023-02-13,2023-02-14,0.2361888824871934,2.1891408495441347,Calibrated-LSTM-LogTarget-Small-scale_mean,test
2023-02-14,2023-02-15,0.8394668425834446,1.7113605255554636,Calibrated-LSTM-LogTarget-Small-scale_mean,test
2023-02-15,2023-02-16,0.9177621933014196,1.9532744469410075,Calibrated-LSTM-LogTarget-Small-scale_mean,test
2023-02-16,2023-02-17,0.0092805250097098,1.824916562994553,Calibrated-LSTM-LogTarget-Small-scale_mean,test
2023-02-17,2023-02-20,6.512002780573765,1.7522433683041656,Calibrated-LSTM-LogTarget-Small-scale_mean,test
2023-02-20,2023-02-21,0.1691390418565458,2.5347272715559566,Calibrated-LSTM-LogTarget-Small-scale_mean,test
2023-02-21,2023-02-22,6.846416409130559,2.12666776016074,Calibrated-LSTM-LogTarget-Small-scale_mean,test
2023-02-22,2023-02-23,0.0034604047962046,2.496062485958777,Calibrated-LSTM-LogTarget-Small-scale_mean,test
2023-02-23,2023-02-24,1.8150207850841689,2.030211387875536,Calibrated-LSTM-LogTarget-Small-scale_mean,test
2023-02-24,2023-02-27,3.1577928002505518,1.8447214878379972,Calibrated-LSTM-LogTarget-Small-scale_mean,test
2023-02-27,2023-02-28,0.1124261928232939,2.182319411466281,Calibrated-LSTM-LogTarget-Small-scale_mean,test
2023-02-28,2023-03-01,2.362077222441523,1.8390857369763483,Calibrated-LSTM-LogTarget-Small-scale_mean,test
2023-03-01,2023-03-02,0.0800566234507277,2.25291893386551,Calibrated-LSTM-LogTarget-Small-scale_mean,test
2023-03-02,2023-03-03,1.5504718457013609,1.8204575197172237,Calibrated-LSTM-LogTarget-Small-scale_mean,test
2023-03-03,2023-03-06,0.0551773612932756,2.029558038851479,Calibrated-LSTM-LogTarget-Small-scale_mean,test
2023-03-06,2023-03-07,1.0659420423683896,1.873865220033772,Calibrated-LSTM-LogTarget-Small-scale_mean,test
2023-03-07,2023-03-08,1.180976964777076,2.049315258122001,Calibrated-LSTM-LogTarget-Small-scale_mean,test
2023-03-08,2023-03-09,0.4136971055728827,2.0824810389455615,Calibrated-LSTM-LogTarget-Small-scale_mean,test
2023-03-09,2023-03-10,0.078265798957639,2.11528215282675,Calibrated-LSTM-LogTarget-Small-scale_mean,test
2023-03-10,2023-03-13,0.0003608159625681,1.8462348550219332,Calibrated-LSTM-LogTarget-Small-scale_mean,test
2023-03-13,2023-03-14,1.4659340258862177,1.8314103377596611,Calibrated-LSTM-LogTarget-Small-scale_mean,test
2023-03-14,2023-03-15,4.404587524685249,1.949612151141954,Calibrated-LSTM-LogTarget-Small-scale_mean,test
2023-03-15,2023-03-16,1.966140070411206,2.1683506608517287,Calibrated-LSTM-LogTarget-Small-scale_mean,test
2023-03-16,2023-03-17,0.0466583815583474,1.9221079920531523,Calibrated-LSTM-LogTarget-Small-scale_mean,test
2023-03-17,2023-03-20,4.542701346022625,1.8265386613774062,Calibrated-LSTM-LogTarget-Small-scale_mean,test
2023-03-20,2023-03-21,0.8241032078763476,2.041015493549113,Calibrated-LSTM-LogTarget-Small-scale_mean,test
2023-03-21,2023-03-22,0.6122377400151076,1.8467059041789124,Calibrated-LSTM-LogTarget-Small-scale_mean,test
2023-03-22,2023-03-23,0.1912107767600162,1.8894103984219206,Calibrated-LSTM-LogTarget-Small-scale_mean,test
2023-03-23,2023-03-24,0.0261069358389794,1.8329254578394962,Calibrated-LSTM-LogTarget-Small-scale_mean,test
2023-03-24,2023-03-27,0.2706486133246383,1.96070056024633,Calibrated-LSTM-LogTarget-Small-scale_mean,test
2023-03-27,2023-03-28,0.0375129464792075,2.0538135503459283,Calibrated-LSTM-LogTarget-Small-scale_mean,test
2023-03-28,2023-03-29,0.0373680554186715,2.0849476319207536,Calibrated-LSTM-LogTarget-Small-scale_mean,test
2023-03-29,2023-03-30,0.0864260143113033,1.7128024638953283,Calibrated-LSTM-LogTarget-Small-scale_mean,test
2023-03-30,2023-03-31,0.2397323675517269,1.9176757179048871,Calibrated-LSTM-LogTarget-Small-scale_mean,test
2023-03-31,2023-04-03,1.8652562093058924,1.9612410271024399,Calibrated-LSTM-LogTarget-Small-scale_mean,test
2023-04-03,2023-04-04,0.0059186412860023,2.243297913131114,Calibrated-LSTM-LogTarget-Small-scale_mean,test
2023-04-04,2023-04-05,0.0498269661847383,2.0275980445040553,Calibrated-LSTM-LogTarget-Small-scale_mean,test
2023-04-05,2023-04-06,0.8553042836437406,1.9390586403833472,Calibrated-LSTM-LogTarget-Small-scale_mean,test
2023-04-06,2023-04-07,0.0125702355791553,2.3405619676490113,Calibrated-LSTM-LogTarget-Small-scale_mean,test
2023-04-07,2023-04-10,0.1668068990512428,1.7535909771922278,Calibrated-LSTM-LogTarget-Small-scale_mean,test
2023-04-10,2023-04-11,0.1482607699784405,2.115245085441872,Calibrated-LSTM-LogTarget-Small-scale_mean,test
2023-04-11,2023-04-12,8.743291732272662e-07,1.8789952756942914,Calibrated-LSTM-LogTarget-Small-scale_mean,test
2023-04-12,2023-04-13,0.2330177840007939,1.8812885775695332,Calibrated-LSTM-LogTarget-Small-scale_mean,test
2023-04-13,2023-04-14,1.1617696349612645,1.8003294572658735,Calibrated-LSTM-LogTarget-Small-scale_mean,test
2023-04-14,2023-04-17,0.0076283447272982,2.0525567142116516,Calibrated-LSTM-LogTarget-Small-scale_mean,test
2023-04-17,2023-04-18,0.0131688449679895,1.4832084433284882,Calibrated-LSTM-LogTarget-Small-scale_mean,test
2023-04-18,2023-04-19,0.3296437026732272,1.5389636005521148,Calibrated-LSTM-LogTarget-Small-scale_mean,test
2023-04-19,2023-04-20,0.0006623405434785,1.5471635939226962,Calibrated-LSTM-LogTarget-Small-scale_mean,test
2023-04-20,2023-04-21,0.3673257523211698,1.3563445447859055,Calibrated-LSTM-LogTarget-Small-scale_mean,test
2023-04-21,2023-04-24,0.0221215519921837,1.5403076556626918,Calibrated-LSTM-LogTarget-Small-scale_mean,test
2023-04-24,2023-04-25,0.3932622485353985,1.4229512015752568,Calibrated-LSTM-LogTarget-Small-scale_mean,test
2023-04-25,2023-04-26,0.328691182889417,1.4804343814507728,Calibrated-LSTM-LogTarget-Small-scale_mean,test
2023-04-26,2023-04-27,0.0126510214171176,1.419444548265914,Calibrated-LSTM-LogTarget-Small-scale_mean,test
2023-04-27,2023-04-28,0.8257060505705139,1.4239564387321044,Calibrated-LSTM-LogTarget-Small-scale_mean,test
2023-04-28,2023-05-04,0.663351259487948,1.6555100693335907,Calibrated-LSTM-LogTarget-Small-scale_mean,test
2023-05-04,2023-05-05,0.0008313650023289,1.679752957931566,Calibrated-LSTM-LogTarget-Small-scale_mean,test
2023-05-05,2023-05-08,1.5730813455266768,1.4504353220999442,Calibrated-LSTM-LogTarget-Small-scale_mean,test
2023-05-08,2023-05-09,0.0009810073041391,1.7963529431044143,Calibrated-LSTM-LogTarget-Small-scale_mean,test
2023-05-09,2023-05-10,0.1807814295588449,1.5782544622226802,Calibrated-LSTM-LogTarget-Small-scale_mean,test
2023-05-10,2023-05-11,0.0116169732719969,1.8489174782328939,Calibrated-LSTM-LogTarget-Small-scale_mean,test
2023-05-11,2023-05-12,0.8480601097426534,1.904915578504402,Calibrated-LSTM-LogTarget-Small-scale_mean,test
2023-05-12,2023-05-15,0.0124546383596074,1.995061593212888,Calibrated-LSTM-LogTarget-Small-scale_mean,test
2023-05-15,2023-05-16,0.0003521278803455,2.082962453450908,Calibrated-LSTM-LogTarget-Small-scale_mean,test
2023-05-16,2023-05-17,0.2647079940558091,1.74834847160152,Calibrated-LSTM-LogTarget-Small-scale_mean,test
2023-05-17,2023-05-18,0.5467189046851431,2.0416759383329026,Calibrated-LSTM-LogTarget-Small-scale_mean,test
2023-05-18,2023-05-19,0.0134881726921275,1.785000682039043,Calibrated-LSTM-LogTarget-Small-scale_mean,test
2023-05-19,2023-05-22,0.1115577260954784,1.8503175998281227,Calibrated-LSTM-LogTarget-Small-scale_mean,test
2023-05-22,2023-05-23,0.2010623455676166,1.7935798059630976,Calibrated-LSTM-LogTarget-Small-scale_mean,test
2023-05-23,2023-05-24,0.1456521231551851,1.848418541521042,Calibrated-LSTM-LogTarget-Small-scale_mean,test
2023-05-24,2023-05-25,0.0713508401309495,1.85556766187588,Calibrated-LSTM-LogTarget-Small-scale_mean,test
2023-05-25,2023-05-26,0.006683379548905,1.7511750451272774,Calibrated-LSTM-LogTarget-Small-scale_mean,test
2023-05-26,2023-05-29,1.1008741895280585,1.6666061140769977,Calibrated-LSTM-LogTarget-Small-scale_mean,test
2023-05-29,2023-05-30,0.0813274524532,1.994889173998855,Calibrated-LSTM-LogTarget-Small-scale_mean,test
2023-05-30,2023-05-31,0.0715597269351419,2.0878797903837714,Calibrated-LSTM-LogTarget-Small-scale_mean,test
2023-05-31,2023-06-01,0.0894248931377806,2.135119579980351,Calibrated-LSTM-LogTarget-Small-scale_mean,test
2023-06-01,2023-06-02,1.3176407801372392,2.0641523694538404,Calibrated-LSTM-LogTarget-Small-scale_mean,test
2023-06-02,2023-06-05,0.4068339428608296,2.412011401145481,Calibrated-LSTM-LogTarget-Small-scale_mean,test
2023-06-05,2023-06-06,0.9043890866960916,2.290375614661116,Calibrated-LSTM-LogTarget-Small-scale_mean,test
2023-06-06,2023-06-07,0.0123028566285396,2.1460247620026487,Calibrated-LSTM-LogTarget-Small-scale_mean,test
2023-06-07,2023-06-08,0.5529490855904797,2.248012160332859,Calibrated-LSTM-LogTarget-Small-scale_mean,test
2023-06-08,2023-06-09,0.3161644467066298,2.5729939380250393,Calibrated-LSTM-LogTarget-Small-scale_mean,test
2023-06-09,2023-06-12,0.5831574033164091,2.1679831227091775,Calibrated-LSTM-LogTarget-Small-scale_mean,test
2023-06-12,2023-06-13,0.3310759893352936,2.017172015293821,Calibrated-LSTM-LogTarget-Small-scale_mean,test
2023-06-13,2023-06-14,0.2025223817587841,2.2074338446941493,Calibrated-LSTM-LogTarget-Small-scale_mean,test
2023-06-14,2023-06-15,0.0016224341258812,2.141577235487687,Calibrated-LSTM-LogTarget-Small-scale_mean,test
2023-06-15,2023-06-16,0.024585211583996,1.8540234376357967,Calibrated-LSTM-LogTarget-Small-scale_mean,test
2023-06-16,2023-06-19,0.7822402072538185,2.43664619759358,Calibrated-LSTM-LogTarget-Small-scale_mean,test
2023-06-19,2023-06-20,0.3250259985876756,1.982607897263296,Calibrated-LSTM-LogTarget-Small-scale_mean,test
2023-06-20,2023-06-21,0.3653445181035127,1.7518559318897657,Calibrated-LSTM-LogTarget-Small-scale_mean,test
2023-06-21,2023-06-22,0.3717252672960691,2.106637369151012,Calibrated-LSTM-LogTarget-Small-scale_mean,test
2023-06-22,2023-06-23,0.1309819466607628,2.1497443674717944,Calibrated-LSTM-LogTarget-Small-scale_mean,test
2023-06-23,2023-06-26,0.0549279663710728,2.169608826145007,Calibrated-LSTM-LogTarget-Small-scale_mean,test
2023-06-26,2023-06-27,0.0411962958640958,2.3159639984239195,Calibrated-LSTM-LogTarget-Small-scale_mean,test
2023-06-27,2023-06-28,0.1251516048900254,1.8029041131689427,Calibrated-LSTM-LogTarget-Small-scale_mean,test
2023-06-28,2023-06-29,1.3110715533307906,2.0089724951959216,Calibrated-LSTM-LogTarget-Small-scale_mean,test
2023-06-29,2023-06-30,0.2153197174085333,2.1373432590012835,Calibrated-LSTM-LogTarget-Small-scale_mean,test
2023-06-30,2023-07-03,0.2244859363593752,1.628198354261693,Calibrated-LSTM-LogTarget-Small-scale_mean,test
2023-07-03,2023-07-04,0.331614557206894,1.546089072586469,Calibrated-LSTM-LogTarget-Small-scale_mean,test
2023-07-04,2023-07-05,0.0534448088033697,1.7948468719356516,Calibrated-LSTM-LogTarget-Small-scale_mean,test
2023-07-05,2023-07-06,0.5521828368120864,1.9650706342152424,Calibrated-LSTM-LogTarget-Small-scale_mean,test
2023-07-06,2023-07-07,1.0955709924740076,2.2113837844359816,Calibrated-LSTM-LogTarget-Small-scale_mean,test
2023-07-07,2023-07-10,0.9169134777331625,2.0112369338420755,Calibrated-LSTM-LogTarget-Small-scale_mean,test
2023-07-10,2023-07-11,0.057144157007868,2.224715668791918,Calibrated-LSTM-LogTarget-Small-scale_mean,test
2023-07-11,2023-07-12,0.0444186703613796,2.196904750894652,Calibrated-LSTM-LogTarget-Small-scale_mean,test
2023-07-12,2023-07-13,0.9358770339385756,1.9160889432476598,Calibrated-LSTM-LogTarget-Small-scale_mean,test
2023-07-13,2023-07-14,0.0652166185346891,2.097751567986755,Calibrated-LSTM-LogTarget-Small-scale_mean,test
2023-07-14,2023-07-17,0.1632239943294482,2.360442721717072,Calibrated-LSTM-LogTarget-Small-scale_mean,test
2023-07-17,2023-07-18,0.0066910598075562,2.1687257587257243,Calibrated-LSTM-LogTarget-Small-scale_mean,test
2023-07-18,2023-07-19,0.0089465157105592,1.9699691385828655,Calibrated-LSTM-LogTarget-Small-scale_mean,test
2023-07-19,2023-07-20,0.0002100775164203,2.023637896982652,Calibrated-LSTM-LogTarget-Small-scale_mean,test
2023-07-20,2023-07-21,1.2319670859049314,1.9267282775516374,Calibrated-LSTM-LogTarget-Small-scale_mean,test
2023-07-21,2023-07-24,0.164526463877313,2.2705793229442555,Calibrated-LSTM-LogTarget-Small-scale_mean,test
2023-07-24,2023-07-25,0.1884318549081098,2.327631906994754,Calibrated-LSTM-LogTarget-Small-scale_mean,test
2023-07-25,2023-07-26,0.1699312574616927,2.252317956898558,Calibrated-LSTM-LogTarget-Small-scale_mean,test
2023-07-26,2023-07-27,0.0856869950327944,2.1210779365477244,Calibrated-LSTM-LogTarget-Small-scale_mean,test
2023-07-27,2023-07-28,0.7393945741890614,2.4329114288390863,Calibrated-LSTM-LogTarget-Small-scale_mean,test
2023-07-28,2023-07-31,1.5705613280253743,2.474863341539774,Calibrated-LSTM-LogTarget-Small-scale_mean,test
2023-07-31,2023-08-01,0.191513989792846,2.659027932601399,Calibrated-LSTM-LogTarget-Small-scale_mean,test
2023-08-01,2023-08-02,0.0554319741987418,2.6908866741098136,Calibrated-LSTM-LogTarget-Small-scale_mean,test
2023-08-02,2023-08-03,0.6081005379926719,2.1543074692159823,Calibrated-LSTM-LogTarget-Small-scale_mean,test
2023-08-03,2023-08-04,1.5216082607669985,2.4110022236080475,Calibrated-LSTM-LogTarget-Small-scale_mean,test
2023-08-04,2023-08-07,1.5663427455149326,2.6347773143939435,Calibrated-LSTM-LogTarget-Small-scale_mean,test
2023-08-07,2023-08-08,0.0042545072808971,2.6968313256913383,Calibrated-LSTM-LogTarget-Small-scale_mean,test
2023-08-08,2023-08-09,0.4429341513499315,2.542017750309221,Calibrated-LSTM-LogTarget-Small-scale_mean,test
2023-08-09,2023-08-10,1.18855521360565,2.450901783542064,Calibrated-LSTM-LogTarget-Small-scale_mean,test
2023-08-10,2023-08-11,0.8946457187409982,2.45996965973015,Calibrated-LSTM-LogTarget-Small-scale_mean,test
2023-08-11,2023-08-14,0.1406576061529025,2.5340571625169717,Calibrated-LSTM-LogTarget-Small-scale_mean,test
2023-08-14,2023-08-15,0.0509990332423939,2.563256720790722,Calibrated-LSTM-LogTarget-Small-scale_mean,test
2023-08-15,2023-08-16,0.5528693854620391,2.2277493139921902,Calibrated-LSTM-LogTarget-Small-scale_mean,test
2023-08-16,2023-08-17,0.6237080926504832,2.333295676625108,Calibrated-LSTM-LogTarget-Small-scale_mean,test
2023-08-17,2023-08-18,21.187467781738864,2.614542901574756,Calibrated-LSTM-LogTarget-Small-scale_mean,test
2023-08-18,2023-08-21,0.0225429724444894,2.9104616870122393,Calibrated-LSTM-LogTarget-Small-scale_mean,test
2023-08-21,2023-08-22,0.0038263943505654,2.35331921371986,Calibrated-LSTM-LogTarget-Small-scale_mean,test
2023-08-22,2023-08-23,0.4543048185096983,2.352192424081275,Calibrated-LSTM-LogTarget-Small-scale_mean,test
2023-08-23,2023-08-24,2.030960720400387,2.0376234386533496,Calibrated-LSTM-LogTarget-Small-scale_mean,test
2023-08-24,2023-08-25,0.2574822009117362,2.368169416394069,Calibrated-LSTM-LogTarget-Small-scale_mean,test
2023-08-25,2023-08-28,2.3677711449578327,2.440563874346823,Calibrated-LSTM-LogTarget-Small-scale_mean,test
2023-08-28,2023-08-29,0.0507403600472885,2.5097809777763755,Calibrated-LSTM-LogTarget-Small-scale_mean,test
2023-08-29,2023-08-30,0.521587233427783,2.5732183169896383,Calibrated-LSTM-LogTarget-Small-scale_mean,test
2023-08-30,2023-08-31,0.798611626583033,2.5880199218892543,Calibrated-LSTM-LogTarget-Small-scale_mean,test
2023-08-31,2023-09-05,0.790275250555677,2.6551350904618007,Calibrated-LSTM-LogTarget-Small-scale_mean,test
2023-09-05,2023-09-06,0.7194907575034776,2.578050043109874,Calibrated-LSTM-LogTarget-Small-scale_mean,test
2023-09-06,2023-09-07,0.0359716287929884,2.6478391345509444,Calibrated-LSTM-LogTarget-Small-scale_mean,test
2023-09-07,2023-09-08,0.0178548556372743,2.5632351786178216,Calibrated-LSTM-LogTarget-Small-scale_mean,test
2023-09-08,2023-09-11,2.097389099277001,2.3780222133142677,Calibrated-LSTM-LogTarget-Small-scale_mean,test
2023-09-11,2023-09-12,3.1212396050656377,2.8664778557741246,Calibrated-LSTM-LogTarget-Small-scale_mean,test
2023-09-12,2023-09-13,0.3222528903899724,2.4932527798164537,Calibrated-LSTM-LogTarget-Small-scale_mean,test
2023-09-13,2023-09-14,1.4026151894519558,2.7774843850521256,Calibrated-LSTM-LogTarget-Small-scale_mean,test
2023-09-14,2023-09-15,0.0839016379792105,2.741250111364743,Calibrated-LSTM-LogTarget-Small-scale_mean,test
2023-09-15,2023-09-18,1.6257299462595711,2.3132254808128536,Calibrated-LSTM-LogTarget-Small-scale_mean,test
2023-09-18,2023-09-19,0.000654584074098,2.1888485872102685,Calibrated-LSTM-LogTarget-Small-scale_mean,test
2023-09-19,2023-09-20,1.4369523878233037,2.3444038295368594,Calibrated-LSTM-LogTarget-Small-scale_mean,test
2023-09-20,2023-09-21,1.2021573804780938,2.270758787001309,Calibrated-LSTM-LogTarget-Small-scale_mean,test
2023-09-21,2023-09-22,2.67951003310709,2.522088284819944,Calibrated-LSTM-LogTarget-Small-scale_mean,test
2023-09-22,2023-09-25,11.541216926620844,3.0321085482719727,Calibrated-LSTM-LogTarget-Small-scale_mean,test
2023-09-25,2023-09-26,1.7698314100181254,2.6855498852798236,Calibrated-LSTM-LogTarget-Small-scale_mean,test
2023-09-26,2023-09-27,1.922934467977144,2.4760664577726206,Calibrated-LSTM-LogTarget-Small-scale_mean,test
2023-09-27,2023-09-28,0.0151639632836694,2.3684153192549204,Calibrated-LSTM-LogTarget-Small-scale_mean,test
2023-09-28,2023-09-29,0.02224231577349,2.022259459158528,Calibrated-LSTM-LogTarget-Small-scale_mean,test
2023-09-29,2023-10-02,0.0090750098350391,1.876064590081136,Calibrated-LSTM-LogTarget-Small-scale_mean,test
2023-10-02,2023-10-03,10.683716279206385,1.8493345374770522,Calibrated-LSTM-LogTarget-Small-scale_mean,test
2023-10-03,2023-10-04,0.8853176884286172,2.6436892641373566,Calibrated-LSTM-LogTarget-Small-scale_mean,test
2023-10-04,2023-10-05,1.7375339257639013,2.212214599199444,Calibrated-LSTM-LogTarget-Small-scale_mean,test
2023-10-05,2023-10-06,1.7072998751511268,2.1362604160925898,Calibrated-LSTM-LogTarget-Small-scale_mean,test
2023-10-06,2023-10-09,0.6060662073826656,2.270668105802987,Calibrated-LSTM-LogTarget-Small-scale_mean,test
2023-10-09,2023-10-10,0.3080349756366544,2.0921651706472595,Calibrated-LSTM-LogTarget-Small-scale_mean,test
2023-10-10,2023-10-11,0.3851648462229108,2.209865868845403,Calibrated-LSTM-LogTarget-Small-scale_mean,test
2023-10-11,2023-10-12,0.0048291522978458,1.9876683521119098,Calibrated-LSTM-LogTarget-Small-scale_mean,test
2023-10-12,2023-10-13,0.0732020168306359,2.1087185124694985,Calibrated-LSTM-LogTarget-Small-scale_mean,test
2023-10-13,2023-10-16,1.3440806213781142,2.0661760244943532,Calibrated-LSTM-LogTarget-Small-scale_mean,test
2023-10-16,2023-10-17,3.052807721519015,2.1145666401266774,Calibrated-LSTM-LogTarget-Small-scale_mean,test
2023-10-17,2023-10-18,2.691074109609036,1.9643328704948535,Calibrated-LSTM-LogTarget-Small-scale_mean,test
2023-10-18,2023-10-19,2.014426845995019,2.4700945572806003,Calibrated-LSTM-LogTarget-Small-scale_mean,test
2023-10-19,2023-10-20,3.37838828040453,2.0561976542277045,Calibrated-LSTM-LogTarget-Small-scale_mean,test
2023-10-20,2023-10-23,1.7351918672263549,2.169258400588627,Calibrated-LSTM-LogTarget-Small-scale_mean,test
2023-10-23,2023-10-24,1.2652847100550173,1.929310045196028,Calibrated-LSTM-LogTarget-Small-scale_mean,test
2023-10-24,2023-10-25,0.1475596920145903,1.90442695718816,Calibrated-LSTM-LogTarget-Small-scale_mean,test
2023-10-25,2023-10-26,18.362010800338208,1.8723816566231277,Calibrated-LSTM-LogTarget-Small-scale_mean,test
2023-10-26,2023-10-27,0.2387716417217482,2.7178107931923883,Calibrated-LSTM-LogTarget-Small-scale_mean,test
2023-10-27,2023-10-30,3.0025597858118136,2.132404496190713,Calibrated-LSTM-LogTarget-Small-scale_mean,test
2023-10-30,2023-10-31,1.8839681619493045,2.0764478601612653,Calibrated-LSTM-LogTarget-Small-scale_mean,test
2023-10-31,2023-11-01,1.230715501580414,2.3293342855756043,Calibrated-LSTM-LogTarget-Small-scale_mean,test
2023-11-01,2023-11-02,11.467731176476716,2.2589983897274375,Calibrated-LSTM-LogTarget-Small-scale_mean,test
2023-11-02,2023-11-03,0.0148189440021049,3.0275471610251046,Calibrated-LSTM-LogTarget-Small-scale_mean,test
2023-11-03,2023-11-06,1.4138672012584073,2.2915059814673016,Calibrated-LSTM-LogTarget-Small-scale_mean,test
2023-11-06,2023-11-07,0.7458390495009208,2.363984940284197,Calibrated-LSTM-LogTarget-Small-scale_mean,test
2023-11-07,2023-11-08,9.129956144189087,2.2092260741045764,Calibrated-LSTM-LogTarget-Small-scale_mean,test
2023-11-08,2023-11-09,0.0017061233763225,3.0658040367770325,Calibrated-LSTM-LogTarget-Small-scale_mean,test
2023-11-09,2023-11-10,1.2148681903111338,2.5323518729469323,Calibrated-LSTM-LogTarget-Small-scale_mean,test
2023-11-10,2023-11-13,0.0213882813414155,2.4749739790282854,Calibrated-LSTM-LogTarget-Small-scale_mean,test
2023-11-13,2023-11-14,0.7643879612116624,2.1279610979323214,Calibrated-LSTM-LogTarget-Small-scale_mean,test
2023-11-14,2023-11-15,1.309101680363533,2.279145224670002,Calibrated-LSTM-LogTarget-Small-scale_mean,test
2023-11-15,2023-11-16,0.0726677258555493,2.5277861362766787,Calibrated-LSTM-LogTarget-Small-scale_mean,test
2023-11-16,2023-11-17,4.779742663796966,1.9629386684378092,Calibrated-LSTM-LogTarget-Small-scale_mean,test
2023-11-17,2023-11-20,0.0501991268589152,2.7263952706950296,Calibrated-LSTM-LogTarget-Small-scale_mean,test
2023-11-20,2023-11-21,0.3772925570702379,2.1459925281567864,Calibrated-LSTM-LogTarget-Small-scale_mean,test
2023-11-21,2023-11-22,0.0912767762573235,2.0201242060966513,Calibrated-LSTM-LogTarget-Small-scale_mean,test
2023-11-22,2023-11-23,5.291901747240125,2.1842693465300367,Calibrated-LSTM-LogTarget-Small-scale_mean,test
2023-11-23,2023-11-24,0.4250871900618609,2.5098363283914633,Calibrated-LSTM-LogTarget-Small-scale_mean,test
2023-11-24,2023-11-27,0.4781711175817431,2.3596762081157183,Calibrated-LSTM-LogTarget-Small-scale_mean,test
2023-11-27,2023-11-28,0.4557176520002135,1.8122218053469425,Calibrated-LSTM-LogTarget-Small-scale_mean,test
2023-11-28,2023-11-29,0.4496265629344425,1.9799257760482853,Calibrated-LSTM-LogTarget-Small-scale_mean,test
2023-11-29,2023-11-30,0.6229744807299576,1.937191816811577,Calibrated-LSTM-LogTarget-Small-scale_mean,test
2023-11-30,2023-12-01,0.5347066481770756,2.09959390291269,Calibrated-LSTM-LogTarget-Small-scale_mean,test
2023-12-01,2023-12-04,2.720585966130201,1.9295165887863295,Calibrated-LSTM-LogTarget-Small-scale_mean,test
2023-12-04,2023-12-05,0.163386350982878,2.768699438721708,Calibrated-LSTM-LogTarget-Small-scale_mean,test
2023-12-05,2023-12-06,0.8703691532467039,2.1612706388766636,Calibrated-LSTM-LogTarget-Small-scale_mean,test
2023-12-06,2023-12-07,0.193176184914791,2.281524342727687,Calibrated-LSTM-LogTarget-Small-scale_mean,test
2023-12-07,2023-12-08,0.0690100099875838,2.778287257743382,Calibrated-LSTM-LogTarget-Small-scale_mean,test
2023-12-08,2023-12-11,0.0088783019772855,2.0293957021417492,Calibrated-LSTM-LogTarget-Small-scale_mean,test
2023-12-11,2023-12-12,0.0357476055077411,1.8100931803960476,Calibrated-LSTM-LogTarget-Small-scale_mean,test
2023-12-12,2023-12-13,1.4355458045904153,1.682144148038078,Calibrated-LSTM-LogTarget-Small-scale_mean,test
2023-12-13,2023-12-14,0.1339218193100039,2.1158427816555303,Calibrated-LSTM-LogTarget-Small-scale_mean,test
2023-12-14,2023-12-15,0.501011926570286,1.8083533204159605,Calibrated-LSTM-LogTarget-Small-scale_mean,test
2023-12-15,2023-12-18,0.9021057574713134,1.9715375452886899,Calibrated-LSTM-LogTarget-Small-scale_mean,test
2023-12-18,2023-12-19,0.163207316046184,1.6975750802841518,Calibrated-LSTM-LogTarget-Small-scale_mean,test
2023-12-19,2023-12-20,0.1648341022859622,1.7160540816431389,Calibrated-LSTM-LogTarget-Small-scale_mean,test
2023-12-20,2023-12-21,0.0229820728280408,1.5490827360963144,Calibrated-LSTM-LogTarget-Small-scale_mean,test
2023-12-21,2023-12-22,0.003263855536434,1.4854907216231712,Calibrated-LSTM-LogTarget-Small-scale_mean,test
2023-12-22,2023-12-25,1.728982548756669,1.5459587721889154,Calibrated-LSTM-LogTarget-Small-scale_mean,test
2023-12-25,2023-12-26,0.1679675706187517,1.810882459628651,Calibrated-LSTM-LogTarget-Small-scale_mean,test
2023-12-26,2023-12-27,0.0005368687109465,1.7964520935707542,Calibrated-LSTM-LogTarget-Small-scale_mean,test
2023-12-27,2023-12-28,0.3802432948523992,1.702247265322435,Calibrated-LSTM-LogTarget-Small-scale_mean,test
2023-12-28,2023-12-29,0.0078393746118935,1.8094914702046023,Calibrated-LSTM-LogTarget-Small-scale_mean,test
2023-12-29,2024-01-02,0.0250562134986935,1.7631794115951336,Calibrated-LSTM-LogTarget-Small-scale_mean,test
2024-01-02,2024-01-03,1.197029417048885,2.0024567915884326,Calibrated-LSTM-LogTarget-Small-scale_mean,test
2024-01-03,2024-01-04,0.3258526092006003,1.8752730561627768,Calibrated-LSTM-LogTarget-Small-scale_mean,test
2024-01-04,2024-01-05,0.1180208232703248,2.631898997070316,Calibrated-LSTM-LogTarget-Small-scale_mean,test
2024-01-05,2024-01-08,0.2266269824272246,1.9983587342620068,Calibrated-LSTM-LogTarget-Small-scale_mean,test
2024-01-08,2024-01-09,0.0190450011331964,2.100763087790104,Calibrated-LSTM-LogTarget-Small-scale_mean,test
2024-01-09,2024-01-10,0.0646665738710911,2.0209915763543784,Calibrated-LSTM-LogTarget-Small-scale_mean,test
2024-01-10,2024-01-11,0.0034252738431133,2.2534083194974555,Calibrated-LSTM-LogTarget-Small-scale_mean,test
2024-01-11,2024-01-12,0.4213826457560849,1.9757953946723172,Calibrated-LSTM-LogTarget-Small-scale_mean,test
2024-01-12,2024-01-15,0.0025242702278622,2.424443673928893,Calibrated-LSTM-LogTarget-Small-scale_mean,test
2024-01-15,2024-01-16,0.6034028324453893,1.6139174354984929,Calibrated-LSTM-LogTarget-Small-scale_mean,test
2024-01-16,2024-01-17,0.0025743958188708,1.667978330455521,Calibrated-LSTM-LogTarget-Small-scale_mean,test
2024-01-17,2024-01-18,0.3137503773939618,1.8489970472859056,Calibrated-LSTM-LogTarget-Small-scale_mean,test
2024-01-18,2024-01-19,1.120382144309341,1.6229361889018703,Calibrated-LSTM-LogTarget-Small-scale_mean,test
2024-01-19,2024-01-22,0.0132345962603059,1.8142153797253415,Calibrated-LSTM-LogTarget-Small-scale_mean,test
2024-01-22,2024-01-23,0.2062692888507807,2.023419348567002,Calibrated-LSTM-LogTarget-Small-scale_mean,test
2024-01-23,2024-01-24,0.1485757892019817,1.699811084995598,Calibrated-LSTM-LogTarget-Small-scale_mean,test
2024-01-24,2024-01-25,0.0492420848338565,1.7646080030400204,Calibrated-LSTM-LogTarget-Small-scale_mean,test
2024-01-25,2024-01-26,0.2041467089523473,1.4792370856650836,Calibrated-LSTM-LogTarget-Small-scale_mean,test
2024-01-26,2024-01-29,2.893888078905973e-06,1.5383817793589505,Calibrated-LSTM-LogTarget-Small-scale_mean,test
2024-01-29,2024-01-30,0.1130691080782245,1.5955437688388991,Calibrated-LSTM-LogTarget-Small-scale_mean,test
2024-01-30,2024-01-31,1.7132578057426455,1.6298235574049702,Calibrated-LSTM-LogTarget-Small-scale_mean,test
2024-01-31,2024-02-01,0.5554695483427156,2.4686119635484953,Calibrated-LSTM-LogTarget-Small-scale_mean,test
2024-02-01,2024-02-02,0.0016060494837953,1.7311747907231916,Calibrated-LSTM-LogTarget-Small-scale_mean,test
2024-02-02,2024-02-05,1.312405125307974,2.0753025985622844,Calibrated-LSTM-LogTarget-Small-scale_mean,test
2024-02-05,2024-02-06,0.041546270496195,2.1366518675918496,Calibrated-LSTM-LogTarget-Small-scale_mean,test
2024-02-06,2024-02-07,0.7090694435364681,1.6834434643670857,Calibrated-LSTM-LogTarget-Small-scale_mean,test
2024-02-07,2024-02-15,0.10935700902328,1.954115210802225,Calibrated-LSTM-LogTarget-Small-scale_mean,test
2024-02-15,2024-02-16,0.3563698361907522,2.245774001443877,Calibrated-LSTM-LogTarget-Small-scale_mean,test
2024-02-16,2024-02-19,1.5735090531706803,2.158990666372968,Calibrated-LSTM-LogTarget-Small-scale_mean,test
2024-02-19,2024-02-20,0.1719424828204338,2.5808322427039134,Calibrated-LSTM-LogTarget-Small-scale_mean,test
2024-02-20,2024-02-21,2.643713937948573e-06,2.283496497697396,Calibrated-LSTM-LogTarget-Small-scale_mean,test
2024-02-21,2024-02-22,0.0493686905262693,2.243961217631562,Calibrated-LSTM-LogTarget-Small-scale_mean,test
2024-02-22,2024-02-23,1.5757517057356472,2.041078267982196,Calibrated-LSTM-LogTarget-Small-scale_mean,test
2024-02-23,2024-02-26,0.9982359162312492,2.8955218086821026,Calibrated-LSTM-LogTarget-Small-scale_mean,test
2024-02-26,2024-02-27,1.16593097532243,2.2977679021249844,Calibrated-LSTM-LogTarget-Small-scale_mean,test
2024-02-27,2024-02-28,1.8813005066335944,2.4739353615378215,Calibrated-LSTM-LogTarget-Small-scale_mean,test
2024-02-28,2024-02-29,0.0210764395400896,2.4954043836292783,Calibrated-LSTM-LogTarget-Small-scale_mean,test
2024-02-29,2024-03-01,0.1954116660389362,2.5599857605943774,Calibrated-LSTM-LogTarget-Small-scale_mean,test
2024-03-01,2024-03-04,0.0617241173730905,2.4140478585290506,Calibrated-LSTM-LogTarget-Small-scale_mean,test
2024-03-04,2024-03-05,0.458465682898879,2.6384556742088616,Calibrated-LSTM-LogTarget-Small-scale_mean,test
2024-03-05,2024-03-06,0.3277686759141466,2.4716468396720193,Calibrated-LSTM-LogTarget-Small-scale_mean,test
2024-03-06,2024-03-07,0.2049845962757557,2.5460946771622512,Calibrated-LSTM-LogTarget-Small-scale_mean,test
2024-03-07,2024-03-08,2.816444292658484,2.4999132708175384,Calibrated-LSTM-LogTarget-Small-scale_mean,test
2024-03-08,2024-03-11,0.912721979122844,2.984599953786211,Calibrated-LSTM-LogTarget-Small-scale_mean,test
2024-03-11,2024-03-12,0.5879634369893775,2.485489199967984,Calibrated-LSTM-LogTarget-Small-scale_mean,test
2024-03-12,2024-03-13,4.113946023612082,2.2809257956876885,Calibrated-LSTM-LogTarget-Small-scale_mean,test
2024-03-13,2024-03-14,0.2431894157728003,2.64382352243746,Calibrated-LSTM-LogTarget-Small-scale_mean,test
2024-03-14,2024-03-15,0.0014420309906953,2.6760297543246017,Calibrated-LSTM-LogTarget-Small-scale_mean,test
2024-03-15,2024-03-18,2.60144510071112,2.6215831914589094,Calibrated-LSTM-LogTarget-Small-scale_mean,test
2024-03-18,2024-03-19,0.0078313418483015,3.322449213122749,Calibrated-LSTM-LogTarget-Small-scale_mean,test
2024-03-19,2024-03-20,1.98300631416396,2.2548725446857283,Calibrated-LSTM-LogTarget-Small-scale_mean,test
2024-03-20,2024-03-21,1.659993462713211,2.5730577375716894,Calibrated-LSTM-LogTarget-Small-scale_mean,test
2024-03-21,2024-03-22,0.1769090471586793,2.990932823496138,Calibrated-LSTM-LogTarget-Small-scale_mean,test
2024-03-22,2024-03-25,1.1957204376691162,2.917718589809025,Calibrated-LSTM-LogTarget-Small-scale_mean,test
2024-03-25,2024-03-26,1.266685379522265,2.8869424949873945,Calibrated-LSTM-LogTarget-Small-scale_mean,test
2024-03-26,2024-03-27,0.0047070525559726,2.507668245316016,Calibrated-LSTM-LogTarget-Small-scale_mean,test
2024-03-27,2024-03-28,0.3036574536281876,2.2852409666001328,Calibrated-LSTM-LogTarget-Small-scale_mean,test
2024-03-28,2024-03-29,0.22386593116756,2.4794524536168754,Calibrated-LSTM-LogTarget-Small-scale_mean,test
2024-03-29,2024-04-01,0.0401370314872093,2.266784668271046,Calibrated-LSTM-LogTarget-Small-scale_mean,test
2024-04-01,2024-04-02,0.1847396233779287,2.3767913681326935,Calibrated-LSTM-LogTarget-Small-scale_mean,test
2024-04-02,2024-04-03,1.4814046434548742,2.6160063266169,Calibrated-LSTM-LogTarget-Small-scale_mean,test
2024-04-03,2024-04-04,0.0642984527134782,2.556005268415151,Calibrated-LSTM-LogTarget-Small-scale_mean,test
2024-04-04,2024-04-05,1.084676282740752,2.387011519123304,Calibrated-LSTM-LogTarget-Small-scale_mean,test
2024-04-05,2024-04-08,0.1443776586599194,2.574106669366891,Calibrated-LSTM-LogTarget-Small-scale_mean,test
2024-04-08,2024-04-09,0.9848187145028622,2.147597901319094,Calibrated-LSTM-LogTarget-Small-scale_mean,test
2024-04-09,2024-04-10,0.1141835151805207,1.9205303708059853,Calibrated-LSTM-LogTarget-Small-scale_mean,test
2024-04-10,2024-04-11,0.0008184297224042,1.8598355464630316,Calibrated-LSTM-LogTarget-Small-scale_mean,test
2024-04-11,2024-04-12,2.1077713488695093,1.826071885647623,Calibrated-LSTM-LogTarget-Small-scale_mean,test
2024-04-12,2024-04-15,23.166885904173803,2.0942165385452127,Calibrated-LSTM-LogTarget-Small-scale_mean,test
2024-04-15,2024-04-16,0.0058478365075764,2.72163686974649,Calibrated-LSTM-LogTarget-Small-scale_mean,test
2024-04-16,2024-04-17,3.543454497340081,2.6382767135994443,Calibrated-LSTM-LogTarget-Small-scale_mean,test
2024-04-17,2024-04-19,2.3528631494425456,2.3187414153640993,Calibrated-LSTM-LogTarget-Small-scale_mean,test
2024-04-19,2024-04-22,1.6893979231324006,2.675286569802773,Calibrated-LSTM-LogTarget-Small-scale_mean,test
2024-04-22,2024-04-23,1.1727907466469314,2.242076662171892,Calibrated-LSTM-LogTarget-Small-scale_mean,test
2024-04-23,2024-04-24,5.606024745553127,2.343233262517854,Calibrated-LSTM-LogTarget-Small-scale_mean,test
2024-04-24,2024-04-25,0.0028195309207452,2.6508089856617323,Calibrated-LSTM-LogTarget-Small-scale_mean,test
2024-04-25,2024-04-26,0.1420473024727117,2.0390971819881427,Calibrated-LSTM-LogTarget-Small-scale_mean,test
2024-04-26,2024-05-02,0.318006405977251,2.254071657699486,Calibrated-LSTM-LogTarget-Small-scale_mean,test
2024-05-02,2024-05-03,0.1468401316931458,2.196443608434799,Calibrated-LSTM-LogTarget-Small-scale_mean,test
2024-05-03,2024-05-06,2.785560071487252,2.073895149066616,Calibrated-LSTM-LogTarget-Small-scale_mean,test
2024-05-06,2024-05-07,0.3206037518220124,2.4065776718289,Calibrated-LSTM-LogTarget-Small-scale_mean,test
2024-05-07,2024-05-08,0.0214485793857184,2.092466224781548,Calibrated-LSTM-LogTarget-Small-scale_mean,test
2024-05-08,2024-05-09,0.0212146392864794,2.3083191660202105,Calibrated-LSTM-LogTarget-Small-scale_mean,test
2024-05-09,2024-05-10,0.0998826714071555,1.9473105414036507,Calibrated-LSTM-LogTarget-Small-scale_mean,test
2024-05-10,2024-05-13,0.1323509240296012,1.8274536178145706,Calibrated-LSTM-LogTarget-Small-scale_mean,test
2024-05-13,2024-05-14,0.0623260338672244,1.8454039884159132,Calibrated-LSTM-LogTarget-Small-scale_mean,test
2024-05-14,2024-05-15,0.7914504364695899,1.6713135976630034,Calibrated-LSTM-LogTarget-Small-scale_mean,test
2024-05-15,2024-05-16,1.3010619376829529,2.0980429214938066,Calibrated-LSTM-LogTarget-Small-scale_mean,test
2024-05-16,2024-05-20,0.4777373395090949,2.2447775117115354,Calibrated-LSTM-LogTarget-Small-scale_mean,test
2024-05-20,2024-05-21,0.0011865300373836,2.5077350587054803,Calibrated-LSTM-LogTarget-Small-scale_mean,test
2024-05-21,2024-05-22,0.6467920233357178,2.1905207501856103,Calibrated-LSTM-LogTarget-Small-scale_mean,test
2024-05-22,2024-05-23,1.2284567837418712,2.4546564149514145,Calibrated-LSTM-LogTarget-Small-scale_mean,test
2024-05-23,2024-05-24,2.256648937405396,2.308978574924285,Calibrated-LSTM-LogTarget-Small-scale_mean,test
2024-05-24,2024-05-27,0.2066759953224523,2.92163801161548,Calibrated-LSTM-LogTarget-Small-scale_mean,test
2024-05-27,2024-05-28,1.2149042841979667,1.8384478705353586,Calibrated-LSTM-LogTarget-Small-scale_mean,test
2024-05-28,2024-05-29,0.5065517433860525,2.217671019539802,Calibrated-LSTM-LogTarget-Small-scale_mean,test
2024-05-29,2024-05-30,0.2478473182821189,2.555228402570181,Calibrated-LSTM-LogTarget-Small-scale_mean,test
2024-05-30,2024-05-31,0.1324368158912983,2.5333374005812064,Calibrated-LSTM-LogTarget-Small-scale_mean,test
2024-05-31,2024-06-03,2.069054535054291,1.8935540842888996,Calibrated-LSTM-LogTarget-Small-scale_mean,test
2024-06-03,2024-06-04,0.0754175541972061,2.6065040242731636,Calibrated-LSTM-LogTarget-Small-scale_mean,test
2024-06-04,2024-06-05,0.0041789785238715,2.2841621579382894,Calibrated-LSTM-LogTarget-Small-scale_mean,test
2024-06-05,2024-06-06,0.003785773302666,2.294358818676324,Calibrated-LSTM-LogTarget-Small-scale_mean,test
2024-06-06,2024-06-07,0.0977825492840672,2.2260787186268454,Calibrated-LSTM-LogTarget-Small-scale_mean,test
2024-06-07,2024-06-10,0.0574549317651925,1.8233078596514125,Calibrated-LSTM-LogTarget-Small-scale_mean,test
2024-06-10,2024-06-11,0.236389900130653,2.1560601633002494,Calibrated-LSTM-LogTarget-Small-scale_mean,test
2024-06-11,2024-06-12,1.4910702380739045,2.2653205391773223,Calibrated-LSTM-LogTarget-Small-scale_mean,test
2024-06-12,2024-06-13,0.0102965917651104,2.194859807130523,Calibrated-LSTM-LogTarget-Small-scale_mean,test
2024-06-13,2024-06-14,2.8007247199637466,2.2397069066975965,Calibrated-LSTM-LogTarget-Small-scale_mean,test
2024-06-14,2024-06-17,0.1619251788207639,2.596310967728696,Calibrated-LSTM-LogTarget-Small-scale_mean,test
2024-06-17,2024-06-18,0.1371670063872054,2.1684008080161647,Calibrated-LSTM-LogTarget-Small-scale_mean,test
2024-06-18,2024-06-19,0.0005135905111872,1.9135992331289762,Calibrated-LSTM-LogTarget-Small-scale_mean,test
2024-06-19,2024-06-20,0.0383900740120223,2.1666442808448196,Calibrated-LSTM-LogTarget-Small-scale_mean,test
2024-06-20,2024-06-21,0.0004769047173217,2.2631223415170765,Calibrated-LSTM-LogTarget-Small-scale_mean,test
2024-06-21,2024-06-24,4.841244218909869,2.049527074934132,Calibrated-LSTM-LogTarget-Small-scale_mean,test
2024-06-24,2024-06-25,0.0377795857346046,2.747334681600052,Calibrated-LSTM-LogTarget-Small-scale_mean,test
2024-06-25,2024-06-26,0.1382006989182143,1.7755119974318212,Calibrated-LSTM-LogTarget-Small-scale_mean,test
2024-06-26,2024-06-27,0.0291086660682599,1.8707583190158545,Calibrated-LSTM-LogTarget-Small-scale_mean,test
2024-06-27,2024-06-28,1.2092769262564496,1.5933432999884873,Calibrated-LSTM-LogTarget-Small-scale_mean,test
2024-06-28,2024-07-01,0.5464740769679215,2.0413422823710308,Calibrated-LSTM-LogTarget-Small-scale_mean,test
2024-07-01,2024-07-02,1.4560329328950323,1.5657446568982258,Calibrated-LSTM-LogTarget-Small-scale_mean,test
2024-07-02,2024-07-03,0.3074231060441431,1.7188407385513527,Calibrated-LSTM-LogTarget-Small-scale_mean,test
2024-07-03,2024-07-04,0.0565502378458402,1.7345183546315155,Calibrated-LSTM-LogTarget-Small-scale_mean,test
2024-07-04,2024-07-05,0.0604238017679763,1.6599566518188882,Calibrated-LSTM-LogTarget-Small-scale_mean,test
2024-07-05,2024-07-08,0.001641913639604,1.9484783109662311,Calibrated-LSTM-LogTarget-Small-scale_mean,test
2024-07-08,2024-07-09,0.6204070574126203,1.9728727075522414,Calibrated-LSTM-LogTarget-Small-scale_mean,test
2024-07-09,2024-07-10,0.3628967539784848,2.16894552228444,Calibrated-LSTM-LogTarget-Small-scale_mean,test
2024-07-10,2024-07-11,0.0277401860440043,1.9890398092859434,Calibrated-LSTM-LogTarget-Small-scale_mean,test
2024-07-11,2024-07-12,0.0565767163705356,1.8730647894138064,Calibrated-LSTM-LogTarget-Small-scale_mean,test
2024-07-12,2024-07-15,0.0052765811391784,1.6513188867221924,Calibrated-LSTM-LogTarget-Small-scale_mean,test
2024-07-15,2024-07-16,0.011280250205691,1.5027290797326254,Calibrated-LSTM-LogTarget-Small-scale_mean,test
2024-07-16,2024-07-17,0.9643834972427656,1.7656624202449143,Calibrated-LSTM-LogTarget-Small-scale_mean,test
2024-07-17,2024-07-18,0.2066285309508605,2.668350318297477,Calibrated-LSTM-LogTarget-Small-scale_mean,test
2024-07-18,2024-07-19,0.5789189613600527,1.8615550342917797,Calibrated-LSTM-LogTarget-Small-scale_mean,test
2024-07-19,2024-07-22,0.6479469442933512,1.9898883770869917,Calibrated-LSTM-LogTarget-Small-scale_mean,test
2024-07-22,2024-07-23,3.3723820037131813,2.1872986836535704,Calibrated-LSTM-LogTarget-Small-scale_mean,test
2024-07-23,2024-07-24,0.2907489732326712,1.8866962375259402,Calibrated-LSTM-LogTarget-Small-scale_mean,test
2024-07-24,2024-07-25,0.1825373322670373,1.8865745642059069,Calibrated-LSTM-LogTarget-Small-scale_mean,test
2024-07-25,2024-07-26,0.5194428542577421,1.4926365595775155,Calibrated-LSTM-LogTarget-Small-scale_mean,test
2024-07-26,2024-07-29,0.1301982149615345,1.4980572391462912,Calibrated-LSTM-LogTarget-Small-scale_mean,test
2024-07-29,2024-07-30,0.0152800221232259,1.5799887722037034,Calibrated-LSTM-LogTarget-Small-scale_mean,test
2024-07-30,2024-07-31,0.2669893008576879,1.8333288564528902,Calibrated-LSTM-LogTarget-Small-scale_mean,test
2024-07-31,2024-08-01,3.924859003099425,2.01275397588889,Calibrated-LSTM-LogTarget-Small-scale_mean,test
2024-08-01,2024-08-02,0.6124804127570632,2.3779074057355425,Calibrated-LSTM-LogTarget-Small-scale_mean,test
2024-08-02,2024-08-05,16.028441731399298,2.000318840323857,Calibrated-LSTM-LogTarget-Small-scale_mean,test
2024-08-05,2024-08-06,3.4304951964000674,2.579804711798763,Calibrated-LSTM-LogTarget-Small-scale_mean,test
2024-08-06,2024-08-07,0.2131074887245232,2.2309716593400286,Calibrated-LSTM-LogTarget-Small-scale_mean,test
2024-08-07,2024-08-08,0.389017827650505,1.985626431348614,Calibrated-LSTM-LogTarget-Small-scale_mean,test
2024-08-08,2024-08-09,1.5873626468232618,2.1677662992583486,Calibrated-LSTM-LogTarget-Small-scale_mean,test
2024-08-09,2024-08-12,0.2928717413764615,2.1697130595750775,Calibrated-LSTM-LogTarget-Small-scale_mean,test
2024-08-12,2024-08-13,0.0001294788177011,2.1621555679270132,Calibrated-LSTM-LogTarget-Small-scale_mean,test
2024-08-13,2024-08-14,2.3780277347729983e-05,2.0795730718647922,Calibrated-LSTM-LogTarget-Small-scale_mean,test
2024-08-14,2024-08-15,0.3071561671079922,1.9758797173475031,Calibrated-LSTM-LogTarget-Small-scale_mean,test
2024-08-15,2024-08-16,5.364467227292595,1.9365060723479346,Calibrated-LSTM-LogTarget-Small-scale_mean,test
2024-08-16,2024-08-19,0.5581057481573143,2.897004706761564,Calibrated-LSTM-LogTarget-Small-scale_mean,test
2024-08-19,2024-08-20,0.7441049789899746,2.0696513855370315,Calibrated-LSTM-LogTarget-Small-scale_mean,test
2024-08-20,2024-08-21,0.8093492360217696,2.277948177989398,Calibrated-LSTM-LogTarget-Small-scale_mean,test
2024-08-21,2024-08-22,0.0097920425309074,2.181977077295085,Calibrated-LSTM-LogTarget-Small-scale_mean,test
2024-08-22,2024-08-23,0.039129459240867,1.879459896060959,Calibrated-LSTM-LogTarget-Small-scale_mean,test
2024-08-23,2024-08-26,0.1707352129175375,1.926750097647277,Calibrated-LSTM-LogTarget-Small-scale_mean,test
2024-08-26,2024-08-27,0.0017789790178368,2.0019994726618613,Calibrated-LSTM-LogTarget-Small-scale_mean,test
2024-08-27,2024-08-28,0.0047191862628622,1.8193619214806953,Calibrated-LSTM-LogTarget-Small-scale_mean,test
2024-08-28,2024-08-29,5.480696959213411e-06,1.9339146751110874,Calibrated-LSTM-LogTarget-Small-scale_mean,test
2024-08-29,2024-08-30,0.0350100605836961,1.7704540391445067,Calibrated-LSTM-LogTarget-Small-scale_mean,test
2024-08-30,2024-09-04,0.3975959773479832,1.578692707173791,Calibrated-LSTM-LogTarget-Small-scale_mean,test
2024-09-04,2024-09-05,0.3560479520225069,1.692928635037371,Calibrated-LSTM-LogTarget-Small-scale_mean,test
2024-09-05,2024-09-06,0.2046388013312271,1.68376298059947,Calibrated-LSTM-LogTarget-Small-scale_mean,test
2024-09-06,2024-09-09,0.2403215208141221,1.5323860236855602,Calibrated-LSTM-LogTarget-Small-scale_mean,test
2024-09-09,2024-09-10,0.9818980427278184,1.3875081104035871,Calibrated-LSTM-LogTarget-Small-scale_mean,test
2024-09-10,2024-09-11,0.0244199123086784,1.6655078037256537,Calibrated-LSTM-LogTarget-Small-scale_mean,test
2024-09-11,2024-09-12,0.0602484567361687,1.511276564377084,Calibrated-LSTM-LogTarget-Small-scale_mean,test
2024-09-12,2024-09-13,0.1369055643032899,1.3495134723236788,Calibrated-LSTM-LogTarget-Small-scale_mean,test
2024-09-13,2024-09-16,0.9992379796047328,1.3493482642742454,Calibrated-LSTM-LogTarget-Small-scale_mean,test
2024-09-16,2024-09-17,2.484914926701652,1.4386189511673098,Calibrated-LSTM-LogTarget-Small-scale_mean,test
2024-09-17,2024-09-18,0.2223148391601984,1.6052587759733306,Calibrated-LSTM-LogTarget-Small-scale_mean,test
2024-09-18,2024-09-19,0.2523387575730195,1.819449328174657,Calibrated-LSTM-LogTarget-Small-scale_mean,test
2024-09-19,2024-09-20,0.003666425548263,1.5712710531823117,Calibrated-LSTM-LogTarget-Small-scale_mean,test
2024-09-20,2024-09-23,0.0785444168047104,2.267423292321648,Calibrated-LSTM-LogTarget-Small-scale_mean,test
2024-09-23,2024-09-24,0.447081172927798,1.5395421547611174,Calibrated-LSTM-LogTarget-Small-scale_mean,test
2024-09-24,2024-09-25,0.6692996014919499,1.6578548908528994,Calibrated-LSTM-LogTarget-Small-scale_mean,test
2024-09-25,2024-09-26,0.0967067651015831,2.4101634084727905,Calibrated-LSTM-LogTarget-Small-scale_mean,test
2024-09-26,2024-09-27,0.0019487643545271,2.345958224066235,Calibrated-LSTM-LogTarget-Small-scale_mean,test
2024-09-27,2024-09-30,0.0534118196752501,2.2593754322304145,Calibrated-LSTM-LogTarget-Small-scale_mean,test
2024-09-30,2024-10-01,0.1090419063191174,1.8904154402139905,Calibrated-LSTM-LogTarget-Small-scale_mean,test
2024-10-01,2024-10-02,0.1142301950532245,2.2658704221263273,Calibrated-LSTM-LogTarget-Small-scale_mean,test
2024-10-02,2024-10-03,0.5763536966008403,1.8374001457314164,Calibrated-LSTM-LogTarget-Small-scale_mean,test
2024-10-03,2024-10-04,0.3463758362975216,2.405442013082486,Calibrated-LSTM-LogTarget-Small-scale_mean,test
2024-10-04,2024-10-07,0.0027820245719093,1.6727375467161523,Calibrated-LSTM-LogTarget-Small-scale_mean,test
2024-10-07,2024-10-08,0.0260164216385025,1.5095726884391343,Calibrated-LSTM-LogTarget-Small-scale_mean,test
2024-10-08,2024-10-09,0.5974680039460253,1.7807302357608834,Calibrated-LSTM-LogTarget-Small-scale_mean,test
2024-10-09,2024-10-10,0.1233539050383977,1.8160405459044322,Calibrated-LSTM-LogTarget-Small-scale_mean,test
2024-10-10,2024-10-11,0.0248646364370185,1.8671625919880948,Calibrated-LSTM-LogTarget-Small-scale_mean,test
2024-10-11,2024-10-14,0.0253573876734088,1.4979815221448358,Calibrated-LSTM-LogTarget-Small-scale_mean,test
2024-10-14,2024-10-15,0.1678954221921946,1.8189661496830882,Calibrated-LSTM-LogTarget-Small-scale_mean,test
2024-10-15,2024-10-16,0.0156181703703392,1.8334466586001776,Calibrated-LSTM-LogTarget-Small-scale_mean,test
2024-10-16,2024-10-17,0.301088511662053,1.4853883704233153,Calibrated-LSTM-LogTarget-Small-scale_mean,test
2024-10-17,2024-10-18,0.0067941729317095,1.725171951288734,Calibrated-LSTM-LogTarget-Small-scale_mean,test
2024-10-18,2024-10-21,0.1968037312439634,1.6813482433392246,Calibrated-LSTM-LogTarget-Small-scale_mean,test
2024-10-21,2024-10-22,0.6006392197446851,1.6282272748786548,Calibrated-LSTM-LogTarget-Small-scale_mean,test
2024-10-22,2024-10-23,0.0063207009295036,1.9426990273960116,Calibrated-LSTM-LogTarget-Small-scale_mean,test
2024-10-23,2024-10-24,1.1387581243922995,1.5417394471100643,Calibrated-LSTM-LogTarget-Small-scale_mean,test
2024-10-24,2024-10-25,0.1396414208283497,1.6734290297247227,Calibrated-LSTM-LogTarget-Small-scale_mean,test
2024-10-25,2024-10-28,0.0267355724555891,1.5398681345231113,Calibrated-LSTM-LogTarget-Small-scale_mean,test
2024-10-28,2024-10-29,0.310375295938392,1.3689036327478847,Calibrated-LSTM-LogTarget-Small-scale_mean,test
2024-10-29,2024-10-30,0.0624797327224918,1.5078080013064907,Calibrated-LSTM-LogTarget-Small-scale_mean,test
2024-10-30,2024-10-31,0.2150309186038439,1.4683116507356444,Calibrated-LSTM-LogTarget-Small-scale_mean,test
2024-10-31,2024-11-01,0.5795854757810541,1.4902223191223856,Calibrated-LSTM-LogTarget-Small-scale_mean,test
2024-11-01,2024-11-04,0.6634669865085588,1.6229094903887653,Calibrated-LSTM-LogTarget-Small-scale_mean,test
2024-11-04,2024-11-05,0.0071101049569573,1.6898499577401969,Calibrated-LSTM-LogTarget-Small-scale_mean,test
2024-11-05,2024-11-06,1.532964136157592,1.3146466485025612,Calibrated-LSTM-LogTarget-Small-scale_mean,test
2024-11-06,2024-11-07,0.0147328555936719,1.6264576586208221,Calibrated-LSTM-LogTarget-Small-scale_mean,test
2024-11-07,2024-11-08,0.3276224769794669,1.498424985328398,Calibrated-LSTM-LogTarget-Small-scale_mean,test
2024-11-08,2024-11-11,0.0320387972398517,1.6054101502668425,Calibrated-LSTM-LogTarget-Small-scale_mean,test
2024-11-11,2024-11-12,0.1943555469915317,2.00522321816899,Calibrated-LSTM-LogTarget-Small-scale_mean,test
2024-11-12,2024-11-13,0.0095957977358447,1.6004450310406968,Calibrated-LSTM-LogTarget-Small-scale_mean,test
2024-11-13,2024-11-14,1.304380342114139,1.7427765234301311,Calibrated-LSTM-LogTarget-Small-scale_mean,test
2024-11-14,2024-11-15,1.1819027969632745,1.693626849550073,Calibrated-LSTM-LogTarget-Small-scale_mean,test
2024-11-15,2024-11-18,0.0141759467193479,1.8962656778085676,Calibrated-LSTM-LogTarget-Small-scale_mean,test
2024-11-18,2024-11-19,0.9768103702203697,1.6650907149954537,Calibrated-LSTM-LogTarget-Small-scale_mean,test
2024-11-19,2024-11-20,0.8848644501514296,1.4984399900031058,Calibrated-LSTM-LogTarget-Small-scale_mean,test
2024-11-20,2024-11-21,0.9302138287758972,1.8699502988842611,Calibrated-LSTM-LogTarget-Small-scale_mean,test
2024-11-21,2024-11-22,0.0003506766753295,1.5163778671239379,Calibrated-LSTM-LogTarget-Small-scale_mean,test
2024-11-22,2024-11-25,0.2872709111767263,1.5072629340896098,Calibrated-LSTM-LogTarget-Small-scale_mean,test
2024-11-25,2024-11-26,0.3599546809656788,1.48981236312635,Calibrated-LSTM-LogTarget-Small-scale_mean,test
2024-11-26,2024-11-27,0.0001659440969947,1.7188712691893349,Calibrated-LSTM-LogTarget-Small-scale_mean,test
2024-11-27,2024-11-28,0.0001270529950301,1.4186944650188305,Calibrated-LSTM-LogTarget-Small-scale_mean,test
2024-11-28,2024-11-29,0.4488915850595839,1.4639295153918246,Calibrated-LSTM-LogTarget-Small-scale_mean,test
2024-11-29,2024-12-02,0.0035951954303536,1.49790509471337,Calibrated-LSTM-LogTarget-Small-scale_mean,test
2024-12-02,2024-12-03,0.0121780282468158,1.3659665022113274,Calibrated-LSTM-LogTarget-Small-scale_mean,test
2024-12-03,2024-12-04,0.5723787875208138,1.486564417412913,Calibrated-LSTM-LogTarget-Small-scale_mean,test
2024-12-04,2024-12-05,4.677770763753511,1.5320917630702333,Calibrated-LSTM-LogTarget-Small-scale_mean,test
2024-12-05,2024-12-06,0.0423127275118428,2.337298354206346,Calibrated-LSTM-LogTarget-Small-scale_mean,test
2024-12-06,2024-12-09,0.0846129168166276,1.8134674513936226,Calibrated-LSTM-LogTarget-Small-scale_mean,test
2024-12-09,2024-12-10,0.019333949066393,1.7571403746042453,Calibrated-LSTM-LogTarget-Small-scale_mean,test
2024-12-10,2024-12-11,0.0638388590450149,1.6059152810393171,Calibrated-LSTM-LogTarget-Small-scale_mean,test
2024-12-11,2024-12-12,0.0141789335558376,1.6316390431962715,Calibrated-LSTM-LogTarget-Small-scale_mean,test
2024-12-12,2024-12-13,0.1427917911928931,1.6611366471815492,Calibrated-LSTM-LogTarget-Small-scale_mean,test
2024-12-13,2024-12-16,0.0093280152446342,1.4752603577121595,Calibrated-LSTM-LogTarget-Small-scale_mean,test
2024-12-16,2024-12-17,0.0268721671219935,1.4177963756388143,Calibrated-LSTM-LogTarget-Small-scale_mean,test
2024-12-17,2024-12-18,0.1146807250456102,1.380608792779174,Calibrated-LSTM-LogTarget-Small-scale_mean,test
2024-12-18,2024-12-19,0.8081531599464532,1.3985325084717375,Calibrated-LSTM-LogTarget-Small-scale_mean,test
2024-12-19,2024-12-20,0.0507615856480591,1.7896971374460724,Calibrated-LSTM-LogTarget-Small-scale_mean,test
2024-12-20,2024-12-23,0.1742376670775678,1.4102472305510165,Calibrated-LSTM-LogTarget-Small-scale_mean,test
2024-12-23,2024-12-24,0.0361915284275727,1.346529657205298,Calibrated-LSTM-LogTarget-Small-scale_mean,test
2024-12-24,2024-12-25,1.1654410256024177,1.5123613257846686,Calibrated-LSTM-LogTarget-Small-scale_mean,test
2024-12-25,2024-12-26,0.0084412075502873,1.99442478644032,Calibrated-LSTM-LogTarget-Small-scale_mean,test
2024-12-26,2024-12-27,0.0317475107765902,1.5448209996411981,Calibrated-LSTM-LogTarget-Small-scale_mean,test
2024-12-27,2024-12-30,0.0600146339677672,1.6986271060109954,Calibrated-LSTM-LogTarget-Small-scale_mean,test
2024-12-30,2024-12-31,0.1703989127600233,1.444398307577306,Calibrated-LSTM-LogTarget-Small-scale_mean,test
2024-12-31,2025-01-02,0.0533739456959429,1.3991723520458634,Calibrated-LSTM-LogTarget-Small-scale_mean,test
2025-01-02,2025-01-03,1.435132590022104,1.3630579344404194,Calibrated-LSTM-LogTarget-Small-scale_mean,test
2025-01-03,2025-01-06,0.4342211890889308,1.5557382871011607,Calibrated-LSTM-LogTarget-Small-scale_mean,test
2025-01-06,2025-01-07,0.037939050469307,1.5751437717515562,Calibrated-LSTM-LogTarget-Small-scale_mean,test
2025-01-07,2025-01-08,0.032117795831564,1.5461248287882987,Calibrated-LSTM-LogTarget-Small-scale_mean,test
2025-01-08,2025-01-09,0.1768543904547769,1.3533427219986471,Calibrated-LSTM-LogTarget-Small-scale_mean,test
2025-01-09,2025-01-10,1.525095444996381,1.3025910898361333,Calibrated-LSTM-LogTarget-Small-scale_mean,test
2025-01-10,2025-01-13,0.175796578127988,1.4944713183430893,Calibrated-LSTM-LogTarget-Small-scale_mean,test
2025-01-13,2025-01-14,0.2850878204367433,1.4163820920518413,Calibrated-LSTM-LogTarget-Small-scale_mean,test
2025-01-14,2025-01-15,0.3327205813226502,1.3570310877649552,Calibrated-LSTM-LogTarget-Small-scale_mean,test
2025-01-15,2025-01-16,0.2486834462527659,1.3958572447961972,Calibrated-LSTM-LogTarget-Small-scale_mean,test
2025-01-16,2025-01-17,0.293601545819197,1.4073435229826647,Calibrated-LSTM-LogTarget-Small-scale_mean,test
2025-01-17,2025-01-20,0.0012403693451998,1.3861931116054678,Calibrated-LSTM-LogTarget-Small-scale_mean,test
2025-01-20,2025-01-21,0.0768862836866478,1.3455425072518281,Calibrated-LSTM-LogTarget-Small-scale_mean,test
2025-01-21,2025-01-22,0.0818546593881995,1.3714230930559506,Calibrated-LSTM-LogTarget-Small-scale_mean,test
2025-01-22,2025-01-23,1.8682525367895249,1.3726425893852003,Calibrated-LSTM-LogTarget-Small-scale_mean,test
2025-01-23,2025-01-24,0.1843517308365074,1.645910773248048,Calibrated-LSTM-LogTarget-Small-scale_mean,test
2025-01-24,2025-02-04,0.0008556873339296,1.5648806997541689,Calibrated-LSTM-LogTarget-Small-scale_mean,test
2025-02-04,2025-02-05,0.1513708695410532,1.7070826894414293,Calibrated-LSTM-LogTarget-Small-scale_mean,test
2025-02-05,2025-02-06,0.0216622352028634,1.6211290337921964,Calibrated-LSTM-LogTarget-Small-scale_mean,test
2025-02-06,2025-02-07,0.0853488617566438,1.6099735684968233,Calibrated-LSTM-LogTarget-Small-scale_mean,test
2025-02-07,2025-02-10,0.8849819273953393,1.6668105631278451,Calibrated-LSTM-LogTarget-Small-scale_mean,test
2025-02-10,2025-02-11,0.168100114678953,1.9839086955726979,Calibrated-LSTM-LogTarget-Small-scale_mean,test
2025-02-11,2025-02-12,0.0147578221185138,1.6949705968364492,Calibrated-LSTM-LogTarget-Small-scale_mean,test
2025-02-12,2025-02-13,0.0735271043646943,1.4839034781982063,Calibrated-LSTM-LogTarget-Small-scale_mean,test
2025-02-13,2025-02-14,0.2025383263760581,1.5040470475740608,Calibrated-LSTM-LogTarget-Small-scale_mean,test
2025-02-14,2025-02-17,0.0695132401561259,1.7384240951852858,Calibrated-LSTM-LogTarget-Small-scale_mean,test
2025-02-17,2025-02-18,0.1805870585568251,1.941693964925935,Calibrated-LSTM-LogTarget-Small-scale_mean,test
2025-02-18,2025-02-19,0.6592497592052439,1.7612058066266014,Calibrated-LSTM-LogTarget-Small-scale_mean,test
2025-02-19,2025-02-20,0.1172593983298531,1.9905631257655805,Calibrated-LSTM-LogTarget-Small-scale_mean,test
2025-02-20,2025-02-21,0.0847684671072922,1.9286190439494533,Calibrated-LSTM-LogTarget-Small-scale_mean,test
2025-02-21,2025-02-24,0.3605624100663593,1.8385464952130917,Calibrated-LSTM-LogTarget-Small-scale_mean,test
2025-02-24,2025-02-25,0.0115290687889239,2.1111439524525895,Calibrated-LSTM-LogTarget-Small-scale_mean,test
2025-02-25,2025-02-26,0.0002355760665946,2.0899027901509526,Calibrated-LSTM-LogTarget-Small-scale_mean,test
2025-02-26,2025-02-27,0.1374731263687118,1.8577415696536124,Calibrated-LSTM-LogTarget-Small-scale_mean,test
2025-02-27,2025-02-28,0.0348744922200793,2.112935581592031,Calibrated-LSTM-LogTarget-Small-scale_mean,test
2025-02-28,2025-03-03,0.0940796554023008,1.964719283606698,Calibrated-LSTM-LogTarget-Small-scale_mean,test
2025-03-03,2025-03-04,0.0375578625820462,2.039704484582605,Calibrated-LSTM-LogTarget-Small-scale_mean,test
2025-03-04,2025-03-05,0.3028627512498273,2.269603211138482,Calibrated-LSTM-LogTarget-Small-scale_mean,test
2025-03-05,2025-03-06,1.0612188848677555,2.004098127748847,Calibrated-LSTM-LogTarget-Small-scale_mean,test
2025-03-06,2025-03-07,0.350731246280503,2.4038367431291827,Calibrated-LSTM-LogTarget-Small-scale_mean,test
2025-03-07,2025-03-10,0.1014325645495789,2.282985337020441,Calibrated-LSTM-LogTarget-Small-scale_mean,test
2025-03-10,2025-03-11,0.0288133302998629,2.2201246441195934,Calibrated-LSTM-LogTarget-Small-scale_mean,test
2025-03-11,2025-03-12,0.0196658897235791,2.165976977427458,Calibrated-LSTM-LogTarget-Small-scale_mean,test
2025-03-12,2025-03-13,0.3743917074856848,2.184781844727269,Calibrated-LSTM-LogTarget-Small-scale_mean,test
2025-03-13,2025-03-14,8.187247062994656e-05,2.4456690567624575,Calibrated-LSTM-LogTarget-Small-scale_mean,test
2025-03-14,2025-03-17,0.5767885171931181,2.3302558043864594,Calibrated-LSTM-LogTarget-Small-scale_mean,test
2025-03-17,2025-03-18,0.157344490226044,2.1935752314010593,Calibrated-LSTM-LogTarget-Small-scale_mean,test
2025-03-18,2025-03-19,0.2279894954046255,2.1255404085157887,Calibrated-LSTM-LogTarget-Small-scale_mean,test
2025-03-19,2025-03-20,0.0027940647092661,2.197326960497331,Calibrated-LSTM-LogTarget-Small-scale_mean,test
2025-03-20,2025-03-21,0.0240132299745747,2.095131456209352,Calibrated-LSTM-LogTarget-Small-scale_mean,test
2025-03-21,2025-03-24,0.4050748456224285,1.8800499098970906,Calibrated-LSTM-LogTarget-Small-scale_mean,test
2025-03-24,2025-03-25,0.0144479307849922,2.0826806423893753,Calibrated-LSTM-LogTarget-Small-scale_mean,test
2025-03-25,2025-03-26,0.1924355354900559,2.110158902199165,Calibrated-LSTM-LogTarget-Small-scale_mean,test
2025-03-26,2025-03-27,0.0296122174159068,1.9724804583691447,Calibrated-LSTM-LogTarget-Small-scale_mean,test
2025-03-27,2025-03-28,0.2311977047112736,1.6037492591055817,Calibrated-LSTM-LogTarget-Small-scale_mean,test
2025-03-28,2025-03-31,0.652593682196234,1.749789868663731,Calibrated-LSTM-LogTarget-Small-scale_mean,test
2025-03-31,2025-04-01,0.6367477385533009,1.9757840891123657,Calibrated-LSTM-LogTarget-Small-scale_mean,test
2025-04-01,2025-04-02,0.0014400780515298,1.6223363521692094,Calibrated-LSTM-LogTarget-Small-scale_mean,test
2025-04-02,2025-04-03,47.7513682523715,1.8988912851389597,Calibrated-LSTM-LogTarget-Small-scale_mean,test
2025-04-03,2025-04-04,2.4680894659320427,2.6702769024144484,Calibrated-LSTM-LogTarget-Small-scale_mean,test
2025-04-04,2025-04-08,44.20961209050503,3.0899483368916245,Calibrated-LSTM-LogTarget-Small-scale_mean,test
2025-04-08,2025-04-09,11.94996872052983,2.648081089053157,Calibrated-LSTM-LogTarget-Small-scale_mean,test
2025-04-09,2025-04-10,42.861963107094255,2.7905470132471666,Calibrated-LSTM-LogTarget-Small-scale_mean,test
2025-04-10,2025-04-11,20.5039468602513,2.789013210994696,Calibrated-LSTM-LogTarget-Small-scale_mean,test
2025-04-11,2025-04-14,2.373686902735611,2.823814054874406,Calibrated-LSTM-LogTarget-Small-scale_mean,test
2025-04-14,2025-04-15,1.222393557661562,2.4420914852336337,Calibrated-LSTM-LogTarget-Small-scale_mean,test
2025-04-15,2025-04-16,2.0585197770339483,2.5906714318853856,Calibrated-LSTM-LogTarget-Small-scale_mean,test
2025-04-16,2025-04-17,0.3278654140280428,2.535309153278012,Calibrated-LSTM-LogTarget-Small-scale_mean,test
2025-04-17,2025-04-18,0.0235644272572965,2.590816587042705,Calibrated-LSTM-LogTarget-Small-scale_mean,test
2025-04-18,2025-04-21,0.9867147275211472,2.931313371897422,Calibrated-LSTM-LogTarget-Small-scale_mean,test
2025-04-21,2025-04-22,0.6837487157170882,2.8431222543980974,Calibrated-LSTM-LogTarget-Small-scale_mean,test
2025-04-22,2025-04-23,1.3269747595182129,3.2513801494036283,Calibrated-LSTM-LogTarget-Small-scale_mean,test
2025-04-23,2025-04-24,1.029521260921247,2.7115260561030605,Calibrated-LSTM-LogTarget-Small-scale_mean,test
2025-04-24,2025-04-25,0.2299163958338018,2.440860940013666,Calibrated-LSTM-LogTarget-Small-scale_mean,test
2025-04-25,2025-04-28,0.0391566462219492,2.214897958785378,Calibrated-LSTM-LogTarget-Small-scale_mean,test
2025-04-28,2025-04-29,0.0016617646152264,1.8025261033757343,Calibrated-LSTM-LogTarget-Small-scale_mean,test
2025-04-29,2025-05-05,1.2432686189181044,1.733327350897615,Calibrated-LSTM-LogTarget-Small-scale_mean,test
2025-05-05,2025-05-06,0.0234403346988041,1.898714275577569,Calibrated-LSTM-LogTarget-Small-scale_mean,test
2025-05-06,2025-05-07,0.4565410925067849,2.008535237350385,Calibrated-LSTM-LogTarget-Small-scale_mean,test
2025-05-07,2025-05-08,2.377733233918144,2.0595319968804495,Calibrated-LSTM-LogTarget-Small-scale_mean,test
2025-05-08,2025-05-09,0.0388387388391833,2.359015959711606,Calibrated-LSTM-LogTarget-Small-scale_mean,test
2025-05-09,2025-05-12,1.5662677776101377,1.9938937147915758,Calibrated-LSTM-LogTarget-Small-scale_mean,test
2025-05-12,2025-05-13,0.6231348828577624,2.4146584545097896,Calibrated-LSTM-LogTarget-Small-scale_mean,test
2025-05-13,2025-05-14,1.5683566422405055,2.457667249360354,Calibrated-LSTM-LogTarget-Small-scale_mean,test
2025-05-14,2025-05-15,0.0700077382080358,2.6085045823253434,Calibrated-LSTM-LogTarget-Small-scale_mean,test
2025-05-15,2025-05-16,0.816128421348678,2.6429380477419144,Calibrated-LSTM-LogTarget-Small-scale_mean,test
2025-05-16,2025-05-19,0.1541807515116988,2.3173774296715446,Calibrated-LSTM-LogTarget-Small-scale_mean,test
2025-05-19,2025-05-20,2.0864038037366446,2.291503249780854,Calibrated-LSTM-LogTarget-Small-scale_mean,test
2025-05-20,2025-05-21,0.3586751908572574,2.483096893855401,Calibrated-LSTM-LogTarget-Small-scale_mean,test
2025-05-21,2025-05-22,0.4879763310352334,2.64643440454861,Calibrated-LSTM-LogTarget-Small-scale_mean,test
2025-05-22,2025-05-23,0.0022258378145528,2.733020870559815,Calibrated-LSTM-LogTarget-Small-scale_mean,test
2025-05-23,2025-05-26,1.8600723156803831,1.9024147597933718,Calibrated-LSTM-LogTarget-Small-scale_mean,test
2025-05-26,2025-05-27,0.2984907987188625,2.588850888917118,Calibrated-LSTM-LogTarget-Small-scale_mean,test
2025-05-27,2025-05-28,0.0236037331895616,2.6740425965558887,Calibrated-LSTM-LogTarget-Small-scale_mean,test
2025-05-28,2025-05-29,5.553699144539498e-07,2.395170075556471,Calibrated-LSTM-LogTarget-Small-scale_mean,test
2025-05-29,2025-05-30,0.4795271728756022,2.3405873583097865,Calibrated-LSTM-LogTarget-Small-scale_mean,test
2025-05-30,2025-06-02,0.0768775248909457,2.409831152879964,Calibrated-LSTM-LogTarget-Small-scale_mean,test
2025-06-02,2025-06-03,0.6659991384313828,2.2927205385766936,Calibrated-LSTM-LogTarget-Small-scale_mean,test
2025-06-03,2025-06-04,0.0125760569530384,2.5965434159331413,Calibrated-LSTM-LogTarget-Small-scale_mean,test
2025-06-04,2025-06-05,0.0737636944522696,2.4041031151072008,Calibrated-LSTM-LogTarget-Small-scale_mean,test
2025-06-05,2025-06-06,0.8339101934074882,2.0763087519035914,Calibrated-LSTM-LogTarget-Small-scale_mean,test
2025-06-06,2025-06-09,2.1415615006193414,2.373417113335715,Calibrated-LSTM-LogTarget-Small-scale_mean,test
2025-06-09,2025-06-10,0.1857120921961249,2.0734286831000555,Calibrated-LSTM-LogTarget-Small-scale_mean,test
2025-06-10,2025-06-11,0.0061284527471124,2.0406058039763293,Calibrated-LSTM-LogTarget-Small-scale_mean,test
2025-06-11,2025-06-12,0.348758893746006,1.683037934681415,Calibrated-LSTM-LogTarget-Small-scale_mean,test
2025-06-12,2025-06-13,0.3232043851233978,2.261743889261449,Calibrated-LSTM-LogTarget-Small-scale_mean,test
2025-06-13,2025-06-16,2.90666722935662,2.7343463894307773,Calibrated-LSTM-LogTarget-Small-scale_mean,test
2025-06-16,2025-06-17,0.5089174637565245,2.4095253688246423,Calibrated-LSTM-LogTarget-Small-scale_mean,test
2025-06-17,2025-06-18,0.0040746855610125,2.293734482837036,Calibrated-LSTM-LogTarget-Small-scale_mean,test
2025-06-18,2025-06-19,0.1490639362511987,2.2260909256467385,Calibrated-LSTM-LogTarget-Small-scale_mean,test
2025-06-19,2025-06-20,0.0396634294929435,2.0145555236981476,Calibrated-LSTM-LogTarget-Small-scale_mean,test
2025-06-20,2025-06-23,0.4254396112184308,2.265571156896459,Calibrated-LSTM-LogTarget-Small-scale_mean,test
2025-06-23,2025-06-24,0.3974954121903902,2.1610856587279397,Calibrated-LSTM-LogTarget-Small-scale_mean,test
2025-06-24,2025-06-25,2.141289912653593e-06,2.4427920204081923,Calibrated-LSTM-LogTarget-Small-scale_mean,test
2025-06-25,2025-06-26,0.0062490303873797,2.12102812524893,Calibrated-LSTM-LogTarget-Small-scale_mean,test
2025-06-26,2025-06-27,0.1777576915183636,1.8300371762365553,Calibrated-LSTM-LogTarget-Small-scale_mean,test
2025-06-27,2025-06-30,0.1135910808511721,2.0099917759363444,Calibrated-LSTM-LogTarget-Small-scale_mean,test
2025-06-30,2025-07-01,0.0165236945249244,1.848026803104867,Calibrated-LSTM-LogTarget-Small-scale_mean,test
2025-07-01,2025-07-02,0.2388288030529801,1.9946249853298024,Calibrated-LSTM-LogTarget-Small-scale_mean,test
2025-07-02,2025-07-03,0.0361488680610222,2.2190630841244725,Calibrated-LSTM-LogTarget-Small-scale_mean,test
2025-07-03,2025-07-04,0.1309520910154639,2.8147931463893676,Calibrated-LSTM-LogTarget-Small-scale_mean,test
2025-07-04,2025-07-07,1.1709559965363006,2.2251262467723225,Calibrated-LSTM-LogTarget-Small-scale_mean,test
2025-07-07,2025-07-08,0.904778187332118,2.787471113726979,Calibrated-LSTM-LogTarget-Small-scale_mean,test
2025-07-08,2025-07-09,1.241559484315582,2.802036697143217,Calibrated-LSTM-LogTarget-Small-scale_mean,test
2025-07-09,2025-07-10,0.9910271514632224,3.1071166053922568,Calibrated-LSTM-LogTarget-Small-scale_mean,test
2025-07-10,2025-07-11,0.6970381226212395,2.7463837634874437,Calibrated-LSTM-LogTarget-Small-scale_mean,test
2025-07-11,2025-07-14,0.7477170344432008,2.91742121957542,Calibrated-LSTM-LogTarget-Small-scale_mean,test
2025-07-14,2025-07-15,0.4444265080916222,2.912351465220457,Calibrated-LSTM-LogTarget-Small-scale_mean,test
2025-07-15,2025-07-16,0.1995824056263008,2.965556005114462,Calibrated-LSTM-LogTarget-Small-scale_mean,test
2025-07-16,2025-07-17,2.3820294026445814,2.825016734969214,Calibrated-LSTM-LogTarget-Small-scale_mean,test
2025-07-17,2025-07-18,0.2369058350764768,3.175031014312569,Calibrated-LSTM-LogTarget-Small-scale_mean,test
2025-07-18,2025-07-21,0.6726766922283197,3.1027329018073577,Calibrated-LSTM-LogTarget-Small-scale_mean,test
2025-07-21,2025-07-22,2.6753597330452594,3.0452859476945124,Calibrated-LSTM-LogTarget-Small-scale_mean,test
2025-07-22,2025-07-23,0.033610422134737,3.0678762339264645,Calibrated-LSTM-LogTarget-Small-scale_mean,test
2025-07-23,2025-07-24,0.3298066193429415,3.1116639622339393,Calibrated-LSTM-LogTarget-Small-scale_mean,test
2025-07-24,2025-07-25,0.4388880259346913,3.0989205442584473,Calibrated-LSTM-LogTarget-Small-scale_mean,test
2025-07-25,2025-07-28,2.898363616722053,3.1184175529632223,Calibrated-LSTM-LogTarget-Small-scale_mean,test
2025-07-28,2025-07-29,17.613558540836202,3.409304852070601,Calibrated-LSTM-LogTarget-Small-scale_mean,test
2025-07-29,2025-07-30,0.8980946651524866,3.736872473907514,Calibrated-LSTM-LogTarget-Small-scale_mean,test
2025-07-30,2025-07-31,0.1152726694915896,3.3243183819577546,Calibrated-LSTM-LogTarget-Small-scale_mean,test
2025-07-31,2025-08-01,0.1152726694915833,3.27635958468017,Calibrated-LSTM-LogTarget-Small-scale_mean,test
2025-08-01,2025-08-04,1.834710119502004,3.1124853301375373,Calibrated-LSTM-LogTarget-Small-scale_mean,test
2025-08-04,2025-08-05,1.520412348936557,3.0928779275173226,Calibrated-LSTM-LogTarget-Small-scale_mean,test
2025-08-05,2025-08-06,2.8972670658789563,3.4385231817357984,Calibrated-LSTM-LogTarget-Small-scale_mean,test
2025-08-06,2025-08-07,0.2635664108766646,3.266167856822033,Calibrated-LSTM-LogTarget-Small-scale_mean,test
2025-08-07,2025-08-08,0.039326859883716,3.3111315168965456,Calibrated-LSTM-LogTarget-Small-scale_mean,test
2025-08-08,2025-08-11,0.9422556417684452,3.354835183050189,Calibrated-LSTM-LogTarget-Small-scale_mean,test
2025-08-11,2025-08-12,0.2369869845385009,3.2880040568736577,Calibrated-LSTM-LogTarget-Small-scale_mean,test
2025-08-12,2025-08-13,0.0440788772156527,3.1314251757849263,Calibrated-LSTM-LogTarget-Small-scale_mean,test
2025-08-13,2025-08-14,3.200310161092739,3.1889719128573835,Calibrated-LSTM-LogTarget-Small-scale_mean,test
2025-08-14,2025-08-15,0.4273067256056122,3.2207451326862357,Calibrated-LSTM-LogTarget-Small-scale_mean,test
2025-08-15,2025-08-18,0.1521280158050796,3.248395490388296,Calibrated-LSTM-LogTarget-Small-scale_mean,test
2025-08-18,2025-08-19,1.174434797614126,3.1147169908084393,Calibrated-LSTM-LogTarget-Small-scale_mean,test
2025-08-19,2025-08-20,0.3749305014941085,3.269402293070422,Calibrated-LSTM-LogTarget-Small-scale_mean,test
2025-08-20,2025-08-21,1.989152286945736,3.3018180540059765,Calibrated-LSTM-LogTarget-Small-scale_mean,test
2025-08-21,2025-08-22,6.511855987425645,3.1021672301893966,Calibrated-LSTM-LogTarget-Small-scale_mean,test
2025-08-22,2025-08-25,3.721774310323592,3.54074627329209,Calibrated-LSTM-LogTarget-Small-scale_mean,test
2025-08-25,2025-08-26,10.672831463331164,3.3013746850493964,Calibrated-LSTM-LogTarget-Small-scale_mean,test
2025-08-26,2025-08-27,0.1033600134238672,3.4428928672292285,Calibrated-LSTM-LogTarget-Small-scale_mean,test
2025-08-27,2025-08-28,0.2196933006813634,3.2107296573185837,Calibrated-LSTM-LogTarget-Small-scale_mean,test
2025-08-28,2025-08-29,0.0064454873601164,2.9001898916933433,Calibrated-LSTM-LogTarget-Small-scale_mean,test
2025-08-29,2025-09-03,0.0029279074904991,3.146256855988128,Calibrated-LSTM-LogTarget-Small-scale_mean,test
2025-09-03,2025-09-04,0.7878709714332047,3.051427277746181,Calibrated-LSTM-LogTarget-Small-scale_mean,test
2025-09-04,2025-09-05,3.0401082196490887,3.1024545836599886,Calibrated-LSTM-LogTarget-Small-scale_mean,test
2025-09-05,2025-09-08,6.650758234823594,3.3126922034361552,Calibrated-LSTM-LogTarget-Small-scale_mean,test
2025-09-08,2025-09-09,0.6150034620566089,3.51998022787227,Calibrated-LSTM-LogTarget-Small-scale_mean,test
2025-09-09,2025-09-10,0.1311392104891743,2.968939016064999,Calibrated-LSTM-LogTarget-Small-scale_mean,test
2025-09-10,2025-09-11,0.7707413531131861,2.6463309292717296,Calibrated-LSTM-LogTarget-Small-scale_mean,test
2025-09-11,2025-09-12,0.3272182232185671,3.067190586767917,Calibrated-LSTM-LogTarget-Small-scale_mean,test
2025-09-12,2025-09-15,1.1076835127457196,2.840267892719616,Calibrated-LSTM-LogTarget-Small-scale_mean,test
2025-09-15,2025-09-16,0.0564941879844652,2.858232126180895,Calibrated-LSTM-LogTarget-Small-scale_mean,test
2025-09-16,2025-09-17,0.3510643230345384,2.904359965495884,Calibrated-LSTM-LogTarget-Small-scale_mean,test
2025-09-17,2025-09-18,0.1204832995414096,2.6989996646716508,Calibrated-LSTM-LogTarget-Small-scale_mean,test
2025-09-18,2025-09-19,0.1558113286329437,2.561570714917581,Calibrated-LSTM-LogTarget-Small-scale_mean,test
2025-09-19,2025-09-22,2.1548992233102013,2.4555095442189088,Calibrated-LSTM-LogTarget-Small-scale_mean,test
2025-09-22,2025-09-23,0.0024547743448737,2.612030739388976,Calibrated-LSTM-LogTarget-Small-scale_mean,test
2025-09-23,2025-09-24,1.8183165781347828,2.0623268742173257,Calibrated-LSTM-LogTarget-Small-scale_mean,test
2025-09-24,2025-09-25,0.2696988542084727,2.6876489191126045,Calibrated-LSTM-LogTarget-Small-scale_mean,test
2025-09-25,2025-09-26,0.1049995667244043,2.5826916351636653,Calibrated-LSTM-LogTarget-Small-scale_mean,test
2025-09-26,2025-09-29,0.1207157531709924,2.498205495496533,Calibrated-LSTM-LogTarget-Small-scale_mean,test
2025-09-29,2025-09-30,0.0825092745825899,2.3462004221456927,Calibrated-LSTM-LogTarget-Small-scale_mean,test
2025-09-30,2025-10-01,0.0405610853854958,2.6949344140276685,Calibrated-LSTM-LogTarget-Small-scale_mean,test
2025-10-01,2025-10-02,0.5533556929381476,2.0992845658966544,Calibrated-LSTM-LogTarget-Small-scale_mean,test
2025-10-02,2025-10-03,0.1745254722126338,2.1803246918681336,Calibrated-LSTM-LogTarget-Small-scale_mean,test
2025-10-03,2025-10-06,8.84404690494525,2.3248202838800065,Calibrated-LSTM-LogTarget-Small-scale_mean,test
2025-10-06,2025-10-07,0.3641027934298682,3.0210840045686993,Calibrated-LSTM-LogTarget-Small-scale_mean,test
2025-10-07,2025-10-08,0.5486921315455813,2.4583910085420073,Calibrated-LSTM-LogTarget-Small-scale_mean,test
2025-10-08,2025-10-09,1.1922218605244943,2.8053803147259626,Calibrated-LSTM-LogTarget-Small-scale_mean,test
2025-10-09,2025-10-10,3.220212549761636,2.891517120853108,Calibrated-LSTM-LogTarget-Small-scale_mean,test
2025-10-10,2025-10-13,1.0007740943267542,2.884767939880379,Calibrated-LSTM-LogTarget-Small-scale_mean,test
2025-10-13,2025-10-14,0.0530277849803774,2.966973966547513,Calibrated-LSTM-LogTarget-Small-scale_mean,test
2025-10-14,2025-10-15,0.0312420838438003,2.9149170349152147,Calibrated-LSTM-LogTarget-Small-scale_mean,test
2025-10-15,2025-10-16,0.2550192069697773,2.765134339751136,Calibrated-LSTM-LogTarget-Small-scale_mean,test
2025-10-16,2025-10-17,4.157221997254808,2.7749918098472746,Calibrated-LSTM-LogTarget-Small-scale_mean,test
2025-10-17,2025-10-20,31.687885302040943,2.753347745857062,Calibrated-LSTM-LogTarget-Small-scale_mean,test
2025-10-20,2025-10-21,2.6780326889178614,3.0646963075819045,Calibrated-LSTM-LogTarget-Small-scale_mean,test
2025-10-21,2025-10-22,0.8133878588699036,3.4042022000605456,Calibrated-LSTM-LogTarget-Small-scale_mean,test
2025-10-22,2025-10-23,0.2587585559528909,2.7294948798664307,Calibrated-LSTM-LogTarget-Small-scale_mean,test
2025-10-23,2025-10-24,0.053015415411533,2.4040098314059484,Calibrated-LSTM-LogTarget-Small-scale_mean,test
2025-10-24,2025-10-27,3.375069844215606,2.638525814981938,Calibrated-LSTM-LogTarget-Small-scale_mean,test
2025-10-27,2025-10-28,2.814969211801454,2.8370220287925907,Calibrated-LSTM-LogTarget-Small-scale_mean,test
2025-10-28,2025-10-29,0.1002770987516237,3.0206783326499775,Calibrated-LSTM-LogTarget-Small-scale_mean,test
2025-10-29,2025-10-30,0.939332335111435,2.788604627564215,Calibrated-LSTM-LogTarget-Small-scale_mean,test
2025-10-30,2025-10-31,3.2700587697209347,2.7196445373494353,Calibrated-LSTM-LogTarget-Small-scale_mean,test
2025-10-31,2025-11-03,1.9349432702427485,2.7288915272132903,Calibrated-LSTM-LogTarget-Small-scale_mean,test
2025-11-03,2025-11-04,4.580450857721864,2.8096652578377705,Calibrated-LSTM-LogTarget-Small-scale_mean,test
2025-11-04,2025-11-05,0.0309750452194787,3.253952857717902,Calibrated-LSTM-LogTarget-Small-scale_mean,test
2025-11-05,2025-11-06,0.5520248822173379,2.2518470619874584,Calibrated-LSTM-LogTarget-Small-scale_mean,test
2025-11-06,2025-11-07,7.216601336017348,2.1229961816730634,Calibrated-LSTM-LogTarget-Small-scale_mean,test
2025-11-07,2025-11-10,1.3629185312754708,2.669444620586447,Calibrated-LSTM-LogTarget-Small-scale_mean,test
2025-11-10,2025-11-11,0.6782053056730832,2.3307461520488264,Calibrated-LSTM-LogTarget-Small-scale_mean,test
2025-11-11,2025-11-12,5.625713037940661,2.283232465380456,Calibrated-LSTM-LogTarget-Small-scale_mean,test
2025-11-12,2025-11-13,0.000662589539105,2.639264293433691,Calibrated-LSTM-LogTarget-Small-scale_mean,test
2025-11-13,2025-11-14,0.0605676682080504,2.282089040803885,Calibrated-LSTM-LogTarget-Small-scale_mean,test
2025-11-14,2025-11-17,1.328575255573558,2.354038481546122,Calibrated-LSTM-LogTarget-Small-scale_mean,test
2025-11-17,2025-11-18,0.1101519148224003,2.4776783159294027,Calibrated-LSTM-LogTarget-Small-scale_mean,test
2025-11-18,2025-11-19,0.4356481626659925,2.4074584308321563,Calibrated-LSTM-LogTarget-Small-scale_mean,test
2025-11-19,2025-11-20,0.1789267767214806,2.4439378836783154,Calibrated-LSTM-LogTarget-Small-scale_mean,test
2025-11-20,2025-11-21,0.0040999105070223,2.140498881859217,Calibrated-LSTM-LogTarget-Small-scale_mean,test
2025-11-21,2025-11-24,0.6169476621587812,2.144421331698695,Calibrated-LSTM-LogTarget-Small-scale_mean,test
2025-11-24,2025-11-25,0.2096602420348715,1.8686442477200123,Calibrated-LSTM-LogTarget-Small-scale_mean,test
2025-11-25,2025-11-26,1.433673327817772,2.2917029446419512,Calibrated-LSTM-LogTarget-Small-scale_mean,test
2025-11-26,2025-11-27,0.0554068207335508,2.1303533071189364,Calibrated-LSTM-LogTarget-Small-scale_mean,test
2025-11-27,2025-11-28,0.1562015926240177,1.8976297168004534,Calibrated-LSTM-LogTarget-Small-scale_mean,test
2025-11-28,2025-12-01,0.39639182484541,1.9736508521613307,Calibrated-LSTM-LogTarget-Small-scale_mean,test
2025-12-01,2025-12-02,0.8106128656312585,1.7379589119219174,Calibrated-LSTM-LogTarget-Small-scale_mean,test
2025-12-02,2025-12-03,0.7276910420234725,2.036995629454518,Calibrated-LSTM-LogTarget-Small-scale_mean,test
2025-12-03,2025-12-04,0.0994544592328996,2.121838652350881,Calibrated-LSTM-LogTarget-Small-scale_mean,test
2025-12-04,2025-12-05,0.0550277452970135,2.186407112963235,Calibrated-LSTM-LogTarget-Small-scale_mean,test
2025-12-05,2025-12-08,0.5051234930048776,1.8986556532862222,Calibrated-LSTM-LogTarget-Small-scale_mean,test
2025-12-08,2025-12-09,0.1408736793364905,1.8562725418244332,Calibrated-LSTM-LogTarget-Small-scale_mean,test
2025-12-09,2025-12-10,2.645907078453935,2.3853842831233414,Calibrated-LSTM-LogTarget-Small-scale_mean,test
2025-12-10,2025-12-11,1.3806505812729413,1.7081583228231725,Calibrated-LSTM-LogTarget-Small-scale_mean,test
2025-12-11,2025-12-12,9.667324836347865,1.7320894671588936,Calibrated-LSTM-LogTarget-Small-scale_mean,test
2025-12-12,2025-12-15,0.0028567239256699,2.471892731712436,Calibrated-LSTM-LogTarget-Small-scale_mean,test
2025-12-15,2025-12-16,3.980584197891362,1.987518369345176,Calibrated-LSTM-LogTarget-Small-scale_mean,test
2025-12-16,2025-12-17,0.1084209662548159,2.5725096651656014,Calibrated-LSTM-LogTarget-Small-scale_mean,test
2025-12-17,2025-12-18,0.0392718088641224,1.8066739284751565,Calibrated-LSTM-LogTarget-Small-scale_mean,test
2025-12-18,2025-12-19,2.613324440401082,1.7915106647896177,Calibrated-LSTM-LogTarget-Small-scale_mean,test
2025-12-19,2025-12-22,7.313697947150696,2.4635967698445844,Calibrated-LSTM-LogTarget-Small-scale_mean,test
2025-12-22,2025-12-23,1.4374361396783522,2.832733523128578,Calibrated-LSTM-LogTarget-Small-scale_mean,test
2025-12-23,2025-12-24,0.36034587773515,2.7087485930144064,Calibrated-LSTM-LogTarget-Small-scale_mean,test
2025-12-24,2025-12-25,5.141409326470893,2.5006122087385037,Calibrated-LSTM-LogTarget-Small-scale_mean,test
2025-12-25,2025-12-26,0.5648889447832609,2.420870167959738,Calibrated-LSTM-LogTarget-Small-scale_mean,test
2025-12-26,2025-12-29,2.0655121585777008,2.7421322391968475,Calibrated-LSTM-LogTarget-Small-scale_mean,test
2025-12-29,2025-12-30,0.4690762256667201,2.0774951840582254,Calibrated-LSTM-LogTarget-Small-scale_mean,test
2025-12-30,2025-12-31,0.9813005407165244,2.1040086670956457,Calibrated-LSTM-LogTarget-Small-scale_mean,test
2020-02-05,2020-02-06,1.8356018915555292,2.0391506601428695,Calibrated-LSTM-LogTarget-Small-scale_mean,validation
2020-02-06,2020-02-07,0.0553168362540114,2.0779058395021877,Calibrated-LSTM-LogTarget-Small-scale_mean,validation
2020-02-07,2020-02-10,1.14665654297727,2.016911848239196,Calibrated-LSTM-LogTarget-Small-scale_mean,validation
2020-02-10,2020-02-11,0.1784472180385378,2.1455241687297497,Calibrated-LSTM-LogTarget-Small-scale_mean,validation
2020-02-11,2020-02-12,0.1033759850072604,2.0983403188579,Calibrated-LSTM-LogTarget-Small-scale_mean,validation
2020-02-12,2020-02-13,0.0035645724311596,2.050482599261399,Calibrated-LSTM-LogTarget-Small-scale_mean,validation
2020-02-13,2020-02-14,0.007095648592579,1.806625470352353,Calibrated-LSTM-LogTarget-Small-scale_mean,validation
2020-02-14,2020-02-17,0.0819627293788475,1.5487158500757754,Calibrated-LSTM-LogTarget-Small-scale_mean,validation
2020-02-17,2020-02-18,0.5393743252289994,1.3586738923738217,Calibrated-LSTM-LogTarget-Small-scale_mean,validation
2020-02-18,2020-02-19,0.0079935084291448,1.263455269230275,Calibrated-LSTM-LogTarget-Small-scale_mean,validation
2020-02-19,2020-02-20,1.007648372641439,1.137899349982614,Calibrated-LSTM-LogTarget-Small-scale_mean,validation
2020-02-20,2020-02-21,0.2901840002942764,1.110488207042693,Calibrated-LSTM-LogTarget-Small-scale_mean,validation
2020-02-21,2020-02-24,10.499319840007198,1.0634241027834237,Calibrated-LSTM-LogTarget-Small-scale_mean,validation
2020-02-24,2020-02-25,0.487607684946675,2.0679982706805426,Calibrated-LSTM-LogTarget-Small-scale_mean,validation
2020-02-25,2020-02-26,2.3027959637577347,1.8328736736564608,Calibrated-LSTM-LogTarget-Small-scale_mean,validation
2020-02-26,2020-02-27,0.0757898564940438,2.251015585018049,Calibrated-LSTM-LogTarget-Small-scale_mean,validation
2020-02-27,2020-02-28,3.3315279697661397,2.049047769901774,Calibrated-LSTM-LogTarget-Small-scale_mean,validation
2020-02-28,2020-03-02,0.0643087707016609,2.4738530813185755,Calibrated-LSTM-LogTarget-Small-scale_mean,validation
2020-03-02,2020-03-03,0.4848687144344406,2.173784922167736,Calibrated-LSTM-LogTarget-Small-scale_mean,validation
2020-03-03,2020-03-04,0.0194121329487549,2.124915654987558,Calibrated-LSTM-LogTarget-Small-scale_mean,validation
2020-03-04,2020-03-05,0.1953921289983395,2.1266690277539193,Calibrated-LSTM-LogTarget-Small-scale_mean,validation
2020-03-05,2020-03-06,0.0439125584620563,2.0620608832636034,Calibrated-LSTM-LogTarget-Small-scale_mean,validation
2020-03-06,2020-03-09,42.01600464009923,1.9470442978779559,Calibrated-LSTM-LogTarget-Small-scale_mean,validation
2020-03-09,2020-03-10,0.0577385447930077,3.174316310358616,Calibrated-LSTM-LogTarget-Small-scale_mean,validation
2020-03-10,2020-03-11,10.062685801317658,2.574623776077869,Calibrated-LSTM-LogTarget-Small-scale_mean,validation
2020-03-11,2020-03-12,28.39132734538161,3.5572666699350766,Calibrated-LSTM-LogTarget-Small-scale_mean,validation
2020-03-12,2020-03-13,0.9522274265858316,4.929012143347709,Calibrated-LSTM-LogTarget-Small-scale_mean,validation
2020-03-13,2020-03-16,3.4010756349170417,3.494635936378562,Calibrated-LSTM-LogTarget-Small-scale_mean,validation
2020-03-16,2020-03-17,0.0775702786503674,3.6208377135114684,Calibrated-LSTM-LogTarget-Small-scale_mean,validation
2020-03-17,2020-03-18,0.0633870572758951,3.1162556799315713,Calibrated-LSTM-LogTarget-Small-scale_mean,validation
2020-03-18,2020-03-19,8.691271441121467,3.09799971672585,Calibrated-LSTM-LogTarget-Small-scale_mean,validation
2020-03-19,2020-03-20,5.099806319623413,4.124023512244543,Calibrated-LSTM-LogTarget-Small-scale_mean,validation
2020-03-20,2020-03-23,39.324753398937766,3.981713904902461,Calibrated-LSTM-LogTarget-Small-scale_mean,validation
2020-03-23,2020-03-24,1.2394404253652411,5.700661786623349,Calibrated-LSTM-LogTarget-Small-scale_mean,validation
2020-03-24,2020-03-25,21.170767602446844,3.7971350644826383,Calibrated-LSTM-LogTarget-Small-scale_mean,validation
2020-03-25,2020-03-26,0.3272592319629427,4.179415024946733,Calibrated-LSTM-LogTarget-Small-scale_mean,validation
2020-03-26,2020-03-27,0.0708281107928228,3.045503952839697,Calibrated-LSTM-LogTarget-Small-scale_mean,validation
2020-03-27,2020-03-30,24.77812989942355,3.1479041889588806,Calibrated-LSTM-LogTarget-Small-scale_mean,validation
2020-03-30,2020-03-31,0.0016614736162584,4.522978834957524,Calibrated-LSTM-LogTarget-Small-scale_mean,validation
2020-03-31,2020-04-01,6.951204185299923,3.4101358806970694,Calibrated-LSTM-LogTarget-Small-scale_mean,validation
2020-04-01,2020-04-03,9.745314866975544,3.805867502330678,Calibrated-LSTM-LogTarget-Small-scale_mean,validation
2020-04-03,2020-04-06,23.61975403181723,3.9330246660961703,Calibrated-LSTM-LogTarget-Small-scale_mean,validation
2020-04-06,2020-04-07,1.7959977540981795,4.48795835251086,Calibrated-LSTM-LogTarget-Small-scale_mean,validation
2020-04-07,2020-04-08,0.031670113685362,3.2792264687173156,Calibrated-LSTM-LogTarget-Small-scale_mean,validation
2020-04-08,2020-04-09,2.664349091269905,2.999935787059187,Calibrated-LSTM-LogTarget-Small-scale_mean,validation
2020-04-09,2020-04-10,0.0991193599969613,3.2934599669865143,Calibrated-LSTM-LogTarget-Small-scale_mean,validation
2020-04-10,2020-04-13,1.0616734405284087,3.0775688128323475,Calibrated-LSTM-LogTarget-Small-scale_mean,validation
2020-04-13,2020-04-14,0.044657326796299,3.0442086759808396,Calibrated-LSTM-LogTarget-Small-scale_mean,validation
2020-04-14,2020-04-15,1.6134694756828007,2.6478691211885574,Calibrated-LSTM-LogTarget-Small-scale_mean,validation
2020-04-15,2020-04-16,0.1995857905304535,2.7417228429873366,Calibrated-LSTM-LogTarget-Small-scale_mean,validation
2020-04-16,2020-04-17,1.2849435357813008,2.443369545224649,Calibrated-LSTM-LogTarget-Small-scale_mean,validation
2020-04-17,2020-04-20,0.4593979249949131,2.4167059336413166,Calibrated-LSTM-LogTarget-Small-scale_mean,validation
2020-04-20,2020-04-21,12.978873344019766,1.9138887377992864,Calibrated-LSTM-LogTarget-Small-scale_mean,validation
2020-04-21,2020-04-22,0.0733737116381983,3.2084303520471535,Calibrated-LSTM-LogTarget-Small-scale_mean,validation
2020-04-22,2020-04-23,0.4184349588364568,2.475433251235857,Calibrated-LSTM-LogTarget-Small-scale_mean,validation
2020-04-23,2020-04-24,0.1258182196300893,2.446446443198399,Calibrated-LSTM-LogTarget-Small-scale_mean,validation
2020-04-24,2020-04-27,0.5795257679139346,2.4205801521613255,Calibrated-LSTM-LogTarget-Small-scale_mean,validation
2020-04-27,2020-04-28,0.2143187476000118,2.4753681837214194,Calibrated-LSTM-LogTarget-Small-scale_mean,validation
2020-04-28,2020-04-29,0.0611792667418572,2.312066760354344,Calibrated-LSTM-LogTarget-Small-scale_mean,validation
2020-04-29,2020-05-04,0.7518344451734201,2.187085664275799,Calibrated-LSTM-LogTarget-Small-scale_mean,validation
2020-05-04,2020-05-05,0.0490191944837796,2.2686415819594266,Calibrated-LSTM-LogTarget-Small-scale_mean,validation
2020-05-05,2020-05-06,5.6795185291388,1.9756116873384733,Calibrated-LSTM-LogTarget-Small-scale_mean,validation
2020-05-06,2020-05-07,3.121729248484887,2.175362851551795,Calibrated-LSTM-LogTarget-Small-scale_mean,validation
2020-05-07,2020-05-08,4.558766386917776,1.9441013340918918,Calibrated-LSTM-LogTarget-Small-scale_mean,validation
2020-05-08,2020-05-11,3.1623544686065705,2.1688255544758386,Calibrated-LSTM-LogTarget-Small-scale_mean,validation
2020-05-11,2020-05-12,0.7061476617266061,2.0589580619682564,Calibrated-LSTM-LogTarget-Small-scale_mean,validation
2020-05-12,2020-05-13,0.0176814396147646,1.8417039626927543,Calibrated-LSTM-LogTarget-Small-scale_mean,validation
2020-05-13,2020-05-14,0.0471790852184788,1.8011056760198645,Calibrated-LSTM-LogTarget-Small-scale_mean,validation
2020-05-14,2020-05-15,0.4188839500568042,1.7367185486109349,Calibrated-LSTM-LogTarget-Small-scale_mean,validation
2020-05-15,2020-05-18,1.4388117144550177,1.8102755236203043,Calibrated-LSTM-LogTarget-Small-scale_mean,validation
2020-05-18,2020-05-19,1.1212214832868546,1.7861662932081759,Calibrated-LSTM-LogTarget-Small-scale_mean,validation
2020-05-19,2020-05-20,0.6772038230630518,1.7990072645969137,Calibrated-LSTM-LogTarget-Small-scale_mean,validation
2020-05-20,2020-05-21,1.3105093570623978,1.6144550737491916,Calibrated-LSTM-LogTarget-Small-scale_mean,validation
2020-05-21,2020-05-22,1.3565460202551032,1.6281317805655802,Calibrated-LSTM-LogTarget-Small-scale_mean,validation
2020-05-22,2020-05-25,0.541812619677385,1.6432895635735891,Calibrated-LSTM-LogTarget-Small-scale_mean,validation
2020-05-25,2020-05-26,1.3635757531139376,1.5669703156048223,Calibrated-LSTM-LogTarget-Small-scale_mean,validation
2020-05-26,2020-05-27,1.8211114283606344,1.6085516574739829,Calibrated-LSTM-LogTarget-Small-scale_mean,validation
2020-05-27,2020-05-28,0.2069802660068541,1.7705078588793348,Calibrated-LSTM-LogTarget-Small-scale_mean,validation
2020-05-28,2020-05-29,0.1273946587706487,1.628742691472518,Calibrated-LSTM-LogTarget-Small-scale_mean,validation
2020-05-29,2020-06-01,2.6545527294324818,1.6353946118056868,Calibrated-LSTM-LogTarget-Small-scale_mean,validation
2020-06-01,2020-06-02,0.1948438272852952,1.8773413625605138,Calibrated-LSTM-LogTarget-Small-scale_mean,validation
2020-06-02,2020-06-03,0.526391032778092,1.8098547592773293,Calibrated-LSTM-LogTarget-Small-scale_mean,validation
2020-06-03,2020-06-04,0.0956890209261397,1.6889920164082823,Calibrated-LSTM-LogTarget-Small-scale_mean,validation
2020-06-04,2020-06-05,0.068711754863941,1.707341154161331,Calibrated-LSTM-LogTarget-Small-scale_mean,validation
2020-06-05,2020-06-08,2.3533534927844846,1.7193711061947021,Calibrated-LSTM-LogTarget-Small-scale_mean,validation
2020-06-08,2020-06-09,0.0029663396470081,1.982271842750011,Calibrated-LSTM-LogTarget-Small-scale_mean,validation
2020-06-09,2020-06-10,0.0192877721914381,1.7328554751218352,Calibrated-LSTM-LogTarget-Small-scale_mean,validation
2020-06-10,2020-06-11,14.20113167350128,1.7625540049177113,Calibrated-LSTM-LogTarget-Small-scale_mean,validation
2020-06-11,2020-06-12,0.1978991573902568,2.58038125374648,Calibrated-LSTM-LogTarget-Small-scale_mean,validation
2020-06-12,2020-06-15,13.410151498832947,2.088329093607587,Calibrated-LSTM-LogTarget-Small-scale_mean,validation
2020-06-15,2020-06-16,7.854033490557961,2.5122865909936154,Calibrated-LSTM-LogTarget-Small-scale_mean,validation
2020-06-16,2020-06-17,0.0390437911460607,2.523411820620695,Calibrated-LSTM-LogTarget-Small-scale_mean,validation
2020-06-17,2020-06-18,0.0094269529730988,2.2052374006842497,Calibrated-LSTM-LogTarget-Small-scale_mean,validation
2020-06-18,2020-06-19,2.3775972708277777,2.340137342697896,Calibrated-LSTM-LogTarget-Small-scale_mean,validation
2020-06-19,2020-06-22,0.0977642075595444,2.8298184114775076,Calibrated-LSTM-LogTarget-Small-scale_mean,validation
2020-06-22,2020-06-23,0.1254074833473004,2.610551488559383,Calibrated-LSTM-LogTarget-Small-scale_mean,validation
2020-06-23,2020-06-24,0.9656953175585764,2.577821708873523,Calibrated-LSTM-LogTarget-Small-scale_mean,validation
2020-06-24,2020-06-25,0.3568032861992914,2.5651999274681043,Calibrated-LSTM-LogTarget-Small-scale_mean,validation
2020-06-25,2020-06-26,0.0935607015251472,2.3721107451965207,Calibrated-LSTM-LogTarget-Small-scale_mean,validation
2020-06-26,2020-06-29,7.240799310682349,2.3428961292104473,Calibrated-LSTM-LogTarget-Small-scale_mean,validation
2020-06-29,2020-06-30,0.263950183757359,2.9646299225429273,Calibrated-LSTM-LogTarget-Small-scale_mean,validation
2020-06-30,2020-07-01,4.853797558668691,2.2780603319705244,Calibrated-LSTM-LogTarget-Small-scale_mean,validation
2020-07-01,2020-07-02,0.0173403520116891,2.4969029194687202,Calibrated-LSTM-LogTarget-Small-scale_mean,validation
2020-07-02,2020-07-03,0.3830874038106421,2.098987785361032,Calibrated-LSTM-LogTarget-Small-scale_mean,validation
2020-07-03,2020-07-06,2.515298700046254,2.1324436437246703,Calibrated-LSTM-LogTarget-Small-scale_mean,validation
2020-07-06,2020-07-07,0.0686927141453309,2.262850684112233,Calibrated-LSTM-LogTarget-Small-scale_mean,validation
2020-07-07,2020-07-08,0.0156264509294999,2.1793307437519815,Calibrated-LSTM-LogTarget-Small-scale_mean,validation
2020-07-08,2020-07-09,1.8878106377661732,2.019055499652241,Calibrated-LSTM-LogTarget-Small-scale_mean,validation
2020-07-09,2020-07-10,0.3609627180509834,2.204644675150577,Calibrated-LSTM-LogTarget-Small-scale_mean,validation
2020-07-10,2020-07-13,0.0819210906952639,2.0521043436574553,Calibrated-LSTM-LogTarget-Small-scale_mean,validation
2020-07-13,2020-07-14,0.0049340673468667,1.807133591477448,Calibrated-LSTM-LogTarget-Small-scale_mean,validation
2020-07-14,2020-07-15,0.0429038013029008,1.6705807687095315,Calibrated-LSTM-LogTarget-Small-scale_mean,validation
2020-07-15,2020-07-16,0.6277983835430785,1.5317365702701677,Calibrated-LSTM-LogTarget-Small-scale_mean,validation
2020-07-16,2020-07-17,0.3025848721746239,1.4611148705759118,Calibrated-LSTM-LogTarget-Small-scale_mean,validation
2020-07-17,2020-07-20,1.5014548821169582,1.411537427302072,Calibrated-LSTM-LogTarget-Small-scale_mean,validation
2020-07-20,2020-07-21,0.0011330265098316,1.4811937997417395,Calibrated-LSTM-LogTarget-Small-scale_mean,validation
2020-07-21,2020-07-22,0.5929839946327068,1.3624097567934792,Calibrated-LSTM-LogTarget-Small-scale_mean,validation
2020-07-22,2020-07-23,0.0380690415470228,1.40366565235251,Calibrated-LSTM-LogTarget-Small-scale_mean,validation
2020-07-23,2020-07-24,10.714506391324338,1.2992297194267475,Calibrated-LSTM-LogTarget-Small-scale_mean,validation
2020-07-24,2020-07-27,29.71654662116303,2.269912750361021,Calibrated-LSTM-LogTarget-Small-scale_mean,validation
2020-07-27,2020-07-28,12.442241141417854,3.8138904649599397,Calibrated-LSTM-LogTarget-Small-scale_mean,validation
2020-07-28,2020-07-29,7.88382185098053,2.922037871762077,Calibrated-LSTM-LogTarget-Small-scale_mean,validation
2020-07-29,2020-07-30,1.6712179001127756,3.185244771251235,Calibrated-LSTM-LogTarget-Small-scale_mean,validation
2020-07-30,2020-07-31,0.1173768950572407,2.7477535960406665,Calibrated-LSTM-LogTarget-Small-scale_mean,validation
2020-07-31,2020-08-03,4.064809725455425,2.920382534829984,Calibrated-LSTM-LogTarget-Small-scale_mean,validation
2020-08-03,2020-08-04,2.475940854259596,3.225601827131758,Calibrated-LSTM-LogTarget-Small-scale_mean,validation
2020-08-04,2020-08-05,1.5093873640970836,3.253245208543181,Calibrated-LSTM-LogTarget-Small-scale_mean,validation
2020-08-05,2020-08-06,0.0712944062273411,3.21384827721489,Calibrated-LSTM-LogTarget-Small-scale_mean,validation
2020-08-06,2020-08-07,0.0285261487999524,3.011680973711486,Calibrated-LSTM-LogTarget-Small-scale_mean,validation
2020-08-07,2020-08-10,0.0426711422269859,2.9521187723998215,Calibrated-LSTM-LogTarget-Small-scale_mean,validation
2020-08-10,2020-08-11,0.0002025643928529,2.7194443469565317,Calibrated-LSTM-LogTarget-Small-scale_mean,validation
2020-08-11,2020-08-12,0.2065144883305979,2.4138803781612435,Calibrated-LSTM-LogTarget-Small-scale_mean,validation
2020-08-12,2020-08-13,0.9127332835843408,2.0239334332042778,Calibrated-LSTM-LogTarget-Small-scale_mean,validation
2020-08-13,2020-08-14,0.255367280706292,1.820172383741742,Calibrated-LSTM-LogTarget-Small-scale_mean,validation
2020-08-14,2020-08-17,0.0048129527023226,1.7358008068934634,Calibrated-LSTM-LogTarget-Small-scale_mean,validation
2020-08-17,2020-08-18,0.1923085427612989,1.5126938125265972,Calibrated-LSTM-LogTarget-Small-scale_mean,validation
2020-08-18,2020-08-19,0.3171223716823505,1.4395463614019357,Calibrated-LSTM-LogTarget-Small-scale_mean,validation
2020-08-19,2020-08-20,0.1246527755214606,1.370716523512566,Calibrated-LSTM-LogTarget-Small-scale_mean,validation
2020-08-20,2020-08-21,0.5953479247893214,1.327985537194635,Calibrated-LSTM-LogTarget-Small-scale_mean,validation
2020-08-21,2020-08-24,2.601992310993434,1.369883915727369,Calibrated-LSTM-LogTarget-Small-scale_mean,validation
2020-08-24,2020-08-25,0.3897315001367304,1.6114267033055614,Calibrated-LSTM-LogTarget-Small-scale_mean,validation
2020-08-25,2020-08-26,0.0055335984725061,1.5228309985158208,Calibrated-LSTM-LogTarget-Small-scale_mean,validation
2020-08-26,2020-08-27,0.0201247832938772,1.427292510331774,Calibrated-LSTM-LogTarget-Small-scale_mean,validation
2020-08-27,2020-08-28,0.2371438175251532,1.3799262778871966,Calibrated-LSTM-LogTarget-Small-scale_mean,validation
2020-08-28,2020-08-31,0.0919913483576587,1.3751866360931981,Calibrated-LSTM-LogTarget-Small-scale_mean,validation
2020-08-31,2020-09-01,1.2923697898915891,1.3396820575087194,Calibrated-LSTM-LogTarget-Small-scale_mean,validation
2020-09-01,2020-09-03,1.8585263119302429,1.3116695596538817,Calibrated-LSTM-LogTarget-Small-scale_mean,validation
2020-09-03,2020-09-04,0.0724558184717704,1.2928524298792425,Calibrated-LSTM-LogTarget-Small-scale_mean,validation
2020-09-04,2020-09-07,2.20557465755946,1.2229651141406306,Calibrated-LSTM-LogTarget-Small-scale_mean,validation
2020-09-07,2020-09-08,0.045178302752493,1.5201691111037983,Calibrated-LSTM-LogTarget-Small-scale_mean,validation
2020-09-08,2020-09-09,0.0084939812398233,1.3474203497282715,Calibrated-LSTM-LogTarget-Small-scale_mean,validation
2020-09-09,2020-09-10,0.003162773705203,1.3881308302442763,Calibrated-LSTM-LogTarget-Small-scale_mean,validation
2020-09-10,2020-09-11,0.0002847617108647,1.3975145651165553,Calibrated-LSTM-LogTarget-Small-scale_mean,validation
2020-09-11,2020-09-14,0.3943421427943259,1.3760408388475263,Calibrated-LSTM-LogTarget-Small-scale_mean,validation
2020-09-14,2020-09-15,0.0356225443834294,1.3998902522426506,Calibrated-LSTM-LogTarget-Small-scale_mean,validation
2020-09-15,2020-09-16,0.0182018998394976,1.3674370500797899,Calibrated-LSTM-LogTarget-Small-scale_mean,validation
2020-09-16,2020-09-17,0.1466259433788813,1.2805551766048873,Calibrated-LSTM-LogTarget-Small-scale_mean,validation
2020-09-17,2020-09-18,0.5927837774192054,1.3316151132573826,Calibrated-LSTM-LogTarget-Small-scale_mean,validation
2020-09-18,2020-09-21,0.5973025247310948,1.2581708568676542,Calibrated-LSTM-LogTarget-Small-scale_mean,validation
2020-09-21,2020-09-22,0.0372219865301334,1.2157238758633329,Calibrated-LSTM-LogTarget-Small-scale_mean,validation
2020-09-22,2020-09-23,0.4815094749114654,1.203435266344623,Calibrated-LSTM-LogTarget-Small-scale_mean,validation
2020-09-23,2020-09-24,0.1853426709964717,1.1835356423090846,Calibrated-LSTM-LogTarget-Small-scale_mean,validation
2020-09-24,2020-09-25,0.0011645154128207,1.2149616613898695,Calibrated-LSTM-LogTarget-Small-scale_mean,validation
2020-09-25,2020-09-28,0.2158897933071618,1.1698930414178301,Calibrated-LSTM-LogTarget-Small-scale_mean,validation
2020-09-28,2020-09-29,0.8800033176965605,1.2132136063282317,Calibrated-LSTM-LogTarget-Small-scale_mean,validation
2020-09-29,2020-09-30,0.0184885133347586,1.3880616621227844,Calibrated-LSTM-LogTarget-Small-scale_mean,validation
2020-09-30,2020-10-01,0.9529808677190772,1.2371446090109761,Calibrated-LSTM-LogTarget-Small-scale_mean,validation
2020-10-01,2020-10-02,0.2100701799336074,1.2921515279362197,Calibrated-LSTM-LogTarget-Small-scale_mean,validation
2020-10-02,2020-10-05,0.2733808865752189,1.488090466396876,Calibrated-LSTM-LogTarget-Small-scale_mean,validation
2020-10-05,2020-10-06,0.0117020561613317,1.4015749167282499,Calibrated-LSTM-LogTarget-Small-scale_mean,validation
2020-10-06,2020-10-07,0.194766708657986,1.469527256317008,Calibrated-LSTM-LogTarget-Small-scale_mean,validation
2020-10-07,2020-10-08,0.0091636773062023,1.526969815420397,Calibrated-LSTM-LogTarget-Small-scale_mean,validation
2020-10-08,2020-10-09,0.3136074736535195,1.4460560289654871,Calibrated-LSTM-LogTarget-Small-scale_mean,validation
2020-10-09,2020-10-12,0.039147029875858,1.378781174999934,Calibrated-LSTM-LogTarget-Small-scale_mean,validation
2020-10-12,2020-10-13,0.1886516440368795,1.3894961991655885,Calibrated-LSTM-LogTarget-Small-scale_mean,validation
2020-10-13,2020-10-14,1.2182219245675234,1.2782823448902916,Calibrated-LSTM-LogTarget-Small-scale_mean,validation
2020-10-14,2020-10-15,0.0750977601457549,1.316314873210784,Calibrated-LSTM-LogTarget-Small-scale_mean,validation
2020-10-15,2020-10-16,0.0032789630718449,1.3006467166769209,Calibrated-LSTM-LogTarget-Small-scale_mean,validation
2020-10-16,2020-10-19,0.0017086378411738,1.2621299449749548,Calibrated-LSTM-LogTarget-Small-scale_mean,validation
2020-10-19,2020-10-20,0.0059793113747856,1.2225834985884307,Calibrated-LSTM-LogTarget-Small-scale_mean,validation
2020-10-20,2020-10-21,0.3275908040251104,1.2478022622134282,Calibrated-LSTM-LogTarget-Small-scale_mean,validation
2020-10-21,2020-10-22,1.3246371755092925,1.2962666817329547,Calibrated-LSTM-LogTarget-Small-scale_mean,validation
2020-10-22,2020-10-23,1.4132948922636843,1.252170485775783,Calibrated-LSTM-LogTarget-Small-scale_mean,validation
2020-10-23,2020-10-26,1.1970960361828058,1.330544043170876,Calibrated-LSTM-LogTarget-Small-scale_mean,validation
2020-10-26,2020-10-27,0.2083430476879338,1.433329449669484,Calibrated-LSTM-LogTarget-Small-scale_mean,validation
2020-10-27,2020-10-28,7.411979475736142,1.4140945595861647,Calibrated-LSTM-LogTarget-Small-scale_mean,validation
2020-10-28,2020-10-29,0.0458453997519621,1.8553696976220302,Calibrated-LSTM-LogTarget-Small-scale_mean,validation
2020-10-29,2020-10-30,0.4800476169952387,1.5556388845404843,Calibrated-LSTM-LogTarget-Small-scale_mean,validation
2020-10-30,2020-11-02,0.7800511650758589,1.653376292313814,Calibrated-LSTM-LogTarget-Small-scale_mean,validation
2020-11-02,2020-11-03,0.0342682571944602,1.7428814429433892,Calibrated-LSTM-LogTarget-Small-scale_mean,validation
2020-11-03,2020-11-04,0.2152577372300542,1.7627109661815121,Calibrated-LSTM-LogTarget-Small-scale_mean,validation
2020-11-04,2020-11-05,0.045844571767648,1.811353989865731,Calibrated-LSTM-LogTarget-Small-scale_mean,validation
2020-11-05,2020-11-06,0.003314082741207,1.6577264352173933,Calibrated-LSTM-LogTarget-Small-scale_mean,validation
2020-11-06,2020-11-09,2.10118385761475,1.5771271382811534,Calibrated-LSTM-LogTarget-Small-scale_mean,validation
2020-11-09,2020-11-10,8.938431274224163e-05,1.8097529274306423,Calibrated-LSTM-LogTarget-Small-scale_mean,validation
2020-11-10,2020-11-11,0.0011297213251294,1.7712247671115664,Calibrated-LSTM-LogTarget-Small-scale_mean,validation
2020-11-11,2020-11-12,0.5456632914405392,1.489567473571345,Calibrated-LSTM-LogTarget-Small-scale_mean,validation
2020-11-12,2020-11-13,0.5301286092359084,1.4577444044592702,Calibrated-LSTM-LogTarget-Small-scale_mean,validation
2020-11-13,2020-11-16,2.614940684665197,1.5308399151940344,Calibrated-LSTM-LogTarget-Small-scale_mean,validation
2020-11-16,2020-11-17,3.5600857195920512,1.777424294010646,Calibrated-LSTM-LogTarget-Small-scale_mean,validation
2020-11-17,2020-11-18,0.2272651607739751,1.7381801951608533,Calibrated-LSTM-LogTarget-Small-scale_mean,validation
2020-11-18,2020-11-19,0.9890184423772188,1.7455014906723505,Calibrated-LSTM-LogTarget-Small-scale_mean,validation
2020-11-19,2020-11-20,0.4666750014882298,1.873361114342342,Calibrated-LSTM-LogTarget-Small-scale_mean,validation
2020-11-20,2020-11-23,0.1783704119345972,1.8236028345729614,Calibrated-LSTM-LogTarget-Small-scale_mean,validation
2020-11-23,2020-11-24,0.0248986125796567,1.8020441967578833,Calibrated-LSTM-LogTarget-Small-scale_mean,validation
2020-11-24,2020-11-25,0.1754782563587062,1.8655106434225388,Calibrated-LSTM-LogTarget-Small-scale_mean,validation
2020-11-25,2020-11-26,0.3614717362335366,1.7188862273508385,Calibrated-LSTM-LogTarget-Small-scale_mean,validation
2020-11-26,2020-11-27,0.1777363368777613,1.6412877534874803,Calibrated-LSTM-LogTarget-Small-scale_mean,validation
2020-11-27,2020-11-30,0.50308697006867,1.5521460302986414,Calibrated-LSTM-LogTarget-Small-scale_mean,validation
2020-11-30,2020-12-01,0.331272320082079,1.5661529165422399,Calibrated-LSTM-LogTarget-Small-scale_mean,validation
2020-12-01,2020-12-02,0.2902563684716866,1.6594988154176655,Calibrated-LSTM-LogTarget-Small-scale_mean,validation
2020-12-02,2020-12-03,0.290315397256232,1.560881000502532,Calibrated-LSTM-LogTarget-Small-scale_mean,validation
2020-12-03,2020-12-04,0.0274172683613022,1.5488567225523564,Calibrated-LSTM-LogTarget-Small-scale_mean,validation
2020-12-04,2020-12-07,0.6850937253628709,1.5710616544296394,Calibrated-LSTM-LogTarget-Small-scale_mean,validation
2020-12-07,2020-12-08,0.0048900250994697,1.5325265069356975,Calibrated-LSTM-LogTarget-Small-scale_mean,validation
2020-12-08,2020-12-09,0.9108272820038537,1.5271922710541606,Calibrated-LSTM-LogTarget-Small-scale_mean,validation
2020-12-09,2020-12-10,0.6307404981430905,1.6809582472488023,Calibrated-LSTM-LogTarget-Small-scale_mean,validation
2020-12-10,2020-12-11,2.1005332911557746,1.6892245842141718,Calibrated-LSTM-LogTarget-Small-scale_mean,validation
2020-12-11,2020-12-14,2.953190631516623,1.542643221931261,Calibrated-LSTM-LogTarget-Small-scale_mean,validation
2020-12-14,2020-12-15,0.6927758012586854,1.7788249849750168,Calibrated-LSTM-LogTarget-Small-scale_mean,validation
2020-12-15,2020-12-16,1.2199074044400842,1.9038835359457837,Calibrated-LSTM-LogTarget-Small-scale_mean,validation
2020-12-16,2020-12-17,2.0641473967885817,1.860046626057238,Calibrated-LSTM-LogTarget-Small-scale_mean,validation
2020-12-17,2020-12-18,2.192631063716555,2.062211328645614,Calibrated-LSTM-LogTarget-Small-scale_mean,validation
2020-12-18,2020-12-21,1.6074554836667916,2.0226577495194964,Calibrated-LSTM-LogTarget-Small-scale_mean,validation
2020-12-21,2020-12-22,0.0479545490733483,2.2092650517696057,Calibrated-LSTM-LogTarget-Small-scale_mean,validation
2020-12-22,2020-12-23,0.1771055150673424,2.104169447182833,Calibrated-LSTM-LogTarget-Small-scale_mean,validation
2020-12-23,2020-12-24,1.124406225180995,2.155479370898518,Calibrated-LSTM-LogTarget-Small-scale_mean,validation
2020-12-24,2020-12-25,2.4671237918391133,2.152036894656133,Calibrated-LSTM-LogTarget-Small-scale_mean,validation
2020-12-25,2020-12-28,0.4034604996523059,2.1420608205284863,Calibrated-LSTM-LogTarget-Small-scale_mean,validation
2020-12-28,2020-12-29,0.5549207078341868,2.1291866900603935,Calibrated-LSTM-LogTarget-Small-scale_mean,validation
2020-12-29,2020-12-30,0.0315106576863239,2.0406639437475493,Calibrated-LSTM-LogTarget-Small-scale_mean,validation
2020-12-30,2020-12-31,0.3307256931476,1.9313435526510143,Calibrated-LSTM-LogTarget-Small-scale_mean,validation
2020-12-31,2021-01-04,2.2278705339723945,1.7568236883411268,Calibrated-LSTM-LogTarget-Small-scale_mean,validation
2021-01-04,2021-01-05,1.1499318142027897,2.2441680054553013,Calibrated-LSTM-LogTarget-Small-scale_mean,validation
2021-01-05,2021-01-06,0.8776630886951989,2.187167792912565,Calibrated-LSTM-LogTarget-Small-scale_mean,validation
2021-01-06,2021-01-07,1.3339004712332734,2.1919462025377636,Calibrated-LSTM-LogTarget-Small-scale_mean,validation
2021-01-07,2021-01-08,0.9288877612518626,2.200952865787612,Calibrated-LSTM-LogTarget-Small-scale_mean,validation
2021-01-08,2021-01-11,2.138176540768584,2.17120727736951,Calibrated-LSTM-LogTarget-Small-scale_mean,validation
2021-01-11,2021-01-12,0.3865727035398198,2.2308538454694586,Calibrated-LSTM-LogTarget-Small-scale_mean,validation
2021-01-12,2021-01-13,0.2744693433035448,1.9697533337040953,Calibrated-LSTM-LogTarget-Small-scale_mean,validation
2021-01-13,2021-01-14,0.0129409883939506,2.0074188179263954,Calibrated-LSTM-LogTarget-Small-scale_mean,validation
2021-01-14,2021-01-15,0.3260937940923989,1.9493281645012452,Calibrated-LSTM-LogTarget-Small-scale_mean,validation
2021-01-15,2021-01-18,0.0358827142959493,2.022501510052764,Calibrated-LSTM-LogTarget-Small-scale_mean,validation
2021-01-18,2021-01-19,27.541540391562137,1.949323981701136,Calibrated-LSTM-LogTarget-Small-scale_mean,validation
2021-01-19,2021-01-20,0.1055259451193829,2.5780773954043976,Calibrated-LSTM-LogTarget-Small-scale_mean,validation
2021-01-20,2021-01-21,6.600825920548621,2.22856528958068,Calibrated-LSTM-LogTarget-Small-scale_mean,validation
2021-01-21,2021-01-22,0.0486234498742934,2.5463925976503115,Calibrated-LSTM-LogTarget-Small-scale_mean,validation
2021-01-22,2021-01-25,0.003916873597976,2.2100858493110254,Calibrated-LSTM-LogTarget-Small-scale_mean,validation
2021-01-25,2021-01-26,6.76157056018748,2.107997932470194,Calibrated-LSTM-LogTarget-Small-scale_mean,validation
2021-01-26,2021-01-27,12.16950048366727,2.5782453571480257,Calibrated-LSTM-LogTarget-Small-scale_mean,validation
2021-01-27,2021-01-28,47.71522267260341,2.6468035413908066,Calibrated-LSTM-LogTarget-Small-scale_mean,validation
2021-01-28,2021-01-29,9.864460610625494,2.8824544806233883,Calibrated-LSTM-LogTarget-Small-scale_mean,validation
2021-01-29,2021-02-01,4.068938921704016,2.8761623732098984,Calibrated-LSTM-LogTarget-Small-scale_mean,validation
2021-02-01,2021-02-02,14.37888811066259,2.401610489564239,Calibrated-LSTM-LogTarget-Small-scale_mean,validation
2021-02-02,2021-02-03,10.698092971323405,2.8523034860676,Calibrated-LSTM-LogTarget-Small-scale_mean,validation
2021-02-03,2021-02-04,0.006553579964635,2.9542201303474136,Calibrated-LSTM-LogTarget-Small-scale_mean,validation
2021-02-04,2021-02-05,1.728785632859906,2.491036512432409,Calibrated-LSTM-LogTarget-Small-scale_mean,validation
2021-02-05,2021-02-08,15.664350744194984,2.779383738302377,Calibrated-LSTM-LogTarget-Small-scale_mean,validation
2021-02-08,2021-02-09,8.346588799606792,2.9923720149997783,Calibrated-LSTM-LogTarget-Small-scale_mean,validation
2021-02-09,2021-02-17,12.948351612917367,3.2390007450482408,Calibrated-LSTM-LogTarget-Small-scale_mean,validation
2021-02-17,2021-02-18,2.5487828873734144,3.4068550151611627,Calibrated-LSTM-LogTarget-Small-scale_mean,validation
2021-02-18,2021-02-19,0.0056191882730801,2.777568982888132,Calibrated-LSTM-LogTarget-Small-scale_mean,validation
2021-02-19,2021-02-22,0.0171990965562516,2.3567281071350528,Calibrated-LSTM-LogTarget-Small-scale_mean,validation
2021-02-22,2021-02-23,0.04885188428266,2.4084273652914607,Calibrated-LSTM-LogTarget-Small-scale_mean,validation
2021-02-23,2021-02-24,1.7852090551538884,2.3713111848016557,Calibrated-LSTM-LogTarget-Small-scale_mean,validation
2021-02-24,2021-02-25,0.0863685922010339,2.3374039564840734,Calibrated-LSTM-LogTarget-Small-scale_mean,validation
2021-02-25,2021-02-26,0.0678645793866586,2.282560545606883,Calibrated-LSTM-LogTarget-Small-scale_mean,validation
2021-02-26,2021-03-01,2.260340412751501,2.301819115488256,Calibrated-LSTM-LogTarget-Small-scale_mean,validation
2021-03-01,2021-03-02,0.0013754677373442,2.401874324241479,Calibrated-LSTM-LogTarget-Small-scale_mean,validation
2021-03-02,2021-03-03,0.0008207623047958,2.0180193536979316,Calibrated-LSTM-LogTarget-Small-scale_mean,validation
2021-03-03,2021-03-04,2.448912301147324,1.8853184817678255,Calibrated-LSTM-LogTarget-Small-scale_mean,validation
2021-03-04,2021-03-05,0.0002116227550263,1.9438920706386693,Calibrated-LSTM-LogTarget-Small-scale_mean,validation
2021-03-05,2021-03-08,0.001291980692468,1.799443525841323,Calibrated-LSTM-LogTarget-Small-scale_mean,validation
2021-03-08,2021-03-09,0.2923761214947155,1.8916627412275226,Calibrated-LSTM-LogTarget-Small-scale_mean,validation
2021-03-09,2021-03-10,0.4837594769954144,1.8737814536001787,Calibrated-LSTM-LogTarget-Small-scale_mean,validation
2021-03-10,2021-03-11,0.9815546422643948,1.8501828333781232,Calibrated-LSTM-LogTarget-Small-scale_mean,validation
2021-03-11,2021-03-12,0.0002069778164541,1.9576804777243624,Calibrated-LSTM-LogTarget-Small-scale_mean,validation
2021-03-12,2021-03-15,0.0643027332166397,1.8469729587728816,Calibrated-LSTM-LogTarget-Small-scale_mean,validation
2021-03-15,2021-03-16,0.1553706585632092,1.887620401163276,Calibrated-LSTM-LogTarget-Small-scale_mean,validation
2021-03-16,2021-03-17,0.2737899242910557,1.8529036626614688,Calibrated-LSTM-LogTarget-Small-scale_mean,validation
2021-03-17,2021-03-18,1.5481332912326575,1.9270388352327616,Calibrated-LSTM-LogTarget-Small-scale_mean,validation
2021-03-18,2021-03-19,0.3310498706600423,1.8276889103721663,Calibrated-LSTM-LogTarget-Small-scale_mean,validation
2021-03-19,2021-03-22,0.0010124742198036,1.7854180093995986,Calibrated-LSTM-LogTarget-Small-scale_mean,validation
2021-03-22,2021-03-23,0.8528859825364001,1.7650245603934152,Calibrated-LSTM-LogTarget-Small-scale_mean,validation
2021-03-23,2021-03-24,3.405784484981233,1.83371420030904,Calibrated-LSTM-LogTarget-Small-scale_mean,validation
2021-03-24,2021-03-25,0.012314795662716,1.9437333420693343,Calibrated-LSTM-LogTarget-Small-scale_mean,validation
2021-03-25,2021-03-26,0.0058597397555957,1.8179616014101365,Calibrated-LSTM-LogTarget-Small-scale_mean,validation
2021-03-26,2021-03-29,1.3278733275984689,1.8409089306593167,Calibrated-LSTM-LogTarget-Small-scale_mean,validation
2021-03-29,2021-03-30,0.8177751702540456,1.8924424684458627,Calibrated-LSTM-LogTarget-Small-scale_mean,validation
2021-03-30,2021-03-31,0.1825736474519551,2.099441481162561,Calibrated-LSTM-LogTarget-Small-scale_mean,validation
2021-03-31,2021-04-01,4.196908399032827,2.0424118290534263,Calibrated-LSTM-LogTarget-Small-scale_mean,validation
2021-04-01,2021-04-02,0.4682318073785952,2.2498300941024767,Calibrated-LSTM-LogTarget-Small-scale_mean,validation
2021-04-02,2021-04-05,0.8890694068712227,2.0374874171495776,Calibrated-LSTM-LogTarget-Small-scale_mean,validation
2021-04-05,2021-04-06,0.0997492041629095,2.096759019090477,Calibrated-LSTM-LogTarget-Small-scale_mean,validation
2021-04-06,2021-04-07,0.0380161793184628,2.0135528912635907,Calibrated-LSTM-LogTarget-Small-scale_mean,validation
2021-04-07,2021-04-08,0.3656617949695199,1.9041849634964056,Calibrated-LSTM-LogTarget-Small-scale_mean,validation
2021-04-08,2021-04-09,0.0685939299115526,1.8601708017148564,Calibrated-LSTM-LogTarget-Small-scale_mean,validation
2021-04-09,2021-04-12,2.801867566535839,1.873484838846311,Calibrated-LSTM-LogTarget-Small-scale_mean,validation
2021-04-12,2021-04-13,0.1085685992002533,2.4065854177747616,Calibrated-LSTM-LogTarget-Small-scale_mean,validation
2021-04-13,2021-04-14,0.3626329687997453,2.4370199170239877,Calibrated-LSTM-LogTarget-Small-scale_mean,validation
2021-04-14,2021-04-15,0.4743671604836424,2.2102507831600042,Calibrated-LSTM-LogTarget-Small-scale_mean,validation
2021-04-15,2021-04-16,0.4720531246781877,2.1368036794049976,Calibrated-LSTM-LogTarget-Small-scale_mean,validation
2021-04-16,2021-04-19,3.0629959648129166,2.370510480977446,Calibrated-LSTM-LogTarget-Small-scale_mean,validation
2021-04-19,2021-04-20,0.3708468135979464,2.292483314650439,Calibrated-LSTM-LogTarget-Small-scale_mean,validation
2021-04-20,2021-04-22,10.511479982603742,2.3097158166582705,Calibrated-LSTM-LogTarget-Small-scale_mean,validation
2021-04-22,2021-04-23,2.7977982020669034,2.3534249787411885,Calibrated-LSTM-LogTarget-Small-scale_mean,validation
2021-04-23,2021-04-26,7.069875969155051,2.246112956908184,Calibrated-LSTM-LogTarget-Small-scale_mean,validation
2021-04-26,2021-04-27,0.1068177702515163,2.4195254225706213,Calibrated-LSTM-LogTarget-Small-scale_mean,validation
2021-04-27,2021-04-28,0.6403727056381737,1.9267436664355106,Calibrated-LSTM-LogTarget-Small-scale_mean,validation
2021-04-28,2021-04-29,0.6353802562532533,2.1126051388308307,Calibrated-LSTM-LogTarget-Small-scale_mean,validation
2021-04-29,2021-05-04,0.0512876666991909,2.191724369760479,Calibrated-LSTM-LogTarget-Small-scale_mean,validation
2021-05-04,2021-05-05,1.2974041483688885,2.3352474402790935,Calibrated-LSTM-LogTarget-Small-scale_mean,validation
2021-05-05,2021-05-06,0.2185486546328746,2.4771312177184273,Calibrated-LSTM-LogTarget-Small-scale_mean,validation
2021-05-06,2021-05-07,0.494132324659674,2.3187613173672617,Calibrated-LSTM-LogTarget-Small-scale_mean,validation
2021-05-07,2021-05-10,2.018769062145057,2.4279923529692207,Calibrated-LSTM-LogTarget-Small-scale_mean,validation
2021-05-10,2021-05-11,0.0792094524228185,2.4303163592056247,Calibrated-LSTM-LogTarget-Small-scale_mean,validation
2021-05-11,2021-05-12,1.0683689670129952,2.2201381417945685,Calibrated-LSTM-LogTarget-Small-scale_mean,validation
2021-05-12,2021-05-13,0.3147510754643727,2.086413817860323,Calibrated-LSTM-LogTarget-Small-scale_mean,validation
2021-05-13,2021-05-14,0.1194948927270032,2.022252227007831,Calibrated-LSTM-LogTarget-Small-scale_mean,validation
2021-05-14,2021-05-17,0.3681093008020274,2.025646945761725,Calibrated-LSTM-LogTarget-Small-scale_mean,validation
2021-05-17,2021-05-18,0.2298422025837693,2.054978064423128,Calibrated-LSTM-LogTarget-Small-scale_mean,validation
2021-05-18,2021-05-19,0.6085100033578476,1.9524838535887983,Calibrated-LSTM-LogTarget-Small-scale_mean,validation
2021-05-19,2021-05-20,1.5332689494683411,1.9676882981905433,Calibrated-LSTM-LogTarget-Small-scale_mean,validation
2021-05-20,2021-05-21,0.1986664550105345,2.1840102786162583,Calibrated-LSTM-LogTarget-Small-scale_mean,validation
2021-05-21,2021-05-24,1.1845107713600658,1.9577731292782337,Calibrated-LSTM-LogTarget-Small-scale_mean,validation
2021-05-24,2021-05-25,0.6615170731155926,1.9973055900577563,Calibrated-LSTM-LogTarget-Small-scale_mean,validation
2021-05-25,2021-05-26,0.3826692450882292,1.9090288644208224,Calibrated-LSTM-LogTarget-Small-scale_mean,validation
2021-05-26,2021-05-27,1.0043951904267852,1.9850054142376292,Calibrated-LSTM-LogTarget-Small-scale_mean,validation
2021-05-27,2021-05-28,1.65727162339538,1.9431198679654915,Calibrated-LSTM-LogTarget-Small-scale_mean,validation
2021-05-28,2021-05-31,0.3285055315434949,2.148008842503041,Calibrated-LSTM-LogTarget-Small-scale_mean,validation
2021-05-31,2021-06-01,0.5328741181290064,2.006038992783077,Calibrated-LSTM-LogTarget-Small-scale_mean,validation
2021-06-01,2021-06-02,0.0501764701325494,1.7653204178948139,Calibrated-LSTM-LogTarget-Small-scale_mean,validation
2021-06-02,2021-06-03,3.01900451692919,2.1016352677337538,Calibrated-LSTM-LogTarget-Small-scale_mean,validation
2021-06-03,2021-06-04,0.5091916058927975,2.3856257169580313,Calibrated-LSTM-LogTarget-Small-scale_mean,validation
2021-06-04,2021-06-07,1.2488833393722787,2.313190459815297,Calibrated-LSTM-LogTarget-Small-scale_mean,validation
2021-06-07,2021-06-08,8.436942215340656,2.1936816622658104,Calibrated-LSTM-LogTarget-Small-scale_mean,validation
2021-06-08,2021-06-09,0.9635770887636846,2.385763365086092,Calibrated-LSTM-LogTarget-Small-scale_mean,validation
2021-06-09,2021-06-10,0.4923594509595709,2.4060435485922556,Calibrated-LSTM-LogTarget-Small-scale_mean,validation
2021-06-10,2021-06-11,4.4320627369374535,2.1489044801413257,Calibrated-LSTM-LogTarget-Small-scale_mean,validation
2021-06-11,2021-06-14,0.5411007585268014,2.4837326528910935,Calibrated-LSTM-LogTarget-Small-scale_mean,validation
2021-06-14,2021-06-15,0.1708389534964715,2.3381732695313673,Calibrated-LSTM-LogTarget-Small-scale_mean,validation
2021-06-15,2021-06-16,0.6335008462154236,2.338122540860976,Calibrated-LSTM-LogTarget-Small-scale_mean,validation
2021-06-16,2021-06-17,0.0626639901398827,2.4145306526134926,Calibrated-LSTM-LogTarget-Small-scale_mean,validation
2021-06-17,2021-06-18,1.7005139602823875,2.3588298016519875,Calibrated-LSTM-LogTarget-Small-scale_mean,validation
2021-06-18,2021-06-21,0.1396997155457911,2.5557794959984426,Calibrated-LSTM-LogTarget-Small-scale_mean,validation
2021-06-21,2021-06-22,0.284425125779956,2.41078049400393,Calibrated-LSTM-LogTarget-Small-scale_mean,validation
2021-06-22,2021-06-23,0.0505778800491605,2.2222654475840398,Calibrated-LSTM-LogTarget-Small-scale_mean,validation
2021-06-23,2021-06-24,0.042756846647676,2.0536622487163223,Calibrated-LSTM-LogTarget-Small-scale_mean,validation
2021-06-24,2021-06-25,0.5639250493998573,1.7803592096889873,Calibrated-LSTM-LogTarget-Small-scale_mean,validation
2021-06-25,2021-06-28,1.2596863062253096,1.6613859767565737,Calibrated-LSTM-LogTarget-Small-scale_mean,validation
2021-06-28,2021-06-29,0.0902656153029111,1.9210286198952797,Calibrated-LSTM-LogTarget-Small-scale_mean,validation
2021-06-29,2021-06-30,0.0111781207193246,1.8086954663720478,Calibrated-LSTM-LogTarget-Small-scale_mean,validation
2021-06-30,2021-07-01,0.3645273399631648,1.5997232523463683,Calibrated-LSTM-LogTarget-Small-scale_mean,validation
2021-07-01,2021-07-02,0.0505610286336511,1.8952308659051282,Calibrated-LSTM-LogTarget-Small-scale_mean,validation
2021-07-02,2021-07-05,0.4168242183273023,1.7414243544169532,Calibrated-LSTM-LogTarget-Small-scale_mean,validation
2021-07-05,2021-07-06,16.601013312283214,1.8959826812079703,Calibrated-LSTM-LogTarget-Small-scale_mean,validation
2021-07-06,2021-07-07,6.058281445881023,1.9769892017726074,Calibrated-LSTM-LogTarget-Small-scale_mean,validation
2021-07-07,2021-07-08,1.0078273448945338,2.507730126112514,Calibrated-LSTM-LogTarget-Small-scale_mean,validation
2021-07-08,2021-07-09,4.095422426959989,1.9436434402500762,Calibrated-LSTM-LogTarget-Small-scale_mean,validation
2021-07-09,2021-07-12,14.799235172407151,2.3730299505927333,Calibrated-LSTM-LogTarget-Small-scale_mean,validation
2021-07-12,2021-07-13,0.009141491530764,2.8373054540362634,Calibrated-LSTM-LogTarget-Small-scale_mean,validation
2021-07-13,2021-07-14,1.871533753406208,1.9604724493978503,Calibrated-LSTM-LogTarget-Small-scale_mean,validation
2021-07-14,2021-07-15,1.185182208099543,2.2718756807293863,Calibrated-LSTM-LogTarget-Small-scale_mean,validation
2021-07-15,2021-07-16,0.1728051567276786,2.0666117882013917,Calibrated-LSTM-LogTarget-Small-scale_mean,validation
2021-07-16,2021-07-19,19.26799845022637,2.071354959303688,Calibrated-LSTM-LogTarget-Small-scale_mean,validation
2021-07-19,2021-07-20,5.600831490366748,2.871535874038093,Calibrated-LSTM-LogTarget-Small-scale_mean,validation
2021-07-20,2021-07-21,0.0386259132356042,2.545132403011332,Calibrated-LSTM-LogTarget-Small-scale_mean,validation
2021-07-21,2021-07-22,3.1842211341003503,2.135807165655047,Calibrated-LSTM-LogTarget-Small-scale_mean,validation
2021-07-22,2021-07-23,3.75891611125588,2.577802349027191,Calibrated-LSTM-LogTarget-Small-scale_mean,validation
2021-07-23,2021-07-26,0.0932245335056029,2.4817983494254245,Calibrated-LSTM-LogTarget-Small-scale_mean,validation
2021-07-26,2021-07-27,0.1095791578755464,2.2813290702319655,Calibrated-LSTM-LogTarget-Small-scale_mean,validation
2021-07-27,2021-07-28,0.0001201916445908,2.3834423266948193,Calibrated-LSTM-LogTarget-Small-scale_mean,validation
2021-07-28,2021-07-29,1.6539600353625152,2.1061974340169263,Calibrated-LSTM-LogTarget-Small-scale_mean,validation
2021-07-29,2021-07-30,1.5967544948591652,2.406288364263242,Calibrated-LSTM-LogTarget-Small-scale_mean,validation
2021-07-30,2021-08-02,0.1009987039707803,2.5870175932187993,Calibrated-LSTM-LogTarget-Small-scale_mean,validation
2021-08-02,2021-08-03,1.8957198194932552,2.189089961778673,Calibrated-LSTM-LogTarget-Small-scale_mean,validation
2021-08-03,2021-08-04,0.0297448118967559,2.1436928958370833,Calibrated-LSTM-LogTarget-Small-scale_mean,validation
2021-08-04,2021-08-05,0.6506576147304501,2.0813329459846734,Calibrated-LSTM-LogTarget-Small-scale_mean,validation
2021-08-05,2021-08-06,0.0931307383293993,2.014592988029989,Calibrated-LSTM-LogTarget-Small-scale_mean,validation
2021-08-06,2021-08-09,1.8579420490159877,2.0041124622274054,Calibrated-LSTM-LogTarget-Small-scale_mean,validation
2021-08-09,2021-08-10,0.0356498511082493,1.9406026687871398,Calibrated-LSTM-LogTarget-Small-scale_mean,validation
2021-08-10,2021-08-11,0.1163827824804467,1.9695011607894997,Calibrated-LSTM-LogTarget-Small-scale_mean,validation
2021-08-11,2021-08-12,0.1222953063583315,2.0879621761462674,Calibrated-LSTM-LogTarget-Small-scale_mean,validation
2021-08-12,2021-08-13,0.0871384784453648,2.0308158019293794,Calibrated-LSTM-LogTarget-Small-scale_mean,validation
2021-08-13,2021-08-16,1.0399916754691487,2.01488840428139,Calibrated-LSTM-LogTarget-Small-scale_mean,validation
2021-08-16,2021-08-17,0.3314354435277737,2.1876916636704475,Calibrated-LSTM-LogTarget-Small-scale_mean,validation
2021-08-17,2021-08-18,0.0249180078972991,1.9376234754364827,Calibrated-LSTM-LogTarget-Small-scale_mean,validation
2021-08-18,2021-08-19,1.034084957658442,1.7529434773919164,Calibrated-LSTM-LogTarget-Small-scale_mean,validation
2021-08-19,2021-08-20,11.285807091304966,1.876272590841968,Calibrated-LSTM-LogTarget-Small-scale_mean,validation
2021-08-20,2021-08-23,5.411821632013326,2.6963380484648782,Calibrated-LSTM-LogTarget-Small-scale_mean,validation
2021-08-23,2021-08-24,8.536462420535458e-05,2.294255161147797,Calibrated-LSTM-LogTarget-Small-scale_mean,validation
2021-08-24,2021-08-25,0.6870757170728501,2.0384429174072483,Calibrated-LSTM-LogTarget-Small-scale_mean,validation
2021-08-25,2021-08-26,0.4170750420782061,1.8485516369084662,Calibrated-LSTM-LogTarget-Small-scale_mean,validation
2021-08-26,2021-08-27,0.8540485329092148,1.8910914009500421,Calibrated-LSTM-LogTarget-Small-scale_mean,validation
2021-08-27,2021-08-30,1.2797402595336076,2.322501500567503,Calibrated-LSTM-LogTarget-Small-scale_mean,validation
2021-08-30,2021-08-31,0.0627065630623478,2.3496733698004726,Calibrated-LSTM-LogTarget-Small-scale_mean,validation
2021-08-31,2021-09-01,0.0569056328666982,2.402247006101448,Calibrated-LSTM-LogTarget-Small-scale_mean,validation
2021-09-01,2021-09-06,0.7669996218071843,2.3248482752068913,Calibrated-LSTM-LogTarget-Small-scale_mean,validation
2021-09-06,2021-09-07,0.1115838258583112,2.7204469056620306,Calibrated-LSTM-LogTarget-Small-scale_mean,validation
2021-09-07,2021-09-08,0.3840242724271654,2.44833816245774,Calibrated-LSTM-LogTarget-Small-scale_mean,validation
2021-09-08,2021-09-09,0.5999757427909345,1.8280253441993857,Calibrated-LSTM-LogTarget-Small-scale_mean,validation
2021-09-09,2021-09-10,0.009783360800291,1.8405931642244047,Calibrated-LSTM-LogTarget-Small-scale_mean,validation
2021-09-10,2021-09-13,0.0834204953018611,1.7461019047137694,Calibrated-LSTM-LogTarget-Small-scale_mean,validation
2021-09-13,2021-09-14,0.0166539238245993,2.1010405830909398,Calibrated-LSTM-LogTarget-Small-scale_mean,validation
2021-09-14,2021-09-15,0.208411861391793,1.9748890354412671,Calibrated-LSTM-LogTarget-Small-scale_mean,validation
2021-09-15,2021-09-16,8.833374944135227e-06,1.875042590300181,Calibrated-LSTM-LogTarget-Small-scale_mean,validation
2021-09-16,2021-09-17,0.2517625260662404,1.7117196209655137,Calibrated-LSTM-LogTarget-Small-scale_mean,validation
2021-09-17,2021-09-20,0.0255409488218125,2.1567079570641976,Calibrated-LSTM-LogTarget-Small-scale_mean,validation
2021-09-20,2021-09-21,0.6256621683862371,2.184901913770347,Calibrated-LSTM-LogTarget-Small-scale_mean,validation
2021-09-21,2021-09-22,0.6493080782631847,2.1530142880541994,Calibrated-LSTM-LogTarget-Small-scale_mean,validation
2021-09-22,2021-09-23,0.023678455022373,2.017026538821389,Calibrated-LSTM-LogTarget-Small-scale_mean,validation
2021-09-23,2021-09-24,0.0138313143395197,2.3769225561441676,Calibrated-LSTM-LogTarget-Small-scale_mean,validation
2021-09-24,2021-09-27,3.828272422415496,1.8067831255427824,Calibrated-LSTM-LogTarget-Small-scale_mean,validation
2021-09-27,2021-09-28,1.1555484032608674,2.0397219915823013,Calibrated-LSTM-LogTarget-Small-scale_mean,validation
2021-09-28,2021-09-29,5.575325206713305e-05,1.8454154278952788,Calibrated-LSTM-LogTarget-Small-scale_mean,validation
2021-09-29,2021-09-30,0.0451927678238876,1.7465134688739012,Calibrated-LSTM-LogTarget-Small-scale_mean,validation
2021-09-30,2021-10-01,0.2869590069123234,1.4951971193236577,Calibrated-LSTM-LogTarget-Small-scale_mean,validation
2021-10-01,2021-10-04,0.1209217160727008,1.8826238889117473,Calibrated-LSTM-LogTarget-Small-scale_mean,validation
2021-10-04,2021-10-05,1.2548666056334208,2.115863464462652,Calibrated-LSTM-LogTarget-Small-scale_mean,validation
2021-10-05,2021-10-06,0.363335054701863,1.893701942716633,Calibrated-LSTM-LogTarget-Small-scale_mean,validation
2021-10-06,2021-10-07,0.0539799292056889,1.9149510862553136,Calibrated-LSTM-LogTarget-Small-scale_mean,validation
2021-10-07,2021-10-08,0.2422625428098201,2.049714967682614,Calibrated-LSTM-LogTarget-Small-scale_mean,validation
2021-10-08,2021-10-11,2.384064119474745,1.945456181877438,Calibrated-LSTM-LogTarget-Small-scale_mean,validation
2021-10-11,2021-10-12,0.0025924711816483,2.156092548366856,Calibrated-LSTM-LogTarget-Small-scale_mean,validation
2021-10-12,2021-10-13,0.043020201094552,2.059620629830267,Calibrated-LSTM-LogTarget-Small-scale_mean,validation
2021-10-13,2021-10-14,1.8582276241239155e-05,1.8276697372523742,Calibrated-LSTM-LogTarget-Small-scale_mean,validation
2021-10-14,2021-10-15,0.0037272440365911,1.9917475731992185,Calibrated-LSTM-LogTarget-Small-scale_mean,validation
2021-10-15,2021-10-18,0.0412074717223573,2.0823117385825443,Calibrated-LSTM-LogTarget-Small-scale_mean,validation
2021-10-18,2021-10-19,0.0002054205471957,2.1126310787331044,Calibrated-LSTM-LogTarget-Small-scale_mean,validation
2021-10-19,2021-10-20,0.012036644283499,1.7355659645082022,Calibrated-LSTM-LogTarget-Small-scale_mean,validation
2021-10-20,2021-10-21,0.4224699907147212,2.120857713713463,Calibrated-LSTM-LogTarget-Small-scale_mean,validation
2021-10-21,2021-10-22,0.1038627326357175,1.9185651966708317,Calibrated-LSTM-LogTarget-Small-scale_mean,validation
2021-10-22,2021-10-25,0.0766142772237032,2.058634097503192,Calibrated-LSTM-LogTarget-Small-scale_mean,validation
2021-10-25,2021-10-26,0.2013151221701667,2.190120473812454,Calibrated-LSTM-LogTarget-Small-scale_mean,validation
2021-10-26,2021-10-27,4.975421040294883,1.9281806567200475,Calibrated-LSTM-LogTarget-Small-scale_mean,validation
2021-10-27,2021-10-28,1.0980607841681207,2.491142824483691,Calibrated-LSTM-LogTarget-Small-scale_mean,validation
2021-10-28,2021-10-29,0.1886851350804401,2.416624980638004,Calibrated-LSTM-LogTarget-Small-scale_mean,validation
2021-10-29,2021-11-01,0.1351609140151505,2.563520436105108,Calibrated-LSTM-LogTarget-Small-scale_mean,validation
2021-11-01,2021-11-02,0.8706925479870633,2.728945366421586,Calibrated-LSTM-LogTarget-Small-scale_mean,validation
2021-11-02,2021-11-03,0.3174077865606339,2.65121223368719,Calibrated-LSTM-LogTarget-Small-scale_mean,validation
2021-11-03,2021-11-04,0.0780251318950003,3.077049728772441,Calibrated-LSTM-LogTarget-Small-scale_mean,validation
2021-11-04,2021-11-05,0.3164163905277483,2.446070840809255,Calibrated-LSTM-LogTarget-Small-scale_mean,validation
2021-11-05,2021-11-08,0.5722632892702788,2.380192409891735,Calibrated-LSTM-LogTarget-Small-scale_mean,validation
2021-11-08,2021-11-09,0.1717825777423685,2.6393649752992863,Calibrated-LSTM-LogTarget-Small-scale_mean,validation
2021-11-09,2021-11-10,0.0578685691569425,2.5938896066434505,Calibrated-LSTM-LogTarget-Small-scale_mean,validation
2021-11-10,2021-11-11,0.0332757244454099,2.4402431363971275,Calibrated-LSTM-LogTarget-Small-scale_mean,validation
2021-11-11,2021-11-12,0.5636350562840569,2.6733702342536616,Calibrated-LSTM-LogTarget-Small-scale_mean,validation
2021-11-12,2021-11-15,0.0470688863590858,2.4242415155149595,Calibrated-LSTM-LogTarget-Small-scale_mean,validation
2021-11-15,2021-11-16,0.4729748116245648,2.6825220849065574,Calibrated-LSTM-LogTarget-Small-scale_mean,validation
2021-11-16,2021-11-17,0.40826744424175,2.674662677501269,Calibrated-LSTM-LogTarget-Small-scale_mean,validation
2021-11-17,2021-11-18,0.1670640675036151,2.2511884038843673,Calibrated-LSTM-LogTarget-Small-scale_mean,validation
2021-11-18,2021-11-19,1.4313283722317711,2.450526081376398,Calibrated-LSTM-LogTarget-Small-scale_mean,validation
2021-11-19,2021-11-22,0.1237442583360642,2.886959014252482,Calibrated-LSTM-LogTarget-Small-scale_mean,validation
2021-11-22,2021-11-23,1.2666258581863683,2.7680959994710856,Calibrated-LSTM-LogTarget-Small-scale_mean,validation
2021-11-23,2021-11-24,2.923344781612152,2.408964602254449,Calibrated-LSTM-LogTarget-Small-scale_mean,validation
2021-11-24,2021-11-25,0.6380046596767257,2.7717790753100617,Calibrated-LSTM-LogTarget-Small-scale_mean,validation
2021-11-25,2021-11-26,0.2701244946030526,2.607395475568384,Calibrated-LSTM-LogTarget-Small-scale_mean,validation
2021-11-26,2021-11-29,0.3025648797186475,2.5121489800692163,Calibrated-LSTM-LogTarget-Small-scale_mean,validation
2021-11-29,2021-11-30,0.1865846491020368,2.5487636961020512,Calibrated-LSTM-LogTarget-Small-scale_mean,validation
2021-11-30,2021-12-01,0.2075014205290045,2.619467055307267,Calibrated-LSTM-LogTarget-Small-scale_mean,validation
2021-12-01,2021-12-02,0.0447934240863952,2.4028699419675275,Calibrated-LSTM-LogTarget-Small-scale_mean,validation
2021-12-02,2021-12-03,7.012035907074128,2.2177915741657945,Calibrated-LSTM-LogTarget-Small-scale_mean,validation
2021-12-03,2021-12-06,4.334941271489592,2.6211182072893298,Calibrated-LSTM-LogTarget-Small-scale_mean,validation
2021-12-06,2021-12-07,5.38610884102854,2.713980389367993,Calibrated-LSTM-LogTarget-Small-scale_mean,validation
2021-12-07,2021-12-08,0.1770242562530693,2.4607909002622623,Calibrated-LSTM-LogTarget-Small-scale_mean,validation
2021-12-08,2021-12-09,1.070479018660655,2.3435109381379373,Calibrated-LSTM-LogTarget-Small-scale_mean,validation
2021-12-09,2021-12-10,0.0917573521914629,2.2045172139807887,Calibrated-LSTM-LogTarget-Small-scale_mean,validation
2021-12-10,2021-12-13,0.7430153759165636,2.458328879959816,Calibrated-LSTM-LogTarget-Small-scale_mean,validation
2021-12-13,2021-12-14,0.0001656787526269,2.6233926644837506,Calibrated-LSTM-LogTarget-Small-scale_mean,validation
2021-12-14,2021-12-15,0.001241581482623,2.689773962545939,Calibrated-LSTM-LogTarget-Small-scale_mean,validation
2021-12-15,2021-12-16,0.0056551081903051,2.582542625134667,Calibrated-LSTM-LogTarget-Small-scale_mean,validation
2021-12-16,2021-12-17,0.0462794489398934,2.6138950036986643,Calibrated-LSTM-LogTarget-Small-scale_mean,validation
2021-12-17,2021-12-20,0.0276816841350729,2.7062076922341225,Calibrated-LSTM-LogTarget-Small-scale_mean,validation
2021-12-20,2021-12-21,0.009100575448846,2.3676030335311453,Calibrated-LSTM-LogTarget-Small-scale_mean,validation
2021-12-21,2021-12-22,0.0052396015195704,2.157446730807202,Calibrated-LSTM-LogTarget-Small-scale_mean,validation
2021-12-22,2021-12-23,1.992176913695392,2.3289955426914926,Calibrated-LSTM-LogTarget-Small-scale_mean,validation
2021-12-23,2021-12-24,1.8717637228671864,2.5444566615857402,Calibrated-LSTM-LogTarget-Small-scale_mean,validation
2021-12-24,2021-12-27,0.6385359851594573,2.433202051897703,Calibrated-LSTM-LogTarget-Small-scale_mean,validation
2021-12-27,2021-12-28,0.1364517327618313,2.1762893522233058,Calibrated-LSTM-LogTarget-Small-scale_mean,validation
2021-12-28,2021-12-29,0.3307731842534792,2.50924862703511,Calibrated-LSTM-LogTarget-Small-scale_mean,validation
2021-12-29,2021-12-30,0.0001019075301841,2.2499623209106967,Calibrated-LSTM-LogTarget-Small-scale_mean,validation
2021-12-30,2021-12-31,0.6806292652244172,2.1136832983217424,Calibrated-LSTM-LogTarget-Small-scale_mean,validation
2021-12-31,2022-01-04,3.2605099137684044,2.3884596264465747,Calibrated-LSTM-LogTarget-Small-scale_mean,validation
2022-01-04,2022-01-05,0.0408421877386783,2.489329162846594,Calibrated-LSTM-LogTarget-Small-scale_mean,validation
2022-01-05,2022-01-06,0.1583194148629771,2.5916744038403476,Calibrated-LSTM-LogTarget-Small-scale_mean,validation
2022-01-06,2022-01-07,3.466888916717849e-05,2.7365324953342656,Calibrated-LSTM-LogTarget-Small-scale_mean,validation
2022-01-07,2022-01-10,2.6694297971607823,2.4819402151975467,Calibrated-LSTM-LogTarget-Small-scale_mean,validation
2022-01-10,2022-01-11,0.5791412105719106,2.893157303354299,Calibrated-LSTM-LogTarget-Small-scale_mean,validation
2022-01-11,2022-01-12,1.469449968423449,2.868268124896389,Calibrated-LSTM-LogTarget-Small-scale_mean,validation
2022-01-12,2022-01-13,0.9252594386149106,2.78496194035637,Calibrated-LSTM-LogTarget-Small-scale_mean,validation
2022-01-13,2022-01-14,4.021230809949571e-06,2.5852077846911863,Calibrated-LSTM-LogTarget-Small-scale_mean,validation
2022-01-14,2022-01-17,8.577861779061374,2.2248854076072666,Calibrated-LSTM-LogTarget-Small-scale_mean,validation
2022-01-17,2022-01-18,0.9241996120524796,2.526386066962246,Calibrated-LSTM-LogTarget-Small-scale_mean,validation
2022-01-18,2022-01-19,0.0713962483719635,2.1557538143563058,Calibrated-LSTM-LogTarget-Small-scale_mean,validation
2022-01-19,2022-01-20,2.396694299563955,1.9300624946985516,Calibrated-LSTM-LogTarget-Small-scale_mean,validation
2022-01-20,2022-01-21,0.2669228311266386,2.510987149650155,Calibrated-LSTM-LogTarget-Small-scale_mean,validation
2022-01-21,2022-01-24,5.19144957677216,2.457011215448612,Calibrated-LSTM-LogTarget-Small-scale_mean,validation
2022-01-24,2022-01-25,7.461944120148481,2.5464835135944797,Calibrated-LSTM-LogTarget-Small-scale_mean,validation
2022-01-25,2022-01-26,0.0182472056354126,2.6176760484969344,Calibrated-LSTM-LogTarget-Small-scale_mean,validation
2022-01-26,2022-01-27,0.5372614259470304,2.4397227723984365,Calibrated-LSTM-LogTarget-Small-scale_mean,validation
2022-01-27,2022-01-28,0.3091208848418566,2.0219971896994124,Calibrated-LSTM-LogTarget-Small-scale_mean,validation
2022-01-28,2022-02-07,1.5787299229773026,2.3029238333701794,Calibrated-LSTM-LogTarget-Small-scale_mean,validation
2022-02-07,2022-02-08,0.0493284261128678,2.1571296416778676,Calibrated-LSTM-LogTarget-Small-scale_mean,validation
2022-02-08,2022-02-09,0.0852913112285084,2.342275757536902,Calibrated-LSTM-LogTarget-Small-scale_mean,validation
2022-02-09,2022-02-10,0.0087647457494785,2.403204389108254,Calibrated-LSTM-LogTarget-Small-scale_mean,validation
2022-02-10,2022-02-11,0.1140481407730615,2.0992034850922203,Calibrated-LSTM-LogTarget-Small-scale_mean,validation
2022-02-11,2022-02-14,4.003846034921644,1.9866329198315467,Calibrated-LSTM-LogTarget-Small-scale_mean,validation
2022-02-14,2022-02-15,1.9670652734045644,2.1868187023319505,Calibrated-LSTM-LogTarget-Small-scale_mean,validation
2022-02-15,2022-02-16,0.0018968880308684,1.965277960544914,Calibrated-LSTM-LogTarget-Small-scale_mean,validation
2022-02-16,2022-02-17,1.122140769245723,2.001590217841942,Calibrated-LSTM-LogTarget-Small-scale_mean,validation
2022-02-17,2022-02-18,0.0437252358911797,2.022992210055563,Calibrated-LSTM-LogTarget-Small-scale_mean,validation
2022-02-18,2022-02-21,0.1583409064037323,2.0994394789800355,Calibrated-LSTM-LogTarget-Small-scale_mean,validation
2022-02-21,2022-02-22,0.2391227349223014,2.2573915479750406,Calibrated-LSTM-LogTarget-Small-scale_mean,validation
2022-02-22,2022-02-23,0.3429157616051995,2.3849438501901314,Calibrated-LSTM-LogTarget-Small-scale_mean,validation
2022-02-23,2022-02-24,1.3469467288223498,2.0260488015828892,Calibrated-LSTM-LogTarget-Small-scale_mean,validation
2022-02-24,2022-02-25,0.0728442185423715,2.6749796278565237,Calibrated-LSTM-LogTarget-Small-scale_mean,validation
2022-02-25,2022-02-28,0.3435682703713377,2.134820532762189,Calibrated-LSTM-LogTarget-Small-scale_mean,validation
2022-02-28,2022-03-01,0.3350186274967215,1.968334635666006,Calibrated-LSTM-LogTarget-Small-scale_mean,validation
2022-03-01,2022-03-02,0.7897102913909818,2.231462395766889,Calibrated-LSTM-LogTarget-Small-scale_mean,validation
2022-03-02,2022-03-03,1.6972927621476632,2.274463296422964,Calibrated-LSTM-LogTarget-Small-scale_mean,validation
2022-03-03,2022-03-04,0.0004806839941866,2.4553368457542932,Calibrated-LSTM-LogTarget-Small-scale_mean,validation
2022-03-04,2022-03-07,0.1747715827843937,2.357991428876698,Calibrated-LSTM-LogTarget-Small-scale_mean,validation
2022-03-07,2022-03-08,2.9065282793306784,2.417588526090155,Calibrated-LSTM-LogTarget-Small-scale_mean,validation
2022-03-08,2022-03-09,4.143903255486161e-06,2.3077735622627644,Calibrated-LSTM-LogTarget-Small-scale_mean,validation
2022-03-09,2022-03-10,0.1308186023197331,2.358200713011906,Calibrated-LSTM-LogTarget-Small-scale_mean,validation
2022-03-10,2022-03-11,0.7249480262949388,1.9486358009486238,Calibrated-LSTM-LogTarget-Small-scale_mean,validation
2022-03-11,2022-03-14,1.940974298078772,2.293825538321396,Calibrated-LSTM-LogTarget-Small-scale_mean,validation
2022-03-14,2022-03-15,0.2004736979473137,2.2110548142707707,Calibrated-LSTM-LogTarget-Small-scale_mean,validation
2022-03-15,2022-03-16,0.2048465635146144,1.98291422441697,Calibrated-LSTM-LogTarget-Small-scale_mean,validation
2022-03-16,2022-03-17,0.0189446795575115,1.8230366204862796,Calibrated-LSTM-LogTarget-Small-scale_mean,validation
2022-03-17,2022-03-18,0.2804915592052127,2.107812988977213,Calibrated-LSTM-LogTarget-Small-scale_mean,validation
2022-03-18,2022-03-21,3.042510301896478,2.245632651247348,Calibrated-LSTM-LogTarget-Small-scale_mean,validation
2022-03-21,2022-03-22,0.3468240297098041,2.3315414846862503,Calibrated-LSTM-LogTarget-Small-scale_mean,validation
2022-03-22,2022-03-23,0.0091785148718354,2.535724001198137,Calibrated-LSTM-LogTarget-Small-scale_mean,validation
2022-03-23,2022-03-24,0.0739545064300968,2.2817449282812596,Calibrated-LSTM-LogTarget-Small-scale_mean,validation
2022-03-24,2022-03-25,0.0002565538581837,2.188220877024983,Calibrated-LSTM-LogTarget-Small-scale_mean,validation
2022-03-25,2022-03-28,1.0559980128443454,2.1215270495979777,Calibrated-LSTM-LogTarget-Small-scale_mean,validation
2022-03-28,2022-03-29,0.9569197018395468,2.4025431311037555,Calibrated-LSTM-LogTarget-Small-scale_mean,validation
2022-03-29,2022-03-30,0.2354496444813368,2.0552453467823515,Calibrated-LSTM-LogTarget-Small-scale_mean,validation
2022-03-30,2022-03-31,0.0120931732563713,2.323686779814758,Calibrated-LSTM-LogTarget-Small-scale_mean,validation
2022-03-31,2022-04-01,2.607401303697469,1.920654234082178,Calibrated-LSTM-LogTarget-Small-scale_mean,validation
2022-04-01,2022-04-04,0.2950865363946971,2.5837894636288983,Calibrated-LSTM-LogTarget-Small-scale_mean,validation
2022-04-04,2022-04-05,0.09410156815978,2.111128349095598,Calibrated-LSTM-LogTarget-Small-scale_mean,validation
2022-04-05,2022-04-06,0.0355827999144168,1.9689208631116153,Calibrated-LSTM-LogTarget-Small-scale_mean,validation
2022-04-06,2022-04-07,1.845756746133211,2.4284534734781493,Calibrated-LSTM-LogTarget-Small-scale_mean,validation
2022-04-07,2022-04-08,1.8599564295348143,2.0893694583927447,Calibrated-LSTM-LogTarget-Small-scale_mean,validation
2022-04-08,2022-04-12,3.317796568560508,2.1291882129739794,Calibrated-LSTM-LogTarget-Small-scale_mean,validation
2022-04-12,2022-04-13,2.2412176347286983,1.9948634907566836,Calibrated-LSTM-LogTarget-Small-scale_mean,validation
2022-04-13,2022-04-14,0.1186709675031117,2.141989578071067,Calibrated-LSTM-LogTarget-Small-scale_mean,validation
2022-04-14,2022-04-15,0.8563450026802516,1.7598378703516788,Calibrated-LSTM-LogTarget-Small-scale_mean,validation
2022-04-15,2022-04-18,3.225139156963737,2.0616042061879467,Calibrated-LSTM-LogTarget-Small-scale_mean,validation
2022-04-18,2022-04-19,3.3937657292333743,2.293623197709203,Calibrated-LSTM-LogTarget-Small-scale_mean,validation
2022-04-19,2022-04-20,2.4245124341762705,2.067425426836467,Calibrated-LSTM-LogTarget-Small-scale_mean,validation
2022-04-20,2022-04-21,1.109638997468357,2.027381726909677,Calibrated-LSTM-LogTarget-Small-scale_mean,validation
2022-04-21,2022-04-22,0.4305144066915168,2.134548499808376,Calibrated-LSTM-LogTarget-Small-scale_mean,validation
2022-04-22,2022-04-25,25.802530842890924,2.421376408130097,Calibrated-LSTM-LogTarget-Small-scale_mean,validation
2022-04-25,2022-04-26,5.262405488369011,2.385145290538999,Calibrated-LSTM-LogTarget-Small-scale_mean,validation
2022-04-26,2022-04-27,0.8508547277394044,2.397020430786981,Calibrated-LSTM-LogTarget-Small-scale_mean,validation
2022-04-27,2022-04-28,0.0422563925888465,2.176444239782067,Calibrated-LSTM-LogTarget-Small-scale_mean,validation
2022-04-28,2022-04-29,1.3536355027087716,2.083704282952835,Calibrated-LSTM-LogTarget-Small-scale_mean,validation
2022-04-29,2022-05-04,1.7811317821270536,2.3168216754385433,Calibrated-LSTM-LogTarget-Small-scale_mean,validation
2022-05-04,2022-05-05,0.7846838850035229,2.3611105468277773,Calibrated-LSTM-LogTarget-Small-scale_mean,validation
2022-05-05,2022-05-06,5.457913784856381,2.3522141554292975,Calibrated-LSTM-LogTarget-Small-scale_mean,validation
2022-05-06,2022-05-09,21.07246376843707,2.4368154027498434,Calibrated-LSTM-LogTarget-Small-scale_mean,validation
2022-05-09,2022-05-10,3.4895974437640893,2.774201464324986,Calibrated-LSTM-LogTarget-Small-scale_mean,validation
2022-05-10,2022-05-11,0.3772893243323654,2.627233329840081,Calibrated-LSTM-LogTarget-Small-scale_mean,validation
2022-05-11,2022-05-12,24.369069377939013,2.2242717569332244,Calibrated-LSTM-LogTarget-Small-scale_mean,validation
2022-05-12,2022-05-13,21.45200829300172,2.6743889633797733,Calibrated-LSTM-LogTarget-Small-scale_mean,validation
2022-05-13,2022-05-16,0.8445825050431754,2.661362887103048,Calibrated-LSTM-LogTarget-Small-scale_mean,validation
2022-05-16,2022-05-17,22.10791922900586,2.242028552940807,Calibrated-LSTM-LogTarget-Small-scale_mean,validation
2022-05-17,2022-05-18,1.0072145297005026,2.7256717282798664,Calibrated-LSTM-LogTarget-Small-scale_mean,validation
2022-05-18,2022-05-19,0.0050266870380628,2.3066049241342195,Calibrated-LSTM-LogTarget-Small-scale_mean,validation
2022-05-19,2022-05-20,0.0056143553761866,2.2330963015326826,Calibrated-LSTM-LogTarget-Small-scale_mean,validation
2022-05-20,2022-05-23,3.1715419491716648,2.410119306196456,Calibrated-LSTM-LogTarget-Small-scale_mean,validation
2022-05-23,2022-05-24,1.4121508187671683,2.4739512870576377,Calibrated-LSTM-LogTarget-Small-scale_mean,validation
2022-05-24,2022-05-25,7.852071042943518,2.751421413195061,Calibrated-LSTM-LogTarget-Small-scale_mean,validation
2022-05-25,2022-05-26,0.0001218078083452,3.1821328538913733,Calibrated-LSTM-LogTarget-Small-scale_mean,validation
2022-05-26,2022-05-27,1.747305868676365,2.4065910120844998,Calibrated-LSTM-LogTarget-Small-scale_mean,validation
2022-05-27,2022-05-30,0.4313230278725308,2.5149278145684115,Calibrated-LSTM-LogTarget-Small-scale_mean,validation
2022-05-30,2022-05-31,0.0091927379819102,2.3018890881001703,Calibrated-LSTM-LogTarget-Small-scale_mean,validation
2022-05-31,2022-06-01,0.2785076944454149,2.04381984007728,Calibrated-LSTM-LogTarget-Small-scale_mean,validation
2022-06-01,2022-06-02,0.7094839787224755,2.01264312713307,Calibrated-LSTM-LogTarget-Small-scale_mean,validation
2022-06-02,2022-06-03,0.0024678908753368,1.9447575430681503,Calibrated-LSTM-LogTarget-Small-scale_mean,validation
2022-06-03,2022-06-06,0.0248021762794326,1.7930085929287225,Calibrated-LSTM-LogTarget-Small-scale_mean,validation
2022-06-06,2022-06-07,0.0107788521263349,1.8902955551081235,Calibrated-LSTM-LogTarget-Small-scale_mean,validation
2022-06-07,2022-06-08,1.62365203625605,1.9794905927622997,Calibrated-LSTM-LogTarget-Small-scale_mean,validation
2022-06-08,2022-06-09,7.074018263381634e-05,1.8794419722195057,Calibrated-LSTM-LogTarget-Small-scale_mean,validation
2022-06-09,2022-06-10,3.350301019629325,1.5502354747589997,Calibrated-LSTM-LogTarget-Small-scale_mean,validation
2022-06-10,2022-06-13,20.64588542406384,1.7923418378716929,Calibrated-LSTM-LogTarget-Small-scale_mean,validation
2022-06-13,2022-06-14,0.0708307718816595,2.225383824990188,Calibrated-LSTM-LogTarget-Small-scale_mean,validation
2022-06-14,2022-06-15,1.796441565238617,1.9078183272315348,Calibrated-LSTM-LogTarget-Small-scale_mean,validation
2022-06-15,2022-06-16,3.432463040017097,2.1791361648774292,Calibrated-LSTM-LogTarget-Small-scale_mean,validation
2022-06-16,2022-06-17,2.4820888579092317,2.2342844279125744,Calibrated-LSTM-LogTarget-Small-scale_mean,validation
2022-06-17,2022-06-20,9.47527051181594,2.321127832115279,Calibrated-LSTM-LogTarget-Small-scale_mean,validation
2022-06-20,2022-06-21,0.4543743324349223,2.5129728114911116,Calibrated-LSTM-LogTarget-Small-scale_mean,validation
2022-06-21,2022-06-22,0.0746935567234301,2.221115750405401,Calibrated-LSTM-LogTarget-Small-scale_mean,validation
2022-06-22,2022-06-23,2.766255864563167,2.0840736819047296,Calibrated-LSTM-LogTarget-Small-scale_mean,validation
2022-06-23,2022-06-24,0.0820210424345146,2.269987706328776,Calibrated-LSTM-LogTarget-Small-scale_mean,validation
2022-06-24,2022-06-27,2.1086071885158946,2.1090543813492744,Calibrated-LSTM-LogTarget-Small-scale_mean,validation
2022-06-27,2022-06-28,1.593519408496492,2.3010018282920215,Calibrated-LSTM-LogTarget-Small-scale_mean,validation
2022-06-28,2022-06-29,6.739655204912147e-07,2.392697978610689,Calibrated-LSTM-LogTarget-Small-scale_mean,validation
2022-06-29,2022-06-30,2.8779439800812714,2.09087090703137,Calibrated-LSTM-LogTarget-Small-scale_mean,validation
2022-06-30,2022-07-01,0.0117704187689308,2.0857349229645195,Calibrated-LSTM-LogTarget-Small-scale_mean,validation
2022-07-01,2022-07-04,0.0792348201052211,1.9738628485947822,Calibrated-LSTM-LogTarget-Small-scale_mean,validation
2022-07-04,2022-07-05,1.4358126528100246,1.7309003375552965,Calibrated-LSTM-LogTarget-Small-scale_mean,validation
2022-07-05,2022-07-06,7.389865614079536,2.0014148485306613,Calibrated-LSTM-LogTarget-Small-scale_mean,validation
2022-07-06,2022-07-07,2.1222407761584665,2.1003606845495826,Calibrated-LSTM-LogTarget-Small-scale_mean,validation
2022-07-07,2022-07-08,0.1707436242121409,1.9511171338655484,Calibrated-LSTM-LogTarget-Small-scale_mean,validation
2022-07-08,2022-07-11,1.896510687995091,1.9667744039324788,Calibrated-LSTM-LogTarget-Small-scale_mean,validation
2022-07-11,2022-07-12,2.8101659729648394,2.0270726382453117,Calibrated-LSTM-LogTarget-Small-scale_mean,validation
2022-07-12,2022-07-13,0.0058732050643028,2.1559275438166825,Calibrated-LSTM-LogTarget-Small-scale_mean,validation
2022-07-13,2022-07-14,0.4904420356514064,2.0352227797571554,Calibrated-LSTM-LogTarget-Small-scale_mean,validation
2022-07-14,2022-07-15,0.0611617161101388,2.033612922029804,Calibrated-LSTM-LogTarget-Small-scale_mean,validation
2022-07-15,2022-07-18,0.0549065100896944,2.0075174131748046,Calibrated-LSTM-LogTarget-Small-scale_mean,validation
2022-07-18,2022-07-19,0.0244219525267298,1.89113491053486,Calibrated-LSTM-LogTarget-Small-scale_mean,validation
2022-07-19,2022-07-20,1.7763769532234184,1.882743511910674,Calibrated-LSTM-LogTarget-Small-scale_mean,validation
2022-07-20,2022-07-21,0.1310065184317032,2.1247910302732453,Calibrated-LSTM-LogTarget-Small-scale_mean,validation
2022-07-21,2022-07-22,0.0961257253308801,1.7924892719603949,Calibrated-LSTM-LogTarget-Small-scale_mean,validation
2022-07-22,2022-07-25,0.2759737706228845,1.6460850150513304,Calibrated-LSTM-LogTarget-Small-scale_mean,validation
2022-07-25,2022-07-26,0.0835304358694094,1.5286494098672516,Calibrated-LSTM-LogTarget-Small-scale_mean,validation
2022-07-26,2022-07-27,0.2525093111697122,1.4239369177489705,Calibrated-LSTM-LogTarget-Small-scale_mean,validation
2022-07-27,2022-07-28,2.02736513860254,1.4645523138025736,Calibrated-LSTM-LogTarget-Small-scale_mean,validation
2022-07-28,2022-07-29,0.0219851675662213,2.0052614651325866,Calibrated-LSTM-LogTarget-Small-scale_mean,validation
2022-07-29,2022-08-01,4.214166749504341,1.728213204042074,Calibrated-LSTM-LogTarget-Small-scale_mean,validation
2022-08-01,2022-08-02,0.6898714562213188,2.242507018430512,Calibrated-LSTM-LogTarget-Small-scale_mean,validation
2022-08-02,2022-08-03,0.4270040010021521,2.198647543809514,Calibrated-LSTM-LogTarget-Small-scale_mean,validation
2022-08-03,2022-08-04,0.1229567831793093,2.109919942706787,Calibrated-LSTM-LogTarget-Small-scale_mean,validation
2022-08-04,2022-08-05,0.0126539977340546,1.9733511313567038,Calibrated-LSTM-LogTarget-Small-scale_mean,validation
2022-08-05,2022-08-08,0.1021359274837244,1.817215594721823,Calibrated-LSTM-LogTarget-Small-scale_mean,validation
2022-08-08,2022-08-09,0.0278750471367201,1.8964621275991749,Calibrated-LSTM-LogTarget-Small-scale_mean,validation
2022-08-09,2022-08-10,0.0349139608846283,1.898073602730504,Calibrated-LSTM-LogTarget-Small-scale_mean,validation
2022-08-10,2022-08-11,0.1247429178058028,1.7619029855541695,Calibrated-LSTM-LogTarget-Small-scale_mean,validation
2022-08-11,2022-08-12,0.6660254086755314,2.0747794233407175,Calibrated-LSTM-LogTarget-Small-scale_mean,validation
2022-08-12,2022-08-15,0.8759670360790162,1.6516943272251787,Calibrated-LSTM-LogTarget-Small-scale_mean,validation
2022-08-15,2022-08-16,0.0014782571055336,1.7366380146443812,Calibrated-LSTM-LogTarget-Small-scale_mean,validation
2022-08-16,2022-08-17,0.0021413807191485,1.6334111814092334,Calibrated-LSTM-LogTarget-Small-scale_mean,validation
2022-08-17,2022-08-18,0.0161573789935176,1.7693261008342456,Calibrated-LSTM-LogTarget-Small-scale_mean,validation
2022-08-18,2022-08-19,0.124159183844011,1.6031710383698878,Calibrated-LSTM-LogTarget-Small-scale_mean,validation
2022-08-19,2022-08-22,0.4785997007311449,1.6120801577950192,Calibrated-LSTM-LogTarget-Small-scale_mean,validation
2022-08-22,2022-08-23,0.6726558406784502,1.6409915558911126,Calibrated-LSTM-LogTarget-Small-scale_mean,validation
2022-08-23,2022-08-24,0.2484394846076955,1.6057588821532989,Calibrated-LSTM-LogTarget-Small-scale_mean,validation
2022-08-24,2022-08-25,0.8344386477124279,1.6019701527532324,Calibrated-LSTM-LogTarget-Small-scale_mean,validation
2022-08-25,2022-08-26,0.2408597797174897,1.7066539685280329,Calibrated-LSTM-LogTarget-Small-scale_mean,validation
2022-08-26,2022-08-29,0.8499464536320859,1.7924337156625147,Calibrated-LSTM-LogTarget-Small-scale_mean,validation
2022-08-29,2022-08-30,0.4538418356510164,2.1494284103915526,Calibrated-LSTM-LogTarget-Small-scale_mean,validation
2022-08-30,2022-08-31,0.0076568491567018,1.5334850229740993,Calibrated-LSTM-LogTarget-Small-scale_mean,validation
2022-08-31,2022-09-05,0.061049351862573,1.4744825371949926,Calibrated-LSTM-LogTarget-Small-scale_mean,validation
2022-09-05,2022-09-06,1.532156699315195e-05,1.5102834984068012,Calibrated-LSTM-LogTarget-Small-scale_mean,validation
2022-09-06,2022-09-07,7.377847328826583,1.6438273844069065,Calibrated-LSTM-LogTarget-Small-scale_mean,validation
2022-09-07,2022-09-08,0.478523332029774,2.2398863337694785,Calibrated-LSTM-LogTarget-Small-scale_mean,validation
2022-09-08,2022-09-09,1.3041739898741895,1.7975686099203716,Calibrated-LSTM-LogTarget-Small-scale_mean,validation
2022-09-09,2022-09-12,0.004521626169754,1.8985270979958835,Calibrated-LSTM-LogTarget-Small-scale_mean,validation
2022-09-12,2022-09-13,0.0095408682654198,1.5290197444894564,Calibrated-LSTM-LogTarget-Small-scale_mean,validation
2022-09-13,2022-09-14,0.3758397161006742,1.568365005099292,Calibrated-LSTM-LogTarget-Small-scale_mean,validation
2022-09-14,2022-09-15,0.1547128388602677,1.9419888775081735,Calibrated-LSTM-LogTarget-Small-scale_mean,validation
2022-09-15,2022-09-16,0.6392848421140832,1.5836768063708593,Calibrated-LSTM-LogTarget-Small-scale_mean,validation
2022-09-16,2022-09-19,6.167092365627429,1.948954071768259,Calibrated-LSTM-LogTarget-Small-scale_mean,validation
2022-09-19,2022-09-20,1.2403443891166936,2.1196993288524726,Calibrated-LSTM-LogTarget-Small-scale_mean,validation
2022-09-20,2022-09-21,0.4759099851621189,1.780648934532445,Calibrated-LSTM-LogTarget-Small-scale_mean,validation
2022-09-21,2022-09-22,0.1171234903128616,1.6350012414720125,Calibrated-LSTM-LogTarget-Small-scale_mean,validation
2022-09-22,2022-09-23,0.8922637492009945,1.741549538078697,Calibrated-LSTM-LogTarget-Small-scale_mean,validation
2022-09-23,2022-09-26,5.922583365191483,1.785266049234879,Calibrated-LSTM-LogTarget-Small-scale_mean,validation
2022-09-26,2022-09-27,0.4452493243663706,2.3008531620608275,Calibrated-LSTM-LogTarget-Small-scale_mean,validation
2022-09-27,2022-09-28,3.9376181571955216,1.7627859847338485,Calibrated-LSTM-LogTarget-Small-scale_mean,validation
2022-09-28,2022-09-29,2.391654578614972,2.0313760803599323,Calibrated-LSTM-LogTarget-Small-scale_mean,validation
2022-09-29,2022-09-30,0.2861665228807753,1.8674960512952157,Calibrated-LSTM-LogTarget-Small-scale_mean,validation
2022-09-30,2022-10-03,16.955331578512116,2.0824259279322237,Calibrated-LSTM-LogTarget-Small-scale_mean,validation
2022-10-03,2022-10-04,0.5881297526576773,2.309338907516908,Calibrated-LSTM-LogTarget-Small-scale_mean,validation
2022-10-04,2022-10-05,5.7303230555022,1.978466731893112,Calibrated-LSTM-LogTarget-Small-scale_mean,validation
2022-10-05,2022-10-06,7.453651936358921,2.2625693494008496,Calibrated-LSTM-LogTarget-Small-scale_mean,validation
2022-10-06,2022-10-07,13.391049366085785,2.3613896371758267,Calibrated-LSTM-LogTarget-Small-scale_mean,validation
2022-10-07,2022-10-10,0.3997049579355222,2.658520336243945,Calibrated-LSTM-LogTarget-Small-scale_mean,validation
2022-10-10,2022-10-11,12.54691927074426,2.241164900623723,Calibrated-LSTM-LogTarget-Small-scale_mean,validation
2022-10-11,2022-10-12,7.860720182392412,2.5318927552809654,Calibrated-LSTM-LogTarget-Small-scale_mean,validation
2022-10-12,2022-10-13,2.4070722291092697,2.869083388061458,Calibrated-LSTM-LogTarget-Small-scale_mean,validation
2022-10-13,2022-10-14,1.0568030806874944,2.5806448850608654,Calibrated-LSTM-LogTarget-Small-scale_mean,validation
2022-10-14,2022-10-17,0.9445652838308308,2.684017640332965,Calibrated-LSTM-LogTarget-Small-scale_mean,validation
2022-10-17,2022-10-18,1.304619909377935,2.3621195376412603,Calibrated-LSTM-LogTarget-Small-scale_mean,validation
2022-10-18,2022-10-19,0.1143012847418557,2.6582395596612414,Calibrated-LSTM-LogTarget-Small-scale_mean,validation
2022-10-19,2022-10-20,0.0233897216248987,2.261715040010238,Calibrated-LSTM-LogTarget-Small-scale_mean,validation
2022-10-20,2022-10-21,13.823102148731785,2.2206357604185203,Calibrated-LSTM-LogTarget-Small-scale_mean,validation
2022-10-21,2022-10-24,11.27142788246664,2.741966348735826,Calibrated-LSTM-LogTarget-Small-scale_mean,validation
2022-10-24,2022-10-25,0.2552819963060921,2.697847417099259,Calibrated-LSTM-LogTarget-Small-scale_mean,validation
2022-10-25,2022-10-26,0.2322552175172126,2.3891634318703527,Calibrated-LSTM-LogTarget-Small-scale_mean,validation
2022-10-26,2022-10-27,17.476545289293156,2.0332847043120457,Calibrated-LSTM-LogTarget-Small-scale_mean,validation
2022-10-27,2022-10-28,0.0040004302898497,2.915447171784544,Calibrated-LSTM-LogTarget-Small-scale_mean,validation
2022-10-28,2022-10-31,0.003185411598369,2.1696165852849107,Calibrated-LSTM-LogTarget-Small-scale_mean,validation
2022-10-31,2022-11-01,0.3176638729946111,2.2343504830607768,Calibrated-LSTM-LogTarget-Small-scale_mean,validation
2022-11-01,2022-11-02,1.0542708806933592,2.3044424843499183,Calibrated-LSTM-LogTarget-Small-scale_mean,validation
2022-11-02,2022-11-03,0.1094857130367321,2.155972006416681,Calibrated-LSTM-LogTarget-Small-scale_mean,validation
2022-11-03,2022-11-04,5.049190747098641,2.1497774264923004,Calibrated-LSTM-LogTarget-Small-scale_mean,validation
2022-11-04,2022-11-07,4.95903292212355,2.5683203280406146,Calibrated-LSTM-LogTarget-Small-scale_mean,validation
2022-11-07,2022-11-08,0.4359307936718208,2.363241504233443,Calibrated-LSTM-LogTarget-Small-scale_mean,validation
2022-11-08,2022-11-09,0.1604496978685764,2.27770949576685,Calibrated-LSTM-LogTarget-Small-scale_mean,validation
2022-11-09,2022-11-10,15.751336654060546,2.126071821538425,Calibrated-LSTM-LogTarget-Small-scale_mean,validation
2022-11-10,2022-11-11,0.5877644540297541,2.5919713234043757,Calibrated-LSTM-LogTarget-Small-scale_mean,validation
2022-11-11,2022-11-14,2.025904181968848,2.285869802986479,Calibrated-LSTM-LogTarget-Small-scale_mean,validation
2022-11-14,2022-11-15,9.894366349346946,2.181892022346941,Calibrated-LSTM-LogTarget-Small-scale_mean,validation
2022-11-15,2022-11-16,11.17558049000805,2.421613690523204,Calibrated-LSTM-LogTarget-Small-scale_mean,validation
2022-11-16,2022-11-17,7.602516501605635,3.124386781627236,Calibrated-LSTM-LogTarget-Small-scale_mean,validation
2022-11-17,2022-11-18,5.215358122437767e-05,2.9325777429490936,Calibrated-LSTM-LogTarget-Small-scale_mean,validation
2022-11-18,2022-11-21,0.8090953049399706,2.3929800895240456,Calibrated-LSTM-LogTarget-Small-scale_mean,validation
2022-11-21,2022-11-22,0.7954965643291928,2.113951916146521,Calibrated-LSTM-LogTarget-Small-scale_mean,validation
2022-11-22,2022-11-23,0.4158325821141256,2.4925481733857993,Calibrated-LSTM-LogTarget-Small-scale_mean,validation
2022-11-23,2022-11-24,0.0326156098281846,2.0857610302214327,Calibrated-LSTM-LogTarget-Small-scale_mean,validation
2022-11-24,2022-11-25,6.126390414606435,2.0803322938046307,Calibrated-LSTM-LogTarget-Small-scale_mean,validation
2022-11-25,2022-11-28,11.99171626886051,2.727090071615947,Calibrated-LSTM-LogTarget-Small-scale_mean,validation
2022-11-28,2022-11-29,6.749510839154126,3.3051494552337313,Calibrated-LSTM-LogTarget-Small-scale_mean,validation
2022-11-29,2022-11-30,2.4431488019656613,3.0426551434488642,Calibrated-LSTM-LogTarget-Small-scale_mean,validation
2022-11-30,2022-12-01,1.3565007887137526,2.7052766527950456,Calibrated-LSTM-LogTarget-Small-scale_mean,validation
2022-12-01,2022-12-02,17.084105039989844,2.7227619509806185,Calibrated-LSTM-LogTarget-Small-scale_mean,validation
2022-12-02,2022-12-05,1.5797254157342264,3.2071816239472573,Calibrated-LSTM-LogTarget-Small-scale_mean,validation
2022-12-05,2022-12-06,17.637687522394646,2.707188266754049,Calibrated-LSTM-LogTarget-Small-scale_mean,validation
2022-12-06,2022-12-07,0.5388682275570345,2.8807341684731096,Calibrated-LSTM-LogTarget-Small-scale_mean,validation
2022-12-07,2022-12-08,0.8269714352452323,2.306199380895134,Calibrated-LSTM-LogTarget-Small-scale_mean,validation
2022-12-08,2022-12-09,0.0148277116225318,2.446037453481214,Calibrated-LSTM-LogTarget-Small-scale_mean,validation
2022-12-09,2022-12-12,3.589507425464579,2.2533441185082737,Calibrated-LSTM-LogTarget-Small-scale_mean,validation
2022-12-12,2022-12-13,2.1880754664799307,2.4291874522249497,Calibrated-LSTM-LogTarget-Small-scale_mean,validation
2022-12-13,2022-12-14,0.0807108309118899,2.5872678691139384,Calibrated-LSTM-LogTarget-Small-scale_mean,validation
2022-12-14,2022-12-15,0.2157077020057238,2.327104486111185,Calibrated-LSTM-LogTarget-Small-scale_mean,validation
2022-12-15,2022-12-16,0.072617015649584,2.34987113077017,Calibrated-LSTM-LogTarget-Small-scale_mean,validation
2022-12-16,2022-12-19,1.813928705292506,2.290900719338531,Calibrated-LSTM-LogTarget-Small-scale_mean,validation
2022-12-19,2022-12-20,2.1946973166474533,2.407723769017974,Calibrated-LSTM-LogTarget-Small-scale_mean,validation
2022-12-20,2022-12-21,0.1732700004356016,2.3886113905365645,Calibrated-LSTM-LogTarget-Small-scale_mean,validation
2022-12-21,2022-12-22,0.1335316168500294,1.9935481425207988,Calibrated-LSTM-LogTarget-Small-scale_mean,validation
2022-12-22,2022-12-23,0.0493851739530653,1.7665849993186034,Calibrated-LSTM-LogTarget-Small-scale_mean,validation
2022-12-23,2022-12-26,12.275470581243656,1.5809079959602526,Calibrated-LSTM-LogTarget-Small-scale_mean,validation
2022-12-26,2022-12-27,3.78693616836278,2.161063503393059,Calibrated-LSTM-LogTarget-Small-scale_mean,validation
2022-12-27,2022-12-28,1.2053971949970186,2.2319888937455756,Calibrated-LSTM-LogTarget-Small-scale_mean,validation
2022-12-28,2022-12-29,0.3958340163318585,1.9986548673066855,Calibrated-LSTM-LogTarget-Small-scale_mean,validation
2022-12-29,2022-12-30,0.047616879962563,1.8624855330267913,Calibrated-LSTM-LogTarget-Small-scale_mean,validation
