date,target_date,actual_var,pred_var,model,split
2023-01-03,2023-01-04,0.0549535930877402,2.482002110313422,Refit-BestGARCHFamily-fixed_train_only,test
2023-01-04,2023-01-05,0.8117646910153878,1.9765867393120606,Refit-BestGARCHFamily-fixed_train_only,test
2023-01-05,2023-01-06,0.172811729353928,1.7717962388700934,Refit-BestGARCHFamily-fixed_train_only,test
2023-01-06,2023-01-09,0.0692225607636781,1.6629671659803664,Refit-BestGARCHFamily-fixed_train_only,test
2023-01-09,2023-01-10,0.0066603499297191,1.381028597913308,Refit-BestGARCHFamily-fixed_train_only,test
2023-01-10,2023-01-11,0.0522271097766636,1.1444075310325157,Refit-BestGARCHFamily-fixed_train_only,test
2023-01-11,2023-01-12,0.0035587018238326,0.9989714024932105,Refit-BestGARCHFamily-fixed_train_only,test
2023-01-12,2023-01-13,0.1275802197397324,0.8328351887155515,Refit-BestGARCHFamily-fixed_train_only,test
2023-01-13,2023-01-16,0.374758039143315,0.7368469227798612,Refit-BestGARCHFamily-fixed_train_only,test
2023-01-16,2023-01-17,4.022686466488597,0.7029636137377184,Refit-BestGARCHFamily-fixed_train_only,test
2023-01-17,2023-01-18,0.8349687871773404,0.9356607750768117,Refit-BestGARCHFamily-fixed_train_only,test
2023-01-18,2023-01-19,0.7891600724610666,0.8979683789821874,Refit-BestGARCHFamily-fixed_train_only,test
2023-01-19,2023-01-27,0.6572756271765033,0.8535212148085757,Refit-BestGARCHFamily-fixed_train_only,test
2023-01-27,2023-01-30,1.7140630852404162,0.8060538072277614,Refit-BestGARCHFamily-fixed_train_only,test
2023-01-30,2023-01-31,0.6050810133388357,1.0668960441298556,Refit-BestGARCHFamily-fixed_train_only,test
2023-01-31,2023-02-01,10.368357126316685,1.0417535443658046,Refit-BestGARCHFamily-fixed_train_only,test
2023-02-01,2023-02-02,0.0226347776228954,2.116670624098825,Refit-BestGARCHFamily-fixed_train_only,test
2023-02-02,2023-02-03,0.0016679215067438,1.7889333167854475,Refit-BestGARCHFamily-fixed_train_only,test
2023-02-03,2023-02-06,1.256067923688864,1.4594174682422745,Refit-BestGARCHFamily-fixed_train_only,test
2023-02-06,2023-02-07,4.736232587067869,1.4464314876302853,Refit-BestGARCHFamily-fixed_train_only,test
2023-02-07,2023-02-08,0.3561755878073738,2.032776590945866,Refit-BestGARCHFamily-fixed_train_only,test
2023-02-08,2023-02-09,0.5879330834697908,1.7777936404973302,Refit-BestGARCHFamily-fixed_train_only,test
2023-02-09,2023-02-10,0.6787287097613596,1.691862155844354,Refit-BestGARCHFamily-fixed_train_only,test
2023-02-10,2023-02-13,1.2216869517708149,1.5855333223845975,Refit-BestGARCHFamily-fixed_train_only,test
2023-02-13,2023-02-14,0.2361888824871934,1.6162965124995026,Refit-BestGARCHFamily-fixed_train_only,test
2023-02-14,2023-02-15,0.8394668425834446,1.4396904719188275,Refit-BestGARCHFamily-fixed_train_only,test
2023-02-15,2023-02-16,0.9177621933014196,1.3818846527005795,Refit-BestGARCHFamily-fixed_train_only,test
2023-02-16,2023-02-17,0.0092805250097098,1.3219319834769603,Refit-BestGARCHFamily-fixed_train_only,test
2023-02-17,2023-02-20,6.512002780573765,1.0978985614423549,Refit-BestGARCHFamily-fixed_train_only,test
2023-02-20,2023-02-21,0.1691390418565458,1.4135057892656089,Refit-BestGARCHFamily-fixed_train_only,test
2023-02-21,2023-02-22,6.846416409130559,1.36932013909923,Refit-BestGARCHFamily-fixed_train_only,test
2023-02-22,2023-02-23,0.0034604047962046,2.150424586426653,Refit-BestGARCHFamily-fixed_train_only,test
2023-02-23,2023-02-24,1.8150207850841689,1.7498355436971755,Refit-BestGARCHFamily-fixed_train_only,test
2023-02-24,2023-02-27,3.1577928002505518,1.8222818978079671,Refit-BestGARCHFamily-fixed_train_only,test
2023-02-27,2023-02-28,0.1124261928232939,2.033584405491653,Refit-BestGARCHFamily-fixed_train_only,test
2023-02-28,2023-03-01,2.362077222441523,1.7498422600601207,Refit-BestGARCHFamily-fixed_train_only,test
2023-03-01,2023-03-02,0.0800566234507277,1.7766260651066175,Refit-BestGARCHFamily-fixed_train_only,test
2023-03-02,2023-03-03,1.5504718457013609,1.566309008640772,Refit-BestGARCHFamily-fixed_train_only,test
2023-03-03,2023-03-06,0.0551773612932756,1.7261215814924997,Refit-BestGARCHFamily-fixed_train_only,test
2023-03-06,2023-03-07,1.0659420423683896,1.4502123010266057,Refit-BestGARCHFamily-fixed_train_only,test
2023-03-07,2023-03-08,1.180976964777076,1.4127449553396834,Refit-BestGARCHFamily-fixed_train_only,test
2023-03-08,2023-03-09,0.4136971055728827,1.376314905446544,Refit-BestGARCHFamily-fixed_train_only,test
2023-03-09,2023-03-10,0.078265798957639,1.2121791720904018,Refit-BestGARCHFamily-fixed_train_only,test
2023-03-10,2023-03-13,0.0003608159625681,1.147889213867519,Refit-BestGARCHFamily-fixed_train_only,test
2023-03-13,2023-03-14,1.4659340258862177,0.9731875808576925,Refit-BestGARCHFamily-fixed_train_only,test
2023-03-14,2023-03-15,4.404587524685249,1.126277102503412,Refit-BestGARCHFamily-fixed_train_only,test
2023-03-15,2023-03-16,1.966140070411206,1.4073531344676888,Refit-BestGARCHFamily-fixed_train_only,test
2023-03-16,2023-03-17,0.0466583815583474,1.670279524864253,Refit-BestGARCHFamily-fixed_train_only,test
2023-03-17,2023-03-20,4.542701346022625,1.43307933119724,Refit-BestGARCHFamily-fixed_train_only,test
2023-03-20,2023-03-21,0.8241032078763476,1.9463009683991221,Refit-BestGARCHFamily-fixed_train_only,test
2023-03-21,2023-03-22,0.6122377400151076,1.8443808678552072,Refit-BestGARCHFamily-fixed_train_only,test
2023-03-22,2023-03-23,0.1912107767600162,1.687399131231609,Refit-BestGARCHFamily-fixed_train_only,test
2023-03-23,2023-03-24,0.0261069358389794,1.438988069761008,Refit-BestGARCHFamily-fixed_train_only,test
2023-03-24,2023-03-27,0.2706486133246383,1.1959549752995695,Refit-BestGARCHFamily-fixed_train_only,test
2023-03-27,2023-03-28,0.0375129464792075,1.055500185732752,Refit-BestGARCHFamily-fixed_train_only,test
2023-03-28,2023-03-29,0.0373680554186715,0.9058920350299645,Refit-BestGARCHFamily-fixed_train_only,test
2023-03-29,2023-03-30,0.0864260143113033,0.7887280768233605,Refit-BestGARCHFamily-fixed_train_only,test
2023-03-30,2023-03-31,0.2397323675517269,0.6948171691818037,Refit-BestGARCHFamily-fixed_train_only,test
2023-03-31,2023-04-03,1.8652562093058924,0.6417875468186368,Refit-BestGARCHFamily-fixed_train_only,test
2023-04-03,2023-04-04,0.0059186412860023,0.7449197231456903,Refit-BestGARCHFamily-fixed_train_only,test
2023-04-04,2023-04-05,0.0498269661847383,0.6748063118796012,Refit-BestGARCHFamily-fixed_train_only,test
2023-04-05,2023-04-06,0.8553042836437406,0.5894647409900204,Refit-BestGARCHFamily-fixed_train_only,test
2023-04-06,2023-04-07,0.0125702355791553,0.735435991077284,Refit-BestGARCHFamily-fixed_train_only,test
2023-04-07,2023-04-10,0.1668068990512428,0.6323247895491422,Refit-BestGARCHFamily-fixed_train_only,test
2023-04-10,2023-04-11,0.1482607699784405,0.6052097447759008,Refit-BestGARCHFamily-fixed_train_only,test
2023-04-11,2023-04-12,8.743291732272662e-07,0.5774197882584682,Refit-BestGARCHFamily-fixed_train_only,test
2023-04-12,2023-04-13,0.2330177840007939,0.5058336921952172,Refit-BestGARCHFamily-fixed_train_only,test
2023-04-13,2023-04-14,1.1617696349612645,0.5425332395168536,Refit-BestGARCHFamily-fixed_train_only,test
2023-04-14,2023-04-17,0.0076283447272982,0.7018751853511211,Refit-BestGARCHFamily-fixed_train_only,test
2023-04-17,2023-04-18,0.0131688449679895,0.6240850173190179,Refit-BestGARCHFamily-fixed_train_only,test
2023-04-18,2023-04-19,0.3296437026732272,0.5563092930784127,Refit-BestGARCHFamily-fixed_train_only,test
2023-04-19,2023-04-20,0.0006623405434785,0.5948879373079853,Refit-BestGARCHFamily-fixed_train_only,test
2023-04-20,2023-04-21,0.3673257523211698,0.508456236086287,Refit-BestGARCHFamily-fixed_train_only,test
2023-04-21,2023-04-24,0.0221215519921837,0.5617543557215627,Refit-BestGARCHFamily-fixed_train_only,test
2023-04-24,2023-04-25,0.3932622485353985,0.4946311319265945,Refit-BestGARCHFamily-fixed_train_only,test
2023-04-25,2023-04-26,0.328691182889417,0.5376825784975141,Refit-BestGARCHFamily-fixed_train_only,test
2023-04-26,2023-04-27,0.0126510214171176,0.5429414441666192,Refit-BestGARCHFamily-fixed_train_only,test
2023-04-27,2023-04-28,0.8257060505705139,0.49766713203100793,Refit-BestGARCHFamily-fixed_train_only,test
2023-04-28,2023-05-04,0.663351259487948,0.5453327038255632,Refit-BestGARCHFamily-fixed_train_only,test
2023-05-04,2023-05-05,0.0008313650023289,0.6665446455849146,Refit-BestGARCHFamily-fixed_train_only,test
2023-05-05,2023-05-08,1.5730813455266768,0.5720262858640093,Refit-BestGARCHFamily-fixed_train_only,test
2023-05-08,2023-05-09,0.0009810073041391,0.6752155425519071,Refit-BestGARCHFamily-fixed_train_only,test
2023-05-09,2023-05-10,0.1807814295588449,0.5837887145485476,Refit-BestGARCHFamily-fixed_train_only,test
2023-05-10,2023-05-11,0.0116169732719969,0.5432951807082516,Refit-BestGARCHFamily-fixed_train_only,test
2023-05-11,2023-05-12,0.8480601097426534,0.5124106426951368,Refit-BestGARCHFamily-fixed_train_only,test
2023-05-12,2023-05-15,0.0124546383596074,0.5595521540433605,Refit-BestGARCHFamily-fixed_train_only,test
2023-05-15,2023-05-16,0.0003521278803455,0.5120100176270022,Refit-BestGARCHFamily-fixed_train_only,test
2023-05-16,2023-05-17,0.2647079940558091,0.44456627055445824,Refit-BestGARCHFamily-fixed_train_only,test
2023-05-17,2023-05-18,0.5467189046851431,0.4941426976142185,Refit-BestGARCHFamily-fixed_train_only,test
2023-05-18,2023-05-19,0.0134881726921275,0.5239262660321955,Refit-BestGARCHFamily-fixed_train_only,test
2023-05-19,2023-05-22,0.1115577260954784,0.47612538147284617,Refit-BestGARCHFamily-fixed_train_only,test
2023-05-22,2023-05-23,0.2010623455676166,0.44900155977783723,Refit-BestGARCHFamily-fixed_train_only,test
2023-05-23,2023-05-24,0.1456521231551851,0.4892803286854254,Refit-BestGARCHFamily-fixed_train_only,test
2023-05-24,2023-05-25,0.0713508401309495,0.4965601876694654,Refit-BestGARCHFamily-fixed_train_only,test
2023-05-25,2023-05-26,0.006683379548905,0.46658025358674626,Refit-BestGARCHFamily-fixed_train_only,test
2023-05-26,2023-05-29,1.1008741895280585,0.41382647933077943,Refit-BestGARCHFamily-fixed_train_only,test
2023-05-29,2023-05-30,0.0813274524532,0.4903574141808437,Refit-BestGARCHFamily-fixed_train_only,test
2023-05-30,2023-05-31,0.0715597269351419,0.43821847803252645,Refit-BestGARCHFamily-fixed_train_only,test
2023-05-31,2023-06-01,0.0894248931377806,0.44848609782355636,Refit-BestGARCHFamily-fixed_train_only,test
2023-06-01,2023-06-02,1.3176407801372392,0.4192730480308421,Refit-BestGARCHFamily-fixed_train_only,test
2023-06-02,2023-06-05,0.4068339428608296,0.5114600585029406,Refit-BestGARCHFamily-fixed_train_only,test
2023-06-05,2023-06-06,0.9043890866960916,0.5082916208047576,Refit-BestGARCHFamily-fixed_train_only,test
2023-06-06,2023-06-07,0.0123028566285396,0.5412469821819023,Refit-BestGARCHFamily-fixed_train_only,test
2023-06-07,2023-06-08,0.5529490855904797,0.4829983710781758,Refit-BestGARCHFamily-fixed_train_only,test
2023-06-08,2023-06-09,0.3161644467066298,0.5857519300578928,Refit-BestGARCHFamily-fixed_train_only,test
2023-06-09,2023-06-12,0.5831574033164091,0.5853349421425934,Refit-BestGARCHFamily-fixed_train_only,test
2023-06-12,2023-06-13,0.3310759893352936,0.607362708952899,Refit-BestGARCHFamily-fixed_train_only,test
2023-06-13,2023-06-14,0.2025223817587841,0.583696553180884,Refit-BestGARCHFamily-fixed_train_only,test
2023-06-14,2023-06-15,0.0016224341258812,0.6281590818715569,Refit-BestGARCHFamily-fixed_train_only,test
2023-06-15,2023-06-16,0.024585211583996,0.5565390196084291,Refit-BestGARCHFamily-fixed_train_only,test
2023-06-16,2023-06-19,0.7822402072538185,0.5016657194653642,Refit-BestGARCHFamily-fixed_train_only,test
2023-06-19,2023-06-20,0.3250259985876756,0.5988177118467443,Refit-BestGARCHFamily-fixed_train_only,test
2023-06-20,2023-06-21,0.3653445181035127,0.5991724953043981,Refit-BestGARCHFamily-fixed_train_only,test
2023-06-21,2023-06-22,0.3717252672960691,0.5858181162615045,Refit-BestGARCHFamily-fixed_train_only,test
2023-06-22,2023-06-23,0.1309819466607628,0.5707698330583078,Refit-BestGARCHFamily-fixed_train_only,test
2023-06-23,2023-06-26,0.0549279663710728,0.5192829642272074,Refit-BestGARCHFamily-fixed_train_only,test
2023-06-26,2023-06-27,0.0411962958640958,0.4611405707305554,Refit-BestGARCHFamily-fixed_train_only,test
2023-06-27,2023-06-28,0.1251516048900254,0.4135829674852819,Refit-BestGARCHFamily-fixed_train_only,test
2023-06-28,2023-06-29,1.3110715533307906,0.3949364734297059,Refit-BestGARCHFamily-fixed_train_only,test
2023-06-29,2023-06-30,0.2153197174085333,0.5903516168765891,Refit-BestGARCHFamily-fixed_train_only,test
2023-06-30,2023-07-03,0.2244859363593752,0.5881266798264472,Refit-BestGARCHFamily-fixed_train_only,test
2023-07-03,2023-07-04,0.331614557206894,0.5760057928984705,Refit-BestGARCHFamily-fixed_train_only,test
2023-07-04,2023-07-05,0.0534448088033697,0.5735504070990951,Refit-BestGARCHFamily-fixed_train_only,test
2023-07-05,2023-07-06,0.5521828368120864,0.5097977125505744,Refit-BestGARCHFamily-fixed_train_only,test
2023-07-06,2023-07-07,1.0955709924740076,0.6214948471538072,Refit-BestGARCHFamily-fixed_train_only,test
2023-07-07,2023-07-10,0.9169134777331625,0.6823603393231995,Refit-BestGARCHFamily-fixed_train_only,test
2023-07-10,2023-07-11,0.057144157007868,0.7183761853947784,Refit-BestGARCHFamily-fixed_train_only,test
2023-07-11,2023-07-12,0.0444186703613796,0.628432338159783,Refit-BestGARCHFamily-fixed_train_only,test
2023-07-12,2023-07-13,0.9358770339385756,0.5416518221245964,Refit-BestGARCHFamily-fixed_train_only,test
2023-07-13,2023-07-14,0.0652166185346891,0.5781984385791239,Refit-BestGARCHFamily-fixed_train_only,test
2023-07-14,2023-07-17,0.1632239943294482,0.5154356001629932,Refit-BestGARCHFamily-fixed_train_only,test
2023-07-17,2023-07-18,0.0066910598075562,0.4887582802711226,Refit-BestGARCHFamily-fixed_train_only,test
2023-07-18,2023-07-19,0.0089465157105592,0.42587377299773016,Refit-BestGARCHFamily-fixed_train_only,test
2023-07-19,2023-07-20,0.0002100775164203,0.40109316566721304,Refit-BestGARCHFamily-fixed_train_only,test
2023-07-20,2023-07-21,1.2319670859049314,0.3551583802426425,Refit-BestGARCHFamily-fixed_train_only,test
2023-07-21,2023-07-24,0.164526463877313,0.44881448506634347,Refit-BestGARCHFamily-fixed_train_only,test
2023-07-24,2023-07-25,0.1884318549081098,0.4245018181784624,Refit-BestGARCHFamily-fixed_train_only,test
2023-07-25,2023-07-26,0.1699312574616927,0.4019575023967579,Refit-BestGARCHFamily-fixed_train_only,test
2023-07-26,2023-07-27,0.0856869950327944,0.3793135263806975,Refit-BestGARCHFamily-fixed_train_only,test
2023-07-27,2023-07-28,0.7393945741890614,0.3931034454609181,Refit-BestGARCHFamily-fixed_train_only,test
2023-07-28,2023-07-31,1.5705613280253743,0.4488651596056296,Refit-BestGARCHFamily-fixed_train_only,test
2023-07-31,2023-08-01,0.191513989792846,0.5462770089479894,Refit-BestGARCHFamily-fixed_train_only,test
2023-08-01,2023-08-02,0.0554319741987418,0.5941727971309544,Refit-BestGARCHFamily-fixed_train_only,test
2023-08-02,2023-08-03,0.6081005379926719,0.5240291520189624,Refit-BestGARCHFamily-fixed_train_only,test
2023-08-03,2023-08-04,1.5216082607669985,0.6247569494732117,Refit-BestGARCHFamily-fixed_train_only,test
2023-08-04,2023-08-07,1.5663427455149326,0.7377134905804368,Refit-BestGARCHFamily-fixed_train_only,test
2023-08-07,2023-08-08,0.0042545072808971,0.816450744593042,Refit-BestGARCHFamily-fixed_train_only,test
2023-08-08,2023-08-09,0.4429341513499315,0.7166354689664699,Refit-BestGARCHFamily-fixed_train_only,test
2023-08-09,2023-08-10,1.18855521360565,0.8074821403804686,Refit-BestGARCHFamily-fixed_train_only,test
2023-08-10,2023-08-11,0.8946457187409982,0.961923918918482,Refit-BestGARCHFamily-fixed_train_only,test
2023-08-11,2023-08-14,0.1406576061529025,1.0028785076229305,Refit-BestGARCHFamily-fixed_train_only,test
2023-08-14,2023-08-15,0.0509990332423939,0.9050178618623811,Refit-BestGARCHFamily-fixed_train_only,test
2023-08-15,2023-08-16,0.5528693854620391,0.8358095909151761,Refit-BestGARCHFamily-fixed_train_only,test
2023-08-16,2023-08-17,0.6237080926504832,0.796137716772183,Refit-BestGARCHFamily-fixed_train_only,test
2023-08-17,2023-08-18,21.187467781738864,0.8893068085349257,Refit-BestGARCHFamily-fixed_train_only,test
2023-08-18,2023-08-21,0.0225429724444894,2.869220084537624,Refit-BestGARCHFamily-fixed_train_only,test
2023-08-21,2023-08-22,0.0038263943505654,2.4230727035723008,Refit-BestGARCHFamily-fixed_train_only,test
2023-08-22,2023-08-23,0.4543048185096983,2.002172300865719,Refit-BestGARCHFamily-fixed_train_only,test
2023-08-23,2023-08-24,2.030960720400387,1.798659863564237,Refit-BestGARCHFamily-fixed_train_only,test
2023-08-24,2023-08-25,0.2574822009117362,1.7763904335036447,Refit-BestGARCHFamily-fixed_train_only,test
2023-08-25,2023-08-28,2.3677711449578327,1.6770839430057751,Refit-BestGARCHFamily-fixed_train_only,test
2023-08-28,2023-08-29,0.0507403600472885,1.7067514148690133,Refit-BestGARCHFamily-fixed_train_only,test
2023-08-29,2023-08-30,0.521587233427783,1.4074766432831696,Refit-BestGARCHFamily-fixed_train_only,test
2023-08-30,2023-08-31,0.798611626583033,1.275748219960341,Refit-BestGARCHFamily-fixed_train_only,test
2023-08-31,2023-09-05,0.790275250555677,1.1859556198738643,Refit-BestGARCHFamily-fixed_train_only,test
2023-09-05,2023-09-06,0.7194907575034776,1.1134045929682064,Refit-BestGARCHFamily-fixed_train_only,test
2023-09-06,2023-09-07,0.0359716287929884,1.051084918553858,Refit-BestGARCHFamily-fixed_train_only,test
2023-09-07,2023-09-08,0.0178548556372743,0.9574357236483356,Refit-BestGARCHFamily-fixed_train_only,test
2023-09-08,2023-09-11,2.097389099277001,0.8507466238612932,Refit-BestGARCHFamily-fixed_train_only,test
2023-09-11,2023-09-12,3.1212396050656377,1.1201677003965973,Refit-BestGARCHFamily-fixed_train_only,test
2023-09-12,2023-09-13,0.3222528903899724,1.316643461372354,Refit-BestGARCHFamily-fixed_train_only,test
2023-09-13,2023-09-14,1.4026151894519558,1.2616343340903053,Refit-BestGARCHFamily-fixed_train_only,test
2023-09-14,2023-09-15,0.0839016379792105,1.4118598849910582,Refit-BestGARCHFamily-fixed_train_only,test
2023-09-15,2023-09-18,1.6257299462595711,1.2100369221106526,Refit-BestGARCHFamily-fixed_train_only,test
2023-09-18,2023-09-19,0.000654584074098,1.3726576316590526,Refit-BestGARCHFamily-fixed_train_only,test
2023-09-19,2023-09-20,1.4369523878233037,1.1540873993132645,Refit-BestGARCHFamily-fixed_train_only,test
2023-09-20,2023-09-21,1.2021573804780938,1.1937782801191352,Refit-BestGARCHFamily-fixed_train_only,test
2023-09-21,2023-09-22,2.67951003310709,1.3561374260743073,Refit-BestGARCHFamily-fixed_train_only,test
2023-09-22,2023-09-25,11.541216926620844,1.6657480821510777,Refit-BestGARCHFamily-fixed_train_only,test
2023-09-25,2023-09-26,1.7698314100181254,2.7554081175789378,Refit-BestGARCHFamily-fixed_train_only,test
2023-09-26,2023-09-27,1.922934467977144,2.5316816127032715,Refit-BestGARCHFamily-fixed_train_only,test
2023-09-27,2023-09-28,0.0151639632836694,2.498435076300827,Refit-BestGARCHFamily-fixed_train_only,test
2023-09-28,2023-09-29,0.02224231577349,2.0277038102189664,Refit-BestGARCHFamily-fixed_train_only,test
2023-09-29,2023-10-02,0.0090750098350391,1.6353794880789025,Refit-BestGARCHFamily-fixed_train_only,test
2023-10-02,2023-10-03,10.683716279206385,1.3551920940755497,Refit-BestGARCHFamily-fixed_train_only,test
2023-10-03,2023-10-04,0.8853176884286172,2.4505431354860887,Refit-BestGARCHFamily-fixed_train_only,test
2023-10-04,2023-10-05,1.7375339257639013,2.2928431692390454,Refit-BestGARCHFamily-fixed_train_only,test
2023-10-05,2023-10-06,1.7072998751511268,2.2984519783323165,Refit-BestGARCHFamily-fixed_train_only,test
2023-10-06,2023-10-09,0.6060662073826656,2.1964965831133636,Refit-BestGARCHFamily-fixed_train_only,test
2023-10-09,2023-10-10,0.3080349756366544,1.9043726769374751,Refit-BestGARCHFamily-fixed_train_only,test
2023-10-10,2023-10-11,0.3851648462229108,1.6223400825823375,Refit-BestGARCHFamily-fixed_train_only,test
2023-10-11,2023-10-12,0.0048291522978458,1.4204310844742214,Refit-BestGARCHFamily-fixed_train_only,test
2023-10-12,2023-10-13,0.0732020168306359,1.173905062853658,Refit-BestGARCHFamily-fixed_train_only,test
2023-10-13,2023-10-16,1.3440806213781142,1.0056170720947064,Refit-BestGARCHFamily-fixed_train_only,test
2023-10-16,2023-10-17,3.052807721519015,1.179469908146329,Refit-BestGARCHFamily-fixed_train_only,test
2023-10-17,2023-10-18,2.691074109609036,1.506163064064022,Refit-BestGARCHFamily-fixed_train_only,test
2023-10-18,2023-10-19,2.014426845995019,1.7123422183856136,Refit-BestGARCHFamily-fixed_train_only,test
2023-10-19,2023-10-20,3.37838828040453,1.7769535684422715,Refit-BestGARCHFamily-fixed_train_only,test
2023-10-20,2023-10-23,1.7351918672263549,1.9490078899504042,Refit-BestGARCHFamily-fixed_train_only,test
2023-10-23,2023-10-24,1.2652847100550173,2.084020517335455,Refit-BestGARCHFamily-fixed_train_only,test
2023-10-24,2023-10-25,0.1475596920145903,1.935604300844215,Refit-BestGARCHFamily-fixed_train_only,test
2023-10-25,2023-10-26,18.362010800338208,1.7416978915174686,Refit-BestGARCHFamily-fixed_train_only,test
2023-10-26,2023-10-27,0.2387716417217482,3.507224098613695,Refit-BestGARCHFamily-fixed_train_only,test
2023-10-27,2023-10-30,3.0025597858118136,3.0047769526582426,Refit-BestGARCHFamily-fixed_train_only,test
2023-10-30,2023-10-31,1.8839681619493045,3.0418479577781703,Refit-BestGARCHFamily-fixed_train_only,test
2023-10-31,2023-11-01,1.230715501580414,2.8746744355743714,Refit-BestGARCHFamily-fixed_train_only,test
2023-11-01,2023-11-02,11.467731176476716,2.610942400635691,Refit-BestGARCHFamily-fixed_train_only,test
2023-11-02,2023-11-03,0.0148189440021049,3.084230467002279,Refit-BestGARCHFamily-fixed_train_only,test
2023-11-03,2023-11-06,1.4138672012584073,2.507180500619615,Refit-BestGARCHFamily-fixed_train_only,test
2023-11-06,2023-11-07,0.7458390495009208,2.2309485231392827,Refit-BestGARCHFamily-fixed_train_only,test
2023-11-07,2023-11-08,9.129956144189087,2.2186971616743416,Refit-BestGARCHFamily-fixed_train_only,test
2023-11-08,2023-11-09,0.0017061233763225,2.641993825218751,Refit-BestGARCHFamily-fixed_train_only,test
2023-11-09,2023-11-10,1.2148681903111338,2.1392972387940077,Refit-BestGARCHFamily-fixed_train_only,test
2023-11-10,2023-11-13,0.0213882813414155,2.184790736826895,Refit-BestGARCHFamily-fixed_train_only,test
2023-11-13,2023-11-14,0.7643879612116624,1.8379988862431467,Refit-BestGARCHFamily-fixed_train_only,test
2023-11-14,2023-11-15,1.309101680363533,1.6909304691509301,Refit-BestGARCHFamily-fixed_train_only,test
2023-11-15,2023-11-16,0.0726677258555493,1.6429220802040343,Refit-BestGARCHFamily-fixed_train_only,test
2023-11-16,2023-11-17,4.779742663796966,1.3617099604909224,Refit-BestGARCHFamily-fixed_train_only,test
2023-11-17,2023-11-20,0.0501991268589152,2.0099661111143865,Refit-BestGARCHFamily-fixed_train_only,test
2023-11-20,2023-11-21,0.3772925570702379,1.678141365247574,Refit-BestGARCHFamily-fixed_train_only,test
2023-11-21,2023-11-22,0.0912767762573235,1.5294496553868875,Refit-BestGARCHFamily-fixed_train_only,test
2023-11-22,2023-11-23,5.291901747240125,1.3265966436884045,Refit-BestGARCHFamily-fixed_train_only,test
2023-11-23,2023-11-24,0.4250871900618609,1.9812331124670743,Refit-BestGARCHFamily-fixed_train_only,test
2023-11-24,2023-11-27,0.4781711175817431,1.7424399872740197,Refit-BestGARCHFamily-fixed_train_only,test
2023-11-27,2023-11-28,0.4557176520002135,1.618667333229234,Refit-BestGARCHFamily-fixed_train_only,test
2023-11-28,2023-11-29,0.4496265629344425,1.504525294664149,Refit-BestGARCHFamily-fixed_train_only,test
2023-11-29,2023-11-30,0.6229744807299576,1.3530146600226398,Refit-BestGARCHFamily-fixed_train_only,test
2023-11-30,2023-12-01,0.5347066481770756,1.4162090847941973,Refit-BestGARCHFamily-fixed_train_only,test
2023-12-01,2023-12-04,2.720585966130201,1.2909086743652425,Refit-BestGARCHFamily-fixed_train_only,test
2023-12-04,2023-12-05,0.163386350982878,1.4046437171121253,Refit-BestGARCHFamily-fixed_train_only,test
2023-12-05,2023-12-06,0.8703691532467039,1.2959314741281842,Refit-BestGARCHFamily-fixed_train_only,test
2023-12-06,2023-12-07,0.193176184914791,1.2214150669338375,Refit-BestGARCHFamily-fixed_train_only,test
2023-12-07,2023-12-08,0.0690100099875838,1.189679136389183,Refit-BestGARCHFamily-fixed_train_only,test
2023-12-08,2023-12-11,0.0088783019772855,1.0283921871967099,Refit-BestGARCHFamily-fixed_train_only,test
2023-12-11,2023-12-12,0.0357476055077411,0.8758036639978695,Refit-BestGARCHFamily-fixed_train_only,test
2023-12-12,2023-12-13,1.4355458045904153,0.7607748289502695,Refit-BestGARCHFamily-fixed_train_only,test
2023-12-13,2023-12-14,0.1339218193100039,0.9753021448886452,Refit-BestGARCHFamily-fixed_train_only,test
2023-12-14,2023-12-15,0.501011926570286,0.8939698647540216,Refit-BestGARCHFamily-fixed_train_only,test
2023-12-15,2023-12-18,0.9021057574713134,0.8978700876885112,Refit-BestGARCHFamily-fixed_train_only,test
2023-12-18,2023-12-19,0.163207316046184,0.9548976683333258,Refit-BestGARCHFamily-fixed_train_only,test
2023-12-19,2023-12-20,0.1648341022859622,0.8803812348407711,Refit-BestGARCHFamily-fixed_train_only,test
2023-12-20,2023-12-21,0.0229820728280408,0.7957004248258355,Refit-BestGARCHFamily-fixed_train_only,test
2023-12-21,2023-12-22,0.003263855536434,0.6813562473139606,Refit-BestGARCHFamily-fixed_train_only,test
2023-12-22,2023-12-25,1.728982548756669,0.5810671663389484,Refit-BestGARCHFamily-fixed_train_only,test
2023-12-25,2023-12-26,0.1679675706187517,0.6851836852939944,Refit-BestGARCHFamily-fixed_train_only,test
2023-12-26,2023-12-27,0.0005368687109465,0.6199927885192742,Refit-BestGARCHFamily-fixed_train_only,test
2023-12-27,2023-12-28,0.3802432948523992,0.5571785463874894,Refit-BestGARCHFamily-fixed_train_only,test
2023-12-28,2023-12-29,0.0078393746118935,0.5459222924467709,Refit-BestGARCHFamily-fixed_train_only,test
2023-12-29,2024-01-02,0.0250562134986935,0.46869356453819616,Refit-BestGARCHFamily-fixed_train_only,test
2024-01-02,2024-01-03,1.197029417048885,0.42055359597566744,Refit-BestGARCHFamily-fixed_train_only,test
2024-01-03,2024-01-04,0.3258526092006003,0.4993821306908113,Refit-BestGARCHFamily-fixed_train_only,test
2024-01-04,2024-01-05,0.1180208232703248,0.4833170611245051,Refit-BestGARCHFamily-fixed_train_only,test
2024-01-05,2024-01-08,0.2266269824272246,0.44069961687980974,Refit-BestGARCHFamily-fixed_train_only,test
2024-01-08,2024-01-09,0.0190450011331964,0.42411891112903727,Refit-BestGARCHFamily-fixed_train_only,test
2024-01-09,2024-01-10,0.0646665738710911,0.40575904157381454,Refit-BestGARCHFamily-fixed_train_only,test
2024-01-10,2024-01-11,0.0034252738431133,0.37915939686547057,Refit-BestGARCHFamily-fixed_train_only,test
2024-01-11,2024-01-12,0.4213826457560849,0.33271895179119526,Refit-BestGARCHFamily-fixed_train_only,test
2024-01-12,2024-01-15,0.0025242702278622,0.4100297909384594,Refit-BestGARCHFamily-fixed_train_only,test
2024-01-15,2024-01-16,0.6034028324453893,0.3618228046677739,Refit-BestGARCHFamily-fixed_train_only,test
2024-01-16,2024-01-17,0.0025743958188708,0.40937542576453295,Refit-BestGARCHFamily-fixed_train_only,test
2024-01-17,2024-01-18,0.3137503773939618,0.37275163195135985,Refit-BestGARCHFamily-fixed_train_only,test
2024-01-18,2024-01-19,1.120382144309341,0.3808264784232946,Refit-BestGARCHFamily-fixed_train_only,test
2024-01-19,2024-01-22,0.0132345962603059,0.44577627581286494,Refit-BestGARCHFamily-fixed_train_only,test
2024-01-22,2024-01-23,0.2062692888507807,0.3906353479365555,Refit-BestGARCHFamily-fixed_train_only,test
2024-01-23,2024-01-24,0.1485757892019817,0.43386503414573857,Refit-BestGARCHFamily-fixed_train_only,test
2024-01-24,2024-01-25,0.0492420848338565,0.44766407345316295,Refit-BestGARCHFamily-fixed_train_only,test
2024-01-25,2024-01-26,0.2041467089523473,0.4188500977551709,Refit-BestGARCHFamily-fixed_train_only,test
2024-01-26,2024-01-29,2.893888078905973e-06,0.4240117603819264,Refit-BestGARCHFamily-fixed_train_only,test
2024-01-29,2024-01-30,0.1130691080782245,0.3735503329554419,Refit-BestGARCHFamily-fixed_train_only,test
2024-01-30,2024-01-31,1.7132578057426455,0.3549438834425432,Refit-BestGARCHFamily-fixed_train_only,test
2024-01-31,2024-02-01,0.5554695483427156,0.6040446356968486,Refit-BestGARCHFamily-fixed_train_only,test
2024-02-01,2024-02-02,0.0016060494837953,0.6338675627950764,Refit-BestGARCHFamily-fixed_train_only,test
2024-02-02,2024-02-05,1.312405125307974,0.5457237555869164,Refit-BestGARCHFamily-fixed_train_only,test
2024-02-05,2024-02-06,0.041546270496195,0.6313950492721323,Refit-BestGARCHFamily-fixed_train_only,test
2024-02-06,2024-02-07,0.7090694435364681,0.5408824750613894,Refit-BestGARCHFamily-fixed_train_only,test
2024-02-07,2024-02-15,0.10935700902328,0.5576934864566804,Refit-BestGARCHFamily-fixed_train_only,test
2024-02-15,2024-02-16,0.3563698361907522,0.5034121997525373,Refit-BestGARCHFamily-fixed_train_only,test
2024-02-16,2024-02-19,1.5735090531706803,0.5016277519173631,Refit-BestGARCHFamily-fixed_train_only,test
2024-02-19,2024-02-20,0.1719424828204338,0.5928028108875988,Refit-BestGARCHFamily-fixed_train_only,test
2024-02-20,2024-02-21,2.643713937948573e-06,0.5360306012489442,Refit-BestGARCHFamily-fixed_train_only,test
2024-02-21,2024-02-22,0.0493686905262693,0.4890739740022371,Refit-BestGARCHFamily-fixed_train_only,test
2024-02-22,2024-02-23,1.5757517057356472,0.47613272050077904,Refit-BestGARCHFamily-fixed_train_only,test
2024-02-23,2024-02-26,0.9982359162312492,0.6824831077447061,Refit-BestGARCHFamily-fixed_train_only,test
2024-02-26,2024-02-27,1.16593097532243,0.7551134765044619,Refit-BestGARCHFamily-fixed_train_only,test
2024-02-27,2024-02-28,1.8813005066335944,0.8057317583610951,Refit-BestGARCHFamily-fixed_train_only,test
2024-02-28,2024-02-29,0.0210764395400896,0.8820182797718297,Refit-BestGARCHFamily-fixed_train_only,test
2024-02-29,2024-03-01,0.1954116660389362,0.8383813309613326,Refit-BestGARCHFamily-fixed_train_only,test
2024-03-01,2024-03-04,0.0617241173730905,0.7491948470175523,Refit-BestGARCHFamily-fixed_train_only,test
2024-03-04,2024-03-05,0.458465682898879,0.6608387261419806,Refit-BestGARCHFamily-fixed_train_only,test
2024-03-05,2024-03-06,0.3277686759141466,0.6606999136470868,Refit-BestGARCHFamily-fixed_train_only,test
2024-03-06,2024-03-07,0.2049845962757557,0.708149886465989,Refit-BestGARCHFamily-fixed_train_only,test
2024-03-07,2024-03-08,2.816444292658484,0.6553486097511488,Refit-BestGARCHFamily-fixed_train_only,test
2024-03-08,2024-03-11,0.912721979122844,1.023425345901153,Refit-BestGARCHFamily-fixed_train_only,test
2024-03-11,2024-03-12,0.5879634369893775,1.0628175490140601,Refit-BestGARCHFamily-fixed_train_only,test
2024-03-12,2024-03-13,4.113946023612082,1.05220118858846,Refit-BestGARCHFamily-fixed_train_only,test
2024-03-13,2024-03-14,0.2431894157728003,1.2844623334536358,Refit-BestGARCHFamily-fixed_train_only,test
2024-03-14,2024-03-15,0.0014420309906953,1.2685700863569198,Refit-BestGARCHFamily-fixed_train_only,test
2024-03-15,2024-03-18,2.60144510071112,1.1033532917322388,Refit-BestGARCHFamily-fixed_train_only,test
2024-03-18,2024-03-19,0.0078313418483015,1.439036124542661,Refit-BestGARCHFamily-fixed_train_only,test
2024-03-19,2024-03-20,1.98300631416396,1.2010833814766473,Refit-BestGARCHFamily-fixed_train_only,test
2024-03-20,2024-03-21,1.659993462713211,1.3068764032718443,Refit-BestGARCHFamily-fixed_train_only,test
2024-03-21,2024-03-22,0.1769090471586793,1.309306745797613,Refit-BestGARCHFamily-fixed_train_only,test
2024-03-22,2024-03-25,1.1957204376691162,1.0967437578104209,Refit-BestGARCHFamily-fixed_train_only,test
2024-03-25,2024-03-26,1.266685379522265,1.300180492873439,Refit-BestGARCHFamily-fixed_train_only,test
2024-03-26,2024-03-27,0.0047070525559726,1.3056425194855668,Refit-BestGARCHFamily-fixed_train_only,test
2024-03-27,2024-03-28,0.3036574536281876,1.0905191976603323,Refit-BestGARCHFamily-fixed_train_only,test
2024-03-28,2024-03-29,0.22386593116756,0.9969638880774894,Refit-BestGARCHFamily-fixed_train_only,test
2024-03-29,2024-04-01,0.0401370314872093,0.9998324930110319,Refit-BestGARCHFamily-fixed_train_only,test
2024-04-01,2024-04-02,0.1847396233779287,0.8993341069775526,Refit-BestGARCHFamily-fixed_train_only,test
2024-04-02,2024-04-03,1.4814046434548742,0.8308964040964497,Refit-BestGARCHFamily-fixed_train_only,test
2024-04-03,2024-04-04,0.0642984527134782,1.0054860176226121,Refit-BestGARCHFamily-fixed_train_only,test
2024-04-04,2024-04-05,1.084676282740752,0.8844903178260672,Refit-BestGARCHFamily-fixed_train_only,test
2024-04-05,2024-04-08,0.1443776586599194,1.015162356278184,Refit-BestGARCHFamily-fixed_train_only,test
2024-04-08,2024-04-09,0.9848187145028622,0.9089052106882759,Refit-BestGARCHFamily-fixed_train_only,test
2024-04-09,2024-04-10,0.1141835151805207,0.9523139508091428,Refit-BestGARCHFamily-fixed_train_only,test
2024-04-10,2024-04-11,0.0008184297224042,0.8903542747380955,Refit-BestGARCHFamily-fixed_train_only,test
2024-04-11,2024-04-12,2.1077713488695093,0.7710912817408843,Refit-BestGARCHFamily-fixed_train_only,test
2024-04-12,2024-04-15,23.166885904173803,0.8800947192219877,Refit-BestGARCHFamily-fixed_train_only,test
2024-04-15,2024-04-16,0.0058478365075764,3.2381358618839755,Refit-BestGARCHFamily-fixed_train_only,test
2024-04-16,2024-04-17,3.543454497340081,2.6214780706478433,Refit-BestGARCHFamily-fixed_train_only,test
2024-04-17,2024-04-19,2.3528631494425456,2.7857792434856936,Refit-BestGARCHFamily-fixed_train_only,test
2024-04-19,2024-04-22,1.6893979231324006,2.705461476066966,Refit-BestGARCHFamily-fixed_train_only,test
2024-04-22,2024-04-23,1.1727907466469314,2.5568593659635765,Refit-BestGARCHFamily-fixed_train_only,test
2024-04-23,2024-04-24,5.606024745553127,2.495810459773243,Refit-BestGARCHFamily-fixed_train_only,test
2024-04-24,2024-04-25,0.0028195309207452,2.6578691995865764,Refit-BestGARCHFamily-fixed_train_only,test
2024-04-25,2024-04-26,0.1420473024727117,2.208178351501788,Refit-BestGARCHFamily-fixed_train_only,test
2024-04-26,2024-05-02,0.318006405977251,1.8302095654026178,Refit-BestGARCHFamily-fixed_train_only,test
2024-05-02,2024-05-03,0.1468401316931458,1.5738276652908578,Refit-BestGARCHFamily-fixed_train_only,test
2024-05-03,2024-05-06,2.785560071487252,1.3402772185528562,Refit-BestGARCHFamily-fixed_train_only,test
2024-05-06,2024-05-07,0.3206037518220124,1.4394036065554483,Refit-BestGARCHFamily-fixed_train_only,test
2024-05-07,2024-05-08,0.0214485793857184,1.2485158819946913,Refit-BestGARCHFamily-fixed_train_only,test
2024-05-08,2024-05-09,0.0212146392864794,1.0410246072553633,Refit-BestGARCHFamily-fixed_train_only,test
2024-05-09,2024-05-10,0.0998826714071555,0.9340080938250687,Refit-BestGARCHFamily-fixed_train_only,test
2024-05-10,2024-05-13,0.1323509240296012,0.8563347742363431,Refit-BestGARCHFamily-fixed_train_only,test
2024-05-13,2024-05-14,0.0623260338672244,0.7865206085590162,Refit-BestGARCHFamily-fixed_train_only,test
2024-05-14,2024-05-15,0.7914504364695899,0.7059574864616597,Refit-BestGARCHFamily-fixed_train_only,test
2024-05-15,2024-05-16,1.3010619376829529,0.7261877582090587,Refit-BestGARCHFamily-fixed_train_only,test
2024-05-16,2024-05-20,0.4777373395090949,0.7735196847477576,Refit-BestGARCHFamily-fixed_train_only,test
2024-05-20,2024-05-21,0.0011865300373836,0.7295325319813135,Refit-BestGARCHFamily-fixed_train_only,test
2024-05-21,2024-05-22,0.6467920233357178,0.6609006180484287,Refit-BestGARCHFamily-fixed_train_only,test
2024-05-22,2024-05-23,1.2284567837418712,0.7654460692596788,Refit-BestGARCHFamily-fixed_train_only,test
2024-05-23,2024-05-24,2.256648937405396,0.8353769135862599,Refit-BestGARCHFamily-fixed_train_only,test
2024-05-24,2024-05-27,0.2066759953224523,1.1267917982632585,Refit-BestGARCHFamily-fixed_train_only,test
2024-05-27,2024-05-28,1.2149042841979667,1.027439348653191,Refit-BestGARCHFamily-fixed_train_only,test
2024-05-28,2024-05-29,0.5065517433860525,1.0437456774209923,Refit-BestGARCHFamily-fixed_train_only,test
2024-05-29,2024-05-30,0.2478473182821189,1.086162045185444,Refit-BestGARCHFamily-fixed_train_only,test
2024-05-30,2024-05-31,0.1324368158912983,1.0358253507721524,Refit-BestGARCHFamily-fixed_train_only,test
2024-05-31,2024-06-03,2.069054535054291,0.950110460353232,Refit-BestGARCHFamily-fixed_train_only,test
2024-06-03,2024-06-04,0.0754175541972061,1.0706829925932502,Refit-BestGARCHFamily-fixed_train_only,test
2024-06-04,2024-06-05,0.0041789785238715,0.921444085233515,Refit-BestGARCHFamily-fixed_train_only,test
2024-06-05,2024-06-06,0.003785773302666,0.7866865298783035,Refit-BestGARCHFamily-fixed_train_only,test
2024-06-06,2024-06-07,0.0977825492840672,0.7081692212233442,Refit-BestGARCHFamily-fixed_train_only,test
2024-06-07,2024-06-10,0.0574549317651925,0.6405960524791678,Refit-BestGARCHFamily-fixed_train_only,test
2024-06-10,2024-06-11,0.236389900130653,0.5809426361528179,Refit-BestGARCHFamily-fixed_train_only,test
2024-06-11,2024-06-12,1.4910702380739045,0.6021655199111423,Refit-BestGARCHFamily-fixed_train_only,test
2024-06-12,2024-06-13,0.0102965917651104,0.6887823126744986,Refit-BestGARCHFamily-fixed_train_only,test
2024-06-13,2024-06-14,2.8007247199637466,0.5915138476180019,Refit-BestGARCHFamily-fixed_train_only,test
2024-06-14,2024-06-17,0.1619251788207639,0.9527385239279272,Refit-BestGARCHFamily-fixed_train_only,test
2024-06-17,2024-06-18,0.1371670063872054,0.8688609270610278,Refit-BestGARCHFamily-fixed_train_only,test
2024-06-18,2024-06-19,0.0005135905111872,0.8030107319721183,Refit-BestGARCHFamily-fixed_train_only,test
2024-06-19,2024-06-20,0.0383900740120223,0.6859595394088882,Refit-BestGARCHFamily-fixed_train_only,test
2024-06-20,2024-06-21,0.0004769047173217,0.6030213851651046,Refit-BestGARCHFamily-fixed_train_only,test
2024-06-21,2024-06-24,4.841244218909869,0.541081624641497,Refit-BestGARCHFamily-fixed_train_only,test
2024-06-24,2024-06-25,0.0377795857346046,1.1008007741924177,Refit-BestGARCHFamily-fixed_train_only,test
2024-06-25,2024-06-26,0.1382006989182143,0.9814996873119008,Refit-BestGARCHFamily-fixed_train_only,test
2024-06-26,2024-06-27,0.0291086660682599,0.9006048883088539,Refit-BestGARCHFamily-fixed_train_only,test
2024-06-27,2024-06-28,1.2092769262564496,0.7908735865962896,Refit-BestGARCHFamily-fixed_train_only,test
2024-06-28,2024-07-01,0.5464740769679215,0.9722904602033996,Refit-BestGARCHFamily-fixed_train_only,test
2024-07-01,2024-07-02,1.4560329328950323,0.9379534769017036,Refit-BestGARCHFamily-fixed_train_only,test
2024-07-02,2024-07-03,0.3074231060441431,0.9998105991126973,Refit-BestGARCHFamily-fixed_train_only,test
2024-07-03,2024-07-04,0.0565502378458402,0.914607431707502,Refit-BestGARCHFamily-fixed_train_only,test
2024-07-04,2024-07-05,0.0604238017679763,0.7717491070315304,Refit-BestGARCHFamily-fixed_train_only,test
2024-07-05,2024-07-08,0.001641913639604,0.6582596565404971,Refit-BestGARCHFamily-fixed_train_only,test
2024-07-08,2024-07-09,0.6204070574126203,0.5625683184560004,Refit-BestGARCHFamily-fixed_train_only,test
2024-07-09,2024-07-10,0.3628967539784848,0.5967455208885953,Refit-BestGARCHFamily-fixed_train_only,test
2024-07-10,2024-07-11,0.0277401860440043,0.6521807562601499,Refit-BestGARCHFamily-fixed_train_only,test
2024-07-11,2024-07-12,0.0565767163705356,0.600990933610699,Refit-BestGARCHFamily-fixed_train_only,test
2024-07-12,2024-07-15,0.0052765811391784,0.5665013527897087,Refit-BestGARCHFamily-fixed_train_only,test
2024-07-15,2024-07-16,0.011280250205691,0.4867300306545608,Refit-BestGARCHFamily-fixed_train_only,test
2024-07-16,2024-07-17,0.9643834972427656,0.43808741919280725,Refit-BestGARCHFamily-fixed_train_only,test
2024-07-17,2024-07-18,0.2066285309508605,0.5880488921800755,Refit-BestGARCHFamily-fixed_train_only,test
2024-07-18,2024-07-19,0.5789189613600527,0.5654733792560942,Refit-BestGARCHFamily-fixed_train_only,test
2024-07-19,2024-07-22,0.6479469442933512,0.6472691048142188,Refit-BestGARCHFamily-fixed_train_only,test
2024-07-22,2024-07-23,3.3723820037131813,0.7086120007057225,Refit-BestGARCHFamily-fixed_train_only,test
2024-07-23,2024-07-24,0.2907489732326712,1.0819609302550726,Refit-BestGARCHFamily-fixed_train_only,test
2024-07-24,2024-07-25,0.1825373322670373,1.024871465543422,Refit-BestGARCHFamily-fixed_train_only,test
2024-07-25,2024-07-26,0.5194428542577421,0.943689124756554,Refit-BestGARCHFamily-fixed_train_only,test
2024-07-26,2024-07-29,0.1301982149615345,0.9184960665648662,Refit-BestGARCHFamily-fixed_train_only,test
2024-07-29,2024-07-30,0.0152800221232259,0.8059900226248475,Refit-BestGARCHFamily-fixed_train_only,test
2024-07-30,2024-07-31,0.2669893008576879,0.7336721579168883,Refit-BestGARCHFamily-fixed_train_only,test
2024-07-31,2024-08-01,3.924859003099425,0.6899680659519482,Refit-BestGARCHFamily-fixed_train_only,test
2024-08-01,2024-08-02,0.6124804127570632,1.1611072009276548,Refit-BestGARCHFamily-fixed_train_only,test
2024-08-02,2024-08-05,16.028441731399298,1.1332986798702598,Refit-BestGARCHFamily-fixed_train_only,test
2024-08-05,2024-08-06,3.4304951964000674,2.7102207605038457,Refit-BestGARCHFamily-fixed_train_only,test
2024-08-06,2024-08-07,0.2131074887245232,2.7794753602810482,Refit-BestGARCHFamily-fixed_train_only,test
2024-08-07,2024-08-08,0.389017827650505,2.3237498594064476,Refit-BestGARCHFamily-fixed_train_only,test
2024-08-08,2024-08-09,1.5873626468232618,2.0979487227870517,Refit-BestGARCHFamily-fixed_train_only,test
2024-08-09,2024-08-12,0.2928717413764615,1.9635894947162447,Refit-BestGARCHFamily-fixed_train_only,test
2024-08-12,2024-08-13,0.0001294788177011,1.6608224062590973,Refit-BestGARCHFamily-fixed_train_only,test
2024-08-13,2024-08-14,2.3780277347729983e-05,1.3633728908171021,Refit-BestGARCHFamily-fixed_train_only,test
2024-08-14,2024-08-15,0.3071561671079922,1.1294131312424507,Refit-BestGARCHFamily-fixed_train_only,test
2024-08-15,2024-08-16,5.364467227292595,1.100243195450727,Refit-BestGARCHFamily-fixed_train_only,test
2024-08-16,2024-08-19,0.5581057481573143,1.4013733538240964,Refit-BestGARCHFamily-fixed_train_only,test
2024-08-19,2024-08-20,0.7441049789899746,1.2606210239682334,Refit-BestGARCHFamily-fixed_train_only,test
2024-08-20,2024-08-21,0.8093492360217696,1.1654031730172114,Refit-BestGARCHFamily-fixed_train_only,test
2024-08-21,2024-08-22,0.0097920425309074,1.0809991035064803,Refit-BestGARCHFamily-fixed_train_only,test
2024-08-22,2024-08-23,0.039129459240867,0.9678479554713436,Refit-BestGARCHFamily-fixed_train_only,test
2024-08-23,2024-08-26,0.1707352129175375,0.8348225066568399,Refit-BestGARCHFamily-fixed_train_only,test
2024-08-26,2024-08-27,0.0017789790178368,0.8001265274148471,Refit-BestGARCHFamily-fixed_train_only,test
2024-08-27,2024-08-28,0.0047191862628622,0.6797283731577085,Refit-BestGARCHFamily-fixed_train_only,test
2024-08-28,2024-08-29,5.480696959213411e-06,0.5820158952074173,Refit-BestGARCHFamily-fixed_train_only,test
2024-08-29,2024-08-30,0.0350100605836961,0.5008462277036554,Refit-BestGARCHFamily-fixed_train_only,test
2024-08-30,2024-09-04,0.3975959773479832,0.4517604539547639,Refit-BestGARCHFamily-fixed_train_only,test
2024-09-04,2024-09-05,0.3560479520225069,0.519472346808644,Refit-BestGARCHFamily-fixed_train_only,test
2024-09-05,2024-09-06,0.2046388013312271,0.5612243359993152,Refit-BestGARCHFamily-fixed_train_only,test
2024-09-06,2024-09-09,0.2403215208141221,0.5488012705432181,Refit-BestGARCHFamily-fixed_train_only,test
2024-09-09,2024-09-10,0.9818980427278184,0.5656988561058596,Refit-BestGARCHFamily-fixed_train_only,test
2024-09-10,2024-09-11,0.0244199123086784,0.6984852107611264,Refit-BestGARCHFamily-fixed_train_only,test
2024-09-11,2024-09-12,0.0602484567361687,0.6148998403195018,Refit-BestGARCHFamily-fixed_train_only,test
2024-09-12,2024-09-13,0.1369055643032899,0.5641805720001168,Refit-BestGARCHFamily-fixed_train_only,test
2024-09-13,2024-09-16,0.9992379796047328,0.5497694358321135,Refit-BestGARCHFamily-fixed_train_only,test
2024-09-16,2024-09-17,2.484914926701652,0.6909844906728111,Refit-BestGARCHFamily-fixed_train_only,test
2024-09-17,2024-09-18,0.2223148391601984,0.8523529857721958,Refit-BestGARCHFamily-fixed_train_only,test
2024-09-18,2024-09-19,0.2523387575730195,0.7738369806912027,Refit-BestGARCHFamily-fixed_train_only,test
2024-09-19,2024-09-20,0.003666425548263,0.7144825575736398,Refit-BestGARCHFamily-fixed_train_only,test
2024-09-20,2024-09-23,0.0785444168047104,0.626237955027128,Refit-BestGARCHFamily-fixed_train_only,test
2024-09-23,2024-09-24,0.447081172927798,0.6119731784617887,Refit-BestGARCHFamily-fixed_train_only,test
2024-09-24,2024-09-25,0.6692996014919499,0.6187736177748715,Refit-BestGARCHFamily-fixed_train_only,test
2024-09-25,2024-09-26,0.0967067651015831,0.6426577573415576,Refit-BestGARCHFamily-fixed_train_only,test
2024-09-26,2024-09-27,0.0019487643545271,0.5724369405251734,Refit-BestGARCHFamily-fixed_train_only,test
2024-09-27,2024-09-30,0.0534118196752501,0.5292119075734284,Refit-BestGARCHFamily-fixed_train_only,test
2024-09-30,2024-10-01,0.1090419063191174,0.5137269051657134,Refit-BestGARCHFamily-fixed_train_only,test
2024-10-01,2024-10-02,0.1142301950532245,0.4878227895346293,Refit-BestGARCHFamily-fixed_train_only,test
2024-10-02,2024-10-03,0.5763536966008403,0.4796960276275534,Refit-BestGARCHFamily-fixed_train_only,test
2024-10-03,2024-10-04,0.3463758362975216,0.5674014026653735,Refit-BestGARCHFamily-fixed_train_only,test
2024-10-04,2024-10-07,0.0027820245719093,0.6039404758440835,Refit-BestGARCHFamily-fixed_train_only,test
2024-10-07,2024-10-08,0.0260164216385025,0.5185435784529216,Refit-BestGARCHFamily-fixed_train_only,test
2024-10-08,2024-10-09,0.5974680039460253,0.47548199150839654,Refit-BestGARCHFamily-fixed_train_only,test
2024-10-09,2024-10-10,0.1233539050383977,0.5085882764748226,Refit-BestGARCHFamily-fixed_train_only,test
2024-10-10,2024-10-11,0.0248646364370185,0.46284373128654044,Refit-BestGARCHFamily-fixed_train_only,test
2024-10-11,2024-10-14,0.0253573876734088,0.40257673925338433,Refit-BestGARCHFamily-fixed_train_only,test
2024-10-14,2024-10-15,0.1678954221921946,0.3874569970814586,Refit-BestGARCHFamily-fixed_train_only,test
2024-10-15,2024-10-16,0.0156181703703392,0.40526776124435543,Refit-BestGARCHFamily-fixed_train_only,test
2024-10-16,2024-10-17,0.301088511662053,0.36679028490904,Refit-BestGARCHFamily-fixed_train_only,test
2024-10-17,2024-10-18,0.0067941729317095,0.3833261209020354,Refit-BestGARCHFamily-fixed_train_only,test
2024-10-18,2024-10-21,0.1968037312439634,0.3576574755293164,Refit-BestGARCHFamily-fixed_train_only,test
2024-10-21,2024-10-22,0.6006392197446851,0.3956580868897421,Refit-BestGARCHFamily-fixed_train_only,test
2024-10-22,2024-10-23,0.0063207009295036,0.489328562664461,Refit-BestGARCHFamily-fixed_train_only,test
2024-10-23,2024-10-24,1.1387581243922995,0.44118984920416965,Refit-BestGARCHFamily-fixed_train_only,test
2024-10-24,2024-10-25,0.1396414208283497,0.5884667874923283,Refit-BestGARCHFamily-fixed_train_only,test
2024-10-25,2024-10-28,0.0267355724555891,0.5585189480560835,Refit-BestGARCHFamily-fixed_train_only,test
2024-10-28,2024-10-29,0.310375295938392,0.5034988006966393,Refit-BestGARCHFamily-fixed_train_only,test
2024-10-29,2024-10-30,0.0624797327224918,0.5052960472845809,Refit-BestGARCHFamily-fixed_train_only,test
2024-10-30,2024-10-31,0.2150309186038439,0.4921422305268106,Refit-BestGARCHFamily-fixed_train_only,test
2024-10-31,2024-11-01,0.5795854757810541,0.4750257892960979,Refit-BestGARCHFamily-fixed_train_only,test
2024-11-01,2024-11-04,0.6634669865085588,0.5803596096697176,Refit-BestGARCHFamily-fixed_train_only,test
2024-11-04,2024-11-05,0.0071101049569573,0.6610215955248044,Refit-BestGARCHFamily-fixed_train_only,test
2024-11-05,2024-11-06,1.532964136157592,0.5867413279219702,Refit-BestGARCHFamily-fixed_train_only,test
2024-11-06,2024-11-07,0.0147328555936719,0.6942532227549771,Refit-BestGARCHFamily-fixed_train_only,test
2024-11-07,2024-11-08,0.3276224769794669,0.6381418498503181,Refit-BestGARCHFamily-fixed_train_only,test
2024-11-08,2024-11-11,0.0320387972398517,0.6946409472252986,Refit-BestGARCHFamily-fixed_train_only,test
2024-11-11,2024-11-12,0.1943555469915317,0.6334793467063695,Refit-BestGARCHFamily-fixed_train_only,test
2024-11-12,2024-11-13,0.0095957977358447,0.6158530496705187,Refit-BestGARCHFamily-fixed_train_only,test
2024-11-13,2024-11-14,1.304380342114139,0.5519760848892498,Refit-BestGARCHFamily-fixed_train_only,test
2024-11-14,2024-11-15,1.1819027969632745,0.7340123951663224,Refit-BestGARCHFamily-fixed_train_only,test
2024-11-15,2024-11-18,0.0141759467193479,0.8796600050310456,Refit-BestGARCHFamily-fixed_train_only,test
2024-11-18,2024-11-19,0.9768103702203697,0.7376733818323927,Refit-BestGARCHFamily-fixed_train_only,test
2024-11-19,2024-11-20,0.8848644501514296,0.8277272100945191,Refit-BestGARCHFamily-fixed_train_only,test
2024-11-20,2024-11-21,0.9302138287758972,0.8725212529831943,Refit-BestGARCHFamily-fixed_train_only,test
2024-11-21,2024-11-22,0.0003506766753295,0.8751818321663718,Refit-BestGARCHFamily-fixed_train_only,test
2024-11-22,2024-11-25,0.2872709111767263,0.7779166699002633,Refit-BestGARCHFamily-fixed_train_only,test
2024-11-25,2024-11-26,0.3599546809656788,0.719513121687195,Refit-BestGARCHFamily-fixed_train_only,test
2024-11-26,2024-11-27,0.0001659440969947,0.6852546648314892,Refit-BestGARCHFamily-fixed_train_only,test
2024-11-27,2024-11-28,0.0001270529950301,0.5966711683863994,Refit-BestGARCHFamily-fixed_train_only,test
2024-11-28,2024-11-29,0.4488915850595839,0.5187248585272599,Refit-BestGARCHFamily-fixed_train_only,test
2024-11-29,2024-12-02,0.0035951954303536,0.5249498753481251,Refit-BestGARCHFamily-fixed_train_only,test
2024-12-02,2024-12-03,0.0121780282468158,0.45454842092061243,Refit-BestGARCHFamily-fixed_train_only,test
2024-12-03,2024-12-04,0.5723787875208138,0.419357550554871,Refit-BestGARCHFamily-fixed_train_only,test
2024-12-04,2024-12-05,4.677770763753511,0.515108794408571,Refit-BestGARCHFamily-fixed_train_only,test
2024-12-05,2024-12-06,0.0423127275118428,0.8032152552740243,Refit-BestGARCHFamily-fixed_train_only,test
2024-12-06,2024-12-09,0.0846129168166276,0.6840281170970768,Refit-BestGARCHFamily-fixed_train_only,test
2024-12-09,2024-12-10,0.019333949066393,0.6022973690030986,Refit-BestGARCHFamily-fixed_train_only,test
2024-12-10,2024-12-11,0.0638388590450149,0.5745804506577952,Refit-BestGARCHFamily-fixed_train_only,test
2024-12-11,2024-12-12,0.0141789335558376,0.5483186149696205,Refit-BestGARCHFamily-fixed_train_only,test
2024-12-12,2024-12-13,0.1427917911928931,0.480190269611077,Refit-BestGARCHFamily-fixed_train_only,test
2024-12-13,2024-12-16,0.0093280152446342,0.47530889362777723,Refit-BestGARCHFamily-fixed_train_only,test
2024-12-16,2024-12-17,0.0268721671219935,0.4212512733211479,Refit-BestGARCHFamily-fixed_train_only,test
2024-12-17,2024-12-18,0.1146807250456102,0.4007798576863639,Refit-BestGARCHFamily-fixed_train_only,test
2024-12-18,2024-12-19,0.8081531599464532,0.3871829832559053,Refit-BestGARCHFamily-fixed_train_only,test
2024-12-19,2024-12-20,0.0507615856480591,0.513902371405679,Refit-BestGARCHFamily-fixed_train_only,test
2024-12-20,2024-12-23,0.1742376670775678,0.47485058621839554,Refit-BestGARCHFamily-fixed_train_only,test
2024-12-23,2024-12-24,0.0361915284275727,0.4590136024995159,Refit-BestGARCHFamily-fixed_train_only,test
2024-12-24,2024-12-25,1.1654410256024177,0.436952666115075,Refit-BestGARCHFamily-fixed_train_only,test
2024-12-25,2024-12-26,0.0084412075502873,0.5147011662348744,Refit-BestGARCHFamily-fixed_train_only,test
2024-12-26,2024-12-27,0.0317475107765902,0.48472550688605953,Refit-BestGARCHFamily-fixed_train_only,test
2024-12-27,2024-12-30,0.0600146339677672,0.43095936911793514,Refit-BestGARCHFamily-fixed_train_only,test
2024-12-30,2024-12-31,0.1703989127600233,0.42595582478211735,Refit-BestGARCHFamily-fixed_train_only,test
2024-12-31,2025-01-02,0.0533739456959429,0.44122219378590016,Refit-BestGARCHFamily-fixed_train_only,test
2025-01-02,2025-01-03,1.435132590022104,0.41354115793130086,Refit-BestGARCHFamily-fixed_train_only,test
2025-01-03,2025-01-06,0.4342211890889308,0.6115761033104143,Refit-BestGARCHFamily-fixed_train_only,test
2025-01-06,2025-01-07,0.037939050469307,0.6448039248545224,Refit-BestGARCHFamily-fixed_train_only,test
2025-01-07,2025-01-08,0.032117795831564,0.5864410838848695,Refit-BestGARCHFamily-fixed_train_only,test
2025-01-08,2025-01-09,0.1768543904547769,0.5304307387378918,Refit-BestGARCHFamily-fixed_train_only,test
2025-01-09,2025-01-10,1.525095444996381,0.5413560962487944,Refit-BestGARCHFamily-fixed_train_only,test
2025-01-10,2025-01-13,0.175796578127988,0.7581939067558262,Refit-BestGARCHFamily-fixed_train_only,test
2025-01-13,2025-01-14,0.2850878204367433,0.7142036733414193,Refit-BestGARCHFamily-fixed_train_only,test
2025-01-14,2025-01-15,0.3327205813226502,0.7088818116961478,Refit-BestGARCHFamily-fixed_train_only,test
2025-01-15,2025-01-16,0.2486834462527659,0.697145333268339,Refit-BestGARCHFamily-fixed_train_only,test
2025-01-16,2025-01-17,0.293601545819197,0.648920697110325,Refit-BestGARCHFamily-fixed_train_only,test
2025-01-17,2025-01-20,0.0012403693451998,0.6086302693185364,Refit-BestGARCHFamily-fixed_train_only,test
2025-01-20,2025-01-21,0.0768862836866478,0.5341536309936104,Refit-BestGARCHFamily-fixed_train_only,test
2025-01-21,2025-01-22,0.0818546593881995,0.519245770788302,Refit-BestGARCHFamily-fixed_train_only,test
2025-01-22,2025-01-23,1.8682525367895249,0.49892807514633125,Refit-BestGARCHFamily-fixed_train_only,test
2025-01-23,2025-01-24,0.1843517308365074,0.6291238772254095,Refit-BestGARCHFamily-fixed_train_only,test
2025-01-24,2025-02-04,0.0008556873339296,0.5785243512567172,Refit-BestGARCHFamily-fixed_train_only,test
2025-02-04,2025-02-05,0.1513708695410532,0.5262484795375741,Refit-BestGARCHFamily-fixed_train_only,test
2025-02-05,2025-02-06,0.0216622352028634,0.4865928230678512,Refit-BestGARCHFamily-fixed_train_only,test
2025-02-06,2025-02-07,0.0853488617566438,0.42973787724237605,Refit-BestGARCHFamily-fixed_train_only,test
2025-02-07,2025-02-10,0.8849819273953393,0.4059209729401282,Refit-BestGARCHFamily-fixed_train_only,test
2025-02-10,2025-02-11,0.168100114678953,0.5485961430211531,Refit-BestGARCHFamily-fixed_train_only,test
2025-02-11,2025-02-12,0.0147578221185138,0.5248811612662211,Refit-BestGARCHFamily-fixed_train_only,test
2025-02-12,2025-02-13,0.0735271043646943,0.47759948726922846,Refit-BestGARCHFamily-fixed_train_only,test
2025-02-13,2025-02-14,0.2025383263760581,0.44774746927343795,Refit-BestGARCHFamily-fixed_train_only,test
2025-02-14,2025-02-17,0.0695132401561259,0.43590511810167176,Refit-BestGARCHFamily-fixed_train_only,test
2025-02-17,2025-02-18,0.1805870585568251,0.44236335518843434,Refit-BestGARCHFamily-fixed_train_only,test
2025-02-18,2025-02-19,0.6592497592052439,0.42809093470718673,Refit-BestGARCHFamily-fixed_train_only,test
2025-02-19,2025-02-20,0.1172593983298531,0.4665536235672301,Refit-BestGARCHFamily-fixed_train_only,test
2025-02-20,2025-02-21,0.0847684671072922,0.4339986883478989,Refit-BestGARCHFamily-fixed_train_only,test
2025-02-21,2025-02-24,0.3605624100663593,0.3964409026833013,Refit-BestGARCHFamily-fixed_train_only,test
2025-02-24,2025-02-25,0.0115290687889239,0.40057564524772077,Refit-BestGARCHFamily-fixed_train_only,test
2025-02-25,2025-02-26,0.0002355760665946,0.3816013838993539,Refit-BestGARCHFamily-fixed_train_only,test
2025-02-26,2025-02-27,0.1374731263687118,0.3387234231116896,Refit-BestGARCHFamily-fixed_train_only,test
2025-02-27,2025-02-28,0.0348744922200793,0.33395546233437945,Refit-BestGARCHFamily-fixed_train_only,test
2025-02-28,2025-03-03,0.0940796554023008,0.3307480382729173,Refit-BestGARCHFamily-fixed_train_only,test
2025-03-03,2025-03-04,0.0375578625820462,0.31931661914405807,Refit-BestGARCHFamily-fixed_train_only,test
2025-03-04,2025-03-05,0.3028627512498273,0.2952535582942402,Refit-BestGARCHFamily-fixed_train_only,test
2025-03-05,2025-03-06,1.0612188848677555,0.355724001602824,Refit-BestGARCHFamily-fixed_train_only,test
2025-03-06,2025-03-07,0.350731246280503,0.4366987016262341,Refit-BestGARCHFamily-fixed_train_only,test
2025-03-07,2025-03-10,0.1014325645495789,0.43890213464385297,Refit-BestGARCHFamily-fixed_train_only,test
2025-03-10,2025-03-11,0.0288133302998629,0.40458326984120013,Refit-BestGARCHFamily-fixed_train_only,test
2025-03-11,2025-03-12,0.0196658897235791,0.356681550585143,Refit-BestGARCHFamily-fixed_train_only,test
2025-03-12,2025-03-13,0.3743917074856848,0.3180136218982746,Refit-BestGARCHFamily-fixed_train_only,test
2025-03-13,2025-03-14,8.187247062994656e-05,0.38555514245953154,Refit-BestGARCHFamily-fixed_train_only,test
2025-03-14,2025-03-17,0.5767885171931181,0.34036382903022927,Refit-BestGARCHFamily-fixed_train_only,test
2025-03-17,2025-03-18,0.157344490226044,0.38553589515516523,Refit-BestGARCHFamily-fixed_train_only,test
2025-03-18,2025-03-19,0.2279894954046255,0.41778146422973017,Refit-BestGARCHFamily-fixed_train_only,test
2025-03-19,2025-03-20,0.0027940647092661,0.4557868413555262,Refit-BestGARCHFamily-fixed_train_only,test
2025-03-20,2025-03-21,0.0240132299745747,0.4028229400100713,Refit-BestGARCHFamily-fixed_train_only,test
2025-03-21,2025-03-24,0.4050748456224285,0.3692430382434107,Refit-BestGARCHFamily-fixed_train_only,test
2025-03-24,2025-03-25,0.0144479307849922,0.4003118999078708,Refit-BestGARCHFamily-fixed_train_only,test
2025-03-25,2025-03-26,0.1924355354900559,0.3524584063389368,Refit-BestGARCHFamily-fixed_train_only,test
2025-03-26,2025-03-27,0.0296122174159068,0.3992391536111861,Refit-BestGARCHFamily-fixed_train_only,test
2025-03-27,2025-03-28,0.2311977047112736,0.3792705749943924,Refit-BestGARCHFamily-fixed_train_only,test
2025-03-28,2025-03-31,0.652593682196234,0.405290325940985,Refit-BestGARCHFamily-fixed_train_only,test
2025-03-31,2025-04-01,0.6367477385533009,0.4879601217966183,Refit-BestGARCHFamily-fixed_train_only,test
2025-04-01,2025-04-02,0.0014400780515298,0.5355281556319222,Refit-BestGARCHFamily-fixed_train_only,test
2025-04-02,2025-04-03,47.7513682523715,0.4640439289703532,Refit-BestGARCHFamily-fixed_train_only,test
2025-04-03,2025-04-04,2.4680894659320427,7.175015275293372,Refit-BestGARCHFamily-fixed_train_only,test
2025-04-04,2025-04-08,44.20961209050503,6.038548217608202,Refit-BestGARCHFamily-fixed_train_only,test
2025-04-08,2025-04-09,11.94996872052983,9.28404266706728,Refit-BestGARCHFamily-fixed_train_only,test
2025-04-09,2025-04-10,42.861963107094255,8.72269232093274,Refit-BestGARCHFamily-fixed_train_only,test
2025-04-10,2025-04-11,20.5039468602513,10.46406576071334,Refit-BestGARCHFamily-fixed_train_only,test
2025-04-11,2025-04-14,2.373686902735611,9.958666589464173,Refit-BestGARCHFamily-fixed_train_only,test
2025-04-14,2025-04-15,1.222393557661562,7.73325241676085,Refit-BestGARCHFamily-fixed_train_only,test
2025-04-15,2025-04-16,2.0585197770339483,7.051006265962781,Refit-BestGARCHFamily-fixed_train_only,test
2025-04-16,2025-04-17,0.3278654140280428,6.295992139236282,Refit-BestGARCHFamily-fixed_train_only,test
2025-04-17,2025-04-18,0.0235644272572965,5.164288853218928,Refit-BestGARCHFamily-fixed_train_only,test
2025-04-18,2025-04-21,0.9867147275211472,4.101701193881128,Refit-BestGARCHFamily-fixed_train_only,test
2025-04-21,2025-04-22,0.6837487157170882,3.727869636111217,Refit-BestGARCHFamily-fixed_train_only,test
2025-04-22,2025-04-23,1.3269747595182129,3.3753627815120133,Refit-BestGARCHFamily-fixed_train_only,test
2025-04-23,2025-04-24,1.029521260921247,3.0132979797515214,Refit-BestGARCHFamily-fixed_train_only,test
2025-04-24,2025-04-25,0.2299163958338018,2.699818685547966,Refit-BestGARCHFamily-fixed_train_only,test
2025-04-25,2025-04-28,0.0391566462219492,2.240243268856289,Refit-BestGARCHFamily-fixed_train_only,test
2025-04-28,2025-04-29,0.0016617646152264,1.9694060395387203,Refit-BestGARCHFamily-fixed_train_only,test
2025-04-29,2025-05-05,1.2432686189181044,1.6528829937877914,Refit-BestGARCHFamily-fixed_train_only,test
2025-05-05,2025-05-06,0.0234403346988041,1.6056478328587998,Refit-BestGARCHFamily-fixed_train_only,test
2025-05-06,2025-05-07,0.4565410925067849,1.3403748013309218,Refit-BestGARCHFamily-fixed_train_only,test
2025-05-07,2025-05-08,2.377733233918144,1.2067003112599153,Refit-BestGARCHFamily-fixed_train_only,test
2025-05-08,2025-05-09,0.0388387388391833,1.2525021784964652,Refit-BestGARCHFamily-fixed_train_only,test
2025-05-09,2025-05-12,1.5662677776101377,1.1426779593579057,Refit-BestGARCHFamily-fixed_train_only,test
2025-05-12,2025-05-13,0.6231348828577624,1.1793429568854865,Refit-BestGARCHFamily-fixed_train_only,test
2025-05-13,2025-05-14,1.5683566422405055,1.0946741604728802,Refit-BestGARCHFamily-fixed_train_only,test
2025-05-14,2025-05-15,0.0700077382080358,1.1081805811035386,Refit-BestGARCHFamily-fixed_train_only,test
2025-05-15,2025-05-16,0.816128421348678,0.922950260506592,Refit-BestGARCHFamily-fixed_train_only,test
2025-05-16,2025-05-19,0.1541807515116988,1.0462140476964077,Refit-BestGARCHFamily-fixed_train_only,test
2025-05-19,2025-05-20,2.0864038037366446,0.9583133624637533,Refit-BestGARCHFamily-fixed_train_only,test
2025-05-20,2025-05-21,0.3586751908572574,1.0839654038927764,Refit-BestGARCHFamily-fixed_train_only,test
2025-05-21,2025-05-22,0.4879763310352334,0.990978870972178,Refit-BestGARCHFamily-fixed_train_only,test
2025-05-22,2025-05-23,0.0022258378145528,1.0563420188184443,Refit-BestGARCHFamily-fixed_train_only,test
2025-05-23,2025-05-26,1.8600723156803831,0.8911855458151172,Refit-BestGARCHFamily-fixed_train_only,test
2025-05-26,2025-05-27,0.2984907987188625,0.9874663204533363,Refit-BestGARCHFamily-fixed_train_only,test
2025-05-27,2025-05-28,0.0236037331895616,0.9089803725220624,Refit-BestGARCHFamily-fixed_train_only,test
2025-05-28,2025-05-29,5.553699144539498e-07,0.7639435428899124,Refit-BestGARCHFamily-fixed_train_only,test
2025-05-29,2025-05-30,0.4795271728756022,0.6856141186775562,Refit-BestGARCHFamily-fixed_train_only,test
2025-05-30,2025-06-02,0.0768775248909457,0.7553975146031892,Refit-BestGARCHFamily-fixed_train_only,test
2025-06-02,2025-06-03,0.6659991384313828,0.6950687789743837,Refit-BestGARCHFamily-fixed_train_only,test
2025-06-03,2025-06-04,0.0125760569530384,0.7206465140868122,Refit-BestGARCHFamily-fixed_train_only,test
2025-06-04,2025-06-05,0.0737636944522696,0.6572859435019147,Refit-BestGARCHFamily-fixed_train_only,test
2025-06-05,2025-06-06,0.8339101934074882,0.6430348151446662,Refit-BestGARCHFamily-fixed_train_only,test
2025-06-06,2025-06-09,2.1415615006193414,0.7646419975988317,Refit-BestGARCHFamily-fixed_train_only,test
2025-06-09,2025-06-10,0.1857120921961249,0.9912654149473563,Refit-BestGARCHFamily-fixed_train_only,test
2025-06-10,2025-06-11,0.0061284527471124,0.9359240651270646,Refit-BestGARCHFamily-fixed_train_only,test
2025-06-11,2025-06-12,0.348758893746006,0.791275553144089,Refit-BestGARCHFamily-fixed_train_only,test
2025-06-12,2025-06-13,0.3232043851233978,0.750847730442089,Refit-BestGARCHFamily-fixed_train_only,test
2025-06-13,2025-06-16,2.90666722935662,0.7956845967717558,Refit-BestGARCHFamily-fixed_train_only,test
2025-06-16,2025-06-17,0.5089174637565245,0.9679636094035885,Refit-BestGARCHFamily-fixed_train_only,test
2025-06-17,2025-06-18,0.0040746855610125,0.9065975530974739,Refit-BestGARCHFamily-fixed_train_only,test
2025-06-18,2025-06-19,0.1490639362511987,0.8058353281381143,Refit-BestGARCHFamily-fixed_train_only,test
2025-06-19,2025-06-20,0.0396634294929435,0.7145407896623029,Refit-BestGARCHFamily-fixed_train_only,test
2025-06-20,2025-06-23,0.4254396112184308,0.6669515839315019,Refit-BestGARCHFamily-fixed_train_only,test
2025-06-23,2025-06-24,0.3974954121903902,0.6659844021968145,Refit-BestGARCHFamily-fixed_train_only,test
2025-06-24,2025-06-25,2.141289912653593e-06,0.6508489890977301,Refit-BestGARCHFamily-fixed_train_only,test
2025-06-25,2025-06-26,0.0062490303873797,0.5794260439689969,Refit-BestGARCHFamily-fixed_train_only,test
2025-06-26,2025-06-27,0.1777576915183636,0.5331080204194685,Refit-BestGARCHFamily-fixed_train_only,test
2025-06-27,2025-06-30,0.1135910808511721,0.5072372104069647,Refit-BestGARCHFamily-fixed_train_only,test
2025-06-30,2025-07-01,0.0165236945249244,0.4777033154235393,Refit-BestGARCHFamily-fixed_train_only,test
2025-07-01,2025-07-02,0.2388288030529801,0.4219050802675567,Refit-BestGARCHFamily-fixed_train_only,test
2025-07-02,2025-07-03,0.0361488680610222,0.4118840794531283,Refit-BestGARCHFamily-fixed_train_only,test
2025-07-03,2025-07-04,0.1309520910154639,0.40898423132803613,Refit-BestGARCHFamily-fixed_train_only,test
2025-07-04,2025-07-07,1.1709559965363006,0.3950575296130809,Refit-BestGARCHFamily-fixed_train_only,test
2025-07-07,2025-07-08,0.904778187332118,0.4765899143919126,Refit-BestGARCHFamily-fixed_train_only,test
2025-07-08,2025-07-09,1.241559484315582,0.5188174783986338,Refit-BestGARCHFamily-fixed_train_only,test
2025-07-09,2025-07-10,0.9910271514632224,0.5709575725607463,Refit-BestGARCHFamily-fixed_train_only,test
2025-07-10,2025-07-11,0.6970381226212395,0.5948637143119965,Refit-BestGARCHFamily-fixed_train_only,test
2025-07-11,2025-07-14,0.7477170344432008,0.5980524153256422,Refit-BestGARCHFamily-fixed_train_only,test
2025-07-14,2025-07-15,0.4444265080916222,0.6114455325513585,Refit-BestGARCHFamily-fixed_train_only,test
2025-07-15,2025-07-16,0.1995824056263008,0.700720134117837,Refit-BestGARCHFamily-fixed_train_only,test
2025-07-16,2025-07-17,2.3820294026445814,0.6526849777430148,Refit-BestGARCHFamily-fixed_train_only,test
2025-07-17,2025-07-18,0.2369058350764768,0.7955880931109198,Refit-BestGARCHFamily-fixed_train_only,test
2025-07-18,2025-07-21,0.6726766922283197,0.7238394308209539,Refit-BestGARCHFamily-fixed_train_only,test
2025-07-21,2025-07-22,2.6753597330452594,0.848498590041142,Refit-BestGARCHFamily-fixed_train_only,test
2025-07-22,2025-07-23,0.033610422134737,0.9895432194295554,Refit-BestGARCHFamily-fixed_train_only,test
2025-07-23,2025-07-24,0.3298066193429415,0.8340107408075044,Refit-BestGARCHFamily-fixed_train_only,test
2025-07-24,2025-07-25,0.4388880259346913,0.7854972188782412,Refit-BestGARCHFamily-fixed_train_only,test
2025-07-25,2025-07-28,2.898363616722053,0.7422616503878953,Refit-BestGARCHFamily-fixed_train_only,test
2025-07-28,2025-07-29,17.613558540836202,0.8861122335036811,Refit-BestGARCHFamily-fixed_train_only,test
2025-07-29,2025-07-30,0.8980946651524866,2.7807193210190686,Refit-BestGARCHFamily-fixed_train_only,test
2025-07-30,2025-07-31,0.1152726694915896,2.530519187106775,Refit-BestGARCHFamily-fixed_train_only,test
2025-07-31,2025-08-01,0.1152726694915833,2.0981739690405523,Refit-BestGARCHFamily-fixed_train_only,test
2025-08-01,2025-08-04,1.834710119502004,1.7938213872144018,Refit-BestGARCHFamily-fixed_train_only,test
2025-08-04,2025-08-05,1.520412348936557,1.7406223690769604,Refit-BestGARCHFamily-fixed_train_only,test
2025-08-05,2025-08-06,2.8972670658789563,1.6258280136762826,Refit-BestGARCHFamily-fixed_train_only,test
2025-08-06,2025-08-07,0.2635664108766646,1.6533913923294115,Refit-BestGARCHFamily-fixed_train_only,test
2025-08-07,2025-08-08,0.039326859883716,1.4015134027430487,Refit-BestGARCHFamily-fixed_train_only,test
2025-08-08,2025-08-11,0.9422556417684452,1.1525699709648745,Refit-BestGARCHFamily-fixed_train_only,test
2025-08-11,2025-08-12,0.2369869845385009,1.1098262457471966,Refit-BestGARCHFamily-fixed_train_only,test
2025-08-12,2025-08-13,0.0440788772156527,0.9835530514645499,Refit-BestGARCHFamily-fixed_train_only,test
2025-08-13,2025-08-14,3.200310161092739,0.8393132294007449,Refit-BestGARCHFamily-fixed_train_only,test
2025-08-14,2025-08-15,0.4273067256056122,1.0083090320793835,Refit-BestGARCHFamily-fixed_train_only,test
2025-08-15,2025-08-18,0.1521280158050796,1.0721071691438757,Refit-BestGARCHFamily-fixed_train_only,test
2025-08-18,2025-08-19,1.174434797614126,0.9450050349559015,Refit-BestGARCHFamily-fixed_train_only,test
2025-08-19,2025-08-20,0.3749305014941085,0.9665346697268542,Refit-BestGARCHFamily-fixed_train_only,test
2025-08-20,2025-08-21,1.989152286945736,0.893464493256073,Refit-BestGARCHFamily-fixed_train_only,test
2025-08-21,2025-08-22,6.511855987425645,0.972454670190432,Refit-BestGARCHFamily-fixed_train_only,test
2025-08-22,2025-08-25,3.721774310323592,1.8044693724301675,Refit-BestGARCHFamily-fixed_train_only,test
2025-08-25,2025-08-26,10.672831463331164,2.1478845183966273,Refit-BestGARCHFamily-fixed_train_only,test
2025-08-26,2025-08-27,0.1033600134238672,2.7543927136908244,Refit-BestGARCHFamily-fixed_train_only,test
2025-08-27,2025-08-28,0.2196933006813634,2.25444248455298,Refit-BestGARCHFamily-fixed_train_only,test
2025-08-28,2025-08-29,0.0064454873601164,1.8704757002071544,Refit-BestGARCHFamily-fixed_train_only,test
2025-08-29,2025-09-03,0.0029279074904991,1.5949504033223938,Refit-BestGARCHFamily-fixed_train_only,test
2025-09-03,2025-09-04,0.7878709714332047,1.3466234342044223,Refit-BestGARCHFamily-fixed_train_only,test
2025-09-04,2025-09-05,3.0401082196490887,1.3073243109194836,Refit-BestGARCHFamily-fixed_train_only,test
2025-09-05,2025-09-08,6.650758234823594,1.6515638046335552,Refit-BestGARCHFamily-fixed_train_only,test
2025-09-08,2025-09-09,0.6150034620566089,2.3569994763843027,Refit-BestGARCHFamily-fixed_train_only,test
2025-09-09,2025-09-10,0.1311392104891743,2.1226176766202114,Refit-BestGARCHFamily-fixed_train_only,test
2025-09-10,2025-09-11,0.7707413531131861,1.8246176448901572,Refit-BestGARCHFamily-fixed_train_only,test
2025-09-11,2025-09-12,0.3272182232185671,1.6902098168228932,Refit-BestGARCHFamily-fixed_train_only,test
2025-09-12,2025-09-15,1.1076835127457196,1.4431213109561833,Refit-BestGARCHFamily-fixed_train_only,test
2025-09-15,2025-09-16,0.0564941879844652,1.3382662464689004,Refit-BestGARCHFamily-fixed_train_only,test
2025-09-16,2025-09-17,0.3510643230345384,1.207252242269652,Refit-BestGARCHFamily-fixed_train_only,test
2025-09-17,2025-09-18,0.1204832995414096,1.1497907594537657,Refit-BestGARCHFamily-fixed_train_only,test
2025-09-18,2025-09-19,0.1558113286329437,1.0286093825024134,Refit-BestGARCHFamily-fixed_train_only,test
2025-09-19,2025-09-22,2.1548992233102013,0.9507417440452436,Refit-BestGARCHFamily-fixed_train_only,test
2025-09-22,2025-09-23,0.0024547743448737,1.2012014001896603,Refit-BestGARCHFamily-fixed_train_only,test
2025-09-23,2025-09-24,1.8183165781347828,1.025509149768625,Refit-BestGARCHFamily-fixed_train_only,test
2025-09-24,2025-09-25,0.2696988542084727,1.1193101468794062,Refit-BestGARCHFamily-fixed_train_only,test
2025-09-25,2025-09-26,0.1049995667244043,1.0003169908724958,Refit-BestGARCHFamily-fixed_train_only,test
2025-09-26,2025-09-29,0.1207157531709924,0.9607289938542518,Refit-BestGARCHFamily-fixed_train_only,test
2025-09-29,2025-09-30,0.0825092745825899,0.8383518633946897,Refit-BestGARCHFamily-fixed_train_only,test
2025-09-30,2025-10-01,0.0405610853854958,0.7751231920289112,Refit-BestGARCHFamily-fixed_train_only,test
2025-10-01,2025-10-02,0.5533556929381476,0.693541143659533,Refit-BestGARCHFamily-fixed_train_only,test
2025-10-02,2025-10-03,0.1745254722126338,0.7624365665139383,Refit-BestGARCHFamily-fixed_train_only,test
2025-10-03,2025-10-06,8.84404690494525,0.7388568207356064,Refit-BestGARCHFamily-fixed_train_only,test
2025-10-06,2025-10-07,0.3641027934298682,1.2287147824138407,Refit-BestGARCHFamily-fixed_train_only,test
2025-10-07,2025-10-08,0.5486921315455813,1.2419828003091622,Refit-BestGARCHFamily-fixed_train_only,test
2025-10-08,2025-10-09,1.1922218605244943,1.1405514014211013,Refit-BestGARCHFamily-fixed_train_only,test
2025-10-09,2025-10-10,3.220212549761636,1.107136766837905,Refit-BestGARCHFamily-fixed_train_only,test
2025-10-10,2025-10-13,1.0007740943267542,1.2450520734535704,Refit-BestGARCHFamily-fixed_train_only,test
2025-10-13,2025-10-14,0.0530277849803774,1.182071365784875,Refit-BestGARCHFamily-fixed_train_only,test
2025-10-14,2025-10-15,0.0312420838438003,1.1022193204719226,Refit-BestGARCHFamily-fixed_train_only,test
2025-10-15,2025-10-16,0.2550192069697773,0.9998520098115674,Refit-BestGARCHFamily-fixed_train_only,test
2025-10-16,2025-10-17,4.157221997254808,0.9162135997327054,Refit-BestGARCHFamily-fixed_train_only,test
2025-10-17,2025-10-20,31.687885302040943,1.381216130739595,Refit-BestGARCHFamily-fixed_train_only,test
2025-10-20,2025-10-21,2.6780326889178614,4.201391530378486,Refit-BestGARCHFamily-fixed_train_only,test
2025-10-21,2025-10-22,0.8133878588699036,3.9880695788205944,Refit-BestGARCHFamily-fixed_train_only,test
2025-10-22,2025-10-23,0.2587585559528909,3.4544961026279433,Refit-BestGARCHFamily-fixed_train_only,test
2025-10-23,2025-10-24,0.053015415411533,2.864459821399705,Refit-BestGARCHFamily-fixed_train_only,test
2025-10-24,2025-10-27,3.375069844215606,2.46425900639608,Refit-BestGARCHFamily-fixed_train_only,test
2025-10-27,2025-10-28,2.814969211801454,2.845589282317774,Refit-BestGARCHFamily-fixed_train_only,test
2025-10-28,2025-10-29,0.1002770987516237,2.788051457012655,Refit-BestGARCHFamily-fixed_train_only,test
2025-10-29,2025-10-30,0.939332335111435,2.3186693622783103,Refit-BestGARCHFamily-fixed_train_only,test
2025-10-30,2025-10-31,3.2700587697209347,2.2374754866913444,Refit-BestGARCHFamily-fixed_train_only,test
2025-10-31,2025-11-03,1.9349432702427485,2.595118848957575,Refit-BestGARCHFamily-fixed_train_only,test
2025-11-03,2025-11-04,4.580450857721864,2.58613214715248,Refit-BestGARCHFamily-fixed_train_only,test
2025-11-04,2025-11-05,0.0309750452194787,2.7749288132812593,Refit-BestGARCHFamily-fixed_train_only,test
2025-11-05,2025-11-06,0.5520248822173379,2.251732727670894,Refit-BestGARCHFamily-fixed_train_only,test
2025-11-06,2025-11-07,7.216601336017348,2.150665309363348,Refit-BestGARCHFamily-fixed_train_only,test
2025-11-07,2025-11-10,1.3629185312754708,3.012035919497794,Refit-BestGARCHFamily-fixed_train_only,test
2025-11-10,2025-11-11,0.6782053056730832,2.7552309382678306,Refit-BestGARCHFamily-fixed_train_only,test
2025-11-11,2025-11-12,5.625713037940661,2.5267488723561438,Refit-BestGARCHFamily-fixed_train_only,test
2025-11-12,2025-11-13,0.000662589539105,2.7269561132776277,Refit-BestGARCHFamily-fixed_train_only,test
2025-11-13,2025-11-14,0.0605676682080504,2.3152699315268737,Refit-BestGARCHFamily-fixed_train_only,test
2025-11-14,2025-11-17,1.328575255573558,1.8899057685471579,Refit-BestGARCHFamily-fixed_train_only,test
2025-11-17,2025-11-18,0.1101519148224003,1.7652664662408657,Refit-BestGARCHFamily-fixed_train_only,test
2025-11-18,2025-11-19,0.4356481626659925,1.5084644667392413,Refit-BestGARCHFamily-fixed_train_only,test
2025-11-19,2025-11-20,0.1789267767214806,1.4416607565877322,Refit-BestGARCHFamily-fixed_train_only,test
2025-11-20,2025-11-21,0.0040999105070223,1.2368455619991234,Refit-BestGARCHFamily-fixed_train_only,test
2025-11-21,2025-11-24,0.6169476621587812,1.0651110265347186,Refit-BestGARCHFamily-fixed_train_only,test
2025-11-24,2025-11-25,0.2096602420348715,1.03434027511187,Refit-BestGARCHFamily-fixed_train_only,test
2025-11-25,2025-11-26,1.433673327817772,0.9835502938577932,Refit-BestGARCHFamily-fixed_train_only,test
2025-11-26,2025-11-27,0.0554068207335508,1.0230013490393175,Refit-BestGARCHFamily-fixed_train_only,test
2025-11-27,2025-11-28,0.1562015926240177,0.858642852458426,Refit-BestGARCHFamily-fixed_train_only,test
2025-11-28,2025-12-01,0.39639182484541,0.7685841655962612,Refit-BestGARCHFamily-fixed_train_only,test
2025-12-01,2025-12-02,0.8106128656312585,0.7342022484883742,Refit-BestGARCHFamily-fixed_train_only,test
2025-12-02,2025-12-03,0.7276910420234725,0.743993741189816,Refit-BestGARCHFamily-fixed_train_only,test
2025-12-03,2025-12-04,0.0994544592328996,0.7351317427687626,Refit-BestGARCHFamily-fixed_train_only,test
2025-12-04,2025-12-05,0.0550277452970135,0.6412470924973779,Refit-BestGARCHFamily-fixed_train_only,test
2025-12-05,2025-12-08,0.5051234930048776,0.5608767212854501,Refit-BestGARCHFamily-fixed_train_only,test
2025-12-08,2025-12-09,0.1408736793364905,0.5677769242211869,Refit-BestGARCHFamily-fixed_train_only,test
2025-12-09,2025-12-10,2.645907078453935,0.5763157648992538,Refit-BestGARCHFamily-fixed_train_only,test
2025-12-10,2025-12-11,1.3806505812729413,0.9119822468631276,Refit-BestGARCHFamily-fixed_train_only,test
2025-12-11,2025-12-12,9.667324836347865,1.046434640352729,Refit-BestGARCHFamily-fixed_train_only,test
2025-12-12,2025-12-15,0.0028567239256699,1.941258898030582,Refit-BestGARCHFamily-fixed_train_only,test
2025-12-15,2025-12-16,3.980584197891362,1.6407021073472217,Refit-BestGARCHFamily-fixed_train_only,test
2025-12-16,2025-12-17,0.1084209662548159,1.8546299844086642,Refit-BestGARCHFamily-fixed_train_only,test
2025-12-17,2025-12-18,0.0392718088641224,1.6506235964325344,Refit-BestGARCHFamily-fixed_train_only,test
2025-12-18,2025-12-19,2.613324440401082,1.3416596680790032,Refit-BestGARCHFamily-fixed_train_only,test
2025-12-19,2025-12-22,7.313697947150696,1.4054809741073107,Refit-BestGARCHFamily-fixed_train_only,test
2025-12-22,2025-12-23,1.4374361396783522,1.7612464455654129,Refit-BestGARCHFamily-fixed_train_only,test
2025-12-23,2025-12-24,0.36034587773515,1.635437919867394,Refit-BestGARCHFamily-fixed_train_only,test
2025-12-24,2025-12-25,5.141409326470893,1.3755886096534948,Refit-BestGARCHFamily-fixed_train_only,test
2025-12-25,2025-12-26,0.5648889447832609,2.0939087002018706,Refit-BestGARCHFamily-fixed_train_only,test
2025-12-26,2025-12-29,2.0655121585777008,1.887023579113683,Refit-BestGARCHFamily-fixed_train_only,test
2025-12-29,2025-12-30,0.4690762256667201,1.943208133643386,Refit-BestGARCHFamily-fixed_train_only,test
2025-12-30,2025-12-31,0.9813005407165244,1.7281757982991508,Refit-BestGARCHFamily-fixed_train_only,test
2020-01-02,2020-01-03,0.0250907830256049,0.41224763185004615,Refit-BestGARCHFamily-fixed_train_only,validation
2020-01-03,2020-01-06,0.9476915195201792,0.39212022246567946,Refit-BestGARCHFamily-fixed_train_only,validation
2020-01-06,2020-01-07,0.104181316002117,0.5328848700919302,Refit-BestGARCHFamily-fixed_train_only,validation
2020-01-07,2020-01-08,1.0770730792986123,0.5041575006384439,Refit-BestGARCHFamily-fixed_train_only,validation
2020-01-08,2020-01-09,1.3693209243773992,0.6561230151979689,Refit-BestGARCHFamily-fixed_train_only,validation
2020-01-09,2020-01-10,0.7569453657796249,0.7553365493585362,Refit-BestGARCHFamily-fixed_train_only,validation
2020-01-10,2020-01-13,0.0779299678700735,0.7606552400944367,Refit-BestGARCHFamily-fixed_train_only,validation
2020-01-13,2020-01-14,0.0144073552388825,0.7383863566276057,Refit-BestGARCHFamily-fixed_train_only,validation
2020-01-14,2020-01-15,0.0033517503388054,0.6249263990789297,Refit-BestGARCHFamily-fixed_train_only,validation
2020-01-15,2020-01-16,0.483315508188739,0.5334856978377319,Refit-BestGARCHFamily-fixed_train_only,validation
2020-01-16,2020-01-17,0.2266955412354889,0.5549620599691546,Refit-BestGARCHFamily-fixed_train_only,validation
2020-01-17,2020-01-20,0.0011366961882311,0.5301661163303345,Refit-BestGARCHFamily-fixed_train_only,validation
2020-01-20,2020-01-21,0.620613610020936,0.4868932454069894,Refit-BestGARCHFamily-fixed_train_only,validation
2020-01-21,2020-01-22,0.2649229323580117,0.5074380244333432,Refit-BestGARCHFamily-fixed_train_only,validation
2020-01-22,2020-01-30,10.681729656091257,0.4906322238392407,Refit-BestGARCHFamily-fixed_train_only,validation
2020-01-30,2020-01-31,5.865133827993191,1.6170519709835047,Refit-BestGARCHFamily-fixed_train_only,validation
2020-01-31,2020-02-03,0.8272024151231092,2.146558177941942,Refit-BestGARCHFamily-fixed_train_only,validation
2020-02-03,2020-02-04,0.0104658835251161,1.9201793988850806,Refit-BestGARCHFamily-fixed_train_only,validation
2020-02-04,2020-02-05,0.1175512507127237,1.6469205669296083,Refit-BestGARCHFamily-fixed_train_only,validation
2020-02-05,2020-02-06,1.8356018915555292,1.406836990419627,Refit-BestGARCHFamily-fixed_train_only,validation
2020-02-06,2020-02-07,0.0553168362540114,1.4161007311996239,Refit-BestGARCHFamily-fixed_train_only,validation
2020-02-07,2020-02-10,1.14665654297727,1.1589630392113985,Refit-BestGARCHFamily-fixed_train_only,validation
2020-02-10,2020-02-11,0.1784472180385378,1.2948418666042192,Refit-BestGARCHFamily-fixed_train_only,validation
2020-02-11,2020-02-12,0.1033759850072604,1.1593796712921542,Refit-BestGARCHFamily-fixed_train_only,validation
2020-02-12,2020-02-13,0.0035645724311596,1.016861633204696,Refit-BestGARCHFamily-fixed_train_only,validation
2020-02-13,2020-02-14,0.007095648592579,0.8478008754757049,Refit-BestGARCHFamily-fixed_train_only,validation
2020-02-14,2020-02-17,0.0819627293788475,0.7502492216912457,Refit-BestGARCHFamily-fixed_train_only,validation
2020-02-17,2020-02-18,0.5393743252289994,0.7076747907403397,Refit-BestGARCHFamily-fixed_train_only,validation
2020-02-18,2020-02-19,0.0079935084291448,0.7591718291345361,Refit-BestGARCHFamily-fixed_train_only,validation
2020-02-19,2020-02-20,1.007648372641439,0.6669371656738288,Refit-BestGARCHFamily-fixed_train_only,validation
2020-02-20,2020-02-21,0.2901840002942764,0.7219726652070426,Refit-BestGARCHFamily-fixed_train_only,validation
2020-02-21,2020-02-24,10.499319840007198,0.7586328848486583,Refit-BestGARCHFamily-fixed_train_only,validation
2020-02-24,2020-02-25,0.487607684946675,1.865480546143106,Refit-BestGARCHFamily-fixed_train_only,validation
2020-02-25,2020-02-26,2.3027959637577347,1.7201752509412713,Refit-BestGARCHFamily-fixed_train_only,validation
2020-02-26,2020-02-27,0.0757898564940438,1.8653145120952603,Refit-BestGARCHFamily-fixed_train_only,validation
2020-02-27,2020-02-28,3.3315279697661397,1.617404737939401,Refit-BestGARCHFamily-fixed_train_only,validation
2020-02-28,2020-03-02,0.0643087707016609,1.9921795679868028,Refit-BestGARCHFamily-fixed_train_only,validation
2020-03-02,2020-03-03,0.4848687144344406,1.6730317120914178,Refit-BestGARCHFamily-fixed_train_only,validation
2020-03-03,2020-03-04,0.0194121329487549,1.5196264717259829,Refit-BestGARCHFamily-fixed_train_only,validation
2020-03-04,2020-03-05,0.1953921289983395,1.2717586810894506,Refit-BestGARCHFamily-fixed_train_only,validation
2020-03-05,2020-03-06,0.0439125584620563,1.1156532950370621,Refit-BestGARCHFamily-fixed_train_only,validation
2020-03-06,2020-03-09,42.01600464009923,1.0191911752148515,Refit-BestGARCHFamily-fixed_train_only,validation
2020-03-09,2020-03-10,0.0577385447930077,5.231203592399212,Refit-BestGARCHFamily-fixed_train_only,validation
2020-03-10,2020-03-11,10.062685801317658,4.305094122071747,Refit-BestGARCHFamily-fixed_train_only,validation
2020-03-11,2020-03-12,28.39132734538161,4.869323098998897,Refit-BestGARCHFamily-fixed_train_only,validation
2020-03-12,2020-03-13,0.9522274265858316,6.9646968017277855,Refit-BestGARCHFamily-fixed_train_only,validation
2020-03-13,2020-03-16,3.4010756349170417,5.53972561655827,Refit-BestGARCHFamily-fixed_train_only,validation
2020-03-16,2020-03-17,0.0775702786503674,5.080134777235713,Refit-BestGARCHFamily-fixed_train_only,validation
2020-03-17,2020-03-18,0.0633870572758951,3.9414929983425857,Refit-BestGARCHFamily-fixed_train_only,validation
2020-03-18,2020-03-19,8.691271441121467,3.179214758041628,Refit-BestGARCHFamily-fixed_train_only,validation
2020-03-19,2020-03-20,5.099806319623413,4.0463757537077285,Refit-BestGARCHFamily-fixed_train_only,validation
2020-03-20,2020-03-23,39.324753398937766,4.222817362239088,Refit-BestGARCHFamily-fixed_train_only,validation
2020-03-23,2020-03-24,1.2394404253652411,7.360540371818628,Refit-BestGARCHFamily-fixed_train_only,validation
2020-03-24,2020-03-25,21.170767602446844,5.711622753808413,Refit-BestGARCHFamily-fixed_train_only,validation
2020-03-25,2020-03-26,0.3272592319629427,6.602092511592981,Refit-BestGARCHFamily-fixed_train_only,validation
2020-03-26,2020-03-27,0.0708281107928228,5.126034874320582,Refit-BestGARCHFamily-fixed_train_only,validation
2020-03-27,2020-03-30,24.77812989942355,4.035475583251708,Refit-BestGARCHFamily-fixed_train_only,validation
2020-03-30,2020-03-31,0.0016614736162584,6.66265430999206,Refit-BestGARCHFamily-fixed_train_only,validation
2020-03-31,2020-04-01,6.951204185299923,5.245374897815441,Refit-BestGARCHFamily-fixed_train_only,validation
2020-04-01,2020-04-03,9.745314866975544,5.247847681758019,Refit-BestGARCHFamily-fixed_train_only,validation
2020-04-03,2020-04-06,23.61975403181723,5.229863178296849,Refit-BestGARCHFamily-fixed_train_only,validation
2020-04-06,2020-04-07,1.7959977540981795,5.719419917193541,Refit-BestGARCHFamily-fixed_train_only,validation
2020-04-07,2020-04-08,0.031670113685362,4.502362490387009,Refit-BestGARCHFamily-fixed_train_only,validation
2020-04-08,2020-04-09,2.664349091269905,3.602769316536905,Refit-BestGARCHFamily-fixed_train_only,validation
2020-04-09,2020-04-10,0.0991193599969613,3.316952892482417,Refit-BestGARCHFamily-fixed_train_only,validation
2020-04-10,2020-04-13,1.0616734405284087,2.7594071512537153,Refit-BestGARCHFamily-fixed_train_only,validation
2020-04-13,2020-04-14,0.044657326796299,2.431109227647565,Refit-BestGARCHFamily-fixed_train_only,validation
2020-04-14,2020-04-15,1.6134694756828007,1.9469050469164915,Refit-BestGARCHFamily-fixed_train_only,validation
2020-04-15,2020-04-16,0.1995857905304535,1.847839091956715,Refit-BestGARCHFamily-fixed_train_only,validation
2020-04-16,2020-04-17,1.2849435357813008,1.5688387537880015,Refit-BestGARCHFamily-fixed_train_only,validation
2020-04-17,2020-04-20,0.4593979249949131,1.4954285858758691,Refit-BestGARCHFamily-fixed_train_only,validation
2020-04-20,2020-04-21,12.978873344019766,1.3107375227358247,Refit-BestGARCHFamily-fixed_train_only,validation
2020-04-21,2020-04-22,0.0733737116381983,2.7317903173114972,Refit-BestGARCHFamily-fixed_train_only,validation
2020-04-22,2020-04-23,0.4184349588364568,2.299539239416845,Refit-BestGARCHFamily-fixed_train_only,validation
2020-04-23,2020-04-24,0.1258182196300893,2.04384119129898,Refit-BestGARCHFamily-fixed_train_only,validation
2020-04-24,2020-04-27,0.5795257679139346,1.7394961882970048,Refit-BestGARCHFamily-fixed_train_only,validation
2020-04-27,2020-04-28,0.2143187476000118,1.7154779975610315,Refit-BestGARCHFamily-fixed_train_only,validation
2020-04-28,2020-04-29,0.0611792667418572,1.5785700571422134,Refit-BestGARCHFamily-fixed_train_only,validation
2020-04-29,2020-05-04,0.7518344451734201,1.3471404277921915,Refit-BestGARCHFamily-fixed_train_only,validation
2020-05-04,2020-05-05,0.0490191944837796,1.3230884440575856,Refit-BestGARCHFamily-fixed_train_only,validation
2020-05-05,2020-05-06,5.6795185291388,1.1428675984607752,Refit-BestGARCHFamily-fixed_train_only,validation
2020-05-06,2020-05-07,3.121729248484887,1.4314081224914548,Refit-BestGARCHFamily-fixed_train_only,validation
2020-05-07,2020-05-08,4.558766386917776,1.4930700232064054,Refit-BestGARCHFamily-fixed_train_only,validation
2020-05-08,2020-05-11,3.1623544686065705,1.6333723063279522,Refit-BestGARCHFamily-fixed_train_only,validation
2020-05-11,2020-05-12,0.7061476617266061,1.6408403687849862,Refit-BestGARCHFamily-fixed_train_only,validation
2020-05-12,2020-05-13,0.0176814396147646,1.4335075010865108,Refit-BestGARCHFamily-fixed_train_only,validation
2020-05-13,2020-05-14,0.0471790852184788,1.2744160682717667,Refit-BestGARCHFamily-fixed_train_only,validation
2020-05-14,2020-05-15,0.4188839500568042,1.1217870106301202,Refit-BestGARCHFamily-fixed_train_only,validation
2020-05-15,2020-05-18,1.4388117144550177,1.095371258072178,Refit-BestGARCHFamily-fixed_train_only,validation
2020-05-18,2020-05-19,1.1212214832868546,1.1482387223547643,Refit-BestGARCHFamily-fixed_train_only,validation
2020-05-19,2020-05-20,0.6772038230630518,1.1303391872975173,Refit-BestGARCHFamily-fixed_train_only,validation
2020-05-20,2020-05-21,1.3105093570623978,1.050492467324644,Refit-BestGARCHFamily-fixed_train_only,validation
2020-05-21,2020-05-22,1.3565460202551032,1.038962504762643,Refit-BestGARCHFamily-fixed_train_only,validation
2020-05-22,2020-05-25,0.541812619677385,1.2602576972079125,Refit-BestGARCHFamily-fixed_train_only,validation
2020-05-25,2020-05-26,1.3635757531139376,1.183948683459214,Refit-BestGARCHFamily-fixed_train_only,validation
2020-05-26,2020-05-27,1.8211114283606344,1.1998112553147238,Refit-BestGARCHFamily-fixed_train_only,validation
2020-05-27,2020-05-28,0.2069802660068541,1.4401379284578757,Refit-BestGARCHFamily-fixed_train_only,validation
2020-05-28,2020-05-29,0.1273946587706487,1.2622212021558423,Refit-BestGARCHFamily-fixed_train_only,validation
2020-05-29,2020-06-01,2.6545527294324818,1.0920335394137788,Refit-BestGARCHFamily-fixed_train_only,validation
2020-06-01,2020-06-02,0.1948438272852952,1.2260623888784534,Refit-BestGARCHFamily-fixed_train_only,validation
2020-06-02,2020-06-03,0.526391032778092,1.1762350994376711,Refit-BestGARCHFamily-fixed_train_only,validation
2020-06-03,2020-06-04,0.0956890209261397,1.0794414780077648,Refit-BestGARCHFamily-fixed_train_only,validation
2020-06-04,2020-06-05,0.068711754863941,0.9210494219726949,Refit-BestGARCHFamily-fixed_train_only,validation
2020-06-05,2020-06-08,2.3533534927844846,0.8066050613644308,Refit-BestGARCHFamily-fixed_train_only,validation
2020-06-08,2020-06-09,0.0029663396470081,0.9402211590663072,Refit-BestGARCHFamily-fixed_train_only,validation
2020-06-09,2020-06-10,0.0192877721914381,0.8438407800342129,Refit-BestGARCHFamily-fixed_train_only,validation
2020-06-10,2020-06-11,14.20113167350128,0.7108981459741709,Refit-BestGARCHFamily-fixed_train_only,validation
2020-06-11,2020-06-12,0.1978991573902568,2.1854693338201026,Refit-BestGARCHFamily-fixed_train_only,validation
2020-06-12,2020-06-15,13.410151498832947,1.7835082442914203,Refit-BestGARCHFamily-fixed_train_only,validation
2020-06-15,2020-06-16,7.854033490557961,2.9432638956450843,Refit-BestGARCHFamily-fixed_train_only,validation
2020-06-16,2020-06-17,0.0390437911460607,3.3562424268326803,Refit-BestGARCHFamily-fixed_train_only,validation
2020-06-17,2020-06-18,0.0094269529730988,2.7588325171710375,Refit-BestGARCHFamily-fixed_train_only,validation
2020-06-18,2020-06-19,2.3775972708277777,2.200077222160218,Refit-BestGARCHFamily-fixed_train_only,validation
2020-06-19,2020-06-22,0.0977642075595444,2.1055667894762005,Refit-BestGARCHFamily-fixed_train_only,validation
2020-06-22,2020-06-23,0.1254074833473004,1.7274308137994232,Refit-BestGARCHFamily-fixed_train_only,validation
2020-06-23,2020-06-24,0.9656953175585764,1.5242794121535055,Refit-BestGARCHFamily-fixed_train_only,validation
2020-06-24,2020-06-25,0.3568032861992914,1.5740931612870728,Refit-BestGARCHFamily-fixed_train_only,validation
2020-06-25,2020-06-26,0.0935607015251472,1.4555101698711561,Refit-BestGARCHFamily-fixed_train_only,validation
2020-06-26,2020-06-29,7.240799310682349,1.242907051236783,Refit-BestGARCHFamily-fixed_train_only,validation
2020-06-29,2020-06-30,0.263950183757359,1.963303976781432,Refit-BestGARCHFamily-fixed_train_only,validation
2020-06-30,2020-07-01,4.853797558668691,1.6726184278721665,Refit-BestGARCHFamily-fixed_train_only,validation
2020-07-01,2020-07-02,0.0173403520116891,1.925431311153596,Refit-BestGARCHFamily-fixed_train_only,validation
2020-07-02,2020-07-03,0.3830874038106421,1.6254044309546827,Refit-BestGARCHFamily-fixed_train_only,validation
2020-07-03,2020-07-06,2.515298700046254,1.4226542628991843,Refit-BestGARCHFamily-fixed_train_only,validation
2020-07-06,2020-07-07,0.0686927141453309,1.4529644803621407,Refit-BestGARCHFamily-fixed_train_only,validation
2020-07-07,2020-07-08,0.0156264509294999,1.2005489650694372,Refit-BestGARCHFamily-fixed_train_only,validation
2020-07-08,2020-07-09,1.8878106377661732,0.999849605746484,Refit-BestGARCHFamily-fixed_train_only,validation
2020-07-09,2020-07-10,0.3609627180509834,1.0696453520276687,Refit-BestGARCHFamily-fixed_train_only,validation
2020-07-10,2020-07-13,0.0819210906952639,1.0974337152176818,Refit-BestGARCHFamily-fixed_train_only,validation
2020-07-13,2020-07-14,0.0049340673468667,0.9942395640666694,Refit-BestGARCHFamily-fixed_train_only,validation
2020-07-14,2020-07-15,0.0429038013029008,0.8431443180428915,Refit-BestGARCHFamily-fixed_train_only,validation
2020-07-15,2020-07-16,0.6277983835430785,0.7462522279908469,Refit-BestGARCHFamily-fixed_train_only,validation
2020-07-16,2020-07-17,0.3025848721746239,0.7515082412058979,Refit-BestGARCHFamily-fixed_train_only,validation
2020-07-17,2020-07-20,1.5014548821169582,0.7912114001270977,Refit-BestGARCHFamily-fixed_train_only,validation
2020-07-20,2020-07-21,0.0011330265098316,1.0018116984459515,Refit-BestGARCHFamily-fixed_train_only,validation
2020-07-21,2020-07-22,0.5929839946327068,0.8542637580054361,Refit-BestGARCHFamily-fixed_train_only,validation
2020-07-22,2020-07-23,0.0380690415470228,0.8768128683774679,Refit-BestGARCHFamily-fixed_train_only,validation
2020-07-23,2020-07-24,10.714506391324338,0.7825816771441132,Refit-BestGARCHFamily-fixed_train_only,validation
2020-07-24,2020-07-27,29.71654662116303,1.8995196380578558,Refit-BestGARCHFamily-fixed_train_only,validation
2020-07-27,2020-07-28,12.442241141417854,4.468623650474873,Refit-BestGARCHFamily-fixed_train_only,validation
2020-07-28,2020-07-29,7.88382185098053,5.06064323591262,Refit-BestGARCHFamily-fixed_train_only,validation
2020-07-29,2020-07-30,1.6712179001127756,5.415280179732469,Refit-BestGARCHFamily-fixed_train_only,validation
2020-07-30,2020-07-31,0.1173768950572407,4.693983389793459,Refit-BestGARCHFamily-fixed_train_only,validation
2020-07-31,2020-08-03,4.064809725455425,3.931221211066853,Refit-BestGARCHFamily-fixed_train_only,validation
2020-08-03,2020-08-04,2.475940854259596,3.6905784662310626,Refit-BestGARCHFamily-fixed_train_only,validation
2020-08-04,2020-08-05,1.5093873640970836,3.3432607708501134,Refit-BestGARCHFamily-fixed_train_only,validation
2020-08-05,2020-08-06,0.0712944062273411,2.9278518387116392,Refit-BestGARCHFamily-fixed_train_only,validation
2020-08-06,2020-08-07,0.0285261487999524,2.3398108583065484,Refit-BestGARCHFamily-fixed_train_only,validation
2020-08-07,2020-08-10,0.0426711422269859,1.8907752849973611,Refit-BestGARCHFamily-fixed_train_only,validation
2020-08-10,2020-08-11,0.0002025643928529,1.5642049138539762,Refit-BestGARCHFamily-fixed_train_only,validation
2020-08-11,2020-08-12,0.2065144883305979,1.2815140282763233,Refit-BestGARCHFamily-fixed_train_only,validation
2020-08-12,2020-08-13,0.9127332835843408,1.1343718696996732,Refit-BestGARCHFamily-fixed_train_only,validation
2020-08-13,2020-08-14,0.255367280706292,1.0888707960178774,Refit-BestGARCHFamily-fixed_train_only,validation
2020-08-14,2020-08-17,0.0048129527023226,1.0806187923699633,Refit-BestGARCHFamily-fixed_train_only,validation
2020-08-17,2020-08-18,0.1923085427612989,0.9165264107386066,Refit-BestGARCHFamily-fixed_train_only,validation
2020-08-18,2020-08-19,0.3171223716823505,0.8685772783675069,Refit-BestGARCHFamily-fixed_train_only,validation
2020-08-19,2020-08-20,0.1246527755214606,0.8266431652190631,Refit-BestGARCHFamily-fixed_train_only,validation
2020-08-20,2020-08-21,0.5953479247893214,0.7868143025998259,Refit-BestGARCHFamily-fixed_train_only,validation
2020-08-21,2020-08-24,2.601992310993434,0.779152123400995,Refit-BestGARCHFamily-fixed_train_only,validation
2020-08-24,2020-08-25,0.3897315001367304,0.9149523875672707,Refit-BestGARCHFamily-fixed_train_only,validation
2020-08-25,2020-08-26,0.0055335984725061,0.8358458073360667,Refit-BestGARCHFamily-fixed_train_only,validation
2020-08-26,2020-08-27,0.0201247832938772,0.760469299115768,Refit-BestGARCHFamily-fixed_train_only,validation
2020-08-27,2020-08-28,0.2371438175251532,0.6447986955612989,Refit-BestGARCHFamily-fixed_train_only,validation
2020-08-28,2020-08-31,0.0919913483576587,0.6124853115744687,Refit-BestGARCHFamily-fixed_train_only,validation
2020-08-31,2020-09-01,1.2923697898915891,0.5611393720365799,Refit-BestGARCHFamily-fixed_train_only,validation
2020-09-01,2020-09-03,1.8585263119302429,0.6335337351263999,Refit-BestGARCHFamily-fixed_train_only,validation
2020-09-03,2020-09-04,0.0724558184717704,0.7170477539959635,Refit-BestGARCHFamily-fixed_train_only,validation
2020-09-04,2020-09-07,2.20557465755946,0.7173392555385129,Refit-BestGARCHFamily-fixed_train_only,validation
2020-09-07,2020-09-08,0.045178302752493,1.026329931838697,Refit-BestGARCHFamily-fixed_train_only,validation
2020-09-08,2020-09-09,0.0084939812398233,0.9068462471342222,Refit-BestGARCHFamily-fixed_train_only,validation
2020-09-09,2020-09-10,0.003162773705203,0.758641479380928,Refit-BestGARCHFamily-fixed_train_only,validation
2020-09-10,2020-09-11,0.0002847617108647,0.6420593869557234,Refit-BestGARCHFamily-fixed_train_only,validation
2020-09-11,2020-09-14,0.3943421427943259,0.5562918605919633,Refit-BestGARCHFamily-fixed_train_only,validation
2020-09-14,2020-09-15,0.0356225443834294,0.5498278572461859,Refit-BestGARCHFamily-fixed_train_only,validation
2020-09-15,2020-09-16,0.0182018998394976,0.48754295243862555,Refit-BestGARCHFamily-fixed_train_only,validation
2020-09-16,2020-09-17,0.1466259433788813,0.43248457692670433,Refit-BestGARCHFamily-fixed_train_only,validation
2020-09-17,2020-09-18,0.5927837774192054,0.4556913184444873,Refit-BestGARCHFamily-fixed_train_only,validation
2020-09-18,2020-09-21,0.5973025247310948,0.4880745438092517,Refit-BestGARCHFamily-fixed_train_only,validation
2020-09-21,2020-09-22,0.0372219865301334,0.512643371053041,Refit-BestGARCHFamily-fixed_train_only,validation
2020-09-22,2020-09-23,0.4815094749114654,0.494248428444124,Refit-BestGARCHFamily-fixed_train_only,validation
2020-09-23,2020-09-24,0.1853426709964717,0.5039161297095942,Refit-BestGARCHFamily-fixed_train_only,validation
2020-09-24,2020-09-25,0.0011645154128207,0.5401447433220988,Refit-BestGARCHFamily-fixed_train_only,validation
2020-09-25,2020-09-28,0.2158897933071618,0.4688724432136022,Refit-BestGARCHFamily-fixed_train_only,validation
2020-09-28,2020-09-29,0.8800033176965605,0.46392745445559946,Refit-BestGARCHFamily-fixed_train_only,validation
2020-09-29,2020-09-30,0.0184885133347586,0.602532849012706,Refit-BestGARCHFamily-fixed_train_only,validation
2020-09-30,2020-10-01,0.9529808677190772,0.5343482683003303,Refit-BestGARCHFamily-fixed_train_only,validation
2020-10-01,2020-10-02,0.2100701799336074,0.5921830319691956,Refit-BestGARCHFamily-fixed_train_only,validation
2020-10-02,2020-10-05,0.2733808865752189,0.6135042032258804,Refit-BestGARCHFamily-fixed_train_only,validation
2020-10-05,2020-10-06,0.0117020561613317,0.5904437055131775,Refit-BestGARCHFamily-fixed_train_only,validation
2020-10-06,2020-10-07,0.194766708657986,0.5047267666511958,Refit-BestGARCHFamily-fixed_train_only,validation
2020-10-07,2020-10-08,0.0091636773062023,0.4839953295874023,Refit-BestGARCHFamily-fixed_train_only,validation
2020-10-08,2020-10-09,0.3136074736535195,0.44376729570563683,Refit-BestGARCHFamily-fixed_train_only,validation
2020-10-09,2020-10-12,0.039147029875858,0.44754067319435054,Refit-BestGARCHFamily-fixed_train_only,validation
2020-10-12,2020-10-13,0.1886516440368795,0.3997891005930837,Refit-BestGARCHFamily-fixed_train_only,validation
2020-10-13,2020-10-14,1.2182219245675234,0.3894697276255179,Refit-BestGARCHFamily-fixed_train_only,validation
2020-10-14,2020-10-15,0.0750977601457549,0.4668122700881152,Refit-BestGARCHFamily-fixed_train_only,validation
2020-10-15,2020-10-16,0.0032789630718449,0.41866614512377304,Refit-BestGARCHFamily-fixed_train_only,validation
2020-10-16,2020-10-19,0.0017086378411738,0.37418633032131704,Refit-BestGARCHFamily-fixed_train_only,validation
2020-10-19,2020-10-20,0.0059793113747856,0.3333677167086136,Refit-BestGARCHFamily-fixed_train_only,validation
2020-10-20,2020-10-21,0.3275908040251104,0.29860030815541294,Refit-BestGARCHFamily-fixed_train_only,validation
2020-10-21,2020-10-22,1.3246371755092925,0.3548305625524579,Refit-BestGARCHFamily-fixed_train_only,validation
2020-10-22,2020-10-23,1.4132948922636843,0.45574654077173404,Refit-BestGARCHFamily-fixed_train_only,validation
2020-10-23,2020-10-26,1.1970960361828058,0.5374284381377626,Refit-BestGARCHFamily-fixed_train_only,validation
2020-10-26,2020-10-27,0.2083430476879338,0.7527442823832905,Refit-BestGARCHFamily-fixed_train_only,validation
2020-10-27,2020-10-28,7.411979475736142,0.7471271496554379,Refit-BestGARCHFamily-fixed_train_only,validation
2020-10-28,2020-10-29,0.0458453997519621,1.5140832622519174,Refit-BestGARCHFamily-fixed_train_only,validation
2020-10-29,2020-10-30,0.4800476169952387,1.2565321714548392,Refit-BestGARCHFamily-fixed_train_only,validation
2020-10-30,2020-11-02,0.7800511650758589,1.2072254599259145,Refit-BestGARCHFamily-fixed_train_only,validation
2020-11-02,2020-11-03,0.0342682571944602,1.1604651857780908,Refit-BestGARCHFamily-fixed_train_only,validation
2020-11-03,2020-11-04,0.2152577372300542,0.9662412906461048,Refit-BestGARCHFamily-fixed_train_only,validation
2020-11-04,2020-11-05,0.045844571767648,0.8514160092907355,Refit-BestGARCHFamily-fixed_train_only,validation
2020-11-05,2020-11-06,0.003314082741207,0.7792140017289544,Refit-BestGARCHFamily-fixed_train_only,validation
2020-11-06,2020-11-09,2.10118385761475,0.6716043826895384,Refit-BestGARCHFamily-fixed_train_only,validation
2020-11-09,2020-11-10,8.938431274224163e-05,0.8017454516261118,Refit-BestGARCHFamily-fixed_train_only,validation
2020-11-10,2020-11-11,0.0011297213251294,0.7168783673436854,Refit-BestGARCHFamily-fixed_train_only,validation
2020-11-11,2020-11-12,0.5456632914405392,0.6272377094256778,Refit-BestGARCHFamily-fixed_train_only,validation
2020-11-12,2020-11-13,0.5301286092359084,0.6292190579452638,Refit-BestGARCHFamily-fixed_train_only,validation
2020-11-13,2020-11-16,2.614940684665197,0.6327375109468425,Refit-BestGARCHFamily-fixed_train_only,validation
2020-11-16,2020-11-17,3.5600857195920512,0.987209706389302,Refit-BestGARCHFamily-fixed_train_only,validation
2020-11-17,2020-11-18,0.2272651607739751,1.1945876935053479,Refit-BestGARCHFamily-fixed_train_only,validation
2020-11-18,2020-11-19,0.9890184423772188,1.0456970555765481,Refit-BestGARCHFamily-fixed_train_only,validation
2020-11-19,2020-11-20,0.4666750014882298,1.0328456320768975,Refit-BestGARCHFamily-fixed_train_only,validation
2020-11-20,2020-11-23,0.1783704119345972,0.9425686359218386,Refit-BestGARCHFamily-fixed_train_only,validation
2020-11-23,2020-11-24,0.0248986125796567,0.8236553725198549,Refit-BestGARCHFamily-fixed_train_only,validation
2020-11-24,2020-11-25,0.1754782563587062,0.6987022332078527,Refit-BestGARCHFamily-fixed_train_only,validation
2020-11-25,2020-11-26,0.3614717362335366,0.6470367912754482,Refit-BestGARCHFamily-fixed_train_only,validation
2020-11-26,2020-11-27,0.1777363368777613,0.627953043416334,Refit-BestGARCHFamily-fixed_train_only,validation
2020-11-27,2020-11-30,0.50308697006867,0.5770052187396109,Refit-BestGARCHFamily-fixed_train_only,validation
2020-11-30,2020-12-01,0.331272320082079,0.672684606073066,Refit-BestGARCHFamily-fixed_train_only,validation
2020-12-01,2020-12-02,0.2902563684716866,0.6535722612807695,Refit-BestGARCHFamily-fixed_train_only,validation
2020-12-02,2020-12-03,0.290315397256232,0.6293257673247473,Refit-BestGARCHFamily-fixed_train_only,validation
2020-12-03,2020-12-04,0.0274172683613022,0.6039301548122179,Refit-BestGARCHFamily-fixed_train_only,validation
2020-12-04,2020-12-07,0.6850937253628709,0.5191501298006996,Refit-BestGARCHFamily-fixed_train_only,validation
2020-12-07,2020-12-08,0.0048900250994697,0.5394437941678821,Refit-BestGARCHFamily-fixed_train_only,validation
2020-12-08,2020-12-09,0.9108272820038537,0.4958279158595797,Refit-BestGARCHFamily-fixed_train_only,validation
2020-12-09,2020-12-10,0.6307404981430905,0.5519069783362419,Refit-BestGARCHFamily-fixed_train_only,validation
2020-12-10,2020-12-11,2.1005332911557746,0.6684390488135548,Refit-BestGARCHFamily-fixed_train_only,validation
2020-12-11,2020-12-14,2.953190631516623,0.7963552835590079,Refit-BestGARCHFamily-fixed_train_only,validation
2020-12-14,2020-12-15,0.6927758012586854,0.9451512042301357,Refit-BestGARCHFamily-fixed_train_only,validation
2020-12-15,2020-12-16,1.2199074044400842,1.0661333505221207,Refit-BestGARCHFamily-fixed_train_only,validation
2020-12-16,2020-12-17,2.0641473967885817,1.0691131734901553,Refit-BestGARCHFamily-fixed_train_only,validation
2020-12-17,2020-12-18,2.192631063716555,1.3668407080192795,Refit-BestGARCHFamily-fixed_train_only,validation
2020-12-18,2020-12-21,1.6074554836667916,1.458763985929261,Refit-BestGARCHFamily-fixed_train_only,validation
2020-12-21,2020-12-22,0.0479545490733483,1.4473289022863693,Refit-BestGARCHFamily-fixed_train_only,validation
2020-12-22,2020-12-23,0.1771055150673424,1.1897006579856433,Refit-BestGARCHFamily-fixed_train_only,validation
2020-12-23,2020-12-24,1.124406225180995,1.156420372961961,Refit-BestGARCHFamily-fixed_train_only,validation
2020-12-24,2020-12-25,2.4671237918391133,1.2849462147417203,Refit-BestGARCHFamily-fixed_train_only,validation
2020-12-25,2020-12-28,0.4034604996523059,1.419343021485256,Refit-BestGARCHFamily-fixed_train_only,validation
2020-12-28,2020-12-29,0.5549207078341868,1.2857698405515459,Refit-BestGARCHFamily-fixed_train_only,validation
2020-12-29,2020-12-30,0.0315106576863239,1.1690288422887312,Refit-BestGARCHFamily-fixed_train_only,validation
2020-12-30,2020-12-31,0.3307256931476,1.085736667712413,Refit-BestGARCHFamily-fixed_train_only,validation
2020-12-31,2021-01-04,2.2278705339723945,0.9839041879295816,Refit-BestGARCHFamily-fixed_train_only,validation
2021-01-04,2021-01-05,1.1499318142027897,1.098744711947697,Refit-BestGARCHFamily-fixed_train_only,validation
2021-01-05,2021-01-06,0.8776630886951989,1.0878104784491494,Refit-BestGARCHFamily-fixed_train_only,validation
2021-01-06,2021-01-07,1.3339004712332734,1.0229467277072768,Refit-BestGARCHFamily-fixed_train_only,validation
2021-01-07,2021-01-08,0.9288877612518626,1.004611727818846,Refit-BestGARCHFamily-fixed_train_only,validation
2021-01-08,2021-01-11,2.138176540768584,0.9711599765544418,Refit-BestGARCHFamily-fixed_train_only,validation
2021-01-11,2021-01-12,0.3865727035398198,1.0557734812690667,Refit-BestGARCHFamily-fixed_train_only,validation
2021-01-12,2021-01-13,0.2744693433035448,0.9479159759734438,Refit-BestGARCHFamily-fixed_train_only,validation
2021-01-13,2021-01-14,0.0129409883939506,0.9811556077048426,Refit-BestGARCHFamily-fixed_train_only,validation
2021-01-14,2021-01-15,0.3260937940923989,0.823767895019107,Refit-BestGARCHFamily-fixed_train_only,validation
2021-01-15,2021-01-18,0.0358827142959493,0.7864886195270625,Refit-BestGARCHFamily-fixed_train_only,validation
2021-01-18,2021-01-19,27.541540391562137,0.7027183695861593,Refit-BestGARCHFamily-fixed_train_only,validation
2021-01-19,2021-01-20,0.1055259451193829,3.542083852558676,Refit-BestGARCHFamily-fixed_train_only,validation
2021-01-20,2021-01-21,6.600825920548621,2.9705334389672697,Refit-BestGARCHFamily-fixed_train_only,validation
2021-01-21,2021-01-22,0.0486234498742934,3.2225887042432144,Refit-BestGARCHFamily-fixed_train_only,validation
2021-01-22,2021-01-25,0.003916873597976,2.592424606030119,Refit-BestGARCHFamily-fixed_train_only,validation
2021-01-25,2021-01-26,6.76157056018748,2.178181456183419,Refit-BestGARCHFamily-fixed_train_only,validation
2021-01-26,2021-01-27,12.16950048366727,3.0479349050094946,Refit-BestGARCHFamily-fixed_train_only,validation
2021-01-27,2021-01-28,47.71522267260341,4.074064372689743,Refit-BestGARCHFamily-fixed_train_only,validation
2021-01-28,2021-01-29,9.864460610625494,7.5939041492409745,Refit-BestGARCHFamily-fixed_train_only,validation
2021-01-29,2021-02-01,4.068938921704016,7.620398625922183,Refit-BestGARCHFamily-fixed_train_only,validation
2021-02-01,2021-02-02,14.37888811066259,6.967825881618643,Refit-BestGARCHFamily-fixed_train_only,validation
2021-02-02,2021-02-03,10.698092971323405,6.9804654284984,Refit-BestGARCHFamily-fixed_train_only,validation
2021-02-03,2021-02-04,0.006553579964635,6.465558646385664,Refit-BestGARCHFamily-fixed_train_only,validation
2021-02-04,2021-02-05,1.728785632859906,5.133203109852168,Refit-BestGARCHFamily-fixed_train_only,validation
2021-02-05,2021-02-08,15.664350744194984,4.3177247222295465,Refit-BestGARCHFamily-fixed_train_only,validation
2021-02-08,2021-02-09,8.346588799606792,5.878894275216082,Refit-BestGARCHFamily-fixed_train_only,validation
2021-02-09,2021-02-17,12.948351612917367,5.784470344635507,Refit-BestGARCHFamily-fixed_train_only,validation
2021-02-17,2021-02-18,2.5487828873734144,5.8821439627849665,Refit-BestGARCHFamily-fixed_train_only,validation
2021-02-18,2021-02-19,0.0056191882730801,4.951620377497762,Refit-BestGARCHFamily-fixed_train_only,validation
2021-02-19,2021-02-22,0.0171990965562516,4.1226357204937,Refit-BestGARCHFamily-fixed_train_only,validation
2021-02-22,2021-02-23,0.04885188428266,3.292210613264403,Refit-BestGARCHFamily-fixed_train_only,validation
2021-02-23,2021-02-24,1.7852090551538884,2.655558732830743,Refit-BestGARCHFamily-fixed_train_only,validation
2021-02-24,2021-02-25,0.0863685922010339,2.578471738938743,Refit-BestGARCHFamily-fixed_train_only,validation
2021-02-25,2021-02-26,0.0678645793866586,2.144243751523421,Refit-BestGARCHFamily-fixed_train_only,validation
2021-02-26,2021-03-01,2.260340412751501,1.7503789408208454,Refit-BestGARCHFamily-fixed_train_only,validation
2021-03-01,2021-03-02,0.0013754677373442,1.7503694442188422,Refit-BestGARCHFamily-fixed_train_only,validation
2021-03-02,2021-03-03,0.0008207623047958,1.4397020441706712,Refit-BestGARCHFamily-fixed_train_only,validation
2021-03-03,2021-03-04,2.448912301147324,1.1962406618389554,Refit-BestGARCHFamily-fixed_train_only,validation
2021-03-04,2021-03-05,0.0002116227550263,1.5222488158872973,Refit-BestGARCHFamily-fixed_train_only,validation
2021-03-05,2021-03-08,0.001291980692468,1.2642973192538578,Refit-BestGARCHFamily-fixed_train_only,validation
2021-03-08,2021-03-09,0.2923761214947155,1.0558696995169692,Refit-BestGARCHFamily-fixed_train_only,validation
2021-03-09,2021-03-10,0.4837594769954144,0.99870367855149,Refit-BestGARCHFamily-fixed_train_only,validation
2021-03-10,2021-03-11,0.9815546422643948,0.9465459627733033,Refit-BestGARCHFamily-fixed_train_only,validation
2021-03-11,2021-03-12,0.0002069778164541,0.9393190306280367,Refit-BestGARCHFamily-fixed_train_only,validation
2021-03-12,2021-03-15,0.0643027332166397,0.8147614683419353,Refit-BestGARCHFamily-fixed_train_only,validation
2021-03-15,2021-03-16,0.1553706585632092,0.7134138928819328,Refit-BestGARCHFamily-fixed_train_only,validation
2021-03-16,2021-03-17,0.2737899242910557,0.7080540901608752,Refit-BestGARCHFamily-fixed_train_only,validation
2021-03-17,2021-03-18,1.5481332912326575,0.6756838886651029,Refit-BestGARCHFamily-fixed_train_only,validation
2021-03-18,2021-03-19,0.3310498706600423,0.7632464015014438,Refit-BestGARCHFamily-fixed_train_only,validation
2021-03-19,2021-03-22,0.0010124742198036,0.8099276843113167,Refit-BestGARCHFamily-fixed_train_only,validation
2021-03-22,2021-03-23,0.8528859825364001,0.6918026976901638,Refit-BestGARCHFamily-fixed_train_only,validation
2021-03-23,2021-03-24,3.405784484981233,0.8178618499725712,Refit-BestGARCHFamily-fixed_train_only,validation
2021-03-24,2021-03-25,0.012314795662716,1.1810714168728456,Refit-BestGARCHFamily-fixed_train_only,validation
2021-03-25,2021-03-26,0.0058597397555957,1.0368999086607196,Refit-BestGARCHFamily-fixed_train_only,validation
2021-03-26,2021-03-29,1.3278733275984689,0.8641388072389393,Refit-BestGARCHFamily-fixed_train_only,validation
2021-03-29,2021-03-30,0.8177751702540456,0.9219307528320099,Refit-BestGARCHFamily-fixed_train_only,validation
2021-03-30,2021-03-31,0.1825736474519551,0.893264632819959,Refit-BestGARCHFamily-fixed_train_only,validation
2021-03-31,2021-04-01,4.196908399032827,0.7840216769367637,Refit-BestGARCHFamily-fixed_train_only,validation
2021-04-01,2021-04-02,0.4682318073785952,1.0043560514464214,Refit-BestGARCHFamily-fixed_train_only,validation
2021-04-02,2021-04-05,0.8890694068712227,0.9139426277550502,Refit-BestGARCHFamily-fixed_train_only,validation
2021-04-05,2021-04-06,0.0997492041629095,0.8908564317899778,Refit-BestGARCHFamily-fixed_train_only,validation
2021-04-06,2021-04-07,0.0380161793184628,0.7607865306041,Refit-BestGARCHFamily-fixed_train_only,validation
2021-04-07,2021-04-08,0.3656617949695199,0.6525943437133053,Refit-BestGARCHFamily-fixed_train_only,validation
2021-04-08,2021-04-09,0.0685939299115526,0.6948289802627864,Refit-BestGARCHFamily-fixed_train_only,validation
2021-04-09,2021-04-12,2.801867566535839,0.6344433354204279,Refit-BestGARCHFamily-fixed_train_only,validation
2021-04-12,2021-04-13,0.1085685992002533,0.8173718475220461,Refit-BestGARCHFamily-fixed_train_only,validation
2021-04-13,2021-04-14,0.3626329687997453,0.7962048443612746,Refit-BestGARCHFamily-fixed_train_only,validation
2021-04-14,2021-04-15,0.4743671604836424,0.7486276111544253,Refit-BestGARCHFamily-fixed_train_only,validation
2021-04-15,2021-04-16,0.4720531246781877,0.827052649976732,Refit-BestGARCHFamily-fixed_train_only,validation
2021-04-16,2021-04-19,3.0629959648129166,0.8518191924763516,Refit-BestGARCHFamily-fixed_train_only,validation
2021-04-19,2021-04-20,0.3708468135979464,1.0552398499246969,Refit-BestGARCHFamily-fixed_train_only,validation
2021-04-20,2021-04-22,10.511479982603742,0.9641506197442001,Refit-BestGARCHFamily-fixed_train_only,validation
2021-04-22,2021-04-23,2.7977982020669034,2.1480933828624336,Refit-BestGARCHFamily-fixed_train_only,validation
2021-04-23,2021-04-26,7.069875969155051,2.1785299762074866,Refit-BestGARCHFamily-fixed_train_only,validation
2021-04-26,2021-04-27,0.1068177702515163,2.8926224317238542,Refit-BestGARCHFamily-fixed_train_only,validation
2021-04-27,2021-04-28,0.6403727056381737,2.4594776898301345,Refit-BestGARCHFamily-fixed_train_only,validation
2021-04-28,2021-04-29,0.6353802562532533,2.1698610740741016,Refit-BestGARCHFamily-fixed_train_only,validation
2021-04-29,2021-05-04,0.0512876666991909,1.8985690261427843,Refit-BestGARCHFamily-fixed_train_only,validation
2021-05-04,2021-05-05,1.2974041483688885,1.5405059390764997,Refit-BestGARCHFamily-fixed_train_only,validation
2021-05-05,2021-05-06,0.2185486546328746,1.4729965290711806,Refit-BestGARCHFamily-fixed_train_only,validation
2021-05-06,2021-05-07,0.494132324659674,1.380564381305102,Refit-BestGARCHFamily-fixed_train_only,validation
2021-05-07,2021-05-10,2.018769062145057,1.345936851576393,Refit-BestGARCHFamily-fixed_train_only,validation
2021-05-10,2021-05-11,0.0792094524228185,1.4056040763051385,Refit-BestGARCHFamily-fixed_train_only,validation
2021-05-11,2021-05-12,1.0683689670129952,1.256025005540876,Refit-BestGARCHFamily-fixed_train_only,validation
2021-05-12,2021-05-13,0.3147510754643727,1.2278976342619972,Refit-BestGARCHFamily-fixed_train_only,validation
2021-05-13,2021-05-14,0.1194948927270032,1.217713918882096,Refit-BestGARCHFamily-fixed_train_only,validation
2021-05-14,2021-05-17,0.3681093008020274,1.0586676377157034,Refit-BestGARCHFamily-fixed_train_only,validation
2021-05-17,2021-05-18,0.2298422025837693,1.0448195094478945,Refit-BestGARCHFamily-fixed_train_only,validation
2021-05-18,2021-05-19,0.6085100033578476,0.9740899311894702,Refit-BestGARCHFamily-fixed_train_only,validation
2021-05-19,2021-05-20,1.5332689494683411,0.954363770434269,Refit-BestGARCHFamily-fixed_train_only,validation
2021-05-20,2021-05-21,0.1986664550105345,1.004694157798244,Refit-BestGARCHFamily-fixed_train_only,validation
2021-05-21,2021-05-24,1.1845107713600658,0.8820710902261728,Refit-BestGARCHFamily-fixed_train_only,validation
2021-05-24,2021-05-25,0.6615170731155926,0.8922792419923505,Refit-BestGARCHFamily-fixed_train_only,validation
2021-05-25,2021-05-26,0.3826692450882292,0.8485089443947004,Refit-BestGARCHFamily-fixed_train_only,validation
2021-05-26,2021-05-27,1.0043951904267852,0.788100549974396,Refit-BestGARCHFamily-fixed_train_only,validation
2021-05-27,2021-05-28,1.65727162339538,0.9485076649552578,Refit-BestGARCHFamily-fixed_train_only,validation
2021-05-28,2021-05-31,0.3285055315434949,1.0238231281488277,Refit-BestGARCHFamily-fixed_train_only,validation
2021-05-31,2021-06-01,0.5328741181290064,0.9334302249459372,Refit-BestGARCHFamily-fixed_train_only,validation
2021-06-01,2021-06-02,0.0501764701325494,0.8870752987528208,Refit-BestGARCHFamily-fixed_train_only,validation
2021-06-02,2021-06-03,3.01900451692919,0.7510108315703424,Refit-BestGARCHFamily-fixed_train_only,validation
2021-06-03,2021-06-04,0.5091916058927975,0.9077037719684292,Refit-BestGARCHFamily-fixed_train_only,validation
2021-06-04,2021-06-07,1.2488833393722787,0.8449823606586895,Refit-BestGARCHFamily-fixed_train_only,validation
2021-06-07,2021-06-08,8.436942215340656,1.0456112046728598,Refit-BestGARCHFamily-fixed_train_only,validation
2021-06-08,2021-06-09,0.9635770887636846,1.9473420589763921,Refit-BestGARCHFamily-fixed_train_only,validation
2021-06-09,2021-06-10,0.4923594509595709,1.864046148541382,Refit-BestGARCHFamily-fixed_train_only,validation
2021-06-10,2021-06-11,4.4320627369374535,1.684704304911611,Refit-BestGARCHFamily-fixed_train_only,validation
2021-06-11,2021-06-14,0.5411007585268014,1.904199633398138,Refit-BestGARCHFamily-fixed_train_only,validation
2021-06-14,2021-06-15,0.1708389534964715,1.6335805876023108,Refit-BestGARCHFamily-fixed_train_only,validation
2021-06-15,2021-06-16,0.6335008462154236,1.352232571664684,Refit-BestGARCHFamily-fixed_train_only,validation
2021-06-16,2021-06-17,0.0626639901398827,1.3933406683055638,Refit-BestGARCHFamily-fixed_train_only,validation
2021-06-17,2021-06-18,1.7005139602823875,1.2052542413289156,Refit-BestGARCHFamily-fixed_train_only,validation
2021-06-18,2021-06-21,0.1396997155457911,1.262719274834479,Refit-BestGARCHFamily-fixed_train_only,validation
2021-06-21,2021-06-22,0.284425125779956,1.1811744619526283,Refit-BestGARCHFamily-fixed_train_only,validation
2021-06-22,2021-06-23,0.0505778800491605,1.0473694797385444,Refit-BestGARCHFamily-fixed_train_only,validation
2021-06-23,2021-06-24,0.042756846647676,0.9570836332593287,Refit-BestGARCHFamily-fixed_train_only,validation
2021-06-24,2021-06-25,0.5639250493998573,0.8368440705424373,Refit-BestGARCHFamily-fixed_train_only,validation
2021-06-25,2021-06-28,1.2596863062253096,0.8258889080609979,Refit-BestGARCHFamily-fixed_train_only,validation
2021-06-28,2021-06-29,0.0902656153029111,0.8612722038761984,Refit-BestGARCHFamily-fixed_train_only,validation
2021-06-29,2021-06-30,0.0111781207193246,0.7357133371306004,Refit-BestGARCHFamily-fixed_train_only,validation
2021-06-30,2021-07-01,0.3645273399631648,0.676430696636875,Refit-BestGARCHFamily-fixed_train_only,validation
2021-07-01,2021-07-02,0.0505610286336511,0.6557480076899278,Refit-BestGARCHFamily-fixed_train_only,validation
2021-07-02,2021-07-05,0.4168242183273023,0.5835605011769682,Refit-BestGARCHFamily-fixed_train_only,validation
2021-07-05,2021-07-06,16.601013312283214,0.645621582622599,Refit-BestGARCHFamily-fixed_train_only,validation
2021-07-06,2021-07-07,6.058281445881023,2.3164546617382107,Refit-BestGARCHFamily-fixed_train_only,validation
2021-07-07,2021-07-08,1.0078273448945338,2.6424398828311406,Refit-BestGARCHFamily-fixed_train_only,validation
2021-07-08,2021-07-09,4.095422426959989,2.4678604056142452,Refit-BestGARCHFamily-fixed_train_only,validation
2021-07-09,2021-07-12,14.799235172407151,2.772624693205256,Refit-BestGARCHFamily-fixed_train_only,validation
2021-07-12,2021-07-13,0.009141491530764,4.188157487706806,Refit-BestGARCHFamily-fixed_train_only,validation
2021-07-13,2021-07-14,1.871533753406208,3.3885373073389586,Refit-BestGARCHFamily-fixed_train_only,validation
2021-07-14,2021-07-15,1.185182208099543,3.101373890995838,Refit-BestGARCHFamily-fixed_train_only,validation
2021-07-15,2021-07-16,0.1728051567276786,2.842320141935694,Refit-BestGARCHFamily-fixed_train_only,validation
2021-07-16,2021-07-19,19.26799845022637,2.3097500222172838,Refit-BestGARCHFamily-fixed_train_only,validation
2021-07-19,2021-07-20,5.600831490366748,4.356475461242299,Refit-BestGARCHFamily-fixed_train_only,validation
2021-07-20,2021-07-21,0.0386259132356042,4.319585747528757,Refit-BestGARCHFamily-fixed_train_only,validation
2021-07-21,2021-07-22,3.1842211341003503,3.3761651930294216,Refit-BestGARCHFamily-fixed_train_only,validation
2021-07-22,2021-07-23,3.75891611125588,3.223828836457035,Refit-BestGARCHFamily-fixed_train_only,validation
2021-07-23,2021-07-26,0.0932245335056029,3.633929646207947,Refit-BestGARCHFamily-fixed_train_only,validation
2021-07-26,2021-07-27,0.1095791578755464,2.8931962269400686,Refit-BestGARCHFamily-fixed_train_only,validation
2021-07-27,2021-07-28,0.0001201916445908,2.390643079338702,Refit-BestGARCHFamily-fixed_train_only,validation
2021-07-28,2021-07-29,1.6539600353625152,1.9465689624576896,Refit-BestGARCHFamily-fixed_train_only,validation
2021-07-29,2021-07-30,1.5967544948591652,1.8644127280698843,Refit-BestGARCHFamily-fixed_train_only,validation
2021-07-30,2021-08-02,0.1009987039707803,1.7268977156736476,Refit-BestGARCHFamily-fixed_train_only,validation
2021-08-02,2021-08-03,1.8957198194932552,1.4109533451767695,Refit-BestGARCHFamily-fixed_train_only,validation
2021-08-03,2021-08-04,0.0297448118967559,1.424686519881731,Refit-BestGARCHFamily-fixed_train_only,validation
2021-08-04,2021-08-05,0.6506576147304501,1.1726096644697848,Refit-BestGARCHFamily-fixed_train_only,validation
2021-08-05,2021-08-06,0.0931307383293993,1.0948960444253533,Refit-BestGARCHFamily-fixed_train_only,validation
2021-08-06,2021-08-09,1.8579420490159877,1.0325867132603406,Refit-BestGARCHFamily-fixed_train_only,validation
2021-08-09,2021-08-10,0.0356498511082493,1.1040689023977253,Refit-BestGARCHFamily-fixed_train_only,validation
2021-08-10,2021-08-11,0.1163827824804467,0.9286337671307731,Refit-BestGARCHFamily-fixed_train_only,validation
2021-08-11,2021-08-12,0.1222953063583315,0.8786600167342307,Refit-BestGARCHFamily-fixed_train_only,validation
2021-08-12,2021-08-13,0.0871384784453648,0.8356212982287851,Refit-BestGARCHFamily-fixed_train_only,validation
2021-08-13,2021-08-16,1.0399916754691487,0.7482973203200856,Refit-BestGARCHFamily-fixed_train_only,validation
2021-08-16,2021-08-17,0.3314354435277737,0.7989733594220316,Refit-BestGARCHFamily-fixed_train_only,validation
2021-08-17,2021-08-18,0.0249180078972991,0.8304227379190473,Refit-BestGARCHFamily-fixed_train_only,validation
2021-08-18,2021-08-19,1.034084957658442,0.7512153441666785,Refit-BestGARCHFamily-fixed_train_only,validation
2021-08-19,2021-08-20,11.285807091304966,0.7874808019161734,Refit-BestGARCHFamily-fixed_train_only,validation
2021-08-20,2021-08-23,5.411821632013326,1.9560691362907283,Refit-BestGARCHFamily-fixed_train_only,validation
2021-08-23,2021-08-24,8.536462420535458e-05,2.3866374913205517,Refit-BestGARCHFamily-fixed_train_only,validation
2021-08-24,2021-08-25,0.6870757170728501,1.9761322632297493,Refit-BestGARCHFamily-fixed_train_only,validation
2021-08-25,2021-08-26,0.4170750420782061,1.837623234651614,Refit-BestGARCHFamily-fixed_train_only,validation
2021-08-26,2021-08-27,0.8540485329092148,1.7009382193680838,Refit-BestGARCHFamily-fixed_train_only,validation
2021-08-27,2021-08-30,1.2797402595336076,1.5552914508648366,Refit-BestGARCHFamily-fixed_train_only,validation
2021-08-30,2021-08-31,0.0627065630623478,1.4678005569683013,Refit-BestGARCHFamily-fixed_train_only,validation
2021-08-31,2021-09-01,0.0569056328666982,1.2278593037821677,Refit-BestGARCHFamily-fixed_train_only,validation
2021-09-01,2021-09-06,0.7669996218071843,1.04301172546359,Refit-BestGARCHFamily-fixed_train_only,validation
2021-09-06,2021-09-07,0.1115838258583112,1.0006482470275937,Refit-BestGARCHFamily-fixed_train_only,validation
2021-09-07,2021-09-08,0.3840242724271654,0.9542907584215087,Refit-BestGARCHFamily-fixed_train_only,validation
2021-09-08,2021-09-09,0.5999757427909345,0.9592999265732911,Refit-BestGARCHFamily-fixed_train_only,validation
2021-09-09,2021-09-10,0.009783360800291,0.9420034927790358,Refit-BestGARCHFamily-fixed_train_only,validation
2021-09-10,2021-09-13,0.0834204953018611,0.7970149980337584,Refit-BestGARCHFamily-fixed_train_only,validation
2021-09-13,2021-09-14,0.0166539238245993,0.7483062576003697,Refit-BestGARCHFamily-fixed_train_only,validation
2021-09-14,2021-09-15,0.208411861391793,0.67215034316798,Refit-BestGARCHFamily-fixed_train_only,validation
2021-09-15,2021-09-16,8.833374944135227e-06,0.6340250853171162,Refit-BestGARCHFamily-fixed_train_only,validation
2021-09-16,2021-09-17,0.2517625260662404,0.5409083441187625,Refit-BestGARCHFamily-fixed_train_only,validation
2021-09-17,2021-09-20,0.0255409488218125,0.5259016715017547,Refit-BestGARCHFamily-fixed_train_only,validation
2021-09-20,2021-09-21,0.6256621683862371,0.502406602576707,Refit-BestGARCHFamily-fixed_train_only,validation
2021-09-21,2021-09-22,0.6493080782631847,0.6067218292160336,Refit-BestGARCHFamily-fixed_train_only,validation
2021-09-22,2021-09-23,0.023678455022373,0.6417714299810984,Refit-BestGARCHFamily-fixed_train_only,validation
2021-09-23,2021-09-24,0.0138313143395197,0.5650989636418677,Refit-BestGARCHFamily-fixed_train_only,validation
2021-09-24,2021-09-27,3.828272422415496,0.5150145396499631,Refit-BestGARCHFamily-fixed_train_only,validation
2021-09-27,2021-09-28,1.1555484032608674,0.9892664620596535,Refit-BestGARCHFamily-fixed_train_only,validation
2021-09-28,2021-09-29,5.575325206713305e-05,1.0404258567580174,Refit-BestGARCHFamily-fixed_train_only,validation
2021-09-29,2021-09-30,0.0451927678238876,0.8700129848944438,Refit-BestGARCHFamily-fixed_train_only,validation
2021-09-30,2021-10-01,0.2869590069123234,0.765918102350198,Refit-BestGARCHFamily-fixed_train_only,validation
2021-10-01,2021-10-04,0.1209217160727008,0.800276897051908,Refit-BestGARCHFamily-fixed_train_only,validation
2021-10-04,2021-10-05,1.2548666056334208,0.7164037669598108,Refit-BestGARCHFamily-fixed_train_only,validation
2021-10-05,2021-10-06,0.363335054701863,0.7842512909195384,Refit-BestGARCHFamily-fixed_train_only,validation
2021-10-06,2021-10-07,0.0539799292056889,0.7447925620707744,Refit-BestGARCHFamily-fixed_train_only,validation
2021-10-07,2021-10-08,0.2422625428098201,0.6392686438578167,Refit-BestGARCHFamily-fixed_train_only,validation
2021-10-08,2021-10-11,2.384064119474745,0.5867330135723796,Refit-BestGARCHFamily-fixed_train_only,validation
2021-10-11,2021-10-12,0.0025924711816483,0.7232554267375045,Refit-BestGARCHFamily-fixed_train_only,validation
2021-10-12,2021-10-13,0.043020201094552,0.6257434481178611,Refit-BestGARCHFamily-fixed_train_only,validation
2021-10-13,2021-10-14,1.8582276241239155e-05,0.595213003204943,Refit-BestGARCHFamily-fixed_train_only,validation
2021-10-14,2021-10-15,0.0037272440365911,0.5281127323264673,Refit-BestGARCHFamily-fixed_train_only,validation
2021-10-15,2021-10-18,0.0412074717223573,0.4590676745172667,Refit-BestGARCHFamily-fixed_train_only,validation
2021-10-18,2021-10-19,0.0002054205471957,0.4254774395268209,Refit-BestGARCHFamily-fixed_train_only,validation
2021-10-19,2021-10-20,0.012036644283499,0.3757216007135048,Refit-BestGARCHFamily-fixed_train_only,validation
2021-10-20,2021-10-21,0.4224699907147212,0.35752910365880397,Refit-BestGARCHFamily-fixed_train_only,validation
2021-10-21,2021-10-22,0.1038627326357175,0.4352062518523814,Refit-BestGARCHFamily-fixed_train_only,validation
2021-10-22,2021-10-25,0.0766142772237032,0.42257743155583316,Refit-BestGARCHFamily-fixed_train_only,validation
2021-10-25,2021-10-26,0.2013151221701667,0.40989191163293054,Refit-BestGARCHFamily-fixed_train_only,validation
2021-10-26,2021-10-27,4.975421040294883,0.4086329374216762,Refit-BestGARCHFamily-fixed_train_only,validation
2021-10-27,2021-10-28,1.0980607841681207,0.6800587259179427,Refit-BestGARCHFamily-fixed_train_only,validation
2021-10-28,2021-10-29,0.1886851350804401,0.695886127983594,Refit-BestGARCHFamily-fixed_train_only,validation
2021-10-29,2021-11-01,0.1351609140151505,0.6164123096044448,Refit-BestGARCHFamily-fixed_train_only,validation
2021-11-01,2021-11-02,0.8706925479870633,0.6435102082496651,Refit-BestGARCHFamily-fixed_train_only,validation
2021-11-02,2021-11-03,0.3174077865606339,0.681040717119342,Refit-BestGARCHFamily-fixed_train_only,validation
2021-11-03,2021-11-04,0.0780251318950003,0.7081100125198226,Refit-BestGARCHFamily-fixed_train_only,validation
2021-11-04,2021-11-05,0.3164163905277483,0.6419126068696943,Refit-BestGARCHFamily-fixed_train_only,validation
2021-11-05,2021-11-08,0.5722632892702788,0.6134401733572501,Refit-BestGARCHFamily-fixed_train_only,validation
2021-11-08,2021-11-09,0.1717825777423685,0.6160120904164832,Refit-BestGARCHFamily-fixed_train_only,validation
2021-11-09,2021-11-10,0.0578685691569425,0.6333315849954313,Refit-BestGARCHFamily-fixed_train_only,validation
2021-11-10,2021-11-11,0.0332757244454099,0.566536988743216,Refit-BestGARCHFamily-fixed_train_only,validation
2021-11-11,2021-11-12,0.5636350562840569,0.528873903469626,Refit-BestGARCHFamily-fixed_train_only,validation
2021-11-12,2021-11-15,0.0470688863590858,0.5560028796562044,Refit-BestGARCHFamily-fixed_train_only,validation
2021-11-15,2021-11-16,0.4729748116245648,0.494865819276145,Refit-BestGARCHFamily-fixed_train_only,validation
2021-11-16,2021-11-17,0.40826744424175,0.5826019308626477,Refit-BestGARCHFamily-fixed_train_only,validation
2021-11-17,2021-11-18,0.1670640675036151,0.5830116550144575,Refit-BestGARCHFamily-fixed_train_only,validation
2021-11-18,2021-11-19,1.4313283722317711,0.5878466424790242,Refit-BestGARCHFamily-fixed_train_only,validation
2021-11-19,2021-11-22,0.1237442583360642,0.770203996123925,Refit-BestGARCHFamily-fixed_train_only,validation
2021-11-22,2021-11-23,1.2666258581863683,0.7088065513068855,Refit-BestGARCHFamily-fixed_train_only,validation
2021-11-23,2021-11-24,2.923344781612152,0.7891759213974149,Refit-BestGARCHFamily-fixed_train_only,validation
2021-11-24,2021-11-25,0.6380046596767257,0.9547591014247492,Refit-BestGARCHFamily-fixed_train_only,validation
2021-11-25,2021-11-26,0.2701244946030526,0.8919630677400298,Refit-BestGARCHFamily-fixed_train_only,validation
2021-11-26,2021-11-29,0.3025648797186475,0.9472686408300602,Refit-BestGARCHFamily-fixed_train_only,validation
2021-11-29,2021-11-30,0.1865846491020368,0.9545282949638088,Refit-BestGARCHFamily-fixed_train_only,validation
2021-11-30,2021-12-01,0.2075014205290045,0.8771261572817399,Refit-BestGARCHFamily-fixed_train_only,validation
2021-12-01,2021-12-02,0.0447934240863952,0.8328346551099797,Refit-BestGARCHFamily-fixed_train_only,validation
2021-12-02,2021-12-03,7.012035907074128,0.7526227223853307,Refit-BestGARCHFamily-fixed_train_only,validation
2021-12-03,2021-12-06,4.334941271489592,1.5498090301380623,Refit-BestGARCHFamily-fixed_train_only,validation
2021-12-06,2021-12-07,5.38610884102854,1.9509334598930197,Refit-BestGARCHFamily-fixed_train_only,validation
2021-12-07,2021-12-08,0.1770242562530693,2.2792376461326618,Refit-BestGARCHFamily-fixed_train_only,validation
2021-12-08,2021-12-09,1.070479018660655,1.936616661590565,Refit-BestGARCHFamily-fixed_train_only,validation
2021-12-09,2021-12-10,0.0917573521914629,1.761651298461052,Refit-BestGARCHFamily-fixed_train_only,validation
2021-12-10,2021-12-13,0.7430153759165636,1.6475719103853006,Refit-BestGARCHFamily-fixed_train_only,validation
2021-12-13,2021-12-14,0.0001656787526269,1.4974285059760626,Refit-BestGARCHFamily-fixed_train_only,validation
2021-12-14,2021-12-15,0.001241581482623,1.2249274948306803,Refit-BestGARCHFamily-fixed_train_only,validation
2021-12-15,2021-12-16,0.0056551081903051,1.0100004390946276,Refit-BestGARCHFamily-fixed_train_only,validation
2021-12-16,2021-12-17,0.0462794489398934,0.8470532603592875,Refit-BestGARCHFamily-fixed_train_only,validation
2021-12-17,2021-12-20,0.0276816841350729,0.7265525670953222,Refit-BestGARCHFamily-fixed_train_only,validation
2021-12-20,2021-12-21,0.009100575448846,0.6529184880846879,Refit-BestGARCHFamily-fixed_train_only,validation
2021-12-21,2021-12-22,0.0052396015195704,0.5734060824207188,Refit-BestGARCHFamily-fixed_train_only,validation
2021-12-22,2021-12-23,1.992176913695392,0.5092173123994832,Refit-BestGARCHFamily-fixed_train_only,validation
2021-12-23,2021-12-24,1.8717637228671864,0.7825674823276222,Refit-BestGARCHFamily-fixed_train_only,validation
2021-12-24,2021-12-27,0.6385359851594573,0.9069397171427245,Refit-BestGARCHFamily-fixed_train_only,validation
2021-12-27,2021-12-28,0.1364517327618313,0.8863277509283114,Refit-BestGARCHFamily-fixed_train_only,validation
2021-12-28,2021-12-29,0.3307731842534792,0.784529816837467,Refit-BestGARCHFamily-fixed_train_only,validation
2021-12-29,2021-12-30,0.0001019075301841,0.842516861331967,Refit-BestGARCHFamily-fixed_train_only,validation
2021-12-30,2021-12-31,0.6806292652244172,0.7201117691044291,Refit-BestGARCHFamily-fixed_train_only,validation
2021-12-31,2022-01-04,3.2605099137684044,0.7434631136123209,Refit-BestGARCHFamily-fixed_train_only,validation
2022-01-04,2022-01-05,0.0408421877386783,0.9422264473969686,Refit-BestGARCHFamily-fixed_train_only,validation
2022-01-05,2022-01-06,0.1583194148629771,0.894158013936655,Refit-BestGARCHFamily-fixed_train_only,validation
2022-01-06,2022-01-07,3.466888916717849e-05,0.776949971267423,Refit-BestGARCHFamily-fixed_train_only,validation
2022-01-07,2022-01-10,2.6694297971607823,0.6827133715402627,Refit-BestGARCHFamily-fixed_train_only,validation
2022-01-10,2022-01-11,0.5791412105719106,0.994210305492613,Refit-BestGARCHFamily-fixed_train_only,validation
2022-01-11,2022-01-12,1.469449968423449,0.9761673866802719,Refit-BestGARCHFamily-fixed_train_only,validation
2022-01-12,2022-01-13,0.9252594386149106,1.0531456334429259,Refit-BestGARCHFamily-fixed_train_only,validation
2022-01-13,2022-01-14,4.021230809949571e-06,1.1608453746111578,Refit-BestGARCHFamily-fixed_train_only,validation
2022-01-14,2022-01-17,8.577861779061374,0.9592653673860655,Refit-BestGARCHFamily-fixed_train_only,validation
2022-01-17,2022-01-18,0.9241996120524796,1.8780527887668166,Refit-BestGARCHFamily-fixed_train_only,validation
2022-01-18,2022-01-19,0.0713962483719635,1.7468934896379367,Refit-BestGARCHFamily-fixed_train_only,validation
2022-01-19,2022-01-20,2.396694299563955,1.5294796144871057,Refit-BestGARCHFamily-fixed_train_only,validation
2022-01-20,2022-01-21,0.2669228311266386,1.6184002655368759,Refit-BestGARCHFamily-fixed_train_only,validation
2022-01-21,2022-01-24,5.19144957677216,1.3806368512695122,Refit-BestGARCHFamily-fixed_train_only,validation
2022-01-24,2022-01-25,7.461944120148481,2.0851477919263064,Refit-BestGARCHFamily-fixed_train_only,validation
2022-01-25,2022-01-26,0.0182472056354126,2.4373583789617754,Refit-BestGARCHFamily-fixed_train_only,validation
2022-01-26,2022-01-27,0.5372614259470304,1.9609236975729252,Refit-BestGARCHFamily-fixed_train_only,validation
2022-01-27,2022-01-28,0.3091208848418566,1.836862869188938,Refit-BestGARCHFamily-fixed_train_only,validation
2022-01-28,2022-02-07,1.5787299229773026,1.5758002717949031,Refit-BestGARCHFamily-fixed_train_only,validation
2022-02-07,2022-02-08,0.0493284261128678,1.5252135406150145,Refit-BestGARCHFamily-fixed_train_only,validation
2022-02-08,2022-02-09,0.0852913112285084,1.2751281253796947,Refit-BestGARCHFamily-fixed_train_only,validation
2022-02-09,2022-02-10,0.0087647457494785,1.0923155600275773,Refit-BestGARCHFamily-fixed_train_only,validation
2022-02-10,2022-02-11,0.1140481407730615,0.918608773587071,Refit-BestGARCHFamily-fixed_train_only,validation
2022-02-11,2022-02-14,4.003846034921644,0.8731231813421158,Refit-BestGARCHFamily-fixed_train_only,validation
2022-02-14,2022-02-15,1.9670652734045644,1.325035195312639,Refit-BestGARCHFamily-fixed_train_only,validation
2022-02-15,2022-02-16,0.0018968880308684,1.4287916730527148,Refit-BestGARCHFamily-fixed_train_only,validation
2022-02-16,2022-02-17,1.122140769245723,1.1847164832871353,Refit-BestGARCHFamily-fixed_train_only,validation
2022-02-17,2022-02-18,0.0437252358911797,1.1681568303752707,Refit-BestGARCHFamily-fixed_train_only,validation
2022-02-18,2022-02-21,0.1583409064037323,1.0774827182703934,Refit-BestGARCHFamily-fixed_train_only,validation
2022-02-21,2022-02-22,0.2391227349223014,0.9466070924956267,Refit-BestGARCHFamily-fixed_train_only,validation
2022-02-22,2022-02-23,0.3429157616051995,0.9180208917078635,Refit-BestGARCHFamily-fixed_train_only,validation
2022-02-23,2022-02-24,1.3469467288223498,0.8726526344555967,Refit-BestGARCHFamily-fixed_train_only,validation
2022-02-24,2022-02-25,0.0728442185423715,1.057667365129392,Refit-BestGARCHFamily-fixed_train_only,validation
2022-02-25,2022-02-28,0.3435682703713377,0.9285725978395334,Refit-BestGARCHFamily-fixed_train_only,validation
2022-02-28,2022-03-01,0.3350186274967215,0.9230419881505336,Refit-BestGARCHFamily-fixed_train_only,validation
2022-03-01,2022-03-02,0.7897102913909818,0.8799278358596142,Refit-BestGARCHFamily-fixed_train_only,validation
2022-03-02,2022-03-03,1.6972927621476632,0.9741582088090631,Refit-BestGARCHFamily-fixed_train_only,validation
2022-03-03,2022-03-04,0.0004806839941866,1.0504892232876257,Refit-BestGARCHFamily-fixed_train_only,validation
2022-03-04,2022-03-07,0.1747715827843937,0.8972804562190956,Refit-BestGARCHFamily-fixed_train_only,validation
2022-03-07,2022-03-08,2.9065282793306784,0.8649701331636651,Refit-BestGARCHFamily-fixed_train_only,validation
2022-03-08,2022-03-09,4.143903255486161e-06,1.224366779197008,Refit-BestGARCHFamily-fixed_train_only,validation
2022-03-09,2022-03-10,0.1308186023197331,1.0344055487308164,Refit-BestGARCHFamily-fixed_train_only,validation
2022-03-10,2022-03-11,0.7249480262949388,0.9410362974763662,Refit-BestGARCHFamily-fixed_train_only,validation
2022-03-11,2022-03-14,1.940974298078772,1.0001087468226253,Refit-BestGARCHFamily-fixed_train_only,validation
2022-03-14,2022-03-15,0.2004736979473137,1.2382689941915777,Refit-BestGARCHFamily-fixed_train_only,validation
2022-03-15,2022-03-16,0.2048465635146144,1.1160287360103505,Refit-BestGARCHFamily-fixed_train_only,validation
2022-03-16,2022-03-17,0.0189446795575115,1.0169311427278478,Refit-BestGARCHFamily-fixed_train_only,validation
2022-03-17,2022-03-18,0.2804915592052127,0.870735733245857,Refit-BestGARCHFamily-fixed_train_only,validation
2022-03-18,2022-03-21,3.042510301896478,0.7953080691843492,Refit-BestGARCHFamily-fixed_train_only,validation
2022-03-21,2022-03-22,0.3468240297098041,0.9429585757132948,Refit-BestGARCHFamily-fixed_train_only,validation
2022-03-22,2022-03-23,0.0091785148718354,0.8515898620128421,Refit-BestGARCHFamily-fixed_train_only,validation
2022-03-23,2022-03-24,0.0739545064300968,0.7657007344625761,Refit-BestGARCHFamily-fixed_train_only,validation
2022-03-24,2022-03-25,0.0002565538581837,0.7281754521194747,Refit-BestGARCHFamily-fixed_train_only,validation
2022-03-25,2022-03-28,1.0559980128443454,0.6171936489402454,Refit-BestGARCHFamily-fixed_train_only,validation
2022-03-28,2022-03-29,0.9569197018395468,0.7524810343324467,Refit-BestGARCHFamily-fixed_train_only,validation
2022-03-29,2022-03-30,0.2354496444813368,0.8089949176959669,Refit-BestGARCHFamily-fixed_train_only,validation
2022-03-30,2022-03-31,0.0120931732563713,0.8094163834883062,Refit-BestGARCHFamily-fixed_train_only,validation
2022-03-31,2022-04-01,2.607401303697469,0.6923704371632836,Refit-BestGARCHFamily-fixed_train_only,validation
2022-04-01,2022-04-04,0.2950865363946971,0.8444507830956589,Refit-BestGARCHFamily-fixed_train_only,validation
2022-04-04,2022-04-05,0.09410156815978,0.771123186400213,Refit-BestGARCHFamily-fixed_train_only,validation
2022-04-05,2022-04-06,0.0355827999144168,0.7512855912056452,Refit-BestGARCHFamily-fixed_train_only,validation
2022-04-06,2022-04-07,1.845756746133211,0.646535754775453,Refit-BestGARCHFamily-fixed_train_only,validation
2022-04-07,2022-04-08,1.8599564295348143,0.8985691533014698,Refit-BestGARCHFamily-fixed_train_only,validation
2022-04-08,2022-04-12,3.317796568560508,1.0793048696574508,Refit-BestGARCHFamily-fixed_train_only,validation
2022-04-12,2022-04-13,2.2412176347286983,1.3922131560836553,Refit-BestGARCHFamily-fixed_train_only,validation
2022-04-13,2022-04-14,0.1186709675031117,1.5157590852833416,Refit-BestGARCHFamily-fixed_train_only,validation
2022-04-14,2022-04-15,0.8563450026802516,1.3461166700691447,Refit-BestGARCHFamily-fixed_train_only,validation
2022-04-15,2022-04-18,3.225139156963737,1.3996658667542887,Refit-BestGARCHFamily-fixed_train_only,validation
2022-04-18,2022-04-19,3.3937657292333743,1.7697154394481491,Refit-BestGARCHFamily-fixed_train_only,validation
2022-04-19,2022-04-20,2.4245124341762705,2.0328324036775314,Refit-BestGARCHFamily-fixed_train_only,validation
2022-04-20,2022-04-21,1.109638997468357,2.0770449514164833,Refit-BestGARCHFamily-fixed_train_only,validation
2022-04-21,2022-04-22,0.4305144066915168,1.9307609132040662,Refit-BestGARCHFamily-fixed_train_only,validation
2022-04-22,2022-04-25,25.802530842890924,1.7405320624299545,Refit-BestGARCHFamily-fixed_train_only,validation
2022-04-25,2022-04-26,5.262405488369011,4.224635528265499,Refit-BestGARCHFamily-fixed_train_only,validation
2022-04-26,2022-04-27,0.8508547277394044,4.211316784971178,Refit-BestGARCHFamily-fixed_train_only,validation
2022-04-27,2022-04-28,0.0422563925888465,3.5808494574624334,Refit-BestGARCHFamily-fixed_train_only,validation
2022-04-28,2022-04-29,1.3536355027087716,2.8919469796752697,Refit-BestGARCHFamily-fixed_train_only,validation
2022-04-29,2022-05-04,1.7811317821270536,2.547917637763876,Refit-BestGARCHFamily-fixed_train_only,validation
2022-05-04,2022-05-05,0.7846838850035229,2.690594047326858,Refit-BestGARCHFamily-fixed_train_only,validation
2022-05-05,2022-05-06,5.457913784856381,2.393358477675705,Refit-BestGARCHFamily-fixed_train_only,validation
2022-05-06,2022-05-09,21.07246376843707,2.8881133192252775,Refit-BestGARCHFamily-fixed_train_only,validation
2022-05-09,2022-05-10,3.4895974437640893,4.733342743429982,Refit-BestGARCHFamily-fixed_train_only,validation
2022-05-10,2022-05-11,0.3772893243323654,4.465049373692255,Refit-BestGARCHFamily-fixed_train_only,validation
2022-05-11,2022-05-12,24.369069377939013,3.694403641395496,Refit-BestGARCHFamily-fixed_train_only,validation
2022-05-12,2022-05-13,21.45200829300172,5.922069258687464,Refit-BestGARCHFamily-fixed_train_only,validation
2022-05-13,2022-05-16,0.8445825050431754,7.527169913325923,Refit-BestGARCHFamily-fixed_train_only,validation
2022-05-16,2022-05-17,22.10791922900586,5.910441786969279,Refit-BestGARCHFamily-fixed_train_only,validation
2022-05-17,2022-05-18,1.0072145297005026,6.874704544700653,Refit-BestGARCHFamily-fixed_train_only,validation
2022-05-18,2022-05-19,0.0050266870380628,5.552144538502969,Refit-BestGARCHFamily-fixed_train_only,validation
2022-05-19,2022-05-20,0.0056143553761866,4.499790047714449,Refit-BestGARCHFamily-fixed_train_only,validation
2022-05-20,2022-05-23,3.1715419491716648,3.765963610558402,Refit-BestGARCHFamily-fixed_train_only,validation
2022-05-23,2022-05-24,1.4121508187671683,3.781480391413102,Refit-BestGARCHFamily-fixed_train_only,validation
2022-05-24,2022-05-25,7.852071042943518,3.4754024241014814,Refit-BestGARCHFamily-fixed_train_only,validation
2022-05-25,2022-05-26,0.0001218078083452,3.659823717629118,Refit-BestGARCHFamily-fixed_train_only,validation
2022-05-26,2022-05-27,1.747305868676365,3.056171269580965,Refit-BestGARCHFamily-fixed_train_only,validation
2022-05-27,2022-05-30,0.4313230278725308,2.6699337484345014,Refit-BestGARCHFamily-fixed_train_only,validation
2022-05-30,2022-05-31,0.0091927379819102,2.2369116341245836,Refit-BestGARCHFamily-fixed_train_only,validation
2022-05-31,2022-06-01,0.2785076944454149,1.8118187863659132,Refit-BestGARCHFamily-fixed_train_only,validation
2022-06-01,2022-06-02,0.7094839787224755,1.5755924590879236,Refit-BestGARCHFamily-fixed_train_only,validation
2022-06-02,2022-06-03,0.0024678908753368,1.610588108160359,Refit-BestGARCHFamily-fixed_train_only,validation
2022-06-03,2022-06-06,0.0248021762794326,1.331582213866371,Refit-BestGARCHFamily-fixed_train_only,validation
2022-06-06,2022-06-07,0.0107788521263349,1.1341727772995303,Refit-BestGARCHFamily-fixed_train_only,validation
2022-06-07,2022-06-08,1.62365203625605,0.9658142085035064,Refit-BestGARCHFamily-fixed_train_only,validation
2022-06-08,2022-06-09,7.074018263381634e-05,1.023953744770088,Refit-BestGARCHFamily-fixed_train_only,validation
2022-06-09,2022-06-10,3.350301019629325,0.9053517393002676,Refit-BestGARCHFamily-fixed_train_only,validation
2022-06-10,2022-06-13,20.64588542406384,1.3471185716265657,Refit-BestGARCHFamily-fixed_train_only,validation
2022-06-13,2022-06-14,0.0708307718816595,3.2282134794629362,Refit-BestGARCHFamily-fixed_train_only,validation
2022-06-14,2022-06-15,1.796441565238617,2.7592030050678886,Refit-BestGARCHFamily-fixed_train_only,validation
2022-06-15,2022-06-16,3.432463040017097,2.598920560163695,Refit-BestGARCHFamily-fixed_train_only,validation
2022-06-16,2022-06-17,2.4820888579092317,2.6455622803425993,Refit-BestGARCHFamily-fixed_train_only,validation
2022-06-17,2022-06-20,9.47527051181594,2.876520833594201,Refit-BestGARCHFamily-fixed_train_only,validation
2022-06-20,2022-06-21,0.4543743324349223,3.832297999336627,Refit-BestGARCHFamily-fixed_train_only,validation
2022-06-21,2022-06-22,0.0746935567234301,3.1488628698700554,Refit-BestGARCHFamily-fixed_train_only,validation
2022-06-22,2022-06-23,2.766255864563167,2.5022875088357885,Refit-BestGARCHFamily-fixed_train_only,validation
2022-06-23,2022-06-24,0.0820210424345146,2.499860207302548,Refit-BestGARCHFamily-fixed_train_only,validation
2022-06-24,2022-06-27,2.1086071885158946,2.189058374601181,Refit-BestGARCHFamily-fixed_train_only,validation
2022-06-27,2022-06-28,1.593519408496492,2.0542594931501608,Refit-BestGARCHFamily-fixed_train_only,validation
2022-06-28,2022-06-29,6.739655204912147e-07,1.909630238666137,Refit-BestGARCHFamily-fixed_train_only,validation
2022-06-29,2022-06-30,2.8779439800812714,1.565029529412026,Refit-BestGARCHFamily-fixed_train_only,validation
2022-06-30,2022-07-01,0.0117704187689308,1.9056329011797513,Refit-BestGARCHFamily-fixed_train_only,validation
2022-07-01,2022-07-04,0.0792348201052211,1.5633084807886362,Refit-BestGARCHFamily-fixed_train_only,validation
2022-07-04,2022-07-05,1.4358126528100246,1.3387193062389178,Refit-BestGARCHFamily-fixed_train_only,validation
2022-07-05,2022-07-06,7.389865614079536,1.4251036830520611,Refit-BestGARCHFamily-fixed_train_only,validation
2022-07-06,2022-07-07,2.1222407761584665,2.1633540194414396,Refit-BestGARCHFamily-fixed_train_only,validation
2022-07-07,2022-07-08,0.1707436242121409,2.158613638861809,Refit-BestGARCHFamily-fixed_train_only,validation
2022-07-08,2022-07-11,1.896510687995091,1.833107082546129,Refit-BestGARCHFamily-fixed_train_only,validation
2022-07-11,2022-07-12,2.8101659729648394,1.976152591230188,Refit-BestGARCHFamily-fixed_train_only,validation
2022-07-12,2022-07-13,0.0058732050643028,1.9972420467402674,Refit-BestGARCHFamily-fixed_train_only,validation
2022-07-13,2022-07-14,0.4904420356514064,1.6912018098966533,Refit-BestGARCHFamily-fixed_train_only,validation
2022-07-14,2022-07-15,0.0611617161101388,1.517802734564262,Refit-BestGARCHFamily-fixed_train_only,validation
2022-07-15,2022-07-18,0.0549065100896944,1.3358701242110074,Refit-BestGARCHFamily-fixed_train_only,validation
2022-07-18,2022-07-19,0.0244219525267298,1.1783858450770428,Refit-BestGARCHFamily-fixed_train_only,validation
2022-07-19,2022-07-20,1.7763769532234184,0.9959804365244557,Refit-BestGARCHFamily-fixed_train_only,validation
2022-07-20,2022-07-21,0.1310065184317032,1.0755556180456416,Refit-BestGARCHFamily-fixed_train_only,validation
2022-07-21,2022-07-22,0.0961257253308801,0.9345217724342111,Refit-BestGARCHFamily-fixed_train_only,validation
2022-07-22,2022-07-25,0.2759737706228845,0.8938114386202509,Refit-BestGARCHFamily-fixed_train_only,validation
2022-07-25,2022-07-26,0.0835304358694094,0.9014822023824729,Refit-BestGARCHFamily-fixed_train_only,validation
2022-07-26,2022-07-27,0.2525093111697122,0.810319774519693,Refit-BestGARCHFamily-fixed_train_only,validation
2022-07-27,2022-07-28,2.02736513860254,0.7776397974484527,Refit-BestGARCHFamily-fixed_train_only,validation
2022-07-28,2022-07-29,0.0219851675662213,0.8931158935275391,Refit-BestGARCHFamily-fixed_train_only,validation
2022-07-29,2022-08-01,4.214166749504341,0.8343368366808771,Refit-BestGARCHFamily-fixed_train_only,validation
2022-08-01,2022-08-02,0.6898714562213188,1.0472181005020404,Refit-BestGARCHFamily-fixed_train_only,validation
2022-08-02,2022-08-03,0.4270040010021521,0.9748052428984493,Refit-BestGARCHFamily-fixed_train_only,validation
2022-08-03,2022-08-04,0.1229567831793093,0.8980401727394695,Refit-BestGARCHFamily-fixed_train_only,validation
2022-08-04,2022-08-05,0.0126539977340546,0.7793658161853061,Refit-BestGARCHFamily-fixed_train_only,validation
2022-08-05,2022-08-08,0.1021359274837244,0.7116430335348606,Refit-BestGARCHFamily-fixed_train_only,validation
2022-08-08,2022-08-09,0.0278750471367201,0.6436064132032032,Refit-BestGARCHFamily-fixed_train_only,validation
2022-08-09,2022-08-10,0.0349139608846283,0.5684108101379636,Refit-BestGARCHFamily-fixed_train_only,validation
2022-08-10,2022-08-11,0.1247429178058028,0.5289790383237286,Refit-BestGARCHFamily-fixed_train_only,validation
2022-08-11,2022-08-12,0.6660254086755314,0.5314160639368722,Refit-BestGARCHFamily-fixed_train_only,validation
2022-08-12,2022-08-15,0.8759670360790162,0.566236535850693,Refit-BestGARCHFamily-fixed_train_only,validation
2022-08-15,2022-08-16,0.0014782571055336,0.6096450898450714,Refit-BestGARCHFamily-fixed_train_only,validation
2022-08-16,2022-08-17,0.0021413807191485,0.5353734505749571,Refit-BestGARCHFamily-fixed_train_only,validation
2022-08-17,2022-08-18,0.0161573789935176,0.47508980048187033,Refit-BestGARCHFamily-fixed_train_only,validation
2022-08-18,2022-08-19,0.124159183844011,0.44765251891517244,Refit-BestGARCHFamily-fixed_train_only,validation
2022-08-19,2022-08-22,0.4785997007311449,0.44585907200182184,Refit-BestGARCHFamily-fixed_train_only,validation
2022-08-22,2022-08-23,0.6726558406784502,0.5040775208546228,Refit-BestGARCHFamily-fixed_train_only,validation
2022-08-23,2022-08-24,0.2484394846076955,0.5510860701531849,Refit-BestGARCHFamily-fixed_train_only,validation
2022-08-24,2022-08-25,0.8344386477124279,0.5276008722317179,Refit-BestGARCHFamily-fixed_train_only,validation
2022-08-25,2022-08-26,0.2408597797174897,0.5630218070588203,Refit-BestGARCHFamily-fixed_train_only,validation
2022-08-26,2022-08-29,0.8499464536320859,0.6164617567919144,Refit-BestGARCHFamily-fixed_train_only,validation
2022-08-29,2022-08-30,0.4538418356510164,0.7458503766615596,Refit-BestGARCHFamily-fixed_train_only,validation
2022-08-30,2022-08-31,0.0076568491567018,0.7451025179176867,Refit-BestGARCHFamily-fixed_train_only,validation
2022-08-31,2022-09-05,0.061049351862573,0.6452619803612402,Refit-BestGARCHFamily-fixed_train_only,validation
2022-09-05,2022-09-06,1.532156699315195e-05,0.6037704806505866,Refit-BestGARCHFamily-fixed_train_only,validation
2022-09-06,2022-09-07,7.377847328826583,0.5293826434897293,Refit-BestGARCHFamily-fixed_train_only,validation
2022-09-07,2022-09-08,0.478523332029774,1.3277387296259398,Refit-BestGARCHFamily-fixed_train_only,validation
2022-09-08,2022-09-09,1.3041739898741895,1.2118790650146376,Refit-BestGARCHFamily-fixed_train_only,validation
2022-09-09,2022-09-12,0.004521626169754,1.2731179247624147,Refit-BestGARCHFamily-fixed_train_only,validation
2022-09-12,2022-09-13,0.0095408682654198,1.061252474128457,Refit-BestGARCHFamily-fixed_train_only,validation
2022-09-13,2022-09-14,0.3758397161006742,0.9384669711671617,Refit-BestGARCHFamily-fixed_train_only,validation
2022-09-14,2022-09-15,0.1547128388602677,0.9795105620780327,Refit-BestGARCHFamily-fixed_train_only,validation
2022-09-15,2022-09-16,0.6392848421140832,0.8893855624309259,Refit-BestGARCHFamily-fixed_train_only,validation
2022-09-16,2022-09-19,6.167092365627429,0.9235746356927793,Refit-BestGARCHFamily-fixed_train_only,validation
2022-09-19,2022-09-20,1.2403443891166936,1.5667092113818883,Refit-BestGARCHFamily-fixed_train_only,validation
2022-09-20,2022-09-21,0.4759099851621189,1.5518235859038993,Refit-BestGARCHFamily-fixed_train_only,validation
2022-09-21,2022-09-22,0.1171234903128616,1.473190097680868,Refit-BestGARCHFamily-fixed_train_only,validation
2022-09-22,2022-09-23,0.8922637492009945,1.291293668840188,Refit-BestGARCHFamily-fixed_train_only,validation
2022-09-23,2022-09-26,5.922583365191483,1.3634631970522404,Refit-BestGARCHFamily-fixed_train_only,validation
2022-09-26,2022-09-27,0.4452493243663706,2.014904363750737,Refit-BestGARCHFamily-fixed_train_only,validation
2022-09-27,2022-09-28,3.9376181571955216,1.766476561779539,Refit-BestGARCHFamily-fixed_train_only,validation
2022-09-28,2022-09-29,2.391654578614972,2.0624413995917963,Refit-BestGARCHFamily-fixed_train_only,validation
2022-09-29,2022-09-30,0.2861665228807753,2.1166373612418794,Refit-BestGARCHFamily-fixed_train_only,validation
2022-09-30,2022-10-03,16.955331578512116,1.8663147613852828,Refit-BestGARCHFamily-fixed_train_only,validation
2022-10-03,2022-10-04,0.5881297526576773,3.521960689550895,Refit-BestGARCHFamily-fixed_train_only,validation
2022-10-04,2022-10-05,5.7303230555022,2.9354385003266534,Refit-BestGARCHFamily-fixed_train_only,validation
2022-10-05,2022-10-06,7.453651936358921,3.1273826379388963,Refit-BestGARCHFamily-fixed_train_only,validation
2022-10-06,2022-10-07,13.391049366085785,3.821387024348642,Refit-BestGARCHFamily-fixed_train_only,validation
2022-10-07,2022-10-10,0.3997049579355222,5.000425620047777,Refit-BestGARCHFamily-fixed_train_only,validation
2022-10-10,2022-10-11,12.54691927074426,4.143847841551983,Refit-BestGARCHFamily-fixed_train_only,validation
2022-10-11,2022-10-12,7.860720182392412,5.06795238816901,Refit-BestGARCHFamily-fixed_train_only,validation
2022-10-12,2022-10-13,2.4070722291092697,5.1740192054577365,Refit-BestGARCHFamily-fixed_train_only,validation
2022-10-13,2022-10-14,1.0568030806874944,4.467950567171145,Refit-BestGARCHFamily-fixed_train_only,validation
2022-10-14,2022-10-17,0.9445652838308308,3.66827200681942,Refit-BestGARCHFamily-fixed_train_only,validation
2022-10-17,2022-10-18,1.304619909377935,3.4792389240712738,Refit-BestGARCHFamily-fixed_train_only,validation
2022-10-18,2022-10-19,0.1143012847418557,3.0639133290511857,Refit-BestGARCHFamily-fixed_train_only,validation
2022-10-19,2022-10-20,0.0233897216248987,2.534267271570643,Refit-BestGARCHFamily-fixed_train_only,validation
2022-10-20,2022-10-21,13.823102148731785,2.0571305261570583,Refit-BestGARCHFamily-fixed_train_only,validation
2022-10-21,2022-10-24,11.27142788246664,3.4992832604950577,Refit-BestGARCHFamily-fixed_train_only,validation
2022-10-24,2022-10-25,0.2552819963060921,4.372332881842094,Refit-BestGARCHFamily-fixed_train_only,validation
2022-10-25,2022-10-26,0.2322552175172126,3.392416244067827,Refit-BestGARCHFamily-fixed_train_only,validation
2022-10-26,2022-10-27,17.476545289293156,2.9240391458577313,Refit-BestGARCHFamily-fixed_train_only,validation
2022-10-27,2022-10-28,0.0040004302898497,3.723967560282798,Refit-BestGARCHFamily-fixed_train_only,validation
2022-10-28,2022-10-31,0.003185411598369,3.193458438377779,Refit-BestGARCHFamily-fixed_train_only,validation
2022-10-31,2022-11-01,0.3176638729946111,2.64917840199623,Refit-BestGARCHFamily-fixed_train_only,validation
2022-11-01,2022-11-02,1.0542708806933592,2.218573746201108,Refit-BestGARCHFamily-fixed_train_only,validation
2022-11-02,2022-11-03,0.1094857130367321,2.1142827932598536,Refit-BestGARCHFamily-fixed_train_only,validation
2022-11-03,2022-11-04,5.049190747098641,1.762246287581168,Refit-BestGARCHFamily-fixed_train_only,validation
2022-11-04,2022-11-07,4.95903292212355,2.320861288880123,Refit-BestGARCHFamily-fixed_train_only,validation
2022-11-07,2022-11-08,0.4359307936718208,2.7260089192820067,Refit-BestGARCHFamily-fixed_train_only,validation
2022-11-08,2022-11-09,0.1604496978685764,2.429892268162708,Refit-BestGARCHFamily-fixed_train_only,validation
2022-11-09,2022-11-10,15.751336654060546,2.082243055693766,Refit-BestGARCHFamily-fixed_train_only,validation
2022-11-10,2022-11-11,0.5877644540297541,3.6644186284736153,Refit-BestGARCHFamily-fixed_train_only,validation
2022-11-11,2022-11-14,2.025904181968848,3.1333023115250356,Refit-BestGARCHFamily-fixed_train_only,validation
2022-11-14,2022-11-15,9.894366349346946,3.0571967249460434,Refit-BestGARCHFamily-fixed_train_only,validation
2022-11-15,2022-11-16,11.17558049000805,3.8029478934059346,Refit-BestGARCHFamily-fixed_train_only,validation
2022-11-16,2022-11-17,7.602516501605635,4.270094299791046,Refit-BestGARCHFamily-fixed_train_only,validation
2022-11-17,2022-11-18,5.215358122437767e-05,4.199760261141535,Refit-BestGARCHFamily-fixed_train_only,validation
2022-11-18,2022-11-21,0.8090953049399706,3.435507158401797,Refit-BestGARCHFamily-fixed_train_only,validation
2022-11-21,2022-11-22,0.7954965643291928,3.2409102813492923,Refit-BestGARCHFamily-fixed_train_only,validation
2022-11-22,2022-11-23,0.4158325821141256,2.9493087135922873,Refit-BestGARCHFamily-fixed_train_only,validation
2022-11-23,2022-11-24,0.0326156098281846,2.4891246850615767,Refit-BestGARCHFamily-fixed_train_only,validation
2022-11-24,2022-11-25,6.126390414606435,2.081965365003837,Refit-BestGARCHFamily-fixed_train_only,validation
2022-11-25,2022-11-28,11.99171626886051,2.3217766347249325,Refit-BestGARCHFamily-fixed_train_only,validation
2022-11-28,2022-11-29,6.749510839154126,2.7541763296263415,Refit-BestGARCHFamily-fixed_train_only,validation
2022-11-29,2022-11-30,2.4431488019656613,2.782820675083465,Refit-BestGARCHFamily-fixed_train_only,validation
2022-11-30,2022-12-01,1.3565007887137526,2.4932207791828294,Refit-BestGARCHFamily-fixed_train_only,validation
2022-12-01,2022-12-02,17.084105039989844,2.6116034966287334,Refit-BestGARCHFamily-fixed_train_only,validation
2022-12-02,2022-12-05,1.5797254157342264,3.389702480628142,Refit-BestGARCHFamily-fixed_train_only,validation
2022-12-05,2022-12-06,17.637687522394646,2.943586397800041,Refit-BestGARCHFamily-fixed_train_only,validation
2022-12-06,2022-12-07,0.5388682275570345,4.844814547026519,Refit-BestGARCHFamily-fixed_train_only,validation
2022-12-07,2022-12-08,0.8269714352452323,4.059986493789704,Refit-BestGARCHFamily-fixed_train_only,validation
2022-12-08,2022-12-09,0.0148277116225318,3.5116837990284275,Refit-BestGARCHFamily-fixed_train_only,validation
2022-12-09,2022-12-12,3.589507425464579,2.852478266503712,Refit-BestGARCHFamily-fixed_train_only,validation
2022-12-12,2022-12-13,2.1880754664799307,3.1022409874961467,Refit-BestGARCHFamily-fixed_train_only,validation
2022-12-13,2022-12-14,0.0807108309118899,2.840744572762533,Refit-BestGARCHFamily-fixed_train_only,validation
2022-12-14,2022-12-15,0.2157077020057238,2.2819814226003023,Refit-BestGARCHFamily-fixed_train_only,validation
2022-12-15,2022-12-16,0.072617015649584,1.9522086623837782,Refit-BestGARCHFamily-fixed_train_only,validation
2022-12-16,2022-12-19,1.813928705292506,1.6771380597381114,Refit-BestGARCHFamily-fixed_train_only,validation
2022-12-19,2022-12-20,2.1946973166474533,1.8755220586383516,Refit-BestGARCHFamily-fixed_train_only,validation
2022-12-20,2022-12-21,0.1732700004356016,2.0353543697202796,Refit-BestGARCHFamily-fixed_train_only,validation
2022-12-21,2022-12-22,0.1335316168500294,1.6889872269488675,Refit-BestGARCHFamily-fixed_train_only,validation
2022-12-22,2022-12-23,0.0493851739530653,1.493987024544742,Refit-BestGARCHFamily-fixed_train_only,validation
2022-12-23,2022-12-26,12.275470581243656,1.2865258184614374,Refit-BestGARCHFamily-fixed_train_only,validation
2022-12-26,2022-12-27,3.78693616836278,2.602541953160718,Refit-BestGARCHFamily-fixed_train_only,validation
2022-12-27,2022-12-28,1.2053971949970186,2.682001947942707,Refit-BestGARCHFamily-fixed_train_only,validation
2022-12-28,2022-12-29,0.3958340163318585,2.4437723614074414,Refit-BestGARCHFamily-fixed_train_only,validation
2022-12-29,2022-12-30,0.047616879962563,2.1913362479421337,Refit-BestGARCHFamily-fixed_train_only,validation
