Symbol,Ngay,GiaDieuChinh,GiaDongCua,ThayDoi,KhoiLuongKhopLenh,GiaTriKhopLenh,KLThoaThuan,GtThoaThuan,GiaMoCua,GiaCaoNhat,GiaThapNhat
VNINDEX,29/01/2010,482.0,482.0,"+0,20 (+0,04%)",24187770,952.13,1509900,74516700000,481.5,484.2,477.1
VNINDEX,28/01/2010,481.8,481.8,"-4,60 (-0,95%)",20803730,812.25,2267701,112453084000,484.7,487.8,481.5
VNINDEX,27/01/2010,486.4,486.4,"-11,50 (-2,31%)",32131720,1421.11,1687730,92626797000,496.9,498.2,486.4
VNINDEX,26/01/2010,497.9,497.9,"+17,00 (+3,54%)",32246580,1338.02,1515240,92145900000,490.1,497.9,490.1
VNINDEX,25/01/2010,480.9,480.9,"+3,30 (+0,69%)",19454520,779.52,1879510,88764520000,476.8,481.0,476.8
VNINDEX,22/01/2010,477.6,477.6,"-0,80 (-0,17%)",27517620,1124.12,2558323,115474592000,474.1,481.7,471.9
VNINDEX,21/01/2010,478.4,478.4,"-11,10 (-2,27%)",38873460,1643.11,2084116,157769644000,482.0,489.5,477.8
VNINDEX,20/01/2010,489.5,489.5,"-6,00 (-1,21%)",30775080,1322.23,4417004,257998076000,498.9,499.2,489.5
VNINDEX,19/01/2010,495.5,495.5,"+8,40 (+1,72%)",32298020,1366.08,1337059,83260082000,489.8,498.1,489.8
VNINDEX,18/01/2010,487.1,487.1,"-18,30 (-3,62%)",39253920,1652.59,2165220,136057050000,499.2,499.2,487.1
VNINDEX,15/01/2010,505.4,505.4,"-6,90 (-1,35%)",36355610,1549.89,774170,46955539000,509.2,512.6,503.3
VNINDEX,14/01/2010,512.3,512.3,"+3,70 (+0,73%)",33851840,1437.82,2202940,128824750000,516.4,517.7,509.3
VNINDEX,13/01/2010,508.6,508.6,"+10,30 (+2,07%)",52968720,2306.41,2079439,81349877000,495.7,508.6,485.8
VNINDEX,12/01/2010,498.3,498.3,"-16,80 (-3,26%)",50751560,2211.34,1986880,116493591000,511.2,516.8,498.3
VNINDEX,11/01/2010,515.1,515.1,"-5,80 (-1,11%)",42904970,1948.77,1870530,83500290000,522.8,524.1,512.2
VNINDEX,08/01/2010,520.9,520.9,"-12,40 (-2,33%)",76177100,3634.58,8538240,250254670000,541.0,544.5,520.9
VNINDEX,07/01/2010,533.3,533.3,"-1,20 (-0,22%)",66287110,3151.23,9396390,286509245000,536.8,540.8,530.7
VNINDEX,06/01/2010,534.5,534.5,"+2,00 (+0,38%)",64222280,3079.08,3141230,130448740000,527.4,538.8,526.4
VNINDEX,05/01/2010,532.5,532.5,"+15,40 (+2,98%)",66619450,2873.76,3431940,194478784000,538.8,539.4,530.2
VNINDEX,04/01/2010,517.1,517.1,"+22,30 (+4,51%)",42051600,1746.82,2863220,198078990000,501.7,517.1,501.7
VNINDEX,26/02/2010,496.9,496.9,"+1,90 (+0,38%)",31102610,1274.71,8180290,240947915000,494.3,496.9,492.0
VNINDEX,25/02/2010,495.0,495.0,"+0,40 (+0,08%)",26741270,1165.72,1640770,85147340000,497.5,500.2,493.7
VNINDEX,24/02/2010,494.6,494.6,"-1,70 (-0,34%)",24796880,1073.19,2636300,141694394000,492.9,494.9,490.2
VNINDEX,23/02/2010,496.3,496.3,"-13,70 (-2,69%)",24352140,994.56,2725480,107613657000,504.5,504.5,496.3
VNINDEX,22/02/2010,510.0,510.0,"+3,00 (+0,59%)",19131920,794.08,2032940,119584532000,513.2,513.2,507.9
VNINDEX,12/02/2010,507.0,507.0,"+7,10 (+1,42%)",22150560,940.08,1176000,74531500000,505.3,508.7,504.8
VNINDEX,11/02/2010,499.9,499.9,"+9,00 (+1,83%)",18570470,831.6,2984810,161783456000,493.0,500.0,491.9
VNINDEX,10/02/2010,490.9,490.9,"+8,00 (+1,66%)",15468550,720.93,3525830,97707094000,486.9,491.2,486.9
VNINDEX,09/02/2010,482.9,482.9,"-8,30 (-1,69%)",21152200,935.58,4060480,186518498000,487.0,488.8,482.4
VNINDEX,08/02/2010,491.2,491.2,"-1,80 (-0,37%)",19118380,823.39,2557770,88284075000,488.9,491.7,487.7
VNINDEX,05/02/2010,493.0,493.0,"-10,80 (-2,14%)",31741600,1465.42,1945960,124829959000,495.7,501.1,491.1
VNINDEX,04/02/2010,503.8,503.8,"+8,30 (+1,68%)",34272400,1637.86,987040,43652365000,496.3,504.4,496.0
VNINDEX,03/02/2010,495.5,495.5,"+7,60 (+1,56%)",24485310,1120.73,2084160,102347365000,490.3,495.9,490.1
VNINDEX,02/02/2010,487.9,487.9,"+0,90 (+0,18%)",24044320,1012.65,3364005,78082093000,489.6,490.9,486.2
VNINDEX,01/02/2010,487.0,487.0,"+5,00 (+1,04%)",20695680,836.32,2441950,157762802000,482.9,487.0,481.8
VNINDEX,31/03/2010,499.2,499.2,"-1,50 (-0,30%)",45342680,1780.25,7418300,234543104000,501.9,504.0,499.2
VNINDEX,30/03/2010,500.7,500.7,"-5,00 (-0,99%)",47215800,1797.61,12662445,445319585000,504.7,506.3,500.7
VNINDEX,29/03/2010,505.7,505.7,"+0,40 (+0,08%)",35472710,1341.72,2274070,75115997000,506.7,509.2,504.1
VNINDEX,26/03/2010,505.3,505.3,"+1,90 (+0,38%)",47585270,2012.95,15529670,478951623000,505.5,506.4,501.6
VNINDEX,25/03/2010,503.4,503.4,"-8,70 (-1,70%)",50206760,2077.94,1866380,119576255000,507.9,508.8,502.2
VNINDEX,24/03/2010,512.1,512.1,"+5,60 (+1,11%)",43396280,1911.47,2657182,105094721000,511.1,512.9,508.8
VNINDEX,23/03/2010,506.5,506.5,"-5,10 (-1,00%)",44044890,1749.02,1848886,74426773000,512.2,513.1,506.5
VNINDEX,22/03/2010,511.6,511.6,"-4,40 (-0,85%)",39977520,1675.15,2585940,108683260000,515.7,517.8,511.6
VNINDEX,19/03/2010,516.0,516.0,"-3,70 (-0,71%)",53468830,2351.03,889280,30495570000,520.1,521.2,516.0
VNINDEX,18/03/2010,519.7,519.7,"+8,80 (+1,72%)",44323480,2036.11,1987020,91062130000,515.2,519.7,510.5
VNINDEX,17/03/2010,510.9,510.9,"-5,20 (-1,01%)",49838910,2188.48,1526000,59473500000,519.9,520.1,510.9
VNINDEX,16/03/2010,516.1,516.1,"-15,80 (-2,97%)",64874240,2800.84,2416690,100831859000,526.1,529.6,516.1
VNINDEX,15/03/2010,531.9,531.9,"+0,40 (+0,08%)",54199710,2290.97,2367191,66321299000,538.0,538.0,531.6
VNINDEX,12/03/2010,531.5,531.5,"+6,90 (+1,32%)",53686140,2435.65,2284704,119933363000,528.9,531.5,526.7
VNINDEX,11/03/2010,524.6,524.6,"-1,10 (-0,21%)",50966990,2178.15,1134030,48900405000,526.9,529.5,524.4
VNINDEX,10/03/2010,525.7,525.7,"-1,60 (-0,30%)",55713450,2515.44,2182890,92460490000,526.2,529.6,522.8
VNINDEX,09/03/2010,527.3,527.3,"+6,20 (+1,19%)",60441560,2605.91,1967762,110434551000,520.9,527.3,520.1
VNINDEX,08/03/2010,521.1,521.1,"+7,70 (+1,50%)",53071450,2222.52,2497950,144276045000,517.0,522.8,517.0
VNINDEX,05/03/2010,513.4,513.4,"+1,50 (+0,29%)",44095840,1918.74,1463970,89430080000,512.7,514.5,509.6
VNINDEX,04/03/2010,511.9,511.9,"+4,60 (+0,91%)",47852720,2166.66,3109950,145899790000,510.9,516.8,510.9
VNINDEX,03/03/2010,507.3,507.3,"+6,30 (+1,26%)",36152370,1474.03,1619800,66626120000,505.0,507.3,502.0
VNINDEX,02/03/2010,501.0,501.0,"-2,00 (-0,40%)",34862300,1375.34,8437333,266914254000,504.0,505.6,500.1
VNINDEX,01/03/2010,503.0,503.0,"+6,10 (+1,23%)",32389410,1140.15,2687620,120345882000,502.6,505.3,502.4
VNINDEX,29/04/2010,542.4,542.4,"+3,20 (+0,59%)",72395920,2718.58,2480850,138398692000,541.4,542.7,541.2
VNINDEX,28/04/2010,539.2,539.2,"+3,50 (+0,65%)",58029450,2286.78,2876375,99899195000,536.1,539.8,536.1
VNINDEX,27/04/2010,535.7,535.7,"+4,50 (+0,85%)",54218510,2119.64,3379710,143384074000,532.7,536.2,531.6
VNINDEX,26/04/2010,531.2,531.2,"+1,90 (+0,36%)",63178720,2452.27,6450720,164751537000,531.7,535.4,531.2
VNINDEX,22/04/2010,529.3,529.3,"+9,60 (+1,85%)",77539180,3125.25,2305240,71771730000,521.9,531.0,521.9
VNINDEX,21/04/2010,519.7,519.7,"+4,50 (+0,87%)",53769580,2004.31,2911882,111439176000,517.5,520.2,517.5
VNINDEX,20/04/2010,515.2,515.2,"-1,50 (-0,29%)",54803770,1997.19,3865961,140250899000,517.4,519.7,515.2
VNINDEX,19/04/2010,516.7,516.7,"-5,30 (-1,02%)",57018190,2159.1,4081220,135747549000,521.4,521.7,516.7
VNINDEX,16/04/2010,522.0,522.0,"+0,50 (+0,10%)",59353900,2214.97,3780440,228463401000,523.7,524.0,521.5
VNINDEX,15/04/2010,521.5,521.5,"+5,30 (+1,03%)",50686190,1912.68,3023790,110571815000,521.0,521.5,518.4
VNINDEX,14/04/2010,516.2,516.2,"-1,80 (-0,35%)",42719810,1651.18,2427700,83115410000,518.6,518.7,515.8
VNINDEX,13/04/2010,518.0,518.0,"-1,90 (-0,37%)",50547580,2042.66,3201210,147633699000,521.0,523.1,518.0
VNINDEX,12/04/2010,519.9,519.9,"+2,50 (+0,48%)",52162000,2004.37,2253750,81109515000,522.1,523.2,519.5
VNINDEX,09/04/2010,517.4,517.4,"+1,50 (+0,29%)",59536420,2268.73,4088820,211227895000,517.1,519.6,516.4
VNINDEX,08/04/2010,515.9,515.9,"+0,10 (+0,02%)",54227900,1999.3,1661990,66985995000,515.7,519.4,514.7
VNINDEX,07/04/2010,515.8,515.8,"+0,50 (+0,10%)",48659250,1964.79,2819059,150600916000,516.3,517.3,512.5
VNINDEX,06/04/2010,515.3,515.3,"+0,50 (+0,10%)",66656790,2518.85,1943750,101106275000,517.5,520.3,515.3
VNINDEX,05/04/2010,514.8,514.8,"+4,30 (+0,84%)",41859130,1576.8,2211393,92430972000,514.2,516.3,513.5
VNINDEX,02/04/2010,510.5,510.5,"+2,30 (+0,45%)",39486490,1547.06,3980750,207923610000,510.4,513.0,508.5
VNINDEX,01/04/2010,508.2,508.2,"+9,00 (+1,80%)",41808030,1720.27,11860530,775960910000,500.4,508.9,500.0
VNINDEX,31/05/2010,507.4,507.4,"-5,60 (-1,09%)",39860020,1283.8,4945040,174625404000,510.5,513.4,506.3
VNINDEX,28/05/2010,513.0,513.0,"+15,80 (+3,18%)",56242530,1881.08,2794600,86861466000,509.5,513.3,506.4
VNINDEX,27/05/2010,497.2,497.2,"+4,50 (+0,91%)",37365130,1228.06,4397730,150094818000,491.6,497.2,489.8
VNINDEX,26/05/2010,492.7,492.7,"+6,40 (+1,32%)",37394010,1148.82,3982628,127593455000,491.5,492.7,488.3
VNINDEX,25/05/2010,486.3,486.3,"+0,10 (+0,02%)",41290920,1269.97,2677312,91631833000,484.9,490.3,482.9
VNINDEX,24/05/2010,486.2,486.2,"+2,50 (+0,52%)",38991860,1210.6,5284700,163816351000,485.1,489.6,479.6
VNINDEX,21/05/2010,483.7,483.7,"-19,90 (-3,95%)",57057270,1857.85,3999580,142164222000,484.3,490.3,482.2
VNINDEX,20/05/2010,503.6,503.6,"+8,70 (+1,76%)",53770960,1699.03,6184130,196894005000,481.8,503.6,481.7
VNINDEX,19/05/2010,494.9,494.9,"-13,40 (-2,64%)",56689090,1849.74,3366440,137256194000,503.7,504.6,494.9
VNINDEX,18/05/2010,508.3,508.3,"-3,00 (-0,59%)",41803840,1429.89,3568370,128153075000,510.5,510.8,505.1
VNINDEX,17/05/2010,511.3,511.3,"-9,40 (-1,81%)",51530730,1674.9,3574060,131927865000,521.3,521.7,509.5
VNINDEX,14/05/2010,520.7,520.7,"+1,80 (+0,35%)",41332440,1399.01,4232480,154288377000,522.9,523.5,520.0
VNINDEX,13/05/2010,518.9,518.9,"-0,70 (-0,13%)",54756390,1865.66,5452744,318013904000,521.9,524.2,516.1
VNINDEX,12/05/2010,519.6,519.6,"-14,80 (-2,77%)",65495340,2266.8,3155840,116320768000,527.5,527.5,519.6
VNINDEX,11/05/2010,534.4,534.4,"0 (0,00%)",65187810,2175.13,3970810,186609080000,537.9,539.9,532.7
VNINDEX,10/05/2010,534.4,534.4,"-7,60 (-1,40%)",76286050,2581.72,5691600,201967005000,541.5,541.5,532.4
VNINDEX,07/05/2010,542.0,542.0,"-7,50 (-1,36%)",105923850,3517.93,6576080,322085591000,548.2,548.2,536.5
VNINDEX,06/05/2010,549.5,549.5,"+1,50 (+0,27%)",78206620,2760.31,3102050,105187782000,549.2,551.4,547.0
VNINDEX,05/05/2010,548.0,548.0,"-1,10 (-0,20%)",82141870,3052.67,4553660,215082160000,548.8,551.4,546.1
VNINDEX,04/05/2010,549.1,549.1,"+6,70 (+1,24%)",86332860,3107.26,2830985,116432809000,544.5,550.6,544.5
VNINDEX,30/06/2010,507.1,507.1,"-3,60 (-0,70%)",47489060,1314.84,10835560,424922423000,501.2,507.1,501.1
VNINDEX,29/06/2010,510.7,510.7,"+3,40 (+0,67%)",41531730,1263.32,5074940,189208294000,509.8,511.4,509.5
VNINDEX,28/06/2010,507.3,507.3,"+2,20 (+0,44%)",41239710,1215.64,5974412,215318063000,505.4,507.7,505.3
VNINDEX,25/06/2010,505.1,505.1,"-6,60 (-1,29%)",50325960,1502.89,1908420,80291566000,506.1,509.6,505.1
VNINDEX,24/06/2010,511.7,511.7,"-1,10 (-0,21%)",50351690,1496.65,2784314,123886550000,513.6,515.0,511.7
VNINDEX,23/06/2010,512.8,512.8,"+0,20 (+0,04%)",44290230,1301.49,5000240,135984068000,510.3,514.4,508.8
VNINDEX,22/06/2010,512.6,512.6,"-2,20 (-0,43%)",74762560,2113.5,3628623,121354835000,512.8,515.4,511.3
VNINDEX,21/06/2010,514.8,514.8,"+3,60 (+0,70%)",46371750,1381.96,2257060,100176881000,515.1,515.8,514.0
VNINDEX,18/06/2010,511.2,511.2,"+0,40 (+0,08%)",50875170,1614.63,12575510,314721161000,511.9,514.0,509.4
VNINDEX,17/06/2010,510.8,510.8,"+0,10 (+0,02%)",44615300,1428.63,9359041,356092271000,510.3,511.2,508.4
VNINDEX,16/06/2010,510.7,510.7,"+2,70 (+0,53%)",47970250,1541.52,3078520,106707245000,510.4,513.1,510.4
VNINDEX,15/06/2010,508.0,508.0,"-0,30 (-0,06%)",44664500,1413.09,4218700,150715805000,509.3,510.2,506.5
VNINDEX,14/06/2010,508.3,508.3,"+4,00 (+0,79%)",39350540,1232.74,6801317,277946149000,506.6,509.4,506.3
VNINDEX,11/06/2010,504.3,504.3,"+3,80 (+0,76%)",38247450,1300.18,6432837,267838862000,505.1,506.8,504.3
VNINDEX,10/06/2010,500.5,500.5,"+2,90 (+0,58%)",30797770,949.63,2662110,102510742000,497.0,500.6,495.4
VNINDEX,09/06/2010,497.6,497.6,"+0,40 (+0,08%)",31820080,1044.76,2515800,104635176000,500.1,502.5,497.2
VNINDEX,08/06/2010,497.2,497.2,"+0,30 (+0,06%)",36309260,1111.46,2205135,84456484000,494.1,498.0,493.2
VNINDEX,07/06/2010,496.9,496.9,"-13,50 (-2,64%)",49305700,1559.02,2748080,106958769000,498.9,502.2,495.0
VNINDEX,04/06/2010,510.4,510.4,"-0,80 (-0,16%)",45070860,1421.17,7485170,233691460000,511.9,513.0,508.8
VNINDEX,03/06/2010,511.2,511.2,"+0,50 (+0,10%)",44546290,1439.0,6569510,219954988000,516.2,516.2,511.2
VNINDEX,02/06/2010,510.7,510.7,"+2,00 (+0,39%)",37571380,1198.1,3092640,113972341000,505.2,511.1,504.8
VNINDEX,01/06/2010,508.7,508.7,"+1,30 (+0,26%)",35911060,1123.61,2011380,71984969000,505.2,509.1,503.7
VNINDEX,30/07/2010,493.9,493.9,"+2,80 (+0,57%)",39404910,1157.16,6638060,179666386000,491.3,495.1,491.3
VNINDEX,29/07/2010,491.1,491.1,"+0,10 (+0,02%)",35014480,1013.08,2459130,86952828000,488.9,492.9,488.9
VNINDEX,28/07/2010,491.0,491.0,"-6,70 (-1,35%)",39672950,1136.08,7187280,246338698000,497.4,497.9,491.0
VNINDEX,27/07/2010,497.7,497.7,"-0,40 (-0,08%)",41159910,1248.91,2105530,95945121000,499.0,501.9,497.7
VNINDEX,26/07/2010,498.1,498.1,"-2,20 (-0,44%)",39870750,1135.39,2591710,103730915000,501.2,501.9,498.1
VNINDEX,23/07/2010,500.3,500.3,"0 (0,00%)",36636840,1094.64,3027060,80543914000,502.8,502.9,499.7
VNINDEX,22/07/2010,500.3,500.3,"-5,10 (-1,01%)",45653210,1317.73,4382100,145854019000,503.1,503.6,500.0
VNINDEX,21/07/2010,505.4,505.4,"-1,20 (-0,24%)",44177260,1283.02,5866090,189014544000,507.2,507.3,505.4
VNINDEX,20/07/2010,506.6,506.6,"-0,20 (-0,04%)",42732900,1229.3,5017200,178984392000,507.0,507.3,505.2
VNINDEX,19/07/2010,506.8,506.8,"+0,60 (+0,12%)",40064560,1166.1,3347170,111172129000,504.3,506.8,503.2
VNINDEX,16/07/2010,506.2,506.2,"+1,00 (+0,20%)",43141430,1297.72,2889331,113228000000,505.5,507.1,504.2
VNINDEX,15/07/2010,505.2,505.2,"-2,10 (-0,41%)",38760690,1140.97,3931060,118229091000,505.8,507.6,505.0
VNINDEX,14/07/2010,507.3,507.3,"-1,80 (-0,35%)",49448520,1476.54,3756262,119926872000,512.2,512.8,507.3
VNINDEX,13/07/2010,509.1,509.1,"+9,20 (+1,84%)",43469690,1271.99,3555430,114465626000,505.4,509.9,502.6
VNINDEX,12/07/2010,499.9,499.9,"+0,40 (+0,08%)",28099180,795.46,8810150,215626538000,499.8,500.4,497.2
VNINDEX,09/07/2010,499.5,499.5,"+0,90 (+0,18%)",28816790,795.46,2016480,63260764000,499.1,501.1,499.0
VNINDEX,08/07/2010,498.6,498.6,"+1,70 (+0,34%)",36297140,1005.82,6120770,164006386000,502.1,502.2,498.6
VNINDEX,07/07/2010,496.9,496.9,"-3,90 (-0,78%)",39397660,1071.66,7014980,212900696000,502.5,503.8,496.9
VNINDEX,06/07/2010,500.8,500.8,"-5,70 (-1,13%)",45812930,1283.16,6723700,182541283000,505.8,505.8,500.7
VNINDEX,05/07/2010,506.5,506.5,"+2,80 (+0,56%)",35638700,1038.28,3986090,154391029000,505.7,507.1,504.5
VNINDEX,02/07/2010,503.7,503.7,"-0,30 (-0,06%)",37498110,1091.4,4823800,187037277000,505.2,505.6,502.5
VNINDEX,01/07/2010,504.0,504.0,"-3,10 (-0,61%)",40518620,1121.36,6740380,173292973000,504.1,506.6,503.7
VNINDEX,31/08/2010,455.1,455.1,"+10,50 (+2,36%)",52012250,1350.62,2588330,108181607000,447.9,455.4,445.4
VNINDEX,30/08/2010,444.6,444.6,"+15,50 (+3,61%)",32394550,782.33,2207310,67125922000,439.3,445.4,439.3
VNINDEX,27/08/2010,429.1,429.1,"+2,00 (+0,47%)",30574580,750.5,2510606,66301174000,423.1,431.2,421.7
VNINDEX,26/08/2010,427.1,427.1,"+3,20 (+0,75%)",37873000,898.12,1868900,59741253000,425.5,429.1,421.8
VNINDEX,25/08/2010,423.89,423.89,"-10,51 (-2,42%)",48595740,1128.63,2896770,117652937000,427.01,428.46,421.3
VNINDEX,24/08/2010,434.4,434.4,"-13,50 (-3,01%)",42125950,1003.48,5168913,157686342000,441.7,441.7,433.6
VNINDEX,23/08/2010,447.9,447.9,"-6,90 (-1,52%)",20755050,528.99,2234820,83811963000,453.1,453.1,447.9
VNINDEX,20/08/2010,454.8,454.8,"+2,60 (+0,57%)",31433450,783.48,2771960,125787235000,452.1,454.8,444.4
VNINDEX,19/08/2010,452.2,452.2,"-3,30 (-0,72%)",25495110,623.19,6053810,250565576000,454.5,455.9,450.1
VNINDEX,18/08/2010,455.5,455.5,"-8,00 (-1,73%)",34430900,881.02,3024710,110508470000,461.8,462.1,453.2
VNINDEX,17/08/2010,463.5,463.5,"-1,30 (-0,28%)",31913320,915.03,4784273,148237435000,461.9,463.9,457.2
VNINDEX,16/08/2010,464.8,464.8,"+12,10 (+2,67%)",36748910,949.86,3958890,167812573000,458.1,464.8,456.9
VNINDEX,13/08/2010,452.7,452.7,"+4,30 (+0,96%)",38901820,1007.29,7052523,341968111000,441.1,452.7,441.1
VNINDEX,12/08/2010,448.4,448.4,"-14,70 (-3,17%)",46662940,1159.92,3078626,134640324000,457.5,458.6,448.3
VNINDEX,11/08/2010,463.1,463.1,"+1,40 (+0,30%)",33729110,872.28,6329800,218714457000,463.1,465.9,458.9
VNINDEX,10/08/2010,461.7,461.7,"-11,00 (-2,33%)",48425490,1278.88,8871660,316301011000,468.8,469.3,458.2
VNINDEX,09/08/2010,472.7,472.7,"-10,10 (-2,09%)",39775680,1064.81,3657690,130018972000,482.7,482.7,472.5
VNINDEX,06/08/2010,482.8,482.8,"-3,40 (-0,70%)",30979570,881.58,5688568,153870901000,485.2,485.2,482.4
VNINDEX,05/08/2010,486.2,486.2,"-0,50 (-0,10%)",31779900,901.76,5711390,264402651000,488.8,489.2,485.4
VNINDEX,04/08/2010,486.7,486.7,"-5,20 (-1,06%)",34948650,1021.81,6579400,201759527000,490.3,490.3,484.7
VNINDEX,03/08/2010,491.9,491.9,"+0,30 (+0,06%)",38497170,1136.85,3863770,127654000000,493.4,496.5,491.9
VNINDEX,02/08/2010,491.6,491.6,"-2,30 (-0,47%)",34171500,969.5,3204923,156462128000,494.8,495.3,491.3
VNINDEX,30/09/2010,454.5,454.5,"+1,60 (+0,35%)",30027520,775.58,8399950,255201366000,452.7,454.5,451.3
VNINDEX,29/09/2010,452.9,452.9,"-2,20 (-0,48%)",29316750,780.11,3878625,117003183000,458.0,458.0,452.9
VNINDEX,28/09/2010,455.1,455.1,"+4,90 (+1,09%)",34805670,942.68,4148448,111400516000,452.1,455.1,452.1
VNINDEX,27/09/2010,450.2,450.2,"+0,50 (+0,11%)",32776240,844.27,4632953,109795264000,451.2,452.5,449.4
VNINDEX,24/09/2010,449.7,449.7,"-1,10 (-0,24%)",32025770,799.06,2908975,89378872000,449.1,452.3,448.2
VNINDEX,23/09/2010,450.8,450.8,"-3,10 (-0,68%)",43857260,1126.27,6363123,152652327000,451.4,453.7,447.2
VNINDEX,22/09/2010,453.9,453.9,"+0,60 (+0,13%)",29300790,791.29,4106690,116982527000,453.0,455.8,453.0
VNINDEX,21/09/2010,453.3,453.3,"-4,60 (-1,00%)",55518560,1640.72,1898510,68244784000,457.7,457.9,453.3
VNINDEX,20/09/2010,457.9,457.9,"+0,30 (+0,07%)",48445710,1265.12,7100211,210518030000,462.0,462.8,457.9
VNINDEX,17/09/2010,457.6,457.6,"+8,10 (+1,80%)",46398130,1192.22,3364340,89156137000,451.5,453.8,450.6
VNINDEX,16/09/2010,449.5,449.5,"+0,80 (+0,18%)",28225130,751.44,9228500,178726636000,445.7,450.9,445.5
VNINDEX,15/09/2010,448.7,448.7,"-0,30 (-0,07%)",33752200,861.51,4913100,161290645000,449.1,450.5,444.7
VNINDEX,14/09/2010,449.0,449.0,"+1,70 (+0,38%)",34392250,856.21,3133800,88283700000,451.0,451.5,448.0
VNINDEX,13/09/2010,447.3,447.3,"-4,10 (-0,91%)",43764390,1033.32,2571519,82731643000,449.0,452.5,442.4
VNINDEX,10/09/2010,451.4,451.4,"-12,30 (-2,65%)",51772570,1291.11,1243657,38358805000,463.5,464.3,451.4
VNINDEX,09/09/2010,463.7,463.7,"+5,30 (+1,16%)",45688650,1131.3,2292240,96508102000,462.5,465.7,459.9
VNINDEX,08/09/2010,458.4,458.4,"-2,20 (-0,48%)",52182480,1280.26,2905476,111690628000,454.3,458.4,453.0
VNINDEX,07/09/2010,460.6,460.6,"-5,40 (-1,16%)",51314870,1303.2,1365340,47652932000,463.4,467.4,458.9
VNINDEX,06/09/2010,466.0,466.0,"+7,20 (+1,57%)",53323290,1380.27,2886060,141387296000,463.9,464.5,463.9
VNINDEX,01/09/2010,458.8,458.8,"+3,70 (+0,81%)",44585390,1148.29,2474219,73821594000,456.5,458.8,451.8
VNINDEX,29/10/2010,452.6,452.6,"+2,50 (+0,56%)",22494310,553.9,10906730,454747839000,450.5,452.8,450.3
VNINDEX,28/10/2010,450.1,450.1,"+0,10 (+0,02%)",20155160,459.56,3338166,124204817000,448.6,451.5,448.3
VNINDEX,27/10/2010,450.0,450.0,"-5,10 (-1,12%)",23349570,568.08,5210242,152435594000,455.2,455.9,448.9
VNINDEX,26/10/2010,455.1,455.1,"+6,50 (+1,45%)",30139330,706.96,4810016,123736772000,450.2,458.2,450.2
VNINDEX,25/10/2010,448.6,448.6,"+3,40 (+0,76%)",23427100,579.85,5220690,155357771000,444.7,448.6,443.1
VNINDEX,22/10/2010,445.2,445.2,"+0,10 (+0,02%)",24204440,545.11,3616380,84608829000,444.8,446.4,441.5
VNINDEX,21/10/2010,445.1,445.1,"+2,90 (+0,66%)",26478530,590.72,1786845,69499008000,442.1,445.3,440.6
VNINDEX,20/10/2010,442.2,442.2,"-12,10 (-2,66%)",36917430,836.33,4330155,165768549000,450.8,451.0,441.2
VNINDEX,19/10/2010,454.3,454.3,"-3,30 (-0,72%)",31324510,777.14,2222524,107624529000,458.4,459.4,451.8
VNINDEX,18/10/2010,457.6,457.6,"-0,80 (-0,17%)",19757170,515.61,6889079,173406128000,458.4,459.4,456.0
VNINDEX,15/10/2010,458.4,458.4,"-0,30 (-0,07%)",22505540,590.76,2748305,114078215000,457.1,458.4,455.7
VNINDEX,14/10/2010,458.7,458.7,"+1,00 (+0,22%)",21056210,542.17,2200470,54889095000,459.8,460.9,457.9
VNINDEX,13/10/2010,457.7,457.7,"+3,40 (+0,75%)",21737290,567.62,2617930,71022188000,453.2,457.7,452.2
VNINDEX,12/10/2010,454.3,454.3,"-5,00 (-1,09%)",25937800,614.37,2641820,71679885000,457.2,459.9,453.7
VNINDEX,11/10/2010,459.3,459.3,"0 (0,00%)",19670910,483.34,3151892,82951354000,457.4,461.5,456.6
VNINDEX,08/10/2010,459.3,459.3,"-2,80 (-0,61%)",28255370,705.22,2250096,74903722000,462.0,467.6,460.2
VNINDEX,07/10/2010,462.1,462.1,"+1,40 (+0,30%)",34258650,915.35,3083875,67613840000,462.0,467.6,460.2
VNINDEX,06/10/2010,460.7,460.7,"+9,70 (+2,15%)",33650890,891.66,4159961,120239391000,452.9,460.7,452.8
VNINDEX,05/10/2010,451.0,451.0,"+5,20 (+1,17%)",31545370,796.58,1683340,43317751000,440.9,451.0,440.6
VNINDEX,04/10/2010,445.8,445.8,"-5,90 (-1,31%)",45475870,1087.39,4215760,103965229000,452.4,452.4,444.0
VNINDEX,01/10/2010,451.7,451.7,"-2,80 (-0,62%)",27901710,718.49,7882282,214834048000,454.4,455.5,451.7
VNINDEX,30/11/2010,451.6,451.6,"+5,20 (+1,16%)",62322660,1274.17,4646439,107949280000,450.2,456.3,450.2
VNINDEX,29/11/2010,446.4,446.4,"+6,50 (+1,48%)",30743560,636.89,14678346,262127872000,437.9,446.4,436.4
VNINDEX,26/11/2010,439.9,439.9,"0 (0,00%)",32805180,637.34,12592814,433770160000,441.9,443.7,437.3
VNINDEX,25/11/2010,439.9,439.9,"+5,40 (+1,24%)",31896320,627.33,2311296,63913061000,434.7,440.2,434.7
VNINDEX,24/11/2010,434.5,434.5,"+3,70 (+0,86%)",25109750,488.79,5820365,115490104000,430.5,434.5,428.0
VNINDEX,23/11/2010,430.8,430.8,"+4,60 (+1,08%)",22541430,487.29,2414432,60317556000,426.2,430.8,426.0
VNINDEX,22/11/2010,426.2,426.2,"-0,30 (-0,07%)",23431540,487.86,6707083,195015438000,422.7,426.2,420.0
VNINDEX,19/11/2010,426.5,426.5,"-4,20 (-0,98%)",24821140,520.42,2898310,60764157000,434.4,434.4,426.5
VNINDEX,18/11/2010,430.7,430.7,"+5,20 (+1,22%)",26333370,555.77,6081441,128039684000,427.7,432.1,427.7
VNINDEX,17/11/2010,425.5,425.5,"-1,40 (-0,33%)",25125790,538.53,11930672,450663966000,426.9,430.2,424.3
VNINDEX,16/11/2010,426.9,426.9,"-6,60 (-1,52%)",30931860,638.62,4411009,94283172000,431.1,431.3,425.1
VNINDEX,15/11/2010,433.5,433.5,"-8,10 (-1,83%)",26382340,538.25,3391751,101210110000,440.6,443.1,432.7
VNINDEX,12/11/2010,441.6,441.6,"-5,10 (-1,14%)",38981270,809.42,5530251,232387586000,444.8,446.9,436.5
VNINDEX,11/11/2010,446.7,446.7,"-4,60 (-1,02%)",23536990,511.52,2178502,60014456000,451.2,451.6,446.3
VNINDEX,10/11/2010,451.3,451.3,"+1,90 (+0,42%)",21038880,478.74,4428298,142216107000,447.7,451.3,447.6
VNINDEX,09/11/2010,449.4,449.4,"-7,70 (-1,68%)",30659160,678.12,11301834,438027922000,455.6,455.7,449.4
VNINDEX,08/11/2010,457.1,457.1,"-0,20 (-0,04%)",27232590,664.83,5362593,136468961000,457.5,458.7,454.4
VNINDEX,05/11/2010,457.3,457.3,"+8,30 (+1,85%)",29986290,726.69,6950515,214772508000,452.4,457.3,450.1
VNINDEX,04/11/2010,449.0,449.0,"+4,80 (+1,08%)",23454830,514.33,5231202,122565883000,444.1,449.0,444.0
VNINDEX,03/11/2010,444.2,444.2,"-2,10 (-0,47%)",22703120,510.16,3407532,96259326000,445.3,445.8,442.3
VNINDEX,02/11/2010,446.3,446.3,"-4,80 (-1,06%)",23189030,535.79,2342350,50439640000,448.6,448.9,445.6
VNINDEX,01/11/2010,451.1,451.1,"-1,50 (-0,33%)",18022230,435.19,4132690,114649050000,451.8,451.9,449.8
VNINDEX,31/12/2010,484.7,484.7,"+3,30 (+0,69%)",38915530,963.27,20728899,576258657000,480.9,485.2,480.1
VNINDEX,30/12/2010,481.4,481.4,"+2,60 (+0,54%)",37343490,920.23,19722226,564679332000,477.2,481.5,477.2
VNINDEX,29/12/2010,478.8,478.8,"-0,50 (-0,10%)",47091620,1077.46,14827533,347959152000,480.5,481.2,476.5
VNINDEX,28/12/2010,479.3,479.3,"+6,20 (+1,31%)",46930710,1100.74,42180031,976264724000,471.7,479.3,471.7
VNINDEX,27/12/2010,473.1,473.1,"+0,30 (+0,06%)",31432870,734.39,7174460,182712903000,475.7,476.1,469.6
VNINDEX,24/12/2010,472.8,472.8,"-2,60 (-0,55%)",55816400,1357.91,19356130,500805466000,474.2,477.8,470.8
VNINDEX,23/12/2010,475.4,475.4,"-6,10 (-1,27%)",50104360,1195.64,6977335,209778971000,481.7,481.7,475.4
VNINDEX,22/12/2010,481.5,481.5,"-0,30 (-0,06%)",52498410,1191.13,9009373,251496898000,488.3,488.7,481.5
VNINDEX,21/12/2010,481.8,481.8,"+3,50 (+0,73%)",61254930,1467.44,7071320,223763773000,471.2,483.4,470.1
VNINDEX,20/12/2010,478.3,478.3,"-7,00 (-1,44%)",62095470,1445.25,4845269,109456389000,487.6,488.3,478.3
VNINDEX,17/12/2010,485.3,485.3,"+5,10 (+1,06%)",69205020,1683.1,4941831,123179839000,483.0,485.3,476.3
VNINDEX,16/12/2010,480.2,480.2,"-13,30 (-2,70%)",73174400,1660.17,6976343,180938850000,484.7,489.7,479.7
VNINDEX,15/12/2010,493.5,493.5,"+3,80 (+0,78%)",85904270,1994.19,9773022,193896359000,492.8,497.1,491.5
VNINDEX,14/12/2010,489.7,489.7,"-0,50 (-0,10%)",122569420,2866.42,12384933,412849373000,493.7,496.4,480.6
VNINDEX,13/12/2010,490.2,490.2,"+17,10 (+3,61%)",77661930,1770.18,4113224,119800059000,485.8,490.3,485.7
VNINDEX,10/12/2010,473.1,473.1,"+12,60 (+2,74%)",72125620,1693.1,21980950,1676367392000,464.8,473.1,462.4
VNINDEX,09/12/2010,460.5,460.5,"+7,70 (+1,70%)",57617350,1272.58,2951752,86181996000,450.6,460.8,450.2
VNINDEX,08/12/2010,452.8,452.8,"-8,00 (-1,74%)",68289030,1496.63,4213369,110687663000,459.4,461.6,452.6
VNINDEX,07/12/2010,460.8,460.8,"-4,80 (-1,03%)",81943820,1891.89,3081516,92021528000,461.7,466.1,460.8
VNINDEX,06/12/2010,465.6,465.6,"+1,20 (+0,26%)",85111340,1942.56,11667927,450086666000,467.3,468.8,462.9
VNINDEX,03/12/2010,464.4,464.4,"+7,00 (+1,53%)",68016080,1436.39,3896097,112366493000,462.3,467.2,462.3
VNINDEX,02/12/2010,457.4,457.4,"+7,50 (+1,67%)",60631830,1277.73,5431492,108530717000,450.1,457.4,448.2
VNINDEX,01/12/2010,449.9,449.9,"-1,70 (-0,38%)",45498940,980.88,3558524,72634339000,451.0,453.6,448.1
VNINDEX,28/01/2011,510.6,510.6,"+7,90 (+1,57%)",34784690,863.46,2864706,95989648000,502.8,511.9,502.8
VNINDEX,27/01/2011,502.7,502.7,"+1,40 (+0,28%)",25261730,667.36,4767040,147936878000,501.3,503.4,498.1
VNINDEX,26/01/2011,501.3,501.3,"-0,70 (-0,14%)",18693150,485.98,3344450,91511066000,498.2,502.0,498.2
VNINDEX,25/01/2011,502.0,502.0,"-7,90 (-1,55%)",31591460,771.77,8100116,236589176000,504.1,506.1,501.9
VNINDEX,24/01/2011,509.9,509.9,"-9,60 (-1,85%)",33580000,897.05,4752690,134031637000,525.7,525.7,509.9
VNINDEX,21/01/2011,519.5,519.5,"+7,50 (+1,46%)",42553960,1104.61,4433209,167463687000,518.3,521.2,518.2
VNINDEX,20/01/2011,512.0,512.0,"+6,10 (+1,21%)",34788830,847.5,5916770,189316827000,510.2,514.1,510.2
VNINDEX,19/01/2011,505.9,505.9,"+11,30 (+2,28%)",37752610,983.87,5134630,162819163000,504.9,507.9,503.1
VNINDEX,18/01/2011,497.4,497.4,"+2,20 (+0,44%)",36081550,934.6,4719150,139574276000,497.1,501.3,496.0
VNINDEX,17/01/2011,495.2,495.2,"+6,00 (+1,23%)",38761030,978.36,5043760,119137512000,492.9,498.5,492.4
VNINDEX,14/01/2011,489.2,489.2,"+5,10 (+1,05%)",35655170,864.49,5847714,199333284000,487.1,490.1,486.5
VNINDEX,13/01/2011,484.1,484.1,"+5,60 (+1,17%)",24707820,606.79,4360983,137294121000,480.0,485.0,479.6
VNINDEX,12/01/2011,478.5,478.5,"+1,10 (+0,23%)",25963280,617.27,15244898,570164229000,480.8,481.7,477.5
VNINDEX,11/01/2011,477.4,477.4,"-3,20 (-0,67%)",33672520,755.75,1748630,61430974000,478.0,480.8,475.5
VNINDEX,10/01/2011,481.9,481.9,"-0,40 (-0,08%)",31913610,735.09,1890617,55283873000,483.7,485.1,479.6
VNINDEX,07/01/2011,481.9,481.9,"-0,40 (-0,08%)",27898990,700.57,3459700,107329970000,482.8,483.9,481.4
VNINDEX,06/01/2011,482.3,482.3,"+0,40 (+0,08%)",27623660,645.86,1864808,51860141000,480.9,483.2,479.9
VNINDEX,05/01/2011,481.9,481.9,"-4,10 (-0,84%)",31937170,725.7,8642599,278572741000,487.9,487.9,481.9
VNINDEX,04/01/2011,486.0,486.0,"+1,30 (+0,27%)",27702590,674.49,1897240,67393392000,485.7,487.8,481.7
VNINDEX,28/02/2011,461.4,461.4,"-5,60 (-1,20%)",29478850,659.54,4784613,109038179000,467.1,474.2,461.4
VNINDEX,25/02/2011,467.0,467.0,"+5,70 (+1,24%)",24623090,554.54,3992878,100104678000,460.6,468.0,458.0
VNINDEX,24/02/2011,461.3,461.3,"-9,40 (-2,00%)",39985780,879.08,3129438,95320972000,462.4,462.9,455.7
VNINDEX,23/02/2011,470.7,470.7,"+0,70 (+0,15%)",34351200,744.95,2565010,63287239000,469.0,474.0,466.9
VNINDEX,22/02/2011,470.0,470.0,"-13,70 (-2,83%)",48651700,1041.03,3505546,116114274000,467.4,471.7,467.4
VNINDEX,21/02/2011,483.7,483.7,"-20,20 (-4,01%)",47615090,1001.06,2926440,95536314000,497.7,497.7,481.9
VNINDEX,18/02/2011,503.9,503.9,"-5,90 (-1,16%)",35958100,824.82,2484300,71393677000,509.1,510.8,502.6
VNINDEX,17/02/2011,509.8,509.8,"-3,30 (-0,64%)",33492100,768.77,2464630,90114820000,510.7,511.0,505.5
VNINDEX,16/02/2011,513.0,513.0,"-5,00 (-0,97%)",27859030,674.01,2144266,74535437000,520.0,520.0,513.0
VNINDEX,15/02/2011,517.9,517.9,"+3,80 (+0,74%)",32068120,748.56,2306724,77407285000,509.3,518.0,509.3
VNINDEX,14/02/2011,514.1,514.1,"-5,90 (-1,13%)",32986530,755.35,2510540,128721141000,520.7,522.4,514.1
VNINDEX,11/02/2011,520.0,520.0,"-0,20 (-0,04%)",32315650,775.3,3039816,101439890000,522.8,522.8,516.4
VNINDEX,10/02/2011,520.2,520.2,"-2,40 (-0,46%)",29888370,738.15,1686780,58209500000,523.3,526.6,519.5
VNINDEX,09/02/2011,522.6,522.6,"+1,90 (+0,36%)",30722510,825.82,1050430,31823310000,528.7,529.2,522.5
VNINDEX,08/02/2011,520.7,520.7,"+10,10 (+1,98%)",23807620,666.8,1050800,40222300000,515.7,521.5,515.6
VNINDEX,31/03/2011,461.1,461.1,"+1,10 (+0,24%)",21014340,422.21,6874200,119574334000,462.3,465.3,460.7
VNINDEX,30/03/2011,460.0,460.0,"+2,10 (+0,46%)",24372760,502.99,3043520,105097948000,455.9,460.1,454.6
VNINDEX,29/03/2011,457.9,457.9,"-1,60 (-0,35%)",27935590,597.16,8187050,296963275000,460.7,462.3,456.0
VNINDEX,28/03/2011,459.5,459.5,"+1,80 (+0,39%)",20391140,450.27,4400830,81881204000,458.4,463.4,456.7
VNINDEX,25/03/2011,457.7,457.7,"-3,60 (-0,78%)",24991060,498.41,3156860,77160420000,461.2,462.7,457.7
VNINDEX,24/03/2011,461.3,461.3,"-6,30 (-1,35%)",25184420,559.48,2391846,57340032000,465.1,468.6,461.3
VNINDEX,23/03/2011,467.6,467.6,"+2,80 (+0,60%)",27018860,589.5,6696120,221538979000,464.0,468.0,464.0
VNINDEX,22/03/2011,464.8,464.8,"-3,50 (-0,75%)",31891240,688.67,5234261,148514274000,470.2,471.0,464.8
VNINDEX,21/03/2011,468.3,468.3,"+7,20 (+1,56%)",35968290,753.94,5822739,114111103000,467.2,469.5,464.8
VNINDEX,18/03/2011,461.1,461.1,"+0,60 (+0,13%)",45518990,1077.53,7436829,174987224000,459.4,461.9,454.7
VNINDEX,17/03/2011,460.5,460.5,"-3,10 (-0,67%)",32161500,710.09,3843220,105879911000,461.5,468.3,457.0
VNINDEX,16/03/2011,463.6,463.6,"-5,10 (-1,09%)",28554040,671.82,7759120,166258517000,467.2,470.6,461.6
VNINDEX,15/03/2011,468.7,468.7,"-11,20 (-2,33%)",30728400,675.43,6937220,137319007000,470.5,476.3,468.2
VNINDEX,14/03/2011,479.9,479.9,"-15,20 (-3,07%)",42018980,859.28,3831914,72950984000,492.0,493.2,479.9
VNINDEX,11/03/2011,495.1,495.1,"+12,60 (+2,61%)",38503770,807.85,4998970,106309068000,490.1,496.2,490.1
VNINDEX,10/03/2011,482.5,482.5,"+12,00 (+2,55%)",33266730,690.94,12901869,286002135000,467.5,482.5,467.5
VNINDEX,09/03/2011,470.5,470.5,"-4,90 (-1,03%)",25573120,581.73,5633847,155720167000,474.8,475.2,466.7
VNINDEX,08/03/2011,475.4,475.4,"+7,20 (+1,54%)",24083640,560.6,5765765,139846604000,471.8,477.5,471.8
VNINDEX,07/03/2011,468.2,468.2,"+9,00 (+1,96%)",21215060,478.73,2410422,68700618000,465.2,468.2,464.4
VNINDEX,04/03/2011,459.2,459.2,"+6,90 (+1,53%)",25978170,545.9,6330353,138374724000,454.7,459.2,452.6
VNINDEX,03/03/2011,452.3,452.3,"-5,50 (-1,20%)",28284590,589.37,2457399,70216652000,449.8,457.1,449.8
VNINDEX,02/03/2011,457.8,457.8,"-8,30 (-1,78%)",44009210,899.85,2594078,74772619000,464.3,466.3,453.3
VNINDEX,01/03/2011,466.1,466.1,"+4,70 (+1,02%)",20498410,469.59,3712650,114777870000,458.2,466.1,458.1
VNINDEX,29/04/2011,480.1,480.1,"+7,20 (+1,52%)",18604900,362.53,5667550,176567604000,477.4,481.1,477.1
VNINDEX,28/04/2011,472.9,472.9,"+3,60 (+0,77%)",16856600,347.17,6747590,99448081000,472.2,474.7,472.2
VNINDEX,27/04/2011,469.3,469.3,"+7,40 (+1,60%)",19567290,414.19,8961478,183728571000,466.0,469.3,463.7
VNINDEX,26/04/2011,461.9,461.9,"-3,70 (-0,79%)",19647320,386.84,7751711,209086961000,463.8,468.1,461.5
VNINDEX,25/04/2011,465.6,465.6,"+9,10 (+1,99%)",21079130,395.73,4571330,108502362000,459.0,467.0,459.0
VNINDEX,22/04/2011,456.5,456.5,"-3,80 (-0,83%)",21266860,391.09,2301490,57828322000,460.9,462.4,454.0
VNINDEX,21/04/2011,460.3,460.3,"+1,80 (+0,39%)",17006300,357.84,4501085,131812361000,458.4,462.7,458.3
VNINDEX,20/04/2011,458.5,458.5,"+4,80 (+1,06%)",16546430,351.48,4494664,102168903000,454.6,458.5,454.3
VNINDEX,19/04/2011,453.7,453.7,"-1,80 (-0,40%)",16524710,331.79,5926779,130973004000,453.6,457.6,453.5
VNINDEX,18/04/2011,455.5,455.5,"-5,50 (-1,19%)",22418490,430.66,7417323,147954403000,458.4,459.2,454.8
VNINDEX,15/04/2011,461.0,461.0,"+0,40 (+0,09%)",22262560,465.65,2202760,59257189000,462.2,463.5,460.9
VNINDEX,14/04/2011,460.6,460.6,"-0,40 (-0,09%)",18691580,361.75,5617791,134183459000,459.9,462.3,459.9
VNINDEX,13/04/2011,461.0,461.0,"-3,30 (-0,71%)",15659150,333.7,10287896,185732659000,464.2,464.7,461.0
VNINDEX,08/04/2011,464.3,464.3,"+0,80 (+0,17%)",17885380,391.49,2419924,73185355000,462.5,464.5,462.2
VNINDEX,07/04/2011,463.5,463.5,"-1,40 (-0,30%)",22006610,514.11,5534780,175728500000,464.7,465.9,462.0
VNINDEX,06/04/2011,464.9,464.9,"+7,70 (+1,68%)",23335120,498.83,4012640,125132440000,458.5,464.9,458.1
VNINDEX,05/04/2011,457.2,457.2,"-0,10 (-0,02%)",17505740,368.78,5837380,263082772000,458.2,459.1,454.9
VNINDEX,04/04/2011,457.3,457.3,"-1,90 (-0,41%)",19221130,409.8,5423353,132084883000,460.0,460.7,457.3
VNINDEX,01/04/2011,459.2,459.2,"-1,90 (-0,41%)",19989320,398.32,3359399,92542837000,460.8,463.1,458.6
VNINDEX,31/05/2011,421.4,421.4,"+9,30 (+2,26%)",19763890,321.97,2988750,66771828000,415.0,421.4,414.9
VNINDEX,30/05/2011,412.1,412.1,"+1,30 (+0,32%)",24198710,398.26,2409570,48079335000,417.1,417.4,412.0
VNINDEX,27/05/2011,410.8,410.8,"+12,80 (+3,22%)",26609500,435.06,3297650,79110125000,406.8,410.8,405.8
VNINDEX,26/05/2011,398.0,398.0,"+11,60 (+3,00%)",41625890,688.96,5598420,117056468000,386.4,398.0,371.0
VNINDEX,25/05/2011,386.4,386.4,"-16,20 (-4,02%)",28819230,562.58,6723399,111297423000,388.6,389.9,385.7
VNINDEX,24/05/2011,402.6,402.6,"-15,20 (-3,64%)",32695470,589.13,6326840,113796091000,407.2,407.6,402.1
VNINDEX,23/05/2011,417.8,417.8,"-15,10 (-3,49%)",28805780,568.82,2948320,59690609000,430.5,430.5,416.1
VNINDEX,20/05/2011,432.9,432.9,"-12,00 (-2,70%)",24896000,533.43,1847710,53647038000,444.9,444.9,432.2
VNINDEX,19/05/2011,444.9,444.9,"-10,00 (-2,20%)",20677330,395.57,4785290,96728986000,450.9,456.5,444.9
VNINDEX,18/05/2011,454.9,454.9,"-9,50 (-2,05%)",25478660,485.4,3019077,52078848000,458.4,459.2,451.5
VNINDEX,17/05/2011,464.4,464.4,"-7,10 (-1,51%)",20824430,412.91,3304890,70301666000,471.5,474.6,464.4
VNINDEX,16/05/2011,471.5,471.5,"-8,20 (-1,71%)",18741240,364.37,6617551,125927101000,479.0,481.5,471.5
VNINDEX,13/05/2011,479.7,479.7,"-2,40 (-0,50%)",16906020,361.85,1309550,41855995000,482.0,482.5,478.6
VNINDEX,12/05/2011,482.1,482.1,"-1,10 (-0,23%)",14798160,283.29,6700380,197403160000,483.1,484.7,480.1
VNINDEX,11/05/2011,483.2,483.2,"+1,90 (+0,39%)",15499200,334.14,5596018,152445440000,479.1,483.7,479.1
VNINDEX,10/05/2011,481.3,481.3,"+3,80 (+0,80%)",14589400,292.44,3380100,73465109000,479.0,481.7,478.6
VNINDEX,09/05/2011,477.5,477.5,"+4,80 (+1,02%)",16398710,338.98,2544602,62560317000,469.0,477.5,467.8
VNINDEX,06/05/2011,472.7,472.7,"-6,60 (-1,38%)",14997140,312.17,8697281,482158003000,472.5,473.6,470.1
VNINDEX,05/05/2011,479.3,479.3,"-7,30 (-1,50%)",16288750,324.59,5704445,209683587000,486.0,487.0,476.5
VNINDEX,04/05/2011,486.6,486.6,"+6,50 (+1,35%)",16159210,350.95,3944648,134572748000,483.3,488.0,482.6
VNINDEX,30/06/2011,432.5,432.5,"-2,10 (-0,48%)",16742520,293.9,7436449,116092763000,434.6,435.6,432.2
VNINDEX,29/06/2011,434.6,434.6,"+2,30 (+0,53%)",17262650,289.13,8495465,176391181000,433.1,434.9,430.9
VNINDEX,28/06/2011,432.3,432.3,"-2,00 (-0,46%)",19028520,289.19,2049420,46913334000,432.3,432.3,432.3
VNINDEX,27/06/2011,434.3,434.3,"+0,90 (+0,21%)",17300580,311.18,8209850,750694267000,437.0,438.5,433.6
VNINDEX,24/06/2011,433.4,433.4,"-1,40 (-0,32%)",17481110,301.33,4443080,101958835000,436.2,436.2,432.8
VNINDEX,23/06/2011,434.8,434.8,"-4,80 (-1,09%)",17521100,283.49,2456331,34563809000,436.9,440.5,434.4
VNINDEX,22/06/2011,439.6,439.6,"-3,10 (-0,70%)",21760520,413.29,3177000,233709400000,444.3,445.5,439.3
VNINDEX,21/06/2011,442.7,442.7,"+11,10 (+2,57%)",24798840,447.62,4918429,137682713000,432.8,442.7,432.8
VNINDEX,20/06/2011,431.6,431.6,"-7,30 (-1,66%)",32334480,529.62,11440710,224291317000,438.1,440.2,431.6
VNINDEX,17/06/2011,438.9,438.9,"-6,30 (-1,42%)",45206070,802.01,2195750,65877981000,445.9,447.0,438.6
VNINDEX,16/06/2011,445.2,445.2,"+3,70 (+0,84%)",31584930,509.95,2900050,62965498000,439.6,445.7,438.5
VNINDEX,15/06/2011,441.5,441.5,"0 (0,00%)",40589410,643.39,9314040,216516349000,442.9,443.4,436.2
VNINDEX,14/06/2011,441.5,441.5,"-1,20 (-0,27%)",55335130,897.74,5866758,120429623000,441.1,452.6,440.6
VNINDEX,13/06/2011,442.7,442.7,"-2,30 (-0,52%)",33418190,544.32,24214390,343032759000,443.5,446.1,442.0
VNINDEX,10/06/2011,445.0,445.0,"+1,00 (+0,23%)",38338750,610.9,2771770,55630144000,446.5,451.8,445.0
VNINDEX,09/06/2011,444.0,444.0,"+4,40 (+1,00%)",26247260,406.96,7258138,166019028000,439.8,444.1,437.9
VNINDEX,08/06/2011,439.6,439.6,"-4,10 (-0,92%)",32255700,541.67,5191182,85587903000,445.4,447.0,436.2
VNINDEX,07/06/2011,443.7,443.7,"+9,90 (+2,28%)",29655170,532.77,1698700,43810438000,443.1,448.4,441.4
VNINDEX,06/06/2011,433.8,433.8,"-9,60 (-2,17%)",18826220,319.93,4061284,99906884000,435.0,436.9,430.2
VNINDEX,03/06/2011,443.4,443.4,"-7,20 (-1,60%)",44203980,776.73,2987110,70347882000,461.9,461.9,436.5
VNINDEX,02/06/2011,450.6,450.6,"+14,90 (+3,42%)",31454970,554.69,2396830,57689632000,446.7,450.6,446.0
VNINDEX,01/06/2011,435.7,435.7,"+14,30 (+3,39%)",28167240,477.44,5774000,103417454000,423.0,435.7,420.9
VNINDEX,29/07/2011,405.7,405.7,"-2,69 (-0,66%)",15606540,302.54,3307887,67727328000,407.58,409.04,402.2
VNINDEX,28/07/2011,408.4,408.4,"-1,00 (-0,24%)",14569930,259.32,9002236,157450713000,409.2,411.4,408.2
VNINDEX,27/07/2011,409.4,409.4,"0 (0,00%)",13990820,258.84,16174121,251968643000,409.54,409.81,406.45
VNINDEX,26/07/2011,409.4,409.4,"0 (0,00%)",14611410,231.96,5039660,74687559000,408.9,410.8,407.3
VNINDEX,25/07/2011,409.36,409.36,"+0,16 (+0,04%)",10512550,174.14,4418550,78341907000,409.2,410.38,407.58
VNINDEX,22/07/2011,409.2,409.2,"-3,90 (-0,94%)",12651350,219.91,6248047,149615542000,413.06,413.06,408.96
VNINDEX,21/07/2011,413.1,413.1,"-3,70 (-0,89%)",15387640,259.75,2178529,44350736000,416.8,417.1,412.2
VNINDEX,20/07/2011,416.8,416.8,"+6,70 (+1,63%)",16317620,274.51,5039510,126053510000,410.1,416.8,410.1
VNINDEX,19/07/2011,410.1,410.1,"-5,70 (-1,37%)",12951780,202.08,3719956,72795265000,415.8,415.4,409.2
VNINDEX,18/07/2011,415.8,415.8,"+1,10 (+0,27%)",15462900,263.88,3882057,82279962000,412.9,415.8,411.2
VNINDEX,15/07/2011,414.7,414.7,"-4,20 (-1,00%)",16688420,277.75,2649850,99938537000,419.8,419.8,412.5
VNINDEX,14/07/2011,418.9,418.9,"+0,70 (+0,17%)",15529830,285.2,8454360,174657836000,418.1,419.6,414.3
VNINDEX,13/07/2011,418.2,418.2,"+0,90 (+0,22%)",17240390,317.34,23131570,242208420000,422.2,422.7,417.6
VNINDEX,12/07/2011,417.3,417.3,"-7,80 (-1,83%)",18044190,310.44,14145581,333974191000,425.1,425.1,416.9
VNINDEX,11/07/2011,425.1,425.1,"-5,20 (-1,21%)",15228610,245.97,6236691,106485758000,430.3,430.3,425.1
VNINDEX,08/07/2011,430.3,430.3,"+0,30 (+0,07%)",15893240,270.77,4215650,59040880000,430.0,431.4,428.8
VNINDEX,07/07/2011,430.0,430.0,"+1,70 (+0,40%)",14604310,235.12,8816392,228174641000,428.3,431.0,426.5
VNINDEX,06/07/2011,428.3,428.3,"-2,70 (-0,63%)",13494500,218.0,8285409,280654262000,431.0,432.8,427.8
VNINDEX,05/07/2011,431.0,431.0,"+5,60 (+1,32%)",19330750,301.37,6026890,89589035000,425.4,434.1,425.4
VNINDEX,04/07/2011,425.4,425.4,"+0,10 (+0,02%)",15307620,262.57,8628431,156540418000,425.0,426.2,423.4
VNINDEX,01/07/2011,425.3,425.3,"-7,20 (-1,66%)",21792360,328.25,2130684,49988882000,432.5,432.5,424.3
VNINDEX,31/08/2011,425.43,425.43,"+6,17 (+1,47%)",40622520,666.89,7115960,117437788000,421.45,426.29,417.79
VNINDEX,30/08/2011,419.26,419.26,"+5,89 (+1,42%)",39535740,595.17,5651301,143454659000,421.81,423.01,416.84
VNINDEX,29/08/2011,413.37,413.37,"+8,97 (+2,22%)",32266490,484.21,8468886,130818608000,405.89,413.37,405.26
VNINDEX,26/08/2011,404.4,404.4,"+2,70 (+0,67%)",23144300,357.1,6278821,115565959000,403.2,406.0,401.7
VNINDEX,25/08/2011,401.65,401.65,"+4,97 (+1,25%)",22937350,336.58,7190766,169281274000,398.46,402.19,397.93
VNINDEX,24/08/2011,396.68,396.68,"-4,60 (-1,15%)",25328760,406.71,2172140,70302833000,403.21,406.29,396.68
VNINDEX,23/08/2011,401.28,401.28,"-4,75 (-1,17%)",25500990,379.37,4470601,119927504000,405.19,405.19,401.23
VNINDEX,22/08/2011,406.03,406.03,"+5,27 (+1,32%)",27931820,405.34,3331910,68847359000,401.87,406.75,401.87
VNINDEX,19/08/2011,400.76,400.76,"-2,13 (-0,53%)",21476780,320.8,5429436,111402518000,399.98,400.76,396.2
VNINDEX,18/08/2011,402.89,402.89,"+9,43 (+2,40%)",27398650,429.4,3690970,58705630000,398.21,402.89,397.7
VNINDEX,17/08/2011,393.46,393.46,"+6,98 (+1,81%)",21505730,319.34,17823872,486237775000,387.65,393.46,387.65
VNINDEX,16/08/2011,386.48,386.48,"+2,16 (+0,56%)",13602570,207.38,4328280,91720523000,383.66,388.48,383.66
VNINDEX,15/08/2011,384.32,384.32,"+0,40 (+0,10%)",12784520,183.51,2713466,47078577000,384.5,385.0,383.4
VNINDEX,12/08/2011,383.92,383.92,"-0,48 (-0,12%)",13694020,215.79,6410322,144276528000,385.16,387.13,383.58
VNINDEX,11/08/2011,384.4,384.4,"-1,60 (-0,41%)",15699460,252.37,4369280,125929215000,381.0,386.0,379.8
VNINDEX,10/08/2011,386.0,386.0,"-1,70 (-0,44%)",19474270,332.6,7460552,133190250000,388.6,390.9,385.3
VNINDEX,09/08/2011,387.7,387.7,"-8,70 (-2,19%)",31784690,475.68,9582326,188809571000,388.78,388.82,385.76
VNINDEX,08/08/2011,396.4,396.4,"-1,26 (-0,32%)",19929670,338.08,4788189,124661283000,399.2,400.69,395.1
VNINDEX,05/08/2011,397.66,397.66,"+1,61 (+0,41%)",19998550,329.13,6817175,105914761000,394.83,399.68,394.83
VNINDEX,04/08/2011,396.05,396.05,"+4,58 (+1,17%)",22740560,362.26,79913772,1455671302000,392.93,398.74,392.92
VNINDEX,03/08/2011,391.47,391.47,"-5,08 (-1,28%)",21451520,331.91,5060830,111338771000,393.6,394.15,388.79
VNINDEX,02/08/2011,396.55,396.55,"-5,40 (-1,34%)",19056510,294.94,11440880,306299659000,398.92,400.11,396.23
VNINDEX,01/08/2011,401.95,401.95,"-3,75 (-0,92%)",15828610,269.58,6395970,160483052000,404.84,404.91,400.49
VNINDEX,30/09/2011,427.6,427.6,"-0,48 (-0,11%)",29289990,489.0,5085289,323818106000,426.13,433.09,424.64
VNINDEX,29/09/2011,428.08,428.08,"-5,89 (-1,36%)",56543580,784.0,21643150,478888920000,431.8,433.38,425.02
VNINDEX,28/09/2011,433.97,433.97,"-3,50 (-0,80%)",32160640,512.14,5409110,134923432000,441.53,442.53,433.97
VNINDEX,27/09/2011,437.47,437.47,"+3,04 (+0,70%)",30068540,461.08,10060366,236056879000,434.02,440.95,431.86
VNINDEX,26/09/2011,434.43,434.43,"-5,87 (-1,33%)",27404550,464.81,7917963,177771186000,436.63,444.4,431.78
VNINDEX,23/09/2011,440.3,440.3,"-8,96 (-1,99%)",32491970,505.18,10353468,210320142000,439.61,442.14,438.58
VNINDEX,22/09/2011,449.26,449.26,"+1,69 (+0,38%)",36814710,613.43,10041640,296572334000,443.3,449.3,441.67
VNINDEX,21/09/2011,447.57,447.57,"-6,80 (-1,50%)",37266820,539.73,6137459,226824282000,451.99,454.48,446.65
VNINDEX,20/09/2011,454.37,454.37,"-7,31 (-1,58%)",38785810,600.56,7365165,286164965000,459.32,459.32,454.17
VNINDEX,19/09/2011,461.68,461.68,"+4,57 (+1,00%)",37011670,565.48,9586480,806680164000,450.21,461.68,449.5
VNINDEX,16/09/2011,457.11,457.11,"-13,56 (-2,88%)",51789700,977.01,7248444,295431196000,470.87,473.56,457.11
VNINDEX,15/09/2011,470.67,470.67,"+3,68 (+0,79%)",56292580,943.74,14274580,333708392000,462.72,470.9,461.31
VNINDEX,14/09/2011,466.99,466.99,"-2,41 (-0,51%)",73281320,1085.69,8085620,201592928000,469.33,475.45,466.99
VNINDEX,13/09/2011,469.4,469.4,"+6,47 (+1,40%)",62235100,1007.29,5934171,146280955000,469.5,471.07,466.69
VNINDEX,12/09/2011,462.93,462.93,"+3,01 (+0,65%)",45092230,687.78,7080450,175050000000,461.14,465.41,460.49
VNINDEX,09/09/2011,459.92,459.92,"+6,66 (+1,47%)",42499540,628.61,4775260,87272228000,452.94,460.17,452.33
VNINDEX,08/09/2011,453.26,453.26,"+9,27 (+2,09%)",55809690,846.71,4715336,97472662000,450.4,457.41,449.97
VNINDEX,07/09/2011,443.99,443.99,"+7,83 (+1,80%)",41854450,642.23,2416630,62196501000,444.4,445.72,440.44
VNINDEX,06/09/2011,436.16,436.16,"+0,43 (+0,10%)",37011210,587.67,4409490,119555077000,434.02,437.58,430.82
VNINDEX,05/09/2011,435.73,435.73,"+0,44 (+0,10%)",49711930,741.93,2999343,70169473000,438.35,439.82,432.07
VNINDEX,01/09/2011,435.29,435.29,"+10,58 (+2,49%)",47176370,757.26,2838723,48003655000,429.49,435.29,429.31
VNINDEX,31/10/2011,420.81,420.81,"-1,26 (-0,30%)",35210550,524.56,2682200,56057674000,418.83,428.86,420.81
VNINDEX,28/10/2011,422.07,422.07,"+7,32 (+1,76%)",36267220,512.08,4459950,126812838000,418.83,422.45,415.52
VNINDEX,27/10/2011,414.75,414.75,"+2,65 (+0,64%)",18063250,274.45,3754939,73308381000,414.63,415.59,412.79
VNINDEX,26/10/2011,412.1,412.1,"+2,72 (+0,66%)",18505100,293.84,6778464,272540077000,410.42,413.66,410.35
VNINDEX,25/10/2011,409.38,409.38,"-5,08 (-1,23%)",17956640,287.58,4440367,97497144000,416.06,417.07,409.38
VNINDEX,24/10/2011,414.46,414.46,"+3,43 (+0,83%)",19773030,297.62,1684043,49195428000,415.9,418.34,414.46
VNINDEX,21/10/2011,411.03,411.03,"+7,30 (+1,81%)",22498990,389.02,10126160,158591572000,405.44,411.79,405.44
VNINDEX,20/10/2011,403.73,403.73,"+2,58 (+0,64%)",13655790,232.5,3952290,166494660000,402.86,404.85,401.62
VNINDEX,19/10/2011,401.15,401.15,"-3,17 (-0,78%)",19786910,307.29,4482980,88069418000,404.32,407.02,399.08
VNINDEX,18/10/2011,404.32,404.32,"-6,52 (-1,59%)",21473490,298.39,2964098,71677465000,407.44,408.11,404.32
VNINDEX,17/10/2011,410.84,410.84,"-3,65 (-0,88%)",20921590,298.08,5283005,144467419000,415.52,415.52,410.33
VNINDEX,14/10/2011,414.49,414.49,"+1,90 (+0,46%)",21794230,328.9,1848430,39613271000,413.12,415.62,412.59
VNINDEX,13/10/2011,412.59,412.59,"+1,68 (+0,41%)",24413930,337.44,4139281,61661299000,411.17,413.71,407.61
VNINDEX,12/10/2011,410.91,410.91,"-6,82 (-1,63%)",32519160,446.98,2720203,66116400000,414.41,415.37,409.3
VNINDEX,11/10/2011,417.73,417.73,"-1,93 (-0,46%)",23093700,339.56,5583923,104387961000,421.0,421.29,417.35
VNINDEX,10/10/2011,419.66,419.66,"+1,70 (+0,41%)",20138130,314.23,2639190,43447747000,416.77,421.52,415.73
VNINDEX,07/10/2011,417.96,417.96,"-3,34 (-0,79%)",27044370,410.39,5430370,103268499000,423.46,423.74,417.96
VNINDEX,06/10/2011,421.3,421.3,"+4,10 (+0,98%)",30463810,512.29,8959244,150887179000,417.94,423.08,417.94
VNINDEX,05/10/2011,417.21,417.21,"-0,97 (-0,23%)",34989030,532.58,2975830,63381500000,420.74,422.71,415.85
VNINDEX,04/10/2011,418.18,418.18,"-3,94 (-0,93%)",27141370,412.99,1285793,72764448000,417.46,420.46,415.35
VNINDEX,03/10/2011,422.12,422.12,"-5,48 (-1,28%)",26605920,418.48,2914030,76352764000,426.43,428.28,422.12
VNINDEX,30/11/2011,380.69,380.69,"-2,21 (-0,58%)",21187010,284.93,5046850,101374012000,381.88,382.62,378.78
VNINDEX,29/11/2011,382.9,382.9,"-0,41 (-0,11%)",17443900,231.33,17352273,261075297000,385.78,386.55,382.9
VNINDEX,28/11/2011,383.31,383.31,"-0,04 (-0,01%)",23924210,315.06,8723302,122623945000,386.04,388.98,383.05
VNINDEX,25/11/2011,383.35,383.35,"+1,57 (+0,41%)",17112220,233.87,10238920,171797290000,381.78,383.74,379.38
VNINDEX,24/11/2011,381.78,381.78,"-6,79 (-1,75%)",19812290,281.87,9405470,157301108000,387.26,389.29,381.78
VNINDEX,23/11/2011,388.57,388.57,"+6,81 (+1,78%)",21175900,309.62,11941908,209245217000,385.15,388.57,384.84
VNINDEX,22/11/2011,381.76,381.76,"+2,62 (+0,69%)",22470270,290.57,9808585,183906305000,377.46,382.62,375.93
VNINDEX,21/11/2011,379.14,379.14,"-0,48 (-0,13%)",18436530,275.88,2770449,50793002000,380.4,382.71,377.92
VNINDEX,18/11/2011,379.62,379.62,"-6,24 (-1,62%)",27391450,372.16,7003230,170739379000,383.14,383.45,377.46
VNINDEX,17/11/2011,385.86,385.86,"-5,03 (-1,29%)",21918840,330.89,11993030,225327120000,390.91,392.23,385.86
VNINDEX,16/11/2011,390.89,390.89,"+3,02 (+0,78%)",25943180,390.37,7248430,320693650000,389.25,392.98,388.51
VNINDEX,15/11/2011,387.87,387.87,"-3,87 (-0,99%)",26963620,366.77,10141003,510951843000,391.63,393.46,386.47
VNINDEX,14/11/2011,391.74,391.74,"-4,56 (-1,15%)",27130240,353.76,9966827,203709633000,397.52,397.7,389.04
VNINDEX,11/11/2011,396.3,396.3,"-4,73 (-1,18%)",21875250,292.69,15407346,281736576000,399.67,403.4,396.3
VNINDEX,10/11/2011,401.03,401.03,"-4,16 (-1,03%)",20710210,283.0,4607656,228981705000,402.47,402.47,399.29
VNINDEX,09/11/2011,405.19,405.19,"-3,41 (-0,83%)",17097170,231.28,7198608,271178089000,409.19,410.21,404.18
VNINDEX,08/11/2011,408.6,408.6,"-1,92 (-0,47%)",21847320,306.66,7984420,251038794000,408.36,409.76,405.17
VNINDEX,07/11/2011,410.52,410.52,"-0,05 (-0,01%)",25581440,371.23,9446063,197031458000,409.78,413.94,408.66
VNINDEX,04/11/2011,410.57,410.57,"+2,13 (+0,52%)",21569560,317.27,11461246,240686804000,411.22,412.79,410.37
VNINDEX,03/11/2011,408.44,408.44,"+0,65 (+0,16%)",21944380,314.77,5329022,95164089000,408.18,410.48,405.72
VNINDEX,02/11/2011,407.79,407.79,"-6,03 (-1,46%)",24418500,375.89,7170680,114975821000,410.02,412.06,407.07
VNINDEX,01/11/2011,413.82,413.82,"-6,99 (-1,66%)",27176620,389.38,17708780,332214470000,418.77,419.16,412.6
VNINDEX,30/12/2011,351.55,351.55,"+1,04 (+0,30%)",26441080,366.99,29735208,441922575000,351.83,352.46,348.3
VNINDEX,29/12/2011,350.51,350.51,"-0,15 (-0,04%)",21775300,271.89,26566226,285341555000,349.06,350.51,347.39
VNINDEX,28/12/2011,350.66,350.66,"+2,86 (+0,82%)",26615560,293.55,31108680,544570722000,347.59,351.34,347.17
VNINDEX,27/12/2011,347.8,347.8,"-4,88 (-1,38%)",26464690,337.07,30989963,471622319000,348.42,348.83,346.48
VNINDEX,26/12/2011,352.68,352.68,"-3,53 (-0,99%)",19421120,261.79,23419478,461994073000,356.15,356.15,349.7
VNINDEX,23/12/2011,356.21,356.21,"-4,16 (-1,15%)",21736880,264.47,7346402,134343449000,352.48,356.97,352.21
VNINDEX,22/12/2011,360.37,360.37,"-7,35 (-2,00%)",31386790,525.97,14740630,261678330000,366.68,366.78,359.12
VNINDEX,21/12/2011,367.72,367.72,"+2,05 (+0,56%)",23306380,344.9,23944059,892072774000,368.8,369.48,366.96
VNINDEX,20/12/2011,365.67,365.67,"-1,73 (-0,47%)",21369910,278.36,25093351,468446290000,365.5,369.09,363.22
VNINDEX,19/12/2011,367.4,367.4,"+1,37 (+0,37%)",20977830,298.83,16339094,314693819000,365.71,367.95,364.73
VNINDEX,16/12/2011,366.03,366.03,"+1,55 (+0,43%)",31830080,519.38,32829668,395214966000,364.37,369.65,363.8
VNINDEX,15/12/2011,364.48,364.48,"-3,07 (-0,84%)",33685980,467.24,6301800,171248881000,364.14,365.09,360.16
VNINDEX,14/12/2011,367.55,367.55,"-4,20 (-1,13%)",32579780,431.28,25602791,419093659000,371.75,374.42,366.64
VNINDEX,13/12/2011,371.75,371.75,"-3,55 (-0,95%)",24121800,328.86,10517890,205918158000,374.11,377.17,371.75
VNINDEX,12/12/2011,375.3,375.3,"-1,86 (-0,49%)",25025490,331.35,12691058,229558153000,376.97,378.82,373.89
VNINDEX,09/12/2011,377.16,377.16,"-4,47 (-1,17%)",26815380,356.54,4625120,53455855000,381.28,382.13,375.67
VNINDEX,08/12/2011,381.63,381.63,"-5,58 (-1,44%)",24726570,340.35,16871354,279539851000,387.02,388.35,381.63
VNINDEX,07/12/2011,387.21,387.21,"-2,99 (-0,77%)",25848200,337.31,5015812,69427218000,389.15,389.69,386.71
VNINDEX,06/12/2011,390.2,390.2,"-0,99 (-0,25%)",33816160,435.81,4111170,70130952000,393.92,396.29,390.2
VNINDEX,05/12/2011,391.19,391.19,"+7,31 (+1,90%)",31626940,419.35,3229259,65450826000,385.82,391.71,385.82
VNINDEX,02/12/2011,383.88,383.88,"+3,78 (+0,99%)",19808870,279.2,5322225,139722237000,380.92,383.88,380.36
VNINDEX,01/12/2011,380.1,380.1,"-0,59 (-0,15%)",17643450,242.46,2595597,54442676000,380.47,382.87,377.03
VNINDEX,31/01/2012,387.97,387.97,"+3,03 (+0,79%)",37141730,481.33,1900480,27636308000,390.43,393.92,387.97
VNINDEX,30/01/2012,384.94,384.94,"+11,94 (+3,20%)",18491240,262.31,3081060,33820170000,375.1,384.94,373.1
VNINDEX,20/01/2012,373.0,373.0,"-0,43 (-0,12%)",20282210,276.61,9297489,385058498000,378.07,378.07,373.0
VNINDEX,19/01/2012,373.43,373.43,"+10,77 (+2,97%)",19593160,253.45,3422184,82229666000,363.15,373.43,363.04
VNINDEX,18/01/2012,362.66,362.66,"+3,80 (+1,06%)",13022720,154.32,3795250,62576702000,360.81,363.3,360.47
VNINDEX,17/01/2012,358.86,358.86,"+0,99 (+0,28%)",16112970,219.11,7615999,129660216000,357.52,363.5,357.1
VNINDEX,16/01/2012,357.87,357.87,"+3,54 (+1,00%)",20302930,271.01,9073380,571401149000,356.77,360.08,355.97
VNINDEX,13/01/2012,354.33,354.33,"+6,22 (+1,79%)",16398250,229.8,4617530,90268311000,349.31,354.33,349.31
VNINDEX,12/01/2012,348.11,348.11,"+0,68 (+0,20%)",18662540,271.15,5759866,95757579000,347.78,349.44,347.22
VNINDEX,11/01/2012,347.43,347.43,"+2,75 (+0,80%)",20793880,276.12,7755879,91524143000,347.98,349.45,346.71
VNINDEX,10/01/2012,344.68,344.68,"+5,36 (+1,58%)",24725890,314.52,11831080,185447073000,336.84,345.25,336.84
VNINDEX,09/01/2012,339.32,339.32,"+2,59 (+0,77%)",19198950,238.05,151990831,2391608327000,334.93,339.32,332.28
VNINDEX,06/01/2012,336.73,336.73,"-4,21 (-1,23%)",19779270,250.65,9302719,169796031000,340.19,340.19,336.49
VNINDEX,05/01/2012,340.94,340.94,"-7,90 (-2,26%)",17221570,225.8,3407400,78636367000,346.42,347.13,340.94
VNINDEX,04/01/2012,348.84,348.84,"-1,16 (-0,33%)",19643360,243.76,5802725,101028005000,349.22,349.92,348.24
VNINDEX,03/01/2012,350.0,350.0,"-1,55 (-0,44%)",13737030,178.78,6899677,141685833000,351.37,354.02,349.31
VNINDEX,29/02/2012,423.64,423.64,"+1,42 (+0,34%)",69107950,1054.71,55925230,1150511175000,420.02,423.64,418.01
VNINDEX,28/02/2012,422.22,422.22,"-6,19 (-1,44%)",84449500,1088.5,37266338,637862795000,429.26,431.11,421.65
VNINDEX,27/02/2012,428.41,428.41,"+4,98 (+1,18%)",61428800,848.94,3937360,82194241000,426.03,430.75,425.66
VNINDEX,24/02/2012,423.43,423.43,"-0,46 (-0,11%)",68663810,946.43,9792656,160696469000,427.1,429.42,423.43
VNINDEX,23/02/2012,423.89,423.89,"+5,48 (+1,31%)",60216010,846.4,7152416,114437603000,419.49,423.89,416.45
VNINDEX,22/02/2012,418.41,418.41,"+7,50 (+1,83%)",47041290,624.3,7856952,115265806000,410.63,418.41,410.63
VNINDEX,21/02/2012,410.91,410.91,"-3,07 (-0,74%)",56654590,730.08,2375117,54982725000,421.81,422.19,410.32
VNINDEX,20/02/2012,413.98,413.98,"+10,68 (+2,65%)",42285070,609.6,6669942,75329339000,409.83,414.5,408.98
VNINDEX,17/02/2012,403.3,403.3,"+6,79 (+1,71%)",29820360,385.6,10768080,142054427000,397.98,403.3,397.98
VNINDEX,16/02/2012,396.51,396.51,"-0,90 (-0,23%)",31249860,446.94,3606888,211138578000,395.2,398.44,393.66
VNINDEX,15/02/2012,397.41,397.41,"-2,85 (-0,71%)",29091950,375.11,16666027,416461504000,398.61,400.66,394.38
VNINDEX,14/02/2012,400.26,400.26,"+4,72 (+1,19%)",28107570,380.35,8353457,256668405000,391.08,400.26,391.08
VNINDEX,13/02/2012,395.54,395.54,"-9,48 (-2,34%)",28103480,375.37,6446340,303960817000,402.37,405.02,395.54
VNINDEX,10/02/2012,405.02,405.02,"-6,37 (-1,55%)",45896610,616.23,4004890,88347968000,410.11,409.97,403.65
VNINDEX,09/02/2012,411.39,411.39,"+1,86 (+0,45%)",41021360,564.34,10292267,187639745000,412.98,414.6,409.18
VNINDEX,08/02/2012,409.53,409.53,"+8,45 (+2,11%)",41644860,579.63,2956247,59085452000,403.74,409.74,401.51
VNINDEX,07/02/2012,401.08,401.08,"+1,35 (+0,34%)",32063940,446.61,4956844,84842193000,400.43,402.5,396.02
VNINDEX,06/02/2012,399.73,399.73,"-2,01 (-0,50%)",28639550,355.37,4285340,71740088000,402.36,402.38,394.91
VNINDEX,03/02/2012,401.74,401.74,"+0,13 (+0,03%)",55293290,726.86,13256856,239926878000,408.95,411.38,401.74
VNINDEX,02/02/2012,401.61,401.61,"+10,94 (+2,80%)",39209510,562.03,4780747,153308369000,393.89,401.61,393.82
VNINDEX,01/02/2012,390.67,390.67,"+2,70 (+0,70%)",30800590,418.55,8419375,203947566000,388.7,390.67,383.05
VNINDEX,30/03/2012,441.03,441.03,"+1,40 (+0,32%)",61661900,810.07,5461270,72315567000,442.57,443.74,437.62
VNINDEX,29/03/2012,439.63,439.63,"-6,69 (-1,50%)",71130040,908.5,3394360,140290759000,449.01,449.01,439.47
VNINDEX,28/03/2012,446.32,446.32,"+0,42 (+0,09%)",76397450,951.85,5628500,453896375000,443.2,447.14,437.05
VNINDEX,27/03/2012,445.9,445.9,"-13,40 (-2,92%)",115772320,1501.52,5107690,115842540000,459.3,445.9,445.9
VNINDEX,26/03/2012,459.26,459.26,"+5,16 (+1,14%)",89726030,1220.15,4245096,64874517000,458.21,459.26,451.46
VNINDEX,23/03/2012,454.1,454.1,"+8,43 (+1,89%)",85360500,1148.02,2763923,63990019000,448.93,455.16,448.85
VNINDEX,22/03/2012,445.67,445.67,"-0,10 (-0,02%)",76082270,1013.03,5039051,94262424000,442.77,448.92,442.44
VNINDEX,21/03/2012,445.77,445.77,"+5,48 (+1,24%)",95897770,1327.63,2483010,64751124000,443.43,450.25,443.13
VNINDEX,20/03/2012,440.29,440.29,"+2,22 (+0,51%)",56347500,793.37,6405052,199092457000,435.2,441.73,435.2
VNINDEX,19/03/2012,438.07,438.07,"-0,45 (-0,10%)",51449420,765.3,6406864,105285820000,435.82,440.92,433.6
VNINDEX,16/03/2012,438.52,438.52,"-3,33 (-0,75%)",105559940,1646.31,8090241,200987362000,449.66,450.32,438.52
VNINDEX,15/03/2012,441.85,441.85,"+7,99 (+1,84%)",88589620,1273.05,17112357,398293676000,433.47,442.55,430.39
VNINDEX,14/03/2012,433.86,433.86,"+4,47 (+1,04%)",59926960,828.41,4160924,158059072000,435.73,437.23,429.22
VNINDEX,13/03/2012,429.39,429.39,"+1,37 (+0,32%)",58475180,827.5,4481590,90039824000,429.73,433.66,427.76
VNINDEX,12/03/2012,428.02,428.02,"-4,09 (-0,95%)",68630700,919.61,6152227,231079697000,429.83,432.61,423.43
VNINDEX,09/03/2012,432.11,432.11,"+0,45 (+0,10%)",71638930,974.93,7349230,517672417000,429.2,435.27,424.43
VNINDEX,08/03/2012,431.66,431.66,"-12,36 (-2,78%)",83407280,1178.57,3174086,76717133000,436.44,443.5,431.66
VNINDEX,07/03/2012,444.02,444.02,"-0,98 (-0,22%)",97945750,1361.79,3305970,66441627000,442.74,444.25,433.69
VNINDEX,06/03/2012,445.0,445.0,"-12,21 (-2,67%)",143229740,1939.91,11261682,224085863000,465.63,468.15,444.99
VNINDEX,05/03/2012,457.21,457.21,"+17,61 (+4,01%)",65544530,1179.84,37791854,801898841000,448.66,459.8,448.66
VNINDEX,02/03/2012,439.6,439.6,"+11,65 (+2,72%)",74979590,1112.44,6724640,131840103000,432.32,439.6,431.79
VNINDEX,01/03/2012,427.95,427.95,"+4,31 (+1,02%)",58982220,902.74,30552568,629138236000,426.48,427.95,422.65
VNINDEX,27/04/2012,473.77,473.77,"+3,56 (+0,76%)",80076110,1188.45,6102552,115654411000,473.43,475.22,470.43
VNINDEX,26/04/2012,470.21,470.21,"-2,66 (-0,56%)",89707640,1370.13,5768751,290020740000,472.82,475.44,470.21
VNINDEX,25/04/2012,472.87,472.87,"+7,22 (+1,55%)",83805110,1216.7,4364572,81674451000,471.39,473.22,468.89
VNINDEX,24/04/2012,465.65,465.65,"+0,48 (+0,10%)",69115350,1005.33,19223699,350099114000,465.67,466.23,460.6
VNINDEX,23/04/2012,465.17,465.17,"-0,55 (-0,12%)",60229240,877.99,6140425,139675463000,466.8,469.2,464.61
VNINDEX,20/04/2012,465.72,465.72,"-1,36 (-0,29%)",82431400,1183.6,24149418,579309607000,467.4,470.5,462.91
VNINDEX,19/04/2012,467.08,467.08,"-5,08 (-1,08%)",119923140,1680.27,24099503,620445867000,470.81,473.31,465.29
VNINDEX,18/04/2012,472.16,472.16,"-0,68 (-0,14%)",119699530,1792.01,23163420,604133580000,475.1,478.87,471.36
VNINDEX,17/04/2012,472.84,472.84,"+4,58 (+0,98%)",95743250,1453.69,22349861,557392861000,471.54,474.92,467.58
VNINDEX,16/04/2012,468.26,468.26,"+5,74 (+1,24%)",81922480,1204.23,7775868,152081825000,465.06,470.7,461.76
VNINDEX,13/04/2012,462.52,462.52,"-2,74 (-0,59%)",118550280,1631.3,3466136,168680523000,467.48,468.38,462.52
VNINDEX,12/04/2012,465.26,465.26,"+6,52 (+1,42%)",97343440,1527.4,9193135,234076264000,462.22,468.14,460.79
VNINDEX,11/04/2012,458.74,458.74,"+7,89 (+1,75%)",88529490,1297.87,10908968,264970405000,457.56,458.74,452.69
VNINDEX,10/04/2012,450.85,450.85,"+0,12 (+0,03%)",80453480,1144.82,7285848,169663922000,451.01,455.86,448.91
VNINDEX,09/04/2012,450.73,450.73,"+3,29 (+0,74%)",63077480,847.7,3223637,62119908000,450.55,452.06,448.17
VNINDEX,06/04/2012,447.44,447.44,"+2,51 (+0,56%)",69734180,973.05,21435560,465571010000,447.08,450.23,445.87
VNINDEX,05/04/2012,444.93,444.93,"+5,16 (+1,17%)",55823460,786.9,5770284,122712845000,439.0,445.8,436.67
VNINDEX,04/04/2012,439.77,439.77,"-6,00 (-1,35%)",48957860,615.89,1753720,36639798000,446.02,447.02,439.27
VNINDEX,03/04/2012,445.77,445.77,"+4,74 (+1,07%)",54047250,678.6,5798609,152160829000,440.95,446.14,440.23
VNINDEX,31/05/2012,429.2,429.2,"-6,14 (-1,41%)",45434610,641.39,2741600,90638362000,431.84,433.94,428.52
VNINDEX,30/05/2012,435.34,435.34,"+3,90 (+0,90%)",43279360,656.13,5569262,117153185000,433.29,437.31,432.39
VNINDEX,29/05/2012,431.44,431.44,"-4,04 (-0,93%)",45872090,685.99,1809553,34284036000,431.75,432.91,429.11
VNINDEX,28/05/2012,435.48,435.48,"-1,90 (-0,43%)",64208990,903.91,2601118,47393583000,443.24,443.24,433.42
VNINDEX,25/05/2012,437.38,437.38,"+10,46 (+2,45%)",57164750,847.87,20653900,446866480000,432.62,438.42,431.01
VNINDEX,24/05/2012,426.92,426.92,"-9,83 (-2,25%)",52125440,818.44,5915015,131176633000,431.39,435.59,425.65
VNINDEX,23/05/2012,436.75,436.75,"-11,19 (-2,50%)",56528440,902.15,9293153,196531498000,443.6,446.2,436.75
VNINDEX,22/05/2012,447.94,447.94,"-0,08 (-0,02%)",60518060,917.56,23921245,609663668000,451.32,453.7,446.84
VNINDEX,21/05/2012,448.02,448.02,"+13,07 (+3,00%)",63857990,1020.67,13469016,240934778000,438.53,448.19,437.72
VNINDEX,18/05/2012,434.95,434.95,"-7,63 (-1,72%)",76373980,1152.08,3984940,75556736000,439.69,440.24,430.29
VNINDEX,17/05/2012,442.58,442.58,"-7,33 (-1,63%)",69652870,1016.34,8092425,134872259000,449.77,453.72,442.58
VNINDEX,16/05/2012,449.91,449.91,"-5,74 (-1,26%)",83065900,1237.31,3395420,76748726000,455.75,458.57,446.38
VNINDEX,15/05/2012,455.65,455.65,"-14,04 (-2,99%)",91695260,1434.41,5520449,141128871000,462.97,467.63,455.47
VNINDEX,14/05/2012,469.69,469.69,"-10,41 (-2,17%)",88313720,1453.35,22108714,545645608000,477.73,483.15,469.69
VNINDEX,11/05/2012,480.1,480.1,"-5,97 (-1,23%)",110416050,1604.24,3880463,94383441000,487.68,488.13,479.87
VNINDEX,10/05/2012,486.07,486.07,"-1,55 (-0,32%)",124478310,1943.72,10173830,366305009000,490.03,491.35,482.68
VNINDEX,09/05/2012,487.62,487.62,"-0,45 (-0,09%)",109813000,1740.45,4111382,88590008000,488.19,490.49,485.33
VNINDEX,08/05/2012,488.07,488.07,"+1,76 (+0,36%)",126988850,2038.18,6190112,182208896000,488.6,492.44,486.25
VNINDEX,07/05/2012,486.31,486.31,"+9,99 (+2,10%)",92055910,1593.84,8495960,210337237000,481.95,486.31,481.05
VNINDEX,04/05/2012,476.32,476.32,"+7,52 (+1,60%)",97867600,1492.53,10215763,218566618000,470.53,477.72,470.53
VNINDEX,03/05/2012,468.8,468.8,"-3,66 (-0,77%)",100543120,1488.55,3306281,83872542000,470.54,473.07,465.0
VNINDEX,02/05/2012,472.46,472.46,"-1,31 (-0,28%)",114884980,1670.65,3399190,104566507000,476.02,478.44,471.07
VNINDEX,29/06/2012,422.37,422.37,"+4,21 (+1,01%)",28907980,429.09,26051842,561231823000,420.76,422.37,418.49
VNINDEX,28/06/2012,418.16,418.16,"+0,12 (+0,03%)",34918150,484.63,8015221,291851158000,418.74,418.78,415.34
VNINDEX,27/06/2012,418.04,418.04,"-1,15 (-0,27%)",38165550,544.45,4935834,119976866000,419.78,422.17,418.04
VNINDEX,26/06/2012,419.19,419.19,"-4,93 (-1,16%)",45757250,669.95,4756571,74904200000,421.17,421.76,417.92
VNINDEX,25/06/2012,424.12,424.12,"-3,05 (-0,71%)",46964430,662.23,15029865,296836369000,426.54,429.81,422.95
VNINDEX,22/06/2012,427.17,427.17,"-3,97 (-0,92%)",48829270,693.1,2899666,62810789000,429.95,430.19,426.5
VNINDEX,21/06/2012,431.14,431.14,"-1,75 (-0,40%)",37060530,533.51,6777190,153783234000,432.27,433.49,430.83
VNINDEX,20/06/2012,432.89,432.89,"+1,81 (+0,42%)",29000090,427.53,4203724,101168670000,431.8,434.16,429.2
VNINDEX,19/06/2012,431.08,431.08,"-4,51 (-1,04%)",38876360,535.47,29709946,615827607000,434.04,435.11,430.23
VNINDEX,18/06/2012,435.59,435.59,"+2,50 (+0,58%)",56097120,824.16,3148862,76257574000,436.89,439.29,433.75
VNINDEX,15/06/2012,433.09,433.09,"+7,81 (+1,84%)",69270580,1245.02,3375000,69012860000,425.62,433.09,425.62
VNINDEX,14/06/2012,425.28,425.28,"-2,33 (-0,54%)",42057240,664.63,4875006,102326208000,425.74,428.59,424.05
VNINDEX,13/06/2012,427.61,427.61,"-0,55 (-0,13%)",45700390,659.36,38388555,785298827000,429.73,429.73,424.86
VNINDEX,12/06/2012,428.16,428.16,"-4,34 (-1,00%)",51907140,727.42,5219075,111009942000,432.89,432.89,428.04
VNINDEX,11/06/2012,432.5,432.5,"-0,40 (-0,09%)",53036630,817.39,15089099,362119660000,432.15,435.86,430.28
VNINDEX,08/06/2012,432.9,432.9,"-1,51 (-0,35%)",80032950,1129.61,2595109,69230183000,439.02,441.46,432.9
VNINDEX,07/06/2012,434.41,434.41,"+8,02 (+1,88%)",63449670,892.72,6661640,127717073000,431.14,436.68,428.61
VNINDEX,06/06/2012,426.39,426.39,"+5,37 (+1,28%)",43022010,561.48,48479375,1186408423000,421.09,427.17,420.81
VNINDEX,05/06/2012,421.02,421.02,"+4,37 (+1,05%)",44526700,652.72,56766452,1376065399000,413.96,421.02,413.58
VNINDEX,04/06/2012,416.65,416.65,"-12,15 (-2,83%)",62960500,926.51,80360620,1517007840000,426.91,427.58,416.65
VNINDEX,01/06/2012,428.8,428.8,"-0,40 (-0,09%)",40392570,557.34,31783780,770983908000,430.75,432.27,427.98
VNINDEX,31/07/2012,414.48,414.48,"-0,52 (-0,13%)",20631280,306.17,4769890,110965222000,415.7,416.57,414.22
VNINDEX,30/07/2012,415.0,415.0,"+1,84 (+0,45%)",23591670,387.46,3099613,74301412000,410.57,415.31,410.08
VNINDEX,27/07/2012,413.16,413.16,"-1,64 (-0,40%)",34240000,481.95,4106555,138226549000,416.43,417.68,412.47
VNINDEX,26/07/2012,414.8,414.8,"+1,89 (+0,46%)",29726580,400.3,1051758,15311230000,413.78,416.63,412.89
VNINDEX,25/07/2012,412.91,412.91,"-2,72 (-0,65%)",39084070,534.4,4437307,172633609000,412.94,415.71,412.56
VNINDEX,24/07/2012,415.63,415.63,"-6,36 (-1,51%)",41476390,598.65,3367817,60784399000,420.19,420.62,414.6
VNINDEX,23/07/2012,421.99,421.99,"-2,48 (-0,58%)",46579310,628.49,4078470,154989019000,423.31,426.13,421.42
VNINDEX,20/07/2012,424.47,424.47,"-3,91 (-0,91%)",66737560,928.12,6211808,130750717000,432.1,432.46,424.47
VNINDEX,19/07/2012,428.38,428.38,"+9,55 (+2,28%)",72870070,978.82,12026850,278663113000,417.77,428.38,417.77
VNINDEX,18/07/2012,418.83,418.83,"+1,28 (+0,31%)",37431400,533.76,11966349,256950537000,418.19,419.91,416.1
VNINDEX,17/07/2012,417.55,417.55,"+3,57 (+0,86%)",35729970,507.49,12410227,275167986000,411.72,418.43,411.72
VNINDEX,16/07/2012,413.98,413.98,"-3,00 (-0,72%)",39131160,500.26,2606446,60357074000,417.54,418.78,413.28
VNINDEX,13/07/2012,416.98,416.98,"+8,26 (+2,02%)",52081490,641.0,2964126,58618294000,409.85,416.98,409.85
VNINDEX,12/07/2012,408.72,408.72,"+1,44 (+0,35%)",24196650,300.19,19367148,360815913000,406.5,409.7,406.18
VNINDEX,11/07/2012,407.28,407.28,"+1,89 (+0,47%)",19661440,265.69,3103923,71371840000,405.29,408.21,405.07
VNINDEX,10/07/2012,405.39,405.39,"-2,73 (-0,67%)",23787430,315.35,4953370,158656266000,406.4,409.86,405.39
VNINDEX,09/07/2012,408.12,408.12,"-7,32 (-1,76%)",28468730,378.11,3496372,66413373000,413.59,414.39,407.51
VNINDEX,06/07/2012,415.44,415.44,"+1,61 (+0,39%)",35761520,424.3,7562998,205066452000,414.01,417.97,413.53
VNINDEX,05/07/2012,413.83,413.83,"+3,10 (+0,75%)",28260180,339.0,2395900,42122890000,410.85,413.83,408.43
VNINDEX,04/07/2012,410.73,410.73,"-2,36 (-0,57%)",26185920,331.6,1448100,23317047000,413.41,416.03,410.73
VNINDEX,03/07/2012,413.09,413.09,"-6,21 (-1,48%)",39604310,540.54,3667050,138165077000,416.47,417.21,411.86
VNINDEX,02/07/2012,419.3,419.3,"-3,07 (-0,73%)",29566340,434.38,9042546,186097784000,421.94,424.95,418.18
VNINDEX,31/08/2012,396.02,396.02,"-1,23 (-0,31%)",26853510,447.91,6499831,57476914000,396.88,398.19,394.35
VNINDEX,30/08/2012,397.25,397.25,"+4,19 (+1,07%)",35280940,543.32,3762762,58779230000,394.9,399.44,393.37
VNINDEX,29/08/2012,393.06,393.06,"+7,28 (+1,89%)",35739900,549.99,5856863,32353377000,389.85,394.04,389.85
VNINDEX,28/08/2012,385.78,385.78,"-0,41 (-0,11%)",36811080,484.23,4414601,55343135000,381.06,386.05,379.61
VNINDEX,27/08/2012,386.19,386.19,"-13,53 (-3,38%)",39922570,612.24,2403310,32982435000,395.37,399.72,385.05
VNINDEX,24/08/2012,399.72,399.72,"+6,90 (+1,76%)",88370910,1166.15,6265487,40299232000,379.45,402.22,378.17
VNINDEX,23/08/2012,392.82,392.82,"-17,41 (-4,24%)",37075710,639.1,1751441,40442730000,400.03,400.07,391.54
VNINDEX,22/08/2012,410.23,410.23,"-6,61 (-1,59%)",67225530,957.32,6936407,95161212000,404.22,413.42,404.17
VNINDEX,21/08/2012,416.84,416.84,"-20,44 (-4,67%)",61664400,972.56,8391859,262693830000,430.79,430.79,416.23
VNINDEX,20/08/2012,437.28,437.28,"+3,83 (+0,88%)",32299370,532.45,9199282,225461950000,435.33,437.61,434.92
VNINDEX,17/08/2012,433.45,433.45,"+2,62 (+0,61%)",32943250,598.11,4176633,63531034000,432.31,434.72,431.56
VNINDEX,16/08/2012,430.83,430.83,"+0,06 (+0,01%)",24219370,419.03,2543664,69164479000,431.58,433.63,429.43
VNINDEX,15/08/2012,430.77,430.77,"+1,30 (+0,30%)",31649990,498.15,7994469,470463024000,429.96,432.44,429.96
VNINDEX,14/08/2012,429.47,429.47,"+3,30 (+0,77%)",44659470,699.51,5871965,303397880000,425.79,430.89,425.79
VNINDEX,13/08/2012,426.17,426.17,"+0,61 (+0,14%)",23477000,333.01,6360538,117755795000,423.79,426.38,423.44
VNINDEX,10/08/2012,425.56,425.56,"-1,42 (-0,33%)",31538750,474.36,5908612,237770946000,427.49,427.93,425.06
VNINDEX,09/08/2012,426.98,426.98,"+3,41 (+0,81%)",37482300,549.31,5581354,179001074000,424.43,428.21,424.43
VNINDEX,08/08/2012,423.57,423.57,"+1,07 (+0,25%)",22369090,320.19,1425410,29353858000,422.74,424.52,421.31
VNINDEX,07/08/2012,422.5,422.5,"-0,66 (-0,16%)",29412990,434.93,3743500,113333052000,423.72,425.46,422.44
VNINDEX,06/08/2012,423.16,423.16,"+4,95 (+1,18%)",39532210,599.88,5036838,61836361000,419.29,423.77,419.29
VNINDEX,03/08/2012,418.21,418.21,"+2,11 (+0,51%)",21684750,328.88,2491459,55549566000,417.63,419.26,417.09
VNINDEX,02/08/2012,416.1,416.1,"+3,55 (+0,86%)",18712110,280.22,3183614,50594352000,414.23,417.96,414.23
VNINDEX,01/08/2012,412.55,412.55,"-1,93 (-0,47%)",25901500,375.92,1714032,50365234000,413.73,413.99,410.54
VNINDEX,28/09/2012,392.57,392.57,"-0,77 (-0,20%)",21087270,312.32,16016116,307023234000,392.11,393.91,390.99
VNINDEX,27/09/2012,393.34,393.34,"-1,78 (-0,45%)",23303850,332.75,5241117,180948523000,395.66,396.67,391.34
VNINDEX,26/09/2012,395.12,395.12,"+3,35 (+0,86%)",22135450,350.2,1539380,25151646000,392.51,397.86,392.51
VNINDEX,25/09/2012,391.77,391.77,"+1,40 (+0,36%)",20374330,307.19,3486019,127024835000,391.17,394.06,390.14
VNINDEX,24/09/2012,390.37,390.37,"-5,11 (-1,29%)",23023940,351.73,4565370,105528260000,392.16,394.54,390.08
VNINDEX,21/09/2012,395.48,395.48,"+6,20 (+1,59%)",49705410,841.57,51584294,953693817000,391.0,395.55,391.0
VNINDEX,20/09/2012,389.28,389.28,"-5,27 (-1,34%)",41727780,592.23,16909219,375625952000,393.05,393.42,385.9
VNINDEX,19/09/2012,394.55,394.55,"+0,04 (+0,01%)",37098740,516.57,7738337,180488734000,391.05,396.17,390.89
VNINDEX,18/09/2012,394.51,394.51,"-7,24 (-1,80%)",39909580,569.21,1925590,54108075000,403.48,405.05,392.98
VNINDEX,17/09/2012,401.75,401.75,"+2,88 (+0,72%)",30647860,447.82,8237812,145474416000,400.55,405.27,400.07
VNINDEX,14/09/2012,398.87,398.87,"+7,51 (+1,92%)",42312440,592.09,4185660,83696086000,398.13,400.09,395.14
VNINDEX,13/09/2012,391.36,391.36,"+3,01 (+0,78%)",28938490,369.63,7821520,283659667000,388.55,391.36,387.68
VNINDEX,12/09/2012,388.35,388.35,"+1,73 (+0,45%)",29879350,345.92,2743190,41443794000,387.03,390.3,387.03
VNINDEX,11/09/2012,386.62,386.62,"-2,26 (-0,58%)",33882860,435.68,1870940,18358326000,383.87,388.02,383.87
VNINDEX,10/09/2012,388.88,388.88,"-8,63 (-2,17%)",40663290,680.45,8123559,152614776000,395.72,396.27,386.19
VNINDEX,07/09/2012,397.51,397.51,"+4,10 (+1,04%)",29329820,425.08,4134256,84859805000,395.25,397.51,392.56
VNINDEX,06/09/2012,393.41,393.41,"-5,51 (-1,38%)",27130310,393.77,6116411,131603674000,396.41,398.77,393.41
VNINDEX,05/09/2012,398.92,398.92,"-3,16 (-0,79%)",38133340,545.67,7571845,132556548000,402.56,404.87,396.31
VNINDEX,04/09/2012,402.08,402.08,"+6,06 (+1,53%)",23083200,357.06,6558956,96380058000,397.37,403.25,397.37
VNINDEX,31/10/2012,388.42,388.42,"-1,44 (-0,37%)",19971150,264.52,37659382,625989182000,388.5,390.05,387.39
VNINDEX,30/10/2012,389.86,389.86,"-1,50 (-0,38%)",19725250,223.44,3154050,57753906000,391.13,392.17,389.64
VNINDEX,29/10/2012,391.36,391.36,"-0,34 (-0,09%)",17333440,183.88,12422513,270424793000,390.96,392.6,390.63
VNINDEX,26/10/2012,391.7,391.7,"+1,78 (+0,46%)",20270490,245.78,2660159,46769518000,390.05,393.13,389.5
VNINDEX,25/10/2012,389.92,389.92,"-5,53 (-1,40%)",29179710,373.04,13821201,264931144000,393.79,394.54,389.92
VNINDEX,24/10/2012,395.45,395.45,"-2,26 (-0,57%)",23435510,291.04,10776708,198932277000,397.69,398.43,395.24
VNINDEX,23/10/2012,397.71,397.71,"+0,71 (+0,18%)",24240560,279.48,11059260,195824443000,397.27,399.22,395.89
VNINDEX,22/10/2012,397.0,397.0,"-1,23 (-0,31%)",29878260,386.41,16070175,343022260000,397.77,398.34,394.69
VNINDEX,19/10/2012,398.23,398.23,"-0,27 (-0,07%)",48971260,565.74,3624235,80050370000,399.52,400.46,394.98
VNINDEX,18/10/2012,398.51,398.51,"+1,49 (+0,38%)",33648950,423.13,1344908,26846512000,395.94,399.55,395.94
VNINDEX,17/10/2012,397.02,397.02,"-2,20 (-0,55%)",34001760,440.11,24626369,410020235000,399.73,400.97,395.91
VNINDEX,16/10/2012,399.22,399.22,"+7,66 (+1,96%)",38610190,488.86,2565683,66353246000,392.6,399.22,392.6
VNINDEX,15/10/2012,391.56,391.56,"-0,98 (-0,25%)",35599600,399.19,436400,18885613000,392.88,394.19,390.72
VNINDEX,12/10/2012,392.54,392.54,"-1,65 (-0,42%)",40912910,420.27,14466470,225917345000,394.17,395.01,392.26
VNINDEX,11/10/2012,394.19,394.19,"-0,47 (-0,12%)",40188670,500.62,5090380,90102660000,395.32,397.55,393.87
VNINDEX,10/10/2012,394.66,394.66,"+0,99 (+0,25%)",36353960,395.87,1612890,90495000000,392.38,394.66,391.75
VNINDEX,09/10/2012,393.67,393.67,"+0,22 (+0,06%)",33817860,426.12,4930774,173425082000,394.36,394.87,392.26
VNINDEX,08/10/2012,393.45,393.45,"+5,29 (+1,36%)",32959790,429.03,2631333,67760234000,387.83,393.45,387.83
VNINDEX,05/10/2012,388.16,388.16,"+3,65 (+0,95%)",23961840,323.61,3682300,83753209000,384.78,388.16,384.65
VNINDEX,04/10/2012,384.51,384.51,"-0,86 (-0,22%)",20410900,263.64,5573355,98675216000,385.68,386.66,383.62
VNINDEX,03/10/2012,385.37,385.37,"+1,05 (+0,27%)",26431310,347.35,10289360,220290309000,385.61,387.6,383.07
VNINDEX,02/10/2012,384.32,384.32,"-2,23 (-0,58%)",25540110,345.67,542290,11812109000,386.78,387.62,384.2
VNINDEX,01/10/2012,386.55,386.55,"-6,02 (-1,53%)",27156800,401.26,2758235,77453972000,391.74,391.86,386.42
VNINDEX,30/11/2012,377.82,377.82,"-0,38 (-0,10%)",16525680,202.17,29017859,1671621452000,380.01,380.18,377.52
VNINDEX,29/11/2012,378.2,378.2,"+2,41 (+0,64%)",14745550,171.93,1199500,59691480000,377.45,378.62,376.93
VNINDEX,28/11/2012,375.79,375.79,"-1,10 (-0,29%)",16208860,205.22,13503965,386388571000,376.13,377.32,374.15
VNINDEX,27/11/2012,376.89,376.89,"-1,01 (-0,27%)",14100000,163.3,4626211,137153560000,377.77,378.62,376.08
VNINDEX,26/11/2012,377.9,377.9,"-3,81 (-1,00%)",19424070,220.17,2933193,40161776000,382.43,382.62,377.82
VNINDEX,23/11/2012,381.71,381.71,"-1,51 (-0,39%)",18588540,233.77,2857366,102721478000,383.22,384.25,381.14
VNINDEX,22/11/2012,383.22,383.22,"-0,65 (-0,17%)",14762810,181.6,3468380,25888512000,383.44,384.1,382.57
VNINDEX,21/11/2012,383.87,383.87,"-1,23 (-0,32%)",19043880,264.36,2569164,100338890000,385.18,385.8,382.72
VNINDEX,20/11/2012,385.1,385.1,"+1,78 (+0,46%)",20945930,253.53,3519920,82577378000,383.23,385.37,381.84
VNINDEX,19/11/2012,383.32,383.32,"-2,39 (-0,62%)",18508160,242.22,4038413,136057799000,384.83,386.22,382.42
VNINDEX,16/11/2012,385.71,385.71,"-1,20 (-0,31%)",18280560,199.02,4300740,102422238000,385.83,386.25,383.16
VNINDEX,15/11/2012,386.91,386.91,"-0,80 (-0,21%)",24204300,288.54,4555542,176063644000,389.84,390.65,386.6
VNINDEX,14/11/2012,387.71,387.71,"+2,49 (+0,65%)",22054410,288.52,1908560,32326700000,384.74,389.4,384.61
VNINDEX,13/11/2012,385.22,385.22,"-3,40 (-0,87%)",27887200,305.86,614400,16112200000,387.52,388.43,385.15
VNINDEX,12/11/2012,388.62,388.62,"+1,91 (+0,49%)",32872920,359.23,9032760,168139025000,385.66,388.94,385.72
VNINDEX,09/11/2012,386.71,386.71,"+1,11 (+0,29%)",23169930,287.34,1588740,32574200000,385.61,386.79,383.72
VNINDEX,08/11/2012,385.6,385.6,"+4,70 (+1,23%)",20853300,293.24,1734230,29208381000,380.32,385.6,380.13
VNINDEX,07/11/2012,380.9,380.9,"+3,95 (+1,05%)",27064820,301.2,4082200,79375436000,377.83,381.22,375.75
VNINDEX,06/11/2012,376.95,376.95,"-0,32 (-0,08%)",21859910,246.05,24366063,389217672000,377.27,379.05,375.12
VNINDEX,05/11/2012,377.27,377.27,"+2,01 (+0,54%)",27392320,298.88,3593340,72584642000,372.39,378.45,372.39
VNINDEX,02/11/2012,375.26,375.26,"-12,69 (-3,27%)",51024090,590.89,8124245,68171708000,378.74,380.33,374.98
VNINDEX,01/11/2012,387.95,387.95,"-0,47 (-0,12%)",23091350,281.61,23003539,422531823000,388.1,389.74,387.95
VNINDEX,28/12/2012,413.73,413.73,"+3,76 (+0,92%)",54265930,641.85,30055602,515722796000,409.49,413.73,408.32
VNINDEX,27/12/2012,409.97,409.97,"+3,87 (+0,95%)",69702680,821.16,9748570,490266396000,408.32,410.68,406.58
VNINDEX,26/12/2012,406.1,406.1,"+4,76 (+1,19%)",52980150,604.09,6640160,263698440000,399.43,406.1,398.31
VNINDEX,25/12/2012,401.34,401.34,"+1,63 (+0,41%)",43120810,518.17,7725026,61388533000,401.01,401.72,398.09
VNINDEX,24/12/2012,399.71,399.71,"+2,93 (+0,74%)",37347230,474.26,35721838,796710306000,397.25,400.22,396.57
VNINDEX,21/12/2012,396.78,396.78,"-2,90 (-0,73%)",61459550,829.77,15364470,506227906000,397.49,400.27,394.27
VNINDEX,20/12/2012,399.68,399.68,"+1,09 (+0,27%)",61282060,708.92,21637985,424703264000,399.13,400.71,397.86
VNINDEX,19/12/2012,398.59,398.59,"+5,20 (+1,32%)",64520540,791.83,8061452,147374554000,395.84,398.59,395.34
VNINDEX,18/12/2012,393.39,393.39,"-0,24 (-0,06%)",44355940,502.03,8014089,148634670000,396.21,396.45,392.34
VNINDEX,17/12/2012,393.63,393.63,"+1,42 (+0,36%)",44543430,539.08,22852228,425659261000,391.37,395.3,391.31
VNINDEX,14/12/2012,392.21,392.21,"+1,02 (+0,26%)",35228470,400.89,7934187,255723152000,392.23,394.61,392.05
VNINDEX,13/12/2012,391.19,391.19,"+0,11 (+0,03%)",41652240,432.64,2861606,42133705000,393.04,393.81,390.57
VNINDEX,12/12/2012,391.08,391.08,"+1,71 (+0,44%)",45925850,475.89,1239960,48000238000,388.41,393.13,386.46
VNINDEX,11/12/2012,389.37,389.37,"+2,68 (+0,69%)",35197200,402.76,5205948,153296168000,386.25,389.37,385.81
VNINDEX,10/12/2012,386.69,386.69,"+2,89 (+0,75%)",38296950,376.7,6205807,107229881000,384.84,387.67,383.53
VNINDEX,07/12/2012,383.8,383.8,"-1,89 (-0,49%)",26109500,285.43,7410361,105472000000,386.44,386.6,383.8
VNINDEX,06/12/2012,385.69,385.69,"0 (0,00%)",26784560,253.18,5510330,69252480000,385.59,386.62,384.53
VNINDEX,05/12/2012,385.69,385.69,"+3,59 (+0,94%)",35839740,376.76,4697603,63980087000,383.18,387.05,382.1
VNINDEX,04/12/2012,382.1,382.1,"+2,83 (+0,75%)",23715390,259.63,6188906,122635623000,379.02,382.1,377.89
VNINDEX,03/12/2012,379.27,379.27,"+1,45 (+0,38%)",17188480,214.73,4700720,109663862000,377.94,379.27,375.78
VNINDEX,31/01/2013,479.79,479.79,"-7,81 (-1,60%)",77448750,1048.04,3051880,92468200000,484.04,485.19,479.79
VNINDEX,30/01/2013,487.6,487.6,"+3,59 (+0,74%)",81816460,1227.3,1447405,46280460000,486.67,490.89,482.76
VNINDEX,29/01/2013,484.01,484.01,"+4,41 (+0,92%)",83689610,1248.11,4421010,81334390000,478.02,484.34,476.33
VNINDEX,28/01/2013,479.6,479.6,"+11,51 (+2,46%)",103940640,1519.06,3414536,110774420000,474.27,485.67,474.27
VNINDEX,25/01/2013,468.09,468.09,"+15,69 (+3,47%)",80711500,1112.52,5746146,198281110000,455.28,468.09,455.25
VNINDEX,24/01/2013,452.4,452.4,"+9,03 (+2,04%)",46685140,601.32,3125530,82343170000,444.34,452.4,444.19
VNINDEX,23/01/2013,443.37,443.37,"+0,52 (+0,12%)",47085470,594.01,3570324,54906580000,443.96,447.79,440.48
VNINDEX,22/01/2013,442.85,442.85,"-4,94 (-1,10%)",65199100,827.75,2130085,61007300000,449.01,450.8,441.24
VNINDEX,21/01/2013,447.79,447.79,"-6,37 (-1,40%)",52791190,646.37,5886792,283968810000,453.91,456.34,447.79
VNINDEX,18/01/2013,454.16,454.16,"-2,60 (-0,57%)",80290320,940.49,3914510,68979180000,458.21,459.82,450.28
VNINDEX,17/01/2013,456.76,456.76,"-8,49 (-1,82%)",93851780,1144.03,2477257,82786560000,465.66,466.55,456.76
VNINDEX,16/01/2013,465.25,465.25,"+3,83 (+0,83%)",93433920,1294.06,3138580,101869520000,462.17,470.34,462.17
VNINDEX,15/01/2013,461.42,461.42,"+2,45 (+0,53%)",85189720,1061.32,3592290,110392040000,459.24,461.42,455.93
VNINDEX,14/01/2013,458.97,458.97,"-3,72 (-0,80%)",66848260,908.32,2697150,78286250000,458.08,462.08,455.51
VNINDEX,11/01/2013,462.69,462.69,"+2,57 (+0,56%)",71735970,1119.95,3384788,139973690000,468.39,469.16,461.74
VNINDEX,10/01/2013,460.12,460.12,"+11,35 (+2,53%)",69049730,1045.06,10344848,478283660000,447.99,460.12,444.08
VNINDEX,09/01/2013,448.77,448.77,"+1,61 (+0,36%)",131421730,1799.94,3352300,103013770000,452.63,457.75,442.26
VNINDEX,08/01/2013,447.16,447.16,"+12,97 (+2,99%)",81496290,1208.63,39604853,846166000000,437.25,447.16,437.15
VNINDEX,07/01/2013,434.19,434.19,"+8,13 (+1,91%)",75004280,1064.83,3319152,76971750000,428.53,434.64,426.86
VNINDEX,04/01/2013,426.06,426.06,"+6,79 (+1,62%)",62614690,755.89,2237630,84457770000,418.75,426.48,417.5
VNINDEX,03/01/2013,419.27,419.27,"+0,92 (+0,22%)",96108870,1038.93,3715887,65553110000,420.68,420.68,413.68
VNINDEX,02/01/2013,418.35,418.35,"+4,62 (+1,12%)",60311180,712.12,3977043,105199920000,415.5,419.05,414.41
VNINDEX,28/02/2013,474.56,474.56,"+8,84 (+1,90%)",50678370,748.42,2573910,36786080000,469.77,476.41,465.72
VNINDEX,27/02/2013,465.72,465.72,"+0,67 (+0,14%)",68059040,891.84,3379543,86009650000,465.89,467.5,459.64
VNINDEX,26/02/2013,465.05,465.05,"-18,64 (-3,85%)",90251400,1230.5,3714650,241254180000,482.5,482.5,463.64
VNINDEX,25/02/2013,483.69,483.69,"+6,00 (+1,26%)",46608020,651.38,3010663,84322980000,481.67,483.97,478.3
VNINDEX,22/02/2013,477.69,477.69,"+0,96 (+0,20%)",105270730,1428.14,2083350,38834800000,482.03,487.11,470.23
VNINDEX,21/02/2013,476.73,476.73,"-18,10 (-3,66%)",121293570,1573.26,2011284,108808950000,495.28,497.7,476.73
VNINDEX,20/02/2013,494.83,494.83,"+4,05 (+0,83%)",75889000,1120.93,2658246,78968950000,487.99,495.82,487.68
VNINDEX,19/02/2013,490.78,490.78,"-3,17 (-0,64%)",101269460,1416.38,3218370,65116000000,493.4,495.39,490.33
VNINDEX,18/02/2013,493.95,493.95,"-0,08 (-0,02%)",67678930,929.39,1744600,64825000000,497.87,497.87,493.95
VNINDEX,08/02/2013,494.03,494.03,"+3,41 (+0,70%)",58838750,736.32,1883070,62900220000,491.85,495.72,489.64
VNINDEX,07/02/2013,490.62,490.62,"+2,26 (+0,46%)",66319750,890.21,6685941,276886050000,490.88,493.72,488.03
VNINDEX,06/02/2013,488.36,488.36,"+11,00 (+2,30%)",61098630,966.6,4047148,220281510000,479.62,488.62,479.62
VNINDEX,05/02/2013,477.36,477.36,"-5,02 (-1,04%)",53187860,914.97,10219107,433430690000,481.82,482.56,477.36
VNINDEX,04/02/2013,482.38,482.38,"-1,04 (-0,22%)",50205730,760.46,6676916,120462290000,487.06,488.96,482.38
VNINDEX,01/02/2013,483.42,483.42,"+3,63 (+0,76%)",57696770,852.31,19148174,340725110000,477.11,483.42,473.23
VNINDEX,29/03/2013,491.04,491.04,"+0,37 (+0,08%)",34734860,510.12,4253750,90219310000,487.01,492.96,483.5
VNINDEX,28/03/2013,490.67,490.67,"-0,59 (-0,12%)",39513170,655.33,6306180,241534380000,491.64,495.12,487.67
VNINDEX,27/03/2013,491.26,491.26,"+1,80 (+0,37%)",34896540,585.93,4075430,171027160000,489.3,492.46,485.34
VNINDEX,26/03/2013,489.46,489.46,"-4,11 (-0,83%)",36516000,652.57,10519194,179760350000,494.19,496.32,489.14
VNINDEX,25/03/2013,493.57,493.57,"+3,58 (+0,73%)",33144960,584.3,5193927,324588530000,491.76,495.64,488.55
VNINDEX,22/03/2013,489.99,489.99,"-1,80 (-0,37%)",49788230,836.46,4760040,155568410000,492.88,500.59,486.15
VNINDEX,21/03/2013,491.79,491.79,"+4,75 (+0,98%)",46820700,829.27,10356782,526222220000,488.64,494.57,488.43
VNINDEX,20/03/2013,487.04,487.04,"+6,56 (+1,37%)",43035240,706.31,9289010,360699770000,481.88,488.94,480.53
VNINDEX,19/03/2013,480.48,480.48,"+1,35 (+0,28%)",33082800,534.93,2238980,76343570000,478.45,482.21,477.55
VNINDEX,18/03/2013,479.13,479.13,"-2,22 (-0,46%)",46990510,698.86,2153408,110814560000,481.53,482.59,478.54
VNINDEX,15/03/2013,481.35,481.35,"+6,75 (+1,42%)",72403940,1352.38,1994540,75881720000,474.99,481.35,474.45
VNINDEX,14/03/2013,474.6,474.6,"+1,42 (+0,30%)",44795150,668.2,1926050,58245730000,471.63,474.6,470.81
VNINDEX,13/03/2013,473.18,473.18,"-2,16 (-0,45%)",48212190,751.91,2044290,49983290000,476.43,478.05,471.85
VNINDEX,12/03/2013,475.34,475.34,"-1,16 (-0,24%)",57757820,858.98,2499954,59299260000,475.23,478.67,470.51
VNINDEX,11/03/2013,476.5,476.5,"+5,82 (+1,24%)",53686210,744.9,2926786,126516530000,471.29,476.79,469.78
VNINDEX,08/03/2013,470.68,470.68,"+4,05 (+0,87%)",30142850,403.67,1627060,69380770000,468.1,471.75,468.1
VNINDEX,07/03/2013,466.63,466.63,"-4,46 (-0,95%)",41308530,624.22,5640772,167773400000,470.73,472.54,466.63
VNINDEX,06/03/2013,471.09,471.09,"+8,97 (+1,94%)",32511220,417.75,3046326,69972700000,466.96,471.09,464.19
VNINDEX,05/03/2013,462.12,462.12,"-6,62 (-1,41%)",57356100,704.87,2431912,74507250000,467.36,467.84,461.61
VNINDEX,04/03/2013,468.74,468.74,"-8,41 (-1,76%)",64774600,913.66,9782364,277457360000,477.04,479.06,468.74
VNINDEX,01/03/2013,477.15,477.15,"+2,59 (+0,55%)",48407200,649.94,7521280,351363860000,476.51,480.39,475.46
VNINDEX,26/04/2013,474.51,474.51,"-2,09 (-0,44%)",30585010,457.66,686820,26694630000,477.04,479.12,474.43
VNINDEX,25/04/2013,476.59,476.59,"+3,70 (+0,78%)",35474860,459.09,1632350,105005490000,474.87,477.8,474.29
VNINDEX,24/04/2013,472.89,472.89,"-0,80 (-0,17%)",30220170,475.55,2634086,147625800000,474.48,475.75,472.89
VNINDEX,23/04/2013,473.69,473.69,"+5,26 (+1,12%)",30789420,497.72,3218010,119404810000,470.59,475.48,469.13
VNINDEX,22/04/2013,468.43,468.43,"-4,78 (-1,01%)",37044620,550.58,2641392,105504010000,471.81,472.95,466.78
VNINDEX,18/04/2013,473.21,473.21,"-10,78 (-2,23%)",35218830,606.74,3296820,75064390000,479.11,483.99,471.1
VNINDEX,17/04/2013,483.99,483.99,"+5,92 (+1,24%)",28380260,455.18,1670080,52765770000,482.17,483.99,476.53
VNINDEX,16/04/2013,478.07,478.07,"-1,95 (-0,41%)",46214530,811.16,11996927,653250340000,475.07,479.97,466.56
VNINDEX,15/04/2013,480.02,480.02,"-14,25 (-2,88%)",51237740,852.27,3592347,60078600000,491.65,491.77,478.8
VNINDEX,12/04/2013,494.27,494.27,"-9,80 (-1,94%)",50661340,858.75,1646580,51284780000,505.37,505.9,490.82
VNINDEX,11/04/2013,504.07,504.07,"+7,57 (+1,52%)",46971210,900.38,5072940,228042250000,501.39,504.51,497.16
VNINDEX,10/04/2013,496.5,496.5,"-13,99 (-2,74%)",64402460,1251.03,4774660,182622620000,512.15,518.46,496.5
VNINDEX,09/04/2013,510.49,510.49,"+3,83 (+0,76%)",58149210,1015.46,2607440,88058030000,505.09,512.85,504.16
VNINDEX,08/04/2013,506.66,506.66,"+4,08 (+0,81%)",49051910,880.55,3129042,66089590000,505.0,507.75,501.91
VNINDEX,05/04/2013,502.58,502.58,"+5,23 (+1,05%)",44598800,724.04,4147481,98444150000,501.16,503.36,497.83
VNINDEX,04/04/2013,497.35,497.35,"-8,58 (-1,70%)",48524380,890.34,3655368,109455280000,505.54,506.63,497.35
VNINDEX,03/04/2013,505.93,505.93,"-3,50 (-0,69%)",54225370,989.4,2895340,70967330000,509.29,511.59,502.38
VNINDEX,02/04/2013,509.43,509.43,"+3,62 (+0,72%)",66367870,1240.99,3896002,219442470000,507.31,514.1,507.22
VNINDEX,01/04/2013,505.81,505.81,"+14,77 (+3,01%)",47153090,809.4,8272290,362322030000,490.66,505.81,489.9
VNINDEX,31/05/2013,518.39,518.39,"-3,06 (-0,59%)",97869300,1575.41,52261500,950937830000,526.58,526.58,518.39
VNINDEX,30/05/2013,521.45,521.45,"+6,36 (+1,23%)",73554110,1182.43,2039500,54677430000,517.18,521.45,513.68
VNINDEX,29/05/2013,515.09,515.09,"-1,24 (-0,24%)",93465370,1477.55,6257565,191510240000,517.91,520.36,511.31
VNINDEX,28/05/2013,516.33,516.33,"+3,92 (+0,77%)",83366050,1313.51,4068296,100293130000,515.62,517.97,512.81
VNINDEX,27/05/2013,512.41,512.41,"+12,17 (+2,43%)",91278240,1349.88,2049950,101764780000,504.38,516.08,504.38
VNINDEX,24/05/2013,500.24,500.24,"+2,02 (+0,41%)",58885910,1024.19,3630265,82333030000,498.77,503.6,495.96
VNINDEX,23/05/2013,498.22,498.22,"-4,01 (-0,80%)",76788480,1206.85,3227842,62452660000,501.15,506.58,498.22
VNINDEX,22/05/2013,502.23,502.23,"+2,05 (+0,41%)",60738030,937.94,6143228,147863430000,503.23,504.68,501.44
VNINDEX,21/05/2013,500.18,500.18,"+7,91 (+1,61%)",78862860,1299.76,9876613,171211010000,496.09,502.6,495.95
VNINDEX,20/05/2013,492.27,492.27,"+4,67 (+0,96%)",46416100,791.72,2256577,62731290000,487.71,492.96,485.42
VNINDEX,17/05/2013,487.6,487.6,"-2,74 (-0,56%)",43122850,698.7,6930942,150774210000,489.99,491.85,487.6
VNINDEX,16/05/2013,490.34,490.34,"+4,37 (+0,90%)",43474450,744.26,6336122,155472550000,486.0,491.44,485.28
VNINDEX,15/05/2013,485.97,485.97,"+2,12 (+0,44%)",35892100,594.58,1653385,66822950000,482.82,487.52,481.8
VNINDEX,14/05/2013,483.85,483.85,"-5,08 (-1,04%)",43748020,653.53,2783821,118784710000,486.94,487.45,480.79
VNINDEX,13/05/2013,488.93,488.93,"+2,83 (+0,58%)",34059220,536.6,11429490,517344690000,486.96,490.38,486.96
VNINDEX,10/05/2013,486.1,486.1,"-0,12 (-0,02%)",39892770,652.12,45677063,944196600000,488.1,490.76,484.75
VNINDEX,09/05/2013,486.22,486.22,"+1,15 (+0,24%)",45880290,642.11,55416210,1174184490000,485.44,488.57,485.2
VNINDEX,08/05/2013,485.07,485.07,"-0,51 (-0,11%)",37540320,555.86,25976966,608667460000,486.74,488.04,483.03
VNINDEX,07/05/2013,485.58,485.58,"-2,74 (-0,56%)",54751810,789.86,3308960,122814780000,489.35,491.56,484.39
VNINDEX,06/05/2013,488.32,488.32,"+13,08 (+2,75%)",46485330,644.33,6507335,323413220000,478.94,488.32,478.94
VNINDEX,03/05/2013,475.24,475.24,"+2,22 (+0,47%)",24532200,348.83,1757870,53048600000,471.14,475.24,470.81
VNINDEX,02/05/2013,473.02,473.02,"-1,49 (-0,31%)",20465090,326.16,5373320,280702850000,474.54,476.42,472.16
VNINDEX,28/06/2013,481.13,481.13,"-1,82 (-0,38%)",42072790,691.69,20339513,402029160000,484.84,485.94,479.94
VNINDEX,27/06/2013,482.95,482.95,"+9,42 (+1,99%)",42119150,727.07,3900733,160411970000,476.33,482.95,475.0
VNINDEX,26/06/2013,473.53,473.53,"+0,51 (+0,11%)",51883710,915.95,14792170,434196880000,473.26,476.47,466.41
VNINDEX,25/06/2013,473.02,473.02,"-16,72 (-3,41%)",82915860,1333.97,3903794,68146180000,487.04,488.55,466.78
VNINDEX,24/06/2013,489.74,489.74,"-9,10 (-1,82%)",54963830,915.33,3345127,195942740000,500.44,501.14,487.41
VNINDEX,21/06/2013,498.84,498.84,"-0,67 (-0,13%)",92632850,1615.45,1511800,45836570000,497.3,501.25,495.23
VNINDEX,20/06/2013,499.51,499.51,"-3,86 (-0,77%)",48665180,786.1,803833,26478010000,502.22,503.75,498.55
VNINDEX,19/06/2013,503.37,503.37,"+4,49 (+0,90%)",42149080,731.85,909295,37211930000,501.58,504.11,498.88
VNINDEX,18/06/2013,503.37,503.37,"+4,49 (+0,90%)",51411630,919.85,4354437,157804300000,501.58,504.11,500.61
VNINDEX,17/06/2013,498.52,498.52,"-10,51 (-2,06%)",73309030,1280.17,2501160,126776350000,510.52,511.23,498.31
VNINDEX,14/06/2013,509.03,509.03,"-6,06 (-1,18%)",58737880,968.18,1936150,60172530000,517.14,518.0,509.03
VNINDEX,13/06/2013,515.09,515.09,"-3,15 (-0,61%)",60674390,1030.43,1867239,54729070000,518.28,519.54,510.07
VNINDEX,12/06/2013,518.24,518.24,"-3,71 (-0,71%)",64902640,1061.25,5655530,46460230000,521.21,524.91,518.24
VNINDEX,11/06/2013,521.95,521.95,"-2,61 (-0,50%)",59009640,997.45,9037833,513446270000,525.2,525.68,520.94
VNINDEX,10/06/2013,524.56,524.56,"-3,41 (-0,65%)",75001890,1304.05,19169628,356864020000,530.97,533.15,524.56
VNINDEX,07/06/2013,527.97,527.97,"+7,07 (+1,36%)",73350530,1231.56,1197574,43407560000,523.21,527.97,523.19
VNINDEX,06/06/2013,520.9,520.9,"+6,26 (+1,22%)",69643400,1162.04,2608680,56310690000,513.43,521.28,513.16
VNINDEX,05/06/2013,514.64,514.64,"+3,95 (+0,77%)",54216330,866.0,2068420,57017270000,512.37,514.64,508.86
VNINDEX,04/06/2013,510.69,510.69,"-6,34 (-1,23%)",75405700,1310.31,3519760,123032410000,520.68,521.96,510.69
VNINDEX,03/06/2013,517.03,517.03,"-1,36 (-0,26%)",72365040,1043.3,3563023,130974540000,518.3,521.35,516.64
VNINDEX,31/07/2013,491.85,491.85,"+3,31 (+0,68%)",24088410,419.96,17534900,369668720000,488.1,493.1,487.1
VNINDEX,30/07/2013,488.54,488.54,"+2,85 (+0,59%)",26663830,444.08,3994834,226005010000,485.78,490.36,485.74
VNINDEX,29/07/2013,485.69,485.69,"-8,24 (-1,67%)",29602500,531.44,3223420,154280210000,493.81,494.36,485.56
VNINDEX,26/07/2013,493.93,493.93,"+2,15 (+0,44%)",40361070,846.84,3046182,196757110000,493.5,495.16,487.92
VNINDEX,25/07/2013,491.78,491.78,"-2,40 (-0,49%)",41317890,924.34,928560,72820010000,493.75,495.85,491.71
VNINDEX,24/07/2013,494.18,494.18,"-10,11 (-2,00%)",55245500,1112.33,5174350,286466140000,503.67,504.27,493.36
VNINDEX,23/07/2013,504.29,504.29,"-1,87 (-0,37%)",47077480,1074.66,5954212,175585090000,506.59,508.64,504.22
VNINDEX,22/07/2013,506.16,506.16,"+2,40 (+0,48%)",48725640,1107.1,5667580,287989870000,505.11,507.71,501.63
VNINDEX,19/07/2013,503.76,503.76,"+6,92 (+1,39%)",42574930,995.12,5530607,259612240000,499.64,505.38,499.28
VNINDEX,18/07/2013,496.84,496.84,"-0,66 (-0,13%)",49439580,1159.95,3712076,174024620000,495.68,500.51,494.23
VNINDEX,17/07/2013,497.5,497.5,"+1,28 (+0,26%)",41625080,960.78,498720,14409370000,496.38,497.98,493.37
VNINDEX,16/07/2013,496.22,496.22,"+2,12 (+0,43%)",40224850,924.31,2091226,58867620000,494.66,497.83,493.74
VNINDEX,15/07/2013,494.1,494.1,"+0,11 (+0,02%)",41664550,876.8,1811706,76151490000,496.12,498.32,492.95
VNINDEX,12/07/2013,493.99,493.99,"+9,52 (+1,97%)",47906230,1016.7,4004354,155732270000,485.14,493.99,485.13
VNINDEX,11/07/2013,484.47,484.47,"+0,04 (+0,01%)",28820560,587.95,6221445,147197090000,484.38,485.44,482.11
VNINDEX,10/07/2013,484.43,484.43,"-1,07 (-0,22%)",28250930,473.73,4390896,354871250000,487.81,489.83,484.43
VNINDEX,09/07/2013,485.5,485.5,"+2,73 (+0,57%)",26299100,434.16,3544461,117317360000,483.96,485.5,481.14
VNINDEX,08/07/2013,482.77,482.77,"-2,89 (-0,60%)",32633300,520.26,8011504,332881780000,485.24,485.95,480.58
VNINDEX,05/07/2013,485.66,485.66,"-1,56 (-0,32%)",37205860,596.15,1109500,25732610000,488.06,489.99,485.22
VNINDEX,04/07/2013,487.22,487.22,"-0,13 (-0,03%)",36277730,721.98,3152553,105373650000,489.23,490.65,486.49
VNINDEX,03/07/2013,487.35,487.35,"-2,49 (-0,51%)",36474440,685.65,9435256,324783790000,489.81,492.93,487.11
VNINDEX,02/07/2013,489.84,489.84,"+9,80 (+2,04%)",32480660,603.55,5355300,66720130000,480.72,490.14,480.72
VNINDEX,01/07/2013,480.04,480.04,"-1,09 (-0,23%)",30796540,464.03,4258842,35515990000,478.98,482.03,475.26
VNINDEX,30/08/2013,472.7,472.7,"+4,15 (+0,89%)",33924820,683.19,1570878,56090420000,469.64,472.7,462.13
VNINDEX,29/08/2013,468.55,468.55,"-4,75 (-1,00%)",37498330,702.66,2339690,122405920000,473.33,477.09,468.55
VNINDEX,28/08/2013,473.3,473.3,"-12,27 (-2,53%)",65368120,1148.55,3904655,126644950000,482.48,482.48,470.29
VNINDEX,27/08/2013,485.57,485.57,"-4,97 (-1,01%)",24681170,400.91,3150624,160563930000,488.23,489.89,485.57
VNINDEX,26/08/2013,490.54,490.54,"+3,72 (+0,76%)",38985570,761.25,4047545,165391670000,485.26,490.54,478.59
VNINDEX,23/08/2013,486.82,486.82,"-9,30 (-1,87%)",52560820,1078.02,1604400,87977120000,496.77,497.89,482.78
VNINDEX,22/08/2013,496.12,496.12,"-6,58 (-1,31%)",50905010,889.01,2120014,61932090000,499.82,503.92,494.4
VNINDEX,21/08/2013,502.7,502.7,"-2,11 (-0,42%)",50876640,860.77,2947252,112565480000,504.77,504.78,497.01
VNINDEX,20/08/2013,504.81,504.81,"-6,21 (-1,22%)",59507840,1052.71,6392950,496668890000,509.59,510.29,504.11
VNINDEX,19/08/2013,511.02,511.02,"+3,23 (+0,64%)",60613020,1102.55,1166590,39433650000,507.27,513.34,507.16
VNINDEX,16/08/2013,507.79,507.79,"-0,43 (-0,08%)",59756870,953.53,819310,24853110000,508.45,510.22,505.48
VNINDEX,15/08/2013,508.22,508.22,"+4,65 (+0,92%)",61233560,1006.88,2254550,129553190000,505.03,509.6,505.03
VNINDEX,14/08/2013,503.57,503.57,"+5,84 (+1,17%)",34135960,599.83,1645149,82132580000,498.51,503.89,496.35
VNINDEX,13/08/2013,497.73,497.73,"-1,73 (-0,35%)",35557220,581.23,962343,67339890000,499.3,502.63,497.4
VNINDEX,12/08/2013,499.46,499.46,"-1,16 (-0,23%)",25395260,418.31,6557921,495043560000,501.35,501.39,497.53
VNINDEX,09/08/2013,500.62,500.62,"+2,40 (+0,48%)",25936720,455.58,2159605,110072890000,498.88,502.04,498.88
VNINDEX,08/08/2013,498.22,498.22,"-1,88 (-0,38%)",28051650,483.64,274700,2563780000,499.53,503.51,497.08
VNINDEX,07/08/2013,500.1,500.1,"+3,54 (+0,71%)",35379890,743.04,5067610,105905740000,496.95,502.26,495.02
VNINDEX,06/08/2013,496.56,496.56,"+2,90 (+0,59%)",29499900,530.07,4917070,118258710000,492.69,496.56,491.91
VNINDEX,05/08/2013,493.66,493.66,"-1,00 (-0,20%)",24131750,462.88,5449786,272258080000,494.38,496.74,492.75
VNINDEX,02/08/2013,494.66,494.66,"+2,23 (+0,45%)",24490540,416.61,1783580,74209800000,493.33,495.71,493.02
VNINDEX,01/08/2013,492.43,492.43,"+0,58 (+0,12%)",27992370,461.04,3509556,151954660000,490.9,494.31,489.57
VNINDEX,30/09/2013,492.63,492.63,"+6,02 (+1,24%)",65644630,900.2,2819200,122162240000,487.12,492.65,486.7
VNINDEX,27/09/2013,486.61,486.61,"+1,50 (+0,31%)",43514290,635.22,3618930,108873370000,484.68,487.82,483.85
VNINDEX,26/09/2013,485.11,485.11,"-1,11 (-0,23%)",48267850,755.69,1403490,65324190000,486.28,487.88,482.61
VNINDEX,25/09/2013,486.22,486.22,"+3,40 (+0,70%)",79359350,1001.66,1297678,34970550000,482.41,488.98,482.41
VNINDEX,24/09/2013,482.82,482.82,"+3,73 (+0,78%)",52526780,773.14,29873327,476666300000,478.88,483.78,478.85
VNINDEX,23/09/2013,479.09,479.09,"+1,90 (+0,40%)",40162060,553.33,6005670,200142510000,476.79,479.09,475.06
VNINDEX,20/09/2013,477.19,477.19,"+1,10 (+0,23%)",83027350,1067.42,1236300,39888530000,476.12,477.19,474.7
VNINDEX,19/09/2013,476.09,476.09,"+1,83 (+0,39%)",32482700,556.9,3088856,72209190000,477.99,478.99,475.69
VNINDEX,18/09/2013,474.26,474.26,"-3,47 (-0,73%)",34813400,541.7,4200781,202361170000,478.65,479.43,473.52
VNINDEX,17/09/2013,477.73,477.73,"+2,16 (+0,45%)",35374160,605.08,3777920,114109730000,476.21,480.16,475.82
VNINDEX,16/09/2013,475.57,475.57,"-0,85 (-0,18%)",36896450,623.22,1577910,45359750000,478.32,478.7,473.97
VNINDEX,13/09/2013,476.42,476.42,"+0,83 (+0,17%)",28013440,416.34,1052000,58706000000,475.11,478.0,474.54
VNINDEX,12/09/2013,475.59,475.59,"-0,81 (-0,17%)",25047660,330.67,7517896,124602180000,474.97,477.25,474.96
VNINDEX,11/09/2013,476.4,476.4,"+1,87 (+0,39%)",30633750,483.82,2934800,171869100000,476.04,478.95,473.68
VNINDEX,10/09/2013,474.53,474.53,"+4,37 (+0,93%)",27533440,390.17,1230335,36826360000,471.22,475.62,470.16
VNINDEX,09/09/2013,470.16,470.16,"-9,87 (-2,06%)",39165760,554.97,15764434,247833090000,478.98,478.98,469.39
VNINDEX,06/09/2013,480.03,480.03,"+2,46 (+0,52%)",33461070,670.01,13355709,598891900000,479.18,480.55,475.16
VNINDEX,05/09/2013,477.57,477.57,"+6,12 (+1,30%)",37421420,591.12,10055970,197265490000,473.62,477.77,470.72
VNINDEX,04/09/2013,471.45,471.45,"-0,72 (-0,15%)",39162900,608.75,30115395,1134889010000,472.77,476.42,469.3
VNINDEX,03/09/2013,472.17,472.17,"-0,53 (-0,11%)",24864290,419.05,4329329,221862380000,473.56,477.08,470.26
VNINDEX,31/10/2013,497.41,497.41,"-1,66 (-0,33%)",38620230,523.42,4724760,164554030000,500.04,500.59,497.41
VNINDEX,30/10/2013,499.07,499.07,"+1,99 (+0,40%)",34869860,495.2,13501798,707514090000,498.0,500.97,497.95
VNINDEX,29/10/2013,497.08,497.08,"+0,62 (+0,12%)",48772840,629.5,9093710,280331530000,494.66,497.74,494.01
VNINDEX,28/10/2013,496.46,496.46,"-4,29 (-0,86%)",60698540,701.7,13020065,644383390000,501.27,501.86,496.46
VNINDEX,25/10/2013,500.75,500.75,"-0,42 (-0,08%)",59990570,777.7,14182858,293327280000,502.8,503.17,499.53
VNINDEX,24/10/2013,501.17,501.17,"-2,88 (-0,57%)",84151930,1130.77,2250294,170475780000,503.47,505.74,500.64
VNINDEX,23/10/2013,504.05,504.05,"+3,48 (+0,70%)",77783670,1055.42,4641823,186676440000,501.41,504.81,501.41
VNINDEX,22/10/2013,500.57,500.57,"-1,00 (-0,20%)",68523680,867.47,6447180,174200210000,500.94,502.95,498.74
VNINDEX,21/10/2013,501.57,501.57,"+0,74 (+0,15%)",109720270,1326.01,2613380,163925720000,501.8,503.72,500.25
VNINDEX,18/10/2013,500.83,500.83,"+1,24 (+0,25%)",67031980,831.99,2714760,320676330000,499.89,501.39,497.91
VNINDEX,17/10/2013,499.59,499.59,"+0,63 (+0,13%)",60617540,788.02,3478278,168140080000,501.88,502.64,498.83
VNINDEX,16/10/2013,498.96,498.96,"+3,24 (+0,65%)",68958650,882.35,974000,71966560000,495.59,500.6,495.02
VNINDEX,15/10/2013,495.72,495.72,"+2,10 (+0,43%)",49217000,642.02,1232010,26172670000,493.03,495.72,492.37
VNINDEX,14/10/2013,493.62,493.62,"-0,91 (-0,18%)",34865050,477.38,3532990,184490190000,494.31,495.67,492.81
VNINDEX,11/10/2013,494.53,494.53,"-0,28 (-0,06%)",52493570,795.59,1035400,45888140000,496.71,498.58,494.53
VNINDEX,10/10/2013,494.81,494.81,"-5,86 (-1,17%)",63565500,903.12,2943697,230459900000,500.34,501.64,494.81
VNINDEX,09/10/2013,500.67,500.67,"-1,55 (-0,31%)",62003910,768.52,2399570,185044790000,501.28,502.52,498.98
VNINDEX,08/10/2013,502.22,502.22,"+1,75 (+0,35%)",69394720,1048.01,2790135,83058940000,500.53,502.64,497.58
VNINDEX,07/10/2013,500.47,500.47,"+2,97 (+0,60%)",64102510,932.66,7996378,133818070000,497.45,502.16,496.92
VNINDEX,04/10/2013,497.5,497.5,"+5,20 (+1,06%)",57891700,875.94,1824041,31276330000,492.17,497.73,490.43
VNINDEX,03/10/2013,492.3,492.3,"-2,09 (-0,42%)",61651890,765.12,1019436,44906290000,495.0,495.0,491.59
VNINDEX,02/10/2013,494.39,494.39,"+2,15 (+0,44%)",75217440,962.3,2110300,70976150000,492.58,496.86,492.58
VNINDEX,01/10/2013,492.24,492.24,"-0,39 (-0,08%)",98030960,1402.01,4046960,253234500000,491.92,496.59,491.34
VNINDEX,29/11/2013,507.78,507.78,"+0,07 (+0,01%)",97557500,1078.76,3687800,74391600000,507.42,508.78,506.05
VNINDEX,28/11/2013,507.71,507.71,"-0,72 (-0,14%)",77302730,911.99,4826455,133871540000,508.53,509.15,506.99
VNINDEX,27/11/2013,508.43,508.43,"-0,73 (-0,14%)",97463060,1201.55,5280268,88449550000,510.96,513.25,507.66
VNINDEX,26/11/2013,509.16,509.16,"+2,70 (+0,53%)",89242010,1239.71,4240006,123659460000,506.98,510.75,504.65
VNINDEX,25/11/2013,506.46,506.46,"+0,82 (+0,16%)",89988180,1171.05,7394649,167632920000,506.94,509.72,506.08
VNINDEX,22/11/2013,505.64,505.64,"+2,10 (+0,42%)",100735280,1161.11,5640034,221317610000,504.52,506.46,502.83
VNINDEX,21/11/2013,503.54,503.54,"-1,98 (-0,39%)",169313020,2067.6,4622417,358111280000,507.0,510.21,503.54
VNINDEX,20/11/2013,505.52,505.52,"+0,81 (+0,16%)",103452470,1212.99,3709744,235762750000,504.68,505.75,502.98
VNINDEX,19/11/2013,504.71,504.71,"-1,77 (-0,35%)",91657220,1102.05,4891290,92260090000,505.45,507.63,504.71
VNINDEX,18/11/2013,506.48,506.48,"+5,14 (+1,03%)",113389010,1429.05,2490978,97001780000,503.33,507.41,503.33
VNINDEX,15/11/2013,501.34,501.34,"+3,49 (+0,70%)",90780020,1114.04,434990,8065460000,497.88,502.12,497.72
VNINDEX,14/11/2013,497.85,497.85,"+1,73 (+0,35%)",60230390,746.47,4842590,106849400000,496.67,498.82,496.12
VNINDEX,13/11/2013,496.12,496.12,"-1,53 (-0,31%)",63518970,745.54,1008130,88475680000,496.9,498.62,495.68
VNINDEX,12/11/2013,497.65,497.65,"-3,43 (-0,68%)",118886010,1352.31,3093539,118463410000,500.81,501.36,496.79
VNINDEX,11/11/2013,501.08,501.08,"+2,47 (+0,50%)",87692440,936.22,5584550,131216640000,498.03,501.08,497.41
VNINDEX,08/11/2013,498.61,498.61,"-1,25 (-0,25%)",63364460,719.0,9426920,201798230000,498.8,500.47,498.33
VNINDEX,07/11/2013,499.86,499.86,"-2,66 (-0,53%)",104887510,1175.61,1652686,116389520000,501.4,503.3,499.29
VNINDEX,06/11/2013,502.52,502.52,"+2,73 (+0,55%)",76253370,903.84,5596532,178423100000,500.83,502.52,499.58
VNINDEX,05/11/2013,499.79,499.79,"+2,72 (+0,55%)",74452200,818.9,1407598,46432650000,497.38,500.28,495.84
VNINDEX,04/11/2013,497.07,497.07,"-0,01 (0,00%)",62434130,711.53,2691160,139964410000,497.25,498.49,495.68
VNINDEX,01/11/2013,497.08,497.08,"-0,33 (-0,07%)",38485380,512.87,4043726,152021710000,499.21,499.27,496.93
VNINDEX,31/12/2013,504.63,504.63,"+4,28 (+0,86%)",59559870,853.36,1363044,16152120000,500.04,506.44,499.49
VNINDEX,30/12/2013,500.35,500.35,"-6,20 (-1,22%)",84731280,1091.53,9555750,516532110000,506.35,507.02,500.35
VNINDEX,27/12/2013,506.41,506.41,"-0,14 (-0,03%)",70524800,935.27,3214900,112534890000,507.08,510.09,506.41
VNINDEX,26/12/2013,506.55,506.55,"+2,13 (+0,42%)",68852630,953.31,14068038,417402170000,504.41,507.57,503.59
VNINDEX,25/12/2013,504.42,504.42,"-1,20 (-0,24%)",70383710,884.31,3221883,96436420000,506.37,506.53,503.03
VNINDEX,24/12/2013,505.62,505.62,"-3,06 (-0,60%)",84085890,1031.21,7328597,222908850000,508.61,509.54,505.62
VNINDEX,23/12/2013,508.68,508.68,"+4,23 (+0,84%)",97324320,1233.59,10885997,236740160000,506.6,509.41,505.73
VNINDEX,20/12/2013,504.45,504.45,"-1,83 (-0,36%)",124403730,1845.73,18025930,1194026850000,507.39,508.29,504.45
VNINDEX,19/12/2013,506.28,506.28,"+1,03 (+0,20%)",106818860,1315.81,4264714,77024370000,505.9,508.04,504.92
VNINDEX,18/12/2013,505.25,505.25,"-0,42 (-0,08%)",59253700,724.1,3077398,191461710000,505.1,506.11,503.66
VNINDEX,17/12/2013,505.67,505.67,"+3,63 (+0,72%)",69414600,808.51,4185300,121019920000,503.24,505.67,502.2
VNINDEX,16/12/2013,502.04,502.04,"-4,02 (-0,79%)",55654010,790.96,7044880,299951190000,503.46,506.52,502.04
VNINDEX,13/12/2013,506.06,506.06,"-0,86 (-0,17%)",63123560,790.88,4546910,91593950000,507.07,509.35,505.49
VNINDEX,12/12/2013,506.92,506.92,"+1,61 (+0,32%)",67853440,898.84,12308790,1541747570000,503.77,507.68,503.76
VNINDEX,11/12/2013,505.31,505.31,"-6,29 (-1,23%)",101559530,1368.4,1979010,40832710000,511.74,511.81,504.9
VNINDEX,10/12/2013,511.6,511.6,"+0,37 (+0,07%)",78954520,1015.88,2027200,23209260000,512.1,513.83,510.24
VNINDEX,09/12/2013,511.23,511.23,"+1,11 (+0,22%)",100343600,1491.73,1964470,68219310000,514.13,514.13,510.94
VNINDEX,06/12/2013,510.12,510.12,"+0,09 (+0,02%)",75560180,1007.68,3078900,77567750000,510.65,512.37,509.76
VNINDEX,05/12/2013,510.03,510.03,"-0,85 (-0,17%)",100718390,1298.31,3163276,79484260000,510.39,512.21,507.52
VNINDEX,04/12/2013,510.88,510.88,"-0,74 (-0,14%)",105380250,1357.13,6448780,131989080000,512.01,513.4,510.66
VNINDEX,03/12/2013,511.62,511.62,"+3,09 (+0,61%)",121874670,1641.55,3628560,124935020000,508.13,514.83,508.13
VNINDEX,02/12/2013,508.53,508.53,"+0,75 (+0,15%)",75143330,933.09,2544236,63314880000,509.13,509.48,507.1
VNINDEX,27/01/2014,556.52,556.52,"-3,67 (-0,66%)",65472100,1126.88,2079630,44713470000,560.45,560.49,556.35
VNINDEX,24/01/2014,560.19,560.19,"+6,64 (+1,20%)",85521800,1511.34,2484182,62145640000,555.66,560.19,553.46
VNINDEX,23/01/2014,553.55,553.55,"+1,63 (+0,30%)",68197050,1095.48,5519240,119243540000,550.88,556.5,550.52
VNINDEX,22/01/2014,551.92,551.92,"-7,99 (-1,43%)",114735990,1871.3,10545544,518142740000,561.34,564.61,551.92
VNINDEX,21/01/2014,559.91,559.91,"+6,24 (+1,13%)",91154110,1626.53,9766329,355135830000,555.72,560.18,547.65
VNINDEX,20/01/2014,553.67,553.67,"+10,08 (+1,85%)",101980700,1896.05,3741799,73146530000,548.22,559.93,548.22
VNINDEX,17/01/2014,543.59,543.59,"+10,05 (+1,88%)",114980130,2253.2,3084924,72818740000,536.81,549.88,536.81
VNINDEX,16/01/2014,533.54,533.54,"+6,86 (+1,30%)",91792850,1557.46,5960025,200284580000,528.83,533.54,527.9
VNINDEX,15/01/2014,526.68,526.68,"+4,37 (+0,84%)",126092570,1830.36,1489035,37326670000,523.72,527.09,522.45
VNINDEX,14/01/2014,522.31,522.31,"+1,20 (+0,23%)",85746090,1304.7,9118502,271265380000,521.13,524.59,520.63
VNINDEX,13/01/2014,521.11,521.11,"+2,17 (+0,42%)",68452030,1098.28,3542469,46935990000,519.31,522.32,518.78
VNINDEX,10/01/2014,518.94,518.94,"+1,96 (+0,38%)",92706120,1429.18,14473630,367014680000,518.33,523.06,518.24
VNINDEX,09/01/2014,516.98,516.98,"+3,08 (+0,60%)",88948710,1232.03,2537396,124185540000,513.66,516.98,513.52
VNINDEX,08/01/2014,513.9,513.9,"+3,78 (+0,74%)",68629490,1016.83,1667450,65723590000,511.03,514.2,509.01
VNINDEX,07/01/2014,510.12,510.12,"+1,02 (+0,20%)",71614380,1031.99,2749258,148753780000,510.84,513.0,509.87
VNINDEX,06/01/2014,509.1,509.1,"+3,73 (+0,74%)",68130860,902.77,607520,21037750000,505.74,509.1,504.28
VNINDEX,03/01/2014,505.37,505.37,"+0,86 (+0,17%)",50118840,686.61,5481598,126787350000,504.41,506.28,503.94
VNINDEX,02/01/2014,504.51,504.51,"-0,12 (-0,02%)",54996230,730.29,2721444,176018920000,505.61,506.71,503.04
VNINDEX,28/02/2014,586.48,586.48,"-1,31 (-0,22%)",116336020,2053.38,3072887,188320130000,586.12,591.36,581.63
VNINDEX,27/02/2014,587.79,587.79,"-2,02 (-0,34%)",223033340,3376.34,2173882,115698650000,587.82,596.4,587.79
VNINDEX,26/02/2014,589.81,589.81,"+3,61 (+0,62%)",153761340,2606.43,3939350,153006340000,590.64,590.79,582.96
VNINDEX,25/02/2014,586.2,586.2,"+9,62 (+1,67%)",141747900,2555.69,1766610,131195050000,575.49,586.2,575.49
VNINDEX,24/02/2014,576.58,576.58,"+6,01 (+1,05%)",112732880,1754.19,6295490,214291680000,571.94,576.58,570.07
VNINDEX,21/02/2014,570.57,570.57,"-0,47 (-0,08%)",116346370,1826.4,8417025,155490220000,570.95,574.61,565.33
VNINDEX,20/02/2014,571.04,571.04,"-7,08 (-1,22%)",254367230,3847.78,5311900,183851460000,579.64,584.1,565.31
VNINDEX,19/02/2014,578.12,578.12,"+3,56 (+0,62%)",153445030,2321.03,5652250,230920960000,578.53,578.8,573.86
VNINDEX,18/02/2014,574.56,574.56,"+4,36 (+0,76%)",154772030,2285.78,5508990,177890850000,570.8,574.56,570.16
VNINDEX,17/02/2014,570.2,570.2,"-2,02 (-0,35%)",159214880,2395.38,4469840,116127950000,571.91,572.85,567.89
VNINDEX,14/02/2014,572.22,572.22,"+2,04 (+0,36%)",136937230,2037.7,5872704,298767940000,573.09,576.18,569.38
VNINDEX,13/02/2014,570.18,570.18,"+5,93 (+1,05%)",145697620,2244.16,1423610,42790870000,567.58,570.68,565.27
VNINDEX,12/02/2014,564.25,564.25,"+10,35 (+1,87%)",120916320,1892.05,5186520,255883150000,555.55,564.25,554.26
VNINDEX,11/02/2014,553.9,553.9,"-2,00 (-0,36%)",170844850,2631.81,4203330,220817040000,559.74,561.83,553.9
VNINDEX,10/02/2014,555.9,555.9,"+6,14 (+1,12%)",106904960,1626.7,3281970,314130060000,550.41,555.9,548.56
VNINDEX,07/02/2014,549.76,549.76,"-4,92 (-0,89%)",119495580,1831.92,5471082,543409860000,557.71,558.51,549.37
VNINDEX,06/02/2014,554.68,554.68,"-1,84 (-0,33%)",87875560,1391.26,1359720,123012100000,555.51,557.29,551.45
VNINDEX,31/03/2014,591.57,591.57,"-2,72 (-0,46%)",117084100,1977.25,2430730,121491700000,596.41,597.22,591.57
VNINDEX,28/03/2014,594.29,594.29,"+4,15 (+0,70%)",116220650,2063.75,6146790,170262870000,592.82,595.7,590.59
VNINDEX,27/03/2014,590.14,590.14,"+2,08 (+0,35%)",146465260,2288.37,4870670,239126850000,588.94,591.7,582.81
VNINDEX,26/03/2014,588.06,588.06,"-13,79 (-2,29%)",246459570,3940.03,12625490,369520700000,603.54,603.68,587.52
VNINDEX,25/03/2014,601.85,601.85,"-5,70 (-0,94%)",245217840,4086.93,16128660,977992220000,609.01,609.46,601.85
VNINDEX,24/03/2014,607.55,607.55,"+5,80 (+0,96%)",189271920,3163.88,5552425,109294090000,606.55,609.2,604.18
VNINDEX,21/03/2014,601.75,601.75,"+1,49 (+0,25%)",224867350,4823.56,5087670,194119930000,600.48,607.22,600.26
VNINDEX,20/03/2014,600.26,600.26,"-5,33 (-0,88%)",183319960,3081.05,9597018,637467350000,607.39,608.51,600.03
VNINDEX,19/03/2014,605.59,605.59,"+5,74 (+0,96%)",188807510,2981.16,3200900,236489870000,600.73,605.91,600.42
VNINDEX,18/03/2014,599.85,599.85,"-0,51 (-0,08%)",193120370,3210.33,12281437,634954180000,602.01,603.21,597.78
VNINDEX,17/03/2014,600.36,600.36,"+3,53 (+0,59%)",161239500,2769.93,8941660,546913450000,603.05,603.24,598.7
VNINDEX,14/03/2014,596.83,596.83,"+1,61 (+0,27%)",160384630,2748.22,3604940,177732590000,596.2,600.68,594.51
VNINDEX,13/03/2014,595.22,595.22,"+5,20 (+0,88%)",130339060,2137.58,3439817,173799860000,590.83,595.22,590.36
VNINDEX,12/03/2014,590.02,590.02,"+1,52 (+0,26%)",168708960,2766.3,9174660,314112550000,590.94,596.38,590.02
VNINDEX,11/03/2014,588.5,588.5,"+4,81 (+0,82%)",158741000,2428.46,3751886,132362600000,585.1,589.45,582.2
VNINDEX,10/03/2014,583.69,583.69,"+3,94 (+0,68%)",140462540,1921.34,4563010,143484230000,580.84,584.64,579.98
VNINDEX,07/03/2014,579.75,579.75,"+1,19 (+0,21%)",149392490,2078.09,7610660,153138870000,579.4,582.24,579.1
VNINDEX,06/03/2014,578.56,578.56,"+3,62 (+0,63%)",131565670,2032.23,9738823,202431870000,576.17,580.04,574.58
VNINDEX,05/03/2014,574.94,574.94,"+4,97 (+0,87%)",102976780,1543.59,2956533,236619820000,576.11,577.5,569.97
VNINDEX,04/03/2014,569.97,569.97,"-3,41 (-0,59%)",122493930,1889.73,3078027,68738480000,569.34,572.28,563.55
VNINDEX,03/03/2014,573.38,573.38,"-13,10 (-2,23%)",141965580,2269.53,1331864,46527920000,586.65,587.11,573.37
VNINDEX,29/04/2014,578.0,578.0,"+4,90 (+0,85%)",45941890,742.03,4493253,175090830000,570.64,578.21,570.64
VNINDEX,28/04/2014,573.1,573.1,"-5,82 (-1,01%)",53208230,980.37,4845500,319262180000,579.05,580.7,573.1
VNINDEX,25/04/2014,578.92,578.92,"+8,46 (+1,48%)",58226790,1116.41,6093663,168469090000,571.71,580.74,571.71
VNINDEX,24/04/2014,570.46,570.46,"+1,10 (+0,19%)",48621460,825.47,8074369,362814660000,568.38,571.57,566.94
VNINDEX,23/04/2014,569.36,569.36,"-0,51 (-0,09%)",63157600,1045.93,8045052,154462260000,569.83,573.39,567.04
VNINDEX,22/04/2014,569.87,569.87,"+11,73 (+2,10%)",84120410,1339.58,14984920,277482610000,560.63,569.87,556.47
VNINDEX,21/04/2014,558.14,558.14,"-7,19 (-1,27%)",93868870,1471.02,1700770,32911240000,564.21,568.44,558.14
VNINDEX,18/04/2014,565.33,565.33,"-14,98 (-2,58%)",106747120,1739.59,10225778,215763230000,580.89,580.89,565.33
VNINDEX,17/04/2014,580.31,580.31,"+6,02 (+1,05%)",86527800,1595.24,31165360,643282080000,580.39,583.51,575.83
VNINDEX,16/04/2014,574.29,574.29,"-11,80 (-2,01%)",143009880,2361.43,6232385,114764350000,583.64,585.51,567.61
VNINDEX,15/04/2014,586.09,586.09,"-10,02 (-1,68%)",126833620,2284.89,4834910,139595240000,596.0,597.99,586.09
VNINDEX,14/04/2014,596.11,596.11,"-4,46 (-0,74%)",96128090,1809.56,31952130,777695220000,602.67,602.7,596.05
VNINDEX,11/04/2014,600.57,600.57,"-0,76 (-0,13%)",104068010,1977.79,2858170,226389500000,597.87,602.01,594.96
VNINDEX,10/04/2014,601.33,601.33,"-1,92 (-0,32%)",110558340,2136.34,3689287,249897390000,605.4,608.89,600.43
VNINDEX,08/04/2014,603.25,603.25,"+2,68 (+0,45%)",109210640,1909.14,18255534,553450660000,600.71,603.25,598.52
VNINDEX,07/04/2014,600.57,600.57,"+7,53 (+1,27%)",108560420,2178.13,7090834,206636540000,595.72,602.55,595.35
VNINDEX,04/04/2014,593.04,593.04,"+3,60 (+0,61%)",92353580,1707.96,27364875,1745575360000,589.9,593.72,588.34
VNINDEX,03/04/2014,589.44,589.44,"+7,77 (+1,34%)",99127880,1480.46,6395103,288882940000,584.45,590.91,582.83
VNINDEX,02/04/2014,581.67,581.67,"-2,18 (-0,37%)",142309840,2252.42,4469683,217980700000,584.17,586.5,574.4
VNINDEX,01/04/2014,583.85,583.85,"-7,72 (-1,31%)",167165310,2593.46,5839859,237739660000,590.93,593.03,582.3
VNINDEX,30/05/2014,562.02,562.02,"+3,57 (+0,64%)",81363300,1324.2,2073000,89077940000,558.78,565.05,557.2
VNINDEX,29/05/2014,558.45,558.45,"+1,11 (+0,20%)",114247620,1595.93,2076256,90847350000,556.3,562.33,555.32
VNINDEX,28/05/2014,557.34,557.34,"+4,59 (+0,83%)",107355240,1520.71,802386,29344090000,554.32,557.93,553.03
VNINDEX,27/05/2014,552.75,552.75,"+8,69 (+1,60%)",121729360,1579.4,5453630,156175030000,543.55,552.75,542.49
VNINDEX,26/05/2014,544.06,544.06,"+2,57 (+0,47%)",70350070,866.26,15430415,332732360000,541.43,544.93,536.27
VNINDEX,23/05/2014,541.49,541.49,"-0,24 (-0,04%)",84206790,1001.52,1532614,71900720000,542.44,545.3,540.51
VNINDEX,22/05/2014,541.73,541.73,"-2,15 (-0,40%)",122207050,1558.9,7910180,349141000000,543.35,547.2,541.43
VNINDEX,21/05/2014,543.88,543.88,"+6,36 (+1,18%)",99864170,1394.81,3123450,86254950000,537.95,543.93,533.19
VNINDEX,20/05/2014,537.52,537.52,"+4,48 (+0,84%)",102485880,1267.88,2625717,62424560000,531.0,537.93,527.69
VNINDEX,19/05/2014,533.04,533.04,"+3,55 (+0,67%)",94450040,1213.11,11687940,307515090000,530.31,534.68,525.82
VNINDEX,16/05/2014,529.49,529.49,"+5,44 (+1,04%)",79135650,1099.21,4642437,158344410000,522.0,529.49,519.39
VNINDEX,15/05/2014,524.05,524.05,"-5,48 (-1,03%)",125655190,1784.81,6887963,177335990000,529.39,537.27,512.41
VNINDEX,14/05/2014,529.53,529.53,"+15,62 (+3,04%)",106635850,1405.94,1688340,62124360000,510.16,529.59,509.82
VNINDEX,13/05/2014,513.91,513.91,"-3,14 (-0,61%)",92140330,1285.69,6500431,118040140000,508.76,518.45,508.51
VNINDEX,12/05/2014,517.05,517.05,"-25,41 (-4,68%)",94224400,1466.98,5036448,203651610000,536.82,536.82,512.25
VNINDEX,09/05/2014,542.46,542.46,"+15,37 (+2,92%)",115488640,1652.55,3367670,63469600000,522.82,542.56,522.7
VNINDEX,08/05/2014,527.09,527.09,"-32,88 (-5,87%)",128293230,2427.63,18199158,434522250000,550.75,550.75,525.37
VNINDEX,07/05/2014,559.97,559.97,"+4,86 (+0,88%)",46793760,711.36,5623046,184048710000,558.04,561.56,553.21
VNINDEX,06/05/2014,555.11,555.11,"-9,74 (-1,72%)",98267720,1525.38,2373930,101719830000,561.86,562.36,545.97
VNINDEX,05/05/2014,564.85,564.85,"-13,15 (-2,28%)",73606800,1233.28,2468900,103690790000,578.45,580.11,564.47
VNINDEX,30/06/2014,578.13,578.13,"-0,69 (-0,12%)",63785010,924.18,12711620,395246110000,578.28,582.26,577.76
VNINDEX,27/06/2014,578.82,578.82,"+2,42 (+0,42%)",59803530,913.23,14611368,314033240000,576.29,580.75,575.1
VNINDEX,26/06/2014,576.4,576.4,"+4,13 (+0,72%)",111053090,1561.63,12885148,432278390000,572.23,578.29,570.33
VNINDEX,25/06/2014,572.27,572.27,"+2,53 (+0,44%)",87749020,1308.82,8741733,296289720000,570.33,574.62,569.27
VNINDEX,24/06/2014,569.74,569.74,"+3,82 (+0,68%)",56799240,865.8,10776409,201562940000,565.47,570.37,565.12
VNINDEX,23/06/2014,565.92,565.92,"+5,14 (+0,92%)",47939680,716.99,14603900,348963160000,561.97,567.71,561.97
VNINDEX,20/06/2014,560.78,560.78,"-6,57 (-1,16%)",116175890,2221.42,7269753,285106180000,568.45,571.76,560.78
VNINDEX,19/06/2014,567.35,567.35,"-2,68 (-0,47%)",122009510,1653.93,2324189,107363580000,564.93,569.41,558.65
VNINDEX,18/06/2014,570.03,570.03,"-2,22 (-0,39%)",95680950,1210.52,4274575,122876490000,571.74,575.03,570.03
VNINDEX,17/06/2014,572.25,572.25,"-0,12 (-0,02%)",103158970,1457.27,5510086,126977700000,571.8,573.15,567.58
VNINDEX,16/06/2014,572.37,572.37,"-2,11 (-0,37%)",76547350,1197.67,11046205,282834600000,575.2,575.87,571.76
VNINDEX,13/06/2014,574.48,574.48,"+0,71 (+0,12%)",67624300,1029.03,4784093,99855170000,573.58,577.27,573.03
VNINDEX,12/06/2014,573.77,573.77,"+3,41 (+0,60%)",90147440,1276.14,5993713,148368370000,571.19,574.75,568.58
VNINDEX,11/06/2014,570.36,570.36,"+3,47 (+0,61%)",75171290,1135.6,10049726,140634330000,567.77,573.05,566.51
VNINDEX,10/06/2014,566.89,566.89,"+1,28 (+0,23%)",78132940,1140.85,1314343,17661310000,566.31,571.73,564.32
VNINDEX,09/06/2014,565.61,565.61,"+6,57 (+1,18%)",107736660,1554.48,4766788,106487860000,561.25,571.83,558.64
VNINDEX,06/06/2014,559.04,559.04,"+7,94 (+1,44%)",59778290,836.39,1072030,13978690000,553.62,559.04,551.8
VNINDEX,05/06/2014,551.1,551.1,"-2,36 (-0,43%)",53199850,696.75,6025585,118364910000,552.2,553.96,548.47
VNINDEX,04/06/2014,553.46,553.46,"-5,30 (-0,95%)",67155660,935.61,775829,32484090000,559.13,559.19,550.23
VNINDEX,03/06/2014,558.76,558.76,"+1,96 (+0,35%)",53295920,737.63,5340050,156952380000,557.34,560.62,554.96
VNINDEX,02/06/2014,556.8,556.8,"-5,22 (-0,93%)",78700670,1115.24,1526330,60190030000,560.29,563.12,554.44
VNINDEX,31/07/2014,596.07,596.07,"+6,74 (+1,14%)",61274970,1046.67,3347992,194295850000,589.35,596.11,587.68
VNINDEX,30/07/2014,589.33,589.33,"-2,91 (-0,49%)",73191400,1142.08,7881730,537340760000,591.15,593.58,588.53
VNINDEX,29/07/2014,592.24,592.24,"+2,79 (+0,47%)",60692450,923.85,1590871,86373860000,590.57,592.24,585.75
VNINDEX,28/07/2014,589.45,589.45,"-10,69 (-1,78%)",106264460,1634.61,5276890,87498870000,599.13,599.35,587.78
VNINDEX,25/07/2014,600.14,600.14,"-1,92 (-0,32%)",94267820,1608.26,5701228,72119940000,603.54,605.78,600.14
VNINDEX,24/07/2014,602.06,602.06,"+4,56 (+0,76%)",84773630,1385.83,3086620,104144150000,597.03,602.49,597.03
VNINDEX,23/07/2014,597.5,597.5,"-0,48 (-0,08%)",58825520,945.87,6589629,141076370000,599.56,599.56,594.1
VNINDEX,22/07/2014,597.98,597.98,"-3,06 (-0,51%)",89952820,1434.87,13950384,306625280000,599.3,600.93,594.85
VNINDEX,21/07/2014,601.04,601.04,"+4,78 (+0,80%)",109316960,1907.96,2237640,80654070000,598.11,604.64,596.96
VNINDEX,18/07/2014,596.26,596.26,"+5,89 (+1,00%)",120565300,2064.05,23804590,462175840000,590.9,596.26,589.33
VNINDEX,17/07/2014,590.37,590.37,"+0,69 (+0,12%)",94389680,1369.22,2161209,72366240000,588.99,591.42,586.07
VNINDEX,16/07/2014,589.68,589.68,"+0,37 (+0,06%)",134145840,2067.13,3992680,177088660000,594.13,594.29,589.68
VNINDEX,15/07/2014,589.31,589.31,"+3,08 (+0,53%)",98238770,1527.78,39186078,594621560000,587.92,590.09,587.68
VNINDEX,14/07/2014,586.23,586.23,"+3,46 (+0,59%)",62767180,1133.19,5294760,71933440000,583.55,586.23,581.99
VNINDEX,11/07/2014,582.77,582.77,"-2,11 (-0,36%)",76665490,1119.75,1633938,142202590000,584.29,586.57,580.54
VNINDEX,10/07/2014,584.88,584.88,"-6,72 (-1,14%)",148042030,2088.11,4789855,88289390000,591.21,591.35,581.49
VNINDEX,09/07/2014,591.6,591.6,"+0,13 (+0,02%)",99772410,1370.7,10047353,251192080000,591.82,593.42,590.46
VNINDEX,08/07/2014,591.47,591.47,"+0,78 (+0,13%)",95623320,1435.29,1005950,51991520000,591.63,593.4,588.54
VNINDEX,07/07/2014,590.69,590.69,"+1,34 (+0,23%)",114945340,1731.65,12801051,374109960000,592.23,594.84,589.61
VNINDEX,04/07/2014,589.35,589.35,"+4,33 (+0,74%)",117186000,1820.59,15578372,683489280000,585.66,591.38,585.66
VNINDEX,03/07/2014,585.02,585.02,"+6,22 (+1,07%)",127121960,1859.39,4341966,144724600000,581.24,585.02,580.55
VNINDEX,02/07/2014,578.8,578.8,"+0,73 (+0,13%)",107018060,1518.02,2077969,141891220000,578.9,581.89,576.88
VNINDEX,01/07/2014,578.07,578.07,"-0,06 (-0,01%)",101593980,1460.98,2809788,91456570000,578.93,582.16,577.3
VNINDEX,29/08/2014,636.65,636.65,"+4,62 (+0,73%)",170612900,2784.3,19269200,987293670000,634.91,640.19,631.11
VNINDEX,28/08/2014,632.03,632.03,"+3,26 (+0,52%)",134519830,2502.84,29850423,371527230000,627.41,635.94,626.32
VNINDEX,27/08/2014,628.77,628.77,"-0,29 (-0,05%)",152313560,2622.83,4827365,112347660000,630.84,632.25,624.68
VNINDEX,26/08/2014,629.06,629.06,"+3,18 (+0,51%)",129151110,2474.47,6282430,120311000000,627.13,631.17,625.1
VNINDEX,25/08/2014,625.88,625.88,"+5,74 (+0,93%)",156793900,2712.72,25221110,802888360000,622.71,629.58,622.16
VNINDEX,22/08/2014,620.14,620.14,"+7,20 (+1,17%)",151323250,2501.88,12223991,285202680000,614.51,622.97,614.51
VNINDEX,21/08/2014,612.94,612.94,"+6,24 (+1,03%)",140343470,2602.03,10657640,712147670000,608.91,616.96,608.58
VNINDEX,20/08/2014,606.7,606.7,"+2,06 (+0,34%)",98377830,1677.44,9454161,185826490000,604.3,608.72,602.81
VNINDEX,19/08/2014,604.64,604.64,"-0,44 (-0,07%)",125366090,2109.68,8783932,684724360000,607.27,609.04,603.61
VNINDEX,18/08/2014,605.08,605.08,"+0,84 (+0,14%)",123678840,2057.65,15734185,1881745600000,605.42,607.79,603.33
VNINDEX,15/08/2014,604.24,604.24,"-1,01 (-0,17%)",101218780,1738.5,4675944,233401700000,607.03,608.46,603.24
VNINDEX,14/08/2014,605.25,605.25,"+2,49 (+0,41%)",109406300,1953.8,2618844,151689420000,605.03,607.84,604.08
VNINDEX,13/08/2014,602.76,602.76,"+0,98 (+0,16%)",93087280,1795.01,2654040,45315700000,601.03,604.51,599.64
VNINDEX,12/08/2014,601.78,601.78,"-0,35 (-0,06%)",78520730,1358.58,4477067,99363110000,600.52,604.89,598.71
VNINDEX,11/08/2014,602.13,602.13,"-3,30 (-0,55%)",74249570,1284.85,13470760,443761440000,602.78,607.16,600.48
VNINDEX,08/08/2014,605.43,605.43,"-2,19 (-0,36%)",101520160,1694.5,7360539,473140230000,607.18,610.09,604.08
VNINDEX,07/08/2014,607.62,607.62,"+0,92 (+0,15%)",87858760,1407.4,3271546,51396910000,603.94,608.42,603.13
VNINDEX,06/08/2014,606.7,606.7,"-1,03 (-0,17%)",87400600,1558.07,6619897,359643400000,607.95,610.88,605.63
VNINDEX,05/08/2014,607.73,607.73,"+8,69 (+1,45%)",83711690,1570.27,2920860,49363800000,600.46,607.73,599.1
VNINDEX,04/08/2014,599.04,599.04,"+5,14 (+0,87%)",71125720,1176.89,515744,25007710000,592.04,600.52,592.04
VNINDEX,01/08/2014,593.9,593.9,"-2,17 (-0,36%)",59841150,982.37,5289147,310731200000,594.66,596.8,592.38
VNINDEX,30/09/2014,598.8,598.8,"-0,98 (-0,16%)",142531380,2425.11,11254978,309327020000,597.11,601.54,594.0
VNINDEX,29/09/2014,599.78,599.78,"-5,20 (-0,86%)",111034700,2086.16,16396096,669898270000,605.03,605.03,599.78
VNINDEX,26/09/2014,604.98,604.98,"-0,12 (-0,02%)",134501730,2312.85,9415530,333540880000,608.8,610.15,604.98
VNINDEX,25/09/2014,605.1,605.1,"+1,51 (+0,25%)",123016770,2436.67,12757555,335282900000,604.31,605.5,594.28
VNINDEX,24/09/2014,603.59,603.59,"-6,80 (-1,11%)",112776100,2147.46,19928120,728644570000,609.51,611.61,603.59
VNINDEX,23/09/2014,610.39,610.39,"-1,51 (-0,25%)",131792630,2316.86,12597963,512454010000,611.75,615.99,610.39
VNINDEX,22/09/2014,611.93,611.93,"-1,36 (-0,22%)",99326220,1762.62,43982508,1171103180000,617.71,621.36,611.93
VNINDEX,19/09/2014,613.29,613.29,"-2,51 (-0,41%)",203749040,4265.65,14482870,749967260000,615.86,619.8,612.4
VNINDEX,18/09/2014,615.8,615.8,"-9,86 (-1,58%)",162783900,2883.39,16810723,681844480000,625.95,627.29,615.8
VNINDEX,17/09/2014,625.66,625.66,"-2,00 (-0,32%)",183400380,3379.15,6411380,234253860000,630.48,632.22,625.66
VNINDEX,16/09/2014,627.66,627.66,"-2,68 (-0,43%)",176189320,2996.98,4707850,233813740000,628.96,631.59,623.66
VNINDEX,15/09/2014,630.34,630.34,"-2,16 (-0,34%)",201078790,3351.15,11305083,650283090000,633.86,636.65,630.34
VNINDEX,12/09/2014,632.5,632.5,"+3,51 (+0,56%)",142042140,2331.91,2045145,81198880000,631.31,632.91,627.42
VNINDEX,11/09/2014,628.99,628.99,"+0,19 (+0,03%)",121586890,2204.51,7827728,372684740000,629.77,633.6,626.26
VNINDEX,10/09/2014,628.8,628.8,"+1,88 (+0,30%)",129722930,2223.5,11899190,228001910000,625.59,630.03,618.54
VNINDEX,09/09/2014,626.92,626.92,"-12,93 (-2,02%)",242576650,4149.48,37723242,915772620000,640.5,641.2,622.76
VNINDEX,08/09/2014,639.85,639.85,"+1,20 (+0,19%)",163757920,2778.5,18466747,399813370000,641.88,642.72,639.19
VNINDEX,05/09/2014,638.65,638.65,"-1,57 (-0,25%)",138632500,2437.45,23273491,657611280000,640.63,641.96,638.55
VNINDEX,04/09/2014,640.22,640.22,"-0,53 (-0,08%)",147679700,2476.7,15698741,517895410000,638.6,642.88,636.56
VNINDEX,03/09/2014,640.75,640.75,"+4,10 (+0,64%)",188155710,3060.48,16504060,515001900000,640.69,644.56,638.95
VNINDEX,31/10/2014,600.84,600.84,"+11,70 (+1,99%)",128902840,2233.58,3426365,83253500000,591.12,600.84,588.16
VNINDEX,30/10/2014,589.14,589.14,"-2,06 (-0,35%)",94528450,1567.84,1926380,29084650000,593.09,594.3,589.14
VNINDEX,29/10/2014,591.2,591.2,"+8,07 (+1,38%)",94659670,1634.72,5649672,134337880000,585.68,591.83,585.68
VNINDEX,28/10/2014,583.13,583.13,"+2,33 (+0,40%)",109692910,1706.05,6870565,226150590000,578.73,584.43,578.44
VNINDEX,27/10/2014,580.8,580.8,"-10,71 (-1,81%)",99712610,1607.64,4481292,146853210000,590.33,591.59,580.02
VNINDEX,24/10/2014,591.51,591.51,"-2,02 (-0,34%)",90743200,1495.63,2827738,84691370000,592.66,595.33,588.72
VNINDEX,23/10/2014,593.53,593.53,"-8,06 (-1,34%)",143961970,2436.24,7072368,285475100000,598.87,602.02,593.11
VNINDEX,22/10/2014,601.59,601.59,"+1,04 (+0,17%)",97192990,1786.18,4611146,89855790000,600.27,603.97,598.99
VNINDEX,21/10/2014,600.55,600.55,"+11,31 (+1,92%)",80475800,1592.41,6625970,182205850000,590.17,601.14,588.75
VNINDEX,20/10/2014,589.24,589.24,"+3,96 (+0,68%)",75388460,1396.34,7056282,135084240000,588.38,593.2,585.7
VNINDEX,17/10/2014,585.28,585.28,"-1,89 (-0,32%)",118004420,2255.35,12523407,269601070000,585.95,591.85,577.79
VNINDEX,16/10/2014,587.17,587.17,"-17,12 (-2,83%)",165668630,3059.51,3903163,109770890000,603.11,603.59,585.76
VNINDEX,15/10/2014,604.29,604.29,"-1,50 (-0,25%)",117820960,2143.27,6552920,145815410000,603.73,606.4,596.5
VNINDEX,14/10/2014,605.79,605.79,"-8,43 (-1,37%)",112901760,1983.05,2409110,86757680000,614.84,616.71,605.79
VNINDEX,13/10/2014,614.22,614.22,"+4,95 (+0,81%)",108441800,2012.73,11471846,242593880000,615.77,618.29,608.27
VNINDEX,10/10/2014,617.72,617.72,"-6,62 (-1,06%)",143028680,2451.5,7412423,188115720000,623.85,627.49,617.72
VNINDEX,09/10/2014,624.34,624.34,"+7,08 (+1,15%)",154923100,2712.02,8426006,302443120000,622.25,626.9,622.25
VNINDEX,08/10/2014,617.26,617.26,"+3,18 (+0,52%)",167590180,2937.58,7800620,190899360000,615.04,618.37,611.98
VNINDEX,07/10/2014,614.08,614.08,"-0,34 (-0,06%)",178871570,2849.74,15793980,261476370000,614.16,617.01,612.94
VNINDEX,06/10/2014,614.42,614.42,"+2,87 (+0,47%)",163261230,2734.75,5697240,136095000000,612.11,616.13,611.77
VNINDEX,03/10/2014,611.55,611.55,"-1,11 (-0,18%)",170475580,3015.56,19839142,538046540000,613.38,615.42,610.55
VNINDEX,02/10/2014,612.66,612.66,"+3,39 (+0,56%)",165970840,2918.29,14244081,337917410000,612.43,614.8,607.57
VNINDEX,01/10/2014,609.27,609.27,"+10,47 (+1,75%)",168682480,2772.21,14328853,320273140000,603.5,611.74,603.44
VNINDEX,28/11/2014,566.58,566.58,"-6,31 (-1,10%)",138169790,2220.77,7510147,156419770000,570.61,572.12,565.1
VNINDEX,27/11/2014,572.89,572.89,"-3,15 (-0,55%)",107299540,1736.02,10365418,158664390000,575.63,575.82,567.36
VNINDEX,26/11/2014,576.04,576.04,"-9,87 (-1,68%)",153001780,2661.62,9036568,366568590000,587.58,588.16,575.09
VNINDEX,25/11/2014,585.91,585.91,"+3,38 (+0,58%)",102742670,1691.23,11331717,378963330000,583.53,588.42,583.53
VNINDEX,24/11/2014,582.53,582.53,"-5,50 (-0,94%)",111511310,1807.73,4445880,213660400000,585.08,586.54,580.92
VNINDEX,21/11/2014,588.03,588.03,"-5,29 (-0,89%)",157836660,2621.77,2306560,40333130000,594.71,596.02,588.03
VNINDEX,20/11/2014,593.32,593.32,"+4,97 (+0,84%)",147023610,2267.98,5635200,184903320000,592.17,594.76,589.84
VNINDEX,19/11/2014,588.35,588.35,"-5,90 (-0,99%)",131657230,2252.23,30703367,636732700000,594.88,597.29,588.35
VNINDEX,18/11/2014,594.25,594.25,"-6,68 (-1,11%)",128868510,2244.94,15052955,480295160000,600.86,602.53,594.25
VNINDEX,17/11/2014,600.93,600.93,"+0,57 (+0,09%)",108861540,1869.81,5547231,112813920000,602.4,604.63,600.93
VNINDEX,14/11/2014,600.36,600.36,"-2,80 (-0,46%)",141302230,2429.35,3806028,165893030000,601.69,602.51,596.95
VNINDEX,13/11/2014,603.16,603.16,"-0,85 (-0,14%)",139365180,2223.86,18172466,266057000000,605.25,607.29,602.62
VNINDEX,12/11/2014,604.01,604.01,"-0,22 (-0,04%)",121877550,1906.66,4704040,147140300000,605.14,606.36,603.12
VNINDEX,11/11/2014,604.23,604.23,"+2,11 (+0,35%)",132043890,2247.18,4563187,251694740000,603.48,608.68,601.85
VNINDEX,10/11/2014,602.12,602.12,"-0,47 (-0,08%)",126939270,2343.26,11877499,543362720000,604.75,607.5,602.12
VNINDEX,07/11/2014,602.59,602.59,"+4,74 (+0,79%)",119568150,2007.58,6034762,175080330000,598.41,603.32,597.73
VNINDEX,06/11/2014,597.85,597.85,"+0,84 (+0,14%)",85175150,1464.42,8263399,145189180000,599.2,601.28,596.73
VNINDEX,05/11/2014,597.01,597.01,"-1,38 (-0,23%)",129003800,2178.06,17008040,218305070000,599.64,602.53,593.53
VNINDEX,04/11/2014,598.39,598.39,"-4,76 (-0,79%)",107482690,2040.39,8642039,179261610000,601.55,604.47,598.39
VNINDEX,03/11/2014,603.15,603.15,"+2,31 (+0,38%)",109836450,1913.43,14033661,452079260000,603.44,606.94,602.51
VNINDEX,31/12/2014,545.63,545.63,"+8,06 (+1,50%)",106297220,1591.86,16668823,326390510000,538.68,546.62,537.91
VNINDEX,30/12/2014,537.57,537.57,"+4,89 (+0,92%)",80298630,1158.22,6383229,161113750000,531.07,537.57,526.61
VNINDEX,29/12/2014,532.68,532.68,"-0,69 (-0,13%)",94978280,1310.02,9129539,471721120000,534.56,538.83,528.63
VNINDEX,26/12/2014,533.37,533.37,"+1,36 (+0,26%)",85103360,1289.99,20211006,499595980000,531.84,537.89,527.41
VNINDEX,25/12/2014,532.01,532.01,"-7,43 (-1,38%)",67648520,954.65,21641043,759913520000,536.21,537.47,531.52
VNINDEX,24/12/2014,539.44,539.44,"+1,56 (+0,29%)",57168000,967.22,13510530,493600340000,540.46,541.73,536.79
VNINDEX,23/12/2014,537.88,537.88,"+0,34 (+0,06%)",76021280,1206.69,34177359,2255426540000,535.61,543.22,532.78
VNINDEX,22/12/2014,537.54,537.54,"+14,45 (+2,76%)",70396910,1202.17,28415748,1097724140000,527.28,537.54,527.28
VNINDEX,19/12/2014,523.09,523.09,"-5,36 (-1,01%)",171218450,3358.26,9603020,314639530000,527.61,533.3,522.1
VNINDEX,18/12/2014,528.45,528.45,"+10,23 (+1,97%)",94737920,1570.94,18559012,452534780000,522.9,528.6,521.33
VNINDEX,17/12/2014,518.22,518.22,"-16,92 (-3,16%)",165055720,2733.32,6301270,290632830000,535.27,536.64,513.06
VNINDEX,16/12/2014,535.14,535.14,"-12,79 (-2,33%)",114699800,1928.05,13315288,570560010000,545.33,545.66,535.0
VNINDEX,15/12/2014,547.93,547.93,"-6,00 (-1,08%)",77841880,1302.6,6889063,217988080000,550.8,554.35,547.93
VNINDEX,12/12/2014,553.93,553.93,"+3,82 (+0,69%)",73938730,1259.96,3420076,82811520000,547.69,554.82,547.69
VNINDEX,11/12/2014,550.11,550.11,"-7,08 (-1,27%)",87052690,1517.37,8664939,157004800000,549.78,557.96,547.55
VNINDEX,10/12/2014,557.19,557.19,"+1,88 (+0,34%)",111615650,1921.92,7788969,375983760000,550.35,558.47,544.78
VNINDEX,09/12/2014,555.31,555.31,"-16,37 (-2,86%)",169970680,2888.15,21582230,306590690000,567.55,567.55,554.51
VNINDEX,08/12/2014,571.68,571.68,"-7,12 (-1,23%)",105840990,1886.62,7708193,389582190000,577.44,577.44,569.24
VNINDEX,05/12/2014,578.76,578.76,"+0,38 (+0,07%)",95316490,1618.74,11360050,294291620000,578.52,582.42,578.18
VNINDEX,04/12/2014,578.38,578.38,"+3,50 (+0,61%)",105904080,1725.47,2483100,79904850000,576.63,581.27,576.63
VNINDEX,03/12/2014,574.88,574.88,"+5,45 (+0,96%)",111414110,1875.46,7721944,212034750000,570.48,575.95,570.44
VNINDEX,02/12/2014,569.43,569.43,"+1,42 (+0,25%)",95251130,1598.17,6383059,222798470000,570.44,570.79,568.55
VNINDEX,01/12/2014,568.01,568.01,"+1,43 (+0,25%)",108033330,1881.56,15822712,306081550000,566.22,571.69,565.09
VNINDEX,30/01/2015,576.07,576.07,"-7,21 (-1,24%)",97717870,1685.24,4479830,168600030000,584.08,584.08,574.46
VNINDEX,29/01/2015,583.28,583.28,"-0,48 (-0,08%)",93424200,1558.6,16257859,159238340000,584.18,585.66,580.37
VNINDEX,28/01/2015,583.76,583.76,"+4,46 (+0,77%)",107448470,1814.46,6112970,116935290000,579.56,584.35,578.59
VNINDEX,27/01/2015,579.3,579.3,"-1,34 (-0,23%)",138720400,2441.85,18820491,363817300000,580.45,584.28,575.5
VNINDEX,26/01/2015,580.64,580.64,"-1,74 (-0,30%)",92614650,1413.91,47292349,1032576010000,584.89,586.76,580.64
VNINDEX,23/01/2015,582.38,582.38,"+7,84 (+1,36%)",116961120,1920.35,67161703,917511060000,578.22,583.57,577.57
VNINDEX,22/01/2015,574.54,574.54,"+5,42 (+0,95%)",77924420,1233.86,5904463,191540400000,569.74,576.48,567.82
VNINDEX,21/01/2015,569.12,569.12,"-3,10 (-0,54%)",75650990,1191.28,7389210,446755300000,573.54,574.41,569.12
VNINDEX,20/01/2015,572.22,572.22,"+0,71 (+0,12%)",72955320,1150.18,6507870,323916370000,570.78,574.96,570.14
VNINDEX,19/01/2015,571.51,571.51,"-3,30 (-0,57%)",85869950,1411.05,2512110,88436990000,576.5,579.06,570.1
VNINDEX,16/01/2015,574.81,574.81,"-2,93 (-0,51%)",103715770,1627.21,2961933,100846150000,576.88,578.51,574.08
VNINDEX,15/01/2015,577.74,577.74,"+0,73 (+0,13%)",111809300,1762.04,8286279,254674280000,578.31,581.24,575.36
VNINDEX,14/01/2015,577.01,577.01,"-3,59 (-0,62%)",105588770,1810.82,3349310,169164670000,579.77,582.21,571.67
VNINDEX,13/01/2015,580.6,580.6,"+6,28 (+1,09%)",93250940,1619.85,18413697,462671740000,573.26,580.65,573.26
VNINDEX,12/01/2015,574.32,574.32,"+4,60 (+0,81%)",123328210,1852.5,11600352,318410950000,575.86,579.73,574.07
VNINDEX,09/01/2015,569.73,569.73,"+16,26 (+2,94%)",104203680,1801.1,3270827,73041040000,555.53,570.52,555.53
VNINDEX,08/01/2015,553.47,553.47,"+1,42 (+0,26%)",73883040,1266.8,3984106,139390410000,553.49,556.8,552.15
VNINDEX,07/01/2015,552.05,552.05,"+2,39 (+0,43%)",109445780,1738.1,2259300,59927110000,548.44,555.83,548.44
VNINDEX,06/01/2015,549.66,549.66,"+5,21 (+0,96%)",94081890,1452.59,18234571,496511870000,539.08,550.11,538.82
VNINDEX,05/01/2015,544.45,544.45,"-1,18 (-0,22%)",91834620,1352.71,4115333,132132560000,545.43,549.22,543.78
VNINDEX,27/02/2015,592.57,592.57,"-4,15 (-0,70%)",76140470,1259.02,2169592,107907140000,598.0,598.4,590.58
VNINDEX,26/02/2015,596.72,596.72,"+4,06 (+0,69%)",84963550,1315.55,4971890,134234130000,593.95,597.07,591.78
VNINDEX,25/02/2015,592.66,592.66,"-4,29 (-0,72%)",96802090,1697.15,2435776,57166910000,596.9,601.55,592.66
VNINDEX,24/02/2015,596.95,596.95,"+9,71 (+1,65%)",61107780,1088.27,1785639,59007030000,590.18,596.95,589.74
VNINDEX,13/02/2015,587.24,587.24,"+2,57 (+0,44%)",72295080,1173.11,1542740,37664790000,586.26,589.02,585.6
VNINDEX,12/02/2015,584.67,584.67,"+2,91 (+0,50%)",79108960,1352.4,3880220,93144830000,582.52,584.99,581.86
VNINDEX,11/02/2015,581.76,581.76,"+7,24 (+1,26%)",70560970,1150.07,6939526,151195640000,574.88,581.76,574.88
VNINDEX,10/02/2015,574.52,574.52,"+0,97 (+0,17%)",61234350,992.33,12596442,332685590000,575.74,578.42,574.24
VNINDEX,09/02/2015,573.55,573.55,"-0,58 (-0,10%)",62712850,1080.28,8603970,152579480000,574.06,577.04,572.79
VNINDEX,06/02/2015,574.13,574.13,"+6,96 (+1,23%)",58140870,925.33,6134048,157373090000,569.03,574.36,569.03
VNINDEX,05/02/2015,567.17,567.17,"+5,72 (+1,02%)",69467520,1077.74,9275024,179914660000,562.17,568.22,562.05
VNINDEX,04/02/2015,561.45,561.45,"+3,98 (+0,71%)",90940000,1396.91,9229716,165396220000,556.93,561.69,553.21
VNINDEX,03/02/2015,557.47,557.47,"-12,90 (-2,26%)",93996200,1484.17,2964811,66136630000,572.56,574.83,557.47
VNINDEX,02/02/2015,570.37,570.37,"-5,70 (-0,99%)",66840420,1061.04,18231382,424820490000,576.07,579.73,570.37
VNINDEX,31/03/2015,551.13,551.13,"+5,94 (+1,09%)",80466510,1230.85,3149317,87583570000,544.87,552.72,544.87
VNINDEX,30/03/2015,545.19,545.19,"-6,23 (-1,13%)",85631540,1311.46,22995057,871853240000,551.75,554.26,545.07
VNINDEX,27/03/2015,551.42,551.42,"-4,74 (-0,85%)",83668500,1388.34,7962002,204107490000,558.93,561.13,549.65
VNINDEX,26/03/2015,556.16,556.16,"-4,77 (-0,85%)",78108910,1405.46,5716100,256509770000,556.12,559.68,553.19
VNINDEX,25/03/2015,560.93,560.93,"-6,50 (-1,15%)",83089270,1530.7,4517070,224013810000,567.62,568.4,559.87
VNINDEX,24/03/2015,567.43,567.43,"-3,46 (-0,61%)",85257700,1428.29,6663973,262636600000,569.33,569.91,562.07
VNINDEX,23/03/2015,570.89,570.89,"-4,55 (-0,79%)",92533430,1504.58,7014742,334966900000,576.64,579.39,570.44
VNINDEX,20/03/2015,575.44,575.44,"+1,70 (+0,30%)",145321980,2921.02,6214980,230808480000,572.57,577.56,571.92
VNINDEX,19/03/2015,573.74,573.74,"-4,94 (-0,85%)",81752950,1341.13,2774020,122689740000,579.39,580.32,573.52
VNINDEX,18/03/2015,578.68,578.68,"-3,08 (-0,53%)",86795050,1427.48,21245830,356293960000,580.81,581.53,577.26
VNINDEX,17/03/2015,581.76,581.76,"+0,96 (+0,17%)",88737460,1431.85,16317510,267635920000,580.6,583.59,580.6
VNINDEX,16/03/2015,580.8,580.8,"-5,30 (-0,90%)",98790020,1771.36,1748760,45152530000,583.26,586.19,580.55
VNINDEX,13/03/2015,586.1,586.1,"-2,43 (-0,41%)",88834970,1356.81,8446770,240175240000,589.04,591.75,586.1
VNINDEX,12/03/2015,588.53,588.53,"+1,99 (+0,34%)",79994860,1305.16,2744832,109278420000,585.89,589.67,585.48
VNINDEX,11/03/2015,586.54,586.54,"-3,12 (-0,53%)",79076070,1334.17,7240422,231593860000,589.04,590.56,586.49
VNINDEX,10/03/2015,589.66,589.66,"+1,22 (+0,21%)",93334410,1453.94,11839465,321543600000,586.38,591.17,586.38
VNINDEX,09/03/2015,588.44,588.44,"-5,53 (-0,93%)",90927440,1475.06,7904040,391108720000,594.08,596.32,587.27
VNINDEX,06/03/2015,593.97,593.97,"-2,94 (-0,49%)",96217780,1652.45,5458453,198643020000,596.42,598.33,592.71
VNINDEX,05/03/2015,596.91,596.91,"-3,48 (-0,58%)",121956230,2033.14,12401272,429579270000,601.08,602.4,596.75
VNINDEX,04/03/2015,600.39,600.39,"+3,67 (+0,62%)",115432610,1902.66,5089850,144587330000,598.49,600.69,595.34
VNINDEX,03/03/2015,596.72,596.72,"+5,99 (+1,01%)",108805820,1815.08,4020870,129283150000,590.42,597.45,590.42
VNINDEX,02/03/2015,590.73,590.73,"-1,84 (-0,31%)",76507740,1227.1,10148208,234923110000,591.75,593.72,588.59
VNINDEX,27/04/2015,562.4,562.4,"-3,37 (-0,60%)",53676760,834.57,8205820,282698960000,567.77,568.47,562.4
VNINDEX,24/04/2015,565.77,565.77,"+4,52 (+0,81%)",54121630,967.91,7559315,352685100000,563.17,567.36,561.56
VNINDEX,23/04/2015,561.25,561.25,"-1,26 (-0,22%)",71098650,1188.32,5238055,142446520000,562.85,564.45,557.57
VNINDEX,22/04/2015,562.51,562.51,"+0,27 (+0,05%)",89314350,1465.17,2293770,63269820000,562.58,565.04,561.53
VNINDEX,21/04/2015,562.24,562.24,"-2,80 (-0,50%)",81797060,1288.92,16795446,365073550000,563.78,567.52,562.24
VNINDEX,20/04/2015,565.04,565.04,"-3,28 (-0,58%)",65083490,1113.95,33870669,487728080000,568.52,568.83,562.66
VNINDEX,17/04/2015,568.32,568.32,"+0,04 (+0,01%)",104793290,1870.29,2515180,189906750000,568.28,572.76,568.28
VNINDEX,16/04/2015,568.28,568.28,"+3,78 (+0,67%)",96584510,1719.26,3933820,107241020000,564.5,570.68,564.5
VNINDEX,15/04/2015,564.5,564.5,"+5,83 (+1,04%)",74772590,1306.43,7537957,418604430000,558.94,565.39,558.94
VNINDEX,14/04/2015,558.67,558.67,"-0,87 (-0,16%)",64342770,1119.97,5196427,204267250000,559.81,562.95,558.49
VNINDEX,13/04/2015,559.54,559.54,"+5,51 (+0,99%)",68397200,1145.5,3744641,217948900000,556.35,559.68,555.97
VNINDEX,10/04/2015,554.03,554.03,"+3,51 (+0,64%)",94475400,1523.56,9725665,470975920000,550.96,557.65,550.96
VNINDEX,09/04/2015,550.52,550.52,"+2,80 (+0,51%)",83461270,1268.73,11003079,691717720000,547.26,552.53,546.76
VNINDEX,08/04/2015,547.72,547.72,"-0,39 (-0,07%)",70218920,1162.67,9930389,178325360000,549.69,551.23,546.29
VNINDEX,07/04/2015,548.11,548.11,"+5,14 (+0,95%)",89727690,1392.35,7051718,220502460000,542.71,548.37,540.79
VNINDEX,06/04/2015,542.97,542.97,"-4,88 (-0,89%)",54696270,857.59,17155702,706380460000,548.11,549.28,542.97
VNINDEX,03/04/2015,547.85,547.85,"+1,00 (+0,18%)",69546330,1027.91,1167220,19322020000,548.69,550.3,544.22
VNINDEX,02/04/2015,546.85,546.85,"+7,94 (+1,47%)",85076890,1181.95,4678610,212969690000,540.54,546.85,536.87
VNINDEX,01/04/2015,538.91,538.91,"-12,22 (-2,22%)",109335350,1607.54,19797616,374658480000,550.8,551.69,537.3
VNINDEX,29/05/2015,569.56,569.56,"-3,41 (-0,60%)",129559300,1748.31,6421881,174758950000,572.73,577.03,568.7
VNINDEX,28/05/2015,572.97,572.97,"+6,49 (+1,15%)",145617460,2076.98,6180816,238517440000,566.13,576.92,564.73
VNINDEX,27/05/2015,566.48,566.48,"-0,72 (-0,13%)",111368810,1598.1,3670660,158187780000,564.64,569.63,563.28
VNINDEX,26/05/2015,567.2,567.2,"+4,20 (+0,75%)",133053010,1920.84,10104221,203645540000,563.31,570.29,562.58
VNINDEX,25/05/2015,563.0,563.0,"+1,18 (+0,21%)",106078240,1496.58,2124105,58109400000,560.8,563.84,558.5
VNINDEX,22/05/2015,561.82,561.82,"+9,26 (+1,68%)",112920050,1665.26,6683520,239554360000,553.41,561.82,550.81
VNINDEX,21/05/2015,552.56,552.56,"+2,46 (+0,45%)",103114440,1503.81,9076636,484746260000,550.99,554.0,547.95
VNINDEX,20/05/2015,550.1,550.1,"+13,28 (+2,47%)",123636990,1645.9,4820960,144571260000,536.35,550.33,536.07
VNINDEX,19/05/2015,536.82,536.82,"+7,87 (+1,49%)",83713920,1095.34,10080318,244548030000,530.0,537.19,530.0
VNINDEX,18/05/2015,528.95,528.95,"-8,49 (-1,58%)",101571460,1358.13,3798810,194444880000,535.82,536.71,528.9
VNINDEX,15/05/2015,537.44,537.44,"-6,25 (-1,15%)",72939360,1005.38,2005808,67307160000,543.61,545.48,537.44
VNINDEX,14/05/2015,543.69,543.69,"+0,87 (+0,16%)",64983330,906.33,3012398,82950530000,542.53,545.0,540.72
VNINDEX,13/05/2015,542.82,542.82,"-1,59 (-0,29%)",76185760,1059.56,3243020,100966470000,545.5,546.99,538.76
VNINDEX,12/05/2015,544.41,544.41,"-7,26 (-1,32%)",72362280,1067.83,7278902,320816150000,551.98,552.56,542.7
VNINDEX,11/05/2015,551.67,551.67,"-2,84 (-0,51%)",88473680,1081.93,19868401,521601200000,554.5,556.2,550.57
VNINDEX,08/05/2015,554.51,554.51,"+1,53 (+0,28%)",70875790,970.97,2072440,38198840000,551.57,556.39,550.93
VNINDEX,07/05/2015,552.98,552.98,"+3,68 (+0,67%)",65236660,931.58,4871000,125917880000,548.51,554.22,547.53
VNINDEX,06/05/2015,549.3,549.3,"-3,35 (-0,61%)",80300720,1216.27,8993198,232160070000,553.3,555.51,548.17
VNINDEX,05/05/2015,552.65,552.65,"+7,57 (+1,39%)",100089470,1394.0,16882648,435201050000,544.8,552.65,539.04
VNINDEX,04/05/2015,545.08,545.08,"-17,32 (-3,08%)",111153790,1743.03,1379248,31377630000,560.62,563.36,545.08
VNINDEX,30/06/2015,593.05,593.05,"+1,30 (+0,22%)",136064740,2241.05,20077994,393861580000,588.77,598.98,588.77
VNINDEX,29/06/2015,591.75,591.75,"+10,00 (+1,72%)",104599850,1733.09,17137045,456308910000,580.16,591.75,579.61
VNINDEX,26/06/2015,581.75,581.75,"-6,24 (-1,06%)",138270500,2494.5,14195775,652384910000,586.04,592.59,581.75
VNINDEX,25/06/2015,587.99,587.99,"-2,03 (-0,34%)",106046100,1534.1,8554720,154717940000,589.29,590.37,585.34
VNINDEX,24/06/2015,590.02,590.02,"-3,05 (-0,51%)",112994500,1611.66,15942336,486165630000,592.19,594.01,589.02
VNINDEX,23/06/2015,593.07,593.07,"-1,01 (-0,17%)",99831620,1491.14,30924618,805503810000,592.44,595.11,590.76
VNINDEX,22/06/2015,594.08,594.08,"+9,38 (+1,60%)",145223130,1946.34,9533674,235779900000,588.33,594.08,588.01
VNINDEX,19/06/2015,584.7,584.7,"+4,35 (+0,75%)",184477640,3044.46,16775660,456145660000,584.08,588.48,582.47
VNINDEX,18/06/2015,580.35,580.35,"+1,48 (+0,26%)",90021550,1350.7,8160750,209114310000,578.73,583.02,578.47
VNINDEX,17/06/2015,578.87,578.87,"-1,48 (-0,26%)",118202310,1605.45,13216547,393354010000,578.53,584.04,575.88
VNINDEX,16/06/2015,580.35,580.35,"-6,13 (-1,05%)",152124380,2240.76,10497062,328965330000,587.76,589.33,580.35
VNINDEX,15/06/2015,586.48,586.48,"+3,75 (+0,64%)",146447610,2026.64,8471020,252531330000,583.51,586.67,581.35
VNINDEX,12/06/2015,582.73,582.73,"+1,68 (+0,29%)",154356240,2374.5,8690250,298882610000,582.54,585.01,578.8
VNINDEX,11/06/2015,581.05,581.05,"+6,95 (+1,21%)",158674570,2522.2,8021274,173505320000,577.32,582.68,575.25
VNINDEX,10/06/2015,574.1,574.1,"-0,37 (-0,06%)",123193810,1954.3,10336915,183522610000,576.06,576.62,569.59
VNINDEX,09/06/2015,574.47,574.47,"-5,36 (-0,92%)",146632640,2298.7,15381766,260201550000,578.68,582.13,573.73
VNINDEX,08/06/2015,579.83,579.83,"+1,76 (+0,30%)",181609700,2653.8,11558439,280523570000,580.74,585.51,580.74
VNINDEX,05/06/2015,578.07,578.07,"+9,08 (+1,60%)",141129610,2182.38,6543550,135590670000,568.63,579.01,568.37
VNINDEX,04/06/2015,568.99,568.99,"+1,09 (+0,19%)",102465870,1583.75,11384578,366958240000,568.01,573.5,567.89
VNINDEX,03/06/2015,567.9,567.9,"-2,41 (-0,42%)",120677080,1975.32,4788900,94119050000,570.55,573.91,567.81
VNINDEX,02/06/2015,570.31,570.31,"-4,67 (-0,81%)",120805280,1808.86,3081836,102536890000,575.7,581.24,570.31
VNINDEX,01/06/2015,574.98,574.98,"+5,42 (+0,95%)",112680510,1608.17,5821073,154707010000,571.15,579.58,570.14
VNINDEX,31/07/2015,621.06,621.06,"-5,51 (-0,88%)",101422300,1863.33,11179014,229269700000,628.31,629.97,621.06
VNINDEX,30/07/2015,626.57,626.57,"+1,87 (+0,30%)",96753150,1746.39,5827281,112814690000,625.46,627.11,622.43
VNINDEX,29/07/2015,624.7,624.7,"-6,77 (-1,07%)",111883170,2077.91,2272350,82168480000,632.0,634.64,624.7
VNINDEX,28/07/2015,631.47,631.47,"-3,99 (-0,63%)",149155540,3092.01,5856845,121204130000,636.58,639.54,631.47
VNINDEX,27/07/2015,635.46,635.46,"+4,20 (+0,67%)",116704360,2408.94,7274372,140903060000,629.68,636.84,629.42
VNINDEX,24/07/2015,631.26,631.26,"-0,75 (-0,12%)",109015570,2000.5,2631115,154338810000,633.27,634.61,627.99
VNINDEX,23/07/2015,632.01,632.01,"+2,16 (+0,34%)",117644960,2245.76,3286856,73294900000,632.07,637.91,631.43
VNINDEX,22/07/2015,629.85,629.85,"+13,24 (+2,15%)",109080570,2043.9,11728966,220606760000,614.56,629.94,613.58
VNINDEX,21/07/2015,616.61,616.61,"-3,93 (-0,63%)",95668300,1698.21,5046890,83363070000,619.9,624.47,613.83
VNINDEX,20/07/2015,620.54,620.54,"-8,09 (-1,29%)",105000850,1730.43,15576640,368497120000,624.84,624.84,616.11
VNINDEX,17/07/2015,628.63,628.63,"+1,73 (+0,28%)",97179130,1623.11,9697682,187024130000,628.45,631.67,626.21
VNINDEX,16/07/2015,626.9,626.9,"-3,99 (-0,63%)",113628750,2089.8,19107079,348000770000,627.32,632.21,622.57
VNINDEX,15/07/2015,630.89,630.89,"-7,80 (-1,22%)",135994360,2485.97,5795101,276977760000,640.43,641.06,630.89
VNINDEX,14/07/2015,638.69,638.69,"+4,63 (+0,73%)",148321440,2724.3,6704436,131870070000,635.55,640.43,628.43
VNINDEX,13/07/2015,634.06,634.06,"+6,78 (+1,08%)",129559110,2207.65,10925920,352242830000,631.56,637.07,627.69
VNINDEX,10/07/2015,627.28,627.28,"+5,18 (+0,83%)",149796670,2423.88,67072801,1051456780000,627.56,630.79,624.7
VNINDEX,09/07/2015,622.1,622.1,"-1,07 (-0,17%)",128611000,2320.73,19581176,518353650000,616.2,626.38,613.34
VNINDEX,08/07/2015,623.17,623.17,"-7,10 (-1,13%)",180512890,3160.44,10813911,306533760000,630.4,634.13,617.29
VNINDEX,07/07/2015,630.27,630.27,"+5,05 (+0,81%)",167953860,2936.62,7418966,170337580000,623.89,633.73,620.59
VNINDEX,06/07/2015,625.22,625.22,"+8,79 (+1,43%)",161305630,2727.72,18440523,380978780000,618.75,625.34,618.65
VNINDEX,03/07/2015,616.43,616.43,"+10,73 (+1,77%)",154568920,2467.93,9976714,201155230000,608.82,617.96,608.82
VNINDEX,02/07/2015,605.7,605.7,"+14,20 (+2,40%)",117495710,1886.89,19177546,362035360000,591.5,605.7,590.52
VNINDEX,01/07/2015,591.5,591.5,"-1,55 (-0,26%)",114932070,1742.36,18383121,466326450000,594.52,594.52,587.33
VNINDEX,31/08/2015,564.75,564.75,"-6,12 (-1,07%)",103156060,1616.16,24809627,629339880000,573.1,573.1,563.99
VNINDEX,28/08/2015,570.87,570.87,"+15,06 (+2,71%)",151294750,2557.59,14432620,269363530000,561.36,570.87,555.81
VNINDEX,27/08/2015,555.81,555.81,"+9,92 (+1,82%)",115022570,1824.77,12710470,240595630000,551.89,558.93,545.89
VNINDEX,26/08/2015,545.89,545.89,"+15,91 (+3,00%)",120486820,1914.59,3655440,142856120000,530.05,545.89,529.98
VNINDEX,25/08/2015,529.98,529.98,"+3,05 (+0,58%)",167518810,2494.78,10173484,301242440000,511.13,535.48,511.13
VNINDEX,24/08/2015,526.93,526.93,"-29,37 (-5,28%)",166417080,2898.22,8142839,206794790000,550.48,556.3,523.55
VNINDEX,21/08/2015,556.3,556.3,"-10,39 (-1,83%)",181154060,2709.29,4736080,187239070000,559.34,566.69,542.31
VNINDEX,20/08/2015,566.69,566.69,"-11,13 (-1,93%)",106922940,1891.95,6195205,145145780000,577.82,577.82,565.09
VNINDEX,19/08/2015,577.82,577.82,"-2,40 (-0,41%)",98952270,1737.28,7377320,156783470000,576.44,580.99,569.21
VNINDEX,18/08/2015,580.22,580.22,"+7,07 (+1,23%)",86433690,1555.91,7433011,206180700000,571.31,580.22,571.22
VNINDEX,17/08/2015,573.15,573.15,"-15,88 (-2,70%)",104003690,1811.8,4216380,107790390000,588.67,591.2,571.26
VNINDEX,14/08/2015,589.03,589.03,"-5,23 (-0,88%)",85702280,1552.22,4966270,158543670000,592.8,598.55,585.97
VNINDEX,13/08/2015,594.26,594.26,"-9,98 (-1,65%)",119331520,2045.67,7135447,205551370000,603.31,604.24,590.44
VNINDEX,12/08/2015,604.24,604.24,"-8,81 (-1,44%)",108828230,2044.23,3340240,86248310000,609.33,611.46,602.01
VNINDEX,11/08/2015,613.05,613.05,"-1,48 (-0,24%)",102419460,2012.29,17284956,560914870000,615.17,619.69,611.17
VNINDEX,10/08/2015,614.53,614.53,"+10,77 (+1,78%)",84997900,1712.77,5735890,146137720000,603.82,614.53,603.82
VNINDEX,07/08/2015,603.76,603.76,"+2,72 (+0,45%)",75215360,1376.21,12548445,209687360000,601.57,604.04,597.75
VNINDEX,06/08/2015,601.04,601.04,"-6,04 (-0,99%)",108566000,1819.46,1872300,73908280000,607.84,609.31,600.85
VNINDEX,05/08/2015,607.08,607.08,"+6,32 (+1,05%)",92678090,1494.31,15890266,401161090000,600.68,608.21,600.68
VNINDEX,04/08/2015,600.76,600.76,"-8,71 (-1,43%)",78122270,1488.96,5457570,153627150000,607.95,609.91,600.76
VNINDEX,03/08/2015,609.47,609.47,"-11,59 (-1,87%)",120074910,2384.48,9727650,322789310000,617.12,617.12,605.63
VNINDEX,30/09/2015,562.64,562.64,"+1,45 (+0,26%)",65873320,1082.48,17948369,333518690000,562.5,565.65,561.19
VNINDEX,29/09/2015,561.19,561.19,"-3,69 (-0,65%)",81325500,1283.98,11814490,205523270000,559.83,564.88,557.65
VNINDEX,28/09/2015,564.88,564.88,"-5,50 (-0,96%)",75292380,1241.62,10751621,234518090000,571.29,572.15,564.88
VNINDEX,25/09/2015,570.38,570.38,"+0,13 (+0,02%)",64206160,1113.49,14883665,765442330000,570.41,572.09,567.71
VNINDEX,24/09/2015,570.25,570.25,"-2,47 (-0,43%)",97457070,1406.46,9576164,201116620000,573.5,575.36,570.12
VNINDEX,23/09/2015,572.72,572.72,"-0,48 (-0,08%)",83854560,1355.46,23976218,520709360000,570.64,573.85,569.51
VNINDEX,22/09/2015,573.2,573.2,"+1,08 (+0,19%)",93447420,1418.21,27802244,418550660000,573.09,575.17,570.26
VNINDEX,21/09/2015,572.12,572.12,"+5,87 (+1,04%)",85909480,1392.2,23502841,317674570000,566.74,572.26,565.16
VNINDEX,18/09/2015,566.25,566.25,"+3,77 (+0,67%)",146392000,2842.06,7021503,148294740000,564.69,569.5,562.48
VNINDEX,17/09/2015,562.48,562.48,"-1,65 (-0,29%)",69310470,1122.36,19063044,302557990000,563.93,565.85,562.48
VNINDEX,16/09/2015,564.13,564.13,"+0,86 (+0,15%)",62116570,941.33,12540737,282209590000,561.86,564.82,561.69
VNINDEX,15/09/2015,563.27,563.27,"+1,10 (+0,20%)",75629990,1260.37,9608130,340544870000,562.17,565.05,561.1
VNINDEX,14/09/2015,562.17,562.17,"-4,57 (-0,81%)",73159920,1207.3,11715791,196495810000,569.21,572.25,561.46
VNINDEX,11/09/2015,566.74,566.74,"-5,33 (-0,93%)",83304010,1201.98,11682900,220370000000,572.14,573.99,566.18
VNINDEX,10/09/2015,572.07,572.07,"-0,27 (-0,05%)",68366470,1108.02,1961388,60366820000,567.51,576.13,567.09
VNINDEX,09/09/2015,572.34,572.34,"+5,62 (+0,99%)",83370390,1356.92,6229000,176262800000,574.06,574.73,566.72
VNINDEX,08/09/2015,566.72,566.72,"+11,79 (+2,12%)",93964710,1517.24,13335221,224781510000,554.48,566.72,554.34
VNINDEX,07/09/2015,554.93,554.93,"-1,88 (-0,34%)",62231590,999.1,12792860,698171440000,557.07,560.09,554.44
VNINDEX,04/09/2015,556.81,556.81,"+2,51 (+0,45%)",65396630,1036.44,1588051,30179990000,554.85,558.9,554.77
VNINDEX,03/09/2015,554.3,554.3,"-8,01 (-1,42%)",88639140,1461.46,4832050,174934620000,559.32,562.31,551.47
VNINDEX,01/09/2015,562.31,562.31,"-2,44 (-0,43%)",85154580,1326.76,13511510,237203510000,565.75,569.18,561.28
VNINDEX,30/10/2015,607.37,607.37,"+2,17 (+0,36%)",82752600,1541.41,8476143,498270860000,605.49,608.01,603.93
VNINDEX,29/10/2015,605.2,605.2,"+8,96 (+1,50%)",99041850,2022.31,3922739,56300230000,599.32,605.2,596.24
VNINDEX,28/10/2015,596.24,596.24,"-2,20 (-0,37%)",104906030,1845.12,14812600,463320420000,599.09,601.09,596.24
VNINDEX,27/10/2015,598.44,598.44,"-0,17 (-0,03%)",88083740,1517.58,18174348,427621860000,597.8,600.51,595.62
VNINDEX,26/10/2015,598.61,598.61,"-3,13 (-0,52%)",92720180,1832.56,10039289,151217340000,604.41,606.79,598.61
VNINDEX,23/10/2015,601.74,601.74,"+6,66 (+1,12%)",96230820,1746.09,8178686,199280110000,598.55,602.55,595.08
VNINDEX,22/10/2015,595.08,595.08,"+4,84 (+0,82%)",88520580,1373.48,6360499,185585810000,590.24,595.81,589.74
VNINDEX,21/10/2015,590.24,590.24,"-0,21 (-0,04%)",91811440,1626.92,8503173,170769230000,590.43,594.5,589.84
VNINDEX,20/10/2015,590.45,590.45,"-4,16 (-0,70%)",118292310,2059.55,8920640,206448440000,594.97,596.37,588.26
VNINDEX,19/10/2015,594.61,594.61,"+1,59 (+0,27%)",98680460,1720.66,9008827,146760290000,593.87,598.11,591.6
VNINDEX,16/10/2015,593.02,593.02,"+0,62 (+0,10%)",126451760,2090.79,5842710,229884310000,592.4,599.74,592.4
VNINDEX,15/10/2015,592.4,592.4,"+2,42 (+0,41%)",104752740,1673.02,10592747,252417960000,591.36,594.17,588.98
VNINDEX,14/10/2015,589.98,589.98,"-0,86 (-0,15%)",102671940,1965.12,10804872,257745580000,592.45,593.73,589.62
VNINDEX,13/10/2015,590.84,590.84,"-1,26 (-0,21%)",101884610,1659.0,13409178,249009800000,589.09,592.1,588.54
VNINDEX,12/10/2015,592.1,592.1,"+4,08 (+0,69%)",114261810,1965.47,37849175,1114070120000,587.72,594.74,587.25
VNINDEX,09/10/2015,588.02,588.02,"+1,24 (+0,21%)",147844670,2325.78,14843083,437676790000,590.91,593.02,586.78
VNINDEX,08/10/2015,586.78,586.78,"+7,21 (+1,24%)",143545640,2308.33,50510432,863732930000,580.04,588.35,579.57
VNINDEX,07/10/2015,579.57,579.57,"-1,72 (-0,30%)",132503590,2310.27,13729467,310114380000,583.97,587.3,579.57
VNINDEX,06/10/2015,581.29,581.29,"+11,29 (+1,98%)",151905450,2622.27,27334543,402456740000,577.45,581.38,570.0
VNINDEX,05/10/2015,570.0,570.0,"+7,69 (+1,37%)",90475450,1552.01,8188598,204151010000,564.58,570.0,563.95
VNINDEX,02/10/2015,562.31,562.31,"-1,23 (-0,22%)",68185740,1151.49,13609409,261146910000,563.33,565.01,561.73
VNINDEX,01/10/2015,563.54,563.54,"+0,94 (+0,17%)",59579580,977.79,23007728,365670730000,563.39,565.63,562.64
VNINDEX,30/11/2015,573.2,573.2,"-9,66 (-1,66%)",112002660,1735.23,20934740,372926260000,581.39,582.86,571.12
VNINDEX,27/11/2015,582.86,582.86,"-7,54 (-1,28%)",133885000,1943.13,8351204,238444720000,589.09,591.84,582.86
VNINDEX,26/11/2015,590.4,590.4,"-5,30 (-0,89%)",143903290,1862.13,13853446,329346700000,593.12,595.7,590.39
VNINDEX,25/11/2015,595.7,595.7,"+1,87 (+0,31%)",141109040,2229.86,2753147,69118520000,593.24,596.92,588.1
VNINDEX,24/11/2015,593.83,593.83,"-6,16 (-1,03%)",150944920,2445.85,18752211,378529600000,599.81,599.99,590.41
VNINDEX,23/11/2015,599.99,599.99,"-4,47 (-0,74%)",147238690,2170.21,5953880,95529810000,605.89,607.69,599.99
VNINDEX,20/11/2015,604.46,604.46,"+2,56 (+0,43%)",130398970,1985.85,10315963,187261880000,602.11,606.58,601.9
VNINDEX,19/11/2015,601.9,601.9,"-1,44 (-0,24%)",111444220,1767.75,11221853,253728150000,604.38,605.56,600.84
VNINDEX,18/11/2015,603.34,603.34,"-1,71 (-0,28%)",110694890,1875.02,12435767,575485260000,603.32,606.62,602.13
VNINDEX,17/11/2015,605.05,605.05,"-4,16 (-0,68%)",162846800,2633.09,8528798,159678710000,609.46,611.18,605.05
VNINDEX,16/11/2015,609.21,609.21,"-2,06 (-0,34%)",122539980,2066.3,15231841,667152290000,609.77,611.92,605.39
VNINDEX,13/11/2015,611.27,611.27,"+5,69 (+0,94%)",145889290,2267.46,13159606,503732530000,604.41,611.27,603.72
VNINDEX,12/11/2015,605.58,605.58,"+2,05 (+0,34%)",137337740,2209.25,7022836,394364710000,602.02,605.58,595.86
VNINDEX,11/11/2015,603.53,603.53,"-1,74 (-0,29%)",90407380,1469.25,4946297,432941560000,604.13,609.24,603.34
VNINDEX,10/11/2015,605.27,605.27,"-5,39 (-0,88%)",108522700,1600.98,11305627,351581600000,609.3,610.66,605.08
VNINDEX,09/11/2015,610.66,610.66,"-1,70 (-0,28%)",112006930,1816.68,10651626,353910580000,612.29,613.79,610.35
VNINDEX,06/11/2015,612.36,612.36,"-2,82 (-0,46%)",103653710,1933.91,6263139,453239800000,615.54,617.79,608.89
VNINDEX,05/11/2015,615.18,615.18,"+4,58 (+0,75%)",90953470,1563.51,8794341,219069370000,609.49,616.46,608.53
VNINDEX,04/11/2015,610.6,610.6,"-1,11 (-0,18%)",97491500,1762.38,15077365,1052852270000,614.29,617.93,610.6
VNINDEX,03/11/2015,611.71,611.71,"+8,95 (+1,48%)",103782570,2041.23,12718522,464145740000,605.32,611.71,600.46
VNINDEX,02/11/2015,602.76,602.76,"-4,61 (-0,76%)",112292820,1807.55,11511422,231269820000,607.93,610.17,601.99
VNINDEX,31/12/2015,579.03,579.03,"-0,42 (-0,07%)",102999330,1536.05,31368533,691482830000,579.12,580.82,575.73
VNINDEX,30/12/2015,579.45,579.45,"+3,16 (+0,55%)",83672230,1341.56,6377138,144342810000,576.5,579.45,575.71
VNINDEX,29/12/2015,576.29,576.29,"+6,39 (+1,12%)",94079180,1404.36,20543595,518120970000,569.4,576.29,566.49
VNINDEX,28/12/2015,569.9,569.9,"+2,23 (+0,39%)",100998130,1586.86,33306098,507796770000,570.57,572.92,567.67
VNINDEX,25/12/2015,567.67,567.67,"+1,50 (+0,26%)",79503910,1164.77,29664446,432113430000,566.6,570.49,566.17
VNINDEX,24/12/2015,566.17,566.17,"+1,90 (+0,34%)",64643240,1056.66,7261632,217469090000,566.65,567.8,564.27
VNINDEX,23/12/2015,564.27,564.27,"-2,08 (-0,37%)",73480350,1197.26,16746883,285461740000,564.93,568.16,562.3
VNINDEX,22/12/2015,566.35,566.35,"-0,55 (-0,10%)",74383900,1199.93,10127393,227620160000,567.88,570.86,565.48
VNINDEX,21/12/2015,566.9,566.9,"-1,28 (-0,23%)",97315670,1509.55,28359792,595578330000,570.45,571.28,565.35
VNINDEX,18/12/2015,568.18,568.18,"-8,93 (-1,55%)",179001190,3357.39,32300785,621653490000,574.66,578.0,568.18
VNINDEX,17/12/2015,577.11,577.11,"+4,56 (+0,80%)",80826770,1427.48,9953955,219839850000,572.55,579.18,572.55
VNINDEX,16/12/2015,572.55,572.55,"+4,55 (+0,80%)",96949850,1606.42,17505972,912668490000,570.36,575.54,568.0
VNINDEX,15/12/2015,568.0,568.0,"+5,78 (+1,03%)",99030490,1478.38,20776859,469800120000,563.3,568.74,562.22
VNINDEX,14/12/2015,562.22,562.22,"-1,21 (-0,21%)",92279450,1363.04,24020441,666519190000,564.14,566.28,560.99
VNINDEX,11/12/2015,563.43,563.43,"+2,39 (+0,43%)",79068530,1210.41,20377865,311711410000,560.99,567.13,559.73
VNINDEX,10/12/2015,561.04,561.04,"-4,16 (-0,74%)",94011540,1320.77,19087058,616508050000,564.86,567.62,561.04
VNINDEX,09/12/2015,565.2,565.2,"-8,95 (-1,56%)",88440210,1440.95,18994880,409373520000,575.08,576.63,565.2
VNINDEX,08/12/2015,574.15,574.15,"+10,53 (+1,87%)",97111470,1601.03,15840550,328980910000,561.0,574.15,556.92
VNINDEX,07/12/2015,563.62,563.62,"-8,00 (-1,40%)",70843060,1240.85,7474799,147694840000,571.62,571.62,563.41
VNINDEX,04/12/2015,571.62,571.62,"-2,76 (-0,48%)",83491230,1241.49,3838980,78162060000,574.0,574.69,567.95
VNINDEX,03/12/2015,574.38,574.38,"-0,04 (-0,01%)",72157320,1179.15,56137698,1331845650000,574.04,576.84,573.2
VNINDEX,02/12/2015,574.42,574.42,"+4,01 (+0,70%)",95044360,1447.92,9095361,164218550000,571.01,577.03,570.41
VNINDEX,01/12/2015,570.41,570.41,"-2,98 (-0,52%)",105037670,1595.18,10980176,298320450000,573.39,577.58,570.41
VNINDEX,29/01/2016,545.25,545.25,"+5,78 (+1,07%)",98772890,1439.07,24088518,536254900000,539.96,545.71,537.51
VNINDEX,28/01/2016,539.47,539.47,"-3,22 (-0,59%)",107972910,1506.92,5234844,316358940000,542.01,544.73,538.59
VNINDEX,27/01/2016,542.69,542.69,"+4,96 (+0,92%)",113837250,1543.21,11130954,218932380000,541.18,543.88,537.73
VNINDEX,26/01/2016,537.73,537.73,"-4,62 (-0,85%)",129406630,1571.76,12598954,261515890000,534.06,542.98,531.27
VNINDEX,25/01/2016,542.35,542.35,"+20,11 (+3,85%)",141544590,1837.75,22721736,624661120000,522.24,542.35,522.24
VNINDEX,22/01/2016,522.24,522.24,"+0,36 (+0,07%)",159197830,1869.78,9838348,186122190000,521.88,525.83,513.82
VNINDEX,21/01/2016,521.88,521.88,"-7,56 (-1,43%)",139640150,1646.5,13139385,279401690000,529.44,531.21,520.74
VNINDEX,20/01/2016,529.44,529.44,"-6,33 (-1,18%)",110084630,1375.34,18236830,540937530000,532.81,536.57,529.42
VNINDEX,19/01/2016,535.77,535.77,"+9,40 (+1,79%)",113134420,1376.33,12863758,272250900000,525.65,535.77,525.65
VNINDEX,18/01/2016,526.37,526.37,"-16,67 (-3,07%)",155232200,2247.77,8865773,333426260000,532.54,543.04,518.16
VNINDEX,15/01/2016,543.04,543.04,"-9,99 (-1,81%)",119036170,1498.5,11396393,341356780000,554.35,556.55,543.04
VNINDEX,14/01/2016,553.03,553.03,"-7,34 (-1,31%)",128698360,1697.75,20999438,622473640000,555.88,560.37,550.6
VNINDEX,13/01/2016,560.37,560.37,"-3,89 (-0,69%)",116482120,1503.89,17817495,301875420000,565.21,566.02,560.37
VNINDEX,12/01/2016,564.26,564.26,"+6,39 (+1,15%)",101936980,1371.47,16671258,210983770000,557.36,564.26,557.36
VNINDEX,11/01/2016,557.87,557.87,"-2,18 (-0,39%)",100564840,1384.56,5508194,137850250000,559.05,563.04,557.51
VNINDEX,08/01/2016,560.05,560.05,"-5,31 (-0,94%)",133652640,1763.84,9508725,166026470000,562.62,565.36,556.36
VNINDEX,07/01/2016,565.36,565.36,"-9,21 (-1,60%)",140610960,2114.75,7251580,152662610000,570.62,574.57,561.09
VNINDEX,06/01/2016,574.57,574.57,"+4,63 (+0,81%)",82285160,1320.87,13651396,283175660000,569.5,574.57,569.5
VNINDEX,05/01/2016,569.94,569.94,"-4,47 (-0,78%)",97997540,1438.27,6098168,107789200000,571.66,575.4,569.26
VNINDEX,04/01/2016,574.41,574.41,"-4,62 (-0,80%)",95930580,1582.39,12550504,304207300000,579.03,579.97,573.15
VNINDEX,29/02/2016,559.37,559.37,"-6,74 (-1,19%)",116967700,1795.72,12741430,278503860000,565.61,566.31,559.37
VNINDEX,26/02/2016,566.11,566.11,"+3,29 (+0,58%)",96285500,1623.57,10322560,373772990000,565.61,566.8,562.39
VNINDEX,25/02/2016,562.82,562.82,"-5,22 (-0,92%)",128761360,1972.12,22662792,2448363430000,571.15,573.63,562.82
VNINDEX,24/02/2016,568.04,568.04,"+6,76 (+1,20%)",150465740,2182.76,9770660,297701310000,559.48,569.7,557.77
VNINDEX,23/02/2016,561.28,561.28,"+0,57 (+0,10%)",151169460,2251.05,8541865,176910970000,564.75,567.58,560.71
VNINDEX,22/02/2016,560.71,560.71,"+6,68 (+1,21%)",146133920,2207.41,6826770,443553990000,555.31,561.44,554.03
VNINDEX,19/02/2016,554.03,554.03,"+1,54 (+0,28%)",176932600,2346.98,8650966,416555860000,552.37,555.16,551.38
VNINDEX,18/02/2016,552.49,552.49,"+5,44 (+0,99%)",105390240,1577.81,20643889,516412620000,550.51,555.05,547.05
VNINDEX,17/02/2016,547.05,547.05,"-1,00 (-0,18%)",108235660,1691.55,22920267,754329240000,551.38,552.38,547.05
VNINDEX,16/02/2016,548.05,548.05,"+4,26 (+0,78%)",101448930,1396.01,6594025,168446210000,545.72,548.89,543.79
VNINDEX,15/02/2016,543.79,543.79,"-0,96 (-0,18%)",63716290,951.71,4981529,239047850000,540.13,544.75,537.81
VNINDEX,05/02/2016,544.75,544.75,"+2,60 (+0,48%)",58916530,869.23,2934094,73985820000,540.64,545.54,540.64
VNINDEX,04/02/2016,542.15,542.15,"+3,08 (+0,57%)",58991600,830.9,8899531,222099910000,542.91,545.17,539.07
VNINDEX,03/02/2016,539.07,539.07,"+2,62 (+0,49%)",72488010,1062.74,14858731,188384560000,531.11,539.07,530.23
VNINDEX,02/02/2016,536.45,536.45,"-4,11 (-0,76%)",81857900,1052.12,11325802,345299290000,537.71,542.26,535.38
VNINDEX,01/02/2016,540.56,540.56,"-4,71 (-0,86%)",91516390,1437.29,15778243,339420150000,545.27,548.58,540.56
VNINDEX,31/03/2016,561.22,561.22,"-8,69 (-1,52%)",145625020,2145.45,26900572,738651290000,569.04,570.94,561.22
VNINDEX,30/03/2016,569.91,569.91,"+1,63 (+0,29%)",122484050,1766.51,12973917,377818580000,566.08,571.89,565.55
VNINDEX,29/03/2016,568.28,568.28,"-7,44 (-1,29%)",132852470,2067.78,32244234,563562310000,575.63,576.07,568.28
VNINDEX,28/03/2016,575.72,575.72,"+3,64 (+0,64%)",110859230,1668.06,17000434,420119860000,573.69,576.0,571.58
VNINDEX,25/03/2016,572.08,572.08,"+1,42 (+0,25%)",132180850,1955.07,26954922,482748420000,569.48,572.48,564.88
VNINDEX,24/03/2016,570.66,570.66,"-4,05 (-0,70%)",140020360,2082.04,26966553,586311830000,573.93,577.21,570.66
VNINDEX,23/03/2016,574.71,574.71,"+3,80 (+0,67%)",130484450,1861.31,12333170,266362100000,570.74,575.22,570.39
VNINDEX,22/03/2016,570.91,570.91,"-1,36 (-0,24%)",122911350,1858.83,9180476,257965080000,572.27,573.8,567.8
VNINDEX,21/03/2016,572.27,572.27,"-3,55 (-0,62%)",143177260,2058.28,20626018,562146360000,577.65,580.83,572.27
VNINDEX,18/03/2016,575.82,575.82,"-3,44 (-0,59%)",174491080,2941.81,51671505,1072964680000,579.95,580.81,575.44
VNINDEX,17/03/2016,579.26,579.26,"+2,19 (+0,38%)",138979600,2155.54,26846789,511932970000,581.55,583.53,577.07
VNINDEX,16/03/2016,577.07,577.07,"+3,03 (+0,53%)",138524560,1856.67,10403572,323864890000,573.88,577.96,573.37
VNINDEX,15/03/2016,574.04,574.04,"-3,94 (-0,68%)",138716120,2123.15,25221389,431383380000,577.98,578.96,572.59
VNINDEX,14/03/2016,577.98,577.98,"+0,72 (+0,12%)",122214350,1926.07,53264052,3304570500000,579.61,579.84,576.26
VNINDEX,11/03/2016,577.26,577.26,"+1,35 (+0,23%)",134136630,2294.95,12625051,201675760000,576.12,580.93,574.81
VNINDEX,10/03/2016,575.91,575.91,"+4,20 (+0,73%)",118002950,1832.17,28188047,560011990000,574.07,575.91,571.52
VNINDEX,09/03/2016,571.71,571.71,"-3,00 (-0,52%)",118988380,1796.1,6162884,223892820000,573.47,576.32,571.48
VNINDEX,08/03/2016,574.71,574.71,"-1,49 (-0,26%)",141443700,2369.92,7607430,288925520000,576.75,579.87,574.53
VNINDEX,07/03/2016,576.2,576.2,"+2,55 (+0,44%)",154505980,2414.49,4415669,132079980000,575.76,580.95,573.65
VNINDEX,04/03/2016,573.65,573.65,"+3,26 (+0,57%)",131099670,1915.66,11663169,252105450000,570.18,576.02,568.83
VNINDEX,03/03/2016,570.39,570.39,"+0,21 (+0,04%)",121565340,1725.96,10642811,322138820000,573.06,573.88,569.39
VNINDEX,02/03/2016,570.18,570.18,"+8,62 (+1,54%)",140295650,2212.86,4587229,171231340000,564.85,570.18,561.56
VNINDEX,01/03/2016,561.56,561.56,"+2,19 (+0,39%)",115276230,1910.29,26142130,247403480000,560.03,565.65,559.37
VNINDEX,29/04/2016,598.37,598.37,"+6,70 (+1,13%)",110322990,1903.35,14579899,634995890000,591.2,599.71,591.2
VNINDEX,28/04/2016,591.67,591.67,"-2,29 (-0,39%)",94003230,1590.72,7197595,307559900000,594.98,597.28,589.97
VNINDEX,27/04/2016,593.96,593.96,"-4,52 (-0,76%)",134186560,2029.15,14861688,992526920000,601.79,601.79,591.35
VNINDEX,26/04/2016,598.48,598.48,"+6,90 (+1,17%)",132638550,2039.57,44014059,1226833600000,590.99,598.48,590.19
VNINDEX,25/04/2016,591.58,591.58,"-0,90 (-0,15%)",130331660,2172.94,31308842,930529430000,597.91,601.61,591.58
VNINDEX,22/04/2016,592.48,592.48,"+16,75 (+2,91%)",129717340,2316.01,11037539,442192590000,574.57,592.48,574.57
VNINDEX,21/04/2016,575.73,575.73,"+7,70 (+1,36%)",100005660,1839.82,4746240,147040800000,571.19,577.41,568.03
VNINDEX,20/04/2016,568.03,568.03,"-0,25 (-0,04%)",108722460,2029.9,7705225,249583170000,569.8,571.71,565.3
VNINDEX,19/04/2016,568.28,568.28,"-11,58 (-2,00%)",125545070,2105.14,12914718,242881550000,578.32,579.86,568.28
VNINDEX,15/04/2016,579.86,579.86,"+0,37 (+0,06%)",115434600,1910.94,8833016,203962420000,581.54,586.36,579.49
VNINDEX,14/04/2016,579.49,579.49,"+1,47 (+0,25%)",116830600,1809.17,5670101,248266930000,575.69,584.81,575.69
VNINDEX,13/04/2016,578.02,578.02,"-1,82 (-0,31%)",130634250,2017.89,9403442,330860370000,580.77,582.81,575.65
VNINDEX,12/04/2016,579.84,579.84,"+0,57 (+0,10%)",138444120,2226.88,27303027,1137395370000,580.9,582.97,577.17
VNINDEX,11/04/2016,579.27,579.27,"+6,93 (+1,21%)",129674560,2243.91,13519529,454323860000,575.11,581.88,572.34
VNINDEX,08/04/2016,572.34,572.34,"+0,74 (+0,13%)",111597810,1989.97,10812805,445723870000,571.21,574.46,569.09
VNINDEX,07/04/2016,571.6,571.6,"+3,81 (+0,67%)",117899300,2042.26,5644805,206311650000,570.72,572.56,567.01
VNINDEX,06/04/2016,567.79,567.79,"+7,47 (+1,33%)",99562200,1486.31,21326492,739865010000,561.94,567.79,560.32
VNINDEX,05/04/2016,560.32,560.32,"+4,50 (+0,81%)",112087100,1424.08,28293662,821261960000,555.98,560.32,555.15
VNINDEX,04/04/2016,555.82,555.82,"-2,61 (-0,47%)",108880000,1455.88,9967850,188078970000,557.56,560.92,554.3
VNINDEX,01/04/2016,558.43,558.43,"-2,79 (-0,50%)",116291560,1742.5,15128825,397074050000,560.64,562.73,557.96
VNINDEX,31/05/2016,618.44,618.44,"+3,94 (+0,64%)",107978420,1787.15,13530980,391932990000,616.22,621.14,614.5
VNINDEX,30/05/2016,614.5,614.5,"+6,39 (+1,05%)",101592790,1645.97,9525956,213514130000,609.98,615.52,608.11
VNINDEX,27/05/2016,608.11,608.11,"+3,77 (+0,62%)",89454250,1409.25,13101363,206736770000,604.36,609.94,603.23
VNINDEX,26/05/2016,604.34,604.34,"-7,55 (-1,23%)",94423070,1725.42,22170520,417928140000,611.88,613.37,604.34
VNINDEX,25/05/2016,611.89,611.89,"+0,27 (+0,04%)",95084720,1716.68,44308211,475290000000,613.96,616.38,611.62
VNINDEX,24/05/2016,611.62,611.62,"+0,59 (+0,10%)",95492370,1621.62,20061986,469625200000,612.23,613.14,608.15
VNINDEX,23/05/2016,611.03,611.03,"-3,78 (-0,61%)",76074600,1395.88,23841811,391678240000,616.11,616.83,610.45
VNINDEX,20/05/2016,614.81,614.81,"-4,39 (-0,71%)",89160520,1596.42,49676941,1467743480000,620.72,622.48,614.41
VNINDEX,19/05/2016,619.2,619.2,"-3,25 (-0,52%)",114111200,1674.3,27357484,809247870000,622.45,623.68,618.13
VNINDEX,18/05/2016,622.45,622.45,"-2,30 (-0,37%)",113469020,1894.23,21817712,630275250000,625.53,627.81,621.79
VNINDEX,17/05/2016,624.75,624.75,"+8,97 (+1,46%)",116003280,2052.89,10841405,360781540000,615.78,626.12,615.78
VNINDEX,16/05/2016,615.78,615.78,"+4,96 (+0,81%)",90053950,1551.39,19282478,409044370000,610.13,616.17,608.49
VNINDEX,13/05/2016,610.82,610.82,"-1,30 (-0,21%)",105664260,1773.3,4964000,160994870000,612.32,615.3,608.04
VNINDEX,12/05/2016,612.12,612.12,"-1,94 (-0,32%)",86561510,1474.04,6974447,383445600000,615.55,617.56,612.12
VNINDEX,11/05/2016,614.06,614.06,"+9,01 (+1,49%)",104828050,1779.56,58008804,1659522240000,606.6,614.06,605.05
VNINDEX,10/05/2016,605.05,605.05,"+1,20 (+0,20%)",107970160,1840.61,35724900,573692240000,600.35,605.46,597.74
VNINDEX,09/05/2016,603.85,603.85,"-2,67 (-0,44%)",105330980,1920.38,40062813,1132106130000,610.92,612.97,603.85
VNINDEX,06/05/2016,606.52,606.52,"+5,01 (+0,83%)",113045550,2023.96,7380692,157378820000,602.4,608.94,601.51
VNINDEX,05/05/2016,601.51,601.51,"+2,44 (+0,41%)",120477350,2206.4,14329679,428225330000,600.66,605.21,599.07
VNINDEX,04/05/2016,599.07,599.07,"+3,12 (+0,52%)",131949650,2162.19,11751475,241978980000,595.95,603.08,592.43
VNINDEX,30/06/2016,632.26,632.26,"+2,14 (+0,34%)",99042580,2031.58,7130246,275274610000,633.17,637.46,630.12
VNINDEX,29/06/2016,630.12,630.12,"+7,92 (+1,27%)",113362110,2315.16,8944783,514544450000,623.56,631.25,622.2
VNINDEX,28/06/2016,622.2,622.2,"+0,93 (+0,15%)",76760440,1675.98,12516246,291096620000,617.68,624.85,617.65
VNINDEX,27/06/2016,621.27,621.27,"+0,50 (+0,08%)",101865150,1711.18,6096121,425726530000,616.19,621.27,608.26
VNINDEX,24/06/2016,620.77,620.77,"-11,50 (-1,82%)",262210430,4636.44,7957263,173016190000,631.77,632.27,597.68
VNINDEX,23/06/2016,632.27,632.27,"+5,86 (+0,94%)",105505080,2061.17,11605884,350579310000,626.47,632.6,626.41
VNINDEX,22/06/2016,626.41,626.41,"-1,59 (-0,25%)",93762050,1751.62,14194397,436051920000,628.77,629.95,625.81
VNINDEX,21/06/2016,628.0,628.0,"+1,54 (+0,25%)",108155080,2080.73,19592165,485872750000,629.03,631.96,626.46
VNINDEX,20/06/2016,626.46,626.46,"+7,21 (+1,16%)",94712000,1733.47,20387126,280148600000,622.04,626.46,619.25
VNINDEX,17/06/2016,619.25,619.25,"-5,86 (-0,94%)",143669220,2802.91,4978815,126381950000,622.92,625.11,618.16
VNINDEX,16/06/2016,625.11,625.11,"-1,91 (-0,30%)",116946050,1994.46,5465071,165506160000,627.38,630.21,625.11
VNINDEX,15/06/2016,627.02,627.02,"+1,59 (+0,25%)",103691960,1755.23,26622022,244251050000,624.63,628.75,621.76
VNINDEX,14/06/2016,625.43,625.43,"+1,85 (+0,30%)",91857820,1684.07,7943166,190875340000,621.63,626.4,619.13
VNINDEX,13/06/2016,623.58,623.58,"-6,26 (-0,99%)",116109850,1864.68,10950345,449143340000,626.26,629.84,621.4
VNINDEX,10/06/2016,629.84,629.84,"-1,42 (-0,22%)",128988300,2086.88,5291011,226499330000,629.95,633.47,628.56
VNINDEX,09/06/2016,631.26,631.26,"+3,39 (+0,54%)",116376380,1851.15,3134486,123652920000,628.4,631.26,626.27
VNINDEX,08/06/2016,627.87,627.87,"+3,22 (+0,52%)",126073730,2132.88,13237716,921690510000,626.84,632.68,624.65
VNINDEX,07/06/2016,624.65,624.65,"+4,60 (+0,74%)",112253160,1647.68,3014532,210153210000,622.4,624.69,620.05
VNINDEX,06/06/2016,620.05,620.05,"-1,83 (-0,29%)",118156660,1933.81,15077026,418322580000,621.09,624.55,616.98
VNINDEX,03/06/2016,621.88,621.88,"-1,49 (-0,24%)",118639060,1861.03,5654826,271162070000,623.21,625.19,621.62
VNINDEX,02/06/2016,623.37,623.37,"+3,51 (+0,57%)",121873950,1774.65,4764248,160192720000,619.19,624.52,618.38
VNINDEX,01/06/2016,619.86,619.86,"+1,46 (+0,24%)",99652390,1755.14,13562044,311645980000,618.18,620.24,616.33
VNINDEX,29/07/2016,652.23,652.23,"-4,91 (-0,75%)",112283210,2034.22,7724643,195478940000,654.19,657.88,650.98
VNINDEX,28/07/2016,657.14,657.14,"+1,03 (+0,16%)",115779900,2233.07,7215328,181522710000,655.81,657.2,649.86
VNINDEX,27/07/2016,656.11,656.11,"+7,52 (+1,16%)",111642190,1950.59,15570711,409799160000,647.98,656.11,647.74
VNINDEX,26/07/2016,648.59,648.59,"-0,71 (-0,11%)",97294620,1771.47,8905846,185726570000,648.58,651.93,642.91
VNINDEX,25/07/2016,649.3,649.3,"-0,57 (-0,09%)",86417860,1545.79,11103210,269576560000,651.33,654.17,646.04
VNINDEX,22/07/2016,649.87,649.87,"-9,70 (-1,47%)",140165040,2726.92,11597665,286284650000,657.15,659.57,640.26
VNINDEX,21/07/2016,659.57,659.57,"-0,69 (-0,10%)",104596580,2143.2,7780344,200902660000,662.72,665.9,656.03
VNINDEX,20/07/2016,660.26,660.26,"-7,50 (-1,12%)",124236080,2180.17,5172932,196635870000,667.86,667.86,660.26
VNINDEX,19/07/2016,667.76,667.76,"-5,74 (-0,85%)",131066870,2681.25,8519936,164277600000,675.89,677.35,660.09
VNINDEX,18/07/2016,673.5,673.5,"+8,94 (+1,35%)",122748180,2187.76,8726989,283359780000,664.12,673.5,662.25
VNINDEX,15/07/2016,664.56,664.56,"-2,13 (-0,32%)",116464580,2180.44,14670407,1031822040000,666.69,670.18,661.47
VNINDEX,14/07/2016,666.69,666.69,"-8,43 (-1,25%)",152057570,3025.17,8051774,180484020000,675.66,681.75,666.69
VNINDEX,13/07/2016,675.12,675.12,"+16,22 (+2,46%)",138393530,2799.1,21542924,885730950000,662.04,676.06,658.9
VNINDEX,12/07/2016,658.9,658.9,"+6,64 (+1,02%)",149112960,2652.63,26500509,572860270000,652.81,658.9,649.86
VNINDEX,11/07/2016,652.26,652.26,"-6,42 (-0,97%)",146647990,2931.88,15568731,299948630000,658.92,664.89,648.77
VNINDEX,08/07/2016,658.68,658.68,"-2,44 (-0,37%)",131939490,2775.13,12059812,710871600000,661.07,665.53,655.91
VNINDEX,07/07/2016,661.12,661.12,"+11,66 (+1,80%)",130188390,2718.84,7067032,348107120000,652.49,661.12,649.46
VNINDEX,06/07/2016,649.46,649.46,"-1,42 (-0,22%)",117965440,2359.68,18987283,363036630000,646.8,652.36,644.07
VNINDEX,05/07/2016,650.88,650.88,"+2,92 (+0,45%)",140423840,2828.51,8905585,236365870000,650.47,658.45,647.52
VNINDEX,04/07/2016,647.96,647.96,"+7,66 (+1,20%)",124752900,2473.72,12321290,718310790000,643.11,647.96,640.3
VNINDEX,01/07/2016,640.3,640.3,"+8,04 (+1,27%)",106711160,2390.43,19292271,451201090000,632.26,643.55,632.26
VNINDEX,31/08/2016,674.63,674.63,"+1,93 (+0,29%)",93688890,2351.16,22042640,575815370000,673.1,676.26,671.39
VNINDEX,30/08/2016,672.67,672.67,"+3,23 (+0,48%)",87433660,2014.49,9119785,282603590000,667.96,672.67,666.33
VNINDEX,29/08/2016,669.44,669.44,"+1,69 (+0,25%)",108619910,2657.59,6267918,168025560000,670.71,679.62,667.75
VNINDEX,26/08/2016,667.75,667.75,"+9,25 (+1,40%)",109776940,2203.63,6664422,124030150000,662.9,668.84,658.5
VNINDEX,25/08/2016,658.5,658.5,"-2,27 (-0,34%)",106728730,2144.94,9402260,423573340000,660.77,660.77,656.49
VNINDEX,24/08/2016,660.77,660.77,"+1,61 (+0,24%)",98316870,2204.4,5535147,193585740000,660.95,665.43,659.16
VNINDEX,23/08/2016,659.16,659.16,"+1,48 (+0,23%)",90297080,1944.76,18779839,458679550000,653.58,659.16,652.88
VNINDEX,22/08/2016,657.68,657.68,"-4,60 (-0,69%)",109773170,2031.16,6540231,190769330000,662.87,664.95,657.68
VNINDEX,19/08/2016,662.28,662.28,"+1,63 (+0,25%)",101626960,2596.25,8069053,304765710000,664.09,666.93,659.64
VNINDEX,18/08/2016,660.65,660.65,"+0,14 (+0,02%)",120173290,2642.57,11457320,399572030000,663.56,665.94,656.35
VNINDEX,17/08/2016,660.51,660.51,"+2,40 (+0,36%)",113029210,2568.75,10943527,212280360000,659.46,660.76,657.06
VNINDEX,16/08/2016,658.11,658.11,"-1,36 (-0,21%)",128458310,2591.71,31864864,800241250000,659.47,662.13,656.83
VNINDEX,15/08/2016,659.47,659.47,"+3,76 (+0,57%)",114385770,2121.72,3571271,101603880000,654.06,659.47,653.64
VNINDEX,12/08/2016,655.71,655.71,"-4,53 (-0,69%)",117895770,2436.18,7135365,181199720000,665.14,668.52,652.67
VNINDEX,11/08/2016,660.24,660.24,"+11,91 (+1,84%)",134689840,2468.02,6242713,135574040000,649.27,660.24,648.31
VNINDEX,10/08/2016,648.33,648.33,"+10,99 (+1,72%)",107877050,2126.24,12949210,176239740000,637.21,648.48,637.21
VNINDEX,09/08/2016,637.34,637.34,"+7,88 (+1,25%)",87157080,1791.22,11710062,267992690000,629.66,637.34,629.46
VNINDEX,08/08/2016,629.46,629.46,"+2,07 (+0,33%)",84087430,1426.87,5939473,121759260000,627.39,629.91,622.14
VNINDEX,05/08/2016,627.39,627.39,"-4,55 (-0,72%)",118506920,1982.44,7070317,126933580000,629.69,631.94,622.49
VNINDEX,04/08/2016,631.94,631.94,"+0,33 (+0,05%)",103788870,1792.19,8265605,199175910000,633.74,641.02,631.61
VNINDEX,03/08/2016,631.61,631.61,"-4,44 (-0,70%)",87450230,1709.54,7502615,170818510000,632.98,634.75,627.66
VNINDEX,02/08/2016,636.05,636.05,"-12,33 (-1,90%)",136282920,2571.79,40106495,631494300000,643.2,643.2,633.33
VNINDEX,01/08/2016,648.38,648.38,"-3,85 (-0,59%)",89743110,1865.81,3043748,178615180000,655.38,655.38,646.02
VNINDEX,30/09/2016,685.73,685.73,"-2,82 (-0,41%)",102428420,2301.09,13309186,328611800000,688.55,689.12,684.62
VNINDEX,29/09/2016,688.55,688.55,"+1,83 (+0,27%)",109747830,2619.92,6173136,232924840000,689.82,692.17,685.91
VNINDEX,28/09/2016,686.72,686.72,"+1,83 (+0,27%)",111646620,2299.98,16529676,523254770000,684.99,687.94,682.98
VNINDEX,27/09/2016,684.89,684.89,"+7,85 (+1,16%)",115019350,2334.98,15550678,287170540000,676.61,684.89,676.24
VNINDEX,26/09/2016,677.04,677.04,"+2,95 (+0,44%)",91965270,2012.85,70277234,2016671230000,673.21,677.04,671.51
VNINDEX,23/09/2016,674.09,674.09,"+2,71 (+0,40%)",99084600,1986.61,76955148,2689270600000,670.73,674.09,670.3
VNINDEX,22/09/2016,671.38,671.38,"+2,90 (+0,43%)",112592880,2269.65,31803790,1029159180000,668.48,675.36,668.48
VNINDEX,21/09/2016,668.48,668.48,"+5,11 (+0,77%)",134925820,2511.77,23920466,843174210000,663.12,668.83,662.79
VNINDEX,20/09/2016,663.37,663.37,"+5,48 (+0,83%)",100490650,2285.39,17952726,731170660000,656.2,663.37,653.28
VNINDEX,19/09/2016,657.89,657.89,"+6,58 (+1,01%)",104348350,2325.85,2964939,33577920000,651.31,658.35,651.31
VNINDEX,16/09/2016,651.31,651.31,"-4,87 (-0,74%)",184317130,3961.28,22620754,939035700000,654.68,657.53,651.31
VNINDEX,15/09/2016,656.18,656.18,"-0,46 (-0,07%)",105142830,1717.07,7578807,115200500000,657.46,660.32,654.84
VNINDEX,14/09/2016,656.64,656.64,"-3,08 (-0,47%)",92963280,1553.1,3442091,138618750000,658.16,661.82,656.64
VNINDEX,13/09/2016,659.72,659.72,"-0,04 (-0,01%)",81226280,1852.04,6516449,321743680000,658.61,661.74,654.95
VNINDEX,12/09/2016,659.76,659.76,"-7,12 (-1,07%)",88572250,1982.55,12762425,511463760000,665.77,666.88,655.55
VNINDEX,09/09/2016,666.88,666.88,"+0,81 (+0,12%)",95460760,2272.6,10609151,452698870000,669.24,672.39,666.07
VNINDEX,08/09/2016,666.07,666.07,"+4,79 (+0,72%)",112627640,2729.76,11928086,408131730000,661.89,668.2,660.54
VNINDEX,07/09/2016,661.28,661.28,"-2,62 (-0,39%)",88002530,2533.4,18476125,321619610000,663.05,663.9,656.22
VNINDEX,06/09/2016,663.9,663.9,"-0,65 (-0,10%)",87906500,2185.32,21082187,730313250000,666.38,668.4,663.9
VNINDEX,05/09/2016,664.55,664.55,"-4,64 (-0,69%)",103194860,2524.68,7257305,225412120000,669.3,670.08,660.31
VNINDEX,01/09/2016,669.19,669.19,"-5,41 (-0,80%)",93925040,2351.49,8311935,451606660000,674.19,674.72,664.77
VNINDEX,31/10/2016,675.8,675.8,"-6,45 (-0,95%)",114384030,1836.54,15762665,308468050000,682.11,683.34,675.8
VNINDEX,28/10/2016,682.25,682.25,"+5,35 (+0,79%)",103029880,1754.75,14232572,320422400000,676.74,682.25,675.85
VNINDEX,27/10/2016,676.9,676.9,"+3,29 (+0,49%)",85549590,1512.02,5479544,147291590000,672.81,676.9,671.61
VNINDEX,26/10/2016,673.61,673.61,"-2,57 (-0,38%)",91959690,1409.82,10416158,220144310000,676.18,676.18,670.8
VNINDEX,25/10/2016,676.18,676.18,"-1,84 (-0,27%)",108043320,1820.64,19827139,418612980000,676.29,678.02,670.6
VNINDEX,24/10/2016,678.02,678.02,"-6,81 (-0,99%)",91994310,1836.12,33477648,651478510000,683.14,684.83,677.89
VNINDEX,21/10/2016,684.83,684.83,"-1,56 (-0,23%)",111996680,1825.8,24025169,566509530000,685.77,687.54,683.76
VNINDEX,20/10/2016,686.39,686.39,"-2,50 (-0,36%)",106042150,1796.57,15050776,576859230000,690.45,690.86,685.63
VNINDEX,19/10/2016,688.89,688.89,"+6,87 (+1,01%)",122517570,2115.28,26829443,1061278270000,683.83,689.88,682.02
VNINDEX,18/10/2016,682.02,682.02,"+1,07 (+0,16%)",100892180,1598.96,31664766,928809530000,680.44,682.99,678.13
VNINDEX,17/10/2016,680.95,680.95,"-6,05 (-0,88%)",106159380,1717.49,7547482,115370820000,687.18,687.94,680.95
VNINDEX,14/10/2016,687.0,687.0,"+1,77 (+0,26%)",134748710,2159.02,29928320,1237479520000,685.06,690.62,684.78
VNINDEX,13/10/2016,685.23,685.23,"+2,78 (+0,41%)",117781230,1877.31,7454365,255154430000,680.73,685.23,678.79
VNINDEX,12/10/2016,682.45,682.45,"+0,09 (+0,01%)",107650470,1779.02,13102225,270936740000,683.88,686.18,681.12
VNINDEX,11/10/2016,682.36,682.36,"+8,17 (+1,21%)",126219300,2473.22,21796835,568684920000,677.63,682.36,669.2
VNINDEX,10/10/2016,674.19,674.19,"-9,76 (-1,43%)",119618590,1961.18,19871373,387356700000,684.05,684.46,674.19
VNINDEX,07/10/2016,683.95,683.95,"-3,37 (-0,49%)",128830960,2498.04,11225160,300646630000,689.51,690.19,680.26
VNINDEX,06/10/2016,687.32,687.32,"+0,28 (+0,04%)",140831260,2376.33,9829711,398193320000,687.04,690.93,687.04
VNINDEX,05/10/2016,687.04,687.04,"+2,84 (+0,42%)",106465990,1991.56,10499604,233331450000,686.41,689.5,684.2
VNINDEX,04/10/2016,684.2,684.2,"+1,15 (+0,17%)",111644670,2809.22,11458407,236148090000,682.82,689.17,680.24
VNINDEX,03/10/2016,683.05,683.05,"-2,68 (-0,39%)",108519140,2214.36,12854424,533612240000,687.68,688.42,681.99
VNINDEX,30/11/2016,665.07,665.07,"+6,81 (+1,03%)",115315370,2765.78,40220015,470899010000,658.44,665.78,654.99
VNINDEX,29/11/2016,658.26,658.26,"-7,03 (-1,06%)",111429590,2243.82,5600881,292290720000,665.29,667.79,658.26
VNINDEX,28/11/2016,665.29,665.29,"-10,58 (-1,57%)",94780750,2245.51,12644525,239577880000,672.38,675.87,660.96
VNINDEX,25/11/2016,675.87,675.87,"-2,31 (-0,34%)",108511930,2314.03,7361952,217341000000,678.47,678.87,671.48
VNINDEX,24/11/2016,678.18,678.18,"-4,98 (-0,73%)",117539200,2255.67,7759269,215441340000,683.61,683.61,676.39
VNINDEX,23/11/2016,683.16,683.16,"+1,25 (+0,18%)",109567320,2335.46,7062026,237834910000,681.17,684.12,679.81
VNINDEX,22/11/2016,681.91,681.91,"+7,62 (+1,13%)",106254350,1958.61,6760181,283600820000,675.23,681.91,674.29
VNINDEX,21/11/2016,674.29,674.29,"+1,04 (+0,15%)",96259380,1786.03,7345228,339746750000,673.2,675.04,671.65
VNINDEX,18/11/2016,673.25,673.25,"-1,32 (-0,20%)",96180820,1934.61,8708339,275761540000,673.82,675.15,669.18
VNINDEX,17/11/2016,674.57,674.57,"-0,03 (0,00%)",119114290,1891.87,9431225,381290400000,674.5,676.48,673.13
VNINDEX,16/11/2016,674.6,674.6,"+0,34 (+0,05%)",102400010,1962.17,8835247,201446260000,674.85,676.9,673.95
VNINDEX,15/11/2016,674.26,674.26,"+1,21 (+0,18%)",105064180,1994.45,12932892,291113670000,673.75,675.73,671.55
VNINDEX,14/11/2016,673.05,673.05,"-6,15 (-0,91%)",111753270,2228.01,9865621,240583530000,677.13,679.96,672.45
VNINDEX,11/11/2016,679.2,679.2,"+1,03 (+0,15%)",96643530,1668.15,19103265,238092490000,678.38,679.56,676.73
VNINDEX,10/11/2016,678.17,678.17,"+7,91 (+1,18%)",104949360,1940.32,15033356,254767730000,675.36,678.57,670.26
VNINDEX,09/11/2016,670.26,670.26,"-6,20 (-0,92%)",129849160,2863.79,18153595,206313870000,675.57,676.46,656.68
VNINDEX,08/11/2016,676.46,676.46,"+2,32 (+0,34%)",77559310,1505.14,19152453,383806040000,675.82,677.91,674.14
VNINDEX,07/11/2016,674.14,674.14,"+7,41 (+1,11%)",86516180,1602.48,16435566,163536200000,667.12,674.36,666.61
VNINDEX,04/11/2016,666.73,666.73,"-0,90 (-0,13%)",74501690,1342.66,12722762,231717370000,666.93,668.99,665.08
VNINDEX,03/11/2016,667.63,667.63,"-3,77 (-0,56%)",114649680,2027.32,13613601,247492520000,668.66,671.4,661.86
VNINDEX,02/11/2016,671.4,671.4,"-5,20 (-0,77%)",128035040,1892.12,14355067,457440320000,675.68,678.14,671.4
VNINDEX,01/11/2016,676.6,676.6,"+0,80 (+0,12%)",103689100,1597.02,14968608,270837830000,675.13,676.6,672.33
VNINDEX,30/12/2016,664.87,664.87,"+0,15 (+0,02%)",90082950,1869.35,31471118,1019761160000,664.17,665.49,663.39
VNINDEX,29/12/2016,664.72,664.72,"+1,22 (+0,18%)",99258510,1837.34,17245033,415490830000,666.43,666.43,663.5
VNINDEX,28/12/2016,663.5,663.5,"-0,36 (-0,05%)",101515350,1980.39,17287506,350080980000,665.9,666.64,661.8
VNINDEX,27/12/2016,663.86,663.86,"+1,41 (+0,21%)",95593140,1985.6,64651037,1277370220000,662.66,665.5,661.41
VNINDEX,26/12/2016,662.45,662.45,"-1,92 (-0,29%)",67252060,1402.09,47626998,1484727290000,665.67,665.73,662.09
VNINDEX,23/12/2016,664.37,664.37,"+0,22 (+0,03%)",72131790,1542.86,42495096,759337910000,663.75,664.37,659.18
VNINDEX,22/12/2016,664.15,664.15,"-2,79 (-0,42%)",86318960,1760.51,8593554,278346810000,669.01,669.95,663.7
VNINDEX,21/12/2016,666.94,666.94,"+4,28 (+0,65%)",81863850,1829.74,48268667,1137880200000,662.36,667.06,657.4
VNINDEX,20/12/2016,662.66,662.66,"-11,67 (-1,73%)",92619080,1886.25,7416491,232605760000,673.93,674.33,662.66
VNINDEX,19/12/2016,674.33,674.33,"-0,83 (-0,12%)",107085610,1895.02,17287119,239242240000,673.98,679.9,673.88
VNINDEX,16/12/2016,675.16,675.16,"+9,24 (+1,39%)",155852900,2835.72,21324816,538442630000,670.43,675.19,665.92
VNINDEX,15/12/2016,665.92,665.92,"+0,78 (+0,12%)",107135700,1941.84,19414039,419551150000,668.07,668.07,664.08
VNINDEX,14/12/2016,665.14,665.14,"+10,48 (+1,60%)",193827050,1950.37,18268874,390104720000,657.39,665.14,654.66
VNINDEX,13/12/2016,654.66,654.66,"-5,04 (-0,76%)",111295850,1929.74,23781961,441547100000,662.27,663.54,654.34
VNINDEX,12/12/2016,659.7,659.7,"-3,37 (-0,51%)",94354570,1857.91,17149025,472721320000,663.7,664.67,658.84
VNINDEX,09/12/2016,663.07,663.07,"+4,18 (+0,63%)",79953030,1582.27,39409093,958853230000,659.46,664.46,658.89
VNINDEX,08/12/2016,658.89,658.89,"+5,36 (+0,82%)",90796840,1696.88,44318394,747984250000,655.48,660.72,653.53
VNINDEX,07/12/2016,653.53,653.53,"+2,04 (+0,31%)",103897120,1982.03,26574569,776071720000,648.63,654.13,647.33
VNINDEX,06/12/2016,651.49,651.49,"-8,72 (-1,32%)",117960660,2159.41,8635368,207954940000,660.68,660.77,648.37
VNINDEX,05/12/2016,660.21,660.21,"-4,93 (-0,74%)",87046940,1855.03,69959338,1243314480000,663.06,665.14,658.11
VNINDEX,02/12/2016,665.14,665.14,"-1,40 (-0,21%)",106687860,2202.9,29295145,829026720000,667.02,667.39,662.09
VNINDEX,01/12/2016,666.54,666.54,"+1,47 (+0,22%)",107595380,2227.4,19830708,512228250000,670.75,670.81,665.07
VNINDEX,25/01/2017,697.28,697.28,"+5,92 (+0,86%)",89267610,1693.01,9080365,406591450000,693.07,697.28,691.19
VNINDEX,24/01/2017,691.36,691.36,"+4,21 (+0,61%)",92470490,1496.0,5897933,432518820000,687.08,692.75,687.08
VNINDEX,23/01/2017,687.15,687.15,"+0,89 (+0,13%)",75819770,1640.17,11985793,329590100000,687.83,689.47,686.26
VNINDEX,20/01/2017,686.26,686.26,"+3,95 (+0,58%)",80002540,1770.09,10683009,392427630000,684.05,688.42,682.31
VNINDEX,19/01/2017,682.31,682.31,"-0,97 (-0,14%)",69116870,1542.76,20077459,699747140000,683.02,684.19,680.8
VNINDEX,18/01/2017,683.28,683.28,"-1,43 (-0,21%)",84747660,1624.13,16308613,556304470000,683.74,688.07,683.28
VNINDEX,17/01/2017,684.71,684.71,"+6,77 (+1,00%)",94123250,1765.72,14847640,686509300000,678.83,684.73,677.94
VNINDEX,16/01/2017,677.94,677.94,"-7,12 (-1,04%)",76123340,1688.85,13448382,435581440000,684.62,685.06,677.85
VNINDEX,13/01/2017,685.06,685.06,"-1,90 (-0,28%)",82155530,1698.72,12797300,361745820000,686.58,688.62,685.06
VNINDEX,12/01/2017,686.96,686.96,"-0,20 (-0,03%)",102618890,1821.78,9825305,248892480000,688.71,688.99,685.59
VNINDEX,11/01/2017,687.16,687.16,"+6,09 (+0,89%)",96461920,1897.18,12245681,533772910000,680.85,687.16,680.85
VNINDEX,10/01/2017,681.07,681.07,"-1,50 (-0,22%)",78938330,1673.5,8864119,289464290000,682.77,683.02,680.76
VNINDEX,09/01/2017,682.57,682.57,"+2,77 (+0,41%)",88221600,1959.38,13180629,649330390000,681.74,684.88,679.8
VNINDEX,06/01/2017,679.8,679.8,"+3,99 (+0,59%)",111701460,2300.45,15712239,655463400000,675.35,683.76,675.22
VNINDEX,05/01/2017,675.81,675.81,"+1,11 (+0,16%)",92735720,1779.78,9438118,296580990000,674.82,675.92,673.31
VNINDEX,04/01/2017,674.7,674.7,"+2,69 (+0,40%)",92285170,1794.37,17748508,332197180000,672.58,675.93,672.01
VNINDEX,03/01/2017,672.01,672.01,"+7,14 (+1,07%)",79722650,1636.59,4938625,226879280000,665.92,672.34,664.87
VNINDEX,28/02/2017,710.79,710.79,"-6,65 (-0,93%)",183667860,3078.76,8656539,181279540000,718.24,719.14,710.79
VNINDEX,27/02/2017,717.44,717.44,"+2,97 (+0,42%)",176837600,3041.67,5670466,268513990000,711.7,718.37,711.7
VNINDEX,24/02/2017,714.47,714.47,"-2,40 (-0,33%)",231146780,3570.63,1651555,58634380000,716.35,717.94,713.7
VNINDEX,23/02/2017,716.87,716.87,"-0,37 (-0,05%)",211235150,3437.33,17042673,365979880000,717.49,719.58,712.36
VNINDEX,22/02/2017,717.24,717.24,"+0,69 (+0,10%)",213358850,3608.34,18404887,285400410000,717.77,719.09,715.36
VNINDEX,21/02/2017,716.55,716.55,"+5,96 (+0,84%)",198966880,3340.42,11841192,593949380000,711.49,718.06,710.59
VNINDEX,20/02/2017,710.59,710.59,"+2,76 (+0,39%)",186577070,3550.87,13325202,350431750000,705.72,711.4,704.41
VNINDEX,17/02/2017,707.83,707.83,"-1,52 (-0,21%)",158563960,3183.07,7613048,362732200000,709.52,710.21,705.84
VNINDEX,16/02/2017,709.35,709.35,"-2,22 (-0,31%)",189608500,3404.33,8813011,283613460000,712.61,717.57,709.35
VNINDEX,15/02/2017,711.57,711.57,"+5,31 (+0,75%)",152178230,2863.5,16825988,510742050000,706.84,711.73,706.26
VNINDEX,14/02/2017,706.26,706.26,"+0,36 (+0,05%)",169469810,2977.58,5653459,296592640000,706.41,707.32,703.85
VNINDEX,13/02/2017,705.9,705.9,"+2,12 (+0,30%)",158112440,2626.14,3102329,145314600000,704.61,706.47,703.58
VNINDEX,10/02/2017,703.78,703.78,"+3,13 (+0,45%)",129049870,2705.21,9274604,363068250000,701.15,704.08,700.65
VNINDEX,09/02/2017,700.65,700.65,"-1,39 (-0,20%)",138329170,2794.41,9216240,393608480000,700.93,702.64,700.21
VNINDEX,08/02/2017,702.04,702.04,"+0,13 (+0,02%)",131301380,2189.26,24806668,492186790000,702.67,702.77,700.47
VNINDEX,07/02/2017,701.91,701.91,"+1,87 (+0,27%)",151064680,2823.16,7574084,510805330000,699.99,703.3,698.99
VNINDEX,06/02/2017,700.04,700.04,"-0,31 (-0,04%)",115790760,2219.63,11168420,264442460000,702.02,702.02,696.92
VNINDEX,03/02/2017,700.35,700.35,"-2,83 (-0,40%)",119246940,2279.48,5422477,113344460000,704.69,708.1,700.09
VNINDEX,02/02/2017,703.18,703.18,"+5,90 (+0,85%)",82117060,1751.19,4306160,315346110000,699.8,703.2,697.28
VNINDEX,31/03/2017,722.31,722.31,"-1,55 (-0,21%)",181949340,3305.0,31192478,479666730000,725.97,726.67,722.31
VNINDEX,30/03/2017,723.86,723.86,"+3,39 (+0,47%)",180388070,3323.15,15401628,508037030000,721.87,725.91,720.47
VNINDEX,29/03/2017,720.47,720.47,"+1,21 (+0,17%)",172783250,3307.47,21207422,572779410000,719.08,721.92,718.37
VNINDEX,28/03/2017,719.26,719.26,"-4,26 (-0,59%)",186623970,3173.0,35294358,541234220000,724.37,725.0,718.66
VNINDEX,27/03/2017,723.52,723.52,"+1,38 (+0,19%)",207369580,3844.76,25816069,410931330000,723.23,725.57,721.41
VNINDEX,24/03/2017,722.14,722.14,"+2,58 (+0,36%)",200241730,3645.4,14538767,864199280000,719.56,724.36,719.56
VNINDEX,23/03/2017,719.56,719.56,"+6,62 (+0,93%)",176869560,3468.16,15475675,584302750000,712.61,719.56,712.61
VNINDEX,22/03/2017,712.94,712.94,"-3,24 (-0,45%)",254610300,4267.26,14384763,430407130000,715.78,720.68,712.94
VNINDEX,21/03/2017,716.18,716.18,"+1,11 (+0,16%)",201545030,3825.74,30088506,673245140000,717.03,718.8,714.78
VNINDEX,20/03/2017,715.07,715.07,"+4,53 (+0,64%)",158390700,3421.8,16893999,604512430000,711.44,717.54,710.54
VNINDEX,17/03/2017,710.54,710.54,"-4,38 (-0,61%)",235368860,4346.5,17828229,869221470000,715.82,717.1,710.54
VNINDEX,16/03/2017,714.92,714.92,"+1,78 (+0,25%)",162314460,3439.75,16771422,516098020000,712.56,715.03,710.66
VNINDEX,15/03/2017,713.14,713.14,"-1,57 (-0,22%)",129782600,3157.34,9782228,295059550000,715.63,716.49,713.14
VNINDEX,14/03/2017,714.71,714.71,"+4,54 (+0,64%)",125968160,2874.59,8855485,335685920000,709.9,716.49,709.29
VNINDEX,13/03/2017,710.17,710.17,"-2,04 (-0,29%)",128790790,2823.74,17800093,649377620000,711.93,712.63,707.63
VNINDEX,10/03/2017,712.21,712.21,"-3,59 (-0,50%)",185800020,3256.45,11626353,300875440000,715.85,716.81,712.21
VNINDEX,09/03/2017,715.8,715.8,"-0,80 (-0,11%)",185884380,3396.57,9525797,299876070000,715.86,718.23,714.96
VNINDEX,08/03/2017,716.6,716.6,"+0,06 (+0,01%)",162940400,3248.87,12717041,420659360000,715.04,718.78,713.89
VNINDEX,07/03/2017,716.54,716.54,"+0,25 (+0,03%)",176411640,3265.4,19272738,556120260000,716.46,716.95,714.27
VNINDEX,06/03/2017,716.29,716.29,"+3,67 (+0,52%)",156471030,3076.92,15727855,502611030000,714.61,718.04,712.62
VNINDEX,03/03/2017,712.62,712.62,"+5,11 (+0,72%)",163479620,2961.75,7436123,352592880000,708.23,712.62,705.83
VNINDEX,02/03/2017,707.51,707.51,"-2,01 (-0,28%)",164954330,2845.97,11492937,243747570000,712.68,713.53,707.51
VNINDEX,01/03/2017,709.52,709.52,"-1,27 (-0,18%)",211022340,3338.85,11174936,299811700000,710.7,712.49,705.79
VNINDEX,28/04/2017,717.73,717.73,"+1,20 (+0,17%)",175317340,3484.1,15323315,930179390000,715.9,718.54,713.83
VNINDEX,27/04/2017,716.53,716.53,"+6,49 (+0,91%)",163516320,3407.6,23668445,701552190000,711.74,716.53,710.04
VNINDEX,26/04/2017,710.04,710.04,"+2,46 (+0,35%)",134367260,3160.6,7977185,327793160000,706.36,710.04,706.32
VNINDEX,25/04/2017,707.58,707.58,"-1,81 (-0,26%)",117943390,2638.39,19288477,599228340000,709.0,709.81,706.04
VNINDEX,24/04/2017,709.39,709.39,"-3,02 (-0,42%)",129826020,2708.43,25058017,599991610000,711.6,712.77,709.39
VNINDEX,21/04/2017,712.41,712.41,"-0,25 (-0,04%)",132811530,3389.48,69455367,3115186570000,712.77,715.08,711.08
VNINDEX,20/04/2017,712.66,712.66,"-4,11 (-0,57%)",125260980,2583.61,12378375,545599430000,716.76,716.77,712.66
VNINDEX,19/04/2017,716.77,716.77,"+1,84 (+0,26%)",142094700,2806.97,9479309,305547150000,714.87,716.77,714.02
VNINDEX,18/04/2017,714.93,714.93,"+4,10 (+0,58%)",156906940,3515.56,21225549,691573470000,708.64,714.93,705.55
VNINDEX,17/04/2017,710.83,710.83,"-7,62 (-1,06%)",154510130,3595.91,15748773,505801530000,718.93,721.78,710.83
VNINDEX,14/04/2017,718.45,718.45,"-5,90 (-0,81%)",183224860,3447.42,12057751,245417240000,722.47,724.35,714.13
VNINDEX,13/04/2017,724.35,724.35,"-1,23 (-0,17%)",168105900,3449.6,22326988,729392400000,725.54,727.34,723.88
VNINDEX,12/04/2017,725.58,725.58,"-5,75 (-0,79%)",213521570,3781.03,35989370,553306600000,731.62,732.87,724.48
VNINDEX,11/04/2017,731.33,731.33,"+1,46 (+0,20%)",197010310,3093.32,13255314,507730920000,730.15,732.24,729.87
VNINDEX,10/04/2017,729.87,729.87,"+1,92 (+0,26%)",144425190,3377.08,7989557,340416000000,728.71,730.9,727.77
VNINDEX,07/04/2017,727.95,727.95,"+4,73 (+0,65%)",189771920,3417.61,40190610,1948062060000,721.85,727.95,720.28
VNINDEX,05/04/2017,723.22,723.22,"-0,92 (-0,13%)",196707340,3330.46,21269578,402405430000,724.89,726.03,722.49
VNINDEX,04/04/2017,724.14,724.14,"+1,76 (+0,24%)",187134630,3830.36,27167172,548629690000,723.7,724.67,722.38
VNINDEX,03/04/2017,722.38,722.38,"+0,07 (+0,01%)",177623170,3690.35,5450283,201805720000,723.02,724.37,721.58
VNINDEX,31/05/2017,737.82,737.82,"-0,39 (-0,05%)",186925620,4140.81,27296579,1395663900000,738.91,741.93,735.39
VNINDEX,30/05/2017,738.21,738.21,"-8,04 (-1,08%)",243929050,4743.0,17288778,494300130000,747.07,747.43,738.21
VNINDEX,29/05/2017,746.25,746.25,"+2,84 (+0,38%)",238391340,4344.56,13918133,456764770000,746.08,748.06,743.41
VNINDEX,26/05/2017,743.41,743.41,"+1,50 (+0,20%)",182563920,3958.18,10618076,502550570000,741.4,743.46,740.6
VNINDEX,25/05/2017,741.91,741.91,"-0,83 (-0,11%)",192545970,4259.06,13338959,824037910000,744.24,746.48,740.89
VNINDEX,24/05/2017,742.74,742.74,"+1,81 (+0,24%)",199021090,4545.32,26237733,588615090000,739.91,744.27,737.3
VNINDEX,23/05/2017,740.93,740.93,"-3,17 (-0,43%)",259818180,4433.27,7038927,365677980000,744.32,746.18,740.28
VNINDEX,22/05/2017,744.1,744.1,"+10,28 (+1,40%)",239413730,5136.46,33341822,714812020000,738.63,746.87,733.82
VNINDEX,19/05/2017,733.82,733.82,"+6,83 (+0,94%)",206013150,5057.42,5571900,317979470000,727.61,733.82,726.79
VNINDEX,18/05/2017,726.99,726.99,"-0,21 (-0,03%)",207715300,4551.63,11965052,530564620000,727.2,729.0,723.8
VNINDEX,17/05/2017,727.2,727.2,"+2,17 (+0,30%)",198308760,4393.7,8361126,317168660000,724.01,728.01,722.81
VNINDEX,16/05/2017,725.03,725.03,"-0,32 (-0,04%)",283939360,5759.28,10267647,305043260000,725.84,727.86,725.03
VNINDEX,15/05/2017,725.35,725.35,"-0,02 (0,00%)",225204780,4368.5,15682697,458370400000,725.25,726.19,723.18
VNINDEX,12/05/2017,725.37,725.37,"+0,38 (+0,05%)",175822670,3966.1,13027297,669498460000,724.63,726.4,724.41
VNINDEX,11/05/2017,724.99,724.99,"+0,68 (+0,09%)",184492830,4747.16,38545813,585114270000,724.84,726.82,723.39
VNINDEX,10/05/2017,724.31,724.31,"+2,20 (+0,30%)",207031480,4092.84,21141768,435799200000,721.94,727.52,721.81
VNINDEX,09/05/2017,722.11,722.11,"+3,25 (+0,45%)",208726890,4043.13,16170548,508652100000,718.86,722.11,716.95
VNINDEX,08/05/2017,718.86,718.86,"-1,14 (-0,16%)",200765930,4479.16,31690503,889633260000,720.61,720.61,717.98
VNINDEX,05/05/2017,720.0,720.0,"-2,02 (-0,28%)",179559890,3402.34,14819591,364324940000,720.39,722.02,719.86
VNINDEX,04/05/2017,722.02,722.02,"+2,48 (+0,34%)",199862840,4169.29,15968974,493906140000,717.98,723.22,717.98
VNINDEX,03/05/2017,719.54,719.54,"+1,81 (+0,25%)",169302120,3847.33,60282191,855496750000,718.7,719.54,716.66
VNINDEX,30/06/2017,776.47,776.47,"+4,72 (+0,61%)",174259020,3438.14,20120910,486629920000,773.46,776.5,771.75
VNINDEX,29/06/2017,771.75,771.75,"+2,71 (+0,35%)",198168950,3371.99,13712990,321543430000,771.26,773.08,769.04
VNINDEX,28/06/2017,769.04,769.04,"+1,53 (+0,20%)",183664140,3037.29,19896907,571761880000,766.82,769.04,762.78
VNINDEX,27/06/2017,767.51,767.51,"-5,01 (-0,65%)",217431160,3747.14,18214071,428160380000,773.15,773.4,767.19
VNINDEX,26/06/2017,772.52,772.52,"+3,51 (+0,46%)",212474720,3674.4,22638787,561789170000,770.5,773.14,769.01
VNINDEX,23/06/2017,769.01,769.01,"+2,71 (+0,35%)",212981550,3839.72,41950289,829690320000,765.66,769.01,763.64
VNINDEX,22/06/2017,766.3,766.3,"-1,11 (-0,14%)",195187930,3729.17,29651392,780770780000,768.41,769.99,766.3
VNINDEX,21/06/2017,767.41,767.41,"-0,58 (-0,08%)",192993090,3900.74,55545056,604255800000,765.71,767.99,758.9
VNINDEX,20/06/2017,767.99,767.99,"+1,16 (+0,15%)",174082870,3750.06,55024069,1025052130000,767.59,768.29,764.42
VNINDEX,19/06/2017,766.83,766.83,"+5,59 (+0,73%)",178804100,3846.89,21172792,518327730000,763.75,766.83,761.24
VNINDEX,16/06/2017,761.24,761.24,"+0,67 (+0,09%)",197513460,4421.53,24180691,739837910000,761.75,762.43,759.98
VNINDEX,15/06/2017,760.57,760.57,"-0,20 (-0,03%)",167145290,3270.26,26138973,810528380000,760.38,762.98,758.17
VNINDEX,14/06/2017,760.77,760.77,"+3,88 (+0,51%)",171867720,3462.1,34473725,842944790000,758.26,761.7,756.82
VNINDEX,13/06/2017,756.89,756.89,"+5,80 (+0,77%)",161472560,3444.62,42699267,1302866000000,751.09,756.89,750.1
VNINDEX,12/06/2017,751.09,751.09,"+1,37 (+0,18%)",168761640,3173.33,15560125,553531030000,751.33,753.41,749.0
VNINDEX,09/06/2017,749.72,749.72,"-0,41 (-0,05%)",170501090,3298.74,8014684,486307860000,749.46,752.01,749.04
VNINDEX,08/06/2017,750.13,750.13,"-3,33 (-0,44%)",177252320,3126.43,85450140,2103163150000,751.7,753.46,748.91
VNINDEX,07/06/2017,753.46,753.46,"+2,15 (+0,29%)",192345690,4066.3,18867643,666521790000,752.75,754.92,751.31
VNINDEX,06/06/2017,751.31,751.31,"+7,82 (+1,05%)",170947990,3613.08,14411700,509387040000,743.99,751.31,743.49
VNINDEX,05/06/2017,743.49,743.49,"+4,68 (+0,63%)",157936290,3579.39,60672468,1596871290000,739.13,745.14,738.35
VNINDEX,02/06/2017,738.81,738.81,"-2,99 (-0,40%)",158389700,3529.31,26159565,898827890000,741.48,742.11,736.09
VNINDEX,01/06/2017,741.8,741.8,"+3,98 (+0,54%)",136773790,3066.55,15464746,529418680000,739.45,742.23,737.82
VNINDEX,31/07/2017,783.55,783.55,"+6,46 (+0,83%)",258874940,4342.71,8230767,359839280000,777.54,783.58,776.72
VNINDEX,28/07/2017,777.09,777.09,"+5,59 (+0,72%)",177186920,3307.26,22692038,782377380000,771.5,777.09,770.82
VNINDEX,27/07/2017,771.5,771.5,"-2,38 (-0,31%)",191436360,3249.26,10932381,330167550000,773.21,774.97,770.3
VNINDEX,26/07/2017,773.88,773.88,"+6,61 (+0,86%)",188632680,3217.3,19688393,521533860000,769.35,773.88,764.92
VNINDEX,25/07/2017,767.27,767.27,"+7,53 (+0,99%)",139582860,2589.51,41157993,1730557350000,757.43,767.27,757.35
VNINDEX,24/07/2017,759.74,759.74,"-2,12 (-0,28%)",146939630,2644.82,11925667,354681080000,759.97,761.86,753.82
VNINDEX,21/07/2017,761.86,761.86,"-6,55 (-0,85%)",162474290,3224.63,17509904,397414130000,768.41,770.43,761.86
VNINDEX,20/07/2017,768.41,768.41,"-2,89 (-0,37%)",172385410,3055.17,11105565,366072720000,768.56,771.3,763.55
VNINDEX,19/07/2017,771.3,771.3,"+3,81 (+0,50%)",205221170,3383.31,31627753,1005375580000,771.33,774.12,767.49
VNINDEX,18/07/2017,767.49,767.49,"-1,42 (-0,18%)",201070890,3512.2,36719232,899842230000,766.88,770.37,762.68
VNINDEX,17/07/2017,768.91,768.91,"-8,69 (-1,12%)",225823120,3949.23,28928185,814073750000,777.7,778.3,766.47
VNINDEX,14/07/2017,777.6,777.6,"-0,70 (-0,09%)",189794180,3105.86,19458331,534852610000,779.72,780.65,776.88
VNINDEX,13/07/2017,778.3,778.3,"+4,13 (+0,53%)",183216330,3134.68,17423922,402962210000,777.12,778.3,773.85
VNINDEX,12/07/2017,774.17,774.17,"+4,81 (+0,63%)",163777890,3196.33,12755353,323576430000,772.6,775.08,769.36
VNINDEX,11/07/2017,769.36,769.36,"+2,80 (+0,37%)",198964720,3370.49,26573326,907487990000,766.56,769.36,761.57
VNINDEX,10/07/2017,766.56,766.56,"-9,17 (-1,18%)",207350440,4034.46,9824319,255729940000,775.85,775.85,764.43
VNINDEX,07/07/2017,775.73,775.73,"-6,92 (-0,88%)",237199480,4116.47,24362351,686836740000,783.73,783.81,775.73
VNINDEX,06/07/2017,782.65,782.65,"+4,33 (+0,56%)",217291680,3586.7,21162051,475425010000,780.5,782.77,778.32
VNINDEX,05/07/2017,778.32,778.32,"+2,78 (+0,36%)",202611490,3122.32,13878620,596384230000,775.85,778.32,773.81
VNINDEX,04/07/2017,775.54,775.54,"-3,34 (-0,43%)",210154270,3272.69,22488493,207716930000,779.15,779.15,772.9
VNINDEX,03/07/2017,778.88,778.88,"+2,41 (+0,31%)",184646110,3486.91,10874940,294086870000,777.2,780.01,775.53
VNINDEX,31/08/2017,782.76,782.76,"+4,11 (+0,53%)",191640520,3733.59,20010821,491346120000,779.19,785.78,778.19
VNINDEX,30/08/2017,778.65,778.65,"+4,62 (+0,60%)",193496470,3251.31,9648947,282801120000,774.31,778.65,773.85
VNINDEX,29/08/2017,774.03,774.03,"-3,23 (-0,42%)",255981300,4117.03,8863933,224740340000,773.91,777.26,773.87
VNINDEX,28/08/2017,777.26,777.26,"+5,63 (+0,73%)",240572610,3950.61,17991963,630708640000,771.81,777.26,770.51
VNINDEX,25/08/2017,771.63,771.63,"+1,86 (+0,24%)",218265430,3411.13,6913302,181872720000,769.07,771.63,768.57
VNINDEX,24/08/2017,769.77,769.77,"+3,79 (+0,49%)",208905050,3174.24,10708004,376015530000,766.48,771.65,764.64
VNINDEX,23/08/2017,765.98,765.98,"+4,72 (+0,62%)",152531930,2533.66,6032555,232376720000,762.42,765.98,759.01
VNINDEX,22/08/2017,761.26,761.26,"-7,53 (-0,98%)",145570650,2662.02,8535040,229595450000,768.2,768.79,760.3
VNINDEX,21/08/2017,768.79,768.79,"-0,18 (-0,02%)",152284410,2793.54,17413544,553730980000,767.42,769.71,765.95
VNINDEX,18/08/2017,768.97,768.97,"+1,38 (+0,18%)",162337400,2859.36,33983315,472320220000,762.82,770.79,762.46
VNINDEX,17/08/2017,767.59,767.59,"-5,98 (-0,77%)",220817310,5272.16,17511911,424057090000,773.48,774.47,767.59
VNINDEX,16/08/2017,773.57,773.57,"+2,51 (+0,33%)",156131920,2845.85,13656163,277384200000,771.1,773.57,766.8
VNINDEX,15/08/2017,771.06,771.06,"-5,11 (-0,66%)",145550720,2708.05,6986543,263714030000,776.64,776.83,770.09
VNINDEX,14/08/2017,776.17,776.17,"+4,09 (+0,53%)",159668260,2779.7,25847143,667453210000,770.65,776.42,770.65
VNINDEX,11/08/2017,772.08,772.08,"-1,35 (-0,17%)",156752670,2880.9,13113707,357612670000,773.43,774.31,769.14
VNINDEX,10/08/2017,773.43,773.43,"-0,23 (-0,03%)",178275390,2995.01,11850460,282998160000,769.58,776.77,769.58
VNINDEX,09/08/2017,773.66,773.66,"-17,91 (-2,26%)",292795000,4765.12,15062302,612848830000,789.15,791.57,773.66
VNINDEX,08/08/2017,791.57,791.57,"-1,41 (-0,18%)",213526640,3751.53,15377183,470880710000,795.8,796.62,789.84
VNINDEX,07/08/2017,792.98,792.98,"+4,30 (+0,55%)",210236060,3632.83,12405398,339594080000,789.41,796.09,788.66
VNINDEX,04/08/2017,788.68,788.68,"+0,19 (+0,02%)",189688130,3453.59,13262083,440725020000,789.46,790.12,786.09
VNINDEX,03/08/2017,788.49,788.49,"+2,26 (+0,29%)",195378820,3711.98,13540142,539403740000,786.23,790.82,786.19
VNINDEX,02/08/2017,786.23,786.23,"-0,58 (-0,07%)",194673150,3670.89,24319975,446739390000,783.45,788.97,779.81
VNINDEX,01/08/2017,786.81,786.81,"+3,26 (+0,42%)",201082610,3658.08,5278273,221985890000,784.44,787.68,783.55
VNINDEX,29/09/2017,804.42,804.42,"-0,40 (-0,05%)",124224690,2744.47,15253642,352863920000,805.07,808.77,804.42
VNINDEX,28/09/2017,804.82,804.82,"+1,05 (+0,13%)",161949260,3319.78,30719061,543539380000,803.1,810.35,803.1
VNINDEX,27/09/2017,803.77,803.77,"-1,58 (-0,20%)",142029330,2973.84,15370637,415777900000,803.32,805.35,801.74
VNINDEX,26/09/2017,805.35,805.35,"-0,23 (-0,03%)",155559280,3224.35,15649195,431030840000,806.4,806.84,801.66
VNINDEX,25/09/2017,805.58,805.58,"-1,55 (-0,19%)",126085700,2780.85,23063144,538231210000,806.9,807.64,802.23
VNINDEX,22/09/2017,807.13,807.13,"+3,20 (+0,40%)",150381610,3353.8,26320446,643429860000,805.15,808.16,803.93
VNINDEX,21/09/2017,803.93,803.93,"-1,93 (-0,24%)",130767410,2975.18,7980417,550532670000,805.29,806.52,802.6
VNINDEX,20/09/2017,805.86,805.86,"-0,07 (-0,01%)",137443940,2938.76,13319768,271289090000,806.88,807.51,803.33
VNINDEX,19/09/2017,805.93,805.93,"-1,94 (-0,24%)",160487610,3449.3,12361386,368242430000,807.87,810.13,805.87
VNINDEX,18/09/2017,807.87,807.87,"+2,05 (+0,25%)",167579320,3549.6,6380623,218570260000,808.51,809.39,805.37
VNINDEX,15/09/2017,805.82,805.82,"-0,50 (-0,06%)",142760690,3719.43,21186424,520115170000,803.35,806.32,802.08
VNINDEX,14/09/2017,806.32,806.32,"+3,54 (+0,44%)",139352800,3299.06,23549532,417573350000,803.34,807.29,802.78
VNINDEX,13/09/2017,802.78,802.78,"+2,84 (+0,36%)",139692830,3575.05,10583880,386161260000,802.85,804.38,799.94
VNINDEX,12/09/2017,799.94,799.94,"+2,47 (+0,31%)",133449030,3405.55,19746948,480039630000,795.53,801.01,794.88
VNINDEX,11/09/2017,797.47,797.47,"-3,73 (-0,47%)",138929970,3244.89,17013690,450978950000,801.2,805.44,797.47
VNINDEX,08/09/2017,801.2,801.2,"+4,48 (+0,56%)",122071810,2835.46,10428369,263325730000,797.98,802.9,796.72
VNINDEX,07/09/2017,796.72,796.72,"+3,17 (+0,40%)",143540810,3306.99,10965085,305429430000,793.61,798.58,792.77
VNINDEX,06/09/2017,793.55,793.55,"+1,24 (+0,16%)",144147770,3058.43,11561156,526991900000,792.16,793.82,788.89
VNINDEX,05/09/2017,792.31,792.31,"+3,58 (+0,45%)",153091050,3097.56,12318002,328280760000,790.26,794.46,787.8
VNINDEX,01/09/2017,788.73,788.73,"+5,97 (+0,76%)",137914410,2854.51,8713778,282462340000,784.42,789.19,782.76
VNINDEX,31/10/2017,837.28,837.28,"-7,92 (-0,94%)",159926430,3000.58,32128184,1042371800000,844.27,845.93,837.28
VNINDEX,30/10/2017,845.2,845.2,"+4,83 (+0,57%)",162129150,3631.95,35166189,881175780000,842.92,849.3,840.37
VNINDEX,27/10/2017,840.37,840.37,"+10,26 (+1,24%)",125941130,2891.39,17424477,536420060000,829.15,840.37,828.45
VNINDEX,26/10/2017,830.11,830.11,"-0,58 (-0,07%)",166974910,3232.0,20432068,779412630000,829.94,834.67,823.92
VNINDEX,25/10/2017,830.69,830.69,"+5,45 (+0,66%)",120610410,2564.81,39556604,1759054900000,826.08,830.69,822.83
VNINDEX,24/10/2017,825.24,825.24,"+5,20 (+0,63%)",141570200,2774.9,38873189,3447924860000,818.08,825.24,814.92
VNINDEX,23/10/2017,820.04,820.04,"-6,80 (-0,82%)",194440930,3690.67,16213271,785171820000,826.25,827.24,818.81
VNINDEX,20/10/2017,826.84,826.84,"-2,09 (-0,25%)",175594060,3906.77,20776259,857605130000,827.93,833.57,826.84
VNINDEX,19/10/2017,828.93,828.93,"+1,21 (+0,15%)",143640120,3511.41,25707618,594450670000,828.89,831.61,825.5
VNINDEX,18/10/2017,827.72,827.72,"-0,57 (-0,07%)",183072810,4028.59,15866356,737922050000,829.43,831.15,826.72
VNINDEX,17/10/2017,828.29,828.29,"+8,86 (+1,08%)",162264680,3339.02,14956432,575836910000,819.51,828.29,819.43
VNINDEX,16/10/2017,819.43,819.43,"-1,52 (-0,19%)",149580780,3364.06,19410733,698697990000,821.54,823.85,819.43
VNINDEX,13/10/2017,820.95,820.95,"+5,08 (+0,62%)",141204400,2922.78,12920150,426811190000,814.6,820.95,814.2
VNINDEX,12/10/2017,815.87,815.87,"+1,92 (+0,24%)",136859420,3203.05,12342756,303246100000,814.43,818.44,813.72
VNINDEX,11/10/2017,813.95,813.95,"+3,30 (+0,41%)",162513710,3316.21,18183320,498620000000,811.2,815.11,810.65
VNINDEX,10/10/2017,810.65,810.65,"+1,69 (+0,21%)",138184800,2967.15,6022973,229831080000,808.43,810.65,806.3
VNINDEX,09/10/2017,808.96,808.96,"+1,16 (+0,14%)",129146140,2619.48,38436069,752603520000,809.61,810.75,806.78
VNINDEX,06/10/2017,807.8,807.8,"+2,57 (+0,32%)",119935950,2426.99,13013675,276603380000,805.7,808.13,803.81
VNINDEX,05/10/2017,805.23,805.23,"-0,43 (-0,05%)",139251920,2997.29,9202805,382879990000,806.56,810.54,805.22
VNINDEX,04/10/2017,805.66,805.66,"+7,66 (+0,96%)",109372380,2216.21,9042967,254979110000,797.39,805.66,797.0
VNINDEX,03/10/2017,798.0,798.0,"-4,23 (-0,53%)",148218410,2911.4,14055934,375469240000,803.98,804.39,795.05
VNINDEX,02/10/2017,802.23,802.23,"-2,19 (-0,27%)",101196300,2126.7,18300488,660495360000,805.29,808.09,801.7
VNINDEX,30/11/2017,949.93,949.93,"-2,21 (-0,23%)",225052010,5253.27,24552710,1252098120000,956.17,960.11,949.93
VNINDEX,29/11/2017,952.14,952.14,"+10,93 (+1,16%)",206121930,4628.04,23709737,907554310000,943.46,952.14,940.4
VNINDEX,28/11/2017,941.21,941.21,"+2,60 (+0,28%)",323706840,6662.28,35812989,2185797560000,939.1,943.45,933.59
VNINDEX,27/11/2017,938.61,938.61,"+3,04 (+0,32%)",225989050,4768.74,26367692,1178115820000,933.38,947.06,931.29
VNINDEX,24/11/2017,935.57,935.57,"+1,87 (+0,20%)",199758010,4475.81,25969509,2005717850000,930.52,937.54,924.65
VNINDEX,23/11/2017,933.7,933.7,"+1,04 (+0,11%)",205435150,4655.21,17787466,827150330000,938.31,943.15,927.0
VNINDEX,22/11/2017,932.66,932.66,"+14,36 (+1,56%)",181455380,4750.32,28687463,1703622140000,921.13,932.66,918.3
VNINDEX,21/11/2017,918.3,918.3,"+14,75 (+1,63%)",207576000,5456.14,22710758,1040721650000,907.51,929.89,903.55
VNINDEX,20/11/2017,903.55,903.55,"+12,86 (+1,44%)",145015010,3710.18,30956770,1954630510000,890.34,903.55,889.55
VNINDEX,17/11/2017,890.69,890.69,"-2,11 (-0,24%)",168088500,4212.88,20449318,1148210430000,893.99,898.11,886.86
VNINDEX,16/11/2017,892.8,892.8,"+10,21 (+1,16%)",169624640,3944.22,36872673,3417490370000,880.17,892.8,880.17
VNINDEX,15/11/2017,882.59,882.59,"+1,69 (+0,19%)",162193450,4039.59,37884309,2652727920000,877.65,884.83,876.6
VNINDEX,14/11/2017,880.9,880.9,"+1,56 (+0,18%)",168957930,5054.32,52769566,4016654430000,881.15,884.14,874.74
VNINDEX,13/11/2017,879.34,879.34,"+11,13 (+1,28%)",189223330,4663.28,94535276,8776803260000,871.7,879.34,868.21
VNINDEX,10/11/2017,868.21,868.21,"+7,81 (+0,91%)",150463680,4780.79,38926667,1217753810000,859.91,869.37,859.24
VNINDEX,09/11/2017,860.4,860.4,"+0,70 (+0,08%)",142874820,3633.96,21567054,994074370000,862.38,864.2,858.16
VNINDEX,08/11/2017,859.7,859.7,"+9,37 (+1,10%)",147296730,3929.16,24383138,1169046090000,853.15,863.07,850.33
VNINDEX,07/11/2017,850.33,850.33,"+1,24 (+0,15%)",150836950,3052.33,433883832,17414430320000,850.2,854.6,847.88
VNINDEX,06/11/2017,849.09,849.09,"+5,36 (+0,64%)",128405430,3017.91,43890105,3328682580000,846.12,849.09,843.73
VNINDEX,03/11/2017,843.73,843.73,"+10,64 (+1,28%)",149701990,3101.2,53549651,1272248670000,833.16,843.73,831.58
VNINDEX,02/11/2017,833.09,833.09,"-9,62 (-1,14%)",174440020,3817.8,18332725,534521720000,842.19,849.53,833.09
VNINDEX,01/11/2017,842.71,842.71,"+5,43 (+0,65%)",154993610,3218.1,17228532,638486110000,838.75,842.88,837.28
VNINDEX,29/12/2017,984.24,984.24,"+7,52 (+0,77%)",180964800,5025.99,30146417,1378117190000,978.39,990.1,976.33
VNINDEX,28/12/2017,976.72,976.72,"+8,26 (+0,85%)",143944680,3864.33,16283938,614423110000,970.63,978.65,967.73
VNINDEX,27/12/2017,968.46,968.46,"+2,53 (+0,26%)",177748110,4312.28,58076894,1594475580000,969.72,972.6,965.18
VNINDEX,26/12/2017,965.93,965.93,"+7,62 (+0,80%)",134417650,3443.35,51619036,1808996010000,960.32,965.93,957.24
VNINDEX,25/12/2017,958.31,958.31,"+5,99 (+0,63%)",116082960,2914.7,52355250,1228580700000,954.28,958.57,952.32
VNINDEX,22/12/2017,952.32,952.32,"+6,26 (+0,66%)",146008550,3702.39,51575727,4090524530000,947.54,952.7,945.18
VNINDEX,21/12/2017,946.06,946.06,"-7,45 (-0,78%)",146788730,4291.2,66829495,1549474840000,949.45,957.56,946.06
VNINDEX,20/12/2017,953.51,953.51,"+2,09 (+0,22%)",174376230,4289.08,46191855,1116373200000,945.12,958.82,945.12
VNINDEX,19/12/2017,951.42,951.42,"-6,64 (-0,69%)",206933350,4843.01,21829102,652191630000,961.03,963.01,951.25
VNINDEX,18/12/2017,958.06,958.06,"+22,90 (+2,45%)",226365940,4472.16,15045385,613265100000,945.9,958.06,935.16
VNINDEX,15/12/2017,935.16,935.16,"-0,69 (-0,07%)",229584110,5627.29,10314137,490723010000,933.63,939.57,932.96
VNINDEX,14/12/2017,935.85,935.85,"+11,45 (+1,24%)",154262610,3151.62,17769868,793264540000,925.51,936.29,923.99
VNINDEX,13/12/2017,924.4,924.4,"-2,85 (-0,31%)",127047580,3040.51,30347223,765592350000,932.05,932.48,922.97
VNINDEX,12/12/2017,927.25,927.25,"+9,80 (+1,07%)",225246300,5103.84,17998342,708412480000,927.67,931.12,895.73
VNINDEX,11/12/2017,917.45,917.45,"-22,71 (-2,42%)",170105480,3765.24,23872376,811747570000,930.17,940.16,917.45
VNINDEX,08/12/2017,940.16,940.16,"+1,51 (+0,16%)",153106250,3605.29,44516498,1584395010000,938.41,944.75,930.29
VNINDEX,07/12/2017,938.65,938.65,"-8,99 (-0,95%)",162853390,3946.08,34035873,801497620000,950.23,954.24,932.68
VNINDEX,06/12/2017,947.64,947.64,"-5,66 (-0,59%)",225172150,5308.69,18288883,862250360000,950.21,953.3,932.64
VNINDEX,05/12/2017,953.3,953.3,"-16,72 (-1,72%)",237663970,5867.86,27843597,1472669390000,972.28,974.8,953.3
VNINDEX,04/12/2017,970.02,970.02,"+9,69 (+1,01%)",253286410,5472.78,16715603,747261200000,962.47,972.53,960.33
VNINDEX,01/12/2017,960.33,960.33,"+10,40 (+1,09%)",204845390,4379.85,22885192,906023280000,952.76,960.33,949.93
VNINDEX,31/01/2018,1110.36,1110.36,"-0,20 (-0,02%)",312880930,8336.86,38332753,1549416400000,1112.23,1128.1,1104.98
VNINDEX,30/01/2018,1110.56,1110.56,"+0,76 (+0,07%)",287489730,8059.36,47915196,1268135150000,1099.98,1110.56,1092.44
VNINDEX,29/01/2018,1109.8,1109.8,"-5,84 (-0,52%)",263321700,7502.09,13410160,644798650000,1121.78,1130.1,1109.8
VNINDEX,26/01/2018,1115.64,1115.64,"+11,07 (+1,00%)",261062660,7562.74,31906843,1739760990000,1119.78,1123.83,1103.06
VNINDEX,25/01/2018,1104.57,1104.57,"+17,15 (+1,58%)",445940510,12187.32,64980175,2140365850000,1098.44,1117.08,1087.42
VNINDEX,22/01/2018,1087.42,1087.42,"+25,35 (+2,39%)",246215500,6851.67,19893154,696829740000,1066.86,1088.05,1062.07
VNINDEX,19/01/2018,1062.07,1062.07,"+11,82 (+1,13%)",279706010,8242.0,62760524,1803542490000,1054.33,1067.21,1050.25
VNINDEX,18/01/2018,1050.25,1050.25,"+15,56 (+1,50%)",256859550,6639.52,24738339,987577870000,1028.76,1050.25,1020.01
VNINDEX,17/01/2018,1034.69,1034.69,"-28,27 (-2,66%)",294301610,7042.6,38308822,1625438880000,1061.98,1064.77,1034.69
VNINDEX,16/01/2018,1062.96,1062.96,"-0,51 (-0,05%)",294792490,7011.8,45480875,1270185400000,1059.36,1065.39,1052.43
VNINDEX,15/01/2018,1063.47,1063.47,"+13,36 (+1,27%)",256567310,6427.96,36141164,1281064630000,1049.91,1063.47,1043.15
VNINDEX,12/01/2018,1050.11,1050.11,"+1,94 (+0,19%)",320836070,8354.67,31135293,1227875770000,1050.17,1057.88,1046.38
VNINDEX,11/01/2018,1048.17,1048.17,"+10,06 (+0,97%)",288550670,6679.74,26101765,1257496990000,1037.03,1049.73,1031.13
VNINDEX,10/01/2018,1038.11,1038.11,"+4,55 (+0,44%)",341600970,8119.2,33485643,1093402480000,1034.64,1045.63,1033.01
VNINDEX,09/01/2018,1033.56,1033.56,"+10,66 (+1,04%)",290482980,7057.31,29894502,998169180000,1027.14,1033.56,1017.86
VNINDEX,08/01/2018,1022.9,1022.9,"+10,25 (+1,01%)",236387900,5874.62,32401010,1409839610000,1011.36,1022.9,1004.89
VNINDEX,05/01/2018,1012.65,1012.65,"-7,10 (-0,70%)",267882440,6762.72,16148332,965062320000,1020.34,1020.6,1010.65
VNINDEX,04/01/2018,1019.75,1019.75,"+14,08 (+1,40%)",235427380,5453.9,17481240,760956530000,1009.37,1019.75,1005.67
VNINDEX,03/01/2018,1005.67,1005.67,"+9,90 (+0,99%)",212755670,5675.91,24540102,666487220000,999.86,1010.21,995.77
VNINDEX,02/01/2018,995.77,995.77,"+11,53 (+1,17%)",173125210,5121.29,12895178,560263430000,986.05,996.18,984.24
VNINDEX,28/02/2018,1121.54,1121.54,"+1,93 (+0,17%)",213347390,6826.38,19238167,1026722270000,1110.3,1129.89,1109.89
VNINDEX,27/02/2018,1119.61,1119.61,"+5,08 (+0,46%)",175305260,5462.88,21368211,779051460000,1124.03,1124.03,1106.77
VNINDEX,26/02/2018,1114.53,1114.53,"+11,68 (+1,06%)",221574620,6953.93,12535707,462359180000,1115.9,1127.57,1102.85
VNINDEX,23/02/2018,1102.85,1102.85,"+26,82 (+2,49%)",177049320,5608.47,12026726,436134250000,1086.81,1102.85,1076.03
VNINDEX,22/02/2018,1076.03,1076.03,"-11,12 (-1,02%)",185011630,5272.21,15352864,849558510000,1087.15,1091.62,1074.27
VNINDEX,21/02/2018,1087.15,1087.15,"+27,42 (+2,59%)",165043220,5053.23,12523536,672768230000,1073.33,1092.65,1059.73
VNINDEX,13/02/2018,1059.73,1059.73,"+17,94 (+1,72%)",157958690,4328.0,16327457,651651580000,1053.31,1060.48,1041.79
VNINDEX,12/02/2018,1041.79,1041.79,"+37,85 (+3,77%)",162098570,4703.84,9003327,361409760000,1011.64,1041.79,1003.94
VNINDEX,09/02/2018,1003.94,1003.94,"-19,31 (-1,89%)",199516810,4961.17,43716721,1473708200000,991.09,1023.25,973.78
VNINDEX,08/02/2018,1023.25,1023.25,"-17,30 (-1,66%)",161025060,3600.05,20475341,1208698090000,1031.46,1040.55,1023.25
VNINDEX,07/02/2018,1040.55,1040.55,"+28,95 (+2,86%)",208749250,5272.46,32433974,1341004890000,1040.53,1048.54,1011.6
VNINDEX,06/02/2018,1011.6,1011.6,"-37,11 (-3,54%)",364437550,9471.3,116269472,5699259190000,1026.08,1048.71,983.06
VNINDEX,05/02/2018,1048.71,1048.71,"-56,33 (-5,10%)",248154720,6468.8,33886723,1834074800000,1089.62,1105.04,1048.71
VNINDEX,02/02/2018,1105.04,1105.04,"+5,37 (+0,49%)",172601930,5065.82,27706300,928879430000,1098.66,1105.04,1091.06
VNINDEX,01/02/2018,1099.67,1099.67,"-10,69 (-0,96%)",233072190,5978.08,36100690,1150164580000,1111.74,1111.74,1090.25
VNINDEX,30/03/2018,1174.46,1174.46,"+7,43 (+0,64%)",150318960,4561.93,54576173,1643289430000,1167.03,1175.36,1158.49
VNINDEX,29/03/2018,1167.03,1167.03,"-5,21 (-0,44%)",150321430,4252.74,34929195,2358061400000,1174.73,1176.45,1164.12
VNINDEX,28/03/2018,1172.24,1172.24,"+0,51 (+0,04%)",165131520,4305.15,43418000,1860671550000,1168.87,1179.18,1165.71
VNINDEX,27/03/2018,1171.73,1171.73,"+0,51 (+0,04%)",201305790,5608.72,36456536,1225898770000,1187.42,1187.42,1169.58
VNINDEX,26/03/2018,1171.22,1171.22,"+17,63 (+1,53%)",175879690,5808.46,35815558,1629576340000,1150.51,1176.95,1150.51
VNINDEX,23/03/2018,1153.59,1153.59,"-18,77 (-1,60%)",237107530,6787.12,24850096,970050590000,1154.25,1172.36,1138.53
VNINDEX,22/03/2018,1172.36,1172.36,"+3,00 (+0,26%)",215497530,6088.99,17824068,542153360000,1175.22,1180.44,1169.36
VNINDEX,21/03/2018,1169.36,1169.36,"+9,97 (+0,86%)",212812970,6137.8,24861967,1184019160000,1166.51,1172.31,1159.39
VNINDEX,20/03/2018,1159.39,1159.39,"+0,17 (+0,01%)",189756080,5509.53,24281438,810625910000,1154.48,1166.33,1154.48
VNINDEX,19/03/2018,1159.22,1159.22,"+9,03 (+0,79%)",221555290,6056.32,50492804,1503779800000,1158.16,1165.63,1150.19
VNINDEX,16/03/2018,1150.19,1150.19,"+11,43 (+1,00%)",260196900,8713.04,48419286,2041992820000,1144.54,1152.52,1138.76
VNINDEX,15/03/2018,1138.76,1138.76,"+0,67 (+0,06%)",207105860,5916.64,25295866,748243340000,1134.51,1140.74,1129.66
VNINDEX,14/03/2018,1138.09,1138.09,"+4,78 (+0,42%)",222436340,6406.79,28112316,714337230000,1135.99,1142.88,1133.31
VNINDEX,13/03/2018,1133.31,1133.31,"+7,02 (+0,62%)",208112910,5932.82,25086380,984299180000,1126.53,1133.31,1118.49
VNINDEX,12/03/2018,1126.29,1126.29,"+2,88 (+0,26%)",197146780,5931.9,47534197,1541077070000,1135.37,1135.48,1123.41
VNINDEX,09/03/2018,1123.41,1123.41,"-0,74 (-0,07%)",205512360,6198.92,12243358,770766150000,1128.73,1135.02,1119.18
VNINDEX,08/03/2018,1124.15,1124.15,"+11,89 (+1,07%)",186579760,5007.7,14338105,718309280000,1112.24,1126.35,1111.76
VNINDEX,07/03/2018,1112.26,1112.26,"-8,03 (-0,72%)",239942030,6192.25,39134114,1462659320000,1121.99,1126.67,1103.29
VNINDEX,06/03/2018,1120.29,1120.29,"+26,81 (+2,45%)",210241820,6137.28,26090978,1013268660000,1106.28,1120.29,1091.67
VNINDEX,05/03/2018,1093.48,1093.48,"-27,73 (-2,47%)",252795970,7921.53,24885429,1827973120000,1129.92,1132.69,1093.48
VNINDEX,02/03/2018,1121.21,1121.21,"+5,42 (+0,49%)",188043270,5839.88,22026086,791801040000,1103.16,1121.91,1103.16
VNINDEX,01/03/2018,1115.79,1115.79,"-5,75 (-0,51%)",207156270,6408.17,20243880,920390410000,1121.54,1129.3,1110.92
VNINDEX,27/04/2018,1050.26,1050.26,"+5,40 (+0,52%)",152853910,4748.82,38743845,1157040720000,1037.36,1054.94,1031.89
VNINDEX,26/04/2018,1044.86,1044.86,"-35,88 (-3,32%)",184919930,5775.4,23555962,1028508830000,1082.52,1082.52,1039.35
VNINDEX,24/04/2018,1080.74,1080.74,"+3,96 (+0,37%)",166004870,5623.98,20601024,657601890000,1064.86,1084.89,1048.68
VNINDEX,23/04/2018,1076.78,1076.78,"-43,08 (-3,85%)",194901680,6002.3,23064619,1140071620000,1124.33,1127.24,1076.78
VNINDEX,20/04/2018,1119.86,1119.86,"+25,23 (+2,30%)",142780270,4827.92,71868734,4485434360000,1095.84,1119.86,1078.01
VNINDEX,19/04/2018,1094.63,1094.63,"-43,90 (-3,86%)",183841740,6294.59,20172298,999122850000,1137.99,1138.53,1094.63
VNINDEX,18/04/2018,1138.53,1138.53,"-14,75 (-1,28%)",152174130,4462.95,19930824,893437310000,1153.28,1160.32,1138.42
VNINDEX,17/04/2018,1153.28,1153.28,"+4,79 (+0,42%)",139854490,4194.36,35903730,1241169000000,1149.02,1156.7,1139.33
VNINDEX,16/04/2018,1148.49,1148.49,"-8,65 (-0,75%)",138666630,4171.82,58324485,3727029510000,1156.54,1159.45,1141.81
VNINDEX,13/04/2018,1157.14,1157.14,"-15,88 (-1,35%)",156898440,4990.24,39228678,2377061360000,1178.57,1181.52,1153.93
VNINDEX,12/04/2018,1173.02,1173.02,"+5,91 (+0,51%)",168958120,5217.76,11027671,738904320000,1162.48,1173.02,1153.64
VNINDEX,11/04/2018,1167.11,1167.11,"-31,01 (-2,59%)",245785470,7519.41,40290390,1803862110000,1201.51,1202.46,1167.11
VNINDEX,10/04/2018,1198.12,1198.12,"-6,21 (-0,52%)",246566650,7788.56,40158292,1446360790000,1207.62,1211.34,1192.22
VNINDEX,09/04/2018,1204.33,1204.33,"+4,37 (+0,36%)",222920660,6964.09,28529908,1055143160000,1202.44,1207.45,1197.44
VNINDEX,06/04/2018,1199.96,1199.96,"+6,79 (+0,57%)",217719530,6308.34,34338772,1075190280000,1194.15,1202.59,1193.17
VNINDEX,05/04/2018,1193.17,1193.17,"+1,63 (+0,14%)",186567260,5460.04,54625073,2392285150000,1197.76,1199.15,1186.75
VNINDEX,04/04/2018,1191.54,1191.54,"+3,25 (+0,27%)",194006930,5918.5,44678403,2635474580000,1194.26,1200.71,1188.29
VNINDEX,03/04/2018,1188.29,1188.29,"-8,32 (-0,70%)",217626820,6660.39,37616485,1319936800000,1197.0,1199.93,1185.83
VNINDEX,02/04/2018,1196.61,1196.61,"+22,15 (+1,89%)",221037550,6702.46,24723849,1337792540000,1180.26,1196.61,1174.46
VNINDEX,31/05/2018,971.25,971.25,"+22,75 (+2,40%)",140721200,4723.78,41322439,1263056990000,947.96,975.51,945.29
VNINDEX,30/05/2018,948.5,948.5,"-3,68 (-0,39%)",117512290,3586.61,28740797,1011421000000,953.41,953.41,932.26
VNINDEX,29/05/2018,952.18,952.18,"+20,43 (+2,19%)",155301290,4246.9,28685702,1092936940000,925.89,958.96,916.0
VNINDEX,28/05/2018,931.75,931.75,"-32,15 (-3,34%)",191197120,4920.12,28087386,1138000640000,938.86,963.9,927.47
VNINDEX,25/05/2018,963.9,963.9,"-22,02 (-2,23%)",122933860,3684.07,27320045,1059191720000,981.47,987.56,963.9
VNINDEX,24/05/2018,985.92,985.92,"-3,02 (-0,31%)",104772830,3292.38,24514110,837081880000,992.24,995.82,974.14
VNINDEX,23/05/2018,988.94,988.94,"+3,03 (+0,31%)",126755700,3975.77,55401373,2652547340000,974.8,995.25,965.92
VNINDEX,22/05/2018,985.91,985.91,"-29,07 (-2,86%)",158542820,4248.7,21943501,967801750000,1006.18,1015.97,976.73
VNINDEX,21/05/2018,1014.98,1014.98,"-25,56 (-2,46%)",104031010,3048.98,19061301,667056890000,1043.82,1043.82,1014.98
VNINDEX,18/05/2018,1040.54,1040.54,"+9,90 (+0,96%)",118092350,3431.63,290129069,31572422780000,1033.33,1040.84,1013.57
VNINDEX,17/05/2018,1030.64,1030.64,"-23,98 (-2,27%)",107387050,3221.86,22236625,1034781790000,1055.21,1057.84,1030.64
VNINDEX,16/05/2018,1054.62,1054.62,"-18,88 (-1,76%)",121268150,3206.33,28777531,786372580000,1070.34,1073.5,1052.18
VNINDEX,15/05/2018,1073.5,1073.5,"+6,52 (+0,61%)",125232780,3652.05,33113926,941183860000,1072.25,1084.2,1066.98
VNINDEX,14/05/2018,1066.98,1066.98,"+22,13 (+2,12%)",112785900,3481.35,25155140,839919770000,1051.69,1066.98,1042.31
VNINDEX,11/05/2018,1044.85,1044.85,"+15,98 (+1,55%)",122737900,3450.3,12084276,660535480000,1026.34,1044.85,1014.3
VNINDEX,10/05/2018,1028.87,1028.87,"-28,10 (-2,66%)",143626080,3966.13,61317811,2765684190000,1058.22,1059.34,1025.75
VNINDEX,09/05/2018,1056.97,1056.97,"-3,48 (-0,33%)",125896530,3318.46,35434617,1855958760000,1058.33,1069.8,1051.79
VNINDEX,08/05/2018,1060.45,1060.45,"-1,81 (-0,17%)",131146470,3754.66,38917629,1380674870000,1061.12,1072.28,1057.24
VNINDEX,07/05/2018,1062.26,1062.26,"+35,46 (+3,45%)",122128310,3485.01,32998154,1443353470000,1034.64,1062.26,1026.8
VNINDEX,04/05/2018,1026.8,1026.8,"+0,34 (+0,03%)",125862200,3444.27,37211196,1534155040000,1032.12,1037.02,1022.1
VNINDEX,03/05/2018,1026.46,1026.46,"-2,62 (-0,25%)",170959320,5099.29,32597557,1485805640000,1018.47,1029.08,1003.79
VNINDEX,02/05/2018,1029.08,1029.08,"-21,18 (-2,02%)",151711850,4445.43,31550371,1301514510000,1053.26,1053.52,1024.75
VNINDEX,29/06/2018,960.78,960.78,"+3,43 (+0,36%)",110043130,2956.95,36365053,1218272380000,955.64,962.93,950.48
VNINDEX,28/06/2018,957.35,957.35,"-11,56 (-1,19%)",130318210,3178.32,28749982,818199050000,964.76,976.12,954.46
VNINDEX,27/06/2018,968.91,968.91,"-14,11 (-1,44%)",126510710,2649.73,52938723,3261215100000,981.44,984.46,968.91
VNINDEX,26/06/2018,983.02,983.02,"-7,50 (-0,76%)",114881010,2137.6,50499258,1489711820000,977.78,990.52,970.75
VNINDEX,25/06/2018,990.52,990.52,"+7,35 (+0,75%)",118181310,2739.1,23905685,624958950000,997.34,997.34,983.17
VNINDEX,22/06/2018,983.17,983.17,"+13,77 (+1,42%)",102746580,2790.31,29610823,947791810000,963.89,983.57,959.91
VNINDEX,21/06/2018,969.4,969.4,"-11,55 (-1,18%)",94237830,2429.31,22812326,759470430000,979.57,980.95,966.28
VNINDEX,20/06/2018,980.95,980.95,"+18,79 (+1,95%)",119730870,3171.57,34336189,815271050000,957.37,980.95,955.61
VNINDEX,19/06/2018,962.16,962.16,"-25,18 (-2,55%)",203659510,5556.55,47327739,1271633770000,972.38,987.34,941.57
VNINDEX,18/06/2018,987.34,987.34,"-29,17 (-2,87%)",145591940,3700.94,35798221,925511800000,1015.56,1018.98,986.88
VNINDEX,15/06/2018,1016.51,1016.51,"+0,79 (+0,08%)",144865820,4041.51,20561562,902298370000,1012.71,1018.95,1006.75
VNINDEX,14/06/2018,1015.72,1015.72,"-14,81 (-1,44%)",135233070,3641.19,31336292,948891100000,1030.53,1033.46,1015.72
VNINDEX,13/06/2018,1030.53,1030.53,"+9,77 (+0,96%)",94519770,2981.29,21536037,908608080000,1017.93,1030.53,1017.93
VNINDEX,12/06/2018,1020.76,1020.76,"-18,26 (-1,76%)",169945710,5127.5,42538336,1254875130000,1033.55,1039.02,1005.1
VNINDEX,11/06/2018,1039.02,1039.02,"+0,01 (0,00%)",133836660,4057.76,51707982,3443173280000,1033.55,1045.6,1029.19
VNINDEX,08/06/2018,1039.01,1039.01,"+2,32 (+0,22%)",124180340,3721.21,23971141,773205990000,1032.59,1039.07,1026.94
VNINDEX,07/06/2018,1036.69,1036.69,"+2,19 (+0,21%)",151829230,4334.91,21321085,679357890000,1038.93,1043.71,1030.79
VNINDEX,06/06/2018,1034.5,1034.5,"+11,76 (+1,15%)",147456500,4262.08,14626226,741451610000,1020.97,1034.5,1012.98
VNINDEX,05/06/2018,1022.74,1022.74,"+8,96 (+0,88%)",173096680,4828.92,39366430,2986343580000,1013.59,1025.26,1011.59
VNINDEX,04/06/2018,1013.78,1013.78,"+20,91 (+2,11%)",146895440,4438.63,19193108,653178790000,994.48,1013.78,992.01
VNINDEX,01/06/2018,992.87,992.87,"+21,62 (+2,23%)",160913600,4743.39,43180626,1213705780000,973.67,995.06,971.25
VNINDEX,31/07/2018,956.39,956.39,"+6,66 (+0,70%)",229774470,4367.82,12628067,322849560000,948.56,959.07,947.32
VNINDEX,30/07/2018,949.73,949.73,"+14,21 (+1,52%)",184174690,3419.95,9164532,344397430000,935.52,949.73,935.52
VNINDEX,27/07/2018,935.52,935.52,"+5,36 (+0,58%)",163302090,3026.46,15956395,671402380000,931.9,937.23,928.82
VNINDEX,26/07/2018,930.16,930.16,"+2,58 (+0,28%)",175235210,3161.94,20247155,470185160000,928.96,930.32,920.99
VNINDEX,25/07/2018,927.58,927.58,"-6,50 (-0,70%)",201884580,3319.24,30830507,1273300430000,936.57,938.33,927.58
VNINDEX,24/07/2018,934.08,934.08,"-2,66 (-0,28%)",169638570,3388.29,34264802,1149479180000,933.22,939.07,926.3
VNINDEX,23/07/2018,936.74,936.74,"+3,35 (+0,36%)",190030610,3705.71,18528220,1009896550000,931.52,949.14,930.25
VNINDEX,20/07/2018,933.39,933.39,"-10,58 (-1,12%)",178891900,3831.97,25109487,1110829360000,938.83,943.97,930.26
VNINDEX,19/07/2018,943.97,943.97,"+1,58 (+0,17%)",166922920,3670.12,32283248,851848140000,942.39,947.07,939.58
VNINDEX,18/07/2018,942.39,942.39,"+21,12 (+2,29%)",184648680,3930.06,39292348,1013622930000,926.14,942.39,921.27
VNINDEX,17/07/2018,921.27,921.27,"+10,16 (+1,12%)",136304660,2928.16,19550141,603981380000,905.32,921.27,902.02
VNINDEX,16/07/2018,911.11,911.11,"+1,39 (+0,15%)",110882460,2260.12,25359282,1216558050000,914.22,917.63,905.27
VNINDEX,13/07/2018,909.72,909.72,"+11,21 (+1,25%)",121978590,2249.22,18436415,620247070000,904.8,912.53,898.51
VNINDEX,12/07/2018,898.51,898.51,"+5,35 (+0,60%)",90464330,1816.8,23315197,531763300000,891.21,905.72,884.75
VNINDEX,11/07/2018,893.16,893.16,"-17,96 (-1,97%)",138119530,2951.14,20534443,828707030000,898.08,911.12,885.09
VNINDEX,10/07/2018,911.12,911.12,"-4,00 (-0,44%)",93102100,2104.49,25341681,672509470000,919.44,921.96,911.12
VNINDEX,09/07/2018,915.12,915.12,"-2,39 (-0,26%)",106167080,2245.49,13738396,491944090000,922.72,929.5,915.12
VNINDEX,06/07/2018,917.51,917.51,"+18,11 (+2,01%)",141624520,3223.92,17531234,482296270000,891.16,921.75,884.99
VNINDEX,05/07/2018,899.4,899.4,"-15,59 (-1,70%)",127434590,2972.38,15562807,698186650000,914.48,921.85,892.67
VNINDEX,04/07/2018,914.99,914.99,"+8,98 (+0,99%)",115604640,2922.46,12474377,505542780000,904.34,914.99,890.83
VNINDEX,03/07/2018,906.01,906.01,"-41,14 (-4,34%)",161389340,3893.51,19310216,633614840000,945.87,947.15,906.01
VNINDEX,02/07/2018,947.15,947.15,"-13,63 (-1,42%)",142222740,3330.62,25984604,756678470000,955.18,960.78,932.66
VNINDEX,31/08/2018,989.54,989.54,"-8,53 (-0,85%)",163243740,4104.38,23303181,704226880000,998.55,1003.06,989.54
VNINDEX,30/08/2018,998.07,998.07,"+9,90 (+1,00%)",156100950,3729.35,30593566,844890080000,987.62,998.07,983.43
VNINDEX,29/08/2018,988.17,988.17,"-7,02 (-0,71%)",147774090,3276.83,29118026,772967760000,995.05,995.19,987.47
VNINDEX,28/08/2018,995.19,995.19,"+3,27 (+0,33%)",160331540,3878.87,15942841,463729980000,991.92,995.29,989.81
VNINDEX,27/08/2018,991.92,991.92,"+4,87 (+0,49%)",172686090,3908.9,16818551,568171410000,990.19,994.54,987.05
VNINDEX,24/08/2018,987.05,987.05,"-0,31 (-0,03%)",154534730,3670.91,25538978,833886140000,985.49,989.21,982.88
VNINDEX,23/08/2018,987.36,987.36,"+5,21 (+0,53%)",136864890,3211.3,9985947,297084680000,984.12,989.45,982.15
VNINDEX,22/08/2018,982.15,982.15,"+2,94 (+0,30%)",165152300,3534.85,38956181,985570190000,979.21,986.36,979.21
VNINDEX,21/08/2018,979.21,979.21,"+9,59 (+0,99%)",166417760,3392.9,34156869,1040103910000,968.46,979.21,968.45
VNINDEX,20/08/2018,969.62,969.62,"+0,74 (+0,08%)",159945460,3506.81,20886384,499581360000,970.81,973.57,966.46
VNINDEX,17/08/2018,968.88,968.88,"+4,60 (+0,48%)",136124710,3056.07,14941777,455115420000,971.4,975.52,964.28
VNINDEX,16/08/2018,964.28,964.28,"+2,91 (+0,30%)",155986290,3766.42,18046950,595348520000,952.83,964.28,947.09
VNINDEX,15/08/2018,961.37,961.37,"-16,90 (-1,73%)",171025160,3815.75,17918065,639661890000,980.45,982.0,961.37
VNINDEX,14/08/2018,978.27,978.27,"+0,23 (+0,02%)",149752820,3617.25,27546942,576880040000,979.66,981.42,974.47
VNINDEX,13/08/2018,978.04,978.04,"+9,57 (+0,99%)",178091820,4403.31,35127271,642339470000,966.46,978.04,963.41
VNINDEX,10/08/2018,968.47,968.47,"+4,97 (+0,52%)",171440130,3545.91,13806890,465785600000,962.03,968.47,955.04
VNINDEX,09/08/2018,963.5,963.5,"-2,77 (-0,29%)",156257390,3803.43,11383648,444713610000,968.57,972.52,963.5
VNINDEX,08/08/2018,966.27,966.27,"+9,48 (+0,99%)",140667750,3091.7,14497356,504665520000,958.31,966.27,956.79
VNINDEX,07/08/2018,956.79,956.79,"-3,44 (-0,36%)",138303880,3310.04,23831912,1552330640000,957.7,962.02,953.71
VNINDEX,06/08/2018,960.23,960.23,"+0,63 (+0,07%)",153665970,3389.09,75995957,1870314440000,960.12,962.99,955.42
VNINDEX,03/08/2018,959.6,959.6,"+6,05 (+0,63%)",166126830,3758.7,31400617,1014288310000,957.92,966.1,953.55
VNINDEX,02/08/2018,953.55,953.55,"+0,78 (+0,08%)",197722680,3770.37,14738633,555944430000,952.75,953.55,942.39
VNINDEX,01/08/2018,952.77,952.77,"-3,62 (-0,38%)",180793930,3539.04,21328078,922985480000,957.35,960.05,949.89
VNINDEX,28/09/2018,1017.13,1017.13,"+1,76 (+0,17%)",224567020,5136.99,22654760,1002428990000,1019.34,1020.84,1015.37
VNINDEX,27/09/2018,1015.37,1015.37,"+5,76 (+0,57%)",180962780,4242.61,26817994,771373810000,1012.57,1017.78,1009.61
VNINDEX,26/09/2018,1009.61,1009.61,"-1,13 (-0,11%)",219897580,4560.84,41608324,630210270000,1008.93,1014.86,1007.44
VNINDEX,25/09/2018,1010.74,1010.74,"-0,55 (-0,05%)",198241540,3923.71,33743001,1051308320000,1011.94,1014.53,1008.67
VNINDEX,24/09/2018,1011.29,1011.29,"+6,55 (+0,65%)",169398920,3743.64,17323717,643865400000,1007.52,1011.29,1002.97
VNINDEX,21/09/2018,1002.97,1002.97,"-1,77 (-0,18%)",273413180,7684.39,29038695,1500757340000,1006.25,1009.1,1000.39
VNINDEX,20/09/2018,1004.74,1004.74,"+9,20 (+0,92%)",179431950,3906.56,25127670,1112950340000,995.54,1004.74,995.54
VNINDEX,19/09/2018,995.54,995.54,"+2,05 (+0,21%)",206247050,4176.79,38169596,943351140000,998.65,1001.83,993.49
VNINDEX,18/09/2018,993.49,993.49,"+5,88 (+0,60%)",171104330,3739.35,26280643,957105270000,983.43,993.49,981.89
VNINDEX,17/09/2018,987.61,987.61,"-3,73 (-0,38%)",146741120,3273.87,17867694,629696900000,990.65,993.83,987.02
VNINDEX,14/09/2018,991.34,991.34,"+3,39 (+0,34%)",149728940,3531.52,28754648,973782820000,987.95,995.55,987.95
VNINDEX,13/09/2018,987.95,987.95,"+0,94 (+0,10%)",148842470,3184.86,24059887,656266320000,987.48,992.96,984.92
VNINDEX,12/09/2018,987.01,987.01,"+1,95 (+0,20%)",170858030,3702.63,13295722,455323010000,990.0,994.83,985.06
VNINDEX,11/09/2018,985.06,985.06,"+14,72 (+1,52%)",158843940,3564.84,33973378,843869070000,968.41,985.06,967.92
VNINDEX,10/09/2018,970.34,970.34,"+1,44 (+0,15%)",150338320,2923.41,40333619,734278940000,969.74,974.59,968.19
VNINDEX,07/09/2018,968.9,968.9,"+10,71 (+1,12%)",152617370,3116.46,17153763,338736210000,955.5,969.34,955.5
VNINDEX,06/09/2018,958.19,958.19,"-10,25 (-1,06%)",142238280,2983.48,18144882,560578400000,968.37,970.84,957.99
VNINDEX,05/09/2018,968.44,968.44,"-7,50 (-0,77%)",161390790,3617.33,19757899,637460300000,975.05,978.78,964.8
VNINDEX,04/09/2018,975.94,975.94,"-13,60 (-1,37%)",172128470,3643.17,13812579,344245580000,990.79,992.18,975.94
VNINDEX,31/10/2018,914.76,914.76,"+26,07 (+2,93%)",159222360,3216.79,56969799,3763855300000,894.23,914.76,888.69
VNINDEX,30/10/2018,888.69,888.69,"-0,13 (-0,01%)",119547410,2513.43,13768938,422759890000,881.32,894.8,880.85
VNINDEX,29/10/2018,888.82,888.82,"-12,00 (-1,33%)",113424680,2450.61,26568308,761091790000,895.05,900.82,884.92
VNINDEX,26/10/2018,900.82,900.82,"-9,35 (-1,03%)",133621650,2865.92,23722143,362942760000,918.11,918.16,900.82
VNINDEX,25/10/2018,910.17,910.17,"-12,56 (-1,36%)",163619880,3601.58,14151560,725346110000,902.59,922.73,885.34
VNINDEX,24/10/2018,922.73,922.73,"-16,95 (-1,80%)",132105240,2943.45,17240883,598932570000,935.25,939.68,922.73
VNINDEX,23/10/2018,939.68,939.68,"-13,83 (-1,45%)",181840880,4062.77,21096335,956524800000,950.12,953.51,925.29
VNINDEX,22/10/2018,953.51,953.51,"-4,85 (-0,51%)",133005070,3028.96,14526379,613658360000,958.36,963.79,953.51
VNINDEX,19/10/2018,958.36,958.36,"-5,11 (-0,53%)",132371320,3063.71,21198469,937919660000,949.94,963.47,945.83
VNINDEX,18/10/2018,963.47,963.47,"-8,13 (-0,84%)",126109950,2696.58,19349457,561777140000,968.93,971.6,962.68
VNINDEX,17/10/2018,971.6,971.6,"+8,23 (+0,85%)",137768810,3209.32,14505323,598828690000,973.14,975.27,963.37
VNINDEX,16/10/2018,963.37,963.37,"+11,73 (+1,23%)",117735940,2709.64,31396760,1120162470000,950.36,963.69,950.36
VNINDEX,15/10/2018,951.64,951.64,"-18,44 (-1,90%)",123102110,2768.03,21203898,687665120000,968.8,970.08,951.64
VNINDEX,12/10/2018,970.08,970.08,"+24,19 (+2,56%)",203631780,4528.68,25258586,543937780000,939.2,970.08,933.35
VNINDEX,11/10/2018,945.89,945.89,"-48,07 (-4,84%)",344023630,7389.81,9508800,421515830000,972.21,993.96,938.83
VNINDEX,10/10/2018,993.96,993.96,"-2,23 (-0,22%)",171846560,3765.01,19514650,578252020000,998.66,999.62,991.22
VNINDEX,09/10/2018,996.19,996.19,"+0,07 (+0,01%)",178954450,3546.69,23639617,786067900000,998.7,1001.87,996.12
VNINDEX,08/10/2018,996.12,996.12,"-12,27 (-1,22%)",185949540,4152.62,19566375,944403870000,1003.31,1008.39,996.12
VNINDEX,05/10/2018,1008.39,1008.39,"-15,23 (-1,49%)",206650560,4481.31,87500234,7107728380000,1020.21,1023.62,1008.39
VNINDEX,04/10/2018,1023.62,1023.62,"+3,22 (+0,32%)",183870790,4365.91,12746805,359651520000,1024.68,1024.68,1020.4
VNINDEX,03/10/2018,1020.4,1020.4,"+1,61 (+0,16%)",160155660,3493.47,14234728,500361920000,1021.08,1024.59,1016.47
VNINDEX,02/10/2018,1018.79,1018.79,"+5,91 (+0,58%)",203932870,4882.5,154458232,12432797870000,1014.26,1021.51,1012.88
VNINDEX,01/10/2018,1012.88,1012.88,"-4,25 (-0,42%)",225044930,4961.5,22815531,958167970000,1019.49,1023.87,1012.88
VNINDEX,30/11/2018,926.54,926.54,"-0,25 (-0,03%)",128769250,2864.12,29817479,1224898470000,924.49,928.92,921.08
VNINDEX,29/11/2018,926.79,926.79,"-3,41 (-0,37%)",117424890,2506.84,14393454,449161750000,934.88,937.75,926.79
VNINDEX,28/11/2018,930.2,930.2,"+7,08 (+0,77%)",96777710,2094.09,39582141,1156949850000,923.12,930.2,922.03
VNINDEX,27/11/2018,923.12,923.12,"+2,09 (+0,23%)",109001530,2297.14,43637013,1376079050000,925.12,930.37,921.03
VNINDEX,26/11/2018,921.03,921.03,"+3,06 (+0,33%)",90451440,1981.92,28280360,1624221290000,915.67,921.96,914.43
VNINDEX,23/11/2018,917.97,917.97,"-6,45 (-0,70%)",111905790,2102.46,26059207,978152870000,923.91,925.84,916.87
VNINDEX,22/11/2018,924.42,924.42,"+1,86 (+0,20%)",114412140,2445.72,41208537,1597147600000,924.93,926.15,922.02
VNINDEX,21/11/2018,922.56,922.56,"+3,54 (+0,39%)",119083100,2588.06,33676273,1363704060000,909.83,922.56,907.47
VNINDEX,20/11/2018,919.02,919.02,"+2,96 (+0,32%)",126164590,2685.39,32973704,1423550670000,909.76,919.02,909.76
VNINDEX,19/11/2018,916.06,916.06,"+17,87 (+1,99%)",123860310,2467.92,26077683,1149775700000,902.65,916.06,898.19
VNINDEX,16/11/2018,898.19,898.19,"+1,04 (+0,12%)",142498160,2640.06,18135261,806688970000,901.44,903.21,894.14
VNINDEX,15/11/2018,897.15,897.15,"-3,78 (-0,42%)",134989500,2513.77,31096537,1545074780000,901.13,903.83,892.5
VNINDEX,14/11/2018,900.93,900.93,"-4,45 (-0,49%)",125187850,2662.04,17078622,731518070000,904.16,910.58,898.83
VNINDEX,13/11/2018,905.38,905.38,"-12,74 (-1,39%)",132807600,2598.34,37226382,1021969630000,904.35,918.12,903.48
VNINDEX,12/11/2018,918.12,918.12,"+3,83 (+0,42%)",109808760,2123.72,15207044,580683660000,909.36,918.99,903.95
VNINDEX,09/11/2018,914.29,914.29,"-11,99 (-1,29%)",131109630,2656.15,17982348,499419750000,921.11,926.28,914.29
VNINDEX,08/11/2018,926.28,926.28,"+4,12 (+0,45%)",136692720,2431.5,9085693,331192690000,928.69,932.86,922.16
VNINDEX,07/11/2018,922.16,922.16,"+0,11 (+0,01%)",126800490,2611.83,16304981,551369210000,922.03,924.6,915.41
VNINDEX,06/11/2018,922.05,922.05,"-3,48 (-0,38%)",120442560,2513.17,18678034,589403180000,931.0,931.27,921.93
VNINDEX,05/11/2018,925.53,925.53,"+0,67 (+0,07%)",121121310,2428.16,15426706,740466720000,920.87,925.53,915.77
VNINDEX,02/11/2018,924.86,924.86,"+16,90 (+1,86%)",209087970,3891.63,13274322,489851910000,911.35,927.62,907.96
VNINDEX,01/11/2018,907.96,907.96,"-6,80 (-0,74%)",121693330,2679.66,60499221,3643739920000,915.52,918.84,905.73
VNINDEX,28/12/2018,892.54,892.54,"-8,27 (-0,92%)",123558630,2541.74,52385435,988135010000,903.79,903.79,892.54
VNINDEX,27/12/2018,900.81,900.81,"+9,06 (+1,02%)",112522140,2294.68,39163199,864772460000,904.8,906.63,891.75
VNINDEX,26/12/2018,891.75,891.75,"-6,19 (-0,69%)",104065930,2062.22,35000192,799007730000,896.63,899.49,890.86
VNINDEX,25/12/2018,897.94,897.94,"-10,62 (-1,17%)",168379500,2923.47,82052523,2556942510000,893.71,908.56,882.17
VNINDEX,24/12/2018,908.56,908.56,"-3,70 (-0,41%)",109246400,2124.99,49727730,1591925450000,910.86,916.41,908.56
VNINDEX,21/12/2018,912.26,912.26,"-5,98 (-0,65%)",131219760,3082.1,67886142,2332876440000,911.57,918.24,907.88
VNINDEX,20/12/2018,918.24,918.24,"-1,00 (-0,11%)",107806880,2244.66,39086862,1398817090000,915.5,921.79,914.18
VNINDEX,19/12/2018,919.24,919.24,"-8,01 (-0,86%)",119410210,2659.11,66680116,1929303370000,926.35,927.25,914.55
VNINDEX,18/12/2018,927.25,927.25,"-6,40 (-0,69%)",155653890,3242.72,20068400,1114661400000,933.65,933.65,917.03
VNINDEX,17/12/2018,933.65,933.65,"-18,39 (-1,93%)",143135290,3036.08,112038903,2311210220000,948.09,952.04,933.65
VNINDEX,14/12/2018,952.04,952.04,"-8,21 (-0,85%)",131393080,2796.69,68927642,1944183310000,958.78,960.25,951.04
VNINDEX,13/12/2018,960.25,960.25,"-1,03 (-0,11%)",145835490,2887.76,26020212,941834480000,961.28,966.83,960.1
VNINDEX,12/12/2018,961.28,961.28,"+6,70 (+0,70%)",143971260,2809.0,78101470,2334759750000,956.32,961.28,954.58
VNINDEX,11/12/2018,954.58,954.58,"-1,31 (-0,14%)",126821330,2641.39,54001132,1330525140000,955.93,957.97,949.34
VNINDEX,10/12/2018,955.89,955.89,"-2,70 (-0,28%)",129252710,2869.7,84264847,2092517710000,955.06,958.59,951.5
VNINDEX,07/12/2018,958.59,958.59,"+3,77 (+0,39%)",151647570,3085.7,38807629,1253483070000,956.49,962.39,954.82
VNINDEX,06/12/2018,954.82,954.82,"-2,32 (-0,24%)",145040180,3174.24,34104120,695099740000,954.61,959.59,948.44
VNINDEX,05/12/2018,957.14,957.14,"-1,70 (-0,18%)",153998080,3367.49,58457328,1467022570000,950.34,960.87,946.97
VNINDEX,04/12/2018,958.84,958.84,"+7,25 (+0,76%)",177097760,3661.14,50320857,1368268760000,952.97,960.44,950.89
VNINDEX,03/12/2018,951.59,951.59,"+25,05 (+2,70%)",158946860,3530.84,50885213,1354886600000,937.7,951.59,926.54
VNINDEX,31/01/2019,910.65,910.65,"-5,19 (-0,57%)",110220270,2296.18,27829366,884637080000,919.12,920.36,910.38
VNINDEX,30/01/2019,915.84,915.84,"-0,09 (-0,01%)",101720060,1919.85,37675447,1481661370000,914.08,917.8,913.48
VNINDEX,29/01/2019,915.93,915.93,"+3,75 (+0,41%)",97050250,1825.13,24394078,957372180000,913.67,915.93,907.09
VNINDEX,28/01/2019,912.18,912.18,"+3,30 (+0,36%)",105335970,1745.69,27985435,1313588530000,912.53,913.43,908.9
VNINDEX,25/01/2019,908.88,908.88,"+0,09 (+0,01%)",94869510,1939.26,22715681,732198160000,908.86,911.59,907.96
VNINDEX,24/01/2019,908.79,908.79,"+0,61 (+0,07%)",93576170,1948.5,16718222,729294220000,908.56,910.59,906.59
VNINDEX,23/01/2019,908.18,908.18,"+1,60 (+0,18%)",104593270,1981.6,24550028,678075250000,905.73,910.12,905.12
VNINDEX,22/01/2019,906.55,906.55,"-4,50 (-0,49%)",122327990,2075.94,29835639,617279530000,912.73,913.37,906.55
VNINDEX,21/01/2019,911.05,911.05,"+8,75 (+0,97%)",119012350,2187.24,46614461,1099792220000,905.25,911.74,902.3
VNINDEX,18/01/2019,902.3,902.3,"+0,41 (+0,05%)",98216800,1758.8,42531651,2121693570000,902.7,906.35,900.64
VNINDEX,17/01/2019,901.89,901.89,"-6,81 (-0,75%)",117379940,1918.21,16509491,546433040000,908.48,909.06,901.89
VNINDEX,16/01/2019,908.7,908.7,"-0,98 (-0,11%)",107555090,2110.97,56735974,1663597470000,911.32,912.48,906.39
VNINDEX,15/01/2019,909.68,909.68,"+7,88 (+0,87%)",106149230,2102.35,21041406,663682290000,901.21,909.68,898.92
VNINDEX,14/01/2019,901.8,901.8,"-0,91 (-0,10%)",102797710,1930.77,41047536,868322920000,903.83,903.83,897.18
VNINDEX,11/01/2019,902.71,902.71,"+4,41 (+0,49%)",107782500,2180.49,23630883,661245280000,899.1,904.37,898.3
VNINDEX,10/01/2019,898.3,898.3,"+1,31 (+0,15%)",102404440,1881.98,28184623,774527920000,897.85,899.47,895.17
VNINDEX,09/01/2019,896.99,896.99,"+9,55 (+1,08%)",121796320,2147.32,38711194,852486220000,890.26,897.25,887.44
VNINDEX,08/01/2019,887.44,887.44,"-2,20 (-0,25%)",92128530,1669.67,20700652,1019018790000,891.37,891.87,883.67
VNINDEX,07/01/2019,889.64,889.64,"+8,74 (+0,99%)",87417130,1767.92,40132147,842571210000,890.47,896.63,880.9
VNINDEX,04/01/2019,880.9,880.9,"+2,68 (+0,31%)",117664070,2126.76,18902871,758702000000,872.69,881.48,861.85
VNINDEX,03/01/2019,878.22,878.22,"-13,53 (-1,52%)",135125060,2586.37,21450271,862099170000,889.78,892.21,872.12
VNINDEX,02/01/2019,891.75,891.75,"-0,79 (-0,09%)",91857070,1881.08,19661504,840079360000,900.1,900.1,891.1
VNINDEX,28/02/2019,965.47,965.47,"-24,80 (-2,50%)",197428310,4522.95,27384038,886277550000,989.84,990.25,965.47
VNINDEX,27/02/2019,990.27,990.27,"+3,21 (+0,33%)",204616980,4048.58,54309585,1103957490000,989.61,994.46,988.09
VNINDEX,26/02/2019,987.06,987.06,"-7,37 (-0,74%)",209790990,4141.4,41861423,1035267800000,991.63,996.44,979.24
VNINDEX,25/02/2019,994.43,994.43,"+5,52 (+0,56%)",192681550,4296.43,35061357,917694180000,996.06,999.9,992.72
VNINDEX,22/02/2019,988.91,988.91,"+1,34 (+0,14%)",199234030,4295.31,16396462,678812540000,983.99,993.16,982.86
VNINDEX,21/02/2019,987.57,987.57,"+16,99 (+1,75%)",162918220,3967.79,15665485,495328580000,972.82,987.57,970.31
VNINDEX,20/02/2019,970.58,970.58,"+6,23 (+0,65%)",145267490,3118.5,25607723,884499960000,963.29,972.75,963.29
VNINDEX,19/02/2019,964.35,964.35,"+3,05 (+0,32%)",195093270,4486.39,36869600,917191300000,962.84,971.92,962.81
VNINDEX,18/02/2019,961.3,961.3,"+10,41 (+1,09%)",169171360,3480.52,25481889,624588740000,954.85,961.3,953.32
VNINDEX,15/02/2019,950.89,950.89,"-1,45 (-0,15%)",145322500,3156.93,15366331,681227730000,951.9,955.4,948.26
VNINDEX,14/02/2019,952.34,952.34,"+7,09 (+0,75%)",156655320,3261.63,24400582,1566284120000,946.54,953.66,945.99
VNINDEX,13/02/2019,945.25,945.25,"+7,71 (+0,82%)",176159810,3736.3,39114823,1255850760000,937.61,945.25,937.34
VNINDEX,12/02/2019,937.54,937.54,"+11,44 (+1,24%)",172197210,3425.98,16223234,772679290000,930.37,938.64,926.98
VNINDEX,11/02/2019,926.1,926.1,"+17,43 (+1,92%)",105483580,2303.0,19159114,621059400000,916.98,926.1,915.86
VNINDEX,01/02/2019,908.67,908.67,"-1,98 (-0,22%)",101242400,2448.03,39557014,1442709470000,911.98,912.81,907.52
VNINDEX,29/03/2019,980.76,980.76,"-2,22 (-0,23%)",131921800,3016.58,41987562,853843310000,985.35,988.24,980.76
VNINDEX,28/03/2019,982.98,982.98,"+7,07 (+0,72%)",122202110,2443.91,94864477,1650269730000,973.44,983.18,972.6
VNINDEX,27/03/2019,975.91,975.91,"+6,12 (+0,63%)",112974060,2343.84,46963917,1268733080000,976.67,979.32,972.25
VNINDEX,26/03/2019,969.79,969.79,"-0,28 (-0,03%)",139645020,2765.81,35775333,964699360000,975.44,978.99,966.9
VNINDEX,25/03/2019,970.07,970.07,"-18,64 (-1,89%)",177632670,3616.57,68147973,1425950130000,976.53,976.53,964.76
VNINDEX,22/03/2019,988.71,988.71,"+6,93 (+0,71%)",151811080,3314.57,55117768,1417537600000,984.9,990.07,981.3
VNINDEX,21/03/2019,981.78,981.78,"-20,52 (-2,05%)",182708030,3858.49,17324119,404173110000,1005.12,1006.37,981.78
VNINDEX,20/03/2019,1002.3,1002.3,"-4,29 (-0,43%)",180045630,3926.99,120040912,4112149020000,1002.86,1003.25,992.02
VNINDEX,19/03/2019,1006.59,1006.59,"-5,27 (-0,52%)",198984160,4220.64,37601304,1562528660000,1013.75,1014.51,1004.22
VNINDEX,18/03/2019,1011.86,1011.86,"+7,74 (+0,77%)",188364570,4224.12,42187936,1131665140000,1007.92,1013.29,1007.92
VNINDEX,15/03/2019,1004.12,1004.12,"-4,32 (-0,43%)",207003710,4825.05,43273378,1671996220000,1008.22,1008.22,1001.1
VNINDEX,14/03/2019,1008.44,1008.44,"+3,03 (+0,30%)",182827760,3747.0,41715296,1074284830000,1006.37,1011.39,1002.09
VNINDEX,13/03/2019,1005.41,1005.41,"+4,09 (+0,41%)",197620220,4429.28,31760990,676970090000,1003.75,1009.77,1003.01
VNINDEX,12/03/2019,1001.32,1001.32,"+16,72 (+1,70%)",179893460,4084.97,28300356,717407610000,991.14,1001.32,990.46
VNINDEX,11/03/2019,984.6,984.6,"-0,65 (-0,07%)",142651930,2857.32,36004582,858883490000,982.94,987.11,981.34
VNINDEX,08/03/2019,985.25,985.25,"-8,78 (-0,88%)",176347260,3564.36,26161393,682978580000,987.89,991.98,984.48
VNINDEX,07/03/2019,994.03,994.03,"-0,46 (-0,05%)",187770040,4007.23,22924934,679063780000,995.65,1004.55,994.03
VNINDEX,06/03/2019,994.49,994.49,"+2,04 (+0,21%)",189551540,3457.84,61373001,1646621480000,993.01,994.49,985.51
VNINDEX,05/03/2019,992.45,992.45,"-1,54 (-0,15%)",243416220,4497.46,54028251,1435948460000,990.08,1000.25,987.92
VNINDEX,04/03/2019,993.99,993.99,"+14,36 (+1,47%)",209754090,4316.43,25889987,719892810000,983.5,994.46,983.33
VNINDEX,01/03/2019,979.63,979.63,"+14,16 (+1,47%)",147716480,3173.12,22324984,882762570000,971.05,980.82,970.54
VNINDEX,26/04/2019,979.64,979.64,"+5,51 (+0,57%)",107350700,2388.24,11189054,403417430000,972.86,979.64,970.73
VNINDEX,25/04/2019,974.13,974.13,"-2,79 (-0,29%)",112382890,2124.57,36731894,844393320000,976.46,976.46,971.92
VNINDEX,24/04/2019,976.92,976.92,"+8,92 (+0,92%)",121107830,2491.02,12963934,336035800000,969.66,978.71,969.66
VNINDEX,23/04/2019,968.0,968.0,"+2,14 (+0,22%)",112653940,2447.55,42233676,1681227530000,964.84,970.98,964.35
VNINDEX,22/04/2019,965.86,965.86,"-0,35 (-0,04%)",115805120,2470.19,100539166,1547265970000,963.78,966.69,959.33
VNINDEX,19/04/2019,966.21,966.21,"+3,91 (+0,41%)",96080150,1851.99,10895943,288321060000,968.27,971.73,965.46
VNINDEX,18/04/2019,962.3,962.3,"-9,80 (-1,01%)",137181210,2765.7,23203873,462467270000,969.5,973.73,962.05
VNINDEX,17/04/2019,972.1,972.1,"-5,07 (-0,52%)",148469420,3032.96,38254282,1220847880000,978.21,980.71,972.1
VNINDEX,16/04/2019,977.17,977.17,"-5,73 (-0,58%)",130941660,2649.3,19080625,610400720000,970.87,978.53,963.06
VNINDEX,12/04/2019,982.9,982.9,"-3,05 (-0,31%)",111898230,2306.74,41935752,919095740000,984.66,984.69,980.26
VNINDEX,11/04/2019,985.95,985.95,"+4,04 (+0,41%)",117588860,2305.47,11889747,308894030000,984.46,985.95,981.06
VNINDEX,10/04/2019,981.91,981.91,"-6,57 (-0,66%)",136497840,2877.17,23415103,614975970000,984.79,987.27,976.83
VNINDEX,09/04/2019,988.48,988.48,"-9,08 (-0,91%)",152345600,3597.08,12838090,646051160000,999.89,1000.02,987.82
VNINDEX,08/04/2019,997.56,997.56,"+8,30 (+0,84%)",146953600,2909.6,16733369,519610890000,991.65,997.56,989.33
VNINDEX,05/04/2019,989.26,989.26,"+2,35 (+0,24%)",129755950,2564.96,59528966,1320101270000,988.09,990.38,986.39
VNINDEX,04/04/2019,986.91,986.91,"+2,45 (+0,25%)",131989370,2632.6,33315281,685014900000,987.47,989.08,982.94
VNINDEX,03/04/2019,984.46,984.46,"-1,35 (-0,14%)",128758900,2621.05,88183476,1741752050000,984.74,985.26,980.3
VNINDEX,02/04/2019,985.81,985.81,"-2,72 (-0,28%)",139423310,2785.9,96596021,2148545230000,994.87,996.41,985.48
VNINDEX,01/04/2019,988.53,988.53,"+7,77 (+0,79%)",137258330,2878.4,51359379,1422513030000,984.89,988.53,982.8
VNINDEX,31/05/2019,959.88,959.88,"-9,46 (-0,98%)",114110930,2682.19,22422370,564673770000,968.53,969.94,959.88
VNINDEX,30/05/2019,969.34,969.34,"-2,20 (-0,23%)",105520020,2322.52,54472964,1738467510000,971.01,974.56,967.21
VNINDEX,29/05/2019,971.54,971.54,"-0,46 (-0,05%)",120297710,2692.08,25012371,737888000000,973.31,974.96,969.55
VNINDEX,28/05/2019,972.0,972.0,"-3,14 (-0,32%)",120728740,2772.74,28262078,694443960000,977.02,978.8,969.51
VNINDEX,27/05/2019,975.14,975.14,"+5,11 (+0,53%)",95899120,2175.74,42567041,1232137090000,970.73,975.4,970.41
VNINDEX,24/05/2019,970.03,970.03,"-12,68 (-1,29%)",128053180,3177.94,40289487,840782330000,976.59,983.14,970.03
VNINDEX,23/05/2019,982.71,982.71,"-1,07 (-0,11%)",107963620,2484.89,52124917,1841304390000,982.0,984.57,977.17
VNINDEX,22/05/2019,983.78,983.78,"-2,51 (-0,25%)",127215170,2884.07,47742079,1057495600000,986.66,992.26,982.68
VNINDEX,21/05/2019,986.29,986.29,"-0,84 (-0,09%)",124573780,3024.24,81981973,6560491130000,989.67,992.84,986.07
VNINDEX,20/05/2019,987.13,987.13,"+10,65 (+1,09%)",134337940,3058.77,18822441,597446670000,975.95,987.13,974.47
VNINDEX,17/05/2019,976.48,976.48,"+0,79 (+0,08%)",120457430,2716.43,14628858,456631530000,977.85,980.04,974.91
VNINDEX,16/05/2019,975.69,975.69,"+0,05 (+0,01%)",129973620,2827.2,40243387,1024399730000,976.96,981.22,975.69
VNINDEX,15/05/2019,975.64,975.64,"+10,30 (+1,07%)",154156590,3429.92,34695962,723492230000,967.95,977.65,967.95
VNINDEX,14/05/2019,965.34,965.34,"+6,80 (+0,71%)",135189670,2911.51,22988460,570345020000,952.13,965.34,952.13
VNINDEX,13/05/2019,958.54,958.54,"+5,99 (+0,63%)",124693720,2611.52,107346476,1909302800000,952.11,958.54,951.76
VNINDEX,10/05/2019,952.55,952.55,"+5,54 (+0,58%)",114647770,2316.74,16385562,576208190000,950.37,953.92,947.85
VNINDEX,09/05/2019,947.01,947.01,"-4,21 (-0,44%)",114863670,2388.92,66533862,3838756960000,950.66,953.66,944.91
VNINDEX,08/05/2019,951.22,951.22,"-6,34 (-0,66%)",118717980,2461.6,24579861,809642350000,950.1,953.88,947.86
VNINDEX,07/05/2019,957.56,957.56,"-0,41 (-0,04%)",121330080,2419.83,24010172,935218990000,961.31,965.61,955.42
VNINDEX,06/05/2019,957.97,957.97,"-16,17 (-1,66%)",133510960,2779.3,22141392,493744300000,964.37,964.89,955.41
VNINDEX,03/05/2019,974.14,974.14,"-4,36 (-0,45%)",127740220,2734.97,20825639,574731770000,976.77,977.13,971.75
VNINDEX,02/05/2019,978.5,978.5,"-1,14 (-0,12%)",123917210,2555.14,28244482,801392480000,978.81,979.93,975.51
VNINDEX,28/06/2019,949.94,949.94,"+6,83 (+0,72%)",122136760,2702.96,60488595,1862306620000,944.53,949.94,939.12
VNINDEX,27/06/2019,943.11,943.11,"-16,02 (-1,67%)",122886150,2627.37,36144171,887280090000,959.48,959.48,943.11
VNINDEX,26/06/2019,959.13,959.13,"-1,00 (-0,10%)",119422620,2587.78,132894589,2983946500000,958.6,962.7,958.38
VNINDEX,25/06/2019,960.13,960.13,"-2,72 (-0,28%)",120760130,2510.12,43587826,1100037130000,961.19,963.23,960.06
VNINDEX,24/06/2019,962.85,962.85,"+3,65 (+0,38%)",113476250,2542.9,36822422,843627830000,960.29,967.11,959.8
VNINDEX,21/06/2019,959.2,959.2,"+0,02 (0,00%)",172955940,4025.0,33181461,1420122690000,962.69,964.52,959.12
VNINDEX,20/06/2019,959.18,959.18,"+9,49 (+1,00%)",129261230,3017.31,56228933,1398371420000,949.48,962.33,948.97
VNINDEX,19/06/2019,949.69,949.69,"+5,68 (+0,60%)",113819830,2302.55,33538224,1179839700000,948.92,950.04,946.83
VNINDEX,18/06/2019,944.01,944.01,"-2,94 (-0,31%)",108309080,2478.44,58632496,1392046930000,945.73,947.3,938.95
VNINDEX,17/06/2019,946.95,946.95,"-6,66 (-0,70%)",104932990,2232.44,69437038,1768837610000,953.97,955.18,944.47
VNINDEX,14/06/2019,953.61,953.61,"+3,53 (+0,37%)",115323520,2296.38,40555894,1136651670000,948.65,954.7,948.65
VNINDEX,13/06/2019,950.08,950.08,"-4,09 (-0,43%)",98544550,2233.33,44264728,1065950370000,951.26,952.06,946.29
VNINDEX,12/06/2019,954.17,954.17,"-7,90 (-0,82%)",100019840,2275.94,38089952,1654719720000,960.6,960.6,953.83
VNINDEX,11/06/2019,962.07,962.07,"-0,83 (-0,09%)",95697370,2199.53,40681814,978554320000,962.43,964.81,959.98
VNINDEX,10/06/2019,962.9,962.9,"+4,62 (+0,48%)",118770610,2758.13,36127039,1076340220000,963.78,966.9,958.6
VNINDEX,07/06/2019,958.28,958.28,"+10,07 (+1,06%)",97844860,2300.17,50190597,1001972550000,951.64,958.28,950.94
VNINDEX,06/06/2019,948.21,948.21,"-3,20 (-0,34%)",100777880,2207.4,25120766,938761640000,950.57,951.35,939.35
VNINDEX,05/06/2019,951.41,951.41,"+0,25 (+0,03%)",95438950,1950.7,36141979,746717070000,955.8,958.39,951.39
VNINDEX,04/06/2019,951.16,951.16,"+4,69 (+0,50%)",102807600,2093.63,59592206,1256474420000,945.62,951.42,943.21
VNINDEX,03/06/2019,946.47,946.47,"-13,41 (-1,40%)",141641430,3166.27,43015125,1385948700000,953.58,955.78,940.28
VNINDEX,31/07/2019,991.66,991.66,"+5,64 (+0,57%)",130600410,2705.22,42275162,2290310530000,986.0,993.4,982.64
VNINDEX,30/07/2019,986.02,986.02,"-11,92 (-1,19%)",133259450,3013.77,21062632,650053660000,1001.46,1002.77,986.02
VNINDEX,29/07/2019,997.94,997.94,"+4,59 (+0,46%)",113384890,2749.32,34440050,803393880000,994.23,997.94,988.29
VNINDEX,26/07/2019,993.35,993.35,"-1,60 (-0,16%)",118055590,2687.78,34349625,1468136840000,994.8,998.52,992.97
VNINDEX,25/07/2019,994.95,994.95,"+6,54 (+0,66%)",141192240,3244.04,30597077,1223219750000,986.85,997.49,986.85
VNINDEX,24/07/2019,988.41,988.41,"-1,05 (-0,11%)",132814770,3040.7,36827642,1202890030000,993.01,994.85,986.34
VNINDEX,23/07/2019,989.46,989.46,"+7,42 (+0,76%)",134713850,3089.53,50117297,1611550360000,981.38,990.45,980.22
VNINDEX,22/07/2019,982.04,982.04,"-0,30 (-0,03%)",135292770,3019.42,29079060,1049861360000,981.17,985.13,980.08
VNINDEX,19/07/2019,982.34,982.34,"+6,29 (+0,64%)",160649510,3618.94,9615787,383192170000,978.12,986.12,978.12
VNINDEX,18/07/2019,976.05,976.05,"-6,52 (-0,66%)",127216580,2804.41,12629606,803953770000,979.16,979.49,975.01
VNINDEX,17/07/2019,982.57,982.57,"+0,46 (+0,05%)",142317410,3371.52,27701352,739994580000,981.49,985.59,979.05
VNINDEX,16/07/2019,982.11,982.11,"+9,58 (+0,99%)",142076680,3330.54,32591533,1194562180000,975.05,982.11,975.05
VNINDEX,15/07/2019,972.53,972.53,"-2,87 (-0,29%)",117696750,2676.99,32854373,890463930000,975.57,975.66,970.93
VNINDEX,12/07/2019,975.4,975.4,"-3,23 (-0,33%)",133003920,2969.09,24301833,633444980000,980.11,982.1,974.32
VNINDEX,11/07/2019,978.63,978.63,"+4,98 (+0,51%)",133659820,2702.35,28003407,638066170000,976.95,980.02,975.03
VNINDEX,10/07/2019,973.65,973.65,"+4,60 (+0,47%)",124519570,2795.81,30044541,1074346380000,971.19,974.96,971.19
VNINDEX,09/07/2019,969.05,969.05,"+2,70 (+0,28%)",126456270,2722.36,43025848,1664041150000,965.24,969.05,963.05
VNINDEX,08/07/2019,966.35,966.35,"-8,99 (-0,92%)",119061500,2684.23,46817938,797785270000,972.83,972.83,963.84
VNINDEX,05/07/2019,975.34,975.34,"+2,30 (+0,24%)",117184620,2711.88,20732706,704219030000,972.74,975.34,970.16
VNINDEX,04/07/2019,973.04,973.04,"+12,65 (+1,32%)",135119630,3020.2,54778199,1365075970000,961.78,973.04,961.65
VNINDEX,03/07/2019,960.39,960.39,"-1,59 (-0,17%)",113731280,2543.78,22863151,917743790000,960.44,961.67,956.91
VNINDEX,02/07/2019,961.98,961.98,"-3,63 (-0,38%)",107519450,2449.11,30697648,1008053060000,964.77,966.76,959.8
VNINDEX,01/07/2019,965.61,965.61,"+15,67 (+1,65%)",123426860,2807.34,43018560,1071402050000,958.92,965.61,957.66
VNINDEX,30/08/2019,984.06,984.06,"+5,47 (+0,56%)",126205940,2609.82,16957573,607595330000,980.25,984.87,980.25
VNINDEX,29/08/2019,978.59,978.59,"+1,33 (+0,14%)",119663520,2493.79,18728934,881821340000,978.17,978.78,973.34
VNINDEX,28/08/2019,977.26,977.26,"+0,47 (+0,05%)",117235850,2423.08,29978137,1100888970000,977.1,981.35,977.1
VNINDEX,27/08/2019,976.79,976.79,"-6,09 (-0,62%)",150855300,3308.84,48956749,1356062930000,986.33,988.49,976.79
VNINDEX,26/08/2019,982.88,982.88,"-9,57 (-0,96%)",151649840,3318.22,38140564,1017988470000,983.8,984.61,977.0
VNINDEX,23/08/2019,992.45,992.45,"-4,81 (-0,48%)",119796120,2746.15,42772075,1128724310000,998.21,998.21,990.83
VNINDEX,22/08/2019,997.26,997.26,"+2,88 (+0,29%)",128389760,2861.61,24609190,945973920000,996.41,998.67,993.23
VNINDEX,21/08/2019,994.38,994.38,"+9,71 (+0,99%)",146223360,3292.69,55334133,1784851320000,984.36,995.44,983.3
VNINDEX,20/08/2019,984.67,984.67,"+3,64 (+0,37%)",121108870,2791.89,56830863,1389445150000,983.94,985.35,981.75
VNINDEX,19/08/2019,981.03,981.03,"+1,03 (+0,11%)",107980080,2440.2,50110108,1817508490000,984.04,985.48,979.17
VNINDEX,16/08/2019,980.0,980.0,"+0,62 (+0,06%)",156459560,3754.44,41546620,1151081780000,974.88,985.61,974.88
VNINDEX,15/08/2019,979.38,979.38,"+10,47 (+1,08%)",131135680,2795.86,51774610,1502899580000,958.05,979.38,955.76
VNINDEX,14/08/2019,968.91,968.91,"+2,08 (+0,22%)",125458400,2685.09,26029220,776266000000,975.88,975.99,968.91
VNINDEX,13/08/2019,966.83,966.83,"-8,48 (-0,87%)",142686780,3294.88,38815751,979055350000,972.7,973.09,964.03
VNINDEX,12/08/2019,975.31,975.31,"+0,97 (+0,10%)",125710330,2626.93,48842068,1173026910000,975.38,977.63,973.22
VNINDEX,09/08/2019,974.34,974.34,"-0,90 (-0,09%)",133550890,2909.72,58757499,1746689860000,976.41,978.69,974.33
VNINDEX,08/08/2019,975.24,975.24,"+9,31 (+0,96%)",157756080,3450.87,61481096,2617423990000,965.62,975.83,964.21
VNINDEX,07/08/2019,965.93,965.93,"+1,32 (+0,14%)",133866380,2806.03,85286309,2426744460000,967.18,971.96,961.64
VNINDEX,06/08/2019,964.61,964.61,"-8,54 (-0,88%)",170231190,3595.69,40695842,2402513270000,960.29,966.15,958.39
VNINDEX,05/08/2019,973.15,973.15,"-17,95 (-1,81%)",148292430,3370.27,47641919,1818808770000,988.6,988.99,973.15
VNINDEX,02/08/2019,991.1,991.1,"-6,29 (-0,63%)",144127640,3260.59,42660354,1503681900000,987.55,991.39,985.69
VNINDEX,01/08/2019,997.39,997.39,"+5,73 (+0,58%)",135015390,2892.64,87640404,2283460970000,993.25,997.39,990.88
VNINDEX,30/09/2019,996.56,996.56,"-1,28 (-0,13%)",157737220,3335.44,18477835,518440020000,999.92,1004.17,996.51
VNINDEX,27/09/2019,997.84,997.84,"+7,09 (+0,72%)",152087820,3428.75,28649237,818959660000,992.26,998.34,990.75
VNINDEX,26/09/2019,990.75,990.75,"+3,45 (+0,35%)",133043610,3107.59,19516406,408665990000,988.7,991.66,986.35
VNINDEX,25/09/2019,987.3,987.3,"-0,83 (-0,08%)",121420880,2660.49,50145281,968050450000,985.96,989.18,983.06
VNINDEX,24/09/2019,988.13,988.13,"+2,38 (+0,24%)",119577920,2672.98,45462096,1407815340000,986.33,991.36,984.94
VNINDEX,23/09/2019,985.75,985.75,"-4,61 (-0,47%)",141445790,3071.92,66059008,2215815690000,991.75,993.98,985.75
VNINDEX,20/09/2019,990.36,990.36,"-6,74 (-0,68%)",167884480,4525.02,35715760,1116545970000,997.6,998.56,990.36
VNINDEX,19/09/2019,997.1,997.1,"+1,95 (+0,20%)",140440060,2817.01,46481448,1085093290000,995.49,997.2,990.55
VNINDEX,18/09/2019,995.15,995.15,"-1,59 (-0,16%)",140571130,3149.48,50465260,1475458950000,995.75,998.4,993.94
VNINDEX,17/09/2019,996.74,996.74,"+6,88 (+0,70%)",142632820,3059.86,88803238,1422092350000,990.06,996.74,986.96
VNINDEX,16/09/2019,989.86,989.86,"+2,64 (+0,27%)",138035800,2993.89,49115912,1491333270000,987.07,992.6,986.72
VNINDEX,13/09/2019,987.22,987.22,"+11,15 (+1,14%)",145895070,3334.36,43336260,1143992310000,976.07,987.22,975.95
VNINDEX,12/09/2019,976.07,976.07,"+6,76 (+0,70%)",123174240,2779.29,18146959,488284390000,972.39,976.07,969.31
VNINDEX,11/09/2019,969.31,969.31,"-0,95 (-0,10%)",95091710,2083.7,59422188,1681226520000,969.59,973.13,967.14
VNINDEX,10/09/2019,970.26,970.26,"-3,86 (-0,40%)",128339460,2786.92,33105250,1130378480000,974.62,977.44,968.36
VNINDEX,09/09/2019,974.12,974.12,"+0,04 (0,00%)",104287810,2141.09,51046661,1659819600000,974.53,975.03,972.47
VNINDEX,06/09/2019,974.08,974.08,"-2,71 (-0,28%)",108569600,2063.15,52589516,1745050050000,977.83,978.73,973.87
VNINDEX,05/09/2019,976.79,976.79,"-0,84 (-0,09%)",113824610,2232.52,45715401,904474250000,979.83,981.67,976.79
VNINDEX,04/09/2019,977.63,977.63,"-1,73 (-0,18%)",121831910,2491.99,35560979,1309854400000,977.97,979.91,973.37
VNINDEX,03/09/2019,979.36,979.36,"-4,70 (-0,48%)",126148070,2466.97,60326538,2012012150000,984.06,985.21,978.62
VNINDEX,31/10/2019,998.82,998.82,"-2,07 (-0,21%)",189105090,3404.9,29876561,866785780000,1000.89,1004.4,998.58
VNINDEX,30/10/2019,1000.89,1000.89,"+5,02 (+0,50%)",160171570,3119.05,21020977,567916390000,996.83,1003.4,994.86
VNINDEX,29/10/2019,995.87,995.87,"-0,61 (-0,06%)",177823330,2980.56,71654200,1146617770000,997.77,999.88,995.87
VNINDEX,28/10/2019,996.48,996.48,"-0,09 (-0,01%)",149945220,2792.12,33811351,957939750000,998.27,999.94,996.48
VNINDEX,25/10/2019,996.57,996.57,"+2,97 (+0,30%)",136700300,2778.3,36786228,945137740000,993.91,996.67,992.91
VNINDEX,24/10/2019,993.6,993.6,"+5,81 (+0,59%)",141378830,3045.6,18653250,617939450000,988.85,993.6,987.65
VNINDEX,23/10/2019,987.79,987.79,"+0,60 (+0,06%)",154015230,2672.1,25006118,824610230000,987.04,989.61,985.52
VNINDEX,22/10/2019,987.19,987.19,"+3,63 (+0,37%)",200609660,3159.21,31037977,797939300000,983.52,987.59,983.52
VNINDEX,21/10/2019,983.56,983.56,"-5,64 (-0,57%)",162867090,3146.87,37458417,993215340000,983.56,989.2,983.56
VNINDEX,18/10/2019,989.2,989.2,"-0,62 (-0,06%)",153487520,2941.0,20936795,599403490000,992.0,993.03,988.41
VNINDEX,17/10/2019,989.82,989.82,"-4,64 (-0,47%)",157134910,3257.56,34415456,778608960000,995.04,995.81,989.82
VNINDEX,16/10/2019,994.46,994.46,"+1,41 (+0,14%)",157875510,2859.14,30255859,768323980000,995.75,997.41,993.05
VNINDEX,15/10/2019,993.05,993.05,"-0,52 (-0,05%)",131330520,2686.39,48639594,1328803000000,993.55,994.75,990.74
VNINDEX,14/10/2019,993.57,993.57,"+1,73 (+0,17%)",171969840,3494.68,22005852,830108990000,994.61,997.25,991.84
VNINDEX,11/10/2019,991.84,991.84,"+4,46 (+0,45%)",140671790,2848.15,27940045,1055224730000,988.57,991.84,987.38
VNINDEX,10/10/2019,987.38,987.38,"-0,45 (-0,05%)",137745810,2799.51,45231944,1431353640000,988.81,990.89,986.93
VNINDEX,09/10/2019,987.83,987.83,"-0,39 (-0,04%)",143783620,2833.9,38755803,1274050410000,987.82,992.0,986.74
VNINDEX,08/10/2019,988.22,988.22,"+5,13 (+0,52%)",153446780,2900.02,24928591,661015710000,983.62,988.51,981.89
VNINDEX,07/10/2019,983.09,983.09,"-4,50 (-0,46%)",150412170,3099.4,31205837,951004970000,989.45,990.34,983.09
VNINDEX,04/10/2019,987.59,987.59,"-4,86 (-0,49%)",153634840,3281.74,51374160,1153606780000,993.69,994.81,987.59
VNINDEX,03/10/2019,992.45,992.45,"+1,26 (+0,13%)",156298020,3251.96,37299097,1550064390000,985.65,992.45,983.35
VNINDEX,02/10/2019,991.19,991.19,"-8,40 (-0,84%)",155632190,3573.29,23151785,671555900000,999.18,1000.93,989.63
VNINDEX,01/10/2019,999.59,999.59,"+3,03 (+0,30%)",141547280,3126.52,68707143,1606003190000,997.87,999.72,996.2
VNINDEX,29/11/2019,970.75,970.75,"+0,36 (+0,04%)",138896550,2782.0,28370005,948990320000,971.1,972.89,968.03
VNINDEX,28/11/2019,970.39,970.39,"-7,78 (-0,80%)",154471660,3315.37,36792148,911564140000,977.66,979.17,967.68
VNINDEX,27/11/2019,978.17,978.17,"+1,38 (+0,14%)",157478720,2817.67,40485313,828831360000,978.98,982.76,978.17
VNINDEX,26/11/2019,976.79,976.79,"+0,44 (+0,05%)",148016090,3326.44,44482066,1161968090000,976.35,981.96,976.35
VNINDEX,25/11/2019,976.35,976.35,"-1,43 (-0,15%)",148285630,3081.75,41030713,1017158290000,977.85,979.6,971.24
VNINDEX,22/11/2019,977.78,977.78,"-10,11 (-1,02%)",196749440,4192.21,33611594,1428723930000,992.73,993.7,971.03
VNINDEX,21/11/2019,987.89,987.89,"-12,67 (-1,27%)",171731790,4096.11,43280027,1346636350000,999.37,1000.56,987.89
VNINDEX,20/11/2019,1000.56,1000.56,"-7,79 (-0,77%)",182924030,3509.24,27385838,1053406150000,1009.21,1009.21,1000.56
VNINDEX,19/11/2019,1008.35,1008.35,"+5,44 (+0,54%)",158028030,3200.36,74328589,1595745800000,1002.89,1008.35,1001.35
VNINDEX,18/11/2019,1002.91,1002.91,"-7,12 (-0,70%)",165225780,3405.33,19085049,793391020000,1010.03,1012.09,1002.63
VNINDEX,15/11/2019,1010.03,1010.03,"-2,27 (-0,22%)",180804630,3335.84,31525028,1814901440000,1012.93,1015.16,1005.1
VNINDEX,14/11/2019,1012.3,1012.3,"-0,47 (-0,05%)",192687960,3852.48,16716296,650701010000,1013.85,1016.71,1010.6
VNINDEX,13/11/2019,1012.77,1012.77,"-5,56 (-0,55%)",182266340,3790.84,104701341,2957925180000,1019.07,1020.09,1010.8
VNINDEX,12/11/2019,1018.33,1018.33,"+1,58 (+0,16%)",180969830,3484.61,42187288,1085336360000,1016.97,1021.84,1015.97
VNINDEX,11/11/2019,1016.75,1016.75,"-5,74 (-0,56%)",170775110,3555.13,39655791,1066236550000,1023.32,1024.77,1016.35
VNINDEX,08/11/2019,1022.49,1022.49,"-1,54 (-0,15%)",157942420,3433.68,23424398,715444240000,1026.98,1027.39,1021.11
VNINDEX,07/11/2019,1024.03,1024.03,"-0,88 (-0,09%)",166863590,3399.6,26530640,834185050000,1023.49,1028.45,1022.61
VNINDEX,06/11/2019,1024.91,1024.91,"+0,57 (+0,06%)",183325470,3721.94,41675082,984318240000,1023.43,1028.97,1023.42
VNINDEX,05/11/2019,1024.34,1024.34,"+1,91 (+0,19%)",172233290,3663.09,27138476,902494780000,1022.77,1026.53,1021.63
VNINDEX,04/11/2019,1022.43,1022.43,"+6,84 (+0,67%)",208479560,4439.73,24308927,740615620000,1019.0,1023.92,1015.59
VNINDEX,01/11/2019,1015.59,1015.59,"+16,77 (+1,68%)",200048280,4041.2,41287227,1142016040000,998.82,1015.88,998.82
VNINDEX,31/12/2019,960.99,960.99,"-4,04 (-0,42%)",144441990,2202.87,40800673,859371930000,965.71,965.71,958.22
VNINDEX,30/12/2019,965.03,965.03,"+1,52 (+0,16%)",147816130,2418.78,29924415,691986550000,962.89,967.52,962.47
VNINDEX,27/12/2019,963.51,963.51,"+4,92 (+0,51%)",126605420,1901.47,53918681,1411634310000,957.7,963.51,954.19
VNINDEX,26/12/2019,958.59,958.59,"-2,33 (-0,24%)",160431180,2368.38,105506167,2508203510000,960.67,962.11,957.43
VNINDEX,25/12/2019,960.92,960.92,"+2,04 (+0,21%)",195453740,2788.82,42863103,1213611170000,958.18,962.83,957.5
VNINDEX,24/12/2019,958.88,958.88,"-0,55 (-0,06%)",173207590,2776.26,56466832,1466655280000,958.88,959.43,953.29
VNINDEX,23/12/2019,959.43,959.43,"+3,02 (+0,32%)",190141650,3389.08,51382685,1352627990000,959.55,960.71,956.41
VNINDEX,20/12/2019,956.41,956.41,"+4,15 (+0,44%)",183446480,3406.85,59886405,1912697690000,953.55,957.52,952.26
VNINDEX,19/12/2019,952.26,952.26,"+1,13 (+0,12%)",178790140,3068.08,43677100,1283319880000,950.61,955.85,946.74
VNINDEX,18/12/2019,951.13,951.13,"-2,90 (-0,30%)",183063780,3311.55,140343400,3391449370000,951.52,954.18,949.86
VNINDEX,17/12/2019,954.03,954.03,"-7,44 (-0,77%)",239321700,3345.22,41531803,1145764050000,962.49,962.79,954.03
VNINDEX,16/12/2019,961.47,961.47,"-4,71 (-0,49%)",202440060,3126.78,75997880,2544815150000,966.0,966.18,960.39
VNINDEX,13/12/2019,966.18,966.18,"-1,99 (-0,21%)",172536910,3030.99,46619122,1208668670000,969.43,971.84,965.93
VNINDEX,12/12/2019,968.17,968.17,"+6,39 (+0,66%)",154590800,2802.89,64158502,1357453830000,963.39,968.39,961.78
VNINDEX,11/12/2019,961.78,961.78,"+1,48 (+0,15%)",158554160,2911.09,57920944,1474957670000,960.59,961.78,954.56
VNINDEX,10/12/2019,960.3,960.3,"-5,76 (-0,60%)",170738810,3280.06,71986382,1736294160000,965.92,966.58,955.14
VNINDEX,09/12/2019,966.06,966.06,"+2,50 (+0,26%)",183348640,3054.26,89914178,1865603190000,963.91,967.57,962.59
VNINDEX,06/12/2019,963.56,963.56,"+0,29 (+0,03%)",139312750,2784.16,32506671,1086175470000,962.38,965.41,960.99
VNINDEX,05/12/2019,963.27,963.27,"-2,63 (-0,27%)",159548260,3114.56,34989997,1074674360000,969.0,969.53,962.16
VNINDEX,04/12/2019,965.9,965.9,"+12,47 (+1,31%)",162142410,3345.9,47953148,1384947480000,952.51,965.9,950.13
VNINDEX,03/12/2019,953.43,953.43,"-5,88 (-0,61%)",176408390,3696.57,88529438,4162477020000,957.4,960.82,950.96
VNINDEX,02/12/2019,959.31,959.31,"-11,44 (-1,18%)",180421680,3594.16,30577670,927616740000,971.42,972.91,958.3
VNINDEX,31/01/2020,936.62,936.62,"-22,96 (-2,39%)",210630210,4021.79,43314470,865073570000,959.58,960.96,936.62
VNINDEX,30/01/2020,959.58,959.58,"-31,88 (-3,22%)",181385230,3892.39,17129168,688634310000,975.15,991.46,954.0
VNINDEX,22/01/2020,991.46,991.46,"+5,09 (+0,52%)",128966880,2547.5,23378205,1017124020000,986.52,991.46,983.92
VNINDEX,21/01/2020,986.37,986.37,"+7,74 (+0,79%)",128887950,2681.98,28778201,743702620000,978.82,986.37,978.63
VNINDEX,20/01/2020,978.63,978.63,"-0,33 (-0,03%)",102398830,2124.75,46404851,1865685680000,978.23,979.85,975.93
VNINDEX,17/01/2020,978.96,978.96,"+4,65 (+0,48%)",117216890,2318.73,46919205,983970670000,976.28,980.02,973.79
VNINDEX,16/01/2020,974.31,974.31,"+6,75 (+0,70%)",146756870,2672.13,54493916,2072051860000,967.2,974.7,967.17
VNINDEX,15/01/2020,967.56,967.56,"+0,56 (+0,06%)",112470420,1995.92,37570123,1143518270000,967.69,967.69,964.84
VNINDEX,14/01/2020,967.0,967.0,"+1,16 (+0,12%)",127784380,2184.51,62564123,2093180570000,966.26,968.85,965.76
VNINDEX,13/01/2020,965.84,965.84,"-2,70 (-0,28%)",117952020,1907.5,29195771,856312770000,966.89,968.63,964.79
VNINDEX,10/01/2020,968.54,968.54,"+8,39 (+0,87%)",163058830,2977.44,59095738,2019414430000,961.17,969.71,960.15
VNINDEX,09/01/2020,960.15,960.15,"+11,17 (+1,18%)",132773820,2286.97,33373572,991914020000,953.86,960.73,948.98
VNINDEX,08/01/2020,948.98,948.98,"-9,90 (-1,03%)",179374340,2873.48,139791547,2322979730000,954.13,958.88,945.28
VNINDEX,07/01/2020,958.88,958.88,"+3,09 (+0,32%)",130272030,2090.26,51353508,1574466300000,955.79,959.46,953.19
VNINDEX,06/01/2020,955.79,955.79,"-9,35 (-0,97%)",140978550,2254.67,46225789,1162173360000,962.79,965.14,955.59
VNINDEX,03/01/2020,965.14,965.14,"-1,53 (-0,16%)",149202550,2464.31,24926290,536615530000,968.72,970.88,965.14
VNINDEX,02/01/2020,966.67,966.67,"+5,68 (+0,59%)",131523160,2245.46,69078471,1326251490000,960.26,966.67,959.67
VNINDEX,28/02/2020,882.19,882.19,"-16,25 (-1,81%)",184315860,3235.68,57577561,1557298330000,885.47,898.44,872.46
VNINDEX,27/02/2020,898.44,898.44,"+2,47 (+0,28%)",135468580,2648.71,27818007,877052150000,892.15,899.34,889.14
VNINDEX,26/02/2020,895.97,895.97,"-13,70 (-1,51%)",131173700,2603.32,11408555,384617000000,901.51,903.27,894.25
VNINDEX,25/02/2020,909.67,909.67,"+6,33 (+0,70%)",186008510,2987.85,35114783,892586940000,893.95,909.67,893.95
VNINDEX,24/02/2020,903.34,903.34,"-29,75 (-3,19%)",255965410,4163.56,35917072,962493070000,917.49,917.49,903.34
VNINDEX,21/02/2020,933.09,933.09,"-5,04 (-0,54%)",179503790,3154.35,27249211,842261990000,938.13,940.53,932.32
VNINDEX,20/02/2020,938.13,938.13,"+9,37 (+1,01%)",183636850,2803.09,14703083,490482880000,933.69,938.13,928.76
VNINDEX,19/02/2020,928.76,928.76,"+0,83 (+0,09%)",161801070,2544.85,30369014,987464630000,926.41,931.66,925.86
VNINDEX,18/02/2020,927.93,927.93,"-6,84 (-0,73%)",164327840,2735.24,23429696,813823480000,927.93,934.98,926.01
VNINDEX,17/02/2020,934.77,934.77,"-2,68 (-0,29%)",149349950,2496.64,33895102,900290030000,938.52,938.52,931.66
VNINDEX,14/02/2020,937.45,937.45,"-0,79 (-0,08%)",172195600,2709.89,32155544,986877620000,939.28,940.65,936.47
VNINDEX,13/02/2020,938.24,938.24,"+0,56 (+0,06%)",153479610,2472.28,24253467,767609900000,937.19,939.1,934.47
VNINDEX,12/02/2020,937.68,937.68,"+3,01 (+0,32%)",187439280,3202.85,40595862,1029884070000,940.72,943.11,934.67
VNINDEX,11/02/2020,934.67,934.67,"+3,94 (+0,42%)",159265510,2730.18,20087578,448087570000,930.73,936.04,930.73
VNINDEX,10/02/2020,930.73,930.73,"-10,02 (-1,07%)",129573270,2213.46,24393852,539021970000,934.38,940.75,926.61
VNINDEX,07/02/2020,940.75,940.75,"+2,21 (+0,24%)",165020480,3120.26,29144861,971311560000,938.61,943.48,935.94
VNINDEX,06/02/2020,938.54,938.54,"+12,63 (+1,36%)",206129040,3777.77,17539041,465309070000,926.66,938.54,925.21
VNINDEX,05/02/2020,925.91,925.91,"-3,18 (-0,34%)",163682070,2998.24,33701675,1321362370000,934.75,936.33,921.89
VNINDEX,04/02/2020,929.09,929.09,"+0,95 (+0,10%)",178000400,3322.71,19684737,618862630000,929.42,934.91,919.33
VNINDEX,03/02/2020,928.14,928.14,"-8,48 (-0,91%)",246408370,4347.36,29109615,706029510000,916.6,936.62,891.85
VNINDEX,31/03/2020,662.53,662.53,"+0,27 (+0,04%)",227893260,2561.91,34898363,1209930930000,669.74,678.64,649.1
VNINDEX,30/03/2020,662.26,662.26,"-33,80 (-4,86%)",194282800,2405.2,38818581,1036481540000,663.91,665.56,657.36
VNINDEX,27/03/2020,696.06,696.06,"+1,85 (+0,27%)",212339560,2877.77,115654024,1542354530000,692.54,703.22,682.52
VNINDEX,26/03/2020,694.21,694.21,"+3,96 (+0,57%)",171216480,2692.4,50634443,1358421070000,689.0,700.76,680.1
VNINDEX,25/03/2020,690.25,690.25,"+31,04 (+4,71%)",209923920,3069.12,60258924,1825190740000,669.76,690.25,659.21
VNINDEX,24/03/2020,659.21,659.21,"-7,38 (-1,11%)",212661260,3033.53,32487722,1119453370000,666.59,666.59,652.27
VNINDEX,23/03/2020,666.59,666.59,"-43,14 (-6,08%)",223310850,3189.19,56937448,1639195760000,694.77,709.73,664.23
VNINDEX,20/03/2020,709.73,709.73,"-16,21 (-2,23%)",197474500,3137.95,33114797,1078903810000,728.55,729.35,709.73
VNINDEX,19/03/2020,725.94,725.94,"-21,72 (-2,91%)",308921920,3267.35,44467751,950808690000,732.35,747.66,714.02
VNINDEX,18/03/2020,747.66,747.66,"+1,88 (+0,25%)",205460100,2899.12,53557864,1388159290000,747.4,752.65,742.12
VNINDEX,17/03/2020,745.78,745.78,"-2,08 (-0,28%)",202420360,3082.09,84856734,1296231500000,724.07,750.03,721.84
VNINDEX,16/03/2020,747.86,747.86,"-13,92 (-1,83%)",222784370,3125.77,69468371,1447960590000,758.28,758.59,737.58
VNINDEX,13/03/2020,761.78,761.78,"-7,47 (-0,97%)",289011560,4314.61,65693882,1857556310000,750.56,769.25,723.42
VNINDEX,12/03/2020,769.25,769.25,"-42,10 (-5,19%)",311344630,4347.21,27887630,872352240000,778.06,811.35,762.12
VNINDEX,11/03/2020,811.35,811.35,"-26,15 (-3,12%)",278303370,4106.34,40265535,1359244260000,843.52,844.94,794.54
VNINDEX,10/03/2020,837.5,837.5,"+2,01 (+0,24%)",242825240,3657.22,55192206,1531351360000,813.83,843.28,806.63
VNINDEX,09/03/2020,835.49,835.49,"-55,95 (-6,28%)",273180820,4313.41,35920053,1247757080000,875.8,891.44,834.67
VNINDEX,06/03/2020,891.44,891.44,"-1,87 (-0,21%)",175600680,2620.58,38738073,1319161510000,888.96,893.31,882.71
VNINDEX,05/03/2020,893.31,893.31,"+3,94 (+0,44%)",209158850,2919.92,22177814,660806910000,892.71,898.43,889.37
VNINDEX,04/03/2020,889.37,889.37,"-1,24 (-0,14%)",195439390,2652.77,43011529,1226219500000,887.85,890.61,882.83
VNINDEX,03/03/2020,890.61,890.61,"+6,18 (+0,70%)",176373200,2919.82,36367113,1042831300000,895.39,896.39,884.43
VNINDEX,02/03/2020,884.43,884.43,"+2,24 (+0,25%)",173927240,2796.96,32707511,830548090000,878.43,886.45,877.31
VNINDEX,29/04/2020,769.11,769.11,"+1,90 (+0,25%)",210867100,3301.36,39214094,889735520000,768.59,772.62,767.21
VNINDEX,28/04/2020,767.21,767.21,"-3,56 (-0,46%)",197231630,3158.47,22167650,505131380000,773.31,776.13,763.66
VNINDEX,27/04/2020,770.77,770.77,"-5,89 (-0,76%)",256843490,3772.53,50512089,932377610000,780.65,785.74,770.77
VNINDEX,24/04/2020,776.66,776.66,"+2,75 (+0,36%)",226072090,3200.4,36197547,732536590000,777.28,778.3,767.31
VNINDEX,23/04/2020,773.91,773.91,"+4,99 (+0,65%)",189393000,2921.96,16401543,370729960000,768.92,785.6,768.92
VNINDEX,22/04/2020,768.92,768.92,"+2,08 (+0,27%)",223471930,3416.92,29963557,828354090000,752.8,774.94,749.97
VNINDEX,21/04/2020,766.84,766.84,"-28,13 (-3,54%)",368523950,5119.95,28875337,1003783680000,794.97,794.97,761.96
VNINDEX,20/04/2020,794.97,794.97,"+5,37 (+0,68%)",304592700,4362.38,31460446,829518590000,796.17,797.49,786.73
VNINDEX,17/04/2020,789.6,789.6,"+8,90 (+1,14%)",268469130,4196.42,41388399,1177550680000,786.96,790.95,783.74
VNINDEX,16/04/2020,780.7,780.7,"+3,48 (+0,45%)",217009350,3027.96,33926305,997803310000,773.11,781.06,770.91
VNINDEX,15/04/2020,777.22,777.22,"+9,81 (+1,28%)",255468260,3373.4,47155024,1264103060000,768.05,779.52,768.01
VNINDEX,14/04/2020,767.41,767.41,"+1,62 (+0,21%)",229143390,3353.89,37631603,714532980000,769.01,769.53,753.85
VNINDEX,13/04/2020,765.79,765.79,"+7,85 (+1,04%)",200195470,3060.25,35086241,1216644560000,762.99,774.62,757.94
VNINDEX,10/04/2020,757.94,757.94,"-2,39 (-0,31%)",295263430,3263.25,43138280,859005210000,759.08,764.36,751.59
VNINDEX,09/04/2020,760.33,760.33,"+12,31 (+1,65%)",271131720,3726.87,27335197,667607720000,751.08,765.87,748.02
VNINDEX,08/04/2020,748.02,748.02,"+1,33 (+0,18%)",203416250,2833.85,48878234,943631790000,740.03,748.36,730.12
VNINDEX,07/04/2020,746.69,746.69,"+9,94 (+1,35%)",276556810,4122.18,16411703,654364300000,744.97,749.13,730.28
VNINDEX,06/04/2020,736.75,736.75,"+34,95 (+4,98%)",304964360,3786.63,29939266,862864220000,716.22,736.75,701.8
VNINDEX,03/04/2020,701.8,701.8,"+21,57 (+3,17%)",197918250,2659.86,35172769,842573250000,687.92,701.8,680.23
VNINDEX,01/04/2020,680.23,680.23,"+17,70 (+2,67%)",203313080,2120.43,63708371,1713765690000,658.8,684.96,657.41
VNINDEX,29/05/2020,864.47,864.47,"+3,08 (+0,36%)",281746500,4191.64,36444100,703655930000,861.59,866.95,859.26
VNINDEX,28/05/2020,861.39,861.39,"+3,91 (+0,46%)",261439230,4498.65,60776161,2816965580000,858.97,866.17,856.48
VNINDEX,27/05/2020,857.48,857.48,"-11,65 (-1,34%)",354487370,5983.42,34409139,703320430000,873.42,875.35,857.48
VNINDEX,26/05/2020,869.13,869.13,"+10,09 (+1,17%)",306464080,4982.81,21884617,562819550000,861.47,869.65,859.04
VNINDEX,25/05/2020,859.04,859.04,"+6,30 (+0,74%)",259643410,4462.94,47583269,1405139450000,852.9,860.45,849.12
VNINDEX,22/05/2020,852.74,852.74,"-9,99 (-1,16%)",265002610,4515.45,38973736,768581760000,859.29,860.65,852.08
VNINDEX,21/05/2020,862.73,862.73,"+9,82 (+1,15%)",301190730,4835.87,30715420,632940460000,854.93,862.73,854.04
VNINDEX,20/05/2020,852.91,852.91,"+6,99 (+0,83%)",235672860,3913.59,30098607,524892450000,843.26,852.91,842.21
VNINDEX,19/05/2020,845.92,845.92,"+8,91 (+1,06%)",293801450,5349.55,91470382,2711134780000,852.14,854.25,844.15
VNINDEX,18/05/2020,837.01,837.01,"+9,98 (+1,21%)",224260950,3848.82,29787784,595291310000,827.49,837.61,823.08
VNINDEX,15/05/2020,827.03,827.03,"-5,37 (-0,65%)",258289700,4239.34,43601411,1014151930000,835.42,838.47,824.59
VNINDEX,14/05/2020,832.4,832.4,"-1,81 (-0,22%)",273950180,4507.29,67167203,3035684740000,830.97,836.19,826.17
VNINDEX,13/05/2020,834.21,834.21,"-1,11 (-0,13%)",338667310,5706.39,35935479,1044471100000,835.32,839.59,815.13
VNINDEX,12/05/2020,835.32,835.32,"+6,99 (+0,84%)",290069940,5040.99,32141156,753137990000,827.29,835.95,819.66
VNINDEX,11/05/2020,828.33,828.33,"+14,60 (+1,79%)",268927930,4485.72,84488050,1761801080000,818.26,828.33,812.48
VNINDEX,08/05/2020,813.73,813.73,"+17,19 (+2,16%)",340156270,6291.76,31181232,734646510000,800.32,825.72,800.2
VNINDEX,07/05/2020,796.54,796.54,"+13,95 (+1,78%)",214433830,3621.58,26369144,750486550000,785.08,796.54,782.59
VNINDEX,06/05/2020,782.59,782.59,"+18,43 (+2,41%)",209914330,3437.89,62531465,2934210830000,767.3,782.59,765.37
VNINDEX,05/05/2020,764.16,764.16,"+1,69 (+0,22%)",168997250,2473.27,43379248,942750110000,763.22,767.03,760.04
VNINDEX,04/05/2020,762.47,762.47,"-6,64 (-0,86%)",253967720,2983.03,31602239,1018052260000,766.14,769.73,761.64
VNINDEX,30/06/2020,825.11,825.11,"-4,25 (-0,51%)",308543890,4056.71,49849885,889885250000,836.72,840.31,821.92
VNINDEX,29/06/2020,829.36,829.36,"-22,62 (-2,65%)",335622750,4417.0,54015483,1147174130000,846.26,851.98,826.0
VNINDEX,26/06/2020,851.98,851.98,"-2,61 (-0,31%)",258644960,3096.35,41741300,1188690870000,859.07,862.59,850.66
VNINDEX,25/06/2020,854.59,854.59,"-5,12 (-0,60%)",285078310,3887.22,27218636,747291080000,851.09,856.23,849.65
VNINDEX,24/06/2020,859.71,859.71,"-8,49 (-0,98%)",340026770,4178.42,30894157,863100210000,868.2,873.13,857.58
VNINDEX,23/06/2020,868.2,868.2,"-3,08 (-0,35%)",400635460,5216.97,54724162,1614104400000,871.12,873.2,864.02
VNINDEX,22/06/2020,871.28,871.28,"+2,72 (+0,31%)",330561410,4352.89,19809535,997045640000,871.56,872.94,867.37
VNINDEX,19/06/2020,868.56,868.56,"+13,29 (+1,55%)",372261840,4579.52,67830379,1606565750000,857.77,868.56,857.77
VNINDEX,18/06/2020,855.27,855.27,"+0,83 (+0,10%)",234958560,3103.55,45352088,1163969090000,850.92,858.03,847.49
VNINDEX,17/06/2020,854.44,854.44,"-1,69 (-0,20%)",311400140,3612.36,43439613,734237510000,861.05,861.05,852.27
VNINDEX,16/06/2020,856.13,856.13,"+23,66 (+2,84%)",359812660,4230.24,52632431,1379942360000,848.86,858.7,832.47
VNINDEX,15/06/2020,832.47,832.47,"-31,05 (-3,60%)",470372440,6369.23,237871130,16364537420000,867.52,868.16,832.47
VNINDEX,12/06/2020,863.52,863.52,"-3,85 (-0,44%)",582432110,6907.22,38338482,858892730000,841.85,863.52,841.44
VNINDEX,11/06/2020,867.37,867.37,"-33,31 (-3,70%)",665612130,8868.52,41845575,1129429270000,900.48,903.7,867.37
VNINDEX,10/06/2020,900.68,900.68,"-2,42 (-0,27%)",514286390,6373.25,28579001,762433380000,898.78,902.69,890.3
VNINDEX,09/06/2020,899.43,899.43,"-0,49 (-0,05%)",450504980,6233.17,51220125,944737270000,902.26,904.89,898.87
VNINDEX,08/06/2020,899.92,899.92,"+13,70 (+1,55%)",509361980,7224.14,62656944,1208313020000,888.7,905.65,886.22
VNINDEX,05/06/2020,886.22,886.22,"+2,32 (+0,26%)",451411820,5195.94,48196384,1171393580000,883.4,886.59,878.5
VNINDEX,04/06/2020,883.9,883.9,"+2,73 (+0,31%)",394395400,5408.26,36726341,1242688420000,883.22,888.32,883.22
VNINDEX,03/06/2020,881.17,881.17,"+6,37 (+0,73%)",320477690,4325.75,31480514,1069816950000,876.73,881.17,874.01
VNINDEX,02/06/2020,874.8,874.8,"-3,87 (-0,44%)",442308030,6040.75,42400112,884992690000,879.23,882.73,874.53
VNINDEX,01/06/2020,878.67,878.67,"+9,70 (+1,12%)",418333970,5118.97,58182211,2235229280000,868.97,878.67,864.47
VNINDEX,31/07/2020,798.39,798.39,"-2,74 (-0,34%)",219670740,3182.52,29960138,719731520000,787.78,803.55,786.98
VNINDEX,30/07/2020,801.13,801.13,"+10,29 (+1,30%)",163227530,2532.33,25717173,664213000000,796.22,802.97,794.88
VNINDEX,29/07/2020,790.84,790.84,"-22,52 (-2,77%)",311001410,4550.62,51090343,913380870000,800.39,800.39,779.82
VNINDEX,28/07/2020,813.36,813.36,"+28,19 (+3,59%)",310645950,4518.98,17844884,509549310000,786.72,814.4,786.67
VNINDEX,27/07/2020,785.17,785.17,"-43,99 (-5,31%)",374271440,5991.87,48436050,1026514980000,794.14,808.74,780.64
VNINDEX,24/07/2020,829.16,829.16,"-27,59 (-3,22%)",436845540,6836.97,68252974,703340670000,854.23,856.75,816.65
VNINDEX,23/07/2020,856.75,856.75,"+1,67 (+0,20%)",221114760,3369.42,19379942,493751270000,854.92,857.22,851.97
VNINDEX,22/07/2020,855.08,855.08,"-6,61 (-0,77%)",207218280,3364.78,71384074,963650350000,862.8,864.0,854.97
VNINDEX,21/07/2020,861.69,861.69,"+0,29 (+0,03%)",216046880,3779.84,29358193,799336830000,863.94,864.7,856.94
VNINDEX,20/07/2020,861.4,861.4,"-10,62 (-1,22%)",256105460,3831.8,28970315,937132760000,870.66,872.02,861.4
VNINDEX,17/07/2020,872.02,872.02,"-4,81 (-0,55%)",238997770,3775.61,31684247,800352640000,873.48,875.07,871.89
VNINDEX,16/07/2020,876.83,876.83,"+6,92 (+0,80%)",220943960,3737.59,22528066,559082610000,871.81,876.83,869.25
VNINDEX,15/07/2020,869.91,869.91,"+1,80 (+0,21%)",223490580,3542.01,34803046,923536080000,872.8,876.69,868.11
VNINDEX,14/07/2020,868.11,868.11,"-0,61 (-0,07%)",204647390,3148.09,34490270,918834060000,865.01,868.72,860.28
VNINDEX,13/07/2020,868.72,868.72,"-2,49 (-0,29%)",203912630,3490.37,42160870,852145700000,874.85,876.83,866.99
VNINDEX,10/07/2020,871.21,871.21,"-5,25 (-0,60%)",254910040,3801.38,36203756,1039148000000,873.7,878.53,867.59
VNINDEX,09/07/2020,876.46,876.46,"+11,96 (+1,38%)",259149310,4141.14,46926428,1099358220000,867.66,878.36,864.5
VNINDEX,08/07/2020,864.5,864.5,"+1,08 (+0,13%)",184014420,3039.44,53526146,1262836840000,861.75,865.58,859.98
VNINDEX,07/07/2020,863.42,863.42,"+2,26 (+0,26%)",284435650,4557.25,46466726,1159377330000,865.46,870.63,861.16
VNINDEX,06/07/2020,861.16,861.16,"+13,55 (+1,60%)",194421760,3335.45,20669919,849776130000,851.47,861.85,847.61
VNINDEX,03/07/2020,847.61,847.61,"+5,23 (+0,62%)",172688260,2868.09,30312918,693428810000,845.26,848.16,842.38
VNINDEX,02/07/2020,842.38,842.38,"-1,11 (-0,13%)",190900470,2919.65,32894398,862019860000,845.66,845.66,838.48
VNINDEX,01/07/2020,843.49,843.49,"+18,38 (+2,23%)",251635370,3071.11,51910576,1584402180000,827.67,844.26,826.38
VNINDEX,31/08/2020,881.65,881.65,"+2,67 (+0,30%)",333312960,5651.91,19338048,676185900000,882.13,888.44,879.26
VNINDEX,28/08/2020,878.98,878.98,"+4,27 (+0,49%)",328738170,6024.03,69583254,1662284730000,878.79,885.86,874.71
VNINDEX,27/08/2020,874.71,874.71,"+1,24 (+0,14%)",279106260,4771.74,46611887,1468517570000,872.38,875.71,871.93
VNINDEX,26/08/2020,873.47,873.47,"-0,65 (-0,07%)",320824630,5624.42,31551930,609441980000,873.62,876.97,871.78
VNINDEX,25/08/2020,874.12,874.12,"+5,44 (+0,63%)",342448420,5985.61,56616753,1564069920000,870.92,877.57,870.92
VNINDEX,24/08/2020,868.68,868.68,"+13,90 (+1,63%)",345727410,5730.53,35790133,915527500000,860.35,868.68,854.78
VNINDEX,21/08/2020,854.78,854.78,"+6,57 (+0,77%)",262789870,4463.19,24027532,495701180000,849.99,856.45,848.21
VNINDEX,20/08/2020,848.21,848.21,"-3,00 (-0,35%)",232011660,4145.11,53673934,2453782700000,851.21,856.99,847.44
VNINDEX,19/08/2020,851.21,851.21,"+4,78 (+0,56%)",214883630,3570.89,25263592,428273470000,847.19,853.15,846.22
VNINDEX,18/08/2020,846.43,846.43,"-3,72 (-0,44%)",183415680,3009.63,44095168,943411310000,846.43,851.06,845.0
VNINDEX,17/08/2020,850.15,850.15,"-0,59 (-0,07%)",215893300,3386.11,21617381,464286710000,848.08,852.05,841.62
VNINDEX,14/08/2020,850.74,850.74,"-4,31 (-0,50%)",285091480,4738.52,19614521,424349420000,854.29,860.32,848.38
VNINDEX,13/08/2020,855.05,855.05,"+8,13 (+0,96%)",236129250,3913.65,20115273,534785430000,849.96,855.19,849.86
VNINDEX,12/08/2020,846.92,846.92,"+3,84 (+0,46%)",238422860,3839.22,34070390,674019640000,844.19,848.54,842.88
VNINDEX,11/08/2020,843.08,843.08,"-0,12 (-0,01%)",226765520,3598.46,22234784,586046710000,847.61,847.61,840.35
VNINDEX,10/08/2020,843.2,843.2,"+1,74 (+0,21%)",277423110,4317.61,31874280,550557100000,845.11,849.52,843.2
VNINDEX,07/08/2020,841.46,841.46,"+1,42 (+0,17%)",230026640,3681.51,29858198,874352210000,840.65,844.33,836.84
VNINDEX,06/08/2020,840.04,840.04,"+2,24 (+0,27%)",233729360,3687.95,23287560,464441410000,838.01,844.16,833.56
VNINDEX,05/08/2020,837.8,837.8,"+10,23 (+1,24%)",264841620,4382.3,41797538,988533440000,827.54,839.52,820.74
VNINDEX,04/08/2020,827.57,827.57,"+12,92 (+1,59%)",251465920,3484.98,25982973,694082460000,822.86,827.57,820.2
VNINDEX,03/08/2020,814.65,814.65,"+16,26 (+2,04%)",244789940,3507.29,53346244,1244967110000,796.86,814.84,796.47
VNINDEX,30/09/2020,905.21,905.21,"+1,23 (+0,14%)",310162690,5516.91,30522904,842757270000,904.34,907.0,900.44
VNINDEX,29/09/2020,903.98,903.98,"-8,52 (-0,93%)",438172690,7755.03,27186659,772333820000,916.63,917.49,903.98
VNINDEX,28/09/2020,912.5,912.5,"+4,23 (+0,47%)",378529100,6278.2,41711033,972804370000,911.2,913.6,908.27
VNINDEX,25/09/2020,908.27,908.27,"-0,31 (-0,03%)",326126870,5432.8,35105260,842353850000,910.78,911.3,905.56
VNINDEX,24/09/2020,908.58,908.58,"-3,92 (-0,43%)",357987680,5616.59,40476731,791609670000,910.53,914.51,907.32
VNINDEX,23/09/2020,912.5,912.5,"+6,31 (+0,70%)",324674020,5494.87,67832577,989037570000,908.97,913.52,906.19
VNINDEX,22/09/2020,906.19,906.19,"-1,75 (-0,19%)",367748340,6151.98,33659659,594012980000,905.9,909.69,902.47
VNINDEX,21/09/2020,907.94,907.94,"+6,99 (+0,78%)",349431690,6269.62,54003324,1446889430000,904.5,909.78,900.95
VNINDEX,18/09/2020,900.95,900.95,"+6,91 (+0,77%)",303725090,5210.49,58119287,1451159820000,896.08,902.11,894.04
VNINDEX,17/09/2020,894.04,894.04,"-3,43 (-0,38%)",371114920,5882.19,24340011,662115040000,897.47,899.41,890.93
VNINDEX,16/09/2020,897.47,897.47,"+1,21 (+0,14%)",262872740,4399.05,27560828,650762810000,897.43,897.58,894.63
VNINDEX,15/09/2020,896.26,896.26,"+1,69 (+0,19%)",343362100,5534.95,38436701,1191023660000,896.61,898.74,894.57
VNINDEX,14/09/2020,894.57,894.57,"+5,60 (+0,63%)",318768720,5238.09,45662821,1142302670000,891.89,895.31,888.97
VNINDEX,11/09/2020,888.97,888.97,"+0,15 (+0,02%)",269585440,4529.37,40323165,988338640000,888.82,890.98,884.67
VNINDEX,10/09/2020,888.82,888.82,"-0,50 (-0,06%)",283019010,4886.13,104217509,6543376340000,895.29,896.78,888.82
VNINDEX,09/09/2020,889.32,889.32,"-0,82 (-0,09%)",282232270,5151.88,36210967,833334410000,883.68,892.4,881.57
VNINDEX,08/09/2020,890.14,890.14,"+1,89 (+0,21%)",266880030,4766.69,27140717,1021453210000,891.61,894.58,884.88
VNINDEX,07/09/2020,888.25,888.25,"-13,29 (-1,47%)",382825000,6429.93,51237933,1157869640000,903.85,905.8,888.25
VNINDEX,04/09/2020,901.54,901.54,"-2,43 (-0,27%)",316184660,5886.8,30254131,845608330000,896.02,903.97,893.86
VNINDEX,03/09/2020,903.97,903.97,"+12,24 (+1,37%)",323223440,6122.79,47266081,1536661530000,898.25,904.32,896.26
VNINDEX,01/09/2020,891.73,891.73,"+9,33 (+1,06%)",285412810,4873.93,31587159,1124950410000,882.4,892.51,880.79
VNINDEX,30/10/2020,925.47,925.47,"+6,39 (+0,70%)",297619160,6099.24,15134079,458418450000,925.41,926.32,911.2
VNINDEX,29/10/2020,919.08,919.08,"-1,97 (-0,21%)",355910070,7216.92,80222860,783807020000,916.49,925.84,914.33
VNINDEX,28/10/2020,921.05,921.05,"-25,42 (-2,69%)",433068340,8249.28,22989970,770105770000,942.82,946.91,921.05
VNINDEX,27/10/2020,946.47,946.47,"-4,33 (-0,46%)",414913610,7637.24,40938765,1095855930000,950.8,954.72,946.28
VNINDEX,26/10/2020,950.8,950.8,"-10,46 (-1,09%)",404773940,7953.73,23475158,597141840000,967.52,970.15,950.8
VNINDEX,23/10/2020,961.26,961.26,"+11,36 (+1,20%)",392430900,7813.31,60061366,1646764030000,953.45,961.26,949.9
VNINDEX,22/10/2020,949.9,949.9,"+10,87 (+1,16%)",316297780,6409.98,48817684,898173850000,938.06,949.9,933.78
VNINDEX,21/10/2020,939.03,939.03,"-5,39 (-0,57%)",372347380,7165.34,40302960,1230253560000,947.16,948.2,939.0
VNINDEX,20/10/2020,944.42,944.42,"+0,73 (+0,08%)",385659020,7745.92,58668612,1444954730000,941.0,944.54,937.32
VNINDEX,19/10/2020,943.69,943.69,"+0,39 (+0,04%)",353154450,6921.68,36313782,960218420000,945.01,946.29,941.92
VNINDEX,16/10/2020,943.3,943.3,"+0,54 (+0,06%)",395580380,7983.22,47749341,1292355840000,944.03,946.23,935.98
VNINDEX,15/10/2020,942.76,942.76,"+2,58 (+0,27%)",439631740,8402.09,30873466,1004554320000,945.28,945.93,938.7
VNINDEX,14/10/2020,940.18,940.18,"+10,32 (+1,11%)",386750560,7601.68,88170271,6797441820000,931.89,940.18,931.89
VNINDEX,13/10/2020,929.86,929.86,"+4,03 (+0,44%)",322972210,5597.27,36042935,906329500000,926.76,930.96,923.78
VNINDEX,12/10/2020,925.83,925.83,"+1,83 (+0,20%)",414162820,7696.36,43066473,1308072950000,930.78,933.13,923.28
VNINDEX,09/10/2020,924.0,924.0,"+5,16 (+0,56%)",343796560,5786.46,44336559,858220820000,919.48,924.0,917.7
VNINDEX,08/10/2020,918.84,918.84,"-0,88 (-0,10%)",446311540,7191.26,23992905,755020460000,922.08,922.08,913.89
VNINDEX,07/10/2020,919.72,919.72,"+4,05 (+0,44%)",496266530,7879.23,27694835,905267790000,913.62,923.57,912.69
VNINDEX,06/10/2020,915.67,915.67,"+0,99 (+0,11%)",472545310,7305.49,23587083,899551080000,918.11,918.93,912.77
VNINDEX,05/10/2020,914.68,914.68,"+4,77 (+0,52%)",420759580,6453.68,35341539,848562160000,913.77,915.55,910.96
VNINDEX,02/10/2020,909.91,909.91,"-4,18 (-0,46%)",501297560,8127.6,25860594,464578190000,914.09,916.67,897.72
VNINDEX,01/10/2020,914.09,914.09,"+3,96 (+0,44%)",330218020,5878.3,22230599,883391630000,910.13,914.09,905.21
VNINDEX,30/11/2020,1003.08,1003.08,"-7,14 (-0,71%)",450045450,9254.52,82884720,2025414040000,1011.82,1012.5,1002.61
VNINDEX,27/11/2020,1010.22,1010.22,"+4,25 (+0,42%)",381723340,7944.1,64712153,1925150070000,1006.68,1010.22,1004.0
VNINDEX,26/11/2020,1005.97,1005.97,"+6,03 (+0,60%)",411338400,8357.97,82219388,1935651580000,999.24,1005.97,994.91
VNINDEX,25/11/2020,999.94,999.94,"+4,18 (+0,42%)",445346780,9737.99,30389805,1261223580000,1000.39,1002.31,995.76
VNINDEX,24/11/2020,995.76,995.76,"+1,57 (+0,16%)",511566140,10940.28,38501827,1433801990000,996.55,997.99,984.92
VNINDEX,23/11/2020,994.19,994.19,"+4,19 (+0,42%)",450110750,9190.49,39579079,1343535130000,991.87,995.9,985.38
VNINDEX,20/11/2020,990.0,990.0,"+6,74 (+0,69%)",471526920,8555.65,29525096,990984320000,984.71,990.0,980.72
VNINDEX,19/11/2020,983.26,983.26,"+9,73 (+1,00%)",473474550,9770.1,26644272,933117920000,975.32,983.26,973.53
VNINDEX,18/11/2020,973.53,973.53,"+4,63 (+0,48%)",446206150,8858.68,32476136,1167653290000,969.48,974.3,966.32
VNINDEX,17/11/2020,968.9,968.9,"+18,11 (+1,90%)",371415910,7296.18,29539176,608083280000,955.52,968.9,950.79
VNINDEX,16/11/2020,950.79,950.79,"-15,50 (-1,60%)",484179810,9571.88,34750545,658676210000,970.11,972.98,950.5
VNINDEX,13/11/2020,966.29,966.29,"+7,01 (+0,73%)",419678370,7173.99,38150608,847852880000,959.56,966.29,959.13
VNINDEX,12/11/2020,959.28,959.28,"+7,06 (+0,74%)",320081130,5565.78,23831116,447688290000,953.97,959.28,952.22
VNINDEX,11/11/2020,952.22,952.22,"+0,32 (+0,03%)",353735780,6916.24,22777948,910818190000,954.46,956.65,947.61
VNINDEX,10/11/2020,951.9,951.9,"-0,09 (-0,01%)",422041040,8347.6,34706210,1216888540000,962.68,963.47,951.9
VNINDEX,09/11/2020,951.99,951.99,"+13,70 (+1,46%)",369592050,7052.18,23602985,830937300000,942.15,951.99,938.29
VNINDEX,06/11/2020,938.29,938.29,"+0,54 (+0,06%)",249258850,4746.72,18973249,613249330000,939.73,941.2,934.63
VNINDEX,05/11/2020,937.75,937.75,"-2,01 (-0,21%)",270446750,5453.73,33885821,926423600000,940.32,945.51,937.75
VNINDEX,04/11/2020,939.76,939.76,"+4,35 (+0,47%)",327410490,6134.14,23461496,907971840000,935.41,943.56,933.86
VNINDEX,03/11/2020,935.41,935.41,"+1,73 (+0,19%)",302847830,5851.89,15854349,454234010000,936.73,937.57,932.18
VNINDEX,02/11/2020,933.68,933.68,"+8,21 (+0,89%)",273082480,4654.25,24518643,689572870000,926.09,933.68,924.14
VNINDEX,31/12/2020,1103.87,1103.87,"+6,33 (+0,58%)",500978800,10019.88,26839827,787904570000,1098.25,1105.33,1096.27
VNINDEX,30/12/2020,1097.54,1097.54,"-1,95 (-0,18%)",619802880,11892.74,57176070,1576995200000,1099.78,1108.83,1094.91
VNINDEX,29/12/2020,1099.49,1099.49,"+8,16 (+0,75%)",618010510,12685.69,60807922,1771506990000,1090.49,1102.79,1087.93
VNINDEX,28/12/2020,1091.33,1091.33,"+23,81 (+2,23%)",663869090,12934.41,60013461,1653003630000,1094.37,1096.11,1083.9
VNINDEX,25/12/2020,1084.42,1084.42,"+16,90 (+1,58%)",592212900,11399.88,60595739,1518318490000,1068.83,1084.42,1061.83
VNINDEX,24/12/2020,1067.52,1067.52,"-11,38 (-1,05%)",686557640,13005.09,70761237,1176224830000,1083.83,1084.76,1046.89
VNINDEX,23/12/2020,1078.9,1078.9,"-4,55 (-0,42%)",742856110,13615.41,70313454,1334580210000,1087.89,1094.09,1077.92
VNINDEX,22/12/2020,1083.45,1083.45,"+2,37 (+0,22%)",695860800,12848.9,60253547,1741593490000,1081.85,1084.23,1077.06
VNINDEX,21/12/2020,1081.08,1081.08,"+13,62 (+1,28%)",660479750,13101.65,53182502,1235042850000,1071.62,1081.6,1067.46
VNINDEX,18/12/2020,1067.46,1067.46,"+15,69 (+1,49%)",560068250,11774.95,63570132,1463041940000,1055.75,1068.56,1051.77
VNINDEX,17/12/2020,1051.77,1051.77,"-15,22 (-1,43%)",634682600,13687.56,33205463,844406290000,1065.85,1066.99,1051.42
VNINDEX,16/12/2020,1066.99,1066.99,"+11,72 (+1,11%)",556546890,10944.19,35019492,917468150000,1058.34,1066.99,1055.27
VNINDEX,15/12/2020,1055.27,1055.27,"-8,82 (-0,83%)",621133560,12293.94,54046648,1258793220000,1062.02,1067.45,1052.01
VNINDEX,14/12/2020,1064.09,1064.09,"+18,13 (+1,73%)",506310660,10445.23,77278335,2174004000000,1048.97,1064.09,1045.96
VNINDEX,11/12/2020,1045.96,1045.96,"+15,05 (+1,46%)",413852370,8746.44,49918989,1811484050000,1033.19,1045.96,1030.06
VNINDEX,10/12/2020,1030.91,1030.91,"-8,22 (-0,79%)",566339280,11590.3,60112317,1763126620000,1041.65,1044.1,1030.91
VNINDEX,09/12/2020,1039.13,1039.13,"+9,87 (+0,96%)",554755640,10831.24,31296050,876840310000,1031.19,1039.55,1030.24
VNINDEX,08/12/2020,1029.26,1029.26,"-0,72 (-0,07%)",501250780,9806.75,26416341,711218040000,1029.98,1032.58,1025.63
VNINDEX,07/12/2020,1029.98,1029.98,"+8,49 (+0,83%)",473554480,8930.09,46784206,1166854670000,1024.34,1030.41,1022.14
VNINDEX,04/12/2020,1021.49,1021.49,"+1,69 (+0,17%)",527019060,10035.47,26571283,664956220000,1019.8,1025.17,1018.67
VNINDEX,03/12/2020,1019.8,1019.8,"+5,48 (+0,54%)",496771120,9208.22,22134379,674356030000,1016.73,1020.35,1014.06
VNINDEX,02/12/2020,1014.32,1014.32,"+5,45 (+0,54%)",484658120,9673.73,199866792,4643053440000,1008.77,1015.86,1007.91
VNINDEX,01/12/2020,1008.87,1008.87,"+20,16 (+2,04%)",536207660,10458.14,47100214,1221514400000,988.71,1008.87,988.71
VNINDEX,29/01/2021,1056.61,1056.61,"+32,67 (+3,19%)",743995900,15891.62,53389752,1938454750000,998.33,1076.11,998.33
VNINDEX,28/01/2021,1023.94,1023.94,"-73,23 (-6,67%)",698605600,15745.97,69268441,2649863380000,1041.71,1052.16,1022.77
VNINDEX,27/01/2021,1097.17,1097.17,"-38,95 (-3,43%)",745071300,15616.75,40631685,1162678670000,1122.41,1136.12,1088.86
VNINDEX,26/01/2021,1136.12,1136.12,"-29,93 (-2,57%)",743159100,15030.17,39111701,1244067680000,1164.97,1166.05,1121.03
VNINDEX,25/01/2021,1166.05,1166.05,"-0,73 (-0,06%)",665737500,14665.56,41498685,1120082290000,1164.2,1172.18,1162.8
VNINDEX,22/01/2021,1166.78,1166.78,"+2,57 (+0,22%)",716238000,14691.51,42077840,1330451050000,1166.77,1175.72,1161.43
VNINDEX,21/01/2021,1164.21,1164.21,"+29,53 (+2,60%)",666008100,14040.42,55911585,1718235030000,1146.86,1164.21,1132.66
VNINDEX,20/01/2021,1134.68,1134.68,"+3,68 (+0,33%)",802789200,16478.26,36511519,1312169800000,1136.5,1142.48,1098.05
VNINDEX,19/01/2021,1131.0,1131.0,"-60,94 (-5,11%)",923105700,17974.14,63081455,2389082310000,1189.91,1191.94,1117.17
VNINDEX,18/01/2021,1191.94,1191.94,"-2,26 (-0,19%)",711741000,16008.44,35674059,1161072160000,1198.79,1200.85,1190.33
VNINDEX,15/01/2021,1194.2,1194.2,"+6,80 (+0,57%)",746215900,16318.22,36897233,2380149790000,1188.84,1197.74,1188.84
VNINDEX,14/01/2021,1187.4,1187.4,"+1,35 (+0,11%)",737417900,15327.24,41925366,1749862700000,1189.48,1190.5,1178.84
VNINDEX,13/01/2021,1186.05,1186.05,"-6,23 (-0,52%)",747161400,15632.89,72130596,2560671640000,1197.32,1200.82,1183.18
VNINDEX,12/01/2021,1192.28,1192.28,"+7,39 (+0,62%)",683329700,14777.4,36605030,1027597850000,1190.38,1192.28,1179.24
VNINDEX,11/01/2021,1184.89,1184.89,"+17,20 (+1,47%)",776321700,16406.56,69529990,2133875240000,1176.47,1186.45,1175.0
VNINDEX,08/01/2021,1167.69,1167.69,"+11,20 (+0,97%)",763095900,16180.33,45218123,1685580070000,1164.1,1176.33,1160.48
VNINDEX,07/01/2021,1156.49,1156.49,"+13,28 (+1,16%)",719527100,15317.14,44212496,1705244660000,1147.26,1156.49,1143.44
VNINDEX,06/01/2021,1143.21,1143.21,"+10,66 (+0,94%)",725414800,15929.0,65037112,2073298300000,1139.12,1152.85,1133.7
VNINDEX,05/01/2021,1132.55,1132.55,"+12,08 (+1,08%)",710226500,14790.7,53201360,1425348600000,1116.96,1133.16,1116.49
VNINDEX,04/01/2021,1120.47,1120.47,"+16,60 (+1,50%)",709701600,14760.63,54334396,1489071140000,1113.77,1126.43,1113.59
VNINDEX,26/02/2021,1168.47,1168.47,"+3,04 (+0,26%)",528150000,13780.38,26312692,1089757580000,1148.88,1169.28,1148.88
VNINDEX,25/02/2021,1165.43,1165.43,"+3,42 (+0,29%)",493051100,12573.1,17381391,777792480000,1169.97,1169.97,1155.74
VNINDEX,24/02/2021,1162.01,1162.01,"-15,63 (-1,33%)",572631700,14105.98,30364555,911116040000,1184.32,1185.58,1154.36
VNINDEX,23/02/2021,1177.64,1177.64,"+2,60 (+0,22%)",571704900,14300.43,26561763,1121398850000,1174.57,1184.32,1168.32
VNINDEX,22/02/2021,1175.04,1175.04,"+1,54 (+0,13%)",571176900,13933.42,58859615,1364131450000,1173.57,1182.67,1169.12
VNINDEX,19/02/2021,1173.5,1173.5,"-0,88 (-0,07%)",547575400,13527.86,30707598,1217257260000,1160.65,1178.18,1157.6
VNINDEX,18/02/2021,1174.38,1174.38,"+18,60 (+1,61%)",585040700,13991.18,29778519,1139074300000,1157.1,1174.38,1148.66
VNINDEX,17/02/2021,1155.78,1155.78,"+40,85 (+3,66%)",510971700,12565.97,57060717,1332664810000,1127.46,1155.78,1114.93
VNINDEX,09/02/2021,1114.93,1114.93,"+27,63 (+2,54%)",490182000,11559.33,29632193,1105540920000,1090.88,1114.93,1078.98
VNINDEX,08/02/2021,1083.18,1083.18,"-43,73 (-3,88%)",635387600,15224.26,61212014,1338665390000,1127.06,1127.06,1075.1
VNINDEX,05/02/2021,1126.91,1126.91,"+14,72 (+1,32%)",458710000,10414.99,71160404,2001802980000,1114.79,1126.91,1112.19
VNINDEX,04/02/2021,1112.19,1112.19,"+0,90 (+0,08%)",471356200,10775.46,52049858,1656390070000,1112.97,1117.88,1098.85
VNINDEX,03/02/2021,1111.29,1111.29,"+35,76 (+3,32%)",635966100,13326.76,67208414,2560415270000,1084.87,1113.24,1075.53
VNINDEX,02/02/2021,1075.53,1075.53,"+40,02 (+3,86%)",554905500,11661.06,47710311,1499440280000,1036.95,1075.53,1029.36
VNINDEX,01/02/2021,1035.51,1035.51,"-21,10 (-2,00%)",588446500,12287.97,45887251,1363568470000,1062.13,1074.52,1035.51
VNINDEX,31/03/2021,1191.44,1191.44,"+5,08 (+0,43%)",670504300,13023.78,32578706,1585296980000,1187.44,1196.45,1186.4
VNINDEX,30/03/2021,1186.36,1186.36,"+10,68 (+0,91%)",707543000,14532.4,73187653,2415705290000,1179.64,1187.29,1172.85
VNINDEX,29/03/2021,1175.68,1175.68,"+13,47 (+1,16%)",592790900,12189.89,68158837,2320065060000,1169.65,1175.77,1165.78
VNINDEX,26/03/2021,1162.21,1162.21,"-0,89 (-0,08%)",630516500,14194.27,39947969,1420232300000,1162.71,1165.76,1137.9
VNINDEX,25/03/2021,1163.1,1163.1,"+1,29 (+0,11%)",613916000,13531.04,76813969,3903117650000,1164.41,1170.76,1154.44
VNINDEX,24/03/2021,1161.81,1161.81,"-21,64 (-1,83%)",649741100,14827.45,100735525,2822375000000,1169.42,1183.45,1154.22
VNINDEX,23/03/2021,1183.45,1183.45,"-10,98 (-0,92%)",643583000,14038.61,40137105,1376882820000,1190.28,1191.47,1177.1
VNINDEX,22/03/2021,1194.43,1194.43,"+0,38 (+0,03%)",626610700,13709.03,74258377,2083306050000,1200.05,1200.21,1189.31
VNINDEX,19/03/2021,1194.05,1194.05,"-6,89 (-0,57%)",600925800,14571.62,79975333,2656528850000,1195.47,1199.67,1191.96
VNINDEX,18/03/2021,1200.94,1200.94,"+14,85 (+1,25%)",570101600,13531.74,58533656,1875127120000,1196.6,1200.94,1186.09
VNINDEX,17/03/2021,1186.09,1186.09,"+6,19 (+0,52%)",648766800,14141.51,52325298,1690859050000,1178.64,1186.09,1176.26
VNINDEX,16/03/2021,1179.9,1179.9,"-4,66 (-0,39%)",629617900,13521.24,54235939,1792589090000,1184.91,1184.91,1171.76
VNINDEX,15/03/2021,1184.56,1184.56,"+3,00 (+0,25%)",634609700,13820.03,42354626,1285016560000,1183.89,1186.06,1178.8
VNINDEX,12/03/2021,1181.56,1181.56,"-0,17 (-0,01%)",595631800,13213.61,29073111,1368575320000,1185.21,1186.52,1178.14
VNINDEX,11/03/2021,1181.73,1181.73,"+11,65 (+1,00%)",586252400,13592.72,42848207,1518346380000,1170.08,1183.73,1170.08
VNINDEX,10/03/2021,1170.08,1170.08,"+8,11 (+0,70%)",569498400,13162.88,154423371,4763529330000,1163.86,1170.59,1154.89
VNINDEX,09/03/2021,1161.97,1161.97,"-6,30 (-0,54%)",613096200,13863.77,28337623,1269971560000,1160.96,1168.27,1150.94
VNINDEX,08/03/2021,1168.27,1168.27,"-0,42 (-0,04%)",627495500,14416.28,25207657,1168514290000,1180.33,1181.25,1164.02
VNINDEX,05/03/2021,1168.69,1168.69,"+0,17 (+0,01%)",568265900,13881.58,26569464,1109698170000,1164.19,1169.56,1155.6
VNINDEX,04/03/2021,1168.52,1168.52,"-18,43 (-1,55%)",629649100,15250.78,43800821,1550167140000,1191.78,1191.9,1159.48
VNINDEX,03/03/2021,1186.95,1186.95,"+0,34 (+0,03%)",584537200,13751.31,47134549,1546071080000,1184.73,1189.18,1180.25
VNINDEX,02/03/2021,1186.61,1186.61,"+0,44 (+0,04%)",533302200,13750.0,43702710,1467114200000,1196.16,1196.16,1181.99
VNINDEX,01/03/2021,1186.17,1186.17,"+17,70 (+1,51%)",593011800,14562.31,50369391,1462531720000,1176.93,1186.82,1174.45
VNINDEX,29/04/2021,1239.39,1239.39,"+9,84 (+0,80%)",614232800,18090.61,32927374,1209954280000,1234.91,1239.39,1231.25
VNINDEX,28/04/2021,1229.55,1229.55,"+9,80 (+0,80%)",589498400,14247.14,23198789,1162882810000,1220.26,1230.91,1217.49
VNINDEX,27/04/2021,1219.75,1219.75,"+3,98 (+0,33%)",544650900,13065.38,73518980,2393929890000,1213.84,1220.96,1204.14
VNINDEX,26/04/2021,1215.77,1215.77,"-32,76 (-2,62%)",685386500,16862.17,59558231,2433566130000,1251.25,1251.25,1214.14
VNINDEX,23/04/2021,1248.53,1248.53,"+20,71 (+1,69%)",684222800,17960.61,32295868,2129381410000,1227.18,1248.53,1216.15
VNINDEX,22/04/2021,1227.82,1227.82,"-40,46 (-3,19%)",732254600,18593.78,38118283,2069631920000,1264.31,1271.98,1227.82
VNINDEX,20/04/2021,1268.28,1268.28,"+7,70 (+0,61%)",798483500,21165.39,45118428,1934795260000,1267.74,1286.32,1261.28
VNINDEX,19/04/2021,1260.58,1260.58,"+21,87 (+1,77%)",773047000,18350.45,44082717,1454179720000,1243.58,1260.58,1233.77
VNINDEX,16/04/2021,1238.71,1238.71,"-8,54 (-0,68%)",948989400,20048.29,37888440,1711576030000,1245.06,1254.61,1227.14
VNINDEX,15/04/2021,1247.25,1247.25,"-8,62 (-0,69%)",771443700,19034.85,35047736,1610714430000,1262.25,1265.87,1247.25
VNINDEX,14/04/2021,1255.87,1255.87,"+7,54 (+0,60%)",813503500,17746.91,48451002,1598340860000,1240.9,1255.87,1233.01
VNINDEX,13/04/2021,1248.33,1248.33,"-4,12 (-0,33%)",977605500,20422.88,49479843,3047633350000,1262.44,1268.02,1247.66
VNINDEX,12/04/2021,1252.45,1252.45,"+20,79 (+1,69%)",857647000,19983.93,32666325,1533771710000,1236.79,1252.45,1231.66
VNINDEX,09/04/2021,1231.66,1231.66,"-3,23 (-0,26%)",655839000,14137.7,76978578,4070692160000,1231.51,1234.98,1227.6
VNINDEX,08/04/2021,1234.89,1234.89,"-7,49 (-0,60%)",633566500,13204.98,30941210,1318038320000,1242.38,1246.4,1232.26
VNINDEX,07/04/2021,1242.38,1242.38,"+2,42 (+0,20%)",676166500,14843.24,51649648,1678919460000,1237.39,1242.38,1232.52
VNINDEX,06/04/2021,1239.96,1239.96,"+3,91 (+0,32%)",656481800,15328.8,37582662,1567476600000,1233.37,1244.63,1231.14
VNINDEX,05/04/2021,1236.05,1236.05,"+11,60 (+0,95%)",635303500,15003.4,57732571,1812051770000,1245.28,1245.28,1228.18
VNINDEX,02/04/2021,1224.45,1224.45,"+8,35 (+0,69%)",608762900,14321.2,53125703,2068606530000,1225.76,1228.29,1221.07
VNINDEX,01/04/2021,1216.1,1216.1,"+21,51 (+1,80%)",637059200,15281.34,35775467,1668244540000,1194.59,1217.26,1191.44
VNINDEX,31/05/2021,1328.05,1328.05,"+7,59 (+0,57%)",700319900,23853.03,36854693,1605272990000,1326.65,1328.05,1307.56
VNINDEX,28/05/2021,1320.46,1320.46,"+16,89 (+1,30%)",722285600,23463.91,46564113,1334618230000,1307.79,1323.09,1300.06
VNINDEX,27/05/2021,1303.57,1303.57,"-13,13 (-1,00%)",685085600,21909.75,47912465,2178515620000,1318.42,1319.67,1299.99
VNINDEX,26/05/2021,1316.7,1316.7,"+8,12 (+0,62%)",676236800,20454.44,36832202,1235072830000,1308.04,1317.3,1304.68
VNINDEX,25/05/2021,1308.58,1308.58,"+10,60 (+0,82%)",639370500,19414.46,39692080,1831929180000,1299.19,1308.58,1297.23
VNINDEX,24/05/2021,1297.98,1297.98,"+14,05 (+1,09%)",670713100,21758.15,44796275,1877706710000,1287.5,1299.83,1283.93
VNINDEX,21/05/2021,1283.93,1283.93,"+5,71 (+0,45%)",654126800,21148.88,44803148,2518617340000,1272.84,1289.03,1268.46
VNINDEX,20/05/2021,1278.22,1278.22,"+15,73 (+1,25%)",706187900,21056.94,39024540,1671418950000,1264.62,1278.22,1255.78
VNINDEX,19/05/2021,1262.49,1262.49,"+9,81 (+0,78%)",650916500,20005.47,43435295,1588431820000,1254.78,1262.71,1250.58
VNINDEX,18/05/2021,1252.68,1252.68,"-6,02 (-0,48%)",661244600,19814.57,31236343,1197340620000,1259.57,1262.22,1249.02
VNINDEX,17/05/2021,1258.7,1258.7,"-7,66 (-0,60%)",705839600,20779.36,52452097,2045346600000,1272.55,1277.83,1258.5
VNINDEX,14/05/2021,1266.36,1266.36,"+4,37 (+0,35%)",679016500,20288.89,51969434,1743349940000,1266.43,1271.45,1259.97
VNINDEX,13/05/2021,1261.99,1261.99,"-7,10 (-0,56%)",680368500,20290.01,31152702,1337426460000,1262.98,1273.49,1261.99
VNINDEX,12/05/2021,1269.09,1269.09,"+13,05 (+1,04%)",664157900,19359.55,36513891,1565236530000,1251.97,1269.09,1249.18
VNINDEX,11/05/2021,1256.04,1256.04,"-3,54 (-0,28%)",709535700,20787.56,60558086,1877866880000,1265.11,1272.55,1256.04
VNINDEX,10/05/2021,1259.58,1259.58,"+17,77 (+1,43%)",732066300,21622.87,40989622,1510992320000,1239.96,1259.58,1236.85
VNINDEX,07/05/2021,1241.81,1241.81,"-8,76 (-0,70%)",745215600,21071.67,37825547,1348480000000,1245.48,1250.5,1231.92
VNINDEX,06/05/2021,1250.57,1250.57,"-5,86 (-0,47%)",672398700,18027.62,58105164,2286856830000,1255.42,1261.49,1246.64
VNINDEX,05/05/2021,1256.43,1256.43,"+14,23 (+1,15%)",685433600,19017.46,58993980,2192386000000,1244.69,1265.93,1242.2
VNINDEX,04/05/2021,1242.2,1242.2,"+20,12 (+1,65%)",712632600,18791.53,85861036,2689789080000,1222.08,1242.8,1212.56
VNINDEX,30/06/2021,1408.55,1408.55,"-1,49 (-0,11%)",532318900,17735.24,62966764,3320650310000,1410.83,1419.61,1408.18
VNINDEX,29/06/2021,1410.04,1410.04,"+4,23 (+0,30%)",609604200,19422.3,37784973,1902520550000,1408.34,1416.34,1405.81
VNINDEX,28/06/2021,1405.81,1405.81,"+15,69 (+1,13%)",654617700,21549.88,44894467,1642376310000,1397.96,1406.02,1390.56
VNINDEX,25/06/2021,1390.12,1390.12,"+10,40 (+0,75%)",518602200,16669.79,79503390,2457824290000,1382.11,1390.12,1372.8
VNINDEX,24/06/2021,1379.72,1379.72,"+2,85 (+0,21%)",538103500,16673.44,53645840,1810980230000,1376.87,1384.71,1372.99
VNINDEX,23/06/2021,1376.87,1376.87,"-3,10 (-0,22%)",644736300,19074.45,66034395,2049685720000,1383.15,1388.33,1372.06
VNINDEX,22/06/2021,1379.97,1379.97,"+7,34 (+0,53%)",694747200,19885.36,52200357,2508042660000,1380.84,1385.98,1372.63
VNINDEX,21/06/2021,1372.63,1372.63,"-5,14 (-0,37%)",731280000,20443.22,36903176,2217042120000,1373.59,1381.74,1367.85
VNINDEX,18/06/2021,1377.77,1377.77,"+17,85 (+1,31%)",750587000,20914.68,58878947,2820251080000,1366.19,1377.77,1359.92
VNINDEX,17/06/2021,1359.92,1359.92,"+3,40 (+0,25%)",712336800,20129.99,56392997,2388079350000,1353.84,1353.84,1337.49
VNINDEX,16/06/2021,1356.52,1356.52,"-10,84 (-0,79%)",740320300,22166.81,29313342,1267104360000,1363.85,1370.14,1350.73
VNINDEX,15/06/2021,1367.36,1367.36,"+5,64 (+0,41%)",706567000,23183.87,24375289,1241471650000,1361.58,1372.72,1356.59
VNINDEX,14/06/2021,1361.72,1361.72,"+9,98 (+0,74%)",715610800,23228.42,60113700,2106886800000,1352.73,1368.53,1352.73
VNINDEX,11/06/2021,1351.74,1351.74,"+28,16 (+2,13%)",705032900,22583.37,26228867,1182436820000,1326.79,1352.47,1322.08
VNINDEX,10/06/2021,1323.58,1323.58,"-9,32 (-0,70%)",674214800,23295.39,49273209,2056392300000,1332.9,1336.71,1317.49
VNINDEX,09/06/2021,1332.9,1332.9,"+13,02 (+0,99%)",769829300,24224.68,52463398,1648717060000,1323.52,1339.14,1312.08
VNINDEX,08/06/2021,1319.88,1319.88,"-38,90 (-2,86%)",874573200,28127.37,49932595,2169225470000,1355.36,1364.48,1318.11
VNINDEX,07/06/2021,1358.78,1358.78,"-15,27 (-1,11%)",840122900,27538.52,36569925,1383879430000,1374.59,1375.74,1347.21
VNINDEX,04/06/2021,1374.05,1374.05,"+9,77 (+0,72%)",887731100,29179.98,55597947,2128291540000,1367.06,1374.05,1360.42
VNINDEX,03/06/2021,1364.28,1364.28,"+23,50 (+1,75%)",856882400,27740.09,41999694,1568712900000,1345.21,1366.0,1340.78
VNINDEX,02/06/2021,1340.78,1340.78,"+3,00 (+0,22%)",755624100,24159.16,49617435,1983831770000,1330.99,1344.98,1330.82
VNINDEX,01/06/2021,1337.78,1337.78,"+9,73 (+0,73%)",600477200,20995.5,28943989,766625510000,1329.47,1346.34,1328.84
VNINDEX,30/07/2021,1310.05,1310.05,"+16,45 (+1,27%)",618748500,20153.11,25689296,1606633900000,1298.01,1311.97,1296.95
VNINDEX,29/07/2021,1293.6,1293.6,"+16,53 (+1,29%)",445516100,14481.31,45544934,1798048340000,1286.33,1293.6,1282.88
VNINDEX,28/07/2021,1277.07,1277.07,"+0,14 (+0,01%)",361912000,11485.14,44975068,1579743710000,1273.48,1281.17,1271.78
VNINDEX,27/07/2021,1276.93,1276.93,"+4,22 (+0,33%)",519931600,16362.05,46814420,2188705780000,1283.67,1288.35,1276.53
VNINDEX,26/07/2021,1272.71,1272.71,"+3,88 (+0,31%)",461081000,14205.3,48466170,2022819780000,1268.83,1277.33,1254.57
VNINDEX,23/07/2021,1268.83,1268.83,"-24,84 (-1,92%)",550861800,17968.61,31392324,1361167400000,1288.83,1295.63,1268.83
VNINDEX,22/07/2021,1293.67,1293.67,"+22,88 (+1,80%)",493258000,14964.14,43153753,2042011440000,1270.79,1294.16,1266.54
VNINDEX,21/07/2021,1270.79,1270.79,"-2,50 (-0,20%)",395114300,12699.75,56837337,3303633680000,1277.27,1284.33,1266.71
VNINDEX,20/07/2021,1273.29,1273.29,"+29,78 (+2,39%)",538794200,16651.41,29807682,1228269900000,1243.51,1273.29,1225.52
VNINDEX,19/07/2021,1243.51,1243.51,"-55,80 (-4,29%)",675617000,20047.03,55406345,1801282260000,1270.18,1276.55,1237.79
VNINDEX,16/07/2021,1299.31,1299.31,"+5,39 (+0,42%)",415120500,13450.68,50294799,2007817820000,1298.38,1304.37,1296.06
VNINDEX,15/07/2021,1293.92,1293.92,"+14,01 (+1,09%)",419138600,14097.08,20790593,1047635390000,1270.77,1299.18,1270.77
VNINDEX,14/07/2021,1279.91,1279.91,"-17,63 (-1,36%)",547973900,17052.01,44784194,2272799770000,1297.54,1305.37,1264.68
VNINDEX,13/07/2021,1297.54,1297.54,"+1,24 (+0,10%)",500178900,14288.1,39422446,1627219160000,1305.36,1307.73,1278.3
VNINDEX,12/07/2021,1296.3,1296.3,"-50,84 (-3,77%)",912737200,29049.16,49002263,2566461480000,1338.11,1340.65,1270.06
VNINDEX,09/07/2021,1347.14,1347.14,"-27,54 (-2,00%)",713991100,23457.85,46350010,2252115280000,1365.28,1373.51,1335.9
VNINDEX,08/07/2021,1374.68,1374.68,"-13,87 (-1,00%)",528832600,19020.86,23468339,1177338090000,1381.11,1385.75,1363.92
VNINDEX,07/07/2021,1388.55,1388.55,"+33,76 (+2,49%)",733801300,24505.47,51385160,2090699660000,1361.76,1388.55,1334.58
VNINDEX,06/07/2021,1354.79,1354.79,"-56,34 (-3,99%)",773512600,26944.21,29644693,1728928330000,1412.93,1418.99,1354.79
VNINDEX,05/07/2021,1411.13,1411.13,"-9,14 (-0,64%)",774451500,25938.07,42875851,2098149340000,1420.27,1421.52,1394.12
VNINDEX,02/07/2021,1420.27,1420.27,"+3,19 (+0,23%)",653610300,22764.59,53216527,3276246030000,1422.89,1424.28,1415.82
VNINDEX,01/07/2021,1417.08,1417.08,"+4,93 (+0,35%)",699282500,23612.68,54281031,2518763990000,1412.15,1417.27,1402.18
VNINDEX,31/08/2021,1331.47,1331.47,"+3,33 (+0,25%)",712344100,21734.6,21480721,1153208690000,1332.62,1336.14,1325.69
VNINDEX,30/08/2021,1328.14,1328.14,"+14,94 (+1,14%)",641161300,19809.63,35380023,1583274550000,1323.39,1329.62,1313.2
VNINDEX,27/08/2021,1313.2,1313.2,"+12,08 (+0,93%)",658578200,20163.11,26477417,1243091980000,1301.12,1313.2,1285.16
VNINDEX,26/08/2021,1301.12,1301.12,"-8,43 (-0,64%)",497853400,16710.07,26438209,1053341970000,1313.18,1316.26,1295.77
VNINDEX,25/08/2021,1309.55,1309.55,"+10,81 (+0,83%)",481772400,15179.74,41100160,1600667560000,1300.74,1310.16,1291.7
VNINDEX,24/08/2021,1298.74,1298.74,"-0,12 (-0,01%)",648543100,21215.12,65722781,2217652070000,1304.0,1307.56,1289.16
VNINDEX,23/08/2021,1298.86,1298.86,"-30,57 (-2,30%)",768105500,24792.71,26963428,1026168050000,1322.62,1327.04,1298.86
VNINDEX,20/08/2021,1329.43,1329.43,"-45,42 (-3,30%)",1171621900,36807.1,34846446,1542511050000,1374.85,1374.85,1317.52
VNINDEX,19/08/2021,1374.85,1374.85,"+13,91 (+1,02%)",653254900,21999.05,74917656,3511925580000,1360.61,1374.85,1352.94
VNINDEX,18/08/2021,1360.94,1360.94,"-2,15 (-0,16%)",641678400,22548.78,48098755,1857952450000,1361.24,1370.5,1355.83
VNINDEX,17/08/2021,1363.09,1363.09,"-7,87 (-0,57%)",732378200,24478.87,36233181,1295491730000,1377.7,1379.7,1359.11
VNINDEX,16/08/2021,1370.96,1370.96,"+13,91 (+1,03%)",798944800,26150.65,28769687,1354221670000,1357.05,1372.33,1357.05
VNINDEX,13/08/2021,1357.05,1357.05,"+4,00 (+0,30%)",718718300,22983.94,25428212,1644687630000,1352.56,1357.41,1336.74
VNINDEX,12/08/2021,1353.05,1353.05,"-4,74 (-0,35%)",716513500,21630.01,25050806,1054157310000,1356.27,1364.26,1353.05
VNINDEX,11/08/2021,1357.79,1357.79,"-4,64 (-0,34%)",770571200,24608.51,36202284,1736307460000,1365.05,1374.03,1357.79
VNINDEX,10/08/2021,1362.43,1362.43,"+2,57 (+0,19%)",677981600,21049.74,38553579,1959018210000,1367.99,1370.35,1358.12
VNINDEX,09/08/2021,1359.86,1359.86,"+18,41 (+1,37%)",636278900,20598.58,52153684,2030968820000,1337.78,1361.12,1334.69
VNINDEX,06/08/2021,1341.45,1341.45,"-4,10 (-0,30%)",682081800,20667.14,54079071,1844027420000,1348.24,1351.85,1341.45
VNINDEX,05/08/2021,1345.55,1345.55,"+10,81 (+0,81%)",590429600,17533.33,45038665,1790904800000,1331.14,1346.62,1326.8
VNINDEX,04/08/2021,1334.74,1334.74,"+2,30 (+0,17%)",626287700,19368.53,35512472,1915671340000,1337.72,1340.76,1328.4
VNINDEX,03/08/2021,1332.44,1332.44,"+18,22 (+1,39%)",617967000,20222.19,29045746,1273437270000,1316.15,1332.44,1315.57
VNINDEX,02/08/2021,1314.22,1314.22,"+4,17 (+0,32%)",586763000,18330.47,27770756,1461195160000,1308.69,1322.35,1304.49
VNINDEX,30/09/2021,1342.06,1342.06,"+2,85 (+0,21%)",438294600,13215.59,38617916,1970313740000,1341.83,1348.89,1341.15
VNINDEX,29/09/2021,1339.21,1339.21,"-0,10 (-0,01%)",559164300,15220.82,39336352,2014892990000,1338.8,1340.9,1328.17
VNINDEX,28/09/2021,1339.31,1339.31,"+14,32 (+1,08%)",584057900,16211.43,39452117,2155639880000,1319.53,1341.81,1316.41
VNINDEX,27/09/2021,1324.99,1324.99,"-26,18 (-1,94%)",720860100,19459.71,57581400,2327796250000,1353.39,1354.38,1324.99
VNINDEX,24/09/2021,1351.17,1351.17,"-1,59 (-0,12%)",627564000,16723.89,45539663,1607243090000,1354.84,1356.97,1348.07
VNINDEX,23/09/2021,1352.76,1352.76,"+2,08 (+0,15%)",961252500,21770.53,36361731,1533939920000,1357.65,1361.09,1350.43
VNINDEX,22/09/2021,1350.68,1350.68,"+10,84 (+0,81%)",727734800,17291.34,51916876,1685338070000,1339.84,1350.71,1336.63
VNINDEX,21/09/2021,1339.84,1339.84,"-10,64 (-0,79%)",816979400,21948.97,42697027,1483438580000,1335.96,1350.48,1324.82
VNINDEX,20/09/2021,1350.48,1350.48,"-2,16 (-0,16%)",852479800,22926.98,42975307,1606030590000,1361.12,1365.92,1349.18
VNINDEX,17/09/2021,1352.64,1352.64,"+6,77 (+0,50%)",813151300,23695.79,39629373,2248446800000,1347.66,1356.45,1347.13
VNINDEX,16/09/2021,1345.87,1345.87,"+0,04 (0,00%)",570520600,16765.39,29250854,1437757690000,1351.85,1353.12,1341.23
VNINDEX,15/09/2021,1345.83,1345.83,"+6,13 (+0,46%)",645625800,17085.89,46466903,2105079440000,1338.11,1347.7,1334.97
VNINDEX,14/09/2021,1339.7,1339.7,"-1,73 (-0,13%)",692214900,18006.24,38237991,1652769930000,1343.38,1349.13,1336.84
VNINDEX,13/09/2021,1341.43,1341.43,"-3,88 (-0,29%)",744228400,21672.16,31240872,1437957420000,1348.07,1350.69,1340.5
VNINDEX,10/09/2021,1345.31,1345.31,"+1,33 (+0,10%)",559050700,17218.11,39673945,2019120930000,1348.74,1350.43,1345.07
VNINDEX,09/09/2021,1343.98,1343.98,"+10,37 (+0,78%)",593520900,17956.24,49045974,1626763790000,1333.61,1345.59,1332.67
VNINDEX,08/09/2021,1333.61,1333.61,"-8,29 (-0,62%)",596039700,18438.46,30034852,1141523330000,1343.92,1344.49,1328.35
VNINDEX,07/09/2021,1341.9,1341.9,"-4,49 (-0,33%)",849578800,25732.58,19800066,927334760000,1349.13,1353.66,1340.32
VNINDEX,06/09/2021,1346.39,1346.39,"+11,74 (+0,88%)",889375400,26570.2,55029272,1651511220000,1340.71,1348.36,1339.8
VNINDEX,01/09/2021,1334.65,1334.65,"+3,18 (+0,24%)",679730000,20897.58,40225649,3597932670000,1328.54,1338.02,1328.26
VNINDEX,29/10/2021,1444.27,1444.27,"+6,26 (+0,44%)",946189100,27618.01,35823881,1261876110000,1439.27,1447.62,1432.19
VNINDEX,28/10/2021,1438.01,1438.01,"+14,99 (+1,05%)",826726500,24538.44,38701858,1648044630000,1427.89,1440.64,1420.42
VNINDEX,27/10/2021,1423.02,1423.02,"+31,39 (+2,26%)",861686700,25392.8,74528941,2986183070000,1397.51,1423.02,1395.83
VNINDEX,26/10/2021,1391.63,1391.63,"+6,23 (+0,45%)",703571700,19534.84,44381342,1492764780000,1384.12,1393.03,1377.56
VNINDEX,25/10/2021,1385.4,1385.4,"-3,84 (-0,28%)",868073700,25399.23,31182907,1699236520000,1395.45,1395.72,1385.4
VNINDEX,22/10/2021,1389.24,1389.24,"+4,47 (+0,32%)",746799700,19885.17,51330396,1675469720000,1384.77,1393.7,1384.77
VNINDEX,21/10/2021,1384.77,1384.77,"-9,03 (-0,65%)",681412600,19987.5,27653938,1026726550000,1397.59,1398.45,1384.77
VNINDEX,20/10/2021,1393.8,1393.8,"-1,53 (-0,11%)",804215000,22203.25,41675585,1577122190000,1398.45,1401.76,1376.15
VNINDEX,19/10/2021,1395.33,1395.33,"-0,20 (-0,01%)",605953600,18440.57,33481245,1903636710000,1395.53,1399.66,1388.95
VNINDEX,18/10/2021,1395.53,1395.53,"+2,83 (+0,20%)",764032400,22453.81,31882292,1198744290000,1395.57,1402.63,1390.88
VNINDEX,15/10/2021,1392.7,1392.7,"+0,85 (+0,06%)",743666800,20511.72,40888261,1581344010000,1395.81,1399.03,1388.0
VNINDEX,14/10/2021,1391.85,1391.85,"-0,06 (0,00%)",690243000,20690.27,35267981,1422062750000,1392.88,1398.67,1388.89
VNINDEX,13/10/2021,1391.91,1391.91,"-2,89 (-0,21%)",608348500,17504.34,37000058,1284135160000,1398.21,1400.67,1389.61
VNINDEX,12/10/2021,1394.8,1394.8,"+0,71 (+0,05%)",707870000,20283.17,34935129,1908796890000,1398.03,1400.78,1389.43
VNINDEX,11/10/2021,1394.09,1394.09,"+21,36 (+1,56%)",721458300,20886.45,42894027,1904711940000,1377.53,1394.64,1377.3
VNINDEX,08/10/2021,1372.73,1372.73,"+6,74 (+0,49%)",603842600,16878.0,29016013,1080454980000,1365.99,1373.18,1365.93
VNINDEX,07/10/2021,1365.99,1365.99,"+3,17 (+0,23%)",658670400,18654.47,34358725,1271948540000,1365.54,1367.64,1360.57
VNINDEX,06/10/2021,1362.82,1362.82,"+8,19 (+0,60%)",594012900,17385.86,42984647,2050773330000,1359.63,1362.82,1354.63
VNINDEX,05/10/2021,1354.63,1354.63,"+15,09 (+1,13%)",576701100,16720.06,59566212,2585819330000,1345.43,1354.63,1343.48
VNINDEX,04/10/2021,1339.54,1339.54,"+4,65 (+0,35%)",700605800,21335.78,35474560,1545211860000,1337.74,1347.49,1334.4
VNINDEX,01/10/2021,1334.89,1334.89,"-7,17 (-0,53%)",601963900,18194.74,136209657,5108558000000,1339.68,1344.06,1332.97
VNINDEX,30/11/2021,1478.44,1478.44,"-6,40 (-0,43%)",1049366600,32756.04,35581809,1661813580000,1500.24,1503.09,1471.57
VNINDEX,29/11/2021,1484.84,1484.84,"-8,19 (-0,55%)",983072000,30033.33,29444709,1558716800000,1467.48,1488.93,1467.35
VNINDEX,26/11/2021,1493.03,1493.03,"-7,78 (-0,52%)",1006637100,32794.24,53829959,2620305340000,1506.69,1511.68,1488.83
VNINDEX,25/11/2021,1500.81,1500.81,"+11,94 (+0,80%)",953098400,29188.11,61080642,2611776270000,1496.41,1505.36,1490.32
VNINDEX,24/11/2021,1488.87,1488.87,"+25,24 (+1,72%)",1073235900,33762.97,43671835,2105723060000,1470.66,1491.05,1467.29
VNINDEX,23/11/2021,1463.63,1463.63,"+16,38 (+1,13%)",839875300,24220.18,40192867,2007042140000,1442.66,1463.63,1438.41
VNINDEX,22/11/2021,1447.25,1447.25,"-5,10 (-0,35%)",1209419000,34264.51,59597063,2311609030000,1453.35,1466.46,1442.85
VNINDEX,19/11/2021,1452.35,1452.35,"-17,48 (-1,19%)",1490882800,43263.27,31858323,1539236120000,1475.0,1481.53,1434.69
VNINDEX,18/11/2021,1469.83,1469.83,"-6,02 (-0,41%)",1052200900,32944.68,38449225,1980775750000,1479.39,1482.87,1469.83
VNINDEX,17/11/2021,1475.85,1475.85,"+9,40 (+0,64%)",828629100,24450.71,32170689,1616977820000,1466.45,1477.04,1464.78
VNINDEX,16/11/2021,1466.45,1466.45,"-10,12 (-0,69%)",1157402400,31795.23,66432638,3034917770000,1472.82,1476.97,1459.08
VNINDEX,15/11/2021,1476.57,1476.57,"+3,20 (+0,22%)",1146225600,32737.76,27865499,1307850200000,1481.75,1481.96,1466.01
VNINDEX,12/11/2021,1473.37,1473.37,"+11,02 (+0,75%)",909366000,24592.44,46260793,1933304330000,1462.35,1474.57,1453.22
VNINDEX,11/11/2021,1462.35,1462.35,"-2,67 (-0,18%)",1206887000,35847.44,58593252,2287332190000,1469.22,1472.89,1449.18
VNINDEX,10/11/2021,1465.02,1465.02,"+3,52 (+0,24%)",955160600,28405.83,30377725,1336546500000,1465.1,1470.19,1457.98
VNINDEX,09/11/2021,1461.5,1461.5,"-6,07 (-0,41%)",1003649300,28530.98,26619258,1456704490000,1469.94,1474.2,1457.57
VNINDEX,08/11/2021,1467.57,1467.57,"+11,06 (+0,76%)",1006323900,28797.54,69132806,2641549210000,1461.61,1470.49,1456.51
VNINDEX,05/11/2021,1456.51,1456.51,"+8,17 (+0,56%)",844497200,24810.03,29573656,1330655080000,1450.71,1459.49,1444.51
VNINDEX,04/11/2021,1448.34,1448.34,"+4,04 (+0,28%)",890357900,26486.19,39168979,1386363820000,1442.89,1451.98,1435.84
VNINDEX,03/11/2021,1444.3,1444.3,"-8,16 (-0,56%)",1455441700,41155.91,49661301,2052962140000,1460.44,1463.63,1444.3
VNINDEX,02/11/2021,1452.46,1452.46,"+13,49 (+0,94%)",972155400,26998.47,37302544,1853235660000,1439.61,1452.46,1438.83
VNINDEX,01/11/2021,1438.97,1438.97,"-5,30 (-0,37%)",1092936400,31844.9,39419194,1855945260000,1449.32,1451.81,1435.57
VNINDEX,31/12/2021,1498.28,1498.28,"+12,31 (+0,83%)",846534300,24551.01,29195857,1545502330000,1490.25,1499.07,1485.97
VNINDEX,30/12/2021,1485.97,1485.97,"+0,15 (+0,01%)",724365200,21100.16,23495596,929150880000,1491.24,1493.38,1484.82
VNINDEX,29/12/2021,1485.82,1485.82,"-8,57 (-0,57%)",793769800,23238.98,50110393,2258131870000,1498.3,1498.91,1485.82
VNINDEX,28/12/2021,1494.39,1494.39,"+5,51 (+0,37%)",933584700,26615.33,69850382,2503866690000,1497.16,1499.77,1483.97
VNINDEX,27/12/2021,1488.88,1488.88,"+11,85 (+0,80%)",715824500,20430.04,36283632,1654812870000,1485.1,1490.12,1469.91
VNINDEX,24/12/2021,1477.03,1477.03,"+20,07 (+1,38%)",855008900,24044.45,34468922,1399095200000,1465.0,1478.8,1456.32
VNINDEX,23/12/2021,1456.96,1456.96,"-20,71 (-1,40%)",1266412300,37902.92,94408520,7659149040000,1480.52,1481.21,1447.14
VNINDEX,22/12/2021,1477.67,1477.67,"-1,07 (-0,07%)",1031093800,31678.81,38311079,1948555850000,1485.4,1489.24,1471.84
VNINDEX,21/12/2021,1478.74,1478.74,"+1,41 (+0,10%)",866421100,26833.74,36421546,1836266710000,1475.31,1486.09,1472.43
VNINDEX,20/12/2021,1477.33,1477.33,"-2,46 (-0,17%)",906869900,26530.13,56482456,2411583200000,1482.09,1483.85,1468.88
VNINDEX,17/12/2021,1479.79,1479.79,"+3,18 (+0,22%)",1065320100,31987.78,49334680,2473227210000,1481.76,1487.73,1476.61
VNINDEX,16/12/2021,1476.61,1476.61,"+1,11 (+0,08%)",889612700,25138.91,37931022,1833883880000,1481.85,1482.32,1468.95
VNINDEX,15/12/2021,1475.5,1475.5,"-0,52 (-0,04%)",861484300,23462.35,44593931,2454078340000,1476.02,1481.67,1468.21
VNINDEX,14/12/2021,1476.02,1476.02,"-0,19 (-0,01%)",914795700,25222.9,49316910,2430413120000,1476.82,1485.14,1469.21
VNINDEX,13/12/2021,1476.21,1476.21,"+12,67 (+0,87%)",815155200,23570.11,50421029,2333207530000,1471.96,1481.7,1470.08
VNINDEX,10/12/2021,1463.54,1463.54,"-4,44 (-0,30%)",780120100,22091.52,18173406,919799930000,1470.55,1475.85,1461.78
VNINDEX,09/12/2021,1467.98,1467.98,"+15,11 (+1,04%)",631261500,17949.46,34194719,1565767290000,1448.29,1467.98,1446.88
VNINDEX,08/12/2021,1452.87,1452.87,"+6,10 (+0,42%)",732009400,20051.75,39017151,1559418240000,1446.77,1460.28,1446.77
VNINDEX,07/12/2021,1446.77,1446.77,"+33,19 (+2,35%)",691695900,19719.36,64208723,1968936950000,1426.88,1446.77,1421.6
VNINDEX,06/12/2021,1413.58,1413.58,"-29,74 (-2,06%)",1013743700,30077.53,24413336,1309181580000,1446.28,1452.55,1400.87
VNINDEX,03/12/2021,1443.32,1443.32,"-38,73 (-2,61%)",1034480600,30652.75,61822523,2211324930000,1490.4,1491.2,1443.32
VNINDEX,02/12/2021,1482.05,1482.05,"-3,14 (-0,21%)",745629400,22054.8,18325215,947419180000,1489.12,1493.84,1482.05
VNINDEX,01/12/2021,1485.19,1485.19,"+6,75 (+0,46%)",837551800,24787.65,39180202,1805704070000,1477.85,1487.68,1471.3
VNINDEX,28/01/2022,1478.96,1478.96,"+8,20 (+0,56%)",663924300,19171.93,38758179,1490054580000,1471.47,1484.48,1465.22
VNINDEX,27/01/2022,1470.76,1470.76,"-10,82 (-0,73%)",522667600,15576.45,41928640,1197933340000,1475.45,1486.39,1464.06
VNINDEX,26/01/2022,1481.58,1481.58,"+2,00 (+0,14%)",767576600,21928.96,45599632,1573484040000,1485.83,1490.45,1478.41
VNINDEX,25/01/2022,1479.58,1479.58,"+39,87 (+2,77%)",706092300,20461.51,45296050,1750838210000,1433.2,1479.58,1424.36
VNINDEX,24/01/2022,1439.71,1439.71,"-33,18 (-2,25%)",796675500,23507.11,31454369,1280266440000,1465.33,1472.89,1432.18
VNINDEX,21/01/2022,1472.89,1472.89,"+7,59 (+0,52%)",784569900,21695.3,26776448,1286730880000,1470.96,1477.23,1463.06
VNINDEX,20/01/2022,1465.3,1465.3,"+22,51 (+1,56%)",762449400,21247.85,23312305,1186095310000,1439.06,1469.08,1432.58
VNINDEX,19/01/2022,1442.79,1442.79,"+3,85 (+0,27%)",557995700,16214.16,79634849,6771787940000,1444.6,1449.11,1434.46
VNINDEX,18/01/2022,1438.94,1438.94,"-13,90 (-0,96%)",691087800,21055.66,48203905,1907587650000,1444.16,1452.84,1424.65
VNINDEX,17/01/2022,1452.84,1452.84,"-43,18 (-2,89%)",926487900,29198.87,60612339,2045687700000,1499.47,1503.86,1452.84
VNINDEX,14/01/2022,1496.02,1496.02,"-0,03 (0,00%)",734088500,20953.27,51524066,1914174890000,1477.34,1503.25,1476.68
VNINDEX,13/01/2022,1496.05,1496.05,"-14,46 (-0,96%)",977115800,29515.57,18702109,1329529750000,1519.79,1522.6,1495.13
VNINDEX,12/01/2022,1510.51,1510.51,"+18,20 (+1,22%)",1104610300,34609.81,26208349,1099167140000,1491.3,1510.51,1464.49
VNINDEX,11/01/2022,1492.31,1492.31,"-11,40 (-0,76%)",1219558100,34628.38,31914259,1315910430000,1506.73,1512.05,1488.4
VNINDEX,10/01/2022,1503.71,1503.71,"-24,77 (-1,62%)",1315951200,38785.47,65164726,3027836030000,1530.74,1536.45,1503.71
VNINDEX,07/01/2022,1528.48,1528.48,"-0,09 (-0,01%)",951525400,29180.99,75594863,2718803750000,1534.44,1534.52,1524.96
VNINDEX,06/01/2022,1528.57,1528.57,"+6,07 (+0,40%)",1087239800,33029.59,46482970,2364839980000,1518.94,1536.24,1518.18
VNINDEX,05/01/2022,1522.5,1522.5,"-3,08 (-0,20%)",987023800,30618.03,71428645,2337645820000,1529.06,1535.82,1522.5
VNINDEX,04/01/2022,1525.58,1525.58,"+27,30 (+1,82%)",839676500,26467.74,51620429,2148731470000,1508.15,1526.69,1498.28
VNINDEX,28/02/2022,1490.13,1490.13,"-8,76 (-0,58%)",693212400,22607.8,36581425,972705240000,1499.31,1502.36,1487.57
VNINDEX,25/02/2022,1498.89,1498.89,"+4,04 (+0,27%)",736050400,24595.42,31959310,1025856970000,1504.37,1512.05,1494.85
VNINDEX,24/02/2022,1494.85,1494.85,"-17,45 (-1,15%)",1133051100,34064.75,26892084,955685890000,1511.84,1513.25,1473.76
VNINDEX,23/02/2022,1512.3,1512.3,"+8,83 (+0,59%)",660165300,21376.15,34488950,1018215150000,1509.42,1520.78,1503.47
VNINDEX,22/02/2022,1503.47,1503.47,"-7,37 (-0,49%)",875383700,26970.94,32670588,1266204460000,1497.46,1510.84,1484.81
VNINDEX,21/02/2022,1510.84,1510.84,"+6,00 (+0,40%)",737693400,22004.58,54225106,1416375930000,1504.96,1516.63,1500.97
VNINDEX,18/02/2022,1504.84,1504.84,"-3,15 (-0,21%)",672537800,21104.96,25007900,921285800000,1494.3,1507.99,1492.38
VNINDEX,17/02/2022,1507.99,1507.99,"+15,89 (+1,06%)",588111300,18340.0,27682250,1123107960000,1492.56,1507.99,1492.1
VNINDEX,16/02/2022,1492.1,1492.1,"-0,65 (-0,04%)",617187300,17728.45,85334411,2317698500000,1499.03,1499.5,1486.68
VNINDEX,15/02/2022,1492.75,1492.75,"+20,79 (+1,41%)",572156100,17485.48,34266800,1685628900000,1473.92,1495.56,1470.06
VNINDEX,14/02/2022,1471.96,1471.96,"-29,75 (-1,98%)",751563900,23828.09,59151904,2092801060000,1485.75,1495.99,1471.96
VNINDEX,11/02/2022,1501.71,1501.71,"-5,08 (-0,34%)",577407200,18061.33,58876970,3558490130000,1503.37,1508.54,1499.06
VNINDEX,10/02/2022,1506.79,1506.79,"+1,41 (+0,09%)",628938000,20115.59,51311790,1830568880000,1505.38,1512.88,1495.7
VNINDEX,09/02/2022,1505.38,1505.38,"+4,39 (+0,29%)",754188100,23651.07,40549611,1586305400000,1500.78,1511.72,1499.53
VNINDEX,08/02/2022,1500.99,1500.99,"+3,33 (+0,22%)",697228100,21110.38,37532507,1445818430000,1495.58,1503.33,1491.78
VNINDEX,07/02/2022,1497.66,1497.66,"+18,70 (+1,26%)",551698200,17152.49,26473365,901366060000,1497.55,1505.69,1478.96
VNINDEX,31/03/2022,1492.15,1492.15,"+1,64 (+0,11%)",633286300,20003.51,51253020,1800349860000,1492.5,1498.41,1488.27
VNINDEX,30/03/2022,1490.51,1490.51,"-7,25 (-0,48%)",880911900,27805.61,20573400,876869890000,1491.92,1503.89,1483.9
VNINDEX,29/03/2022,1497.76,1497.76,"+14,58 (+0,98%)",687922600,21695.27,50019308,1791711700000,1487.57,1498.45,1487.57
VNINDEX,28/03/2022,1483.18,1483.18,"-15,32 (-1,02%)",988984900,30491.69,76503543,2388363470000,1490.28,1496.79,1473.8
VNINDEX,25/03/2022,1498.5,1498.5,"+0,24 (+0,02%)",724086800,22664.15,44849078,1871251760000,1500.17,1503.29,1494.55
VNINDEX,24/03/2022,1498.26,1498.26,"-4,08 (-0,27%)",753772900,23653.74,31140231,1179764290000,1503.91,1505.39,1495.18
VNINDEX,23/03/2022,1502.34,1502.34,"-1,44 (-0,10%)",788727300,24378.47,72403132,3659430090000,1505.76,1513.9,1501.67
VNINDEX,22/03/2022,1503.78,1503.78,"+8,83 (+0,59%)",905037000,26713.14,42659665,1772934490000,1500.08,1507.71,1498.48
VNINDEX,21/03/2022,1494.95,1494.95,"+25,85 (+1,76%)",727377200,21909.53,64779614,2315331360000,1469.1,1494.95,1469.1
VNINDEX,18/03/2022,1469.1,1469.1,"+7,76 (+0,53%)",745610800,22303.03,50113760,1924713200000,1466.14,1474.86,1465.57
VNINDEX,17/03/2022,1461.34,1461.34,"+2,01 (+0,14%)",683175800,19697.16,34261308,1693656750000,1466.56,1467.74,1459.14
VNINDEX,16/03/2022,1459.33,1459.33,"+6,59 (+0,45%)",544662700,16458.51,79554942,2285211140000,1459.97,1462.98,1453.91
VNINDEX,15/03/2022,1452.74,1452.74,"+6,49 (+0,45%)",641644500,20458.55,33983567,1341950000000,1445.05,1453.07,1437.27
VNINDEX,14/03/2022,1446.25,1446.25,"-20,29 (-1,38%)",815892100,25615.45,42672501,1581538720000,1459.28,1466.54,1439.19
VNINDEX,11/03/2022,1466.54,1466.54,"-12,54 (-0,85%)",855643700,26851.46,22548631,803221960000,1478.23,1480.29,1458.88
VNINDEX,10/03/2022,1479.08,1479.08,"+5,34 (+0,36%)",629092200,20386.31,20847397,789362960000,1473.74,1488.59,1473.74
VNINDEX,09/03/2022,1473.74,1473.74,"+0,03 (0,00%)",888352600,28932.47,41948346,1585766420000,1478.16,1482.86,1462.8
VNINDEX,08/03/2022,1473.71,1473.71,"-25,34 (-1,69%)",982168800,32232.71,55349113,2285422080000,1499.05,1499.05,1473.71
VNINDEX,07/03/2022,1499.05,1499.05,"-6,28 (-0,42%)",941752700,29794.02,39967921,1643149560000,1500.65,1505.33,1493.87
VNINDEX,04/03/2022,1505.33,1505.33,"+0,33 (+0,02%)",873323700,27603.22,55597690,1977641810000,1506.79,1509.19,1501.39
VNINDEX,03/03/2022,1505.0,1505.0,"+19,48 (+1,31%)",902783400,29136.4,26428988,1026582910000,1492.42,1505.0,1485.52
VNINDEX,02/03/2022,1485.52,1485.52,"-13,26 (-0,88%)",914957200,29331.54,26596330,995070740000,1499.37,1500.41,1479.55
VNINDEX,01/03/2022,1498.78,1498.78,"+8,65 (+0,58%)",796368600,24843.62,46062982,1468891180000,1493.41,1501.73,1490.13
VNINDEX,29/04/2022,1366.8,1366.8,"+15,81 (+1,17%)",532838100,15419.25,65563837,3348159710000,1347.08,1369.31,1343.24
VNINDEX,28/04/2022,1350.99,1350.99,"-2,78 (-0,21%)",458334600,12261.16,26788586,1047580750000,1353.48,1358.07,1344.1
VNINDEX,27/04/2022,1353.77,1353.77,"+12,43 (+0,93%)",485406800,13017.88,34548626,1569655660000,1331.73,1355.92,1314.81
VNINDEX,26/04/2022,1341.34,1341.34,"+30,42 (+2,32%)",673169600,19202.36,54478720,1801791090000,1285.4,1341.34,1261.4
VNINDEX,25/04/2022,1310.92,1310.92,"-68,31 (-4,95%)",696873600,19575.96,66006558,2369264580000,1377.83,1382.13,1298.38
VNINDEX,22/04/2022,1379.23,1379.23,"+9,02 (+0,66%)",799750600,22992.1,34661200,1798139540000,1378.28,1392.89,1352.43
VNINDEX,21/04/2022,1370.21,1370.21,"-36,24 (-2,58%)",741348500,21981.36,69325233,1805934970000,1369.8,1392.33,1356.58
VNINDEX,20/04/2022,1384.72,1384.72,"-21,73 (-1,55%)",652803300,19412.06,35521292,1100140780000,1401.63,1410.64,1384.72
VNINDEX,19/04/2022,1406.45,1406.45,"-65,67 (-4,46%)",666337000,20896.28,36015038,1760182600000,1435.82,1442.04,1406.45
VNINDEX,18/04/2022,1432.6,1432.6,"-25,96 (-1,78%)",790646000,24738.99,37042935,1309538680000,1456.47,1456.47,1425.07
VNINDEX,15/04/2022,1458.56,1458.56,"-13,56 (-0,92%)",639722900,20830.78,19748286,825455080000,1470.53,1478.95,1456.39
VNINDEX,14/04/2022,1472.12,1472.12,"-5,08 (-0,34%)",498914000,17238.58,24455795,1264882360000,1483.08,1484.34,1471.75
VNINDEX,13/04/2022,1477.2,1477.2,"+21,95 (+1,51%)",636344500,19585.86,38446822,2476758350000,1459.48,1477.2,1448.52
VNINDEX,12/04/2022,1455.25,1455.25,"-26,75 (-1,80%)",656188800,20151.22,23869467,1130894390000,1487.86,1490.58,1455.25
VNINDEX,08/04/2022,1482.0,1482.0,"-20,35 (-1,35%)",741103600,22476.86,22457724,1074964010000,1504.31,1507.73,1482.0
VNINDEX,07/04/2022,1502.35,1502.35,"-20,55 (-1,35%)",763664700,25313.89,31469770,1831505450000,1524.12,1524.92,1502.35
VNINDEX,06/04/2022,1522.9,1522.9,"+2,87 (+0,19%)",912695000,28707.58,31344697,1309076280000,1510.69,1523.75,1507.62
VNINDEX,05/04/2022,1520.03,1520.03,"-4,67 (-0,31%)",663110500,20568.95,40418100,1241162510000,1521.37,1527.57,1519.28
VNINDEX,04/04/2022,1524.7,1524.7,"+8,26 (+0,54%)",734587100,25321.55,44990336,1429875540000,1528.87,1530.95,1522.82
VNINDEX,01/04/2022,1516.44,1516.44,"+26,96 (+1,81%)",881661100,24772.45,86011835,1926582030000,1489.48,1516.87,1484.13
VNINDEX,31/05/2022,1292.68,1292.68,"-1,24 (-0,10%)",543596100,14287.28,47490148,1821123490000,1288.63,1297.64,1280.44
VNINDEX,30/05/2022,1293.92,1293.92,"+8,47 (+0,66%)",499452600,12757.79,87775095,3738454100000,1290.11,1296.22,1281.27
VNINDEX,27/05/2022,1285.45,1285.45,"+16,88 (+1,33%)",578174500,15105.05,29047700,986111840000,1270.56,1286.99,1269.29
VNINDEX,26/05/2022,1268.57,1268.57,"+0,14 (+0,01%)",514352700,12991.14,27554663,774865810000,1273.8,1278.11,1261.55
VNINDEX,25/05/2022,1268.43,1268.43,"+35,05 (+2,84%)",616951500,15775.71,38291373,798534710000,1238.12,1268.43,1234.17
VNINDEX,24/05/2022,1233.38,1233.38,"+14,57 (+1,20%)",479498700,12056.82,48979897,1359030250000,1218.87,1233.38,1203.28
VNINDEX,23/05/2022,1218.81,1218.81,"-21,90 (-1,77%)",488979100,12035.31,68447353,1297329340000,1246.56,1246.58,1207.99
VNINDEX,20/05/2022,1240.71,1240.71,"-0,93 (-0,07%)",465793600,11526.53,38897937,933514810000,1241.07,1252.96,1232.33
VNINDEX,19/05/2022,1241.64,1241.64,"+0,88 (+0,07%)",459858400,11627.47,36874280,1167427410000,1211.31,1246.66,1211.07
VNINDEX,18/05/2022,1240.76,1240.76,"+12,39 (+1,01%)",514538800,12967.45,51824765,873054300000,1240.06,1249.84,1222.92
VNINDEX,17/05/2022,1228.37,1228.37,"+56,42 (+4,81%)",542868100,13260.42,41087705,1036838830000,1164.32,1228.37,1156.54
VNINDEX,16/05/2022,1171.95,1171.95,"-10,82 (-0,91%)",551353400,13753.38,33035189,824557520000,1208.05,1215.96,1170.59
VNINDEX,13/05/2022,1182.77,1182.77,"-56,07 (-4,53%)",736096200,18388.8,80889343,1977005660000,1235.03,1237.8,1180.6
VNINDEX,12/05/2022,1238.84,1238.84,"-62,69 (-4,82%)",516642600,14003.02,41249702,1772853410000,1290.04,1291.65,1238.05
VNINDEX,11/05/2022,1301.53,1301.53,"+7,97 (+0,62%)",380880400,10293.63,37351960,1226222070000,1295.39,1305.17,1277.91
VNINDEX,10/05/2022,1293.56,1293.56,"+23,94 (+1,89%)",600766800,16096.96,64710083,1692106020000,1240.93,1293.56,1232.57
VNINDEX,09/05/2022,1269.62,1269.62,"-59,64 (-4,49%)",627609200,17143.39,46151514,1624861130000,1313.49,1314.52,1265.54
VNINDEX,06/05/2022,1329.26,1329.26,"-31,42 (-2,31%)",510678900,14792.17,53393724,2208923770000,1333.55,1350.09,1328.13
VNINDEX,05/05/2022,1360.68,1360.68,"+12,00 (+0,89%)",510234300,14430.6,20840773,930386950000,1361.62,1362.18,1331.41
VNINDEX,04/05/2022,1348.68,1348.68,"-18,12 (-1,33%)",498884800,13490.89,29407008,963720290000,1366.11,1366.39,1348.68
VNINDEX,30/06/2022,1197.6,1197.6,"-20,49 (-1,68%)",471576000,10245.35,38641412,1081354920000,1218.22,1220.51,1197.6
VNINDEX,29/06/2022,1218.09,1218.09,"-0,01 (0,00%)",519299900,10419.2,41288915,1420766610000,1208.11,1219.58,1207.38
VNINDEX,28/06/2022,1218.1,1218.1,"+15,28 (+1,27%)",534186600,12520.79,54199489,1904955400000,1202.41,1221.74,1198.99
VNINDEX,27/06/2022,1202.82,1202.82,"+17,34 (+1,46%)",429735700,9757.7,97219023,2557595820000,1189.28,1203.51,1187.38
VNINDEX,24/06/2022,1185.48,1185.48,"-3,40 (-0,29%)",410876800,8475.18,67808495,1704781930000,1190.82,1196.85,1185.48
VNINDEX,23/06/2022,1188.88,1188.88,"+19,61 (+1,68%)",380442900,8712.86,60338840,1446673320000,1162.06,1188.88,1162.06
VNINDEX,22/06/2022,1169.27,1169.27,"-3,20 (-0,27%)",529135300,11913.28,63340731,1401301520000,1180.11,1185.86,1162.98
VNINDEX,21/06/2022,1172.47,1172.47,"-7,93 (-0,67%)",607711900,13586.33,87220335,2182695640000,1172.98,1189.97,1162.94
VNINDEX,20/06/2022,1180.4,1180.4,"-36,90 (-3,03%)",620002900,14023.62,49542130,1415895780000,1218.37,1221.6,1180.4
VNINDEX,17/06/2022,1217.3,1217.3,"-19,33 (-1,56%)",684022500,15650.7,54555252,1683013790000,1210.5,1220.41,1191.92
VNINDEX,16/06/2022,1236.63,1236.63,"+22,70 (+1,87%)",522295400,13816.25,39398005,932987590000,1226.96,1246.32,1223.0
VNINDEX,15/06/2022,1213.93,1213.93,"-16,38 (-1,33%)",626914600,14783.98,61205059,1682539130000,1231.23,1235.56,1195.19
VNINDEX,14/06/2022,1230.31,1230.31,"+3,27 (+0,27%)",519177100,13141.78,41708030,1374060910000,1213.44,1239.36,1211.13
VNINDEX,13/06/2022,1227.04,1227.04,"-57,04 (-4,44%)",709415500,17765.88,24036230,757401670000,1251.08,1261.54,1226.01
VNINDEX,10/06/2022,1284.08,1284.08,"-23,72 (-1,81%)",561068400,15525.91,42225920,1431324660000,1298.78,1309.59,1284.08
VNINDEX,09/06/2022,1307.8,1307.8,"-0,11 (-0,01%)",436340700,11876.39,29317285,803837400000,1310.35,1312.44,1300.85
VNINDEX,08/06/2022,1307.91,1307.91,"+16,56 (+1,28%)",543305900,15677.55,41265059,1079192580000,1307.91,1316.78,1304.79
VNINDEX,07/06/2022,1291.35,1291.35,"+1,34 (+0,10%)",625987600,16460.38,44877894,1374589200000,1285.07,1291.35,1260.92
VNINDEX,06/06/2022,1290.01,1290.01,"+2,03 (+0,16%)",541562900,15299.01,48321969,1643073550000,1290.04,1302.14,1281.95
VNINDEX,03/06/2022,1287.98,1287.98,"-0,64 (-0,05%)",430601700,11712.11,43210852,1200273250000,1284.62,1292.78,1276.37
VNINDEX,02/06/2022,1288.62,1288.62,"-10,90 (-0,84%)",527625000,14781.54,44923673,1682350370000,1300.58,1302.66,1283.32
VNINDEX,01/06/2022,1299.52,1299.52,"+6,84 (+0,53%)",505619500,13855.43,68007450,2193788530000,1289.56,1302.25,1286.01
VNINDEX,29/07/2022,1206.33,1206.33,"-1,79 (-0,15%)",537058300,12916.03,53259326,2118525270000,1214.32,1217.84,1206.33
VNINDEX,28/07/2022,1208.12,1208.12,"+17,08 (+1,43%)",620546700,13956.1,48308485,1390838070000,1201.77,1214.03,1198.68
VNINDEX,27/07/2022,1191.04,1191.04,"+5,97 (+0,50%)",387799200,7988.24,57344236,2035594690000,1180.83,1191.04,1178.58
VNINDEX,26/07/2022,1185.07,1185.07,"-3,43 (-0,29%)",388328300,8069.88,46474005,1376949400000,1189.42,1194.15,1184.44
VNINDEX,25/07/2022,1188.5,1188.5,"-6,26 (-0,52%)",410066000,8759.91,27779674,1168189010000,1191.43,1198.16,1184.32
VNINDEX,22/07/2022,1194.76,1194.76,"-3,71 (-0,31%)",448428100,9785.66,29519532,1083315630000,1199.16,1202.69,1194.76
VNINDEX,21/07/2022,1198.47,1198.47,"+4,33 (+0,36%)",500949000,11110.9,29362053,1008437630000,1195.03,1201.91,1194.97
VNINDEX,20/07/2022,1194.14,1194.14,"+15,81 (+1,34%)",601098600,12941.58,46904708,1226082680000,1188.12,1198.63,1185.82
VNINDEX,19/07/2022,1178.33,1178.33,"+1,84 (+0,16%)",479006800,9652.47,53678060,1609554250000,1176.48,1180.46,1168.99
VNINDEX,18/07/2022,1176.49,1176.49,"-2,76 (-0,23%)",480514500,10079.8,43213815,1153950700000,1184.74,1184.93,1174.7
VNINDEX,15/07/2022,1179.25,1179.25,"-2,92 (-0,25%)",543854200,11379.08,60159932,1737313450000,1183.15,1189.66,1178.12
VNINDEX,14/07/2022,1182.17,1182.17,"+8,25 (+0,70%)",490512400,9919.14,44229461,1048743660000,1170.7,1182.17,1170.04
VNINDEX,13/07/2022,1173.92,1173.92,"-0,90 (-0,08%)",522379700,10533.42,41618637,1012069500000,1174.82,1182.21,1170.92
VNINDEX,12/07/2022,1174.82,1174.82,"+19,53 (+1,69%)",475429100,9296.95,49681073,1365965680000,1154.31,1174.82,1153.55
VNINDEX,11/07/2022,1155.29,1155.29,"-16,02 (-1,37%)",488732000,10148.65,49981157,1296489580000,1161.3,1165.23,1144.55
VNINDEX,08/07/2022,1171.31,1171.31,"+4,83 (+0,41%)",437189300,9348.87,39182568,1075119000000,1173.93,1177.18,1164.23
VNINDEX,07/07/2022,1166.48,1166.48,"+16,87 (+1,47%)",362816600,7759.51,48974470,1302120450000,1148.97,1166.48,1142.8
VNINDEX,06/07/2022,1149.61,1149.61,"-31,68 (-2,68%)",511773800,11092.7,44688928,1476167290000,1167.33,1175.26,1147.63
VNINDEX,05/07/2022,1181.29,1181.29,"-14,24 (-1,19%)",559493000,12379.2,52509709,1427448040000,1198.42,1200.99,1181.29
VNINDEX,04/07/2022,1195.53,1195.53,"-3,37 (-0,28%)",403314600,8922.92,39504359,1163900800000,1206.47,1208.96,1192.63
VNINDEX,01/07/2022,1198.9,1198.9,"+1,30 (+0,11%)",498479000,10525.91,35585508,892859750000,1193.04,1202.41,1170.95
VNINDEX,31/08/2022,1280.51,1280.51,"+1,12 (+0,09%)",462420100,11683.06,36892481,1019163500000,1276.32,1285.29,1274.99
VNINDEX,30/08/2022,1279.39,1279.39,"+8,59 (+0,68%)",473770000,12213.64,52326366,1622297840000,1274.99,1287.65,1274.0
VNINDEX,29/08/2022,1270.8,1270.8,"-11,77 (-0,92%)",793997300,18806.86,51899924,1755450980000,1263.81,1270.8,1249.17
VNINDEX,26/08/2022,1282.57,1282.57,"-6,31 (-0,49%)",614354500,14681.12,54601134,1394159990000,1291.34,1295.12,1280.05
VNINDEX,25/08/2022,1288.88,1288.88,"+11,72 (+0,92%)",562124700,13674.13,61841364,1808125590000,1280.44,1289.18,1280.28
VNINDEX,24/08/2022,1277.16,1277.16,"+6,35 (+0,50%)",519810800,12800.58,82074044,2394999540000,1275.65,1280.36,1272.33
VNINDEX,23/08/2022,1270.81,1270.81,"+10,38 (+0,82%)",520796300,12523.96,43927669,1532808580000,1253.45,1270.81,1253.45
VNINDEX,22/08/2022,1260.43,1260.43,"-8,75 (-0,69%)",566785900,13140.08,52661955,1699038990000,1264.64,1270.57,1255.83
VNINDEX,19/08/2022,1269.18,1269.18,"-4,48 (-0,35%)",568209800,13573.24,39413379,1347231440000,1272.23,1280.0,1263.45
VNINDEX,18/08/2022,1273.66,1273.66,"-1,62 (-0,13%)",558424300,14081.38,40658477,1270154480000,1273.45,1283.15,1268.64
VNINDEX,17/08/2022,1275.28,1275.28,"+0,59 (+0,05%)",644581600,15482.17,67671587,2192183670000,1276.76,1280.61,1271.97
VNINDEX,16/08/2022,1274.69,1274.69,"+0,49 (+0,04%)",569526100,13465.74,48193473,1479641950000,1274.08,1275.93,1271.11
VNINDEX,15/08/2022,1274.2,1274.2,"+11,87 (+0,94%)",585580500,13962.68,48618773,1545876900000,1268.56,1274.24,1267.14
VNINDEX,12/08/2022,1262.33,1262.33,"+10,26 (+0,82%)",508817800,12108.43,33218580,948659860000,1250.76,1262.33,1248.65
VNINDEX,11/08/2022,1252.07,1252.07,"-4,43 (-0,35%)",765336500,17257.64,45217140,1519386670000,1267.37,1268.03,1245.85
VNINDEX,10/08/2022,1256.5,1256.5,"-2,35 (-0,19%)",584384800,12692.93,67372332,1699816530000,1255.69,1260.36,1253.89
VNINDEX,09/08/2022,1258.85,1258.85,"+2,10 (+0,17%)",655262300,14259.71,66374088,1708452330000,1260.36,1263.14,1252.84
VNINDEX,08/08/2022,1256.75,1256.75,"+4,01 (+0,32%)",634015600,14072.89,65326802,1727051880000,1252.36,1258.84,1252.04
VNINDEX,05/08/2022,1252.74,1252.74,"-1,41 (-0,11%)",604391400,13529.86,94248352,2032888400000,1250.25,1253.75,1245.05
VNINDEX,04/08/2022,1254.15,1254.15,"+4,39 (+0,35%)",655935800,15123.87,68812864,1882915270000,1252.49,1257.38,1247.38
VNINDEX,03/08/2022,1249.76,1249.76,"+8,14 (+0,66%)",702358600,15265.1,87156299,2302677070000,1233.84,1250.2,1232.41
VNINDEX,02/08/2022,1241.62,1241.62,"+10,27 (+0,83%)",734388200,15176.36,83301211,1710117900000,1230.31,1241.91,1224.11
VNINDEX,01/08/2022,1231.35,1231.35,"+22,30 (+1,84%)",681871300,15234.9,26837292,960719150000,1209.05,1231.35,1209.04
VNINDEX,30/09/2022,1132.11,1132.11,"+6,04 (+0,54%)",612447100,13037.63,117219943,4098141910000,1115.2,1135.47,1099.44
VNINDEX,29/09/2022,1126.07,1126.07,"-17,55 (-1,53%)",415993300,9159.9,75477416,2072878560000,1157.09,1159.49,1126.07
VNINDEX,28/09/2022,1143.62,1143.62,"-22,92 (-1,96%)",496730000,10714.84,30968880,1069011170000,1158.53,1162.6,1142.79
VNINDEX,27/09/2022,1166.54,1166.54,"-7,81 (-0,67%)",415135800,9196.08,51485660,1421491240000,1177.51,1180.75,1166.44
VNINDEX,26/09/2022,1174.35,1174.35,"-28,93 (-2,40%)",701894100,15975.89,55192277,1576435230000,1186.72,1190.27,1159.12
VNINDEX,23/09/2022,1203.28,1203.28,"-11,42 (-0,94%)",443208000,9939.42,42168696,1353572790000,1212.61,1216.59,1201.45
VNINDEX,22/09/2022,1214.7,1214.7,"+4,15 (+0,34%)",435982100,10186.7,37572539,1480008670000,1200.61,1214.7,1196.64
VNINDEX,21/09/2022,1210.55,1210.55,"-8,38 (-0,69%)",325527500,7523.02,66184627,2251020040000,1213.47,1217.28,1204.68
VNINDEX,20/09/2022,1218.93,1218.93,"+13,50 (+1,12%)",412723400,9559.22,61165395,1598080870000,1212.08,1218.93,1199.71
VNINDEX,19/09/2022,1205.43,1205.43,"-30,31 (-2,45%)",641804000,14890.78,60154194,1815266610000,1231.45,1233.46,1202.07
VNINDEX,16/09/2022,1235.74,1235.74,"-9,92 (-0,80%)",594453000,14544.65,37917935,965431780000,1243.38,1246.17,1230.37
VNINDEX,15/09/2022,1245.66,1245.66,"+4,89 (+0,39%)",385727500,9778.88,44108317,1515074590000,1246.92,1250.93,1243.45
VNINDEX,14/09/2022,1240.77,1240.77,"0 (0,00%)",574337900,13460.1,33517967,891622420000,1229.76,1242.17,1228.51
VNINDEX,13/09/2022,1248.4,1248.4,"0 (0,00%)",410707400,10151.99,63261702,2596764690000,1251.1,1252.35,1243.87
VNINDEX,12/09/2022,1249.62,1249.62,"+0,84 (+0,07%)",390724400,10051.77,19460886,696173380000,1255.0,1257.8,1248.97
VNINDEX,09/09/2022,1248.78,1248.78,"+14,18 (+1,15%)",542039800,12594.76,43985987,1204863040000,1241.26,1248.78,1228.54
VNINDEX,08/09/2022,1234.6,1234.6,"-8,57 (-0,69%)",557779800,12723.36,41832024,1691953550000,1251.22,1251.36,1234.6
VNINDEX,07/09/2022,1243.17,1243.17,"-34,23 (-2,68%)",796593600,18826.81,55678181,1504965770000,1274.68,1275.07,1243.17
VNINDEX,06/09/2022,1277.4,1277.4,"+0,05 (0,00%)",537987600,13117.78,43467359,1443130910000,1277.35,1286.92,1277.35
VNINDEX,05/09/2022,1277.35,1277.35,"-3,16 (-0,25%)",466166300,11625.58,58516600,1776441000000,1280.26,1285.7,1275.35
VNINDEX,31/10/2022,1027.94,1027.94,"+41,79 (+4,24%)",581502900,9840.98,80537943,1579719000000,1028.24,1030.32,1005.0
VNINDEX,28/10/2022,1027.36,1027.36,"-7,77 (-0,75%)",515678600,8668.28,139017056,4676727090000,1035.41,1044.57,1026.53
VNINDEX,27/10/2022,1028.01,1028.01,"+42,09 (+4,27%)",572328800,9532.22,75394495,1589518050000,994.82,1028.01,990.48
VNINDEX,26/10/2022,985.92,985.92,"+4,74 (+0,48%)",352376800,5854.15,95898248,2194350160000,1000.71,1004.55,984.71
VNINDEX,25/10/2022,981.18,981.18,"-22,66 (-2,26%)",670274300,11039.49,80903949,1568079130000,980.33,1011.39,962.45
VNINDEX,24/10/2022,986.15,986.15,"-33,67 (-3,30%)",547149700,8980.43,107795180,3091887030000,1021.25,1023.51,977.41
VNINDEX,21/10/2022,1019.82,1019.82,"-38,63 (-3,65%)",642204900,11596.73,99890785,3019308410000,1059.03,1059.03,1013.69
VNINDEX,20/10/2022,1058.45,1058.45,"-1,62 (-0,15%)",352502000,7170.2,45823488,1221963890000,1056.14,1065.28,1048.21
VNINDEX,19/10/2022,1060.07,1060.07,"-3,59 (-0,34%)",345418600,6575.8,55240900,1698282650000,1065.08,1065.99,1052.29
VNINDEX,18/10/2022,1063.66,1063.66,"+12,08 (+1,15%)",466433900,9067.69,48403894,1098069830000,1065.6,1071.74,1057.71
VNINDEX,17/10/2022,1051.58,1051.58,"-10,27 (-0,97%)",435723100,8025.36,61694102,1524479360000,1053.46,1054.05,1033.59
VNINDEX,14/10/2022,1061.85,1061.85,"+10,86 (+1,03%)",506303900,9673.28,135175697,4811003890000,1066.63,1068.12,1055.29
VNINDEX,13/10/2022,1050.99,1050.99,"+16,18 (+1,56%)",402643700,7372.89,74689802,1527822010000,1035.33,1050.99,1025.04
VNINDEX,12/10/2022,1034.81,1034.81,"+28,61 (+2,84%)",532825500,9755.38,83315724,1716854900000,1006.1,1039.44,1002.89
VNINDEX,11/10/2022,1006.2,1006.2,"-36,28 (-3,48%)",580908400,10423.49,91194224,2450831750000,1036.39,1036.42,998.64
VNINDEX,10/10/2022,1042.48,1042.48,"+6,57 (+0,63%)",541876100,9852.93,151106228,5202476960000,1019.67,1051.02,1012.94
VNINDEX,07/10/2022,1035.91,1035.91,"-38,61 (-3,59%)",788668100,14214.16,88641989,2762541090000,1061.93,1062.23,1022.38
VNINDEX,06/10/2022,1074.52,1074.52,"-29,74 (-2,69%)",499954800,9799.57,45861756,1315952090000,1105.31,1106.97,1072.57
VNINDEX,05/10/2022,1104.26,1104.26,"+26,12 (+2,42%)",396842100,7946.14,55097574,1468780050000,1092.12,1110.21,1092.12
VNINDEX,04/10/2022,1078.14,1078.14,"-8,30 (-0,76%)",513862500,10305.61,68956037,1742765450000,1095.65,1100.42,1069.74
VNINDEX,03/10/2022,1086.44,1086.44,"-45,67 (-4,03%)",501911900,10066.09,52241654,1459377800000,1124.46,1126.46,1079.86
VNINDEX,30/11/2022,1048.42,1048.42,"+16,26 (+1,58%)",956511200,14346.09,186838902,3418049780000,1037.44,1048.42,1021.54
VNINDEX,29/11/2022,1032.16,1032.16,"+26,47 (+2,63%)",1101690200,16505.21,82459564,1746855970000,1010.57,1032.16,998.56
VNINDEX,28/11/2022,1005.69,1005.69,"+34,23 (+3,52%)",872397100,13954.94,101390752,1988826100000,979.68,1006.22,979.48
VNINDEX,25/11/2022,971.46,971.46,"+23,75 (+2,51%)",554366400,8418.9,68130864,1297196290000,956.62,971.46,955.53
VNINDEX,24/11/2022,947.71,947.71,"+1,71 (+0,18%)",482211800,6961.06,60931803,1397224580000,941.44,950.03,934.31
VNINDEX,23/11/2022,946.0,946.0,"-6,12 (-0,64%)",488928200,6938.1,53193566,920660820000,947.81,958.61,942.02
VNINDEX,22/11/2022,952.12,952.12,"-8,53 (-0,89%)",978732600,15297.98,71295805,1374066750000,953.78,985.28,948.52
VNINDEX,21/11/2022,960.65,960.65,"-8,68 (-0,90%)",522726700,7411.08,74994059,1373829360000,971.58,973.19,956.77
VNINDEX,18/11/2022,969.33,969.33,"+0,07 (+0,01%)",833798300,11518.3,126783790,2184619360000,967.18,971.77,939.73
VNINDEX,17/11/2022,969.26,969.26,"+26,36 (+2,80%)",589567300,9179.02,134893687,2237803820000,952.91,972.88,950.9
VNINDEX,16/11/2022,942.9,942.9,"+31,00 (+3,40%)",934066100,12296.04,112688031,2077232020000,876.0,945.42,873.78
VNINDEX,15/11/2022,911.9,911.9,"-29,14 (-3,10%)",589099000,7751.11,103237869,2046084880000,926.08,929.06,900.17
VNINDEX,14/11/2022,941.04,941.04,"-13,49 (-1,41%)",599309300,8140.18,66751108,1308765280000,939.94,945.29,923.53
VNINDEX,11/11/2022,954.53,954.53,"+7,29 (+0,77%)",646268900,9430.21,90224758,1561800780000,954.95,966.7,949.49
VNINDEX,10/11/2022,947.24,947.24,"-38,35 (-3,89%)",637622500,9364.49,61141530,1467407510000,974.76,976.31,935.78
VNINDEX,09/11/2022,985.59,985.59,"+3,94 (+0,40%)",466326400,7728.85,116732680,2664832730000,983.62,994.79,977.93
VNINDEX,08/11/2022,981.65,981.65,"+6,46 (+0,66%)",542477500,8117.57,118245448,2256175650000,960.93,981.86,956.97
VNINDEX,07/11/2022,975.19,975.19,"-21,96 (-2,20%)",534028100,8376.27,112817331,2179181390000,989.74,996.18,969.61
VNINDEX,04/11/2022,997.15,997.15,"-22,66 (-2,22%)",694725300,11434.61,58389000,1475064700000,1008.23,1009.96,974.61
VNINDEX,03/11/2022,1019.81,1019.81,"-3,38 (-0,33%)",404442900,6985.38,38445491,885490770000,1011.41,1023.95,1010.65
VNINDEX,02/11/2022,1023.19,1023.19,"-10,56 (-1,02%)",488346900,8708.48,89885500,1387975110000,1033.51,1034.73,1018.64
VNINDEX,01/11/2022,1033.75,1033.75,"+5,81 (+0,57%)",575844000,9823.01,38135713,915700270000,1034.77,1043.53,1027.39
VNINDEX,30/12/2022,1007.09,1007.09,"-2,20 (-0,22%)",344378600,5606.35,62756881,1816783280000,1017.45,1017.99,1007.09
VNINDEX,29/12/2022,1009.29,1009.29,"-6,37 (-0,63%)",371300500,5850.91,91359933,2385039870000,1016.06,1021.96,1009.29
VNINDEX,28/12/2022,1015.66,1015.66,"+11,09 (+1,10%)",392271900,6436.0,198180865,4235496590000,1008.41,1020.52,998.97
VNINDEX,27/12/2022,1004.57,1004.57,"+19,36 (+1,97%)",507205800,7572.45,86151371,1996633310000,986.07,1007.88,983.67
VNINDEX,26/12/2022,985.21,985.21,"-35,13 (-3,44%)",566850100,8489.41,56637217,1486935240000,1019.66,1021.89,985.21
VNINDEX,23/12/2022,1020.34,1020.34,"-2,27 (-0,22%)",423823400,6802.4,120289972,2296001130000,1023.69,1027.34,1013.2
VNINDEX,22/12/2022,1022.61,1022.61,"+3,73 (+0,37%)",531712600,8417.32,182507918,4481003850000,1026.49,1033.18,1016.54
VNINDEX,21/12/2022,1018.88,1018.88,"-4,25 (-0,42%)",703570400,10706.42,153756361,3707806120000,1033.34,1033.84,1005.43
VNINDEX,20/12/2022,1023.13,1023.13,"-15,27 (-1,47%)",954038800,14861.77,121385569,2604076690000,1035.82,1038.74,1010.08
VNINDEX,19/12/2022,1038.4,1038.4,"-14,08 (-1,34%)",852324700,14240.59,136512763,1801904350000,1053.91,1065.59,1038.4
VNINDEX,16/12/2022,1052.48,1052.48,"-2,84 (-0,27%)",790237300,13630.23,91293575,1878477130000,1048.62,1064.79,1047.16
VNINDEX,15/12/2022,1055.32,1055.32,"+4,89 (+0,47%)",665769400,11226.3,65350054,1108798850000,1049.06,1062.61,1049.06
VNINDEX,14/12/2022,1050.43,1050.43,"+2,98 (+0,28%)",667860400,11211.78,124183733,2518678960000,1062.18,1062.18,1046.43
VNINDEX,13/12/2022,1047.45,1047.45,"+15,38 (+1,49%)",735828900,12111.22,62913625,1126392890000,1035.76,1047.45,1026.3
VNINDEX,12/12/2022,1032.07,1032.07,"-19,74 (-1,88%)",808782100,13526.81,100783373,2874110270000,1059.55,1065.16,1032.07
VNINDEX,09/12/2022,1051.81,1051.81,"+1,28 (+0,12%)",725636400,11802.6,62566723,1145730010000,1056.85,1061.21,1041.39
VNINDEX,08/12/2022,1050.53,1050.53,"+9,51 (+0,91%)",873712400,14512.96,43275209,937800070000,1055.21,1078.09,1045.98
VNINDEX,07/12/2022,1041.02,1041.02,"-7,67 (-0,73%)",827948300,12761.5,92987741,1282231450000,1046.72,1059.79,1034.92
VNINDEX,06/12/2022,1048.69,1048.69,"-44,98 (-4,11%)",1356936200,21729.98,124919570,1803078170000,1088.9,1089.63,1048.69
VNINDEX,05/12/2022,1093.67,1093.67,"+13,66 (+1,26%)",1112166800,17955.35,145374276,3019143260000,1090.97,1099.45,1082.59
VNINDEX,02/12/2022,1080.01,1080.01,"+43,73 (+4,22%)",1014241900,16294.88,78068660,1629180390000,1032.67,1080.01,1030.81
VNINDEX,01/12/2022,1036.28,1036.28,"-12,14 (-1,16%)",1263330500,20313.85,81205300,1516806370000,1057.97,1066.28,1035.62
VNINDEX,31/01/2023,1111.18,1111.18,"+8,61 (+0,78%)",653586100,11734.55,94837920,1866107570000,1100.74,1111.18,1088.25
VNINDEX,30/01/2023,1102.57,1102.57,"-14,53 (-1,30%)",751461500,12586.96,47214200,1040537680000,1117.7,1118.46,1102.57
VNINDEX,27/01/2023,1117.1,1117.1,"+9,02 (+0,81%)",571615000,10373.18,33318400,728857160000,1114.15,1124.3,1111.41
VNINDEX,19/01/2023,1108.08,1108.08,"+9,80 (+0,89%)",578271400,10554.17,39442936,1175568380000,1095.55,1111.72,1094.46
VNINDEX,18/01/2023,1098.28,1098.28,"+9,99 (+0,92%)",553782600,9383.61,50414940,853930240000,1092.5,1100.39,1089.56
VNINDEX,17/01/2023,1088.29,1088.29,"+21,61 (+2,03%)",592759400,10169.23,81174066,1583622020000,1071.37,1088.29,1069.86
VNINDEX,16/01/2023,1066.68,1066.68,"+6,51 (+0,61%)",408111100,6729.29,112679788,2642731070000,1062.19,1067.74,1057.87
VNINDEX,13/01/2023,1060.17,1060.17,"+3,78 (+0,36%)",475699700,7889.44,194531995,4505320880000,1060.89,1066.39,1055.23
VNINDEX,12/01/2023,1056.39,1056.39,"+0,63 (+0,06%)",384586100,6483.69,121880758,2228056810000,1058.52,1060.97,1050.27
VNINDEX,11/01/2023,1055.76,1055.76,"+2,41 (+0,23%)",508219700,8245.68,36964718,612316490000,1058.77,1065.69,1054.53
VNINDEX,10/01/2023,1053.35,1053.35,"-0,86 (-0,08%)",423409900,7166.15,122853168,2544504580000,1054.87,1057.44,1045.75
VNINDEX,09/01/2023,1054.21,1054.21,"+2,77 (+0,26%)",386345500,6513.66,88858465,2004501290000,1058.28,1062.12,1050.95
VNINDEX,06/01/2023,1051.44,1051.44,"-4,38 (-0,41%)",614634000,10122.46,83865467,1824150270000,1055.51,1065.58,1047.26
VNINDEX,05/01/2023,1055.82,1055.82,"+9,47 (+0,91%)",496500700,8148.83,38552200,1035926240000,1048.17,1058.14,1046.64
VNINDEX,04/01/2023,1046.35,1046.35,"+2,45 (+0,23%)",566957000,9094.83,80773520,1437562950000,1048.31,1052.6,1041.56
VNINDEX,03/01/2023,1043.9,1043.9,"+36,81 (+3,66%)",518145400,8363.58,33180161,885826140000,1011.39,1043.9,1011.38
VNINDEX,28/02/2023,1024.68,1024.68,"+3,43 (+0,34%)",361724100,5272.83,71235134,1207731050000,1027.79,1034.36,1018.72
VNINDEX,27/02/2023,1021.25,1021.25,"-18,31 (-1,76%)",513919000,7735.78,74688325,1593808360000,1030.1,1031.59,1017.55
VNINDEX,24/02/2023,1039.56,1039.56,"-14,10 (-1,34%)",397316800,5891.9,33090870,655726430000,1051.55,1052.49,1034.66
VNINDEX,23/02/2023,1053.66,1053.66,"-0,62 (-0,06%)",635726600,9901.02,85020640,2180389880000,1053.95,1054.48,1030.58
VNINDEX,22/02/2023,1054.28,1054.28,"-27,95 (-2,58%)",766700800,11660.37,47312800,1076264350000,1073.62,1073.93,1054.28
VNINDEX,21/02/2023,1082.23,1082.23,"-4,46 (-0,41%)",654784700,10405.02,65564783,1453597410000,1090.35,1095.1,1081.8
VNINDEX,20/02/2023,1086.69,1086.69,"+27,38 (+2,58%)",632141800,10502.64,50145193,1202241790000,1059.56,1088.01,1059.56
VNINDEX,17/02/2023,1059.31,1059.31,"+1,02 (+0,10%)",429221700,6885.49,35858599,807031110000,1058.97,1062.25,1053.26
VNINDEX,16/02/2023,1058.29,1058.29,"+10,09 (+0,96%)",410294000,6883.71,65510145,1566284410000,1051.16,1058.29,1047.45
VNINDEX,15/02/2023,1048.2,1048.2,"+9,56 (+0,92%)",494079200,7913.84,91683500,1949557000000,1037.17,1051.89,1034.39
VNINDEX,14/02/2023,1038.64,1038.64,"-5,06 (-0,48%)",338496800,5489.16,57236062,1233785620000,1045.38,1046.64,1032.76
VNINDEX,13/02/2023,1043.7,1043.7,"-11,60 (-1,10%)",603924900,8918.06,77398870,1541308260000,1050.92,1054.05,1031.7
VNINDEX,10/02/2023,1055.3,1055.3,"-8,73 (-0,82%)",405865100,6670.72,58076739,1490206870000,1065.84,1066.28,1054.08
VNINDEX,09/02/2023,1064.03,1064.03,"-8,19 (-0,76%)",383279200,6773.89,90570240,2448011700000,1070.3,1075.2,1064.03
VNINDEX,08/02/2023,1072.22,1072.22,"+6,38 (+0,60%)",480268400,8099.13,89049182,1910732040000,1067.58,1079.51,1063.5
VNINDEX,07/02/2023,1065.84,1065.84,"-23,45 (-2,15%)",594951800,10020.81,78255042,2146728850000,1088.07,1092.12,1065.18
VNINDEX,06/02/2023,1089.29,1089.29,"+12,14 (+1,13%)",415388100,7270.3,111618409,2337111470000,1073.44,1089.29,1067.24
VNINDEX,03/02/2023,1077.15,1077.15,"-0,44 (-0,04%)",506090100,9209.41,57739315,1582199640000,1078.79,1081.89,1070.46
VNINDEX,02/02/2023,1077.59,1077.59,"+1,62 (+0,15%)",592697500,9923.13,42045380,1129788340000,1079.23,1083.36,1070.81
VNINDEX,01/02/2023,1075.97,1075.97,"-35,21 (-3,17%)",974095400,16393.82,55801886,1229577610000,1114.66,1116.96,1075.97
VNINDEX,31/03/2023,1064.64,1064.64,"+5,20 (+0,49%)",574243800,10499.06,65690032,1330473570000,1059.79,1067.55,1059.79
VNINDEX,30/03/2023,1059.44,1059.44,"+3,11 (+0,29%)",555220700,9656.11,78755041,1386655460000,1061.32,1066.23,1058.89
VNINDEX,29/03/2023,1056.33,1056.33,"+2,04 (+0,19%)",415123800,7305.16,45840314,995902000000,1055.18,1056.33,1048.26
VNINDEX,28/03/2023,1054.29,1054.29,"+2,04 (+0,19%)",583110300,9714.64,64992298,1492407580000,1055.12,1059.83,1051.75
VNINDEX,27/03/2023,1052.25,1052.25,"+5,46 (+0,52%)",510473100,8430.33,46475310,1285334200000,1047.89,1053.78,1041.99
VNINDEX,24/03/2023,1046.79,1046.79,"+1,69 (+0,16%)",506946000,8145.95,72791940,1296354740000,1047.11,1052.29,1044.02
VNINDEX,23/03/2023,1045.1,1045.1,"+4,56 (+0,44%)",369605000,6539.97,61845931,1249135980000,1035.33,1045.1,1030.93
VNINDEX,22/03/2023,1040.54,1040.54,"+8,11 (+0,79%)",382708900,7063.53,76067726,1584130320000,1035.84,1042.84,1033.73
VNINDEX,21/03/2023,1032.43,1032.43,"+9,33 (+0,91%)",381502100,6678.12,93390869,1645909300000,1028.81,1036.15,1017.05
VNINDEX,20/03/2023,1023.1,1023.1,"-22,04 (-2,11%)",476089300,8000.55,91273937,1752899750000,1041.99,1042.6,1022.71
VNINDEX,17/03/2023,1045.14,1045.14,"-2,26 (-0,22%)",491829800,9044.41,73102580,1245015420000,1053.37,1055.42,1043.54
VNINDEX,16/03/2023,1047.4,1047.4,"-14,79 (-1,39%)",464145200,7993.38,68781612,1408226240000,1056.18,1058.73,1043.65
VNINDEX,15/03/2023,1062.19,1062.19,"+22,06 (+2,12%)",549186800,9044.79,73669177,1631069730000,1052.06,1062.55,1049.26
VNINDEX,14/03/2023,1040.13,1040.13,"-12,67 (-1,20%)",559130000,9157.83,62056235,1289538790000,1049.3,1051.56,1034.72
VNINDEX,13/03/2023,1052.8,1052.8,"-0,20 (-0,02%)",524575300,8852.61,100496305,2373226690000,1047.01,1055.58,1045.46
VNINDEX,10/03/2023,1053.0,1053.0,"-2,95 (-0,28%)",456782100,7802.53,51810317,942511900000,1050.55,1053.86,1046.31
VNINDEX,09/03/2023,1055.95,1055.95,"+6,77 (+0,65%)",557648200,9605.89,51395889,1123428970000,1050.64,1060.56,1049.45
VNINDEX,08/03/2023,1049.18,1049.18,"+11,54 (+1,11%)",480649600,7819.73,29630335,718191100000,1028.77,1049.18,1027.8
VNINDEX,07/03/2023,1037.84,1037.84,"+10,66 (+1,04%)",424641600,7037.08,48523737,1213859520000,1033.96,1043.92,1033.32
VNINDEX,06/03/2023,1027.18,1027.18,"+2,41 (+0,24%)",390065700,6167.21,31835951,643493060000,1032.42,1042.43,1026.73
VNINDEX,03/03/2023,1024.77,1024.77,"-12,84 (-1,24%)",384762000,5987.41,62959928,1223110580000,1037.38,1041.82,1022.78
VNINDEX,02/03/2023,1037.61,1037.61,"-2,94 (-0,28%)",323479600,5143.86,49684140,1218850010000,1039.05,1043.8,1033.07
VNINDEX,01/03/2023,1040.55,1040.55,"+15,87 (+1,55%)",468712200,7140.12,54908812,1121646440000,1018.12,1040.55,1013.37
VNINDEX,28/04/2023,1049.12,1049.12,"+9,49 (+0,91%)",571699400,9258.64,41443700,1024123880000,1043.18,1049.12,1042.04
VNINDEX,27/04/2023,1039.63,1039.63,"-1,17 (-0,11%)",466451200,7600.14,45279281,1088947540000,1041.03,1044.25,1037.62
VNINDEX,26/04/2023,1040.8,1040.8,"+5,95 (+0,57%)",431573300,7520.05,145203471,3911502430000,1034.02,1040.8,1029.19
VNINDEX,25/04/2023,1034.85,1034.85,"-6,51 (-0,63%)",485690900,8385.41,53898093,1031547480000,1045.79,1045.79,1032.49
VNINDEX,24/04/2023,1041.36,1041.36,"-1,55 (-0,15%)",451137200,7183.59,105850434,1959656310000,1045.31,1047.18,1038.36
VNINDEX,21/04/2023,1042.91,1042.91,"-6,34 (-0,60%)",512429100,8838.15,40601061,836638530000,1050.05,1050.4,1041.26
VNINDEX,20/04/2023,1049.25,1049.25,"+0,27 (+0,03%)",332580000,5636.52,41164769,990291370000,1050.02,1051.86,1045.85
VNINDEX,19/04/2023,1048.98,1048.98,"-6,04 (-0,57%)",496274700,8609.42,73402224,1115440350000,1057.88,1058.14,1047.47
VNINDEX,18/04/2023,1055.02,1055.02,"+1,21 (+0,11%)",494431200,8462.26,45328216,1116766810000,1055.85,1057.15,1050.89
VNINDEX,17/04/2023,1053.81,1053.81,"+0,92 (+0,09%)",406570600,6714.71,47214670,1338111440000,1053.15,1054.72,1049.11
VNINDEX,14/04/2023,1052.89,1052.89,"-11,41 (-1,07%)",724480200,11983.76,62045744,1342181930000,1067.18,1068.79,1052.89
VNINDEX,13/04/2023,1064.3,1064.3,"-5,15 (-0,48%)",595747700,10048.05,77294006,1389023100000,1070.87,1070.88,1062.26
VNINDEX,12/04/2023,1069.45,1069.45,"-0,01 (0,00%)",660883000,11238.72,65280549,1414498440000,1071.66,1072.7,1066.43
VNINDEX,11/04/2023,1069.46,1069.46,"+4,11 (+0,39%)",642643100,10352.28,55138214,1239076330000,1063.67,1070.56,1056.9
VNINDEX,10/04/2023,1065.35,1065.35,"-4,36 (-0,41%)",789212200,13080.33,68247375,1975783260000,1073.9,1075.54,1063.45
VNINDEX,07/04/2023,1069.71,1069.71,"-1,20 (-0,11%)",600601100,9555.43,45403232,1226987330000,1071.09,1072.94,1063.7
VNINDEX,06/04/2023,1070.91,1070.91,"-9,95 (-0,92%)",955351800,14839.06,43405589,950617490000,1083.27,1084.52,1070.91
VNINDEX,05/04/2023,1080.86,1080.86,"+2,41 (+0,22%)",706897700,11435.9,86848444,1430429440000,1079.06,1080.86,1074.1
VNINDEX,04/04/2023,1078.45,1078.45,"-0,83 (-0,08%)",746158000,12386.76,57728355,1196824810000,1081.02,1082.21,1075.1
VNINDEX,03/04/2023,1079.28,1079.28,"+14,64 (+1,38%)",778917800,12983.23,42393440,1190822190000,1074.2,1079.28,1071.62
VNINDEX,31/05/2023,1075.17,1075.17,"-2,88 (-0,27%)",861773100,14101.74,62588274,1716861600000,1078.39,1079.11,1071.38
VNINDEX,30/05/2023,1078.05,1078.05,"+3,07 (+0,29%)",816002500,13600.07,106935540,2824069080000,1078.82,1079.31,1071.01
VNINDEX,29/05/2023,1074.98,1074.98,"+11,22 (+1,05%)",738474500,11644.71,106401247,2143392010000,1067.27,1077.18,1067.27
VNINDEX,26/05/2023,1063.76,1063.76,"-0,87 (-0,08%)",595849900,9425.45,44864712,1463216330000,1067.11,1067.28,1063.76
VNINDEX,25/05/2023,1064.63,1064.63,"+2,84 (+0,27%)",614115100,10543.53,55415049,1160341570000,1061.95,1065.5,1057.91
VNINDEX,24/05/2023,1061.79,1061.79,"-4,06 (-0,38%)",682648400,11357.65,111446722,2412712590000,1069.11,1069.61,1060.6
VNINDEX,23/05/2023,1065.85,1065.85,"-4,79 (-0,45%)",668600300,11842.67,53387181,1018148200000,1073.2,1073.96,1062.15
VNINDEX,22/05/2023,1070.64,1070.64,"+3,57 (+0,33%)",634063400,11007.93,77042960,1524427920000,1067.32,1070.64,1065.88
VNINDEX,19/05/2023,1067.07,1067.07,"-1,24 (-0,12%)",661637200,10585.1,93851997,2775929850000,1069.62,1070.15,1058.56
VNINDEX,18/05/2023,1068.31,1068.31,"+7,87 (+0,74%)",590882500,10252.2,58652072,1486321030000,1063.72,1073.41,1060.94
VNINDEX,17/05/2023,1060.44,1060.44,"-5,47 (-0,51%)",762187700,11644.53,74645059,1628161050000,1066.46,1069.95,1060.44
VNINDEX,16/05/2023,1065.91,1065.91,"+0,20 (+0,02%)",592131700,9638.15,89244911,1643874700000,1068.54,1069.27,1063.65
VNINDEX,15/05/2023,1065.71,1065.71,"-1,19 (-0,11%)",783695300,12604.98,50801850,1016788820000,1075.08,1076.32,1065.71
VNINDEX,12/05/2023,1066.9,1066.9,"+9,78 (+0,93%)",688543800,11117.59,37283400,856021920000,1057.7,1066.9,1053.97
VNINDEX,11/05/2023,1057.12,1057.12,"-1,14 (-0,11%)",681482900,10795.11,26826715,735584150000,1060.75,1063.69,1056.72
VNINDEX,10/05/2023,1058.26,1058.26,"+4,49 (+0,43%)",650680600,9826.26,66742400,1331334470000,1055.62,1058.67,1053.34
VNINDEX,09/05/2023,1053.77,1053.77,"+0,33 (+0,03%)",502515300,8040.71,61888199,1297287890000,1055.42,1058.71,1052.68
VNINDEX,08/05/2023,1053.44,1053.44,"+13,13 (+1,26%)",591247600,9243.08,64285560,1540722400000,1040.31,1053.44,1040.31
VNINDEX,05/05/2023,1040.31,1040.31,"-0,30 (-0,03%)",439888400,6891.82,107887202,2410805550000,1040.22,1043.22,1036.69
VNINDEX,04/05/2023,1040.61,1040.61,"-8,51 (-0,81%)",571590000,9259.08,54218460,1236448900000,1046.0,1048.16,1038.18
VNINDEX,30/06/2023,1120.18,1120.18,"-5,21 (-0,46%)",543467000,10406.4,74058563,2214774600000,1124.3,1126.33,1120.01
VNINDEX,29/06/2023,1125.39,1125.39,"-12,96 (-1,14%)",839096000,15877.29,67793844,1470360580000,1139.31,1140.43,1125.39
VNINDEX,28/06/2023,1138.35,1138.35,"+4,02 (+0,35%)",772870700,14993.5,119264984,2937681680000,1137.18,1140.56,1131.86
VNINDEX,27/06/2023,1134.33,1134.33,"+2,30 (+0,20%)",641633700,12682.06,80361393,1999943930000,1134.55,1136.49,1128.82
VNINDEX,26/06/2023,1132.03,1132.03,"+2,65 (+0,23%)",955006800,18306.95,85382513,2069117740000,1130.08,1134.0,1119.95
VNINDEX,23/06/2023,1129.38,1129.38,"+4,08 (+0,36%)",857067500,16701.83,49565929,1491468510000,1126.23,1130.61,1122.62
VNINDEX,22/06/2023,1125.3,1125.3,"+6,84 (+0,61%)",828954300,16238.81,90366613,2396575490000,1126.23,1127.54,1122.27
VNINDEX,21/06/2023,1118.46,1118.46,"+6,74 (+0,61%)",800466000,15523.38,75426009,1997116010000,1112.73,1118.46,1110.65
VNINDEX,20/06/2023,1111.72,1111.72,"+6,32 (+0,57%)",593021300,11225.37,102568266,2386226200000,1105.75,1111.72,1102.58
VNINDEX,19/06/2023,1105.4,1105.4,"-9,82 (-0,88%)",723615800,12464.5,87690310,1852618590000,1115.68,1117.23,1104.73
VNINDEX,16/06/2023,1115.22,1115.22,"-1,75 (-0,16%)",1075388700,20355.6,90992371,2069509390000,1121.92,1128.92,1112.51
VNINDEX,15/06/2023,1116.97,1116.97,"-0,45 (-0,04%)",675615200,12248.76,41259915,1016619760000,1117.06,1120.13,1112.11
VNINDEX,14/06/2023,1117.42,1117.42,"-5,04 (-0,45%)",845985500,15155.77,82610518,1974930420000,1124.56,1129.49,1117.42
VNINDEX,13/06/2023,1122.46,1122.46,"+6,44 (+0,58%)",870411600,15306.14,73131602,2132799440000,1117.43,1122.46,1116.1
VNINDEX,12/06/2023,1116.02,1116.02,"+8,49 (+0,77%)",726269400,13663.8,71705874,1604089060000,1110.26,1116.02,1100.08
VNINDEX,09/06/2023,1107.53,1107.53,"+6,21 (+0,56%)",839731400,15081.01,62478034,1445762380000,1103.11,1107.53,1097.23
VNINDEX,08/06/2023,1101.32,1101.32,"-8,22 (-0,74%)",1211637500,21011.32,113245581,2677696960000,1111.86,1115.14,1101.32
VNINDEX,07/06/2023,1109.54,1109.54,"+1,23 (+0,11%)",930395400,16516.17,70278677,1566572960000,1111.67,1112.28,1104.26
VNINDEX,06/06/2023,1108.31,1108.31,"+10,49 (+0,96%)",782675900,14344.97,60079331,1297483830000,1099.99,1108.31,1098.28
VNINDEX,05/06/2023,1097.82,1097.82,"+6,98 (+0,64%)",893972900,16315.88,54388381,1244709880000,1100.2,1103.81,1096.76
VNINDEX,02/06/2023,1090.84,1090.84,"+12,45 (+1,15%)",973372400,16880.78,64041432,1468607220000,1084.19,1092.24,1083.36
VNINDEX,01/06/2023,1078.39,1078.39,"+3,22 (+0,30%)",820193400,12898.51,36619700,962584390000,1076.27,1078.39,1071.61
VNINDEX,31/07/2023,1222.9,1222.9,"+15,23 (+1,26%)",1122987500,22419.2,81895056,1681719290000,1219.66,1224.81,1212.81
VNINDEX,28/07/2023,1207.67,1207.67,"+10,34 (+0,86%)",1045384000,20499.85,66098062,1426904300000,1197.32,1207.67,1195.86
VNINDEX,27/07/2023,1197.33,1197.33,"-3,51 (-0,29%)",1078942000,20934.32,83343963,1761140520000,1201.69,1203.69,1191.08
VNINDEX,26/07/2023,1200.84,1200.84,"+4,94 (+0,41%)",848117200,16629.69,64178313,1321859180000,1195.5,1200.84,1195.44
VNINDEX,25/07/2023,1195.9,1195.9,"+5,18 (+0,44%)",918186800,18570.57,82141386,1578423340000,1194.63,1199.27,1193.34
VNINDEX,24/07/2023,1190.72,1190.72,"+4,82 (+0,41%)",988720500,18684.97,54304474,1364046720000,1190.74,1193.22,1183.39
VNINDEX,21/07/2023,1185.9,1185.9,"+13,09 (+1,12%)",896244200,18388.84,91840966,1884211520000,1173.18,1185.9,1172.07
VNINDEX,20/07/2023,1172.81,1172.81,"-0,17 (-0,01%)",739529900,15441.08,57079548,959356150000,1171.83,1174.39,1166.62
VNINDEX,19/07/2023,1172.98,1172.98,"-1,11 (-0,09%)",798154200,15477.04,98490626,2208468160000,1177.5,1178.55,1172.98
VNINDEX,18/07/2023,1174.09,1174.09,"+0,96 (+0,08%)",755379600,14853.08,81757543,1944872750000,1173.23,1175.7,1170.04
VNINDEX,17/07/2023,1173.13,1173.13,"+4,73 (+0,40%)",851144600,16727.24,63473099,1906231630000,1171.75,1174.89,1168.77
VNINDEX,14/07/2023,1168.4,1168.4,"+2,98 (+0,26%)",973749100,19322.46,69001488,1555801380000,1169.2,1169.84,1156.28
VNINDEX,13/07/2023,1165.42,1165.42,"+11,22 (+0,97%)",760650800,15494.58,46093055,1189891660000,1159.88,1165.42,1158.15
VNINDEX,12/07/2023,1154.2,1154.2,"+2,43 (+0,21%)",696536100,14379.13,91626697,2289584800000,1154.37,1157.43,1149.28
VNINDEX,11/07/2023,1151.77,1151.77,"+2,75 (+0,24%)",851005600,16835.92,85904849,2301534820000,1151.13,1157.01,1149.69
VNINDEX,10/07/2023,1149.02,1149.02,"+10,95 (+0,96%)",814696500,16859.74,64732809,1552354320000,1142.61,1149.02,1140.03
VNINDEX,07/07/2023,1138.07,1138.07,"+11,85 (+1,05%)",713850500,14156.76,84553969,2344856770000,1125.07,1138.07,1122.94
VNINDEX,06/07/2023,1126.22,1126.22,"-8,40 (-0,74%)",870574400,17292.2,50533014,1312725010000,1133.7,1135.81,1122.35
VNINDEX,05/07/2023,1134.62,1134.62,"+2,62 (+0,23%)",744832500,15267.25,62201787,1933454820000,1136.55,1138.67,1133.45
VNINDEX,04/07/2023,1132.0,1132.0,"+6,50 (+0,58%)",638567700,12879.95,62743718,1761682530000,1127.11,1132.12,1123.49
VNINDEX,03/07/2023,1125.5,1125.5,"+5,32 (+0,47%)",502324200,9663.37,56059686,1130864820000,1125.55,1128.35,1121.17
VNINDEX,31/08/2023,1224.05,1224.05,"+10,89 (+0,90%)",887111900,19930.39,58362970,1423630580000,1216.0,1224.84,1214.39
VNINDEX,30/08/2023,1213.16,1213.16,"+8,73 (+0,72%)",864559000,19652.49,47429548,1257880330000,1206.25,1213.52,1203.51
VNINDEX,29/08/2023,1204.43,1204.43,"+2,71 (+0,23%)",904324000,20019.05,86612199,1977095990000,1204.75,1208.78,1197.57
VNINDEX,28/08/2023,1201.72,1201.72,"+18,35 (+1,55%)",763534500,17194.22,119311837,2624599480000,1189.43,1202.02,1189.43
VNINDEX,25/08/2023,1183.37,1183.37,"-6,02 (-0,51%)",812317900,18508.25,81018976,1846039760000,1188.99,1192.59,1181.6
VNINDEX,24/08/2023,1189.39,1189.39,"+16,83 (+1,44%)",790038300,17092.47,61496292,1399442830000,1175.2,1189.99,1171.33
VNINDEX,23/08/2023,1172.56,1172.56,"-7,93 (-0,67%)",653730100,14866.84,93449334,2310824690000,1192.96,1193.79,1168.89
VNINDEX,22/08/2023,1180.49,1180.49,"+0,73 (+0,06%)",979999200,19787.69,75665116,1924126110000,1183.92,1184.43,1149.13
VNINDEX,21/08/2023,1179.76,1179.76,"+1,77 (+0,15%)",1000968600,20197.25,77429606,1970275730000,1177.01,1188.16,1164.63
VNINDEX,18/08/2023,1177.99,1177.99,"-55,49 (-4,50%)",1645142600,34857.48,56903402,1287778580000,1227.02,1228.98,1177.74
VNINDEX,17/08/2023,1233.48,1233.48,"-9,78 (-0,79%)",1050181000,23722.65,61538043,1803283400000,1242.58,1243.98,1233.48
VNINDEX,16/08/2023,1243.26,1243.26,"+9,21 (+0,75%)",865531300,19019.81,65135789,1898655110000,1239.95,1243.48,1235.27
VNINDEX,15/08/2023,1234.05,1234.05,"-2,79 (-0,23%)",850306500,17708.11,61722578,1505604650000,1239.42,1239.42,1230.58
VNINDEX,14/08/2023,1236.84,1236.84,"+4,63 (+0,38%)",1032952400,21967.37,73326404,1576768610000,1237.14,1239.61,1229.04
VNINDEX,11/08/2023,1232.21,1232.21,"+11,60 (+0,95%)",983635900,20675.0,28784660,603007980000,1228.92,1232.21,1213.37
VNINDEX,10/08/2023,1220.61,1220.61,"-13,38 (-1,08%)",982441100,19556.02,28503543,675778930000,1236.31,1238.19,1220.61
VNINDEX,09/08/2023,1233.99,1233.99,"-8,24 (-0,66%)",1011321100,19908.49,81156902,1801288620000,1240.68,1241.96,1231.28
VNINDEX,08/08/2023,1242.23,1242.23,"+0,81 (+0,07%)",1115494500,21247.34,77380138,1960227360000,1244.35,1246.22,1239.01
VNINDEX,07/08/2023,1241.42,1241.42,"+15,44 (+1,26%)",1114331800,21983.78,181243965,4549541090000,1233.1,1241.42,1230.38
VNINDEX,04/08/2023,1225.98,1225.98,"+15,03 (+1,24%)",1086883100,22077.01,39635836,1017159170000,1216.27,1228.12,1214.17
VNINDEX,03/08/2023,1210.95,1210.95,"-9,48 (-0,78%)",978923300,20458.65,53634851,1159264960000,1219.73,1222.35,1209.06
VNINDEX,02/08/2023,1220.43,1220.43,"+2,87 (+0,24%)",849434300,17093.94,91375759,2082756110000,1217.17,1223.04,1213.18
VNINDEX,01/08/2023,1217.56,1217.56,"-5,34 (-0,44%)",1206705300,24911.41,74233763,1492767800000,1230.19,1234.5,1217.56
VNINDEX,29/09/2023,1154.15,1154.15,"+1,72 (+0,15%)",535931100,11999.8,38881283,1960530020000,1157.76,1163.88,1152.45
VNINDEX,28/09/2023,1152.43,1152.43,"-1,42 (-0,12%)",649062500,14577.4,42049932,1319972950000,1153.74,1155.39,1136.99
VNINDEX,27/09/2023,1153.85,1153.85,"+15,89 (+1,40%)",777264400,16057.1,83159751,2136113050000,1139.76,1153.85,1126.36
VNINDEX,26/09/2023,1137.96,1137.96,"-15,24 (-1,32%)",957913900,19894.47,88676496,1722846060000,1150.94,1163.52,1137.96
VNINDEX,25/09/2023,1153.2,1153.2,"-39,85 (-3,34%)",994304100,21617.46,92589163,1878205420000,1190.58,1195.62,1153.2
VNINDEX,22/09/2023,1193.05,1193.05,"-19,69 (-1,62%)",1317432800,30282.6,75997830,2050884260000,1197.49,1199.13,1174.57
VNINDEX,21/09/2023,1212.74,1212.74,"-13,37 (-1,09%)",923870000,21643.21,39804886,1376529890000,1226.79,1227.88,1211.65
VNINDEX,20/09/2023,1226.11,1226.11,"+14,61 (+1,21%)",763034400,18028.65,114996941,2345053270000,1212.7,1226.11,1209.46
VNINDEX,19/09/2023,1211.5,1211.5,"-0,31 (-0,03%)",880971700,20160.62,123757684,3180859410000,1215.96,1219.57,1199.85
VNINDEX,18/09/2023,1211.81,1211.81,"-15,55 (-1,27%)",762110800,17479.13,82885538,2289643120000,1225.6,1226.56,1203.88
VNINDEX,15/09/2023,1227.36,1227.36,"+3,55 (+0,29%)",868066900,20247.25,49294728,1431583530000,1228.87,1233.87,1220.27
VNINDEX,14/09/2023,1223.81,1223.81,"-14,58 (-1,18%)",1159894000,25245.78,67559311,1743418430000,1238.19,1244.21,1223.03
VNINDEX,13/09/2023,1238.39,1238.39,"-7,05 (-0,57%)",1191422500,27619.93,72364226,2141916020000,1248.94,1250.61,1232.84
VNINDEX,12/09/2023,1245.44,1245.44,"+21,81 (+1,78%)",880808100,20385.6,87059596,2604610070000,1227.16,1245.44,1220.85
VNINDEX,11/09/2023,1223.63,1223.63,"-17,85 (-1,44%)",1307561900,29823.5,86297304,2310237890000,1250.48,1251.37,1223.33
VNINDEX,08/09/2023,1241.48,1241.48,"-1,66 (-0,13%)",973560500,22642.27,124373795,3693170170000,1242.28,1248.1,1240.15
VNINDEX,07/09/2023,1243.14,1243.14,"-2,36 (-0,19%)",1099761600,23896.17,27953659,873544700000,1248.91,1255.11,1240.82
VNINDEX,06/09/2023,1245.5,1245.5,"+10,52 (+0,85%)",1067480700,23698.97,64453838,1537893030000,1237.07,1245.5,1229.89
VNINDEX,05/09/2023,1234.98,1234.98,"+10,93 (+0,89%)",983260400,21788.75,104083128,2796676310000,1231.43,1236.21,1228.7
VNINDEX,31/10/2023,1028.19,1028.19,"-14,21 (-1,36%)",705940300,13630.93,49594720,1250789250000,1045.6,1046.17,1025.03
VNINDEX,30/10/2023,1042.4,1042.4,"-18,22 (-1,72%)",465837000,8823.35,67522252,1305000610000,1054.03,1060.39,1042.4
VNINDEX,27/10/2023,1060.62,1060.62,"+5,17 (+0,49%)",638920300,12379.16,53313532,1320895210000,1059.41,1061.87,1037.46
VNINDEX,26/10/2023,1055.45,1055.45,"-46,21 (-4,19%)",1129481400,22197.89,47599806,1045773600000,1082.8,1083.22,1049.71
VNINDEX,25/10/2023,1101.66,1101.66,"-4,24 (-0,38%)",482997000,9674.07,56261100,1337845440000,1106.41,1111.39,1100.64
VNINDEX,24/10/2023,1105.9,1105.9,"+12,37 (+1,13%)",443128900,9074.09,65911996,1386211550000,1095.42,1107.3,1088.17
VNINDEX,23/10/2023,1093.53,1093.53,"-14,50 (-1,31%)",500482000,10110.02,62619470,2013949320000,1106.56,1106.8,1086.54
VNINDEX,20/10/2023,1108.03,1108.03,"+20,18 (+1,86%)",592527800,12391.97,65665068,1778811560000,1085.83,1108.16,1073.73
VNINDEX,19/10/2023,1087.85,1087.85,"-15,55 (-1,41%)",615746700,12693.46,33479155,1019162960000,1102.93,1103.65,1087.85
VNINDEX,18/10/2023,1103.4,1103.4,"-18,25 (-1,63%)",930514000,19666.52,107662335,2188812850000,1123.73,1125.27,1088.87
VNINDEX,17/10/2023,1121.65,1121.65,"-19,77 (-1,73%)",566555000,12543.35,43944889,1089292930000,1145.34,1147.89,1121.65
VNINDEX,16/10/2023,1141.42,1141.42,"-13,31 (-1,15%)",622999800,14200.42,53192385,1028656520000,1152.69,1157.46,1140.64
VNINDEX,13/10/2023,1154.73,1154.73,"+3,12 (+0,27%)",593801400,13157.05,27615206,798825120000,1145.03,1155.1,1138.99
VNINDEX,12/10/2023,1151.61,1151.61,"+0,80 (+0,07%)",619607000,13863.85,27568500,569927190000,1155.12,1156.73,1148.11
VNINDEX,11/10/2023,1150.81,1150.81,"+7,12 (+0,62%)",496702300,11201.26,46352054,992565370000,1146.2,1150.81,1138.22
VNINDEX,10/10/2023,1143.69,1143.69,"+6,33 (+0,56%)",627950000,14190.09,43813276,1157145820000,1143.6,1150.34,1141.97
VNINDEX,09/10/2023,1137.36,1137.36,"+8,82 (+0,78%)",545012000,12303.43,57603874,1466055590000,1130.25,1137.36,1127.03
VNINDEX,06/10/2023,1128.54,1128.54,"+14,65 (+1,32%)",586082400,11981.61,35536142,812406660000,1115.23,1129.13,1107.4
VNINDEX,05/10/2023,1113.89,1113.89,"-14,78 (-1,31%)",556516000,11643.44,52491336,1392278530000,1131.35,1133.12,1113.89
VNINDEX,04/10/2023,1128.67,1128.67,"+10,57 (+0,95%)",646114500,13998.12,36371141,950299330000,1106.61,1133.79,1106.4
VNINDEX,03/10/2023,1118.1,1118.1,"-37,15 (-3,22%)",940147700,19759.49,51727900,1306049130000,1145.85,1146.59,1117.28
VNINDEX,02/10/2023,1155.25,1155.25,"+1,10 (+0,10%)",465546100,10050.82,52695815,1454564920000,1155.07,1161.48,1149.63
VNINDEX,30/11/2023,1094.13,1094.13,"-8,67 (-0,79%)",659979600,13165.55,63503778,1504504770000,1101.75,1107.45,1094.13
VNINDEX,29/11/2023,1102.8,1102.8,"+7,37 (+0,67%)",562813100,11523.76,52144040,1097890850000,1097.28,1105.28,1096.33
VNINDEX,28/11/2023,1095.43,1095.43,"+7,37 (+0,68%)",593255200,12050.13,88629367,2009996640000,1088.6,1095.43,1076.45
VNINDEX,27/11/2023,1088.06,1088.06,"-7,55 (-0,69%)",507177400,9976.3,87837873,1832753930000,1095.59,1096.84,1085.69
VNINDEX,24/11/2023,1095.61,1095.61,"+7,12 (+0,65%)",900833700,17775.49,57509550,1467561790000,1090.97,1095.61,1073.31
VNINDEX,23/11/2023,1088.49,1088.49,"-25,33 (-2,27%)",952327300,19158.49,75943588,1479454950000,1117.71,1118.54,1088.49
VNINDEX,22/11/2023,1113.82,1113.82,"+3,36 (+0,30%)",812231500,17355.38,134045424,2886537940000,1111.35,1115.47,1103.26
VNINDEX,21/11/2023,1110.46,1110.46,"+6,80 (+0,62%)",601828500,12700.38,110785314,2182106440000,1112.61,1112.77,1103.79
VNINDEX,20/11/2023,1103.66,1103.66,"+2,47 (+0,22%)",750883200,15115.73,90585594,1857268840000,1085.4,1111.26,1085.32
VNINDEX,17/11/2023,1101.19,1101.19,"-24,34 (-2,16%)",1175535600,22737.56,79668781,1597203820000,1128.14,1129.84,1096.16
VNINDEX,16/11/2023,1125.53,1125.53,"+3,03 (+0,27%)",605124900,12690.3,82271250,2089712250000,1119.98,1125.53,1114.97
VNINDEX,15/11/2023,1122.5,1122.5,"+12,77 (+1,15%)",882296600,18328.78,55663412,1326353720000,1124.56,1132.75,1118.74
VNINDEX,14/11/2023,1109.73,1109.73,"+9,66 (+0,88%)",766022100,15566.84,56175014,1462777440000,1109.08,1115.6,1101.67
VNINDEX,13/11/2023,1100.07,1100.07,"-1,61 (-0,15%)",730190300,14456.06,59247082,1584727980000,1103.66,1107.91,1093.19
VNINDEX,10/11/2023,1101.68,1101.68,"-12,21 (-1,10%)",945389300,18769.83,87407366,1998777500000,1105.75,1116.02,1101.23
VNINDEX,09/11/2023,1113.89,1113.89,"+0,46 (+0,04%)",996860000,20363.07,55222350,1627146350000,1116.42,1124.78,1112.13
VNINDEX,08/11/2023,1113.43,1113.43,"+33,14 (+3,07%)",886220500,17268.36,66356857,1327214040000,1079.14,1113.43,1075.8
VNINDEX,07/11/2023,1080.29,1080.29,"-9,37 (-0,86%)",535907500,10577.04,98606815,2022171300000,1086.68,1089.89,1079.42
VNINDEX,06/11/2023,1089.66,1089.66,"+12,88 (+1,20%)",571437300,11040.98,121354304,3038203240000,1082.21,1089.66,1076.78
VNINDEX,03/11/2023,1076.78,1076.78,"+1,31 (+0,12%)",703784300,14322.8,52699031,1087744290000,1081.35,1082.23,1071.11
VNINDEX,02/11/2023,1075.47,1075.47,"+35,81 (+3,44%)",735677500,13772.05,36443838,865165250000,1048.62,1075.47,1045.14
VNINDEX,01/11/2023,1039.66,1039.66,"+11,47 (+1,12%)",603502200,11111.1,76383715,1953694070000,1029.0,1039.66,1020.01
VNINDEX,29/12/2023,1129.93,1129.93,"+1,00 (+0,09%)",616484900,13092.95,94362662,2681281580000,1131.75,1135.05,1129.93
VNINDEX,28/12/2023,1128.93,1128.93,"+6,94 (+0,62%)",608466000,12971.5,108461949,2530018460000,1122.57,1130.58,1120.5
VNINDEX,27/12/2023,1121.99,1121.99,"-0,26 (-0,02%)",570737700,12204.31,206062561,7129118090000,1123.28,1126.47,1121.99
VNINDEX,26/12/2023,1122.25,1122.25,"+4,59 (+0,41%)",575288900,13037.4,69452753,1701188860000,1120.11,1123.11,1117.93
VNINDEX,25/12/2023,1117.66,1117.66,"+14,60 (+1,32%)",550839600,12029.9,107698834,3120552990000,1104.27,1118.31,1104.27
VNINDEX,22/12/2023,1103.06,1103.06,"+0,63 (+0,06%)",496287600,10625.61,61743947,1628750850000,1103.08,1104.65,1099.32
VNINDEX,21/12/2023,1102.43,1102.43,"+1,67 (+0,15%)",451416900,9698.98,69582616,1591726060000,1096.22,1102.43,1094.47
VNINDEX,20/12/2023,1100.76,1100.76,"+4,46 (+0,41%)",470483400,9584.76,127726455,3691893560000,1098.1,1102.27,1093.38
VNINDEX,19/12/2023,1096.3,1096.3,"+4,42 (+0,40%)",561157600,10878.88,88749169,1926830650000,1091.26,1096.3,1082.29
VNINDEX,18/12/2023,1091.88,1091.88,"-10,42 (-0,95%)",544297600,10468.59,168859993,4258565620000,1103.36,1103.74,1091.45
VNINDEX,15/12/2023,1102.3,1102.3,"-7,83 (-0,71%)",684449900,14166.69,65379397,1718666110000,1109.51,1112.79,1102.3
VNINDEX,14/12/2023,1110.13,1110.13,"-4,07 (-0,37%)",603922700,12151.23,77099413,2529926910000,1119.62,1120.36,1107.86
VNINDEX,13/12/2023,1114.2,1114.2,"-13,43 (-1,19%)",763977100,16185.91,80065025,2261964010000,1129.94,1131.21,1112.08
VNINDEX,12/12/2023,1127.63,1127.63,"+2,13 (+0,19%)",539184200,11213.61,106440276,2764613590000,1127.55,1129.77,1123.35
VNINDEX,11/12/2023,1125.5,1125.5,"+1,06 (+0,09%)",618307400,12541.03,82282354,2110380080000,1127.92,1129.15,1120.32
VNINDEX,08/12/2023,1124.44,1124.44,"+2,95 (+0,26%)",737605100,15707.41,81489949,2035148960000,1122.09,1127.46,1119.43
VNINDEX,07/12/2023,1121.49,1121.49,"-4,94 (-0,44%)",1298392700,26375.3,36195851,1071334750000,1128.67,1129.83,1109.51
VNINDEX,06/12/2023,1126.43,1126.43,"+10,46 (+0,94%)",776768800,15876.03,77191506,2153146250000,1118.06,1126.43,1116.03
VNINDEX,05/12/2023,1115.97,1115.97,"-4,52 (-0,40%)",753445900,15510.48,71210078,1582150380000,1122.28,1124.11,1113.55
VNINDEX,04/12/2023,1120.49,1120.49,"+18,33 (+1,66%)",1038038200,22270.63,82610135,1958695570000,1107.74,1123.96,1106.62
VNINDEX,01/12/2023,1102.16,1102.16,"+8,03 (+0,73%)",569333300,11334.58,34254210,893709010000,1099.18,1102.2,1090.08
VNINDEX,31/01/2024,1164.31,1164.31,"-15,34 (-1,30%)",1022547900,21280.86,98351687,2033661130000,1181.62,1182.53,1163.13
VNINDEX,30/01/2024,1179.65,1179.65,"+3,96 (+0,34%)",564656400,12252.06,55489898,1489106350000,1176.02,1179.92,1174.13
VNINDEX,29/01/2024,1175.69,1175.69,"+0,02 (0,00%)",552811300,11571.26,113718237,2717374880000,1177.23,1180.46,1174.88
VNINDEX,26/01/2024,1175.67,1175.67,"+5,30 (+0,45%)",498217000,10949.43,77007219,1949916560000,1173.43,1176.76,1173.43
VNINDEX,25/01/2024,1170.37,1170.37,"-2,60 (-0,22%)",480699500,10011.52,59838659,1350359190000,1173.58,1173.83,1168.5
VNINDEX,24/01/2024,1172.97,1172.97,"-4,53 (-0,38%)",644055900,13347.34,89134288,2159706520000,1175.58,1180.3,1172.0
VNINDEX,23/01/2024,1177.5,1177.5,"-5,36 (-0,45%)",600595700,12957.06,83116514,2157449160000,1183.96,1184.74,1173.78
VNINDEX,22/01/2024,1182.86,1182.86,"+1,36 (+0,12%)",770796000,16088.38,118959900,2650823640000,1186.29,1186.96,1175.54
VNINDEX,19/01/2024,1181.5,1181.5,"+12,44 (+1,06%)",630781700,13925.62,32106292,870803870000,1171.5,1181.5,1171.47
VNINDEX,18/01/2024,1169.06,1169.06,"+6,53 (+0,56%)",569563600,12403.74,26660850,794468740000,1164.32,1169.73,1162.62
VNINDEX,17/01/2024,1162.53,1162.53,"-0,59 (-0,05%)",694094400,15063.85,75708732,1663088890000,1161.95,1168.46,1160.45
VNINDEX,16/01/2024,1163.12,1163.12,"+9,00 (+0,78%)",570974600,12200.28,40425175,930359310000,1150.31,1163.12,1147.71
VNINDEX,15/01/2024,1154.12,1154.12,"-0,58 (-0,05%)",559640600,11533.62,57504786,1124231740000,1159.37,1163.75,1154.12
VNINDEX,12/01/2024,1154.7,1154.7,"-7,52 (-0,65%)",1037940400,21495.45,48728855,1256241570000,1154.91,1161.91,1146.75
VNINDEX,11/01/2024,1162.22,1162.22,"+0,68 (+0,06%)",782237200,15855.37,78256092,1461864950000,1162.49,1169.1,1157.43
VNINDEX,10/01/2024,1161.54,1161.54,"+2,95 (+0,25%)",935719400,19502.82,57041812,1253461610000,1158.79,1166.1,1155.94
VNINDEX,09/01/2024,1158.59,1158.59,"-1,60 (-0,14%)",799457700,16877.04,71051566,1566368460000,1161.71,1162.83,1155.46
VNINDEX,08/01/2024,1160.19,1160.19,"+5,51 (+0,48%)",814410600,17129.48,90997820,2071871960000,1159.42,1162.56,1155.48
VNINDEX,05/01/2024,1154.68,1154.68,"+3,96 (+0,34%)",760282600,15396.49,42985728,903760260000,1152.37,1155.84,1149.08
VNINDEX,04/01/2024,1150.72,1150.72,"+6,55 (+0,57%)",1141608900,24321.24,39745659,975435380000,1145.49,1160.08,1144.32
VNINDEX,03/01/2024,1144.17,1144.17,"+12,45 (+1,10%)",657568100,13104.69,62364558,1603880280000,1130.53,1144.17,1128.32
VNINDEX,02/01/2024,1131.72,1131.72,"+1,79 (+0,16%)",777337200,15838.62,64918267,1272810210000,1136.39,1139.71,1128.69
VNINDEX,29/02/2024,1252.73,1252.73,"-1,82 (-0,15%)",1012951600,24420.97,78242000,1715543780000,1259.59,1264.39,1247.7
VNINDEX,28/02/2024,1254.55,1254.55,"+17,09 (+1,38%)",899523200,21151.32,71232790,1537798480000,1241.77,1254.55,1236.32
VNINDEX,27/02/2024,1237.46,1237.46,"+13,29 (+1,09%)",916784900,21462.33,70069511,1596136070000,1228.93,1237.6,1226.49
VNINDEX,26/02/2024,1224.17,1224.17,"+12,17 (+1,00%)",834749900,19521.99,54998873,1439671100000,1212.93,1225.21,1210.52
VNINDEX,23/02/2024,1212.0,1212.0,"-15,31 (-1,25%)",1327429400,30083.19,66616320,1899778380000,1230.3,1240.81,1211.55
VNINDEX,22/02/2024,1227.31,1227.31,"-2,73 (-0,22%)",795021800,16800.04,45388390,1150497890000,1229.85,1232.09,1226.15
VNINDEX,21/02/2024,1230.04,1230.04,"-0,02 (0,00%)",886110400,20524.68,102735880,2068623500000,1231.78,1234.22,1222.92
VNINDEX,20/02/2024,1230.06,1230.06,"+5,09 (+0,42%)",843779800,18934.69,96167795,2187278260000,1227.75,1230.47,1222.66
VNINDEX,19/02/2024,1224.97,1224.97,"+15,27 (+1,26%)",975154800,22875.39,71276580,1878882740000,1213.24,1225.48,1212.58
VNINDEX,16/02/2024,1209.7,1209.7,"+7,20 (+0,60%)",783875500,17505.28,38761230,747409680000,1204.9,1210.25,1204.29
VNINDEX,15/02/2024,1202.5,1202.5,"+3,97 (+0,33%)",843733100,18620.12,24991208,772779790000,1203.08,1207.56,1198.81
VNINDEX,07/02/2024,1198.53,1198.53,"+10,05 (+0,85%)",664714300,14949.4,20945217,556279690000,1190.51,1199.52,1190.5
VNINDEX,06/02/2024,1188.48,1188.48,"+2,42 (+0,20%)",566198900,12839.77,53573200,1783840360000,1189.08,1190.92,1185.68
VNINDEX,05/02/2024,1186.06,1186.06,"+13,51 (+1,15%)",769953100,16976.1,104850530,2217628490000,1174.22,1188.45,1173.54
VNINDEX,02/02/2024,1172.55,1172.55,"-0,47 (-0,04%)",790756000,17552.41,123917342,2475699970000,1173.93,1178.27,1169.7
VNINDEX,01/02/2024,1173.02,1173.02,"+8,71 (+0,75%)",578639500,13004.05,91606774,2274772950000,1162.78,1174.5,1162.45
VNINDEX,29/03/2024,1284.09,1284.09,"-6,09 (-0,47%)",790542600,19401.3,132004800,3802456480000,1292.7,1292.75,1282.44
VNINDEX,28/03/2024,1290.18,1290.18,"+7,09 (+0,55%)",888388100,22839.49,123787240,3029204360000,1293.03,1293.9,1285.52
VNINDEX,27/03/2024,1283.09,1283.09,"+0,88 (+0,07%)",803249600,19503.71,116032982,4556998970000,1286.34,1286.72,1276.95
VNINDEX,26/03/2024,1282.21,1282.21,"+14,35 (+1,13%)",858426100,19992.57,83269355,1898334280000,1267.95,1282.5,1264.42
VNINDEX,25/03/2024,1267.86,1267.86,"-13,94 (-1,09%)",1165944800,27231.63,76541833,2026919000000,1278.86,1286.84,1264.51
VNINDEX,22/03/2024,1281.8,1281.8,"+5,38 (+0,42%)",1180774200,29265.62,196902690,5468532600000,1281.56,1291.27,1276.38
VNINDEX,21/03/2024,1276.42,1276.42,"+16,34 (+1,30%)",1135242300,27565.73,116570600,2048286620000,1269.96,1276.42,1264.2
VNINDEX,20/03/2024,1260.08,1260.08,"+17,62 (+1,42%)",859094600,21206.76,56474736,1785610330000,1243.79,1261.55,1235.46
VNINDEX,19/03/2024,1242.46,1242.46,"-1,10 (-0,09%)",782479600,19108.37,132172185,2541070090000,1246.54,1249.75,1238.92
VNINDEX,18/03/2024,1243.56,1243.56,"-20,22 (-1,60%)",1616423600,40276.1,92524342,2856150270000,1266.11,1269.9,1221.67
VNINDEX,15/03/2024,1263.78,1263.78,"-0,48 (-0,04%)",1008834600,26040.32,58779841,1468326730000,1263.76,1271.63,1252.36
VNINDEX,14/03/2024,1264.26,1264.26,"-6,25 (-0,49%)",1021281000,26790.83,35897320,1171157340000,1276.0,1276.41,1258.67
VNINDEX,13/03/2024,1270.51,1270.51,"+25,51 (+2,05%)",890291900,23581.97,91936487,2710383610000,1250.2,1270.51,1247.64
VNINDEX,12/03/2024,1245.0,1245.0,"+9,51 (+0,77%)",792213500,19801.98,44006361,954562940000,1235.4,1248.33,1233.14
VNINDEX,11/03/2024,1235.49,1235.49,"-11,86 (-0,95%)",922753300,22546.86,53231766,1311107110000,1248.32,1254.01,1233.49
VNINDEX,08/03/2024,1247.35,1247.35,"-21,11 (-1,66%)",1308498300,31520.39,37612674,982260620000,1272.62,1274.3,1247.35
VNINDEX,07/03/2024,1268.46,1268.46,"+5,73 (+0,45%)",948074000,23534.01,69193325,1550112780000,1263.23,1269.88,1260.24
VNINDEX,06/03/2024,1262.73,1262.73,"-7,25 (-0,57%)",1001243800,23114.62,61689717,1783138550000,1269.8,1277.51,1256.3
VNINDEX,05/03/2024,1269.98,1269.98,"+8,57 (+0,68%)",927988200,22174.11,83207907,2182654790000,1262.89,1269.98,1257.81
VNINDEX,04/03/2024,1261.41,1261.41,"+3,13 (+0,25%)",1060738400,25927.74,122347984,2678805920000,1264.07,1268.25,1256.54
VNINDEX,01/03/2024,1258.28,1258.28,"+5,55 (+0,44%)",890614800,22046.49,71313211,1685188730000,1256.72,1258.76,1247.87
VNINDEX,26/04/2024,1209.52,1209.52,"+4,55 (+0,38%)",574409200,14009.89,46475192,1478499590000,1199.83,1216.6,1198.73
VNINDEX,25/04/2024,1204.97,1204.97,"-0,64 (-0,05%)",489174900,12143.83,80476910,2030056730000,1206.25,1208.41,1200.21
VNINDEX,24/04/2024,1205.61,1205.61,"+28,21 (+2,40%)",691475300,16803.5,128604523,3043431520000,1186.47,1207.61,1185.13
VNINDEX,23/04/2024,1177.4,1177.4,"-12,82 (-1,08%)",672945800,15590.81,105365510,1898047840000,1190.56,1192.8,1169.61
VNINDEX,22/04/2024,1190.22,1190.22,"+15,37 (+1,31%)",615914300,13912.73,92664493,2052795340000,1186.66,1193.88,1181.13
VNINDEX,19/04/2024,1174.85,1174.85,"-18,16 (-1,52%)",1024630300,22478.58,45906173,1223868610000,1180.87,1190.96,1165.99
VNINDEX,17/04/2024,1193.01,1193.01,"-22,67 (-1,86%)",766171800,17025.08,93080449,2081319760000,1221.47,1221.47,1193.01
VNINDEX,16/04/2024,1215.68,1215.68,"-0,93 (-0,08%)",1214696500,27262.18,140542632,3063630810000,1218.64,1222.45,1191.73
VNINDEX,15/04/2024,1216.61,1216.61,"-59,99 (-4,70%)",1317882800,30387.37,137979979,3180381310000,1274.02,1281.81,1216.61
VNINDEX,12/04/2024,1276.6,1276.6,"+18,40 (+1,46%)",696705300,17040.65,247739295,7028906170000,1262.96,1278.39,1259.5
VNINDEX,11/04/2024,1258.2,1258.2,"-0,36 (-0,03%)",642873900,15138.07,43945690,1406480460000,1249.88,1262.03,1248.11
VNINDEX,10/04/2024,1258.56,1258.56,"-4,26 (-0,34%)",633149400,15206.58,69125317,1639113960000,1266.48,1268.72,1258.56
VNINDEX,09/04/2024,1262.82,1262.82,"+12,47 (+1,00%)",648177200,15470.72,69257022,1676381420000,1252.4,1262.82,1247.7
VNINDEX,08/04/2024,1250.35,1250.35,"-4,76 (-0,38%)",790344900,18446.1,85693930,1956413220000,1255.37,1258.4,1246.87
VNINDEX,05/04/2024,1255.11,1255.11,"-13,14 (-1,04%)",1034849200,24312.01,40590498,881140520000,1258.58,1265.14,1253.56
VNINDEX,04/04/2024,1268.25,1268.25,"-3,22 (-0,25%)",921606500,22626.49,59300637,1235952150000,1271.87,1277.62,1265.12
VNINDEX,03/04/2024,1271.47,1271.47,"-15,57 (-1,21%)",995560400,25222.93,81762554,2200747260000,1285.3,1288.99,1271.47
VNINDEX,02/04/2024,1287.04,1287.04,"+5,52 (+0,43%)",1031022100,25531.28,56661561,1985419390000,1276.38,1287.04,1268.48
VNINDEX,01/04/2024,1281.52,1281.52,"-2,57 (-0,20%)",899388500,21563.55,71823480,1724019510000,1282.84,1286.8,1274.09
VNINDEX,31/05/2024,1261.72,1261.72,"-4,60 (-0,36%)",617748900,15446.8,153402705,3293307830000,1268.37,1271.07,1261.43
VNINDEX,30/05/2024,1266.32,1266.32,"-6,32 (-0,50%)",958531600,23730.52,92050349,2122677660000,1264.45,1269.07,1251.8
VNINDEX,29/05/2024,1272.64,1272.64,"-9,09 (-0,71%)",967116000,22957.77,105349256,2472580210000,1284.74,1285.63,1271.6
VNINDEX,28/05/2024,1281.73,1281.73,"+14,05 (+1,11%)",744100500,19159.33,124483827,2903048460000,1272.23,1281.73,1269.37
VNINDEX,27/05/2024,1267.68,1267.68,"+5,75 (+0,46%)",598637500,14844.84,128066310,2738887230000,1263.46,1267.68,1257.27
VNINDEX,24/05/2024,1261.93,1261.93,"-19,10 (-1,49%)",1244825200,32412.31,122955961,3118573640000,1276.68,1285.07,1250.28
VNINDEX,23/05/2024,1281.03,1281.03,"+14,12 (+1,11%)",833709000,20887.16,134421000,2426941430000,1265.6,1281.03,1262.29
VNINDEX,22/05/2024,1266.91,1266.91,"-10,23 (-0,80%)",987232400,24300.04,151859354,3749530690000,1280.26,1283.06,1263.87
VNINDEX,21/05/2024,1277.14,1277.14,"-0,44 (-0,03%)",840139100,20568.14,132020700,3425711740000,1277.85,1281.29,1267.29
VNINDEX,20/05/2024,1277.58,1277.58,"+8,80 (+0,69%)",957652300,23374.45,203910996,4304741540000,1281.5,1285.19,1277.36
VNINDEX,16/05/2024,1268.78,1268.78,"+14,39 (+1,15%)",808769400,20691.58,76286536,2003384930000,1264.51,1271.66,1261.19
VNINDEX,15/05/2024,1254.39,1254.39,"+11,11 (+0,89%)",759159700,19349.08,121014365,2800845440000,1248.61,1257.92,1248.02
VNINDEX,14/05/2024,1243.28,1243.28,"+3,10 (+0,25%)",529153100,13132.09,111340432,2481315000000,1246.23,1252.52,1240.88
VNINDEX,13/05/2024,1240.18,1240.18,"-4,52 (-0,36%)",636191500,14748.56,105387940,2465600120000,1248.19,1249.2,1233.56
VNINDEX,10/05/2024,1244.7,1244.7,"-3,94 (-0,32%)",593429800,14650.1,75681403,1633400230000,1251.78,1252.5,1237.46
VNINDEX,09/05/2024,1248.64,1248.64,"-1,82 (-0,15%)",638850100,16497.63,132702616,3513473450000,1252.81,1256.8,1243.29
VNINDEX,08/05/2024,1250.46,1250.46,"+1,83 (+0,15%)",819607600,19240.51,162195372,4068043440000,1243.32,1251.62,1234.76
VNINDEX,07/05/2024,1248.63,1248.63,"+7,05 (+0,57%)",592485900,15079.97,115411294,3345653660000,1245.5,1250.63,1240.09
VNINDEX,06/05/2024,1241.58,1241.58,"+20,55 (+1,68%)",666198300,16048.45,198435330,4839119050000,1226.89,1241.58,1224.22
VNINDEX,03/05/2024,1221.03,1221.03,"+4,67 (+0,38%)",567269900,15166.92,76158917,1860380880000,1222.54,1225.75,1218.33
VNINDEX,02/05/2024,1216.36,1216.36,"+6,84 (+0,57%)",513763800,12553.73,56599880,1845725060000,1212.13,1216.36,1206.28
VNINDEX,28/06/2024,1245.32,1245.32,"-13,77 (-1,09%)",671599000,16881.03,168829178,3975993830000,1260.27,1262.61,1240.15
VNINDEX,27/06/2024,1259.09,1259.09,"-2,15 (-0,17%)",469667500,12310.45,127320999,2862827390000,1260.71,1262.49,1255.12
VNINDEX,26/06/2024,1261.24,1261.24,"+4,68 (+0,37%)",589079700,15392.2,289291566,5419795980000,1258.95,1262.67,1247.55
VNINDEX,25/06/2024,1256.56,1256.56,"+2,44 (+0,19%)",547152400,15166.24,288151007,6379911120000,1255.77,1260.07,1250.25
VNINDEX,24/06/2024,1254.12,1254.12,"-27,90 (-2,18%)",1098142200,28232.6,148959784,3582434650000,1281.07,1284.84,1252.66
VNINDEX,21/06/2024,1282.02,1282.02,"-0,28 (-0,02%)",702735900,18703.9,132015862,2763173170000,1285.07,1288.06,1279.44
VNINDEX,20/06/2024,1282.3,1282.3,"+2,51 (+0,20%)",818094800,21358.01,114450331,2490114600000,1280.98,1286.54,1273.54
VNINDEX,19/06/2024,1279.79,1279.79,"+0,29 (+0,02%)",767825600,20735.58,237050253,5235386640000,1283.0,1284.14,1270.66
VNINDEX,18/06/2024,1279.5,1279.5,"+4,73 (+0,37%)",633180900,17485.29,172108530,5025939530000,1279.39,1286.52,1278.38
VNINDEX,17/06/2024,1274.77,1274.77,"-5,14 (-0,40%)",779686100,20192.77,120869034,2797315240000,1282.08,1283.1,1272.54
VNINDEX,14/06/2024,1279.91,1279.91,"-21,60 (-1,66%)",1009525700,26765.45,101111393,2596535750000,1303.24,1305.02,1279.91
VNINDEX,13/06/2024,1301.51,1301.51,"+1,32 (+0,10%)",829312700,21306.95,62018699,1766827150000,1305.69,1306.01,1297.6
VNINDEX,12/06/2024,1300.19,1300.19,"+15,78 (+1,23%)",769901500,20175.19,125353167,3093431760000,1285.01,1301.35,1281.71
VNINDEX,11/06/2024,1284.41,1284.41,"-6,26 (-0,49%)",859304400,22276.21,134038517,3144676480000,1295.03,1296.41,1279.47
VNINDEX,10/06/2024,1290.67,1290.67,"+3,09 (+0,24%)",778972900,19457.88,79679054,2159959100000,1292.67,1297.39,1287.44
VNINDEX,07/06/2024,1287.58,1287.58,"+4,02 (+0,31%)",604686400,15341.06,93596932,2507817880000,1289.05,1293.03,1283.13
VNINDEX,06/06/2024,1283.56,1283.56,"-0,79 (-0,06%)",797941200,19775.71,95125472,2468358960000,1288.53,1292.02,1278.4
VNINDEX,05/06/2024,1284.35,1284.35,"+0,83 (+0,06%)",810156400,21421.04,114898528,2667545500000,1287.12,1293.93,1284.35
VNINDEX,04/06/2024,1283.52,1283.52,"+3,52 (+0,27%)",785860800,20167.6,149987881,3569349900000,1285.51,1289.31,1281.98
VNINDEX,03/06/2024,1280.0,1280.0,"+18,28 (+1,45%)",930997200,23222.09,115927476,2875656650000,1271.65,1284.48,1271.65
VNINDEX,31/07/2024,1251.51,1251.51,"+6,45 (+0,52%)",685428100,15319.28,63418624,2250790160000,1247.45,1255.77,1246.3
VNINDEX,30/07/2024,1245.06,1245.06,"-1,54 (-0,12%)",602301200,12578.49,50772099,1160517970000,1247.23,1248.73,1236.97
VNINDEX,29/07/2024,1246.6,1246.6,"+4,49 (+0,36%)",464637300,10492.67,32227907,887069150000,1247.71,1249.68,1243.08
VNINDEX,26/07/2024,1242.11,1242.11,"+8,92 (+0,72%)",417284900,10118.0,41507290,1735707440000,1235.21,1242.11,1234.05
VNINDEX,25/07/2024,1233.19,1233.19,"-5,28 (-0,43%)",421019600,9656.89,63389825,2062435510000,1233.08,1235.67,1226.2
VNINDEX,24/07/2024,1238.47,1238.47,"+6,66 (+0,54%)",658299500,16064.93,81963875,1799910810000,1225.5,1242.4,1218.65
VNINDEX,23/07/2024,1231.81,1231.81,"-22,83 (-1,82%)",662804800,16131.93,65576146,1937921840000,1256.72,1258.74,1231.81
VNINDEX,22/07/2024,1254.64,1254.64,"-10,14 (-0,80%)",834239700,19105.56,89389663,2009609200000,1261.42,1267.43,1245.02
VNINDEX,19/07/2024,1264.78,1264.78,"-9,66 (-0,76%)",726065300,17234.29,65738800,1303720810000,1275.28,1279.94,1260.68
VNINDEX,18/07/2024,1274.44,1274.44,"+5,78 (+0,46%)",652389000,16501.29,86655489,2608112750000,1270.95,1274.67,1256.21
VNINDEX,17/07/2024,1268.66,1268.66,"-12,52 (-0,98%)",1174014800,28117.51,51368252,1209786310000,1286.07,1290.76,1256.42
VNINDEX,16/07/2024,1281.18,1281.18,"+1,36 (+0,11%)",637199000,15383.2,47058163,1030677400000,1282.83,1291.47,1279.37
VNINDEX,15/07/2024,1279.82,1279.82,"-0,93 (-0,07%)",474359200,11305.41,99151901,2929999090000,1284.14,1286.37,1276.27
VNINDEX,12/07/2024,1280.75,1280.75,"-3,05 (-0,24%)",546830500,13766.21,59477637,1487215380000,1284.79,1288.67,1277.16
VNINDEX,11/07/2024,1283.8,1283.8,"-2,14 (-0,17%)",636332300,16523.69,60900794,1995627030000,1291.14,1293.32,1283.8
VNINDEX,10/07/2024,1285.94,1285.94,"-7,77 (-0,60%)",678093600,17915.27,72908651,3910538620000,1295.57,1297.96,1285.94
VNINDEX,09/07/2024,1293.71,1293.71,"+10,15 (+0,79%)",757408500,20196.64,64399517,1622914920000,1286.33,1294.15,1283.62
VNINDEX,08/07/2024,1283.56,1283.56,"+0,52 (+0,04%)",664000500,17548.78,102897684,2341076680000,1285.34,1287.14,1277.68
VNINDEX,05/07/2024,1283.04,1283.04,"+3,15 (+0,25%)",589226400,15280.97,27277074,717213410000,1281.21,1284.98,1276.93
VNINDEX,04/07/2024,1279.89,1279.89,"+3,04 (+0,24%)",475717900,12952.08,47744524,1058811160000,1278.87,1283.13,1274.58
VNINDEX,03/07/2024,1276.85,1276.85,"+7,06 (+0,56%)",501951100,13315.99,87553612,2261264340000,1273.26,1278.14,1268.23
VNINDEX,02/07/2024,1269.79,1269.79,"+15,23 (+1,21%)",470400200,12350.73,58069805,1631331010000,1258.87,1270.47,1257.93
VNINDEX,01/07/2024,1254.56,1254.56,"+9,24 (+0,74%)",432927800,11892.11,54263300,1222694490000,1246.33,1254.56,1240.07
VNINDEX,30/08/2024,1283.87,1283.87,"+2,40 (+0,19%)",510781800,12116.49,60814460,1405053380000,1283.61,1286.84,1282.58
VNINDEX,29/08/2024,1281.47,1281.47,"+0,03 (0,00%)",581218200,12731.01,52870420,1298261450000,1281.15,1288.2,1280.24
VNINDEX,28/08/2024,1281.44,1281.44,"+0,88 (+0,07%)",658164100,14856.03,59453422,1476563780000,1283.41,1285.72,1276.9
VNINDEX,27/08/2024,1280.56,1280.56,"+0,54 (+0,04%)",589971400,14427.01,70827955,1762920730000,1279.55,1282.92,1274.7
VNINDEX,26/08/2024,1280.02,1280.02,"-5,30 (-0,41%)",692148600,16586.3,83321785,1715568930000,1289.65,1290.45,1278.72
VNINDEX,23/08/2024,1285.32,1285.32,"+2,54 (+0,20%)",635715300,14256.3,89156554,2583012810000,1283.22,1287.43,1276.43
VNINDEX,22/08/2024,1282.78,1282.78,"-1,27 (-0,10%)",612390700,14037.94,74973824,1568743910000,1287.34,1288.42,1280.42
VNINDEX,21/08/2024,1284.05,1284.05,"+11,50 (+0,90%)",715821800,17866.38,120595146,2785082090000,1272.34,1284.05,1268.91
VNINDEX,20/08/2024,1272.55,1272.55,"+10,93 (+0,87%)",772116400,17958.77,38041892,1057490900000,1263.65,1275.95,1263.65
VNINDEX,19/08/2024,1261.62,1261.62,"+9,39 (+0,75%)",609857600,14497.79,88774610,2283469730000,1258.48,1263.84,1256.45
VNINDEX,16/08/2024,1252.23,1252.23,"+28,67 (+2,34%)",917109200,21503.12,47954950,1510819360000,1228.27,1253.24,1227.94
VNINDEX,15/08/2024,1223.56,1223.56,"-6,80 (-0,55%)",432238900,10057.58,64817331,1483735550000,1230.58,1231.69,1222.28
VNINDEX,14/08/2024,1230.36,1230.36,"-0,06 (0,00%)",443207500,10827.66,63970127,2176922330000,1233.7,1236.51,1228.93
VNINDEX,13/08/2024,1230.42,1230.42,"+0,14 (+0,01%)",488354400,11655.91,50762028,1425350860000,1229.81,1231.55,1223.01
VNINDEX,12/08/2024,1230.28,1230.28,"+6,64 (+0,54%)",494612600,12043.81,56538886,1989341350000,1225.95,1231.46,1221.16
VNINDEX,09/08/2024,1223.64,1223.64,"+15,32 (+1,27%)",544377600,12754.39,42381814,1523075960000,1215.3,1225.02,1212.4
VNINDEX,08/08/2024,1208.32,1208.32,"-7,56 (-0,62%)",639434200,13541.46,119398810,3202644930000,1212.09,1219.97,1202.58
VNINDEX,07/08/2024,1215.88,1215.88,"+5,60 (+0,46%)",510188600,11636.62,113656494,2555524990000,1216.96,1217.79,1205.11
VNINDEX,06/08/2024,1210.28,1210.28,"+22,21 (+1,87%)",612793000,13843.04,76043957,2512855470000,1197.52,1213.35,1186.74
VNINDEX,05/08/2024,1188.07,1188.07,"-48,53 (-3,92%)",942540200,21258.95,95552580,2523178710000,1219.23,1220.99,1184.53
VNINDEX,02/08/2024,1236.6,1236.6,"+9,64 (+0,79%)",657669700,15666.88,38993077,720319070000,1215.67,1236.6,1209.77
VNINDEX,01/08/2024,1226.96,1226.96,"-24,55 (-1,96%)",852237400,20272.13,45023800,1124630860000,1254.59,1257.85,1222.51
VNINDEX,30/09/2024,1287.94,1287.94,"-2,98 (-0,23%)",693267200,15114.9,55130679,1173642850000,1290.17,1292.03,1283.92
VNINDEX,27/09/2024,1290.92,1290.92,"-0,57 (-0,04%)",874903600,19296.93,75900802,2265600150000,1295.03,1300.31,1287.21
VNINDEX,26/09/2024,1291.49,1291.49,"+4,01 (+0,31%)",889834500,20126.67,66968750,1676944770000,1290.03,1298.71,1289.15
VNINDEX,25/09/2024,1287.48,1287.48,"+10,49 (+0,82%)",904058400,20584.41,88769130,2207056300000,1282.48,1288.44,1280.47
VNINDEX,24/09/2024,1276.99,1276.99,"+8,51 (+0,67%)",493764800,11584.94,323770317,6332059280000,1268.25,1276.99,1266.68
VNINDEX,23/09/2024,1268.48,1268.48,"-3,56 (-0,28%)",455722900,10452.77,108494495,2447059980000,1275.15,1276.99,1267.87
VNINDEX,20/09/2024,1272.04,1272.04,"+0,77 (+0,06%)",840427500,20059.51,57832495,1761348980000,1277.73,1283.3,1272.04
VNINDEX,19/09/2024,1271.27,1271.27,"+6,37 (+0,50%)",477857400,11990.7,129723149,2294686970000,1268.08,1271.27,1264.82
VNINDEX,18/09/2024,1264.9,1264.9,"+5,95 (+0,47%)",598425800,14801.15,201357735,3745314670000,1261.23,1271.77,1257.93
VNINDEX,17/09/2024,1258.95,1258.95,"+19,69 (+1,59%)",460745200,10527.87,171449332,2999688040000,1240.0,1258.95,1238.69
VNINDEX,16/09/2024,1239.26,1239.26,"-12,45 (-0,99%)",453594700,10549.67,154417744,2935581580000,1251.08,1255.42,1239.26
VNINDEX,13/09/2024,1251.71,1251.71,"-4,64 (-0,37%)",383574300,9160.39,98481636,2013123280000,1253.48,1254.24,1248.78
VNINDEX,12/09/2024,1256.35,1256.35,"+3,08 (+0,25%)",381113000,9287.19,52562900,1183365130000,1258.42,1260.93,1255.87
VNINDEX,11/09/2024,1253.27,1253.27,"-1,96 (-0,16%)",517736700,11259.43,66009772,1584171280000,1254.25,1256.86,1244.79
VNINDEX,10/09/2024,1255.23,1255.23,"-12,50 (-0,99%)",601503900,13935.76,88598253,1664046230000,1269.83,1271.83,1252.22
VNINDEX,09/09/2024,1267.73,1267.73,"-6,23 (-0,49%)",433866000,10288.16,63686945,1404932780000,1269.83,1269.92,1262.97
VNINDEX,06/09/2024,1273.96,1273.96,"+5,75 (+0,45%)",514945000,12216.91,122149418,3264787490000,1268.26,1274.44,1262.94
VNINDEX,05/09/2024,1268.21,1268.21,"-7,59 (-0,59%)",594459100,14821.27,71166886,1764091790000,1276.35,1282.21,1266.05
VNINDEX,04/09/2024,1275.8,1275.8,"-8,07 (-0,63%)",588167700,13759.54,60241643,1959206600000,1271.39,1277.27,1268.43
VNINDEX,31/10/2024,1264.48,1264.48,"+5,85 (+0,46%)",469095100,10971.08,145176068,7082279820000,1260.23,1267.88,1255.55
VNINDEX,30/10/2024,1258.63,1258.63,"-3,15 (-0,25%)",475263400,11175.48,61582800,1524643230000,1263.57,1264.84,1255.07
VNINDEX,29/10/2024,1261.78,1261.78,"+7,01 (+0,56%)",490901600,11648.76,384147111,7171411550000,1258.03,1262.38,1257.43
VNINDEX,28/10/2024,1254.77,1254.77,"+2,05 (+0,16%)",400523500,9219.34,82166340,1643794340000,1252.76,1255.18,1250.94
VNINDEX,25/10/2024,1252.72,1252.72,"-4,69 (-0,37%)",525132900,12428.78,43967986,1355219870000,1260.94,1261.72,1251.75
VNINDEX,24/10/2024,1257.41,1257.41,"-13,49 (-1,06%)",592565400,14082.9,80571640,1897892900000,1271.17,1274.11,1257.41
VNINDEX,23/10/2024,1270.9,1270.9,"+1,01 (+0,08%)",535847500,12862.87,54010741,1188514470000,1270.58,1273.21,1263.26
VNINDEX,22/10/2024,1269.89,1269.89,"-9,88 (-0,77%)",728503100,17540.16,65413600,1550501330000,1280.21,1280.21,1265.44
VNINDEX,21/10/2024,1279.77,1279.77,"-5,69 (-0,44%)",580256800,13495.1,42552208,852111540000,1284.17,1287.71,1279.77
VNINDEX,18/10/2024,1285.46,1285.46,"-1,06 (-0,08%)",607857500,13915.98,81213233,1468843240000,1291.16,1294.1,1285.46
VNINDEX,17/10/2024,1286.52,1286.52,"+7,04 (+0,55%)",617839000,14000.22,67400360,1695635520000,1282.65,1286.52,1271.82
VNINDEX,16/10/2024,1279.48,1279.48,"-1,60 (-0,12%)",482243100,11866.65,54431580,1445905980000,1279.86,1283.33,1276.4
VNINDEX,15/10/2024,1281.08,1281.08,"-5,26 (-0,41%)",675124700,15566.24,36965990,1063214100000,1287.81,1294.05,1279.81
VNINDEX,14/10/2024,1286.34,1286.34,"-2,05 (-0,16%)",670466100,15341.51,125240707,2940664730000,1296.54,1297.67,1286.13
VNINDEX,11/10/2024,1288.39,1288.39,"+2,03 (+0,16%)",479873200,11955.21,51866269,1263567890000,1287.66,1289.37,1283.56
VNINDEX,10/10/2024,1286.36,1286.36,"+4,51 (+0,35%)",665300300,17185.01,54789636,1286401570000,1289.61,1294.33,1284.97
VNINDEX,09/10/2024,1281.85,1281.85,"+9,87 (+0,78%)",643356300,16034.99,33531768,1049799370000,1273.96,1283.01,1273.04
VNINDEX,08/10/2024,1271.98,1271.98,"+2,05 (+0,16%)",650356800,14967.49,28347886,761507210000,1271.98,1275.82,1266.94
VNINDEX,07/10/2024,1269.93,1269.93,"-0,67 (-0,05%)",497177600,10741.11,45407681,1108318030000,1275.59,1278.61,1264.65
VNINDEX,04/10/2024,1270.6,1270.6,"-7,50 (-0,59%)",568802900,12694.73,41268150,1039913950000,1278.9,1279.33,1270.6
VNINDEX,03/10/2024,1278.1,1278.1,"-9,74 (-0,76%)",1009745900,22040.91,33952015,1229429140000,1288.45,1299.36,1276.51
VNINDEX,02/10/2024,1287.84,1287.84,"-4,36 (-0,34%)",677770900,14950.23,93353093,2797209940000,1289.65,1293.69,1285.14
VNINDEX,01/10/2024,1292.2,1292.2,"+4,26 (+0,33%)",922549900,20383.44,59736419,1508552480000,1290.68,1302.22,1290.68
VNINDEX,29/11/2024,1250.46,1250.46,"+8,35 (+0,67%)",427963100,11541.5,74844556,1955939030000,1242.51,1250.92,1241.0
VNINDEX,28/11/2024,1242.11,1242.11,"+0,14 (+0,01%)",414791400,9478.07,62702290,1666428140000,1246.37,1250.46,1240.91
VNINDEX,27/11/2024,1241.97,1241.97,"-0,16 (-0,01%)",366063100,9264.17,62746552,2091793400000,1241.36,1245.34,1239.23
VNINDEX,26/11/2024,1242.13,1242.13,"+7,43 (+0,60%)",503889900,11227.31,71204738,2071603150000,1235.63,1246.83,1235.22
VNINDEX,25/11/2024,1234.7,1234.7,"+6,60 (+0,54%)",409112200,9258.92,88697931,2694842710000,1229.39,1236.57,1229.02
VNINDEX,22/11/2024,1228.1,1228.1,"-0,23 (-0,02%)",453742400,10522.81,80695255,2235163890000,1228.95,1233.42,1226.33
VNINDEX,21/11/2024,1228.33,1228.33,"+11,79 (+0,97%)",427350400,10541.0,54794784,1637899800000,1217.3,1228.55,1214.06
VNINDEX,20/11/2024,1216.54,1216.54,"+11,39 (+0,95%)",649274200,15192.73,118258192,2614289440000,1203.71,1222.73,1197.99
VNINDEX,19/11/2024,1205.15,1205.15,"-11,97 (-0,98%)",437479200,11353.22,74407635,1894880270000,1220.68,1221.4,1205.15
VNINDEX,18/11/2024,1217.12,1217.12,"-1,45 (-0,12%)",555960200,13347.83,90190967,2209092760000,1218.3,1225.38,1204.6
VNINDEX,15/11/2024,1218.57,1218.57,"-13,32 (-1,08%)",668031300,16200.44,82534298,2448507030000,1229.36,1229.59,1217.03
VNINDEX,14/11/2024,1231.89,1231.89,"-14,15 (-1,14%)",555483300,13572.91,137104126,2558760150000,1243.85,1247.07,1231.69
VNINDEX,13/11/2024,1246.04,1246.04,"+1,22 (+0,10%)",587703600,13716.57,72843239,1618787280000,1242.94,1247.04,1234.62
VNINDEX,12/11/2024,1244.82,1244.82,"-5,50 (-0,44%)",516346200,12529.54,84304540,1692634150000,1251.79,1257.02,1242.91
VNINDEX,11/11/2024,1250.32,1250.32,"-2,24 (-0,18%)",712083900,17619.21,84392324,1997571040000,1253.81,1253.87,1241.29
VNINDEX,08/11/2024,1252.56,1252.56,"-7,19 (-0,57%)",503245100,12559.95,52257036,1351324330000,1262.84,1264.09,1250.77
VNINDEX,07/11/2024,1259.75,1259.75,"-1,53 (-0,12%)",470366800,11434.21,28896078,1046679270000,1266.61,1267.09,1259.75
VNINDEX,06/11/2024,1261.28,1261.28,"+15,52 (+1,25%)",502638900,12106.18,64268724,2079350370000,1251.22,1262.44,1250.57
VNINDEX,05/11/2024,1245.76,1245.76,"+1,05 (+0,08%)",332629000,8185.49,83835646,2797283140000,1244.85,1248.97,1243.55
VNINDEX,04/11/2024,1244.71,1244.71,"-10,18 (-0,81%)",588219400,13369.28,121453709,2485016260000,1255.92,1256.96,1242.36
VNINDEX,01/11/2024,1254.89,1254.89,"-9,59 (-0,76%)",537480700,13587.13,43028931,1203250590000,1262.39,1264.67,1254.33
VNINDEX,31/12/2024,1266.78,1266.78,"-5,24 (-0,41%)",407172200,9570.63,73364140,1989652020000,1272.25,1272.46,1266.78
VNINDEX,30/12/2024,1272.02,1272.02,"-3,12 (-0,24%)",452947700,10012.3,74714997,1585136090000,1273.75,1274.15,1268.77
VNINDEX,27/12/2024,1275.14,1275.14,"+2,27 (+0,18%)",590030100,13666.63,80293678,3194573950000,1275.56,1277.89,1272.23
VNINDEX,26/12/2024,1272.87,1272.87,"-1,17 (-0,09%)",502090700,10640.86,93127820,3071153180000,1275.68,1277.17,1271.99
VNINDEX,25/12/2024,1274.04,1274.04,"+13,68 (+1,09%)",724345800,16511.98,86115431,2332058320000,1262.03,1283.09,1261.87
VNINDEX,24/12/2024,1260.36,1260.36,"-2,40 (-0,19%)",520744700,12063.39,122417262,3909118700000,1263.03,1263.05,1253.78
VNINDEX,23/12/2024,1262.76,1262.76,"+5,26 (+0,42%)",384666600,9353.24,110035047,2952484810000,1262.45,1265.2,1261.62
VNINDEX,20/12/2024,1257.5,1257.5,"+2,83 (+0,23%)",447065000,10545.9,121856102,2988321890000,1255.6,1259.0,1253.9
VNINDEX,19/12/2024,1254.67,1254.67,"-11,33 (-0,89%)",662711300,15395.8,116696511,2415369750000,1256.9,1259.76,1249.39
VNINDEX,18/12/2024,1266.0,1266.0,"+4,28 (+0,34%)",391898500,8844.31,139561313,3907193320000,1262.57,1266.53,1261.49
VNINDEX,17/12/2024,1261.72,1261.72,"-2,07 (-0,16%)",358215800,8719.8,144035332,3366376670000,1264.95,1265.45,1260.6
VNINDEX,16/12/2024,1263.79,1263.79,"+1,22 (+0,10%)",385861700,9226.41,153062957,3593508050000,1264.03,1267.1,1258.65
VNINDEX,13/12/2024,1262.57,1262.57,"-4,78 (-0,38%)",395230700,9455.67,83555446,1961682340000,1264.98,1266.55,1260.48
VNINDEX,12/12/2024,1267.35,1267.35,"-1,51 (-0,12%)",487930700,11633.05,66192489,1859281670000,1270.86,1275.64,1265.99
VNINDEX,11/12/2024,1268.86,1268.86,"-3,21 (-0,25%)",501800700,11815.48,125732124,3500199950000,1273.23,1276.67,1264.15
VNINDEX,10/12/2024,1272.07,1272.07,"-1,77 (-0,14%)",499630100,11547.32,131817513,2900114710000,1274.29,1277.32,1270.32
VNINDEX,09/12/2024,1273.84,1273.84,"+3,70 (+0,29%)",584652400,12815.44,176346026,3966373630000,1271.46,1277.69,1268.69
VNINDEX,06/12/2024,1270.14,1270.14,"+2,61 (+0,21%)",599525400,15355.66,95262373,2304102050000,1270.96,1276.1,1268.58
VNINDEX,05/12/2024,1267.53,1267.53,"+27,12 (+2,19%)",839974300,19193.11,68411988,1847967640000,1241.81,1269.18,1238.49
VNINDEX,04/12/2024,1240.41,1240.41,"-9,42 (-0,75%)",505245200,11953.66,69778418,1979458810000,1247.34,1247.78,1239.82
VNINDEX,03/12/2024,1249.83,1249.83,"-1,38 (-0,11%)",477509700,11468.4,195893220,4170846460000,1251.43,1253.83,1244.91
VNINDEX,02/12/2024,1251.21,1251.21,"+0,75 (+0,06%)",388759600,9519.48,108660596,2445636840000,1255.73,1258.05,1247.74
VNINDEX,24/01/2025,1265.05,1265.05,"+5,42 (+0,43%)",495593500,11104.08,40606193,1104957300000,1259.26,1265.38,1258.46
VNINDEX,23/01/2025,1259.63,1259.63,"+17,10 (+1,38%)",495626300,11924.32,46838280,1318975510000,1245.59,1263.59,1244.77
VNINDEX,22/01/2025,1242.53,1242.53,"-3,56 (-0,29%)",400259000,9324.68,108597937,2707287620000,1248.26,1249.14,1242.53
VNINDEX,21/01/2025,1246.09,1246.09,"-3,46 (-0,28%)",379222600,8513.01,116404389,2970413010000,1252.75,1254.17,1243.08
VNINDEX,20/01/2025,1249.55,1249.55,"+0,44 (+0,04%)",356673500,7786.87,84277415,2208171500000,1250.13,1253.02,1247.5
VNINDEX,17/01/2025,1249.11,1249.11,"+6,75 (+0,54%)",356902800,8206.58,76077646,2072166250000,1242.38,1249.11,1239.63
VNINDEX,16/01/2025,1242.36,1242.36,"+6,18 (+0,50%)",401866600,9440.24,98069227,3876924760000,1241.74,1245.4,1235.56
VNINDEX,15/01/2025,1236.18,1236.18,"+7,11 (+0,58%)",392613400,8451.98,74083048,1938963940000,1233.29,1237.46,1231.13
VNINDEX,14/01/2025,1229.07,1229.07,"-6,58 (-0,53%)",322278200,7132.27,52298192,1396443520000,1234.77,1235.54,1226.7
VNINDEX,13/01/2025,1235.65,1235.65,"+5,17 (+0,42%)",434027000,9287.12,85672252,2831972640000,1226.66,1235.65,1220.87
VNINDEX,10/01/2025,1230.48,1230.48,"-15,29 (-1,23%)",474211100,10437.21,25055300,797903680000,1245.6,1247.8,1230.48
VNINDEX,09/01/2025,1245.77,1245.77,"-5,25 (-0,42%)",290493600,6617.68,45839268,896925440000,1250.56,1253.26,1242.9
VNINDEX,08/01/2025,1251.02,1251.02,"+2,24 (+0,18%)",367537100,8500.56,78213475,1705560690000,1246.16,1251.02,1239.67
VNINDEX,07/01/2025,1248.78,1248.78,"+2,43 (+0,19%)",506059500,11754.85,53995384,1434076270000,1249.19,1251.28,1248.11
VNINDEX,06/01/2025,1246.35,1246.35,"-8,24 (-0,66%)",515113100,12168.04,50037132,1530236390000,1254.79,1260.37,1244.87
VNINDEX,03/01/2025,1254.59,1254.59,"-15,12 (-1,19%)",504666900,12022.89,55801500,1727081740000,1268.74,1269.01,1254.59
VNINDEX,02/01/2025,1269.71,1269.71,"+2,93 (+0,23%)",371662600,8804.67,56473118,1947409550000,1268.96,1271.13,1263.25
VNINDEX,28/02/2025,1305.36,1305.36,"-2,44 (-0,19%)",752261600,16860.93,62548999,1801016990000,1307.14,1308.77,1300.66
VNINDEX,27/02/2025,1307.8,1307.8,"+4,84 (+0,37%)",846430300,17754.17,46548400,979851660000,1307.31,1307.87,1296.43
VNINDEX,26/02/2025,1302.96,1302.96,"-0,20 (-0,02%)",710467500,15537.83,47799915,1139153310000,1305.16,1306.49,1301.2
VNINDEX,25/02/2025,1303.16,1303.16,"-1,40 (-0,11%)",827899600,18131.24,57881726,1437146000000,1306.86,1309.97,1298.54
VNINDEX,24/02/2025,1304.56,1304.56,"+7,81 (+0,60%)",807663000,18549.61,84694206,2547673120000,1298.29,1304.56,1294.69
VNINDEX,21/02/2025,1296.75,1296.75,"+3,77 (+0,29%)",667595300,14469.83,72938354,1467054950000,1293.63,1296.75,1290.98
VNINDEX,20/02/2025,1292.98,1292.98,"+4,42 (+0,34%)",713812400,14991.8,56941000,1301722110000,1292.94,1295.82,1290.84
VNINDEX,19/02/2025,1288.56,1288.56,"+10,42 (+0,82%)",736575500,15354.36,77984500,2142044920000,1280.6,1288.56,1278.92
VNINDEX,18/02/2025,1278.14,1278.14,"+5,42 (+0,43%)",630728100,12810.74,76058211,1454387180000,1274.05,1283.34,1272.19
VNINDEX,17/02/2025,1272.72,1272.72,"-3,36 (-0,26%)",739384500,15414.73,113400591,2252111480000,1277.12,1278.49,1272.72
VNINDEX,14/02/2025,1276.08,1276.08,"+5,73 (+0,45%)",612731000,13916.73,37759757,943205590000,1277.52,1280.6,1274.0
VNINDEX,13/02/2025,1270.35,1270.35,"+3,44 (+0,27%)",471455600,10841.43,40566862,899829310000,1267.25,1270.67,1263.85
VNINDEX,12/02/2025,1266.91,1266.91,"-1,54 (-0,12%)",461579300,10141.0,44579389,1158860350000,1270.83,1272.86,1266.59
VNINDEX,11/02/2025,1268.45,1268.45,"+5,19 (+0,41%)",571767200,12731.66,56951750,1478853400000,1265.44,1268.45,1263.11
VNINDEX,10/02/2025,1263.26,1263.26,"-11,94 (-0,94%)",722097700,17271.47,72839860,1606741800000,1272.27,1274.47,1263.26
VNINDEX,07/02/2025,1275.2,1275.2,"+3,72 (+0,29%)",549313500,12549.45,69734995,2143896850000,1271.98,1279.35,1269.11
VNINDEX,06/02/2025,1271.48,1271.48,"+1,87 (+0,15%)",537101800,11943.44,31589744,978109750000,1273.58,1275.47,1268.28
VNINDEX,05/02/2025,1269.61,1269.61,"+4,93 (+0,39%)",533635600,11917.47,53663102,1426117790000,1268.43,1271.8,1266.18
VNINDEX,04/02/2025,1264.68,1264.68,"-0,37 (-0,03%)",584557300,13052.05,75782092,2273324560000,1256.91,1264.68,1255.44
VNINDEX,31/03/2025,1306.86,1306.86,"-10,60 (-0,80%)",753148300,17545.12,114664134,3660519100000,1313.51,1314.09,1304.1
VNINDEX,28/03/2025,1317.46,1317.46,"-6,35 (-0,48%)",636613400,14341.71,103038636,2742441050000,1324.42,1325.34,1315.72
VNINDEX,27/03/2025,1323.81,1323.81,"-2,28 (-0,17%)",564278800,12739.61,108046249,3343538140000,1325.98,1328.82,1323.01
VNINDEX,26/03/2025,1326.09,1326.09,"-5,83 (-0,44%)",734831200,16584.86,99800360,2204185170000,1333.33,1338.55,1323.69
VNINDEX,25/03/2025,1331.92,1331.92,"+1,60 (+0,12%)",825911400,17419.78,192012819,4977180730000,1335.29,1337.6,1329.81
VNINDEX,24/03/2025,1330.32,1330.32,"+8,44 (+0,64%)",794985200,17155.77,131636980,2427900950000,1322.9,1330.32,1316.73
VNINDEX,21/03/2025,1321.88,1321.88,"-2,05 (-0,15%)",714332100,15010.31,91045419,1950411590000,1324.0,1325.22,1320.67
VNINDEX,20/03/2025,1323.93,1323.93,"-0,70 (-0,05%)",821245400,17843.36,97687578,1831262750000,1326.8,1332.41,1316.11
VNINDEX,19/03/2025,1324.63,1324.63,"-6,34 (-0,48%)",835603500,20239.25,113730100,3216192370000,1330.4,1330.7,1320.85
VNINDEX,18/03/2025,1330.97,1330.97,"-5,29 (-0,40%)",810147700,17356.92,93223031,2340960250000,1340.16,1341.65,1330.97
VNINDEX,17/03/2025,1336.26,1336.26,"+10,11 (+0,76%)",837533300,18017.79,133783043,2657120790000,1330.62,1336.26,1329.05
VNINDEX,14/03/2025,1326.15,1326.15,"-0,12 (-0,01%)",940130200,21318.59,82872300,1724982700000,1325.84,1333.32,1324.3
VNINDEX,13/03/2025,1326.27,1326.27,"-8,14 (-0,61%)",997593300,23117.0,71128734,1378122140000,1335.66,1340.91,1324.87
VNINDEX,12/03/2025,1334.41,1334.41,"+1,87 (+0,14%)",851270200,19548.74,90782537,2388503910000,1337.87,1342.91,1331.75
VNINDEX,11/03/2025,1332.54,1332.54,"+2,26 (+0,17%)",847458500,18990.11,85877088,2398213970000,1319.17,1332.54,1315.92
VNINDEX,10/03/2025,1330.28,1330.28,"+4,23 (+0,32%)",856954000,19898.29,165577601,2877043260000,1331.6,1335.87,1326.51
VNINDEX,07/03/2025,1326.05,1326.05,"+7,83 (+0,59%)",892234400,19535.51,65288514,1259291000000,1320.1,1327.07,1318.71
VNINDEX,06/03/2025,1318.22,1318.22,"+13,51 (+1,04%)",983991300,20641.72,80503852,1823979250000,1308.02,1318.22,1307.91
VNINDEX,05/03/2025,1304.71,1304.71,"-7,20 (-0,55%)",770489000,17353.08,209439986,4862617400000,1312.84,1319.52,1304.71
VNINDEX,04/03/2025,1311.91,1311.91,"+2,54 (+0,19%)",935915000,20071.66,123817318,3120488220000,1306.82,1313.21,1298.28
VNINDEX,03/03/2025,1309.37,1309.37,"+4,01 (+0,31%)",801877900,17043.56,174198911,4087616560000,1306.97,1309.77,1304.3
VNINDEX,29/04/2025,1226.3,1226.3,"-0,50 (-0,04%)",561661100,12139.41,114296646,3394824760000,1227.25,1229.1,1222.3
VNINDEX,28/04/2025,1226.8,1226.8,"-2,43 (-0,20%)",576313200,12280.97,103475932,1872027990000,1234.3,1234.3,1222.56
VNINDEX,25/04/2025,1229.23,1229.23,"+5,88 (+0,48%)",787290000,18375.97,75728704,1974412900000,1227.16,1230.72,1220.67
VNINDEX,24/04/2025,1223.35,1223.35,"+12,35 (+1,02%)",741456000,16285.7,57183130,1376808560000,1214.78,1224.66,1210.37
VNINDEX,23/04/2025,1211.0,1211.0,"+13,87 (+1,16%)",786549800,17151.11,68658325,1845756590000,1215.65,1216.28,1202.27
VNINDEX,22/04/2025,1197.13,1197.13,"-9,94 (-0,82%)",1615665600,31777.38,86537985,2341591120000,1201.38,1203.82,1136.98
VNINDEX,21/04/2025,1207.07,1207.07,"-12,05 (-0,99%)",819133100,17396.07,61729650,1244955820000,1220.38,1222.77,1201.63
VNINDEX,18/04/2025,1219.12,1219.12,"+1,87 (+0,15%)",1039406300,20874.74,27794981,692492790000,1228.37,1234.67,1219.12
VNINDEX,17/04/2025,1217.25,1217.25,"+6,95 (+0,57%)",697596200,15731.95,110122647,5882464340000,1201.63,1217.25,1197.5
VNINDEX,16/04/2025,1210.3,1210.3,"-17,49 (-1,42%)",762327900,18026.4,56603424,1438674320000,1225.29,1233.84,1205.93
VNINDEX,15/04/2025,1227.79,1227.79,"-13,65 (-1,10%)",1004326400,22762.02,65646192,1454199160000,1233.2,1246.21,1221.75
VNINDEX,14/04/2025,1241.44,1241.44,"+18,98 (+1,55%)",983147400,22327.23,57649310,1894310880000,1235.01,1242.94,1226.06
VNINDEX,11/04/2025,1222.46,1222.46,"+54,12 (+4,63%)",1697947900,37326.72,36958306,834582330000,1198.25,1222.46,1180.59
VNINDEX,10/04/2025,1168.34,1168.34,"+74,04 (+6,77%)",280341400,4659.43,89614658,1646498890000,1166.09,1168.4,1165.86
VNINDEX,09/04/2025,1094.3,1094.3,"-38,49 (-3,40%)",1518649100,30328.5,83850276,2073548140000,1073.61,1141.35,1073.61
VNINDEX,08/04/2025,1132.79,1132.79,"-77,88 (-6,43%)",1055799900,22841.85,108542948,2461747750000,1173.14,1174.4,1130.98
VNINDEX,04/04/2025,1210.67,1210.67,"-19,17 (-1,56%)",1873634000,39539.16,111388240,2671480140000,1159.33,1210.67,1158.17
VNINDEX,03/04/2025,1229.84,1229.84,"-87,99 (-6,68%)",1716858800,38322.66,46218600,1307490420000,1272.87,1277.9,1229.41
VNINDEX,02/04/2025,1317.83,1317.83,"+0,50 (+0,04%)",709130200,15718.25,140177634,3578458090000,1321.53,1324.46,1317.68
VNINDEX,01/04/2025,1317.33,1317.33,"+10,47 (+0,80%)",550212000,13586.72,69821587,1438920440000,1313.03,1317.46,1308.06
VNINDEX,30/05/2025,1332.6,1332.6,"-9,26 (-0,69%)",961366200,20859.34,74304433,1537522750000,1343.32,1344.32,1328.74
VNINDEX,29/05/2025,1341.86,1341.86,"-0,01 (0,00%)",922074200,20229.29,31620022,788550640000,1346.54,1348.31,1335.62
VNINDEX,28/05/2025,1341.87,1341.87,"+2,06 (+0,15%)",933590900,20934.62,65913921,1536642850000,1344.08,1348.05,1337.18
VNINDEX,27/05/2025,1339.81,1339.81,"+7,30 (+0,55%)",1087996400,23686.92,68699446,1434915190000,1338.09,1339.84,1329.6
VNINDEX,26/05/2025,1332.51,1332.51,"+18,05 (+1,37%)",995694500,21402.01,68605840,1836687100000,1317.01,1332.6,1288.86
VNINDEX,23/05/2025,1314.46,1314.46,"+0,62 (+0,05%)",670601900,15064.73,76924840,1888846130000,1313.93,1320.07,1308.62
VNINDEX,22/05/2025,1313.84,1313.84,"-9,21 (-0,70%)",1175703300,25116.98,39147573,1379119500000,1319.97,1331.93,1312.82
VNINDEX,21/05/2025,1323.05,1323.05,"+7,90 (+0,60%)",1054310500,23620.41,75470979,2010498360000,1329.83,1331.6,1313.13
VNINDEX,20/05/2025,1315.15,1315.15,"+18,86 (+1,45%)",917183900,20398.24,95695193,2786153910000,1298.62,1316.67,1298.62
VNINDEX,19/05/2025,1296.29,1296.29,"-5,10 (-0,39%)",888012900,19763.22,79765972,2763822440000,1293.61,1306.2,1291.66
VNINDEX,16/05/2025,1301.39,1301.39,"-11,81 (-0,90%)",891476200,19310.85,56784438,1511930730000,1314.25,1316.53,1299.1
VNINDEX,15/05/2025,1313.2,1313.2,"+3,47 (+0,26%)",1113717600,24553.23,69718850,1422138480000,1314.19,1316.54,1301.61
VNINDEX,14/05/2025,1309.73,1309.73,"+16,30 (+1,26%)",982402600,22865.38,157097104,4542216150000,1295.3,1312.1,1294.66
VNINDEX,13/05/2025,1293.43,1293.43,"+10,17 (+0,79%)",947202300,21787.29,68712694,2179764160000,1292.75,1294.06,1285.53
VNINDEX,12/05/2025,1283.26,1283.26,"+15,96 (+1,26%)",897833900,19781.15,71010477,1931573720000,1272.66,1283.86,1267.7
VNINDEX,09/05/2025,1267.3,1267.3,"-2,50 (-0,20%)",732307300,15920.53,62414586,1461808820000,1274.5,1275.47,1264.87
VNINDEX,08/05/2025,1269.8,1269.8,"+19,43 (+1,55%)",828921500,18232.94,27515061,967354740000,1255.34,1253.31,1240.67
VNINDEX,07/05/2025,1250.37,1250.37,"+8,42 (+0,68%)",730692600,15484.95,65881558,1760011270000,1241.1,1250.79,1240.67
VNINDEX,06/05/2025,1241.95,1241.95,"+1,90 (+0,15%)",775870600,16109.86,58030035,1803656420000,1244.3,1251.02,1240.75
VNINDEX,05/05/2025,1240.05,1240.05,"+13,75 (+1,12%)",595062500,13186.98,43853500,1205630440000,1233.97,1241.51,1228.5
VNINDEX,30/06/2025,1376.07,1376.07,"+4,63 (+0,34%)",679430900,16505.78,56328412,2408659680000,1375.76,1377.3,1372.03
VNINDEX,27/06/2025,1371.44,1371.44,"+5,77 (+0,42%)",733409500,17485.63,44655870,1559520700000,1369.13,1373.28,1362.09
VNINDEX,26/06/2025,1365.67,1365.67,"-1,08 (-0,08%)",648547700,15004.59,167232039,4228200060000,1368.73,1370.61,1360.78
VNINDEX,25/06/2025,1366.75,1366.75,"-0,02 (0,00%)",790343400,18369.91,113217071,3328161530000,1369.05,1371.57,1365.47
VNINDEX,24/06/2025,1366.77,1366.77,"+8,59 (+0,63%)",936031000,22282.58,89794401,3415292570000,1365.69,1371.24,1362.05
VNINDEX,23/06/2025,1358.18,1358.18,"+8,83 (+0,65%)",780793400,18279.27,120398754,3547132290000,1345.24,1358.43,1338.49
VNINDEX,20/06/2025,1349.35,1349.35,"-2,69 (-0,20%)",833901600,20252.89,74904241,2097373860000,1354.69,1356.78,1347.36
VNINDEX,19/06/2025,1352.04,1352.04,"+5,21 (+0,39%)",690359900,16284.21,142317829,2512361070000,1346.33,1353.96,1342.08
VNINDEX,18/06/2025,1346.83,1346.83,"-0,86 (-0,06%)",816679400,18621.85,83714958,1747492670000,1350.17,1353.99,1341.64
VNINDEX,17/06/2025,1347.69,1347.69,"+9,58 (+0,72%)",808478500,18269.86,101576948,2723136930000,1343.7,1353.01,1339.39
VNINDEX,16/06/2025,1338.11,1338.11,"+22,62 (+1,72%)",831015000,19355.41,74012269,1784413120000,1314.05,1338.72,1313.4
VNINDEX,13/06/2025,1315.49,1315.49,"-7,50 (-0,57%)",1220129900,26108.33,48674847,1162205730000,1313.08,1321.0,1304.12
VNINDEX,12/06/2025,1322.99,1322.99,"+7,79 (+0,59%)",868072500,18831.98,50683837,1038099770000,1321.25,1326.03,1316.8
VNINDEX,11/06/2025,1315.2,1315.2,"-1,03 (-0,08%)",572876400,13050.69,68897115,1562355350000,1322.07,1322.07,1306.18
VNINDEX,10/06/2025,1316.23,1316.23,"+5,66 (+0,43%)",747092000,17055.19,81662610,1429175900000,1307.74,1323.61,1307.74
VNINDEX,09/06/2025,1310.57,1310.57,"-19,32 (-1,45%)",753012900,16420.12,74784954,1432817310000,1329.66,1331.56,1310.57
VNINDEX,06/06/2025,1329.89,1329.89,"-12,20 (-0,91%)",952662100,20372.69,104496772,3703104040000,1339.13,1341.78,1329.67
VNINDEX,05/06/2025,1342.09,1342.09,"-3,65 (-0,27%)",791942600,17343.88,62526073,1854618820000,1346.33,1347.14,1336.11
VNINDEX,04/06/2025,1345.74,1345.74,"-1,51 (-0,11%)",989968900,20933.09,92578691,2584269320000,1350.52,1351.14,1341.53
VNINDEX,03/06/2025,1347.25,1347.25,"+10,95 (+0,82%)",1072315600,22973.64,121779793,2782074930000,1341.31,1350.89,1339.56
VNINDEX,02/06/2025,1336.3,1336.3,"+3,70 (+0,28%)",904459900,18676.09,103004766,2221532650000,1330.71,1336.77,1322.95
VNINDEX,31/07/2025,1502.52,1502.52,"-5,11 (-0,34%)",1722965900,41963.22,45626241,1562625200000,1521.96,1522.39,1488.3
VNINDEX,30/07/2025,1507.63,1507.63,"+14,22 (+0,95%)",1709273500,41376.04,52227518,1359197370000,1502.26,1512.15,1482.45
VNINDEX,29/07/2025,1493.41,1493.41,"-64,01 (-4,11%)",2744342600,67661.15,149090683,4295707010000,1562.6,1564.92,1489.93
VNINDEX,28/07/2025,1557.42,1557.42,"+26,29 (+1,72%)",1852459400,44429.42,66299210,2413159600000,1541.87,1558.12,1538.72
VNINDEX,25/07/2025,1531.13,1531.13,"+10,11 (+0,66%)",1458409200,35999.03,49251985,1503067040000,1521.56,1534.51,1521.52
VNINDEX,24/07/2025,1521.02,1521.02,"+8,71 (+0,58%)",1482652900,34289.71,89187606,2761797940000,1520.25,1525.32,1502.82
VNINDEX,23/07/2025,1512.31,1512.31,"+2,77 (+0,18%)",1509368300,36296.39,62715276,1996877740000,1519.58,1523.37,1507.14
VNINDEX,22/07/2025,1509.54,1509.54,"+24,49 (+1,65%)",1288439700,30579.72,62739956,3319567080000,1484.15,1509.67,1476.61
VNINDEX,21/07/2025,1485.05,1485.05,"-12,23 (-0,82%)",1465463600,32966.38,85985991,2623865440000,1508.6,1511.96,1485.05
VNINDEX,18/07/2025,1497.28,1497.28,"+7,27 (+0,49%)",1538434500,34949.81,34146295,1138897870000,1497.53,1501.2,1484.29
VNINDEX,17/07/2025,1490.01,1490.01,"+22,82 (+1,56%)",1496763600,34414.7,44422869,1471617280000,1481.79,1494.36,1481.44
VNINDEX,16/07/2025,1467.19,1467.19,"+6,54 (+0,45%)",1284084600,27614.63,135997058,5383770140000,1459.87,1467.52,1457.31
VNINDEX,15/07/2025,1460.65,1460.65,"-9,77 (-0,66%)",1395724200,32263.86,83873568,2568880610000,1473.8,1476.32,1460.49
VNINDEX,14/07/2025,1470.42,1470.42,"+12,66 (+0,87%)",1342827200,29339.14,92796541,2294044770000,1471.4,1473.93,1447.72
VNINDEX,11/07/2025,1457.76,1457.76,"+12,12 (+0,84%)",1302994700,30942.74,42597600,1206725370000,1451.12,1463.91,1448.29
VNINDEX,10/07/2025,1445.64,1445.64,"+14,32 (+1,00%)",1132542400,26309.17,56606249,1417391290000,1437.18,1446.16,1434.06
VNINDEX,09/07/2025,1431.32,1431.32,"+15,86 (+1,12%)",1526744600,33710.32,69573700,1972969680000,1421.12,1432.29,1420.26
VNINDEX,08/07/2025,1415.46,1415.46,"+13,40 (+0,96%)",1238737500,26726.2,45563049,1715106310000,1406.8,1415.76,1403.36
VNINDEX,07/07/2025,1402.06,1402.06,"+15,09 (+1,09%)",1300200100,26394.03,68883600,1988739770000,1393.34,1402.45,1393.24
VNINDEX,04/07/2025,1386.97,1386.97,"+5,01 (+0,36%)",890148700,19950.38,47878059,1183645700000,1385.19,1388.04,1379.4
VNINDEX,03/07/2025,1381.96,1381.96,"-2,63 (-0,19%)",1393887700,30508.56,93117663,2642495520000,1381.64,1392.39,1377.06
VNINDEX,02/07/2025,1384.59,1384.59,"+6,75 (+0,49%)",898309400,20225.95,87714721,2319795590000,1377.26,1384.82,1375.26
VNINDEX,01/07/2025,1377.84,1377.84,"+1,77 (+0,13%)",779920400,17876.48,90106824,3200910790000,1378.14,1382.16,1369.74
VNINDEX,29/08/2025,1682.21,1682.21,"+1,35 (+0,08%)",1532188700,43441.73,62217395,1799096610000,1690.11,1694.42,1678.57
VNINDEX,28/08/2025,1680.86,1680.86,"+8,08 (+0,48%)",1156693000,32102.81,92609457,2490853930000,1679.33,1684.16,1659.68
VNINDEX,27/08/2025,1673.0,1673.0,"+5,37 (+0,32%)",1556991200,44767.1,85373655,2853740150000,1678.54,1696.6,1667.63
VNINDEX,26/08/2025,1667.63,1667.63,"+53,60 (+3,32%)",1299449100,34873.7,210633761,4718563080000,1611.61,1667.96,1603.73
VNINDEX,25/08/2025,1614.03,1614.03,"-31,44 (-1,91%)",1521468800,40280.38,76161235,2205671900000,1659.7,1660.49,1608.53
VNINDEX,22/08/2025,1645.47,1645.47,"-42,53 (-2,52%)",2340550500,61049.02,61259563,1669040010000,1680.42,1689.3,1629.49
VNINDEX,21/08/2025,1688.0,1688.0,"+23,64 (+1,42%)",1714515100,49057.91,81208162,2766843320000,1674.76,1693.68,1664.36
VNINDEX,20/08/2025,1664.36,1664.36,"+10,16 (+0,61%)",2374143500,64555.61,130809899,3794608030000,1662.11,1665.54,1614.6
VNINDEX,19/08/2025,1654.2,1654.2,"+17,83 (+1,09%)",1868022500,50004.78,144061055,4703532820000,1646.73,1665.48,1636.37
VNINDEX,18/08/2025,1636.37,1636.37,"-2,00 (-0,12%)",1586472600,42962.16,98952316,2421322760000,1638.37,1642.71,1625.61
VNINDEX,15/08/2025,1630.0,1630.0,"-10,69 (-0,65%)",2103515900,57681.25,65638745,2183586560000,1658.24,1665.97,1622.98
VNINDEX,14/08/2025,1640.69,1640.69,"+29,09 (+1,81%)",1848530200,51040.33,68033450,2155816550000,1623.18,1641.28,1611.6
VNINDEX,13/08/2025,1611.6,1611.6,"+3,38 (+0,21%)",1988610900,53697.91,91140471,2605265230000,1615.57,1616.99,1585.54
VNINDEX,12/08/2025,1608.22,1608.22,"+7,81 (+0,49%)",1655854500,43933.21,63633421,1669220130000,1603.5,1608.23,1591.18
VNINDEX,11/08/2025,1600.41,1600.41,"+15,46 (+0,98%)",1671390800,44503.67,39024767,944568590000,1590.98,1601.79,1586.21
VNINDEX,08/08/2025,1584.95,1584.95,"+3,14 (+0,20%)",1903644500,48107.97,44268039,1268212170000,1589.58,1589.58,1565.45
VNINDEX,07/08/2025,1581.81,1581.81,"+8,10 (+0,51%)",1678783800,41712.36,92563149,2750244080000,1587.84,1587.84,1567.72
VNINDEX,06/08/2025,1573.71,1573.71,"+26,56 (+1,72%)",1402150100,37193.87,42273182,1978723710000,1558.56,1573.71,1551.6
VNINDEX,05/08/2025,1547.15,1547.15,"+18,96 (+1,24%)",2823674400,73124.38,110224819,5359908130000,1547.19,1584.98,1519.08
VNINDEX,04/08/2025,1528.19,1528.19,"+20,56 (+1,36%)",1282015800,31017.81,146921620,11719396180000,1493.37,1528.37,1491.11
VNINDEX,01/08/2025,1507.63,1507.63,"+14,22 (+0,95%)",1438755800,36658.15,69331404,2634825250000,1502.26,1512.15,1482.45
VNINDEX,30/09/2025,1661.7,1661.7,"-4,78 (-0,29%)",1111712300,29337.11,96048349,3072766440000,1667.86,1676.8,1645.97
VNINDEX,29/09/2025,1666.48,1666.48,"+5,78 (+0,35%)",844672200,23461.67,124272836,3684955330000,1659.33,1674.84,1655.03
VNINDEX,26/09/2025,1660.7,1660.7,"-5,39 (-0,32%)",934559700,24937.66,64610200,2105818090000,1666.68,1671.43,1657.94
VNINDEX,25/09/2025,1666.09,1666.09,"+8,63 (+0,52%)",948519100,25059.18,80678684,2852676190000,1661.08,1668.21,1654.47
VNINDEX,24/09/2025,1657.46,1657.46,"+22,20 (+1,36%)",986625900,25161.33,55779991,2094055030000,1635.36,1657.46,1619.09
VNINDEX,23/09/2025,1635.26,1635.26,"+0,81 (+0,05%)",712274300,18712.54,140095768,4640809600000,1635.12,1643.59,1627.58
VNINDEX,22/09/2025,1634.45,1634.45,"-24,17 (-1,46%)",1197739500,33661.47,75089825,2288583340000,1656.66,1659.13,1616.02
VNINDEX,19/09/2025,1658.62,1658.62,"-6,56 (-0,39%)",913867700,27398.62,64023080,1898738100000,1671.24,1671.77,1641.19
VNINDEX,18/09/2025,1665.18,1665.18,"-5,79 (-0,35%)",928464500,25598.84,51365053,2366367070000,1675.85,1679.63,1654.32
VNINDEX,17/09/2025,1670.97,1670.97,"-9,93 (-0,59%)",1049373300,29686.53,104590601,2971900370000,1678.26,1684.62,1670.97
VNINDEX,16/09/2025,1680.9,1680.9,"-4,00 (-0,24%)",1319212900,37947.01,98490877,3577838320000,1696.87,1696.87,1677.03
VNINDEX,15/09/2025,1684.9,1684.9,"+17,64 (+1,06%)",1181358200,34415.26,120600530,3382561280000,1672.59,1684.9,1668.09
VNINDEX,12/09/2025,1667.26,1667.26,"+9,51 (+0,57%)",1084202800,30542.77,115587821,3850784260000,1662.02,1670.62,1653.79
VNINDEX,11/09/2025,1657.75,1657.75,"+14,49 (+0,88%)",1269787700,34934.11,75193275,1996759840000,1638.75,1659.19,1605.76
VNINDEX,10/09/2025,1643.26,1643.26,"+5,94 (+0,36%)",883674000,24704.25,177690931,5289998870000,1646.41,1646.49,1629.29
VNINDEX,09/09/2025,1637.32,1637.32,"+12,79 (+0,79%)",1071755400,28704.45,117059074,3126316460000,1629.58,1637.39,1613.01
VNINDEX,08/09/2025,1624.53,1624.53,"-42,44 (-2,55%)",1848629200,49427.43,135448397,3977750210000,1660.91,1667.36,1624.53
VNINDEX,05/09/2025,1666.97,1666.97,"-29,32 (-1,73%)",1728400600,47712.79,47530984,1595505440000,1705.13,1711.49,1666.97
VNINDEX,04/09/2025,1696.29,1696.29,"+14,99 (+0,89%)",1390643700,37904.64,86033799,2313975910000,1687.59,1696.34,1675.95
VNINDEX,03/09/2025,1681.3,1681.3,"-0,91 (-0,05%)",1312386500,35830.04,65559354,1794632850000,1682.11,1685.73,1670.39
VNINDEX,31/10/2025,1639.65,1639.65,"-29,92 (-1,79%)",814596600,24801.05,68542822,2942940020000,1669.61,1669.61,1626.86
VNINDEX,30/10/2025,1669.57,1669.57,"-16,26 (-0,96%)",804089700,22711.05,33864800,1211725140000,1688.83,1690.69,1661.48
VNINDEX,29/10/2025,1685.83,1685.83,"+5,33 (+0,32%)",864490400,23575.44,75307780,2275079410000,1685.9,1695.99,1672.0
VNINDEX,28/10/2025,1680.5,1680.5,"+27,96 (+1,69%)",924013400,27760.9,57943842,2015734330000,1647.73,1680.5,1621.52
VNINDEX,27/10/2025,1652.54,1652.54,"-30,64 (-1,82%)",947925600,27933.32,67183289,2939788160000,1696.45,1697.16,1652.54
VNINDEX,24/10/2025,1683.18,1683.18,"-3,88 (-0,23%)",961211500,28848.53,36718650,1150734700000,1684.88,1691.69,1660.32
VNINDEX,23/10/2025,1687.06,1687.06,"+8,56 (+0,51%)",743429400,22890.37,54482779,1815231560000,1680.73,1698.01,1669.78
VNINDEX,22/10/2025,1678.5,1678.5,"+15,07 (+0,91%)",955184200,27957.42,86206174,4302902600000,1678.82,1678.82,1628.37
VNINDEX,21/10/2025,1663.43,1663.43,"+27,00 (+1,65%)",1621883900,46680.67,53870650,2313341590000,1640.8,1677.11,1622.37
VNINDEX,20/10/2025,1636.43,1636.43,"-94,76 (-5,47%)",1702945200,50789.87,71459991,2735495420000,1723.59,1727.11,1636.43
VNINDEX,17/10/2025,1731.19,1731.19,"-35,66 (-2,02%)",1280333000,40272.63,52601307,2036696170000,1773.17,1773.17,1725.1
VNINDEX,16/10/2025,1766.85,1766.85,"+8,90 (+0,51%)",1148794000,35107.29,94900171,5397936280000,1764.51,1768.51,1753.5
VNINDEX,15/10/2025,1757.95,1757.95,"-3,11 (-0,18%)",1157457100,35584.08,79437293,2510480170000,1766.12,1773.73,1754.89
VNINDEX,14/10/2025,1761.06,1761.06,"-4,06 (-0,23%)",1569005100,49180.57,71198487,3514452800000,1782.97,1794.58,1753.25
VNINDEX,13/10/2025,1765.12,1765.12,"+17,57 (+1,01%)",1295266300,38716.13,105095320,5989917240000,1738.23,1766.77,1736.03
VNINDEX,10/10/2025,1747.55,1747.55,"+31,08 (+1,81%)",1053875500,32200.11,77133053,1963370690000,1725.27,1747.61,1721.76
VNINDEX,09/10/2025,1716.47,1716.47,"+18,64 (+1,10%)",1100903600,31950.71,59520900,2641767250000,1702.76,1717.65,1699.17
VNINDEX,08/10/2025,1697.83,1697.83,"+12,53 (+0,74%)",1073470600,31460.98,51156263,1905691480000,1701.06,1704.42,1680.87
VNINDEX,07/10/2025,1685.3,1685.3,"-10,20 (-0,60%)",851125700,23099.36,82696014,2724719070000,1703.9,1703.9,1685.3
VNINDEX,06/10/2025,1695.5,1695.5,"+49,68 (+3,02%)",1060007800,29701.2,82183244,2727277000000,1673.16,1695.5,1664.17
VNINDEX,03/10/2025,1645.82,1645.82,"-6,89 (-0,42%)",871224900,23271.62,46830386,1453965940000,1652.39,1654.6,1638.6
VNINDEX,02/10/2025,1652.71,1652.71,"-12,34 (-0,74%)",785855000,20975.26,45817411,1834553900000,1668.04,1679.73,1646.82
VNINDEX,01/10/2025,1665.05,1665.05,"+3,35 (+0,20%)",719764000,19966.01,55805693,1686642460000,1664.95,1671.07,1658.81
VNINDEX,28/11/2025,1690.99,1690.99,"+6,67 (+0,40%)",684314300,18494.24,90220344,5356743020000,1683.77,1696.14,1679.12
VNINDEX,27/11/2025,1684.32,1684.32,"+3,96 (+0,24%)",642513100,17683.27,115724507,3650965070000,1686.03,1695.34,1681.08
VNINDEX,26/11/2025,1680.36,1680.36,"+20,00 (+1,20%)",728592300,20130.9,112261855,4868333680000,1667.31,1682.17,1663.99
VNINDEX,25/11/2025,1660.36,1660.36,"-7,62 (-0,46%)",821346900,22033.5,134619655,5041630010000,1670.08,1660.36,1655.73
VNINDEX,24/11/2025,1667.98,1667.98,"+13,05 (+0,79%)",573052400,15519.27,54340065,1942053430000,1656.19,1674.29,1656.01
VNINDEX,21/11/2025,1654.93,1654.93,"-1,06 (-0,06%)",708943700,18329.16,64528550,1848886590000,1646.36,1656.84,1635.1
VNINDEX,20/11/2025,1655.99,1655.99,"+6,99 (+0,42%)",626713100,16834.74,88623686,2900042760000,1652.05,1660.55,1647.79
VNINDEX,19/11/2025,1649.0,1649.0,"-10,92 (-0,66%)",786311300,20710.94,108913576,3689893270000,1659.25,1661.51,1643.04
VNINDEX,18/11/2025,1659.92,1659.92,"+5,50 (+0,33%)",743865500,20189.83,67643138,2538066890000,1657.43,1660.41,1647.64
VNINDEX,17/11/2025,1654.42,1654.42,"+18,96 (+1,16%)",712205000,18801.84,105415259,2820721530000,1640.47,1654.68,1640.47
VNINDEX,14/11/2025,1635.46,1635.46,"+4,02 (+0,25%)",700109300,18270.11,54148691,2654598640000,1627.45,1638.35,1623.03
VNINDEX,13/11/2025,1631.44,1631.44,"-0,42 (-0,03%)",670948400,19604.97,70085364,2212238330000,1632.64,1638.98,1625.94
VNINDEX,12/11/2025,1631.86,1631.86,"+38,25 (+2,40%)",720795200,19479.17,75419238,2732260110000,1597.73,1631.86,1596.43
VNINDEX,11/11/2025,1593.61,1593.61,"+13,07 (+0,83%)",639095600,17790.2,68568058,2053549410000,1585.32,1597.08,1578.42
VNINDEX,10/11/2025,1580.54,1580.54,"-18,56 (-1,16%)",692129400,18909.6,77622560,2474348910000,1598.02,1609.49,1580.54
VNINDEX,07/11/2025,1599.1,1599.1,"-43,54 (-2,65%)",860731800,23855.18,28677600,852799850000,1636.24,1638.59,1595.34
VNINDEX,06/11/2025,1642.64,1642.64,"-12,25 (-0,74%)",583491600,16994.43,33829217,954772770000,1656.67,1658.69,1638.12
VNINDEX,05/11/2025,1654.89,1654.89,"+2,91 (+0,18%)",649384200,18546.58,47513114,1710382530000,1647.46,1659.58,1640.51
VNINDEX,04/11/2025,1651.98,1651.98,"+34,98 (+2,16%)",1180329200,31323.12,67387680,3015178910000,1618.02,1658.93,1600.56
VNINDEX,03/11/2025,1617.0,1617.0,"-22,65 (-1,38%)",1009678000,27823.55,47259525,1735424780000,1644.56,1652.48,1617.0
VNINDEX,31/12/2025,1784.49,1784.49,"+17,59 (+1,00%)",632946700,18696.09,111903131,3734160830000,1760.81,1787.75,1760.14
VNINDEX,30/12/2025,1766.9,1766.9,"+12,06 (+0,69%)",589950000,17864.84,85425089,2925936470000,1758.45,1766.9,1740.07
VNINDEX,29/12/2025,1754.84,1754.84,"+25,04 (+1,45%)",546638100,16629.43,168601382,5602122980000,1733.39,1754.84,1731.63
VNINDEX,26/12/2025,1729.8,1729.8,"-13,05 (-0,75%)",985831700,27631.11,161548827,5191500690000,1706.39,1730.99,1687.14
VNINDEX,25/12/2025,1742.85,1742.85,"-39,97 (-2,24%)",684899200,20600.74,199152535,6173310070000,1779.19,1805.93,1742.69
VNINDEX,24/12/2025,1782.82,1782.82,"+10,67 (+0,60%)",738855300,21090.67,123742939,4316211540000,1782.71,1784.98,1753.65
VNINDEX,23/12/2025,1772.15,1772.15,"+21,12 (+1,21%)",792463000,22690.28,130364212,3668750760000,1765.0,1778.18,1763.52
VNINDEX,22/12/2025,1751.03,1751.03,"+46,72 (+2,74%)",807915900,21225.15,224639591,9529344750000,1719.86,1751.16,1712.48
VNINDEX,19/12/2025,1704.31,1704.31,"+27,33 (+1,63%)",687722000,20978.11,118417630,3228819060000,1678.72,1705.76,1677.67
VNINDEX,18/12/2025,1676.98,1676.98,"+3,32 (+0,20%)",519948200,13504.62,187534807,5125447010000,1675.54,1676.98,1665.21
VNINDEX,17/12/2025,1673.66,1673.66,"-5,52 (-0,33%)",526603300,14427.98,116701979,5145598750000,1680.18,1683.95,1671.07
VNINDEX,16/12/2025,1679.18,1679.18,"+33,17 (+2,02%)",807074600,22542.4,82157400,2771120810000,1647.42,1689.07,1629.37
VNINDEX,15/12/2025,1646.01,1646.01,"-0,88 (-0,05%)",644591600,15941.16,85975100,2897152320000,1645.87,1665.65,1635.86
VNINDEX,12/12/2025,1646.89,1646.89,"-52,01 (-3,06%)",884513100,22239.86,89054807,2586361880000,1702.72,1702.73,1642.57
VNINDEX,11/12/2025,1698.9,1698.9,"-20,08 (-1,17%)",547495800,13943.93,95384053,2585227870000,1710.28,1718.84,1693.72
VNINDEX,10/12/2025,1718.98,1718.98,"-28,19 (-1,61%)",551957500,15252.98,130604543,4743187160000,1748.82,1748.82,1714.44
VNINDEX,09/12/2025,1747.17,1747.17,"-6,57 (-0,37%)",954738700,25979.48,78481173,3626587220000,1772.03,1772.03,1724.66
VNINDEX,08/12/2025,1753.74,1753.74,"+12,42 (+0,71%)",649839400,17326.14,131569270,4276966920000,1757.42,1758.41,1746.03
VNINDEX,05/12/2025,1741.32,1741.32,"+4,08 (+0,23%)",674137400,19222.82,28748191,930369810000,1748.17,1758.44,1728.14
VNINDEX,04/12/2025,1737.24,1737.24,"+5,47 (+0,32%)",828719700,22776.19,132234453,3917420120000,1735.41,1741.71,1725.23
VNINDEX,03/12/2025,1731.77,1731.77,"+14,71 (+0,86%)",776115100,22626.01,102184732,6078969750000,1725.9,1741.65,1714.9
VNINDEX,02/12/2025,1717.06,1717.06,"+15,39 (+0,90%)",707601200,20178.62,32665811,2282059540000,1704.84,1719.03,1690.36
VNINDEX,01/12/2025,1701.67,1701.67,"+10,68 (+0,63%)",569465700,16269.58,113663681,4867794950000,1698.98,1713.77,1697.38
